Linux 6.8.0-124-generic (cassandra-waf-rig) 	07/08/2026 	_x86_64_	(12 CPU)

11:17:36 PM   UID       PID   cswch/s nvcswch/s  Command
11:17:37 PM     0         1      0.99      0.00  systemd
11:17:37 PM     0        17    219.80      0.00  rcu_preempt
11:17:37 PM     0        30      7.92      0.00  ksoftirqd/2
11:17:37 PM     0        42      0.99      0.00  ksoftirqd/4
11:17:37 PM     0        84      0.99      0.00  ksoftirqd/11
11:17:37 PM     0        95      1.98      0.00  kcompactd0
11:17:37 PM     0       189      0.99      0.00  kworker/4:1H-kblockd
11:17:37 PM     0       453      0.99      0.00  multipathd
11:17:37 PM     0       463      0.99      0.00  systemd-udevd
11:17:37 PM   104       622      0.99      0.00  systemd-timesyn
11:17:37 PM     0    230433      0.99      0.00  kworker/0:1-mm_percpu_wq
11:17:37 PM     0    230483      0.99      0.00  kworker/5:0-mm_percpu_wq
11:17:37 PM     0    230559      2.97      0.00  kworker/11:1-mm_percpu_wq
11:17:37 PM     0    238283      3.96      0.00  kworker/2:1-events
11:17:37 PM     0    239073      1.98      0.00  kworker/4:2-mm_percpu_wq
11:17:37 PM     0    240331      1.98      0.00  kworker/9:2-mm_percpu_wq
11:17:37 PM     0    241714      1.98      0.00  kworker/3:1-mm_percpu_wq
11:17:37 PM     0    242833      0.99      0.00  kworker/7:1-mm_percpu_wq
11:17:37 PM     0    250641      1.98      0.00  kworker/u24:3-ext4-rsv-conversion
11:17:37 PM     0    255927      0.99      0.00  kworker/u24:0-events_power_efficient
11:17:37 PM     0    266979      1.98      0.00  kworker/1:0-events
11:17:37 PM     0    267327      2.97      0.00  kworker/10:1-mm_percpu_wq
11:17:37 PM     0    269223      0.99      0.00  iostat
11:17:37 PM     0    269224      0.99      0.00  pidstat
11:17:37 PM     0    269225      3.96      0.00  bash
11:17:37 PM     0    269226      3.96      0.00  bash
11:17:37 PM     0    269227      3.96      0.00  bash
11:17:37 PM     0    269229     17.82      0.00  java
11:17:37 PM     0    269262      0.99      0.00  sleep
11:17:37 PM     0    269263      0.99      0.00  sleep
11:17:37 PM     0    269277      3.96      0.00  java
11:17:37 PM     0    269297      0.99      0.00  sleep

11:17:37 PM   UID       PID   cswch/s nvcswch/s  Command
11:17:38 PM     0         1      1.00      0.00  systemd
11:17:38 PM     0        16      1.00      0.00  ksoftirqd/0
11:17:38 PM     0        17    171.00      0.00  rcu_preempt
11:17:38 PM     0        18      1.00      0.00  migration/0
11:17:38 PM     0        23      1.00      0.00  migration/1
11:17:38 PM     0        24      2.00      0.00  ksoftirqd/1
11:17:38 PM     0        29      1.00      0.00  migration/2
11:17:38 PM     0        30     10.00      0.00  ksoftirqd/2
11:17:38 PM     0        35      1.00      0.00  migration/3
11:17:38 PM     0        36      1.00      0.00  ksoftirqd/3
11:17:38 PM     0        41      1.00      0.00  migration/4
11:17:38 PM     0        47      1.00      0.00  migration/5
11:17:38 PM     0        53      1.00      0.00  migration/6
11:17:38 PM     0        54      3.00      0.00  ksoftirqd/6
11:17:38 PM     0        59      1.00      0.00  migration/7
11:17:38 PM     0        65      1.00      0.00  migration/8
11:17:38 PM     0        71      1.00      0.00  migration/9
11:17:38 PM     0        77      1.00      0.00  migration/10
11:17:38 PM     0        83      1.00      0.00  migration/11
11:17:38 PM     0        95      2.00      0.00  kcompactd0
11:17:38 PM     0       453      1.00      0.00  multipathd
11:17:38 PM   101       608      2.00      0.00  systemd-network
11:17:38 PM     0    230433      1.00      0.00  kworker/0:1-events
11:17:38 PM     0    230483      1.00      0.00  kworker/5:0-mm_percpu_wq
11:17:38 PM     0    230559      3.00      0.00  kworker/11:1-mm_percpu_wq
11:17:38 PM     0    238283      6.00      0.00  kworker/2:1-events
11:17:38 PM     0    239073      1.00      0.00  kworker/4:2-mm_percpu_wq
11:17:38 PM     0    240331      2.00      0.00  kworker/9:2-mm_percpu_wq
11:17:38 PM     0    241714      1.00      0.00  kworker/3:1-mm_percpu_wq
11:17:38 PM     0    242833      3.00      0.00  kworker/7:1-mm_percpu_wq
11:17:38 PM     0    250641      7.00      0.00  kworker/u24:3-writeback
11:17:38 PM     0    266197      1.00      0.00  kworker/6:2-mm_percpu_wq
11:17:38 PM     0    266979      5.00      0.00  kworker/1:0-mm_percpu_wq
11:17:38 PM     0    269223      1.00      0.00  iostat
11:17:38 PM     0    269224      1.00      0.00  pidstat
11:17:38 PM     0    269225      5.00      0.00  bash
11:17:38 PM     0    269226      7.00      0.00  bash
11:17:38 PM     0    269227      4.00      0.00  bash
11:17:38 PM     0    269310      1.00      0.00  sleep
11:17:38 PM     0    269311      1.00      0.00  sleep
11:17:38 PM     0    269348      2.00      2.00  java

11:17:38 PM   UID       PID   cswch/s nvcswch/s  Command
11:17:39 PM     0        17    207.00      0.00  rcu_preempt
11:17:39 PM     0        24      1.00      0.00  ksoftirqd/1
11:17:39 PM     0        30      6.00      0.00  ksoftirqd/2
11:17:39 PM     0        42      1.00      0.00  ksoftirqd/4
11:17:39 PM     0        54      2.00      0.00  ksoftirqd/6
11:17:39 PM     0        95      2.00      0.00  kcompactd0
11:17:39 PM     0       194      1.00      0.00  kworker/8:1H-kblockd
11:17:39 PM     0       359      6.00      0.00  jbd2/nvme1n1p2-8
11:17:39 PM     0       415      1.00      0.00  systemd-journal
11:17:39 PM     0       453      1.00      0.00  multipathd
11:17:39 PM     0       562      3.00      0.00  jbd2/nvme1n1p3-8
11:17:39 PM     0    230364      3.00      0.00  kworker/u24:4-events_power_efficient
11:17:39 PM     0    230433      2.00      0.00  kworker/0:1-mm_percpu_wq
11:17:39 PM     0    230483      2.00      0.00  kworker/5:0-mm_percpu_wq
11:17:39 PM     0    230559      2.00      0.00  kworker/11:1-mm_percpu_wq
11:17:39 PM     0    238283      7.00      0.00  kworker/2:1-events
11:17:39 PM     0    239073      3.00      0.00  kworker/4:2-events
11:17:39 PM     0    240331      2.00      0.00  kworker/9:2-mm_percpu_wq
11:17:39 PM     0    241714      2.00      0.00  kworker/3:1-mm_percpu_wq
11:17:39 PM     0    242833      4.00      0.00  kworker/7:1-mm_percpu_wq
11:17:39 PM     0    245320      3.00      0.00  kworker/u24:2-ext4-rsv-conversion
11:17:39 PM     0    250641     13.00      0.00  kworker/u24:3-writeback
11:17:39 PM     0    255927      8.00      0.00  kworker/u24:0-ext4-rsv-conversion
11:17:39 PM     0    266197      3.00      0.00  kworker/6:2-mm_percpu_wq
11:17:39 PM     0    266979      5.00      0.00  kworker/1:0-mm_percpu_wq
11:17:39 PM     0    267327      3.00      0.00  kworker/10:1-mm_percpu_wq
11:17:39 PM     0    268979      2.00      0.00  kworker/8:1-mm_percpu_wq
11:17:39 PM     0    269223      2.00      0.00  iostat
11:17:39 PM     0    269224      1.00      0.00  pidstat
11:17:39 PM     0    269225      5.00      0.00  bash
11:17:39 PM     0    269226      8.00      0.00  bash
11:17:39 PM     0    269227      1.00      0.00  bash
11:17:39 PM     0    269382      1.00      0.00  sleep
11:17:39 PM     0    269383      1.00      0.00  sleep

11:17:39 PM   UID       PID   cswch/s nvcswch/s  Command
11:17:40 PM     0        17     23.00      0.00  rcu_preempt
11:17:40 PM     0        24      3.00      0.00  ksoftirqd/1
11:17:40 PM     0        30      1.00      0.00  ksoftirqd/2
11:17:40 PM     0        35      1.00      0.00  migration/3
11:17:40 PM     0        72      1.00      0.00  ksoftirqd/9
11:17:40 PM     0        84      1.00      0.00  ksoftirqd/11
11:17:40 PM     0        95      2.00      0.00  kcompactd0
11:17:40 PM     0       415      2.00      0.00  systemd-journal
11:17:40 PM     0       453      1.00      0.00  multipathd
11:17:40 PM     0    230433      2.00      0.00  kworker/0:1-events
11:17:40 PM     0    230483      1.00      0.00  kworker/5:0-mm_percpu_wq
11:17:40 PM     0    230559      3.00      0.00  kworker/11:1-mm_percpu_wq
11:17:40 PM     0    238283      6.00      0.00  kworker/2:1-events
11:17:40 PM     0    239073      2.00      0.00  kworker/4:2-events
11:17:40 PM     0    240331      3.00      0.00  kworker/9:2-events
11:17:40 PM     0    241714      2.00      0.00  kworker/3:1-mm_percpu_wq
11:17:40 PM     0    242833      1.00      0.00  kworker/7:1-events
11:17:40 PM     0    255927      1.00      0.00  kworker/u24:0-edac-poller
11:17:40 PM     0    266197      3.00      0.00  kworker/6:2-xfs-reclaim/nvme0n1p2
11:17:40 PM     0    266979      6.00      0.00  kworker/1:0-mm_percpu_wq
11:17:40 PM     0    267327      1.00      0.00  kworker/10:1-mm_percpu_wq
11:17:40 PM     0    268979      1.00      0.00  kworker/8:1-events
11:17:40 PM     0    269223      1.00      0.00  iostat
11:17:40 PM     0    269224      2.00      0.00  pidstat
11:17:40 PM     0    269225      6.00      0.00  bash
11:17:40 PM     0    269226      9.00      0.00  bash
11:17:40 PM     0    269227      4.00      0.00  bash
11:17:40 PM     0    269394      2.00      0.00  sleep
11:17:40 PM     0    269405      1.00      0.00  sleep
11:17:40 PM     0    269406      1.00      0.00  sleep

11:17:40 PM   UID       PID   cswch/s nvcswch/s  Command
11:17:41 PM     0        16      2.00      0.00  ksoftirqd/0
11:17:41 PM     0        17     19.00      0.00  rcu_preempt
11:17:41 PM     0        24      1.00      0.00  ksoftirqd/1
11:17:41 PM     0        29      1.00      0.00  migration/2
11:17:41 PM     0        42      1.00      0.00  ksoftirqd/4
11:17:41 PM     0        95      2.00      0.00  kcompactd0
11:17:41 PM     0       453      1.00      0.00  multipathd
11:17:41 PM     0    230433      1.00      0.00  kworker/0:1-events
11:17:41 PM     0    230559      2.00      0.00  kworker/11:1-events
11:17:41 PM     0    238283      6.00      0.00  kworker/2:1-events
11:17:41 PM     0    240331      1.00      0.00  kworker/9:2-events
11:17:41 PM     0    241714      1.00      0.00  kworker/3:1-events
11:17:41 PM     0    242833      3.00      0.00  kworker/7:1-events
11:17:41 PM     0    255927      1.00      0.00  kworker/u24:0-edac-poller
11:17:41 PM     0    266979      4.00      0.00  kworker/1:0-events
11:17:41 PM     0    268979      1.00      0.00  kworker/8:1-events
11:17:41 PM     0    269223      1.00      0.00  iostat
11:17:41 PM     0    269224      1.00      0.00  pidstat
11:17:41 PM     0    269225      5.00      0.00  bash
11:17:41 PM     0    269226      8.00      0.00  bash
11:17:41 PM     0    269227      4.00      0.00  bash
11:17:41 PM     0    269409      1.00      0.00  sleep
11:17:41 PM     0    269419      1.00      0.00  sleep
11:17:41 PM     0    269421      1.00      0.00  sleep

11:17:41 PM   UID       PID   cswch/s nvcswch/s  Command
11:17:42 PM     0        16      1.00      0.00  ksoftirqd/0
11:17:42 PM     0        17     19.00      0.00  rcu_preempt
11:17:42 PM     0        18      1.00      0.00  migration/0
11:17:42 PM     0        23      1.00      0.00  migration/1
11:17:42 PM     0        24      1.00      0.00  ksoftirqd/1
11:17:42 PM     0        29      2.00      0.00  migration/2
11:17:42 PM     0        35      1.00      0.00  migration/3
11:17:42 PM     0        41      1.00      0.00  migration/4
11:17:42 PM     0        47      1.00      0.00  migration/5
11:17:42 PM     0        53      1.00      0.00  migration/6
11:17:42 PM     0        59      1.00      0.00  migration/7
11:17:42 PM     0        60      1.00      0.00  ksoftirqd/7
11:17:42 PM     0        65      1.00      0.00  migration/8
11:17:42 PM     0        71      1.00      0.00  migration/9
11:17:42 PM     0        77      1.00      0.00  migration/10
11:17:42 PM     0        83      1.00      0.00  migration/11
11:17:42 PM     0        84      1.00      0.00  ksoftirqd/11
11:17:42 PM     0        95      2.00      0.00  kcompactd0
11:17:42 PM     0       453      1.00      0.00  multipathd
11:17:42 PM     0    230433      4.00      0.00  kworker/0:1-mm_percpu_wq
11:17:42 PM     0    230483      1.00      0.00  kworker/5:0-mm_percpu_wq
11:17:42 PM     0    230559      3.00      0.00  kworker/11:1-mm_percpu_wq
11:17:42 PM     0    238283     11.00      0.00  kworker/2:1-events
11:17:42 PM     0    239073      2.00      0.00  kworker/4:2-mm_percpu_wq
11:17:42 PM     0    240331      3.00      0.00  kworker/9:2-events
11:17:42 PM     0    242833      1.00      0.00  kworker/7:1-events
11:17:42 PM     0    250641      2.00      0.00  kworker/u24:3-edac-poller
11:17:42 PM     0    255927      2.00      0.00  kworker/u24:0-events_power_efficient
11:17:42 PM     0    266197      1.00      0.00  kworker/6:2-mm_percpu_wq
11:17:42 PM     0    266979      4.00      0.00  kworker/1:0-events
11:17:42 PM     0    267327      2.00      0.00  kworker/10:1-mm_percpu_wq
11:17:42 PM     0    268979      2.00      0.00  kworker/8:1-events
11:17:42 PM     0    269223      1.00      0.00  iostat
11:17:42 PM     0    269224      1.00      0.00  pidstat
11:17:42 PM     0    269225      5.00      0.00  bash
11:17:42 PM     0    269226      7.00      0.00  bash
11:17:42 PM     0    269227      4.00      0.00  bash
11:17:42 PM     0    269424      1.00      0.00  sleep
11:17:42 PM     0    269435      1.00      0.00  sleep
11:17:42 PM     0    269436      1.00      0.00  sleep

11:17:42 PM   UID       PID   cswch/s nvcswch/s  Command
11:17:43 PM     0        16      2.00      0.00  ksoftirqd/0
11:17:43 PM     0        17     18.00      0.00  rcu_preempt
11:17:43 PM     0        30      1.00      0.00  ksoftirqd/2
11:17:43 PM     0        83      1.00      0.00  migration/11
11:17:43 PM     0        95      2.00      0.00  kcompactd0
11:17:43 PM     0       188      1.00      0.00  kworker/2:1H-kblockd
11:17:43 PM     0       453      1.00      0.00  multipathd
11:17:43 PM     0     21554      1.00      0.00  packagekitd
11:17:43 PM     0    230433      2.00      0.00  kworker/0:1-events
11:17:43 PM     0    230559      2.00      0.00  kworker/11:1-events
11:17:43 PM     0    238283      6.00      0.00  kworker/2:1-events
11:17:43 PM     0    240331      1.00      0.00  kworker/9:2-events
11:17:43 PM     0    241714      3.00      0.00  kworker/3:1-events
11:17:43 PM     0    242833      3.00      0.00  kworker/7:1-events
11:17:43 PM     0    250641      1.00      0.00  kworker/u24:3-edac-poller
11:17:43 PM     0    266979      1.00      0.00  kworker/1:0-mm_percpu_wq
11:17:43 PM     0    269223      1.00      0.00  iostat
11:17:43 PM     0    269224      1.00      0.00  pidstat
11:17:43 PM     0    269225      5.00      0.00  bash
11:17:43 PM     0    269226      8.00      0.00  bash
11:17:43 PM     0    269227      4.00      0.00  bash
11:17:43 PM     0    269439      1.00      0.00  sleep
11:17:43 PM     0    269450      1.00      0.00  sleep
11:17:43 PM     0    269451      1.00      0.00  sleep

11:17:43 PM   UID       PID   cswch/s nvcswch/s  Command
11:17:44 PM     0        16      2.00      0.00  ksoftirqd/0
11:17:44 PM     0        17     19.00      0.00  rcu_preempt
11:17:44 PM     0        36      1.00      0.00  ksoftirqd/3
11:17:44 PM     0        48      1.00      0.00  ksoftirqd/5
11:17:44 PM     0        60      1.00      0.00  ksoftirqd/7
11:17:44 PM     0        72      1.00      0.00  ksoftirqd/9
11:17:44 PM     0        95      2.00      0.00  kcompactd0
11:17:44 PM     0       113      2.00      0.00  kworker/5:1H-kblockd
11:17:44 PM     0       193      3.00      0.00  kworker/9:1H-kblockd
11:17:44 PM     0       359      3.00      0.00  jbd2/nvme1n1p2-8
11:17:44 PM     0       453      1.00      0.00  multipathd
11:17:44 PM     0       562      4.00      0.00  jbd2/nvme1n1p3-8
11:17:44 PM     0    230364      1.00      0.00  kworker/u24:4-flush-259:1
11:17:44 PM     0    230433      4.00      0.00  kworker/0:1-events
11:17:44 PM     0    230483      2.00      0.00  kworker/5:0-mm_percpu_wq
11:17:44 PM     0    230559      2.00      0.00  kworker/11:1-mm_percpu_wq
11:17:44 PM     0    238283      9.00      0.00  kworker/2:1-events
11:17:44 PM     0    239073      2.00      0.00  kworker/4:2-mm_percpu_wq
11:17:44 PM     0    240331      2.00      0.00  kworker/9:2-events
11:17:44 PM     0    241714      4.00      0.00  kworker/3:1-mm_percpu_wq
11:17:44 PM     0    242833      2.00      0.00  kworker/7:1-events
11:17:44 PM     0    245320      1.00      0.00  kworker/u24:2-ext4-rsv-conversion
11:17:44 PM     0    250641      8.00      0.00  kworker/u24:3-ext4-rsv-conversion
11:17:44 PM     0    255927      5.00      0.00  kworker/u24:0-flush-259:1
11:17:44 PM     0    266197      2.00      0.00  kworker/6:2-events
11:17:44 PM     0    266979      4.00      0.00  kworker/1:0-mm_percpu_wq
11:17:44 PM     0    267327      2.00      0.00  kworker/10:1-mm_percpu_wq
11:17:44 PM     0    268979      2.00      0.00  kworker/8:1-events
11:17:44 PM     0    269223      1.00      0.00  iostat
11:17:44 PM     0    269224      1.00      1.00  pidstat
11:17:44 PM     0    269225      5.00      0.00  bash
11:17:44 PM     0    269226      6.00      0.00  bash
11:17:44 PM     0    269227      4.00      0.00  bash
11:17:44 PM     0    269454      1.00      0.00  sleep
11:17:44 PM     0    269464      1.00      0.00  sleep
11:17:44 PM     0    269466      1.00      0.00  sleep

11:17:44 PM   UID       PID   cswch/s nvcswch/s  Command
11:17:45 PM     0        16      1.00      0.00  ksoftirqd/0
11:17:45 PM     0        17     19.00      0.00  rcu_preempt
11:17:45 PM     0        24      2.00      0.00  ksoftirqd/1
11:17:45 PM     0        42      1.00      0.00  ksoftirqd/4
11:17:45 PM     0        54      2.00      0.00  ksoftirqd/6
11:17:45 PM     0        95      2.00      0.00  kcompactd0
11:17:45 PM     0       188      1.00      0.00  kworker/2:1H-kblockd
11:17:45 PM     0       453      1.00      0.00  multipathd
11:17:45 PM     0    230433      2.00      0.00  kworker/0:1-events
11:17:45 PM     0    238283     11.00      0.00  kworker/2:1-events
11:17:45 PM     0    239073      1.00      0.00  kworker/4:2-events
11:17:45 PM     0    240331      1.00      0.00  kworker/9:2-events
11:17:45 PM     0    241714      1.00      0.00  kworker/3:1-events
11:17:45 PM     0    250641      1.00      0.00  kworker/u24:3-writeback
11:17:45 PM     0    255927      2.00      0.00  kworker/u24:0-edac-poller
11:17:45 PM     0    266197      2.00      0.00  kworker/6:2-mm_percpu_wq
11:17:45 PM     0    266979      4.00      0.00  kworker/1:0-events
11:17:45 PM     0    268979      1.00      0.00  kworker/8:1-events
11:17:45 PM     0    269223      1.00      0.00  iostat
11:17:45 PM     0    269224      1.00      0.00  pidstat
11:17:45 PM     0    269225      5.00      0.00  bash
11:17:45 PM     0    269226      7.00      0.00  bash
11:17:45 PM     0    269227      4.00      0.00  bash
11:17:45 PM     0    269469      1.00      0.00  sleep
11:17:45 PM     0    269480      1.00      0.00  sleep
11:17:45 PM     0    269481      1.00      0.00  sleep

11:17:45 PM   UID       PID   cswch/s nvcswch/s  Command
11:17:46 PM     0        17     21.00      0.00  rcu_preempt
11:17:46 PM     0        18      1.00      0.00  migration/0
11:17:46 PM     0        23      1.00      0.00  migration/1
11:17:46 PM     0        24      1.00      0.00  ksoftirqd/1
11:17:46 PM     0        29      2.00      0.00  migration/2
11:17:46 PM     0        35      1.00      0.00  migration/3
11:17:46 PM     0        41      1.00      0.00  migration/4
11:17:46 PM     0        42      1.00      0.00  ksoftirqd/4
11:17:46 PM     0        47      1.00      0.00  migration/5
11:17:46 PM     0        53      1.00      0.00  migration/6
11:17:46 PM     0        54      1.00      0.00  ksoftirqd/6
11:17:46 PM     0        59      1.00      0.00  migration/7
11:17:46 PM     0        65      1.00      0.00  migration/8
11:17:46 PM     0        71      1.00      0.00  migration/9
11:17:46 PM     0        77      1.00      0.00  migration/10
11:17:46 PM     0        83      1.00      0.00  migration/11
11:17:46 PM     0        95      2.00      0.00  kcompactd0
11:17:46 PM     0       453      1.00      0.00  multipathd
11:17:46 PM     0    230433      1.00      0.00  kworker/0:1-mm_percpu_wq
11:17:46 PM     0    230559      1.00      0.00  kworker/11:1-events
11:17:46 PM     0    238283     11.00      0.00  kworker/2:1-events
11:17:46 PM     0    239073      1.00      0.00  kworker/4:2-mm_percpu_wq
11:17:46 PM     0    240331      1.00      0.00  kworker/9:2-mm_percpu_wq
11:17:46 PM     0    241714      2.00      0.00  kworker/3:1-mm_percpu_wq
11:17:46 PM     0    242833      2.00      0.00  kworker/7:1-events
11:17:46 PM     0    255927      1.00      0.00  kworker/u24:0-edac-poller
11:17:46 PM     0    266197      1.00      0.00  kworker/6:2-events
11:17:46 PM     0    266979      5.00      0.00  kworker/1:0-mm_percpu_wq
11:17:46 PM     0    267327      1.00      0.00  kworker/10:1-mm_percpu_wq
11:17:46 PM     0    268979      2.00      0.00  kworker/8:1-events
11:17:46 PM     0    269223      1.00      0.00  iostat
11:17:46 PM     0    269224      1.00      0.00  pidstat
11:17:46 PM     0    269225      5.00      0.00  bash
11:17:46 PM     0    269226      7.00      0.00  bash
11:17:46 PM     0    269227      4.00      0.00  bash
11:17:46 PM     0    269484      1.00      0.00  sleep
11:17:46 PM     0    269495      1.00      0.00  sleep
11:17:46 PM     0    269496      1.00      0.00  sleep

11:17:46 PM   UID       PID   cswch/s nvcswch/s  Command
11:17:47 PM     0        17     20.00      0.00  rcu_preempt
11:17:47 PM     0        23      1.00      0.00  migration/1
11:17:47 PM     0        24      1.00      0.00  ksoftirqd/1
11:17:47 PM     0        29      1.00      0.00  migration/2
11:17:47 PM     0        42      1.00      0.00  ksoftirqd/4
11:17:47 PM     0        48      1.00      0.00  ksoftirqd/5
11:17:47 PM     0        60      1.00      0.00  ksoftirqd/7
11:17:47 PM     0        72      1.00      0.00  ksoftirqd/9
11:17:47 PM     0        95      2.00      0.00  kcompactd0
11:17:47 PM     0       453      1.00      0.00  multipathd
11:17:47 PM     0    230433      1.00      0.00  kworker/0:1-events
11:17:47 PM     0    230483      2.00      0.00  kworker/5:0-events
11:17:47 PM     0    230559      1.00      0.00  kworker/11:1-mm_percpu_wq
11:17:47 PM     0    238283      5.00      0.00  kworker/2:1-events
11:17:47 PM     0    239073      1.00      0.00  kworker/4:2-mm_percpu_wq
11:17:47 PM     0    240331      2.00      0.00  kworker/9:2-events
11:17:47 PM     0    241714      1.00      0.00  kworker/3:1-events
11:17:47 PM     0    242833      1.00      0.00  kworker/7:1-events
11:17:47 PM     0    250641      1.00      0.00  kworker/u24:3-writeback
11:17:47 PM     0    255927      2.00      0.00  kworker/u24:0-events_power_efficient
11:17:47 PM     0    266197      1.00      0.00  kworker/6:2-mm_percpu_wq
11:17:47 PM     0    266979      2.00      0.00  kworker/1:0-events
11:17:47 PM     0    268979      1.00      0.00  kworker/8:1-events
11:17:47 PM     0    269223      1.00      0.00  iostat
11:17:47 PM     0    269224      1.00      0.00  pidstat
11:17:47 PM     0    269225      5.00      0.00  bash
11:17:47 PM     0    269226      7.00      0.00  bash
11:17:47 PM     0    269227      4.00      0.00  bash
11:17:47 PM     0    269499      1.00      0.00  sleep
11:17:47 PM     0    269510      1.00      1.00  sleep
11:17:47 PM     0    269511      1.00      0.00  sleep

11:17:47 PM   UID       PID   cswch/s nvcswch/s  Command
11:17:48 PM     0        17     16.00      0.00  rcu_preempt
11:17:48 PM     0        24      2.00      0.00  ksoftirqd/1
11:17:48 PM     0        29      1.00      0.00  migration/2
11:17:48 PM     0        42      1.00      0.00  ksoftirqd/4
11:17:48 PM     0        84      1.00      0.00  ksoftirqd/11
11:17:48 PM     0        95      2.00      0.00  kcompactd0
11:17:48 PM     0       453      1.00      0.00  multipathd
11:17:48 PM     0    230433      3.00      0.00  kworker/0:1-events
11:17:48 PM     0    230483      1.00      0.00  kworker/5:0-events
11:17:48 PM     0    230559      3.00      0.00  kworker/11:1-mm_percpu_wq
11:17:48 PM     0    238283      9.00      0.00  kworker/2:1-events
11:17:48 PM     0    239073      3.00      0.00  kworker/4:2-mm_percpu_wq
11:17:48 PM     0    240331      1.00      0.00  kworker/9:2-mm_percpu_wq
11:17:48 PM     0    241714      1.00      0.00  kworker/3:1-mm_percpu_wq
11:17:48 PM     0    242833      2.00      0.00  kworker/7:1-events
11:17:48 PM     0    250641      1.00      0.00  kworker/u24:3-edac-poller
11:17:48 PM     0    266979      5.00      0.00  kworker/1:0-events
11:17:48 PM     0    268979      2.00      0.00  kworker/8:1-events
11:17:48 PM     0    269223      1.00      0.00  iostat
11:17:48 PM     0    269224      1.00      0.00  pidstat
11:17:48 PM     0    269225      5.00      0.00  bash
11:17:48 PM     0    269226      7.00      0.00  bash
11:17:48 PM     0    269227      4.00      0.00  bash
11:17:48 PM     0    269514      1.00      0.00  sleep
11:17:48 PM     0    269524      1.00      0.00  sleep
11:17:48 PM     0    269526      1.00      0.00  sleep

11:17:48 PM   UID       PID   cswch/s nvcswch/s  Command
11:17:49 PM     0        17     22.00      0.00  rcu_preempt
11:17:49 PM     0        18      1.00      0.00  migration/0
11:17:49 PM     0        29      1.00      0.00  migration/2
11:17:49 PM     0        42      1.00      0.00  ksoftirqd/4
11:17:49 PM     0        48      1.00      0.00  ksoftirqd/5
11:17:49 PM     0        60      2.00      0.00  ksoftirqd/7
11:17:49 PM     0        84      1.00      0.00  ksoftirqd/11
11:17:49 PM     0        95      2.00      0.00  kcompactd0
11:17:49 PM     0       453      1.00      0.00  multipathd
11:17:49 PM     0       562      3.00      0.00  jbd2/nvme1n1p3-8
11:17:49 PM     0    230433      1.00      0.00  kworker/0:1-events
11:17:49 PM     0    230483      3.00      0.00  kworker/5:0-events
11:17:49 PM     0    230559      1.00      0.00  kworker/11:1-events
11:17:49 PM     0    238283     10.00      0.00  kworker/2:1-events
11:17:49 PM     0    239073      1.00      0.00  kworker/4:2-events
11:17:49 PM     0    241714      1.00      0.00  kworker/3:1-events
11:17:49 PM     0    242833      1.00      0.00  kworker/7:1-events
11:17:49 PM     0    250641      2.00      0.00  kworker/u24:3-edac-poller
11:17:49 PM     0    266197      1.00      0.00  kworker/6:2-mm_percpu_wq
11:17:49 PM     0    266979      1.00      0.00  kworker/1:0-mm_percpu_wq
11:17:49 PM     0    268979      1.00      0.00  kworker/8:1-events
11:17:49 PM     0    269223      1.00      0.00  iostat
11:17:49 PM     0    269224      1.00      0.00  pidstat
11:17:49 PM     0    269225      5.00      0.00  bash
11:17:49 PM     0    269226      6.00      0.00  bash
11:17:49 PM     0    269227      4.00      0.00  bash
11:17:49 PM     0    269529      1.00      0.00  sleep
11:17:49 PM     0    269539      1.00      0.00  sleep
11:17:49 PM     0    269541      1.00      0.00  sleep

11:17:49 PM   UID       PID   cswch/s nvcswch/s  Command
11:17:50 PM     0        17     21.00      0.00  rcu_preempt
11:17:50 PM     0        18      1.00      0.00  migration/0
11:17:50 PM     0        23      1.00      0.00  migration/1
11:17:50 PM     0        24      1.00      0.00  ksoftirqd/1
11:17:50 PM     0        29      1.00      0.00  migration/2
11:17:50 PM     0        35      1.00      0.00  migration/3
11:17:50 PM     0        41      1.00      0.00  migration/4
11:17:50 PM     0        47      2.00      0.00  migration/5
11:17:50 PM     0        48      2.00      0.00  ksoftirqd/5
11:17:50 PM     0        53      1.00      0.00  migration/6
11:17:50 PM     0        59      1.00      0.00  migration/7
11:17:50 PM     0        60      1.00      0.00  ksoftirqd/7
11:17:50 PM     0        65      1.00      0.00  migration/8
11:17:50 PM     0        71      1.00      0.00  migration/9
11:17:50 PM     0        72      1.00      0.00  ksoftirqd/9
11:17:50 PM     0        77      1.00      0.00  migration/10
11:17:50 PM     0        83      1.00      0.00  migration/11
11:17:50 PM     0        95      2.00      0.00  kcompactd0
11:17:50 PM     0       113      3.00      0.00  kworker/5:1H-kblockd
11:17:50 PM     0       359      3.00      0.00  jbd2/nvme1n1p2-8
11:17:50 PM     0       453      1.00      0.00  multipathd
11:17:50 PM     0    230433      2.00      0.00  kworker/0:1-mm_percpu_wq
11:17:50 PM     0    230483      3.00      0.00  kworker/5:0-mm_percpu_wq
11:17:50 PM     0    230559      3.00      0.00  kworker/11:1-mm_percpu_wq
11:17:50 PM     0    238283     11.00      0.00  kworker/2:1-events
11:17:50 PM     0    239073      1.00      0.00  kworker/4:2-mm_percpu_wq
11:17:50 PM     0    241714      1.00      0.00  kworker/3:1-mm_percpu_wq
11:17:50 PM     0    242833      4.00      0.00  kworker/7:1-events
11:17:50 PM     0    250641      4.00      0.00  kworker/u24:3-ext4-rsv-conversion
11:17:50 PM     0    255927      4.00      0.00  kworker/u24:0-edac-poller
11:17:50 PM     0    266197      1.00      0.00  kworker/6:2-mm_percpu_wq
11:17:50 PM     0    266979      4.00      0.00  kworker/1:0-events
11:17:50 PM     0    267327      1.00      0.00  kworker/10:1-mm_percpu_wq
11:17:50 PM     0    268979      3.00      0.00  kworker/8:1-mm_percpu_wq
11:17:50 PM     0    269223      1.00      0.00  iostat
11:17:50 PM     0    269224      1.00      0.00  pidstat
11:17:50 PM     0    269225      5.00      0.00  bash
11:17:50 PM     0    269226      8.00      0.00  bash
11:17:50 PM     0    269227      4.00      0.00  bash
11:17:50 PM     0    269544      1.00      0.00  sleep
11:17:50 PM     0    269554      1.00      1.00  sleep
11:17:50 PM     0    269556      1.00      0.00  sleep

11:17:50 PM   UID       PID   cswch/s nvcswch/s  Command
11:17:51 PM     0        16      1.00      0.00  ksoftirqd/0
11:17:51 PM     0        17     18.00      0.00  rcu_preempt
11:17:51 PM     0        24      1.00      0.00  ksoftirqd/1
11:17:51 PM     0        29      1.00      0.00  migration/2
11:17:51 PM     0        42      1.00      0.00  ksoftirqd/4
11:17:51 PM     0        60      2.00      0.00  ksoftirqd/7
11:17:51 PM     0        72      1.00      0.00  ksoftirqd/9
11:17:51 PM     0        95      2.00      0.00  kcompactd0
11:17:51 PM     0       102      1.00      0.00  irq/9-acpi
11:17:51 PM     0       113      1.00      0.00  kworker/5:1H-kblockd
11:17:51 PM     0       453      1.00      0.00  multipathd
11:17:51 PM     0    230433      2.00      0.00  kworker/0:1-kacpi_notify
11:17:51 PM     0    230456      1.00      0.00  kworker/8:2-i915-unordered
11:17:51 PM     0    230483      1.00      0.00  kworker/5:0-events
11:17:51 PM     0    238283      5.00      0.00  kworker/2:1-events
11:17:51 PM     0    240331      3.00      0.00  kworker/9:2-events
11:17:51 PM     0    241714      1.00      0.00  kworker/3:1-events
11:17:51 PM     0    242833      3.00      0.00  kworker/7:1-mm_percpu_wq
11:17:51 PM     0    255927      2.00      0.00  kworker/u24:0-edac-poller
11:17:51 PM     0    266979      2.00      0.00  kworker/1:0-events
11:17:51 PM     0    268979      8.00      0.00  kworker/8:1-pm
11:17:51 PM     0    269223      1.00      0.00  iostat
11:17:51 PM     0    269224      1.00      0.00  pidstat
11:17:51 PM     0    269225      5.00      0.00  bash
11:17:51 PM     0    269226      6.00      0.00  bash
11:17:51 PM     0    269227      4.00      0.00  bash
11:17:51 PM     0    269559      1.00      0.00  sleep
11:17:51 PM     0    269570      1.00      0.00  sleep
11:17:51 PM     0    269571      1.00      0.00  sleep

11:17:51 PM   UID       PID   cswch/s nvcswch/s  Command
11:17:52 PM     0        17     19.00      0.00  rcu_preempt
11:17:52 PM     0        29      1.00      0.00  migration/2
11:17:52 PM     0        54      1.00      0.00  ksoftirqd/6
11:17:52 PM     0        72      2.00      0.00  ksoftirqd/9
11:17:52 PM     0        84      1.00      0.00  ksoftirqd/11
11:17:52 PM     0        95      2.00      0.00  kcompactd0
11:17:52 PM     0       188      1.00      0.00  kworker/2:1H-kblockd
11:17:52 PM     0       453      1.00      0.00  multipathd
11:17:52 PM     0    230433      2.00      0.00  kworker/0:1-events
11:17:52 PM     0    230483      1.00      0.00  kworker/5:0-mm_percpu_wq
11:17:52 PM     0    230559      2.00      0.00  kworker/11:1-mm_percpu_wq
11:17:52 PM     0    238283      4.00      0.00  kworker/2:1-events
11:17:52 PM     0    239073      2.00      0.00  kworker/4:2-mm_percpu_wq
11:17:52 PM     0    240331      2.00      0.00  kworker/9:2-mm_percpu_wq
11:17:52 PM     0    241714      1.00      0.00  kworker/3:1-mm_percpu_wq
11:17:52 PM     0    242833      2.00      0.00  kworker/7:1-mm_percpu_wq
11:17:52 PM     0    255927      1.00      0.00  kworker/u24:0-edac-poller
11:17:52 PM     0    266197      1.00      0.00  kworker/6:2-mm_percpu_wq
11:17:52 PM     0    266979      3.00      0.00  kworker/1:0-events
11:17:52 PM     0    267327      1.00      0.00  kworker/10:1-events
11:17:52 PM     0    268979      1.00      0.00  kworker/8:1-events
11:17:52 PM     0    269223      1.00      0.00  iostat
11:17:52 PM     0    269224      1.00      0.00  pidstat
11:17:52 PM     0    269225      5.00      0.00  bash
11:17:52 PM     0    269226      7.00      0.00  bash
11:17:52 PM     0    269227      4.00      0.00  bash
11:17:52 PM     0    269574      1.00      0.00  sleep
11:17:52 PM     0    269585      1.00      0.00  sleep
11:17:52 PM     0    269586      1.00      0.00  sleep

11:17:52 PM   UID       PID   cswch/s nvcswch/s  Command
11:17:53 PM     0        17     24.00      0.00  rcu_preempt
11:17:53 PM     0        24      1.00      0.00  ksoftirqd/1
11:17:53 PM     0        60      1.00      0.00  ksoftirqd/7
11:17:53 PM     0        72      1.00      0.00  ksoftirqd/9
11:17:53 PM     0        84      1.00      0.00  ksoftirqd/11
11:17:53 PM     0        95      2.00      0.00  kcompactd0
11:17:53 PM     0       453      1.00      0.00  multipathd
11:17:53 PM     0     21554      1.00      0.00  packagekitd
11:17:53 PM     0    230433      1.00      0.00  kworker/0:1-events
11:17:53 PM     0    230559      1.00      0.00  kworker/11:1-events
11:17:53 PM     0    238283      5.00      0.00  kworker/2:1-events
11:17:53 PM     0    239073      1.00      0.00  kworker/4:2-events
11:17:53 PM     0    240331      3.00      0.00  kworker/9:2-events
11:17:53 PM     0    241714      1.00      0.00  kworker/3:1-events
11:17:53 PM     0    242833      3.00      0.00  kworker/7:1-events
11:17:53 PM     0    250641      3.00      0.00  kworker/u24:3-edac-poller
11:17:53 PM     0    255927      1.00      0.00  kworker/u24:0-events_power_efficient
11:17:53 PM     0    266979      2.00      0.00  kworker/1:0-events
11:17:53 PM     0    267327      2.00      0.00  kworker/10:1-events
11:17:53 PM     0    269223      1.00      0.00  iostat
11:17:53 PM     0    269224      1.00      0.00  pidstat
11:17:53 PM     0    269225      5.00      0.00  bash
11:17:53 PM     0    269226      6.00      0.00  bash
11:17:53 PM     0    269227      4.00      0.00  bash
11:17:53 PM     0    269589      1.00      0.00  sleep
11:17:53 PM     0    269600      1.00      0.00  sleep
11:17:53 PM     0    269601      1.00      0.00  sleep

11:17:53 PM   UID       PID   cswch/s nvcswch/s  Command
11:17:54 PM     0        16      1.00      0.00  ksoftirqd/0
11:17:54 PM     0        17     16.00      0.00  rcu_preempt
11:17:54 PM     0        18      1.00      0.00  migration/0
11:17:54 PM     0        23      1.00      0.00  migration/1
11:17:54 PM     0        24      2.00      0.00  ksoftirqd/1
11:17:54 PM     0        29      1.00      0.00  migration/2
11:17:54 PM     0        35      1.00      0.00  migration/3
11:17:54 PM     0        41      1.00      0.00  migration/4
11:17:54 PM     0        42      1.00      0.00  ksoftirqd/4
11:17:54 PM     0        47      1.00      0.00  migration/5
11:17:54 PM     0        53      1.00      0.00  migration/6
11:17:54 PM     0        59      1.00      0.00  migration/7
11:17:54 PM     0        65      1.00      0.00  migration/8
11:17:54 PM     0        71      1.00      0.00  migration/9
11:17:54 PM     0        77      1.00      0.00  migration/10
11:17:54 PM     0        83      1.00      0.00  migration/11
11:17:54 PM     0        84      1.00      0.00  ksoftirqd/11
11:17:54 PM     0        95      2.00      0.00  kcompactd0
11:17:54 PM     0       453      1.00      0.00  multipathd
11:17:54 PM     0       562      3.00      0.00  jbd2/nvme1n1p3-8
11:17:54 PM     0    230433      4.00      0.00  kworker/0:1-mm_percpu_wq
11:17:54 PM     0    230483      1.00      0.00  kworker/5:0-mm_percpu_wq
11:17:54 PM     0    230559      2.00      0.00  kworker/11:1-events
11:17:54 PM     0    238283      2.00      0.00  kworker/2:1-mm_percpu_wq
11:17:54 PM     0    239073      1.00      0.00  kworker/4:2-mm_percpu_wq
11:17:54 PM     0    240331      2.00      0.00  kworker/9:2-mm_percpu_wq
11:17:54 PM     0    241714      1.00      0.00  kworker/3:1-mm_percpu_wq
11:17:54 PM     0    250641      1.00      0.00  kworker/u24:3-edac-poller
11:17:54 PM     0    266197      2.00      0.00  kworker/6:2-events
11:17:54 PM     0    266979      4.00      0.00  kworker/1:0-events
11:17:54 PM     0    267327      1.00      0.00  kworker/10:1-events
11:17:54 PM     0    269223      1.00      0.00  iostat
11:17:54 PM     0    269224      1.00      0.00  pidstat
11:17:54 PM     0    269225      5.00      0.00  bash
11:17:54 PM     0    269226      8.00      0.00  bash
11:17:54 PM     0    269227      4.00      0.00  bash
11:17:54 PM     0    269604      1.00      0.00  sleep
11:17:54 PM     0    269615      1.00      0.00  sleep
11:17:54 PM     0    269616      1.00      0.00  sleep

11:17:54 PM   UID       PID   cswch/s nvcswch/s  Command
11:17:55 PM     0        16      1.00      0.00  ksoftirqd/0
11:17:55 PM     0        17     30.00      0.00  rcu_preempt
11:17:55 PM     0        36      1.00      0.00  ksoftirqd/3
11:17:55 PM     0        71      1.00      0.00  migration/9
11:17:55 PM     0        90      1.00      0.00  khungtaskd
11:17:55 PM     0        95      2.00      0.00  kcompactd0
11:17:55 PM     0       113      1.00      0.00  kworker/5:1H-kblockd
11:17:55 PM     0       359      3.00      0.00  jbd2/nvme1n1p2-8
11:17:55 PM     0       453      1.00      0.00  multipathd
11:17:55 PM     0    230433      2.00      0.00  kworker/0:1-events
11:17:55 PM     0    230559      1.00      0.00  kworker/11:1-mm_percpu_wq
11:17:55 PM     0    238283      5.00      0.00  kworker/2:1-events
11:17:55 PM     0    240331      2.00      0.00  kworker/9:2-events
11:17:55 PM     0    242833      2.00      0.00  kworker/7:1-events
11:17:55 PM     0    250641      4.00      0.00  kworker/u24:3-events_power_efficient
11:17:55 PM     0    255927      5.00      0.00  kworker/u24:0-edac-poller
11:17:55 PM     0    266197      1.00      0.00  kworker/6:2-events
11:17:55 PM     0    266979      3.00      0.00  kworker/1:0-events
11:17:55 PM     0    267327      2.00      0.00  kworker/10:1-events
11:17:55 PM     0    269223      1.00      0.00  iostat
11:17:55 PM     0    269224      1.00      0.00  pidstat
11:17:55 PM     0    269225      5.00      0.00  bash
11:17:55 PM     0    269226      8.00      0.00  bash
11:17:55 PM     0    269227      4.00      0.00  bash
11:17:55 PM     0    269619      1.00      0.00  sleep
11:17:55 PM     0    269630      1.00      1.00  sleep
11:17:55 PM     0    269631      1.00      0.00  sleep

11:17:55 PM   UID       PID   cswch/s nvcswch/s  Command
11:17:56 PM     0        17     22.00      0.00  rcu_preempt
11:17:56 PM     0        24      1.00      0.00  ksoftirqd/1
11:17:56 PM     0        36      1.00      0.00  ksoftirqd/3
11:17:56 PM     0        48      1.00      0.00  ksoftirqd/5
11:17:56 PM     0        60      1.00      0.00  ksoftirqd/7
11:17:56 PM     0        78      1.00      0.00  ksoftirqd/10
11:17:56 PM     0        95      2.00      0.00  kcompactd0
11:17:56 PM     0       453      1.00      0.00  multipathd
11:17:56 PM     0    230433      1.00      0.00  kworker/0:1-events
11:17:56 PM     0    230483      3.00      0.00  kworker/5:0-mm_percpu_wq
11:17:56 PM     0    238283      4.00      0.00  kworker/2:1-mm_percpu_wq
11:17:56 PM     0    239073      2.00      0.00  kworker/4:2-mm_percpu_wq
11:17:56 PM     0    241714      2.00      0.00  kworker/3:1-mm_percpu_wq
11:17:56 PM     0    242833      2.00      0.00  kworker/7:1-events
11:17:56 PM     0    255927      1.00      0.00  kworker/u24:0-edac-poller
11:17:56 PM     0    266197      2.00      0.00  kworker/6:2-events
11:17:56 PM     0    266979      3.00      0.00  kworker/1:0-mm_percpu_wq
11:17:56 PM     0    267327      3.00      0.00  kworker/10:1-mm_percpu_wq
11:17:56 PM     0    269223      1.00      0.00  iostat
11:17:56 PM     0    269224      1.00      0.00  pidstat
11:17:56 PM     0    269225      5.00      0.00  bash
11:17:56 PM     0    269226      7.00      0.00  bash
11:17:56 PM     0    269227      4.00      0.00  bash
11:17:56 PM     0    269634      1.00      0.00  sleep
11:17:56 PM     0    269645      1.00      0.00  sleep
11:17:56 PM     0    269646      1.00      0.00  sleep

11:17:56 PM   UID       PID   cswch/s nvcswch/s  Command
11:17:57 PM     0        17     19.00      0.00  rcu_preempt
11:17:57 PM     0        36      1.00      0.00  ksoftirqd/3
11:17:57 PM     0        48      1.00      0.00  ksoftirqd/5
11:17:57 PM     0        60      2.00      1.00  ksoftirqd/7
11:17:57 PM     0        95      2.00      0.00  kcompactd0
11:17:57 PM     0       453      1.00      0.00  multipathd
11:17:57 PM     0    230433      1.00      0.00  kworker/0:1-events
11:17:57 PM     0    230483      3.00      0.00  kworker/5:0-events
11:17:57 PM     0    230559      1.00      0.00  kworker/11:1-mm_percpu_wq
11:17:57 PM     0    238283      4.00      0.00  kworker/2:1-events
11:17:57 PM     0    242833      4.00      0.00  kworker/7:1-events
11:17:57 PM     0    255927      1.00      0.00  kworker/u24:0-events_unbound
11:17:57 PM     0    266197      1.00      0.00  kworker/6:2-events
11:17:57 PM     0    266979      2.00      0.00  kworker/1:0-events
11:17:57 PM     0    267327      1.00      0.00  kworker/10:1-events
11:17:57 PM     0    269223      1.00      0.00  iostat
11:17:57 PM     0    269224      1.00      0.00  pidstat
11:17:57 PM     0    269225      5.00      0.00  bash
11:17:57 PM     0    269226      8.00      0.00  bash
11:17:57 PM     0    269227      4.00      0.00  bash
11:17:57 PM     0    269649      1.00      0.00  sleep
11:17:57 PM     0    269660      1.00      0.00  sleep
11:17:57 PM     0    269661      1.00      0.00  sleep

11:17:57 PM   UID       PID   cswch/s nvcswch/s  Command
11:17:58 PM     0        17     21.00      0.00  rcu_preempt
11:17:58 PM     0        18      1.00      0.00  migration/0
11:17:58 PM     0        23      1.00      0.00  migration/1
11:17:58 PM     0        24      1.00      0.00  ksoftirqd/1
11:17:58 PM     0        29      1.00      0.00  migration/2
11:17:58 PM     0        35      1.00      0.00  migration/3
11:17:58 PM     0        36      1.00      0.00  ksoftirqd/3
11:17:58 PM     0        41      1.00      0.00  migration/4
11:17:58 PM     0        47      1.00      0.00  migration/5
11:17:58 PM     0        53      1.00      0.00  migration/6
11:17:58 PM     0        59      1.00      0.00  migration/7
11:17:58 PM     0        65      1.00      0.00  migration/8
11:17:58 PM     0        71      1.00      0.00  migration/9
11:17:58 PM     0        77      1.00      0.00  migration/10
11:17:58 PM     0        83      2.00      0.00  migration/11
11:17:58 PM     0        84      1.00      0.00  ksoftirqd/11
11:17:58 PM     0        95      2.00      0.00  kcompactd0
11:17:58 PM     0       188      1.00      0.00  kworker/2:1H-kblockd
11:17:58 PM     0       453      1.00      0.00  multipathd
11:17:58 PM   101       608      1.00      0.00  systemd-network
11:17:58 PM     0    230433      2.00      0.00  kworker/0:1-mm_percpu_wq
11:17:58 PM     0    230483      2.00      0.00  kworker/5:0-events
11:17:58 PM     0    230559      2.00      0.00  kworker/11:1-events
11:17:58 PM     0    238283      2.00      0.00  kworker/2:1-mm_percpu_wq
11:17:58 PM     0    239073      1.00      0.00  kworker/4:2-mm_percpu_wq
11:17:58 PM     0    240331      2.00      0.00  kworker/9:2-events
11:17:58 PM     0    241714      2.00      0.00  kworker/3:1-mm_percpu_wq
11:17:58 PM     0    242833      1.00      0.00  kworker/7:1-events
11:17:58 PM     0    250641      1.00      0.00  kworker/u24:3-events_power_efficient
11:17:58 PM     0    255927      2.00      0.00  kworker/u24:0-events_power_efficient
11:17:58 PM     0    266197      1.00      0.00  kworker/6:2-mm_percpu_wq
11:17:58 PM     0    266979      4.00      0.00  kworker/1:0-events
11:17:58 PM     0    269223      1.00      0.00  iostat
11:17:58 PM     0    269224      1.00      0.00  pidstat
11:17:58 PM     0    269225      5.00      0.00  bash
11:17:58 PM     0    269226      6.00      1.00  bash
11:17:58 PM     0    269227      4.00      0.00  bash
11:17:58 PM     0    269664      1.00      0.00  sleep
11:17:58 PM     0    269674      1.00      1.00  sleep
11:17:58 PM     0    269676      1.00      0.00  sleep

11:17:58 PM   UID       PID   cswch/s nvcswch/s  Command
11:17:59 PM     0        16      1.00      0.00  ksoftirqd/0
11:17:59 PM     0        17     19.00      0.00  rcu_preempt
11:17:59 PM     0        36      1.00      0.00  ksoftirqd/3
11:17:59 PM     0        47      1.00      0.00  migration/5
11:17:59 PM     0        54      1.00      0.00  ksoftirqd/6
11:17:59 PM     0        59      1.00      0.00  migration/7
11:17:59 PM     0        72      1.00      0.00  ksoftirqd/9
11:17:59 PM     0        84      1.00      0.00  ksoftirqd/11
11:17:59 PM     0        95      2.00      0.00  kcompactd0
11:17:59 PM     0       188      1.00      0.00  kworker/2:1H-kblockd
11:17:59 PM     0       453      1.00      0.00  multipathd
11:17:59 PM     0       562      3.00      0.00  jbd2/nvme1n1p3-8
11:17:59 PM     0    230433      1.00      0.00  kworker/0:1-events
11:17:59 PM     0    230483      1.00      0.00  kworker/5:0-mm_percpu_wq
11:17:59 PM     0    230559      3.00      0.00  kworker/11:1-events
11:17:59 PM     0    238283      3.00      0.00  kworker/2:1-events
11:17:59 PM     0    239073      1.00      0.00  kworker/4:2-events
11:17:59 PM     0    240331      2.00      0.00  kworker/9:2-events
11:17:59 PM     0    241714      2.00      0.00  kworker/3:1-events
11:17:59 PM     0    242833      1.00      0.00  kworker/7:1-mm_percpu_wq
11:17:59 PM     0    250641      1.00      0.00  kworker/u24:3-edac-poller
11:17:59 PM     0    266197      1.00      0.00  kworker/6:2-events
11:17:59 PM     0    266979      2.00      0.00  kworker/1:0-events
11:17:59 PM     0    267327      1.00      0.00  kworker/10:1-mm_percpu_wq
11:17:59 PM     0    269223      1.00      0.00  iostat
11:17:59 PM     0    269224      1.00      0.00  pidstat
11:17:59 PM     0    269225      5.00      0.00  bash
11:17:59 PM     0    269226      7.00      0.00  bash
11:17:59 PM     0    269227      4.00      0.00  bash
11:17:59 PM     0    269679      1.00      0.00  sleep
11:17:59 PM     0    269689      1.00      0.00  sleep
11:17:59 PM     0    269691      1.00      0.00  sleep

11:17:59 PM   UID       PID   cswch/s nvcswch/s  Command
11:18:00 PM     0        16      1.00      0.00  ksoftirqd/0
11:18:00 PM     0        17     23.00      0.00  rcu_preempt
11:18:00 PM     0        48      1.00      0.00  ksoftirqd/5
11:18:00 PM     0        78      1.00      0.00  ksoftirqd/10
11:18:00 PM     0        84      2.00      0.00  ksoftirqd/11
11:18:00 PM     0        95      2.00      0.00  kcompactd0
11:18:00 PM     0       194      1.00      0.00  kworker/8:1H-kblockd
11:18:00 PM     0       359      3.00      0.00  jbd2/nvme1n1p2-8
11:18:00 PM     0       453      1.00      0.00  multipathd
11:18:00 PM     0    230433      4.00      0.00  kworker/0:1-mm_percpu_wq
11:18:00 PM     0    230483      2.00      0.00  kworker/5:0-events
11:18:00 PM     0    230559      5.00      0.00  kworker/11:1-events
11:18:00 PM     0    238283      3.00      0.00  kworker/2:1-mm_percpu_wq
11:18:00 PM     0    239073      3.00      0.00  kworker/4:2-mm_percpu_wq
11:18:00 PM     0    241714      1.00      0.00  kworker/3:1-mm_percpu_wq
11:18:00 PM     0    242833      1.00      0.00  kworker/7:1-events
11:18:00 PM     0    245320      1.00      0.00  kworker/u24:2-ext4-rsv-conversion
11:18:00 PM     0    250641      5.00      0.00  kworker/u24:3-writeback
11:18:00 PM     0    255927      1.00      0.00  kworker/u24:0-flush-259:1
11:18:00 PM     0    266197      2.00      0.00  kworker/6:2-events
11:18:00 PM     0    266979      3.00      0.00  kworker/1:0-mm_percpu_wq
11:18:00 PM     0    267327      2.00      0.00  kworker/10:1-mm_percpu_wq
11:18:00 PM     0    268979      2.00      0.00  kworker/8:1-mm_percpu_wq
11:18:00 PM     0    269223      1.00      0.00  iostat
11:18:00 PM     0    269224      1.00      0.00  pidstat
11:18:00 PM     0    269225      5.00      0.00  bash
11:18:00 PM     0    269226      7.00      0.00  bash
11:18:00 PM     0    269227      4.00      0.00  bash
11:18:00 PM     0    269694      1.00      0.00  sleep
11:18:00 PM     0    269704      1.00      0.00  sleep
11:18:00 PM     0    269706      1.00      0.00  sleep

11:18:00 PM   UID       PID   cswch/s nvcswch/s  Command
11:18:01 PM     0        16      1.00      0.00  ksoftirqd/0
11:18:01 PM     0        17     22.00      0.00  rcu_preempt
11:18:01 PM     0        24      1.00      0.00  ksoftirqd/1
11:18:01 PM     0        54      1.00      0.00  ksoftirqd/6
11:18:01 PM     0        60      1.00      0.00  ksoftirqd/7
11:18:01 PM     0        95      2.00      0.00  kcompactd0
11:18:01 PM     0       453      1.00      0.00  multipathd
11:18:01 PM     0    230433      2.00      0.00  kworker/0:1-events
11:18:01 PM     0    230483      2.00      0.00  kworker/5:0-events
11:18:01 PM     0    230559      2.00      0.00  kworker/11:1-events
11:18:01 PM     0    238283      4.00      0.00  kworker/2:1-events
11:18:01 PM     0    241714      1.00      0.00  kworker/3:1-events
11:18:01 PM     0    242833      2.00      0.00  kworker/7:1-events
11:18:01 PM     0    250641      1.00      0.00  kworker/u24:3-edac-poller
11:18:01 PM     0    266197      2.00      0.00  kworker/6:2-events
11:18:01 PM     0    266979      2.00      0.00  kworker/1:0-events
11:18:01 PM     0    267327      2.00      0.00  kworker/10:1-events
11:18:01 PM     0    269223      1.00      0.00  iostat
11:18:01 PM     0    269224      1.00      0.00  pidstat
11:18:01 PM     0    269225      5.00      0.00  bash
11:18:01 PM     0    269226      7.00      0.00  bash
11:18:01 PM     0    269227      4.00      0.00  bash
11:18:01 PM     0    269709      1.00      0.00  sleep
11:18:01 PM     0    269720      1.00      0.00  sleep
11:18:01 PM     0    269721      1.00      0.00  sleep

11:18:01 PM   UID       PID   cswch/s nvcswch/s  Command
11:18:02 PM     0         2      1.00      0.00  kthreadd
11:18:02 PM     0        17     20.00      0.00  rcu_preempt
11:18:02 PM     0        18      1.00      0.00  migration/0
11:18:02 PM     0        23      1.00      0.00  migration/1
11:18:02 PM     0        29      1.00      0.00  migration/2
11:18:02 PM     0        35      1.00      0.00  migration/3
11:18:02 PM     0        41      1.00      0.00  migration/4
11:18:02 PM     0        42      1.00      0.00  ksoftirqd/4
11:18:02 PM     0        47      2.00      0.00  migration/5
11:18:02 PM     0        48      1.00      0.00  ksoftirqd/5
11:18:02 PM     0        53      1.00      0.00  migration/6
11:18:02 PM     0        59      1.00      0.00  migration/7
11:18:02 PM     0        60      2.00      0.00  ksoftirqd/7
11:18:02 PM     0        65      1.00      0.00  migration/8
11:18:02 PM     0        71      1.00      0.00  migration/9
11:18:02 PM     0        77      1.00      0.00  migration/10
11:18:02 PM     0        78      1.00      0.00  ksoftirqd/10
11:18:02 PM     0        83      1.00      0.00  migration/11
11:18:02 PM     0        84      1.00      0.00  ksoftirqd/11
11:18:02 PM     0        95      2.00      0.00  kcompactd0
11:18:02 PM     0       102      1.00      0.00  irq/9-acpi
11:18:02 PM     0       453      1.00      0.00  multipathd
11:18:02 PM     0       769      4.00      0.00  cron
11:18:02 PM     0    228722      2.00      0.00  kworker/8:0-mm_percpu_wq
11:18:02 PM     0    230433      3.00      0.00  kworker/0:1-events
11:18:02 PM     0    230456    923.00      0.00  kworker/8:2+i915-unordered
11:18:02 PM     0    230483      1.00      0.00  kworker/5:0-mm_percpu_wq
11:18:02 PM     0    230559      2.00      0.00  kworker/11:1-events
11:18:02 PM     0    238283      2.00      0.00  kworker/2:1-mm_percpu_wq
11:18:02 PM     0    239073      1.00      0.00  kworker/4:2-mm_percpu_wq
11:18:02 PM     0    240331      1.00      0.00  kworker/9:2-mm_percpu_wq
11:18:02 PM     0    241714      1.00      0.00  kworker/3:1-mm_percpu_wq
11:18:02 PM     0    242833      6.00      0.00  kworker/7:1-events
11:18:02 PM     0    250641      2.00      0.00  kworker/u24:3-events_unbound
11:18:02 PM     0    266197      1.00      0.00  kworker/6:2-mm_percpu_wq
11:18:02 PM     0    266979      3.00      0.00  kworker/1:0-events
11:18:02 PM     0    267327      2.00      0.00  kworker/10:1-events
11:18:02 PM     0    268979   1139.00      1.00  kworker/8:1-events
11:18:02 PM     0    269223      1.00      0.00  iostat
11:18:02 PM     0    269224      1.00      0.00  pidstat
11:18:02 PM     0    269225      5.00      0.00  bash
11:18:02 PM     0    269226      7.00      0.00  bash
11:18:02 PM     0    269227      4.00      0.00  bash
11:18:02 PM     0    269724      1.00      0.00  sleep
11:18:02 PM     0    269734      1.00      1.00  sleep
11:18:02 PM     0    269736      1.00      0.00  sleep
11:18:02 PM     0    269737      2.00      0.00  kworker/8:3

11:18:02 PM   UID       PID   cswch/s nvcswch/s  Command
11:18:03 PM     0        17     20.00      0.00  rcu_preempt
11:18:03 PM     0        60      2.00      0.00  ksoftirqd/7
11:18:03 PM     0        72      2.00      0.00  ksoftirqd/9
11:18:03 PM     0        95      2.00      0.00  kcompactd0
11:18:03 PM     0       453      1.00      0.00  multipathd
11:18:03 PM     0     21554      1.00      0.00  packagekitd
11:18:03 PM     0    230433      2.00      0.00  kworker/0:1-mm_percpu_wq
11:18:03 PM     0    230456    210.00      0.00  kworker/8:2-i915-unordered
11:18:03 PM     0    230483      1.00      0.00  kworker/5:0-mm_percpu_wq
11:18:03 PM     0    230559      4.00      0.00  kworker/11:1-mm_percpu_wq
11:18:03 PM     0    238283      3.00      0.00  kworker/2:1-events
11:18:03 PM     0    239073      1.00      0.00  kworker/4:2-mm_percpu_wq
11:18:03 PM     0    240331      1.00      0.00  kworker/9:2-mm_percpu_wq
11:18:03 PM     0    241714      1.00      0.00  kworker/3:1-mm_percpu_wq
11:18:03 PM     0    242833      4.00      0.00  kworker/7:1-mm_percpu_wq
11:18:03 PM     0    245320      1.00      0.00  kworker/u24:2-ext4-rsv-conversion
11:18:03 PM     0    250641      3.00      0.00  kworker/u24:3-events_power_efficient
11:18:03 PM     0    266197      1.00      0.00  kworker/6:2-mm_percpu_wq
11:18:03 PM     0    266979      2.00      0.00  kworker/1:0-mm_percpu_wq
11:18:03 PM     0    267327      1.00      0.00  kworker/10:1-mm_percpu_wq
11:18:03 PM     0    269223      1.00      0.00  iostat
11:18:03 PM     0    269224      1.00      0.00  pidstat
11:18:03 PM     0    269225      5.00      0.00  bash
11:18:03 PM     0    269226      8.00      0.00  bash
11:18:03 PM     0    269227      4.00      0.00  bash
11:18:03 PM     0    269740      1.00      0.00  sleep
11:18:03 PM     0    269751      1.00      0.00  sleep
11:18:03 PM     0    269752      1.00      0.00  sleep

11:18:03 PM   UID       PID   cswch/s nvcswch/s  Command
11:18:04 PM     0        17     22.00      0.00  rcu_preempt
11:18:04 PM     0        60      1.00      0.00  ksoftirqd/7
11:18:04 PM     0        78      1.00      0.00  ksoftirqd/10
11:18:04 PM     0        83      1.00      0.00  migration/11
11:18:04 PM     0        84      1.00      0.00  ksoftirqd/11
11:18:04 PM     0        95      2.00      0.00  kcompactd0
11:18:04 PM     0       453      1.00      0.00  multipathd
11:18:04 PM   101       608      2.00      0.00  systemd-network
11:18:04 PM   104       622      4.00      0.00  systemd-timesyn
11:18:04 PM   103       632      1.00      0.00  dbus-daemon
11:18:04 PM     0    230433      1.00      0.00  kworker/0:1-events
11:18:04 PM     0    230456      1.00      0.00  kworker/8:2-mm_percpu_wq
11:18:04 PM     0    230483      1.00      0.00  kworker/5:0-mm_percpu_wq
11:18:04 PM     0    230559      3.00      0.00  kworker/11:1-events
11:18:04 PM     0    238283      5.00      0.00  kworker/2:1-events
11:18:04 PM     0    239073      2.00      0.00  kworker/4:2-mm_percpu_wq
11:18:04 PM     0    240331      2.00      0.00  kworker/9:2-mm_percpu_wq
11:18:04 PM     0    241714      2.00      0.00  kworker/3:1-mm_percpu_wq
11:18:04 PM     0    242833      3.00      0.00  kworker/7:1-mm_percpu_wq
11:18:04 PM     0    245320      1.00      0.00  kworker/u24:2-edac-poller
11:18:04 PM     0    266197      1.00      0.00  kworker/6:2-mm_percpu_wq
11:18:04 PM     0    266979      4.00      0.00  kworker/1:0-mm_percpu_wq
11:18:04 PM     0    267327      2.00      0.00  kworker/10:1-mm_percpu_wq
11:18:04 PM     0    269223      1.00      0.00  iostat
11:18:04 PM     0    269224      1.00      0.00  pidstat
11:18:04 PM     0    269225      5.00      0.00  bash
11:18:04 PM     0    269226      8.00      0.00  bash
11:18:04 PM     0    269227      4.00      0.00  bash
11:18:04 PM     0    269755      1.00      0.00  sleep
11:18:04 PM     0    269766      1.00      0.00  sleep
11:18:04 PM     0    269767      1.00      0.00  sleep

11:18:04 PM   UID       PID   cswch/s nvcswch/s  Command
11:18:05 PM     0        16      1.00      0.00  ksoftirqd/0
11:18:05 PM     0        17     24.00      0.00  rcu_preempt
11:18:05 PM     0        24      1.00      0.00  ksoftirqd/1
11:18:05 PM     0        36      1.00      0.00  ksoftirqd/3
11:18:05 PM     0        95      2.00      0.00  kcompactd0
11:18:05 PM     0       172      1.00      0.00  kworker/3:1H-kblockd
11:18:05 PM     0       176      1.00      0.00  kworker/11:1H-kblockd
11:18:05 PM     0       359      3.00      0.00  jbd2/nvme1n1p2-8
11:18:05 PM     0       453      1.00      0.00  multipathd
11:18:05 PM     0       562      3.00      0.00  jbd2/nvme1n1p3-8
11:18:05 PM     0    230433      4.00      0.00  kworker/0:1-events
11:18:05 PM     0    230483      1.00      0.00  kworker/5:0-mm_percpu_wq
11:18:05 PM     0    230559      4.00      0.00  kworker/11:1-events
11:18:05 PM     0    238283      8.00      0.00  kworker/2:1-events
11:18:05 PM     0    239073      1.00      0.00  kworker/4:2-mm_percpu_wq
11:18:05 PM     0    240331      2.00      0.00  kworker/9:2-events
11:18:05 PM     0    241714      1.00      0.00  kworker/3:1-mm_percpu_wq
11:18:05 PM     0    242833      2.00      0.00  kworker/7:1-events
11:18:05 PM     0    245320      6.00      0.00  kworker/u24:2-writeback
11:18:05 PM     0    250641      2.00      0.00  kworker/u24:3-ext4-rsv-conversion
11:18:05 PM     0    255927      1.00      0.00  kworker/u24:0-flush-259:1
11:18:05 PM     0    266197      2.00      0.00  kworker/6:2-events
11:18:05 PM     0    266979      2.00      0.00  kworker/1:0-mm_percpu_wq
11:18:05 PM     0    267327      1.00      0.00  kworker/10:1-mm_percpu_wq
11:18:05 PM     0    269223      1.00      0.00  iostat
11:18:05 PM     0    269224      1.00      0.00  pidstat
11:18:05 PM     0    269225      5.00      0.00  bash
11:18:05 PM     0    269226      8.00      0.00  bash
11:18:05 PM     0    269227      4.00      0.00  bash
11:18:05 PM     0    269770      1.00      0.00  sleep
11:18:05 PM     0    269781      1.00      0.00  sleep
11:18:05 PM     0    269782      1.00      0.00  sleep

11:18:05 PM   UID       PID   cswch/s nvcswch/s  Command
11:18:06 PM     0        16      1.00      0.00  ksoftirqd/0
11:18:06 PM     0        17     22.00      0.00  rcu_preempt
11:18:06 PM     0        18      2.00      0.00  migration/0
11:18:06 PM     0        23      2.00      0.00  migration/1
11:18:06 PM     0        24      2.00      0.00  ksoftirqd/1
11:18:06 PM     0        29      1.00      0.00  migration/2
11:18:06 PM     0        35      1.00      0.00  migration/3
11:18:06 PM     0        36      2.00      0.00  ksoftirqd/3
11:18:06 PM     0        41      1.00      0.00  migration/4
11:18:06 PM     0        47      1.00      0.00  migration/5
11:18:06 PM     0        53      1.00      0.00  migration/6
11:18:06 PM     0        59      1.00      0.00  migration/7
11:18:06 PM     0        65      1.00      0.00  migration/8
11:18:06 PM     0        71      1.00      0.00  migration/9
11:18:06 PM     0        77      1.00      0.00  migration/10
11:18:06 PM     0        83      1.00      0.00  migration/11
11:18:06 PM     0        95      2.00      0.00  kcompactd0
11:18:06 PM     0       189      1.00      0.00  kworker/4:1H-kblockd
11:18:06 PM     0       453      1.00      0.00  multipathd
11:18:06 PM     0    230433      3.00      0.00  kworker/0:1-events
11:18:06 PM     0    230456      1.00      0.00  kworker/8:2-mm_percpu_wq
11:18:06 PM     0    230483      1.00      0.00  kworker/5:0-mm_percpu_wq
11:18:06 PM     0    230559      1.00      0.00  kworker/11:1-events
11:18:06 PM     0    238283      3.00      0.00  kworker/2:1-events
11:18:06 PM     0    239073      2.00      0.00  kworker/4:2-events
11:18:06 PM     0    240331      2.00      0.00  kworker/9:2-mm_percpu_wq
11:18:06 PM     0    241714      1.00      0.00  kworker/3:1-mm_percpu_wq
11:18:06 PM     0    242833      2.00      0.00  kworker/7:1-events
11:18:06 PM     0    245320      1.00      0.00  kworker/u24:2-edac-poller
11:18:06 PM     0    266197      2.00      0.00  kworker/6:2-events
11:18:06 PM     0    266979      5.00      0.00  kworker/1:0-events
11:18:06 PM     0    267327      1.00      0.00  kworker/10:1-mm_percpu_wq
11:18:06 PM     0    269223      1.00      0.00  iostat
11:18:06 PM     0    269224      1.00      0.00  pidstat
11:18:06 PM     0    269225      5.00      0.00  bash
11:18:06 PM     0    269226      7.00      2.00  bash
11:18:06 PM     0    269227      4.00      0.00  bash
11:18:06 PM     0    269785      1.00      0.00  sleep
11:18:06 PM     0    269796      1.00      1.00  sleep
11:18:06 PM     0    269797      1.00      0.00  sleep

11:18:06 PM   UID       PID   cswch/s nvcswch/s  Command
11:18:07 PM     0        16      1.00      0.00  ksoftirqd/0
11:18:07 PM     0        17     21.00      0.00  rcu_preempt
11:18:07 PM     0        24      1.00      0.00  ksoftirqd/1
11:18:07 PM     0        60      1.00      0.00  ksoftirqd/7
11:18:07 PM     0        72      1.00      0.00  ksoftirqd/9
11:18:07 PM     0        84      1.00      0.00  ksoftirqd/11
11:18:07 PM     0        95      2.00      0.00  kcompactd0
11:18:07 PM     0       453      1.00      0.00  multipathd
11:18:07 PM     0    230433      1.00      0.00  kworker/0:1-mm_percpu_wq
11:18:07 PM     0    230483      2.00      0.00  kworker/5:0-events
11:18:07 PM     0    230559      4.00      0.00  kworker/11:1-events
11:18:07 PM     0    238283      3.00      0.00  kworker/2:1-events
11:18:07 PM     0    239073      1.00      0.00  kworker/4:2-mm_percpu_wq
11:18:07 PM     0    240331      2.00      0.00  kworker/9:2-events
11:18:07 PM     0    241714      1.00      0.00  kworker/3:1-mm_percpu_wq
11:18:07 PM     0    242833      3.00      0.00  kworker/7:1-events
11:18:07 PM     0    245320      1.00      0.00  kworker/u24:2-edac-poller
11:18:07 PM     0    266979      3.00      0.00  kworker/1:0-events
11:18:07 PM     0    267327      2.00      0.00  kworker/10:1-mm_percpu_wq
11:18:07 PM     0    269223      1.00      0.00  iostat
11:18:07 PM     0    269224      1.00      0.00  pidstat
11:18:07 PM     0    269225      5.00      0.00  bash
11:18:07 PM     0    269226      8.00      1.00  bash
11:18:07 PM     0    269227      4.00      0.00  bash
11:18:07 PM     0    269800      1.00      0.00  sleep
11:18:07 PM     0    269811      1.00      0.00  sleep
11:18:07 PM     0    269812      1.00      0.00  sleep

11:18:07 PM   UID       PID   cswch/s nvcswch/s  Command
11:18:08 PM     0        16      2.00      1.00  ksoftirqd/0
11:18:08 PM     0        17     23.00      0.00  rcu_preempt
11:18:08 PM     0        24      1.00      0.00  ksoftirqd/1
11:18:08 PM     0        78      1.00      0.00  ksoftirqd/10
11:18:08 PM     0        95      2.00      0.00  kcompactd0
11:18:08 PM     0       453      1.00      0.00  multipathd
11:18:08 PM     0    230433      3.00      0.00  kworker/0:1-events
11:18:08 PM     0    230559      4.00      0.00  kworker/11:1-events
11:18:08 PM     0    238283      3.00      0.00  kworker/2:1-mm_percpu_wq
11:18:08 PM     0    239073      2.00      0.00  kworker/4:2-mm_percpu_wq
11:18:08 PM     0    240331      2.00      0.00  kworker/9:2-events
11:18:08 PM     0    241714      1.00      0.00  kworker/3:1-mm_percpu_wq
11:18:08 PM     0    242833      2.00      0.00  kworker/7:1-events
11:18:08 PM     0    245320      1.00      0.00  kworker/u24:2-edac-poller
11:18:08 PM     0    266197      1.00      0.00  kworker/6:2-mm_percpu_wq
11:18:08 PM     0    266979      6.00      0.00  kworker/1:0-events
11:18:08 PM     0    267327      2.00      0.00  kworker/10:1-events
11:18:08 PM     0    269223      1.00      0.00  iostat
11:18:08 PM     0    269224      1.00      0.00  pidstat
11:18:08 PM     0    269225      5.00      0.00  bash
11:18:08 PM     0    269226      8.00      0.00  bash
11:18:08 PM     0    269227      4.00      0.00  bash
11:18:08 PM     0    269815      1.00      0.00  sleep
11:18:08 PM     0    269825      1.00      0.00  sleep
11:18:08 PM     0    269827      1.00      0.00  sleep

11:18:08 PM   UID       PID   cswch/s nvcswch/s  Command
11:18:09 PM     0        17     21.00      0.00  rcu_preempt
11:18:09 PM     0        23      1.00      0.00  migration/1
11:18:09 PM     0        24      1.00      0.00  ksoftirqd/1
11:18:09 PM     0        60      1.00      0.00  ksoftirqd/7
11:18:09 PM     0        72      1.00      0.00  ksoftirqd/9
11:18:09 PM     0        84      2.00      0.00  ksoftirqd/11
11:18:09 PM     0        95      2.00      0.00  kcompactd0
11:18:09 PM     0       453      1.00      0.00  multipathd
11:18:09 PM     0    230433      1.00      0.00  kworker/0:1-mm_percpu_wq
11:18:09 PM     0    230483      3.00      0.00  kworker/5:0-events
11:18:09 PM     0    230559      3.00      0.00  kworker/11:1-events
11:18:09 PM     0    238283      5.00      0.00  kworker/2:1-events
11:18:09 PM     0    239073      1.00      0.00  kworker/4:2-mm_percpu_wq
11:18:09 PM     0    240331      2.00      0.00  kworker/9:2-events
11:18:09 PM     0    241714      1.00      0.00  kworker/3:1-mm_percpu_wq
11:18:09 PM     0    242833      2.00      0.00  kworker/7:1-events
11:18:09 PM     0    245320      1.00      0.00  kworker/u24:2-edac-poller
11:18:09 PM     0    266197      2.00      0.00  kworker/6:2-events
11:18:09 PM     0    266979      4.00      0.00  kworker/1:0-events
11:18:09 PM     0    267327      1.00      0.00  kworker/10:1-mm_percpu_wq
11:18:09 PM     0    269223      1.00      0.00  iostat
11:18:09 PM     0    269224      1.00      0.00  pidstat
11:18:09 PM     0    269225      5.00      0.00  bash
11:18:09 PM     0    269226      8.00      1.00  bash
11:18:09 PM     0    269227      4.00      0.00  bash
11:18:09 PM     0    269830      1.00      0.00  sleep
11:18:09 PM     0    269840      1.00      0.00  sleep
11:18:09 PM     0    269842      1.00      0.00  sleep

11:18:09 PM   UID       PID   cswch/s nvcswch/s  Command
11:18:10 PM     0        16      1.00      0.00  ksoftirqd/0
11:18:10 PM     0        17     19.00      0.00  rcu_preempt
11:18:10 PM     0        18      1.00      0.00  migration/0
11:18:10 PM     0        23      1.00      0.00  migration/1
11:18:10 PM     0        24      2.00      0.00  ksoftirqd/1
11:18:10 PM     0        29      1.00      0.00  migration/2
11:18:10 PM     0        35      1.00      0.00  migration/3
11:18:10 PM     0        36      2.00      0.00  ksoftirqd/3
11:18:10 PM     0        41      1.00      0.00  migration/4
11:18:10 PM     0        47      1.00      0.00  migration/5
11:18:10 PM     0        48      1.00      0.00  ksoftirqd/5
11:18:10 PM     0        53      1.00      0.00  migration/6
11:18:10 PM     0        54      1.00      0.00  ksoftirqd/6
11:18:10 PM     0        59      1.00      0.00  migration/7
11:18:10 PM     0        65      1.00      0.00  migration/8
11:18:10 PM     0        71      1.00      0.00  migration/9
11:18:10 PM     0        77      1.00      0.00  migration/10
11:18:10 PM     0        83      1.00      0.00  migration/11
11:18:10 PM     0        84      1.00      0.00  ksoftirqd/11
11:18:10 PM     0        95      2.00      0.00  kcompactd0
11:18:10 PM     0       190      3.00      0.00  kworker/10:1H-kblockd
11:18:10 PM     0       359      3.00      0.00  jbd2/nvme1n1p2-8
11:18:10 PM     0       453      1.00      0.00  multipathd
11:18:10 PM     0       562      3.00      0.00  jbd2/nvme1n1p3-8
11:18:10 PM     0    230364      6.00      0.00  kworker/u24:4-writeback
11:18:10 PM     0    230433      3.00      0.00  kworker/0:1-events
11:18:10 PM     0    230456      1.00      0.00  kworker/8:2-mm_percpu_wq
11:18:10 PM     0    230483      4.00      0.00  kworker/5:0-events
11:18:10 PM     0    230559      2.00      0.00  kworker/11:1-events
11:18:10 PM     0    238099      1.00      0.00  kworker/u24:1-events_power_efficient
11:18:10 PM     0    238283      2.00      0.00  kworker/2:1-mm_percpu_wq
11:18:10 PM     0    239073      1.00      0.00  kworker/4:2-mm_percpu_wq
11:18:10 PM     0    240331      1.00      0.00  kworker/9:2-mm_percpu_wq
11:18:10 PM     0    241714      2.00      0.00  kworker/3:1-events
11:18:10 PM     0    245320      3.00      0.00  kworker/u24:2-flush-259:1
11:18:10 PM     0    250641      1.00      0.00  kworker/u24:3-events_power_efficient
11:18:10 PM     0    255927      3.00      0.00  kworker/u24:0-ext4-rsv-conversion
11:18:10 PM     0    266197      2.00      0.00  kworker/6:2-events
11:18:10 PM     0    266979      4.00      0.00  kworker/1:0-events
11:18:10 PM     0    267327      1.00      0.00  kworker/10:1-mm_percpu_wq
11:18:10 PM     0    269223      1.00      0.00  iostat
11:18:10 PM     0    269224      1.00      0.00  pidstat
11:18:10 PM     0    269225      5.00      0.00  bash
11:18:10 PM     0    269226      7.00      1.00  bash
11:18:10 PM     0    269227      4.00      0.00  bash
11:18:10 PM     0    269845      1.00      0.00  sleep
11:18:10 PM     0    269855      1.00      0.00  sleep
11:18:10 PM     0    269857      1.00      0.00  sleep

11:18:10 PM   UID       PID   cswch/s nvcswch/s  Command
11:18:11 PM     0        16      1.00      0.00  ksoftirqd/0
11:18:11 PM     0        17     22.00      0.00  rcu_preempt
11:18:11 PM     0        24      1.00      0.00  ksoftirqd/1
11:18:11 PM     0        36      1.00      0.00  ksoftirqd/3
11:18:11 PM     0        42      1.00      0.00  ksoftirqd/4
11:18:11 PM     0        54      1.00      0.00  ksoftirqd/6
11:18:11 PM     0        95      2.00      0.00  kcompactd0
11:18:11 PM     0       453      1.00      0.00  multipathd
11:18:11 PM     0    230433      3.00      0.00  kworker/0:1-events
11:18:11 PM     0    230456      1.00      0.00  kworker/8:2-mm_percpu_wq
11:18:11 PM     0    230483      2.00      0.00  kworker/5:0-events
11:18:11 PM     0    230559      2.00      0.00  kworker/11:1-mm_percpu_wq
11:18:11 PM     0    238283      3.00      0.00  kworker/2:1-events
11:18:11 PM     0    239073      1.00      0.00  kworker/4:2-mm_percpu_wq
11:18:11 PM     0    240331      1.00      0.00  kworker/9:2-mm_percpu_wq
11:18:11 PM     0    241714      2.00      0.00  kworker/3:1-events
11:18:11 PM     0    242833      2.00      0.00  kworker/7:1-events
11:18:11 PM     0    255927      1.00      0.00  kworker/u24:0-edac-poller
11:18:11 PM     0    266197      3.00      0.00  kworker/6:2-events
11:18:11 PM     0    266979      5.00      0.00  kworker/1:0-events
11:18:11 PM     0    267327      1.00      0.00  kworker/10:1-mm_percpu_wq
11:18:11 PM     0    269223      1.00      0.00  iostat
11:18:11 PM     0    269224      1.00      0.00  pidstat
11:18:11 PM     0    269225      5.00      0.00  bash
11:18:11 PM     0    269226      8.00      0.00  bash
11:18:11 PM     0    269227      4.00      0.00  bash
11:18:11 PM     0    269860      1.00      0.00  sleep
11:18:11 PM     0    269871      1.00      0.00  sleep
11:18:11 PM     0    269872      1.00      0.00  sleep

11:18:11 PM   UID       PID   cswch/s nvcswch/s  Command
11:18:12 PM     0        16      2.00      0.00  ksoftirqd/0
11:18:12 PM     0        17     20.00      0.00  rcu_preempt
11:18:12 PM     0        36      1.00      0.00  ksoftirqd/3
11:18:12 PM     0        48      1.00      0.00  ksoftirqd/5
11:18:12 PM     0        71      1.00      0.00  migration/9
11:18:12 PM     0        72      1.00      0.00  ksoftirqd/9
11:18:12 PM     0        95      1.00      0.00  kcompactd0
11:18:12 PM     0       453      1.00      0.00  multipathd
11:18:12 PM     0    230433      3.00      0.00  kworker/0:1-events
11:18:12 PM     0    230483      2.00      0.00  kworker/5:0-events
11:18:12 PM     0    230559      1.00      0.00  kworker/11:1-mm_percpu_wq
11:18:12 PM     0    238283      4.00      0.00  kworker/2:1-mm_percpu_wq
11:18:12 PM     0    239073      2.00      0.00  kworker/4:2-mm_percpu_wq
11:18:12 PM     0    240331      2.00      0.00  kworker/9:2-mm_percpu_wq
11:18:12 PM     0    241714      3.00      0.00  kworker/3:1-events
11:18:12 PM     0    242833      1.00      0.00  kworker/7:1-mm_percpu_wq
11:18:12 PM     0    255927      2.00      0.00  kworker/u24:0-events_unbound
11:18:12 PM     0    266197      2.00      0.00  kworker/6:2-events
11:18:12 PM     0    266979      4.00      0.00  kworker/1:0-mm_percpu_wq
11:18:12 PM     0    269223      1.00      0.00  iostat
11:18:12 PM     0    269224      1.00      0.00  pidstat
11:18:12 PM     0    269225      5.00      0.00  bash
11:18:12 PM     0    269226      6.00      0.00  bash
11:18:12 PM     0    269227      4.00      0.00  bash
11:18:12 PM     0    269875      1.00      0.00  sleep
11:18:12 PM     0    269886      1.00      0.00  sleep
11:18:12 PM     0    269887      1.00      0.00  sleep

11:18:12 PM   UID       PID   cswch/s nvcswch/s  Command
11:18:13 PM     0        16      1.00      0.00  ksoftirqd/0
11:18:13 PM     0        17     18.00      0.00  rcu_preempt
11:18:13 PM     0        24      1.00      0.00  ksoftirqd/1
11:18:13 PM     0        36      2.00      0.00  ksoftirqd/3
11:18:13 PM     0        54      1.00      0.00  ksoftirqd/6
11:18:13 PM     0        78      1.00      0.00  ksoftirqd/10
11:18:13 PM     0        95      2.00      0.00  kcompactd0
11:18:13 PM     0       453      1.00      0.00  multipathd
11:18:13 PM     0     21554      1.00      0.00  packagekitd
11:18:13 PM     0    230433      3.00      0.00  kworker/0:1-events
11:18:13 PM     0    230456      1.00      0.00  kworker/8:2-mm_percpu_wq
11:18:13 PM     0    230483      3.00      0.00  kworker/5:0-events
11:18:13 PM     0    230559      1.00      0.00  kworker/11:1-mm_percpu_wq
11:18:13 PM     0    238283      4.00      0.00  kworker/2:1-events
11:18:13 PM     0    239073      1.00      0.00  kworker/4:2-mm_percpu_wq
11:18:13 PM     0    240331      1.00      0.00  kworker/9:2-mm_percpu_wq
11:18:13 PM     0    241714      2.00      0.00  kworker/3:1-events
11:18:13 PM     0    255927      1.00      0.00  kworker/u24:0-edac-poller
11:18:13 PM     0    266197      2.00      0.00  kworker/6:2-events
11:18:13 PM     0    266979      3.00      0.00  kworker/1:0-events
11:18:13 PM     0    267327      4.00      0.00  kworker/10:1-events
11:18:13 PM     0    269223      1.00      0.00  iostat
11:18:13 PM     0    269224      1.00      0.00  pidstat
11:18:13 PM     0    269225      5.00      0.00  bash
11:18:13 PM     0    269226      8.00      0.00  bash
11:18:13 PM     0    269227      4.00      0.00  bash
11:18:13 PM     0    269890      1.00      0.00  sleep
11:18:13 PM     0    269901      1.00      0.00  sleep
11:18:13 PM     0    269902      1.00      0.00  sleep

11:18:13 PM   UID       PID   cswch/s nvcswch/s  Command
11:18:14 PM     0        17     20.00      0.00  rcu_preempt
11:18:14 PM     0        18      1.00      0.00  migration/0
11:18:14 PM     0        23      1.00      0.00  migration/1
11:18:14 PM     0        29      1.00      0.00  migration/2
11:18:14 PM     0        35      1.00      0.00  migration/3
11:18:14 PM     0        41      1.00      0.00  migration/4
11:18:14 PM     0        47      1.00      0.00  migration/5
11:18:14 PM     0        53      1.00      0.00  migration/6
11:18:14 PM     0        54      1.00      0.00  ksoftirqd/6
11:18:14 PM     0        59      1.00      0.00  migration/7
11:18:14 PM     0        60      1.00      0.00  ksoftirqd/7
11:18:14 PM     0        65      1.00      0.00  migration/8
11:18:14 PM     0        71      1.00      0.00  migration/9
11:18:14 PM     0        77      1.00      0.00  migration/10
11:18:14 PM     0        83      1.00      0.00  migration/11
11:18:14 PM     0        95      2.00      0.00  kcompactd0
11:18:14 PM     0       188      1.00      0.00  kworker/2:1H-kblockd
11:18:14 PM     0       453      2.00      0.00  multipathd
11:18:14 PM     0    230433      2.00      0.00  kworker/0:1-events
11:18:14 PM     0    230483      3.00      0.00  kworker/5:0-events
11:18:14 PM     0    230559      2.00      0.00  kworker/11:1-events
11:18:14 PM     0    238283      2.00      0.00  kworker/2:1-mm_percpu_wq
11:18:14 PM     0    239073      2.00      0.00  kworker/4:2-mm_percpu_wq
11:18:14 PM     0    240331      3.00      0.00  kworker/9:2-events
11:18:14 PM     0    241714      2.00      0.00  kworker/3:1-events
11:18:14 PM     0    242833      1.00      0.00  kworker/7:1-mm_percpu_wq
11:18:14 PM     0    255927      2.00      0.00  kworker/u24:0-events_unbound
11:18:14 PM     0    266197      3.00      0.00  kworker/6:2-events
11:18:14 PM     0    266979      4.00      0.00  kworker/1:0-events
11:18:14 PM     0    267327      3.00      0.00  kworker/10:1-events
11:18:14 PM     0    269223      1.00      0.00  iostat
11:18:14 PM     0    269224      1.00      0.00  pidstat
11:18:14 PM     0    269225      5.00      0.00  bash
11:18:14 PM     0    269226      8.00      1.00  bash
11:18:14 PM     0    269227      4.00      0.00  bash
11:18:14 PM     0    269905      1.00      0.00  sleep
11:18:14 PM     0    269916      1.00      0.00  sleep
11:18:14 PM     0    269917      1.00      0.00  sleep

11:18:14 PM   UID       PID   cswch/s nvcswch/s  Command
11:18:15 PM     0        16      2.00      0.00  ksoftirqd/0
11:18:15 PM     0        17     24.00      0.00  rcu_preempt
11:18:15 PM     0        42      1.00      0.00  ksoftirqd/4
11:18:15 PM     0        72      1.00      0.00  ksoftirqd/9
11:18:15 PM     0        95      2.00      0.00  kcompactd0
11:18:15 PM     0       102      1.00      0.00  irq/9-acpi
11:18:15 PM     0       187      1.00      0.00  kworker/0:1H-kblockd
11:18:15 PM     0       359      3.00      0.00  jbd2/nvme1n1p2-8
11:18:15 PM     0       453      1.00      0.00  multipathd
11:18:15 PM     0       562      3.00      0.00  jbd2/nvme1n1p3-8
11:18:15 PM     0    230433      4.00      0.00  kworker/0:1-events
11:18:15 PM     0    230456      7.00      0.00  kworker/8:2-pm
11:18:15 PM     0    230483      1.00      0.00  kworker/5:0-mm_percpu_wq
11:18:15 PM     0    230559      1.00      0.00  kworker/11:1-mm_percpu_wq
11:18:15 PM     0    238283      3.00      0.00  kworker/2:1-events
11:18:15 PM     0    239073      1.00      0.00  kworker/4:2-mm_percpu_wq
11:18:15 PM     0    240331      2.00      0.00  kworker/9:2-mm_percpu_wq
11:18:15 PM     0    241714      2.00      0.00  kworker/3:1-events
11:18:15 PM     0    242833      1.00      0.00  kworker/7:1-mm_percpu_wq
11:18:15 PM     0    255927      6.00      0.00  kworker/u24:0-writeback
11:18:15 PM     0    266197      2.00      0.00  kworker/6:2-events
11:18:15 PM     0    266979      2.00      0.00  kworker/1:0-mm_percpu_wq
11:18:15 PM     0    267327      1.00      0.00  kworker/10:1-mm_percpu_wq
11:18:15 PM     0    268979      1.00      0.00  kworker/8:1-i915-unordered
11:18:15 PM     0    269223      1.00      0.00  iostat
11:18:15 PM     0    269224      1.00      0.00  pidstat
11:18:15 PM     0    269225      5.00      0.00  bash
11:18:15 PM     0    269226      7.00      0.00  bash
11:18:15 PM     0    269227      4.00      0.00  bash
11:18:15 PM     0    269920      1.00      0.00  sleep
11:18:15 PM     0    269930      1.00      0.00  sleep
11:18:15 PM     0    269932      1.00      0.00  sleep

11:18:15 PM   UID       PID   cswch/s nvcswch/s  Command
11:18:16 PM     0        17     19.00      0.00  rcu_preempt
11:18:16 PM     0        48      1.00      0.00  ksoftirqd/5
11:18:16 PM     0        72      1.00      0.00  ksoftirqd/9
11:18:16 PM     0        78      1.00      0.00  ksoftirqd/10
11:18:16 PM     0        95      2.00      0.00  kcompactd0
11:18:16 PM     0       453      1.00      0.00  multipathd
11:18:16 PM     0    230364      3.00      0.00  kworker/u24:4-events_unbound
11:18:16 PM     0    230433      3.00      0.00  kworker/0:1-events
11:18:16 PM     0    230483      1.00      0.00  kworker/5:0-mm_percpu_wq
11:18:16 PM     0    238283      4.00      0.00  kworker/2:1-mm_percpu_wq
11:18:16 PM     0    239073      2.00      0.00  kworker/4:2-events
11:18:16 PM     0    240331      2.00      0.00  kworker/9:2-mm_percpu_wq
11:18:16 PM     0    241714      2.00      0.00  kworker/3:1-events
11:18:16 PM     0    242833      2.00      0.00  kworker/7:1-events
11:18:16 PM     0    255927      1.00      0.00  kworker/u24:0-events_power_efficient
11:18:16 PM     0    266197      2.00      0.00  kworker/6:2-events
11:18:16 PM     0    266979      4.00      0.00  kworker/1:0-events
11:18:16 PM     0    267327      2.00      0.00  kworker/10:1-events
11:18:16 PM     0    269223      1.00      0.00  iostat
11:18:16 PM     0    269224      1.00      0.00  pidstat
11:18:16 PM     0    269225      5.00      0.00  bash
11:18:16 PM     0    269226      7.00      0.00  bash
11:18:16 PM     0    269227      4.00      0.00  bash
11:18:16 PM     0    269935      1.00      0.00  sleep
11:18:16 PM     0    269946      1.00      0.00  sleep
11:18:16 PM     0    269947      1.00      0.00  sleep

11:18:16 PM   UID       PID   cswch/s nvcswch/s  Command
11:18:17 PM     0        17     20.00      0.00  rcu_preempt
11:18:17 PM     0        24      2.00      0.00  ksoftirqd/1
11:18:17 PM     0        48      1.00      0.00  ksoftirqd/5
11:18:17 PM     0        78      1.00      0.00  ksoftirqd/10
11:18:17 PM     0        84      1.00      0.00  ksoftirqd/11
11:18:17 PM     0        95      2.00      0.00  kcompactd0
11:18:17 PM     0       453      1.00      0.00  multipathd
11:18:17 PM     0    230364      1.00      0.00  kworker/u24:4-edac-poller
11:18:17 PM     0    230433      1.00      0.00  kworker/0:1-mm_percpu_wq
11:18:17 PM     0    230483      1.00      0.00  kworker/5:0-mm_percpu_wq
11:18:17 PM     0    230559      4.00      0.00  kworker/11:1-events
11:18:17 PM     0    238283      4.00      0.00  kworker/2:1-events
11:18:17 PM     0    239073      1.00      0.00  kworker/4:2-mm_percpu_wq
11:18:17 PM     0    240331      1.00      0.00  kworker/9:2-mm_percpu_wq
11:18:17 PM     0    241714      3.00      0.00  kworker/3:1-events
11:18:17 PM     0    242833      1.00      0.00  kworker/7:1-mm_percpu_wq
11:18:17 PM     0    266979      4.00      0.00  kworker/1:0-events
11:18:17 PM     0    267327      3.00      0.00  kworker/10:1-events
11:18:17 PM     0    269223      1.00      0.00  iostat
11:18:17 PM     0    269224      1.00      0.00  pidstat
11:18:17 PM     0    269225      5.00      0.00  bash
11:18:17 PM     0    269226      7.00      0.00  bash
11:18:17 PM     0    269227      4.00      0.00  bash
11:18:17 PM     0    269950      1.00      0.00  sleep
11:18:17 PM     0    269960      1.00      0.00  sleep
11:18:17 PM     0    269962      1.00      0.00  sleep

11:18:17 PM   UID       PID   cswch/s nvcswch/s  Command
11:18:18 PM     0        17     22.00      0.00  rcu_preempt
11:18:18 PM     0        18      2.00      0.00  migration/0
11:18:18 PM     0        23      1.00      0.00  migration/1
11:18:18 PM     0        24      2.00      0.00  ksoftirqd/1
11:18:18 PM     0        29      1.00      0.00  migration/2
11:18:18 PM     0        35      1.00      0.00  migration/3
11:18:18 PM     0        41      1.00      0.00  migration/4
11:18:18 PM     0        47      1.00      0.00  migration/5
11:18:18 PM     0        53      1.00      0.00  migration/6
11:18:18 PM     0        54      1.00      0.00  ksoftirqd/6
11:18:18 PM     0        59      2.00      0.00  migration/7
11:18:18 PM     0        65      1.00      0.00  migration/8
11:18:18 PM     0        71      1.00      0.00  migration/9
11:18:18 PM     0        77      1.00      0.00  migration/10
11:18:18 PM     0        78      1.00      0.00  ksoftirqd/10
11:18:18 PM     0        83      1.00      0.00  migration/11
11:18:18 PM     0        84      1.00      0.00  ksoftirqd/11
11:18:18 PM     0        95      2.00      0.00  kcompactd0
11:18:18 PM     0       453      1.00      0.00  multipathd
11:18:18 PM     0    230364      1.00      0.00  kworker/u24:4-edac-poller
11:18:18 PM     0    230433      1.00      0.00  kworker/0:1-events
11:18:18 PM     0    230559      2.00      0.00  kworker/11:1-mm_percpu_wq
11:18:18 PM     0    238283      2.00      0.00  kworker/2:1-mm_percpu_wq
11:18:18 PM     0    239073      1.00      0.00  kworker/4:2-events
11:18:18 PM     0    241714      2.00      0.00  kworker/3:1-events
11:18:18 PM     0    242833      2.00      0.00  kworker/7:1-mm_percpu_wq
11:18:18 PM     0    266197      2.00      0.00  kworker/6:2-events
11:18:18 PM     0    266979      7.00      0.00  kworker/1:0-events
11:18:18 PM     0    267327      2.00      0.00  kworker/10:1-events
11:18:18 PM     0    269223      1.00      0.00  iostat
11:18:18 PM     0    269224      1.00      0.00  pidstat
11:18:18 PM     0    269225      5.00      0.00  bash
11:18:18 PM     0    269226      8.00      0.00  bash
11:18:18 PM     0    269227      4.00      0.00  bash
11:18:18 PM     0    269965      1.00      0.00  sleep
11:18:18 PM     0    269976      1.00      0.00  sleep
11:18:18 PM     0    269977      1.00      0.00  sleep

11:18:18 PM   UID       PID   cswch/s nvcswch/s  Command
11:18:19 PM     0        16      2.00      0.00  ksoftirqd/0
11:18:19 PM     0        17     20.00      0.00  rcu_preempt
11:18:19 PM     0        18      1.00      0.00  migration/0
11:18:19 PM     0        24      1.00      0.00  ksoftirqd/1
11:18:19 PM     0        60      1.00      0.00  ksoftirqd/7
11:18:19 PM     0        78      1.00      0.00  ksoftirqd/10
11:18:19 PM     0        95      2.00      0.00  kcompactd0
11:18:19 PM     0       453      1.00      0.00  multipathd
11:18:19 PM     0    230364      1.00      0.00  kworker/u24:4-events_unbound
11:18:19 PM     0    230433      2.00      0.00  kworker/0:1-events
11:18:19 PM     0    230483      1.00      0.00  kworker/5:0-mm_percpu_wq
11:18:19 PM     0    230559      1.00      0.00  kworker/11:1-events
11:18:19 PM     0    238283      3.00      0.00  kworker/2:1-events
11:18:19 PM     0    239073      1.00      0.00  kworker/4:2-mm_percpu_wq
11:18:19 PM     0    240331      1.00      0.00  kworker/9:2-mm_percpu_wq
11:18:19 PM     0    241714      1.00      0.00  kworker/3:1-events
11:18:19 PM     0    242833      3.00      0.00  kworker/7:1-events
11:18:19 PM     0    255927      1.00      0.00  kworker/u24:0-events_power_efficient
11:18:19 PM     0    266197      1.00      0.00  kworker/6:2-events
11:18:19 PM     0    266979      1.00      0.00  kworker/1:0-events
11:18:19 PM     0    267327      3.00      0.00  kworker/10:1-events
11:18:19 PM     0    269223      1.00      0.00  iostat
11:18:19 PM     0    269224      1.00      0.00  pidstat
11:18:19 PM     0    269225      5.00      0.00  bash
11:18:19 PM     0    269226      6.00      0.00  bash
11:18:19 PM     0    269227      4.00      0.00  bash
11:18:19 PM     0    269980      1.00      0.00  sleep
11:18:19 PM     0    269990      1.00      0.00  sleep
11:18:19 PM     0    269992      1.00      0.00  sleep

11:18:19 PM   UID       PID   cswch/s nvcswch/s  Command
11:18:20 PM     0        16      2.00      0.00  ksoftirqd/0
11:18:20 PM     0        17     23.00      0.00  rcu_preempt
11:18:20 PM     0        95      2.00      0.00  kcompactd0
11:18:20 PM     0       187      2.00      0.00  kworker/0:1H-kblockd
11:18:20 PM     0       359      3.00      0.00  jbd2/nvme1n1p2-8
11:18:20 PM     0       453      1.00      0.00  multipathd
11:18:20 PM     0       562      3.00      0.00  jbd2/nvme1n1p3-8
11:18:20 PM     0    230364      2.00      0.00  kworker/u24:4-events_unbound
11:18:20 PM     0    230433      4.00      0.00  kworker/0:1-events
11:18:20 PM     0    230559      1.00      0.00  kworker/11:1-mm_percpu_wq
11:18:20 PM     0    238283      4.00      0.00  kworker/2:1-mm_percpu_wq
11:18:20 PM     0    239073      1.00      0.00  kworker/4:2-events
11:18:20 PM     0    240331      1.00      0.00  kworker/9:2-events
11:18:20 PM     0    241714      3.00      0.00  kworker/3:1-events
11:18:20 PM     0    242833      1.00      0.00  kworker/7:1-mm_percpu_wq
11:18:20 PM     0    255927      5.00      0.00  kworker/u24:0-ext4-rsv-conversion
11:18:20 PM     0    266197      2.00      0.00  kworker/6:2-events
11:18:20 PM     0    266979      3.00      0.00  kworker/1:0-mm_percpu_wq
11:18:20 PM     0    267327      2.00      0.00  kworker/10:1-events
11:18:20 PM     0    269223      1.00      0.00  iostat
11:18:20 PM     0    269224      1.00      0.00  pidstat
11:18:20 PM     0    269225      5.00      0.00  bash
11:18:20 PM     0    269226      7.00      0.00  bash
11:18:20 PM     0    269227      4.00      0.00  bash
11:18:20 PM     0    269995      1.00      0.00  sleep
11:18:20 PM     0    270005      1.00      0.00  sleep
11:18:20 PM     0    270007      1.00      0.00  sleep

11:18:20 PM   UID       PID   cswch/s nvcswch/s  Command
11:18:21 PM     0        16      1.00      0.00  ksoftirqd/0
11:18:21 PM     0        17     24.00      0.00  rcu_preempt
11:18:21 PM     0        24      1.00      0.00  ksoftirqd/1
11:18:21 PM     0        42      1.00      0.00  ksoftirqd/4
11:18:21 PM     0        78      1.00      0.00  ksoftirqd/10
11:18:21 PM     0        95      2.00      0.00  kcompactd0
11:18:21 PM     0       195      1.00      0.00  kworker/6:1H-kblockd
11:18:21 PM     0       359      3.00      0.00  jbd2/nvme1n1p2-8
11:18:21 PM     0       415      1.00      0.00  systemd-journal
11:18:21 PM     0       453      1.00      0.00  multipathd
11:18:21 PM     0    230364      2.00      0.00  kworker/u24:4-events_power_efficient
11:18:21 PM     0    230433      2.00      0.00  kworker/0:1-events
11:18:21 PM     0    230483      3.00      0.00  kworker/5:0-events
11:18:21 PM     0    238283      4.00      0.00  kworker/2:1-events
11:18:21 PM     0    239073      1.00      0.00  kworker/4:2-mm_percpu_wq
11:18:21 PM     0    240331      1.00      0.00  kworker/9:2-mm_percpu_wq
11:18:21 PM     0    241714      1.00      0.00  kworker/3:1-events
11:18:21 PM     0    242833      2.00      0.00  kworker/7:1-events
11:18:21 PM     0    255927      4.00      0.00  kworker/u24:0-events_unbound
11:18:21 PM     0    266197      1.00      0.00  kworker/6:2-events
11:18:21 PM     0    266979      3.00      0.00  kworker/1:0-events
11:18:21 PM     0    267327      2.00      0.00  kworker/10:1-events
11:18:21 PM     0    269223      1.00      0.00  iostat
11:18:21 PM     0    269224      1.00      0.00  pidstat
11:18:21 PM     0    269225      5.00      0.00  bash
11:18:21 PM     0    269226      7.00      0.00  bash
11:18:21 PM     0    269227      4.00      0.00  bash
11:18:21 PM     0    270010      1.00      0.00  sleep
11:18:21 PM     0    270022      1.00      0.00  sleep
11:18:21 PM     0    270023      1.00      0.00  sleep

11:18:21 PM   UID       PID   cswch/s nvcswch/s  Command
11:18:22 PM     0        17     28.00      0.00  rcu_preempt
11:18:22 PM     0        18      1.00      0.00  migration/0
11:18:22 PM     0        23      1.00      0.00  migration/1
11:18:22 PM     0        24      1.00      0.00  ksoftirqd/1
11:18:22 PM     0        29      1.00      0.00  migration/2
11:18:22 PM     0        35      1.00      0.00  migration/3
11:18:22 PM     0        41      1.00      0.00  migration/4
11:18:22 PM     0        47      1.00      0.00  migration/5
11:18:22 PM     0        48      1.00      0.00  ksoftirqd/5
11:18:22 PM     0        53      1.00      0.00  migration/6
11:18:22 PM     0        59      1.00      0.00  migration/7
11:18:22 PM     0        60      1.00      0.00  ksoftirqd/7
11:18:22 PM     0        65      1.00      0.00  migration/8
11:18:22 PM     0        71      1.00      0.00  migration/9
11:18:22 PM     0        77      1.00      0.00  migration/10
11:18:22 PM     0        83      1.00      0.00  migration/11
11:18:22 PM     0        95      2.00      0.00  kcompactd0
11:18:22 PM     0       453      1.00      0.00  multipathd
11:18:22 PM     0    230433      2.00      0.00  kworker/0:1-events
11:18:22 PM     0    230559      2.00      0.00  kworker/11:1-mm_percpu_wq
11:18:22 PM     0    238283      3.00      0.00  kworker/2:1-mm_percpu_wq
11:18:22 PM     0    239073      2.00      0.00  kworker/4:2-events
11:18:22 PM     0    241714      3.00      0.00  kworker/3:1-events
11:18:22 PM     0    242833      3.00      0.00  kworker/7:1-events
11:18:22 PM     0    255927      1.00      0.00  kworker/u24:0-edac-poller
11:18:22 PM     0    266197      2.00      0.00  kworker/6:2-events
11:18:22 PM     0    266979      3.00      0.00  kworker/1:0-events
11:18:22 PM     0    267327      2.00      0.00  kworker/10:1-events
11:18:22 PM     0    269223      1.00      0.00  iostat
11:18:22 PM     0    269224      1.00      0.00  pidstat
11:18:22 PM     0    269225      5.00      0.00  bash
11:18:22 PM     0    269226      6.00      0.00  bash
11:18:22 PM     0    269227      4.00      0.00  bash
11:18:22 PM     0    270026      1.00      0.00  sleep
11:18:22 PM     0    270036      1.00      0.00  sleep
11:18:22 PM     0    270038      1.00      0.00  sleep

11:18:22 PM   UID       PID   cswch/s nvcswch/s  Command
11:18:23 PM     0        16      1.00      0.00  ksoftirqd/0
11:18:23 PM     0        17     20.00      0.00  rcu_preempt
11:18:23 PM     0        24      1.00      0.00  ksoftirqd/1
11:18:23 PM     0        54      1.00      0.00  ksoftirqd/6
11:18:23 PM     0        60      1.00      0.00  ksoftirqd/7
11:18:23 PM     0        72      1.00      0.00  ksoftirqd/9
11:18:23 PM     0        78      1.00      0.00  ksoftirqd/10
11:18:23 PM     0        95      2.00      0.00  kcompactd0
11:18:23 PM     0       453      1.00      0.00  multipathd
11:18:23 PM     0     21554      1.00      0.00  packagekitd
11:18:23 PM     0    230433      3.00      0.00  kworker/0:1-events
11:18:23 PM     0    230483      1.00      0.00  kworker/5:0-mm_percpu_wq
11:18:23 PM     0    238283      2.00      0.00  kworker/2:1-events
11:18:23 PM     0    239073      1.00      0.00  kworker/4:2-mm_percpu_wq
11:18:23 PM     0    240331      1.00      0.00  kworker/9:2-mm_percpu_wq
11:18:23 PM     0    241714      1.00      0.00  kworker/3:1-mm_percpu_wq
11:18:23 PM     0    242833      4.00      0.00  kworker/7:1-events
11:18:23 PM     0    255927      2.00      0.00  kworker/u24:0-events_unbound
11:18:23 PM     0    266197      1.00      0.00  kworker/6:2-events
11:18:23 PM     0    266979      3.00      0.00  kworker/1:0-events
11:18:23 PM     0    269223      1.00      0.00  iostat
11:18:23 PM     0    269224      1.00      0.00  pidstat
11:18:23 PM     0    269225      5.00      0.00  bash
11:18:23 PM     0    269226      7.00      0.00  bash
11:18:23 PM     0    269227      4.00      0.00  bash
11:18:23 PM     0    270041      1.00      0.00  sleep
11:18:23 PM     0    270051      1.00      0.00  sleep
11:18:23 PM     0    270053      1.00      0.00  sleep

11:18:23 PM   UID       PID   cswch/s nvcswch/s  Command
11:18:24 PM     0         1      1.00      0.00  systemd
11:18:24 PM     0        16      1.00      0.00  ksoftirqd/0
11:18:24 PM     0        17     23.00      0.00  rcu_preempt
11:18:24 PM     0        24      1.00      0.00  ksoftirqd/1
11:18:24 PM     0        48      2.00      0.00  ksoftirqd/5
11:18:24 PM     0        60      1.00      0.00  ksoftirqd/7
11:18:24 PM     0        72      1.00      0.00  ksoftirqd/9
11:18:24 PM     0        95      2.00      0.00  kcompactd0
11:18:24 PM     0       453      1.00      0.00  multipathd
11:18:24 PM   101       608      1.00      0.00  systemd-network
11:18:24 PM     0    230433      2.00      0.00  kworker/0:1-events
11:18:24 PM     0    230483      3.00      0.00  kworker/5:0-events
11:18:24 PM     0    230559      2.00      0.00  kworker/11:1-events
11:18:24 PM     0    238283      4.00      0.00  kworker/2:1-mm_percpu_wq
11:18:24 PM     0    239073      2.00      0.00  kworker/4:2-mm_percpu_wq
11:18:24 PM     0    242833      3.00      0.00  kworker/7:1-events
11:18:24 PM     0    255927      1.00      0.00  kworker/u24:0-edac-poller
11:18:24 PM     0    266197      1.00      0.00  kworker/6:2-mm_percpu_wq
11:18:24 PM     0    266979      3.00      0.00  kworker/1:0-events
11:18:24 PM     0    267327      1.00      0.00  kworker/10:1-mm_percpu_wq
11:18:24 PM     0    269223      1.00      0.00  iostat
11:18:24 PM     0    269224      1.00      0.00  pidstat
11:18:24 PM     0    269225      5.00      0.00  bash
11:18:24 PM     0    269226      7.00      0.00  bash
11:18:24 PM     0    269227      4.00      0.00  bash
11:18:24 PM     0    270056      1.00      0.00  sleep
11:18:24 PM     0    270067      1.00      0.00  sleep
11:18:24 PM     0    270068      1.00      0.00  sleep

11:18:24 PM   UID       PID   cswch/s nvcswch/s  Command
11:18:25 PM     0        16      1.00      0.00  ksoftirqd/0
11:18:25 PM     0        17     23.00      0.00  rcu_preempt
11:18:25 PM     0        60      1.00      0.00  ksoftirqd/7
11:18:25 PM     0        84      1.00      0.00  ksoftirqd/11
11:18:25 PM     0        95      2.00      0.00  kcompactd0
11:18:25 PM     0       102      1.00      0.00  irq/9-acpi
11:18:25 PM     0       190      1.00      0.00  kworker/10:1H-kblockd
11:18:25 PM     0       453      1.00      0.00  multipathd
11:18:25 PM     0       562      3.00      0.00  jbd2/nvme1n1p3-8
11:18:25 PM     0    230364      7.00      0.00  kworker/u24:4-events_power_efficient
11:18:25 PM     0    230433      4.00      0.00  kworker/0:1-events
11:18:25 PM     0    230456   1139.00      0.00  kworker/8:2-events
11:18:25 PM     0    230483      2.00      0.00  kworker/5:0-events
11:18:25 PM     0    230559      3.00      0.00  kworker/11:1-events
11:18:25 PM     0    238283      6.00      0.00  kworker/2:1-events
11:18:25 PM     0    239073      1.00      0.00  kworker/4:2-mm_percpu_wq
11:18:25 PM     0    240331      1.00      0.00  kworker/9:2-mm_percpu_wq
11:18:25 PM     0    241714      2.00      0.00  kworker/3:1-events
11:18:25 PM     0    242833      2.00      0.00  kworker/7:1-events
11:18:25 PM     0    255927      2.00      0.00  kworker/u24:0-flush-259:1
11:18:25 PM     0    266197      1.00      0.00  kworker/6:2-events
11:18:25 PM     0    266979      2.00      0.00  kworker/1:0-mm_percpu_wq
11:18:25 PM     0    268979    785.00      0.00  kworker/8:1+i915-unordered
11:18:25 PM     0    269223      1.00      0.00  iostat
11:18:25 PM     0    269224      1.00      0.00  pidstat
11:18:25 PM     0    269225      5.00      0.00  bash
11:18:25 PM     0    269226      7.00      0.00  bash
11:18:25 PM     0    269227      4.00      0.00  bash
11:18:25 PM     0    270071      1.00      0.00  sleep
11:18:25 PM     0    270081      1.00      0.00  sleep
11:18:25 PM     0    270083      1.00      0.00  sleep

11:18:25 PM   UID       PID   cswch/s nvcswch/s  Command
11:18:26 PM     0        16      1.00      0.00  ksoftirqd/0
11:18:26 PM     0        17     20.00      0.00  rcu_preempt
11:18:26 PM     0        18      1.00      0.00  migration/0
11:18:26 PM     0        23      1.00      0.00  migration/1
11:18:26 PM     0        29      1.00      0.00  migration/2
11:18:26 PM     0        35      1.00      0.00  migration/3
11:18:26 PM     0        36      1.00      0.00  ksoftirqd/3
11:18:26 PM     0        41      1.00      0.00  migration/4
11:18:26 PM     0        42      1.00      0.00  ksoftirqd/4
11:18:26 PM     0        47      1.00      0.00  migration/5
11:18:26 PM     0        53      1.00      0.00  migration/6
11:18:26 PM     0        54      1.00      0.00  ksoftirqd/6
11:18:26 PM     0        59      1.00      0.00  migration/7
11:18:26 PM     0        60      1.00      0.00  ksoftirqd/7
11:18:26 PM     0        65      1.00      0.00  migration/8
11:18:26 PM     0        71      1.00      0.00  migration/9
11:18:26 PM     0        72      1.00      0.00  ksoftirqd/9
11:18:26 PM     0        77      1.00      0.00  migration/10
11:18:26 PM     0        83      1.00      0.00  migration/11
11:18:26 PM     0        95      2.00      0.00  kcompactd0
11:18:26 PM     0       453      1.00      0.00  multipathd
11:18:26 PM     0    230364      2.00      0.00  kworker/u24:4-edac-poller
11:18:26 PM     0    230433      3.00      0.00  kworker/0:1-events
11:18:26 PM     0    230483      1.00      0.00  kworker/5:0-mm_percpu_wq
11:18:26 PM     0    230559      3.00      0.00  kworker/11:1-events
11:18:26 PM     0    238283      2.00      0.00  kworker/2:1-mm_percpu_wq
11:18:26 PM     0    239073      2.00      0.00  kworker/4:2-events
11:18:26 PM     0    240331      2.00      0.00  kworker/9:2-events
11:18:26 PM     0    241714      3.00      0.00  kworker/3:1-events
11:18:26 PM     0    242833      2.00      0.00  kworker/7:1-mm_percpu_wq
11:18:26 PM     0    255927      4.00      0.00  kworker/u24:0-events_power_efficient
11:18:26 PM     0    266197      3.00      0.00  kworker/6:2-events
11:18:26 PM     0    266979      4.00      0.00  kworker/1:0-events
11:18:26 PM     0    267327      1.00      0.00  kworker/10:1-mm_percpu_wq
11:18:26 PM     0    268979    349.00      0.00  kworker/8:1-i915-unordered
11:18:26 PM     0    269223      1.00      0.00  iostat
11:18:26 PM     0    269224      1.00      0.00  pidstat
11:18:26 PM     0    269225      5.00      0.00  bash
11:18:26 PM     0    269226      8.00      0.00  bash
11:18:26 PM     0    269227      4.00      0.00  bash
11:18:26 PM     0    270086      1.00      0.00  sleep
11:18:26 PM     0    270097      1.00      0.00  sleep
11:18:26 PM     0    270098      1.00      0.00  sleep

11:18:26 PM   UID       PID   cswch/s nvcswch/s  Command
11:18:27 PM     0        17     21.00      0.00  rcu_preempt
11:18:27 PM     0        36      1.00      0.00  ksoftirqd/3
11:18:27 PM     0        54      1.00      0.00  ksoftirqd/6
11:18:27 PM     0        78      1.00      0.00  ksoftirqd/10
11:18:27 PM     0        95      2.00      0.00  kcompactd0
11:18:27 PM     0       187      1.00      0.00  kworker/0:1H-kblockd
11:18:27 PM     0       453      1.00      0.00  multipathd
11:18:27 PM     0    230364      2.00      0.00  kworker/u24:4-events_unbound
11:18:27 PM     0    230433      2.00      0.00  kworker/0:1-events
11:18:27 PM     0    230483      2.00      0.00  kworker/5:0-events
11:18:27 PM     0    238283      3.00      0.00  kworker/2:1-events
11:18:27 PM     0    239073      1.00      0.00  kworker/4:2-mm_percpu_wq
11:18:27 PM     0    240331      1.00      0.00  kworker/9:2-mm_percpu_wq
11:18:27 PM     0    241714      3.00      0.00  kworker/3:1-events
11:18:27 PM     0    242833      2.00      0.00  kworker/7:1-events
11:18:27 PM     0    266197      3.00      0.00  kworker/6:2-events
11:18:27 PM     0    266979      2.00      0.00  kworker/1:0-mm_percpu_wq
11:18:27 PM     0    269223      1.00      0.00  iostat
11:18:27 PM     0    269224      1.00      0.00  pidstat
11:18:27 PM     0    269225      5.00      0.00  bash
11:18:27 PM     0    269226      6.00      0.00  bash
11:18:27 PM     0    269227      4.00      0.00  bash
11:18:27 PM     0    270101      1.00      0.00  sleep
11:18:27 PM     0    270112      1.00      0.00  sleep
11:18:27 PM     0    270113      1.00      0.00  sleep

11:18:27 PM   UID       PID   cswch/s nvcswch/s  Command
11:18:28 PM     0        16      1.00      0.00  ksoftirqd/0
11:18:28 PM     0        17    136.00      0.00  rcu_preempt
11:18:28 PM     0        24      1.00      0.00  ksoftirqd/1
11:18:28 PM     0        30      9.00      0.00  ksoftirqd/2
11:18:28 PM     0        36      1.00      0.00  ksoftirqd/3
11:18:28 PM     0        60      1.00      0.00  ksoftirqd/7
11:18:28 PM     0        95      2.00      0.00  kcompactd0
11:18:28 PM     0       359      3.00      0.00  jbd2/nvme1n1p2-8
11:18:28 PM     0       453      1.00      0.00  multipathd
11:18:28 PM     0    230364      4.00      0.00  kworker/u24:4-edac-poller
11:18:28 PM     0    230433      3.00      0.00  kworker/0:1-events
11:18:28 PM     0    230559      1.00      0.00  kworker/11:1-mm_percpu_wq
11:18:28 PM     0    238283      9.00      0.00  kworker/2:1-mm_percpu_wq
11:18:28 PM     0    239073      1.00      0.00  kworker/4:2-events
11:18:28 PM     0    240331      3.00      0.00  kworker/9:2-events
11:18:28 PM     0    241714      2.00      0.00  kworker/3:1-events
11:18:28 PM     0    242833      2.00      0.00  kworker/7:1-events
11:18:28 PM     0    266197      2.00      0.00  kworker/6:2-events
11:18:28 PM     0    266979      4.00      0.00  kworker/1:0-events
11:18:28 PM     0    267327      4.00      0.00  kworker/10:1-events
11:18:28 PM     0    268979      1.00      0.00  kworker/8:1-mm_percpu_wq
11:18:28 PM     0    269223      1.00      0.00  iostat
11:18:28 PM     0    269224      1.00      0.00  pidstat
11:18:28 PM     0    269225      5.00      0.00  bash
11:18:28 PM     0    269226      8.00      0.00  bash
11:18:28 PM     0    269227      4.00      0.00  bash
11:18:28 PM     0    270116      1.00      0.00  sleep
11:18:28 PM     0    270123     17.00      3.00  java
11:18:28 PM     0    270155      1.00      0.00  sleep
11:18:28 PM     0    270156      1.00      0.00  sleep

11:18:28 PM   UID       PID   cswch/s nvcswch/s  Command
11:18:29 PM     0        16      1.00      0.00  ksoftirqd/0
11:18:29 PM     0        17    180.00      0.00  rcu_preempt
11:18:29 PM     0        29      1.00      0.00  migration/2
11:18:29 PM     0        30      7.00      0.00  ksoftirqd/2
11:18:29 PM     0        42      1.00      0.00  ksoftirqd/4
11:18:29 PM     0        48      1.00      0.00  ksoftirqd/5
11:18:29 PM     0        59      1.00      0.00  migration/7
11:18:29 PM     0        60      1.00      0.00  ksoftirqd/7
11:18:29 PM     0        95      2.00      0.00  kcompactd0
11:18:29 PM     0       187      1.00      0.00  kworker/0:1H-kblockd
11:18:29 PM     0       190      1.00      0.00  kworker/10:1H-kblockd
11:18:29 PM     0       193      2.00      0.00  kworker/9:1H-kblockd
11:18:29 PM     0       359      9.00      0.00  jbd2/nvme1n1p2-8
11:18:29 PM     0       415      6.00      0.00  systemd-journal
11:18:29 PM     0       453      1.00      0.00  multipathd
11:18:29 PM     0       562      3.00      0.00  jbd2/nvme1n1p3-8
11:18:29 PM     0    230364     14.00      0.00  kworker/u24:4-writeback
11:18:29 PM     0    230433      3.00      0.00  kworker/0:1-events
11:18:29 PM     0    230483      4.00      0.00  kworker/5:0-events
11:18:29 PM     0    230559      1.00      0.00  kworker/11:1-mm_percpu_wq
11:18:29 PM     0    238099      2.00      0.00  kworker/u24:1-ext4-rsv-conversion
11:18:29 PM     0    238283      8.00      0.00  kworker/2:1-events
11:18:29 PM     0    239073      2.00      0.00  kworker/4:2-mm_percpu_wq
11:18:29 PM     0    240331      2.00      0.00  kworker/9:2-mm_percpu_wq
11:18:29 PM     0    241714      1.00      0.00  kworker/3:1-mm_percpu_wq
11:18:29 PM     0    242833      4.00      0.00  kworker/7:1-events
11:18:29 PM     0    245320      3.00      0.00  kworker/u24:2-flush-259:1
11:18:29 PM     0    255927      4.00      0.00  kworker/u24:0-ext4-rsv-conversion
11:18:29 PM     0    266197      1.00      0.00  kworker/6:2-mm_percpu_wq
11:18:29 PM     0    266979      4.00      0.00  kworker/1:0-events
11:18:29 PM     0    267327      3.00      0.00  kworker/10:1-events
11:18:29 PM     0    268979      2.00      0.00  kworker/8:1-mm_percpu_wq
11:18:29 PM     0    269223      2.00      0.00  iostat
11:18:29 PM     0    269224      1.00      0.00  pidstat
11:18:29 PM     0    269225      6.00      1.00  bash
11:18:29 PM     0    269226      8.00      0.00  bash
11:18:29 PM     0    269227      4.00      0.00  bash
11:18:29 PM     0    270160      1.00      0.00  sleep
11:18:29 PM     0    270177      2.00      1.00  sleep
11:18:29 PM     0    270178      1.00      0.00  sleep

11:18:29 PM   UID       PID   cswch/s nvcswch/s  Command
11:18:30 PM     0        16      1.00      0.00  ksoftirqd/0
11:18:30 PM     0        17     20.00      0.00  rcu_preempt
11:18:30 PM     0        18      1.00      0.00  migration/0
11:18:30 PM     0        23      1.00      0.00  migration/1
11:18:30 PM     0        24      2.00      0.00  ksoftirqd/1
11:18:30 PM     0        29      2.00      0.00  migration/2
11:18:30 PM     0        35      1.00      0.00  migration/3
11:18:30 PM     0        41      1.00      0.00  migration/4
11:18:30 PM     0        47      1.00      0.00  migration/5
11:18:30 PM     0        53      1.00      0.00  migration/6
11:18:30 PM     0        59      1.00      0.00  migration/7
11:18:30 PM     0        65      1.00      0.00  migration/8
11:18:30 PM     0        71      1.00      0.00  migration/9
11:18:30 PM     0        77      1.00      0.00  migration/10
11:18:30 PM     0        78      1.00      0.00  ksoftirqd/10
11:18:30 PM     0        83      1.00      0.00  migration/11
11:18:30 PM     0        95      2.00      0.00  kcompactd0
11:18:30 PM     0       453      1.00      0.00  multipathd
11:18:30 PM     0    230364      1.00      0.00  kworker/u24:4-events_unbound
11:18:30 PM     0    230433      2.00      0.00  kworker/0:1-events
11:18:30 PM     0    230483      1.00      0.00  kworker/5:0-events
11:18:30 PM     0    230559      1.00      0.00  kworker/11:1-mm_percpu_wq
11:18:30 PM     0    238283     10.00      0.00  kworker/2:1-events
11:18:30 PM     0    239073      1.00      0.00  kworker/4:2-mm_percpu_wq
11:18:30 PM     0    240331      1.00      0.00  kworker/9:2-mm_percpu_wq
11:18:30 PM     0    241714      1.00      0.00  kworker/3:1-mm_percpu_wq
11:18:30 PM     0    245320      1.00      0.00  kworker/u24:2-flush-259:1
11:18:30 PM     0    266979      4.00      0.00  kworker/1:0-events
11:18:30 PM     0    267327      3.00      0.00  kworker/10:1-events
11:18:30 PM     0    269223      1.00      0.00  iostat
11:18:30 PM     0    269224      2.00      0.00  pidstat
11:18:30 PM     0    269225      5.00      0.00  bash
11:18:30 PM     0    269226      7.00      0.00  bash
11:18:30 PM     0    269227      5.00      0.00  bash
11:18:30 PM     0    270181      1.00      0.00  sleep
11:18:30 PM     0    270192      1.00      0.00  sleep
11:18:30 PM     0    270193      1.00      0.00  sleep

11:18:30 PM   UID       PID   cswch/s nvcswch/s  Command
11:18:31 PM     0        17     19.00      0.00  rcu_preempt
11:18:31 PM     0        24      1.00      0.00  ksoftirqd/1
11:18:31 PM     0        29      1.00      0.00  migration/2
11:18:31 PM     0        42      1.00      0.00  ksoftirqd/4
11:18:31 PM     0        54      1.00      0.00  ksoftirqd/6
11:18:31 PM     0        60      1.00      0.00  ksoftirqd/7
11:18:31 PM     0        71      1.00      0.00  migration/9
11:18:31 PM     0        95      2.00      0.00  kcompactd0
11:18:31 PM     0       453      1.00      0.00  multipathd
11:18:31 PM     0    230364      2.00      0.00  kworker/u24:4-events_power_efficient
11:18:31 PM     0    230433      1.00      0.00  kworker/0:1-events
11:18:31 PM     0    230483      1.00      0.00  kworker/5:0-mm_percpu_wq
11:18:31 PM     0    230559      2.00      0.00  kworker/11:1-events
11:18:31 PM     0    238283      3.00      0.00  kworker/2:1-events
11:18:31 PM     0    240331      2.00      0.00  kworker/9:2-events
11:18:31 PM     0    241714      1.00      0.00  kworker/3:1-events
11:18:31 PM     0    242833      2.00      0.00  kworker/7:1-events
11:18:31 PM     0    245320      1.00      0.00  kworker/u24:2-flush-259:1
11:18:31 PM     0    266197      2.00      0.00  kworker/6:2-events
11:18:31 PM     0    266979      2.00      0.00  kworker/1:0-events
11:18:31 PM     0    268979      1.00      0.00  kworker/8:1-events
11:18:31 PM     0    269223      1.00      0.00  iostat
11:18:31 PM     0    269224      1.00      0.00  pidstat
11:18:31 PM     0    269225      5.00      0.00  bash
11:18:31 PM     0    269226      7.00      0.00  bash
11:18:31 PM     0    269227      4.00      0.00  bash
11:18:31 PM     0    270196      1.00      0.00  sleep
11:18:31 PM     0    270207      1.00      0.00  sleep
11:18:31 PM     0    270208      1.00      0.00  sleep

11:18:31 PM   UID       PID   cswch/s nvcswch/s  Command
11:18:32 PM     0        17     20.00      0.00  rcu_preempt
11:18:32 PM     0        24      1.00      0.00  ksoftirqd/1
11:18:32 PM     0        29      1.00      0.00  migration/2
11:18:32 PM     0        48      1.00      0.00  ksoftirqd/5
11:18:32 PM     0        54      1.00      0.00  ksoftirqd/6
11:18:32 PM     0        66      1.00      0.00  ksoftirqd/8
11:18:32 PM     0        78      1.00      0.00  ksoftirqd/10
11:18:32 PM     0        95      2.00      0.00  kcompactd0
11:18:32 PM     0       453      1.00      0.00  multipathd
11:18:32 PM     0    230364      1.00      0.00  kworker/u24:4-events_power_efficient
11:18:32 PM     0    230433      3.00      0.00  kworker/0:1-events
11:18:32 PM     0    230483      2.00      0.00  kworker/5:0-events
11:18:32 PM     0    238283     12.00      0.00  kworker/2:1-events
11:18:32 PM     0    239073      3.00      0.00  kworker/4:2-mm_percpu_wq
11:18:32 PM     0    240331      3.00      0.00  kworker/9:2-events
11:18:32 PM     0    241714      1.00      0.00  kworker/3:1-mm_percpu_wq
11:18:32 PM     0    245320      1.00      0.00  kworker/u24:2-events_unbound
11:18:32 PM     0    266197      2.00      0.00  kworker/6:2-events
11:18:32 PM     0    266979      4.00      0.00  kworker/1:0-events
11:18:32 PM     0    267327      3.00      0.00  kworker/10:1-events
11:18:32 PM     0    268979      2.00      0.00  kworker/8:1-events
11:18:32 PM     0    269223      1.00      0.00  iostat
11:18:32 PM     0    269224      1.00      0.00  pidstat
11:18:32 PM     0    269225      5.00      0.00  bash
11:18:32 PM     0    269226      7.00      0.00  bash
11:18:32 PM     0    269227      4.00      0.00  bash
11:18:32 PM     0    270211      1.00      0.00  sleep
11:18:32 PM     0    270222      1.00      0.00  sleep
11:18:32 PM     0    270223      1.00      0.00  sleep

11:18:32 PM   UID       PID   cswch/s nvcswch/s  Command
11:18:33 PM     0        16      2.00      0.00  ksoftirqd/0
11:18:33 PM     0        17     20.00      0.00  rcu_preempt
11:18:33 PM     0        24      1.00      0.00  ksoftirqd/1
11:18:33 PM     0        29      1.00      0.00  migration/2
11:18:33 PM     0        48      2.00      0.00  ksoftirqd/5
11:18:33 PM     0        95      2.00      0.00  kcompactd0
11:18:33 PM     0       453      1.00      0.00  multipathd
11:18:33 PM     0     21554      1.00      0.00  packagekitd
11:18:33 PM     0    230433      3.00      0.00  kworker/0:1-events
11:18:33 PM     0    230483      3.00      0.00  kworker/5:0-events
11:18:33 PM     0    230559      1.00      0.00  kworker/11:1-mm_percpu_wq
11:18:33 PM     0    238283     13.00      0.00  kworker/2:1-events
11:18:33 PM     0    240331      1.00      0.00  kworker/9:2-events
11:18:33 PM     0    241714      2.00      0.00  kworker/3:1-events
11:18:33 PM     0    245320      1.00      0.00  kworker/u24:2-edac-poller
11:18:33 PM     0    266979      4.00      0.00  kworker/1:0-events
11:18:33 PM     0    267327      1.00      0.00  kworker/10:1-events
11:18:33 PM     0    268979      1.00      0.00  kworker/8:1-events
11:18:33 PM     0    269223      1.00      0.00  iostat
11:18:33 PM     0    269224      1.00      0.00  pidstat
11:18:33 PM     0    269225      5.00      0.00  bash
11:18:33 PM     0    269226      8.00      0.00  bash
11:18:33 PM     0    269227      4.00      0.00  bash
11:18:33 PM     0    270226      1.00      0.00  sleep
11:18:33 PM     0    270237      1.00      0.00  sleep
11:18:33 PM     0    270238      1.00      0.00  sleep

11:18:33 PM   UID       PID   cswch/s nvcswch/s  Command
11:18:34 PM     0        17     18.00      0.00  rcu_preempt
11:18:34 PM     0        18      1.00      0.00  migration/0
11:18:34 PM     0        23      1.00      0.00  migration/1
11:18:34 PM     0        24      2.00      0.00  ksoftirqd/1
11:18:34 PM     0        29      2.00      0.00  migration/2
11:18:34 PM     0        35      1.00      0.00  migration/3
11:18:34 PM     0        41      1.00      0.00  migration/4
11:18:34 PM     0        42      1.00      0.00  ksoftirqd/4
11:18:34 PM     0        47      1.00      0.00  migration/5
11:18:34 PM     0        48      1.00      0.00  ksoftirqd/5
11:18:34 PM     0        53      1.00      0.00  migration/6
11:18:34 PM     0        54      2.00      0.00  ksoftirqd/6
11:18:34 PM     0        59      2.00      0.00  migration/7
11:18:34 PM     0        65      1.00      0.00  migration/8
11:18:34 PM     0        71      1.00      0.00  migration/9
11:18:34 PM     0        77      1.00      0.00  migration/10
11:18:34 PM     0        83      1.00      0.00  migration/11
11:18:34 PM     0        95      2.00      0.00  kcompactd0
11:18:34 PM     0       176      4.00      0.00  kworker/11:1H-kblockd
11:18:34 PM     0       194      3.00      0.00  kworker/8:1H-kblockd
11:18:34 PM     0       359      3.00      0.00  jbd2/nvme1n1p2-8
11:18:34 PM     0       453      1.00      0.00  multipathd
11:18:34 PM     0       562      3.00      0.00  jbd2/nvme1n1p3-8
11:18:34 PM     0    230364      9.00      0.00  kworker/u24:4-events_unbound
11:18:34 PM     0    230433      4.00      0.00  kworker/0:1-events
11:18:34 PM     0    230483      2.00      0.00  kworker/5:0-events
11:18:34 PM     0    230559      1.00      0.00  kworker/11:1-mm_percpu_wq
11:18:34 PM     0    238099      1.00      0.00  kworker/u24:1-ext4-rsv-conversion
11:18:34 PM     0    238283     13.00      0.00  kworker/2:1-events
11:18:34 PM     0    239073      1.00      0.00  kworker/4:2-mm_percpu_wq
11:18:34 PM     0    240331      2.00      0.00  kworker/9:2-events
11:18:34 PM     0    241714      1.00      0.00  kworker/3:1-mm_percpu_wq
11:18:34 PM     0    242833      1.00      0.00  kworker/7:1-mm_percpu_wq
11:18:34 PM     0    245320      5.00      0.00  kworker/u24:2-flush-259:1
11:18:34 PM     0    255927      1.00      0.00  kworker/u24:0-flush-259:1
11:18:34 PM     0    266197      3.00      0.00  kworker/6:2-events
11:18:34 PM     0    266979      7.00      0.00  kworker/1:0-events
11:18:34 PM     0    267327      2.00      0.00  kworker/10:1-events
11:18:34 PM     0    268979      2.00      0.00  kworker/8:1-events
11:18:34 PM     0    269223      1.00      0.00  iostat
11:18:34 PM     0    269224      1.00      0.00  pidstat
11:18:34 PM     0    269225      5.00      0.00  bash
11:18:34 PM     0    269226      8.00      0.00  bash
11:18:34 PM     0    269227      4.00      0.00  bash
11:18:34 PM     0    270241      1.00      0.00  sleep
11:18:34 PM     0    270252      1.00      0.00  sleep
11:18:34 PM     0    270253      1.00      0.00  sleep

11:18:34 PM   UID       PID   cswch/s nvcswch/s  Command
11:18:35 PM     0        17     15.00      0.00  rcu_preempt
11:18:35 PM     0        29      1.00      0.00  migration/2
11:18:35 PM     0        54      1.00      0.00  ksoftirqd/6
11:18:35 PM     0        72      1.00      0.00  ksoftirqd/9
11:18:35 PM     0        95      2.00      0.00  kcompactd0
11:18:35 PM     0       188      1.00      0.00  kworker/2:1H-kblockd
11:18:35 PM     0       453      1.00      0.00  multipathd
11:18:35 PM     0    230364      1.00      0.00  kworker/u24:4-edac-poller
11:18:35 PM     0    230433      2.00      0.00  kworker/0:1-events
11:18:35 PM     0    230483      1.00      0.00  kworker/5:0-mm_percpu_wq
11:18:35 PM     0    238283     11.00      0.00  kworker/2:1-events
11:18:35 PM     0    239073      2.00      0.00  kworker/4:2-mm_percpu_wq
11:18:35 PM     0    240331      1.00      0.00  kworker/9:2-events
11:18:35 PM     0    266197      2.00      0.00  kworker/6:2-events
11:18:35 PM     0    266979      3.00      0.00  kworker/1:0-events
11:18:35 PM     0    268979      1.00      0.00  kworker/8:1-mm_percpu_wq
11:18:35 PM     0    269223      1.00      0.00  iostat
11:18:35 PM     0    269224      1.00      0.00  pidstat
11:18:35 PM     0    269225      5.00      0.00  bash
11:18:35 PM     0    269226      8.00      0.00  bash
11:18:35 PM     0    269227      4.00      0.00  bash
11:18:35 PM     0    270256      1.00      0.00  sleep

11:18:35 PM   UID       PID   cswch/s nvcswch/s  Command
11:18:36 PM     0        17     15.00      0.00  rcu_preempt
11:18:36 PM     0        24      2.00      1.00  ksoftirqd/1
11:18:36 PM     0        48      1.00      0.00  ksoftirqd/5
11:18:36 PM     0        72      2.00      0.00  ksoftirqd/9
11:18:36 PM     0        95      2.00      0.00  kcompactd0
11:18:36 PM     0       453      1.00      0.00  multipathd
11:18:36 PM     0    230364      1.00      0.00  kworker/u24:4-events_unbound
11:18:36 PM     0    230433      2.00      0.00  kworker/0:1-mm_percpu_wq
11:18:36 PM     0    230483      1.00      0.00  kworker/5:0-events
11:18:36 PM     0    230559      1.00      0.00  kworker/11:1-mm_percpu_wq
11:18:36 PM     0    238283     12.00      0.00  kworker/2:1-events
11:18:36 PM     0    239073      2.00      0.00  kworker/4:2-mm_percpu_wq
11:18:36 PM     0    240331      3.00      0.00  kworker/9:2-mm_percpu_wq
11:18:36 PM     0    241714      1.00      0.00  kworker/3:1-mm_percpu_wq
11:18:36 PM     0    242833      1.00      0.00  kworker/7:1-mm_percpu_wq
11:18:36 PM     0    245320      1.00      0.00  kworker/u24:2-flush-259:1
11:18:36 PM     0    266197      1.00      0.00  kworker/6:2-events
11:18:36 PM     0    266979      5.00      0.00  kworker/1:0-mm_percpu_wq
11:18:36 PM     0    267327      2.00      0.00  kworker/10:1-mm_percpu_wq
11:18:36 PM     0    268979      3.00      0.00  kworker/8:1-mm_percpu_wq
11:18:36 PM     0    269223      1.00      0.00  iostat
11:18:36 PM     0    269224      1.00      0.00  pidstat
11:18:36 PM     0    269225      1.00      0.00  bash
11:18:36 PM     0    269227      4.00      0.00  bash
11:18:36 PM     0    270271      1.00      0.00  sleep

11:18:36 PM   UID       PID   cswch/s nvcswch/s  Command
11:18:37 PM     0         1      1.00      0.00  systemd
11:18:37 PM     0        16      1.00      0.00  ksoftirqd/0
11:18:37 PM     0        17     25.00      0.00  rcu_preempt
11:18:37 PM     0        29      1.00      0.00  migration/2
11:18:37 PM     0        48      1.00      0.00  ksoftirqd/5
11:18:37 PM     0        60      2.00      0.00  ksoftirqd/7
11:18:37 PM     0        78      2.00      0.00  ksoftirqd/10
11:18:37 PM     0        95      2.00      0.00  kcompactd0
11:18:37 PM     0       453      1.00      0.00  multipathd
11:18:37 PM   102       621      1.00      0.00  systemd-resolve
11:18:37 PM     0       643      1.00      0.00  systemd-logind
11:18:37 PM     0    230364      1.00      0.00  kworker/u24:4-events_power_efficient
11:18:37 PM     0    230433      1.00      0.00  kworker/0:1-events
11:18:37 PM     0    230483      2.00      0.00  kworker/5:0-events
11:18:37 PM     0    238283     13.00      0.00  kworker/2:1-events
11:18:37 PM     0    240331      3.00      0.00  kworker/9:2-events
11:18:37 PM     0    245320      1.00      0.00  kworker/u24:2-flush-259:1
11:18:37 PM     0    266197      1.00      0.00  kworker/6:2-mm_percpu_wq
11:18:37 PM     0    267327      1.00      0.00  kworker/10:1-events
11:18:37 PM     0    268979      1.00      0.00  kworker/8:1-events
11:18:37 PM     0    269223      1.00      0.00  iostat
11:18:37 PM     0    269224      1.00      0.00  pidstat
11:18:37 PM     0    269225      4.00      0.00  bash
11:18:37 PM     0    269226      8.00      0.00  bash
11:18:37 PM     0    269227      4.00      0.00  bash
11:18:37 PM     0    270282      1.00      0.00  sleep
11:18:37 PM     0    270283      1.00      0.00  sleep
11:18:37 PM     0    270286      1.00      0.00  sleep

11:18:37 PM   UID       PID   cswch/s nvcswch/s  Command
11:18:38 PM     0        16      1.00      0.00  ksoftirqd/0
11:18:38 PM     0        17     22.00      0.00  rcu_preempt
11:18:38 PM     0        18      1.00      0.00  migration/0
11:18:38 PM     0        23      1.00      0.00  migration/1
11:18:38 PM     0        24      1.00      0.00  ksoftirqd/1
11:18:38 PM     0        29      2.00      0.00  migration/2
11:18:38 PM     0        35      1.00      0.00  migration/3
11:18:38 PM     0        36      2.00      0.00  ksoftirqd/3
11:18:38 PM     0        41      1.00      0.00  migration/4
11:18:38 PM     0        47      1.00      0.00  migration/5
11:18:38 PM     0        48      1.00      0.00  ksoftirqd/5
11:18:38 PM     0        53      1.00      0.00  migration/6
11:18:38 PM     0        59      1.00      0.00  migration/7
11:18:38 PM     0        65      1.00      0.00  migration/8
11:18:38 PM     0        71      1.00      0.00  migration/9
11:18:38 PM     0        77      1.00      0.00  migration/10
11:18:38 PM     0        78      2.00      0.00  ksoftirqd/10
11:18:38 PM     0        83      1.00      0.00  migration/11
11:18:38 PM     0        95      2.00      0.00  kcompactd0
11:18:38 PM     0       453      1.00      0.00  multipathd
11:18:38 PM   101       608      2.00      0.00  systemd-network
11:18:38 PM     0    230364      1.00      0.00  kworker/u24:4-events_power_efficient
11:18:38 PM     0    230433      2.00      0.00  kworker/0:1-events
11:18:38 PM     0    230483      4.00      0.00  kworker/5:0-events
11:18:38 PM     0    230559      1.00      0.00  kworker/11:1-events
11:18:38 PM     0    238283      7.00      0.00  kworker/2:1-events
11:18:38 PM     0    239073      2.00      0.00  kworker/4:2-mm_percpu_wq
11:18:38 PM     0    240331      1.00      0.00  kworker/9:2-events
11:18:38 PM     0    241714      1.00      0.00  kworker/3:1-mm_percpu_wq
11:18:38 PM     0    242833      1.00      0.00  kworker/7:1-mm_percpu_wq
11:18:38 PM     0    245320      1.00      0.00  kworker/u24:2-events_unbound
11:18:38 PM     0    266197      1.00      0.00  kworker/6:2-events
11:18:38 PM     0    266979      4.00      0.00  kworker/1:0-mm_percpu_wq
11:18:38 PM     0    267327      2.00      0.00  kworker/10:1-events
11:18:38 PM     0    268979      3.00      0.00  kworker/8:1-mm_percpu_wq
11:18:38 PM     0    269223      1.00      0.00  iostat
11:18:38 PM     0    269224      1.00      0.00  pidstat
11:18:38 PM     0    269225      5.00      0.00  bash
11:18:38 PM     0    269226      8.00      0.00  bash
11:18:38 PM     0    269227      4.00      0.00  bash
11:18:38 PM     0    270297      1.00      0.00  sleep
11:18:38 PM     0    270298      1.00      0.00  sleep
11:18:38 PM     0    270301      1.00      0.00  sleep

11:18:38 PM   UID       PID   cswch/s nvcswch/s  Command
11:18:39 PM     0        16      1.00      0.00  ksoftirqd/0
11:18:39 PM     0        17     18.00      0.00  rcu_preempt
11:18:39 PM     0        24      1.00      0.00  ksoftirqd/1
11:18:39 PM     0        29      1.00      0.00  migration/2
11:18:39 PM     0        78      1.00      0.00  ksoftirqd/10
11:18:39 PM     0        84      2.00      0.00  ksoftirqd/11
11:18:39 PM     0        95      2.00      0.00  kcompactd0
11:18:39 PM     0       176      2.00      0.00  kworker/11:1H-kblockd
11:18:39 PM     0       359      3.00      0.00  jbd2/nvme1n1p2-8
11:18:39 PM     0       453      1.00      0.00  multipathd
11:18:39 PM     0       562      3.00      0.00  jbd2/nvme1n1p3-8
11:18:39 PM     0    230364      1.00      0.00  kworker/u24:4-flush-259:1
11:18:39 PM     0    230433      2.00      0.00  kworker/0:1-events
11:18:39 PM     0    230559      3.00      0.00  kworker/11:1-events
11:18:39 PM     0    238099      1.00      0.00  kworker/u24:1-ext4-rsv-conversion
11:18:39 PM     0    238283     12.00      0.00  kworker/2:1-events
11:18:39 PM     0    240331      2.00      0.00  kworker/9:2-events
11:18:39 PM     0    245320      6.00      0.00  kworker/u24:2-writeback
11:18:39 PM     0    266197      1.00      0.00  kworker/6:2-mm_percpu_wq
11:18:39 PM     0    266979      3.00      0.00  kworker/1:0-events
11:18:39 PM     0    267327      3.00      0.00  kworker/10:1-events
11:18:39 PM     0    268979      1.00      0.00  kworker/8:1-events
11:18:39 PM     0    269223      1.00      0.00  iostat
11:18:39 PM     0    269224      1.00      0.00  pidstat
11:18:39 PM     0    269225      5.00      0.00  bash
11:18:39 PM     0    269226      8.00      0.00  bash
11:18:39 PM     0    269227      4.00      0.00  bash
11:18:39 PM     0    270312      1.00      0.00  sleep
11:18:39 PM     0    270313      1.00      0.00  sleep
11:18:39 PM     0    270316      1.00      0.00  sleep

11:18:39 PM   UID       PID   cswch/s nvcswch/s  Command
11:18:40 PM     0        16      1.00      0.00  ksoftirqd/0
11:18:40 PM     0        17     17.00      0.00  rcu_preempt
11:18:40 PM     0        24      2.00      0.00  ksoftirqd/1
11:18:40 PM     0        29      1.00      0.00  migration/2
11:18:40 PM     0        36      1.00      0.00  ksoftirqd/3
11:18:40 PM     0        78      2.00      0.00  ksoftirqd/10
11:18:40 PM     0        84      1.00      0.00  ksoftirqd/11
11:18:40 PM     0        95      2.00      0.00  kcompactd0
11:18:40 PM     0       194      1.00      0.00  kworker/8:1H-kblockd
11:18:40 PM     0       453      1.00      0.00  multipathd
11:18:40 PM     0    230433      4.00      0.00  kworker/0:1-mm_percpu_wq
11:18:40 PM     0    230559      2.00      0.00  kworker/11:1-events
11:18:40 PM     0    238283      4.00      0.00  kworker/2:1-mm_percpu_wq
11:18:40 PM     0    239073      2.00      0.00  kworker/4:2-mm_percpu_wq
11:18:40 PM     0    240331      1.00      0.00  kworker/9:2-events
11:18:40 PM     0    245320      1.00      0.00  kworker/u24:2-edac-poller
11:18:40 PM     0    266979      6.00      0.00  kworker/1:0-mm_percpu_wq
11:18:40 PM     0    267327      2.00      0.00  kworker/10:1-events
11:18:40 PM     0    268979      2.00      0.00  kworker/8:1-mm_percpu_wq
11:18:40 PM     0    269223      1.00      0.00  iostat
11:18:40 PM     0    269224      1.00      0.00  pidstat
11:18:40 PM     0    269225      5.00      0.00  bash
11:18:40 PM     0    269226      8.00      0.00  bash
11:18:40 PM     0    269227      4.00      0.00  bash
11:18:40 PM     0    270327      1.00      0.00  sleep
11:18:40 PM     0    270328      1.00      0.00  sleep
11:18:40 PM     0    270331      1.00      0.00  sleep

11:18:40 PM   UID       PID   cswch/s nvcswch/s  Command
11:18:41 PM     0        16      2.00      0.00  ksoftirqd/0
11:18:41 PM     0        17     17.00      0.00  rcu_preempt
11:18:41 PM     0        24      2.00      0.00  ksoftirqd/1
11:18:41 PM     0        29      1.00      0.00  migration/2
11:18:41 PM     0        36      1.00      0.00  ksoftirqd/3
11:18:41 PM     0        42      1.00      0.00  ksoftirqd/4
11:18:41 PM     0        71      1.00      0.00  migration/9
11:18:41 PM     0        84      1.00      0.00  ksoftirqd/11
11:18:41 PM     0        95      2.00      0.00  kcompactd0
11:18:41 PM     0       188      1.00      0.00  kworker/2:1H-kblockd
11:18:41 PM     0       453      1.00      0.00  multipathd
11:18:41 PM     0    230433      2.00      0.00  kworker/0:1-events
11:18:41 PM     0    230483      1.00      0.00  kworker/5:0-mm_percpu_wq
11:18:41 PM     0    230559      4.00      0.00  kworker/11:1-events
11:18:41 PM     0    238099      1.00      0.00  kworker/u24:1-ext4-rsv-conversion
11:18:41 PM     0    238283      6.00      0.00  kworker/2:1-events
11:18:41 PM     0    240331      1.00      0.00  kworker/9:2-mm_percpu_wq
11:18:41 PM     0    241714      2.00      0.00  kworker/3:1-events
11:18:41 PM     0    242833      1.00      0.00  kworker/7:1-mm_percpu_wq
11:18:41 PM     0    245320      1.00      0.00  kworker/u24:2-events_unbound
11:18:41 PM     0    266979      3.00      0.00  kworker/1:0-events
11:18:41 PM     0    268979      1.00      0.00  kworker/8:1-events
11:18:41 PM     0    269223      1.00      0.00  iostat
11:18:41 PM     0    269224      1.00      0.00  pidstat
11:18:41 PM     0    269225      5.00      0.00  bash
11:18:41 PM     0    269226      8.00      0.00  bash
11:18:41 PM     0    269227      4.00      0.00  bash
11:18:41 PM     0    270342      1.00      0.00  sleep
11:18:41 PM     0    270343      1.00      0.00  sleep
11:18:41 PM     0    270346      1.00      0.00  sleep

11:18:41 PM   UID       PID   cswch/s nvcswch/s  Command
11:18:42 PM     0         2      1.00      0.00  kthreadd
11:18:42 PM     0        16      2.00      0.00  ksoftirqd/0
11:18:42 PM     0        17     20.00      0.00  rcu_preempt
11:18:42 PM     0        18      1.00      0.00  migration/0
11:18:42 PM     0        23      1.00      0.00  migration/1
11:18:42 PM     0        29      1.00      0.00  migration/2
11:18:42 PM     0        35      1.00      0.00  migration/3
11:18:42 PM     0        41      1.00      0.00  migration/4
11:18:42 PM     0        42      1.00      0.00  ksoftirqd/4
11:18:42 PM     0        47      1.00      0.00  migration/5
11:18:42 PM     0        53      1.00      0.00  migration/6
11:18:42 PM     0        59      1.00      0.00  migration/7
11:18:42 PM     0        65      1.00      0.00  migration/8
11:18:42 PM     0        71      1.00      0.00  migration/9
11:18:42 PM     0        77      1.00      0.00  migration/10
11:18:42 PM     0        83      1.00      0.00  migration/11
11:18:42 PM     0        84      1.00      0.00  ksoftirqd/11
11:18:42 PM     0        95      2.00      0.00  kcompactd0
11:18:42 PM     0       102      1.00      0.00  irq/9-acpi
11:18:42 PM     0       453      1.00      0.00  multipathd
11:18:42 PM     0    229945      2.00      0.00  kworker/9:0-i915-unordered
11:18:42 PM     0    230433      5.00      0.00  kworker/0:1-events
11:18:42 PM     0    230559      4.00      0.00  kworker/11:1-mm_percpu_wq
11:18:42 PM     0    238099      1.00      0.00  kworker/u24:1-ext4-rsv-conversion
11:18:42 PM     0    238283     10.00      0.00  kworker/2:1-events
11:18:42 PM     0    239073      3.00      0.00  kworker/4:2-mm_percpu_wq
11:18:42 PM     0    240331     10.00      0.00  kworker/9:2-events
11:18:42 PM     0    241714      2.00      0.00  kworker/3:1-mm_percpu_wq
11:18:42 PM     0    245320      2.00      0.00  kworker/u24:2-events_power_efficient
11:18:42 PM     0    266979      3.00      0.00  kworker/1:0-mm_percpu_wq
11:18:42 PM     0    267327      1.00      0.00  kworker/10:1-mm_percpu_wq
11:18:42 PM     0    269223      1.00      0.00  iostat
11:18:42 PM     0    269224      1.00      0.00  pidstat
11:18:42 PM     0    269225      5.00      0.00  bash
11:18:42 PM     0    269226      6.00      0.00  bash
11:18:42 PM     0    269227      4.00      0.00  bash
11:18:42 PM     0    270357      1.00      0.00  sleep
11:18:42 PM     0    270358      1.00      0.00  sleep
11:18:42 PM     0    270359      2.00      0.00  kworker/9:1
11:18:42 PM     0    270362      1.00      0.00  sleep

11:18:42 PM   UID       PID   cswch/s nvcswch/s  Command
11:18:43 PM     0         1      3.00      0.00  systemd
11:18:43 PM     0        16      2.00      0.00  ksoftirqd/0
11:18:43 PM     0        17     42.00      0.00  rcu_preempt
11:18:43 PM     0        36      2.00      0.00  ksoftirqd/3
11:18:43 PM     0        42      1.00      0.00  ksoftirqd/4
11:18:43 PM     0        84      1.00      0.00  ksoftirqd/11
11:18:43 PM     0        95      2.00      0.00  kcompactd0
11:18:43 PM     0       415      7.00      0.00  systemd-journal
11:18:43 PM     0       453      1.00      0.00  multipathd
11:18:43 PM     0       773      3.00      0.00  sshd
11:18:43 PM     0     21554      1.00      0.00  packagekitd
11:18:43 PM     0    230433      3.00      0.00  kworker/0:1-events
11:18:43 PM     0    230483      2.00      0.00  kworker/5:0-events
11:18:43 PM     0    230559      1.00      0.00  kworker/11:1-events
11:18:43 PM     0    238099      1.00      0.00  kworker/u24:1-events_unbound
11:18:43 PM     0    238283      5.00      0.00  kworker/2:1-events
11:18:43 PM     0    240331      1.00      0.00  kworker/9:2-mm_percpu_wq
11:18:43 PM     0    241714      1.00      0.00  kworker/3:1-events
11:18:43 PM     0    242833      2.00      0.00  kworker/7:1-events
11:18:43 PM     0    245320      1.00      0.00  kworker/u24:2-events_power_efficient
11:18:43 PM     0    266979      2.00      0.00  kworker/1:0-events
11:18:43 PM     0    267327      1.00      0.00  kworker/10:1-events
11:18:43 PM     0    268979      1.00      0.00  kworker/8:1-mm_percpu_wq
11:18:43 PM     0    269223      1.00      0.00  iostat
11:18:43 PM     0    269224      1.00      0.00  pidstat
11:18:43 PM     0    269225      5.00      1.00  bash
11:18:43 PM     0    269226      7.00      0.00  bash
11:18:43 PM     0    269227      4.00      0.00  bash
11:18:43 PM     0    270372      1.00      0.00  sleep
11:18:43 PM     0    270374      1.00      0.00  sleep
11:18:43 PM     0    270377      1.00      0.00  sleep

11:18:43 PM   UID       PID   cswch/s nvcswch/s  Command
11:18:44 PM     0        16      2.00      0.00  ksoftirqd/0
11:18:44 PM     0        17     22.00      0.00  rcu_preempt
11:18:44 PM     0        24      2.00      0.00  ksoftirqd/1
11:18:44 PM     0        60      1.00      0.00  ksoftirqd/7
11:18:44 PM     0        72      1.00      0.00  ksoftirqd/9
11:18:44 PM     0        84      2.00      0.00  ksoftirqd/11
11:18:44 PM     0        95      2.00      0.00  kcompactd0
11:18:44 PM     0       176      1.00      0.00  kworker/11:1H-kblockd
11:18:44 PM     0       359      3.00      0.00  jbd2/nvme1n1p2-8
11:18:44 PM     0       453      1.00      0.00  multipathd
11:18:44 PM     0       562      3.00      0.00  jbd2/nvme1n1p3-8
11:18:44 PM     0    230364      3.00      0.00  kworker/u24:4-ext4-rsv-conversion
11:18:44 PM     0    230433      3.00      0.00  kworker/0:1-mm_percpu_wq
11:18:44 PM     0    230483      2.00      0.00  kworker/5:0-mm_percpu_wq
11:18:44 PM     0    230559      5.00      0.00  kworker/11:1-mm_percpu_wq
11:18:44 PM     0    238099      3.00      0.00  kworker/u24:1-events_power_efficient
11:18:44 PM     0    238283      2.00      0.00  kworker/2:1-mm_percpu_wq
11:18:44 PM     0    239073      2.00      0.00  kworker/4:2-mm_percpu_wq
11:18:44 PM     0    240331      1.00      0.00  kworker/9:2-events
11:18:44 PM     0    245320      3.00      0.00  kworker/u24:2-flush-259:1
11:18:44 PM     0    266197      1.00      0.00  kworker/6:2-mm_percpu_wq
11:18:44 PM     0    266979      6.00      0.00  kworker/1:0-mm_percpu_wq
11:18:44 PM     0    267327      2.00      0.00  kworker/10:1-mm_percpu_wq
11:18:44 PM     0    268979      2.00      0.00  kworker/8:1-mm_percpu_wq
11:18:44 PM     0    269223      1.00      0.00  iostat
11:18:44 PM     0    269224      1.00      0.00  pidstat
11:18:44 PM     0    269225      5.00      0.00  bash
11:18:44 PM     0    269226      8.00      0.00  bash
11:18:44 PM     0    269227      4.00      0.00  bash
11:18:44 PM     0    270389      1.00      0.00  sleep
11:18:44 PM     0    270391      1.00      0.00  sleep
11:18:44 PM     0    270394      1.00      0.00  sleep

11:18:44 PM   UID       PID   cswch/s nvcswch/s  Command
11:18:45 PM     0        16      2.00      0.00  ksoftirqd/0
11:18:45 PM     0        17     32.00      0.00  rcu_preempt
11:18:45 PM     0        24      1.00      0.00  ksoftirqd/1
11:18:45 PM     0        48      1.00      0.00  ksoftirqd/5
11:18:45 PM     0        84      3.00      0.00  ksoftirqd/11
11:18:45 PM     0        95      2.00      0.00  kcompactd0
11:18:45 PM     0       453      1.00      0.00  multipathd
11:18:45 PM     0    230364      2.00      0.00  kworker/u24:4-events_unbound
11:18:45 PM     0    230433      2.00      0.00  kworker/0:1-events
11:18:45 PM     0    230483      1.00      0.00  kworker/5:0-events
11:18:45 PM     0    230559      5.00      0.00  kworker/11:1-events
11:18:45 PM     0    238283      4.00      0.00  kworker/2:1-events
11:18:45 PM     0    240331      2.00      0.00  kworker/9:2-events
11:18:45 PM     0    241714      3.00      0.00  kworker/3:1-events
11:18:45 PM     0    242833      3.00      0.00  kworker/7:1-events
11:18:45 PM     0    245320      1.00      0.00  kworker/u24:2-flush-259:1
11:18:45 PM     0    266979      1.00      0.00  kworker/1:0-events
11:18:45 PM     0    267327      1.00      0.00  kworker/10:1-events
11:18:45 PM     0    268979      1.00      0.00  kworker/8:1-events
11:18:45 PM     0    269223      1.00      0.00  iostat
11:18:45 PM     0    269224      1.00      0.00  pidstat
11:18:45 PM     0    269225      5.00      0.00  bash
11:18:45 PM     0    269226      8.00      0.00  bash
11:18:45 PM     0    269227      4.00      0.00  bash
11:18:45 PM     0    270404      1.00      0.00  sleep
11:18:45 PM     0    270406      1.00      0.00  sleep
11:18:45 PM     0    270409      1.00      0.00  sleep

11:18:45 PM   UID       PID   cswch/s nvcswch/s  Command
11:18:46 PM     0        16      2.00      0.00  ksoftirqd/0
11:18:46 PM     0        17     18.00      0.00  rcu_preempt
11:18:46 PM     0        18      1.00      0.00  migration/0
11:18:46 PM     0        23      1.00      0.00  migration/1
11:18:46 PM     0        24      1.00      0.00  ksoftirqd/1
11:18:46 PM     0        29      1.00      0.00  migration/2
11:18:46 PM     0        35      1.00      0.00  migration/3
11:18:46 PM     0        41      1.00      0.00  migration/4
11:18:46 PM     0        47      1.00      0.00  migration/5
11:18:46 PM     0        48      2.00      0.00  ksoftirqd/5
11:18:46 PM     0        53      1.00      0.00  migration/6
11:18:46 PM     0        59      1.00      0.00  migration/7
11:18:46 PM     0        60      1.00      0.00  ksoftirqd/7
11:18:46 PM     0        65      1.00      0.00  migration/8
11:18:46 PM     0        71      1.00      0.00  migration/9
11:18:46 PM     0        77      1.00      0.00  migration/10
11:18:46 PM     0        83      1.00      0.00  migration/11
11:18:46 PM     0        84      1.00      0.00  ksoftirqd/11
11:18:46 PM     0        95      2.00      0.00  kcompactd0
11:18:46 PM     0       453      1.00      0.00  multipathd
11:18:46 PM     0    230364      1.00      0.00  kworker/u24:4-edac-poller
11:18:46 PM     0    230433      6.00      0.00  kworker/0:1-events
11:18:46 PM     0    230483      1.00      0.00  kworker/5:0-events
11:18:46 PM     0    230559      3.00      0.00  kworker/11:1-events
11:18:46 PM     0    238283      2.00      0.00  kworker/2:1-mm_percpu_wq
11:18:46 PM     0    239073      4.00      0.00  kworker/4:2-events
11:18:46 PM     0    241714      1.00      0.00  kworker/3:1-mm_percpu_wq
11:18:46 PM     0    242833      2.00      0.00  kworker/7:1-events
11:18:46 PM     0    266979      3.00      0.00  kworker/1:0-mm_percpu_wq
11:18:46 PM     0    267327      1.00      0.00  kworker/10:1-events
11:18:46 PM     0    269223      1.00      0.00  iostat
11:18:46 PM     0    269224      1.00      0.00  pidstat
11:18:46 PM     0    269225      5.00      0.00  bash
11:18:46 PM     0    269226      7.00      0.00  bash
11:18:46 PM     0    269227      4.00      0.00  bash
11:18:46 PM     0    270420      1.00      0.00  sleep
11:18:46 PM     0    270421      1.00      0.00  sleep
11:18:46 PM     0    270424      1.00      0.00  sleep

11:18:46 PM   UID       PID   cswch/s nvcswch/s  Command
11:18:47 PM     0        16      2.00      0.00  ksoftirqd/0
11:18:47 PM     0        17     20.00      0.00  rcu_preempt
11:18:47 PM     0        48      2.00      0.00  ksoftirqd/5
11:18:47 PM     0        60      1.00      0.00  ksoftirqd/7
11:18:47 PM     0        95      2.00      0.00  kcompactd0
11:18:47 PM     0       188      1.00      0.00  kworker/2:1H-kblockd
11:18:47 PM     0       453      1.00      0.00  multipathd
11:18:47 PM     0    230364      1.00      0.00  kworker/u24:4-events_unbound
11:18:47 PM     0    230433      2.00      0.00  kworker/0:1-events
11:18:47 PM     0    230483      3.00      0.00  kworker/5:0-events
11:18:47 PM     0    230559      2.00      0.00  kworker/11:1-events
11:18:47 PM     0    238283      2.00      0.00  kworker/2:1-events
11:18:47 PM     0    240331      1.00      0.00  kworker/9:2-mm_percpu_wq
11:18:47 PM     0    242833      3.00      0.00  kworker/7:1-events
11:18:47 PM     0    245320      1.00      0.00  kworker/u24:2-flush-259:1
11:18:47 PM     0    266979      2.00      0.00  kworker/1:0-events
11:18:47 PM     0    268979      1.00      0.00  kworker/8:1-mm_percpu_wq
11:18:47 PM     0    269223      1.00      0.00  iostat
11:18:47 PM     0    269224      1.00      0.00  pidstat
11:18:47 PM     0    269225      5.00      0.00  bash
11:18:47 PM     0    269226      7.00      0.00  bash
11:18:47 PM     0    269227      4.00      0.00  bash
11:18:47 PM     0    270434      1.00      0.00  sleep
11:18:47 PM     0    270436      1.00      0.00  sleep
11:18:47 PM     0    270439      1.00      0.00  sleep

11:18:47 PM   UID       PID   cswch/s nvcswch/s  Command
11:18:48 PM     0        17     18.00      0.00  rcu_preempt
11:18:48 PM     0        24      1.00      0.00  ksoftirqd/1
11:18:48 PM     0        36      2.00      0.00  ksoftirqd/3
11:18:48 PM     0        54      1.00      0.00  ksoftirqd/6
11:18:48 PM     0        72      1.00      0.00  ksoftirqd/9
11:18:48 PM     0        95      2.00      0.00  kcompactd0
11:18:48 PM     0       194      4.00      0.00  kworker/8:1H-kblockd
11:18:48 PM     0       453      1.00      0.00  multipathd
11:18:48 PM     0    230364      8.00      0.00  kworker/u24:4-writeback
11:18:48 PM     0    230433      3.00      0.00  kworker/0:1-mm_percpu_wq
11:18:48 PM     0    230559      3.00      0.00  kworker/11:1-mm_percpu_wq
11:18:48 PM     0    238283      4.00      0.00  kworker/2:1-mm_percpu_wq
11:18:48 PM     0    239073      3.00      0.00  kworker/4:2-events
11:18:48 PM     0    241714      3.00      0.00  kworker/3:1-mm_percpu_wq
11:18:48 PM     0    242833      3.00      0.00  kworker/7:1-mm_percpu_wq
11:18:48 PM     0    245320      2.00      0.00  kworker/u24:2-flush-259:1
11:18:48 PM     0    266197      2.00      0.00  kworker/6:2-events
11:18:48 PM     0    266979      4.00      0.00  kworker/1:0-mm_percpu_wq
11:18:48 PM     0    267327      2.00      0.00  kworker/10:1-events
11:18:48 PM     0    268979      1.00      0.00  kworker/8:1-mm_percpu_wq
11:18:48 PM     0    269223      1.00      0.00  iostat
11:18:48 PM     0    269224      1.00      0.00  pidstat
11:18:48 PM     0    269225      5.00      0.00  bash
11:18:48 PM     0    269226      8.00      0.00  bash
11:18:48 PM     0    269227      4.00      0.00  bash
11:18:48 PM     0    270450      1.00      0.00  sleep
11:18:48 PM     0    270451      1.00      0.00  sleep
11:18:48 PM     0    270454      1.00      0.00  sleep

11:18:48 PM   UID       PID   cswch/s nvcswch/s  Command
11:18:49 PM     0        16      1.00      0.00  ksoftirqd/0
11:18:49 PM     0        17     13.00      0.00  rcu_preempt
11:18:49 PM     0        24      1.00      0.00  ksoftirqd/1
11:18:49 PM     0        54      1.00      0.00  ksoftirqd/6
11:18:49 PM     0        84      1.00      0.00  ksoftirqd/11
11:18:49 PM     0        95      2.00      0.00  kcompactd0
11:18:49 PM     0       176      1.00      0.00  kworker/11:1H-kblockd
11:18:49 PM     0       188      1.00      0.00  kworker/2:1H-kblockd
11:18:49 PM     0       359      3.00      0.00  jbd2/nvme1n1p2-8
11:18:49 PM     0       453      1.00      0.00  multipathd
11:18:49 PM     0       562      3.00      0.00  jbd2/nvme1n1p3-8
11:18:49 PM     0    230364      2.00      0.00  kworker/u24:4-events_power_efficient
11:18:49 PM     0    230483      2.00      0.00  kworker/5:0-events
11:18:49 PM     0    230559      1.00      0.00  kworker/11:1-events
11:18:49 PM     0    238099      2.00      0.00  kworker/u24:1-ext4-rsv-conversion
11:18:49 PM     0    238283      4.00      0.00  kworker/2:1-events
11:18:49 PM     0    240331      2.00      0.00  kworker/9:2-events
11:18:49 PM     0    242833      2.00      0.00  kworker/7:1-events
11:18:49 PM     0    245320      6.00      0.00  kworker/u24:2-ext4-rsv-conversion
11:18:49 PM     0    266197      2.00      0.00  kworker/6:2-mm_percpu_wq
11:18:49 PM     0    266979      2.00      0.00  kworker/1:0-events
11:18:49 PM     0    267327      1.00      0.00  kworker/10:1-events
11:18:49 PM     0    269223      1.00      0.00  iostat
11:18:49 PM     0    269224      1.00      0.00  pidstat
11:18:49 PM     0    269225      5.00      0.00  bash
11:18:49 PM     0    269226      7.00      0.00  bash
11:18:49 PM     0    269227      4.00      0.00  bash
11:18:49 PM     0    270467      1.00      0.00  sleep
11:18:49 PM     0    270468      1.00      0.00  sleep
11:18:49 PM     0    270469      1.00      0.00  sleep

11:18:49 PM   UID       PID   cswch/s nvcswch/s  Command
11:18:50 PM     0        17     12.00      0.00  rcu_preempt
11:18:50 PM     0        18      1.00      0.00  migration/0
11:18:50 PM     0        23      1.00      0.00  migration/1
11:18:50 PM     0        24      1.00      0.00  ksoftirqd/1
11:18:50 PM     0        29      1.00      0.00  migration/2
11:18:50 PM     0        35      1.00      0.00  migration/3
11:18:50 PM     0        36      1.00      0.00  ksoftirqd/3
11:18:50 PM     0        41      1.00      0.00  migration/4
11:18:50 PM     0        42      1.00      0.00  ksoftirqd/4
11:18:50 PM     0        47      1.00      0.00  migration/5
11:18:50 PM     0        53      1.00      0.00  migration/6
11:18:50 PM     0        59      1.00      0.00  migration/7
11:18:50 PM     0        60      1.00      0.00  ksoftirqd/7
11:18:50 PM     0        65      1.00      0.00  migration/8
11:18:50 PM     0        71      1.00      0.00  migration/9
11:18:50 PM     0        77      1.00      0.00  migration/10
11:18:50 PM     0        83      1.00      0.00  migration/11
11:18:50 PM     0        84      1.00      0.00  ksoftirqd/11
11:18:50 PM     0        95      2.00      0.00  kcompactd0
11:18:50 PM     0       453      1.00      0.00  multipathd
11:18:50 PM     0    230433      2.00      0.00  kworker/0:1-events
11:18:50 PM     0    230559      3.00      0.00  kworker/11:1-mm_percpu_wq
11:18:50 PM     0    238283      2.00      0.00  kworker/2:1-mm_percpu_wq
11:18:50 PM     0    239073      3.00      0.00  kworker/4:2-events
11:18:50 PM     0    240331      1.00      0.00  kworker/9:2-events
11:18:50 PM     0    242833      3.00      0.00  kworker/7:1-mm_percpu_wq
11:18:50 PM     0    245320      2.00      0.00  kworker/u24:2-edac-poller
11:18:50 PM     0    266979      4.00      0.00  kworker/1:0-mm_percpu_wq
11:18:50 PM     0    267327      3.00      0.00  kworker/10:1-events
11:18:50 PM     0    269223      1.00      0.00  iostat
11:18:50 PM     0    269224      1.00      0.00  pidstat
11:18:50 PM     0    269225      5.00      0.00  bash
11:18:50 PM     0    269226      8.00      0.00  bash
11:18:50 PM     0    269227      4.00      0.00  bash
11:18:50 PM     0    270481      1.00      0.00  sleep
11:18:50 PM     0    270482      1.00      0.00  sleep
11:18:50 PM     0    270484      1.00      0.00  sleep

11:18:50 PM   UID       PID   cswch/s nvcswch/s  Command
11:18:51 PM     0        16      1.00      0.00  ksoftirqd/0
11:18:51 PM     0        17     15.00      0.00  rcu_preempt
11:18:51 PM     0        24      1.00      0.00  ksoftirqd/1
11:18:51 PM     0        42      1.00      0.00  ksoftirqd/4
11:18:51 PM     0        95      2.00      0.00  kcompactd0
11:18:51 PM     0       453      1.00      0.00  multipathd
11:18:51 PM     0    230433      1.00      0.00  kworker/0:1-events
11:18:51 PM     0    230483      2.00      0.00  kworker/5:0-events
11:18:51 PM     0    230559      1.00      0.00  kworker/11:1-events
11:18:51 PM     0    238099      1.00      0.00  kworker/u24:1-ext4-rsv-conversion
11:18:51 PM     0    238283      2.00      0.00  kworker/2:1-events
11:18:51 PM     0    239073      2.00      0.00  kworker/4:2-events
11:18:51 PM     0    240331      3.00      0.00  kworker/9:2-events
11:18:51 PM     0    241714      1.00      0.00  kworker/3:1-mm_percpu_wq
11:18:51 PM     0    242833      1.00      0.00  kworker/7:1-events
11:18:51 PM     0    245320      1.00      0.00  kworker/u24:2-events_unbound
11:18:51 PM     0    266979      3.00      0.00  kworker/1:0-events
11:18:51 PM     0    267327      1.00      0.00  kworker/10:1-events
11:18:51 PM     0    268979      1.00      0.00  kworker/8:1-mm_percpu_wq
11:18:51 PM     0    269223      1.00      0.00  iostat
11:18:51 PM     0    269224      1.00      0.00  pidstat
11:18:51 PM     0    269225      5.00      0.00  bash
11:18:51 PM     0    269226      8.00      0.00  bash
11:18:51 PM     0    269227      4.00      0.00  bash
11:18:51 PM     0    270487      1.00      0.00  sleep
11:18:51 PM     0    270497      1.00      0.00  sleep
11:18:51 PM     0    270499      1.00      0.00  sleep

11:18:51 PM   UID       PID   cswch/s nvcswch/s  Command
11:18:52 PM     0        17     20.00      0.00  rcu_preempt
11:18:52 PM     0        24      2.00      0.00  ksoftirqd/1
11:18:52 PM     0        42      1.00      0.00  ksoftirqd/4
11:18:52 PM     0        72      1.00      0.00  ksoftirqd/9
11:18:52 PM     0        95      2.00      0.00  kcompactd0
11:18:52 PM     0       102      1.00      0.00  irq/9-acpi
11:18:52 PM     0       453      1.00      0.00  multipathd
11:18:52 PM     0    230433      5.00      0.00  kworker/0:1-mm_percpu_wq
11:18:52 PM     0    230483      1.00      0.00  kworker/5:0-mm_percpu_wq
11:18:52 PM     0    230559      1.00      0.00  kworker/11:1-mm_percpu_wq
11:18:52 PM     0    238283      3.00      0.00  kworker/2:1-mm_percpu_wq
11:18:52 PM     0    239073      5.00      0.00  kworker/4:2-mm_percpu_wq
11:18:52 PM     0    240331   1140.00      1.00  kworker/9:2-events
11:18:52 PM     0    241714      3.00      0.00  kworker/3:1-mm_percpu_wq
11:18:52 PM     0    242833      2.00      0.00  kworker/7:1-mm_percpu_wq
11:18:52 PM     0    245320      1.00      0.00  kworker/u24:2-edac-poller
11:18:52 PM     0    266197      1.00      0.00  kworker/6:2-mm_percpu_wq
11:18:52 PM     0    266979      6.00      0.00  kworker/1:0-mm_percpu_wq
11:18:52 PM     0    267327      1.00      0.00  kworker/10:1-mm_percpu_wq
11:18:52 PM     0    268979      1.00      0.00  kworker/8:1-mm_percpu_wq
11:18:52 PM     0    269223      1.00      0.00  iostat
11:18:52 PM     0    269224      1.00      0.00  pidstat
11:18:52 PM     0    269225      5.00      0.00  bash
11:18:52 PM     0    269226      8.00      0.00  bash
11:18:52 PM     0    269227      4.00      0.00  bash
11:18:52 PM     0    270359    317.00      0.00  kworker/9:1+i915-unordered
11:18:52 PM     0    270502      1.00      0.00  sleep
11:18:52 PM     0    270513      1.00      0.00  sleep
11:18:52 PM     0    270514      1.00      0.00  sleep

11:18:52 PM   UID       PID   cswch/s nvcswch/s  Command
11:18:53 PM     0        16      1.00      0.00  ksoftirqd/0
11:18:53 PM     0        17     22.00      0.00  rcu_preempt
11:18:53 PM     0        24      2.00      0.00  ksoftirqd/1
11:18:53 PM     0        60      1.00      0.00  ksoftirqd/7
11:18:53 PM     0        72      1.00      0.00  ksoftirqd/9
11:18:53 PM     0        95      2.00      0.00  kcompactd0
11:18:53 PM     0       453      1.00      0.00  multipathd
11:18:53 PM     0     21554      1.00      0.00  packagekitd
11:18:53 PM     0    230433      2.00      0.00  kworker/0:1-events
11:18:53 PM     0    230483      1.00      0.00  kworker/5:0-mm_percpu_wq
11:18:53 PM     0    230559      1.00      0.00  kworker/11:1-events
11:18:53 PM     0    238099      1.00      0.00  kworker/u24:1-ext4-rsv-conversion
11:18:53 PM     0    238283      3.00      0.00  kworker/2:1-events
11:18:53 PM     0    239073      3.00      0.00  kworker/4:2-mm_percpu_wq
11:18:53 PM     0    241714      1.00      0.00  kworker/3:1-mm_percpu_wq
11:18:53 PM     0    242833      3.00      0.00  kworker/7:1-mm_percpu_wq
11:18:53 PM     0    245320      2.00      0.00  kworker/u24:2-events_unbound
11:18:53 PM     0    266979      5.00      0.00  kworker/1:0-mm_percpu_wq
11:18:53 PM     0    267327      2.00      0.00  kworker/10:1-mm_percpu_wq
11:18:53 PM     0    268979      1.00      0.00  kworker/8:1-mm_percpu_wq
11:18:53 PM     0    269223      1.00      0.00  iostat
11:18:53 PM     0    269224      1.00      0.00  pidstat
11:18:53 PM     0    269225      5.00      0.00  bash
11:18:53 PM     0    269226      8.00      0.00  bash
11:18:53 PM     0    269227      4.00      0.00  bash
11:18:53 PM     0    270359    821.00      0.00  kworker/9:1-mm_percpu_wq
11:18:53 PM     0    270517      1.00      0.00  sleep
11:18:53 PM     0    270527      1.00      0.00  sleep
11:18:53 PM     0    270529      1.00      0.00  sleep

11:18:53 PM   UID       PID   cswch/s nvcswch/s  Command
11:18:54 PM     0        17     19.00      0.00  rcu_preempt
11:18:54 PM     0        18      1.00      0.00  migration/0
11:18:54 PM     0        23      1.00      0.00  migration/1
11:18:54 PM     0        24      1.00      0.00  ksoftirqd/1
11:18:54 PM     0        29      1.00      0.00  migration/2
11:18:54 PM     0        35      1.00      0.00  migration/3
11:18:54 PM     0        36      2.00      0.00  ksoftirqd/3
11:18:54 PM     0        41      1.00      0.00  migration/4
11:18:54 PM     0        42      1.00      0.00  ksoftirqd/4
11:18:54 PM     0        47      1.00      0.00  migration/5
11:18:54 PM     0        48      1.00      0.00  ksoftirqd/5
11:18:54 PM     0        53      1.00      0.00  migration/6
11:18:54 PM     0        59      1.00      0.00  migration/7
11:18:54 PM     0        65      1.00      0.00  migration/8
11:18:54 PM     0        71      1.00      0.00  migration/9
11:18:54 PM     0        77      1.00      0.00  migration/10
11:18:54 PM     0        83      1.00      0.00  migration/11
11:18:54 PM     0        95      2.00      0.00  kcompactd0
11:18:54 PM     0       453      1.00      0.00  multipathd
11:18:54 PM     0       562      3.00      0.00  jbd2/nvme1n1p3-8
11:18:54 PM     0    230559      3.00      0.00  kworker/11:1-events
11:18:54 PM     0    238283      3.00      0.00  kworker/2:1-mm_percpu_wq
11:18:54 PM     0    239073      4.00      0.00  kworker/4:2-events
11:18:54 PM     0    241714      2.00      0.00  kworker/3:1-events
11:18:54 PM     0    242833      1.00      0.00  kworker/7:1-events
11:18:54 PM     0    245320      1.00      0.00  kworker/u24:2-edac-poller
11:18:54 PM     0    266197      2.00      0.00  kworker/6:2-events
11:18:54 PM     0    266979      4.00      0.00  kworker/1:0-events
11:18:54 PM     0    269223      1.00      0.00  iostat
11:18:54 PM     0    269224      1.00      0.00  pidstat
11:18:54 PM     0    269225      5.00      0.00  bash
11:18:54 PM     0    269226      8.00      0.00  bash
11:18:54 PM     0    269227      4.00      0.00  bash
11:18:54 PM     0    270359      1.00      0.00  kworker/9:1-events
11:18:54 PM     0    270532      1.00      0.00  sleep
11:18:54 PM     0    270543      1.00      0.00  sleep
11:18:54 PM     0    270544      1.00      0.00  sleep

11:18:54 PM   UID       PID   cswch/s nvcswch/s  Command
11:18:55 PM     0        16      2.00      0.00  ksoftirqd/0
11:18:55 PM     0        17     25.00      0.00  rcu_preempt
11:18:55 PM     0        24      1.00      0.00  ksoftirqd/1
11:18:55 PM     0        36      1.00      0.00  ksoftirqd/3
11:18:55 PM     0        42      1.00      0.00  ksoftirqd/4
11:18:55 PM     0        78      1.00      0.00  ksoftirqd/10
11:18:55 PM     0        95      2.00      0.00  kcompactd0
11:18:55 PM     0       176      1.00      0.00  kworker/11:1H-kblockd
11:18:55 PM     0       359      3.00      0.00  jbd2/nvme1n1p2-8
11:18:55 PM     0       453      1.00      0.00  multipathd
11:18:55 PM     0    230433      2.00      0.00  kworker/0:1-mm_percpu_wq
11:18:55 PM     0    230559      2.00      0.00  kworker/11:1-mm_percpu_wq
11:18:55 PM     0    238099      4.00      0.00  kworker/u24:1-events_power_efficient
11:18:55 PM     0    238283      5.00      0.00  kworker/2:1-events
11:18:55 PM     0    239073      3.00      0.00  kworker/4:2-mm_percpu_wq
11:18:55 PM     0    241714      3.00      0.00  kworker/3:1-mm_percpu_wq
11:18:55 PM     0    242833      1.00      0.00  kworker/7:1-events
11:18:55 PM     0    245320      5.00      0.00  kworker/u24:2-events_unbound
11:18:55 PM     0    266979      4.00      0.00  kworker/1:0-mm_percpu_wq
11:18:55 PM     0    267327      1.00      0.00  kworker/10:1-events
11:18:55 PM     0    269223      1.00      0.00  iostat
11:18:55 PM     0    269224      1.00      0.00  pidstat
11:18:55 PM     0    269225      5.00      0.00  bash
11:18:55 PM     0    269226      7.00      0.00  bash
11:18:55 PM     0    269227      4.00      0.00  bash
11:18:55 PM     0    270359      1.00      0.00  kworker/9:1-events
11:18:55 PM     0    270547      1.00      0.00  sleep
11:18:55 PM     0    270557      1.00      0.00  sleep
11:18:55 PM     0    270559      1.00      0.00  sleep

11:18:55 PM   UID       PID   cswch/s nvcswch/s  Command
11:18:56 PM     0        16      1.00      0.00  ksoftirqd/0
11:18:56 PM     0        17     22.00      0.00  rcu_preempt
11:18:56 PM     0        24      1.00      0.00  ksoftirqd/1
11:18:56 PM     0        78      1.00      0.00  ksoftirqd/10
11:18:56 PM     0        95      2.00      0.00  kcompactd0
11:18:56 PM     0       176      1.00      0.00  kworker/11:1H-kblockd
11:18:56 PM     0       453      1.00      0.00  multipathd
11:18:56 PM     0    230433      2.00      0.00  kworker/0:1-events
11:18:56 PM     0    230483      1.00      0.00  kworker/5:0-mm_percpu_wq
11:18:56 PM     0    230559      2.00      0.00  kworker/11:1-events
11:18:56 PM     0    238283      4.00      0.00  kworker/2:1-mm_percpu_wq
11:18:56 PM     0    239073      2.00      0.00  kworker/4:2-events
11:18:56 PM     0    241714      1.00      0.00  kworker/3:1-events
11:18:56 PM     0    242833      2.00      0.00  kworker/7:1-events
11:18:56 PM     0    245320      1.00      0.00  kworker/u24:2-edac-poller
11:18:56 PM     0    266197      1.00      0.00  kworker/6:2-mm_percpu_wq
11:18:56 PM     0    266979      4.00      0.00  kworker/1:0-events
11:18:56 PM     0    267327      3.00      0.00  kworker/10:1-events
11:18:56 PM     0    268979      1.00      0.00  kworker/8:1-mm_percpu_wq
11:18:56 PM     0    269223      1.00      0.00  iostat
11:18:56 PM     0    269224      1.00      0.00  pidstat
11:18:56 PM     0    269225      5.00      1.00  bash
11:18:56 PM     0    269226      6.00      0.00  bash
11:18:56 PM     0    269227      4.00      0.00  bash
11:18:56 PM     0    270359      2.00      0.00  kworker/9:1-events
11:18:56 PM     0    270562      1.00      0.00  sleep
11:18:56 PM     0    270572      1.00      0.00  sleep
11:18:56 PM     0    270574      1.00      0.00  sleep

11:18:56 PM   UID       PID   cswch/s nvcswch/s  Command
11:18:57 PM     0        16      1.00      0.00  ksoftirqd/0
11:18:57 PM     0        17     24.00      0.00  rcu_preempt
11:18:57 PM     0        24      1.00      0.00  ksoftirqd/1
11:18:57 PM     0        42      2.00      0.00  ksoftirqd/4
11:18:57 PM     0        95      2.00      0.00  kcompactd0
11:18:57 PM     0       453      1.00      0.00  multipathd
11:18:57 PM     0    230433      2.00      0.00  kworker/0:1-events
11:18:57 PM     0    230483      1.00      0.00  kworker/5:0-mm_percpu_wq
11:18:57 PM     0    230559      2.00      0.00  kworker/11:1-mm_percpu_wq
11:18:57 PM     0    238099      1.00      0.00  kworker/u24:1-events_power_efficient
11:18:57 PM     0    238283      4.00      0.00  kworker/2:1-events
11:18:57 PM     0    239073      4.00      0.00  kworker/4:2-mm_percpu_wq
11:18:57 PM     0    241714      2.00      0.00  kworker/3:1-mm_percpu_wq
11:18:57 PM     0    242833      1.00      0.00  kworker/7:1-events
11:18:57 PM     0    245320      1.00      0.00  kworker/u24:2-events_unbound
11:18:57 PM     0    266197      1.00      0.00  kworker/6:2-mm_percpu_wq
11:18:57 PM     0    266979      4.00      0.00  kworker/1:0-mm_percpu_wq
11:18:57 PM     0    269223      1.00      0.00  iostat
11:18:57 PM     0    269224      1.00      0.00  pidstat
11:18:57 PM     0    269225      5.00      0.00  bash
11:18:57 PM     0    269226      8.00      0.00  bash
11:18:57 PM     0    269227      4.00      0.00  bash
11:18:57 PM     0    270359      1.00      0.00  kworker/9:1-events
11:18:57 PM     0    270577      1.00      0.00  sleep
11:18:57 PM     0    270587      1.00      0.00  sleep
11:18:57 PM     0    270589      1.00      0.00  sleep

11:18:57 PM   UID       PID   cswch/s nvcswch/s  Command
11:18:58 PM     0        17     24.00      0.00  rcu_preempt
11:18:58 PM     0        18      1.00      0.00  migration/0
11:18:58 PM     0        23      1.00      0.00  migration/1
11:18:58 PM     0        24      1.00      0.00  ksoftirqd/1
11:18:58 PM     0        29      1.00      0.00  migration/2
11:18:58 PM     0        35      1.00      0.00  migration/3
11:18:58 PM     0        36      1.00      0.00  ksoftirqd/3
11:18:58 PM     0        41      1.00      0.00  migration/4
11:18:58 PM     0        42      1.00      0.00  ksoftirqd/4
11:18:58 PM     0        47      1.00      0.00  migration/5
11:18:58 PM     0        53      1.00      0.00  migration/6
11:18:58 PM     0        54      1.00      0.00  ksoftirqd/6
11:18:58 PM     0        59      1.00      0.00  migration/7
11:18:58 PM     0        65      1.00      0.00  migration/8
11:18:58 PM     0        71      1.00      0.00  migration/9
11:18:58 PM     0        72      2.00      0.00  ksoftirqd/9
11:18:58 PM     0        77      1.00      0.00  migration/10
11:18:58 PM     0        83      1.00      0.00  migration/11
11:18:58 PM     0        95      2.00      0.00  kcompactd0
11:18:58 PM     0       453      1.00      0.00  multipathd
11:18:58 PM     0    230433      2.00      0.00  kworker/0:1-events
11:18:58 PM     0    230559      1.00      0.00  kworker/11:1-events
11:18:58 PM     0    238099      1.00      0.00  kworker/u24:1-events_power_efficient
11:18:58 PM     0    238283      3.00      0.00  kworker/2:1-events
11:18:58 PM     0    239073      6.00      0.00  kworker/4:2-events
11:18:58 PM     0    241714      2.00      0.00  kworker/3:1-events
11:18:58 PM     0    245320      2.00      0.00  kworker/u24:2-edac-poller
11:18:58 PM     0    266979      3.00      0.00  kworker/1:0-events
11:18:58 PM     0    267327      2.00      0.00  kworker/10:1-events
11:18:58 PM     0    268979      1.00      0.00  kworker/8:1-mm_percpu_wq
11:18:58 PM     0    269223      1.00      0.00  iostat
11:18:58 PM     0    269224      1.00      0.00  pidstat
11:18:58 PM     0    269225      5.00      0.00  bash
11:18:58 PM     0    269226      7.00      0.00  bash
11:18:58 PM     0    269227      4.00      0.00  bash
11:18:58 PM     0    270359      3.00      0.00  kworker/9:1-events
11:18:58 PM     0    270592      1.00      0.00  sleep
11:18:58 PM     0    270602      1.00      0.00  sleep
11:18:58 PM     0    270604      1.00      0.00  sleep

11:18:58 PM   UID       PID   cswch/s nvcswch/s  Command
11:18:59 PM     0        16      1.00      0.00  ksoftirqd/0
11:18:59 PM     0        17     24.00      0.00  rcu_preempt
11:18:59 PM     0        72      1.00      0.00  ksoftirqd/9
11:18:59 PM     0        78      1.00      0.00  ksoftirqd/10
11:18:59 PM     0        95      2.00      0.00  kcompactd0
11:18:59 PM     0       453      1.00      0.00  multipathd
11:18:59 PM     0    230433      4.00      0.00  kworker/0:1-mm_percpu_wq
11:18:59 PM     0    230559      2.00      0.00  kworker/11:1-events
11:18:59 PM     0    238283      3.00      0.00  kworker/2:1-events
11:18:59 PM     0    239073      1.00      0.00  kworker/4:2-mm_percpu_wq
11:18:59 PM     0    241714      2.00      0.00  kworker/3:1-mm_percpu_wq
11:18:59 PM     0    242833      2.00      0.00  kworker/7:1-events
11:18:59 PM     0    245320      1.00      0.00  kworker/u24:2-edac-poller
11:18:59 PM     0    266979      4.00      0.00  kworker/1:0-events
11:18:59 PM     0    267327      2.00      0.00  kworker/10:1-mm_percpu_wq
11:18:59 PM     0    269223      1.00      0.00  iostat
11:18:59 PM     0    269224      1.00      0.00  pidstat
11:18:59 PM     0    269225      5.00      0.00  bash
11:18:59 PM     0    269226      8.00      0.00  bash
11:18:59 PM     0    269227      4.00      0.00  bash
11:18:59 PM     0    270359      3.00      0.00  kworker/9:1-mm_percpu_wq
11:18:59 PM     0    270607      1.00      0.00  sleep
11:18:59 PM     0    270618      1.00      0.00  sleep
11:18:59 PM     0    270619      1.00      0.00  sleep

11:18:59 PM   UID       PID   cswch/s nvcswch/s  Command
11:19:00 PM     0        17     20.00      0.00  rcu_preempt
11:19:00 PM     0        24      2.00      0.00  ksoftirqd/1
11:19:00 PM     0        54      1.00      0.00  ksoftirqd/6
11:19:00 PM     0        72      1.00      0.00  ksoftirqd/9
11:19:00 PM     0        95      2.00      0.00  kcompactd0
11:19:00 PM     0       190      1.00      0.00  kworker/10:1H-kblockd
11:19:00 PM     0       193      1.00      0.00  kworker/9:1H-kblockd
11:19:00 PM     0       359      3.00      0.00  jbd2/nvme1n1p2-8
11:19:00 PM     0       453      1.00      0.00  multipathd
11:19:00 PM     0       562      3.00      0.00  jbd2/nvme1n1p3-8
11:19:00 PM     0    230364      1.00      0.00  kworker/u24:4-events_unbound
11:19:00 PM     0    230433      1.00      0.00  kworker/0:1-events
11:19:00 PM     0    230483      1.00      0.00  kworker/5:0-mm_percpu_wq
11:19:00 PM     0    230559      1.00      0.00  kworker/11:1-events
11:19:00 PM     0    238099      4.00      0.00  kworker/u24:1-edac-poller
11:19:00 PM     0    238283      3.00      0.00  kworker/2:1-mm_percpu_wq
11:19:00 PM     0    239073      4.00      0.00  kworker/4:2-events
11:19:00 PM     0    242833      1.00      0.00  kworker/7:1-events
11:19:00 PM     0    245320      4.00      0.00  kworker/u24:2-writeback
11:19:00 PM     0    266197      1.00      0.00  kworker/6:2-mm_percpu_wq
11:19:00 PM     0    266979      5.00      0.00  kworker/1:0-events
11:19:00 PM     0    267327      1.00      0.00  kworker/10:1-events
11:19:00 PM     0    268979      1.00      0.00  kworker/8:1-mm_percpu_wq
11:19:00 PM     0    269223      1.00      0.00  iostat
11:19:00 PM     0    269224      1.00      0.00  pidstat
11:19:00 PM     0    269225      5.00      0.00  bash
11:19:00 PM     0    269226      8.00      0.00  bash
11:19:00 PM     0    269227      4.00      0.00  bash
11:19:00 PM     0    270359      4.00      0.00  kworker/9:1-events
11:19:00 PM     0    270622      1.00      0.00  sleep
11:19:00 PM     0    270633      1.00      0.00  sleep
11:19:00 PM     0    270634      1.00      0.00  sleep

11:19:00 PM   UID       PID   cswch/s nvcswch/s  Command
11:19:01 PM     0        16      1.00      0.00  ksoftirqd/0
11:19:01 PM     0        17     25.00      0.00  rcu_preempt
11:19:01 PM     0        24      1.00      0.00  ksoftirqd/1
11:19:01 PM     0        59      1.00      0.00  migration/7
11:19:01 PM     0        78      1.00      0.00  ksoftirqd/10
11:19:01 PM     0        95      2.00      0.00  kcompactd0
11:19:01 PM     0       453      1.00      0.00  multipathd
11:19:01 PM     0    230433      3.00      0.00  kworker/0:1-events
11:19:01 PM     0    230483      1.00      0.00  kworker/5:0-mm_percpu_wq
11:19:01 PM     0    230559      2.00      0.00  kworker/11:1-events
11:19:01 PM     0    238099      1.00      0.00  kworker/u24:1-events_power_efficient
11:19:01 PM     0    238283      3.00      0.00  kworker/2:1-events
11:19:01 PM     0    239073      1.00      0.00  kworker/4:2-mm_percpu_wq
11:19:01 PM     0    241714      2.00      0.00  kworker/3:1-mm_percpu_wq
11:19:01 PM     0    242833      1.00      0.00  kworker/7:1-mm_percpu_wq
11:19:01 PM     0    245320      2.00      0.00  kworker/u24:2-edac-poller
11:19:01 PM     0    266979      4.00      0.00  kworker/1:0-mm_percpu_wq
11:19:01 PM     0    267327      3.00      0.00  kworker/10:1-mm_percpu_wq
11:19:01 PM     0    268979      1.00      0.00  kworker/8:1-mm_percpu_wq
11:19:01 PM     0    269223      1.00      0.00  iostat
11:19:01 PM     0    269224      1.00      0.00  pidstat
11:19:01 PM     0    269225      5.00      0.00  bash
11:19:01 PM     0    269226      6.00      0.00  bash
11:19:01 PM     0    269227      4.00      0.00  bash
11:19:01 PM     0    270359      2.00      0.00  kworker/9:1-mm_percpu_wq
11:19:01 PM     0    270637      1.00      0.00  sleep
11:19:01 PM     0    270647      1.00      0.00  sleep
11:19:01 PM     0    270649      1.00      0.00  sleep

11:19:01 PM   UID       PID   cswch/s nvcswch/s  Command
11:19:02 PM     0        16      1.00      0.00  ksoftirqd/0
11:19:02 PM     0        17     25.00      0.00  rcu_preempt
11:19:02 PM     0        18      1.00      0.00  migration/0
11:19:02 PM     0        23      1.00      0.00  migration/1
11:19:02 PM     0        29      1.00      0.00  migration/2
11:19:02 PM     0        35      1.00      0.00  migration/3
11:19:02 PM     0        36      1.00      0.00  ksoftirqd/3
11:19:02 PM     0        41      1.00      0.00  migration/4
11:19:02 PM     0        47      1.00      0.00  migration/5
11:19:02 PM     0        53      1.00      0.00  migration/6
11:19:02 PM     0        59      1.00      0.00  migration/7
11:19:02 PM     0        65      1.00      0.00  migration/8
11:19:02 PM     0        71      1.00      0.00  migration/9
11:19:02 PM     0        77      1.00      0.00  migration/10
11:19:02 PM     0        78      2.00      0.00  ksoftirqd/10
11:19:02 PM     0        83      1.00      0.00  migration/11
11:19:02 PM     0        95      2.00      0.00  kcompactd0
11:19:02 PM     0       453      1.00      0.00  multipathd
11:19:02 PM     0       769      3.00      0.00  cron
11:19:02 PM     0    230433      1.00      0.00  kworker/0:1-events
11:19:02 PM     0    230483      1.00      0.00  kworker/5:0-mm_percpu_wq
11:19:02 PM     0    230559      2.00      0.00  kworker/11:1-events
11:19:02 PM     0    238283      3.00      0.00  kworker/2:1-mm_percpu_wq
11:19:02 PM     0    239073      2.00      0.00  kworker/4:2-events
11:19:02 PM     0    241714      2.00      0.00  kworker/3:1-events
11:19:02 PM     0    245320      2.00      0.00  kworker/u24:2-edac-poller
11:19:02 PM     0    266197      2.00      0.00  kworker/6:2-events
11:19:02 PM     0    266979      4.00      0.00  kworker/1:0-events
11:19:02 PM     0    267327      3.00      0.00  kworker/10:1-events
11:19:02 PM     0    269223      1.00      0.00  iostat
11:19:02 PM     0    269224      1.00      0.00  pidstat
11:19:02 PM     0    269225      5.00      0.00  bash
11:19:02 PM     0    269226      8.00      0.00  bash
11:19:02 PM     0    269227      4.00      0.00  bash
11:19:02 PM     0    270359      3.00      0.00  kworker/9:1-events
11:19:02 PM     0    270652      1.00      0.00  sleep
11:19:02 PM     0    270662      1.00      0.00  sleep
11:19:02 PM     0    270664      1.00      0.00  sleep

11:19:02 PM   UID       PID   cswch/s nvcswch/s  Command
11:19:03 PM     0        17     20.00      0.00  rcu_preempt
11:19:03 PM     0        36      2.00      0.00  ksoftirqd/3
11:19:03 PM     0        42      1.00      0.00  ksoftirqd/4
11:19:03 PM     0        78      1.00      0.00  ksoftirqd/10
11:19:03 PM     0        95      2.00      0.00  kcompactd0
11:19:03 PM     0       453      1.00      0.00  multipathd
11:19:03 PM     0       773      1.00      0.00  sshd
11:19:03 PM     0     21554      1.00      0.00  packagekitd
11:19:03 PM     0    230433      1.00      0.00  kworker/0:1-mm_percpu_wq
11:19:03 PM     0    230483      1.00      0.00  kworker/5:0-mm_percpu_wq
11:19:03 PM     0    230559      2.00      0.00  kworker/11:1-events
11:19:03 PM     0    238283      2.00      0.00  kworker/2:1-events
11:19:03 PM     0    239073      2.00      0.00  kworker/4:2-mm_percpu_wq
11:19:03 PM     0    241714      4.00      0.00  kworker/3:1-events
11:19:03 PM     0    242833      1.00      0.00  kworker/7:1-mm_percpu_wq
11:19:03 PM     0    245320      1.00      0.00  kworker/u24:2-edac-poller
11:19:03 PM     0    266197      1.00      0.00  kworker/6:2-mm_percpu_wq
11:19:03 PM     0    266979      3.00      0.00  kworker/1:0-events
11:19:03 PM     0    267327      4.00      0.00  kworker/10:1-events
11:19:03 PM     0    268979      1.00      0.00  kworker/8:1-mm_percpu_wq
11:19:03 PM     0    269223      1.00      0.00  iostat
11:19:03 PM     0    269224      1.00      0.00  pidstat
11:19:03 PM     0    269225      5.00      0.00  bash
11:19:03 PM     0    269226      7.00      0.00  bash
11:19:03 PM     0    269227      4.00      0.00  bash
11:19:03 PM     0    270359      4.00      0.00  kworker/9:1-events
11:19:03 PM     0    270667      1.00      0.00  sleep
11:19:03 PM     0    270678      1.00      0.00  sleep
11:19:03 PM     0    270679      1.00      0.00  sleep

11:19:03 PM   UID       PID   cswch/s nvcswch/s  Command
11:19:04 PM     0        17     23.00      0.00  rcu_preempt
11:19:04 PM     0        42      2.00      0.00  ksoftirqd/4
11:19:04 PM     0        72      2.00      0.00  ksoftirqd/9
11:19:04 PM     0        95      2.00      0.00  kcompactd0
11:19:04 PM     0       188      1.00      0.00  kworker/2:1H-kblockd
11:19:04 PM     0       453      1.00      0.00  multipathd
11:19:04 PM     0       773      1.00      0.00  sshd
11:19:04 PM     0    230433      3.00      0.00  kworker/0:1-events
11:19:04 PM     0    230483      1.00      0.00  kworker/5:0-mm_percpu_wq
11:19:04 PM     0    238283      5.00      0.00  kworker/2:1-events
11:19:04 PM     0    239073      6.00      0.00  kworker/4:2-events
11:19:04 PM     0    241714      2.00      0.00  kworker/3:1-events
11:19:04 PM     0    242833      2.00      0.00  kworker/7:1-mm_percpu_wq
11:19:04 PM     0    245320      2.00      0.00  kworker/u24:2-edac-poller
11:19:04 PM     0    266197      1.00      0.00  kworker/6:2-mm_percpu_wq
11:19:04 PM     0    266979      5.00      0.00  kworker/1:0-events
11:19:04 PM     0    267327      2.00      0.00  kworker/10:1-events
11:19:04 PM     0    268979      1.00      0.00  kworker/8:1-mm_percpu_wq
11:19:04 PM     0    269223      1.00      0.00  iostat
11:19:04 PM     0    269224      1.00      0.00  pidstat
11:19:04 PM     0    269225      5.00      0.00  bash
11:19:04 PM     0    269226      7.00      1.00  bash
11:19:04 PM     0    269227      4.00      0.00  bash
11:19:04 PM     0    270359      3.00      0.00  kworker/9:1-events
11:19:04 PM     0    270680      1.00      0.00  sshd
11:19:04 PM     0    270683      1.00      0.00  sleep
11:19:04 PM     0    270693      1.00      0.00  sleep
11:19:04 PM     0    270695      1.00      0.00  sleep

11:19:04 PM   UID       PID   cswch/s nvcswch/s  Command
11:19:05 PM     0        17     23.00      0.00  rcu_preempt
11:19:05 PM     0        35      1.00      0.00  migration/3
11:19:05 PM     0        36      2.00      0.00  ksoftirqd/3
11:19:05 PM     0        42      1.00      0.00  ksoftirqd/4
11:19:05 PM     0        54      1.00      0.00  ksoftirqd/6
11:19:05 PM     0        83      1.00      0.00  migration/11
11:19:05 PM     0        95      2.00      0.00  kcompactd0
11:19:05 PM     0       102      1.00      0.00  irq/9-acpi
11:19:05 PM     0       189      1.00      0.00  kworker/4:1H-kblockd
11:19:05 PM     0       192      2.00      0.00  kworker/7:1H-kblockd
11:19:05 PM     0       359      3.00      0.00  jbd2/nvme1n1p2-8
11:19:05 PM     0       453      1.00      0.00  multipathd
11:19:05 PM     0       562      3.00      0.00  jbd2/nvme1n1p3-8
11:19:05 PM     0    230364      1.00      0.00  kworker/u24:4-events_unbound
11:19:05 PM     0    230433      3.00      0.00  kworker/0:1-kacpi_notify
11:19:05 PM     0    230483      2.00      0.00  kworker/5:0-mm_percpu_wq
11:19:05 PM     0    230559      8.00      0.00  kworker/11:1-pm
11:19:05 PM     0    238099      4.00      0.00  kworker/u24:1-edac-poller
11:19:05 PM     0    238283      7.00      0.00  kworker/2:1-events
11:19:05 PM     0    239073      3.00      0.00  kworker/4:2-events
11:19:05 PM     0    241714      4.00      0.00  kworker/3:1-events
11:19:05 PM     0    242833      2.00      0.00  kworker/7:1-mm_percpu_wq
11:19:05 PM     0    245320      5.00      0.00  kworker/u24:2-writeback
11:19:05 PM     0    266197      1.00      0.00  kworker/6:2-mm_percpu_wq
11:19:05 PM     0    266533      1.00      0.00  kworker/11:2-i915-unordered
11:19:05 PM     0    266979      1.00      0.00  kworker/1:0-mm_percpu_wq
11:19:05 PM     0    267327      1.00      0.00  kworker/10:1-mm_percpu_wq
11:19:05 PM     0    268979      1.00      0.00  kworker/8:1-mm_percpu_wq
11:19:05 PM     0    269223      1.00      0.00  iostat
11:19:05 PM     0    269224      1.00      0.00  pidstat
11:19:05 PM     0    269225      5.00      0.00  bash
11:19:05 PM     0    269226      8.00      0.00  bash
11:19:05 PM     0    269227      4.00      0.00  bash
11:19:05 PM     0    270359      3.00      0.00  kworker/9:1-events
11:19:05 PM     0    270680      1.00      0.00  sshd
11:19:05 PM     0    270698      1.00      0.00  sleep
11:19:05 PM     0    270709      1.00      1.00  sleep
11:19:05 PM     0    270710      1.00      0.00  sleep
11:19:05 PM   113    270711      1.00      0.00  sshd

11:19:05 PM   UID       PID   cswch/s nvcswch/s  Command
11:19:06 PM     0        17     23.00      0.00  rcu_preempt
11:19:06 PM     0        18      2.00      0.00  migration/0
11:19:06 PM     0        23      1.00      0.00  migration/1
11:19:06 PM     0        29      1.00      0.00  migration/2
11:19:06 PM     0        35      1.00      0.00  migration/3
11:19:06 PM     0        41      1.00      0.00  migration/4
11:19:06 PM     0        47      1.00      0.00  migration/5
11:19:06 PM     0        53      1.00      0.00  migration/6
11:19:06 PM     0        54      1.00      0.00  ksoftirqd/6
11:19:06 PM     0        59      1.00      0.00  migration/7
11:19:06 PM     0        65      1.00      0.00  migration/8
11:19:06 PM     0        71      1.00      0.00  migration/9
11:19:06 PM     0        77      2.00      0.00  migration/10
11:19:06 PM     0        78      1.00      0.00  ksoftirqd/10
11:19:06 PM     0        83      1.00      0.00  migration/11
11:19:06 PM     0        95      2.00      0.00  kcompactd0
11:19:06 PM     0       453      1.00      0.00  multipathd
11:19:06 PM     0    230433      2.00      0.00  kworker/0:1-events
11:19:06 PM     0    230483      1.00      0.00  kworker/5:0-mm_percpu_wq
11:19:06 PM     0    230559      2.00      0.00  kworker/11:1-events
11:19:06 PM     0    238099      2.00      0.00  kworker/u24:1-edac-poller
11:19:06 PM     0    238283      3.00      0.00  kworker/2:1-events
11:19:06 PM     0    239073      2.00      0.00  kworker/4:2-mm_percpu_wq
11:19:06 PM     0    241714      2.00      0.00  kworker/3:1-events
11:19:06 PM     0    242833      4.00      0.00  kworker/7:1-xfs-sync/nvme0n1p2
11:19:06 PM     0    266197      1.00      0.00  kworker/6:2-mm_percpu_wq
11:19:06 PM     0    266979      2.00      0.00  kworker/1:0-mm_percpu_wq
11:19:06 PM     0    267327      1.00      0.00  kworker/10:1-mm_percpu_wq
11:19:06 PM     0    268979      1.00      0.00  kworker/8:1-mm_percpu_wq
11:19:06 PM     0    269223      1.00      0.00  iostat
11:19:06 PM     0    269224      1.00      0.00  pidstat
11:19:06 PM     0    269225      5.00      0.00  bash
11:19:06 PM     0    269226      8.00      0.00  bash
11:19:06 PM     0    269227      4.00      0.00  bash
11:19:06 PM     0    270359      4.00      0.00  kworker/9:1-events
11:19:06 PM     0    270714      1.00      0.00  sleep
11:19:06 PM     0    270724      1.00      1.00  sleep
11:19:06 PM     0    270726      1.00      0.00  sleep

11:19:06 PM   UID       PID   cswch/s nvcswch/s  Command
11:19:07 PM     0        16      1.00      0.00  ksoftirqd/0
11:19:07 PM     0        17     25.00      0.00  rcu_preempt
11:19:07 PM     0        24      2.00      0.00  ksoftirqd/1
11:19:07 PM     0        72      1.00      0.00  ksoftirqd/9
11:19:07 PM     0        95      2.00      0.00  kcompactd0
11:19:07 PM     0       453      1.00      0.00  multipathd
11:19:07 PM     0    230433      3.00      0.00  kworker/0:1-events
11:19:07 PM     0    230483      1.00      0.00  kworker/5:0-mm_percpu_wq
11:19:07 PM     0    230559      2.00      0.00  kworker/11:1-events
11:19:07 PM     0    238099      1.00      0.00  kworker/u24:1-events_power_efficient
11:19:07 PM     0    238283      2.00      0.00  kworker/2:1-events
11:19:07 PM     0    239073      1.00      0.00  kworker/4:2-mm_percpu_wq
11:19:07 PM     0    241714      1.00      0.00  kworker/3:1-mm_percpu_wq
11:19:07 PM     0    242833      3.00      0.00  kworker/7:1-events
11:19:07 PM     0    245320      2.00      0.00  kworker/u24:2-edac-poller
11:19:07 PM     0    266197      1.00      0.00  kworker/6:2-mm_percpu_wq
11:19:07 PM     0    266979      3.00      0.00  kworker/1:0-events
11:19:07 PM     0    267327      1.00      0.00  kworker/10:1-mm_percpu_wq
11:19:07 PM     0    268979      1.00      0.00  kworker/8:1-mm_percpu_wq
11:19:07 PM     0    269223      1.00      0.00  iostat
11:19:07 PM     0    269224      1.00      0.00  pidstat
11:19:07 PM     0    269225      5.00      0.00  bash
11:19:07 PM     0    269226      8.00      0.00  bash
11:19:07 PM     0    269227      4.00      0.00  bash
11:19:07 PM     0    270359      3.00      0.00  kworker/9:1-events
11:19:07 PM     0    270680      1.00      0.00  sshd
11:19:07 PM   113    270711      3.00      0.00  sshd
11:19:07 PM     0    270729      1.00      0.00  sleep
11:19:07 PM     0    270739      1.00      0.00  sleep
11:19:07 PM     0    270741      1.00      0.00  sleep

11:19:07 PM   UID       PID   cswch/s nvcswch/s  Command
11:19:08 PM     0        17     24.00      0.00  rcu_preempt
11:19:08 PM     0        18      2.00      0.00  migration/0
11:19:08 PM     0        24      2.00      0.00  ksoftirqd/1
11:19:08 PM     0        54      1.00      0.00  ksoftirqd/6
11:19:08 PM     0        71      1.00      0.00  migration/9
11:19:08 PM     0        72      1.00      0.00  ksoftirqd/9
11:19:08 PM     0        78      1.00      0.00  ksoftirqd/10
11:19:08 PM     0        95      2.00      0.00  kcompactd0
11:19:08 PM     0       453      1.00      0.00  multipathd
11:19:08 PM     0    230433      2.00      0.00  kworker/0:1-events
11:19:08 PM     0    230483      1.00      0.00  kworker/5:0-mm_percpu_wq
11:19:08 PM     0    238283      3.00      0.00  kworker/2:1-mm_percpu_wq
11:19:08 PM     0    239073      2.00      0.00  kworker/4:2-mm_percpu_wq
11:19:08 PM     0    242833      1.00      0.00  kworker/7:1-mm_percpu_wq
11:19:08 PM     0    245320      2.00      0.00  kworker/u24:2-edac-poller
11:19:08 PM     0    266197      2.00      0.00  kworker/6:2-events
11:19:08 PM     0    266979      7.00      0.00  kworker/1:0-events
11:19:08 PM     0    267327      1.00      0.00  kworker/10:1-mm_percpu_wq
11:19:08 PM     0    268979      1.00      0.00  kworker/8:1-mm_percpu_wq
11:19:08 PM     0    269223      1.00      0.00  iostat
11:19:08 PM     0    269224      1.00      0.00  pidstat
11:19:08 PM     0    269225      5.00      0.00  bash
11:19:08 PM     0    269226      8.00      0.00  bash
11:19:08 PM     0    269227      4.00      0.00  bash
11:19:08 PM     0    270359      3.00      0.00  kworker/9:1-events
11:19:08 PM   113    270711      1.00      0.00  sshd
11:19:08 PM     0    270744      1.00      0.00  sleep
11:19:08 PM     0    270755      1.00      0.00  sleep
11:19:08 PM     0    270756      1.00      0.00  sleep

11:19:08 PM   UID       PID   cswch/s nvcswch/s  Command
11:19:09 PM     0        16      1.00      0.00  ksoftirqd/0
11:19:09 PM     0        17     22.00      0.00  rcu_preempt
11:19:09 PM     0        24      1.00      0.00  ksoftirqd/1
11:19:09 PM     0        36      1.00      0.00  ksoftirqd/3
11:19:09 PM     0        48      1.00      0.00  ksoftirqd/5
11:19:09 PM     0        95      2.00      0.00  kcompactd0
11:19:09 PM     0       453      1.00      0.00  multipathd
11:19:09 PM     0    230433      2.00      0.00  kworker/0:1-events
11:19:09 PM     0    230483      3.00      0.00  kworker/5:0-events
11:19:09 PM     0    230559      2.00      0.00  kworker/11:1-events
11:19:09 PM     0    238283      3.00      0.00  kworker/2:1-events
11:19:09 PM     0    239073      2.00      0.00  kworker/4:2-events
11:19:09 PM     0    241714      1.00      0.00  kworker/3:1-mm_percpu_wq
11:19:09 PM     0    242833      1.00      0.00  kworker/7:1-events
11:19:09 PM     0    245320      1.00      0.00  kworker/u24:2-edac-poller
11:19:09 PM     0    266197      1.00      0.00  kworker/6:2-mm_percpu_wq
11:19:09 PM     0    266979      3.00      0.00  kworker/1:0-events
11:19:09 PM     0    267327      3.00      0.00  kworker/10:1-events
11:19:09 PM     0    268979      1.00      0.00  kworker/8:1-mm_percpu_wq
11:19:09 PM     0    269223      1.00      0.00  iostat
11:19:09 PM     0    269224      1.00      0.00  pidstat
11:19:09 PM     0    269225      5.00      0.00  bash
11:19:09 PM     0    269226      8.00      0.00  bash
11:19:09 PM     0    269227      4.00      0.00  bash
11:19:09 PM     0    270359      3.00      0.00  kworker/9:1-events
11:19:09 PM     0    270759      1.00      0.00  sleep
11:19:09 PM     0    270769      1.00      0.00  sleep
11:19:09 PM     0    270771      1.00      0.00  sleep

11:19:09 PM   UID       PID   cswch/s nvcswch/s  Command
11:19:10 PM     0        16      1.00      0.00  ksoftirqd/0
11:19:10 PM     0        17     21.00      0.00  rcu_preempt
11:19:10 PM     0        18      1.00      0.00  migration/0
11:19:10 PM     0        23      1.00      0.00  migration/1
11:19:10 PM     0        24      3.00      0.00  ksoftirqd/1
11:19:10 PM     0        29      1.00      0.00  migration/2
11:19:10 PM     0        35      1.00      0.00  migration/3
11:19:10 PM     0        41      1.00      0.00  migration/4
11:19:10 PM     0        47      1.00      0.00  migration/5
11:19:10 PM     0        48      1.00      0.00  ksoftirqd/5
11:19:10 PM     0        53      1.00      0.00  migration/6
11:19:10 PM     0        59      1.00      0.00  migration/7
11:19:10 PM     0        65      1.00      0.00  migration/8
11:19:10 PM     0        71      1.00      0.00  migration/9
11:19:10 PM     0        77      1.00      0.00  migration/10
11:19:10 PM     0        83      1.00      0.00  migration/11
11:19:10 PM     0        95      2.00      0.00  kcompactd0
11:19:10 PM     0       192      1.00      0.00  kworker/7:1H-kblockd
11:19:10 PM     0       359      3.00      0.00  jbd2/nvme1n1p2-8
11:19:10 PM     0       453      1.00      0.00  multipathd
11:19:10 PM     0       562      3.00      0.00  jbd2/nvme1n1p3-8
11:19:10 PM     0    230433      2.00      0.00  kworker/0:1-events
11:19:10 PM     0    230483      3.00      0.00  kworker/5:0-events
11:19:10 PM     0    230559      3.00      0.00  kworker/11:1-events
11:19:10 PM     0    238099      4.00      0.00  kworker/u24:1-edac-poller
11:19:10 PM     0    238283      2.00      0.00  kworker/2:1-mm_percpu_wq
11:19:10 PM     0    239073      2.00      0.00  kworker/4:2-mm_percpu_wq
11:19:10 PM     0    241714      3.00      0.00  kworker/3:1-events
11:19:10 PM     0    245320      3.00      0.00  kworker/u24:2-flush-259:1
11:19:10 PM     0    266197      1.00      0.00  kworker/6:2-mm_percpu_wq
11:19:10 PM     0    266979      5.00      0.00  kworker/1:0-events
11:19:10 PM     0    267327      3.00      0.00  kworker/10:1-events
11:19:10 PM     0    268979      1.00      0.00  kworker/8:1-mm_percpu_wq
11:19:10 PM     0    269223      1.00      0.00  iostat
11:19:10 PM     0    269224      1.00      0.00  pidstat
11:19:10 PM     0    269225      5.00      1.00  bash
11:19:10 PM     0    269226      8.00      0.00  bash
11:19:10 PM     0    269227      4.00      0.00  bash
11:19:10 PM     0    270359      3.00      0.00  kworker/9:1-mm_percpu_wq
11:19:10 PM     0    270680      2.00      0.00  sshd
11:19:10 PM   113    270711      4.00      0.00  sshd
11:19:10 PM     0    270774      1.00      0.00  sleep
11:19:10 PM     0    270785      1.00      0.00  sleep
11:19:10 PM     0    270786      1.00      0.00  sleep

11:19:10 PM   UID       PID   cswch/s nvcswch/s  Command
11:19:11 PM     0         1      2.00      0.00  systemd
11:19:11 PM     0        16      1.00      0.00  ksoftirqd/0
11:19:11 PM     0        17     32.00      0.00  rcu_preempt
11:19:11 PM     0        24      2.00      0.00  ksoftirqd/1
11:19:11 PM     0        48      1.00      0.00  ksoftirqd/5
11:19:11 PM     0        95      2.00      0.00  kcompactd0
11:19:11 PM     0       113      1.00      0.00  kworker/5:1H-kblockd
11:19:11 PM     0       415      2.00      0.00  systemd-journal
11:19:11 PM     0       453      1.00      0.00  multipathd
11:19:11 PM     0       773      1.00      0.00  sshd
11:19:11 PM     0    230433      2.00      0.00  kworker/0:1-events
11:19:11 PM     0    230483      4.00      0.00  kworker/5:0-events
11:19:11 PM     0    230559      2.00      0.00  kworker/11:1-events
11:19:11 PM     0    238099      2.00      0.00  kworker/u24:1-edac-poller
11:19:11 PM     0    238283      2.00      0.00  kworker/2:1-events
11:19:11 PM     0    239073      2.00      0.00  kworker/4:2-mm_percpu_wq
11:19:11 PM     0    241714      5.00      0.00  kworker/3:1-events
11:19:11 PM     0    242833      2.00      0.00  kworker/7:1-mm_percpu_wq
11:19:11 PM     0    266197      1.00      0.00  kworker/6:2-mm_percpu_wq
11:19:11 PM     0    266979      6.00      0.00  kworker/1:0-events
11:19:11 PM     0    267327      3.00      0.00  kworker/10:1-events
11:19:11 PM     0    268979      1.00      0.00  kworker/8:1-mm_percpu_wq
11:19:11 PM     0    269223      1.00      0.00  iostat
11:19:11 PM     0    269224      1.00      0.00  pidstat
11:19:11 PM     0    269225      5.00      0.00  bash
11:19:11 PM     0    269226      8.00      0.00  bash
11:19:11 PM     0    269227      4.00      0.00  bash
11:19:11 PM     0    270359      1.00      0.00  kworker/9:1-mm_percpu_wq
11:19:11 PM     0    270789      1.00      0.00  sleep
11:19:11 PM     0    270800      1.00      0.00  sleep
11:19:11 PM     0    270801      1.00      0.00  sleep

11:19:11 PM   UID       PID   cswch/s nvcswch/s  Command
11:19:12 PM     0        17     22.00      0.00  rcu_preempt
11:19:12 PM     0        24      1.00      0.00  ksoftirqd/1
11:19:12 PM     0        72      2.00      0.00  ksoftirqd/9
11:19:12 PM     0        84      1.00      0.00  ksoftirqd/11
11:19:12 PM     0        95      2.00      0.00  kcompactd0
11:19:12 PM     0       453      1.00      0.00  multipathd
11:19:12 PM     0    230433      2.00      0.00  kworker/0:1-events
11:19:12 PM     0    230483      2.00      0.00  kworker/5:0-events
11:19:12 PM     0    230559      3.00      0.00  kworker/11:1-events
11:19:12 PM     0    238099      2.00      0.00  kworker/u24:1-events_power_efficient
11:19:12 PM     0    238283      3.00      0.00  kworker/2:1-mm_percpu_wq
11:19:12 PM     0    239073      3.00      0.00  kworker/4:2-mm_percpu_wq
11:19:12 PM     0    241714      1.00      0.00  kworker/3:1-mm_percpu_wq
11:19:12 PM     0    242833      2.00      0.00  kworker/7:1-events
11:19:12 PM     0    245320      2.00      0.00  kworker/u24:2-events_unbound
11:19:12 PM     0    266197      1.00      0.00  kworker/6:2-mm_percpu_wq
11:19:12 PM     0    266979      4.00      0.00  kworker/1:0-events
11:19:12 PM     0    267327      3.00      0.00  kworker/10:1-events
11:19:12 PM     0    268979      1.00      0.00  kworker/8:1-mm_percpu_wq
11:19:12 PM     0    269223      1.00      0.00  iostat
11:19:12 PM     0    269224      1.00      0.00  pidstat
11:19:12 PM     0    269225      5.00      0.00  bash
11:19:12 PM     0    269226      8.00      0.00  bash
11:19:12 PM     0    269227      4.00      0.00  bash
11:19:12 PM     0    270359      4.00      0.00  kworker/9:1-events
11:19:12 PM     0    270804      1.00      0.00  sleep
11:19:12 PM     0    270815      1.00      0.00  sleep
11:19:12 PM     0    270816      1.00      0.00  sleep

11:19:12 PM   UID       PID   cswch/s nvcswch/s  Command
11:19:13 PM     0        17     23.00      0.00  rcu_preempt
11:19:13 PM     0        24      1.00      0.00  ksoftirqd/1
11:19:13 PM     0        54      1.00      0.00  ksoftirqd/6
11:19:13 PM     0        78      1.00      0.00  ksoftirqd/10
11:19:13 PM     0        84      1.00      0.00  ksoftirqd/11
11:19:13 PM     0        95      2.00      0.00  kcompactd0
11:19:13 PM     0       453      1.00      0.00  multipathd
11:19:13 PM     0     21554      1.00      0.00  packagekitd
11:19:13 PM     0    230433      2.00      0.00  kworker/0:1-events
11:19:13 PM     0    230483      2.00      0.00  kworker/5:0-events
11:19:13 PM     0    230559      4.00      0.00  kworker/11:1-events
11:19:13 PM     0    238099      2.00      0.00  kworker/u24:1-edac-poller
11:19:13 PM     0    238283      3.00      0.00  kworker/2:1-events
11:19:13 PM     0    239073      1.00      0.00  kworker/4:2-mm_percpu_wq
11:19:13 PM     0    241714      1.00      0.00  kworker/3:1-mm_percpu_wq
11:19:13 PM     0    242833      1.00      0.00  kworker/7:1-mm_percpu_wq
11:19:13 PM     0    245320      1.00      0.00  kworker/u24:2-events_power_efficient
11:19:13 PM     0    266197      1.00      0.00  kworker/6:2-mm_percpu_wq
11:19:13 PM     0    266979      5.00      0.00  kworker/1:0-events
11:19:13 PM     0    267327      3.00      0.00  kworker/10:1-events
11:19:13 PM     0    268979      3.00      0.00  kworker/8:1-mm_percpu_wq
11:19:13 PM     0    269223      1.00      0.00  iostat
11:19:13 PM     0    269224      1.00      0.00  pidstat
11:19:13 PM     0    269225      5.00      0.00  bash
11:19:13 PM     0    269226      8.00      0.00  bash
11:19:13 PM     0    269227      4.00      0.00  bash
11:19:13 PM     0    270359      5.00      0.00  kworker/9:1-events
11:19:13 PM     0    270819      1.00      0.00  sleep
11:19:13 PM     0    270830      1.00      0.00  sleep
11:19:13 PM     0    270831      1.00      0.00  sleep

11:19:13 PM   UID       PID   cswch/s nvcswch/s  Command
11:19:14 PM     0        17     19.00      0.00  rcu_preempt
11:19:14 PM     0        18      1.00      0.00  migration/0
11:19:14 PM     0        23      2.00      0.00  migration/1
11:19:14 PM     0        29      1.00      0.00  migration/2
11:19:14 PM     0        35      1.00      0.00  migration/3
11:19:14 PM     0        36      1.00      0.00  ksoftirqd/3
11:19:14 PM     0        41      1.00      0.00  migration/4
11:19:14 PM     0        47      1.00      0.00  migration/5
11:19:14 PM     0        48      1.00      0.00  ksoftirqd/5
11:19:14 PM     0        53      1.00      0.00  migration/6
11:19:14 PM     0        59      1.00      0.00  migration/7
11:19:14 PM     0        60      1.00      0.00  ksoftirqd/7
11:19:14 PM     0        65      1.00      0.00  migration/8
11:19:14 PM     0        71      1.00      0.00  migration/9
11:19:14 PM     0        77      1.00      0.00  migration/10
11:19:14 PM     0        78      1.00      0.00  ksoftirqd/10
11:19:14 PM     0        83      1.00      0.00  migration/11
11:19:14 PM     0        84      1.00      0.00  ksoftirqd/11
11:19:14 PM     0        95      2.00      0.00  kcompactd0
11:19:14 PM     0       453      1.00      0.00  multipathd
11:19:14 PM     0    230433      2.00      0.00  kworker/0:1-events
11:19:14 PM     0    230483      4.00      0.00  kworker/5:0-events
11:19:14 PM     0    230559      3.00      0.00  kworker/11:1-events
11:19:14 PM     0    238099      1.00      0.00  kworker/u24:1-edac-poller
11:19:14 PM     0    238283      3.00      0.00  kworker/2:1-events
11:19:14 PM     0    239073      3.00      0.00  kworker/4:2-mm_percpu_wq
11:19:14 PM     0    241714      3.00      0.00  kworker/3:1-events
11:19:14 PM     0    242833      1.00      0.00  kworker/7:1-mm_percpu_wq
11:19:14 PM     0    266979      3.00      0.00  kworker/1:0-mm_percpu_wq
11:19:14 PM     0    267327      2.00      0.00  kworker/10:1-mm_percpu_wq
11:19:14 PM     0    268979      1.00      0.00  kworker/8:1-mm_percpu_wq
11:19:14 PM     0    269223      1.00      0.00  iostat
11:19:14 PM     0    269224      1.00      0.00  pidstat
11:19:14 PM     0    269225      5.00      0.00  bash
11:19:14 PM     0    269226      8.00      0.00  bash
11:19:14 PM     0    269227      4.00      0.00  bash
11:19:14 PM     0    270359      3.00      0.00  kworker/9:1-events
11:19:14 PM     0    270834      1.00      0.00  sleep
11:19:14 PM     0    270845      1.00      0.00  sleep
11:19:14 PM     0    270846      1.00      0.00  sleep

11:19:14 PM   UID       PID   cswch/s nvcswch/s  Command
11:19:15 PM     0        17     20.00      0.00  rcu_preempt
11:19:15 PM     0        24      1.00      0.00  ksoftirqd/1
11:19:15 PM     0        48      1.00      0.00  ksoftirqd/5
11:19:15 PM     0        72      1.00      0.00  ksoftirqd/9
11:19:15 PM     0        95      1.00      0.00  kcompactd0
11:19:15 PM     0       194      1.00      0.00  kworker/8:1H-kblockd
11:19:15 PM     0       359      3.00      0.00  jbd2/nvme1n1p2-8
11:19:15 PM     0       453      1.00      0.00  multipathd
11:19:15 PM     0       562      3.00      0.00  jbd2/nvme1n1p3-8
11:19:15 PM     0    230364      2.00      0.00  kworker/u24:4-ext4-rsv-conversion
11:19:15 PM     0    230433      1.00      0.00  kworker/0:1-mm_percpu_wq
11:19:15 PM     0    230483      3.00      0.00  kworker/5:0-events
11:19:15 PM     0    230559      3.00      0.00  kworker/11:1-events
11:19:15 PM     0    238099      7.00      0.00  kworker/u24:1-edac-poller
11:19:15 PM     0    238283      3.00      0.00  kworker/2:1-events
11:19:15 PM     0    239073      1.00      0.00  kworker/4:2-mm_percpu_wq
11:19:15 PM     0    241714      2.00      0.00  kworker/3:1-mm_percpu_wq
11:19:15 PM     0    242833      2.00      0.00  kworker/7:1-events
11:19:15 PM     0    245320      1.00      0.00  kworker/u24:2-flush-259:1
11:19:15 PM     0    266197      1.00      0.00  kworker/6:2-mm_percpu_wq
11:19:15 PM     0    266979      4.00      0.00  kworker/1:0-events
11:19:15 PM     0    267327      1.00      0.00  kworker/10:1-mm_percpu_wq
11:19:15 PM     0    268979      1.00      0.00  kworker/8:1-mm_percpu_wq
11:19:15 PM     0    269223      1.00      0.00  iostat
11:19:15 PM     0    269224      1.00      0.00  pidstat
11:19:15 PM     0    269225      5.00      0.00  bash
11:19:15 PM     0    269226      7.00      0.00  bash
11:19:15 PM     0    269227      4.00      0.00  bash
11:19:15 PM     0    270359      3.00      0.00  kworker/9:1-events
11:19:15 PM     0    270849      1.00      0.00  sleep
11:19:15 PM     0    270860      1.00      0.00  sleep
11:19:15 PM     0    270861      1.00      0.00  sleep

11:19:15 PM   UID       PID   cswch/s nvcswch/s  Command
11:19:16 PM     0        16      1.00      0.00  ksoftirqd/0
11:19:16 PM     0        17     21.00      0.00  rcu_preempt
11:19:16 PM     0        24      1.00      0.00  ksoftirqd/1
11:19:16 PM     0        60      2.00      0.00  ksoftirqd/7
11:19:16 PM     0        72      1.00      0.00  ksoftirqd/9
11:19:16 PM     0        84      2.00      0.00  ksoftirqd/11
11:19:16 PM     0        95      2.00      0.00  kcompactd0
11:19:16 PM     0       102      1.00      0.00  irq/9-acpi
11:19:16 PM     0       194      3.00      0.00  kworker/8:1H-kblockd
11:19:16 PM     0       453      1.00      0.00  multipathd
11:19:16 PM     0    230433      3.00      0.00  kworker/0:1-events
11:19:16 PM     0    230483      1.00      0.00  kworker/5:0-mm_percpu_wq
11:19:16 PM     0    230559   1140.00      1.00  kworker/11:1-events
11:19:16 PM     0    238099      7.00      0.00  kworker/u24:1-events_unbound
11:19:16 PM     0    238283      3.00      0.00  kworker/2:1-mm_percpu_wq
11:19:16 PM     0    239073      2.00      0.00  kworker/4:2-mm_percpu_wq
11:19:16 PM     0    242833      4.00      0.00  kworker/7:1-events
11:19:16 PM     0    266197      1.00      0.00  kworker/6:2-mm_percpu_wq
11:19:16 PM     0    266533   1134.00      0.00  kworker/11:2-i915-unordered
11:19:16 PM     0    266979      4.00      0.00  kworker/1:0-events
11:19:16 PM     0    268979      1.00      0.00  kworker/8:1-mm_percpu_wq
11:19:16 PM     0    269223      1.00      0.00  iostat
11:19:16 PM     0    269224      1.00      0.00  pidstat
11:19:16 PM     0    269225      5.00      0.00  bash
11:19:16 PM     0    269226      8.00      0.00  bash
11:19:16 PM     0    269227      4.00      0.00  bash
11:19:16 PM     0    270359      2.00      0.00  kworker/9:1-events
11:19:16 PM     0    270864      1.00      0.00  sleep
11:19:16 PM     0    270874      1.00      0.00  sleep
11:19:16 PM     0    270876      1.00      0.00  sleep

11:19:16 PM   UID       PID   cswch/s nvcswch/s  Command
11:19:17 PM     0        16      1.00      0.00  ksoftirqd/0
11:19:17 PM     0        17     21.00      0.00  rcu_preempt
11:19:17 PM     0        24      1.00      0.00  ksoftirqd/1
11:19:17 PM     0        42      1.00      0.00  ksoftirqd/4
11:19:17 PM     0        78      1.00      0.00  ksoftirqd/10
11:19:17 PM     0        84      1.00      0.00  ksoftirqd/11
11:19:17 PM     0        95      2.00      0.00  kcompactd0
11:19:17 PM     0       453      1.00      0.00  multipathd
11:19:17 PM     0    230364      1.00      0.00  kworker/u24:4-events_power_efficient
11:19:17 PM     0    230433      2.00      0.00  kworker/0:1-events
11:19:17 PM     0    230483      2.00      0.00  kworker/5:0-events
11:19:17 PM     0    238099      2.00      0.00  kworker/u24:1-edac-poller
11:19:17 PM     0    238283      3.00      0.00  kworker/2:1-events
11:19:17 PM     0    239073      2.00      0.00  kworker/4:2-events
11:19:17 PM     0    241714      1.00      0.00  kworker/3:1-mm_percpu_wq
11:19:17 PM     0    242833      1.00      0.00  kworker/7:1-mm_percpu_wq
11:19:17 PM     0    245320      1.00      0.00  kworker/u24:2-flush-259:1
11:19:17 PM     0    266197      1.00      0.00  kworker/6:2-mm_percpu_wq
11:19:17 PM     0    266533      4.00      0.00  kworker/11:2-events
11:19:17 PM     0    266979      4.00      0.00  kworker/1:0-events
11:19:17 PM     0    267327      1.00      0.00  kworker/10:1-mm_percpu_wq
11:19:17 PM     0    268979      1.00      0.00  kworker/8:1-mm_percpu_wq
11:19:17 PM     0    269223      1.00      0.00  iostat
11:19:17 PM     0    269224      1.00      0.00  pidstat
11:19:17 PM     0    269225      5.00      0.00  bash
11:19:17 PM     0    269226      8.00      1.00  bash
11:19:17 PM     0    269227      4.00      0.00  bash
11:19:17 PM     0    270359      4.00      0.00  kworker/9:1-events
11:19:17 PM     0    270879      1.00      0.00  sleep
11:19:17 PM     0    270890      1.00      0.00  sleep
11:19:17 PM     0    270891      1.00      0.00  sleep
