Linux 6.8.0-124-generic (cassandra-waf-rig) 	07/08/2026 	_x86_64_	(12 CPU)

09:11:17 PM   UID       PID   cswch/s nvcswch/s  Command
09:11:18 PM     0         1      3.00      0.00  systemd
09:11:18 PM     0        16      1.00      0.00  ksoftirqd/0
09:11:18 PM     0        17     42.00      0.00  rcu_preempt
09:11:18 PM     0        18      1.00      0.00  migration/0
09:11:18 PM     0        23      1.00      0.00  migration/1
09:11:18 PM     0        24      1.00      0.00  ksoftirqd/1
09:11:18 PM     0        29      1.00      0.00  migration/2
09:11:18 PM     0        35      1.00      0.00  migration/3
09:11:18 PM     0        41      8.00      0.00  migration/4
09:11:18 PM     0        42      2.00      0.00  ksoftirqd/4
09:11:18 PM     0        47      6.00      0.00  migration/5
09:11:18 PM     0        48      2.00      0.00  ksoftirqd/5
09:11:18 PM     0        53      1.00      0.00  migration/6
09:11:18 PM     0        54      1.00      0.00  ksoftirqd/6
09:11:18 PM     0        59      3.00      0.00  migration/7
09:11:18 PM     0        65      1.00      0.00  migration/8
09:11:18 PM     0        66      1.00      0.00  ksoftirqd/8
09:11:18 PM     0        71      1.00      0.00  migration/9
09:11:18 PM     0        72      1.00      0.00  ksoftirqd/9
09:11:18 PM     0        77      1.00      0.00  migration/10
09:11:18 PM     0        83      1.00      0.00  migration/11
09:11:18 PM     0        95      2.00      0.00  kcompactd0
09:11:18 PM     0       453      1.00      0.00  multipathd
09:11:18 PM     0       562      3.00      0.00  jbd2/nvme1n1p3-8
09:11:18 PM     0       773      2.00      0.00  sshd
09:11:18 PM     0     88840      1.00      0.00  kworker/u24:1-edac-poller
09:11:18 PM     0    143435      4.00      0.00  kworker/5:0-mm_percpu_wq
09:11:18 PM     0    173734      4.00      0.00  kworker/4:0-events
09:11:18 PM     0    179405      1.00      0.00  kworker/6:1-events
09:11:18 PM     0    180922      1.00      0.00  kworker/2:0-mm_percpu_wq
09:11:18 PM     0    182585      1.00      0.00  kworker/8:1-mm_percpu_wq
09:11:18 PM     0    186631      1.00      0.00  kworker/3:2-mm_percpu_wq
09:11:18 PM     0    186893      3.00      0.00  kworker/11:0-events
09:11:18 PM     0    189255      5.00      0.00  kworker/7:2-mm_percpu_wq
09:11:18 PM     0    189918      2.00      0.00  kworker/9:1-mm_percpu_wq
09:11:18 PM     0    190951      1.00      0.00  kworker/10:0-mm_percpu_wq
09:11:18 PM     0    192008      6.00      0.00  kworker/0:0-mm_percpu_wq
09:11:18 PM     0    193891      4.00      0.00  kworker/1:2-mm_percpu_wq
09:11:18 PM     0    194546      1.00      0.00  iostat
09:11:18 PM     0    194547      1.00      2.00  pidstat
09:11:18 PM     0    194548      5.00      0.00  bash
09:11:18 PM     0    194549      7.00      0.00  bash
09:11:18 PM     0    194550      4.00      0.00  bash
09:11:18 PM     0    194552     92.00      1.00  fio
09:11:18 PM     0    194581      5.00      0.00  sshd
09:11:18 PM   113    194582     15.00      0.00  sshd
09:11:18 PM     0    194585      1.00      0.00  sleep

09:11:18 PM   UID       PID   cswch/s nvcswch/s  Command
09:11:19 PM     0         1     31.00      0.00  systemd
09:11:19 PM     0        16      2.00      0.00  ksoftirqd/0
09:11:19 PM     0        17     52.00      0.00  rcu_preempt
09:11:19 PM     0        24      2.00      0.00  ksoftirqd/1
09:11:19 PM     0        36      1.00      0.00  ksoftirqd/3
09:11:19 PM     0        42      4.00      0.00  ksoftirqd/4
09:11:19 PM     0        48      1.00      0.00  ksoftirqd/5
09:11:19 PM     0        60      2.00      0.00  ksoftirqd/7
09:11:19 PM     0        71      1.00      0.00  migration/9
09:11:19 PM     0        72      6.00      0.00  ksoftirqd/9
09:11:19 PM     0        78      1.00      0.00  ksoftirqd/10
09:11:19 PM     0        95      2.00      0.00  kcompactd0
09:11:19 PM     0       191      1.00      0.00  kworker/1:1H-kblockd
09:11:19 PM     0       415     10.00      0.00  systemd-journal
09:11:19 PM     0       453      1.00      0.00  multipathd
09:11:19 PM   103       632     61.00      0.00  dbus-daemon
09:11:19 PM     0       643     36.00      0.00  systemd-logind
09:11:19 PM     0       644      4.00      0.00  thermald
09:11:19 PM     0       773      2.00      0.00  sshd
09:11:19 PM     0     21554      7.00      0.00  packagekitd
09:11:19 PM     0     21558      9.00      0.00  polkitd
09:11:19 PM     0     88840      7.00      0.00  kworker/u24:1-events_unbound
09:11:19 PM     0    143435      2.00      0.00  kworker/5:0-events
09:11:19 PM     0    173734      6.00      0.00  kworker/4:0-mm_percpu_wq
09:11:19 PM     0    179405      3.00      0.00  kworker/6:1-events
09:11:19 PM     0    180922      5.00      0.00  kworker/2:0-events
09:11:19 PM     0    186631      1.00      0.00  kworker/3:2-mm_percpu_wq
09:11:19 PM     0    186893      4.00      0.00  kworker/11:0-mm_percpu_wq
09:11:19 PM     0    189255      9.00      0.00  kworker/7:2-events
09:11:19 PM     0    189918     10.00      0.00  kworker/9:1-mm_percpu_wq
09:11:19 PM     0    190951      1.00      0.00  kworker/10:0-mm_percpu_wq
09:11:19 PM     0    192008      5.00      0.00  kworker/0:0-events
09:11:19 PM     0    193891      5.00      0.00  kworker/1:2-mm_percpu_wq
09:11:19 PM     0    194546      1.00      0.00  iostat
09:11:19 PM     0    194547      1.00      0.00  pidstat
09:11:19 PM     0    194548      4.00      0.00  bash
09:11:19 PM     0    194549      3.00      0.00  bash
09:11:19 PM     0    194550      4.00      0.00  bash
09:11:19 PM     0    194552     99.00      0.00  fio
09:11:19 PM     0    194596      1.00      0.00  sleep
09:11:19 PM     0    194597      1.00      0.00  sleep
09:11:19 PM     0    194645      1.00      0.00  sleep

09:11:19 PM   UID       PID   cswch/s nvcswch/s  Command
09:11:20 PM     0        16      1.00      0.00  ksoftirqd/0
09:11:20 PM     0        17     21.00      0.00  rcu_preempt
09:11:20 PM     0        24      1.00      0.00  ksoftirqd/1
09:11:20 PM     0        72      1.00      0.00  ksoftirqd/9
09:11:20 PM     0        84      1.00      0.00  ksoftirqd/11
09:11:20 PM     0        95      2.00      0.00  kcompactd0
09:11:20 PM     0       453      1.00      0.00  multipathd
09:11:20 PM     0     88840      2.00      0.00  kworker/u24:1-events_power_efficient
09:11:20 PM     0    173734      3.00      0.00  kworker/4:0-mm_percpu_wq
09:11:20 PM     0    179405      2.00      0.00  kworker/6:1-events
09:11:20 PM     0    180922      1.00      0.00  kworker/2:0-events
09:11:20 PM     0    182585      1.00      0.00  kworker/8:1-mm_percpu_wq
09:11:20 PM     0    186631      1.00      0.00  kworker/3:2-mm_percpu_wq
09:11:20 PM     0    186893      3.00      0.00  kworker/11:0-mm_percpu_wq
09:11:20 PM     0    189255      3.00      0.00  kworker/7:2-mm_percpu_wq
09:11:20 PM     0    189918      4.00      0.00  kworker/9:1-events
09:11:20 PM     0    190951      1.00      0.00  kworker/10:0-mm_percpu_wq
09:11:20 PM     0    192008      3.00      0.00  kworker/0:0-mm_percpu_wq
09:11:20 PM     0    193064      1.00      0.00  kworker/u24:0-events_unbound
09:11:20 PM     0    193891      3.00      0.00  kworker/1:2-mm_percpu_wq
09:11:20 PM     0    194546      1.00      0.00  iostat
09:11:20 PM     0    194547      1.00      0.00  pidstat
09:11:20 PM     0    194548      5.00      0.00  bash
09:11:20 PM     0    194549      7.00      0.00  bash
09:11:20 PM     0    194550      4.00      1.00  bash
09:11:20 PM     0    194552    100.00      0.00  fio
09:11:20 PM     0    194656      1.00      0.00  sleep
09:11:20 PM     0    194657      1.00      0.00  sleep

09:11:20 PM   UID       PID   cswch/s nvcswch/s  Command
09:11:21 PM     0        17     19.00      0.00  rcu_preempt
09:11:21 PM     0        24      1.00      0.00  ksoftirqd/1
09:11:21 PM     0        60      2.00      0.00  ksoftirqd/7
09:11:21 PM     0        95      2.00      0.00  kcompactd0
09:11:21 PM     0       453      1.00      0.00  multipathd
09:11:21 PM     0     88840      1.00      0.00  kworker/u24:1-events_power_efficient
09:11:21 PM     0    143435      3.00      0.00  kworker/5:0-events
09:11:21 PM     0    173734      4.00      0.00  kworker/4:0-mm_percpu_wq
09:11:21 PM     0    179405      3.00      0.00  kworker/6:1-mm_percpu_wq
09:11:21 PM     0    180922      2.00      0.00  kworker/2:0-events
09:11:21 PM     0    186631      1.00      0.00  kworker/3:2-mm_percpu_wq
09:11:21 PM     0    186893      1.00      0.00  kworker/11:0-mm_percpu_wq
09:11:21 PM     0    189255      8.00      0.00  kworker/7:2-events
09:11:21 PM     0    189918      1.00      0.00  kworker/9:1-mm_percpu_wq
09:11:21 PM     0    190951      3.00      0.00  kworker/10:0-mm_percpu_wq
09:11:21 PM     0    192008      3.00      0.00  kworker/0:0-events
09:11:21 PM     0    193064      2.00      0.00  kworker/u24:0-events_unbound
09:11:21 PM     0    193891      4.00      0.00  kworker/1:2-mm_percpu_wq
09:11:21 PM     0    194546      1.00      0.00  iostat
09:11:21 PM     0    194547      1.00      0.00  pidstat
09:11:21 PM     0    194548      5.00      0.00  bash
09:11:21 PM     0    194549      6.00      0.00  bash
09:11:21 PM     0    194550      4.00      1.00  bash
09:11:21 PM     0    194552     99.00      0.00  fio
09:11:21 PM     0    194670      1.00      0.00  sleep
09:11:21 PM     0    194672      1.00      0.00  sleep

09:11:21 PM   UID       PID   cswch/s nvcswch/s  Command
09:11:22 PM     0        17     22.00      0.00  rcu_preempt
09:11:22 PM     0        18      1.00      0.00  migration/0
09:11:22 PM     0        23      1.00      0.00  migration/1
09:11:22 PM     0        24      2.00      0.00  ksoftirqd/1
09:11:22 PM     0        29      1.00      0.00  migration/2
09:11:22 PM     0        35      1.00      0.00  migration/3
09:11:22 PM     0        41      1.00      0.00  migration/4
09:11:22 PM     0        47      1.00      0.00  migration/5
09:11:22 PM     0        53      1.00      0.00  migration/6
09:11:22 PM     0        59      1.00      0.00  migration/7
09:11:22 PM     0        65      1.00      0.00  migration/8
09:11:22 PM     0        71      1.00      0.00  migration/9
09:11:22 PM     0        77      1.00      0.00  migration/10
09:11:22 PM     0        83      1.00      0.00  migration/11
09:11:22 PM     0        95      1.00      0.00  kcompactd0
09:11:22 PM     0       102      1.00      0.00  irq/9-acpi
09:11:22 PM     0       453      1.00      0.00  multipathd
09:11:22 PM     0     21554      1.00      0.00  packagekitd
09:11:22 PM     0    137207      2.00      0.00  kworker/0:2-i915-unordered
09:11:22 PM     0    173734      2.00      0.00  kworker/4:0-events
09:11:22 PM     0    180922      1.00      0.00  kworker/2:0-events
09:11:22 PM     0    189255      3.00      0.00  kworker/7:2-mm_percpu_wq
09:11:22 PM     0    189918      1.00      0.00  kworker/9:1-mm_percpu_wq
09:11:22 PM     0    190951      2.00      0.00  kworker/10:0-mm_percpu_wq
09:11:22 PM     0    192008      8.00      0.00  kworker/0:0-mm_percpu_wq
09:11:22 PM     0    193064      5.00      0.00  kworker/u24:0-flush-259:1
09:11:22 PM     0    193891      4.00      0.00  kworker/1:2-mm_percpu_wq
09:11:22 PM     0    194546      1.00      0.00  iostat
09:11:22 PM     0    194547      1.00      0.00  pidstat
09:11:22 PM     0    194548      5.00      0.00  bash
09:11:22 PM     0    194549      8.00      0.00  bash
09:11:22 PM     0    194552     99.00      0.00  fio
09:11:22 PM     0    194675      1.00      0.00  sleep
09:11:22 PM     0    194686      1.00      0.00  sleep
09:11:22 PM     0    194687      1.00      0.00  sleep

09:11:22 PM   UID       PID   cswch/s nvcswch/s  Command
09:11:23 PM     0        17     20.00      0.00  rcu_preempt
09:11:23 PM     0        47      1.00      0.00  migration/5
09:11:23 PM     0        48      1.00      0.00  ksoftirqd/5
09:11:23 PM     0        72      1.00      0.00  ksoftirqd/9
09:11:23 PM     0        84      2.00      0.00  ksoftirqd/11
09:11:23 PM     0        95      2.00      0.00  kcompactd0
09:11:23 PM     0       453      1.00      0.00  multipathd
09:11:23 PM     0     88840      1.00      0.00  kworker/u24:1-events_power_efficient
09:11:23 PM     0    143435      3.00      0.00  kworker/5:0-mm_percpu_wq
09:11:23 PM     0    173734      4.00      0.00  kworker/4:0-mm_percpu_wq
09:11:23 PM     0    179405      1.00      0.00  kworker/6:1-mm_percpu_wq
09:11:23 PM     0    180922      3.00      0.00  kworker/2:0-events
09:11:23 PM     0    182585      1.00      0.00  kworker/8:1-events
09:11:23 PM     0    186631      2.00      0.00  kworker/3:2-mm_percpu_wq
09:11:23 PM     0    186893      6.00      0.00  kworker/11:0-events
09:11:23 PM     0    189255      3.00      0.00  kworker/7:2-mm_percpu_wq
09:11:23 PM     0    192008      1.00      0.00  kworker/0:0-events
09:11:23 PM     0    193064      1.00      0.00  kworker/u24:0-events_unbound
09:11:23 PM     0    193891      2.00      0.00  kworker/1:2-mm_percpu_wq
09:11:23 PM     0    194546      1.00      0.00  iostat
09:11:23 PM     0    194547      1.00      0.00  pidstat
09:11:23 PM     0    194548      5.00      0.00  bash
09:11:23 PM     0    194549      8.00      0.00  bash
09:11:23 PM     0    194550      4.00      0.00  bash
09:11:23 PM     0    194552    100.00      0.00  fio
09:11:23 PM     0    194690      1.00      0.00  sleep
09:11:23 PM     0    194701      1.00      1.00  sleep
09:11:23 PM     0    194702      1.00      0.00  sleep

09:11:23 PM   UID       PID   cswch/s nvcswch/s  Command
09:11:24 PM     0        16      1.00      0.00  ksoftirqd/0
09:11:24 PM     0        17     21.00      0.00  rcu_preempt
09:11:24 PM     0        24      1.00      0.00  ksoftirqd/1
09:11:24 PM     0        42      2.00      0.00  ksoftirqd/4
09:11:24 PM     0        48      2.00      0.00  ksoftirqd/5
09:11:24 PM     0        84      1.00      0.00  ksoftirqd/11
09:11:24 PM     0        95      2.00      0.00  kcompactd0
09:11:24 PM     0       176      3.00      0.00  kworker/11:1H-kblockd
09:11:24 PM     0       187     12.00      0.00  kworker/0:1H-kblockd
09:11:24 PM     0       359      4.00      0.00  jbd2/nvme1n1p2-8
09:11:24 PM     0       453      1.00      0.00  multipathd
09:11:24 PM     0       562      4.00      0.00  jbd2/nvme1n1p3-8
09:11:24 PM     0     88840      7.00      0.00  kworker/u24:1-edac-poller
09:11:24 PM     0    143435      2.00      0.00  kworker/5:0-events
09:11:24 PM     0    156170      1.00      0.00  kworker/u24:3-events_power_efficient
09:11:24 PM     0    173734      3.00      0.00  kworker/4:0-mm_percpu_wq
09:11:24 PM     0    179405      1.00      0.00  kworker/6:1-mm_percpu_wq
09:11:24 PM     0    180922      3.00      0.00  kworker/2:0-events
09:11:24 PM     0    186893      2.00      0.00  kworker/11:0-events
09:11:24 PM     0    189255      3.00      0.00  kworker/7:2-mm_percpu_wq
09:11:24 PM     0    189918      2.00      0.00  kworker/9:1-events
09:11:24 PM     0    190951      2.00      0.00  kworker/10:0-events
09:11:24 PM     0    192008      2.00      0.00  kworker/0:0-mm_percpu_wq
09:11:24 PM     0    193064     19.00      0.00  kworker/u24:0-writeback
09:11:24 PM     0    193891      4.00      0.00  kworker/1:2-mm_percpu_wq
09:11:24 PM     0    194546      1.00      0.00  iostat
09:11:24 PM     0    194547      2.00      0.00  pidstat
09:11:24 PM     0    194548      5.00      0.00  bash
09:11:24 PM     0    194549      7.00      0.00  bash
09:11:24 PM     0    194550      4.00      0.00  bash
09:11:24 PM     0    194552     99.00      0.00  fio
09:11:24 PM     0    194705      1.00      0.00  sleep
09:11:24 PM     0    194716      1.00      0.00  sleep
09:11:24 PM     0    194717      1.00      0.00  sleep

09:11:24 PM   UID       PID   cswch/s nvcswch/s  Command
09:11:25 PM     0        17     20.00      0.00  rcu_preempt
09:11:25 PM     0        36      1.00      0.00  ksoftirqd/3
09:11:25 PM     0        48      1.00      0.00  ksoftirqd/5
09:11:25 PM     0        54      1.00      0.00  ksoftirqd/6
09:11:25 PM     0        84      1.00      0.00  ksoftirqd/11
09:11:25 PM     0        95      2.00      0.00  kcompactd0
09:11:25 PM     0       191      1.00      0.00  kworker/1:1H-kblockd
09:11:25 PM     0       453      1.00      0.00  multipathd
09:11:25 PM     0     88840      1.00      0.00  kworker/u24:1-events_unbound
09:11:25 PM     0    143435      2.00      0.00  kworker/5:0-events
09:11:25 PM     0    173734      1.00      0.00  kworker/4:0-mm_percpu_wq
09:11:25 PM     0    180922      3.00      0.00  kworker/2:0-events
09:11:25 PM     0    186631      3.00      0.00  kworker/3:2-mm_percpu_wq
09:11:25 PM     0    186893      5.00      0.00  kworker/11:0-events
09:11:25 PM     0    189255      1.00      0.00  kworker/7:2-mm_percpu_wq
09:11:25 PM     0    189918      1.00      0.00  kworker/9:1-mm_percpu_wq
09:11:25 PM     0    190951      1.00      0.00  kworker/10:0-mm_percpu_wq
09:11:25 PM     0    192008      2.00      0.00  kworker/0:0-events
09:11:25 PM     0    193064      1.00      0.00  kworker/u24:0-writeback
09:11:25 PM     0    193891      2.00      0.00  kworker/1:2-events
09:11:25 PM     0    194546      1.00      0.00  iostat
09:11:25 PM     0    194547      1.00      0.00  pidstat
09:11:25 PM     0    194548      5.00      0.00  bash
09:11:25 PM     0    194549      7.00      0.00  bash
09:11:25 PM     0    194550      4.00      0.00  bash
09:11:25 PM     0    194552    100.00      0.00  fio
09:11:25 PM     0    194720      1.00      0.00  sleep
09:11:25 PM     0    194730      1.00      0.00  sleep
09:11:25 PM     0    194732      1.00      0.00  sleep

09:11:25 PM   UID       PID   cswch/s nvcswch/s  Command
09:11:26 PM     0        16      1.00      0.00  ksoftirqd/0
09:11:26 PM     0        17     21.00      0.00  rcu_preempt
09:11:26 PM     0        18      1.00      0.00  migration/0
09:11:26 PM     0        23      1.00      0.00  migration/1
09:11:26 PM     0        29      1.00      0.00  migration/2
09:11:26 PM     0        35      1.00      0.00  migration/3
09:11:26 PM     0        36      1.00      0.00  ksoftirqd/3
09:11:26 PM     0        41      1.00      0.00  migration/4
09:11:26 PM     0        47      1.00      0.00  migration/5
09:11:26 PM     0        53      1.00      0.00  migration/6
09:11:26 PM     0        59      1.00      0.00  migration/7
09:11:26 PM     0        65      1.00      0.00  migration/8
09:11:26 PM     0        71      1.00      0.00  migration/9
09:11:26 PM     0        77      1.00      0.00  migration/10
09:11:26 PM     0        83      1.00      0.00  migration/11
09:11:26 PM     0        84      1.00      0.00  ksoftirqd/11
09:11:26 PM     0        95      2.00      0.00  kcompactd0
09:11:26 PM     0       453      1.00      0.00  multipathd
09:11:26 PM     0     88840      1.00      0.00  kworker/u24:1-edac-poller
09:11:26 PM     0    173734      3.00      0.00  kworker/4:0-mm_percpu_wq
09:11:26 PM     0    179405      1.00      0.00  kworker/6:1-mm_percpu_wq
09:11:26 PM     0    186631      2.00      0.00  kworker/3:2-events
09:11:26 PM     0    186893      3.00      0.00  kworker/11:0-events
09:11:26 PM     0    189255      2.00      0.00  kworker/7:2-mm_percpu_wq
09:11:26 PM     0    189918      1.00      0.00  kworker/9:1-mm_percpu_wq
09:11:26 PM     0    190951      1.00      0.00  kworker/10:0-mm_percpu_wq
09:11:26 PM     0    192008      3.00      0.00  kworker/0:0-mm_percpu_wq
09:11:26 PM     0    193891      5.00      0.00  kworker/1:2-mm_percpu_wq
09:11:26 PM     0    194546      1.00      0.00  iostat
09:11:26 PM     0    194547      1.00      0.00  pidstat
09:11:26 PM     0    194548      5.00      0.00  bash
09:11:26 PM     0    194549      8.00      0.00  bash
09:11:26 PM     0    194550      4.00      0.00  bash
09:11:26 PM     0    194552     99.00      0.00  fio
09:11:26 PM     0    194735      1.00      0.00  sleep
09:11:26 PM     0    194746      1.00      0.00  sleep
09:11:26 PM     0    194747      1.00      0.00  sleep

09:11:26 PM   UID       PID   cswch/s nvcswch/s  Command
09:11:27 PM     0        17     21.00      0.00  rcu_preempt
09:11:27 PM     0        35      1.00      0.00  migration/3
09:11:27 PM     0        48      1.00      0.00  ksoftirqd/5
09:11:27 PM     0        84      1.00      0.00  ksoftirqd/11
09:11:27 PM     0        95      2.00      0.00  kcompactd0
09:11:27 PM     0       453      1.00      0.00  multipathd
09:11:27 PM     0     88840      4.00      0.00  kworker/u24:1-flush-259:1
09:11:27 PM     0    143435      2.00      0.00  kworker/5:0-events
09:11:27 PM     0    173734      2.00      0.00  kworker/4:0-mm_percpu_wq
09:11:27 PM     0    179405      1.00      0.00  kworker/6:1-events
09:11:27 PM     0    180922      3.00      0.00  kworker/2:0-events
09:11:27 PM     0    186631      1.00      0.00  kworker/3:2-mm_percpu_wq
09:11:27 PM     0    186893      4.00      0.00  kworker/11:0-events
09:11:27 PM     0    189255      2.00      0.00  kworker/7:2-events
09:11:27 PM     0    189918      1.00      0.00  kworker/9:1-mm_percpu_wq
09:11:27 PM     0    190951      1.00      0.00  kworker/10:0-mm_percpu_wq
09:11:27 PM     0    192008      2.00      0.00  kworker/0:0-mm_percpu_wq
09:11:27 PM     0    193064      3.00      0.00  kworker/u24:0-events_power_efficient
09:11:27 PM     0    193891      4.00      0.00  kworker/1:2-events
09:11:27 PM     0    194546      1.00      0.00  iostat
09:11:27 PM     0    194547      1.00      0.00  pidstat
09:11:27 PM     0    194548      5.00      0.00  bash
09:11:27 PM     0    194549      7.00      0.00  bash
09:11:27 PM     0    194550      4.00      0.00  bash
09:11:27 PM     0    194552     99.00      0.00  fio
09:11:27 PM     0    194750      1.00      0.00  sleep
09:11:27 PM     0    194761      1.00      0.00  sleep
09:11:27 PM     0    194762      1.00      0.00  sleep

09:11:27 PM   UID       PID   cswch/s nvcswch/s  Command
09:11:28 PM     0        16      1.00      0.00  ksoftirqd/0
09:11:28 PM     0        17     21.00      0.00  rcu_preempt
09:11:28 PM     0        84      3.00      0.00  ksoftirqd/11
09:11:28 PM     0        95      2.00      0.00  kcompactd0
09:11:28 PM     0       453      1.00      0.00  multipathd
09:11:28 PM     0     88840      4.00      0.00  kworker/u24:1-edac-poller
09:11:28 PM     0    173734      3.00      0.00  kworker/4:0-mm_percpu_wq
09:11:28 PM     0    179405      2.00      0.00  kworker/6:1-events
09:11:28 PM     0    180922      1.00      0.00  kworker/2:0-events
09:11:28 PM     0    186631      3.00      0.00  kworker/3:2-events
09:11:28 PM     0    186893      6.00      0.00  kworker/11:0-events
09:11:28 PM     0    189255      2.00      0.00  kworker/7:2-mm_percpu_wq
09:11:28 PM     0    189918      1.00      0.00  kworker/9:1-events
09:11:28 PM     0    190951      1.00      0.00  kworker/10:0-mm_percpu_wq
09:11:28 PM     0    192008      1.00      0.00  kworker/0:0-events
09:11:28 PM     0    193891      2.00      0.00  kworker/1:2-mm_percpu_wq
09:11:28 PM     0    194546      1.00      0.00  iostat
09:11:28 PM     0    194547      1.00      0.00  pidstat
09:11:28 PM     0    194548      5.00      0.00  bash
09:11:28 PM     0    194549      8.00      0.00  bash
09:11:28 PM     0    194550      4.00      1.00  bash
09:11:28 PM     0    194552    100.00      0.00  fio
09:11:28 PM     0    194765      1.00      0.00  sleep
09:11:28 PM     0    194776      1.00      0.00  sleep
09:11:28 PM     0    194777      1.00      0.00  sleep

09:11:28 PM   UID       PID   cswch/s nvcswch/s  Command
09:11:29 PM     0        16      1.00      0.00  ksoftirqd/0
09:11:29 PM     0        17     19.00      0.00  rcu_preempt
09:11:29 PM     0        36      1.00      0.00  ksoftirqd/3
09:11:29 PM     0        54      1.00      0.00  ksoftirqd/6
09:11:29 PM     0        84      1.00      0.00  ksoftirqd/11
09:11:29 PM     0        95      2.00      0.00  kcompactd0
09:11:29 PM     0       359      3.00      0.00  jbd2/nvme1n1p2-8
09:11:29 PM     0       453      1.00      0.00  multipathd
09:11:29 PM     0       562      4.00      0.00  jbd2/nvme1n1p3-8
09:11:29 PM     0     88840      2.00      0.00  kworker/u24:1-events_unbound
09:11:29 PM     0    143435      2.00      0.00  kworker/5:0-events
09:11:29 PM     0    173734      2.00      0.00  kworker/4:0-mm_percpu_wq
09:11:29 PM     0    179405      3.00      0.00  kworker/6:1-mm_percpu_wq
09:11:29 PM     0    180922      2.00      0.00  kworker/2:0-events
09:11:29 PM     0    186631      4.00      0.00  kworker/3:2-mm_percpu_wq
09:11:29 PM     0    186893      4.00      0.00  kworker/11:0-mm_percpu_wq
09:11:29 PM     0    189255      2.00      0.00  kworker/7:2-events
09:11:29 PM     0    189918      2.00      0.00  kworker/9:1-events
09:11:29 PM     0    190951      2.00      0.00  kworker/10:0-mm_percpu_wq
09:11:29 PM     0    192008      3.00      0.00  kworker/0:0-mm_percpu_wq
09:11:29 PM     0    193891      1.00      0.00  kworker/1:2-mm_percpu_wq
09:11:29 PM     0    194546      1.00      0.00  iostat
09:11:29 PM     0    194547      3.00      1.00  pidstat
09:11:29 PM     0    194548      5.00      0.00  bash
09:11:29 PM     0    194549      7.00      0.00  bash
09:11:29 PM     0    194550      4.00      1.00  bash
09:11:29 PM     0    194552     99.00      0.00  fio
09:11:29 PM     0    194780      1.00      0.00  sleep
09:11:29 PM     0    194791      1.00      0.00  sleep
09:11:29 PM     0    194792      1.00      0.00  sleep

09:11:29 PM   UID       PID   cswch/s nvcswch/s  Command
09:11:30 PM     0        16      1.00      0.00  ksoftirqd/0
09:11:30 PM     0        17     18.00      0.00  rcu_preempt
09:11:30 PM     0        18      1.00      0.00  migration/0
09:11:30 PM     0        23      1.00      0.00  migration/1
09:11:30 PM     0        29      1.00      0.00  migration/2
09:11:30 PM     0        35      1.00      0.00  migration/3
09:11:30 PM     0        41      2.00      0.00  migration/4
09:11:30 PM     0        42      2.00      0.00  ksoftirqd/4
09:11:30 PM     0        47      1.00      0.00  migration/5
09:11:30 PM     0        48      1.00      0.00  ksoftirqd/5
09:11:30 PM     0        53      1.00      0.00  migration/6
09:11:30 PM     0        59      1.00      0.00  migration/7
09:11:30 PM     0        65      1.00      0.00  migration/8
09:11:30 PM     0        71      1.00      0.00  migration/9
09:11:30 PM     0        72      1.00      0.00  ksoftirqd/9
09:11:30 PM     0        77      1.00      0.00  migration/10
09:11:30 PM     0        83      1.00      0.00  migration/11
09:11:30 PM     0        95      2.00      0.00  kcompactd0
09:11:30 PM     0       453      1.00      0.00  multipathd
09:11:30 PM     0     88840      1.00      0.00  kworker/u24:1-edac-poller
09:11:30 PM     0    173734      3.00      0.00  kworker/4:0-mm_percpu_wq
09:11:30 PM     0    179405      2.00      0.00  kworker/6:1-events
09:11:30 PM     0    186631      2.00      0.00  kworker/3:2-events
09:11:30 PM     0    186893      3.00      0.00  kworker/11:0-events
09:11:30 PM     0    189255      2.00      0.00  kworker/7:2-mm_percpu_wq
09:11:30 PM     0    189918      1.00      0.00  kworker/9:1-events
09:11:30 PM     0    192008      1.00      0.00  kworker/0:0-events
09:11:30 PM     0    193891      1.00      0.00  kworker/1:2-mm_percpu_wq
09:11:30 PM     0    194546      1.00      0.00  iostat
09:11:30 PM     0    194547      1.00      1.00  pidstat
09:11:30 PM     0    194548      5.00      0.00  bash
09:11:30 PM     0    194549      8.00      0.00  bash
09:11:30 PM     0    194550      4.00      0.00  bash
09:11:30 PM     0    194552    100.00      0.00  fio
09:11:30 PM     0    194795      1.00      0.00  sleep
09:11:30 PM     0    194805      1.00      1.00  sleep
09:11:30 PM     0    194807      1.00      0.00  sleep

09:11:30 PM   UID       PID   cswch/s nvcswch/s  Command
09:11:31 PM     0        17     22.00      0.00  rcu_preempt
09:11:31 PM     0        84      1.00      0.00  ksoftirqd/11
09:11:31 PM     0        95      2.00      0.00  kcompactd0
09:11:31 PM     0       453      1.00      0.00  multipathd
09:11:31 PM     0     88840      2.00      0.00  kworker/u24:1-events_unbound
09:11:31 PM     0    143435      1.00      0.00  kworker/5:0-mm_percpu_wq
09:11:31 PM     0    173734      3.00      0.00  kworker/4:0-mm_percpu_wq
09:11:31 PM     0    179405      1.00      0.00  kworker/6:1-mm_percpu_wq
09:11:31 PM     0    180922      3.00      0.00  kworker/2:0-events
09:11:31 PM     0    186631      2.00      0.00  kworker/3:2-events
09:11:31 PM     0    186893      3.00      0.00  kworker/11:0-events
09:11:31 PM     0    189255      2.00      0.00  kworker/7:2-events
09:11:31 PM     0    189918      2.00      0.00  kworker/9:1-events
09:11:31 PM     0    190951      1.00      0.00  kworker/10:0-mm_percpu_wq
09:11:31 PM     0    192008      1.00      0.00  kworker/0:0-mm_percpu_wq
09:11:31 PM     0    193891      1.00      0.00  kworker/1:2-mm_percpu_wq
09:11:31 PM     0    194546      1.00      0.00  iostat
09:11:31 PM     0    194547      1.00      1.00  pidstat
09:11:31 PM     0    194548      5.00      0.00  bash
09:11:31 PM     0    194549      7.00      0.00  bash
09:11:31 PM     0    194550      4.00      0.00  bash
09:11:31 PM     0    194552     99.00      0.00  fio
09:11:31 PM     0    194810      1.00      0.00  sleep
09:11:31 PM     0    194821      1.00      0.00  sleep
09:11:31 PM     0    194822      1.00      0.00  sleep

09:11:31 PM   UID       PID   cswch/s nvcswch/s  Command
09:11:32 PM     0        17     19.00      0.00  rcu_preempt
09:11:32 PM     0        24      1.00      0.00  ksoftirqd/1
09:11:32 PM     0        36      2.00      0.00  ksoftirqd/3
09:11:32 PM     0        48      1.00      0.00  ksoftirqd/5
09:11:32 PM     0        95      2.00      0.00  kcompactd0
09:11:32 PM     0       102      1.00      0.00  irq/9-acpi
09:11:32 PM     0       453      1.00      0.00  multipathd
09:11:32 PM     0     21554      1.00      0.00  packagekitd
09:11:32 PM     0     88840      1.00      0.00  kworker/u24:1-events_power_efficient
09:11:32 PM     0    137207    806.00      0.00  kworker/0:2+i915-unordered
09:11:32 PM     0    143435      1.00      0.00  kworker/5:0-mm_percpu_wq
09:11:32 PM     0    173734      1.00      0.00  kworker/4:0-events
09:11:32 PM     0    179405      1.00      0.00  kworker/6:1-mm_percpu_wq
09:11:32 PM     0    180922      1.00      0.00  kworker/2:0-events
09:11:32 PM     0    186631      3.00      0.00  kworker/3:2-mm_percpu_wq
09:11:32 PM     0    186893      5.00      0.00  kworker/11:0-mm_percpu_wq
09:11:32 PM     0    189255      3.00      0.00  kworker/7:2-mm_percpu_wq
09:11:32 PM     0    189918      1.00      0.00  kworker/9:1-mm_percpu_wq
09:11:32 PM     0    190951      2.00      0.00  kworker/10:0-mm_percpu_wq
09:11:32 PM     0    192008   1140.00      1.00  kworker/0:0-events
09:11:32 PM     0    193064      3.00      0.00  kworker/u24:0-flush-259:1
09:11:32 PM     0    193891      3.00      0.00  kworker/1:2-mm_percpu_wq
09:11:32 PM     0    194546      1.00      0.00  iostat
09:11:32 PM     0    194547      1.00     14.00  pidstat
09:11:32 PM     0    194548      5.00      0.00  bash
09:11:32 PM     0    194549      7.00      0.00  bash
09:11:32 PM     0    194550      4.00      0.00  bash
09:11:32 PM     0    194552    100.00      0.00  fio
09:11:32 PM     0    194825      1.00      0.00  sleep
09:11:32 PM     0    194836      1.00      0.00  sleep
09:11:32 PM     0    194837      1.00      0.00  sleep

09:11:32 PM   UID       PID   cswch/s nvcswch/s  Command
09:11:33 PM     0         1      3.00      0.00  systemd
09:11:33 PM     0        17     38.00      0.00  rcu_preempt
09:11:33 PM     0        24      1.00      0.00  ksoftirqd/1
09:11:33 PM     0        42      1.00      0.00  ksoftirqd/4
09:11:33 PM     0        48      1.00      0.00  ksoftirqd/5
09:11:33 PM     0        95      2.00      0.00  kcompactd0
09:11:33 PM     0       415      3.00      0.00  systemd-journal
09:11:33 PM     0       453      1.00      0.00  multipathd
09:11:33 PM     0       773      3.00      0.00  sshd
09:11:33 PM     0    137207    331.00      0.00  kworker/0:2-mm_percpu_wq
09:11:33 PM     0    143435      1.00      0.00  kworker/5:0-mm_percpu_wq
09:11:33 PM     0    173734      4.00      0.00  kworker/4:0-mm_percpu_wq
09:11:33 PM     0    180922      2.00      0.00  kworker/2:0-events
09:11:33 PM     0    186631      2.00      0.00  kworker/3:2-mm_percpu_wq
09:11:33 PM     0    186893      5.00      0.00  kworker/11:0-mm_percpu_wq
09:11:33 PM     0    189255      1.00      0.00  kworker/7:2-mm_percpu_wq
09:11:33 PM     0    189918      2.00      0.00  kworker/9:1-mm_percpu_wq
09:11:33 PM     0    190951      1.00      0.00  kworker/10:0-mm_percpu_wq
09:11:33 PM     0    193064      2.00      0.00  kworker/u24:0-edac-poller
09:11:33 PM     0    193891      4.00      0.00  kworker/1:2-mm_percpu_wq
09:11:33 PM     0    194546      1.00      0.00  iostat
09:11:33 PM     0    194547      1.00      5.00  pidstat
09:11:33 PM     0    194548      5.00      0.00  bash
09:11:33 PM     0    194549      8.00      0.00  bash
09:11:33 PM     0    194550      4.00      0.00  bash
09:11:33 PM     0    194552     99.00      0.00  fio
09:11:33 PM     0    194840      1.00      0.00  sleep
09:11:33 PM     0    194853      1.00      0.00  sleep
09:11:33 PM     0    194854      1.00      0.00  sleep

09:11:33 PM   UID       PID   cswch/s nvcswch/s  Command
09:11:34 PM     0        17     16.00      0.00  rcu_preempt
09:11:34 PM     0        18      1.00      0.00  migration/0
09:11:34 PM     0        23      1.00      0.00  migration/1
09:11:34 PM     0        24      1.00      0.00  ksoftirqd/1
09:11:34 PM     0        29      1.00      0.00  migration/2
09:11:34 PM     0        35      1.00      0.00  migration/3
09:11:34 PM     0        36      1.00      0.00  ksoftirqd/3
09:11:34 PM     0        41      1.00      0.00  migration/4
09:11:34 PM     0        47      1.00      0.00  migration/5
09:11:34 PM     0        48      1.00      0.00  ksoftirqd/5
09:11:34 PM     0        53      1.00      0.00  migration/6
09:11:34 PM     0        59      1.00      0.00  migration/7
09:11:34 PM     0        60      1.00      0.00  ksoftirqd/7
09:11:34 PM     0        65      1.00      0.00  migration/8
09:11:34 PM     0        71      1.00      0.00  migration/9
09:11:34 PM     0        72      1.00      0.00  ksoftirqd/9
09:11:34 PM     0        77      1.00      0.00  migration/10
09:11:34 PM     0        83      1.00      0.00  migration/11
09:11:34 PM     0        95      2.00      0.00  kcompactd0
09:11:34 PM     0       191      2.00      0.00  kworker/1:1H-kblockd
09:11:34 PM     0       453      1.00      0.00  multipathd
09:11:34 PM     0       562      3.00      0.00  jbd2/nvme1n1p3-8
09:11:34 PM     0     88840      1.00      0.00  kworker/u24:1-events_power_efficient
09:11:34 PM     0    137207      2.00      0.00  kworker/0:2-events
09:11:34 PM     0    173734      1.00      0.00  kworker/4:0-events
09:11:34 PM     0    179405      1.00      0.00  kworker/6:1-mm_percpu_wq
09:11:34 PM     0    182585      1.00      0.00  kworker/8:1-mm_percpu_wq
09:11:34 PM     0    186631      1.00      0.00  kworker/3:2-events
09:11:34 PM     0    186893      3.00      0.00  kworker/11:0-events
09:11:34 PM     0    189255      3.00      0.00  kworker/7:2-mm_percpu_wq
09:11:34 PM     0    189918      1.00      0.00  kworker/9:1-events
09:11:34 PM     0    193064      8.00      0.00  kworker/u24:0-edac-poller
09:11:34 PM     0    193891      4.00      0.00  kworker/1:2-mm_percpu_wq
09:11:34 PM     0    194546      1.00      0.00  iostat
09:11:34 PM     0    194547      1.00      0.00  pidstat
09:11:34 PM     0    194548      5.00      0.00  bash
09:11:34 PM     0    194549      8.00      0.00  bash
09:11:34 PM     0    194550      4.00      0.00  bash
09:11:34 PM     0    194552     99.00      0.00  fio
09:11:34 PM     0    194857      1.00      0.00  sleep
09:11:34 PM     0    194868      1.00      0.00  sleep
09:11:34 PM     0    194869      1.00      0.00  sleep

09:11:34 PM   UID       PID   cswch/s nvcswch/s  Command
09:11:35 PM     0        17     20.00      0.00  rcu_preempt
09:11:35 PM     0        23      1.00      0.00  migration/1
09:11:35 PM     0        24      1.00      0.00  ksoftirqd/1
09:11:35 PM     0        41      1.00      0.00  migration/4
09:11:35 PM     0        47      1.00      0.00  migration/5
09:11:35 PM     0        84      1.00      0.00  ksoftirqd/11
09:11:35 PM     0        95      2.00      0.00  kcompactd0
09:11:35 PM     0       453      1.00      0.00  multipathd
09:11:35 PM     0    137207      3.00      0.00  kworker/0:2-mm_percpu_wq
09:11:35 PM     0    143435      2.00      0.00  kworker/5:0-events
09:11:35 PM     0    173734      3.00      0.00  kworker/4:0-mm_percpu_wq
09:11:35 PM     0    179405      1.00      0.00  kworker/6:1-events
09:11:35 PM     0    180922      4.00      0.00  kworker/2:0-events
09:11:35 PM     0    182585      1.00      0.00  kworker/8:1-mm_percpu_wq
09:11:35 PM     0    186631      3.00      0.00  kworker/3:2-mm_percpu_wq
09:11:35 PM     0    186893      2.00      0.00  kworker/11:0-events
09:11:35 PM     0    189255      1.00      0.00  kworker/7:2-mm_percpu_wq
09:11:35 PM     0    189918      5.00      0.00  kworker/9:1-events
09:11:35 PM     0    190951      1.00      0.00  kworker/10:0-mm_percpu_wq
09:11:35 PM     0    193064      1.00      0.00  kworker/u24:0-edac-poller
09:11:35 PM     0    193891      4.00      0.00  kworker/1:2-mm_percpu_wq
09:11:35 PM     0    194546      1.00      0.00  iostat
09:11:35 PM     0    194547      1.00      1.00  pidstat
09:11:35 PM     0    194548      5.00      0.00  bash
09:11:35 PM     0    194549      7.00      0.00  bash
09:11:35 PM     0    194550      4.00      0.00  bash
09:11:35 PM     0    194552    100.00      0.00  fio
09:11:35 PM     0    194872      1.00      0.00  sleep
09:11:35 PM     0    194882      1.00      0.00  sleep
09:11:35 PM     0    194884      1.00      0.00  sleep

09:11:35 PM   UID       PID   cswch/s nvcswch/s  Command
09:11:36 PM     0        16      1.00      0.00  ksoftirqd/0
09:11:36 PM     0        17     17.00      0.00  rcu_preempt
09:11:36 PM     0        24      1.00      0.00  ksoftirqd/1
09:11:36 PM     0        36      1.00      0.00  ksoftirqd/3
09:11:36 PM     0        48      1.00      0.00  ksoftirqd/5
09:11:36 PM     0        84      1.00      0.00  ksoftirqd/11
09:11:36 PM     0        95      2.00      0.00  kcompactd0
09:11:36 PM     0       453      1.00      0.00  multipathd
09:11:36 PM     0    137207      2.00      0.00  kworker/0:2-events
09:11:36 PM     0    173734      2.00      0.00  kworker/4:0-events
09:11:36 PM     0    179405      1.00      0.00  kworker/6:1-mm_percpu_wq
09:11:36 PM     0    180922      1.00      0.00  kworker/2:0-events
09:11:36 PM     0    186631      2.00      0.00  kworker/3:2-events
09:11:36 PM     0    186893      4.00      0.00  kworker/11:0-events
09:11:36 PM     0    189255      2.00      0.00  kworker/7:2-mm_percpu_wq
09:11:36 PM     0    189918      2.00      0.00  kworker/9:1-events
09:11:36 PM     0    190951      1.00      0.00  kworker/10:0-mm_percpu_wq
09:11:36 PM     0    193064      2.00      0.00  kworker/u24:0-edac-poller
09:11:36 PM     0    193891      4.00      0.00  kworker/1:2-mm_percpu_wq
09:11:36 PM     0    194546      1.00      0.00  iostat
09:11:36 PM     0    194547      1.00      1.00  pidstat
09:11:36 PM     0    194548      5.00      0.00  bash
09:11:36 PM     0    194549      8.00      0.00  bash
09:11:36 PM     0    194550      4.00      0.00  bash
09:11:36 PM     0    194552     99.00      0.00  fio
09:11:36 PM     0    194887      1.00      0.00  sleep
09:11:36 PM     0    194898      1.00      0.00  sleep
09:11:36 PM     0    194899      1.00      0.00  sleep

09:11:36 PM   UID       PID   cswch/s nvcswch/s  Command
09:11:37 PM     0         1      1.00      0.00  systemd
09:11:37 PM     0        17     20.00      0.00  rcu_preempt
09:11:37 PM     0        24      1.00      0.00  ksoftirqd/1
09:11:37 PM     0        36      2.00      0.00  ksoftirqd/3
09:11:37 PM     0        48      1.00      0.00  ksoftirqd/5
09:11:37 PM     0        95      2.00      0.00  kcompactd0
09:11:37 PM     0       453      1.00      0.00  multipathd
09:11:37 PM     0       463      1.00      0.00  systemd-udevd
09:11:37 PM   104       622      1.00      0.00  systemd-timesyn
09:11:37 PM     0     88840      1.00      0.00  kworker/u24:1-events_power_efficient
09:11:37 PM     0    137207      2.00      0.00  kworker/0:2-mm_percpu_wq
09:11:37 PM     0    143435      1.00      0.00  kworker/5:0-mm_percpu_wq
09:11:37 PM     0    173734      3.00      0.00  kworker/4:0-mm_percpu_wq
09:11:37 PM     0    180922      3.00      0.00  kworker/2:0-events
09:11:37 PM     0    186631      3.00      0.00  kworker/3:2-events
09:11:37 PM     0    186893      4.00      0.00  kworker/11:0-events
09:11:37 PM     0    189255      2.00      0.00  kworker/7:2-events
09:11:37 PM     0    190951      1.00      0.00  kworker/10:0-mm_percpu_wq
09:11:37 PM     0    193064      2.00      0.00  kworker/u24:0-events_power_efficient
09:11:37 PM     0    193891      3.00      0.00  kworker/1:2-mm_percpu_wq
09:11:37 PM     0    194546      1.00      0.00  iostat
09:11:37 PM     0    194547      1.00      1.00  pidstat
09:11:37 PM     0    194548      5.00      0.00  bash
09:11:37 PM     0    194549      8.00      0.00  bash
09:11:37 PM     0    194550      4.00      0.00  bash
09:11:37 PM     0    194552     99.00      0.00  fio
09:11:37 PM     0    194902      1.00      0.00  sleep
09:11:37 PM     0    194912      1.00      0.00  sleep
09:11:37 PM     0    194914      1.00      0.00  sleep

09:11:37 PM   UID       PID   cswch/s nvcswch/s  Command
09:11:38 PM     0        17     19.00      0.00  rcu_preempt
09:11:38 PM     0        18      1.00      0.00  migration/0
09:11:38 PM     0        23      1.00      0.00  migration/1
09:11:38 PM     0        29      1.00      0.00  migration/2
09:11:38 PM     0        35      1.00      0.00  migration/3
09:11:38 PM     0        36      1.00      0.00  ksoftirqd/3
09:11:38 PM     0        41      1.00      0.00  migration/4
09:11:38 PM     0        42      1.00      0.00  ksoftirqd/4
09:11:38 PM     0        47      1.00      0.00  migration/5
09:11:38 PM     0        53      1.00      0.00  migration/6
09:11:38 PM     0        59      1.00      0.00  migration/7
09:11:38 PM     0        65      1.00      0.00  migration/8
09:11:38 PM     0        71      1.00      0.00  migration/9
09:11:38 PM     0        72      1.00      0.00  ksoftirqd/9
09:11:38 PM     0        77      1.00      0.00  migration/10
09:11:38 PM     0        78      1.00      0.00  ksoftirqd/10
09:11:38 PM     0        83      1.00      0.00  migration/11
09:11:38 PM     0        84      1.00      0.00  ksoftirqd/11
09:11:38 PM     0        95      2.00      0.00  kcompactd0
09:11:38 PM     0       187      4.00      0.00  kworker/0:1H-kblockd
09:11:38 PM     0       359      4.00      0.00  jbd2/nvme1n1p2-8
09:11:38 PM     0       453      1.00      0.00  multipathd
09:11:38 PM     0     88840      7.00      0.00  kworker/u24:1-writeback
09:11:38 PM     0    137207      3.00      0.00  kworker/0:2-events
09:11:38 PM     0    156170      5.00      0.00  kworker/u24:3-edac-poller
09:11:38 PM     0    173734      1.00      0.00  kworker/4:0-events
09:11:38 PM     0    179405      2.00      0.00  kworker/6:1-events
09:11:38 PM     0    186631      5.00      0.00  kworker/3:2-events
09:11:38 PM     0    186893      4.00      0.00  kworker/11:0-mm_percpu_wq
09:11:38 PM     0    189255      2.00      0.00  kworker/7:2-mm_percpu_wq
09:11:38 PM     0    189918      2.00      0.00  kworker/9:1-events
09:11:38 PM     0    190951      2.00      0.00  kworker/10:0-events
09:11:38 PM     0    193064      2.00      0.00  kworker/u24:0-flush-259:1
09:11:38 PM     0    193891      3.00      0.00  kworker/1:2-mm_percpu_wq
09:11:38 PM     0    194546      1.00      0.00  iostat
09:11:38 PM     0    194547      1.00      0.00  pidstat
09:11:38 PM     0    194548      5.00      0.00  bash
09:11:38 PM     0    194549      8.00      0.00  bash
09:11:38 PM     0    194550      4.00      1.00  bash
09:11:38 PM     0    194552    100.00      0.00  fio
09:11:38 PM     0    194917      1.00      0.00  sleep
09:11:38 PM     0    194927      1.00      0.00  sleep
09:11:38 PM     0    194929      1.00      0.00  sleep

09:11:38 PM   UID       PID   cswch/s nvcswch/s  Command
09:11:39 PM     0        16      1.00      0.00  ksoftirqd/0
09:11:39 PM     0        17     21.00      0.00  rcu_preempt
09:11:39 PM     0        36      2.00      0.00  ksoftirqd/3
09:11:39 PM     0        42      1.00      0.00  ksoftirqd/4
09:11:39 PM     0        54      1.00      0.00  ksoftirqd/6
09:11:39 PM     0        95      2.00      0.00  kcompactd0
09:11:39 PM     0       453      1.00      0.00  multipathd
09:11:39 PM     0       562      3.00      0.00  jbd2/nvme1n1p3-8
09:11:39 PM     0    137207      2.00      0.00  kworker/0:2-mm_percpu_wq
09:11:39 PM     0    143435      1.00      0.00  kworker/5:0-mm_percpu_wq
09:11:39 PM     0    156170      1.00      0.00  kworker/u24:3-edac-poller
09:11:39 PM     0    173734      5.00      0.00  kworker/4:0-mm_percpu_wq
09:11:39 PM     0    179405      1.00      0.00  kworker/6:1-events
09:11:39 PM     0    180922      4.00      0.00  kworker/2:0-events
09:11:39 PM     0    186631      4.00      0.00  kworker/3:2-mm_percpu_wq
09:11:39 PM     0    186893      6.00      0.00  kworker/11:0-mm_percpu_wq
09:11:39 PM     0    189255      2.00      0.00  kworker/7:2-events
09:11:39 PM     0    189918      1.00      0.00  kworker/9:1-events
09:11:39 PM     0    190951      1.00      0.00  kworker/10:0-mm_percpu_wq
09:11:39 PM     0    193891      1.00      0.00  kworker/1:2-events
09:11:39 PM     0    194546      1.00      0.00  iostat
09:11:39 PM     0    194547      1.00      0.00  pidstat
09:11:39 PM     0    194548      5.00      0.00  bash
09:11:39 PM     0    194549      8.00      0.00  bash
09:11:39 PM     0    194550      4.00      1.00  bash
09:11:39 PM     0    194552     99.00      0.00  fio
09:11:39 PM     0    194932      1.00      0.00  sleep
09:11:39 PM     0    194943      1.00      0.00  sleep
09:11:39 PM     0    194944      1.00      0.00  sleep

09:11:39 PM   UID       PID   cswch/s nvcswch/s  Command
09:11:40 PM     0        17     20.00      0.00  rcu_preempt
09:11:40 PM     0        78      1.00      0.00  ksoftirqd/10
09:11:40 PM     0        84      1.00      0.00  ksoftirqd/11
09:11:40 PM     0        95      2.00      0.00  kcompactd0
09:11:40 PM     0       172      1.00      0.00  kworker/3:1H-kblockd
09:11:40 PM     0       191      1.00      0.00  kworker/1:1H-kblockd
09:11:40 PM     0       453      1.00      0.00  multipathd
09:11:40 PM     0    137207      1.00      0.00  kworker/0:2-events
09:11:40 PM     0    156170      6.00      0.00  kworker/u24:3-edac-poller
09:11:40 PM     0    173734      1.00      0.00  kworker/4:0-events
09:11:40 PM     0    179405      1.00      0.00  kworker/6:1-mm_percpu_wq
09:11:40 PM     0    180922      3.00      0.00  kworker/2:0-events
09:11:40 PM     0    186631      3.00      0.00  kworker/3:2-mm_percpu_wq
09:11:40 PM     0    186893      3.00      0.00  kworker/11:0-events
09:11:40 PM     0    189255      2.00      0.00  kworker/7:2-mm_percpu_wq
09:11:40 PM     0    189918      2.00      0.00  kworker/9:1-events
09:11:40 PM     0    190951      1.00      0.00  kworker/10:0-mm_percpu_wq
09:11:40 PM     0    193891      4.00      0.00  kworker/1:2-mm_percpu_wq
09:11:40 PM     0    194546      1.00      0.00  iostat
09:11:40 PM     0    194547      1.00      0.00  pidstat
09:11:40 PM     0    194548      5.00      0.00  bash
09:11:40 PM     0    194549      6.00      0.00  bash
09:11:40 PM     0    194550      4.00      0.00  bash
09:11:40 PM     0    194552    100.00      0.00  fio
09:11:40 PM     0    194947      1.00      0.00  sleep
09:11:40 PM     0    194957      1.00      0.00  sleep
09:11:40 PM     0    194959      1.00      0.00  sleep

09:11:40 PM   UID       PID   cswch/s nvcswch/s  Command
09:11:41 PM     0        16      1.00      0.00  ksoftirqd/0
09:11:41 PM     0        17     19.00      0.00  rcu_preempt
09:11:41 PM     0        36      2.00      0.00  ksoftirqd/3
09:11:41 PM     0        54      1.00      0.00  ksoftirqd/6
09:11:41 PM     0        84      1.00      0.00  ksoftirqd/11
09:11:41 PM     0        95      2.00      0.00  kcompactd0
09:11:41 PM     0       453      1.00      0.00  multipathd
09:11:41 PM     0    137207      2.00      0.00  kworker/0:2-mm_percpu_wq
09:11:41 PM     0    143435      2.00      0.00  kworker/5:0-events
09:11:41 PM     0    156170      1.00      0.00  kworker/u24:3-edac-poller
09:11:41 PM     0    173734      4.00      0.00  kworker/4:0-mm_percpu_wq
09:11:41 PM     0    179405      2.00      0.00  kworker/6:1-events
09:11:41 PM     0    180922      2.00      0.00  kworker/2:0-events
09:11:41 PM     0    186631      4.00      0.00  kworker/3:2-mm_percpu_wq
09:11:41 PM     0    186893      2.00      0.00  kworker/11:0-events
09:11:41 PM     0    189255      2.00      0.00  kworker/7:2-mm_percpu_wq
09:11:41 PM     0    189918      1.00      0.00  kworker/9:1-events
09:11:41 PM     0    190951      1.00      0.00  kworker/10:0-mm_percpu_wq
09:11:41 PM     0    193891      2.00      0.00  kworker/1:2-mm_percpu_wq
09:11:41 PM     0    194546      1.00      0.00  iostat
09:11:41 PM     0    194547      1.00      1.00  pidstat
09:11:41 PM     0    194548      5.00      0.00  bash
09:11:41 PM     0    194549      6.00      0.00  bash
09:11:41 PM     0    194550      4.00      0.00  bash
09:11:41 PM     0    194552     99.00      0.00  fio
09:11:41 PM     0    194962      1.00      0.00  sleep
09:11:41 PM     0    194972      1.00      0.00  sleep
09:11:41 PM     0    194974      1.00      0.00  sleep

09:11:41 PM   UID       PID   cswch/s nvcswch/s  Command
09:11:42 PM     0        17     21.00      0.00  rcu_preempt
09:11:42 PM     0        18      1.00      0.00  migration/0
09:11:42 PM     0        23      1.00      0.00  migration/1
09:11:42 PM     0        24      1.00      0.00  ksoftirqd/1
09:11:42 PM     0        29      1.00      0.00  migration/2
09:11:42 PM     0        35      1.00      0.00  migration/3
09:11:42 PM     0        36      1.00      0.00  ksoftirqd/3
09:11:42 PM     0        41      1.00      0.00  migration/4
09:11:42 PM     0        47      1.00      0.00  migration/5
09:11:42 PM     0        48      1.00      0.00  ksoftirqd/5
09:11:42 PM     0        53      1.00      0.00  migration/6
09:11:42 PM     0        59      1.00      0.00  migration/7
09:11:42 PM     0        60      1.00      0.00  ksoftirqd/7
09:11:42 PM     0        65      1.00      0.00  migration/8
09:11:42 PM     0        71      1.00      0.00  migration/9
09:11:42 PM     0        77      1.00      0.00  migration/10
09:11:42 PM     0        83      1.00      0.00  migration/11
09:11:42 PM     0        95      2.00      0.00  kcompactd0
09:11:42 PM     0       453      1.00      0.00  multipathd
09:11:42 PM     0     21554      1.00      0.00  packagekitd
09:11:42 PM     0    137207      1.00      0.00  kworker/0:2-events
09:11:42 PM     0    156170      2.00      0.00  kworker/u24:3-edac-poller
09:11:42 PM     0    173734      2.00      0.00  kworker/4:0-events
09:11:42 PM     0    179405      2.00      0.00  kworker/6:1-events
09:11:42 PM     0    186631      2.00      0.00  kworker/3:2-mm_percpu_wq
09:11:42 PM     0    186893      3.00      0.00  kworker/11:0-events
09:11:42 PM     0    189255      3.00      0.00  kworker/7:2-mm_percpu_wq
09:11:42 PM     0    189918      2.00      0.00  kworker/9:1-events
09:11:42 PM     0    190951      1.00      0.00  kworker/10:0-mm_percpu_wq
09:11:42 PM     0    193891      3.00      0.00  kworker/1:2-mm_percpu_wq
09:11:42 PM     0    194546      1.00      0.00  iostat
09:11:42 PM     0    194547      1.00      1.00  pidstat
09:11:42 PM     0    194548      5.00      0.00  bash
09:11:42 PM     0    194549      8.00      0.00  bash
09:11:42 PM     0    194550      4.00      0.00  bash
09:11:42 PM     0    194552    100.00      0.00  fio
09:11:42 PM     0    194977      1.00      0.00  sleep
09:11:42 PM     0    194988      1.00      0.00  sleep
09:11:42 PM     0    194989      1.00      0.00  sleep

09:11:42 PM   UID       PID   cswch/s nvcswch/s  Command
09:11:43 PM     0        16      1.00      0.00  ksoftirqd/0
09:11:43 PM     0        17     18.00      0.00  rcu_preempt
09:11:43 PM     0        24      1.00      0.00  ksoftirqd/1
09:11:43 PM     0        48      1.00      0.00  ksoftirqd/5
09:11:43 PM     0        60      1.00      0.00  ksoftirqd/7
09:11:43 PM     0        78      1.00      0.00  ksoftirqd/10
09:11:43 PM     0        84      1.00      0.00  ksoftirqd/11
09:11:43 PM     0        95      2.00      0.00  kcompactd0
09:11:43 PM     0       102      1.00      0.00  irq/9-acpi
09:11:43 PM     0       453      1.00      0.00  multipathd
09:11:43 PM     0     88840      2.00      0.00  kworker/u24:1-events_power_efficient
09:11:43 PM     0    137207      3.00      0.00  kworker/0:2-mm_percpu_wq
09:11:43 PM     0    143435      1.00      0.00  kworker/5:0-mm_percpu_wq
09:11:43 PM     0    156170      3.00      0.00  kworker/u24:3-edac-poller
09:11:43 PM     0    173734      3.00      0.00  kworker/4:0-events
09:11:43 PM     0    179405      1.00      0.00  kworker/6:1-events
09:11:43 PM     0    180922      3.00      0.00  kworker/2:0-events
09:11:43 PM     0    185621      2.00      0.00  kworker/1:0-i915-unordered
09:11:43 PM     0    186631      1.00      0.00  kworker/3:2-events
09:11:43 PM     0    186893      2.00      0.00  kworker/11:0-events
09:11:43 PM     0    189255      4.00      0.00  kworker/7:2-events
09:11:43 PM     0    193891      8.00      0.00  kworker/1:2+pm
09:11:43 PM     0    194546      1.00      0.00  iostat
09:11:43 PM     0    194547      1.00      0.00  pidstat
09:11:43 PM     0    194548      5.00      0.00  bash
09:11:43 PM     0    194549      8.00      0.00  bash
09:11:43 PM     0    194550      4.00      0.00  bash
09:11:43 PM     0    194552     99.00      0.00  fio
09:11:43 PM     0    194992      1.00      0.00  sleep
09:11:43 PM     0    195003      1.00      0.00  sleep
09:11:43 PM     0    195004      1.00      0.00  sleep

09:11:43 PM   UID       PID   cswch/s nvcswch/s  Command
09:11:44 PM     0        16      0.99      0.00  ksoftirqd/0
09:11:44 PM     0        17     19.80      0.00  rcu_preempt
09:11:44 PM     0        24      0.99      0.00  ksoftirqd/1
09:11:44 PM     0        36      1.98      0.00  ksoftirqd/3
09:11:44 PM     0        60      0.99      0.00  ksoftirqd/7
09:11:44 PM     0        95      1.98      0.00  kcompactd0
09:11:44 PM     0       453      0.99      0.00  multipathd
09:11:44 PM     0       562      2.97      0.00  jbd2/nvme1n1p3-8
09:11:44 PM     0    137207      1.98      0.00  kworker/0:2-events
09:11:44 PM     0    156170      3.96      0.00  kworker/u24:3-edac-poller
09:11:44 PM     0    173734      0.99      0.00  kworker/4:0-events
09:11:44 PM     0    179405      0.99      0.00  kworker/6:1-mm_percpu_wq
09:11:44 PM     0    180922      0.99      0.00  kworker/2:0-events
09:11:44 PM     0    182585      0.99      0.00  kworker/8:1-mm_percpu_wq
09:11:44 PM     0    186631      2.97      0.00  kworker/3:2-events
09:11:44 PM     0    186893      1.98      0.00  kworker/11:0-events
09:11:44 PM     0    189255      3.96      0.00  kworker/7:2-mm_percpu_wq
09:11:44 PM     0    189918      1.98      0.00  kworker/9:1-events
09:11:44 PM     0    190951      0.99      0.00  kworker/10:0-mm_percpu_wq
09:11:44 PM     0    193891      3.96      0.00  kworker/1:2-mm_percpu_wq
09:11:44 PM     0    194546      0.99      0.00  iostat
09:11:44 PM     0    194547      0.99      0.00  pidstat
09:11:44 PM     0    194548      4.95      0.00  bash
09:11:44 PM     0    194549      5.94      0.00  bash
09:11:44 PM     0    194550      3.96      0.00  bash
09:11:44 PM     0    194552     98.02      0.00  fio
09:11:44 PM     0    195007      0.99      0.00  sleep
09:11:44 PM     0    195017      0.99      0.00  sleep
09:11:44 PM     0    195019      0.99      0.00  sleep

09:11:44 PM   UID       PID   cswch/s nvcswch/s  Command
09:11:45 PM     0        16      1.00      0.00  ksoftirqd/0
09:11:45 PM     0        17     20.00      0.00  rcu_preempt
09:11:45 PM     0        36      1.00      0.00  ksoftirqd/3
09:11:45 PM     0        78      1.00      0.00  ksoftirqd/10
09:11:45 PM     0        83      1.00      0.00  migration/11
09:11:45 PM     0        84      3.00      0.00  ksoftirqd/11
09:11:45 PM     0        95      2.00      0.00  kcompactd0
09:11:45 PM     0       453      1.00      0.00  multipathd
09:11:45 PM     0    137207      2.00      0.00  kworker/0:2-mm_percpu_wq
09:11:45 PM     0    143435      1.00      0.00  kworker/5:0-mm_percpu_wq
09:11:45 PM     0    156170      6.00      0.00  kworker/u24:3-edac-poller
09:11:45 PM     0    173734      3.00      0.00  kworker/4:0-events
09:11:45 PM     0    180922      3.00      0.00  kworker/2:0-events
09:11:45 PM     0    182585      1.00      0.00  kworker/8:1-mm_percpu_wq
09:11:45 PM     0    186631      3.00      0.00  kworker/3:2-events
09:11:45 PM     0    186893      4.00      0.00  kworker/11:0-events
09:11:45 PM     0    189255      1.00      0.00  kworker/7:2-mm_percpu_wq
09:11:45 PM     0    189918      1.00      0.00  kworker/9:1-events
09:11:45 PM     0    190951      1.00      0.00  kworker/10:0-events
09:11:45 PM     0    193891      2.00      0.00  kworker/1:2-mm_percpu_wq
09:11:45 PM     0    194546      1.00      0.00  iostat
09:11:45 PM     0    194547      1.00      0.00  pidstat
09:11:45 PM     0    194548      5.00      0.00  bash
09:11:45 PM     0    194549      8.00      0.00  bash
09:11:45 PM     0    194550      4.00      0.00  bash
09:11:45 PM     0    194552    100.00      0.00  fio
09:11:45 PM     0    195022      1.00      0.00  sleep
09:11:45 PM     0    195033      2.00      0.00  sleep
09:11:45 PM     0    195034      1.00      0.00  sleep

09:11:45 PM   UID       PID   cswch/s nvcswch/s  Command
09:11:46 PM     0        17     20.00      0.00  rcu_preempt
09:11:46 PM     0        18      1.00      0.00  migration/0
09:11:46 PM     0        23      1.00      0.00  migration/1
09:11:46 PM     0        24      1.00      0.00  ksoftirqd/1
09:11:46 PM     0        29      1.00      0.00  migration/2
09:11:46 PM     0        35      1.00      0.00  migration/3
09:11:46 PM     0        41      1.00      0.00  migration/4
09:11:46 PM     0        42      1.00      0.00  ksoftirqd/4
09:11:46 PM     0        47      1.00      0.00  migration/5
09:11:46 PM     0        48      2.00      0.00  ksoftirqd/5
09:11:46 PM     0        53      1.00      0.00  migration/6
09:11:46 PM     0        59      1.00      0.00  migration/7
09:11:46 PM     0        65      1.00      0.00  migration/8
09:11:46 PM     0        71      1.00      0.00  migration/9
09:11:46 PM     0        77      1.00      0.00  migration/10
09:11:46 PM     0        83      1.00      0.00  migration/11
09:11:46 PM     0        95      2.00      0.00  kcompactd0
09:11:46 PM     0       453      1.00      0.00  multipathd
09:11:46 PM     0    137207      1.00      0.00  kworker/0:2-events
09:11:46 PM     0    156170      2.00      0.00  kworker/u24:3-edac-poller
09:11:46 PM     0    173734      1.00      0.00  kworker/4:0-events
09:11:46 PM     0    179405      2.00      0.00  kworker/6:1-events
09:11:46 PM     0    186631      1.00      0.00  kworker/3:2-mm_percpu_wq
09:11:46 PM     0    186893      4.00      0.00  kworker/11:0-events
09:11:46 PM     0    189255      3.00      0.00  kworker/7:2-mm_percpu_wq
09:11:46 PM     0    189918      3.00      0.00  kworker/9:1-mm_percpu_wq
09:11:46 PM     0    190951      1.00      0.00  kworker/10:0-mm_percpu_wq
09:11:46 PM     0    193891      3.00      0.00  kworker/1:2-mm_percpu_wq
09:11:46 PM     0    194546      1.00      0.00  iostat
09:11:46 PM     0    194547      1.00      0.00  pidstat
09:11:46 PM     0    194548      5.00      0.00  bash
09:11:46 PM     0    194549      6.00      0.00  bash
09:11:46 PM     0    194550      4.00      0.00  bash
09:11:46 PM     0    194552     99.00      0.00  fio
09:11:46 PM     0    195037      1.00      0.00  sleep
09:11:46 PM     0    195047      1.00      0.00  sleep
09:11:46 PM     0    195049      1.00      0.00  sleep

09:11:46 PM   UID       PID   cswch/s nvcswch/s  Command
09:11:47 PM     0        17     20.00      0.00  rcu_preempt
09:11:47 PM     0        24      1.00      0.00  ksoftirqd/1
09:11:47 PM     0        36      1.00      0.00  ksoftirqd/3
09:11:47 PM     0        60      1.00      0.00  ksoftirqd/7
09:11:47 PM     0        84      1.00      0.00  ksoftirqd/11
09:11:47 PM     0        95      2.00      0.00  kcompactd0
09:11:47 PM     0       453      1.00      0.00  multipathd
09:11:47 PM     0    137207      2.00      0.00  kworker/0:2-mm_percpu_wq
09:11:47 PM     0    143435      1.00      0.00  kworker/5:0-mm_percpu_wq
09:11:47 PM     0    173734      3.00      0.00  kworker/4:0-mm_percpu_wq
09:11:47 PM     0    180922      3.00      0.00  kworker/2:0-events
09:11:47 PM     0    186631      1.00      0.00  kworker/3:2-mm_percpu_wq
09:11:47 PM     0    186893      3.00      0.00  kworker/11:0-events
09:11:47 PM     0    189255      4.00      0.00  kworker/7:2-events
09:11:47 PM     0    193891      1.00      0.00  kworker/1:2-events
09:11:47 PM     0    194546      1.00      0.00  iostat
09:11:47 PM     0    194547      1.00      0.00  pidstat
09:11:47 PM     0    194548      5.00      0.00  bash
09:11:47 PM     0    194549      7.00      1.00  bash
09:11:47 PM     0    194550      4.00      0.00  bash
09:11:47 PM     0    194552    100.00      0.00  fio
09:11:47 PM     0    195052      1.00      0.00  sleep
09:11:47 PM     0    195062      1.00      0.00  sleep
09:11:47 PM     0    195064      1.00      0.00  sleep

09:11:47 PM   UID       PID   cswch/s nvcswch/s  Command
09:11:48 PM     0        16      1.00      0.00  ksoftirqd/0
09:11:48 PM     0        17     18.00      0.00  rcu_preempt
09:11:48 PM     0        36      1.00      0.00  ksoftirqd/3
09:11:48 PM     0        42      1.00      0.00  ksoftirqd/4
09:11:48 PM     0        54      1.00      0.00  ksoftirqd/6
09:11:48 PM     0        95      2.00      0.00  kcompactd0
09:11:48 PM     0       453      1.00      0.00  multipathd
09:11:48 PM     0     88840      1.00      0.00  kworker/u24:1-events_power_efficient
09:11:48 PM     0    137207      3.00      0.00  kworker/0:2-events
09:11:48 PM     0    143435      1.00      0.00  kworker/5:0-events
09:11:48 PM     0    156170      3.00      0.00  kworker/u24:3-events_power_efficient
09:11:48 PM     0    173734      2.00      0.00  kworker/4:0-events
09:11:48 PM     0    179405      1.00      0.00  kworker/6:1-mm_percpu_wq
09:11:48 PM     0    180922      1.00      0.00  kworker/2:0-events
09:11:48 PM     0    186631      1.00      0.00  kworker/3:2-mm_percpu_wq
09:11:48 PM     0    186893      3.00      0.00  kworker/11:0-events
09:11:48 PM     0    189255      1.00      0.00  kworker/7:2-events
09:11:48 PM     0    189918      2.00      0.00  kworker/9:1-events
09:11:48 PM     0    190951      1.00      0.00  kworker/10:0-mm_percpu_wq
09:11:48 PM     0    193891      3.00      0.00  kworker/1:2-mm_percpu_wq
09:11:48 PM     0    194546      1.00      0.00  iostat
09:11:48 PM     0    194547      1.00      0.00  pidstat
09:11:48 PM     0    194548      5.00      0.00  bash
09:11:48 PM     0    194549      8.00      0.00  bash
09:11:48 PM     0    194550      4.00      0.00  bash
09:11:48 PM     0    194552     99.00      0.00  fio
09:11:48 PM     0    195067      1.00      0.00  sleep
09:11:48 PM     0    195078      1.00      0.00  sleep
09:11:48 PM     0    195079      1.00      0.00  sleep

09:11:48 PM   UID       PID   cswch/s nvcswch/s  Command
09:11:49 PM     0        16      1.00      0.00  ksoftirqd/0
09:11:49 PM     0        17     23.00      0.00  rcu_preempt
09:11:49 PM     0        84      1.00      0.00  ksoftirqd/11
09:11:49 PM     0        95      2.00      0.00  kcompactd0
09:11:49 PM     0       453      1.00      0.00  multipathd
09:11:49 PM     0       562      3.00      0.00  jbd2/nvme1n1p3-8
09:11:49 PM     0     88840      1.00      0.00  kworker/u24:1-edac-poller
09:11:49 PM     0    137207      3.00      0.00  kworker/0:2-mm_percpu_wq
09:11:49 PM     0    143435      1.00      0.00  kworker/5:0-mm_percpu_wq
09:11:49 PM     0    173734      2.00      0.00  kworker/4:0-events
09:11:49 PM     0    180922      2.00      0.00  kworker/2:0-events
09:11:49 PM     0    186631      1.00      0.00  kworker/3:2-events
09:11:49 PM     0    186893      2.00      0.00  kworker/11:0-events
09:11:49 PM     0    189255      3.00      0.00  kworker/7:2-mm_percpu_wq
09:11:49 PM     0    193891      2.00      0.00  kworker/1:2-events
09:11:49 PM     0    194546      1.00      0.00  iostat
09:11:49 PM     0    194547      1.00      0.00  pidstat
09:11:49 PM     0    194548      5.00      0.00  bash
09:11:49 PM     0    194549      6.00      0.00  bash
09:11:49 PM     0    194550      4.00      0.00  bash
09:11:49 PM     0    194552     99.00      0.00  fio
09:11:49 PM     0    195082      1.00      0.00  sleep
09:11:49 PM     0    195092      1.00      0.00  sleep
09:11:49 PM     0    195094      1.00      0.00  sleep

09:11:49 PM   UID       PID   cswch/s nvcswch/s  Command
09:11:50 PM     0        17     21.00      0.00  rcu_preempt
09:11:50 PM     0        18      1.00      0.00  migration/0
09:11:50 PM     0        23      1.00      0.00  migration/1
09:11:50 PM     0        29      1.00      0.00  migration/2
09:11:50 PM     0        35      1.00      0.00  migration/3
09:11:50 PM     0        41      1.00      0.00  migration/4
09:11:50 PM     0        47      1.00      0.00  migration/5
09:11:50 PM     0        48      1.00      0.00  ksoftirqd/5
09:11:50 PM     0        53      1.00      0.00  migration/6
09:11:50 PM     0        59      1.00      0.00  migration/7
09:11:50 PM     0        65      1.00      0.00  migration/8
09:11:50 PM     0        71      1.00      0.00  migration/9
09:11:50 PM     0        77      1.00      0.00  migration/10
09:11:50 PM     0        83      1.00      0.00  migration/11
09:11:50 PM     0        84      1.00      0.00  ksoftirqd/11
09:11:50 PM     0        95      2.00      0.00  kcompactd0
09:11:50 PM     0       191      1.00      0.00  kworker/1:1H-kblockd
09:11:50 PM     0       453      1.00      0.00  multipathd
09:11:50 PM     0     88840      1.00      0.00  kworker/u24:1-edac-poller
09:11:50 PM     0    137207      3.00      0.00  kworker/0:2-events
09:11:50 PM     0    143435      2.00      0.00  kworker/5:0-events
09:11:50 PM     0    173734      3.00      0.00  kworker/4:0-mm_percpu_wq
09:11:50 PM     0    179405      1.00      0.00  kworker/6:1-mm_percpu_wq
09:11:50 PM     0    186631      4.00      0.00  kworker/3:2-mm_percpu_wq
09:11:50 PM     0    186893      3.00      0.00  kworker/11:0-events
09:11:50 PM     0    189255      2.00      0.00  kworker/7:2-events
09:11:50 PM     0    189918      1.00      0.00  kworker/9:1-mm_percpu_wq
09:11:50 PM     0    190951      2.00      0.00  kworker/10:0-events
09:11:50 PM     0    193891      4.00      0.00  kworker/1:2-mm_percpu_wq
09:11:50 PM     0    194546      1.00      0.00  iostat
09:11:50 PM     0    194547      1.00      0.00  pidstat
09:11:50 PM     0    194548      5.00      0.00  bash
09:11:50 PM     0    194549      8.00      0.00  bash
09:11:50 PM     0    194550      4.00      0.00  bash
09:11:50 PM     0    194552    100.00      0.00  fio
09:11:50 PM     0    195097      1.00      0.00  sleep
09:11:50 PM     0    195108      1.00      0.00  sleep
09:11:50 PM     0    195109      1.00      0.00  sleep

09:11:50 PM   UID       PID   cswch/s nvcswch/s  Command
09:11:51 PM     0         1      1.00      0.00  systemd
09:11:51 PM     0        17     23.00      0.00  rcu_preempt
09:11:51 PM     0        24      1.00      0.00  ksoftirqd/1
09:11:51 PM     0        54      1.00      0.00  ksoftirqd/6
09:11:51 PM     0        60      1.00      0.00  ksoftirqd/7
09:11:51 PM     0        84      2.00      0.00  ksoftirqd/11
09:11:51 PM     0        95      2.00      0.00  kcompactd0
09:11:51 PM     0       453      1.00      0.00  multipathd
09:11:51 PM   101       608      1.00      0.00  systemd-network
09:11:51 PM     0     88840      5.00      0.00  kworker/u24:1-writeback
09:11:51 PM     0    137207      1.00      0.00  kworker/0:2-mm_percpu_wq
09:11:51 PM     0    143435      2.00      0.00  kworker/5:0-events
09:11:51 PM     0    173734      2.00      0.00  kworker/4:0-mm_percpu_wq
09:11:51 PM     0    180922      3.00      0.00  kworker/2:0-events
09:11:51 PM     0    186631      1.00      0.00  kworker/3:2-events
09:11:51 PM     0    186893      2.00      0.00  kworker/11:0-events
09:11:51 PM     0    189255      3.00      0.00  kworker/7:2-events
09:11:51 PM     0    193891      4.00      0.00  kworker/1:2-events
09:11:51 PM     0    194546      1.00      0.00  iostat
09:11:51 PM     0    194547      1.00      0.00  pidstat
09:11:51 PM     0    194548      5.00      0.00  bash
09:11:51 PM     0    194549      6.00      0.00  bash
09:11:51 PM     0    194550      4.00      0.00  bash
09:11:51 PM     0    194552     99.00      0.00  fio
09:11:51 PM     0    195112      1.00      0.00  sleep
09:11:51 PM     0    195122      1.00      0.00  sleep
09:11:51 PM     0    195124      1.00      0.00  sleep

09:11:51 PM   UID       PID   cswch/s nvcswch/s  Command
09:11:52 PM     0        16      1.00      0.00  ksoftirqd/0
09:11:52 PM     0        17     19.00      0.00  rcu_preempt
09:11:52 PM     0        36      2.00      0.00  ksoftirqd/3
09:11:52 PM     0        42      2.00      0.00  ksoftirqd/4
09:11:52 PM     0        95      2.00      0.00  kcompactd0
09:11:52 PM     0       453      1.00      0.00  multipathd
09:11:52 PM     0     21554      1.00      0.00  packagekitd
09:11:52 PM     0     88840      1.00      0.00  kworker/u24:1-edac-poller
09:11:52 PM     0    137207      3.00      0.00  kworker/0:2-events
09:11:52 PM     0    143435      1.00      0.00  kworker/5:0-events
09:11:52 PM     0    173734      3.00      0.00  kworker/4:0-mm_percpu_wq
09:11:52 PM     0    179405      1.00      0.00  kworker/6:1-mm_percpu_wq
09:11:52 PM     0    180922      1.00      0.00  kworker/2:0-events
09:11:52 PM     0    186631      2.00      0.00  kworker/3:2-events
09:11:52 PM     0    189255      1.00      0.00  kworker/7:2-events
09:11:52 PM     0    189918      1.00      0.00  kworker/9:1-mm_percpu_wq
09:11:52 PM     0    190951      1.00      0.00  kworker/10:0-mm_percpu_wq
09:11:52 PM     0    193891      4.00      0.00  kworker/1:2-mm_percpu_wq
09:11:52 PM     0    194546      1.00      0.00  iostat
09:11:52 PM     0    194547      1.00      0.00  pidstat
09:11:52 PM     0    194548      5.00      0.00  bash
09:11:52 PM     0    194549      7.00      0.00  bash
09:11:52 PM     0    194550      4.00      0.00  bash
09:11:52 PM     0    194552    100.00      0.00  fio
09:11:52 PM     0    195127      1.00      0.00  sleep
09:11:52 PM     0    195137      1.00      0.00  sleep
09:11:52 PM     0    195139      1.00      0.00  sleep

09:11:52 PM   UID       PID   cswch/s nvcswch/s  Command
09:11:53 PM     0        17     17.00      0.00  rcu_preempt
09:11:53 PM     0        24      1.00      0.00  ksoftirqd/1
09:11:53 PM     0        60      1.00      0.00  ksoftirqd/7
09:11:53 PM     0        95      2.00      0.00  kcompactd0
09:11:53 PM     0       453      1.00      0.00  multipathd
09:11:53 PM     0     88840      1.00      0.00  kworker/u24:1-events_unbound
09:11:53 PM     0    137207      2.00      0.00  kworker/0:2-mm_percpu_wq
09:11:53 PM     0    143435      2.00      0.00  kworker/5:0-events
09:11:53 PM     0    156170      1.00      0.00  kworker/u24:3-events_power_efficient
09:11:53 PM     0    173734      2.00      0.00  kworker/4:0-mm_percpu_wq
09:11:53 PM     0    180922      2.00      0.00  kworker/2:0-events
09:11:53 PM     0    182585      1.00      0.00  kworker/8:1-events
09:11:53 PM     0    186631      1.00      0.00  kworker/3:2-events
09:11:53 PM     0    186893      1.00      0.00  kworker/11:0-mm_percpu_wq
09:11:53 PM     0    189255      3.00      0.00  kworker/7:2-events
09:11:53 PM     0    189918      1.00      0.00  kworker/9:1-events
09:11:53 PM     0    193891      2.00      0.00  kworker/1:2-mm_percpu_wq
09:11:53 PM     0    194546      1.00      0.00  iostat
09:11:53 PM     0    194547      1.00      1.00  pidstat
09:11:53 PM     0    194548      5.00      0.00  bash
09:11:53 PM     0    194549      7.00      0.00  bash
09:11:53 PM     0    194550      4.00      0.00  bash
09:11:53 PM     0    194552     99.00      0.00  fio
09:11:53 PM     0    195142      1.00      0.00  sleep
09:11:53 PM     0    195152      1.00      0.00  sleep
09:11:53 PM     0    195154      1.00      0.00  sleep

09:11:53 PM   UID       PID   cswch/s nvcswch/s  Command
09:11:54 PM     0         2      1.00      0.00  kthreadd
09:11:54 PM     0        16      1.00      0.00  ksoftirqd/0
09:11:54 PM     0        17     21.00      0.00  rcu_preempt
09:11:54 PM     0        18      1.00      0.00  migration/0
09:11:54 PM     0        23      1.00      0.00  migration/1
09:11:54 PM     0        24      1.00      0.00  ksoftirqd/1
09:11:54 PM     0        29      1.00      0.00  migration/2
09:11:54 PM     0        35      1.00      0.00  migration/3
09:11:54 PM     0        36      1.00      0.00  ksoftirqd/3
09:11:54 PM     0        41      1.00      0.00  migration/4
09:11:54 PM     0        47      1.00      0.00  migration/5
09:11:54 PM     0        48      1.00      0.00  ksoftirqd/5
09:11:54 PM     0        53      1.00      0.00  migration/6
09:11:54 PM     0        54      1.00      0.00  ksoftirqd/6
09:11:54 PM     0        59      1.00      0.00  migration/7
09:11:54 PM     0        65      1.00      0.00  migration/8
09:11:54 PM     0        71      1.00      0.00  migration/9
09:11:54 PM     0        72      1.00      0.00  ksoftirqd/9
09:11:54 PM     0        77      1.00      0.00  migration/10
09:11:54 PM     0        83      1.00      0.00  migration/11
09:11:54 PM     0        95      2.00      0.00  kcompactd0
09:11:54 PM     0       102      1.00      0.00  irq/9-acpi
09:11:54 PM     0       453      1.00      0.00  multipathd
09:11:54 PM     0       562      3.00      0.00  jbd2/nvme1n1p3-8
09:11:54 PM     0     88840      3.00      0.00  kworker/u24:1-events_power_efficient
09:11:54 PM     0    137207      3.00      0.00  kworker/0:2-events
09:11:54 PM     0    143435      2.00      0.00  kworker/5:0-mm_percpu_wq
09:11:54 PM     0    156170      2.00      0.00  kworker/u24:3-writeback
09:11:54 PM     0    170864      2.00      0.00  kworker/1:1-events
09:11:54 PM     0    173734      2.00      0.00  kworker/4:0-mm_percpu_wq
09:11:54 PM     0    179405      2.00      0.00  kworker/6:1-events
09:11:54 PM     0    180922      1.00      0.00  kworker/2:0-events
09:11:54 PM     0    185621    763.00      0.00  kworker/1:0+i915-unordered
09:11:54 PM     0    186631      1.00      0.00  kworker/3:2-mm_percpu_wq
09:11:54 PM     0    186893      1.00      0.00  kworker/11:0-mm_percpu_wq
09:11:54 PM     0    189255      3.00      0.00  kworker/7:2-mm_percpu_wq
09:11:54 PM     0    189918      4.00      0.00  kworker/9:1-mm_percpu_wq
09:11:54 PM     0    190951      1.00      0.00  kworker/10:0-mm_percpu_wq
09:11:54 PM     0    193891   1134.00      0.00  kworker/1:2-mm_percpu_wq
09:11:54 PM     0    194546      1.00      0.00  iostat
09:11:54 PM     0    194547      1.00      0.00  pidstat
09:11:54 PM     0    194548      5.00      0.00  bash
09:11:54 PM     0    194549      8.00      0.00  bash
09:11:54 PM     0    194550      4.00      0.00  bash
09:11:54 PM     0    194552    100.00      0.00  fio
09:11:54 PM     0    195157      1.00      0.00  sleep
09:11:54 PM     0    195167      1.00      0.00  sleep
09:11:54 PM     0    195169      1.00      0.00  sleep
09:11:54 PM     0    195170      2.00      0.00  kworker/1:3

09:11:54 PM   UID       PID   cswch/s nvcswch/s  Command
09:11:55 PM     0        17     20.00      0.00  rcu_preempt
09:11:55 PM     0        36      1.00      0.00  ksoftirqd/3
09:11:55 PM     0        72      1.00      0.00  ksoftirqd/9
09:11:55 PM     0        95      2.00      0.00  kcompactd0
09:11:55 PM     0       453      1.00      0.00  multipathd
09:11:55 PM     0     88840      1.00      0.00  kworker/u24:1-events_power_efficient
09:11:55 PM     0    137207      2.00      0.00  kworker/0:2-mm_percpu_wq
09:11:55 PM     0    143435      4.00      0.00  kworker/5:0-mm_percpu_wq
09:11:55 PM     0    156170      2.00      0.00  kworker/u24:3-events_unbound
09:11:55 PM     0    173734      1.00      0.00  kworker/4:0-mm_percpu_wq
09:11:55 PM     0    179405      3.00      0.00  kworker/6:1-events
09:11:55 PM     0    180922      4.00      0.00  kworker/2:0-events
09:11:55 PM     0    185621    371.00      0.00  kworker/1:0-i915-unordered
09:11:55 PM     0    186631      2.00      0.00  kworker/3:2-events
09:11:55 PM     0    186893      3.00      0.00  kworker/11:0-mm_percpu_wq
09:11:55 PM     0    189255      2.00      0.00  kworker/7:2-mm_percpu_wq
09:11:55 PM     0    189918      1.00      0.00  kworker/9:1-events
09:11:55 PM     0    194546      1.00      0.00  iostat
09:11:55 PM     0    194547      1.00      0.00  pidstat
09:11:55 PM     0    194548      5.00      0.00  bash
09:11:55 PM     0    194549      8.00      0.00  bash
09:11:55 PM     0    194550      4.00      0.00  bash
09:11:55 PM     0    194552     99.00      0.00  fio
09:11:55 PM     0    195173      1.00      0.00  sleep
09:11:55 PM     0    195184      1.00      0.00  sleep
09:11:55 PM     0    195185      1.00      0.00  sleep

09:11:55 PM   UID       PID   cswch/s nvcswch/s  Command
09:11:56 PM     0        16      1.00      0.00  ksoftirqd/0
09:11:56 PM     0        17     18.00      0.00  rcu_preempt
09:11:56 PM     0        24      1.00      0.00  ksoftirqd/1
09:11:56 PM     0        42      2.00      0.00  ksoftirqd/4
09:11:56 PM     0        48      3.00      0.00  ksoftirqd/5
09:11:56 PM     0        60      1.00      0.00  ksoftirqd/7
09:11:56 PM     0        95      2.00      0.00  kcompactd0
09:11:56 PM     0       453      1.00      0.00  multipathd
09:11:56 PM   101       608      2.00      0.00  systemd-network
09:11:56 PM     0    137207      3.00      0.00  kworker/0:2-mm_percpu_wq
09:11:56 PM     0    143435      4.00      0.00  kworker/5:0-mm_percpu_wq
09:11:56 PM     0    156170      4.00      0.00  kworker/u24:3-writeback
09:11:56 PM     0    173734      3.00      0.00  kworker/4:0-mm_percpu_wq
09:11:56 PM     0    179405      2.00      0.00  kworker/6:1-events
09:11:56 PM     0    180922      1.00      0.00  kworker/2:0-events
09:11:56 PM     0    185621      5.00      0.00  kworker/1:0-mm_percpu_wq
09:11:56 PM     0    186631      1.00      0.00  kworker/3:2-mm_percpu_wq
09:11:56 PM     0    189255      2.00      0.00  kworker/7:2-mm_percpu_wq
09:11:56 PM     0    189918      2.00      0.00  kworker/9:1-mm_percpu_wq
09:11:56 PM     0    190951      1.00      0.00  kworker/10:0-mm_percpu_wq
09:11:56 PM     0    194546      1.00      0.00  iostat
09:11:56 PM     0    194547      1.00      1.00  pidstat
09:11:56 PM     0    194548      5.00      0.00  bash
09:11:56 PM     0    194549      7.00      0.00  bash
09:11:56 PM     0    194550      4.00      0.00  bash
09:11:56 PM     0    194552     99.00      0.00  fio
09:11:56 PM     0    195188      1.00      0.00  sleep
09:11:56 PM     0    195198      1.00      0.00  sleep
09:11:56 PM     0    195200      1.00      0.00  sleep

09:11:56 PM   UID       PID   cswch/s nvcswch/s  Command
09:11:57 PM     0        17     16.00      0.00  rcu_preempt
09:11:57 PM     0        24      2.00      0.00  ksoftirqd/1
09:11:57 PM     0        42      1.00      0.00  ksoftirqd/4
09:11:57 PM     0        48      1.00      0.00  ksoftirqd/5
09:11:57 PM     0        95      2.00      0.00  kcompactd0
09:11:57 PM     0       191      1.00      0.00  kworker/1:1H-kblockd
09:11:57 PM     0       453      1.00      0.00  multipathd
09:11:57 PM     0     88840      1.00      0.00  kworker/u24:1-events_power_efficient
09:11:57 PM     0    137207      1.00      0.00  kworker/0:2-events
09:11:57 PM     0    143435      4.00      0.00  kworker/5:0-mm_percpu_wq
09:11:57 PM     0    156170      1.00      0.00  kworker/u24:3-events_unbound
09:11:57 PM     0    173734      3.00      0.00  kworker/4:0-mm_percpu_wq
09:11:57 PM     0    179405      1.00      0.00  kworker/6:1-events
09:11:57 PM     0    180922      2.00      0.00  kworker/2:0-events
09:11:57 PM     0    185621      3.00      0.00  kworker/1:0-events
09:11:57 PM     0    186631      3.00      0.00  kworker/3:2-mm_percpu_wq
09:11:57 PM     0    186893      1.00      0.00  kworker/11:0-mm_percpu_wq
09:11:57 PM     0    189255      2.00      0.00  kworker/7:2-mm_percpu_wq
09:11:57 PM     0    194546      1.00      0.00  iostat
09:11:57 PM     0    194547      1.00      1.00  pidstat
09:11:57 PM     0    194548      5.00      0.00  bash
09:11:57 PM     0    194549      8.00      0.00  bash
09:11:57 PM     0    194550      4.00      0.00  bash
09:11:57 PM     0    194552    100.00      0.00  fio
09:11:57 PM     0    195203      1.00      0.00  sleep
09:11:57 PM     0    195214      1.00      0.00  sleep
09:11:57 PM     0    195215      1.00      0.00  sleep

09:11:57 PM   UID       PID   cswch/s nvcswch/s  Command
09:11:58 PM     0        17     17.00      0.00  rcu_preempt
09:11:58 PM     0        18      1.00      0.00  migration/0
09:11:58 PM     0        23      1.00      0.00  migration/1
09:11:58 PM     0        24      2.00      0.00  ksoftirqd/1
09:11:58 PM     0        29      1.00      0.00  migration/2
09:11:58 PM     0        35      1.00      0.00  migration/3
09:11:58 PM     0        41      1.00      0.00  migration/4
09:11:58 PM     0        47      1.00      0.00  migration/5
09:11:58 PM     0        53      1.00      0.00  migration/6
09:11:58 PM     0        59      1.00      0.00  migration/7
09:11:58 PM     0        65      1.00      0.00  migration/8
09:11:58 PM     0        71      1.00      0.00  migration/9
09:11:58 PM     0        72      1.00      0.00  ksoftirqd/9
09:11:58 PM     0        77      1.00      0.00  migration/10
09:11:58 PM     0        83      1.00      0.00  migration/11
09:11:58 PM     0        95      2.00      0.00  kcompactd0
09:11:58 PM     0       453      1.00      0.00  multipathd
09:11:58 PM     0     88840      1.00      0.00  kworker/u24:1-events_power_efficient
09:11:58 PM     0    137207      1.00      0.00  kworker/0:2-mm_percpu_wq
09:11:58 PM     0    143435      2.00      0.00  kworker/5:0-events
09:11:58 PM     0    156170      2.00      0.00  kworker/u24:3-events_power_efficient
09:11:58 PM     0    173734      2.00      0.00  kworker/4:0-mm_percpu_wq
09:11:58 PM     0    179405      1.00      0.00  kworker/6:1-mm_percpu_wq
09:11:58 PM     0    185621      8.00      0.00  kworker/1:0-mm_percpu_wq
09:11:58 PM     0    186631      1.00      0.00  kworker/3:2-events
09:11:58 PM     0    189255      1.00      0.00  kworker/7:2-events
09:11:58 PM     0    189918      2.00      0.00  kworker/9:1-events
09:11:58 PM     0    190951      1.00      0.00  kworker/10:0-mm_percpu_wq
09:11:58 PM     0    194546      1.00      0.00  iostat
09:11:58 PM     0    194547      1.00      0.00  pidstat
09:11:58 PM     0    194548      5.00      0.00  bash
09:11:58 PM     0    194549      7.00      0.00  bash
09:11:58 PM     0    194550      4.00      0.00  bash
09:11:58 PM     0    194552     99.00      0.00  fio
09:11:58 PM     0    195218      1.00      0.00  sleep
09:11:58 PM     0    195228      1.00      0.00  sleep
09:11:58 PM     0    195230      1.00      0.00  sleep

09:11:58 PM   UID       PID   cswch/s nvcswch/s  Command
09:11:59 PM     0        16      2.00      0.00  ksoftirqd/0
09:11:59 PM     0        17     22.00      0.00  rcu_preempt
09:11:59 PM     0        36      1.00      0.00  ksoftirqd/3
09:11:59 PM     0        42      1.00      0.00  ksoftirqd/4
09:11:59 PM     0        59      1.00      0.00  migration/7
09:11:59 PM     0        72      2.00      0.00  ksoftirqd/9
09:11:59 PM     0        95      2.00      0.00  kcompactd0
09:11:59 PM     0       453      1.00      0.00  multipathd
09:11:59 PM     0       562      3.00      0.00  jbd2/nvme1n1p3-8
09:11:59 PM     0     88840      2.00      0.00  kworker/u24:1-events_power_efficient
09:11:59 PM     0    137207      4.00      0.00  kworker/0:2-events
09:11:59 PM     0    143435      3.00      0.00  kworker/5:0-mm_percpu_wq
09:11:59 PM     0    156170      2.00      0.00  kworker/u24:3-events_power_efficient
09:11:59 PM     0    173734      1.00      0.00  kworker/4:0-mm_percpu_wq
09:11:59 PM     0    179405      1.00      0.00  kworker/6:1-events
09:11:59 PM     0    180922      3.00      0.00  kworker/2:0-events
09:11:59 PM     0    182585      1.00      0.00  kworker/8:1-events
09:11:59 PM     0    185621      1.00      0.00  kworker/1:0-mm_percpu_wq
09:11:59 PM     0    186631      3.00      0.00  kworker/3:2-events
09:11:59 PM     0    186893      1.00      0.00  kworker/11:0-mm_percpu_wq
09:11:59 PM     0    189255      2.00      0.00  kworker/7:2-events
09:11:59 PM     0    189918      2.00      0.00  kworker/9:1-events
09:11:59 PM     0    194546      1.00      0.00  iostat
09:11:59 PM     0    194547      1.00      1.00  pidstat
09:11:59 PM     0    194548      5.00      0.00  bash
09:11:59 PM     0    194549      7.00      0.00  bash
09:11:59 PM     0    194550      4.00      0.00  bash
09:11:59 PM     0    194552     99.00      0.00  fio
09:11:59 PM     0    195233      1.00      0.00  sleep
09:11:59 PM     0    195243      1.00      0.00  sleep
09:11:59 PM     0    195245      1.00      0.00  sleep

09:11:59 PM   UID       PID   cswch/s nvcswch/s  Command
09:12:00 PM     0        17     22.00      0.00  rcu_preempt
09:12:00 PM     0        48      1.00      0.00  ksoftirqd/5
09:12:00 PM     0        71      1.00      0.00  migration/9
09:12:00 PM     0        95      2.00      0.00  kcompactd0
09:12:00 PM     0       453      1.00      0.00  multipathd
09:12:00 PM     0    137207      2.00      0.00  kworker/0:2-mm_percpu_wq
09:12:00 PM     0    143435      2.00      0.00  kworker/5:0-events
09:12:00 PM     0    156170      1.00      0.00  kworker/u24:3-edac-poller
09:12:00 PM     0    173734      3.00      0.00  kworker/4:0-mm_percpu_wq
09:12:00 PM     0    179405      2.00      0.00  kworker/6:1-events
09:12:00 PM     0    180922      1.00      0.00  kworker/2:0-events
09:12:00 PM     0    185621      1.00      0.00  kworker/1:0-mm_percpu_wq
09:12:00 PM     0    186631      2.00      0.00  kworker/3:2-events
09:12:00 PM     0    189255      1.00      0.00  kworker/7:2-events
09:12:00 PM     0    189918      1.00      0.00  kworker/9:1-mm_percpu_wq
09:12:00 PM     0    190951      1.00      0.00  kworker/10:0-mm_percpu_wq
09:12:00 PM     0    194546      1.00      0.00  iostat
09:12:00 PM     0    194547      1.00      1.00  pidstat
09:12:00 PM     0    194548      5.00      0.00  bash
09:12:00 PM     0    194549      6.00      0.00  bash
09:12:00 PM     0    194550      4.00      0.00  bash
09:12:00 PM     0    194552    100.00      0.00  fio
09:12:00 PM     0    195248      1.00      0.00  sleep
09:12:00 PM     0    195259      1.00      0.00  sleep
09:12:00 PM     0    195260      1.00      0.00  sleep

09:12:00 PM   UID       PID   cswch/s nvcswch/s  Command
09:12:01 PM     0        17     21.00      0.00  rcu_preempt
09:12:01 PM     0        36      1.00      0.00  ksoftirqd/3
09:12:01 PM     0        48      1.00      0.00  ksoftirqd/5
09:12:01 PM     0        54      1.00      0.00  ksoftirqd/6
09:12:01 PM     0        84      1.00      0.00  ksoftirqd/11
09:12:01 PM     0        95      2.00      0.00  kcompactd0
09:12:01 PM     0       453      1.00      0.00  multipathd
09:12:01 PM     0       769      1.00      0.00  cron
09:12:01 PM     0    137207      1.00      0.00  kworker/0:2-events
09:12:01 PM     0    143435      3.00      0.00  kworker/5:0-events
09:12:01 PM     0    156170      5.00      0.00  kworker/u24:3-writeback
09:12:01 PM     0    173734      2.00      0.00  kworker/4:0-mm_percpu_wq
09:12:01 PM     0    179405      1.00      0.00  kworker/6:1-events
09:12:01 PM     0    180922      2.00      0.00  kworker/2:0-events
09:12:01 PM     0    182585      1.00      0.00  kworker/8:1-mm_percpu_wq
09:12:01 PM     0    185621      1.00      0.00  kworker/1:0-mm_percpu_wq
09:12:01 PM     0    186631      3.00      0.00  kworker/3:2-events
09:12:01 PM     0    186893      5.00      0.00  kworker/11:0-mm_percpu_wq
09:12:01 PM     0    189255      3.00      0.00  kworker/7:2-mm_percpu_wq
09:12:01 PM     0    189918      1.00      0.00  kworker/9:1-events
09:12:01 PM     0    194546      1.00      0.00  iostat
09:12:01 PM     0    194547      1.00      1.00  pidstat
09:12:01 PM     0    194548      5.00      0.00  bash
09:12:01 PM     0    194549      8.00      0.00  bash
09:12:01 PM     0    194550      4.00      0.00  bash
09:12:01 PM     0    194552     99.00      0.00  fio
09:12:01 PM     0    195263      1.00      0.00  sleep
09:12:01 PM     0    195273      1.00      0.00  sleep
09:12:01 PM     0    195275      1.00      0.00  sleep

09:12:01 PM   UID       PID   cswch/s nvcswch/s  Command
09:12:02 PM     0        17     21.00      0.00  rcu_preempt
09:12:02 PM     0        18      1.00      0.00  migration/0
09:12:02 PM     0        23      1.00      0.00  migration/1
09:12:02 PM     0        29      1.00      0.00  migration/2
09:12:02 PM     0        35      1.00      0.00  migration/3
09:12:02 PM     0        36      1.00      0.00  ksoftirqd/3
09:12:02 PM     0        41      1.00      0.00  migration/4
09:12:02 PM     0        47      2.00      0.00  migration/5
09:12:02 PM     0        48      1.00      0.00  ksoftirqd/5
09:12:02 PM     0        53      1.00      0.00  migration/6
09:12:02 PM     0        59      1.00      0.00  migration/7
09:12:02 PM     0        60      1.00      0.00  ksoftirqd/7
09:12:02 PM     0        65      1.00      0.00  migration/8
09:12:02 PM     0        71      1.00      0.00  migration/9
09:12:02 PM     0        77      1.00      0.00  migration/10
09:12:02 PM     0        83      1.00      0.00  migration/11
09:12:02 PM     0        84      1.00      0.00  ksoftirqd/11
09:12:02 PM     0        95      2.00      0.00  kcompactd0
09:12:02 PM     0       453      1.00      0.00  multipathd
09:12:02 PM     0     21554      1.00      0.00  packagekitd
09:12:02 PM     0    137207      3.00      0.00  kworker/0:2-mm_percpu_wq
09:12:02 PM     0    143435      2.00      0.00  kworker/5:0-events
09:12:02 PM     0    156170      1.00      0.00  kworker/u24:3-edac-poller
09:12:02 PM     0    173734      3.00      0.00  kworker/4:0-mm_percpu_wq
09:12:02 PM     0    179405      3.00      0.00  kworker/6:1-events
09:12:02 PM     0    185621      1.00      0.00  kworker/1:0-mm_percpu_wq
09:12:02 PM     0    186631      3.00      0.00  kworker/3:2-events
09:12:02 PM     0    186893      3.00      0.00  kworker/11:0-mm_percpu_wq
09:12:02 PM     0    189255      1.00      0.00  kworker/7:2-events
09:12:02 PM     0    189918      2.00      0.00  kworker/9:1-events
09:12:02 PM     0    190951      1.00      0.00  kworker/10:0-mm_percpu_wq
09:12:02 PM     0    194546      1.00      0.00  iostat
09:12:02 PM     0    194547      1.00      0.00  pidstat
09:12:02 PM     0    194548      5.00      0.00  bash
09:12:02 PM     0    194549      8.00      0.00  bash
09:12:02 PM     0    194550      4.00      0.00  bash
09:12:02 PM     0    194552    100.00      0.00  fio
09:12:02 PM     0    195278      1.00      0.00  sleep
09:12:02 PM     0    195289      1.00      0.00  sleep
09:12:02 PM     0    195290      1.00      0.00  sleep

09:12:02 PM   UID       PID   cswch/s nvcswch/s  Command
09:12:03 PM     0        17     19.00      0.00  rcu_preempt
09:12:03 PM     0        36      1.00      0.00  ksoftirqd/3
09:12:03 PM     0        48      1.00      0.00  ksoftirqd/5
09:12:03 PM     0        95      2.00      0.00  kcompactd0
09:12:03 PM     0       453      1.00      0.00  multipathd
09:12:03 PM     0    137207      1.00      0.00  kworker/0:2-events
09:12:03 PM     0    143435      3.00      0.00  kworker/5:0-events
09:12:03 PM     0    156170      1.00      0.00  kworker/u24:3-edac-poller
09:12:03 PM     0    173734      1.00      0.00  kworker/4:0-mm_percpu_wq
09:12:03 PM     0    179405      2.00      0.00  kworker/6:1-events
09:12:03 PM     0    180922      4.00      0.00  kworker/2:0-events
09:12:03 PM     0    182585      1.00      0.00  kworker/8:1-mm_percpu_wq
09:12:03 PM     0    186631      5.00      0.00  kworker/3:2-events
09:12:03 PM     0    186893      3.00      0.00  kworker/11:0-mm_percpu_wq
09:12:03 PM     0    189255      2.00      0.00  kworker/7:2-events
09:12:03 PM     0    194546      1.00      0.00  iostat
09:12:03 PM     0    194547      1.00      0.00  pidstat
09:12:03 PM     0    194548      5.00      0.00  bash
09:12:03 PM     0    194549      6.00      0.00  bash
09:12:03 PM     0    194550      4.00      0.00  bash
09:12:03 PM     0    194552     99.00      0.00  fio
09:12:03 PM     0    195293      1.00      0.00  sleep
09:12:03 PM     0    195303      1.00      0.00  sleep
09:12:03 PM     0    195305      1.00      0.00  sleep

09:12:03 PM   UID       PID   cswch/s nvcswch/s  Command
09:12:04 PM     0        17     17.00      0.00  rcu_preempt
09:12:04 PM     0        54      1.00      0.00  ksoftirqd/6
09:12:04 PM     0        60      1.00      0.00  ksoftirqd/7
09:12:04 PM     0        72      2.00      0.00  ksoftirqd/9
09:12:04 PM     0        84      1.00      0.00  ksoftirqd/11
09:12:04 PM     0        95      2.00      0.00  kcompactd0
09:12:04 PM     0       453      1.00      0.00  multipathd
09:12:04 PM     0       562      3.00      0.00  jbd2/nvme1n1p3-8
09:12:04 PM     0     88840      1.00      0.00  kworker/u24:1-events_power_efficient
09:12:04 PM     0    137207      1.00      0.00  kworker/0:2-mm_percpu_wq
09:12:04 PM     0    156170      5.00      0.00  kworker/u24:3-events_power_efficient
09:12:04 PM     0    173734      1.00      0.00  kworker/4:0-events
09:12:04 PM     0    179405      3.00      0.00  kworker/6:1-events
09:12:04 PM     0    180922      2.00      0.00  kworker/2:0-events
09:12:04 PM     0    182585      1.00      0.00  kworker/8:1-mm_percpu_wq
09:12:04 PM     0    185621      3.00      0.00  kworker/1:0-mm_percpu_wq
09:12:04 PM     0    186631      2.00      0.00  kworker/3:2-events
09:12:04 PM     0    186893      1.00      0.00  kworker/11:0-events
09:12:04 PM     0    189255      3.00      0.00  kworker/7:2-events
09:12:04 PM     0    189918      2.00      0.00  kworker/9:1-events
09:12:04 PM     0    190951      1.00      0.00  kworker/10:0-mm_percpu_wq
09:12:04 PM     0    194546      1.00      0.00  iostat
09:12:04 PM     0    194547      1.00      0.00  pidstat
09:12:04 PM     0    194548      5.00      0.00  bash
09:12:04 PM     0    194549      8.00      0.00  bash
09:12:04 PM     0    194550      4.00      0.00  bash
09:12:04 PM     0    194552     99.00      0.00  fio
09:12:04 PM     0    195308      1.00      0.00  sleep
09:12:04 PM     0    195319      1.00      0.00  sleep
09:12:04 PM     0    195320      1.00      0.00  sleep

09:12:04 PM   UID       PID   cswch/s nvcswch/s  Command
09:12:05 PM     0        16      1.00      0.00  ksoftirqd/0
09:12:05 PM     0        17     19.00      0.00  rcu_preempt
09:12:05 PM     0        24      2.00      0.00  ksoftirqd/1
09:12:05 PM     0        95      2.00      0.00  kcompactd0
09:12:05 PM     0       172      1.00      0.00  kworker/3:1H-kblockd
09:12:05 PM     0       453      1.00      0.00  multipathd
09:12:05 PM     0     88840      1.00      0.00  kworker/u24:1-edac-poller
09:12:05 PM     0    137207      1.00      0.00  kworker/0:2-events
09:12:05 PM     0    143435      2.00      0.00  kworker/5:0-events
09:12:05 PM     0    173734      2.00      0.00  kworker/4:0-mm_percpu_wq
09:12:05 PM     0    179405      1.00      0.00  kworker/6:1-events
09:12:05 PM     0    180922      4.00      0.00  kworker/2:0-events
09:12:05 PM     0    185621      3.00      0.00  kworker/1:0-mm_percpu_wq
09:12:05 PM     0    186631      2.00      0.00  kworker/3:2-events
09:12:05 PM     0    186893      3.00      0.00  kworker/11:0-events
09:12:05 PM     0    189255      3.00      0.00  kworker/7:2-events
09:12:05 PM     0    194546      1.00      0.00  iostat
09:12:05 PM     0    194547      1.00      0.00  pidstat
09:12:05 PM     0    194548      5.00      0.00  bash
09:12:05 PM     0    194549      7.00      0.00  bash
09:12:05 PM     0    194550      4.00      0.00  bash
09:12:05 PM     0    194552    100.00      0.00  fio
09:12:05 PM     0    195323      1.00      0.00  sleep
09:12:05 PM     0    195333      1.00      0.00  sleep
09:12:05 PM     0    195335      1.00      0.00  sleep

09:12:05 PM   UID       PID   cswch/s nvcswch/s  Command
09:12:06 PM     0         2      1.00      0.00  kthreadd
09:12:06 PM     0        16      1.00      0.00  ksoftirqd/0
09:12:06 PM     0        17     19.00      0.00  rcu_preempt
09:12:06 PM     0        18      1.00      0.00  migration/0
09:12:06 PM     0        23      1.00      0.00  migration/1
09:12:06 PM     0        24      1.00      0.00  ksoftirqd/1
09:12:06 PM     0        29      1.00      0.00  migration/2
09:12:06 PM     0        35      1.00      0.00  migration/3
09:12:06 PM     0        36      1.00      0.00  ksoftirqd/3
09:12:06 PM     0        41      1.00      0.00  migration/4
09:12:06 PM     0        47      1.00      0.00  migration/5
09:12:06 PM     0        53      1.00      0.00  migration/6
09:12:06 PM     0        59      1.00      0.00  migration/7
09:12:06 PM     0        65      1.00      0.00  migration/8
09:12:06 PM     0        71      1.00      0.00  migration/9
09:12:06 PM     0        77      1.00      0.00  migration/10
09:12:06 PM     0        83      1.00      0.00  migration/11
09:12:06 PM     0        95      2.00      0.00  kcompactd0
09:12:06 PM     0       102      1.00      0.00  irq/9-acpi
09:12:06 PM     0       453      1.00      0.00  multipathd
09:12:06 PM     0     88840      5.00      0.00  kworker/u24:1-writeback
09:12:06 PM     0    137207      2.00      0.00  kworker/0:2-mm_percpu_wq
09:12:06 PM     0    143435      8.00      0.00  kworker/5:0-events
09:12:06 PM     0    173734      2.00      0.00  kworker/4:0-mm_percpu_wq
09:12:06 PM     0    179405      3.00      0.00  kworker/6:1-events
09:12:06 PM     0    182585      1.00      0.00  kworker/8:1-mm_percpu_wq
09:12:06 PM     0    185621      7.00      0.00  kworker/1:0-mm_percpu_wq
09:12:06 PM     0    186631      2.00      0.00  kworker/3:2-mm_percpu_wq
09:12:06 PM     0    186893      1.00      0.00  kworker/11:0-events
09:12:06 PM     0    187565      2.00      0.00  kworker/5:1-i915-unordered
09:12:06 PM     0    189255      3.00      0.00  kworker/7:2-events
09:12:06 PM     0    189918      1.00      0.00  kworker/9:1-mm_percpu_wq
09:12:06 PM     0    190951      1.00      0.00  kworker/10:0-mm_percpu_wq
09:12:06 PM     0    194546      1.00      0.00  iostat
09:12:06 PM     0    194547      1.00      0.00  pidstat
09:12:06 PM     0    194548      5.00      0.00  bash
09:12:06 PM     0    194549      7.00      0.00  bash
09:12:06 PM     0    194550      4.00      0.00  bash
09:12:06 PM     0    194552     99.00      0.00  fio
09:12:06 PM     0    195338      1.00      0.00  sleep
09:12:06 PM     0    195339      2.00      0.00  kworker/5:2
09:12:06 PM     0    195350      1.00      0.00  sleep
09:12:06 PM     0    195351      1.00      0.00  sleep

09:12:06 PM   UID       PID   cswch/s nvcswch/s  Command
09:12:07 PM     0        17     18.00      0.00  rcu_preempt
09:12:07 PM     0        24      2.00      0.00  ksoftirqd/1
09:12:07 PM     0        72      1.00      0.00  ksoftirqd/9
09:12:07 PM     0        84      1.00      0.00  ksoftirqd/11
09:12:07 PM     0        95      2.00      0.00  kcompactd0
09:12:07 PM     0       453      1.00      0.00  multipathd
09:12:07 PM     0     88840      1.00      0.00  kworker/u24:1-edac-poller
09:12:07 PM     0    137207      1.00      0.00  kworker/0:2-events
09:12:07 PM     0    143435      2.00      0.00  kworker/5:0-events
09:12:07 PM     0    173734      2.00      0.00  kworker/4:0-mm_percpu_wq
09:12:07 PM     0    179405      1.00      0.00  kworker/6:1-events
09:12:07 PM     0    180922      3.00      0.00  kworker/2:0-events
09:12:07 PM     0    185621      4.00      0.00  kworker/1:0-mm_percpu_wq
09:12:07 PM     0    186631      3.00      0.00  kworker/3:2-mm_percpu_wq
09:12:07 PM     0    186893      3.00      0.00  kworker/11:0-events
09:12:07 PM     0    189255      2.00      0.00  kworker/7:2-events
09:12:07 PM     0    194546      1.00      0.00  iostat
09:12:07 PM     0    194547      1.00      1.00  pidstat
09:12:07 PM     0    194548      5.00      0.00  bash
09:12:07 PM     0    194549      8.00      0.00  bash
09:12:07 PM     0    194550      4.00      0.00  bash
09:12:07 PM     0    194552    100.00      0.00  fio
09:12:07 PM     0    195354      1.00      0.00  sleep
09:12:07 PM     0    195365      1.00      0.00  sleep
09:12:07 PM     0    195366      1.00      0.00  sleep

09:12:07 PM   UID       PID   cswch/s nvcswch/s  Command
09:12:08 PM     0        17     20.00      0.00  rcu_preempt
09:12:08 PM     0        72      1.00      0.00  ksoftirqd/9
09:12:08 PM     0        78      1.00      0.00  ksoftirqd/10
09:12:08 PM     0        95      2.00      0.00  kcompactd0
09:12:08 PM     0       453      1.00      0.00  multipathd
09:12:08 PM     0     88840      1.00      0.00  kworker/u24:1-edac-poller
09:12:08 PM     0    137207      3.00      0.00  kworker/0:2-mm_percpu_wq
09:12:08 PM     0    143435      2.00      0.00  kworker/5:0-events
09:12:08 PM     0    173734      1.00      0.00  kworker/4:0-events
09:12:08 PM     0    179405      2.00      0.00  kworker/6:1-events
09:12:08 PM     0    180922      1.00      0.00  kworker/2:0-events
09:12:08 PM     0    185621      3.00      0.00  kworker/1:0-mm_percpu_wq
09:12:08 PM     0    186631      2.00      0.00  kworker/3:2-events
09:12:08 PM     0    186893      2.00      0.00  kworker/11:0-mm_percpu_wq
09:12:08 PM     0    189255      2.00      0.00  kworker/7:2-mm_percpu_wq
09:12:08 PM     0    189918      2.00      0.00  kworker/9:1-events
09:12:08 PM     0    190951      1.00      0.00  kworker/10:0-mm_percpu_wq
09:12:08 PM     0    194546      1.00      0.00  iostat
09:12:08 PM     0    194547      1.00      0.00  pidstat
09:12:08 PM     0    194548      5.00      0.00  bash
09:12:08 PM     0    194549      7.00      0.00  bash
09:12:08 PM     0    194550      4.00      0.00  bash
09:12:08 PM     0    194552     99.00      0.00  fio
09:12:08 PM     0    195369      1.00      0.00  sleep
09:12:08 PM     0    195380      1.00      0.00  sleep
09:12:08 PM     0    195381      1.00      0.00  sleep

09:12:08 PM   UID       PID   cswch/s nvcswch/s  Command
09:12:09 PM     0        16      1.00      0.00  ksoftirqd/0
09:12:09 PM     0        17     19.00      0.00  rcu_preempt
09:12:09 PM     0        36      1.00      0.00  ksoftirqd/3
09:12:09 PM     0        72      1.00      0.00  ksoftirqd/9
09:12:09 PM     0        95      2.00      0.00  kcompactd0
09:12:09 PM     0       453      1.00      0.00  multipathd
09:12:09 PM     0       562      3.00      0.00  jbd2/nvme1n1p3-8
09:12:09 PM     0     88840      2.00      0.00  kworker/u24:1-edac-poller
09:12:09 PM     0    137207      2.00      0.00  kworker/0:2-events
09:12:09 PM     0    143435      2.00      0.00  kworker/5:0-events
09:12:09 PM     0    173734      2.00      0.00  kworker/4:0-events
09:12:09 PM     0    179405      1.00      0.00  kworker/6:1-events
09:12:09 PM     0    180922      2.00      0.00  kworker/2:0-events
09:12:09 PM     0    185621      3.00      0.00  kworker/1:0-mm_percpu_wq
09:12:09 PM     0    186631      2.00      0.00  kworker/3:2-events
09:12:09 PM     0    186893      1.00      0.00  kworker/11:0-mm_percpu_wq
09:12:09 PM     0    189255      2.00      0.00  kworker/7:2-events
09:12:09 PM     0    189918      1.00      0.00  kworker/9:1-events
09:12:09 PM     0    194546      1.00      0.00  iostat
09:12:09 PM     0    194547      1.00      0.00  pidstat
09:12:09 PM     0    194548      5.00      0.00  bash
09:12:09 PM     0    194549      7.00      0.00  bash
09:12:09 PM     0    194550      4.00      0.00  bash
09:12:09 PM     0    194552     99.00      0.00  fio
09:12:09 PM     0    195384      1.00      0.00  sleep
09:12:09 PM     0    195394      1.00      0.00  sleep
09:12:09 PM     0    195396      1.00      0.00  sleep

09:12:09 PM   UID       PID   cswch/s nvcswch/s  Command
09:12:10 PM     0        17     23.00      0.00  rcu_preempt
09:12:10 PM     0        18      1.00      0.00  migration/0
09:12:10 PM     0        23      1.00      0.00  migration/1
09:12:10 PM     0        24      3.00      0.00  ksoftirqd/1
09:12:10 PM     0        29      1.00      0.00  migration/2
09:12:10 PM     0        35      1.00      0.00  migration/3
09:12:10 PM     0        41      1.00      0.00  migration/4
09:12:10 PM     0        47      1.00      0.00  migration/5
09:12:10 PM     0        53      1.00      0.00  migration/6
09:12:10 PM     0        54      2.00      0.00  ksoftirqd/6
09:12:10 PM     0        59      1.00      0.00  migration/7
09:12:10 PM     0        65      1.00      0.00  migration/8
09:12:10 PM     0        71      1.00      0.00  migration/9
09:12:10 PM     0        72      1.00      0.00  ksoftirqd/9
09:12:10 PM     0        77      2.00      0.00  migration/10
09:12:10 PM     0        78      1.00      0.00  ksoftirqd/10
09:12:10 PM     0        83      1.00      0.00  migration/11
09:12:10 PM     0        95      2.00      0.00  kcompactd0
09:12:10 PM     0       453      1.00      0.00  multipathd
09:12:10 PM     0     88840      3.00      0.00  kworker/u24:1-events_power_efficient
09:12:10 PM     0    137207      1.00      0.00  kworker/0:2-mm_percpu_wq
09:12:10 PM     0    143435      2.00      0.00  kworker/5:0-events
09:12:10 PM     0    156170      1.00      0.00  kworker/u24:3-events_power_efficient
09:12:10 PM     0    173734      1.00      0.00  kworker/4:0-events
09:12:10 PM     0    179405      2.00      0.00  kworker/6:1-events
09:12:10 PM     0    185621      5.00      0.00  kworker/1:0-mm_percpu_wq
09:12:10 PM     0    186631      3.00      0.00  kworker/3:2-mm_percpu_wq
09:12:10 PM     0    189255      3.00      0.00  kworker/7:2-mm_percpu_wq
09:12:10 PM     0    189918      4.00      0.00  kworker/9:1-mm_percpu_wq
09:12:10 PM     0    190951      1.00      0.00  kworker/10:0-mm_percpu_wq
09:12:10 PM     0    194546      1.00      0.00  iostat
09:12:10 PM     0    194547      1.00      0.00  pidstat
09:12:10 PM     0    194548      5.00      0.00  bash
09:12:10 PM     0    194549      6.00      0.00  bash
09:12:10 PM     0    194550      4.00      0.00  bash
09:12:10 PM     0    194552    100.00      0.00  fio
09:12:10 PM     0    195399      1.00      0.00  sleep
09:12:10 PM     0    195410      1.00      0.00  sleep
09:12:10 PM     0    195411      1.00      0.00  sleep

09:12:10 PM   UID       PID   cswch/s nvcswch/s  Command
09:12:11 PM     0        17     24.00      0.00  rcu_preempt
09:12:11 PM     0        24      1.00      0.00  ksoftirqd/1
09:12:11 PM     0        36      2.00      0.00  ksoftirqd/3
09:12:11 PM     0        95      2.00      0.00  kcompactd0
09:12:11 PM     0       453      1.00      0.00  multipathd
09:12:11 PM     0     88840      1.00      0.00  kworker/u24:1-events_power_efficient
09:12:11 PM     0    137207      1.00      0.00  kworker/0:2-events
09:12:11 PM     0    143435      2.00      0.00  kworker/5:0-events
09:12:11 PM     0    156170      1.00      0.00  kworker/u24:3-events_unbound
09:12:11 PM     0    173734      1.00      0.00  kworker/4:0-events
09:12:11 PM     0    180922      3.00      0.00  kworker/2:0-events
09:12:11 PM     0    185621      3.00      0.00  kworker/1:0-events
09:12:11 PM     0    186631      3.00      0.00  kworker/3:2-mm_percpu_wq
09:12:11 PM     0    186893      2.00      0.00  kworker/11:0-events
09:12:11 PM     0    189255      3.00      0.00  kworker/7:2-events
09:12:11 PM     0    194546      1.00      0.00  iostat
09:12:11 PM     0    194547      1.00      0.00  pidstat
09:12:11 PM     0    194548      5.00      0.00  bash
09:12:11 PM     0    194549      7.00      0.00  bash
09:12:11 PM     0    194550      4.00      0.00  bash
09:12:11 PM     0    194552     99.00      0.00  fio
09:12:11 PM     0    195414      1.00      0.00  sleep
09:12:11 PM     0    195425      1.00      0.00  sleep
09:12:11 PM     0    195426      1.00      0.00  sleep

09:12:11 PM   UID       PID   cswch/s nvcswch/s  Command
09:12:12 PM     0        16      2.00      0.00  ksoftirqd/0
09:12:12 PM     0        17     19.00      0.00  rcu_preempt
09:12:12 PM     0        36      1.00      0.00  ksoftirqd/3
09:12:12 PM     0        54      1.00      0.00  ksoftirqd/6
09:12:12 PM     0        72      1.00      0.00  ksoftirqd/9
09:12:12 PM     0        78      1.00      0.00  ksoftirqd/10
09:12:12 PM     0        95      2.00      0.00  kcompactd0
09:12:12 PM     0       189      1.00      0.00  kworker/4:1H-kblockd
09:12:12 PM     0       453      1.00      0.00  multipathd
09:12:12 PM     0     21554      1.00      0.00  packagekitd
09:12:12 PM     0    137207      2.00      0.00  kworker/0:2-mm_percpu_wq
09:12:12 PM     0    143435      1.00      0.00  kworker/5:0-events
09:12:12 PM     0    156170      4.00      0.00  kworker/u24:3-edac-poller
09:12:12 PM     0    173734      1.00      0.00  kworker/4:0-events
09:12:12 PM     0    179405      2.00      0.00  kworker/6:1-events
09:12:12 PM     0    180922      1.00      0.00  kworker/2:0-events
09:12:12 PM     0    182585      1.00      0.00  kworker/8:1-mm_percpu_wq
09:12:12 PM     0    185621      4.00      0.00  kworker/1:0-mm_percpu_wq
09:12:12 PM     0    186631      3.00      0.00  kworker/3:2-mm_percpu_wq
09:12:12 PM     0    186893      1.00      0.00  kworker/11:0-events
09:12:12 PM     0    189255      1.00      0.00  kworker/7:2-events
09:12:12 PM     0    189918      3.00      0.00  kworker/9:1-events
09:12:12 PM     0    190951      1.00      0.00  kworker/10:0-mm_percpu_wq
09:12:12 PM     0    194546      1.00      0.00  iostat
09:12:12 PM     0    194547      1.00      0.00  pidstat
09:12:12 PM     0    194548      5.00      0.00  bash
09:12:12 PM     0    194549      8.00      0.00  bash
09:12:12 PM     0    194550      4.00      0.00  bash
09:12:12 PM     0    194552    100.00      0.00  fio
09:12:12 PM     0    195429      1.00      0.00  sleep
09:12:12 PM     0    195440      1.00      0.00  sleep
09:12:12 PM     0    195441      1.00      0.00  sleep

09:12:12 PM   UID       PID   cswch/s nvcswch/s  Command
09:12:13 PM     0        17     20.00      0.00  rcu_preempt
09:12:13 PM     0        24      1.00      0.00  ksoftirqd/1
09:12:13 PM     0        54      1.00      0.00  ksoftirqd/6
09:12:13 PM     0        72      1.00      0.00  ksoftirqd/9
09:12:13 PM     0        78      1.00      0.00  ksoftirqd/10
09:12:13 PM     0        95      2.00      0.00  kcompactd0
09:12:13 PM     0       453      1.00      0.00  multipathd
09:12:13 PM     0     88840      1.00      0.00  kworker/u24:1-events_power_efficient
09:12:13 PM     0    137207      1.00      0.00  kworker/0:2-events
09:12:13 PM     0    156170      1.00      0.00  kworker/u24:3-events_unbound
09:12:13 PM     0    173734      1.00      0.00  kworker/4:0-events
09:12:13 PM     0    180922      2.00      0.00  kworker/2:0-events
09:12:13 PM     0    185621      1.00      0.00  kworker/1:0-events
09:12:13 PM     0    186631      3.00      0.00  kworker/3:2-mm_percpu_wq
09:12:13 PM     0    186893      2.00      0.00  kworker/11:0-events
09:12:13 PM     0    189255      4.00      0.00  kworker/7:2-mm_percpu_wq
09:12:13 PM     0    189918      2.00      0.00  kworker/9:1-events
09:12:13 PM     0    190951      1.00      0.00  kworker/10:0-mm_percpu_wq
09:12:13 PM     0    194546      1.00      0.00  iostat
09:12:13 PM     0    194547      1.00      0.00  pidstat
09:12:13 PM     0    194548      5.00      0.00  bash
09:12:13 PM     0    194549      7.00      0.00  bash
09:12:13 PM     0    194550      4.00      0.00  bash
09:12:13 PM     0    194552     99.00      0.00  fio
09:12:13 PM     0    195444      1.00      0.00  sleep
09:12:13 PM     0    195455      1.00      0.00  sleep
09:12:13 PM     0    195456      1.00      0.00  sleep

09:12:13 PM   UID       PID   cswch/s nvcswch/s  Command
09:12:14 PM     0        16      1.00      0.00  ksoftirqd/0
09:12:14 PM     0        17     20.00      0.00  rcu_preempt
09:12:14 PM     0        18      1.00      0.00  migration/0
09:12:14 PM     0        23      1.00      0.00  migration/1
09:12:14 PM     0        29      1.00      0.00  migration/2
09:12:14 PM     0        35      1.00      0.00  migration/3
09:12:14 PM     0        36      1.00      0.00  ksoftirqd/3
09:12:14 PM     0        41      1.00      0.00  migration/4
09:12:14 PM     0        47      1.00      0.00  migration/5
09:12:14 PM     0        53      1.00      0.00  migration/6
09:12:14 PM     0        54      1.00      0.00  ksoftirqd/6
09:12:14 PM     0        59      1.00      0.00  migration/7
09:12:14 PM     0        65      1.00      0.00  migration/8
09:12:14 PM     0        71      1.00      0.00  migration/9
09:12:14 PM     0        77      1.00      0.00  migration/10
09:12:14 PM     0        83      1.00      0.00  migration/11
09:12:14 PM     0        84      1.00      0.00  ksoftirqd/11
09:12:14 PM     0        95      2.00      0.00  kcompactd0
09:12:14 PM     0       453      1.00      0.00  multipathd
09:12:14 PM     0       562      3.00      0.00  jbd2/nvme1n1p3-8
09:12:14 PM     0     88840      4.00      0.00  kworker/u24:1-edac-poller
09:12:14 PM     0    137207      2.00      0.00  kworker/0:2-mm_percpu_wq
09:12:14 PM     0    143435      1.00      0.00  kworker/5:0-mm_percpu_wq
09:12:14 PM     0    156170      1.00      0.00  kworker/u24:3-events_power_efficient
09:12:14 PM     0    173734      1.00      0.00  kworker/4:0-events
09:12:14 PM     0    179405      1.00      0.00  kworker/6:1-mm_percpu_wq
09:12:14 PM     0    180922      1.00      0.00  kworker/2:0-events
09:12:14 PM     0    182585      1.00      0.00  kworker/8:1-mm_percpu_wq
09:12:14 PM     0    185621      4.00      0.00  kworker/1:0-mm_percpu_wq
09:12:14 PM     0    186631      3.00      0.00  kworker/3:2-mm_percpu_wq
09:12:14 PM     0    186893      3.00      0.00  kworker/11:0-mm_percpu_wq
09:12:14 PM     0    189255      4.00      0.00  kworker/7:2-mm_percpu_wq
09:12:14 PM     0    189918      2.00      0.00  kworker/9:1-events
09:12:14 PM     0    190951      1.00      0.00  kworker/10:0-mm_percpu_wq
09:12:14 PM     0    194546      1.00      0.00  iostat
09:12:14 PM     0    194547      1.00      0.00  pidstat
09:12:14 PM     0    194548      5.00      0.00  bash
09:12:14 PM     0    194549      7.00      0.00  bash
09:12:14 PM     0    194550      4.00      0.00  bash
09:12:14 PM     0    194552     99.00      0.00  fio
09:12:14 PM     0    195459      1.00      0.00  sleep
09:12:14 PM     0    195470      1.00      0.00  sleep
09:12:14 PM     0    195471      1.00      0.00  sleep

09:12:14 PM   UID       PID   cswch/s nvcswch/s  Command
09:12:15 PM     0        16      1.00      0.00  ksoftirqd/0
09:12:15 PM     0        17     19.00      0.00  rcu_preempt
09:12:15 PM     0        36      2.00      0.00  ksoftirqd/3
09:12:15 PM     0        60      1.00      0.00  ksoftirqd/7
09:12:15 PM     0        78      1.00      0.00  ksoftirqd/10
09:12:15 PM     0        84      1.00      0.00  ksoftirqd/11
09:12:15 PM     0        95      2.00      0.00  kcompactd0
09:12:15 PM     0       453      1.00      0.00  multipathd
09:12:15 PM   101       608      1.00      0.00  systemd-network
09:12:15 PM     0     88840      1.00      0.00  kworker/u24:1-edac-poller
09:12:15 PM     0    137207      2.00      0.00  kworker/0:2-events
09:12:15 PM     0    173734      1.00      0.00  kworker/4:0-events
09:12:15 PM     0    179405      1.00      0.00  kworker/6:1-events
09:12:15 PM     0    180922      4.00      0.00  kworker/2:0-events
09:12:15 PM     0    185621      1.00      0.00  kworker/1:0-mm_percpu_wq
09:12:15 PM     0    186631      3.00      0.00  kworker/3:2-mm_percpu_wq
09:12:15 PM     0    186893      3.00      0.00  kworker/11:0-mm_percpu_wq
09:12:15 PM     0    189255      3.00      0.00  kworker/7:2-mm_percpu_wq
09:12:15 PM     0    189918      1.00      0.00  kworker/9:1-events
09:12:15 PM     0    194546      1.00      0.00  iostat
09:12:15 PM     0    194547      1.00      0.00  pidstat
09:12:15 PM     0    194548      5.00      0.00  bash
09:12:15 PM     0    194549      8.00      0.00  bash
09:12:15 PM     0    194550      4.00      0.00  bash
09:12:15 PM     0    194552    100.00      0.00  fio
09:12:15 PM     0    195474      1.00      0.00  sleep
09:12:15 PM     0    195484      1.00      0.00  sleep
09:12:15 PM     0    195486      1.00      0.00  sleep

09:12:15 PM   UID       PID   cswch/s nvcswch/s  Command
09:12:16 PM     0        17     17.00      0.00  rcu_preempt
09:12:16 PM     0        36      1.00      0.00  ksoftirqd/3
09:12:16 PM     0        47      1.00      0.00  migration/5
09:12:16 PM     0        48      1.00      0.00  ksoftirqd/5
09:12:16 PM     0        60      2.00      0.00  ksoftirqd/7
09:12:16 PM     0        78      1.00      0.00  ksoftirqd/10
09:12:16 PM     0        84      1.00      0.00  ksoftirqd/11
09:12:16 PM     0        95      2.00      0.00  kcompactd0
09:12:16 PM     0       102      1.00      0.00  irq/9-acpi
09:12:16 PM     0       453      1.00      0.00  multipathd
09:12:16 PM     0     88840      1.00      0.00  kworker/u24:1-events_power_efficient
09:12:16 PM     0    137207      2.00      0.00  kworker/0:2-mm_percpu_wq
09:12:16 PM     0    143435   1140.00      1.00  kworker/5:0-mm_percpu_wq
09:12:16 PM     0    156170      3.00      0.00  kworker/u24:3-edac-poller
09:12:16 PM     0    173734      2.00      0.00  kworker/4:0-mm_percpu_wq
09:12:16 PM     0    179405      2.00      0.00  kworker/6:1-events
09:12:16 PM     0    180922      1.00      0.00  kworker/2:0-events
09:12:16 PM     0    185621      2.00      0.00  kworker/1:0-events
09:12:16 PM     0    186631      5.00      0.00  kworker/3:2-mm_percpu_wq
09:12:16 PM     0    186893      3.00      0.00  kworker/11:0-events
09:12:16 PM     0    189255      2.00      0.00  kworker/7:2-mm_percpu_wq
09:12:16 PM     0    189918      4.00      0.00  kworker/9:1-mm_percpu_wq
09:12:16 PM     0    190951      1.00      0.00  kworker/10:0-mm_percpu_wq
09:12:16 PM     0    194546      1.00      0.00  iostat
09:12:16 PM     0    194547      1.00      0.00  pidstat
09:12:16 PM     0    194548      5.00      0.00  bash
09:12:16 PM     0    194549      8.00      0.00  bash
09:12:16 PM     0    194550      4.00      0.00  bash
09:12:16 PM     0    194552     99.00      0.00  fio
09:12:16 PM     0    195339    714.00      0.00  kworker/5:2+i915-unordered
09:12:16 PM     0    195489      1.00      0.00  sleep
09:12:16 PM     0    195499      1.00      0.00  sleep
09:12:16 PM     0    195501      1.00      0.00  sleep

09:12:16 PM   UID       PID   cswch/s nvcswch/s  Command
09:12:17 PM     0        16      1.00      0.00  ksoftirqd/0
09:12:17 PM     0        17     20.00      0.00  rcu_preempt
09:12:17 PM     0        36      2.00      0.00  ksoftirqd/3
09:12:17 PM     0        48      1.00      0.00  ksoftirqd/5
09:12:17 PM     0        95      2.00      0.00  kcompactd0
09:12:17 PM     0       453      1.00      0.00  multipathd
09:12:17 PM     0    137207      2.00      0.00  kworker/0:2-events
09:12:17 PM     0    156170      4.00      0.00  kworker/u24:3-ext4-rsv-conversion
09:12:17 PM     0    173734      1.00      0.00  kworker/4:0-mm_percpu_wq
09:12:17 PM     0    179405      2.00      0.00  kworker/6:1-events
09:12:17 PM     0    180922      2.00      0.00  kworker/2:0-events
09:12:17 PM     0    182585      1.00      0.00  kworker/8:1-events
09:12:17 PM     0    185621      1.00      0.00  kworker/1:0-mm_percpu_wq
09:12:17 PM     0    186631      6.00      0.00  kworker/3:2-events
09:12:17 PM     0    186893      2.00      0.00  kworker/11:0-mm_percpu_wq
09:12:17 PM     0    189255      2.00      0.00  kworker/7:2-events
09:12:17 PM     0    189918      2.00      0.00  kworker/9:1-events
09:12:17 PM     0    190951      1.00      0.00  kworker/10:0-mm_percpu_wq
09:12:17 PM     0    194546      1.00      0.00  iostat
09:12:17 PM     0    194547      1.00      0.00  pidstat
09:12:17 PM     0    194548      5.00      0.00  bash
09:12:17 PM     0    194549      7.00      0.00  bash
09:12:17 PM     0    194550      4.00      0.00  bash
09:12:17 PM     0    194552    100.00      0.00  fio
09:12:17 PM     0    195339    423.00      0.00  kworker/5:2-events
09:12:17 PM     0    195504      1.00      0.00  sleep
09:12:17 PM     0    195514      1.00      0.00  sleep
09:12:17 PM     0    195516      1.00      0.00  sleep

09:12:17 PM   UID       PID   cswch/s nvcswch/s  Command
09:12:18 PM     0        17     18.00      0.00  rcu_preempt
09:12:18 PM     0        18      1.00      0.00  migration/0
09:12:18 PM     0        23      1.00      0.00  migration/1
09:12:18 PM     0        29      1.00      0.00  migration/2
09:12:18 PM     0        35      1.00      0.00  migration/3
09:12:18 PM     0        36      1.00      0.00  ksoftirqd/3
09:12:18 PM     0        41      1.00      0.00  migration/4
09:12:18 PM     0        47      1.00      0.00  migration/5
09:12:18 PM     0        53      1.00      0.00  migration/6
09:12:18 PM     0        59      1.00      0.00  migration/7
09:12:18 PM     0        60      2.00      0.00  ksoftirqd/7
09:12:18 PM     0        65      1.00      0.00  migration/8
09:12:18 PM     0        71      1.00      0.00  migration/9
09:12:18 PM     0        72      1.00      0.00  ksoftirqd/9
09:12:18 PM     0        77      1.00      0.00  migration/10
09:12:18 PM     0        83      1.00      0.00  migration/11
09:12:18 PM     0        95      2.00      0.00  kcompactd0
09:12:18 PM     0       453      1.00      0.00  multipathd
09:12:18 PM     0    137207      1.00      0.00  kworker/0:2-mm_percpu_wq
09:12:18 PM     0    156170      3.00      0.00  kworker/u24:3-edac-poller
09:12:18 PM     0    173734      1.00      0.00  kworker/4:0-events
09:12:18 PM     0    179405      2.00      0.00  kworker/6:1-events
09:12:18 PM     0    182585      1.00      0.00  kworker/8:1-mm_percpu_wq
09:12:18 PM     0    185621      2.00      0.00  kworker/1:0-mm_percpu_wq
09:12:18 PM     0    186631      2.00      0.00  kworker/3:2-mm_percpu_wq
09:12:18 PM     0    186893      2.00      0.00  kworker/11:0-mm_percpu_wq
09:12:18 PM     0    189255      6.00      0.00  kworker/7:2-mm_percpu_wq
09:12:18 PM     0    189918      3.00      0.00  kworker/9:1-events
09:12:18 PM     0    190951      1.00      0.00  kworker/10:0-mm_percpu_wq
09:12:18 PM     0    194546      1.00      0.00  iostat
09:12:18 PM     0    194547      1.00      0.00  pidstat
09:12:18 PM     0    194548      5.00      0.00  bash
09:12:18 PM     0    194549      8.00      0.00  bash
09:12:18 PM     0    194550      4.00      0.00  bash
09:12:18 PM     0    194552     99.00      0.00  fio
09:12:18 PM     0    195339      2.00      0.00  kworker/5:2-mm_percpu_wq
09:12:18 PM     0    195519      1.00      0.00  sleep
09:12:18 PM     0    195530      1.00      0.00  sleep
09:12:18 PM     0    195531      1.00      0.00  sleep

09:12:18 PM   UID       PID   cswch/s nvcswch/s  Command
09:12:19 PM     0        17     21.00      0.00  rcu_preempt
09:12:19 PM     0        24      1.00      0.00  ksoftirqd/1
09:12:19 PM     0        48      1.00      0.00  ksoftirqd/5
09:12:19 PM     0        78      2.00      0.00  ksoftirqd/10
09:12:19 PM     0        83      1.00      0.00  migration/11
09:12:19 PM     0        84      1.00      0.00  ksoftirqd/11
09:12:19 PM     0        95      2.00      0.00  kcompactd0
09:12:19 PM     0       453      1.00      0.00  multipathd
09:12:19 PM     0       562      3.00      0.00  jbd2/nvme1n1p3-8
09:12:19 PM     0    137207      1.00      0.00  kworker/0:2-events
09:12:19 PM     0    156170      1.00      0.00  kworker/u24:3-edac-poller
09:12:19 PM     0    173734      3.00      0.00  kworker/4:0-mm_percpu_wq
09:12:19 PM     0    179405      2.00      0.00  kworker/6:1-events
09:12:19 PM     0    180922      2.00      0.00  kworker/2:0-events
09:12:19 PM     0    182585      2.00      0.00  kworker/8:1-mm_percpu_wq
09:12:19 PM     0    185621      3.00      0.00  kworker/1:0-mm_percpu_wq
09:12:19 PM     0    186631      1.00      0.00  kworker/3:2-mm_percpu_wq
09:12:19 PM     0    186893      3.00      0.00  kworker/11:0-events
09:12:19 PM     0    189255      3.00      0.00  kworker/7:2-events
09:12:19 PM     0    189918      1.00      0.00  kworker/9:1-events
09:12:19 PM     0    190951      2.00      0.00  kworker/10:0-events
09:12:19 PM     0    194546      1.00      0.00  iostat
09:12:19 PM     0    194547      1.00      0.00  pidstat
09:12:19 PM     0    194548      5.00      0.00  bash
09:12:19 PM     0    194549      7.00      0.00  bash
09:12:19 PM     0    194550      4.00      0.00  bash
09:12:19 PM     0    194552     99.00      0.00  fio
09:12:19 PM     0    195339      2.00      0.00  kworker/5:2-mm_percpu_wq
09:12:19 PM     0    195534      1.00      0.00  sleep
09:12:19 PM     0    195544      1.00      0.00  sleep
09:12:19 PM     0    195546      1.00      0.00  sleep

09:12:19 PM   UID       PID   cswch/s nvcswch/s  Command
09:12:20 PM     0        17     21.00      0.00  rcu_preempt
09:12:20 PM     0        18      1.00      0.00  migration/0
09:12:20 PM     0        36      2.00      0.00  ksoftirqd/3
09:12:20 PM     0        48      1.00      0.00  ksoftirqd/5
09:12:20 PM     0        54      1.00      0.00  ksoftirqd/6
09:12:20 PM     0        60      1.00      0.00  ksoftirqd/7
09:12:20 PM     0        83      1.00      0.00  migration/11
09:12:20 PM     0        84      1.00      0.00  ksoftirqd/11
09:12:20 PM     0        95      2.00      0.00  kcompactd0
09:12:20 PM     0       172      1.00      0.00  kworker/3:1H-kblockd
09:12:20 PM     0       453      1.00      0.00  multipathd
09:12:20 PM     0     88840      1.00      0.00  kworker/u24:1-events_power_efficient
09:12:20 PM     0    137207      3.00      0.00  kworker/0:2-mm_percpu_wq
09:12:20 PM     0    156170      1.00      0.00  kworker/u24:3-events_unbound
09:12:20 PM     0    173734      2.00      0.00  kworker/4:0-mm_percpu_wq
09:12:20 PM     0    179405      3.00      0.00  kworker/6:1-events
09:12:20 PM     0    180922      1.00      0.00  kworker/2:0-events
09:12:20 PM     0    185621      3.00      0.00  kworker/1:0-mm_percpu_wq
09:12:20 PM     0    186631      3.00      0.00  kworker/3:2-events
09:12:20 PM     0    186893      5.00      0.00  kworker/11:0-events
09:12:20 PM     0    189255      3.00      0.00  kworker/7:2-events
09:12:20 PM     0    190951      1.00      0.00  kworker/10:0-mm_percpu_wq
09:12:20 PM     0    194546      1.00      0.00  iostat
09:12:20 PM     0    194547      1.00      0.00  pidstat
09:12:20 PM     0    194548      5.00      0.00  bash
09:12:20 PM     0    194549      8.00      1.00  bash
09:12:20 PM     0    194550      4.00      0.00  bash
09:12:20 PM     0    194552    100.00      0.00  fio
09:12:20 PM     0    195339      2.00      0.00  kworker/5:2-events
09:12:20 PM     0    195549      1.00      0.00  sleep
09:12:20 PM     0    195560      1.00      0.00  sleep
09:12:20 PM     0    195561      1.00      0.00  sleep

09:12:20 PM   UID       PID   cswch/s nvcswch/s  Command
09:12:21 PM     0        16      2.00      0.00  ksoftirqd/0
09:12:21 PM     0        17     23.00      0.00  rcu_preempt
09:12:21 PM     0        24      1.00      0.00  ksoftirqd/1
09:12:21 PM     0        48      1.00      0.00  ksoftirqd/5
09:12:21 PM     0        53      1.00      0.00  migration/6
09:12:21 PM     0        59      1.00      0.00  migration/7
09:12:21 PM     0        84      1.00      0.00  ksoftirqd/11
09:12:21 PM     0        95      2.00      0.00  kcompactd0
09:12:21 PM     0       453      1.00      0.00  multipathd
09:12:21 PM     0     88840      1.00      0.00  kworker/u24:1-events_power_efficient
09:12:21 PM     0    137207      2.00      0.00  kworker/0:2-events
09:12:21 PM     0    156170      2.00      0.00  kworker/u24:3-events_power_efficient
09:12:21 PM     0    173734      2.00      0.00  kworker/4:0-mm_percpu_wq
09:12:21 PM     0    179405      1.00      0.00  kworker/6:1-mm_percpu_wq
09:12:21 PM     0    180922      1.00      0.00  kworker/2:0-events
09:12:21 PM     0    182585      1.00      0.00  kworker/8:1-events
09:12:21 PM     0    185621      2.00      0.00  kworker/1:0-events
09:12:21 PM     0    186631      4.00      0.00  kworker/3:2-events
09:12:21 PM     0    186893      4.00      0.00  kworker/11:0-events
09:12:21 PM     0    189255      3.00      0.00  kworker/7:2-events
09:12:21 PM     0    189918      2.00      0.00  kworker/9:1-events
09:12:21 PM     0    190951      2.00      0.00  kworker/10:0-mm_percpu_wq
09:12:21 PM     0    194546      1.00      0.00  iostat
09:12:21 PM     0    194547      1.00      0.00  pidstat
09:12:21 PM     0    194548      5.00      0.00  bash
09:12:21 PM     0    194549      8.00      0.00  bash
09:12:21 PM     0    194550      4.00      0.00  bash
09:12:21 PM     0    194552     99.00      0.00  fio
09:12:21 PM     0    195339      2.00      0.00  kworker/5:2-events
09:12:21 PM     0    195564      1.00      0.00  sleep
09:12:21 PM     0    195575      1.00      1.00  sleep
09:12:21 PM     0    195576      1.00      0.00  sleep

09:12:21 PM   UID       PID   cswch/s nvcswch/s  Command
09:12:22 PM     0        17     18.00      0.00  rcu_preempt
09:12:22 PM     0        18      1.00      0.00  migration/0
09:12:22 PM     0        23      1.00      0.00  migration/1
09:12:22 PM     0        24      1.00      0.00  ksoftirqd/1
09:12:22 PM     0        29      1.00      0.00  migration/2
09:12:22 PM     0        35      1.00      0.00  migration/3
09:12:22 PM     0        36      2.00      0.00  ksoftirqd/3
09:12:22 PM     0        41      1.00      0.00  migration/4
09:12:22 PM     0        47      2.00      0.00  migration/5
09:12:22 PM     0        53      1.00      0.00  migration/6
09:12:22 PM     0        54      1.00      0.00  ksoftirqd/6
09:12:22 PM     0        59      2.00      0.00  migration/7
09:12:22 PM     0        65      1.00      0.00  migration/8
09:12:22 PM     0        71      1.00      0.00  migration/9
09:12:22 PM     0        77      1.00      0.00  migration/10
09:12:22 PM     0        83      2.00      0.00  migration/11
09:12:22 PM     0        95      2.00      0.00  kcompactd0
09:12:22 PM     0       453      1.00      0.00  multipathd
09:12:22 PM     0     21554      1.00      0.00  packagekitd
09:12:22 PM     0     88840      2.00      0.00  kworker/u24:1-events_unbound
09:12:22 PM     0    137207      2.00      0.00  kworker/0:2-mm_percpu_wq
09:12:22 PM     0    156170      1.00      0.00  kworker/u24:3-events_power_efficient
09:12:22 PM     0    173734      2.00      0.00  kworker/4:0-mm_percpu_wq
09:12:22 PM     0    179405      2.00      0.00  kworker/6:1-events
09:12:22 PM     0    185621      2.00      0.00  kworker/1:0-mm_percpu_wq
09:12:22 PM     0    186631      4.00      0.00  kworker/3:2-events
09:12:22 PM     0    186893      4.00      0.00  kworker/11:0-events
09:12:22 PM     0    189255      3.00      0.00  kworker/7:2-events
09:12:22 PM     0    189918      2.00      0.00  kworker/9:1-events
09:12:22 PM     0    190951      1.00      0.00  kworker/10:0-mm_percpu_wq
09:12:22 PM     0    194546      1.00      0.00  iostat
09:12:22 PM     0    194547      1.00      0.00  pidstat
09:12:22 PM     0    194548      5.00      0.00  bash
09:12:22 PM     0    194549      7.00      0.00  bash
09:12:22 PM     0    194550      4.00      0.00  bash
09:12:22 PM     0    194552    100.00      0.00  fio
09:12:22 PM     0    195339      1.00      0.00  kworker/5:2-mm_percpu_wq
09:12:22 PM     0    195579      1.00      0.00  sleep
09:12:22 PM     0    195590      1.00      0.00  sleep
09:12:22 PM     0    195591      1.00      0.00  sleep

09:12:22 PM   UID       PID   cswch/s nvcswch/s  Command
09:12:23 PM     0        16      1.00      0.00  ksoftirqd/0
09:12:23 PM     0        17     25.00      0.00  rcu_preempt
09:12:23 PM     0        35      1.00      0.00  migration/3
09:12:23 PM     0        36      1.00      0.00  ksoftirqd/3
09:12:23 PM     0        72      1.00      0.00  ksoftirqd/9
09:12:23 PM     0        95      2.00      0.00  kcompactd0
09:12:23 PM     0       453      1.00      0.00  multipathd
09:12:23 PM     0     88840      4.00      0.00  kworker/u24:1-edac-poller
09:12:23 PM     0    137207      2.00      0.00  kworker/0:2-events
09:12:23 PM     0    173734      1.00      0.00  kworker/4:0-mm_percpu_wq
09:12:23 PM     0    179405      1.00      0.00  kworker/6:1-mm_percpu_wq
09:12:23 PM     0    180922      2.00      0.00  kworker/2:0-events
09:12:23 PM     0    182585      1.00      0.00  kworker/8:1-events
09:12:23 PM     0    185621      2.00      0.00  kworker/1:0-events
09:12:23 PM     0    186631      4.00      0.00  kworker/3:2-events
09:12:23 PM     0    186893      3.00      0.00  kworker/11:0-mm_percpu_wq
09:12:23 PM     0    189255      3.00      0.00  kworker/7:2-events
09:12:23 PM     0    189918      2.00      0.00  kworker/9:1-events
09:12:23 PM     0    190951      1.00      0.00  kworker/10:0-mm_percpu_wq
09:12:23 PM     0    194546      1.00      0.00  iostat
09:12:23 PM     0    194547      1.00      0.00  pidstat
09:12:23 PM     0    194548      5.00      0.00  bash
09:12:23 PM     0    194549      6.00      0.00  bash
09:12:23 PM     0    194550      4.00      0.00  bash
09:12:23 PM     0    194552     99.00      0.00  fio
09:12:23 PM     0    195339      1.00      0.00  kworker/5:2-events
09:12:23 PM     0    195594      1.00      0.00  sleep
09:12:23 PM     0    195604      1.00      0.00  sleep
09:12:23 PM     0    195606      1.00      0.00  sleep

09:12:23 PM   UID       PID   cswch/s nvcswch/s  Command
09:12:24 PM     0        17     23.00      0.00  rcu_preempt
09:12:24 PM     0        18      1.00      0.00  migration/0
09:12:24 PM     0        35      1.00      0.00  migration/3
09:12:24 PM     0        36      2.00      0.00  ksoftirqd/3
09:12:24 PM     0        84      1.00      0.00  ksoftirqd/11
09:12:24 PM     0        95      2.00      0.00  kcompactd0
09:12:24 PM     0       453      1.00      0.00  multipathd
09:12:24 PM     0       562      3.00      0.00  jbd2/nvme1n1p3-8
09:12:24 PM   101       608      2.00      0.00  systemd-network
09:12:24 PM     0     88840      3.00      0.00  kworker/u24:1-events_unbound
09:12:24 PM     0    137207      2.00      0.00  kworker/0:2-events
09:12:24 PM     0    156170      1.00      0.00  kworker/u24:3-events_power_efficient
09:12:24 PM     0    173734      2.00      0.00  kworker/4:0-mm_percpu_wq
09:12:24 PM     0    179405      2.00      0.00  kworker/6:1-events
09:12:24 PM     0    180922      1.00      0.00  kworker/2:0-events
09:12:24 PM     0    185621      2.00      0.00  kworker/1:0-events
09:12:24 PM     0    186631      4.00      0.00  kworker/3:2-events
09:12:24 PM     0    186893      1.00      0.00  kworker/11:0-mm_percpu_wq
09:12:24 PM     0    189255      6.00      0.00  kworker/7:2-events
09:12:24 PM     0    190951      1.00      0.00  kworker/10:0-mm_percpu_wq
09:12:24 PM     0    194546      1.00      0.00  iostat
09:12:24 PM     0    194547      1.00      0.00  pidstat
09:12:24 PM     0    194548      5.00      0.00  bash
09:12:24 PM     0    194549      8.00      0.00  bash
09:12:24 PM     0    194550      4.00      0.00  bash
09:12:24 PM     0    194552     99.00      0.00  fio
09:12:24 PM     0    195339      1.00      0.00  kworker/5:2-mm_percpu_wq
09:12:24 PM     0    195609      1.00      0.00  sleep
09:12:24 PM     0    195620      1.00      0.00  sleep
09:12:24 PM     0    195621      1.00      0.00  sleep

09:12:24 PM   UID       PID   cswch/s nvcswch/s  Command
09:12:25 PM     0        16      1.00      0.00  ksoftirqd/0
09:12:25 PM     0        17     21.00      0.00  rcu_preempt
09:12:25 PM     0        24      1.00      0.00  ksoftirqd/1
09:12:25 PM     0        54      1.00      0.00  ksoftirqd/6
09:12:25 PM     0        95      1.00      0.00  kcompactd0
09:12:25 PM     0       453      1.00      0.00  multipathd
09:12:25 PM     0     88840      1.00      0.00  kworker/u24:1-edac-poller
09:12:25 PM     0    137207      3.00      0.00  kworker/0:2-events
09:12:25 PM     0    173734      1.00      0.00  kworker/4:0-mm_percpu_wq
09:12:25 PM     0    179405      3.00      0.00  kworker/6:1-events
09:12:25 PM     0    180922      2.00      0.00  kworker/2:0-events
09:12:25 PM     0    182585      1.00      0.00  kworker/8:1-events
09:12:25 PM     0    185621      3.00      0.00  kworker/1:0-events
09:12:25 PM     0    186631      3.00      0.00  kworker/3:2-events
09:12:25 PM     0    186893      2.00      0.00  kworker/11:0-events
09:12:25 PM     0    189255      2.00      0.00  kworker/7:2-events
09:12:25 PM     0    189918      2.00      0.00  kworker/9:1-events
09:12:25 PM     0    190951      1.00      0.00  kworker/10:0-mm_percpu_wq
09:12:25 PM     0    194546      1.00      0.00  iostat
09:12:25 PM     0    194547      1.00      0.00  pidstat
09:12:25 PM     0    194548      5.00      1.00  bash
09:12:25 PM     0    194549      8.00      0.00  bash
09:12:25 PM     0    194550      4.00      0.00  bash
09:12:25 PM     0    194552    100.00      0.00  fio
09:12:25 PM     0    195339      1.00      0.00  kworker/5:2-mm_percpu_wq
09:12:25 PM     0    195624      1.00      0.00  sleep
09:12:25 PM     0    195635      1.00      0.00  sleep
09:12:25 PM     0    195636      1.00      0.00  sleep

09:12:25 PM   UID       PID   cswch/s nvcswch/s  Command
09:12:26 PM     0        16      1.00      0.00  ksoftirqd/0
09:12:26 PM     0        17     23.00      0.00  rcu_preempt
09:12:26 PM     0        18      1.00      0.00  migration/0
09:12:26 PM     0        23      1.00      0.00  migration/1
09:12:26 PM     0        29      1.00      0.00  migration/2
09:12:26 PM     0        35      1.00      0.00  migration/3
09:12:26 PM     0        41      1.00      0.00  migration/4
09:12:26 PM     0        42      1.00      0.00  ksoftirqd/4
09:12:26 PM     0        47      1.00      0.00  migration/5
09:12:26 PM     0        53      1.00      0.00  migration/6
09:12:26 PM     0        59      1.00      0.00  migration/7
09:12:26 PM     0        65      1.00      0.00  migration/8
09:12:26 PM     0        71      2.00      0.00  migration/9
09:12:26 PM     0        77      1.00      0.00  migration/10
09:12:26 PM     0        83      1.00      0.00  migration/11
09:12:26 PM     0        84      1.00      0.00  ksoftirqd/11
09:12:26 PM     0        95      2.00      0.00  kcompactd0
09:12:26 PM     0       453      1.00      0.00  multipathd
09:12:26 PM     0     88840      1.00      0.00  kworker/u24:1-events_unbound
09:12:26 PM     0    137207      4.00      0.00  kworker/0:2-events
09:12:26 PM     0    156170      1.00      0.00  kworker/u24:3-events_power_efficient
09:12:26 PM     0    173734      1.00      0.00  kworker/4:0-events
09:12:26 PM     0    179405      4.00      0.00  kworker/6:1-events
09:12:26 PM     0    182585      1.00      0.00  kworker/8:1-events
09:12:26 PM     0    185621      4.00      0.00  kworker/1:0-mm_percpu_wq
09:12:26 PM     0    186631      2.00      0.00  kworker/3:2-events
09:12:26 PM     0    186893      3.00      0.00  kworker/11:0-events
09:12:26 PM     0    189255      2.00      0.00  kworker/7:2-mm_percpu_wq
09:12:26 PM     0    189918      1.00      0.00  kworker/9:1-mm_percpu_wq
09:12:26 PM     0    190951      1.00      0.00  kworker/10:0-mm_percpu_wq
09:12:26 PM     0    194546      1.00      0.00  iostat
09:12:26 PM     0    194547      1.00      0.00  pidstat
09:12:26 PM     0    194548      5.00      0.00  bash
09:12:26 PM     0    194549      5.00      0.00  bash
09:12:26 PM     0    194550      4.00      0.00  bash
09:12:26 PM     0    194552     99.00      0.00  fio
09:12:26 PM     0    195339      1.00      0.00  kworker/5:2-mm_percpu_wq
09:12:26 PM     0    195639      1.00      0.00  sleep
09:12:26 PM     0    195650      1.00      0.00  sleep
09:12:26 PM     0    195651      1.00      0.00  sleep

09:12:26 PM   UID       PID   cswch/s nvcswch/s  Command
09:12:27 PM     0         2      1.00      0.00  kthreadd
09:12:27 PM     0        17     20.00      0.00  rcu_preempt
09:12:27 PM     0        24      1.00      0.00  ksoftirqd/1
09:12:27 PM     0        42      1.00      0.00  ksoftirqd/4
09:12:27 PM     0        54      1.00      0.00  ksoftirqd/6
09:12:27 PM     0        60      1.00      0.00  ksoftirqd/7
09:12:27 PM     0        77      1.00      0.00  migration/10
09:12:27 PM     0        84      1.00      0.00  ksoftirqd/11
09:12:27 PM     0        95      2.00      0.00  kcompactd0
09:12:27 PM     0       102      1.00      0.00  irq/9-acpi
09:12:27 PM     0       453      1.00      0.00  multipathd
09:12:27 PM     0     88840      1.00      0.00  kworker/u24:1-events_power_efficient
09:12:27 PM     0    137207      2.00      0.00  kworker/0:2-events
09:12:27 PM     0    156170      2.00      0.00  kworker/u24:3-edac-poller
09:12:27 PM     0    168024      2.00      0.00  kworker/8:2-i915-unordered
09:12:27 PM     0    173734      4.00      0.00  kworker/4:0-events
09:12:27 PM     0    179405      2.00      0.00  kworker/6:1-events
09:12:27 PM     0    180922      2.00      0.00  kworker/2:0-events
09:12:27 PM     0    182585      8.00      0.00  kworker/8:1-pm
09:12:27 PM     0    185621      2.00      0.00  kworker/1:0-mm_percpu_wq
09:12:27 PM     0    186631      2.00      0.00  kworker/3:2-events
09:12:27 PM     0    186893      4.00      0.00  kworker/11:0-events
09:12:27 PM     0    189255      2.00      0.00  kworker/7:2-events
09:12:27 PM     0    189918      1.00      0.00  kworker/9:1-mm_percpu_wq
09:12:27 PM     0    190951      1.00      0.00  kworker/10:0-mm_percpu_wq
09:12:27 PM     0    194546      1.00      0.00  iostat
09:12:27 PM     0    194547      1.00      0.00  pidstat
09:12:27 PM     0    194548      5.00      0.00  bash
09:12:27 PM     0    194549      6.00      0.00  bash
09:12:27 PM     0    194550      4.00      0.00  bash
09:12:27 PM     0    194552    100.00      0.00  fio
09:12:27 PM     0    195339      3.00      0.00  kworker/5:2-events
09:12:27 PM     0    195654      1.00      0.00  sleep
09:12:27 PM     0    195655      2.00      0.00  kworker/8:0
09:12:27 PM     0    195665      1.00      0.00  sleep
09:12:27 PM     0    195667      1.00      0.00  sleep

09:12:27 PM   UID       PID   cswch/s nvcswch/s  Command
09:12:28 PM     0        17     18.00      0.00  rcu_preempt
09:12:28 PM     0        35      1.00      0.00  migration/3
09:12:28 PM     0        42      1.00      0.00  ksoftirqd/4
09:12:28 PM     0        60      1.00      0.00  ksoftirqd/7
09:12:28 PM     0        83      1.00      0.00  migration/11
09:12:28 PM     0        95      2.00      0.00  kcompactd0
09:12:28 PM     0       453      1.00      0.00  multipathd
09:12:28 PM     0     88840      1.00      0.00  kworker/u24:1-events_power_efficient
09:12:28 PM     0    137207      1.00      0.00  kworker/0:2-mm_percpu_wq
09:12:28 PM     0    156170      4.00      0.00  kworker/u24:3-events_unbound
09:12:28 PM     0    173734      4.00      0.00  kworker/4:0-events
09:12:28 PM     0    179405      3.00      0.00  kworker/6:1-events
09:12:28 PM     0    180922      1.00      0.00  kworker/2:0-events
09:12:28 PM     0    182585      1.00      0.00  kworker/8:1-mm_percpu_wq
09:12:28 PM     0    185621      3.00      0.00  kworker/1:0-mm_percpu_wq
09:12:28 PM     0    186631      4.00      0.00  kworker/3:2-events
09:12:28 PM     0    186893      2.00      0.00  kworker/11:0-mm_percpu_wq
09:12:28 PM     0    189255      2.00      0.00  kworker/7:2-mm_percpu_wq
09:12:28 PM     0    189918      2.00      0.00  kworker/9:1-events
09:12:28 PM     0    190951      1.00      0.00  kworker/10:0-mm_percpu_wq
09:12:28 PM     0    194546      1.00      0.00  iostat
09:12:28 PM     0    194547      1.00      0.00  pidstat
09:12:28 PM     0    194548      5.00      0.00  bash
09:12:28 PM     0    194549      6.00      0.00  bash
09:12:28 PM     0    194550      4.00      0.00  bash
09:12:28 PM     0    194552     99.00      0.00  fio
09:12:28 PM     0    195339      1.00      0.00  kworker/5:2-mm_percpu_wq
09:12:28 PM     0    195670      1.00      0.00  sleep
09:12:28 PM     0    195680      1.00      0.00  sleep
09:12:28 PM     0    195682      1.00      0.00  sleep

09:12:28 PM   UID       PID   cswch/s nvcswch/s  Command
09:12:29 PM     0        17     16.00      0.00  rcu_preempt
09:12:29 PM     0        24      1.00      0.00  ksoftirqd/1
09:12:29 PM     0        60      1.00      1.00  ksoftirqd/7
09:12:29 PM     0        72      1.00      0.00  ksoftirqd/9
09:12:29 PM     0        95      2.00      0.00  kcompactd0
09:12:29 PM     0       192      1.00      0.00  kworker/7:1H-kblockd
09:12:29 PM     0       453      1.00      0.00  multipathd
09:12:29 PM     0       562      3.00      0.00  jbd2/nvme1n1p3-8
09:12:29 PM     0     88840      2.00      0.00  kworker/u24:1-edac-poller
09:12:29 PM     0    137207      1.00      0.00  kworker/0:2-mm_percpu_wq
09:12:29 PM     0    156170      1.00      0.00  kworker/u24:3-events_power_efficient
09:12:29 PM     0    173734      1.00      0.00  kworker/4:0-mm_percpu_wq
09:12:29 PM     0    180922      1.00      0.00  kworker/2:0-events
09:12:29 PM     0    182585      2.00      0.00  kworker/8:1-mm_percpu_wq
09:12:29 PM     0    185621      3.00      0.00  kworker/1:0-events
09:12:29 PM     0    186631      1.00      0.00  kworker/3:2-mm_percpu_wq
09:12:29 PM     0    186893      2.00      0.00  kworker/11:0-mm_percpu_wq
09:12:29 PM     0    189255      5.00      0.00  kworker/7:2-events
09:12:29 PM     0    189918      2.00      0.00  kworker/9:1-mm_percpu_wq
09:12:29 PM     0    190951      1.00      0.00  kworker/10:0-mm_percpu_wq
09:12:29 PM     0    194546      1.00      0.00  iostat
09:12:29 PM     0    194547      1.00      1.00  pidstat
09:12:29 PM     0    194548      1.00      0.00  bash
09:12:29 PM     0    194549      3.00      0.00  bash
09:12:29 PM     0    194550      4.00      0.00  bash
09:12:29 PM     0    194552    100.00      0.00  fio
09:12:29 PM     0    195339      1.00      0.00  kworker/5:2-mm_percpu_wq
09:12:29 PM     0    195685      1.00      0.00  sleep
09:12:29 PM     0    195687      1.00      0.00  bash
09:12:29 PM     0    195688      0.00      1.00  ps
09:12:29 PM     0    195689      0.00      2.00  ps
09:12:29 PM     0    195690      2.00      0.00  awk
09:12:29 PM     0    195691      2.00      0.00  grep
09:12:29 PM     0    195692      1.00      0.00  sort
09:12:29 PM     0    195693      1.00      0.00  uniq
09:12:29 PM     0    195694      1.00      0.00  tr

09:12:29 PM   UID       PID   cswch/s nvcswch/s  Command
09:12:30 PM     0        16      1.00      0.00  ksoftirqd/0
09:12:30 PM     0        17     17.00      0.00  rcu_preempt
09:12:30 PM     0        18      1.00      0.00  migration/0
09:12:30 PM     0        23      1.00      0.00  migration/1
09:12:30 PM     0        24      1.00      0.00  ksoftirqd/1
09:12:30 PM     0        29      1.00      0.00  migration/2
09:12:30 PM     0        35      1.00      0.00  migration/3
09:12:30 PM     0        41      1.00      0.00  migration/4
09:12:30 PM     0        42      1.00      0.00  ksoftirqd/4
09:12:30 PM     0        47      1.00      0.00  migration/5
09:12:30 PM     0        53      1.00      0.00  migration/6
09:12:30 PM     0        59      1.00      0.00  migration/7
09:12:30 PM     0        60      2.00      0.00  ksoftirqd/7
09:12:30 PM     0        65      1.00      0.00  migration/8
09:12:30 PM     0        71      1.00      0.00  migration/9
09:12:30 PM     0        77      1.00      0.00  migration/10
09:12:30 PM     0        83      1.00      0.00  migration/11
09:12:30 PM     0        95      2.00      0.00  kcompactd0
09:12:30 PM     0       453      1.00      0.00  multipathd
09:12:30 PM     0    137207      1.00      0.00  kworker/0:2-events
09:12:30 PM     0    173734      3.00      0.00  kworker/4:0-mm_percpu_wq
09:12:30 PM     0    179405      1.00      0.00  kworker/6:1-mm_percpu_wq
09:12:30 PM     0    185621      1.00      0.00  kworker/1:0-events
09:12:30 PM     0    186631      1.00      0.00  kworker/3:2-events
09:12:30 PM     0    186893      2.00      0.00  kworker/11:0-events
09:12:30 PM     0    189255      3.00      0.00  kworker/7:2-mm_percpu_wq
09:12:30 PM     0    189918      1.00      0.00  kworker/9:1-events
09:12:30 PM     0    194546      1.00      0.00  iostat
09:12:30 PM     0    194547      1.00      1.00  pidstat
09:12:30 PM     0    194548      4.00      0.00  bash
09:12:30 PM     0    194549      5.00      0.00  bash
09:12:30 PM     0    194550      4.00      0.00  bash
09:12:30 PM     0    194552     99.00      0.00  fio
09:12:30 PM     0    195695      1.00      0.00  sleep
09:12:30 PM     0    195697      1.00      0.00  sleep
09:12:30 PM     0    195700      1.00      0.00  sleep

09:12:30 PM   UID       PID   cswch/s nvcswch/s  Command
09:12:31 PM     0        17     22.00      0.00  rcu_preempt
09:12:31 PM     0        24      1.00      0.00  ksoftirqd/1
09:12:31 PM     0        36      1.00      0.00  ksoftirqd/3
09:12:31 PM     0        95      2.00      0.00  kcompactd0
09:12:31 PM     0       453      1.00      0.00  multipathd
09:12:31 PM     0     88840      2.00      0.00  kworker/u24:1-events_unbound
09:12:31 PM     0    137207      1.00      0.00  kworker/0:2-mm_percpu_wq
09:12:31 PM     0    173734      2.00      0.00  kworker/4:0-mm_percpu_wq
09:12:31 PM     0    180922      2.00      0.00  kworker/2:0-events
09:12:31 PM     0    182585      1.00      0.00  kworker/8:1-events
09:12:31 PM     0    185621      5.00      0.00  kworker/1:0-events
09:12:31 PM     0    186631      5.00      0.00  kworker/3:2-events
09:12:31 PM     0    186893      3.00      0.00  kworker/11:0-events
09:12:31 PM     0    189255      3.00      0.00  kworker/7:2-events
09:12:31 PM     0    189918      1.00      0.00  kworker/9:1-mm_percpu_wq
09:12:31 PM     0    190951      2.00      0.00  kworker/10:0-events
09:12:31 PM     0    194546      1.00      0.00  iostat
09:12:31 PM     0    194547      1.00      0.00  pidstat
09:12:31 PM     0    194548      5.00      1.00  bash
09:12:31 PM     0    194549      8.00      0.00  bash
09:12:31 PM     0    194550      4.00      0.00  bash
09:12:31 PM     0    194552     99.00      0.00  fio
09:12:31 PM     0    195339      1.00      0.00  kworker/5:2-mm_percpu_wq
09:12:31 PM     0    195710      1.00      0.00  sleep
09:12:31 PM     0    195712      1.00      0.00  sleep
09:12:31 PM     0    195715      1.00      0.00  sleep

09:12:31 PM   UID       PID   cswch/s nvcswch/s  Command
09:12:32 PM     0        17     23.00      0.00  rcu_preempt
09:12:32 PM     0        36      1.00      0.00  ksoftirqd/3
09:12:32 PM     0        42      1.00      0.00  ksoftirqd/4
09:12:32 PM     0        48      1.00      0.00  ksoftirqd/5
09:12:32 PM     0        72      2.00      0.00  ksoftirqd/9
09:12:32 PM     0        83      1.00      0.00  migration/11
09:12:32 PM     0        95      2.00      0.00  kcompactd0
09:12:32 PM     0       453      1.00      0.00  multipathd
09:12:32 PM     0     21554      1.00      0.00  packagekitd
09:12:32 PM     0     88840      1.00      0.00  kworker/u24:1-edac-poller
09:12:32 PM     0    137207      3.00      0.00  kworker/0:2-events
09:12:32 PM     0    173734      5.00      0.00  kworker/4:0-mm_percpu_wq
09:12:32 PM     0    180922      1.00      0.00  kworker/2:0-events
09:12:32 PM     0    185621      2.00      0.00  kworker/1:0-events
09:12:32 PM     0    186631      1.00      0.00  kworker/3:2-mm_percpu_wq
09:12:32 PM     0    186893      1.00      0.00  kworker/11:0-mm_percpu_wq
09:12:32 PM     0    189255      2.00      0.00  kworker/7:2-mm_percpu_wq
09:12:32 PM     0    189918      2.00      0.00  kworker/9:1-mm_percpu_wq
09:12:32 PM     0    190951      1.00      0.00  kworker/10:0-mm_percpu_wq
09:12:32 PM     0    194546      1.00      0.00  iostat
09:12:32 PM     0    194547      1.00      1.00  pidstat
09:12:32 PM     0    194548      5.00      0.00  bash
09:12:32 PM     0    194549      7.00      0.00  bash
09:12:32 PM     0    194550      4.00      0.00  bash
09:12:32 PM     0    194552    100.00      0.00  fio
09:12:32 PM     0    195339      1.00      0.00  kworker/5:2-mm_percpu_wq
09:12:32 PM     0    195725      1.00      0.00  sleep
09:12:32 PM     0    195727      1.00      0.00  sleep
09:12:32 PM     0    195730      1.00      0.00  sleep

09:12:32 PM   UID       PID   cswch/s nvcswch/s  Command
09:12:33 PM     0        17     26.00      0.00  rcu_preempt
09:12:33 PM     0        48      2.00      0.00  ksoftirqd/5
09:12:33 PM     0        78      1.00      0.00  ksoftirqd/10
09:12:33 PM     0        95      2.00      0.00  kcompactd0
09:12:33 PM     0       453      1.00      0.00  multipathd
09:12:33 PM     0     88840      1.00      0.00  kworker/u24:1-events_power_efficient
09:12:33 PM     0    137207      1.00      0.00  kworker/0:2-mm_percpu_wq
09:12:33 PM     0    156170      2.00      0.00  kworker/u24:3-edac-poller
09:12:33 PM     0    173734      1.00      0.00  kworker/4:0-mm_percpu_wq
09:12:33 PM     0    179405      1.00      0.00  kworker/6:1-mm_percpu_wq
09:12:33 PM     0    180922      1.00      0.00  kworker/2:0-events
09:12:33 PM     0    182585      1.00      0.00  kworker/8:1-events
09:12:33 PM     0    185621      2.00      0.00  kworker/1:0-events
09:12:33 PM     0    186893      2.00      0.00  kworker/11:0-events
09:12:33 PM     0    189255      4.00      0.00  kworker/7:2-events
09:12:33 PM     0    189918      2.00      0.00  kworker/9:1-events
09:12:33 PM     0    194546      1.00      0.00  iostat
09:12:33 PM     0    194547      1.00      1.00  pidstat
09:12:33 PM     0    194548      5.00      0.00  bash
09:12:33 PM     0    194549      7.00      0.00  bash
09:12:33 PM     0    194550      4.00      0.00  bash
09:12:33 PM     0    194552     99.00      0.00  fio
09:12:33 PM     0    195339      3.00      0.00  kworker/5:2-events
09:12:33 PM     0    195740      1.00      0.00  sleep
09:12:33 PM     0    195742      1.00      0.00  sleep
09:12:33 PM     0    195745      1.00      0.00  sleep

09:12:33 PM   UID       PID   cswch/s nvcswch/s  Command
09:12:34 PM     0        17     21.00      0.00  rcu_preempt
09:12:34 PM     0        18      1.00      0.00  migration/0
09:12:34 PM     0        23      1.00      0.00  migration/1
09:12:34 PM     0        29      1.00      0.00  migration/2
09:12:34 PM     0        35      1.00      0.00  migration/3
09:12:34 PM     0        36      1.00      0.00  ksoftirqd/3
09:12:34 PM     0        41      1.00      0.00  migration/4
09:12:34 PM     0        47      1.00      0.00  migration/5
09:12:34 PM     0        53      1.00      0.00  migration/6
09:12:34 PM     0        59      1.00      0.00  migration/7
09:12:34 PM     0        65      1.00      0.00  migration/8
09:12:34 PM     0        71      1.00      0.00  migration/9
09:12:34 PM     0        77      1.00      0.00  migration/10
09:12:34 PM     0        83      1.00      0.00  migration/11
09:12:34 PM     0        84      1.00      0.00  ksoftirqd/11
09:12:34 PM     0        95      2.00      0.00  kcompactd0
09:12:34 PM     0       190      1.00      0.00  kworker/10:1H-kblockd
09:12:34 PM     0       453      1.00      0.00  multipathd
09:12:34 PM     0       562      3.00      0.00  jbd2/nvme1n1p3-8
09:12:34 PM     0     88840      4.00      0.00  kworker/u24:1-writeback
09:12:34 PM     0    137207      1.00      0.00  kworker/0:2-events
09:12:34 PM     0    156170      5.00      0.00  kworker/u24:3-flush-259:1
09:12:34 PM     0    173734      3.00      0.00  kworker/4:0-mm_percpu_wq
09:12:34 PM     0    179405      2.00      0.00  kworker/6:1-events
09:12:34 PM     0    180922      3.00      0.00  kworker/2:0-events
09:12:34 PM     0    185621      4.00      0.00  kworker/1:0-mm_percpu_wq
09:12:34 PM     0    186631      2.00      0.00  kworker/3:2-mm_percpu_wq
09:12:34 PM     0    186893      3.00      0.00  kworker/11:0-mm_percpu_wq
09:12:34 PM     0    189255      2.00      0.00  kworker/7:2-mm_percpu_wq
09:12:34 PM     0    189918      1.00      0.00  kworker/9:1-mm_percpu_wq
09:12:34 PM     0    190951      1.00      0.00  kworker/10:0-mm_percpu_wq
09:12:34 PM     0    194546      1.00      1.00  iostat
09:12:34 PM     0    194547      1.00      0.00  pidstat
09:12:34 PM     0    194548      5.00      0.00  bash
09:12:34 PM     0    194549      8.00      0.00  bash
09:12:34 PM     0    194550      4.00      0.00  bash
09:12:34 PM     0    194552     99.00      0.00  fio
09:12:34 PM     0    195339      2.00      0.00  kworker/5:2-mm_percpu_wq
09:12:34 PM     0    195755      1.00      0.00  sleep
09:12:34 PM     0    195757      1.00      0.00  sleep
09:12:34 PM     0    195760      1.00      0.00  sleep

09:12:34 PM   UID       PID   cswch/s nvcswch/s  Command
09:12:35 PM     0        17     20.00      0.00  rcu_preempt
09:12:35 PM     0        24      1.00      0.00  ksoftirqd/1
09:12:35 PM     0        36      2.00      0.00  ksoftirqd/3
09:12:35 PM     0        95      2.00      0.00  kcompactd0
09:12:35 PM     0       453      1.00      0.00  multipathd
09:12:35 PM     0    137207      1.00      0.00  kworker/0:2-mm_percpu_wq
09:12:35 PM     0    156170      1.00      0.00  kworker/u24:3-edac-poller
09:12:35 PM     0    173734      2.00      0.00  kworker/4:0-mm_percpu_wq
09:12:35 PM     0    179405      3.00      0.00  kworker/6:1-events
09:12:35 PM     0    180922      3.00      0.00  kworker/2:0-events
09:12:35 PM     0    182585      1.00      0.00  kworker/8:1-events
09:12:35 PM     0    185621      2.00      0.00  kworker/1:0-events
09:12:35 PM     0    186631      2.00      0.00  kworker/3:2-events
09:12:35 PM     0    189255      1.00      0.00  kworker/7:2-mm_percpu_wq
09:12:35 PM     0    190951      2.00      0.00  kworker/10:0-events
09:12:35 PM     0    194546      1.00      1.00  iostat
09:12:35 PM     0    194547      1.00      0.00  pidstat
09:12:35 PM     0    194548      5.00      0.00  bash
09:12:35 PM     0    194549      8.00      0.00  bash
09:12:35 PM     0    194550      4.00      0.00  bash
09:12:35 PM     0    194552    100.00      0.00  fio
09:12:35 PM     0    195339      2.00      0.00  kworker/5:2-events
09:12:35 PM     0    195770      1.00      0.00  sleep
09:12:35 PM     0    195772      1.00      0.00  sleep
09:12:35 PM     0    195775      1.00      0.00  sleep

09:12:35 PM   UID       PID   cswch/s nvcswch/s  Command
09:12:36 PM     0        17     20.00      0.00  rcu_preempt
09:12:36 PM     0        36      1.00      0.00  ksoftirqd/3
09:12:36 PM     0        48      2.00      0.00  ksoftirqd/5
09:12:36 PM     0        54      1.00      0.00  ksoftirqd/6
09:12:36 PM     0        83      1.00      0.00  migration/11
09:12:36 PM     0        95      2.00      0.00  kcompactd0
09:12:36 PM     0       453      1.00      0.00  multipathd
09:12:36 PM     0    137207      1.00      0.00  kworker/0:2-mm_percpu_wq
09:12:36 PM     0    156170      2.00      0.00  kworker/u24:3-edac-poller
09:12:36 PM     0    173734      4.00      0.00  kworker/4:0-mm_percpu_wq
09:12:36 PM     0    179405      3.00      0.00  kworker/6:1-events
09:12:36 PM     0    180922      1.00      0.00  kworker/2:0-events
09:12:36 PM     0    185621      4.00      0.00  kworker/1:0-mm_percpu_wq
09:12:36 PM     0    186631      5.00      0.00  kworker/3:2-events
09:12:36 PM     0    186893      1.00      0.00  kworker/11:0-mm_percpu_wq
09:12:36 PM     0    189255      2.00      0.00  kworker/7:2-mm_percpu_wq
09:12:36 PM     0    189918      1.00      0.00  kworker/9:1-mm_percpu_wq
09:12:36 PM     0    194546      1.00      1.00  iostat
09:12:36 PM     0    194547      1.00      0.00  pidstat
09:12:36 PM     0    194548      5.00      0.00  bash
09:12:36 PM     0    194549      7.00      0.00  bash
09:12:36 PM     0    194550      4.00      0.00  bash
09:12:36 PM     0    194552     99.00      0.00  fio
09:12:36 PM     0    195339      2.00      0.00  kworker/5:2-events
09:12:36 PM     0    195785      1.00      0.00  sleep
09:12:36 PM     0    195787      1.00      0.00  sleep
09:12:36 PM     0    195790      1.00      0.00  sleep

09:12:36 PM   UID       PID   cswch/s nvcswch/s  Command
09:12:37 PM     0         1      1.00      0.00  systemd
09:12:37 PM     0        17     26.00      0.00  rcu_preempt
09:12:37 PM     0        24      1.00      0.00  ksoftirqd/1
09:12:37 PM     0        42      2.00      1.00  ksoftirqd/4
09:12:37 PM     0        54      1.00      0.00  ksoftirqd/6
09:12:37 PM     0        95      2.00      0.00  kcompactd0
09:12:37 PM     0       102      1.00      0.00  irq/9-acpi
09:12:37 PM     0       453      1.00      0.00  multipathd
09:12:37 PM   102       621      1.00      0.00  systemd-resolve
09:12:37 PM     0       643      1.00      0.00  systemd-logind
09:12:37 PM     0    137207      2.00      0.00  kworker/0:2-events
09:12:37 PM     0    156170      1.00      0.00  kworker/u24:3-edac-poller
09:12:37 PM     0    173734      4.00      0.00  kworker/4:0-mm_percpu_wq
09:12:37 PM     0    179405      4.00      0.00  kworker/6:1-mm_percpu_wq
09:12:37 PM     0    180922      1.00      0.00  kworker/2:0-events
09:12:37 PM     0    182585    182.00      0.00  kworker/8:1+events
09:12:37 PM     0    185621      2.00      0.00  kworker/1:0-mm_percpu_wq
09:12:37 PM     0    186631      3.00      0.00  kworker/3:2-mm_percpu_wq
09:12:37 PM     0    186893      2.00      0.00  kworker/11:0-mm_percpu_wq
09:12:37 PM     0    189255      1.00      0.00  kworker/7:2-mm_percpu_wq
09:12:37 PM     0    189918      2.00      0.00  kworker/9:1-mm_percpu_wq
09:12:37 PM     0    190951      1.00      0.00  kworker/10:0-mm_percpu_wq
09:12:37 PM     0    194546      1.00      0.00  iostat
09:12:37 PM     0    194547      1.00      0.00  pidstat
09:12:37 PM     0    194548      5.00      0.00  bash
09:12:37 PM     0    194549      7.00      0.00  bash
09:12:37 PM     0    194550      4.00      0.00  bash
09:12:37 PM     0    194552    100.00      0.00  fio
09:12:37 PM     0    195339      4.00      0.00  kworker/5:2-mm_percpu_wq
09:12:37 PM     0    195655      1.00      0.00  kworker/8:0+i915-unordered
09:12:37 PM     0    195800      1.00      0.00  sleep
09:12:37 PM     0    195802      1.00      0.00  sleep
09:12:37 PM     0    195805      1.00      0.00  sleep

09:12:37 PM   UID       PID   cswch/s nvcswch/s  Command
09:12:38 PM     0        16      1.00      0.00  ksoftirqd/0
09:12:38 PM     0        17     23.00      0.00  rcu_preempt
09:12:38 PM     0        18      1.00      0.00  migration/0
09:12:38 PM     0        23      1.00      0.00  migration/1
09:12:38 PM     0        29      1.00      0.00  migration/2
09:12:38 PM     0        35      1.00      0.00  migration/3
09:12:38 PM     0        41      1.00      0.00  migration/4
09:12:38 PM     0        42      1.00      0.00  ksoftirqd/4
09:12:38 PM     0        47      1.00      0.00  migration/5
09:12:38 PM     0        48      1.00      0.00  ksoftirqd/5
09:12:38 PM     0        53      1.00      0.00  migration/6
09:12:38 PM     0        59      1.00      0.00  migration/7
09:12:38 PM     0        65      1.00      0.00  migration/8
09:12:38 PM     0        71      1.00      0.00  migration/9
09:12:38 PM     0        77      1.00      0.00  migration/10
09:12:38 PM     0        83      1.00      0.00  migration/11
09:12:38 PM     0        95      2.00      0.00  kcompactd0
09:12:38 PM     0       453      1.00      0.00  multipathd
09:12:38 PM     0     88840      2.00      0.00  kworker/u24:1-events_unbound
09:12:38 PM     0    137207      2.00      0.00  kworker/0:2-mm_percpu_wq
09:12:38 PM     0    156170      3.00      0.00  kworker/u24:3-events_power_efficient
09:12:38 PM     0    173734      4.00      0.00  kworker/4:0-mm_percpu_wq
09:12:38 PM     0    180922      1.00      0.00  kworker/2:0-events
09:12:38 PM     0    182585    958.00      0.00  kworker/8:1-events
09:12:38 PM     0    185621      4.00      0.00  kworker/1:0-mm_percpu_wq
09:12:38 PM     0    186631      1.00      0.00  kworker/3:2-mm_percpu_wq
09:12:38 PM     0    186893      5.00      0.00  kworker/11:0-mm_percpu_wq
09:12:38 PM     0    189255      5.00      0.00  kworker/7:2-mm_percpu_wq
09:12:38 PM     0    189918      1.00      0.00  kworker/9:1-mm_percpu_wq
09:12:38 PM     0    190951      1.00      0.00  kworker/10:0-events
09:12:38 PM     0    194546      1.00      0.00  iostat
09:12:38 PM     0    194547      1.00      0.00  pidstat
09:12:38 PM     0    194548      5.00      0.00  bash
09:12:38 PM     0    194549      7.00      0.00  bash
09:12:38 PM     0    194550      4.00      0.00  bash
09:12:38 PM     0    194552     99.00      0.00  fio
09:12:38 PM     0    195339      3.00      0.00  kworker/5:2-mm_percpu_wq
09:12:38 PM     0    195655   1133.00      0.00  kworker/8:0-i915-unordered
09:12:38 PM     0    195816      1.00      0.00  sleep
09:12:38 PM     0    195817      1.00      0.00  sleep
09:12:38 PM     0    195820      1.00      0.00  sleep

09:12:38 PM   UID       PID   cswch/s nvcswch/s  Command
09:12:39 PM     0        16      1.00      0.00  ksoftirqd/0
09:12:39 PM     0        17     21.00      0.00  rcu_preempt
09:12:39 PM     0        41      1.00      0.00  migration/4
09:12:39 PM     0        95      2.00      0.00  kcompactd0
09:12:39 PM     0       453      1.00      0.00  multipathd
09:12:39 PM     0       562      3.00      0.00  jbd2/nvme1n1p3-8
09:12:39 PM     0     88840      1.00      0.00  kworker/u24:1-edac-poller
09:12:39 PM     0    137207      4.00      0.00  kworker/0:2-events
09:12:39 PM     0    173734      2.00      0.00  kworker/4:0-mm_percpu_wq
09:12:39 PM     0    180922      3.00      0.00  kworker/2:0-events
09:12:39 PM     0    185621      1.00      0.00  kworker/1:0-mm_percpu_wq
09:12:39 PM     0    189255      2.00      0.00  kworker/7:2-mm_percpu_wq
09:12:39 PM     0    189918      2.00      0.00  kworker/9:1-events
09:12:39 PM     0    190951      1.00      0.00  kworker/10:0-mm_percpu_wq
09:12:39 PM     0    194546      1.00      0.00  iostat
09:12:39 PM     0    194547      1.00      0.00  pidstat
09:12:39 PM     0    194548      5.00      0.00  bash
09:12:39 PM     0    194549      7.00      0.00  bash
09:12:39 PM     0    194550      4.00      0.00  bash
09:12:39 PM     0    194552     99.00      0.00  fio
09:12:39 PM     0    195339      3.00      0.00  kworker/5:2-events
09:12:39 PM     0    195655      1.00      0.00  kworker/8:0-events
09:12:39 PM     0    195830      1.00      0.00  sleep
09:12:39 PM     0    195832      1.00      0.00  sleep
09:12:39 PM     0    195835      1.00      0.00  sleep

09:12:39 PM   UID       PID   cswch/s nvcswch/s  Command
09:12:40 PM     0        16      1.00      0.00  ksoftirqd/0
09:12:40 PM     0        17     22.00      0.00  rcu_preempt
09:12:40 PM     0        48      1.00      0.00  ksoftirqd/5
09:12:40 PM     0        84      1.00      0.00  ksoftirqd/11
09:12:40 PM     0        95      2.00      0.00  kcompactd0
09:12:40 PM     0       172      1.00      0.00  kworker/3:1H-kblockd
09:12:40 PM     0       453      1.00      0.00  multipathd
09:12:40 PM     0     88840      5.00      0.00  kworker/u24:1-writeback
09:12:40 PM     0    137207      2.00      0.00  kworker/0:2-mm_percpu_wq
09:12:40 PM     0    173734      3.00      0.00  kworker/4:0-mm_percpu_wq
09:12:40 PM     0    180922      2.00      0.00  kworker/2:0-events
09:12:40 PM     0    185621      2.00      0.00  kworker/1:0-mm_percpu_wq
09:12:40 PM     0    186631      2.00      0.00  kworker/3:2-events
09:12:40 PM     0    186893      3.00      0.00  kworker/11:0-events
09:12:40 PM     0    189255      2.00      0.00  kworker/7:2-mm_percpu_wq
09:12:40 PM     0    189918      2.00      0.00  kworker/9:1-events
09:12:40 PM     0    190951      1.00      0.00  kworker/10:0-mm_percpu_wq
09:12:40 PM     0    194546      1.00      0.00  iostat
09:12:40 PM     0    194547      1.00      0.00  pidstat
09:12:40 PM     0    194548      5.00      0.00  bash
09:12:40 PM     0    194549      7.00      0.00  bash
09:12:40 PM     0    194550      4.00      0.00  bash
09:12:40 PM     0    194552     99.00      0.00  fio
09:12:40 PM     0    195339      3.00      0.00  kworker/5:2-events
09:12:40 PM     0    195845      1.00      0.00  sleep
09:12:40 PM     0    195847      1.00      0.00  sleep
09:12:40 PM     0    195850      1.00      0.00  sleep

09:12:40 PM   UID       PID   cswch/s nvcswch/s  Command
09:12:41 PM     0        16      1.00      0.00  ksoftirqd/0
09:12:41 PM     0        17     22.00      0.00  rcu_preempt
09:12:41 PM     0        42      1.00      0.00  ksoftirqd/4
09:12:41 PM     0        47      1.00      0.00  migration/5
09:12:41 PM     0        72      1.00      0.00  ksoftirqd/9
09:12:41 PM     0        84      1.00      0.00  ksoftirqd/11
09:12:41 PM     0        95      2.00      0.00  kcompactd0
09:12:41 PM     0       453      1.00      0.00  multipathd
09:12:41 PM     0     88840      1.00      0.00  kworker/u24:1-edac-poller
09:12:41 PM     0    137207      5.00      0.00  kworker/0:2-events
09:12:41 PM     0    173734      4.00      0.00  kworker/4:0-mm_percpu_wq
09:12:41 PM     0    180922      1.00      0.00  kworker/2:0-events
09:12:41 PM     0    189255      2.00      0.00  kworker/7:2-events
09:12:41 PM     0    189918      2.00      0.00  kworker/9:1-events
09:12:41 PM     0    190951      1.00      0.00  kworker/10:0-mm_percpu_wq
09:12:41 PM     0    194546      1.00      0.00  iostat
09:12:41 PM     0    194547      1.00      0.00  pidstat
09:12:41 PM     0    194548      5.00      0.00  bash
09:12:41 PM     0    194549      5.00      0.00  bash
09:12:41 PM     0    194550      4.00      0.00  bash
09:12:41 PM     0    194552     99.00      0.00  fio
09:12:41 PM     0    195339      1.00      0.00  kworker/5:2-events
09:12:41 PM     0    195655      1.00      0.00  kworker/8:0-events
09:12:41 PM     0    195860      1.00      0.00  sleep
09:12:41 PM     0    195862      1.00      0.00  sleep
09:12:41 PM     0    195865      1.00      0.00  sleep

09:12:41 PM   UID       PID   cswch/s nvcswch/s  Command
09:12:42 PM     0        16      1.00      0.00  ksoftirqd/0
09:12:42 PM     0        17     18.00      0.00  rcu_preempt
09:12:42 PM     0        18      1.00      0.00  migration/0
09:12:42 PM     0        23      1.00      0.00  migration/1
09:12:42 PM     0        29      1.00      0.00  migration/2
09:12:42 PM     0        35      1.00      0.00  migration/3
09:12:42 PM     0        41      1.00      0.00  migration/4
09:12:42 PM     0        47      1.00      0.00  migration/5
09:12:42 PM     0        53      1.00      0.00  migration/6
09:12:42 PM     0        59      1.00      0.00  migration/7
09:12:42 PM     0        65      1.00      0.00  migration/8
09:12:42 PM     0        71      1.00      0.00  migration/9
09:12:42 PM     0        77      1.00      0.00  migration/10
09:12:42 PM     0        83      1.00      0.00  migration/11
09:12:42 PM     0        95      2.00      0.00  kcompactd0
09:12:42 PM     0       453      1.00      0.00  multipathd
09:12:42 PM     0     21554      1.00      0.00  packagekitd
09:12:42 PM     0     88840      1.00      0.00  kworker/u24:1-events_unbound
09:12:42 PM     0    137207      3.00      0.00  kworker/0:2-mm_percpu_wq
09:12:42 PM     0    156170      1.00      0.00  kworker/u24:3-events_power_efficient
09:12:42 PM     0    173734      3.00      0.00  kworker/4:0-mm_percpu_wq
09:12:42 PM     0    179405      2.00      0.00  kworker/6:1-events
09:12:42 PM     0    185621      2.00      0.00  kworker/1:0-mm_percpu_wq
09:12:42 PM     0    186631      2.00      0.00  kworker/3:2-events
09:12:42 PM     0    186893      1.00      0.00  kworker/11:0-mm_percpu_wq
09:12:42 PM     0    189255      4.00      0.00  kworker/7:2-mm_percpu_wq
09:12:42 PM     0    189918      3.00      0.00  kworker/9:1-mm_percpu_wq
09:12:42 PM     0    194546      1.00      0.00  iostat
09:12:42 PM     0    194547      1.00      0.00  pidstat
09:12:42 PM     0    194548      5.00      0.00  bash
09:12:42 PM     0    194549      8.00      0.00  bash
09:12:42 PM     0    194550      4.00      0.00  bash
09:12:42 PM     0    194552     99.00      0.00  fio
09:12:42 PM     0    195339      2.00      0.00  kworker/5:2-events
09:12:42 PM     0    195876      1.00      0.00  sleep
09:12:42 PM     0    195877      1.00      0.00  sleep
09:12:42 PM     0    195880      1.00      0.00  sleep

09:12:42 PM   UID       PID   cswch/s nvcswch/s  Command
09:12:43 PM     0         1      1.00      0.00  systemd
09:12:43 PM     0        17     20.00      0.00  rcu_preempt
09:12:43 PM     0        42      1.00      0.00  ksoftirqd/4
09:12:43 PM     0        60      1.00      0.00  ksoftirqd/7
09:12:43 PM     0        95      2.00      0.00  kcompactd0
09:12:43 PM     0       453      1.00      0.00  multipathd
09:12:43 PM   101       608      1.00      0.00  systemd-network
09:12:43 PM     0     88840      2.00      0.00  kworker/u24:1-events_power_efficient
09:12:43 PM     0    137207      2.00      0.00  kworker/0:2-events
09:12:43 PM     0    156170      1.00      0.00  kworker/u24:3-events_power_efficient
09:12:43 PM     0    173734      1.00      0.00  kworker/4:0-mm_percpu_wq
09:12:43 PM     0    179405      1.00      0.00  kworker/6:1-events
09:12:43 PM     0    180922      2.00      0.00  kworker/2:0-events
09:12:43 PM     0    185621      1.00      0.00  kworker/1:0-events
09:12:43 PM     0    186631      1.00      0.00  kworker/3:2-events
09:12:43 PM     0    189255      2.00      0.00  kworker/7:2-mm_percpu_wq
09:12:43 PM     0    189918      1.00      0.00  kworker/9:1-events
09:12:43 PM     0    190951      1.00      0.00  kworker/10:0-mm_percpu_wq
09:12:43 PM     0    194546      1.00      0.00  iostat
09:12:43 PM     0    194547      1.00      1.00  pidstat
09:12:43 PM     0    194548      5.00      0.00  bash
09:12:43 PM     0    194549      8.00      0.00  bash
09:12:43 PM     0    194550      4.00      0.00  bash
09:12:43 PM     0    194552    100.00      0.00  fio
09:12:43 PM     0    195339      2.00      0.00  kworker/5:2-events
09:12:43 PM     0    195655      1.00      0.00  kworker/8:0-events
09:12:43 PM     0    195891      1.00      0.00  sleep
09:12:43 PM     0    195892      1.00      0.00  sleep
09:12:43 PM     0    195895      1.00      0.00  sleep

09:12:43 PM   UID       PID   cswch/s nvcswch/s  Command
09:12:44 PM     0        16      2.00      0.00  ksoftirqd/0
09:12:44 PM     0        17     19.00      0.00  rcu_preempt
09:12:44 PM     0        48      1.00      0.00  ksoftirqd/5
09:12:44 PM     0        60      2.00      0.00  ksoftirqd/7
09:12:44 PM     0        72      1.00      0.00  ksoftirqd/9
09:12:44 PM     0        84      1.00      0.00  ksoftirqd/11
09:12:44 PM     0        95      2.00      0.00  kcompactd0
09:12:44 PM     0       453      1.00      0.00  multipathd
09:12:44 PM     0       562      3.00      0.00  jbd2/nvme1n1p3-8
09:12:44 PM     0     88840      1.00      0.00  kworker/u24:1-events_power_efficient
09:12:44 PM     0    137207      3.00      0.00  kworker/0:2-mm_percpu_wq
09:12:44 PM     0    156170      3.00      0.00  kworker/u24:3-writeback
09:12:44 PM     0    173734      2.00      0.00  kworker/4:0-mm_percpu_wq
09:12:44 PM     0    179405      2.00      0.00  kworker/6:1-events
09:12:44 PM     0    180922      1.00      0.00  kworker/2:0-events
09:12:44 PM     0    185621      4.00      0.00  kworker/1:0-mm_percpu_wq
09:12:44 PM     0    186631      1.00      0.00  kworker/3:2-mm_percpu_wq
09:12:44 PM     0    186893      4.00      0.00  kworker/11:0-mm_percpu_wq
09:12:44 PM     0    189255      5.00      0.00  kworker/7:2-mm_percpu_wq
09:12:44 PM     0    189918      3.00      0.00  kworker/9:1-events
09:12:44 PM     0    190951      1.00      0.00  kworker/10:0-events
09:12:44 PM     0    194546      1.00      0.00  iostat
09:12:44 PM     0    194547      1.00      1.00  pidstat
09:12:44 PM     0    194548      5.00      0.00  bash
09:12:44 PM     0    194549      7.00      0.00  bash
09:12:44 PM     0    194550      4.00      0.00  bash
09:12:44 PM     0    194552     99.00      0.00  fio
09:12:44 PM     0    195339      2.00      0.00  kworker/5:2-events
09:12:44 PM     0    195905      1.00      0.00  sleep
09:12:44 PM     0    195907      1.00      0.00  sleep
09:12:44 PM     0    195910      1.00      0.00  sleep

09:12:44 PM   UID       PID   cswch/s nvcswch/s  Command
09:12:45 PM     0        17     17.00      0.00  rcu_preempt
09:12:45 PM     0        24      1.00      0.00  ksoftirqd/1
09:12:45 PM     0        36      1.00      0.00  ksoftirqd/3
09:12:45 PM     0        48      1.00      0.00  ksoftirqd/5
09:12:45 PM     0        95      2.00      0.00  kcompactd0
09:12:45 PM     0       453      1.00      0.00  multipathd
09:12:45 PM     0     88840      2.00      0.00  kworker/u24:1-edac-poller
09:12:45 PM     0    137207      1.00      0.00  kworker/0:2-events
09:12:45 PM     0    156170      1.00      0.00  kworker/u24:3-events_power_efficient
09:12:45 PM     0    173734      1.00      0.00  kworker/4:0-mm_percpu_wq
09:12:45 PM     0    180922      2.00      0.00  kworker/2:0-events
09:12:45 PM     0    185621      1.00      0.00  kworker/1:0-events
09:12:45 PM     0    189255      4.00      0.00  kworker/7:2-events
09:12:45 PM     0    189918      3.00      0.00  kworker/9:1-events
09:12:45 PM     0    190951      1.00      0.00  kworker/10:0-mm_percpu_wq
09:12:45 PM     0    194546      1.00      0.00  iostat
09:12:45 PM     0    194547      1.00      1.00  pidstat
09:12:45 PM     0    194548      5.00      0.00  bash
09:12:45 PM     0    194549      7.00      0.00  bash
09:12:45 PM     0    194550      4.00      0.00  bash
09:12:45 PM     0    194552     99.00      0.00  fio
09:12:45 PM     0    195339      2.00      0.00  kworker/5:2-events
09:12:45 PM     0    195655      2.00      0.00  kworker/8:0-events
09:12:45 PM     0    195920      1.00      0.00  sleep
09:12:45 PM     0    195922      1.00      0.00  sleep
09:12:45 PM     0    195925      1.00      0.00  sleep

09:12:45 PM   UID       PID   cswch/s nvcswch/s  Command
09:12:46 PM     0        16      1.00      0.00  ksoftirqd/0
09:12:46 PM     0        17     18.00      0.00  rcu_preempt
09:12:46 PM     0        18      1.00      0.00  migration/0
09:12:46 PM     0        23      1.00      0.00  migration/1
09:12:46 PM     0        29      1.00      0.00  migration/2
09:12:46 PM     0        35      1.00      0.00  migration/3
09:12:46 PM     0        41      1.00      0.00  migration/4
09:12:46 PM     0        47      1.00      0.00  migration/5
09:12:46 PM     0        53      1.00      0.00  migration/6
09:12:46 PM     0        54      1.00      0.00  ksoftirqd/6
09:12:46 PM     0        59      1.00      0.00  migration/7
09:12:46 PM     0        65      1.00      0.00  migration/8
09:12:46 PM     0        71      1.00      0.00  migration/9
09:12:46 PM     0        77      1.00      0.00  migration/10
09:12:46 PM     0        83      1.00      0.00  migration/11
09:12:46 PM     0        84      3.00      0.00  ksoftirqd/11
09:12:46 PM     0        95      2.00      0.00  kcompactd0
09:12:46 PM     0       190      1.00      0.00  kworker/10:1H-kblockd
09:12:46 PM     0       453      1.00      0.00  multipathd
09:12:46 PM     0     88840      4.00      0.00  kworker/u24:1-edac-poller
09:12:46 PM     0    137207      2.00      0.00  kworker/0:2-mm_percpu_wq
09:12:46 PM     0    173734      2.00      0.00  kworker/4:0-mm_percpu_wq
09:12:46 PM     0    179405      2.00      0.00  kworker/6:1-events
09:12:46 PM     0    185621      3.00      0.00  kworker/1:0-mm_percpu_wq
09:12:46 PM     0    186631      1.00      0.00  kworker/3:2-mm_percpu_wq
09:12:46 PM     0    186893      4.00      0.00  kworker/11:0-events
09:12:46 PM     0    189255      4.00      0.00  kworker/7:2-mm_percpu_wq
09:12:46 PM     0    189918      3.00      0.00  kworker/9:1-mm_percpu_wq
09:12:46 PM     0    194546      1.00      0.00  iostat
09:12:46 PM     0    194547      1.00      0.00  pidstat
09:12:46 PM     0    194548      5.00      0.00  bash
09:12:46 PM     0    194549      7.00      0.00  bash
09:12:46 PM     0    194550      4.00      0.00  bash
09:12:46 PM     0    194552    100.00      0.00  fio
09:12:46 PM     0    195339      2.00      0.00  kworker/5:2-events
09:12:46 PM     0    195936      1.00      0.00  sleep
09:12:46 PM     0    195937      1.00      0.00  sleep
09:12:46 PM     0    195940      1.00      0.00  sleep

09:12:46 PM   UID       PID   cswch/s nvcswch/s  Command
09:12:47 PM     0         1      1.00      0.00  systemd
09:12:47 PM     0        17     15.00      0.00  rcu_preempt
09:12:47 PM     0        36      1.00      0.00  ksoftirqd/3
09:12:47 PM     0        48      1.00      0.00  ksoftirqd/5
09:12:47 PM     0        54      1.00      0.00  ksoftirqd/6
09:12:47 PM     0        84      1.00      0.00  ksoftirqd/11
09:12:47 PM     0        95      2.00      0.00  kcompactd0
09:12:47 PM     0       415      1.00      0.00  systemd-journal
09:12:47 PM     0       453      1.00      0.00  multipathd
09:12:47 PM     0     88840      2.00      0.00  kworker/u24:1-edac-poller
09:12:47 PM     0    137207      2.00      0.00  kworker/0:2-events
09:12:47 PM     0    173734      1.00      0.00  kworker/4:0-mm_percpu_wq
09:12:47 PM     0    179405      2.00      0.00  kworker/6:1-events
09:12:47 PM     0    180922      2.00      0.00  kworker/2:0-events
09:12:47 PM     0    186631      1.00      0.00  kworker/3:2-events
09:12:47 PM     0    186893      2.00      0.00  kworker/11:0-events
09:12:47 PM     0    189255      4.00      0.00  kworker/7:2-events
09:12:47 PM     0    189918      1.00      0.00  kworker/9:1-events
09:12:47 PM     0    190951      1.00      0.00  kworker/10:0-mm_percpu_wq
09:12:47 PM     0    194546      1.00      0.00  iostat
09:12:47 PM     0    194547      1.00      1.00  pidstat
09:12:47 PM     0    194548      5.00      0.00  bash
09:12:47 PM     0    194549      8.00      0.00  bash
09:12:47 PM     0    194550      4.00      0.00  bash
09:12:47 PM     0    194552     99.00      0.00  fio
09:12:47 PM     0    195655      1.00      0.00  kworker/8:0-events
09:12:47 PM     0    195951      1.00      0.00  sleep
09:12:47 PM     0    195952      1.00      0.00  sleep
09:12:47 PM     0    195955      1.00      0.00  sleep

09:12:47 PM   UID       PID   cswch/s nvcswch/s  Command
09:12:48 PM     0        16      1.00      0.00  ksoftirqd/0
09:12:48 PM     0        17     13.00      0.00  rcu_preempt
09:12:48 PM     0        24      1.00      0.00  ksoftirqd/1
09:12:48 PM     0        36      1.00      0.00  ksoftirqd/3
09:12:48 PM     0        42      2.00      0.00  ksoftirqd/4
09:12:48 PM     0        54      1.00      0.00  ksoftirqd/6
09:12:48 PM     0        60      1.00      0.00  ksoftirqd/7
09:12:48 PM     0        95      2.00      0.00  kcompactd0
09:12:48 PM     0       453      1.00      0.00  multipathd
09:12:48 PM     0     88840      1.00      0.00  kworker/u24:1-edac-poller
09:12:48 PM     0    137207      1.00      0.00  kworker/0:2-mm_percpu_wq
09:12:48 PM     0    173734      3.00      0.00  kworker/4:0-mm_percpu_wq
09:12:48 PM     0    179405      3.00      0.00  kworker/6:1-events
09:12:48 PM     0    180922      1.00      0.00  kworker/2:0-events
09:12:48 PM     0    185621      3.00      0.00  kworker/1:0-mm_percpu_wq
09:12:48 PM     0    186631      4.00      0.00  kworker/3:2-mm_percpu_wq
09:12:48 PM     0    186893      2.00      0.00  kworker/11:0-mm_percpu_wq
09:12:48 PM     0    189255      2.00      0.00  kworker/7:2-mm_percpu_wq
09:12:48 PM     0    189918      3.00      0.00  kworker/9:1-events
09:12:48 PM     0    194546      1.00      0.00  iostat
09:12:48 PM     0    194547      1.00      0.00  pidstat
09:12:48 PM     0    194548      5.00      0.00  bash
09:12:48 PM     0    194549      6.00      0.00  bash
09:12:48 PM     0    194550      4.00      0.00  bash
09:12:48 PM     0    194552    100.00      0.00  fio
09:12:48 PM     0    195339      1.00      0.00  kworker/5:2-mm_percpu_wq
09:12:48 PM     0    195655      1.00      0.00  kworker/8:0-events
09:12:48 PM     0    195967      1.00      0.00  sleep
09:12:48 PM     0    195968      1.00      0.00  sleep
09:12:48 PM     0    195970      1.00      0.00  sleep

09:12:48 PM   UID       PID   cswch/s nvcswch/s  Command
09:12:49 PM     0        17     15.00      0.00  rcu_preempt
09:12:49 PM     0        24      1.00      0.00  ksoftirqd/1
09:12:49 PM     0        36      2.00      0.00  ksoftirqd/3
09:12:49 PM     0        42      2.00      0.00  ksoftirqd/4
09:12:49 PM     0        48      1.00      0.00  ksoftirqd/5
09:12:49 PM     0        72      1.00      0.00  ksoftirqd/9
09:12:49 PM     0        78      1.00      0.00  ksoftirqd/10
09:12:49 PM     0        84      1.00      0.00  ksoftirqd/11
09:12:49 PM     0        95      2.00      0.00  kcompactd0
09:12:49 PM     0       453      1.00      0.00  multipathd
09:12:49 PM     0       562      3.00      0.00  jbd2/nvme1n1p3-8
09:12:49 PM   101       608      2.00      0.00  systemd-network
09:12:49 PM     0     88840      1.00      0.00  kworker/u24:1-events_power_efficient
09:12:49 PM     0    137207      1.00      0.00  kworker/0:2-events
09:12:49 PM     0    156170      3.00      0.00  kworker/u24:3-edac-poller
09:12:49 PM     0    173734      3.00      0.00  kworker/4:0-mm_percpu_wq
09:12:49 PM     0    179405      1.00      0.00  kworker/6:1-events
09:12:49 PM     0    180922      2.00      0.00  kworker/2:0-events
09:12:49 PM     0    185621      3.00      0.00  kworker/1:0-events
09:12:49 PM     0    186893      2.00      0.00  kworker/11:0-events
09:12:49 PM     0    189255      1.00      0.00  kworker/7:2-mm_percpu_wq
09:12:49 PM     0    189918      2.00      0.00  kworker/9:1-events
09:12:49 PM     0    190951      1.00      0.00  kworker/10:0-mm_percpu_wq
09:12:49 PM     0    194546      1.00      0.00  iostat
09:12:49 PM     0    194547      1.00      1.00  pidstat
09:12:49 PM     0    194548      5.00      0.00  bash
09:12:49 PM     0    194549      7.00      0.00  bash
09:12:49 PM     0    194550      4.00      0.00  bash
09:12:49 PM     0    194552     99.00      0.00  fio
09:12:49 PM     0    195339      1.00      0.00  kworker/5:2-events
09:12:49 PM     0    195655      1.00      0.00  kworker/8:0-events
09:12:49 PM     0    195973      1.00      0.00  sleep
09:12:49 PM     0    195984      1.00      0.00  sleep
09:12:49 PM     0    195985      1.00      0.00  sleep

09:12:49 PM   UID       PID   cswch/s nvcswch/s  Command
09:12:50 PM     0         2      1.00      0.00  kthreadd
09:12:50 PM     0        17     17.00      0.00  rcu_preempt
09:12:50 PM     0        18      1.00      0.00  migration/0
09:12:50 PM     0        23      1.00      0.00  migration/1
09:12:50 PM     0        24      1.00      0.00  ksoftirqd/1
09:12:50 PM     0        29      1.00      0.00  migration/2
09:12:50 PM     0        35      1.00      0.00  migration/3
09:12:50 PM     0        36      1.00      0.00  ksoftirqd/3
09:12:50 PM     0        41      1.00      0.00  migration/4
09:12:50 PM     0        42      2.00      0.00  ksoftirqd/4
09:12:50 PM     0        47      1.00      0.00  migration/5
09:12:50 PM     0        53      1.00      0.00  migration/6
09:12:50 PM     0        59      1.00      0.00  migration/7
09:12:50 PM     0        60      1.00      0.00  ksoftirqd/7
09:12:50 PM     0        65      1.00      0.00  migration/8
09:12:50 PM     0        71      1.00      0.00  migration/9
09:12:50 PM     0        77      1.00      0.00  migration/10
09:12:50 PM     0        83      2.00      0.00  migration/11
09:12:50 PM     0        95      2.00      0.00  kcompactd0
09:12:50 PM     0       102      1.00      0.00  irq/9-acpi
09:12:50 PM     0       191      1.00      0.00  kworker/1:1H-events_highpri
09:12:50 PM     0       453      1.00      0.00  multipathd
09:12:50 PM     0    137207      4.00      0.00  kworker/0:2-mm_percpu_wq
09:12:50 PM     0    156170      1.00      0.00  kworker/u24:3-edac-poller
09:12:50 PM     0    173734      4.00      0.00  kworker/4:0-mm_percpu_wq
09:12:50 PM     0    177845      2.00      0.00  kworker/10:1-i915-unordered
09:12:50 PM     0    179405      2.00      0.00  kworker/6:1-events
09:12:50 PM     0    185621      5.00      0.00  kworker/1:0-mm_percpu_wq
09:12:50 PM     0    186631      5.00      0.00  kworker/3:2-mm_percpu_wq
09:12:50 PM     0    186893      3.00      0.00  kworker/11:0-events
09:12:50 PM     0    189255      2.00      0.00  kworker/7:2-mm_percpu_wq
09:12:50 PM     0    189918      2.00      0.00  kworker/9:1-events
09:12:50 PM     0    190951      7.00      0.00  kworker/10:0-pm
09:12:50 PM     0    194546      1.00      0.00  iostat
09:12:50 PM     0    194547      1.00      1.00  pidstat
09:12:50 PM     0    194548      5.00      0.00  bash
09:12:50 PM     0    194549      6.00      0.00  bash
09:12:50 PM     0    194550      4.00      0.00  bash
09:12:50 PM     0    194552     99.00      0.00  fio
09:12:50 PM     0    195339      1.00      0.00  kworker/5:2-mm_percpu_wq
09:12:50 PM     0    195986      2.00      0.00  kworker/10:2
09:12:50 PM     0    195989      1.00      0.00  sleep
09:12:50 PM     0    196000      1.00      0.00  sleep
09:12:50 PM     0    196001      1.00      0.00  sleep

09:12:50 PM   UID       PID   cswch/s nvcswch/s  Command
09:12:51 PM     0        17     19.00      0.00  rcu_preempt
09:12:51 PM     0        18      1.00      0.00  migration/0
09:12:51 PM     0        36      1.00      0.00  ksoftirqd/3
09:12:51 PM     0        42      1.00      0.00  ksoftirqd/4
09:12:51 PM     0        48      1.00      0.00  ksoftirqd/5
09:12:51 PM     0        54      1.00      0.00  ksoftirqd/6
09:12:51 PM     0        95      2.00      0.00  kcompactd0
09:12:51 PM     0       113      1.00      0.00  kworker/5:1H-kblockd
09:12:51 PM     0       453      1.00      0.00  multipathd
09:12:51 PM     0    137207      2.00      0.00  kworker/0:2-events
09:12:51 PM     0    156170      6.00      0.00  kworker/u24:3-edac-poller
09:12:51 PM     0    173734      2.00      0.00  kworker/4:0-mm_percpu_wq
09:12:51 PM     0    179405      2.00      0.00  kworker/6:1-events
09:12:51 PM     0    180922      2.00      0.00  kworker/2:0-events
09:12:51 PM     0    185621      2.00      0.00  kworker/1:0-events
09:12:51 PM     0    186631      1.00      0.00  kworker/3:2-events
09:12:51 PM     0    189255      1.00      0.00  kworker/7:2-mm_percpu_wq
09:12:51 PM     0    190951      1.00      0.00  kworker/10:0-mm_percpu_wq
09:12:51 PM     0    194546      1.00      0.00  iostat
09:12:51 PM     0    194547      1.00      1.00  pidstat
09:12:51 PM     0    194548      5.00      0.00  bash
09:12:51 PM     0    194549      8.00      0.00  bash
09:12:51 PM     0    194550      4.00      0.00  bash
09:12:51 PM     0    194552    100.00      0.00  fio
09:12:51 PM     0    195339      1.00      0.00  kworker/5:2-mm_percpu_wq
09:12:51 PM     0    195655      1.00      0.00  kworker/8:0-events
09:12:51 PM     0    196004      1.00      0.00  sleep
09:12:51 PM     0    196015      1.00      0.00  sleep
09:12:51 PM     0    196016      1.00      0.00  sleep

09:12:51 PM   UID       PID   cswch/s nvcswch/s  Command
09:12:52 PM     0        16      1.00      1.00  ksoftirqd/0
09:12:52 PM     0        17     22.00      0.00  rcu_preempt
09:12:52 PM     0        36      1.00      0.00  ksoftirqd/3
09:12:52 PM     0        42      1.00      0.00  ksoftirqd/4
09:12:52 PM     0        72      1.00      0.00  ksoftirqd/9
09:12:52 PM     0        77      1.00      0.00  migration/10
09:12:52 PM     0        95      2.00      0.00  kcompactd0
09:12:52 PM     0       453      1.00      0.00  multipathd
09:12:52 PM     0     21554      1.00      0.00  packagekitd
09:12:52 PM     0    137207      3.00      0.00  kworker/0:2-mm_percpu_wq
09:12:52 PM     0    156170      1.00      0.00  kworker/u24:3-edac-poller
09:12:52 PM     0    173734      3.00      0.00  kworker/4:0-mm_percpu_wq
09:12:52 PM     0    179405      2.00      0.00  kworker/6:1-events
09:12:52 PM     0    180922      1.00      0.00  kworker/2:0-events
09:12:52 PM     0    185621      3.00      0.00  kworker/1:0-mm_percpu_wq
09:12:52 PM     0    186631      3.00      0.00  kworker/3:2-events
09:12:52 PM     0    186893      1.00      0.00  kworker/11:0-mm_percpu_wq
09:12:52 PM     0    189255      3.00      0.00  kworker/7:2-mm_percpu_wq
09:12:52 PM     0    189918      3.00      0.00  kworker/9:1-events
09:12:52 PM     0    194546      1.00      0.00  iostat
09:12:52 PM     0    194547      1.00      1.00  pidstat
09:12:52 PM     0    194548      5.00      0.00  bash
09:12:52 PM     0    194549      7.00      0.00  bash
09:12:52 PM     0    194550      4.00      0.00  bash
09:12:52 PM     0    194552     99.00      0.00  fio
09:12:52 PM     0    195339      2.00      0.00  kworker/5:2-mm_percpu_wq
09:12:52 PM     0    196019      1.00      0.00  sleep
09:12:52 PM     0    196029      1.00      1.00  sleep
09:12:52 PM     0    196031      1.00      0.00  sleep

09:12:52 PM   UID       PID   cswch/s nvcswch/s  Command
09:12:53 PM     0        16      1.00      0.00  ksoftirqd/0
09:12:53 PM     0        17     17.00      0.00  rcu_preempt
09:12:53 PM     0        24      2.00      0.00  ksoftirqd/1
09:12:53 PM     0        42      1.00      0.00  ksoftirqd/4
09:12:53 PM     0        72      1.00      0.00  ksoftirqd/9
09:12:53 PM     0        95      2.00      0.00  kcompactd0
09:12:53 PM     0       453      1.00      0.00  multipathd
09:12:53 PM     0     88840      1.00      0.00  kworker/u24:1-events_power_efficient
09:12:53 PM     0    137207      1.00      0.00  kworker/0:2-events
09:12:53 PM     0    156170      1.00      0.00  kworker/u24:3-events_unbound
09:12:53 PM     0    173734      3.00      0.00  kworker/4:0-mm_percpu_wq
09:12:53 PM     0    179405      1.00      0.00  kworker/6:1-events
09:12:53 PM     0    180922      1.00      0.00  kworker/2:0-events
09:12:53 PM     0    185621      3.00      0.00  kworker/1:0-mm_percpu_wq
09:12:53 PM     0    189255      3.00      0.00  kworker/7:2-events
09:12:53 PM     0    189918      1.00      0.00  kworker/9:1-events
09:12:53 PM     0    190951      1.00      0.00  kworker/10:0-mm_percpu_wq
09:12:53 PM     0    194546      1.00      0.00  iostat
09:12:53 PM     0    194547      1.00      1.00  pidstat
09:12:53 PM     0    194548      5.00      0.00  bash
09:12:53 PM     0    194549      7.00      0.00  bash
09:12:53 PM     0    194550      4.00      0.00  bash
09:12:53 PM     0    194552    100.00      0.00  fio
09:12:53 PM     0    195655      1.00      0.00  kworker/8:0-events
09:12:53 PM     0    196034      1.00      0.00  sleep
09:12:53 PM     0    196045      1.00      0.00  sleep
09:12:53 PM     0    196046      1.00      0.00  sleep

09:12:53 PM   UID       PID   cswch/s nvcswch/s  Command
09:12:54 PM     0        16      1.00      0.00  ksoftirqd/0
09:12:54 PM     0        17     20.00      0.00  rcu_preempt
09:12:54 PM     0        18      1.00      0.00  migration/0
09:12:54 PM     0        23      1.00      0.00  migration/1
09:12:54 PM     0        29      1.00      0.00  migration/2
09:12:54 PM     0        35      1.00      0.00  migration/3
09:12:54 PM     0        41      2.00      0.00  migration/4
09:12:54 PM     0        42      2.00      0.00  ksoftirqd/4
09:12:54 PM     0        47      1.00      0.00  migration/5
09:12:54 PM     0        53      1.00      0.00  migration/6
09:12:54 PM     0        59      1.00      0.00  migration/7
09:12:54 PM     0        65      1.00      0.00  migration/8
09:12:54 PM     0        71      1.00      0.00  migration/9
09:12:54 PM     0        72      1.00      0.00  ksoftirqd/9
09:12:54 PM     0        77      1.00      0.00  migration/10
09:12:54 PM     0        83      1.00      0.00  migration/11
09:12:54 PM     0        95      2.00      0.00  kcompactd0
09:12:54 PM     0       453      1.00      0.00  multipathd
09:12:54 PM     0       562      3.00      0.00  jbd2/nvme1n1p3-8
09:12:54 PM     0     88840      1.00      0.00  kworker/u24:1-events_power_efficient
09:12:54 PM     0    137207      3.00      0.00  kworker/0:2-mm_percpu_wq
09:12:54 PM     0    156170      3.00      0.00  kworker/u24:3-edac-poller
09:12:54 PM     0    173734      4.00      0.00  kworker/4:0-mm_percpu_wq
09:12:54 PM     0    179405      2.00      0.00  kworker/6:1-events
09:12:54 PM     0    180922      1.00      0.00  kworker/2:0-events
09:12:54 PM     0    185621      2.00      0.00  kworker/1:0-mm_percpu_wq
09:12:54 PM     0    186631      2.00      0.00  kworker/3:2-events
09:12:54 PM     0    186893      1.00      0.00  kworker/11:0-mm_percpu_wq
09:12:54 PM     0    189255      3.00      0.00  kworker/7:2-mm_percpu_wq
09:12:54 PM     0    189918      3.00      0.00  kworker/9:1-mm_percpu_wq
09:12:54 PM     0    190951      1.00      0.00  kworker/10:0-events
09:12:54 PM     0    193064      1.00      0.00  kworker/u24:0-flush-259:1
09:12:54 PM     0    194546      1.00      0.00  iostat
09:12:54 PM     0    194547      1.00      1.00  pidstat
09:12:54 PM     0    194548      5.00      0.00  bash
09:12:54 PM     0    194549      7.00      0.00  bash
09:12:54 PM     0    194550      4.00      0.00  bash
09:12:54 PM     0    194552     99.00      0.00  fio
09:12:54 PM     0    195339      2.00      0.00  kworker/5:2-mm_percpu_wq
09:12:54 PM     0    196049      1.00      0.00  sleep
09:12:54 PM     0    196060      1.00      0.00  sleep
09:12:54 PM     0    196061      1.00      0.00  sleep

09:12:54 PM   UID       PID   cswch/s nvcswch/s  Command
09:12:55 PM     0        16      3.00      0.00  ksoftirqd/0
09:12:55 PM     0        17     19.00      0.00  rcu_preempt
09:12:55 PM     0        24      1.00      0.00  ksoftirqd/1
09:12:55 PM     0        36      1.00      0.00  ksoftirqd/3
09:12:55 PM     0        42      1.00      0.00  ksoftirqd/4
09:12:55 PM     0        95      2.00      0.00  kcompactd0
09:12:55 PM     0       172      1.00      0.00  kworker/3:1H-kblockd
09:12:55 PM     0       359      3.00      0.00  jbd2/nvme1n1p2-8
09:12:55 PM     0       415      1.00      0.00  systemd-journal
09:12:55 PM     0       453      1.00      0.00  multipathd
09:12:55 PM     0    137207      1.00      0.00  kworker/0:2-events
09:12:55 PM     0    156170      1.00      0.00  kworker/u24:3-events_unbound
09:12:55 PM     0    173734      3.00      0.00  kworker/4:0-mm_percpu_wq
09:12:55 PM     0    180922      3.00      0.00  kworker/2:0-events
09:12:55 PM     0    185621      4.00      0.00  kworker/1:0-events
09:12:55 PM     0    186893      1.00      0.00  kworker/11:0-events
09:12:55 PM     0    189255      4.00      0.00  kworker/7:2-mm_percpu_wq
09:12:55 PM     0    190951      1.00      0.00  kworker/10:0-mm_percpu_wq
09:12:55 PM     0    193064      1.00      0.00  kworker/u24:0-flush-259:1
09:12:55 PM     0    194546      1.00      0.00  iostat
09:12:55 PM     0    194547      1.00      1.00  pidstat
09:12:55 PM     0    194548      5.00      0.00  bash
09:12:55 PM     0    194549      7.00      0.00  bash
09:12:55 PM     0    194550      4.00      0.00  bash
09:12:55 PM     0    194552     99.00      0.00  fio
09:12:55 PM     0    195655      1.00      0.00  kworker/8:0-events
09:12:55 PM     0    196064      1.00      0.00  sleep
09:12:55 PM     0    196075      1.00      0.00  sleep
09:12:55 PM     0    196076      1.00      0.00  sleep

09:12:55 PM   UID       PID   cswch/s nvcswch/s  Command
09:12:56 PM     0        17     16.00      0.00  rcu_preempt
09:12:56 PM     0        24      1.00      0.00  ksoftirqd/1
09:12:56 PM     0        36      1.00      0.00  ksoftirqd/3
09:12:56 PM     0        42      1.00      0.00  ksoftirqd/4
09:12:56 PM     0        48      2.00      0.00  ksoftirqd/5
09:12:56 PM     0        95      2.00      0.00  kcompactd0
09:12:56 PM     0       453      1.00      0.00  multipathd
09:12:56 PM     0    137207      3.00      0.00  kworker/0:2-mm_percpu_wq
09:12:56 PM     0    156170      5.00      0.00  kworker/u24:3-edac-poller
09:12:56 PM     0    173734      3.00      0.00  kworker/4:0-mm_percpu_wq
09:12:56 PM     0    179405      1.00      0.00  kworker/6:1-mm_percpu_wq
09:12:56 PM     0    180922      2.00      0.00  kworker/2:0-events
09:12:56 PM     0    185621      4.00      0.00  kworker/1:0-mm_percpu_wq
09:12:56 PM     0    186631      1.00      0.00  kworker/3:2-mm_percpu_wq
09:12:56 PM     0    189255      3.00      0.00  kworker/7:2-mm_percpu_wq
09:12:56 PM     0    189918      1.00      0.00  kworker/9:1-mm_percpu_wq
09:12:56 PM     0    194546      1.00      0.00  iostat
09:12:56 PM     0    194547      1.00      0.00  pidstat
09:12:56 PM     0    194548      5.00      0.00  bash
09:12:56 PM     0    194549      8.00      0.00  bash
09:12:56 PM     0    194550      4.00      0.00  bash
09:12:56 PM     0    194552    100.00      0.00  fio
09:12:56 PM     0    195339      3.00      0.00  kworker/5:2-events
09:12:56 PM     0    196080      1.00      0.00  sleep
09:12:56 PM     0    196091      1.00      0.00  sleep
09:12:56 PM     0    196092      1.00      0.00  sleep

09:12:56 PM   UID       PID   cswch/s nvcswch/s  Command
09:12:57 PM     0        17     21.00      0.00  rcu_preempt
09:12:57 PM     0        48      1.00      0.00  ksoftirqd/5
09:12:57 PM     0        54      2.00      1.00  ksoftirqd/6
09:12:57 PM     0        95      2.00      0.00  kcompactd0
09:12:57 PM     0       453      1.00      0.00  multipathd
09:12:57 PM     0    137207      1.00      0.00  kworker/0:2-events
09:12:57 PM     0    156170      1.00      0.00  kworker/u24:3-edac-poller
09:12:57 PM     0    173734      3.00      0.00  kworker/4:0-mm_percpu_wq
09:12:57 PM     0    179405      2.00      0.00  kworker/6:1-events
09:12:57 PM     0    180922      3.00      0.00  kworker/2:0-events
09:12:57 PM     0    185621      1.00      0.00  kworker/1:0-events
09:12:57 PM     0    186631      1.00      0.00  kworker/3:2-events
09:12:57 PM     0    186893      1.00      0.00  kworker/11:0-mm_percpu_wq
09:12:57 PM     0    189255      2.00      0.00  kworker/7:2-events
09:12:57 PM     0    189918      1.00      0.00  kworker/9:1-events
09:12:57 PM     0    190951      1.00      0.00  kworker/10:0-mm_percpu_wq
09:12:57 PM     0    194546      1.00      0.00  iostat
09:12:57 PM     0    194547      1.00      1.00  pidstat
09:12:57 PM     0    194548      5.00      0.00  bash
09:12:57 PM     0    194549      8.00      0.00  bash
09:12:57 PM     0    194550      4.00      0.00  bash
09:12:57 PM     0    194552     99.00      0.00  fio
09:12:57 PM     0    195339      2.00      0.00  kworker/5:2-events
09:12:57 PM     0    195655      1.00      0.00  kworker/8:0-events
09:12:57 PM     0    196095      1.00      0.00  sleep
09:12:57 PM     0    196106      1.00      0.00  sleep
09:12:57 PM     0    196107      1.00      0.00  sleep

09:12:57 PM   UID       PID   cswch/s nvcswch/s  Command
09:12:58 PM     0        16      1.00      0.00  ksoftirqd/0
09:12:58 PM     0        17     24.00      0.00  rcu_preempt
09:12:58 PM     0        18      1.00      0.00  migration/0
09:12:58 PM     0        23      1.00      0.00  migration/1
09:12:58 PM     0        24      1.00      0.00  ksoftirqd/1
09:12:58 PM     0        29      1.00      0.00  migration/2
09:12:58 PM     0        35      1.00      0.00  migration/3
09:12:58 PM     0        41      2.00      0.00  migration/4
09:12:58 PM     0        47      2.00      0.00  migration/5
09:12:58 PM     0        53      2.00      0.00  migration/6
09:12:58 PM     0        59      2.00      0.00  migration/7
09:12:58 PM     0        65      1.00      0.00  migration/8
09:12:58 PM     0        71      1.00      0.00  migration/9
09:12:58 PM     0        77      1.00      0.00  migration/10
09:12:58 PM     0        78      1.00      0.00  ksoftirqd/10
09:12:58 PM     0        83      1.00      0.00  migration/11
09:12:58 PM     0        95      2.00      0.00  kcompactd0
09:12:58 PM     0       453      1.00      0.00  multipathd
09:12:58 PM     0    137207      1.00      0.00  kworker/0:2-mm_percpu_wq
09:12:58 PM     0    156170      2.00      0.00  kworker/u24:3-edac-poller
09:12:58 PM     0    173734      3.00      0.00  kworker/4:0-mm_percpu_wq
09:12:58 PM     0    179405      1.00      0.00  kworker/6:1-mm_percpu_wq
09:12:58 PM     0    185621      6.00      0.00  kworker/1:0-mm_percpu_wq
09:12:58 PM     0    186631      2.00      0.00  kworker/3:2-events
09:12:58 PM     0    186893      1.00      0.00  kworker/11:0-events
09:12:58 PM     0    189255      3.00      0.00  kworker/7:2-mm_percpu_wq
09:12:58 PM     0    189918      1.00      0.00  kworker/9:1-mm_percpu_wq
09:12:58 PM     0    190951      1.00      0.00  kworker/10:0-events
09:12:58 PM     0    194546      1.00      1.00  iostat
09:12:58 PM     0    194547      1.00      0.00  pidstat
09:12:58 PM     0    194548      5.00      0.00  bash
09:12:58 PM     0    194549      7.00      0.00  bash
09:12:58 PM     0    194550      4.00      0.00  bash
09:12:58 PM     0    194552    100.00      0.00  fio
09:12:58 PM     0    195339      1.00      0.00  kworker/5:2-mm_percpu_wq
09:12:58 PM     0    196110      1.00      0.00  sleep
09:12:58 PM     0    196120      1.00      0.00  sleep
09:12:58 PM     0    196122      1.00      0.00  sleep

09:12:58 PM   UID       PID   cswch/s nvcswch/s  Command
09:12:59 PM     0        17     22.00      0.00  rcu_preempt
09:12:59 PM     0        24      2.00      0.00  ksoftirqd/1
09:12:59 PM     0        78      1.00      0.00  ksoftirqd/10
09:12:59 PM     0        90      1.00      0.00  khungtaskd
09:12:59 PM     0        95      2.00      0.00  kcompactd0
09:12:59 PM     0       453      1.00      0.00  multipathd
09:12:59 PM     0       562      3.00      0.00  jbd2/nvme1n1p3-8
09:12:59 PM     0    137207      1.00      0.00  kworker/0:2-events
09:12:59 PM     0    156170      1.00      0.00  kworker/u24:3-edac-poller
09:12:59 PM     0    173734      3.00      0.00  kworker/4:0-mm_percpu_wq
09:12:59 PM     0    179405      3.00      0.00  kworker/6:1-events
09:12:59 PM     0    180922      1.00      0.00  kworker/2:0-events
09:12:59 PM     0    185621      3.00      0.00  kworker/1:0-events
09:12:59 PM     0    186631      1.00      0.00  kworker/3:2-events
09:12:59 PM     0    186893      1.00      0.00  kworker/11:0-mm_percpu_wq
09:12:59 PM     0    189255      3.00      0.00  kworker/7:2-events
09:12:59 PM     0    189918      1.00      0.00  kworker/9:1-events
09:12:59 PM     0    190951      1.00      0.00  kworker/10:0-mm_percpu_wq
09:12:59 PM     0    194546      1.00      0.00  iostat
09:12:59 PM     0    194547      1.00      0.00  pidstat
09:12:59 PM     0    194548      5.00      0.00  bash
09:12:59 PM     0    194549      7.00      0.00  bash
09:12:59 PM     0    194550      4.00      1.00  bash
09:12:59 PM     0    194552     99.00      0.00  fio
09:12:59 PM     0    195655      1.00      0.00  kworker/8:0-events
09:12:59 PM     0    196125      1.00      0.00  sleep
09:12:59 PM     0    196136      1.00      0.00  sleep
09:12:59 PM     0    196137      1.00      0.00  sleep

09:12:59 PM   UID       PID   cswch/s nvcswch/s  Command
09:13:00 PM     0        16      2.00      0.00  ksoftirqd/0
09:13:00 PM     0        17     24.00      0.00  rcu_preempt
09:13:00 PM     0        18      1.00      0.00  migration/0
09:13:00 PM     0        24      1.00      0.00  ksoftirqd/1
09:13:00 PM     0        36      1.00      0.00  ksoftirqd/3
09:13:00 PM     0        42      1.00      0.00  ksoftirqd/4
09:13:00 PM     0        53      1.00      0.00  migration/6
09:13:00 PM     0        54      1.00      0.00  ksoftirqd/6
09:13:00 PM     0        95      2.00      0.00  kcompactd0
09:13:00 PM     0       102      1.00      0.00  irq/9-acpi
09:13:00 PM     0       453      1.00      0.00  multipathd
09:13:00 PM     0     88840      1.00      0.00  kworker/u24:1-events_power_efficient
09:13:00 PM     0    137207      3.00      0.00  kworker/0:2-mm_percpu_wq
09:13:00 PM     0    156170      2.00      0.00  kworker/u24:3-events_power_efficient
09:13:00 PM     0    173734      3.00      0.00  kworker/4:0-mm_percpu_wq
09:13:00 PM     0    179405      1.00      0.00  kworker/6:1-mm_percpu_wq
09:13:00 PM     0    185621      7.00      0.00  kworker/1:0-events
09:13:00 PM     0    186631      2.00      0.00  kworker/3:2-events
09:13:00 PM     0    186893      1.00      0.00  kworker/11:0-mm_percpu_wq
09:13:00 PM     0    189255      3.00      0.00  kworker/7:2-mm_percpu_wq
09:13:00 PM     0    189918      1.00      0.00  kworker/9:1-mm_percpu_wq
09:13:00 PM     0    190951   1140.00      1.00  kworker/10:0-mm_percpu_wq
09:13:00 PM     0    193064      4.00      0.00  kworker/u24:0-flush-259:1
09:13:00 PM     0    194546      1.00      0.00  iostat
09:13:00 PM     0    194547      1.00      0.00  pidstat
09:13:00 PM     0    194548      5.00      0.00  bash
09:13:00 PM     0    194549      8.00      0.00  bash
09:13:00 PM     0    194550      4.00      0.00  bash
09:13:00 PM     0    194552    100.00      0.00  fio
09:13:00 PM     0    195339      2.00      0.00  kworker/5:2-events
09:13:00 PM     0    195986    608.00      0.00  kworker/10:2+i915-unordered
09:13:00 PM     0    196140      1.00      0.00  sleep
09:13:00 PM     0    196151      1.00      1.00  sleep
09:13:00 PM     0    196152      1.00      0.00  sleep

09:13:00 PM   UID       PID   cswch/s nvcswch/s  Command
09:13:01 PM     0        17     21.00      0.00  rcu_preempt
09:13:01 PM     0        24      2.00      0.00  ksoftirqd/1
09:13:01 PM     0        54      1.00      0.00  ksoftirqd/6
09:13:01 PM     0        78      1.00      0.00  ksoftirqd/10
09:13:01 PM     0        95      2.00      0.00  kcompactd0
09:13:01 PM     0       453      1.00      0.00  multipathd
09:13:01 PM     0       769      1.00      0.00  cron
09:13:01 PM     0    137207      1.00      0.00  kworker/0:2-events
09:13:01 PM     0    173734      2.00      0.00  kworker/4:0-mm_percpu_wq
09:13:01 PM     0    179405      3.00      0.00  kworker/6:1-events
09:13:01 PM     0    180922      1.00      0.00  kworker/2:0-events
09:13:01 PM     0    185621      2.00      0.00  kworker/1:0-mm_percpu_wq
09:13:01 PM     0    186631      1.00      0.00  kworker/3:2-events
09:13:01 PM     0    186893      1.00      0.00  kworker/11:0-mm_percpu_wq
09:13:01 PM     0    189255      2.00      0.00  kworker/7:2-events
09:13:01 PM     0    189918      1.00      0.00  kworker/9:1-events
09:13:01 PM     0    193064      5.00      0.00  kworker/u24:0-edac-poller
09:13:01 PM     0    194546      1.00      0.00  iostat
09:13:01 PM     0    194547      1.00      0.00  pidstat
09:13:01 PM     0    194548      5.00      0.00  bash
09:13:01 PM     0    194549      8.00      0.00  bash
09:13:01 PM     0    194550      4.00      0.00  bash
09:13:01 PM     0    194552     99.00      0.00  fio
09:13:01 PM     0    195339      1.00      0.00  kworker/5:2-events
09:13:01 PM     0    195655      1.00      0.00  kworker/8:0-events
09:13:01 PM     0    195986    527.00      0.00  kworker/10:2-mm_percpu_wq
09:13:01 PM     0    196155      1.00      0.00  sleep
09:13:01 PM     0    196166      1.00      0.00  sleep
09:13:01 PM     0    196167      1.00      0.00  sleep

09:13:01 PM   UID       PID   cswch/s nvcswch/s  Command
09:13:02 PM     0        16      1.00      0.00  ksoftirqd/0
09:13:02 PM     0        17     23.00      0.00  rcu_preempt
09:13:02 PM     0        18      1.00      0.00  migration/0
09:13:02 PM     0        23      1.00      0.00  migration/1
09:13:02 PM     0        24      1.00      0.00  ksoftirqd/1
09:13:02 PM     0        29      1.00      0.00  migration/2
09:13:02 PM     0        35      1.00      0.00  migration/3
09:13:02 PM     0        41      1.00      0.00  migration/4
09:13:02 PM     0        42      1.00      0.00  ksoftirqd/4
09:13:02 PM     0        47      1.00      0.00  migration/5
09:13:02 PM     0        53      1.00      0.00  migration/6
09:13:02 PM     0        54      1.00      0.00  ksoftirqd/6
09:13:02 PM     0        59      1.00      0.00  migration/7
09:13:02 PM     0        65      1.00      0.00  migration/8
09:13:02 PM     0        71      1.00      0.00  migration/9
09:13:02 PM     0        77      1.00      0.00  migration/10
09:13:02 PM     0        83      1.00      0.00  migration/11
09:13:02 PM     0        95      2.00      0.00  kcompactd0
09:13:02 PM     0       192      1.00      0.00  kworker/7:1H-kblockd
09:13:02 PM     0       453      1.00      0.00  multipathd
09:13:02 PM     0     21554      1.00      0.00  packagekitd
09:13:02 PM     0     88840      1.00      0.00  kworker/u24:1-events_power_efficient
09:13:02 PM     0    137207      5.00      0.00  kworker/0:2-mm_percpu_wq
09:13:02 PM     0    173734      4.00      0.00  kworker/4:0-mm_percpu_wq
09:13:02 PM     0    179405      3.00      0.00  kworker/6:1-events
09:13:02 PM     0    185621      5.00      0.00  kworker/1:0-mm_percpu_wq
09:13:02 PM     0    186631      2.00      0.00  kworker/3:2-events
09:13:02 PM     0    189255      1.00      0.00  kworker/7:2-events
09:13:02 PM     0    189918      1.00      0.00  kworker/9:1-mm_percpu_wq
09:13:02 PM     0    193064      1.00      0.00  kworker/u24:0-events_unbound
09:13:02 PM     0    194546      1.00      0.00  iostat
09:13:02 PM     0    194547      1.00      1.00  pidstat
09:13:02 PM     0    194548      5.00      0.00  bash
09:13:02 PM     0    194549      8.00      0.00  bash
09:13:02 PM     0    194550      4.00      0.00  bash
09:13:02 PM     0    194552     99.00      0.00  fio
09:13:02 PM     0    195339      1.00      0.00  kworker/5:2-mm_percpu_wq
09:13:02 PM     0    196170      1.00      0.00  sleep
09:13:02 PM     0    196181      1.00      0.00  sleep
09:13:02 PM     0    196182      1.00      0.00  sleep

09:13:02 PM   UID       PID   cswch/s nvcswch/s  Command
09:13:03 PM     0        16      1.00      0.00  ksoftirqd/0
09:13:03 PM     0        17     22.00      0.00  rcu_preempt
09:13:03 PM     0        53      1.00      0.00  migration/6
09:13:03 PM     0        72      1.00      0.00  ksoftirqd/9
09:13:03 PM     0        77      1.00      0.00  migration/10
09:13:03 PM     0        95      2.00      0.00  kcompactd0
09:13:03 PM     0       453      1.00      0.00  multipathd
09:13:03 PM     0    137207      2.00      0.00  kworker/0:2-mm_percpu_wq
09:13:03 PM     0    173734      1.00      0.00  kworker/4:0-mm_percpu_wq
09:13:03 PM     0    179405      2.00      0.00  kworker/6:1-events
09:13:03 PM     0    180922      3.00      0.00  kworker/2:0-events
09:13:03 PM     0    185621      2.00      0.00  kworker/1:0-events
09:13:03 PM     0    186631      1.00      0.00  kworker/3:2-events
09:13:03 PM     0    186893      1.00      0.00  kworker/11:0-mm_percpu_wq
09:13:03 PM     0    189255      1.00      0.00  kworker/7:2-events
09:13:03 PM     0    189918      1.00      0.00  kworker/9:1-events
09:13:03 PM     0    193064      1.00      0.00  kworker/u24:0-edac-poller
09:13:03 PM     0    194546      1.00      0.00  iostat
09:13:03 PM     0    194547      1.00      0.00  pidstat
09:13:03 PM     0    194548      5.00      0.00  bash
09:13:03 PM     0    194549      8.00      0.00  bash
09:13:03 PM     0    194550      4.00      0.00  bash
09:13:03 PM     0    194552    100.00      0.00  fio
09:13:03 PM     0    195655      1.00      0.00  kworker/8:0-events
09:13:03 PM     0    195986      2.00      0.00  kworker/10:2-events
09:13:03 PM     0    196185      1.00      0.00  sleep
09:13:03 PM     0    196195      1.00      0.00  sleep
09:13:03 PM     0    196197      1.00      0.00  sleep

09:13:03 PM   UID       PID   cswch/s nvcswch/s  Command
09:13:04 PM     0        17     24.00      0.00  rcu_preempt
09:13:04 PM     0        24      1.00      0.00  ksoftirqd/1
09:13:04 PM     0        36      1.00      0.00  ksoftirqd/3
09:13:04 PM     0        84      1.00      0.00  ksoftirqd/11
09:13:04 PM     0        95      2.00      0.00  kcompactd0
09:13:04 PM     0       453      1.00      0.00  multipathd
09:13:04 PM     0       562      3.00      0.00  jbd2/nvme1n1p3-8
09:13:04 PM     0     88840      1.00      0.00  kworker/u24:1-events_power_efficient
09:13:04 PM     0    137207      1.00      0.00  kworker/0:2-events
09:13:04 PM     0    173734      1.00      0.00  kworker/4:0-events
09:13:04 PM     0    179405      2.00      0.00  kworker/6:1-events
09:13:04 PM     0    180922      1.00      0.00  kworker/2:0-events
09:13:04 PM     0    185621      2.00      0.00  kworker/1:0-mm_percpu_wq
09:13:04 PM     0    186631      3.00      0.00  kworker/3:2-events
09:13:04 PM     0    186893      2.00      0.00  kworker/11:0-mm_percpu_wq
09:13:04 PM     0    189255      1.00      0.00  kworker/7:2-events
09:13:04 PM     0    189918      2.00      0.00  kworker/9:1-events
09:13:04 PM     0    193064      3.00      0.00  kworker/u24:0-events_unbound
09:13:04 PM     0    194546      1.00      0.00  iostat
09:13:04 PM     0    194547      1.00      0.00  pidstat
09:13:04 PM     0    194548      5.00      0.00  bash
09:13:04 PM     0    194549      7.00      0.00  bash
09:13:04 PM     0    194550      4.00      0.00  bash
09:13:04 PM     0    194552     99.00      0.00  fio
09:13:04 PM     0    195339      1.00      0.00  kworker/5:2-mm_percpu_wq
09:13:04 PM     0    196200      1.00      0.00  sleep
09:13:04 PM     0    196211      1.00      0.00  sleep
09:13:04 PM     0    196212      1.00      0.00  sleep

09:13:04 PM   UID       PID   cswch/s nvcswch/s  Command
09:13:05 PM     0        17     23.00      0.00  rcu_preempt
09:13:05 PM     0        41      1.00      0.00  migration/4
09:13:05 PM     0        95      2.00      0.00  kcompactd0
09:13:05 PM     0       453      1.00      0.00  multipathd
09:13:05 PM     0     88840      2.00      0.00  kworker/u24:1-edac-poller
09:13:05 PM     0    137207      1.00      0.00  kworker/0:2-mm_percpu_wq
09:13:05 PM     0    173734      4.00      0.00  kworker/4:0-mm_percpu_wq
09:13:05 PM     0    179405      1.00      0.00  kworker/6:1-mm_percpu_wq
09:13:05 PM     0    180922      3.00      0.00  kworker/2:0-events
09:13:05 PM     0    185621      1.00      0.00  kworker/1:0-mm_percpu_wq
09:13:05 PM     0    186631      1.00      0.00  kworker/3:2-events
09:13:05 PM     0    186893      2.00      0.00  kworker/11:0-mm_percpu_wq
09:13:05 PM     0    189255      1.00      0.00  kworker/7:2-events
09:13:05 PM     0    189918      1.00      0.00  kworker/9:1-events
09:13:05 PM     0    193064      1.00      0.00  kworker/u24:0-events_power_efficient
09:13:05 PM     0    194546      1.00      0.00  iostat
09:13:05 PM     0    194547      1.00      0.00  pidstat
09:13:05 PM     0    194548      5.00      0.00  bash
09:13:05 PM     0    194549      6.00      0.00  bash
09:13:05 PM     0    194550      4.00      1.00  bash
09:13:05 PM     0    194552     99.00      0.00  fio
09:13:05 PM     0    195339      2.00      0.00  kworker/5:2-events
09:13:05 PM     0    195655      1.00      0.00  kworker/8:0-events
09:13:05 PM     0    195986      1.00      0.00  kworker/10:2-mm_percpu_wq
09:13:05 PM     0    196215      1.00      0.00  sleep
09:13:05 PM     0    196225      1.00      0.00  sleep
09:13:05 PM     0    196227      1.00      0.00  sleep

09:13:05 PM   UID       PID   cswch/s nvcswch/s  Command
09:13:06 PM     0        17     19.00      0.00  rcu_preempt
09:13:06 PM     0        18      1.00      0.00  migration/0
09:13:06 PM     0        23      1.00      0.00  migration/1
09:13:06 PM     0        29      1.00      0.00  migration/2
09:13:06 PM     0        35      1.00      0.00  migration/3
09:13:06 PM     0        36      2.00      0.00  ksoftirqd/3
09:13:06 PM     0        41      1.00      0.00  migration/4
09:13:06 PM     0        47      1.00      0.00  migration/5
09:13:06 PM     0        53      1.00      0.00  migration/6
09:13:06 PM     0        54      1.00      0.00  ksoftirqd/6
09:13:06 PM     0        59      1.00      0.00  migration/7
09:13:06 PM     0        60      1.00      0.00  ksoftirqd/7
09:13:06 PM     0        65      1.00      0.00  migration/8
09:13:06 PM     0        71      1.00      0.00  migration/9
09:13:06 PM     0        77      1.00      0.00  migration/10
09:13:06 PM     0        83      1.00      0.00  migration/11
09:13:06 PM     0        95      2.00      0.00  kcompactd0
09:13:06 PM     0       453      1.00      0.00  multipathd
09:13:06 PM     0     88840      2.00      0.00  kworker/u24:1-edac-poller
09:13:06 PM     0    137207      1.00      0.00  kworker/0:2-events
09:13:06 PM     0    173734      2.00      0.00  kworker/4:0-events
09:13:06 PM     0    179405      2.00      0.00  kworker/6:1-events
09:13:06 PM     0    185621      3.00      0.00  kworker/1:0-mm_percpu_wq
09:13:06 PM     0    186631      2.00      0.00  kworker/3:2-events
09:13:06 PM     0    189255      5.00      0.00  kworker/7:2-mm_percpu_wq
09:13:06 PM     0    194546      1.00      0.00  iostat
09:13:06 PM     0    194547      1.00      1.00  pidstat
09:13:06 PM     0    194548      5.00      0.00  bash
09:13:06 PM     0    194549      8.00      0.00  bash
09:13:06 PM     0    194550      4.00      0.00  bash
09:13:06 PM     0    194552    100.00      0.00  fio
09:13:06 PM     0    195339      1.00      0.00  kworker/5:2-mm_percpu_wq
09:13:06 PM     0    195986      1.00      0.00  kworker/10:2-mm_percpu_wq
09:13:06 PM     0    196230      1.00      0.00  sleep
09:13:06 PM     0    196241      1.00      0.00  sleep
09:13:06 PM     0    196242      1.00      0.00  sleep

09:13:06 PM   UID       PID   cswch/s nvcswch/s  Command
09:13:07 PM     0        17     19.00      0.00  rcu_preempt
09:13:07 PM     0        24      1.00      0.00  ksoftirqd/1
09:13:07 PM     0        35      1.00      0.00  migration/3
09:13:07 PM     0        42      1.00      0.00  ksoftirqd/4
09:13:07 PM     0        48      1.00      0.00  ksoftirqd/5
09:13:07 PM     0        54      2.00      0.00  ksoftirqd/6
09:13:07 PM     0        95      2.00      0.00  kcompactd0
09:13:07 PM     0       453      1.00      0.00  multipathd
09:13:07 PM     0     88840      5.00      0.00  kworker/u24:1-edac-poller
09:13:07 PM     0    137207      1.00      0.00  kworker/0:2-mm_percpu_wq
09:13:07 PM     0    173734      4.00      0.00  kworker/4:0-mm_percpu_wq
09:13:07 PM     0    179405      3.00      0.00  kworker/6:1-events
09:13:07 PM     0    180922      2.00      0.00  kworker/2:0-events
09:13:07 PM     0    185621      2.00      0.00  kworker/1:0-events
09:13:07 PM     0    186631      1.00      0.00  kworker/3:2-events
09:13:07 PM     0    186893      2.00      0.00  kworker/11:0-mm_percpu_wq
09:13:07 PM     0    189255      3.00      0.00  kworker/7:2-events
09:13:07 PM     0    189918      1.00      0.00  kworker/9:1-mm_percpu_wq
09:13:07 PM     0    194546      1.00      0.00  iostat
09:13:07 PM     0    194547      1.00      0.00  pidstat
09:13:07 PM     0    194548      5.00      0.00  bash
09:13:07 PM     0    194549      7.00      0.00  bash
09:13:07 PM     0    194550      4.00      0.00  bash
09:13:07 PM     0    194552     99.00      0.00  fio
09:13:07 PM     0    195655      1.00      0.00  kworker/8:0-events
09:13:07 PM     0    195986      1.00      0.00  kworker/10:2-mm_percpu_wq
09:13:07 PM     0    196245      1.00      0.00  sleep
09:13:07 PM     0    196256      1.00      0.00  sleep
09:13:07 PM     0    196257      1.00      0.00  sleep

09:13:07 PM   UID       PID   cswch/s nvcswch/s  Command
09:13:08 PM     0        17     20.00      0.00  rcu_preempt
09:13:08 PM     0        54      1.00      0.00  ksoftirqd/6
09:13:08 PM     0        72      1.00      0.00  ksoftirqd/9
09:13:08 PM     0        95      2.00      0.00  kcompactd0
09:13:08 PM     0       453      1.00      0.00  multipathd
09:13:08 PM   101       608      1.00      0.00  systemd-network
09:13:08 PM     0     88840      1.00      0.00  kworker/u24:1-edac-poller
09:13:08 PM     0    137207      3.00      0.00  kworker/0:2-events
09:13:08 PM     0    173734      2.00      0.00  kworker/4:0-events
09:13:08 PM     0    179405      1.00      0.00  kworker/6:1-events
09:13:08 PM     0    180922      1.00      0.00  kworker/2:0-events
09:13:08 PM     0    185621      3.00      0.00  kworker/1:0-mm_percpu_wq
09:13:08 PM     0    186631      2.00      0.00  kworker/3:2-events
09:13:08 PM     0    189255      2.00      0.00  kworker/7:2-mm_percpu_wq
09:13:08 PM     0    189918      4.00      0.00  kworker/9:1-mm_percpu_wq
09:13:08 PM     0    194546      1.00      0.00  iostat
09:13:08 PM     0    194547      1.00      1.00  pidstat
09:13:08 PM     0    194548      5.00      0.00  bash
09:13:08 PM     0    194549      7.00      0.00  bash
09:13:08 PM     0    194550      4.00      0.00  bash
09:13:08 PM     0    194552    100.00      0.00  fio
09:13:08 PM     0    195339      1.00      0.00  kworker/5:2-mm_percpu_wq
09:13:08 PM     0    196260      1.00      0.00  sleep
09:13:08 PM     0    196270      1.00      0.00  sleep
09:13:08 PM     0    196272      1.00      0.00  sleep

09:13:08 PM   UID       PID   cswch/s nvcswch/s  Command
09:13:09 PM     0        17     20.00      0.00  rcu_preempt
09:13:09 PM     0        24      1.00      0.00  ksoftirqd/1
09:13:09 PM     0        48      1.00      0.00  ksoftirqd/5
09:13:09 PM     0        54      2.00      0.00  ksoftirqd/6
09:13:09 PM     0        60      1.00      0.00  ksoftirqd/7
09:13:09 PM     0        78      1.00      0.00  ksoftirqd/10
09:13:09 PM     0        95      2.00      0.00  kcompactd0
09:13:09 PM     0       453      1.00      0.00  multipathd
09:13:09 PM     0       562      3.00      0.00  jbd2/nvme1n1p3-8
09:13:09 PM     0     88840      2.00      0.00  kworker/u24:1-edac-poller
09:13:09 PM     0    137207      1.00      0.00  kworker/0:2-mm_percpu_wq
09:13:09 PM     0    173734      2.00      0.00  kworker/4:0-events
09:13:09 PM     0    179405      1.00      0.00  kworker/6:1-mm_percpu_wq
09:13:09 PM     0    180922      1.00      0.00  kworker/2:0-events
09:13:09 PM     0    185621      3.00      0.00  kworker/1:0-mm_percpu_wq
09:13:09 PM     0    186631      1.00      0.00  kworker/3:2-events
09:13:09 PM     0    186893      2.00      0.00  kworker/11:0-events
09:13:09 PM     0    189255      3.00      0.00  kworker/7:2-mm_percpu_wq
09:13:09 PM     0    189918      1.00      0.00  kworker/9:1-events
09:13:09 PM     0    194546      1.00      0.00  iostat
09:13:09 PM     0    194547      1.00      0.00  pidstat
09:13:09 PM     0    194548      5.00      0.00  bash
09:13:09 PM     0    194549      6.00      0.00  bash
09:13:09 PM     0    194550      4.00      0.00  bash
09:13:09 PM     0    194552     99.00      0.00  fio
09:13:09 PM     0    195655      1.00      0.00  kworker/8:0-events
09:13:09 PM     0    195986      1.00      0.00  kworker/10:2-mm_percpu_wq
09:13:09 PM     0    196275      1.00      0.00  sleep
09:13:09 PM     0    196285      1.00      0.00  sleep
09:13:09 PM     0    196287      1.00      0.00  sleep

09:13:09 PM   UID       PID   cswch/s nvcswch/s  Command
09:13:10 PM     0        16      1.00      0.00  ksoftirqd/0
09:13:10 PM     0        17     18.00      0.00  rcu_preempt
09:13:10 PM     0        18      1.00      0.00  migration/0
09:13:10 PM     0        23      1.00      0.00  migration/1
09:13:10 PM     0        29      1.00      0.00  migration/2
09:13:10 PM     0        35      1.00      0.00  migration/3
09:13:10 PM     0        41      1.00      0.00  migration/4
09:13:10 PM     0        47      1.00      0.00  migration/5
09:13:10 PM     0        48      1.00      0.00  ksoftirqd/5
09:13:10 PM     0        53      1.00      0.00  migration/6
09:13:10 PM     0        59      1.00      0.00  migration/7
09:13:10 PM     0        60      2.00      0.00  ksoftirqd/7
09:13:10 PM     0        65      1.00      0.00  migration/8
09:13:10 PM     0        71      1.00      0.00  migration/9
09:13:10 PM     0        77      1.00      0.00  migration/10
09:13:10 PM     0        83      1.00      0.00  migration/11
09:13:10 PM     0        84      1.00      0.00  ksoftirqd/11
09:13:10 PM     0        95      2.00      0.00  kcompactd0
09:13:10 PM     0       172      1.00      0.00  kworker/3:1H-kblockd
09:13:10 PM     0       453      1.00      0.00  multipathd
09:13:10 PM     0     88840      1.00      0.00  kworker/u24:1-edac-poller
09:13:10 PM     0    137207      1.00      0.00  kworker/0:2-events
09:13:10 PM     0    173734      3.00      0.00  kworker/4:0-mm_percpu_wq
09:13:10 PM     0    179405      3.00      0.00  kworker/6:1-events
09:13:10 PM     0    185621      1.00      0.00  kworker/1:0-events
09:13:10 PM     0    186631      1.00      0.00  kworker/3:2-mm_percpu_wq
09:13:10 PM     0    186893      2.00      0.00  kworker/11:0-events
09:13:10 PM     0    189255      4.00      0.00  kworker/7:2-mm_percpu_wq
09:13:10 PM     0    189918      1.00      0.00  kworker/9:1-mm_percpu_wq
09:13:10 PM     0    194546      1.00      0.00  iostat
09:13:10 PM     0    194547      1.00      1.00  pidstat
09:13:10 PM     0    194548      5.00      0.00  bash
09:13:10 PM     0    194549      8.00      0.00  bash
09:13:10 PM     0    194550      4.00      0.00  bash
09:13:10 PM     0    194552    100.00      0.00  fio
09:13:10 PM     0    195339      1.00      0.00  kworker/5:2-mm_percpu_wq
09:13:10 PM     0    195655      1.00      0.00  kworker/8:0-events
09:13:10 PM     0    195986      1.00      0.00  kworker/10:2-events
09:13:10 PM     0    196290      1.00      0.00  sleep
09:13:10 PM     0    196301      1.00      0.00  sleep
09:13:10 PM     0    196302      1.00      0.00  sleep

09:13:10 PM   UID       PID   cswch/s nvcswch/s  Command
09:13:11 PM     0         1      3.00      0.00  systemd
09:13:11 PM     0        17     40.00      0.00  rcu_preempt
09:13:11 PM     0        42      1.00      0.00  ksoftirqd/4
09:13:11 PM     0        54      2.00      0.00  ksoftirqd/6
09:13:11 PM     0        60      2.00      1.00  ksoftirqd/7
09:13:11 PM     0        84      1.00      0.00  ksoftirqd/11
09:13:11 PM     0        95      2.00      0.00  kcompactd0
09:13:11 PM     0       359      3.00      0.00  jbd2/nvme1n1p2-8
09:13:11 PM     0       415      5.00      0.00  systemd-journal
09:13:11 PM     0       453      1.00      0.00  multipathd
09:13:11 PM     0       773      3.00      0.00  sshd
09:13:11 PM     0     88840      3.00      0.00  kworker/u24:1-events_power_efficient
09:13:11 PM     0    137207      1.00      0.00  kworker/0:2-events
09:13:11 PM     0    173734      4.00      0.00  kworker/4:0-mm_percpu_wq
09:13:11 PM     0    179405      4.00      0.00  kworker/6:1-mm_percpu_wq
09:13:11 PM     0    180922      2.00      0.00  kworker/2:0-events
09:13:11 PM     0    185621      2.00      0.00  kworker/1:0-mm_percpu_wq
09:13:11 PM     0    186631      1.00      0.00  kworker/3:2-mm_percpu_wq
09:13:11 PM     0    186893      2.00      0.00  kworker/11:0-events
09:13:11 PM     0    189255      6.00      0.00  kworker/7:2-events
09:13:11 PM     0    193064      4.00      0.00  kworker/u24:0-edac-poller
09:13:11 PM     0    194546      1.00      0.00  iostat
09:13:11 PM     0    194547      1.00      1.00  pidstat
09:13:11 PM     0    194548      5.00      0.00  bash
09:13:11 PM     0    194549      8.00      0.00  bash
09:13:11 PM     0    194550      4.00      0.00  bash
09:13:11 PM     0    194552     99.00      0.00  fio
09:13:11 PM     0    195655      1.00      0.00  kworker/8:0-events
09:13:11 PM     0    195986      3.00      0.00  kworker/10:2-mm_percpu_wq
09:13:11 PM     0    196307      1.00      0.00  sleep
09:13:11 PM     0    196318      1.00      0.00  sleep
09:13:11 PM     0    196319      1.00      0.00  sleep

09:13:11 PM   UID       PID   cswch/s nvcswch/s  Command
09:13:12 PM     0         2      1.00      0.00  kthreadd
09:13:12 PM     0        17     22.00      0.00  rcu_preempt
09:13:12 PM     0        54      1.00      0.00  ksoftirqd/6
09:13:12 PM     0        60      1.00      0.00  ksoftirqd/7
09:13:12 PM     0        95      2.00      0.00  kcompactd0
09:13:12 PM     0       102      1.00      0.00  irq/9-acpi
09:13:12 PM     0       453      1.00      0.00  multipathd
09:13:12 PM     0     21554      1.00      0.00  packagekitd
09:13:12 PM     0    137207      2.00      0.00  kworker/0:2-mm_percpu_wq
09:13:12 PM     0    146022      2.00      0.00  kworker/11:1-mm_percpu_wq
09:13:12 PM     0    173734      3.00      0.00  kworker/4:0-mm_percpu_wq
09:13:12 PM     0    179405      3.00      0.00  kworker/6:1-events
09:13:12 PM     0    180922      1.00      0.00  kworker/2:0-events
09:13:12 PM     0    185621      1.00      0.00  kworker/1:0-events
09:13:12 PM     0    186631      1.00      0.00  kworker/3:2-mm_percpu_wq
09:13:12 PM     0    186893      9.00      0.00  kworker/11:0-pm
09:13:12 PM     0    189255      3.00      0.00  kworker/7:2-mm_percpu_wq
09:13:12 PM     0    189918      1.00      0.00  kworker/9:1-mm_percpu_wq
09:13:12 PM     0    193064      3.00      0.00  kworker/u24:0-writeback
09:13:12 PM     0    194546      1.00      0.00  iostat
09:13:12 PM     0    194547      1.00      0.00  pidstat
09:13:12 PM     0    194548      5.00      0.00  bash
09:13:12 PM     0    194549      7.00      0.00  bash
09:13:12 PM     0    194550      4.00      0.00  bash
09:13:12 PM     0    194552     99.00      0.00  fio
09:13:12 PM     0    195339      2.00      0.00  kworker/5:2-events
09:13:12 PM     0    196322      1.00      0.00  sleep
09:13:12 PM     0    196332      1.00      0.00  sleep
09:13:12 PM     0    196334      1.00      0.00  sleep
09:13:12 PM     0    196335      3.00      0.00  kworker/11:2-i915-unordered

09:13:12 PM   UID       PID   cswch/s nvcswch/s  Command
09:13:13 PM     0        16      1.00      0.00  ksoftirqd/0
09:13:13 PM     0        17     25.00      0.00  rcu_preempt
09:13:13 PM     0        24      1.00      0.00  ksoftirqd/1
09:13:13 PM     0        54      1.00      0.00  ksoftirqd/6
09:13:13 PM     0        95      2.00      0.00  kcompactd0
09:13:13 PM     0       453      1.00      0.00  multipathd
09:13:13 PM     0    137207      5.00      0.00  kworker/0:2-events
09:13:13 PM     0    173734      1.00      0.00  kworker/4:0-mm_percpu_wq
09:13:13 PM     0    179405      3.00      0.00  kworker/6:1-events
09:13:13 PM     0    180922      4.00      0.00  kworker/2:0-events
09:13:13 PM     0    185621      3.00      0.00  kworker/1:0-mm_percpu_wq
09:13:13 PM     0    186893      2.00      0.00  kworker/11:0-mm_percpu_wq
09:13:13 PM     0    189255      5.00      0.00  kworker/7:2-events
09:13:13 PM     0    189918      2.00      0.00  kworker/9:1-events
09:13:13 PM     0    193064      2.00      0.00  kworker/u24:0-events_unbound
09:13:13 PM     0    194546      1.00      0.00  iostat
09:13:13 PM     0    194547      1.00      0.00  pidstat
09:13:13 PM     0    194548      5.00      0.00  bash
09:13:13 PM     0    194549      8.00      0.00  bash
09:13:13 PM     0    194550      4.00      0.00  bash
09:13:13 PM     0    194552    100.00      0.00  fio
09:13:13 PM     0    195986      1.00      0.00  kworker/10:2-mm_percpu_wq
09:13:13 PM     0    196338      1.00      0.00  sleep
09:13:13 PM     0    196349      1.00      0.00  sleep
09:13:13 PM     0    196350      1.00      0.00  sleep

09:13:13 PM   UID       PID   cswch/s nvcswch/s  Command
09:13:14 PM     0        16      1.00      0.00  ksoftirqd/0
09:13:14 PM     0        17     23.00      0.00  rcu_preempt
09:13:14 PM     0        18      1.00      0.00  migration/0
09:13:14 PM     0        23      1.00      0.00  migration/1
09:13:14 PM     0        24      1.00      0.00  ksoftirqd/1
09:13:14 PM     0        29      1.00      0.00  migration/2
09:13:14 PM     0        35      1.00      0.00  migration/3
09:13:14 PM     0        36      1.00      0.00  ksoftirqd/3
09:13:14 PM     0        41      1.00      0.00  migration/4
09:13:14 PM     0        47      1.00      0.00  migration/5
09:13:14 PM     0        53      1.00      0.00  migration/6
09:13:14 PM     0        59      1.00      0.00  migration/7
09:13:14 PM     0        65      1.00      0.00  migration/8
09:13:14 PM     0        71      1.00      0.00  migration/9
09:13:14 PM     0        77      1.00      0.00  migration/10
09:13:14 PM     0        83      1.00      0.00  migration/11
09:13:14 PM     0        95      2.00      0.00  kcompactd0
09:13:14 PM     0       453      1.00      0.00  multipathd
09:13:14 PM     0       562      3.00      0.00  jbd2/nvme1n1p3-8
09:13:14 PM   101       608      1.00      0.00  systemd-network
09:13:14 PM     0    137207      3.00      0.00  kworker/0:2-mm_percpu_wq
09:13:14 PM     0    173734      2.00      0.00  kworker/4:0-mm_percpu_wq
09:13:14 PM     0    179405      2.00      0.00  kworker/6:1-events
09:13:14 PM     0    180922      1.00      0.00  kworker/2:0-events
09:13:14 PM     0    185621      2.00      0.00  kworker/1:0-mm_percpu_wq
09:13:14 PM     0    186631      4.00      0.00  kworker/3:2-events
09:13:14 PM     0    186893      1.00      0.00  kworker/11:0-mm_percpu_wq
09:13:14 PM     0    189255      4.00      0.00  kworker/7:2-mm_percpu_wq
09:13:14 PM     0    189918      3.00      0.00  kworker/9:1-mm_percpu_wq
09:13:14 PM     0    193064      2.00      0.00  kworker/u24:0-flush-259:1
09:13:14 PM     0    194546      1.00      0.00  iostat
09:13:14 PM     0    194547      1.00      1.00  pidstat
09:13:14 PM     0    194548      5.00      0.00  bash
09:13:14 PM     0    194549      7.00      0.00  bash
09:13:14 PM     0    194550      4.00      0.00  bash
09:13:14 PM     0    194552     99.00      0.00  fio
09:13:14 PM     0    195339      2.00      0.00  kworker/5:2-mm_percpu_wq
09:13:14 PM     0    196353      1.00      0.00  sleep
09:13:14 PM     0    196363      1.00      0.00  sleep
09:13:14 PM     0    196365      1.00      0.00  sleep

09:13:14 PM   UID       PID   cswch/s nvcswch/s  Command
09:13:15 PM     0        17     16.00      0.00  rcu_preempt
09:13:15 PM     0        24      1.00      0.00  ksoftirqd/1
09:13:15 PM     0        42      1.00      0.00  ksoftirqd/4
09:13:15 PM     0        48      1.00      0.00  ksoftirqd/5
09:13:15 PM     0        54      1.00      0.00  ksoftirqd/6
09:13:15 PM     0        84      1.00      0.00  ksoftirqd/11
09:13:15 PM     0        95      2.00      0.00  kcompactd0
09:13:15 PM     0       453      1.00      0.00  multipathd
09:13:15 PM     0    137207      2.00      0.00  kworker/0:2-events
09:13:15 PM     0    173734      3.00      0.00  kworker/4:0-mm_percpu_wq
09:13:15 PM     0    179405      2.00      0.00  kworker/6:1-events
09:13:15 PM     0    180922      4.00      0.00  kworker/2:0-events
09:13:15 PM     0    185621      4.00      0.00  kworker/1:0-mm_percpu_wq
09:13:15 PM     0    186893      3.00      0.00  kworker/11:0-events
09:13:15 PM     0    189255      2.00      0.00  kworker/7:2-events
09:13:15 PM     0    189918      1.00      0.00  kworker/9:1-events
09:13:15 PM     0    193064      2.00      0.00  kworker/u24:0-edac-poller
09:13:15 PM     0    194546      1.00      0.00  iostat
09:13:15 PM     0    194547      1.00      0.00  pidstat
09:13:15 PM     0    194548      5.00      0.00  bash
09:13:15 PM     0    194549      8.00      0.00  bash
09:13:15 PM     0    194550      4.00      0.00  bash
09:13:15 PM     0    194552    100.00      0.00  fio
09:13:15 PM     0    195986      1.00      0.00  kworker/10:2-mm_percpu_wq
09:13:15 PM     0    196368      1.00      0.00  sleep
09:13:15 PM     0    196379      1.00      0.00  sleep
09:13:15 PM     0    196380      1.00      0.00  sleep

09:13:15 PM   UID       PID   cswch/s nvcswch/s  Command
09:13:16 PM     0        17     22.00      0.00  rcu_preempt
09:13:16 PM     0        24      1.00      0.00  ksoftirqd/1
09:13:16 PM     0        54      1.00      0.00  ksoftirqd/6
09:13:16 PM     0        95      2.00      0.00  kcompactd0
09:13:16 PM     0       194      4.00      0.00  kworker/8:1H-kblockd
09:13:16 PM     0       359      4.00      0.00  jbd2/nvme1n1p2-8
09:13:16 PM     0       453      1.00      0.00  multipathd
09:13:16 PM     0     88840      6.00      0.00  kworker/u24:1-writeback
09:13:16 PM     0    137207      3.00      0.00  kworker/0:2-mm_percpu_wq
09:13:16 PM     0    156170     10.00      0.00  kworker/u24:3-events_power_efficient
09:13:16 PM     0    173734      3.00      0.00  kworker/4:0-mm_percpu_wq
09:13:16 PM     0    179405      3.00      0.00  kworker/6:1-mm_percpu_wq
09:13:16 PM     0    180922      1.00      0.00  kworker/2:0-events
09:13:16 PM     0    185621      3.00      0.00  kworker/1:0-mm_percpu_wq
09:13:16 PM     0    186631      2.00      0.00  kworker/3:2-mm_percpu_wq
09:13:16 PM     0    186893      2.00      0.00  kworker/11:0-mm_percpu_wq
09:13:16 PM     0    189255      3.00      0.00  kworker/7:2-mm_percpu_wq
09:13:16 PM     0    189918      4.00      0.00  kworker/9:1-mm_percpu_wq
09:13:16 PM     0    193064      2.00      0.00  kworker/u24:0-flush-259:1
09:13:16 PM     0    194546      1.00      0.00  iostat
09:13:16 PM     0    194547      1.00      1.00  pidstat
09:13:16 PM     0    194548      5.00      0.00  bash
09:13:16 PM     0    194549      8.00      0.00  bash
09:13:16 PM     0    194550      4.00      0.00  bash
09:13:16 PM     0    194552     99.00      0.00  fio
09:13:16 PM     0    195339      1.00      0.00  kworker/5:2-mm_percpu_wq
09:13:16 PM     0    195655      2.00      0.00  kworker/8:0-mm_percpu_wq
09:13:16 PM     0    196383      1.00      0.00  sleep
09:13:16 PM     0    196394      1.00      0.00  sleep
09:13:16 PM     0    196395      1.00      0.00  sleep

09:13:16 PM   UID       PID   cswch/s nvcswch/s  Command
09:13:17 PM     0        16      1.00      0.00  ksoftirqd/0
09:13:17 PM     0        17     18.00      0.00  rcu_preempt
09:13:17 PM     0        24      3.00      0.00  ksoftirqd/1
09:13:17 PM     0        42      1.00      0.00  ksoftirqd/4
09:13:17 PM     0        95      2.00      0.00  kcompactd0
09:13:17 PM     0       195      1.00      0.00  kworker/6:1H-kblockd
09:13:17 PM     0       453      1.00      0.00  multipathd
09:13:17 PM     0     88840      1.00      0.00  kworker/u24:1-edac-poller
09:13:17 PM     0    137207      2.00      0.00  kworker/0:2-events
09:13:17 PM     0    173734      2.00      0.00  kworker/4:0-mm_percpu_wq
09:13:17 PM     0    179405      1.00      0.00  kworker/6:1-events
09:13:17 PM     0    180922      2.00      0.00  kworker/2:0-events
09:13:17 PM     0    185621      4.00      0.00  kworker/1:0-mm_percpu_wq
09:13:17 PM     0    186631      1.00      0.00  kworker/3:2-mm_percpu_wq
09:13:17 PM     0    186893      2.00      0.00  kworker/11:0-events
09:13:17 PM     0    189255      2.00      0.00  kworker/7:2-events
09:13:17 PM     0    189918      1.00      0.00  kworker/9:1-events
09:13:17 PM     0    194546      1.00      0.00  iostat
09:13:17 PM     0    194547      1.00      1.00  pidstat
09:13:17 PM     0    194548      5.00      0.00  bash
09:13:17 PM     0    194549      8.00      0.00  bash
09:13:17 PM     0    194550      4.00      0.00  bash
09:13:17 PM     0    194552     99.00      0.00  fio
09:13:17 PM     0    195986      1.00      0.00  kworker/10:2-mm_percpu_wq
09:13:17 PM     0    196398      1.00      0.00  sleep
09:13:17 PM     0    196409      1.00      0.00  sleep
09:13:17 PM     0    196410      1.00      0.00  sleep

09:13:17 PM   UID       PID   cswch/s nvcswch/s  Command
09:13:18 PM     0        16      1.00      0.00  ksoftirqd/0
09:13:18 PM     0        17     21.00      0.00  rcu_preempt
09:13:18 PM     0        18      1.00      0.00  migration/0
09:13:18 PM     0        23      1.00      0.00  migration/1
09:13:18 PM     0        29      1.00      0.00  migration/2
09:13:18 PM     0        35      1.00      0.00  migration/3
09:13:18 PM     0        41      1.00      0.00  migration/4
09:13:18 PM     0        42      1.00      0.00  ksoftirqd/4
09:13:18 PM     0        47      1.00      0.00  migration/5
09:13:18 PM     0        53      1.00      0.00  migration/6
09:13:18 PM     0        59      1.00      0.00  migration/7
09:13:18 PM     0        65      1.00      0.00  migration/8
09:13:18 PM     0        71      1.00      0.00  migration/9
09:13:18 PM     0        77      1.00      0.00  migration/10
09:13:18 PM     0        83      1.00      0.00  migration/11
09:13:18 PM     0        95      2.00      0.00  kcompactd0
09:13:18 PM     0       453      1.00      0.00  multipathd
09:13:18 PM     0     88840      5.00      0.00  kworker/u24:1-writeback
09:13:18 PM     0    137207      4.00      0.00  kworker/0:2-mm_percpu_wq
09:13:18 PM     0    173734      4.00      0.00  kworker/4:0-mm_percpu_wq
09:13:18 PM     0    179405      2.00      0.00  kworker/6:1-events
09:13:18 PM     0    185621      2.00      0.00  kworker/1:0-mm_percpu_wq
09:13:18 PM     0    186631      1.00      0.00  kworker/3:2-mm_percpu_wq
09:13:18 PM     0    186893      3.00      0.00  kworker/11:0-events
09:13:18 PM     0    189255      2.00      0.00  kworker/7:2-mm_percpu_wq
09:13:18 PM     0    189918      2.00      0.00  kworker/9:1-events
09:13:18 PM     0    194546      1.00      0.00  iostat
09:13:18 PM     0    194547      1.00      0.00  pidstat
09:13:18 PM     0    194548      5.00      0.00  bash
09:13:18 PM     0    194549      8.00      0.00  bash
09:13:18 PM     0    194550      4.00      0.00  bash
09:13:18 PM     0    194552    100.00      0.00  fio
09:13:18 PM     0    195339      1.00      0.00  kworker/5:2-mm_percpu_wq
09:13:18 PM     0    195655      1.00      0.00  kworker/8:0-mm_percpu_wq
09:13:18 PM     0    195986      1.00      0.00  kworker/10:2-mm_percpu_wq
09:13:18 PM     0    196413      1.00      0.00  sleep
09:13:18 PM     0    196423      1.00      0.00  sleep
09:13:18 PM     0    196425      1.00      0.00  sleep

09:13:18 PM   UID       PID   cswch/s nvcswch/s  Command
09:13:19 PM     0        16      1.00      0.00  ksoftirqd/0
09:13:19 PM     0        17     17.00      0.00  rcu_preempt
09:13:19 PM     0        42      1.00      0.00  ksoftirqd/4
09:13:19 PM     0        60      2.00      0.00  ksoftirqd/7
09:13:19 PM     0        84      1.00      0.00  ksoftirqd/11
09:13:19 PM     0        95      2.00      0.00  kcompactd0
09:13:19 PM     0       453      1.00      0.00  multipathd
09:13:19 PM     0       562      3.00      0.00  jbd2/nvme1n1p3-8
09:13:19 PM     0     88840      1.00      0.00  kworker/u24:1-edac-poller
09:13:19 PM     0    137207      3.00      0.00  kworker/0:2-events
09:13:19 PM     0    173734      3.00      0.00  kworker/4:0-events
09:13:19 PM     0    180922      3.00      0.00  kworker/2:0-events
09:13:19 PM     0    185621      2.00      0.00  kworker/1:0-mm_percpu_wq
09:13:19 PM     0    186631      1.00      0.00  kworker/3:2-mm_percpu_wq
09:13:19 PM     0    186893      1.00      0.00  kworker/11:0-events
09:13:19 PM     0    189255      4.00      0.00  kworker/7:2-events
09:13:19 PM     0    189918      1.00      0.00  kworker/9:1-events
09:13:19 PM     0    194546      1.00      0.00  iostat
09:13:19 PM     0    194547      1.00      1.00  pidstat
09:13:19 PM     0    194548      5.00      0.00  bash
09:13:19 PM     0    194549      8.00      0.00  bash
09:13:19 PM     0    194550      4.00      0.00  bash
09:13:19 PM     0    194552     99.00      0.00  fio
09:13:19 PM     0    195986      1.00      0.00  kworker/10:2-mm_percpu_wq
09:13:19 PM     0    196428      1.00      0.00  sleep
09:13:19 PM     0    196439      1.00      0.00  sleep
09:13:19 PM     0    196440      1.00      0.00  sleep

09:13:19 PM   UID       PID   cswch/s nvcswch/s  Command
09:13:20 PM     0        16      2.00      0.00  ksoftirqd/0
09:13:20 PM     0        17     18.00      0.00  rcu_preempt
09:13:20 PM     0        24      2.00      0.00  ksoftirqd/1
09:13:20 PM     0        36      1.00      0.00  ksoftirqd/3
09:13:20 PM     0        42      1.00      0.00  ksoftirqd/4
09:13:20 PM     0        72      1.00      0.00  ksoftirqd/9
09:13:20 PM     0        95      2.00      0.00  kcompactd0
09:13:20 PM     0       453      1.00      0.00  multipathd
09:13:20 PM     0     88840      2.00      0.00  kworker/u24:1-events_unbound
09:13:20 PM     0    137207      2.00      0.00  kworker/0:2-mm_percpu_wq
09:13:20 PM     0    173734      3.00      0.00  kworker/4:0-mm_percpu_wq
09:13:20 PM     0    179405      2.00      0.00  kworker/6:1-events
09:13:20 PM     0    180922      1.00      0.00  kworker/2:0-events
09:13:20 PM     0    185621      2.00      0.00  kworker/1:0-events
09:13:20 PM     0    186631      3.00      0.00  kworker/3:2-mm_percpu_wq
09:13:20 PM     0    186893      1.00      0.00  kworker/11:0-mm_percpu_wq
09:13:20 PM     0    189255      2.00      0.00  kworker/7:2-mm_percpu_wq
09:13:20 PM     0    189918      2.00      0.00  kworker/9:1-events
09:13:20 PM     0    194546      1.00      0.00  iostat
09:13:20 PM     0    194547      1.00      1.00  pidstat
09:13:20 PM     0    194548      5.00      0.00  bash
09:13:20 PM     0    194549      8.00      0.00  bash
09:13:20 PM     0    194550      4.00      0.00  bash
09:13:20 PM     0    194552    100.00      0.00  fio
09:13:20 PM     0    195339      1.00      0.00  kworker/5:2-mm_percpu_wq
09:13:20 PM     0    196443      1.00      0.00  sleep
09:13:20 PM     0    196454      1.00      0.00  sleep
09:13:20 PM     0    196455      1.00      0.00  sleep

09:13:20 PM   UID       PID   cswch/s nvcswch/s  Command
09:13:21 PM     0        16      1.00      0.00  ksoftirqd/0
09:13:21 PM     0        17     15.00      0.00  rcu_preempt
09:13:21 PM     0        24      1.00      0.00  ksoftirqd/1
09:13:21 PM     0        42      1.00      0.00  ksoftirqd/4
09:13:21 PM     0        72      1.00      0.00  ksoftirqd/9
09:13:21 PM     0        95      2.00      0.00  kcompactd0
09:13:21 PM     0       359      3.00      0.00  jbd2/nvme1n1p2-8
09:13:21 PM     0       453      1.00      0.00  multipathd
09:13:21 PM     0     88840      2.00      0.00  kworker/u24:1-events_power_efficient
09:13:21 PM     0    137207      4.00      0.00  kworker/0:2-events
09:13:21 PM     0    156170      1.00      0.00  kworker/u24:3-events_power_efficient
09:13:21 PM     0    173734      1.00      0.00  kworker/4:0-mm_percpu_wq
09:13:21 PM     0    179405      1.00      0.00  kworker/6:1-events
09:13:21 PM     0    180922      2.00      0.00  kworker/2:0-events
09:13:21 PM     0    185621      2.00      0.00  kworker/1:0-mm_percpu_wq
09:13:21 PM     0    186631      1.00      0.00  kworker/3:2-events
09:13:21 PM     0    189255      2.00      0.00  kworker/7:2-events
09:13:21 PM     0    189918      2.00      0.00  kworker/9:1-events
09:13:21 PM     0    194546      1.00      0.00  iostat
09:13:21 PM     0    194547      1.00      0.00  pidstat
09:13:21 PM     0    194548      5.00      0.00  bash
09:13:21 PM     0    194549      8.00      0.00  bash
09:13:21 PM     0    194550      4.00      0.00  bash
09:13:21 PM     0    194552     99.00      0.00  fio
09:13:21 PM     0    195339      1.00      0.00  kworker/5:2-mm_percpu_wq
09:13:21 PM     0    195986      1.00      0.00  kworker/10:2-mm_percpu_wq
09:13:21 PM     0    196458      1.00      0.00  sleep
09:13:21 PM     0    196469      1.00      0.00  sleep
09:13:21 PM     0    196470      1.00      0.00  sleep

09:13:21 PM   UID       PID   cswch/s nvcswch/s  Command
09:13:22 PM     0        16      1.00      0.00  ksoftirqd/0
09:13:22 PM     0        17     18.00      0.00  rcu_preempt
09:13:22 PM     0        18      1.00      0.00  migration/0
09:13:22 PM     0        23      2.00      0.00  migration/1
09:13:22 PM     0        29      1.00      0.00  migration/2
09:13:22 PM     0        35      1.00      0.00  migration/3
09:13:22 PM     0        41      1.00      0.00  migration/4
09:13:22 PM     0        47      1.00      0.00  migration/5
09:13:22 PM     0        53      1.00      0.00  migration/6
09:13:22 PM     0        54      1.00      0.00  ksoftirqd/6
09:13:22 PM     0        59      1.00      0.00  migration/7
09:13:22 PM     0        65      1.00      0.00  migration/8
09:13:22 PM     0        71      1.00      0.00  migration/9
09:13:22 PM     0        77      1.00      0.00  migration/10
09:13:22 PM     0        83      1.00      0.00  migration/11
09:13:22 PM     0        84      1.00      0.00  ksoftirqd/11
09:13:22 PM     0        95      2.00      0.00  kcompactd0
09:13:22 PM     0       453      1.00      0.00  multipathd
09:13:22 PM     0     21554      1.00      0.00  packagekitd
09:13:22 PM     0    137207      2.00      0.00  kworker/0:2-mm_percpu_wq
09:13:22 PM     0    156170      2.00      0.00  kworker/u24:3-events_unbound
09:13:22 PM     0    173734      2.00      0.00  kworker/4:0-mm_percpu_wq
09:13:22 PM     0    179405      2.00      0.00  kworker/6:1-events
09:13:22 PM     0    185621      1.00      0.00  kworker/1:0-events
09:13:22 PM     0    186631      1.00      0.00  kworker/3:2-mm_percpu_wq
09:13:22 PM     0    186893      6.00      0.00  kworker/11:0+events
09:13:22 PM     0    189255      3.00      0.00  kworker/7:2-mm_percpu_wq
09:13:22 PM     0    194546      1.00      0.00  iostat
09:13:22 PM     0    194547      1.00      1.00  pidstat
09:13:22 PM     0    194548      5.00      0.00  bash
09:13:22 PM     0    194549      7.00      0.00  bash
09:13:22 PM     0    194550      4.00      0.00  bash
09:13:22 PM     0    194552     99.00      0.00  fio
09:13:22 PM     0    195339      1.00      0.00  kworker/5:2-events
09:13:22 PM     0    196473      1.00      0.00  sleep
09:13:22 PM     0    196484      1.00      0.00  sleep
09:13:22 PM     0    196485      1.00      0.00  sleep
