Linux 6.8.0-124-generic (cassandra-waf-rig) 	07/08/2026 	_x86_64_	(12 CPU)

08:47:17 PM   UID       PID   cswch/s nvcswch/s  Command
08:47:18 PM     0        17     33.33      0.00  rcu_preempt
08:47:18 PM     0        18      0.98      0.00  migration/0
08:47:18 PM     0        23      0.98      0.00  migration/1
08:47:18 PM     0        24      1.96      0.00  ksoftirqd/1
08:47:18 PM     0        29      0.98      0.00  migration/2
08:47:18 PM     0        35      3.92      0.00  migration/3
08:47:18 PM     0        36      0.98      0.00  ksoftirqd/3
08:47:18 PM     0        41      0.98      0.00  migration/4
08:47:18 PM     0        42      2.94      0.00  ksoftirqd/4
08:47:18 PM     0        47      4.90      0.00  migration/5
08:47:18 PM     0        48      3.92      0.00  ksoftirqd/5
08:47:18 PM     0        53      0.98      0.00  migration/6
08:47:18 PM     0        54      1.96      0.00  ksoftirqd/6
08:47:18 PM     0        59      0.98      0.00  migration/7
08:47:18 PM     0        60      0.98      0.00  ksoftirqd/7
08:47:18 PM     0        65      0.98      0.00  migration/8
08:47:18 PM     0        66      1.96      0.00  ksoftirqd/8
08:47:18 PM     0        71      2.94      0.00  migration/9
08:47:18 PM     0        72      1.96      0.00  ksoftirqd/9
08:47:18 PM     0        77      4.90      0.00  migration/10
08:47:18 PM     0        83      0.98      0.00  migration/11
08:47:18 PM     0        84      1.96      0.00  ksoftirqd/11
08:47:18 PM     0        95      1.96      0.00  kcompactd0
08:47:18 PM     0       191      0.98      0.00  kworker/1:1H-kblockd
08:47:18 PM     0       453      1.96      0.00  multipathd
08:47:18 PM     0     98256      0.98      0.00  kworker/u24:2-edac-poller
08:47:18 PM     0    112707      9.80      0.00  kworker/3:0-events
08:47:18 PM     0    118120      7.84      0.00  kworker/9:2-mm_percpu_wq
08:47:18 PM     0    137207     10.78      0.00  kworker/0:2-events
08:47:18 PM     0    143435      9.80      0.00  kworker/5:0-events
08:47:18 PM     0    146022      5.88      0.00  kworker/11:1-mm_percpu_wq
08:47:18 PM     0    154179      6.86      0.00  kworker/2:2-mm_percpu_wq
08:47:18 PM     0    159214      8.82      0.00  kworker/7:1-mm_percpu_wq
08:47:18 PM     0    159909      5.88      0.00  kworker/6:2-mm_percpu_wq
08:47:18 PM     0    164357     10.78      0.00  kworker/10:0-events
08:47:18 PM     0    168024      6.86      0.00  kworker/8:2-mm_percpu_wq
08:47:18 PM     0    170864      8.82      0.00  kworker/1:1-mm_percpu_wq
08:47:18 PM     0    173734      7.84      0.00  kworker/4:0-events
08:47:18 PM     0    174020      0.98      0.00  iostat
08:47:18 PM     0    174021      0.98      0.00  pidstat
08:47:18 PM     0    174022      4.90      0.00  bash
08:47:18 PM     0    174023      2.94      0.00  bash
08:47:18 PM     0    174024      3.92      0.00  bash
08:47:18 PM     0    174026    214.71      0.98  fio
08:47:18 PM     0    174106      0.98      0.00  sleep

08:47:18 PM   UID       PID   cswch/s nvcswch/s  Command
08:47:19 PM     0        16      1.00      0.00  ksoftirqd/0
08:47:19 PM     0        17     16.00      0.00  rcu_preempt
08:47:19 PM     0        24      3.00      0.00  ksoftirqd/1
08:47:19 PM     0        29      1.00      0.00  migration/2
08:47:19 PM     0        30      3.00      0.00  ksoftirqd/2
08:47:19 PM     0        36      1.00      0.00  ksoftirqd/3
08:47:19 PM     0        42      3.00      0.00  ksoftirqd/4
08:47:19 PM     0        47      1.00      0.00  migration/5
08:47:19 PM     0        48      1.00      0.00  ksoftirqd/5
08:47:19 PM     0        53      1.00      0.00  migration/6
08:47:19 PM     0        54      1.00      0.00  ksoftirqd/6
08:47:19 PM     0        59      1.00      0.00  migration/7
08:47:19 PM     0        60      1.00      0.00  ksoftirqd/7
08:47:19 PM     0        66      3.00      0.00  ksoftirqd/8
08:47:19 PM     0        72      1.00      0.00  ksoftirqd/9
08:47:19 PM     0        78      1.00      0.00  ksoftirqd/10
08:47:19 PM     0        84      1.00      0.00  ksoftirqd/11
08:47:19 PM     0        95      2.00      0.00  kcompactd0
08:47:19 PM     0       453      1.00      0.00  multipathd
08:47:19 PM     0     88840      2.00      0.00  kworker/u24:1-events_unbound
08:47:19 PM     0     98256      2.00      0.00  kworker/u24:2-events_power_efficient
08:47:19 PM     0    112707      3.00      0.00  kworker/3:0-events
08:47:19 PM     0    118120      2.00      0.00  kworker/9:2-events
08:47:19 PM     0    137207      2.00      0.00  kworker/0:2-events
08:47:19 PM     0    143435      3.00      0.00  kworker/5:0-events
08:47:19 PM     0    146022      6.00      0.00  kworker/11:1-events
08:47:19 PM     0    154179      1.00      0.00  kworker/2:2-mm_percpu_wq
08:47:19 PM     0    159214      3.00      0.00  kworker/7:1-mm_percpu_wq
08:47:19 PM     0    159909      3.00      0.00  kworker/6:2-events
08:47:19 PM     0    164357      3.00      0.00  kworker/10:0-events
08:47:19 PM     0    168024      1.00      0.00  kworker/8:2-mm_percpu_wq
08:47:19 PM     0    170864      4.00      0.00  kworker/1:1-events
08:47:19 PM     0    173734      2.00      0.00  kworker/4:0-mm_percpu_wq
08:47:19 PM     0    174020      1.00      0.00  iostat
08:47:19 PM     0    174021      1.00      0.00  pidstat
08:47:19 PM     0    174022      4.00      0.00  bash
08:47:19 PM     0    174023      5.00      0.00  bash
08:47:19 PM     0    174024      4.00      0.00  bash
08:47:19 PM     0    174026     99.00      0.00  fio
08:47:19 PM     0    174116      1.00      1.00  sleep
08:47:19 PM     0    174118      1.00      1.00  sleep
08:47:19 PM     0    174121      1.00      0.00  sleep

08:47:19 PM   UID       PID   cswch/s nvcswch/s  Command
08:47:20 PM     0        16      4.00      0.00  ksoftirqd/0
08:47:20 PM     0        17     17.00      0.00  rcu_preempt
08:47:20 PM     0        24      1.00      0.00  ksoftirqd/1
08:47:20 PM     0        29      2.00      0.00  migration/2
08:47:20 PM     0        30      2.00      0.00  ksoftirqd/2
08:47:20 PM     0        36      2.00      0.00  ksoftirqd/3
08:47:20 PM     0        42      1.00      0.00  ksoftirqd/4
08:47:20 PM     0        48      3.00      1.00  ksoftirqd/5
08:47:20 PM     0        54      3.00      0.00  ksoftirqd/6
08:47:20 PM     0        59      2.00      0.00  migration/7
08:47:20 PM     0        60      2.00      0.00  ksoftirqd/7
08:47:20 PM     0        66      1.00      0.00  ksoftirqd/8
08:47:20 PM     0        71      1.00      0.00  migration/9
08:47:20 PM     0        72      2.00      0.00  ksoftirqd/9
08:47:20 PM     0        78      2.00      0.00  ksoftirqd/10
08:47:20 PM     0        84      3.00      0.00  ksoftirqd/11
08:47:20 PM     0        95      2.00      0.00  kcompactd0
08:47:20 PM     0       453      3.00      0.00  multipathd
08:47:20 PM     0     88840      1.00      0.00  kworker/u24:1-edac-poller
08:47:20 PM     0    112707      2.00      0.00  kworker/3:0-mm_percpu_wq
08:47:20 PM     0    118120      2.00      0.00  kworker/9:2-events
08:47:20 PM     0    137207      4.00      0.00  kworker/0:2-events
08:47:20 PM     0    143435      4.00      0.00  kworker/5:0-events
08:47:20 PM     0    146022      4.00      0.00  kworker/11:1-events
08:47:20 PM     0    154179      1.00      0.00  kworker/2:2-mm_percpu_wq
08:47:20 PM     0    159214      3.00      0.00  kworker/7:1-mm_percpu_wq
08:47:20 PM     0    159909      3.00      0.00  kworker/6:2-events
08:47:20 PM     0    164357      2.00      0.00  kworker/10:0-mm_percpu_wq
08:47:20 PM     0    168024      1.00      0.00  kworker/8:2-mm_percpu_wq
08:47:20 PM     0    170864      2.00      0.00  kworker/1:1-events
08:47:20 PM     0    173734      2.00      0.00  kworker/4:0-mm_percpu_wq
08:47:20 PM     0    174020      1.00      0.00  iostat
08:47:20 PM     0    174021      1.00      0.00  pidstat
08:47:20 PM     0    174022      5.00      0.00  bash
08:47:20 PM     0    174023      8.00      0.00  bash
08:47:20 PM     0    174024      4.00      0.00  bash
08:47:20 PM     0    174026    100.00      0.00  fio
08:47:20 PM     0    174131      1.00      1.00  sleep
08:47:20 PM     0    174133      1.00      0.00  sleep
08:47:20 PM     0    174136      1.00      0.00  sleep

08:47:20 PM   UID       PID   cswch/s nvcswch/s  Command
08:47:21 PM     0        16      4.00      1.00  ksoftirqd/0
08:47:21 PM     0        17     22.00      0.00  rcu_preempt
08:47:21 PM     0        24      3.00      0.00  ksoftirqd/1
08:47:21 PM     0        30      1.00      0.00  ksoftirqd/2
08:47:21 PM     0        36      1.00      0.00  ksoftirqd/3
08:47:21 PM     0        41      1.00      0.00  migration/4
08:47:21 PM     0        42      4.00      0.00  ksoftirqd/4
08:47:21 PM     0        48      1.00      0.00  ksoftirqd/5
08:47:21 PM     0        53      1.00      0.00  migration/6
08:47:21 PM     0        60      1.00      0.00  ksoftirqd/7
08:47:21 PM     0        65      1.00      0.00  migration/8
08:47:21 PM     0        72      2.00      0.00  ksoftirqd/9
08:47:21 PM     0        78      2.00      0.00  ksoftirqd/10
08:47:21 PM     0        95      2.00      0.00  kcompactd0
08:47:21 PM     0       192      2.00      0.00  kworker/7:1H-kblockd
08:47:21 PM     0       359      3.00      0.00  jbd2/nvme1n1p2-8
08:47:21 PM     0       453      2.00      0.00  multipathd
08:47:21 PM     0     88840      5.00      0.00  kworker/u24:1-writeback
08:47:21 PM     0     98256      4.00      0.00  kworker/u24:2-events_unbound
08:47:21 PM     0    112707      5.00      0.00  kworker/3:0-events
08:47:21 PM     0    118120      2.00      0.00  kworker/9:2-mm_percpu_wq
08:47:21 PM     0    137207      2.00      0.00  kworker/0:2-events
08:47:21 PM     0    143435      2.00      0.00  kworker/5:0-mm_percpu_wq
08:47:21 PM     0    146022      1.00      0.00  kworker/11:1-mm_percpu_wq
08:47:21 PM     0    154179      1.00      0.00  kworker/2:2-mm_percpu_wq
08:47:21 PM     0    159214      1.00      0.00  kworker/7:1-mm_percpu_wq
08:47:21 PM     0    159909      2.00      0.00  kworker/6:2-events
08:47:21 PM     0    164357      1.00      0.00  kworker/10:0-mm_percpu_wq
08:47:21 PM     0    168024      5.00      0.00  kworker/8:2-events
08:47:21 PM     0    170864      9.00      0.00  kworker/1:1-events
08:47:21 PM     0    173734      3.00      0.00  kworker/4:0-events
08:47:21 PM     0    174020      1.00      0.00  iostat
08:47:21 PM     0    174021      1.00      0.00  pidstat
08:47:21 PM     0    174022      5.00      0.00  bash
08:47:21 PM     0    174023      7.00      0.00  bash
08:47:21 PM     0    174024      4.00      0.00  bash
08:47:21 PM     0    174026     99.00      0.00  fio
08:47:21 PM     0    174147      1.00      0.00  sleep
08:47:21 PM     0    174148      1.00      0.00  sleep

08:47:21 PM   UID       PID   cswch/s nvcswch/s  Command
08:47:22 PM     0        16      1.00      0.00  ksoftirqd/0
08:47:22 PM     0        17     21.00      0.00  rcu_preempt
08:47:22 PM     0        18      1.00      0.00  migration/0
08:47:22 PM     0        23      1.00      0.00  migration/1
08:47:22 PM     0        24      2.00      0.00  ksoftirqd/1
08:47:22 PM     0        29      1.00      0.00  migration/2
08:47:22 PM     0        30      2.00      0.00  ksoftirqd/2
08:47:22 PM     0        35      1.00      0.00  migration/3
08:47:22 PM     0        36      4.00      0.00  ksoftirqd/3
08:47:22 PM     0        41      2.00      0.00  migration/4
08:47:22 PM     0        42      2.00      0.00  ksoftirqd/4
08:47:22 PM     0        47      1.00      0.00  migration/5
08:47:22 PM     0        48      4.00      0.00  ksoftirqd/5
08:47:22 PM     0        53      1.00      0.00  migration/6
08:47:22 PM     0        54      1.00      0.00  ksoftirqd/6
08:47:22 PM     0        59      2.00      0.00  migration/7
08:47:22 PM     0        65      1.00      0.00  migration/8
08:47:22 PM     0        71      1.00      0.00  migration/9
08:47:22 PM     0        72      3.00      0.00  ksoftirqd/9
08:47:22 PM     0        77      1.00      0.00  migration/10
08:47:22 PM     0        78      3.00      0.00  ksoftirqd/10
08:47:22 PM     0        83      2.00      0.00  migration/11
08:47:22 PM     0        84      4.00      0.00  ksoftirqd/11
08:47:22 PM     0        95      2.00      0.00  kcompactd0
08:47:22 PM     0       193      1.00      0.00  kworker/9:1H-kblockd
08:47:22 PM     0       453      2.00      0.00  multipathd
08:47:22 PM     0       562      3.00      0.00  jbd2/nvme1n1p3-8
08:47:22 PM     0     98256      2.00      0.00  kworker/u24:2-flush-259:1
08:47:22 PM     0    112707      1.00      0.00  kworker/3:0-mm_percpu_wq
08:47:22 PM     0    118120      3.00      0.00  kworker/9:2-events
08:47:22 PM     0    137207      1.00      0.00  kworker/0:2-mm_percpu_wq
08:47:22 PM     0    143435      2.00      0.00  kworker/5:0-mm_percpu_wq
08:47:22 PM     0    146022      1.00      0.00  kworker/11:1-mm_percpu_wq
08:47:22 PM     0    154179      5.00      0.00  kworker/2:2-events
08:47:22 PM     0    159214      5.00      0.00  kworker/7:1-mm_percpu_wq
08:47:22 PM     0    159909      1.00      0.00  kworker/6:2-mm_percpu_wq
08:47:22 PM     0    164357      1.00      0.00  kworker/10:0-mm_percpu_wq
08:47:22 PM     0    168024      2.00      0.00  kworker/8:2-events
08:47:22 PM     0    170864      3.00      0.00  kworker/1:1-mm_percpu_wq
08:47:22 PM     0    173734      4.00      0.00  kworker/4:0-mm_percpu_wq
08:47:22 PM     0    174020      1.00      0.00  iostat
08:47:22 PM     0    174021      1.00      0.00  pidstat
08:47:22 PM     0    174022      5.00      0.00  bash
08:47:22 PM     0    174023      7.00      0.00  bash
08:47:22 PM     0    174024      4.00      0.00  bash
08:47:22 PM     0    174026     99.00      0.00  fio
08:47:22 PM     0    174162      1.00      0.00  sleep
08:47:22 PM     0    174163      1.00      0.00  sleep

08:47:22 PM   UID       PID   cswch/s nvcswch/s  Command
08:47:23 PM     0        17     17.00      0.00  rcu_preempt
08:47:23 PM     0        18      1.00      0.00  migration/0
08:47:23 PM     0        24      3.00      0.00  ksoftirqd/1
08:47:23 PM     0        35      1.00      0.00  migration/3
08:47:23 PM     0        36      2.00      0.00  ksoftirqd/3
08:47:23 PM     0        41      1.00      0.00  migration/4
08:47:23 PM     0        48      2.00      0.00  ksoftirqd/5
08:47:23 PM     0        54      2.00      0.00  ksoftirqd/6
08:47:23 PM     0        59      1.00      0.00  migration/7
08:47:23 PM     0        60      1.00      0.00  ksoftirqd/7
08:47:23 PM     0        65      1.00      0.00  migration/8
08:47:23 PM     0        66      3.00      0.00  ksoftirqd/8
08:47:23 PM     0        72      2.00      0.00  ksoftirqd/9
08:47:23 PM     0        78      1.00      0.00  ksoftirqd/10
08:47:23 PM     0        84      1.00      0.00  ksoftirqd/11
08:47:23 PM     0        95      2.00      0.00  kcompactd0
08:47:23 PM     0       172      1.00      0.00  kworker/3:1H-kblockd
08:47:23 PM     0       194      1.00      0.00  kworker/8:1H-kblockd
08:47:23 PM     0       453      2.00      0.00  multipathd
08:47:23 PM     0     21554      1.00      0.00  packagekitd
08:47:23 PM     0     88840      1.00      0.00  kworker/u24:1-ext4-rsv-conversion
08:47:23 PM     0     98256      7.00      0.00  kworker/u24:2-events_unbound
08:47:23 PM     0    112707      2.00      0.00  kworker/3:0-events
08:47:23 PM     0    118120      3.00      0.00  kworker/9:2-events
08:47:23 PM     0    137207      5.00      0.00  kworker/0:2-events
08:47:23 PM     0    143435      2.00      0.00  kworker/5:0-events
08:47:23 PM     0    146022      3.00      0.00  kworker/11:1-events
08:47:23 PM     0    154179      5.00      0.00  kworker/2:2-events
08:47:23 PM     0    159214      3.00      0.00  kworker/7:1-events
08:47:23 PM     0    159909      4.00      0.00  kworker/6:2-events
08:47:23 PM     0    164357      2.00      0.00  kworker/10:0-events
08:47:23 PM     0    168024      5.00      0.00  kworker/8:2-events
08:47:23 PM     0    170864      4.00      0.00  kworker/1:1-events
08:47:23 PM     0    173734      4.00      0.00  kworker/4:0-events
08:47:23 PM     0    174020      1.00      0.00  iostat
08:47:23 PM     0    174021      1.00      0.00  pidstat
08:47:23 PM     0    174022      5.00      0.00  bash
08:47:23 PM     0    174023      7.00      0.00  bash
08:47:23 PM     0    174024      1.00      0.00  bash
08:47:23 PM     0    174026    100.00      0.00  fio
08:47:23 PM     0    174176      1.00      1.00  sleep
08:47:23 PM     0    174178      1.00      1.00  sleep

08:47:23 PM   UID       PID   cswch/s nvcswch/s  Command
08:47:24 PM     0        16      1.00      0.00  ksoftirqd/0
08:47:24 PM     0        17     18.00      0.00  rcu_preempt
08:47:24 PM     0        30      1.00      0.00  ksoftirqd/2
08:47:24 PM     0        35      1.00      0.00  migration/3
08:47:24 PM     0        36      3.00      0.00  ksoftirqd/3
08:47:24 PM     0        42      1.00      0.00  ksoftirqd/4
08:47:24 PM     0        48      2.00      0.00  ksoftirqd/5
08:47:24 PM     0        53      1.00      0.00  migration/6
08:47:24 PM     0        54      1.00      0.00  ksoftirqd/6
08:47:24 PM     0        65      1.00      0.00  migration/8
08:47:24 PM     0        66      4.00      0.00  ksoftirqd/8
08:47:24 PM     0        71      3.00      0.00  migration/9
08:47:24 PM     0        72      1.00      0.00  ksoftirqd/9
08:47:24 PM     0        78      1.00      0.00  ksoftirqd/10
08:47:24 PM     0        84      1.00      0.00  ksoftirqd/11
08:47:24 PM     0        95      2.00      0.00  kcompactd0
08:47:24 PM     0       194      1.00      0.00  kworker/8:1H-kblockd
08:47:24 PM     0       453      1.00      0.00  multipathd
08:47:24 PM     0     88840      1.00      0.00  kworker/u24:1-ext4-rsv-conversion
08:47:24 PM     0     98256      2.00      0.00  kworker/u24:2-events_power_efficient
08:47:24 PM     0    112707      2.00      0.00  kworker/3:0-events
08:47:24 PM     0    118120      2.00      0.00  kworker/9:2-events
08:47:24 PM     0    137207      4.00      0.00  kworker/0:2-events
08:47:24 PM     0    143435      4.00      0.00  kworker/5:0-events
08:47:24 PM     0    146022      1.00      0.00  kworker/11:1-mm_percpu_wq
08:47:24 PM     0    154179      3.00      0.00  kworker/2:2-mm_percpu_wq
08:47:24 PM     0    159214      3.00      0.00  kworker/7:1-mm_percpu_wq
08:47:24 PM     0    159909      1.00      0.00  kworker/6:2-mm_percpu_wq
08:47:24 PM     0    164357      3.00      0.00  kworker/10:0-mm_percpu_wq
08:47:24 PM     0    168024      3.00      0.00  kworker/8:2-mm_percpu_wq
08:47:24 PM     0    170864      1.00      0.00  kworker/1:1-mm_percpu_wq
08:47:24 PM     0    173734      3.00      0.00  kworker/4:0-events
08:47:24 PM     0    174020      1.00      0.00  iostat
08:47:24 PM     0    174021      1.00      0.00  pidstat
08:47:24 PM     0    174022      5.00      0.00  bash
08:47:24 PM     0    174023      8.00      0.00  bash
08:47:24 PM     0    174024      3.00      0.00  bash
08:47:24 PM     0    174026     99.00      0.00  fio
08:47:24 PM     0    174181      1.00      0.00  sleep
08:47:24 PM     0    174192      1.00      1.00  sleep
08:47:24 PM     0    174193      1.00      1.00  sleep

08:47:24 PM   UID       PID   cswch/s nvcswch/s  Command
08:47:25 PM     0        16      2.00      0.00  ksoftirqd/0
08:47:25 PM     0        17     22.00      0.00  rcu_preempt
08:47:25 PM     0        24      3.00      0.00  ksoftirqd/1
08:47:25 PM     0        29      1.00      0.00  migration/2
08:47:25 PM     0        30      1.00      0.00  ksoftirqd/2
08:47:25 PM     0        35      2.00      0.00  migration/3
08:47:25 PM     0        42      2.00      0.00  ksoftirqd/4
08:47:25 PM     0        48      4.00      0.00  ksoftirqd/5
08:47:25 PM     0        54      4.00      0.00  ksoftirqd/6
08:47:25 PM     0        59      3.00      0.00  migration/7
08:47:25 PM     0        60      1.00      0.00  ksoftirqd/7
08:47:25 PM     0        66      2.00      0.00  ksoftirqd/8
08:47:25 PM     0        78      3.00      0.00  ksoftirqd/10
08:47:25 PM     0        83      2.00      0.00  migration/11
08:47:25 PM     0        95      2.00      0.00  kcompactd0
08:47:25 PM     0       453      2.00      0.00  multipathd
08:47:25 PM     0     88840      2.00      0.00  kworker/u24:1-events_unbound
08:47:25 PM     0    112707      3.00      0.00  kworker/3:0-events
08:47:25 PM     0    118120      2.00      0.00  kworker/9:2-mm_percpu_wq
08:47:25 PM     0    137207      3.00      0.00  kworker/0:2-events
08:47:25 PM     0    143435      1.00      0.00  kworker/5:0-mm_percpu_wq
08:47:25 PM     0    146022      1.00      0.00  kworker/11:1-mm_percpu_wq
08:47:25 PM     0    154179      7.00      0.00  kworker/2:2-events
08:47:25 PM     0    159214      3.00      0.00  kworker/7:1-events
08:47:25 PM     0    159909      3.00      0.00  kworker/6:2-events
08:47:25 PM     0    164357      4.00      0.00  kworker/10:0-mm_percpu_wq
08:47:25 PM     0    168024      3.00      0.00  kworker/8:2-mm_percpu_wq
08:47:25 PM     0    170864      3.00      0.00  kworker/1:1-events
08:47:25 PM     0    173734      1.00      0.00  kworker/4:0-mm_percpu_wq
08:47:25 PM     0    174020      1.00      0.00  iostat
08:47:25 PM     0    174021      1.00      0.00  pidstat
08:47:25 PM     0    174022      5.00      0.00  bash
08:47:25 PM     0    174023      8.00      0.00  bash
08:47:25 PM     0    174024      4.00      0.00  bash
08:47:25 PM     0    174026     99.00      0.00  fio
08:47:25 PM     0    174196      1.00      1.00  sleep
08:47:25 PM     0    174207      1.00      0.00  sleep
08:47:25 PM     0    174208      1.00      1.00  sleep

08:47:25 PM   UID       PID   cswch/s nvcswch/s  Command
08:47:26 PM     0        16      1.00      0.00  ksoftirqd/0
08:47:26 PM     0        17     19.00      0.00  rcu_preempt
08:47:26 PM     0        18      1.00      0.00  migration/0
08:47:26 PM     0        23      2.00      0.00  migration/1
08:47:26 PM     0        29      1.00      0.00  migration/2
08:47:26 PM     0        30      2.00      0.00  ksoftirqd/2
08:47:26 PM     0        35      2.00      0.00  migration/3
08:47:26 PM     0        36      1.00      0.00  ksoftirqd/3
08:47:26 PM     0        41      1.00      0.00  migration/4
08:47:26 PM     0        47      1.00      0.00  migration/5
08:47:26 PM     0        48      1.00      0.00  ksoftirqd/5
08:47:26 PM     0        53      1.00      0.00  migration/6
08:47:26 PM     0        54      2.00      0.00  ksoftirqd/6
08:47:26 PM     0        59      1.00      0.00  migration/7
08:47:26 PM     0        65      3.00      0.00  migration/8
08:47:26 PM     0        71      1.00      0.00  migration/9
08:47:26 PM     0        72      3.00      0.00  ksoftirqd/9
08:47:26 PM     0        77      2.00      0.00  migration/10
08:47:26 PM     0        78      2.00      0.00  ksoftirqd/10
08:47:26 PM     0        83      1.00      0.00  migration/11
08:47:26 PM     0        84      2.00      0.00  ksoftirqd/11
08:47:26 PM     0        95      2.00      0.00  kcompactd0
08:47:26 PM     0       453      1.00      0.00  multipathd
08:47:26 PM     0     88840      1.00      0.00  kworker/u24:1-edac-poller
08:47:26 PM     0    112707      2.00      0.00  kworker/3:0-mm_percpu_wq
08:47:26 PM     0    118120      2.00      0.00  kworker/9:2-mm_percpu_wq
08:47:26 PM     0    137207      2.00      0.00  kworker/0:2-mm_percpu_wq
08:47:26 PM     0    143435      2.00      0.00  kworker/5:0-events
08:47:26 PM     0    146022      3.00      0.00  kworker/11:1-mm_percpu_wq
08:47:26 PM     0    154179      3.00      0.00  kworker/2:2-events
08:47:26 PM     0    159214      2.00      0.00  kworker/7:1-mm_percpu_wq
08:47:26 PM     0    159909      2.00      0.00  kworker/6:2-mm_percpu_wq
08:47:26 PM     0    164357      4.00      0.00  kworker/10:0-mm_percpu_wq
08:47:26 PM     0    168024      4.00      0.00  kworker/8:2-events
08:47:26 PM     0    170864      3.00      0.00  kworker/1:1-events
08:47:26 PM     0    173734      2.00      0.00  kworker/4:0-mm_percpu_wq
08:47:26 PM     0    174020      1.00      0.00  iostat
08:47:26 PM     0    174021      1.00      0.00  pidstat
08:47:26 PM     0    174022      5.00      0.00  bash
08:47:26 PM     0    174023      7.00      0.00  bash
08:47:26 PM     0    174024      4.00      0.00  bash
08:47:26 PM     0    174026    100.00      0.00  fio
08:47:26 PM     0    174211      1.00      0.00  sleep
08:47:26 PM     0    174222      1.00      1.00  sleep
08:47:26 PM     0    174223      1.00      1.00  sleep

08:47:26 PM   UID       PID   cswch/s nvcswch/s  Command
08:47:27 PM     0        16      1.00      0.00  ksoftirqd/0
08:47:27 PM     0        17     19.00      0.00  rcu_preempt
08:47:27 PM     0        24      2.00      1.00  ksoftirqd/1
08:47:27 PM     0        35      1.00      0.00  migration/3
08:47:27 PM     0        36      1.00      0.00  ksoftirqd/3
08:47:27 PM     0        42      2.00      0.00  ksoftirqd/4
08:47:27 PM     0        48      2.00      0.00  ksoftirqd/5
08:47:27 PM     0        53      1.00      0.00  migration/6
08:47:27 PM     0        54      2.00      0.00  ksoftirqd/6
08:47:27 PM     0        60      2.00      0.00  ksoftirqd/7
08:47:27 PM     0        65      1.00      0.00  migration/8
08:47:27 PM     0        66      4.00      0.00  ksoftirqd/8
08:47:27 PM     0        72      2.00      1.00  ksoftirqd/9
08:47:27 PM     0        78      1.00      0.00  ksoftirqd/10
08:47:27 PM     0        83      1.00      0.00  migration/11
08:47:27 PM     0        95      2.00      0.00  kcompactd0
08:47:27 PM     0       453      2.00      0.00  multipathd
08:47:27 PM     0       562      3.00      0.00  jbd2/nvme1n1p3-8
08:47:27 PM     0     88840      1.00      0.00  kworker/u24:1-edac-poller
08:47:27 PM     0    112707      2.00      0.00  kworker/3:0-events
08:47:27 PM     0    118120      3.00      0.00  kworker/9:2-mm_percpu_wq
08:47:27 PM     0    137207      3.00      0.00  kworker/0:2-events
08:47:27 PM     0    143435      1.00      0.00  kworker/5:0-mm_percpu_wq
08:47:27 PM     0    146022      1.00      0.00  kworker/11:1-mm_percpu_wq
08:47:27 PM     0    154179      7.00      0.00  kworker/2:2-events
08:47:27 PM     0    159214      3.00      0.00  kworker/7:1-mm_percpu_wq
08:47:27 PM     0    159909      3.00      0.00  kworker/6:2-events
08:47:27 PM     0    164357      4.00      0.00  kworker/10:0-events
08:47:27 PM     0    168024      1.00      0.00  kworker/8:2-mm_percpu_wq
08:47:27 PM     0    170864      6.00      0.00  kworker/1:1-events
08:47:27 PM     0    173734      4.00      0.00  kworker/4:0-mm_percpu_wq
08:47:27 PM     0    174020      1.00      0.00  iostat
08:47:27 PM     0    174021      1.00      0.00  pidstat
08:47:27 PM     0    174022      5.00      0.00  bash
08:47:27 PM     0    174023      7.00      0.00  bash
08:47:27 PM     0    174024      4.00      0.00  bash
08:47:27 PM     0    174026     99.00      0.00  fio
08:47:27 PM     0    174226      1.00      0.00  sleep
08:47:27 PM     0    174236      1.00      0.00  sleep
08:47:27 PM     0    174238      1.00      1.00  sleep

08:47:27 PM   UID       PID   cswch/s nvcswch/s  Command
08:47:28 PM     0        17     20.00      0.00  rcu_preempt
08:47:28 PM     0        24      1.00      0.00  ksoftirqd/1
08:47:28 PM     0        30      1.00      0.00  ksoftirqd/2
08:47:28 PM     0        35      2.00      0.00  migration/3
08:47:28 PM     0        36      3.00      0.00  ksoftirqd/3
08:47:28 PM     0        42      1.00      0.00  ksoftirqd/4
08:47:28 PM     0        53      1.00      0.00  migration/6
08:47:28 PM     0        54      1.00      0.00  ksoftirqd/6
08:47:28 PM     0        60      2.00      0.00  ksoftirqd/7
08:47:28 PM     0        65      2.00      0.00  migration/8
08:47:28 PM     0        66      1.00      0.00  ksoftirqd/8
08:47:28 PM     0        71      1.00      0.00  migration/9
08:47:28 PM     0        72      1.00      0.00  ksoftirqd/9
08:47:28 PM     0        77      1.00      0.00  migration/10
08:47:28 PM     0        83      1.00      0.00  migration/11
08:47:28 PM     0        84      1.00      0.00  ksoftirqd/11
08:47:28 PM     0        95      2.00      0.00  kcompactd0
08:47:28 PM     0       102      1.00      0.00  irq/9-acpi
08:47:28 PM     0       453      2.00      0.00  multipathd
08:47:28 PM     0     88840      4.00      0.00  kworker/u24:1-edac-poller
08:47:28 PM     0    112707      2.00      0.00  kworker/3:0-mm_percpu_wq
08:47:28 PM     0    118120      3.00      0.00  kworker/9:2-mm_percpu_wq
08:47:28 PM     0    137207      3.00      0.00  kworker/0:2-events
08:47:28 PM     0    143435      2.00      0.00  kworker/5:0-events
08:47:28 PM     0    146022      3.00      0.00  kworker/11:1-mm_percpu_wq
08:47:28 PM     0    154179      1.00      0.00  kworker/2:2-mm_percpu_wq
08:47:28 PM     0    159214      3.00      0.00  kworker/7:1-mm_percpu_wq
08:47:28 PM     0    159909      2.00      0.00  kworker/6:2-mm_percpu_wq
08:47:28 PM     0    164357      5.00      1.00  kworker/10:0-events
08:47:28 PM     0    168024     11.00      0.00  kworker/8:2-pm
08:47:28 PM     0    170864      4.00      0.00  kworker/1:1-events
08:47:28 PM     0    172777      1.00      0.00  kworker/8:0-i915-unordered
08:47:28 PM     0    173734      1.00      0.00  kworker/4:0-mm_percpu_wq
08:47:28 PM     0    174020      1.00      0.00  iostat
08:47:28 PM     0    174021      1.00      0.00  pidstat
08:47:28 PM     0    174022      5.00      0.00  bash
08:47:28 PM     0    174023      7.00      0.00  bash
08:47:28 PM     0    174024      4.00      0.00  bash
08:47:28 PM     0    174026    100.00      0.00  fio
08:47:28 PM     0    174241      1.00      1.00  sleep
08:47:28 PM     0    174252      1.00      1.00  sleep
08:47:28 PM     0    174253      1.00      0.00  sleep

08:47:28 PM   UID       PID   cswch/s nvcswch/s  Command
08:47:29 PM     0        16      1.00      0.00  ksoftirqd/0
08:47:29 PM     0        17     20.00      0.00  rcu_preempt
08:47:29 PM     0        18      1.00      0.00  migration/0
08:47:29 PM     0        23      3.00      0.00  migration/1
08:47:29 PM     0        30      1.00      1.00  ksoftirqd/2
08:47:29 PM     0        36      2.00      1.00  ksoftirqd/3
08:47:29 PM     0        42      1.00      0.00  ksoftirqd/4
08:47:29 PM     0        47      1.00      0.00  migration/5
08:47:29 PM     0        48      3.00      0.00  ksoftirqd/5
08:47:29 PM     0        53      1.00      0.00  migration/6
08:47:29 PM     0        54      1.00      0.00  ksoftirqd/6
08:47:29 PM     0        60      2.00      0.00  ksoftirqd/7
08:47:29 PM     0        65      1.00      0.00  migration/8
08:47:29 PM     0        78      1.00      0.00  ksoftirqd/10
08:47:29 PM     0        95      2.00      0.00  kcompactd0
08:47:29 PM     0       192      1.00      0.00  kworker/7:1H-kblockd
08:47:29 PM     0       453      2.00      0.00  multipathd
08:47:29 PM     0     88840      5.00      0.00  kworker/u24:1-events_power_efficient
08:47:29 PM     0     98256      1.00      0.00  kworker/u24:2-events_power_efficient
08:47:29 PM     0    112707      1.00      0.00  kworker/3:0-mm_percpu_wq
08:47:29 PM     0    118120      1.00      0.00  kworker/9:2-mm_percpu_wq
08:47:29 PM     0    137207      5.00      0.00  kworker/0:2-events
08:47:29 PM     0    143435      1.00      0.00  kworker/5:0-mm_percpu_wq
08:47:29 PM     0    146022      2.00      0.00  kworker/11:1-events
08:47:29 PM     0    154179      2.00      0.00  kworker/2:2-events
08:47:29 PM     0    159214      1.00      0.00  kworker/7:1-mm_percpu_wq
08:47:29 PM     0    159909      3.00      0.00  kworker/6:2-events
08:47:29 PM     0    164357      2.00      0.00  kworker/10:0-mm_percpu_wq
08:47:29 PM     0    168024      6.00      0.00  kworker/8:2-events
08:47:29 PM     0    170864      3.00      0.00  kworker/1:1-events
08:47:29 PM     0    173734      5.00      0.00  kworker/4:0-events
08:47:29 PM     0    174020      1.00      0.00  iostat
08:47:29 PM     0    174021      1.00      0.00  pidstat
08:47:29 PM     0    174022      5.00      0.00  bash
08:47:29 PM     0    174023      6.00      0.00  bash
08:47:29 PM     0    174024      4.00      0.00  bash
08:47:29 PM     0    174026     99.00      0.00  fio
08:47:29 PM     0    174256      1.00      1.00  sleep
08:47:29 PM     0    174267      1.00      1.00  sleep
08:47:29 PM     0    174268      1.00      0.00  sleep

08:47:29 PM   UID       PID   cswch/s nvcswch/s  Command
08:47:30 PM     0        17     20.00      0.00  rcu_preempt
08:47:30 PM     0        18      1.00      0.00  migration/0
08:47:30 PM     0        23      2.00      0.00  migration/1
08:47:30 PM     0        24      2.00      0.00  ksoftirqd/1
08:47:30 PM     0        29      2.00      0.00  migration/2
08:47:30 PM     0        30      1.00      0.00  ksoftirqd/2
08:47:30 PM     0        35      1.00      0.00  migration/3
08:47:30 PM     0        41      1.00      0.00  migration/4
08:47:30 PM     0        42      1.00      0.00  ksoftirqd/4
08:47:30 PM     0        47      3.00      0.00  migration/5
08:47:30 PM     0        48      2.00      0.00  ksoftirqd/5
08:47:30 PM     0        53      2.00      0.00  migration/6
08:47:30 PM     0        54      2.00      0.00  ksoftirqd/6
08:47:30 PM     0        59      1.00      0.00  migration/7
08:47:30 PM     0        60      3.00      0.00  ksoftirqd/7
08:47:30 PM     0        65      2.00      0.00  migration/8
08:47:30 PM     0        71      2.00      0.00  migration/9
08:47:30 PM     0        77      3.00      0.00  migration/10
08:47:30 PM     0        78      1.00      0.00  ksoftirqd/10
08:47:30 PM     0        83      2.00      0.00  migration/11
08:47:30 PM     0        84      1.00      0.00  ksoftirqd/11
08:47:30 PM     0        95      2.00      0.00  kcompactd0
08:47:30 PM     0       172      1.00      0.00  kworker/3:1H-kblockd
08:47:30 PM     0       453      2.00      0.00  multipathd
08:47:30 PM     0     88840      1.00      0.00  kworker/u24:1-events_power_efficient
08:47:30 PM     0     98256      3.00      0.00  kworker/u24:2-events_power_efficient
08:47:30 PM     0    112707      4.00      0.00  kworker/3:0-mm_percpu_wq
08:47:30 PM     0    118120      1.00      0.00  kworker/9:2-mm_percpu_wq
08:47:30 PM     0    137207      4.00      0.00  kworker/0:2-events
08:47:30 PM     0    143435      2.00      0.00  kworker/5:0-mm_percpu_wq
08:47:30 PM     0    146022      2.00      0.00  kworker/11:1-mm_percpu_wq
08:47:30 PM     0    154179      4.00      0.00  kworker/2:2-events
08:47:30 PM     0    159214      3.00      0.00  kworker/7:1-events
08:47:30 PM     0    159909      2.00      0.00  kworker/6:2-mm_percpu_wq
08:47:30 PM     0    164357      2.00      0.00  kworker/10:0-mm_percpu_wq
08:47:30 PM     0    168024      4.00      0.00  kworker/8:2-events
08:47:30 PM     0    170864      1.00      0.00  kworker/1:1-mm_percpu_wq
08:47:30 PM     0    173734      1.00      0.00  kworker/4:0-mm_percpu_wq
08:47:30 PM     0    174020      1.00      0.00  iostat
08:47:30 PM     0    174021      1.00      0.00  pidstat
08:47:30 PM     0    174022      5.00      0.00  bash
08:47:30 PM     0    174023      7.00      0.00  bash
08:47:30 PM     0    174024      4.00      0.00  bash
08:47:30 PM     0    174026     99.00      0.00  fio
08:47:30 PM     0    174271      1.00      0.00  sleep
08:47:30 PM     0    174281      1.00      1.00  sleep
08:47:30 PM     0    174283      1.00      1.00  sleep

08:47:30 PM   UID       PID   cswch/s nvcswch/s  Command
08:47:31 PM     0        17     18.00      0.00  rcu_preempt
08:47:31 PM     0        23      1.00      0.00  migration/1
08:47:31 PM     0        36      4.00      0.00  ksoftirqd/3
08:47:31 PM     0        41      1.00      0.00  migration/4
08:47:31 PM     0        42      1.00      0.00  ksoftirqd/4
08:47:31 PM     0        53      1.00      0.00  migration/6
08:47:31 PM     0        54      1.00      0.00  ksoftirqd/6
08:47:31 PM     0        66      1.00      0.00  ksoftirqd/8
08:47:31 PM     0        71      2.00      0.00  migration/9
08:47:31 PM     0        77      2.00      0.00  migration/10
08:47:31 PM     0        78      1.00      0.00  ksoftirqd/10
08:47:31 PM     0        84      2.00      0.00  ksoftirqd/11
08:47:31 PM     0        95      2.00      0.00  kcompactd0
08:47:31 PM     0       453      2.00      0.00  multipathd
08:47:31 PM     0     88840      1.00      0.00  kworker/u24:1-edac-poller
08:47:31 PM     0    112707      3.00      0.00  kworker/3:0-events
08:47:31 PM     0    118120      3.00      0.00  kworker/9:2-events
08:47:31 PM     0    137207      2.00      0.00  kworker/0:2-events
08:47:31 PM     0    143435      1.00      0.00  kworker/5:0-mm_percpu_wq
08:47:31 PM     0    146022      1.00      0.00  kworker/11:1-mm_percpu_wq
08:47:31 PM     0    154179      8.00      0.00  kworker/2:2-events
08:47:31 PM     0    159214      3.00      0.00  kworker/7:1-events
08:47:31 PM     0    159909      3.00      0.00  kworker/6:2-events
08:47:31 PM     0    164357      1.00      0.00  kworker/10:0-mm_percpu_wq
08:47:31 PM     0    168024      3.00      0.00  kworker/8:2-mm_percpu_wq
08:47:31 PM     0    170864      4.00      0.00  kworker/1:1-events
08:47:31 PM     0    173734      2.00      0.00  kworker/4:0-events
08:47:31 PM     0    174020      1.00      0.00  iostat
08:47:31 PM     0    174021      1.00      0.00  pidstat
08:47:31 PM     0    174022      5.00      0.00  bash
08:47:31 PM     0    174023      6.00      0.00  bash
08:47:31 PM     0    174024      4.00      0.00  bash
08:47:31 PM     0    174026    100.00      0.00  fio
08:47:31 PM     0    174286      1.00      0.00  sleep
08:47:31 PM     0    174297      1.00      1.00  sleep
08:47:31 PM     0    174298      1.00      1.00  sleep

08:47:31 PM   UID       PID   cswch/s nvcswch/s  Command
08:47:32 PM     0        16      1.00      0.00  ksoftirqd/0
08:47:32 PM     0        17     23.00      0.00  rcu_preempt
08:47:32 PM     0        29      1.00      0.00  migration/2
08:47:32 PM     0        35      1.00      0.00  migration/3
08:47:32 PM     0        42      1.00      0.00  ksoftirqd/4
08:47:32 PM     0        53      1.00      0.00  migration/6
08:47:32 PM     0        60      2.00      0.00  ksoftirqd/7
08:47:32 PM     0        66      2.00      0.00  ksoftirqd/8
08:47:32 PM     0        71      1.00      0.00  migration/9
08:47:32 PM     0        72      1.00      0.00  ksoftirqd/9
08:47:32 PM     0        83      1.00      0.00  migration/11
08:47:32 PM     0        95      2.00      0.00  kcompactd0
08:47:32 PM     0       453      2.00      0.00  multipathd
08:47:32 PM     0       562      3.00      0.00  jbd2/nvme1n1p3-8
08:47:32 PM     0     88840      2.00      0.00  kworker/u24:1-edac-poller
08:47:32 PM     0    112707      4.00      1.00  kworker/3:0-events
08:47:32 PM     0    118120      2.00      0.00  kworker/9:2-events
08:47:32 PM     0    137207      2.00      0.00  kworker/0:2-events
08:47:32 PM     0    143435      1.00      0.00  kworker/5:0-mm_percpu_wq
08:47:32 PM     0    146022      2.00      1.00  kworker/11:1-events
08:47:32 PM     0    154179      4.00      0.00  kworker/2:2-events
08:47:32 PM     0    159214      1.00      0.00  kworker/7:1-mm_percpu_wq
08:47:32 PM     0    159909      4.00      0.00  kworker/6:2-events
08:47:32 PM     0    164357      2.00      0.00  kworker/10:0-mm_percpu_wq
08:47:32 PM     0    168024      3.00      0.00  kworker/8:2-mm_percpu_wq
08:47:32 PM     0    170864      2.00      0.00  kworker/1:1-mm_percpu_wq
08:47:32 PM     0    173734      3.00      0.00  kworker/4:0-mm_percpu_wq
08:47:32 PM     0    174020      1.00      0.00  iostat
08:47:32 PM     0    174021      1.00      0.00  pidstat
08:47:32 PM     0    174022      5.00      0.00  bash
08:47:32 PM     0    174023      8.00      0.00  bash
08:47:32 PM     0    174024      4.00      0.00  bash
08:47:32 PM     0    174026     99.00      0.00  fio
08:47:32 PM     0    174301      1.00      0.00  sleep
08:47:32 PM     0    174312      1.00      0.00  sleep
08:47:32 PM     0    174313      1.00      1.00  sleep

08:47:32 PM   UID       PID   cswch/s nvcswch/s  Command
08:47:33 PM     0        16      2.00      0.00  ksoftirqd/0
08:47:33 PM     0        17     20.00      1.00  rcu_preempt
08:47:33 PM     0        24      2.00      0.00  ksoftirqd/1
08:47:33 PM     0        30      1.00      0.00  ksoftirqd/2
08:47:33 PM     0        36      2.00      0.00  ksoftirqd/3
08:47:33 PM     0        42      2.00      0.00  ksoftirqd/4
08:47:33 PM     0        47      1.00      0.00  migration/5
08:47:33 PM     0        53      2.00      0.00  migration/6
08:47:33 PM     0        71      2.00      0.00  migration/9
08:47:33 PM     0        72      2.00      0.00  ksoftirqd/9
08:47:33 PM     0        77      2.00      0.00  migration/10
08:47:33 PM     0        84      1.00      0.00  ksoftirqd/11
08:47:33 PM     0        95      2.00      0.00  kcompactd0
08:47:33 PM     0       453      2.00      0.00  multipathd
08:47:33 PM     0     21554      1.00      0.00  packagekitd
08:47:33 PM     0     88840      1.00      0.00  kworker/u24:1-edac-poller
08:47:33 PM     0    112707      1.00      0.00  kworker/3:0-mm_percpu_wq
08:47:33 PM     0    118120      3.00      0.00  kworker/9:2-events
08:47:33 PM     0    137207      1.00      0.00  kworker/0:2-events
08:47:33 PM     0    143435      2.00      0.00  kworker/5:0-events
08:47:33 PM     0    146022      3.00      0.00  kworker/11:1-events
08:47:33 PM     0    154179      7.00      0.00  kworker/2:2-events
08:47:33 PM     0    159214      2.00      0.00  kworker/7:1-mm_percpu_wq
08:47:33 PM     0    159909      4.00      0.00  kworker/6:2-events
08:47:33 PM     0    164357      1.00      0.00  kworker/10:0-mm_percpu_wq
08:47:33 PM     0    168024      3.00      0.00  kworker/8:2-events
08:47:33 PM     0    170864      2.00      0.00  kworker/1:1-events
08:47:33 PM     0    173734      2.00      1.00  kworker/4:0-mm_percpu_wq
08:47:33 PM     0    174020      1.00      0.00  iostat
08:47:33 PM     0    174021      1.00      0.00  pidstat
08:47:33 PM     0    174022      4.00      0.00  bash
08:47:33 PM     0    174023      7.00      0.00  bash
08:47:33 PM     0    174024      4.00      0.00  bash
08:47:33 PM     0    174026     99.00      0.00  fio
08:47:33 PM     0    174316      1.00      0.00  sleep
08:47:33 PM     0    174326      1.00      1.00  sleep
08:47:33 PM     0    174328      1.00      0.00  sleep

08:47:33 PM   UID       PID   cswch/s nvcswch/s  Command
08:47:34 PM     0        16      1.00      0.00  ksoftirqd/0
08:47:34 PM     0        17     21.00      0.00  rcu_preempt
08:47:34 PM     0        18      1.00      0.00  migration/0
08:47:34 PM     0        23      2.00      0.00  migration/1
08:47:34 PM     0        29      2.00      0.00  migration/2
08:47:34 PM     0        30      1.00      0.00  ksoftirqd/2
08:47:34 PM     0        35      1.00      0.00  migration/3
08:47:34 PM     0        41      2.00      0.00  migration/4
08:47:34 PM     0        42      3.00      0.00  ksoftirqd/4
08:47:34 PM     0        47      1.00      0.00  migration/5
08:47:34 PM     0        48      1.00      0.00  ksoftirqd/5
08:47:34 PM     0        53      2.00      0.00  migration/6
08:47:34 PM     0        54      1.00      0.00  ksoftirqd/6
08:47:34 PM     0        59      2.00      0.00  migration/7
08:47:34 PM     0        65      1.00      0.00  migration/8
08:47:34 PM     0        66      1.00      0.00  ksoftirqd/8
08:47:34 PM     0        71      1.00      0.00  migration/9
08:47:34 PM     0        77      1.00      0.00  migration/10
08:47:34 PM     0        78      2.00      0.00  ksoftirqd/10
08:47:34 PM     0        83      2.00      0.00  migration/11
08:47:34 PM     0        84      1.00      0.00  ksoftirqd/11
08:47:34 PM     0        95      2.00      0.00  kcompactd0
08:47:34 PM     0       187      2.00      0.00  kworker/0:1H-kblockd
08:47:34 PM     0       453      1.00      0.00  multipathd
08:47:34 PM     0     88840      7.00      1.00  kworker/u24:1-events_power_efficient
08:47:34 PM     0     98256      2.00      0.00  kworker/u24:2-events_power_efficient
08:47:34 PM     0    112707      1.00      0.00  kworker/3:0-mm_percpu_wq
08:47:34 PM     0    118120      2.00      0.00  kworker/9:2-events
08:47:34 PM     0    137207      1.00      0.00  kworker/0:2-mm_percpu_wq
08:47:34 PM     0    143435      2.00      0.00  kworker/5:0-mm_percpu_wq
08:47:34 PM     0    146022      1.00      0.00  kworker/11:1-mm_percpu_wq
08:47:34 PM     0    154179      8.00      0.00  kworker/2:2-events
08:47:34 PM     0    159214      4.00      0.00  kworker/7:1-events
08:47:34 PM     0    159909      1.00      0.00  kworker/6:2-mm_percpu_wq
08:47:34 PM     0    164357      2.00      0.00  kworker/10:0-mm_percpu_wq
08:47:34 PM     0    168024      1.00      0.00  kworker/8:2-mm_percpu_wq
08:47:34 PM     0    170864      4.00      0.00  kworker/1:1-events
08:47:34 PM     0    173734      5.00      0.00  kworker/4:0-events
08:47:34 PM     0    174020      1.00      0.00  iostat
08:47:34 PM     0    174021      1.00      0.00  pidstat
08:47:34 PM     0    174022      4.00      2.00  bash
08:47:34 PM     0    174023      7.00      0.00  bash
08:47:34 PM     0    174024      4.00      0.00  bash
08:47:34 PM     0    174026    100.00      0.00  fio
08:47:34 PM     0    174331      1.00      0.00  sleep
08:47:34 PM     0    174342      1.00      1.00  sleep
08:47:34 PM     0    174343      1.00      1.00  sleep

08:47:34 PM   UID       PID   cswch/s nvcswch/s  Command
08:47:35 PM     0        17     19.00      1.00  rcu_preempt
08:47:35 PM     0        29      1.00      0.00  migration/2
08:47:35 PM     0        35      2.00      0.00  migration/3
08:47:35 PM     0        48      1.00      0.00  ksoftirqd/5
08:47:35 PM     0        53      1.00      0.00  migration/6
08:47:35 PM     0        54      2.00      0.00  ksoftirqd/6
08:47:35 PM     0        59      1.00      0.00  migration/7
08:47:35 PM     0        65      1.00      0.00  migration/8
08:47:35 PM     0        66      2.00      0.00  ksoftirqd/8
08:47:35 PM     0        71      2.00      0.00  migration/9
08:47:35 PM     0        72      3.00      0.00  ksoftirqd/9
08:47:35 PM     0        84      1.00      0.00  ksoftirqd/11
08:47:35 PM     0        95      2.00      0.00  kcompactd0
08:47:35 PM     0       453      2.00      0.00  multipathd
08:47:35 PM     0     88840      1.00      0.00  kworker/u24:1-edac-poller
08:47:35 PM     0    112707      2.00      0.00  kworker/3:0-mm_percpu_wq
08:47:35 PM     0    118120      1.00      0.00  kworker/9:2-mm_percpu_wq
08:47:35 PM     0    137207      5.00      0.00  kworker/0:2-events
08:47:35 PM     0    143435      1.00      0.00  kworker/5:0-mm_percpu_wq
08:47:35 PM     0    146022      1.00      0.00  kworker/11:1-mm_percpu_wq
08:47:35 PM     0    154179      6.00      2.00  kworker/2:2-events
08:47:35 PM     0    159214      2.00      0.00  kworker/7:1-events
08:47:35 PM     0    159909      3.00      0.00  kworker/6:2-events
08:47:35 PM     0    164357      1.00      0.00  kworker/10:0-mm_percpu_wq
08:47:35 PM     0    168024      6.00      0.00  kworker/8:2-events
08:47:35 PM     0    170864      3.00      0.00  kworker/1:1-events
08:47:35 PM     0    173734      3.00      0.00  kworker/4:0-events
08:47:35 PM     0    174020      1.00      0.00  iostat
08:47:35 PM     0    174021      1.00      0.00  pidstat
08:47:35 PM     0    174022      4.00      7.00  bash
08:47:35 PM     0    174023      6.00      0.00  bash
08:47:35 PM     0    174024      3.00      2.00  bash
08:47:35 PM     0    174026     99.00      0.00  fio
08:47:35 PM     0    174346      1.00      0.00  sleep
08:47:35 PM     0    174356      1.00      1.00  sleep
08:47:35 PM     0    174358      1.00      2.00  sleep

08:47:35 PM   UID       PID   cswch/s nvcswch/s  Command
08:47:36 PM     0        16      1.00      0.00  ksoftirqd/0
08:47:36 PM     0        17     24.00      0.00  rcu_preempt
08:47:36 PM     0        18      2.00      0.00  migration/0
08:47:36 PM     0        36      1.00      0.00  ksoftirqd/3
08:47:36 PM     0        53      2.00      0.00  migration/6
08:47:36 PM     0        60      2.00      0.00  ksoftirqd/7
08:47:36 PM     0        71      2.00      0.00  migration/9
08:47:36 PM     0        72      1.00      0.00  ksoftirqd/9
08:47:36 PM     0        95      2.00      1.00  kcompactd0
08:47:36 PM     0       176      1.00      0.00  kworker/11:1H-kblockd
08:47:36 PM     0       453      2.00      0.00  multipathd
08:47:36 PM     0     88840      2.00      0.00  kworker/u24:1-edac-poller
08:47:36 PM     0    112707      2.00      0.00  kworker/3:0-mm_percpu_wq
08:47:36 PM     0    118120      2.00      0.00  kworker/9:2-events
08:47:36 PM     0    137207      1.00      0.00  kworker/0:2-mm_percpu_wq
08:47:36 PM     0    143435      2.00      0.00  kworker/5:0-events
08:47:36 PM     0    146022      1.00      0.00  kworker/11:1-mm_percpu_wq
08:47:36 PM     0    154179      5.00      0.00  kworker/2:2-events
08:47:36 PM     0    159214      1.00      0.00  kworker/7:1-mm_percpu_wq
08:47:36 PM     0    159909      3.00      0.00  kworker/6:2-events
08:47:36 PM     0    164357      1.00      0.00  kworker/10:0-mm_percpu_wq
08:47:36 PM     0    168024      4.00      0.00  kworker/8:2-events
08:47:36 PM     0    170864      2.00      0.00  kworker/1:1-mm_percpu_wq
08:47:36 PM     0    173734      2.00      0.00  kworker/4:0-mm_percpu_wq
08:47:36 PM     0    174020      1.00      8.00  iostat
08:47:36 PM     0    174021      1.00      0.00  pidstat
08:47:36 PM     0    174022      4.00      1.00  bash
08:47:36 PM     0    174023      5.00      3.00  bash
08:47:36 PM     0    174024      4.00      1.00  bash
08:47:36 PM     0    174026     99.00      3.00  fio
08:47:36 PM     0    174361      1.00      0.00  sleep
08:47:36 PM     0    174371      1.00      0.00  sleep
08:47:36 PM     0    174373      1.00      0.00  sleep

08:47:36 PM   UID       PID   cswch/s nvcswch/s  Command
08:47:37 PM     0         1      1.00      0.00  systemd
08:47:37 PM     0        17     27.00      0.00  rcu_preempt
08:47:37 PM     0        24      3.00      0.00  ksoftirqd/1
08:47:37 PM     0        29      2.00      0.00  migration/2
08:47:37 PM     0        30      1.00      0.00  ksoftirqd/2
08:47:37 PM     0        41      1.00      0.00  migration/4
08:47:37 PM     0        42      1.00      0.00  ksoftirqd/4
08:47:37 PM     0        47      1.00      0.00  migration/5
08:47:37 PM     0        48      1.00      0.00  ksoftirqd/5
08:47:37 PM     0        53      1.00      0.00  migration/6
08:47:37 PM     0        60      2.00      0.00  ksoftirqd/7
08:47:37 PM     0        71      3.00      0.00  migration/9
08:47:37 PM     0        95      2.00      0.00  kcompactd0
08:47:37 PM     0       415      1.00      0.00  systemd-journal
08:47:37 PM     0       453      2.00      0.00  multipathd
08:47:37 PM     0       463      1.00      0.00  systemd-udevd
08:47:37 PM   104       622      1.00      0.00  systemd-timesyn
08:47:37 PM     0     88840      1.00      0.00  kworker/u24:1-edac-poller
08:47:37 PM     0    112707      1.00      0.00  kworker/3:0-mm_percpu_wq
08:47:37 PM     0    118120      3.00      0.00  kworker/9:2-events
08:47:37 PM     0    137207      1.00      0.00  kworker/0:2-events
08:47:37 PM     0    143435      3.00      0.00  kworker/5:0-events
08:47:37 PM     0    146022      2.00      0.00  kworker/11:1-events
08:47:37 PM     0    154179      3.00      0.00  kworker/2:2-events
08:47:37 PM     0    159214      3.00      0.00  kworker/7:1-events
08:47:37 PM     0    159909      3.00      0.00  kworker/6:2-events
08:47:37 PM     0    164357      6.00      0.00  kworker/10:0-events
08:47:37 PM     0    168024      3.00      0.00  kworker/8:2-mm_percpu_wq
08:47:37 PM     0    170864      4.00      0.00  kworker/1:1-events
08:47:37 PM     0    173734      1.00      0.00  kworker/4:0-mm_percpu_wq
08:47:37 PM     0    174020      1.00      0.00  iostat
08:47:37 PM     0    174021      1.00      0.00  pidstat
08:47:37 PM     0    174022      4.00      2.00  bash
08:47:37 PM     0    174023      7.00      4.00  bash
08:47:37 PM     0    174024      3.00      4.00  bash
08:47:37 PM     0    174026     99.00      6.00  fio
08:47:37 PM     0    174376      1.00      1.00  sleep
08:47:37 PM     0    174387      1.00      4.00  sleep
08:47:37 PM     0    174388      1.00      6.00  sleep

08:47:37 PM   UID       PID   cswch/s nvcswch/s  Command
08:47:38 PM     0        17     36.00      0.00  rcu_preempt
08:47:38 PM     0        18      2.00      0.00  migration/0
08:47:38 PM     0        23      2.00      0.00  migration/1
08:47:38 PM     0        24      1.00      0.00  ksoftirqd/1
08:47:38 PM     0        29      2.00      0.00  migration/2
08:47:38 PM     0        35      1.00      0.00  migration/3
08:47:38 PM     0        36      1.00      0.00  ksoftirqd/3
08:47:38 PM     0        41      1.00      0.00  migration/4
08:47:38 PM     0        47      4.00      0.00  migration/5
08:47:38 PM     0        48      1.00      0.00  ksoftirqd/5
08:47:38 PM     0        53      2.00      0.00  migration/6
08:47:38 PM     0        54      2.00      0.00  ksoftirqd/6
08:47:38 PM     0        59      1.00      0.00  migration/7
08:47:38 PM     0        65      1.00      0.00  migration/8
08:47:38 PM     0        66      1.00      0.00  ksoftirqd/8
08:47:38 PM     0        71      1.00      0.00  migration/9
08:47:38 PM     0        77      1.00      0.00  migration/10
08:47:38 PM     0        83      1.00      0.00  migration/11
08:47:38 PM     0        95      2.00      0.00  kcompactd0
08:47:38 PM     0       102      1.00      0.00  irq/9-acpi
08:47:38 PM     0       453      3.00      0.00  multipathd
08:47:38 PM     0       562      3.00      0.00  jbd2/nvme1n1p3-8
08:47:38 PM     0     88840      4.00      1.00  kworker/u24:1-edac-poller
08:47:38 PM     0    112707      5.00      0.00  kworker/3:0-events
08:47:38 PM     0    118120      2.00      0.00  kworker/9:2-mm_percpu_wq
08:47:38 PM     0    137207      2.00      0.00  kworker/0:2-kacpi_notify
08:47:38 PM     0    143435      1.00      0.00  kworker/5:0-mm_percpu_wq
08:47:38 PM     0    146022      2.00      0.00  kworker/11:1-events
08:47:38 PM     0    154179      1.00      0.00  kworker/2:2-mm_percpu_wq
08:47:38 PM     0    159214      2.00      0.00  kworker/7:1-events
08:47:38 PM     0    159909      2.00      0.00  kworker/6:2-events
08:47:38 PM     0    162126      2.00      0.00  kworker/8:1-events
08:47:38 PM     0    164357      1.00      0.00  kworker/10:0-mm_percpu_wq
08:47:38 PM     0    168024    585.00      3.00  kworker/8:2+events
08:47:38 PM     0    170864      3.00      1.00  kworker/1:1-events
08:47:38 PM     0    172777      1.00      0.00  kworker/8:0+i915-unordered
08:47:38 PM     0    173734      1.00      1.00  kworker/4:0-mm_percpu_wq
08:47:38 PM     0    174020      1.00      2.00  iostat
08:47:38 PM     0    174021      1.00     81.00  pidstat
08:47:38 PM     0    174022      4.00      8.00  bash
08:47:38 PM     0    174023      7.00      4.00  bash
08:47:38 PM     0    174024      3.00      5.00  bash
08:47:38 PM     0    174026    100.00      3.00  fio
08:47:38 PM     0    174391      1.00      2.00  sleep
08:47:38 PM     0    174402      1.00      3.00  sleep
08:47:38 PM     0    174403      1.00      1.00  sleep

08:47:38 PM   UID       PID   cswch/s nvcswch/s  Command
08:47:39 PM     0        17     45.00      0.00  rcu_preempt
08:47:39 PM     0        23      1.00      0.00  migration/1
08:47:39 PM     0        24      2.00      0.00  ksoftirqd/1
08:47:39 PM     0        29      1.00      0.00  migration/2
08:47:39 PM     0        41      5.00      0.00  migration/4
08:47:39 PM     0        42      1.00      0.00  ksoftirqd/4
08:47:39 PM     0        60      1.00      0.00  ksoftirqd/7
08:47:39 PM     0        83      1.00      0.00  migration/11
08:47:39 PM     0        95      2.00      0.00  kcompactd0
08:47:39 PM     0       113      1.00      0.00  kworker/5:1H-kblockd
08:47:39 PM     0       187      1.00      0.00  kworker/0:1H-kblockd
08:47:39 PM     0       453      2.00      0.00  multipathd
08:47:39 PM     0     88840      3.00      1.00  kworker/u24:1-ext4-rsv-conversion
08:47:39 PM     0     98256      5.00      0.00  kworker/u24:2-events_power_efficient
08:47:39 PM     0    112707      1.00      0.00  kworker/3:0-mm_percpu_wq
08:47:39 PM     0    118120      1.00      0.00  kworker/9:2-mm_percpu_wq
08:47:39 PM     0    137207      1.00      0.00  kworker/0:2-events
08:47:39 PM     0    143435      1.00      0.00  kworker/5:0-mm_percpu_wq
08:47:39 PM     0    146022      1.00      0.00  kworker/11:1-mm_percpu_wq
08:47:39 PM     0    154179      2.00      0.00  kworker/2:2-events
08:47:39 PM     0    159214      6.00      0.00  kworker/7:1-events
08:47:39 PM     0    159909      6.00      0.00  kworker/6:2-events
08:47:39 PM     0    162126      1.00      0.00  kworker/8:1-events
08:47:39 PM     0    164357      2.00      0.00  kworker/10:0-mm_percpu_wq
08:47:39 PM     0    168024    564.00      4.00  kworker/8:2-events
08:47:39 PM     0    170864      2.00      0.00  kworker/1:1-events
08:47:39 PM     0    172777   1138.00      6.00  kworker/8:0-events
08:47:39 PM     0    173734      2.00      0.00  kworker/4:0-events
08:47:39 PM     0    174020      1.00      1.00  iostat
08:47:39 PM     0    174021      1.00     15.00  pidstat
08:47:39 PM     0    174022      3.00      0.00  bash
08:47:39 PM     0    174023      6.00     10.00  bash
08:47:39 PM     0    174024      3.00      3.00  bash
08:47:39 PM     0    174026    100.00      0.00  fio
08:47:39 PM     0    174406      1.00      2.00  sleep
08:47:39 PM     0    174417      1.00      0.00  sleep
08:47:39 PM     0    174418      1.00      1.00  sleep

08:47:39 PM   UID       PID   cswch/s nvcswch/s  Command
08:47:40 PM     0        17     58.00      0.00  rcu_preempt
08:47:40 PM     0        24      1.00      0.00  ksoftirqd/1
08:47:40 PM     0        30      1.00      0.00  ksoftirqd/2
08:47:40 PM     0        36      1.00      0.00  ksoftirqd/3
08:47:40 PM     0        41      1.00      0.00  migration/4
08:47:40 PM     0        47      1.00      0.00  migration/5
08:47:40 PM     0        48      2.00      0.00  ksoftirqd/5
08:47:40 PM     0        72      1.00      0.00  ksoftirqd/9
08:47:40 PM     0        78      1.00      0.00  ksoftirqd/10
08:47:40 PM     0        83      1.00      0.00  migration/11
08:47:40 PM     0        95      2.00      0.00  kcompactd0
08:47:40 PM     0       453      1.00      0.00  multipathd
08:47:40 PM     0     88840      2.00      0.00  kworker/u24:1-edac-poller
08:47:40 PM     0    112707      1.00      0.00  kworker/3:0-mm_percpu_wq
08:47:40 PM     0    118120      3.00      1.00  kworker/9:2-events
08:47:40 PM     0    137207      2.00      0.00  kworker/0:2-events
08:47:40 PM     0    143435      1.00      0.00  kworker/5:0-mm_percpu_wq
08:47:40 PM     0    146022      1.00      0.00  kworker/11:1-mm_percpu_wq
08:47:40 PM     0    154179      2.00      0.00  kworker/2:2-events
08:47:40 PM     0    159214      1.00      0.00  kworker/7:1-mm_percpu_wq
08:47:40 PM     0    159909      2.00      0.00  kworker/6:2-events
08:47:40 PM     0    164357      3.00      0.00  kworker/10:0-events
08:47:40 PM     0    170864      1.00      0.00  kworker/1:1-mm_percpu_wq
08:47:40 PM     0    172777     11.00      0.00  kworker/8:0-events
08:47:40 PM     0    173734      1.00      0.00  kworker/4:0-mm_percpu_wq
08:47:40 PM     0    174020      1.00      0.00  iostat
08:47:40 PM     0    174021      1.00      5.00  pidstat
08:47:40 PM     0    174022      4.00      3.00  bash
08:47:40 PM     0    174023      5.00      2.00  bash
08:47:40 PM     0    174024      3.00      0.00  bash
08:47:40 PM     0    174026    100.00      0.00  fio
08:47:40 PM     0    174421      1.00      0.00  sleep
08:47:40 PM     0    174432      1.00      0.00  sleep
08:47:40 PM     0    174433      1.00      2.00  sleep

08:47:40 PM   UID       PID   cswch/s nvcswch/s  Command
08:47:41 PM     0        16      0.98      0.00  ksoftirqd/0
08:47:41 PM     0        17     60.78      0.00  rcu_preempt
08:47:41 PM     0        42      0.98      0.00  ksoftirqd/4
08:47:41 PM     0        59      0.98      0.00  migration/7
08:47:41 PM     0        60      1.96      0.00  ksoftirqd/7
08:47:41 PM     0        77      0.98      0.00  migration/10
08:47:41 PM     0        78      0.98      0.00  ksoftirqd/10
08:47:41 PM     0        83      0.98      0.00  migration/11
08:47:41 PM     0        95      1.96      0.00  kcompactd0
08:47:41 PM     0       453      1.96      0.00  multipathd
08:47:41 PM     0     88840      0.98      0.00  kworker/u24:1-edac-poller
08:47:41 PM     0    112707      1.96      0.00  kworker/3:0-events
08:47:41 PM     0    118120      2.94      0.00  kworker/9:2-mm_percpu_wq
08:47:41 PM     0    137207      1.96      0.00  kworker/0:2-events
08:47:41 PM     0    143435      1.96      0.00  kworker/5:0-events
08:47:41 PM     0    146022      0.98      0.00  kworker/11:1-mm_percpu_wq
08:47:41 PM     0    154179      1.96      0.00  kworker/2:2-events
08:47:41 PM     0    159214      1.96      0.00  kworker/7:1-mm_percpu_wq
08:47:41 PM     0    159909      2.94      0.00  kworker/6:2-events
08:47:41 PM     0    164357      3.92      0.00  kworker/10:0-mm_percpu_wq
08:47:41 PM     0    170864      2.94      0.00  kworker/1:1-events
08:47:41 PM     0    172777      2.94      0.00  kworker/8:0-events
08:47:41 PM     0    173734      2.94      0.00  kworker/4:0-events
08:47:41 PM     0    174020      0.98      0.00  iostat
08:47:41 PM     0    174021      0.98      2.94  pidstat
08:47:41 PM     0    174022      3.92      0.00  bash
08:47:41 PM     0    174023      5.88      0.00  bash
08:47:41 PM     0    174024      2.94      0.00  bash
08:47:41 PM     0    174026     97.06      0.00  fio
08:47:41 PM     0    174436      0.98      0.00  sleep
08:47:41 PM     0    174447      0.98      0.98  sleep
08:47:41 PM     0    174448      0.98      0.98  sleep

08:47:41 PM   UID       PID   cswch/s nvcswch/s  Command
08:47:42 PM     0         1      0.99      0.00  systemd
08:47:42 PM     0        17     57.43      0.00  rcu_preempt
08:47:42 PM     0        18      0.99      0.00  migration/0
08:47:42 PM     0        23      1.98      0.00  migration/1
08:47:42 PM     0        24      0.99      0.00  ksoftirqd/1
08:47:42 PM     0        29      0.99      0.00  migration/2
08:47:42 PM     0        35      0.99      0.00  migration/3
08:47:42 PM     0        41      0.99      0.00  migration/4
08:47:42 PM     0        42      0.99      0.00  ksoftirqd/4
08:47:42 PM     0        47      0.99      0.00  migration/5
08:47:42 PM     0        53      0.99      0.00  migration/6
08:47:42 PM     0        54      0.99      0.99  ksoftirqd/6
08:47:42 PM     0        59      0.99      0.00  migration/7
08:47:42 PM     0        60      0.99      0.00  ksoftirqd/7
08:47:42 PM     0        65      0.99      0.00  migration/8
08:47:42 PM     0        71      0.99      0.00  migration/9
08:47:42 PM     0        77      0.99      0.00  migration/10
08:47:42 PM     0        83      1.98      0.00  migration/11
08:47:42 PM     0        84      0.99      0.00  ksoftirqd/11
08:47:42 PM     0        95      1.98      0.00  kcompactd0
08:47:42 PM     0       195      0.99      0.00  kworker/6:1H-kblockd
08:47:42 PM     0       453      0.99      0.00  multipathd
08:47:42 PM   101       608      0.99      0.00  systemd-network
08:47:42 PM     0     88840      1.98      0.00  kworker/u24:1-edac-poller
08:47:42 PM     0    112707      0.99      0.00  kworker/3:0-mm_percpu_wq
08:47:42 PM     0    118120      1.98      0.00  kworker/9:2-events
08:47:42 PM     0    137207      2.97      0.00  kworker/0:2-events
08:47:42 PM     0    143435      3.96      0.00  kworker/5:0-events
08:47:42 PM     0    146022      3.96      0.00  kworker/11:1-events
08:47:42 PM     0    154179      2.97      0.00  kworker/2:2-events
08:47:42 PM     0    159214      2.97      0.00  kworker/7:1-events
08:47:42 PM     0    159909      2.97      0.00  kworker/6:2-events
08:47:42 PM     0    164357      2.97      0.00  kworker/10:0-events
08:47:42 PM     0    170864      1.98      0.00  kworker/1:1-events
08:47:42 PM     0    172777      2.97      0.00  kworker/8:0-events
08:47:42 PM     0    173734      0.99      0.00  kworker/4:0-mm_percpu_wq
08:47:42 PM     0    174020      0.99      0.00  iostat
08:47:42 PM     0    174021      0.99      2.97  pidstat
08:47:42 PM     0    174022      2.97      0.00  bash
08:47:42 PM     0    174023      5.94      0.00  bash
08:47:42 PM     0    174024      2.97      0.00  bash
08:47:42 PM     0    174026     99.01      0.00  fio
08:47:42 PM     0    174451      0.99      0.00  sleep
08:47:42 PM     0    174462      0.99      0.99  sleep
08:47:42 PM     0    174463      0.99      0.00  sleep

08:47:42 PM   UID       PID   cswch/s nvcswch/s  Command
08:47:43 PM     0        16      1.00      0.00  ksoftirqd/0
08:47:43 PM     0        17     29.00      0.00  rcu_preempt
08:47:43 PM     0        42      1.00      0.00  ksoftirqd/4
08:47:43 PM     0        48      2.00      0.00  ksoftirqd/5
08:47:43 PM     0        60      1.00      0.00  ksoftirqd/7
08:47:43 PM     0        95      2.00      0.00  kcompactd0
08:47:43 PM     0       453      1.00      0.00  multipathd
08:47:43 PM     0       562      3.00      0.00  jbd2/nvme1n1p3-8
08:47:43 PM     0     21554      1.00      0.00  packagekitd
08:47:43 PM     0     88840      1.00      0.00  kworker/u24:1-edac-poller
08:47:43 PM     0    112707      2.00      0.00  kworker/3:0-events
08:47:43 PM     0    118120      1.00      0.00  kworker/9:2-mm_percpu_wq
08:47:43 PM     0    137207      3.00      0.00  kworker/0:2-events
08:47:43 PM     0    143435      2.00      0.00  kworker/5:0-events
08:47:43 PM     0    146022      1.00      0.00  kworker/11:1-mm_percpu_wq
08:47:43 PM     0    154179      2.00      0.00  kworker/2:2-events
08:47:43 PM     0    159214      3.00      0.00  kworker/7:1-events
08:47:43 PM     0    159909      3.00      0.00  kworker/6:2-events
08:47:43 PM     0    164357      1.00      0.00  kworker/10:0-mm_percpu_wq
08:47:43 PM     0    170864      3.00      0.00  kworker/1:1-events
08:47:43 PM     0    172777      5.00      0.00  kworker/8:0-events
08:47:43 PM     0    173734      3.00      0.00  kworker/4:0-events
08:47:43 PM     0    174020      1.00      0.00  iostat
08:47:43 PM     0    174021      1.00      4.00  pidstat
08:47:43 PM     0    174022      4.00      0.00  bash
08:47:43 PM     0    174023      3.00      0.00  bash
08:47:43 PM     0    174024      3.00      1.00  bash
08:47:43 PM     0    174026     97.00      0.00  fio
08:47:43 PM     0    174466      1.00      0.00  sleep
08:47:43 PM     0    174471      0.00      4.00  ps
08:47:43 PM     0    174472      1.00      0.00  awk
08:47:43 PM     0    174473      1.00      0.00  sort
08:47:43 PM     0    174474      1.00      0.00  uniq
08:47:43 PM     0    174475      1.00      0.00  tr

08:47:43 PM   UID       PID   cswch/s nvcswch/s  Command
08:47:44 PM     0        17     36.27      0.00  rcu_preempt
08:47:44 PM     0        30      0.98      0.98  ksoftirqd/2
08:47:44 PM     0        60      0.98      0.00  ksoftirqd/7
08:47:44 PM     0        78      0.98      0.00  ksoftirqd/10
08:47:44 PM     0        95      1.96      0.00  kcompactd0
08:47:44 PM     0       189      1.96      0.00  kworker/4:1H-kblockd
08:47:44 PM     0       453      1.96      0.00  multipathd
08:47:44 PM     0     88840      5.88      0.00  kworker/u24:1-ext4-rsv-conversion
08:47:44 PM     0     98256      1.96      0.00  kworker/u24:2-ext4-rsv-conversion
08:47:44 PM     0    112707      3.92      0.00  kworker/3:0-events
08:47:44 PM     0    118120      1.96      0.00  kworker/9:2-mm_percpu_wq
08:47:44 PM     0    137207      3.92      0.00  kworker/0:2-events
08:47:44 PM     0    143435      0.98      0.00  kworker/5:0-mm_percpu_wq
08:47:44 PM     0    146022      0.98      0.00  kworker/11:1-mm_percpu_wq
08:47:44 PM     0    154179      1.96      0.00  kworker/2:2-mm_percpu_wq
08:47:44 PM     0    159214      1.96      0.00  kworker/7:1-events
08:47:44 PM     0    159909      0.98      0.00  kworker/6:2-mm_percpu_wq
08:47:44 PM     0    164357      2.94      0.00  kworker/10:0-events
08:47:44 PM     0    170864      1.96      0.00  kworker/1:1-events
08:47:44 PM     0    172777      1.96      0.00  kworker/8:0-mm_percpu_wq
08:47:44 PM     0    173734      0.98      0.00  kworker/4:0-mm_percpu_wq
08:47:44 PM     0    174020      0.98      0.00  iostat
08:47:44 PM     0    174021      0.98      2.94  pidstat
08:47:44 PM     0    174022      0.98      0.00  bash
08:47:44 PM     0    174023      1.96      0.00  bash
08:47:44 PM     0    174024      3.92      0.00  bash
08:47:44 PM     0    174026     98.04      0.00  fio
08:47:44 PM     0    174478      0.98      0.00  sleep
08:47:44 PM     0    174481      0.98      0.00  sleep

08:47:44 PM   UID       PID   cswch/s nvcswch/s  Command
08:47:45 PM     0        17     52.00      0.00  rcu_preempt
08:47:45 PM     0        23      2.00      0.00  migration/1
08:47:45 PM     0        36      1.00      0.00  ksoftirqd/3
08:47:45 PM     0        42      3.00      0.00  ksoftirqd/4
08:47:45 PM     0        48      1.00      0.00  ksoftirqd/5
08:47:45 PM     0        60      2.00      0.00  ksoftirqd/7
08:47:45 PM     0        72      1.00      0.00  ksoftirqd/9
08:47:45 PM     0        78      1.00      0.00  ksoftirqd/10
08:47:45 PM     0        95      2.00      0.00  kcompactd0
08:47:45 PM     0       113      1.00      0.00  kworker/5:1H-kblockd
08:47:45 PM     0       453      1.00      0.00  multipathd
08:47:45 PM     0     88840      3.00      1.00  kworker/u24:1-events_power_efficient
08:47:45 PM     0     98256      1.00      0.00  kworker/u24:2-events_power_efficient
08:47:45 PM     0    112707      2.00      0.00  kworker/3:0-events
08:47:45 PM     0    118120      2.00      0.00  kworker/9:2-mm_percpu_wq
08:47:45 PM     0    137207      3.00      0.00  kworker/0:2-events
08:47:45 PM     0    143435      4.00      0.00  kworker/5:0-events
08:47:45 PM     0    146022      3.00      0.00  kworker/11:1-events
08:47:45 PM     0    154179      1.00      0.00  kworker/2:2-mm_percpu_wq
08:47:45 PM     0    159214      3.00      0.00  kworker/7:1-events
08:47:45 PM     0    159909      2.00      0.00  kworker/6:2-events
08:47:45 PM     0    164357      1.00      0.00  kworker/10:0-mm_percpu_wq
08:47:45 PM     0    170864      3.00      0.00  kworker/1:1-events
08:47:45 PM     0    172777      2.00      0.00  kworker/8:0-events
08:47:45 PM     0    173734      1.00      0.00  kworker/4:0-mm_percpu_wq
08:47:45 PM     0    174020      1.00      0.00  iostat
08:47:45 PM     0    174021      1.00      3.00  pidstat
08:47:45 PM     0    174022      3.00      0.00  bash
08:47:45 PM     0    174023      8.00      1.00  bash
08:47:45 PM     0    174024      5.00      0.00  bash
08:47:45 PM     0    174026     98.00      0.00  fio
08:47:45 PM     0    174493      1.00      0.00  sleep
08:47:45 PM     0    174495      1.00      0.00  sleep
08:47:45 PM     0    174496      1.00      0.00  sleep

08:47:45 PM   UID       PID   cswch/s nvcswch/s  Command
08:47:46 PM     0        16      1.98      0.00  ksoftirqd/0
08:47:46 PM     0        17     57.43      0.00  rcu_preempt
08:47:46 PM     0        18      0.99      0.00  migration/0
08:47:46 PM     0        23      0.99      0.00  migration/1
08:47:46 PM     0        24      0.99      0.00  ksoftirqd/1
08:47:46 PM     0        29      0.99      0.00  migration/2
08:47:46 PM     0        35      0.99      0.00  migration/3
08:47:46 PM     0        41      0.99      0.00  migration/4
08:47:46 PM     0        47      0.99      0.00  migration/5
08:47:46 PM     0        53      0.99      0.00  migration/6
08:47:46 PM     0        54      3.96      0.00  ksoftirqd/6
08:47:46 PM     0        59      0.99      0.00  migration/7
08:47:46 PM     0        60      2.97      0.00  ksoftirqd/7
08:47:46 PM     0        65      0.99      0.00  migration/8
08:47:46 PM     0        71      0.99      0.00  migration/9
08:47:46 PM     0        77      0.99      0.00  migration/10
08:47:46 PM     0        83      0.99      0.00  migration/11
08:47:46 PM     0        95      1.98      0.00  kcompactd0
08:47:46 PM     0       453      1.98      0.00  multipathd
08:47:46 PM     0     88840      1.98      0.00  kworker/u24:1-edac-poller
08:47:46 PM     0    112707      0.99      0.00  kworker/3:0-mm_percpu_wq
08:47:46 PM     0    118120      2.97      0.00  kworker/9:2-mm_percpu_wq
08:47:46 PM     0    137207      1.98      0.00  kworker/0:2-events
08:47:46 PM     0    143435      1.98      0.00  kworker/5:0-mm_percpu_wq
08:47:46 PM     0    146022      0.99      0.00  kworker/11:1-mm_percpu_wq
08:47:46 PM     0    154179      0.99      0.00  kworker/2:2-mm_percpu_wq
08:47:46 PM     0    159214      3.96      0.00  kworker/7:1-events
08:47:46 PM     0    159909      2.97      0.00  kworker/6:2-events
08:47:46 PM     0    164357      2.97      0.00  kworker/10:0-events
08:47:46 PM     0    170864      1.98      0.00  kworker/1:1-events
08:47:46 PM     0    172777      1.98      0.00  kworker/8:0-events
08:47:46 PM     0    173734      2.97      0.00  kworker/4:0-events
08:47:46 PM     0    174020      0.99      0.00  iostat
08:47:46 PM     0    174021      0.99      2.97  pidstat
08:47:46 PM     0    174022      3.96      0.00  bash
08:47:46 PM     0    174023      3.96      0.00  bash
08:47:46 PM     0    174024      2.97      0.00  bash
08:47:46 PM     0    174026     95.05      0.00  fio
08:47:46 PM     0    174502      0.99      0.00  sleep
08:47:46 PM     0    174510      0.99      0.00  sleep
08:47:46 PM     0    174511      0.99      0.00  sleep

08:47:46 PM   UID       PID   cswch/s nvcswch/s  Command
08:47:47 PM     0        17     65.00      0.00  rcu_preempt
08:47:47 PM     0        23      1.00      0.00  migration/1
08:47:47 PM     0        24      2.00      0.00  ksoftirqd/1
08:47:47 PM     0        30      1.00      0.00  ksoftirqd/2
08:47:47 PM     0        42      1.00      0.00  ksoftirqd/4
08:47:47 PM     0        54      2.00      0.00  ksoftirqd/6
08:47:47 PM     0        60      2.00      0.00  ksoftirqd/7
08:47:47 PM     0        66      1.00      0.00  ksoftirqd/8
08:47:47 PM     0        95      2.00      0.00  kcompactd0
08:47:47 PM     0       453      1.00      0.00  multipathd
08:47:47 PM     0     88840      1.00      0.00  kworker/u24:1-edac-poller
08:47:47 PM     0    112707      1.00      0.00  kworker/3:0-mm_percpu_wq
08:47:47 PM     0    118120      2.00      0.00  kworker/9:2-events
08:47:47 PM     0    137207      2.00      0.00  kworker/0:2-events
08:47:47 PM     0    143435      1.00      0.00  kworker/5:0-mm_percpu_wq
08:47:47 PM     0    146022      2.00      0.00  kworker/11:1-events
08:47:47 PM     0    154179      1.00      0.00  kworker/2:2-mm_percpu_wq
08:47:47 PM     0    159214      5.00      0.00  kworker/7:1-events
08:47:47 PM     0    159909      3.00      0.00  kworker/6:2-events
08:47:47 PM     0    164357      2.00      0.00  kworker/10:0-events
08:47:47 PM     0    170864      2.00      0.00  kworker/1:1-events
08:47:47 PM     0    172777      1.00      0.00  kworker/8:0-mm_percpu_wq
08:47:47 PM     0    173734      1.00      0.00  kworker/4:0-mm_percpu_wq
08:47:47 PM     0    174020      1.00      0.00  iostat
08:47:47 PM     0    174021      1.00      4.00  pidstat
08:47:47 PM     0    174022      6.00      0.00  bash
08:47:47 PM     0    174023      7.00      0.00  bash
08:47:47 PM     0    174024      3.00      0.00  bash
08:47:47 PM     0    174026     98.00      0.00  fio
08:47:47 PM     0    174514      1.00      0.00  sleep
08:47:47 PM     0    174525      1.00      0.00  sleep
08:47:47 PM     0    174526      1.00      0.00  sleep

08:47:47 PM   UID       PID   cswch/s nvcswch/s  Command
08:47:48 PM     0        16      1.00      0.00  ksoftirqd/0
08:47:48 PM     0        17     67.00      0.00  rcu_preempt
08:47:48 PM     0        24      3.00      0.00  ksoftirqd/1
08:47:48 PM     0        36      1.00      0.00  ksoftirqd/3
08:47:48 PM     0        54      1.00      0.00  ksoftirqd/6
08:47:48 PM     0        78      1.00      0.00  ksoftirqd/10
08:47:48 PM     0        84      1.00      0.00  ksoftirqd/11
08:47:48 PM     0        95      2.00      0.00  kcompactd0
08:47:48 PM     0       191      1.00      0.00  kworker/1:1H-kblockd
08:47:48 PM     0       453      2.00      0.00  multipathd
08:47:48 PM     0       562      3.00      0.00  jbd2/nvme1n1p3-8
08:47:48 PM     0     88840      4.00      1.00  kworker/u24:1-edac-poller
08:47:48 PM     0     98256      1.00      0.00  kworker/u24:2-flush-259:1
08:47:48 PM     0    112707      1.00      0.00  kworker/3:0-mm_percpu_wq
08:47:48 PM     0    118120      2.00      0.00  kworker/9:2-events
08:47:48 PM     0    137207      2.00      0.00  kworker/0:2-events
08:47:48 PM     0    143435      1.00      0.00  kworker/5:0-mm_percpu_wq
08:47:48 PM     0    146022      1.00      0.00  kworker/11:1-mm_percpu_wq
08:47:48 PM     0    154179      1.00      0.00  kworker/2:2-mm_percpu_wq
08:47:48 PM     0    159214      1.00      0.00  kworker/7:1-mm_percpu_wq
08:47:48 PM     0    159909      1.00      0.00  kworker/6:2-mm_percpu_wq
08:47:48 PM     0    164357      3.00      0.00  kworker/10:0-events
08:47:48 PM     0    170864      1.00      0.00  kworker/1:1-mm_percpu_wq
08:47:48 PM     0    172777      1.00      0.00  kworker/8:0-mm_percpu_wq
08:47:48 PM     0    173734      1.00      0.00  kworker/4:0-mm_percpu_wq
08:47:48 PM     0    174020      1.00      0.00  iostat
08:47:48 PM     0    174021      1.00      5.00  pidstat
08:47:48 PM     0    174022      4.00      0.00  bash
08:47:48 PM     0    174023      7.00      0.00  bash
08:47:48 PM     0    174024      4.00      0.00  bash
08:47:48 PM     0    174026     98.00      0.00  fio
08:47:48 PM     0    174529      1.00      0.00  sleep
08:47:48 PM     0    174540      1.00      0.00  sleep
08:47:48 PM     0    174541      1.00      0.00  sleep

08:47:48 PM   UID       PID   cswch/s nvcswch/s  Command
08:47:49 PM     0        16      1.00      0.00  ksoftirqd/0
08:47:49 PM     0        17     71.00      0.00  rcu_preempt
08:47:49 PM     0        24      1.00      0.00  ksoftirqd/1
08:47:49 PM     0        36      2.00      0.00  ksoftirqd/3
08:47:49 PM     0        48      1.00      1.00  ksoftirqd/5
08:47:49 PM     0        54      1.00      0.00  ksoftirqd/6
08:47:49 PM     0        72      1.00      0.00  ksoftirqd/9
08:47:49 PM     0        78      1.00      0.00  ksoftirqd/10
08:47:49 PM     0        84      2.00      0.00  ksoftirqd/11
08:47:49 PM     0        95      2.00      0.00  kcompactd0
08:47:49 PM     0       453      1.00      0.00  multipathd
08:47:49 PM     0     88840      3.00      1.00  kworker/u24:1-ext4-rsv-conversion
08:47:49 PM     0     98256      1.00      1.00  kworker/u24:2-events_power_efficient
08:47:49 PM     0    112707      1.00      0.00  kworker/3:0-mm_percpu_wq
08:47:49 PM     0    118120      2.00      0.00  kworker/9:2-mm_percpu_wq
08:47:49 PM     0    137207      2.00      0.00  kworker/0:2-events
08:47:49 PM     0    143435      5.00      0.00  kworker/5:0-events
08:47:49 PM     0    146022      2.00      0.00  kworker/11:1-events
08:47:49 PM     0    154179      1.00      0.00  kworker/2:2-mm_percpu_wq
08:47:49 PM     0    156170      1.00      0.00  kworker/u24:3-events_power_efficient
08:47:49 PM     0    159214      1.00      0.00  kworker/7:1-mm_percpu_wq
08:47:49 PM     0    159909      2.00      0.00  kworker/6:2-events
08:47:49 PM     0    164357      2.00      0.00  kworker/10:0-events
08:47:49 PM     0    170864      2.00      0.00  kworker/1:1-events
08:47:49 PM     0    172777      2.00      0.00  kworker/8:0-events
08:47:49 PM     0    173734      1.00      0.00  kworker/4:0-mm_percpu_wq
08:47:49 PM     0    174020      1.00      0.00  iostat
08:47:49 PM     0    174021      1.00      4.00  pidstat
08:47:49 PM     0    174022      6.00      0.00  bash
08:47:49 PM     0    174023      7.00      0.00  bash
08:47:49 PM     0    174024      3.00      0.00  bash
08:47:49 PM     0    174026     98.00      0.00  fio
08:47:49 PM     0    174544      1.00      0.00  sleep
08:47:49 PM     0    174555      1.00      0.00  sleep
08:47:49 PM     0    174556      1.00      0.00  sleep

08:47:49 PM   UID       PID   cswch/s nvcswch/s  Command
08:47:50 PM     0        16      0.99      0.00  ksoftirqd/0
08:47:50 PM     0        17     57.43      0.00  rcu_preempt
08:47:50 PM     0        18      0.99      0.00  migration/0
08:47:50 PM     0        23      0.99      0.00  migration/1
08:47:50 PM     0        29      0.99      0.00  migration/2
08:47:50 PM     0        35      1.98      0.00  migration/3
08:47:50 PM     0        41      1.98      0.00  migration/4
08:47:50 PM     0        42      0.99      0.00  ksoftirqd/4
08:47:50 PM     0        47      0.99      0.00  migration/5
08:47:50 PM     0        48      0.99      0.00  ksoftirqd/5
08:47:50 PM     0        53      0.99      0.00  migration/6
08:47:50 PM     0        54      1.98      0.00  ksoftirqd/6
08:47:50 PM     0        59      0.99      0.00  migration/7
08:47:50 PM     0        60      0.99      0.00  ksoftirqd/7
08:47:50 PM     0        65      0.99      0.00  migration/8
08:47:50 PM     0        71      0.99      0.00  migration/9
08:47:50 PM     0        77      0.99      0.00  migration/10
08:47:50 PM     0        78      1.98      0.00  ksoftirqd/10
08:47:50 PM     0        83      0.99      0.00  migration/11
08:47:50 PM     0        84      0.99      0.00  ksoftirqd/11
08:47:50 PM     0        95      1.98      0.00  kcompactd0
08:47:50 PM     0       453      1.98      0.00  multipathd
08:47:50 PM     0     88840      2.97      0.00  kworker/u24:1-edac-poller
08:47:50 PM     0    112707      1.98      0.00  kworker/3:0-mm_percpu_wq
08:47:50 PM     0    118120      0.99      0.00  kworker/9:2-mm_percpu_wq
08:47:50 PM     0    137207      0.99      0.00  kworker/0:2-mm_percpu_wq
08:47:50 PM     0    143435      1.98      0.00  kworker/5:0-mm_percpu_wq
08:47:50 PM     0    146022      2.97      0.00  kworker/11:1-events
08:47:50 PM     0    154179      0.99      0.00  kworker/2:2-mm_percpu_wq
08:47:50 PM     0    159214      0.99      0.00  kworker/7:1-mm_percpu_wq
08:47:50 PM     0    159909      0.99      0.00  kworker/6:2-mm_percpu_wq
08:47:50 PM     0    164357      2.97      0.00  kworker/10:0-events
08:47:50 PM     0    170864      0.99      0.00  kworker/1:1-mm_percpu_wq
08:47:50 PM     0    172777      0.99      0.00  kworker/8:0-mm_percpu_wq
08:47:50 PM     0    173734      0.99      0.00  kworker/4:0-mm_percpu_wq
08:47:50 PM     0    174020      0.99      0.00  iostat
08:47:50 PM     0    174021      0.99      3.96  pidstat
08:47:50 PM     0    174022      3.96      0.00  bash
08:47:50 PM     0    174023      4.95      0.00  bash
08:47:50 PM     0    174024      3.96      0.00  bash
08:47:50 PM     0    174026     98.02      0.00  fio
08:47:50 PM     0    174559      0.99      0.00  sleep
08:47:50 PM     0    174570      0.99      0.00  sleep
08:47:50 PM     0    174571      0.99      0.99  sleep

08:47:50 PM   UID       PID   cswch/s nvcswch/s  Command
08:47:51 PM     0        16      1.98      0.00  ksoftirqd/0
08:47:51 PM     0        17     34.65      0.00  rcu_preempt
08:47:51 PM     0        24      0.99      0.00  ksoftirqd/1
08:47:51 PM     0        42      1.98      0.00  ksoftirqd/4
08:47:51 PM     0        48      0.99      0.00  ksoftirqd/5
08:47:51 PM     0        54      1.98      0.00  ksoftirqd/6
08:47:51 PM     0        60      0.99      0.00  ksoftirqd/7
08:47:51 PM     0        72      0.99      0.00  ksoftirqd/9
08:47:51 PM     0        95      1.98      0.00  kcompactd0
08:47:51 PM     0       453      0.99      0.00  multipathd
08:47:51 PM     0     88840      0.99      0.00  kworker/u24:1-edac-poller
08:47:51 PM     0    112707      1.98      0.00  kworker/3:0-events
08:47:51 PM     0    118120      0.99      0.00  kworker/9:2-mm_percpu_wq
08:47:51 PM     0    137207      1.98      0.00  kworker/0:2-events
08:47:51 PM     0    143435      1.98      0.00  kworker/5:0-events
08:47:51 PM     0    146022      1.98      0.00  kworker/11:1-events
08:47:51 PM     0    154179      0.99      0.00  kworker/2:2-mm_percpu_wq
08:47:51 PM     0    159214      1.98      0.00  kworker/7:1-events
08:47:51 PM     0    159909      2.97      0.00  kworker/6:2-events
08:47:51 PM     0    164357      2.97      0.00  kworker/10:0-events
08:47:51 PM     0    170864      1.98      0.00  kworker/1:1-events
08:47:51 PM     0    172777      0.99      0.00  kworker/8:0-mm_percpu_wq
08:47:51 PM     0    173734      0.99      0.00  kworker/4:0-mm_percpu_wq
08:47:51 PM     0    174020      0.99      0.00  iostat
08:47:51 PM     0    174021      0.99      3.96  pidstat
08:47:51 PM     0    174022      3.96      0.00  bash
08:47:51 PM     0    174023      1.98      0.00  bash
08:47:51 PM     0    174024      2.97      0.00  bash
08:47:51 PM     0    174026     98.02      0.00  fio
08:47:51 PM     0    174574      0.99      0.00  sleep
08:47:51 PM     0    174579      0.00      4.95  ps
08:47:51 PM     0    174580      0.99      0.00  awk
08:47:51 PM     0    174581      0.99      0.00  sort
08:47:51 PM     0    174582      0.99      0.00  uniq
08:47:51 PM     0    174583      0.99      0.00  tr
08:47:51 PM     0    174585      0.99      0.00  sleep

08:47:51 PM   UID       PID   cswch/s nvcswch/s  Command
08:47:52 PM     0         2      1.00      0.00  kthreadd
08:47:52 PM     0        16      1.00      0.00  ksoftirqd/0
08:47:52 PM     0        17     31.00      0.00  rcu_preempt
08:47:52 PM     0        24      1.00      0.00  ksoftirqd/1
08:47:52 PM     0        60      1.00      0.00  ksoftirqd/7
08:47:52 PM     0        95      2.00      0.00  kcompactd0
08:47:52 PM     0       102      1.00      0.00  irq/9-acpi
08:47:52 PM     0       453      1.00      0.00  multipathd
08:47:52 PM     0     88840      2.00      0.00  kworker/u24:1-edac-poller
08:47:52 PM     0    112707      2.00      0.00  kworker/3:0-mm_percpu_wq
08:47:52 PM     0    118120      1.00      0.00  kworker/9:2-mm_percpu_wq
08:47:52 PM     0    123430      2.00      1.00  kworker/6:0-i915-unordered
08:47:52 PM     0    137207      2.00      0.00  kworker/0:2-mm_percpu_wq
08:47:52 PM     0    143435      2.00      0.00  kworker/5:0-mm_percpu_wq
08:47:52 PM     0    146022      1.00      0.00  kworker/11:1-mm_percpu_wq
08:47:52 PM     0    154179      2.00      0.00  kworker/2:2-events
08:47:52 PM     0    159214      1.00      0.00  kworker/7:1-mm_percpu_wq
08:47:52 PM     0    159909      8.00      0.00  kworker/6:2-mm_percpu_wq
08:47:52 PM     0    164357      2.00      0.00  kworker/10:0-mm_percpu_wq
08:47:52 PM     0    170864      1.00      0.00  kworker/1:1-mm_percpu_wq
08:47:52 PM     0    172777      2.00      0.00  kworker/8:0-events
08:47:52 PM     0    173734      2.00      0.00  kworker/4:0-mm_percpu_wq
08:47:52 PM     0    174020      1.00      0.00  iostat
08:47:52 PM     0    174021      1.00      4.00  pidstat
08:47:52 PM     0    174022      1.00      0.00  bash
08:47:52 PM     0    174023      5.00      0.00  bash
08:47:52 PM     0    174024      3.00      0.00  bash
08:47:52 PM     0    174026     99.00      0.00  fio
08:47:52 PM     0    174586      2.00      0.00  kworker/6:1
08:47:52 PM     0    174587      1.00      0.00  sleep
08:47:52 PM     0    174590      1.00      0.00  sleep

08:47:52 PM   UID       PID   cswch/s nvcswch/s  Command
08:47:53 PM     0        16      2.00      0.00  ksoftirqd/0
08:47:53 PM     0        17     68.00      0.00  rcu_preempt
08:47:53 PM     0        36      1.00      0.00  ksoftirqd/3
08:47:53 PM     0        42      1.00      0.00  ksoftirqd/4
08:47:53 PM     0        48      2.00      0.00  ksoftirqd/5
08:47:53 PM     0        54      1.00      0.00  ksoftirqd/6
08:47:53 PM     0        60      1.00      0.00  ksoftirqd/7
08:47:53 PM     0        72      2.00      0.00  ksoftirqd/9
08:47:53 PM     0        83      1.00      0.00  migration/11
08:47:53 PM     0        95      2.00      0.00  kcompactd0
08:47:53 PM     0       453      1.00      0.00  multipathd
08:47:53 PM     0       562      3.00      0.00  jbd2/nvme1n1p3-8
08:47:53 PM     0     21554      1.00      0.00  packagekitd
08:47:53 PM     0     88840      1.00      0.00  kworker/u24:1-edac-poller
08:47:53 PM     0    112707      1.00      0.00  kworker/3:0-mm_percpu_wq
08:47:53 PM     0    118120      4.00      0.00  kworker/9:2-mm_percpu_wq
08:47:53 PM     0    137207      1.00      0.00  kworker/0:2-events
08:47:53 PM     0    143435      2.00      0.00  kworker/5:0-events
08:47:53 PM     0    146022      2.00      0.00  kworker/11:1-events
08:47:53 PM     0    154179      1.00      0.00  kworker/2:2-mm_percpu_wq
08:47:53 PM     0    159214      1.00      0.00  kworker/7:1-mm_percpu_wq
08:47:53 PM     0    159909      2.00      0.00  kworker/6:2-events
08:47:53 PM     0    164357      1.00      0.00  kworker/10:0-mm_percpu_wq
08:47:53 PM     0    170864      3.00      0.00  kworker/1:1-events
08:47:53 PM     0    172777      1.00      0.00  kworker/8:0-mm_percpu_wq
08:47:53 PM     0    173734      2.00      0.00  kworker/4:0-mm_percpu_wq
08:47:53 PM     0    174020      1.00      0.00  iostat
08:47:53 PM     0    174021      1.00      7.00  pidstat
08:47:53 PM     0    174022      3.00      0.00  bash
08:47:53 PM     0    174023      6.00      0.00  bash
08:47:53 PM     0    174024      4.00      0.00  bash
08:47:53 PM     0    174026     99.00      0.00  fio
08:47:53 PM     0    174601      1.00      0.00  sleep
08:47:53 PM     0    174602      1.00      0.00  sleep
08:47:53 PM     0    174605      1.00      0.00  sleep

08:47:53 PM   UID       PID   cswch/s nvcswch/s  Command
08:47:54 PM     0        16      2.00      0.00  ksoftirqd/0
08:47:54 PM     0        17     65.00      0.00  rcu_preempt
08:47:54 PM     0        18      1.00      0.00  migration/0
08:47:54 PM     0        23      1.00      0.00  migration/1
08:47:54 PM     0        29      1.00      0.00  migration/2
08:47:54 PM     0        30      1.00      0.00  ksoftirqd/2
08:47:54 PM     0        35      1.00      0.00  migration/3
08:47:54 PM     0        41      1.00      0.00  migration/4
08:47:54 PM     0        42      3.00      0.00  ksoftirqd/4
08:47:54 PM     0        47      1.00      0.00  migration/5
08:47:54 PM     0        48      2.00      0.00  ksoftirqd/5
08:47:54 PM     0        53      1.00      0.00  migration/6
08:47:54 PM     0        54      2.00      0.00  ksoftirqd/6
08:47:54 PM     0        59      1.00      0.00  migration/7
08:47:54 PM     0        65      1.00      0.00  migration/8
08:47:54 PM     0        71      1.00      0.00  migration/9
08:47:54 PM     0        77      1.00      0.00  migration/10
08:47:54 PM     0        78      1.00      0.00  ksoftirqd/10
08:47:54 PM     0        83      1.00      0.00  migration/11
08:47:54 PM     0        84      1.00      0.00  ksoftirqd/11
08:47:54 PM     0        95      2.00      0.00  kcompactd0
08:47:54 PM     0       187      1.00      0.00  kworker/0:1H-kblockd
08:47:54 PM     0       359      3.00      0.00  jbd2/nvme1n1p2-8
08:47:54 PM     0       415      1.00      0.00  systemd-journal
08:47:54 PM     0       453      2.00      0.00  multipathd
08:47:54 PM   101       608      2.00      0.00  systemd-network
08:47:54 PM     0     88840      3.00      0.00  kworker/u24:1-edac-poller
08:47:54 PM     0    112707      2.00      0.00  kworker/3:0-events
08:47:54 PM     0    118120      2.00      0.00  kworker/9:2-events
08:47:54 PM     0    137207      5.00      0.00  kworker/0:2-events
08:47:54 PM     0    143435      1.00      0.00  kworker/5:0-mm_percpu_wq
08:47:54 PM     0    146022      2.00      0.00  kworker/11:1-events
08:47:54 PM     0    154179      1.00      0.00  kworker/2:2-mm_percpu_wq
08:47:54 PM     0    159214      1.00      0.00  kworker/7:1-mm_percpu_wq
08:47:54 PM     0    159909      1.00      0.00  kworker/6:2-mm_percpu_wq
08:47:54 PM     0    164357      1.00      0.00  kworker/10:0-mm_percpu_wq
08:47:54 PM     0    170864      1.00      0.00  kworker/1:1-mm_percpu_wq
08:47:54 PM     0    172777      2.00      0.00  kworker/8:0-mm_percpu_wq
08:47:54 PM     0    173734      1.00      0.00  kworker/4:0-mm_percpu_wq
08:47:54 PM     0    174020      1.00      0.00  iostat
08:47:54 PM     0    174021      1.00      4.00  pidstat
08:47:54 PM     0    174022      4.00      0.00  bash
08:47:54 PM     0    174023      9.00      0.00  bash
08:47:54 PM     0    174024      3.00      0.00  bash
08:47:54 PM     0    174026     98.00      0.00  fio
08:47:54 PM     0    174616      1.00      0.00  sleep
08:47:54 PM     0    174619      1.00      0.00  sleep
08:47:54 PM     0    174620      1.00      0.00  sleep

08:47:54 PM   UID       PID   cswch/s nvcswch/s  Command
08:47:55 PM     0        16      3.00      0.00  ksoftirqd/0
08:47:55 PM     0        17     56.00      0.00  rcu_preempt
08:47:55 PM     0        24      2.00      0.00  ksoftirqd/1
08:47:55 PM     0        30      1.00      0.00  ksoftirqd/2
08:47:55 PM     0        36      1.00      0.00  ksoftirqd/3
08:47:55 PM     0        41      1.00      0.00  migration/4
08:47:55 PM     0        54      1.00      0.00  ksoftirqd/6
08:47:55 PM     0        72      1.00      0.00  ksoftirqd/9
08:47:55 PM     0        95      2.00      0.00  kcompactd0
08:47:55 PM     0       172      1.00      0.00  kworker/3:1H-kblockd
08:47:55 PM     0       453      1.00      0.00  multipathd
08:47:55 PM     0     88840      4.00      1.00  kworker/u24:1-edac-poller
08:47:55 PM     0     98256      1.00      1.00  kworker/u24:2-flush-259:1
08:47:55 PM     0    112707      2.00      0.00  kworker/3:0-events
08:47:55 PM     0    118120      2.00      0.00  kworker/9:2-events
08:47:55 PM     0    137207      4.00      0.00  kworker/0:2-events
08:47:55 PM     0    143435      2.00      0.00  kworker/5:0-events
08:47:55 PM     0    146022      3.00      0.00  kworker/11:1-events
08:47:55 PM     0    154179      1.00      0.00  kworker/2:2-mm_percpu_wq
08:47:55 PM     0    156170      1.00      0.00  kworker/u24:3-events_power_efficient
08:47:55 PM     0    159214      1.00      0.00  kworker/7:1-mm_percpu_wq
08:47:55 PM     0    159909      2.00      0.00  kworker/6:2-events
08:47:55 PM     0    164357      2.00      0.00  kworker/10:0-events
08:47:55 PM     0    170864      3.00      0.00  kworker/1:1-events
08:47:55 PM     0    172777      3.00      0.00  kworker/8:0-events
08:47:55 PM     0    173734      1.00      0.00  kworker/4:0-mm_percpu_wq
08:47:55 PM     0    174020      1.00      0.00  iostat
08:47:55 PM     0    174021      1.00      4.00  pidstat
08:47:55 PM     0    174022      4.00      0.00  bash
08:47:55 PM     0    174023      6.00      0.00  bash
08:47:55 PM     0    174024      3.00      0.00  bash
08:47:55 PM     0    174026     98.00      0.00  fio
08:47:55 PM     0    174627      1.00      0.00  sleep
08:47:55 PM     0    174635      1.00      0.00  sleep
08:47:55 PM     0    174636      1.00      0.00  sleep

08:47:55 PM   UID       PID   cswch/s nvcswch/s  Command
08:47:56 PM     0        16      1.00      0.00  ksoftirqd/0
08:47:56 PM     0        17     52.00      0.00  rcu_preempt
08:47:56 PM     0        24      3.00      0.00  ksoftirqd/1
08:47:56 PM     0        47      1.00      0.00  migration/5
08:47:56 PM     0        48      2.00      0.00  ksoftirqd/5
08:47:56 PM     0        66      2.00      0.00  ksoftirqd/8
08:47:56 PM     0        78      1.00      0.00  ksoftirqd/10
08:47:56 PM     0        95      2.00      0.00  kcompactd0
08:47:56 PM     0       453      2.00      0.00  multipathd
08:47:56 PM     0     88840      2.00      0.00  kworker/u24:1-edac-poller
08:47:56 PM     0    112707      2.00      0.00  kworker/3:0-events
08:47:56 PM     0    118120      1.00      0.00  kworker/9:2-mm_percpu_wq
08:47:56 PM     0    137207      1.00      0.00  kworker/0:2-mm_percpu_wq
08:47:56 PM     0    143435      1.00      0.00  kworker/5:0-mm_percpu_wq
08:47:56 PM     0    146022      2.00      0.00  kworker/11:1-events
08:47:56 PM     0    154179      1.00      0.00  kworker/2:2-mm_percpu_wq
08:47:56 PM     0    159214      3.00      0.00  kworker/7:1-events
08:47:56 PM     0    159909      1.00      0.00  kworker/6:2-mm_percpu_wq
08:47:56 PM     0    164357      3.00      0.00  kworker/10:0-events
08:47:56 PM     0    170864      1.00      0.00  kworker/1:1-mm_percpu_wq
08:47:56 PM     0    172777      2.00      0.00  kworker/8:0-mm_percpu_wq
08:47:56 PM     0    173734      1.00      0.00  kworker/4:0-mm_percpu_wq
08:47:56 PM     0    174020      1.00      0.00  iostat
08:47:56 PM     0    174021      1.00      4.00  pidstat
08:47:56 PM     0    174022      6.00      0.00  bash
08:47:56 PM     0    174023      8.00      0.00  bash
08:47:56 PM     0    174024      5.00      0.00  bash
08:47:56 PM     0    174026     99.00      0.00  fio
08:47:56 PM     0    174639      1.00      0.00  sleep
08:47:56 PM     0    174644      1.00      0.00  sleep
08:47:56 PM     0    174651      1.00      0.00  sleep

08:47:56 PM   UID       PID   cswch/s nvcswch/s  Command
08:47:57 PM     0        16      1.00      0.00  ksoftirqd/0
08:47:57 PM     0        17     63.00      0.00  rcu_preempt
08:47:57 PM     0        29      1.00      0.00  migration/2
08:47:57 PM     0        35      1.00      0.00  migration/3
08:47:57 PM     0        36      2.00      0.00  ksoftirqd/3
08:47:57 PM     0        42      2.00      0.00  ksoftirqd/4
08:47:57 PM     0        60      2.00      0.00  ksoftirqd/7
08:47:57 PM     0        78      1.00      0.00  ksoftirqd/10
08:47:57 PM     0        95      2.00      0.00  kcompactd0
08:47:57 PM     0       453      1.00      0.00  multipathd
08:47:57 PM     0     88840      1.00      0.00  kworker/u24:1-edac-poller
08:47:57 PM     0    112707      1.00      0.00  kworker/3:0-mm_percpu_wq
08:47:57 PM     0    118120      2.00      0.00  kworker/9:2-events
08:47:57 PM     0    137207      4.00      0.00  kworker/0:2-events
08:47:57 PM     0    143435      1.00      0.00  kworker/5:0-mm_percpu_wq
08:47:57 PM     0    146022      2.00      0.00  kworker/11:1-events
08:47:57 PM     0    154179      1.00      0.00  kworker/2:2-mm_percpu_wq
08:47:57 PM     0    159214      3.00      0.00  kworker/7:1-events
08:47:57 PM     0    159909      3.00      0.00  kworker/6:2-events
08:47:57 PM     0    164357      2.00      0.00  kworker/10:0-events
08:47:57 PM     0    170864      2.00      0.00  kworker/1:1-events
08:47:57 PM     0    172777      1.00      0.00  kworker/8:0-mm_percpu_wq
08:47:57 PM     0    173734      3.00      0.00  kworker/4:0-events
08:47:57 PM     0    174020      1.00      0.00  iostat
08:47:57 PM     0    174021      1.00      4.00  pidstat
08:47:57 PM     0    174022      5.00      0.00  bash
08:47:57 PM     0    174023      8.00      0.00  bash
08:47:57 PM     0    174024      3.00      0.00  bash
08:47:57 PM     0    174026     98.00      0.00  fio
08:47:57 PM     0    174654      1.00      0.00  sleep
08:47:57 PM     0    174659      1.00      1.00  sleep
08:47:57 PM     0    174666      1.00      0.00  sleep

08:47:57 PM   UID       PID   cswch/s nvcswch/s  Command
08:47:58 PM     0        16      0.99      0.00  ksoftirqd/0
08:47:58 PM     0        17     45.54      0.00  rcu_preempt
08:47:58 PM     0        18      0.99      0.00  migration/0
08:47:58 PM     0        23      0.99      0.00  migration/1
08:47:58 PM     0        29      0.99      0.00  migration/2
08:47:58 PM     0        35      0.99      0.00  migration/3
08:47:58 PM     0        36      0.99      0.00  ksoftirqd/3
08:47:58 PM     0        41      0.99      0.00  migration/4
08:47:58 PM     0        42      0.99      0.99  ksoftirqd/4
08:47:58 PM     0        47      0.99      0.00  migration/5
08:47:58 PM     0        53      0.99      0.00  migration/6
08:47:58 PM     0        59      0.99      0.00  migration/7
08:47:58 PM     0        60      0.99      0.00  ksoftirqd/7
08:47:58 PM     0        65      0.99      0.00  migration/8
08:47:58 PM     0        71      0.99      0.00  migration/9
08:47:58 PM     0        72      3.96      0.00  ksoftirqd/9
08:47:58 PM     0        77      0.99      0.00  migration/10
08:47:58 PM     0        78      0.99      0.00  ksoftirqd/10
08:47:58 PM     0        83      0.99      0.00  migration/11
08:47:58 PM     0        95      1.98      0.00  kcompactd0
08:47:58 PM     0       453      0.99      0.00  multipathd
08:47:58 PM     0       562      2.97      0.00  jbd2/nvme1n1p3-8
08:47:58 PM     0     88840      3.96      0.00  kworker/u24:1-edac-poller
08:47:58 PM     0    112707      0.99      0.00  kworker/3:0-mm_percpu_wq
08:47:58 PM     0    118120      1.98      0.00  kworker/9:2-events
08:47:58 PM     0    137207      0.99      0.00  kworker/0:2-mm_percpu_wq
08:47:58 PM     0    143435      0.99      0.00  kworker/5:0-mm_percpu_wq
08:47:58 PM     0    146022      0.99      0.00  kworker/11:1-mm_percpu_wq
08:47:58 PM     0    154179      0.99      0.00  kworker/2:2-mm_percpu_wq
08:47:58 PM     0    159214      0.99      0.00  kworker/7:1-mm_percpu_wq
08:47:58 PM     0    159909      0.99      0.00  kworker/6:2-mm_percpu_wq
08:47:58 PM     0    164357      1.98      0.00  kworker/10:0-mm_percpu_wq
08:47:58 PM     0    170864      0.99      0.00  kworker/1:1-mm_percpu_wq
08:47:58 PM     0    172777      1.98      0.00  kworker/8:0-mm_percpu_wq
08:47:58 PM     0    173734      1.98      0.00  kworker/4:0-events
08:47:58 PM     0    174020      0.99      0.00  iostat
08:47:58 PM     0    174021      0.99      3.96  pidstat
08:47:58 PM     0    174022      4.95      0.00  bash
08:47:58 PM     0    174023      4.95      0.00  bash
08:47:58 PM     0    174024      4.95      0.99  bash
08:47:58 PM     0    174026     98.02      0.00  fio
08:47:58 PM     0    174669      0.99      0.00  sleep
08:47:58 PM     0    174674      0.99      0.00  sleep
08:47:58 PM     0    174677      1.98      0.00  awk
08:47:58 PM     0    174678      0.99      0.00  sort
08:47:58 PM     0    174679      0.99      0.00  uniq
08:47:58 PM     0    174680      0.99      0.00  tr

08:47:58 PM   UID       PID   cswch/s nvcswch/s  Command
08:47:59 PM     0        17     44.00      0.00  rcu_preempt
08:47:59 PM     0        24      3.00      0.00  ksoftirqd/1
08:47:59 PM     0        72      1.00      0.00  ksoftirqd/9
08:47:59 PM     0        78      1.00      0.00  ksoftirqd/10
08:47:59 PM     0        84      1.00      0.00  ksoftirqd/11
08:47:59 PM     0        95      2.00      0.00  kcompactd0
08:47:59 PM     0       453      1.00      0.00  multipathd
08:47:59 PM     0     88840      3.00      0.00  kworker/u24:1-edac-poller
08:47:59 PM     0    112707      3.00      0.00  kworker/3:0-mm_percpu_wq
08:47:59 PM     0    118120      1.00      0.00  kworker/9:2-mm_percpu_wq
08:47:59 PM     0    137207      2.00      0.00  kworker/0:2-events
08:47:59 PM     0    143435      1.00      0.00  kworker/5:0-mm_percpu_wq
08:47:59 PM     0    146022      3.00      0.00  kworker/11:1-events
08:47:59 PM     0    154179      1.00      0.00  kworker/2:2-mm_percpu_wq
08:47:59 PM     0    159214      1.00      0.00  kworker/7:1-mm_percpu_wq
08:47:59 PM     0    159909      2.00      0.00  kworker/6:2-events
08:47:59 PM     0    164357      3.00      0.00  kworker/10:0-events
08:47:59 PM     0    170864      3.00      0.00  kworker/1:1-events
08:47:59 PM     0    172777      1.00      0.00  kworker/8:0-mm_percpu_wq
08:47:59 PM     0    173734      1.00      0.00  kworker/4:0-mm_percpu_wq
08:47:59 PM     0    174020      1.00      0.00  iostat
08:47:59 PM     0    174021      1.00      4.00  pidstat
08:47:59 PM     0    174022      4.00      0.00  bash
08:47:59 PM     0    174023      4.00      0.00  bash
08:47:59 PM     0    174024      3.00      1.00  bash
08:47:59 PM     0    174026     98.00      0.00  fio
08:47:59 PM     0    174681      1.00      0.00  sleep
08:47:59 PM     0    174684      1.00      0.00  sleep

08:47:59 PM   UID       PID   cswch/s nvcswch/s  Command
08:48:00 PM     0        16      1.00      0.00  ksoftirqd/0
08:48:00 PM     0        17     60.00      0.00  rcu_preempt
08:48:00 PM     0        18      1.00      0.00  migration/0
08:48:00 PM     0        30      1.00      0.00  ksoftirqd/2
08:48:00 PM     0        48      1.00      0.00  ksoftirqd/5
08:48:00 PM     0        53      1.00      0.00  migration/6
08:48:00 PM     0        84      4.00      1.00  ksoftirqd/11
08:48:00 PM     0        95      2.00      0.00  kcompactd0
08:48:00 PM     0       172      1.00      0.00  kworker/3:1H-kblockd
08:48:00 PM     0       188      1.00      0.00  kworker/2:1H-kblockd
08:48:00 PM     0       453      2.00      0.00  multipathd
08:48:00 PM     0     88840      1.00      0.00  kworker/u24:1-events_power_efficient
08:48:00 PM     0     98256      7.00      0.00  kworker/u24:2-edac-poller
08:48:00 PM     0    112707      2.00      0.00  kworker/3:0-mm_percpu_wq
08:48:00 PM     0    118120      1.00      0.00  kworker/9:2-mm_percpu_wq
08:48:00 PM     0    137207      2.00      0.00  kworker/0:2-events
08:48:00 PM     0    143435      1.00      0.00  kworker/5:0-mm_percpu_wq
08:48:00 PM     0    146022      1.00      0.00  kworker/11:1-mm_percpu_wq
08:48:00 PM     0    154179      2.00      0.00  kworker/2:2-mm_percpu_wq
08:48:00 PM     0    159214      1.00      0.00  kworker/7:1-mm_percpu_wq
08:48:00 PM     0    159909      2.00      0.00  kworker/6:2-events
08:48:00 PM     0    164357      2.00      0.00  kworker/10:0-mm_percpu_wq
08:48:00 PM     0    170864      1.00      0.00  kworker/1:1-mm_percpu_wq
08:48:00 PM     0    172777      2.00      0.00  kworker/8:0-mm_percpu_wq
08:48:00 PM     0    173734      1.00      0.00  kworker/4:0-mm_percpu_wq
08:48:00 PM     0    174020      1.00      0.00  iostat
08:48:00 PM     0    174021      1.00      4.00  pidstat
08:48:00 PM     0    174022      1.00      1.00  bash
08:48:00 PM     0    174023      6.00      0.00  bash
08:48:00 PM     0    174024      3.00      0.00  bash
08:48:00 PM     0    174026     99.00      0.00  fio
08:48:00 PM     0    174696      1.00      0.00  sleep
08:48:00 PM     0    174699      1.00      0.00  sleep

08:48:00 PM   UID       PID   cswch/s nvcswch/s  Command
08:48:01 PM     0        17     54.00      0.00  rcu_preempt
08:48:01 PM     0        23      1.00      0.00  migration/1
08:48:01 PM     0        24      1.00      0.00  ksoftirqd/1
08:48:01 PM     0        36      1.00      0.00  ksoftirqd/3
08:48:01 PM     0        53      1.00      0.00  migration/6
08:48:01 PM     0        65      1.00      0.00  migration/8
08:48:01 PM     0        72      5.00      0.00  ksoftirqd/9
08:48:01 PM     0        77      2.00      0.00  migration/10
08:48:01 PM     0        78      1.00      0.00  ksoftirqd/10
08:48:01 PM     0        83      2.00      0.00  migration/11
08:48:01 PM     0        95      2.00      0.00  kcompactd0
08:48:01 PM     0       190      1.00      0.00  kworker/10:1H-kblockd
08:48:01 PM     0       453      2.00      0.00  multipathd
08:48:01 PM     0     88840      2.00      0.00  kworker/u24:1-edac-poller
08:48:01 PM     0     98256      1.00      0.00  kworker/u24:2-events_power_efficient
08:48:01 PM     0    112707      3.00      0.00  kworker/3:0-mm_percpu_wq
08:48:01 PM     0    118120      1.00      0.00  kworker/9:2-mm_percpu_wq
08:48:01 PM     0    137207      1.00      0.00  kworker/0:2-events
08:48:01 PM     0    143435      2.00      0.00  kworker/5:0-events
08:48:01 PM     0    146022      2.00      0.00  kworker/11:1-events
08:48:01 PM     0    154179      1.00      0.00  kworker/2:2-mm_percpu_wq
08:48:01 PM     0    159214      1.00      0.00  kworker/7:1-mm_percpu_wq
08:48:01 PM     0    159909      2.00      0.00  kworker/6:2-events
08:48:01 PM     0    164357      1.00      0.00  kworker/10:0-mm_percpu_wq
08:48:01 PM     0    170864      3.00      0.00  kworker/1:1-events
08:48:01 PM     0    172777      1.00      0.00  kworker/8:0-mm_percpu_wq
08:48:01 PM     0    173734      1.00      0.00  kworker/4:0-mm_percpu_wq
08:48:01 PM     0    174020      1.00      0.00  iostat
08:48:01 PM     0    174021      1.00      4.00  pidstat
08:48:01 PM     0    174022      5.00      0.00  bash
08:48:01 PM     0    174023      7.00      0.00  bash
08:48:01 PM     0    174024      4.00      0.00  bash
08:48:01 PM     0    174026     98.00      0.00  fio
08:48:01 PM     0    174704      1.00      1.00  sleep
08:48:01 PM     0    174711      1.00      0.00  sleep
08:48:01 PM     0    174714      1.00      1.00  sleep

08:48:01 PM   UID       PID   cswch/s nvcswch/s  Command
08:48:02 PM     0        17     62.38      0.00  rcu_preempt
08:48:02 PM     0        18      0.99      0.00  migration/0
08:48:02 PM     0        23      0.99      0.00  migration/1
08:48:02 PM     0        29      0.99      0.00  migration/2
08:48:02 PM     0        30      0.99      1.98  ksoftirqd/2
08:48:02 PM     0        35      0.99      0.00  migration/3
08:48:02 PM     0        36      3.96      0.00  ksoftirqd/3
08:48:02 PM     0        41      1.98      0.00  migration/4
08:48:02 PM     0        42      1.98      0.00  ksoftirqd/4
08:48:02 PM     0        47      0.99      0.00  migration/5
08:48:02 PM     0        53      0.99      0.00  migration/6
08:48:02 PM     0        59      0.99      0.00  migration/7
08:48:02 PM     0        65      0.99      0.00  migration/8
08:48:02 PM     0        71      0.99      0.00  migration/9
08:48:02 PM     0        72      1.98      0.00  ksoftirqd/9
08:48:02 PM     0        77      0.99      0.00  migration/10
08:48:02 PM     0        83      0.99      0.00  migration/11
08:48:02 PM     0        95      1.98      0.00  kcompactd0
08:48:02 PM     0       102      0.99      0.00  irq/9-acpi
08:48:02 PM     0       453      0.99      0.00  multipathd
08:48:02 PM     0       769      3.96      0.00  cron
08:48:02 PM     0     88840      1.98      0.00  kworker/u24:1-edac-poller
08:48:02 PM     0    112707      1.98      0.00  kworker/3:0-events
08:48:02 PM     0    118120      1.98      0.00  kworker/9:2-mm_percpu_wq
08:48:02 PM     0    123430   1117.82      0.00  kworker/6:0-i915-unordered
08:48:02 PM     0    137207      2.97      0.00  kworker/0:2-events
08:48:02 PM     0    143435      0.99      0.00  kworker/5:0-mm_percpu_wq
08:48:02 PM     0    146022      0.99      0.00  kworker/11:1-mm_percpu_wq
08:48:02 PM     0    154179      1.98      0.00  kworker/2:2-events
08:48:02 PM     0    159214      1.98      0.00  kworker/7:1-events
08:48:02 PM     0    159909   1127.72      0.99  kworker/6:2-events
08:48:02 PM     0    164357      1.98      0.00  kworker/10:0-mm_percpu_wq
08:48:02 PM     0    170864      0.99      0.00  kworker/1:1-mm_percpu_wq
08:48:02 PM     0    172777      1.98      0.00  kworker/8:0-mm_percpu_wq
08:48:02 PM     0    173734      2.97      0.00  kworker/4:0-events
08:48:02 PM     0    174020      0.99      0.00  iostat
08:48:02 PM     0    174021      0.99      4.95  pidstat
08:48:02 PM     0    174022      3.96      0.00  bash
08:48:02 PM     0    174023      7.92      0.00  bash
08:48:02 PM     0    174024      2.97      0.00  bash
08:48:02 PM     0    174026    101.98      0.00  fio
08:48:02 PM     0    174719      0.99      0.00  sleep
08:48:02 PM     0    174726      0.99      0.00  sleep
08:48:02 PM     0    174729      0.99      0.00  sleep

08:48:02 PM   UID       PID   cswch/s nvcswch/s  Command
08:48:03 PM     0        16      3.00      0.00  ksoftirqd/0
08:48:03 PM     0        17     62.00      0.00  rcu_preempt
08:48:03 PM     0        29      1.00      0.00  migration/2
08:48:03 PM     0        30      1.00      0.00  ksoftirqd/2
08:48:03 PM     0        36      2.00      0.00  ksoftirqd/3
08:48:03 PM     0        48      1.00      0.00  ksoftirqd/5
08:48:03 PM     0        54      1.00      0.00  ksoftirqd/6
08:48:03 PM     0        59      1.00      0.00  migration/7
08:48:03 PM     0        65      1.00      0.00  migration/8
08:48:03 PM     0        77      1.00      0.00  migration/10
08:48:03 PM     0        84      1.00      1.00  ksoftirqd/11
08:48:03 PM     0        95      2.00      0.00  kcompactd0
08:48:03 PM     0       453      1.00      0.00  multipathd
08:48:03 PM     0       562      3.00      0.00  jbd2/nvme1n1p3-8
08:48:03 PM     0     21554      1.00      0.00  packagekitd
08:48:03 PM     0     88840      3.00      0.00  kworker/u24:1-writeback
08:48:03 PM     0    112707      1.00      0.00  kworker/3:0-mm_percpu_wq
08:48:03 PM     0    118120      2.00      0.00  kworker/9:2-events
08:48:03 PM     0    123430      3.00      0.00  kworker/6:0-events
08:48:03 PM     0    137207      2.00      0.00  kworker/0:2-events
08:48:03 PM     0    143435      2.00      0.00  kworker/5:0-events
08:48:03 PM     0    146022      3.00      0.00  kworker/11:1-events
08:48:03 PM     0    154179      3.00      0.00  kworker/2:2-events
08:48:03 PM     0    159214      1.00      0.00  kworker/7:1-mm_percpu_wq
08:48:03 PM     0    164357      2.00      0.00  kworker/10:0-events
08:48:03 PM     0    170864      3.00      0.00  kworker/1:1-events
08:48:03 PM     0    172777      1.00      0.00  kworker/8:0-mm_percpu_wq
08:48:03 PM     0    173734      1.00      0.00  kworker/4:0-mm_percpu_wq
08:48:03 PM     0    174020      1.00      0.00  iostat
08:48:03 PM     0    174021      1.00      4.00  pidstat
08:48:03 PM     0    174022      3.00      0.00  bash
08:48:03 PM     0    174023      5.00      0.00  bash
08:48:03 PM     0    174024      3.00      0.00  bash
08:48:03 PM     0    174026     94.00      0.00  fio
08:48:03 PM     0    174734      1.00      1.00  sleep
08:48:03 PM     0    174741      1.00      0.00  sleep
08:48:03 PM     0    174744      1.00      0.00  sleep

08:48:03 PM   UID       PID   cswch/s nvcswch/s  Command
08:48:04 PM     0        16      3.00      0.00  ksoftirqd/0
08:48:04 PM     0        17     68.00      0.00  rcu_preempt
08:48:04 PM     0        24      1.00      0.00  ksoftirqd/1
08:48:04 PM     0        36      2.00      0.00  ksoftirqd/3
08:48:04 PM     0        48      2.00      0.00  ksoftirqd/5
08:48:04 PM     0        60      1.00      0.00  ksoftirqd/7
08:48:04 PM     0        95      2.00      0.00  kcompactd0
08:48:04 PM     0       453      1.00      0.00  multipathd
08:48:04 PM     0     88840      2.00      0.00  kworker/u24:1-events_unbound
08:48:04 PM     0    112707      3.00      0.00  kworker/3:0-events
08:48:04 PM     0    118120      1.00      0.00  kworker/9:2-mm_percpu_wq
08:48:04 PM     0    123430      1.00      0.00  kworker/6:0-mm_percpu_wq
08:48:04 PM     0    137207      1.00      0.00  kworker/0:2-mm_percpu_wq
08:48:04 PM     0    143435      1.00      0.00  kworker/5:0-mm_percpu_wq
08:48:04 PM     0    146022      3.00      0.00  kworker/11:1-events
08:48:04 PM     0    154179      1.00      0.00  kworker/2:2-mm_percpu_wq
08:48:04 PM     0    159214      3.00      0.00  kworker/7:1-events
08:48:04 PM     0    164357      2.00      0.00  kworker/10:0-mm_percpu_wq
08:48:04 PM     0    170864      1.00      0.00  kworker/1:1-mm_percpu_wq
08:48:04 PM     0    172777      3.00      0.00  kworker/8:0-mm_percpu_wq
08:48:04 PM     0    173734      1.00      0.00  kworker/4:0-mm_percpu_wq
08:48:04 PM     0    174020      1.00      0.00  iostat
08:48:04 PM     0    174021      1.00      4.00  pidstat
08:48:04 PM     0    174022      5.00      1.00  bash
08:48:04 PM     0    174023      8.00      0.00  bash
08:48:04 PM     0    174024      3.00      0.00  bash
08:48:04 PM     0    174026     97.00      0.00  fio
08:48:04 PM     0    174749      1.00      0.00  sleep
08:48:04 PM     0    174758      1.00      0.00  sleep
08:48:04 PM     0    174759      1.00      0.00  sleep

08:48:04 PM   UID       PID   cswch/s nvcswch/s  Command
08:48:05 PM     0        16      1.00      0.00  ksoftirqd/0
08:48:05 PM     0        17     73.00      0.00  rcu_preempt
08:48:05 PM     0        36      1.00      0.00  ksoftirqd/3
08:48:05 PM     0        42      1.00      0.00  ksoftirqd/4
08:48:05 PM     0        54      5.00      0.00  ksoftirqd/6
08:48:05 PM     0        66      1.00      0.00  ksoftirqd/8
08:48:05 PM     0        72      2.00      0.00  ksoftirqd/9
08:48:05 PM     0        95      2.00      0.00  kcompactd0
08:48:05 PM     0       453      1.00      0.00  multipathd
08:48:05 PM     0     88840      2.00      1.00  kworker/u24:1-events_power_efficient
08:48:05 PM     0     98256      1.00      0.00  kworker/u24:2-events_power_efficient
08:48:05 PM     0    112707      4.00      0.00  kworker/3:0-events
08:48:05 PM     0    118120      2.00      0.00  kworker/9:2-events
08:48:05 PM     0    123430      2.00      0.00  kworker/6:0-events
08:48:05 PM     0    137207      1.00      0.00  kworker/0:2-events
08:48:05 PM     0    143435      1.00      0.00  kworker/5:0-mm_percpu_wq
08:48:05 PM     0    146022      3.00      0.00  kworker/11:1-events
08:48:05 PM     0    154179      2.00      0.00  kworker/2:2-events
08:48:05 PM     0    159214      2.00      0.00  kworker/7:1-events
08:48:05 PM     0    164357      3.00      0.00  kworker/10:0-events
08:48:05 PM     0    170864      3.00      0.00  kworker/1:1-events
08:48:05 PM     0    172777      2.00      0.00  kworker/8:0-events
08:48:05 PM     0    173734      1.00      0.00  kworker/4:0-mm_percpu_wq
08:48:05 PM     0    174020      1.00      0.00  iostat
08:48:05 PM     0    174021      1.00      4.00  pidstat
08:48:05 PM     0    174022      4.00      0.00  bash
08:48:05 PM     0    174023      4.00      1.00  bash
08:48:05 PM     0    174024      3.00      0.00  bash
08:48:05 PM     0    174026     99.00      0.00  fio
08:48:05 PM     0    174764      1.00      0.00  sleep
08:48:05 PM     0    174767      1.00      0.00  sleep
08:48:05 PM     0    174774      1.00      0.00  sleep

08:48:05 PM   UID       PID   cswch/s nvcswch/s  Command
08:48:06 PM     0        16      2.00      0.00  ksoftirqd/0
08:48:06 PM     0        17     53.00      0.00  rcu_preempt
08:48:06 PM     0        18      1.00      0.00  migration/0
08:48:06 PM     0        23      1.00      0.00  migration/1
08:48:06 PM     0        29      1.00      0.00  migration/2
08:48:06 PM     0        30      1.00      0.00  ksoftirqd/2
08:48:06 PM     0        35      1.00      0.00  migration/3
08:48:06 PM     0        41      1.00      0.00  migration/4
08:48:06 PM     0        42      1.00      0.00  ksoftirqd/4
08:48:06 PM     0        47      1.00      0.00  migration/5
08:48:06 PM     0        48      2.00      0.00  ksoftirqd/5
08:48:06 PM     0        53      1.00      0.00  migration/6
08:48:06 PM     0        54      1.00      0.00  ksoftirqd/6
08:48:06 PM     0        59      1.00      0.00  migration/7
08:48:06 PM     0        65      1.00      0.00  migration/8
08:48:06 PM     0        71      1.00      0.00  migration/9
08:48:06 PM     0        72      1.00      0.00  ksoftirqd/9
08:48:06 PM     0        77      1.00      0.00  migration/10
08:48:06 PM     0        78      1.00      0.00  ksoftirqd/10
08:48:06 PM     0        83      1.00      0.00  migration/11
08:48:06 PM     0        95      2.00      0.00  kcompactd0
08:48:06 PM     0       188      1.00      0.00  kworker/2:1H-kblockd
08:48:06 PM     0       453      1.00      0.00  multipathd
08:48:06 PM     0     88840      5.00      0.00  kworker/u24:1-events_unbound
08:48:06 PM     0    112707      1.00      0.00  kworker/3:0-mm_percpu_wq
08:48:06 PM     0    118120      2.00      0.00  kworker/9:2-events
08:48:06 PM     0    123430      1.00      0.00  kworker/6:0-mm_percpu_wq
08:48:06 PM     0    137207      2.00      0.00  kworker/0:2-events
08:48:06 PM     0    143435      1.00      0.00  kworker/5:0-mm_percpu_wq
08:48:06 PM     0    146022      1.00      0.00  kworker/11:1-mm_percpu_wq
08:48:06 PM     0    154179      1.00      0.00  kworker/2:2-mm_percpu_wq
08:48:06 PM     0    159214      1.00      0.00  kworker/7:1-mm_percpu_wq
08:48:06 PM     0    164357      4.00      0.00  kworker/10:0-events
08:48:06 PM     0    170864      1.00      0.00  kworker/1:1-mm_percpu_wq
08:48:06 PM     0    172777      2.00      0.00  kworker/8:0-mm_percpu_wq
08:48:06 PM     0    173734      1.00      0.00  kworker/4:0-mm_percpu_wq
08:48:06 PM     0    174020      1.00      0.00  iostat
08:48:06 PM     0    174021      1.00      6.00  pidstat
08:48:06 PM     0    174022      6.00      0.00  bash
08:48:06 PM     0    174023      5.00      0.00  bash
08:48:06 PM     0    174024      5.00      0.00  bash
08:48:06 PM     0    174026     99.00      0.00  fio
08:48:06 PM     0    174780      1.00      0.00  sleep
08:48:06 PM     0    174782      1.00      0.00  sleep

08:48:06 PM   UID       PID   cswch/s nvcswch/s  Command
08:48:07 PM     0        16      0.99      0.00  ksoftirqd/0
08:48:07 PM     0        17     47.52      0.00  rcu_preempt
08:48:07 PM     0        48      1.98      0.00  ksoftirqd/5
08:48:07 PM     0        60      2.97      0.99  ksoftirqd/7
08:48:07 PM     0        84      0.99      0.00  ksoftirqd/11
08:48:07 PM     0        95      1.98      0.00  kcompactd0
08:48:07 PM     0       453      0.99      0.00  multipathd
08:48:07 PM     0     88840      0.99      0.00  kworker/u24:1-edac-poller
08:48:07 PM     0    112707      1.98      0.00  kworker/3:0-events
08:48:07 PM     0    118120      0.99      0.00  kworker/9:2-mm_percpu_wq
08:48:07 PM     0    123430      1.98      0.00  kworker/6:0-events
08:48:07 PM     0    137207      0.99      0.00  kworker/0:2-events
08:48:07 PM     0    143435      0.99      0.00  kworker/5:0-mm_percpu_wq
08:48:07 PM     0    146022      2.97      0.00  kworker/11:1-events
08:48:07 PM     0    154179      0.99      0.00  kworker/2:2-mm_percpu_wq
08:48:07 PM     0    159214      1.98      0.00  kworker/7:1-events
08:48:07 PM     0    164357      1.98      0.00  kworker/10:0-events
08:48:07 PM     0    170864      2.97      0.00  kworker/1:1-events
08:48:07 PM     0    172777      0.99      0.00  kworker/8:0-mm_percpu_wq
08:48:07 PM     0    173734      0.99      0.00  kworker/4:0-mm_percpu_wq
08:48:07 PM     0    174020      0.99      0.00  iostat
08:48:07 PM     0    174021      0.99      3.96  pidstat
08:48:07 PM     0    174022      5.94      0.00  bash
08:48:07 PM     0    174023      1.98      0.00  bash
08:48:07 PM     0    174024      4.95      0.00  bash
08:48:07 PM     0    174026     98.02      0.00  fio
08:48:07 PM     0    174792      0.99      0.00  sleep
08:48:07 PM     0    174797      0.99      0.00  sleep

08:48:07 PM   UID       PID   cswch/s nvcswch/s  Command
08:48:08 PM     0        16      1.00      0.00  ksoftirqd/0
08:48:08 PM     0        17     54.00      0.00  rcu_preempt
08:48:08 PM     0        24      3.00      0.00  ksoftirqd/1
08:48:08 PM     0        30      1.00      0.00  ksoftirqd/2
08:48:08 PM     0        36      1.00      0.00  ksoftirqd/3
08:48:08 PM     0        54      1.00      0.00  ksoftirqd/6
08:48:08 PM     0        84      1.00      0.00  ksoftirqd/11
08:48:08 PM     0        95      2.00      0.00  kcompactd0
08:48:08 PM     0       453      2.00      0.00  multipathd
08:48:08 PM     0       562      3.00      0.00  jbd2/nvme1n1p3-8
08:48:08 PM     0     88840      2.00      0.00  kworker/u24:1-events_unbound
08:48:08 PM     0    112707      1.00      0.00  kworker/3:0-mm_percpu_wq
08:48:08 PM     0    118120      1.00      0.00  kworker/9:2-mm_percpu_wq
08:48:08 PM     0    123430      3.00      0.00  kworker/6:0-events
08:48:08 PM     0    137207      1.00      0.00  kworker/0:2-mm_percpu_wq
08:48:08 PM     0    143435      1.00      0.00  kworker/5:0-mm_percpu_wq
08:48:08 PM     0    146022      1.00      0.00  kworker/11:1-mm_percpu_wq
08:48:08 PM     0    154179      2.00      0.00  kworker/2:2-mm_percpu_wq
08:48:08 PM     0    159214      2.00      0.00  kworker/7:1-mm_percpu_wq
08:48:08 PM     0    164357      2.00      0.00  kworker/10:0-mm_percpu_wq
08:48:08 PM     0    170864      1.00      0.00  kworker/1:1-mm_percpu_wq
08:48:08 PM     0    172777      3.00      0.00  kworker/8:0-mm_percpu_wq
08:48:08 PM     0    173734      2.00      0.00  kworker/4:0-events
08:48:08 PM     0    174020      1.00      0.00  iostat
08:48:08 PM     0    174021      1.00      4.00  pidstat
08:48:08 PM     0    174022      1.00      0.00  bash
08:48:08 PM     0    174023      3.00      0.00  bash
08:48:08 PM     0    174024      4.00      2.00  bash
08:48:08 PM     0    174026     99.00      0.00  fio
08:48:08 PM     0    174804      1.00      0.00  sleep
08:48:08 PM     0    174807      1.00      0.00  sleep
08:48:08 PM     0    174808      1.00      0.00  bash
08:48:08 PM     0    174809      0.00      7.00  ps
08:48:08 PM     0    174810      2.00      0.00  grep

08:48:08 PM   UID       PID   cswch/s nvcswch/s  Command
08:48:09 PM     0        16      1.00      0.00  ksoftirqd/0
08:48:09 PM     0        17     63.00      0.00  rcu_preempt
08:48:09 PM     0        24      2.00      0.00  ksoftirqd/1
08:48:09 PM     0        36      1.00      0.00  ksoftirqd/3
08:48:09 PM     0        48      1.00      0.00  ksoftirqd/5
08:48:09 PM     0        54      1.00      0.00  ksoftirqd/6
08:48:09 PM     0        60      4.00      0.00  ksoftirqd/7
08:48:09 PM     0        78      1.00      0.00  ksoftirqd/10
08:48:09 PM     0        95      2.00      0.00  kcompactd0
08:48:09 PM     0       453      1.00      0.00  multipathd
08:48:09 PM     0     88840      1.00      0.00  kworker/u24:1-edac-poller
08:48:09 PM     0    112707      3.00      0.00  kworker/3:0-events
08:48:09 PM     0    118120      1.00      0.00  kworker/9:2-mm_percpu_wq
08:48:09 PM     0    123430      3.00      0.00  kworker/6:0-events
08:48:09 PM     0    137207      2.00      0.00  kworker/0:2-events
08:48:09 PM     0    143435      1.00      0.00  kworker/5:0-mm_percpu_wq
08:48:09 PM     0    146022      2.00      0.00  kworker/11:1-events
08:48:09 PM     0    154179      1.00      0.00  kworker/2:2-mm_percpu_wq
08:48:09 PM     0    159214      2.00      0.00  kworker/7:1-events
08:48:09 PM     0    164357      2.00      0.00  kworker/10:0-events
08:48:09 PM     0    170864      5.00      0.00  kworker/1:1-events
08:48:09 PM     0    172777      1.00      0.00  kworker/8:0-mm_percpu_wq
08:48:09 PM     0    173734      1.00      0.00  kworker/4:0-mm_percpu_wq
08:48:09 PM     0    174020      1.00      0.00  iostat
08:48:09 PM     0    174021      1.00      4.00  pidstat
08:48:09 PM     0    174022      3.00      0.00  bash
08:48:09 PM     0    174023      6.00      0.00  bash
08:48:09 PM     0    174024      3.00      0.00  bash
08:48:09 PM     0    174026     99.00      0.00  fio
08:48:09 PM     0    174812      1.00      0.00  sleep
08:48:09 PM     0    174819      1.00      0.00  sleep
08:48:09 PM     0    174822      1.00      0.00  sleep

08:48:09 PM   UID       PID   cswch/s nvcswch/s  Command
08:48:10 PM     0        16      1.00      0.00  ksoftirqd/0
08:48:10 PM     0        17     59.00      0.00  rcu_preempt
08:48:10 PM     0        18      1.00      0.00  migration/0
08:48:10 PM     0        23      1.00      0.00  migration/1
08:48:10 PM     0        24      2.00      0.00  ksoftirqd/1
08:48:10 PM     0        29      1.00      0.00  migration/2
08:48:10 PM     0        35      1.00      0.00  migration/3
08:48:10 PM     0        36      1.00      0.00  ksoftirqd/3
08:48:10 PM     0        41      1.00      0.00  migration/4
08:48:10 PM     0        42      1.00      0.00  ksoftirqd/4
08:48:10 PM     0        47      1.00      0.00  migration/5
08:48:10 PM     0        48      1.00      0.00  ksoftirqd/5
08:48:10 PM     0        53      1.00      0.00  migration/6
08:48:10 PM     0        59      1.00      0.00  migration/7
08:48:10 PM     0        65      1.00      0.00  migration/8
08:48:10 PM     0        71      1.00      0.00  migration/9
08:48:10 PM     0        72      1.00      0.00  ksoftirqd/9
08:48:10 PM     0        77      1.00      0.00  migration/10
08:48:10 PM     0        78      1.00      0.00  ksoftirqd/10
08:48:10 PM     0        83      1.00      0.00  migration/11
08:48:10 PM     0        95      2.00      0.00  kcompactd0
08:48:10 PM     0       453      1.00      0.00  multipathd
08:48:10 PM     0     88840      3.00      1.00  kworker/u24:1-events_unbound
08:48:10 PM     0     98256      1.00      0.00  kworker/u24:2-events_power_efficient
08:48:10 PM     0    112707      3.00      0.00  kworker/3:0-events
08:48:10 PM     0    118120      1.00      0.00  kworker/9:2-mm_percpu_wq
08:48:10 PM     0    123430      1.00      0.00  kworker/6:0-mm_percpu_wq
08:48:10 PM     0    137207      2.00      0.00  kworker/0:2-events
08:48:10 PM     0    143435      2.00      0.00  kworker/5:0-events
08:48:10 PM     0    146022      1.00      0.00  kworker/11:1-mm_percpu_wq
08:48:10 PM     0    159214      1.00      0.00  kworker/7:1-mm_percpu_wq
08:48:10 PM     0    164357      4.00      0.00  kworker/10:0-events
08:48:10 PM     0    170864      1.00      0.00  kworker/1:1-mm_percpu_wq
08:48:10 PM     0    172777      2.00      0.00  kworker/8:0-mm_percpu_wq
08:48:10 PM     0    173734      1.00      0.00  kworker/4:0-mm_percpu_wq
08:48:10 PM     0    174020      1.00      0.00  iostat
08:48:10 PM     0    174021      1.00      4.00  pidstat
08:48:10 PM     0    174022      4.00      0.00  bash
08:48:10 PM     0    174023      7.00      0.00  bash
08:48:10 PM     0    174024      3.00      0.00  bash
08:48:10 PM     0    174026     99.00      0.00  fio
08:48:10 PM     0    174827      1.00      0.00  sleep
08:48:10 PM     0    174834      1.00      0.00  sleep
08:48:10 PM     0    174837      1.00      0.00  sleep

08:48:10 PM   UID       PID   cswch/s nvcswch/s  Command
08:48:11 PM     0        16      0.99      0.00  ksoftirqd/0
08:48:11 PM     0        17     68.32      0.00  rcu_preempt
08:48:11 PM     0        36      3.96      0.00  ksoftirqd/3
08:48:11 PM     0        42      1.98      0.00  ksoftirqd/4
08:48:11 PM     0        48      0.99      0.00  ksoftirqd/5
08:48:11 PM     0        95      1.98      0.00  kcompactd0
08:48:11 PM     0       453      0.99      0.00  multipathd
08:48:11 PM     0     88840      2.97      0.00  kworker/u24:1-ext4-rsv-conversion
08:48:11 PM     0    112707      1.98      0.00  kworker/3:0-events
08:48:11 PM     0    118120      1.98      0.00  kworker/9:2-events
08:48:11 PM     0    123430      1.98      0.00  kworker/6:0-events
08:48:11 PM     0    137207      0.99      0.00  kworker/0:2-events
08:48:11 PM     0    143435      1.98      0.00  kworker/5:0-events
08:48:11 PM     0    146022      1.98      0.00  kworker/11:1-events
08:48:11 PM     0    159214      0.99      0.00  kworker/7:1-mm_percpu_wq
08:48:11 PM     0    164357      3.96      0.00  kworker/10:0-events
08:48:11 PM     0    170864      2.97      0.00  kworker/1:1-events
08:48:11 PM     0    172777      0.99      0.00  kworker/8:0-mm_percpu_wq
08:48:11 PM     0    173734      0.99      0.00  kworker/4:0-mm_percpu_wq
08:48:11 PM     0    174020      0.99      0.00  iostat
08:48:11 PM     0    174021      0.99      3.96  pidstat
08:48:11 PM     0    174022      3.96      0.00  bash
08:48:11 PM     0    174023      8.91      0.00  bash
08:48:11 PM     0    174024      2.97      0.00  bash
08:48:11 PM     0    174026     98.02      0.00  fio
08:48:11 PM     0    174842      0.99      0.00  sleep
08:48:11 PM     0    174849      0.99      0.00  sleep
08:48:11 PM     0    174852      0.99      0.00  sleep

08:48:11 PM   UID       PID   cswch/s nvcswch/s  Command
08:48:12 PM     0        16      2.00      0.00  ksoftirqd/0
08:48:12 PM     0        17     68.00      0.00  rcu_preempt
08:48:12 PM     0        24      1.00      0.00  ksoftirqd/1
08:48:12 PM     0        36      3.00      0.00  ksoftirqd/3
08:48:12 PM     0        42      2.00      0.00  ksoftirqd/4
08:48:12 PM     0        60      1.00      0.00  ksoftirqd/7
08:48:12 PM     0        78      4.00      0.00  ksoftirqd/10
08:48:12 PM     0        95      2.00      0.00  kcompactd0
08:48:12 PM     0       453      1.00      0.00  multipathd
08:48:12 PM     0     88840      3.00      0.00  kworker/u24:1-events_unbound
08:48:12 PM     0    112707      1.00      0.00  kworker/3:0-mm_percpu_wq
08:48:12 PM     0    118120      2.00      0.00  kworker/9:2-events
08:48:12 PM     0    123430      2.00      0.00  kworker/6:0-events
08:48:12 PM     0    137207      2.00      0.00  kworker/0:2-events
08:48:12 PM     0    143435      1.00      0.00  kworker/5:0-mm_percpu_wq
08:48:12 PM     0    146022      1.00      0.00  kworker/11:1-mm_percpu_wq
08:48:12 PM     0    159214      2.00      0.00  kworker/7:1-events
08:48:12 PM     0    164357      3.00      0.00  kworker/10:0-events
08:48:12 PM     0    170864      1.00      0.00  kworker/1:1-mm_percpu_wq
08:48:12 PM     0    172777      1.00      0.00  kworker/8:0-events
08:48:12 PM     0    173734      1.00      0.00  kworker/4:0-mm_percpu_wq
08:48:12 PM     0    174020      1.00      0.00  iostat
08:48:12 PM     0    174021      1.00      4.00  pidstat
08:48:12 PM     0    174022      5.00      1.00  bash
08:48:12 PM     0    174023      6.00      0.00  bash
08:48:12 PM     0    174024      3.00      0.00  bash
08:48:12 PM     0    174026     98.00      0.00  fio
08:48:12 PM     0    174857      1.00      0.00  sleep
08:48:12 PM     0    174864      1.00      0.00  sleep
08:48:12 PM     0    174867      1.00      0.00  sleep

08:48:12 PM   UID       PID   cswch/s nvcswch/s  Command
08:48:13 PM     0        16      1.00      0.00  ksoftirqd/0
08:48:13 PM     0        17     63.00      0.00  rcu_preempt
08:48:13 PM     0        35      1.00      0.00  migration/3
08:48:13 PM     0        36      1.00      0.00  ksoftirqd/3
08:48:13 PM     0        42      1.00      0.00  ksoftirqd/4
08:48:13 PM     0        66      2.00      1.00  ksoftirqd/8
08:48:13 PM     0        72      1.00      0.00  ksoftirqd/9
08:48:13 PM     0        78      2.00      0.00  ksoftirqd/10
08:48:13 PM     0        95      2.00      0.00  kcompactd0
08:48:13 PM     0       453      1.00      0.00  multipathd
08:48:13 PM     0       562      3.00      0.00  jbd2/nvme1n1p3-8
08:48:13 PM     0     21554      1.00      0.00  packagekitd
08:48:13 PM     0     88840      2.00      0.00  kworker/u24:1-flush-259:1
08:48:13 PM     0    112707      1.00      0.00  kworker/3:0-mm_percpu_wq
08:48:13 PM     0    118120      1.00      0.00  kworker/9:2-mm_percpu_wq
08:48:13 PM     0    123430      2.00      0.00  kworker/6:0-events
08:48:13 PM     0    137207      2.00      0.00  kworker/0:2-events
08:48:13 PM     0    143435      1.00      0.00  kworker/5:0-mm_percpu_wq
08:48:13 PM     0    146022      2.00      0.00  kworker/11:1-events
08:48:13 PM     0    154179      3.00      0.00  kworker/2:2-events
08:48:13 PM     0    159214      1.00      0.00  kworker/7:1-mm_percpu_wq
08:48:13 PM     0    164357      1.00      0.00  kworker/10:0-mm_percpu_wq
08:48:13 PM     0    170864      4.00      0.00  kworker/1:1-events
08:48:13 PM     0    173734      1.00      0.00  kworker/4:0-mm_percpu_wq
08:48:13 PM     0    174020      1.00      0.00  iostat
08:48:13 PM     0    174021      1.00      4.00  pidstat
08:48:13 PM     0    174022      5.00      0.00  bash
08:48:13 PM     0    174023      6.00      0.00  bash
08:48:13 PM     0    174024      3.00      0.00  bash
08:48:13 PM     0    174026    100.00      0.00  fio
08:48:13 PM     0    174872      1.00      0.00  sleep
08:48:13 PM     0    174881      1.00      0.00  sleep
08:48:13 PM     0    174882      1.00      0.00  sleep

08:48:13 PM   UID       PID   cswch/s nvcswch/s  Command
08:48:14 PM     0        17     54.00      0.00  rcu_preempt
08:48:14 PM     0        18      1.00      0.00  migration/0
08:48:14 PM     0        23      1.00      0.00  migration/1
08:48:14 PM     0        24      2.00      0.00  ksoftirqd/1
08:48:14 PM     0        29      1.00      0.00  migration/2
08:48:14 PM     0        30      1.00      0.00  ksoftirqd/2
08:48:14 PM     0        35      2.00      0.00  migration/3
08:48:14 PM     0        36      1.00      0.00  ksoftirqd/3
08:48:14 PM     0        41      1.00      0.00  migration/4
08:48:14 PM     0        42      1.00      0.00  ksoftirqd/4
08:48:14 PM     0        47      1.00      0.00  migration/5
08:48:14 PM     0        53      1.00      0.00  migration/6
08:48:14 PM     0        59      1.00      0.00  migration/7
08:48:14 PM     0        65      1.00      0.00  migration/8
08:48:14 PM     0        71      1.00      0.00  migration/9
08:48:14 PM     0        72      3.00      0.00  ksoftirqd/9
08:48:14 PM     0        77      1.00      0.00  migration/10
08:48:14 PM     0        83      1.00      0.00  migration/11
08:48:14 PM     0        95      2.00      0.00  kcompactd0
08:48:14 PM     0       453      2.00      0.00  multipathd
08:48:14 PM     0     88840      3.00      0.00  kworker/u24:1-events_unbound
08:48:14 PM     0    112707      1.00      0.00  kworker/3:0-mm_percpu_wq
08:48:14 PM     0    118120      1.00      0.00  kworker/9:2-mm_percpu_wq
08:48:14 PM     0    123430      1.00      0.00  kworker/6:0-mm_percpu_wq
08:48:14 PM     0    137207      3.00      0.00  kworker/0:2-events
08:48:14 PM     0    143435      1.00      0.00  kworker/5:0-mm_percpu_wq
08:48:14 PM     0    154179      1.00      0.00  kworker/2:2-mm_percpu_wq
08:48:14 PM     0    159214      1.00      0.00  kworker/7:1-mm_percpu_wq
08:48:14 PM     0    164357      2.00      0.00  kworker/10:0-mm_percpu_wq
08:48:14 PM     0    170864      1.00      0.00  kworker/1:1-mm_percpu_wq
08:48:14 PM     0    172777      2.00      0.00  kworker/8:0-mm_percpu_wq
08:48:14 PM     0    173734      1.00      0.00  kworker/4:0-mm_percpu_wq
08:48:14 PM     0    174020      1.00      0.00  iostat
08:48:14 PM     0    174021      1.00      4.00  pidstat
08:48:14 PM     0    174022      5.00      0.00  bash
08:48:14 PM     0    174023      2.00      0.00  bash
08:48:14 PM     0    174024      5.00      0.00  bash
08:48:14 PM     0    174026     98.00      0.00  fio
08:48:14 PM     0    174887      1.00      1.00  sleep
08:48:14 PM     0    174890      1.00      0.00  sleep
08:48:14 PM     0    174892      0.00      6.00  ps
08:48:14 PM     0    174893      1.00      0.00  awk
08:48:14 PM     0    174894      1.00      0.00  sort
08:48:14 PM     0    174895      1.00      0.00  uniq
08:48:14 PM     0    174896      1.00      0.00  tr

08:48:14 PM   UID       PID   cswch/s nvcswch/s  Command
08:48:15 PM     0        17     43.56      0.00  rcu_preempt
08:48:15 PM     0        30      0.99      0.00  ksoftirqd/2
08:48:15 PM     0        66      0.99      0.00  ksoftirqd/8
08:48:15 PM     0        72      2.97      0.00  ksoftirqd/9
08:48:15 PM     0        78      0.99      0.00  ksoftirqd/10
08:48:15 PM     0        95      1.98      0.00  kcompactd0
08:48:15 PM     0       102      0.99      0.00  irq/9-acpi
08:48:15 PM     0       187      0.99      0.00  kworker/0:1H-kblockd
08:48:15 PM     0       453      1.98      0.00  multipathd
08:48:15 PM     0     88840      1.98      0.99  kworker/u24:1-events_power_efficient
08:48:15 PM     0     98256      0.99      0.00  kworker/u24:2-events_power_efficient
08:48:15 PM     0    112707      0.99      0.00  kworker/3:0-mm_percpu_wq
08:48:15 PM     0    118120      0.99      0.00  kworker/9:2-mm_percpu_wq
08:48:15 PM     0    123430     10.89      0.00  kworker/6:0-events
08:48:15 PM     0    137207      2.97      0.00  kworker/0:2-kacpi_notify
08:48:15 PM     0    143435      0.99      0.00  kworker/5:0-mm_percpu_wq
08:48:15 PM     0    146022      0.99      0.00  kworker/11:1-events
08:48:15 PM     0    154179      1.98      0.00  kworker/2:2-events
08:48:15 PM     0    159214      1.98      0.00  kworker/7:1-mm_percpu_wq
08:48:15 PM     0    159909      0.99      0.00  kworker/6:2-i915-unordered
08:48:15 PM     0    164357      0.99      0.00  kworker/10:0-mm_percpu_wq
08:48:15 PM     0    170864      4.95      0.00  kworker/1:1-events
08:48:15 PM     0    172777      1.98      0.00  kworker/8:0-events
08:48:15 PM     0    173734      1.98      0.00  kworker/4:0-events
08:48:15 PM     0    174020      0.99      0.00  iostat
08:48:15 PM     0    174021      0.99      3.96  pidstat
08:48:15 PM     0    174022      3.96      0.00  bash
08:48:15 PM     0    174023      4.95      0.00  bash
08:48:15 PM     0    174024      2.97      0.00  bash
08:48:15 PM     0    174026     97.03      0.00  fio
08:48:15 PM     0    174897      0.99      0.00  sleep
08:48:15 PM     0    174903      0.99      0.00  sleep
08:48:15 PM     0    174905      0.99      0.00  sleep

08:48:15 PM   UID       PID   cswch/s nvcswch/s  Command
08:48:16 PM     0        16      1.00      0.00  ksoftirqd/0
08:48:16 PM     0        17     45.00      0.00  rcu_preempt
08:48:16 PM     0        24      2.00      0.00  ksoftirqd/1
08:48:16 PM     0        48      1.00      0.00  ksoftirqd/5
08:48:16 PM     0        54      1.00      0.00  ksoftirqd/6
08:48:16 PM     0        60      1.00      0.00  ksoftirqd/7
08:48:16 PM     0        72      1.00      0.00  ksoftirqd/9
08:48:16 PM     0        84      1.00      0.00  ksoftirqd/11
08:48:16 PM     0        95      2.00      0.00  kcompactd0
08:48:16 PM     0       453      1.00      0.00  multipathd
08:48:16 PM     0     88840      3.00      1.00  kworker/u24:1-events_unbound
08:48:16 PM     0     98256      1.00      0.00  kworker/u24:2-events_power_efficient
08:48:16 PM     0    112707      3.00      0.00  kworker/3:0-events
08:48:16 PM     0    118120      1.00      0.00  kworker/9:2-mm_percpu_wq
08:48:16 PM     0    123430      2.00      0.00  kworker/6:0-mm_percpu_wq
08:48:16 PM     0    137207      1.00      0.00  kworker/0:2-mm_percpu_wq
08:48:16 PM     0    143435      3.00      0.00  kworker/5:0-events
08:48:16 PM     0    146022      2.00      0.00  kworker/11:1-mm_percpu_wq
08:48:16 PM     0    154179      1.00      0.00  kworker/2:2-mm_percpu_wq
08:48:16 PM     0    159214      1.00      0.00  kworker/7:1-mm_percpu_wq
08:48:16 PM     0    164357      3.00      0.00  kworker/10:0-mm_percpu_wq
08:48:16 PM     0    170864      1.00      0.00  kworker/1:1-mm_percpu_wq
08:48:16 PM     0    172777      2.00      0.00  kworker/8:0-mm_percpu_wq
08:48:16 PM     0    173734      1.00      0.00  kworker/4:0-mm_percpu_wq
08:48:16 PM     0    174020      1.00      0.00  iostat
08:48:16 PM     0    174021      1.00      4.00  pidstat
08:48:16 PM     0    174022      1.00      0.00  bash
08:48:16 PM     0    174023      6.00      0.00  bash
08:48:16 PM     0    174024      5.00      0.00  bash
08:48:16 PM     0    174026     98.00      0.00  fio
08:48:16 PM     0    174912      1.00      0.00  sleep
08:48:16 PM     0    174915      1.00      0.00  sleep

08:48:16 PM   UID       PID   cswch/s nvcswch/s  Command
08:48:17 PM     0        17     69.00      0.00  rcu_preempt
08:48:17 PM     0        24      2.00      0.00  ksoftirqd/1
08:48:17 PM     0        36      1.00      0.00  ksoftirqd/3
08:48:17 PM     0        42      2.00      0.00  ksoftirqd/4
08:48:17 PM     0        78      2.00      0.00  ksoftirqd/10
08:48:17 PM     0        95      2.00      0.00  kcompactd0
08:48:17 PM     0       453      1.00      0.00  multipathd
08:48:17 PM     0     88840      4.00      0.00  kworker/u24:1-edac-poller
08:48:17 PM     0    112707      2.00      0.00  kworker/3:0-events
08:48:17 PM     0    118120      1.00      0.00  kworker/9:2-mm_percpu_wq
08:48:17 PM     0    123430      3.00      0.00  kworker/6:0-events
08:48:17 PM     0    137207      1.00      0.00  kworker/0:2-events
08:48:17 PM     0    143435      2.00      0.00  kworker/5:0-mm_percpu_wq
08:48:17 PM     0    146022      2.00      0.00  kworker/11:1-events
08:48:17 PM     0    154179      1.00      0.00  kworker/2:2-events
08:48:17 PM     0    159214      2.00      0.00  kworker/7:1-mm_percpu_wq
08:48:17 PM     0    164357      3.00      0.00  kworker/10:0-events
08:48:17 PM     0    170864      3.00      0.00  kworker/1:1-events
08:48:17 PM     0    172777      1.00      0.00  kworker/8:0-mm_percpu_wq
08:48:17 PM     0    173734      1.00      0.00  kworker/4:0-mm_percpu_wq
08:48:17 PM     0    174020      1.00      0.00  iostat
08:48:17 PM     0    174021      1.00      5.00  pidstat
08:48:17 PM     0    174022      3.00      0.00  bash
08:48:17 PM     0    174023      5.00      0.00  bash
08:48:17 PM     0    174024      3.00      0.00  bash
08:48:17 PM     0    174026    100.00      0.00  fio
08:48:17 PM     0    174920      1.00      0.00  sleep
08:48:17 PM     0    174927      1.00      0.00  sleep

08:48:17 PM   UID       PID   cswch/s nvcswch/s  Command
08:48:18 PM     0        16      4.00      0.00  ksoftirqd/0
08:48:18 PM     0        17     66.00      0.00  rcu_preempt
08:48:18 PM     0        18      1.00      0.00  migration/0
08:48:18 PM     0        23      1.00      0.00  migration/1
08:48:18 PM     0        29      2.00      0.00  migration/2
08:48:18 PM     0        30      2.00      0.00  ksoftirqd/2
08:48:18 PM     0        35      1.00      0.00  migration/3
08:48:18 PM     0        41      1.00      0.00  migration/4
08:48:18 PM     0        42      2.00      0.00  ksoftirqd/4
08:48:18 PM     0        47      1.00      0.00  migration/5
08:48:18 PM     0        48      1.00      0.00  ksoftirqd/5
08:48:18 PM     0        53      1.00      0.00  migration/6
08:48:18 PM     0        54      2.00      0.00  ksoftirqd/6
08:48:18 PM     0        59      1.00      0.00  migration/7
08:48:18 PM     0        65      1.00      0.00  migration/8
08:48:18 PM     0        71      1.00      0.00  migration/9
08:48:18 PM     0        77      1.00      0.00  migration/10
08:48:18 PM     0        83      1.00      0.00  migration/11
08:48:18 PM     0        84      1.00      0.00  ksoftirqd/11
08:48:18 PM     0        95      2.00      0.00  kcompactd0
08:48:18 PM     0       453      1.00      0.00  multipathd
08:48:18 PM     0       562      3.00      0.00  jbd2/nvme1n1p3-8
08:48:18 PM     0     88840      1.00      0.00  kworker/u24:1-edac-poller
08:48:18 PM     0    112707      1.00      0.00  kworker/3:0-mm_percpu_wq
08:48:18 PM     0    123430      1.00      0.00  kworker/6:0-mm_percpu_wq
08:48:18 PM     0    137207      2.00      0.00  kworker/0:2-events
08:48:18 PM     0    143435      1.00      0.00  kworker/5:0-mm_percpu_wq
08:48:18 PM     0    146022      2.00      0.00  kworker/11:1-events
08:48:18 PM     0    154179      1.00      0.00  kworker/2:2-mm_percpu_wq
08:48:18 PM     0    159214      1.00      0.00  kworker/7:1-mm_percpu_wq
08:48:18 PM     0    164357      2.00      0.00  kworker/10:0-mm_percpu_wq
08:48:18 PM     0    170864      4.00      0.00  kworker/1:1-events
08:48:18 PM     0    172777      1.00      0.00  kworker/8:0-events
08:48:18 PM     0    173734      2.00      0.00  kworker/4:0-events
08:48:18 PM     0    174020      2.00      2.00  iostat
08:48:18 PM     0    174021      1.00      4.00  pidstat
08:48:18 PM     0    174022      4.00      0.00  bash
08:48:18 PM     0    174023      7.00      0.00  bash
08:48:18 PM     0    174024      3.00      0.00  bash
08:48:18 PM     0    174026    100.00      0.00  fio
08:48:18 PM     0    174935      1.00      0.00  sleep
08:48:18 PM     0    174942      1.00      0.00  sleep

08:48:18 PM   UID       PID   cswch/s nvcswch/s  Command
08:48:19 PM     0        16      1.00      0.00  ksoftirqd/0
08:48:19 PM     0        17     62.00      0.00  rcu_preempt
08:48:19 PM     0        24      2.00      0.00  ksoftirqd/1
08:48:19 PM     0        30      3.00      0.00  ksoftirqd/2
08:48:19 PM     0        42      1.00      0.00  ksoftirqd/4
08:48:19 PM     0        54      1.00      0.00  ksoftirqd/6
08:48:19 PM     0        60      1.00      0.00  ksoftirqd/7
08:48:19 PM     0        66      1.00      0.00  ksoftirqd/8
08:48:19 PM     0        72      1.00      0.00  ksoftirqd/9
08:48:19 PM     0        95      2.00      0.00  kcompactd0
08:48:19 PM     0       453      1.00      0.00  multipathd
08:48:19 PM   101       608      1.00      0.00  systemd-network
08:48:19 PM     0     88840      2.00      0.00  kworker/u24:1-edac-poller
08:48:19 PM     0    112707      1.00      0.00  kworker/3:0-mm_percpu_wq
08:48:19 PM     0    123430      2.00      0.00  kworker/6:0-events
08:48:19 PM     0    137207      1.00      0.00  kworker/0:2-events
08:48:19 PM     0    143435      2.00      0.00  kworker/5:0-events
08:48:19 PM     0    146022      2.00      0.00  kworker/11:1-events
08:48:19 PM     0    154179      1.00      0.00  kworker/2:2-mm_percpu_wq
08:48:19 PM     0    159214      1.00      0.00  kworker/7:1-mm_percpu_wq
08:48:19 PM     0    164357      1.00      0.00  kworker/10:0-mm_percpu_wq
08:48:19 PM     0    170864      5.00      0.00  kworker/1:1-events
08:48:19 PM     0    172777      1.00      0.00  kworker/8:0-mm_percpu_wq
08:48:19 PM     0    173734      1.00      0.00  kworker/4:0-mm_percpu_wq
08:48:19 PM     0    174020      1.00      0.00  iostat
08:48:19 PM     0    174021      1.00      4.00  pidstat
08:48:19 PM     0    174022      4.00      0.00  bash
08:48:19 PM     0    174023      9.00      1.00  bash
08:48:19 PM     0    174026     98.00      0.00  fio
08:48:19 PM     0    174945      1.00      0.00  sleep
08:48:19 PM     0    174950      1.00      0.00  sleep
08:48:19 PM     0    174957      1.00      0.00  sleep

08:48:19 PM   UID       PID   cswch/s nvcswch/s  Command
08:48:20 PM     0        16      0.99      0.00  ksoftirqd/0
08:48:20 PM     0        17     64.36      0.00  rcu_preempt
08:48:20 PM     0        24      1.98      0.00  ksoftirqd/1
08:48:20 PM     0        36      1.98      0.00  ksoftirqd/3
08:48:20 PM     0        42      1.98      0.00  ksoftirqd/4
08:48:20 PM     0        48      0.99      0.99  ksoftirqd/5
08:48:20 PM     0        54      0.99      0.00  ksoftirqd/6
08:48:20 PM     0        78      0.99      0.00  ksoftirqd/10
08:48:20 PM     0        95      1.98      0.00  kcompactd0
08:48:20 PM     0       453      1.98      0.00  multipathd
08:48:20 PM     0     88840      1.98      0.99  kworker/u24:1-events_power_efficient
08:48:20 PM     0     98256      0.99      0.00  kworker/u24:2-events_power_efficient
08:48:20 PM     0    112707      0.99      0.00  kworker/3:0-mm_percpu_wq
08:48:20 PM     0    118120      1.98      0.00  kworker/9:2-mm_percpu_wq
08:48:20 PM     0    123430      0.99      0.00  kworker/6:0-mm_percpu_wq
08:48:20 PM     0    137207      0.99      0.00  kworker/0:2-mm_percpu_wq
08:48:20 PM     0    143435      1.98      0.00  kworker/5:0-mm_percpu_wq
08:48:20 PM     0    146022      0.99      0.00  kworker/11:1-mm_percpu_wq
08:48:20 PM     0    154179      0.99      0.00  kworker/2:2-mm_percpu_wq
08:48:20 PM     0    159214      0.99      0.00  kworker/7:1-mm_percpu_wq
08:48:20 PM     0    164357      1.98      0.00  kworker/10:0-events
08:48:20 PM     0    170864      3.96      0.00  kworker/1:1-events
08:48:20 PM     0    172777      1.98      0.00  kworker/8:0-mm_percpu_wq
08:48:20 PM     0    173734      1.98      0.00  kworker/4:0-events
08:48:20 PM     0    174020      0.99      0.00  iostat
08:48:20 PM     0    174021      0.99      3.96  pidstat
08:48:20 PM     0    174022      4.95      0.00  bash
08:48:20 PM     0    174023      7.92      0.00  bash
08:48:20 PM     0    174024      4.95      0.00  bash
08:48:20 PM     0    174026     97.03      0.00  fio
08:48:20 PM     0    174960      0.99      0.00  sleep
08:48:20 PM     0    174965      0.99      0.00  sleep
08:48:20 PM     0    174972      0.99      0.00  sleep

08:48:20 PM   UID       PID   cswch/s nvcswch/s  Command
08:48:21 PM     0        17     56.00      0.00  rcu_preempt
08:48:21 PM     0        24      3.00      0.00  ksoftirqd/1
08:48:21 PM     0        30      2.00      0.00  ksoftirqd/2
08:48:21 PM     0        48      1.00      0.00  ksoftirqd/5
08:48:21 PM     0        60      1.00      0.00  ksoftirqd/7
08:48:21 PM     0        72      1.00      0.00  ksoftirqd/9
08:48:21 PM     0        84      2.00      0.00  ksoftirqd/11
08:48:21 PM     0        95      2.00      0.00  kcompactd0
08:48:21 PM     0       453      1.00      0.00  multipathd
08:48:21 PM     0     88840      3.00      0.00  kworker/u24:1-edac-poller
08:48:21 PM     0    112707      1.00      0.00  kworker/3:0-mm_percpu_wq
08:48:21 PM     0    118120      1.00      0.00  kworker/9:2-mm_percpu_wq
08:48:21 PM     0    123430      1.00      0.00  kworker/6:0-mm_percpu_wq
08:48:21 PM     0    137207      2.00      0.00  kworker/0:2-events
08:48:21 PM     0    143435      2.00      0.00  kworker/5:0-events
08:48:21 PM     0    146022      5.00      0.00  kworker/11:1-events
08:48:21 PM     0    154179      2.00      0.00  kworker/2:2-events
08:48:21 PM     0    159214      2.00      0.00  kworker/7:1-events
08:48:21 PM     0    164357      1.00      0.00  kworker/10:0-mm_percpu_wq
08:48:21 PM     0    170864      4.00      0.00  kworker/1:1-events
08:48:21 PM     0    172777      1.00      0.00  kworker/8:0-mm_percpu_wq
08:48:21 PM     0    173734      1.00      0.00  kworker/4:0-mm_percpu_wq
08:48:21 PM     0    174020      1.00      0.00  iostat
08:48:21 PM     0    174021      1.00      5.00  pidstat
08:48:21 PM     0    174022      4.00      0.00  bash
08:48:21 PM     0    174023      5.00      0.00  bash
08:48:21 PM     0    174024      5.00      0.00  bash
08:48:21 PM     0    174026     99.00      0.00  fio
08:48:21 PM     0    174975      1.00      0.00  sleep
08:48:21 PM     0    174980      1.00      0.00  sleep
08:48:21 PM     0    174987      1.00      0.00  sleep

08:48:21 PM   UID       PID   cswch/s nvcswch/s  Command
08:48:22 PM     0        17     49.50      0.00  rcu_preempt
08:48:22 PM     0        18      0.99      0.00  migration/0
08:48:22 PM     0        23      0.99      0.00  migration/1
08:48:22 PM     0        29      0.99      0.00  migration/2
08:48:22 PM     0        30      0.99      0.00  ksoftirqd/2
08:48:22 PM     0        35      0.99      0.00  migration/3
08:48:22 PM     0        36      0.99      0.00  ksoftirqd/3
08:48:22 PM     0        41      1.98      0.00  migration/4
08:48:22 PM     0        42      1.98      0.00  ksoftirqd/4
08:48:22 PM     0        47      0.99      0.00  migration/5
08:48:22 PM     0        53      0.99      0.00  migration/6
08:48:22 PM     0        59      0.99      0.00  migration/7
08:48:22 PM     0        65      0.99      0.00  migration/8
08:48:22 PM     0        71      0.99      0.00  migration/9
08:48:22 PM     0        72      1.98      0.00  ksoftirqd/9
08:48:22 PM     0        77      0.99      0.00  migration/10
08:48:22 PM     0        83      0.99      0.00  migration/11
08:48:22 PM     0        95      1.98      0.00  kcompactd0
08:48:22 PM     0       453      1.98      0.00  multipathd
08:48:22 PM     0     88840      3.96      0.00  kworker/u24:1-edac-poller
08:48:22 PM     0    112707      1.98      0.00  kworker/3:0-events
08:48:22 PM     0    118120      0.99      0.00  kworker/9:2-mm_percpu_wq
08:48:22 PM     0    123430      0.99      0.00  kworker/6:0-mm_percpu_wq
08:48:22 PM     0    137207      1.98      0.00  kworker/0:2-events
08:48:22 PM     0    143435      0.99      0.00  kworker/5:0-mm_percpu_wq
08:48:22 PM     0    146022      0.99      0.00  kworker/11:1-mm_percpu_wq
08:48:22 PM     0    154179      1.98      0.00  kworker/2:2-mm_percpu_wq
08:48:22 PM     0    159214      0.99      0.00  kworker/7:1-mm_percpu_wq
08:48:22 PM     0    164357      4.95      0.00  kworker/10:0-events
08:48:22 PM     0    170864      2.97      0.00  kworker/1:1-mm_percpu_wq
08:48:22 PM     0    173734      1.98      0.00  kworker/4:0-mm_percpu_wq
08:48:22 PM     0    174020      0.99      0.00  iostat
08:48:22 PM     0    174021      0.99      4.95  pidstat
08:48:22 PM     0    174022      4.95      0.00  bash
08:48:22 PM     0    174023      2.97      0.00  bash
08:48:22 PM     0    174024      4.95      0.00  bash
08:48:22 PM     0    174026     99.01      0.00  fio
08:48:22 PM     0    174990      0.99      0.00  sleep
08:48:22 PM     0    174995      0.99      0.99  sleep

08:48:22 PM   UID       PID   cswch/s nvcswch/s  Command
08:48:23 PM     0        17     35.00      0.00  rcu_preempt
08:48:23 PM     0        36      3.00      0.00  ksoftirqd/3
08:48:23 PM     0        42      2.00      0.00  ksoftirqd/4
08:48:23 PM     0        53      1.00      0.00  migration/6
08:48:23 PM     0        78      1.00      0.00  ksoftirqd/10
08:48:23 PM     0        84      1.00      0.00  ksoftirqd/11
08:48:23 PM     0        95      2.00      0.00  kcompactd0
08:48:23 PM     0       187      1.00      0.00  kworker/0:1H-kblockd
08:48:23 PM     0       453      1.00      0.00  multipathd
08:48:23 PM     0       562      3.00      0.00  jbd2/nvme1n1p3-8
08:48:23 PM     0     21554      1.00      0.00  packagekitd
08:48:23 PM     0     88840      2.00      0.00  kworker/u24:1-edac-poller
08:48:23 PM     0    112707      2.00      0.00  kworker/3:0-mm_percpu_wq
08:48:23 PM     0    118120      1.00      0.00  kworker/9:2-mm_percpu_wq
08:48:23 PM     0    123430      1.00      0.00  kworker/6:0-mm_percpu_wq
08:48:23 PM     0    137207      1.00      0.00  kworker/0:2-mm_percpu_wq
08:48:23 PM     0    143435      1.00      0.00  kworker/5:0-mm_percpu_wq
08:48:23 PM     0    146022      5.00      0.00  kworker/11:1-events
08:48:23 PM     0    159214      2.00      0.00  kworker/7:1-events
08:48:23 PM     0    164357      2.00      0.00  kworker/10:0-mm_percpu_wq
08:48:23 PM     0    170864      3.00      0.00  kworker/1:1-events
08:48:23 PM     0    173734      1.00      0.00  kworker/4:0-mm_percpu_wq
08:48:23 PM     0    174020      2.00      2.00  iostat
08:48:23 PM     0    174021      1.00      4.00  pidstat
08:48:23 PM     0    174022      4.00      0.00  bash
08:48:23 PM     0    174023      4.00      0.00  bash
08:48:23 PM     0    174024      4.00      0.00  bash
08:48:23 PM     0    174026     98.00      0.00  fio
08:48:23 PM     0    175004      1.00      0.00  sleep
08:48:23 PM     0    175005      1.00      0.00  sleep

08:48:23 PM   UID       PID   cswch/s nvcswch/s  Command
08:48:24 PM     0        16      1.00      0.00  ksoftirqd/0
08:48:24 PM     0        17     48.00      0.00  rcu_preempt
08:48:24 PM     0        24      1.00      0.00  ksoftirqd/1
08:48:24 PM     0        36      1.00      0.00  ksoftirqd/3
08:48:24 PM     0        48      1.00      0.00  ksoftirqd/5
08:48:24 PM     0        54      1.00      0.00  ksoftirqd/6
08:48:24 PM     0        60      1.00      0.00  ksoftirqd/7
08:48:24 PM     0        72      1.00      0.00  ksoftirqd/9
08:48:24 PM     0        95      2.00      0.00  kcompactd0
08:48:24 PM     0       453      1.00      0.00  multipathd
08:48:24 PM     0     88840      3.00      0.00  kworker/u24:1-edac-poller
08:48:24 PM     0    112707      2.00      0.00  kworker/3:0-events
08:48:24 PM     0    118120      1.00      0.00  kworker/9:2-mm_percpu_wq
08:48:24 PM     0    123430      1.00      0.00  kworker/6:0-mm_percpu_wq
08:48:24 PM     0    137207      2.00      0.00  kworker/0:2-events
08:48:24 PM     0    143435      1.00      0.00  kworker/5:0-mm_percpu_wq
08:48:24 PM     0    146022      3.00      0.00  kworker/11:1-events
08:48:24 PM     0    159214      2.00      0.00  kworker/7:1-events
08:48:24 PM     0    164357      3.00      0.00  kworker/10:0-mm_percpu_wq
08:48:24 PM     0    170864      1.00      0.00  kworker/1:1-mm_percpu_wq
08:48:24 PM     0    173734      1.00      0.00  kworker/4:0-mm_percpu_wq
08:48:24 PM     0    174020      1.00      0.00  iostat
08:48:24 PM     0    174021      1.00      4.00  pidstat
08:48:24 PM     0    174022      1.00      0.00  bash
08:48:24 PM     0    174023      9.00      0.00  bash
08:48:24 PM     0    174024      3.00      0.00  bash
08:48:24 PM     0    174026     99.00      0.00  fio
08:48:24 PM     0    175019      1.00      0.00  sleep
08:48:24 PM     0    175020      1.00      0.00  sleep

08:48:24 PM   UID       PID   cswch/s nvcswch/s  Command
08:48:25 PM     0        17     66.00      0.00  rcu_preempt
08:48:25 PM     0        24      1.00      0.00  ksoftirqd/1
08:48:25 PM     0        36      2.00      0.00  ksoftirqd/3
08:48:25 PM     0        42      2.00      0.00  ksoftirqd/4
08:48:25 PM     0        54      2.00      0.00  ksoftirqd/6
08:48:25 PM     0        60      1.00      0.00  ksoftirqd/7
08:48:25 PM     0        72      1.00      0.00  ksoftirqd/9
08:48:25 PM     0        90      1.00      0.00  khungtaskd
08:48:25 PM     0        95      2.00      0.00  kcompactd0
08:48:25 PM     0       102      1.00      0.00  irq/9-acpi
08:48:25 PM     0       453      1.00      0.00  multipathd
08:48:25 PM     0     88840      3.00      0.00  kworker/u24:1-events_power_efficient
08:48:25 PM     0     98256      1.00      0.00  kworker/u24:2-events_power_efficient
08:48:25 PM     0    112707      1.00      0.00  kworker/3:0-mm_percpu_wq
08:48:25 PM     0    118120      1.00      0.00  kworker/9:2-mm_percpu_wq
08:48:25 PM     0    123430    839.00      0.00  kworker/6:0+events
08:48:25 PM     0    137207      3.00      0.00  kworker/0:2-kacpi_notify
08:48:25 PM     0    143435      1.00      0.00  kworker/5:0-mm_percpu_wq
08:48:25 PM     0    146022      2.00      0.00  kworker/11:1-events
08:48:25 PM     0    159214      6.00      0.00  kworker/7:1-events
08:48:25 PM     0    159909      1.00      0.00  kworker/6:2+i915-unordered
08:48:25 PM     0    164357      1.00      0.00  kworker/10:0-mm_percpu_wq
08:48:25 PM     0    170864      3.00      0.00  kworker/1:1-events
08:48:25 PM     0    172777      1.00      0.00  kworker/8:0-events
08:48:25 PM     0    173734      1.00      0.00  kworker/4:0-mm_percpu_wq
08:48:25 PM     0    174020      1.00      0.00  iostat
08:48:25 PM     0    174021      1.00      5.00  pidstat
08:48:25 PM     0    174022      3.00      0.00  bash
08:48:25 PM     0    174023      8.00      0.00  bash
08:48:25 PM     0    174024      5.00      0.00  bash
08:48:25 PM     0    174026     99.00      1.00  fio
08:48:25 PM     0    175025      1.00      0.00  sleep
08:48:25 PM     0    175028      1.00      0.00  sleep
08:48:25 PM     0    175035      1.00      0.00  sleep

08:48:25 PM   UID       PID   cswch/s nvcswch/s  Command
08:48:26 PM     0        17     71.29      0.00  rcu_preempt
08:48:26 PM     0        18      1.98      0.00  migration/0
08:48:26 PM     0        23      0.99      0.00  migration/1
08:48:26 PM     0        29      1.98      0.00  migration/2
08:48:26 PM     0        30      2.97      0.99  ksoftirqd/2
08:48:26 PM     0        35      0.99      0.00  migration/3
08:48:26 PM     0        36      0.99      0.00  ksoftirqd/3
08:48:26 PM     0        41      0.99      0.00  migration/4
08:48:26 PM     0        42      0.99      0.00  ksoftirqd/4
08:48:26 PM     0        47      0.99      0.00  migration/5
08:48:26 PM     0        53      0.99      0.00  migration/6
08:48:26 PM     0        54      1.98      0.00  ksoftirqd/6
08:48:26 PM     0        59      0.99      0.00  migration/7
08:48:26 PM     0        60      1.98      0.00  ksoftirqd/7
08:48:26 PM     0        65      0.99      0.00  migration/8
08:48:26 PM     0        66      2.97      0.00  ksoftirqd/8
08:48:26 PM     0        71      0.99      0.00  migration/9
08:48:26 PM     0        77      0.99      0.00  migration/10
08:48:26 PM     0        78      0.99      0.00  ksoftirqd/10
08:48:26 PM     0        83      0.99      0.00  migration/11
08:48:26 PM     0        95      1.98      0.00  kcompactd0
08:48:26 PM     0       453      1.98      0.00  multipathd
08:48:26 PM   101       608      1.98      0.00  systemd-network
08:48:26 PM     0     98256      1.98      0.00  kworker/u24:2-events_unbound
08:48:26 PM     0    112707      0.99      0.00  kworker/3:0-mm_percpu_wq
08:48:26 PM     0    118120      0.99      0.00  kworker/9:2-mm_percpu_wq
08:48:26 PM     0    123430    299.01      1.98  kworker/6:0-mm_percpu_wq
08:48:26 PM     0    137207      2.97      0.00  kworker/0:2-events
08:48:26 PM     0    146022      0.99      0.00  kworker/11:1-mm_percpu_wq
08:48:26 PM     0    154179      0.99      0.00  kworker/2:2-mm_percpu_wq
08:48:26 PM     0    159214      2.97      0.00  kworker/7:1-events
08:48:26 PM     0    159909   1115.84      0.00  kworker/6:2-i915-unordered
08:48:26 PM     0    164357      4.95      0.00  kworker/10:0-events
08:48:26 PM     0    170864      1.98      0.00  kworker/1:1-events
08:48:26 PM     0    172777      0.99      0.00  kworker/8:0-mm_percpu_wq
08:48:26 PM     0    173734      0.99      0.00  kworker/4:0-mm_percpu_wq
08:48:26 PM     0    174020      0.99      0.00  iostat
08:48:26 PM     0    174021      0.99      3.96  pidstat
08:48:26 PM     0    174022      5.94      0.00  bash
08:48:26 PM     0    174023      4.95      3.96  bash
08:48:26 PM     0    174024      2.97      0.00  bash
08:48:26 PM     0    174026     97.03      0.00  fio
08:48:26 PM     0    175041      0.99      0.99  sleep
08:48:26 PM     0    175043      0.99      0.00  sleep
08:48:26 PM     0    175050      0.99      0.00  sleep

08:48:26 PM   UID       PID   cswch/s nvcswch/s  Command
08:48:27 PM     0        17     64.36      0.00  rcu_preempt
08:48:27 PM     0        18      0.99      0.00  migration/0
08:48:27 PM     0        24      2.97      0.00  ksoftirqd/1
08:48:27 PM     0        30      0.99      0.00  ksoftirqd/2
08:48:27 PM     0        36      2.97      0.00  ksoftirqd/3
08:48:27 PM     0        60      0.99      0.00  ksoftirqd/7
08:48:27 PM     0        66      0.99      0.00  ksoftirqd/8
08:48:27 PM     0        72      0.99      0.00  ksoftirqd/9
08:48:27 PM     0        95      1.98      0.00  kcompactd0
08:48:27 PM     0       453      1.98      0.00  multipathd
08:48:27 PM     0     98256      1.98      0.00  kworker/u24:2-edac-poller
08:48:27 PM     0    112707      0.99      0.00  kworker/3:0-mm_percpu_wq
08:48:27 PM     0    118120      1.98      0.00  kworker/9:2-events
08:48:27 PM     0    137207      1.98      0.00  kworker/0:2-events
08:48:27 PM     0    146022      0.99      0.00  kworker/11:1-events
08:48:27 PM     0    154179      1.98      0.00  kworker/2:2-events
08:48:27 PM     0    159214      2.97      0.00  kworker/7:1-events
08:48:27 PM     0    159909      0.99      0.00  kworker/6:2-mm_percpu_wq
08:48:27 PM     0    164357      0.99      0.00  kworker/10:0-mm_percpu_wq
08:48:27 PM     0    170864      4.95      0.00  kworker/1:1-events
08:48:27 PM     0    172777      0.99      0.00  kworker/8:0-mm_percpu_wq
08:48:27 PM     0    173734      0.99      0.00  kworker/4:0-mm_percpu_wq
08:48:27 PM     0    174020      0.99      0.00  iostat
08:48:27 PM     0    174021      0.99      3.96  pidstat
08:48:27 PM     0    174022      3.96      0.00  bash
08:48:27 PM     0    174023      4.95      0.00  bash
08:48:27 PM     0    174024      2.97      0.00  bash
08:48:27 PM     0    174026     99.01      0.00  fio
08:48:27 PM     0    175053      0.99      0.00  sleep
08:48:27 PM     0    175058      0.99      0.99  sleep
08:48:27 PM     0    175065      0.99      0.00  sleep

08:48:27 PM   UID       PID   cswch/s nvcswch/s  Command
08:48:28 PM     0        16      0.99      0.00  ksoftirqd/0
08:48:28 PM     0        17     67.33      0.00  rcu_preempt
08:48:28 PM     0        24      0.99      0.00  ksoftirqd/1
08:48:28 PM     0        30      1.98      0.00  ksoftirqd/2
08:48:28 PM     0        42      1.98      0.00  ksoftirqd/4
08:48:28 PM     0        54      0.99      0.00  ksoftirqd/6
08:48:28 PM     0        72      1.98      0.00  ksoftirqd/9
08:48:28 PM     0        78      0.99      0.00  ksoftirqd/10
08:48:28 PM     0        95      1.98      0.00  kcompactd0
08:48:28 PM     0       192      0.99      0.00  kworker/7:1H-kblockd
08:48:28 PM     0       453      1.98      0.00  multipathd
08:48:28 PM     0       562      2.97      0.00  jbd2/nvme1n1p3-8
08:48:28 PM     0     98256      4.95      0.00  kworker/u24:2-edac-poller
08:48:28 PM     0    112707      0.99      0.00  kworker/3:0-mm_percpu_wq
08:48:28 PM     0    118120      1.98      0.00  kworker/9:2-events
08:48:28 PM     0    137207      1.98      0.00  kworker/0:2-events
08:48:28 PM     0    154179      0.99      0.00  kworker/2:2-mm_percpu_wq
08:48:28 PM     0    159214      1.98      0.00  kworker/7:1-events
08:48:28 PM     0    159909      0.99      0.00  kworker/6:2-mm_percpu_wq
08:48:28 PM     0    164357      2.97      0.00  kworker/10:0-events
08:48:28 PM     0    170864      2.97      0.00  kworker/1:1-events
08:48:28 PM     0    172777      0.99      0.00  kworker/8:0-mm_percpu_wq
08:48:28 PM     0    173734      1.98      0.00  kworker/4:0-mm_percpu_wq
08:48:28 PM     0    174020      1.98      1.98  iostat
08:48:28 PM     0    174021      0.99      2.97  pidstat
08:48:28 PM     0    174022      3.96      0.00  bash
08:48:28 PM     0    174023      4.95      0.00  bash
08:48:28 PM     0    174024      2.97      0.00  bash
08:48:28 PM     0    174026     97.03      0.00  fio
08:48:28 PM     0    175068      0.99      0.00  sleep
08:48:28 PM     0    175073      0.99      0.00  sleep
08:48:28 PM     0    175080      0.99      0.00  sleep

08:48:28 PM   UID       PID   cswch/s nvcswch/s  Command
08:48:29 PM     0        16      2.00      0.00  ksoftirqd/0
08:48:29 PM     0        17     54.00      0.00  rcu_preempt
08:48:29 PM     0        24      2.00      0.00  ksoftirqd/1
08:48:29 PM     0        42      1.00      0.00  ksoftirqd/4
08:48:29 PM     0        48      1.00      1.00  ksoftirqd/5
08:48:29 PM     0        54      2.00      0.00  ksoftirqd/6
08:48:29 PM     0        72      1.00      0.00  ksoftirqd/9
08:48:29 PM     0        95      2.00      0.00  kcompactd0
08:48:29 PM     0       453      1.00      0.00  multipathd
08:48:29 PM     0     98256      2.00      0.00  kworker/u24:2-edac-poller
08:48:29 PM     0    112707      1.00      0.00  kworker/3:0-mm_percpu_wq
08:48:29 PM     0    118120      1.00      0.00  kworker/9:2-mm_percpu_wq
08:48:29 PM     0    137207      1.00      0.00  kworker/0:2-mm_percpu_wq
08:48:29 PM     0    143435      1.00      0.00  kworker/5:0-events
08:48:29 PM     0    146022      1.00      0.00  kworker/11:1-events
08:48:29 PM     0    154179      2.00      0.00  kworker/2:2-events
08:48:29 PM     0    159214      3.00      0.00  kworker/7:1-events
08:48:29 PM     0    159909      1.00      0.00  kworker/6:2-mm_percpu_wq
08:48:29 PM     0    164357      1.00      0.00  kworker/10:0-mm_percpu_wq
08:48:29 PM     0    170864      5.00      0.00  kworker/1:1-events
08:48:29 PM     0    172777      1.00      0.00  kworker/8:0-mm_percpu_wq
08:48:29 PM     0    173734      2.00      0.00  kworker/4:0-events
08:48:29 PM     0    174020      1.00      0.00  iostat
08:48:29 PM     0    174021      1.00      5.00  pidstat
08:48:29 PM     0    174022      5.00      0.00  bash
08:48:29 PM     0    174023      4.00      0.00  bash
08:48:29 PM     0    174024      3.00      0.00  bash
08:48:29 PM     0    174026     99.00      0.00  fio
08:48:29 PM     0    175083      1.00      0.00  sleep
08:48:29 PM     0    175088      1.00      0.00  sleep

08:48:29 PM   UID       PID   cswch/s nvcswch/s  Command
08:48:30 PM     0        16      1.00      0.00  ksoftirqd/0
08:48:30 PM     0        17     50.00      0.00  rcu_preempt
08:48:30 PM     0        18      1.00      0.00  migration/0
08:48:30 PM     0        23      1.00      0.00  migration/1
08:48:30 PM     0        24      2.00      1.00  ksoftirqd/1
08:48:30 PM     0        29      2.00      0.00  migration/2
08:48:30 PM     0        35      1.00      0.00  migration/3
08:48:30 PM     0        36      2.00      0.00  ksoftirqd/3
08:48:30 PM     0        41      1.00      0.00  migration/4
08:48:30 PM     0        47      1.00      0.00  migration/5
08:48:30 PM     0        53      1.00      0.00  migration/6
08:48:30 PM     0        54      2.00      0.00  ksoftirqd/6
08:48:30 PM     0        59      1.00      0.00  migration/7
08:48:30 PM     0        65      1.00      0.00  migration/8
08:48:30 PM     0        71      1.00      0.00  migration/9
08:48:30 PM     0        77      1.00      0.00  migration/10
08:48:30 PM     0        83      1.00      0.00  migration/11
08:48:30 PM     0        95      2.00      0.00  kcompactd0
08:48:30 PM     0       187      1.00      0.00  kworker/0:1H-kblockd
08:48:30 PM     0       453      1.00      0.00  multipathd
08:48:30 PM     0     88840      1.00      0.00  kworker/u24:1-events_power_efficient
08:48:30 PM     0     98256      2.00      0.00  kworker/u24:2-events_power_efficient
08:48:30 PM     0    112707      2.00      0.00  kworker/3:0-events
08:48:30 PM     0    118120      1.00      0.00  kworker/9:2-mm_percpu_wq
08:48:30 PM     0    137207      3.00      0.00  kworker/0:2-events
08:48:30 PM     0    143435      1.00      0.00  kworker/5:0-mm_percpu_wq
08:48:30 PM     0    159214      2.00      0.00  kworker/7:1-mm_percpu_wq
08:48:30 PM     0    159909      1.00      0.00  kworker/6:2-mm_percpu_wq
08:48:30 PM     0    164357      2.00      0.00  kworker/10:0-mm_percpu_wq
08:48:30 PM     0    170864      2.00      0.00  kworker/1:1-events
08:48:30 PM     0    172777      1.00      0.00  kworker/8:0-mm_percpu_wq
08:48:30 PM     0    173734      2.00      0.00  kworker/4:0-events
08:48:30 PM     0    174020      1.00      0.00  iostat
08:48:30 PM     0    174021      1.00      3.00  pidstat
08:48:30 PM     0    174022      4.00      0.00  bash
08:48:30 PM     0    174024      3.00      0.00  bash
08:48:30 PM     0    174026     99.00      0.00  fio
08:48:30 PM     0    175095      1.00      0.00  sleep
08:48:30 PM     0    175098      1.00      0.00  sleep
08:48:30 PM     0    175103      1.00      1.00  sleep

08:48:30 PM   UID       PID   cswch/s nvcswch/s  Command
08:48:31 PM     0        16      3.96      0.99  ksoftirqd/0
08:48:31 PM     0        17     65.35      0.00  rcu_preempt
08:48:31 PM     0        18      0.99      0.00  migration/0
08:48:31 PM     0        23      0.99      0.00  migration/1
08:48:31 PM     0        30      0.99      0.00  ksoftirqd/2
08:48:31 PM     0        36      0.99      0.00  ksoftirqd/3
08:48:31 PM     0        48      1.98      0.00  ksoftirqd/5
08:48:31 PM     0        54      3.96      0.00  ksoftirqd/6
08:48:31 PM     0        72      1.98      0.00  ksoftirqd/9
08:48:31 PM     0        95      1.98      0.00  kcompactd0
08:48:31 PM     0       453      0.99      0.00  multipathd
08:48:31 PM     0     88840      2.97      0.00  kworker/u24:1-events_power_efficient
08:48:31 PM     0     98256      0.99      0.00  kworker/u24:2-events_power_efficient
08:48:31 PM     0    112707      0.99      0.00  kworker/3:0-mm_percpu_wq
08:48:31 PM     0    118120      0.99      0.00  kworker/9:2-mm_percpu_wq
08:48:31 PM     0    137207      1.98      0.00  kworker/0:2-events
08:48:31 PM     0    143435      1.98      0.00  kworker/5:0-events
08:48:31 PM     0    146022      1.98      0.00  kworker/11:1-mm_percpu_wq
08:48:31 PM     0    154179      2.97      0.00  kworker/2:2-events
08:48:31 PM     0    159214      3.96      0.00  kworker/7:1-events
08:48:31 PM     0    159909      2.97      0.00  kworker/6:2-events
08:48:31 PM     0    164357      0.99      0.00  kworker/10:0-mm_percpu_wq
08:48:31 PM     0    170864      1.98      0.00  kworker/1:1-events
08:48:31 PM     0    172777      0.99      0.00  kworker/8:0-events
08:48:31 PM     0    173734      0.99      0.00  kworker/4:0-mm_percpu_wq
08:48:31 PM     0    174020      0.99      0.00  iostat
08:48:31 PM     0    174021      0.99      4.95  pidstat
08:48:31 PM     0    174022      4.95      0.00  bash
08:48:31 PM     0    174023      8.91      0.00  bash
08:48:31 PM     0    174024      4.95      0.00  bash
08:48:31 PM     0    174026     97.03      0.00  fio
08:48:31 PM     0    175110      0.99      0.00  sleep
08:48:31 PM     0    175113      0.99      0.00  sleep
08:48:31 PM     0    175118      0.99      0.99  sleep

08:48:31 PM   UID       PID   cswch/s nvcswch/s  Command
08:48:32 PM     0        16      3.00      0.00  ksoftirqd/0
08:48:32 PM     0        17     40.00      0.00  rcu_preempt
08:48:32 PM     0        24      1.00      0.00  ksoftirqd/1
08:48:32 PM     0        29      1.00      0.00  migration/2
08:48:32 PM     0        30      1.00      0.00  ksoftirqd/2
08:48:32 PM     0        65      1.00      0.00  migration/8
08:48:32 PM     0        72      1.00      0.00  ksoftirqd/9
08:48:32 PM     0        95      2.00      0.00  kcompactd0
08:48:32 PM     0       453      1.00      0.00  multipathd
08:48:32 PM     0     98256      1.00      0.00  kworker/u24:2-edac-poller
08:48:32 PM     0    112707      1.00      0.00  kworker/3:0-mm_percpu_wq
08:48:32 PM     0    118120      1.00      0.00  kworker/9:2-mm_percpu_wq
08:48:32 PM     0    137207      2.00      0.00  kworker/0:2-events
08:48:32 PM     0    143435      1.00      0.00  kworker/5:0-mm_percpu_wq
08:48:32 PM     0    146022      2.00      0.00  kworker/11:1-events
08:48:32 PM     0    154179      3.00      0.00  kworker/2:2-events
08:48:32 PM     0    159214      1.00      0.00  kworker/7:1-mm_percpu_wq
08:48:32 PM     0    159909      2.00      0.00  kworker/6:2-events
08:48:32 PM     0    164357      2.00      0.00  kworker/10:0-mm_percpu_wq
08:48:32 PM     0    170864      3.00      0.00  kworker/1:1-events
08:48:32 PM     0    173734      1.00      0.00  kworker/4:0-mm_percpu_wq
08:48:32 PM     0    174020      1.00      0.00  iostat
08:48:32 PM     0    174021      1.00      5.00  pidstat
08:48:32 PM     0    174022      1.00      0.00  bash
08:48:32 PM     0    174023      8.00      1.00  bash
08:48:32 PM     0    174024      3.00      0.00  bash
08:48:32 PM     0    174026    100.00      0.00  fio
08:48:32 PM     0    175125      1.00      0.00  sleep
08:48:32 PM     0    175128      1.00      0.00  sleep
08:48:32 PM     0    175129      1.00      0.00  bash
08:48:32 PM     0    175130      0.00      3.00  ps
08:48:32 PM     0    175131      1.00      0.00  grep

08:48:32 PM   UID       PID   cswch/s nvcswch/s  Command
08:48:33 PM     0        16      0.99      0.00  ksoftirqd/0
08:48:33 PM     0        17     58.42      0.00  rcu_preempt
08:48:33 PM     0        30      3.96      0.00  ksoftirqd/2
08:48:33 PM     0        36      1.98      0.00  ksoftirqd/3
08:48:33 PM     0        48      0.99      0.00  ksoftirqd/5
08:48:33 PM     0        54      0.99      0.00  ksoftirqd/6
08:48:33 PM     0        66      1.98      0.00  ksoftirqd/8
08:48:33 PM     0        72      0.99      0.00  ksoftirqd/9
08:48:33 PM     0        84      0.99      0.99  ksoftirqd/11
08:48:33 PM     0        95      1.98      0.00  kcompactd0
08:48:33 PM     0       453      1.98      0.00  multipathd
08:48:33 PM     0       562      2.97      0.00  jbd2/nvme1n1p3-8
08:48:33 PM     0     21554      0.99      0.00  packagekitd
08:48:33 PM     0     98256      3.96      0.00  kworker/u24:2-ext4-rsv-conversion
08:48:33 PM     0    112707      0.99      0.00  kworker/3:0-mm_percpu_wq
08:48:33 PM     0    118120      0.99      0.00  kworker/9:2-mm_percpu_wq
08:48:33 PM     0    137207      1.98      0.00  kworker/0:2-events
08:48:33 PM     0    143435      0.99      0.00  kworker/5:0-events
08:48:33 PM     0    146022      1.98      0.00  kworker/11:1-events
08:48:33 PM     0    154179      1.98      0.00  kworker/2:2-events
08:48:33 PM     0    159214      1.98      0.00  kworker/7:1-events
08:48:33 PM     0    159909      1.98      0.00  kworker/6:2-events
08:48:33 PM     0    164357      0.99      0.00  kworker/10:0-events
08:48:33 PM     0    170864      1.98      0.00  kworker/1:1-events
08:48:33 PM     0    172777      2.97      0.00  kworker/8:0-events
08:48:33 PM     0    173734      0.99      0.00  kworker/4:0-events
08:48:33 PM     0    174020      1.98      1.98  iostat
08:48:33 PM     0    174021      0.99      2.97  pidstat
08:48:33 PM     0    174022      3.96      0.00  bash
08:48:33 PM     0    174023      6.93      0.00  bash
08:48:33 PM     0    174024      2.97      0.00  bash
08:48:33 PM     0    174026     99.01      0.00  fio
08:48:33 PM     0    175133      0.99      0.00  sleep
08:48:33 PM     0    175142      0.99      0.00  sleep
08:48:33 PM     0    175143      0.99      0.00  sleep

08:48:33 PM   UID       PID   cswch/s nvcswch/s  Command
08:48:34 PM     0        16      1.98      0.00  ksoftirqd/0
08:48:34 PM     0        17     70.30      0.00  rcu_preempt
08:48:34 PM     0        18      0.99      0.00  migration/0
08:48:34 PM     0        23      0.99      0.00  migration/1
08:48:34 PM     0        24      0.99      0.00  ksoftirqd/1
08:48:34 PM     0        29      0.99      0.00  migration/2
08:48:34 PM     0        30      1.98      0.00  ksoftirqd/2
08:48:34 PM     0        35      0.99      0.00  migration/3
08:48:34 PM     0        36      0.99      0.00  ksoftirqd/3
08:48:34 PM     0        41      0.99      0.00  migration/4
08:48:34 PM     0        42      0.99      0.00  ksoftirqd/4
08:48:34 PM     0        47      0.99      0.00  migration/5
08:48:34 PM     0        53      0.99      0.00  migration/6
08:48:34 PM     0        54      1.98      0.00  ksoftirqd/6
08:48:34 PM     0        59      0.99      0.00  migration/7
08:48:34 PM     0        60      0.99      0.00  ksoftirqd/7
08:48:34 PM     0        65      0.99      0.00  migration/8
08:48:34 PM     0        71      0.99      0.00  migration/9
08:48:34 PM     0        77      0.99      0.00  migration/10
08:48:34 PM     0        83      0.99      0.00  migration/11
08:48:34 PM     0        95      1.98      0.00  kcompactd0
08:48:34 PM     0       453      0.99      0.00  multipathd
08:48:34 PM     0     98256      3.96      0.00  kworker/u24:2-edac-poller
08:48:34 PM     0    112707      1.98      0.00  kworker/3:0-events
08:48:34 PM     0    118120      0.99      0.00  kworker/9:2-mm_percpu_wq
08:48:34 PM     0    137207      3.96      0.00  kworker/0:2-events
08:48:34 PM     0    143435      0.99      0.00  kworker/5:0-mm_percpu_wq
08:48:34 PM     0    146022      0.99      0.00  kworker/11:1-mm_percpu_wq
08:48:34 PM     0    154179      0.99      0.00  kworker/2:2-mm_percpu_wq
08:48:34 PM     0    159214      2.97      0.00  kworker/7:1-events
08:48:34 PM     0    159909      0.99      0.00  kworker/6:2-mm_percpu_wq
08:48:34 PM     0    164357      0.99      0.00  kworker/10:0-events
08:48:34 PM     0    170864      0.99      0.00  kworker/1:1-mm_percpu_wq
08:48:34 PM     0    172777      0.99      0.00  kworker/8:0-mm_percpu_wq
08:48:34 PM     0    173734      0.99      0.00  kworker/4:0-events
08:48:34 PM     0    174020      0.99      0.00  iostat
08:48:34 PM     0    174021      0.99      3.96  pidstat
08:48:34 PM     0    174022      4.95      0.00  bash
08:48:34 PM     0    174023      7.92      0.00  bash
08:48:34 PM     0    174024      2.97      0.00  bash
08:48:34 PM     0    174026     97.03      0.00  fio
08:48:34 PM     0    175148      0.99      0.00  sleep
08:48:34 PM     0    175151      0.99      0.00  sleep
08:48:34 PM     0    175158      0.99      0.00  sleep

08:48:34 PM   UID       PID   cswch/s nvcswch/s  Command
08:48:35 PM     0        17     58.00      0.00  rcu_preempt
08:48:35 PM     0        18      1.00      0.00  migration/0
08:48:35 PM     0        30      1.00      0.00  ksoftirqd/2
08:48:35 PM     0        36      2.00      0.00  ksoftirqd/3
08:48:35 PM     0        47      1.00      0.00  migration/5
08:48:35 PM     0        54      1.00      0.00  ksoftirqd/6
08:48:35 PM     0        72      3.00      0.00  ksoftirqd/9
08:48:35 PM     0        84      2.00      0.00  ksoftirqd/11
08:48:35 PM     0        95      2.00      0.00  kcompactd0
08:48:35 PM     0       453      2.00      0.00  multipathd
08:48:35 PM     0     88840      1.00      0.00  kworker/u24:1-events_power_efficient
08:48:35 PM     0     98256      3.00      0.00  kworker/u24:2-events_power_efficient
08:48:35 PM     0    112707      1.00      0.00  kworker/3:0-mm_percpu_wq
08:48:35 PM     0    118120      2.00      0.00  kworker/9:2-events
08:48:35 PM     0    137207      2.00      0.00  kworker/0:2-events
08:48:35 PM     0    143435      2.00      0.00  kworker/5:0-events
08:48:35 PM     0    146022      2.00      0.00  kworker/11:1-events
08:48:35 PM     0    154179      2.00      0.00  kworker/2:2-events
08:48:35 PM     0    159214      3.00      0.00  kworker/7:1-events
08:48:35 PM     0    159909      2.00      0.00  kworker/6:2-events
08:48:35 PM     0    164357      1.00      0.00  kworker/10:0-events
08:48:35 PM     0    170864      2.00      0.00  kworker/1:1-events
08:48:35 PM     0    172777      2.00      0.00  kworker/8:0-events
08:48:35 PM     0    173734      2.00      0.00  kworker/4:0-events
08:48:35 PM     0    174020      1.00      0.00  iostat
08:48:35 PM     0    174021      1.00      4.00  pidstat
08:48:35 PM     0    174022      6.00      0.00  bash
08:48:35 PM     0    174023      6.00      0.00  bash
08:48:35 PM     0    174024      4.00      0.00  bash
08:48:35 PM     0    174026     99.00      0.00  fio
08:48:35 PM     0    175163      1.00      0.00  sleep
08:48:35 PM     0    175166      1.00      0.00  sleep
08:48:35 PM     0    175173      1.00      0.00  sleep

08:48:35 PM   UID       PID   cswch/s nvcswch/s  Command
08:48:36 PM     0        16      2.00      0.00  ksoftirqd/0
08:48:36 PM     0        17     70.00      0.00  rcu_preempt
08:48:36 PM     0        30      1.00      0.00  ksoftirqd/2
08:48:36 PM     0        48      2.00      0.00  ksoftirqd/5
08:48:36 PM     0        66      1.00      0.00  ksoftirqd/8
08:48:36 PM     0        72      5.00      0.00  ksoftirqd/9
08:48:36 PM     0        84      1.00      0.00  ksoftirqd/11
08:48:36 PM     0        95      2.00      0.00  kcompactd0
08:48:36 PM     0       453      2.00      0.00  multipathd
08:48:36 PM     0     88840      1.00      0.00  kworker/u24:1-edac-poller
08:48:36 PM     0    112707      1.00      0.00  kworker/3:0-mm_percpu_wq
08:48:36 PM     0    118120      1.00      0.00  kworker/9:2-mm_percpu_wq
08:48:36 PM     0    137207      3.00      0.00  kworker/0:2-events
08:48:36 PM     0    143435      3.00      0.00  kworker/5:0-events
08:48:36 PM     0    146022      2.00      0.00  kworker/11:1-events
08:48:36 PM     0    154179      1.00      0.00  kworker/2:2-mm_percpu_wq
08:48:36 PM     0    159214      1.00      0.00  kworker/7:1-mm_percpu_wq
08:48:36 PM     0    159909      2.00      0.00  kworker/6:2-events
08:48:36 PM     0    170864      1.00      0.00  kworker/1:1-mm_percpu_wq
08:48:36 PM     0    172777      1.00      0.00  kworker/8:0-mm_percpu_wq
08:48:36 PM     0    173734      1.00      0.00  kworker/4:0-mm_percpu_wq
08:48:36 PM     0    174020      1.00      0.00  iostat
08:48:36 PM     0    174021      1.00      4.00  pidstat
08:48:36 PM     0    174022      4.00      0.00  bash
08:48:36 PM     0    174023      8.00      0.00  bash
08:48:36 PM     0    174024      3.00      0.00  bash
08:48:36 PM     0    174026     99.00      0.00  fio
08:48:36 PM     0    175179      1.00      0.00  sleep
08:48:36 PM     0    175181      1.00      0.00  sleep
08:48:36 PM     0    175188      1.00      0.00  sleep

08:48:36 PM   UID       PID   cswch/s nvcswch/s  Command
08:48:37 PM     0         1      0.99      0.00  systemd
08:48:37 PM     0        16      1.98      0.99  ksoftirqd/0
08:48:37 PM     0        17     56.44      0.00  rcu_preempt
08:48:37 PM     0        30      1.98      0.00  ksoftirqd/2
08:48:37 PM     0        36      1.98      0.00  ksoftirqd/3
08:48:37 PM     0        48      0.99      0.00  ksoftirqd/5
08:48:37 PM     0        66      1.98      0.00  ksoftirqd/8
08:48:37 PM     0        95      1.98      0.00  kcompactd0
08:48:37 PM     0       453      0.99      0.00  multipathd
08:48:37 PM   102       621      0.99      0.00  systemd-resolve
08:48:37 PM     0       643      0.99      0.00  systemd-logind
08:48:37 PM     0     88840      2.97      0.00  kworker/u24:1-edac-poller
08:48:37 PM     0    112707      0.99      0.00  kworker/3:0-mm_percpu_wq
08:48:37 PM     0    118120      0.99      0.00  kworker/9:2-mm_percpu_wq
08:48:37 PM     0    137207      1.98      0.00  kworker/0:2-events
08:48:37 PM     0    143435      0.99      0.00  kworker/5:0-mm_percpu_wq
08:48:37 PM     0    146022      0.99      0.00  kworker/11:1-mm_percpu_wq
08:48:37 PM     0    154179      1.98      0.00  kworker/2:2-events
08:48:37 PM     0    159214      1.98      0.00  kworker/7:1-events
08:48:37 PM     0    159909      0.99      0.00  kworker/6:2-mm_percpu_wq
08:48:37 PM     0    164357      0.99      0.00  kworker/10:0-events
08:48:37 PM     0    170864      1.98      0.00  kworker/1:1-events
08:48:37 PM     0    172777      1.98      0.00  kworker/8:0-events
08:48:37 PM     0    173734      0.99      0.00  kworker/4:0-mm_percpu_wq
08:48:37 PM     0    174020      0.99      0.00  iostat
08:48:37 PM     0    174021      0.99      3.96  pidstat
08:48:37 PM     0    174022      2.97      0.00  bash
08:48:37 PM     0    174023      1.98      0.00  bash
08:48:37 PM     0    174024      2.97      0.00  bash
08:48:37 PM     0    174026     99.01      0.00  fio
08:48:37 PM     0    175191      0.99      0.00  sleep
08:48:37 PM     0    175196      0.99      0.00  sleep
08:48:37 PM     0    175198      0.00      5.94  ps
08:48:37 PM     0    175199      0.99      0.99  awk
08:48:37 PM     0    175200      0.99      0.00  sort
08:48:37 PM     0    175201      1.98      0.00  uniq
08:48:37 PM     0    175202      0.99      0.00  tr

08:48:37 PM   UID       PID   cswch/s nvcswch/s  Command
08:48:38 PM     0        17     51.00      0.00  rcu_preempt
08:48:38 PM     0        18      1.00      0.00  migration/0
08:48:38 PM     0        23      1.00      0.00  migration/1
08:48:38 PM     0        29      1.00      0.00  migration/2
08:48:38 PM     0        35      1.00      0.00  migration/3
08:48:38 PM     0        36      3.00      0.00  ksoftirqd/3
08:48:38 PM     0        41      1.00      0.00  migration/4
08:48:38 PM     0        47      1.00      0.00  migration/5
08:48:38 PM     0        48      2.00      0.00  ksoftirqd/5
08:48:38 PM     0        53      1.00      0.00  migration/6
08:48:38 PM     0        59      1.00      0.00  migration/7
08:48:38 PM     0        65      1.00      0.00  migration/8
08:48:38 PM     0        66      2.00      0.00  ksoftirqd/8
08:48:38 PM     0        71      1.00      0.00  migration/9
08:48:38 PM     0        77      1.00      0.00  migration/10
08:48:38 PM     0        83      1.00      0.00  migration/11
08:48:38 PM     0        84      1.00      0.00  ksoftirqd/11
08:48:38 PM     0        95      2.00      0.00  kcompactd0
08:48:38 PM     0       453      2.00      0.00  multipathd
08:48:38 PM     0       562      3.00      0.00  jbd2/nvme1n1p3-8
08:48:38 PM     0     88840      3.00      0.00  kworker/u24:1-ext4-rsv-conversion
08:48:38 PM     0    112707      5.00      0.00  kworker/3:0-events
08:48:38 PM     0    118120      1.00      0.00  kworker/9:2-mm_percpu_wq
08:48:38 PM     0    137207      7.00      0.00  kworker/0:2-events
08:48:38 PM     0    143435      1.00      0.00  kworker/5:0-mm_percpu_wq
08:48:38 PM     0    146022      3.00      0.00  kworker/11:1-events
08:48:38 PM     0    154179      1.00      0.00  kworker/2:2-mm_percpu_wq
08:48:38 PM     0    159214      7.00      0.00  kworker/7:1-pm
08:48:38 PM     0    159909      1.00      0.00  kworker/6:2-mm_percpu_wq
08:48:38 PM     0    164357      2.00      0.00  kworker/10:0-events
08:48:38 PM     0    170864      1.00      0.00  kworker/1:1-mm_percpu_wq
08:48:38 PM     0    171945      1.00      0.00  kworker/7:0-i915-unordered
08:48:38 PM     0    172777      1.00      0.00  kworker/8:0-mm_percpu_wq
08:48:38 PM     0    173734      1.00      0.00  kworker/4:0-events
08:48:38 PM     0    174020      1.00      3.00  iostat
08:48:38 PM     0    174021      1.00      4.00  pidstat
08:48:38 PM     0    174022      4.00      0.00  bash
08:48:38 PM     0    174023      3.00      0.00  bash
08:48:38 PM     0    174024      4.00      1.00  bash
08:48:38 PM     0    174026     98.00      0.00  fio
08:48:38 PM     0    175203      1.00      0.00  sleep
08:48:38 PM     0    175206      1.00      0.00  sleep
08:48:38 PM     0    175211      1.00      0.00  sleep

08:48:38 PM   UID       PID   cswch/s nvcswch/s  Command
08:48:39 PM     0        17     66.00      0.00  rcu_preempt
08:48:39 PM     0        24      2.00      0.00  ksoftirqd/1
08:48:39 PM     0        30      2.00      0.00  ksoftirqd/2
08:48:39 PM     0        36      1.00      0.00  ksoftirqd/3
08:48:39 PM     0        48      1.00      0.00  ksoftirqd/5
08:48:39 PM     0        54      1.00      0.00  ksoftirqd/6
08:48:39 PM     0        66      2.00      0.00  ksoftirqd/8
08:48:39 PM     0        72      1.00      0.00  ksoftirqd/9
08:48:39 PM     0        95      2.00      0.00  kcompactd0
08:48:39 PM     0       102      1.00      0.00  irq/9-acpi
08:48:39 PM     0       453      1.00      0.00  multipathd
08:48:39 PM     0     88840      3.00      0.00  kworker/u24:1-edac-poller
08:48:39 PM     0    112707      4.00      0.00  kworker/3:0-events
08:48:39 PM     0    118120      1.00      0.00  kworker/9:2-mm_percpu_wq
08:48:39 PM     0    137207      1.00      0.00  kworker/0:2-mm_percpu_wq
08:48:39 PM     0    143435      1.00      0.00  kworker/5:0-mm_percpu_wq
08:48:39 PM     0    146022      1.00      0.00  kworker/11:1-mm_percpu_wq
08:48:39 PM     0    154179      2.00      0.00  kworker/2:2-events
08:48:39 PM     0    159214      4.00      0.00  kworker/7:1-events
08:48:39 PM     0    159909      2.00      0.00  kworker/6:2-events
08:48:39 PM     0    170864      3.00      0.00  kworker/1:1-events
08:48:39 PM     0    172777      1.00      0.00  kworker/8:0-mm_percpu_wq
08:48:39 PM     0    173734      1.00      0.00  kworker/4:0-events
08:48:39 PM     0    174020      1.00      0.00  iostat
08:48:39 PM     0    174021      1.00      4.00  pidstat
08:48:39 PM     0    174022      6.00      0.00  bash
08:48:39 PM     0    174023      7.00      0.00  bash
08:48:39 PM     0    174024      3.00      0.00  bash
08:48:39 PM     0    174026     99.00      0.00  fio
08:48:39 PM     0    175218      1.00      0.00  sleep
08:48:39 PM     0    175221      1.00      0.00  sleep
08:48:39 PM     0    175226      1.00      0.00  sleep

08:48:39 PM   UID       PID   cswch/s nvcswch/s  Command
08:48:40 PM     0        16      1.00      0.00  ksoftirqd/0
08:48:40 PM     0        17     48.00      0.00  rcu_preempt
08:48:40 PM     0        24      1.00      0.00  ksoftirqd/1
08:48:40 PM     0        54      1.00      0.00  ksoftirqd/6
08:48:40 PM     0        60      1.00      1.00  ksoftirqd/7
08:48:40 PM     0        66      2.00      0.00  ksoftirqd/8
08:48:40 PM     0        72      2.00      0.00  ksoftirqd/9
08:48:40 PM     0        95      2.00      0.00  kcompactd0
08:48:40 PM     0       192      1.00      0.00  kworker/7:1H-kblockd
08:48:40 PM     0       453      1.00      0.00  multipathd
08:48:40 PM     0     88840      1.00      0.00  kworker/u24:1-edac-poller
08:48:40 PM     0    112707      2.00      0.00  kworker/3:0-events
08:48:40 PM     0    118120      2.00      0.00  kworker/9:2-events
08:48:40 PM     0    137207      3.00      0.00  kworker/0:2-events
08:48:40 PM     0    143435      1.00      0.00  kworker/5:0-mm_percpu_wq
08:48:40 PM     0    146022      1.00      0.00  kworker/11:1-mm_percpu_wq
08:48:40 PM     0    154179      1.00      0.00  kworker/2:2-mm_percpu_wq
08:48:40 PM     0    159214      3.00      0.00  kworker/7:1-events
08:48:40 PM     0    159909      1.00      0.00  kworker/6:2-mm_percpu_wq
08:48:40 PM     0    170864      2.00      0.00  kworker/1:1-events
08:48:40 PM     0    172777      3.00      0.00  kworker/8:0-events
08:48:40 PM     0    173734      1.00      0.00  kworker/4:0-events
08:48:40 PM     0    174020      1.00      0.00  iostat
08:48:40 PM     0    174021      1.00      4.00  pidstat
08:48:40 PM     0    174022      1.00      1.00  bash
08:48:40 PM     0    174023      5.00      0.00  bash
08:48:40 PM     0    174024      3.00      0.00  bash
08:48:40 PM     0    174026     99.00      0.00  fio
08:48:40 PM     0    175233      1.00      0.00  sleep
08:48:40 PM     0    175236      1.00      0.00  sleep
08:48:40 PM     0    175237      1.00      0.00  bash

08:48:40 PM   UID       PID   cswch/s nvcswch/s  Command
08:48:41 PM     0        16      0.99      0.00  ksoftirqd/0
08:48:41 PM     0        17     68.32      0.00  rcu_preempt
08:48:41 PM     0        24      1.98      0.99  ksoftirqd/1
08:48:41 PM     0        30      0.99      0.00  ksoftirqd/2
08:48:41 PM     0        36      0.99      0.00  ksoftirqd/3
08:48:41 PM     0        60      0.99      0.00  ksoftirqd/7
08:48:41 PM     0        66      0.99      0.00  ksoftirqd/8
08:48:41 PM     0        95      1.98      0.00  kcompactd0
08:48:41 PM     0       453      0.99      0.00  multipathd
08:48:41 PM     0     88840      0.99      0.00  kworker/u24:1-events_power_efficient
08:48:41 PM     0     98256      2.97      0.00  kworker/u24:2-edac-poller
08:48:41 PM     0    112707      1.98      0.00  kworker/3:0-events
08:48:41 PM     0    118120      0.99      0.00  kworker/9:2-mm_percpu_wq
08:48:41 PM     0    137207      0.99      0.00  kworker/0:2-mm_percpu_wq
08:48:41 PM     0    146022      0.99      0.00  kworker/11:1-events
08:48:41 PM     0    154179      1.98      0.00  kworker/2:2-events
08:48:41 PM     0    159214      1.98      0.00  kworker/7:1-events
08:48:41 PM     0    159909      0.99      0.00  kworker/6:2-mm_percpu_wq
08:48:41 PM     0    170864      4.95      0.00  kworker/1:1-events
08:48:41 PM     0    172777      1.98      0.00  kworker/8:0-events
08:48:41 PM     0    174020      0.99      0.00  iostat
08:48:41 PM     0    174021      0.99      3.96  pidstat
08:48:41 PM     0    174022      3.96      0.00  bash
08:48:41 PM     0    174023      7.92      0.00  bash
08:48:41 PM     0    174024      2.97      0.00  bash
08:48:41 PM     0    174026     98.02      0.00  fio
08:48:41 PM     0    175241      0.99      0.00  sleep
08:48:41 PM     0    175248      0.99      0.00  sleep
08:48:41 PM     0    175251      0.99      0.00  sleep

08:48:41 PM   UID       PID   cswch/s nvcswch/s  Command
08:48:42 PM     0        16      1.00      0.00  ksoftirqd/0
08:48:42 PM     0        17     67.00      0.00  rcu_preempt
08:48:42 PM     0        18      1.00      0.00  migration/0
08:48:42 PM     0        23      1.00      0.00  migration/1
08:48:42 PM     0        24      2.00      0.00  ksoftirqd/1
08:48:42 PM     0        29      1.00      0.00  migration/2
08:48:42 PM     0        30      3.00      0.00  ksoftirqd/2
08:48:42 PM     0        35      1.00      0.00  migration/3
08:48:42 PM     0        36      3.00      0.00  ksoftirqd/3
08:48:42 PM     0        41      1.00      0.00  migration/4
08:48:42 PM     0        47      1.00      0.00  migration/5
08:48:42 PM     0        53      1.00      0.00  migration/6
08:48:42 PM     0        59      1.00      0.00  migration/7
08:48:42 PM     0        65      1.00      0.00  migration/8
08:48:42 PM     0        66      1.00      0.00  ksoftirqd/8
08:48:42 PM     0        71      1.00      0.00  migration/9
08:48:42 PM     0        72      2.00      0.00  ksoftirqd/9
08:48:42 PM     0        77      1.00      0.00  migration/10
08:48:42 PM     0        83      1.00      0.00  migration/11
08:48:42 PM     0        95      1.00      0.00  kcompactd0
08:48:42 PM     0       453      1.00      0.00  multipathd
08:48:42 PM     0     98256      1.00      0.00  kworker/u24:2-edac-poller
08:48:42 PM     0    112707      2.00      0.00  kworker/3:0-events
08:48:42 PM     0    118120      1.00      0.00  kworker/9:2-mm_percpu_wq
08:48:42 PM     0    137207      5.00      0.00  kworker/0:2-events
08:48:42 PM     0    143435      1.00      0.00  kworker/5:0-events
08:48:42 PM     0    154179      2.00      0.00  kworker/2:2-events
08:48:42 PM     0    159214      2.00      0.00  kworker/7:1-events
08:48:42 PM     0    159909      1.00      0.00  kworker/6:2-mm_percpu_wq
08:48:42 PM     0    170864      1.00      0.00  kworker/1:1-mm_percpu_wq
08:48:42 PM     0    172777      2.00      0.00  kworker/8:0-events
08:48:42 PM     0    173734      1.00      0.00  kworker/4:0-events
08:48:42 PM     0    174020      1.00      0.00  iostat
08:48:42 PM     0    174021      1.00      4.00  pidstat
08:48:42 PM     0    174022      6.00      0.00  bash
08:48:42 PM     0    174023      8.00      0.00  bash
08:48:42 PM     0    174024      3.00      0.00  bash
08:48:42 PM     0    174026     99.00      0.00  fio
08:48:42 PM     0    175256      1.00      0.00  sleep
08:48:42 PM     0    175265      1.00      0.00  sleep
08:48:42 PM     0    175266      1.00      0.00  sleep

08:48:42 PM   UID       PID   cswch/s nvcswch/s  Command
08:48:43 PM     0        16      1.00      0.00  ksoftirqd/0
08:48:43 PM     0        17     69.00      0.00  rcu_preempt
08:48:43 PM     0        24      2.00      0.00  ksoftirqd/1
08:48:43 PM     0        29      1.00      0.00  migration/2
08:48:43 PM     0        36      5.00      0.00  ksoftirqd/3
08:48:43 PM     0        48      1.00      0.00  ksoftirqd/5
08:48:43 PM     0        66      1.00      0.00  ksoftirqd/8
08:48:43 PM     0        72      1.00      0.00  ksoftirqd/9
08:48:43 PM     0        95      2.00      0.00  kcompactd0
08:48:43 PM     0       453      1.00      0.00  multipathd
08:48:43 PM     0     21554      1.00      0.00  packagekitd
08:48:43 PM     0     98256      2.00      0.00  kworker/u24:2-edac-poller
08:48:43 PM     0    112707      1.00      0.00  kworker/3:0-mm_percpu_wq
08:48:43 PM     0    118120      1.00      0.00  kworker/9:2-mm_percpu_wq
08:48:43 PM     0    137207      3.00      0.00  kworker/0:2-events
08:48:43 PM     0    154179      2.00      0.00  kworker/2:2-events
08:48:43 PM     0    159214      3.00      0.00  kworker/7:1-events
08:48:43 PM     0    159909      1.00      0.00  kworker/6:2-mm_percpu_wq
08:48:43 PM     0    170864      3.00      0.00  kworker/1:1-events
08:48:43 PM     0    172777      2.00      0.00  kworker/8:0-events
08:48:43 PM     0    174020      1.00      0.00  iostat
08:48:43 PM     0    174021      1.00      4.00  pidstat
08:48:43 PM     0    174022      4.00      0.00  bash
08:48:43 PM     0    174023      6.00      0.00  bash
08:48:43 PM     0    174024      5.00      0.00  bash
08:48:43 PM     0    174026     98.00      0.00  fio
08:48:43 PM     0    175271      1.00      1.00  sleep
08:48:43 PM     0    175274      1.00      0.00  sleep
08:48:43 PM     0    175281      1.00      0.00  sleep

08:48:43 PM   UID       PID   cswch/s nvcswch/s  Command
08:48:44 PM     0        16      2.00      0.00  ksoftirqd/0
08:48:44 PM     0        17     62.00      0.00  rcu_preempt
08:48:44 PM     0        30      2.00      0.00  ksoftirqd/2
08:48:44 PM     0        36      1.00      0.00  ksoftirqd/3
08:48:44 PM     0        48      2.00      0.00  ksoftirqd/5
08:48:44 PM     0        54      1.00      0.00  ksoftirqd/6
08:48:44 PM     0        72      2.00      0.00  ksoftirqd/9
08:48:44 PM     0        84      1.00      0.00  ksoftirqd/11
08:48:44 PM     0        95      2.00      0.00  kcompactd0
08:48:44 PM     0       453      2.00      0.00  multipathd
08:48:44 PM     0       562      3.00      0.00  jbd2/nvme1n1p3-8
08:48:44 PM     0     88840      2.00      0.00  kworker/u24:1-writeback
08:48:44 PM     0     98256      3.00      0.00  kworker/u24:2-edac-poller
08:48:44 PM     0    112707      1.00      0.00  kworker/3:0-mm_percpu_wq
08:48:44 PM     0    118120      1.00      0.00  kworker/9:2-mm_percpu_wq
08:48:44 PM     0    137207      3.00      0.00  kworker/0:2-events
08:48:44 PM     0    143435      2.00      0.00  kworker/5:0-mm_percpu_wq
08:48:44 PM     0    146022      1.00      0.00  kworker/11:1-events
08:48:44 PM     0    154179      2.00      0.00  kworker/2:2-events
08:48:44 PM     0    159214      1.00      0.00  kworker/7:1-mm_percpu_wq
08:48:44 PM     0    159909      1.00      0.00  kworker/6:2-mm_percpu_wq
08:48:44 PM     0    164357      2.00      0.00  kworker/10:0-events
08:48:44 PM     0    170864      1.00      0.00  kworker/1:1-mm_percpu_wq
08:48:44 PM     0    172777      1.00      0.00  kworker/8:0-mm_percpu_wq
08:48:44 PM     0    173734      1.00      0.00  kworker/4:0-events
08:48:44 PM     0    174020      1.00      0.00  iostat
08:48:44 PM     0    174021      1.00      4.00  pidstat
08:48:44 PM     0    174022      6.00      0.00  bash
08:48:44 PM     0    174023      7.00      0.00  bash
08:48:44 PM     0    174024      3.00      0.00  bash
08:48:44 PM     0    174026     99.00      0.00  fio
08:48:44 PM     0    175286      1.00      0.00  sleep
08:48:44 PM     0    175289      1.00      0.00  sleep
08:48:44 PM     0    175296      1.00      0.00  sleep

08:48:44 PM   UID       PID   cswch/s nvcswch/s  Command
08:48:45 PM     0        16      2.00      1.00  ksoftirqd/0
08:48:45 PM     0        17     34.00      0.00  rcu_preempt
08:48:45 PM     0        72      2.00      0.00  ksoftirqd/9
08:48:45 PM     0        95      2.00      0.00  kcompactd0
08:48:45 PM     0       453      2.00      0.00  multipathd
08:48:45 PM     0     98256      2.00      0.00  kworker/u24:2-edac-poller
08:48:45 PM     0    112707      1.00      0.00  kworker/3:0-mm_percpu_wq
08:48:45 PM     0    118120      1.00      0.00  kworker/9:2-mm_percpu_wq
08:48:45 PM     0    137207      3.00      0.00  kworker/0:2-events
08:48:45 PM     0    143435      2.00      0.00  kworker/5:0-events
08:48:45 PM     0    146022      2.00      0.00  kworker/11:1-events
08:48:45 PM     0    154179      2.00      0.00  kworker/2:2-events
08:48:45 PM     0    159214      2.00      0.00  kworker/7:1-events
08:48:45 PM     0    159909      1.00      0.00  kworker/6:2-mm_percpu_wq
08:48:45 PM     0    170864      2.00      0.00  kworker/1:1-events
08:48:45 PM     0    172777      3.00      0.00  kworker/8:0-events
08:48:45 PM     0    174020      1.00      0.00  iostat
08:48:45 PM     0    174021      1.00      4.00  pidstat
08:48:45 PM     0    174022      4.00      0.00  bash
08:48:45 PM     0    174023      4.00      0.00  bash
08:48:45 PM     0    174024      5.00      0.00  bash
08:48:45 PM     0    174026    100.00      0.00  fio
08:48:45 PM     0    175302      1.00      0.00  sleep
08:48:45 PM     0    175304      1.00      0.00  sleep

08:48:45 PM   UID       PID   cswch/s nvcswch/s  Command
08:48:46 PM     0        16      0.99      0.99  ksoftirqd/0
08:48:46 PM     0        17     57.43      0.00  rcu_preempt
08:48:46 PM     0        18      0.99      0.00  migration/0
08:48:46 PM     0        23      0.99      0.00  migration/1
08:48:46 PM     0        29      0.99      0.00  migration/2
08:48:46 PM     0        35      0.99      0.00  migration/3
08:48:46 PM     0        36      0.99      0.00  ksoftirqd/3
08:48:46 PM     0        41      0.99      0.00  migration/4
08:48:46 PM     0        47      0.99      0.00  migration/5
08:48:46 PM     0        48      0.99      0.00  ksoftirqd/5
08:48:46 PM     0        53      0.99      0.00  migration/6
08:48:46 PM     0        54      0.99      0.00  ksoftirqd/6
08:48:46 PM     0        59      0.99      0.00  migration/7
08:48:46 PM     0        65      0.99      0.00  migration/8
08:48:46 PM     0        71      0.99      0.00  migration/9
08:48:46 PM     0        72      2.97      0.00  ksoftirqd/9
08:48:46 PM     0        77      0.99      0.00  migration/10
08:48:46 PM     0        83      0.99      0.00  migration/11
08:48:46 PM     0        84      1.98      0.00  ksoftirqd/11
08:48:46 PM     0        95      1.98      0.00  kcompactd0
08:48:46 PM     0       453      0.99      0.00  multipathd
08:48:46 PM     0     88840      1.98      0.00  kworker/u24:1-edac-poller
08:48:46 PM     0     98256      0.99      0.00  kworker/u24:2-events_power_efficient
08:48:46 PM     0    112707      0.99      0.00  kworker/3:0-mm_percpu_wq
08:48:46 PM     0    118120      1.98      0.00  kworker/9:2-events
08:48:46 PM     0    137207      2.97      0.00  kworker/0:2-events
08:48:46 PM     0    143435      1.98      0.00  kworker/5:0-mm_percpu_wq
08:48:46 PM     0    146022      0.99      0.00  kworker/11:1-mm_percpu_wq
08:48:46 PM     0    154179      0.99      0.00  kworker/2:2-mm_percpu_wq
08:48:46 PM     0    159909      0.99      0.00  kworker/6:2-mm_percpu_wq
08:48:46 PM     0    170864      2.97      0.00  kworker/1:1-mm_percpu_wq
08:48:46 PM     0    173734      0.99      0.00  kworker/4:0-events
08:48:46 PM     0    174020      0.99      0.00  iostat
08:48:46 PM     0    174021      0.99      3.96  pidstat
08:48:46 PM     0    174022      3.96      0.00  bash
08:48:46 PM     0    174023      4.95      0.00  bash
08:48:46 PM     0    174024      4.95      0.00  bash
08:48:46 PM     0    174026     97.03      0.00  fio
08:48:46 PM     0    175311      0.99      0.00  sleep
08:48:46 PM     0    175317      0.99      0.00  sleep
08:48:46 PM     0    175319      0.99      0.00  sleep

08:48:46 PM   UID       PID   cswch/s nvcswch/s  Command
08:48:47 PM     0        17     52.00      0.00  rcu_preempt
08:48:47 PM     0        36      1.00      0.00  ksoftirqd/3
08:48:47 PM     0        48      1.00      0.00  ksoftirqd/5
08:48:47 PM     0        60      4.00      0.00  ksoftirqd/7
08:48:47 PM     0        72      1.00      0.00  ksoftirqd/9
08:48:47 PM     0        84      2.00      0.00  ksoftirqd/11
08:48:47 PM     0        95      2.00      0.00  kcompactd0
08:48:47 PM     0       453      1.00      0.00  multipathd
08:48:47 PM     0     88840      1.00      0.00  kworker/u24:1-events_power_efficient
08:48:47 PM     0     98256      3.00      0.00  kworker/u24:2-edac-poller
08:48:47 PM     0    112707      1.00      0.00  kworker/3:0-mm_percpu_wq
08:48:47 PM     0    118120      1.00      0.00  kworker/9:2-mm_percpu_wq
08:48:47 PM     0    137207      2.00      0.00  kworker/0:2-events
08:48:47 PM     0    143435      2.00      0.00  kworker/5:0-events
08:48:47 PM     0    146022      1.00      0.00  kworker/11:1-mm_percpu_wq
08:48:47 PM     0    154179      1.00      0.00  kworker/2:2-events
08:48:47 PM     0    159214      5.00      0.00  kworker/7:1-events
08:48:47 PM     0    159909      2.00      0.00  kworker/6:2-events
08:48:47 PM     0    170864      3.00      0.00  kworker/1:1-events
08:48:47 PM     0    172777      1.00      0.00  kworker/8:0-events
08:48:47 PM     0    174020      1.00      0.00  iostat
08:48:47 PM     0    174021      1.00      4.00  pidstat
08:48:47 PM     0    174022      4.00      0.00  bash
08:48:47 PM     0    174023      4.00      0.00  bash
08:48:47 PM     0    174024      3.00      0.00  bash
08:48:47 PM     0    174026     99.00      0.00  fio
08:48:47 PM     0    175326      1.00      0.00  sleep
08:48:47 PM     0    175329      1.00      0.00  sleep

08:48:47 PM   UID       PID   cswch/s nvcswch/s  Command
08:48:48 PM     0        17     66.00      0.00  rcu_preempt
08:48:48 PM     0        24      2.00      0.00  ksoftirqd/1
08:48:48 PM     0        42      2.00      1.00  ksoftirqd/4
08:48:48 PM     0        48      1.00      0.00  ksoftirqd/5
08:48:48 PM     0        60      1.00      0.00  ksoftirqd/7
08:48:48 PM     0        84      2.00      0.00  ksoftirqd/11
08:48:48 PM     0        95      2.00      0.00  kcompactd0
08:48:48 PM     0       453      1.00      0.00  multipathd
08:48:48 PM     0     98256      1.00      0.00  kworker/u24:2-edac-poller
08:48:48 PM     0    112707      1.00      0.00  kworker/3:0-mm_percpu_wq
08:48:48 PM     0    118120      1.00      0.00  kworker/9:2-mm_percpu_wq
08:48:48 PM     0    137207      2.00      0.00  kworker/0:2-events
08:48:48 PM     0    143435      1.00      0.00  kworker/5:0-mm_percpu_wq
08:48:48 PM     0    146022      2.00      0.00  kworker/11:1-events
08:48:48 PM     0    159214      2.00      0.00  kworker/7:1-events
08:48:48 PM     0    159909      2.00      0.00  kworker/6:2-events
08:48:48 PM     0    170864      2.00      0.00  kworker/1:1-events
08:48:48 PM     0    173734      1.00      0.00  kworker/4:0-events
08:48:48 PM     0    174020      1.00      0.00  iostat
08:48:48 PM     0    174021      1.00      4.00  pidstat
08:48:48 PM     0    174022      1.00      0.00  bash
08:48:48 PM     0    174023      5.00      0.00  bash
08:48:48 PM     0    174024      3.00      0.00  bash
08:48:48 PM     0    174026     98.00      0.00  fio
08:48:48 PM     0    175341      1.00      0.00  sleep
08:48:48 PM     0    175344      1.00      0.00  sleep

08:48:48 PM   UID       PID   cswch/s nvcswch/s  Command
08:48:49 PM     0         2      1.00      0.00  kthreadd
08:48:49 PM     0        16      2.00      0.00  ksoftirqd/0
08:48:49 PM     0        17     61.00      0.00  rcu_preempt
08:48:49 PM     0        24      2.00      0.00  ksoftirqd/1
08:48:49 PM     0        42      1.00      0.00  ksoftirqd/4
08:48:49 PM     0        54      1.00      0.00  ksoftirqd/6
08:48:49 PM     0        60      2.00      0.00  ksoftirqd/7
08:48:49 PM     0        66      1.00      0.00  ksoftirqd/8
08:48:49 PM     0        78      3.00      0.00  ksoftirqd/10
08:48:49 PM     0        95      2.00      0.00  kcompactd0
08:48:49 PM     0       102      1.00      0.00  irq/9-acpi
08:48:49 PM     0       453      1.00      0.00  multipathd
08:48:49 PM     0       562      3.00      0.00  jbd2/nvme1n1p3-8
08:48:49 PM     0     88840      5.00      0.00  kworker/u24:1-events_unbound
08:48:49 PM     0     98256      2.00      0.00  kworker/u24:2-flush-259:1
08:48:49 PM     0    112707      1.00      0.00  kworker/3:0-mm_percpu_wq
08:48:49 PM     0    118120      1.00      0.00  kworker/9:2-mm_percpu_wq
08:48:49 PM     0    137207      4.00      0.00  kworker/0:2-events
08:48:49 PM     0    143435      1.00      0.00  kworker/5:0-mm_percpu_wq
08:48:49 PM     0    146022      3.00      0.00  kworker/11:1-events
08:48:49 PM     0    152246      2.00      1.00  kworker/7:2-events
08:48:49 PM     0    154179      3.00      0.00  kworker/2:2-events
08:48:49 PM     0    159214   1131.00      1.00  kworker/7:1-events
08:48:49 PM     0    159909      2.00      0.00  kworker/6:2-events
08:48:49 PM     0    164357      3.00      0.00  kworker/10:0-events
08:48:49 PM     0    170864      3.00      0.00  kworker/1:1-events
08:48:49 PM     0    171945   1124.00      1.00  kworker/7:0-i915-unordered
08:48:49 PM     0    172777      1.00      0.00  kworker/8:0-events
08:48:49 PM     0    173734      1.00      0.00  kworker/4:0-mm_percpu_wq
08:48:49 PM     0    174020      1.00      0.00  iostat
08:48:49 PM     0    174021      2.00      6.00  pidstat
08:48:49 PM     0    174022      5.00      0.00  bash
08:48:49 PM     0    174023      7.00      0.00  bash
08:48:49 PM     0    174024      4.00      0.00  bash
08:48:49 PM     0    174026    100.00      0.00  fio
08:48:49 PM     0    175349      1.00      0.00  sleep
08:48:49 PM     0    175356      2.00      0.00  kworker/7:3
08:48:49 PM     0    175357      1.00      0.00  sleep
08:48:49 PM     0    175360      1.00      0.00  sleep

08:48:49 PM   UID       PID   cswch/s nvcswch/s  Command
08:48:50 PM     0        16      2.97      0.99  ksoftirqd/0
08:48:50 PM     0        17     54.46      0.00  rcu_preempt
08:48:50 PM     0        18      0.99      0.00  migration/0
08:48:50 PM     0        23      0.99      0.00  migration/1
08:48:50 PM     0        24      2.97      0.00  ksoftirqd/1
08:48:50 PM     0        29      0.99      0.00  migration/2
08:48:50 PM     0        30      0.99      0.00  ksoftirqd/2
08:48:50 PM     0        35      0.99      0.00  migration/3
08:48:50 PM     0        41      0.99      0.00  migration/4
08:48:50 PM     0        47      0.99      0.00  migration/5
08:48:50 PM     0        53      3.96      0.00  migration/6
08:48:50 PM     0        59      0.99      0.00  migration/7
08:48:50 PM     0        60      2.97      0.00  ksoftirqd/7
08:48:50 PM     0        65      0.99      0.00  migration/8
08:48:50 PM     0        71      0.99      0.00  migration/9
08:48:50 PM     0        77      0.99      0.00  migration/10
08:48:50 PM     0        78      0.99      0.00  ksoftirqd/10
08:48:50 PM     0        83      0.99      0.00  migration/11
08:48:50 PM     0        95      1.98      0.00  kcompactd0
08:48:50 PM     0       187      0.99      0.00  kworker/0:1H-kblockd
08:48:50 PM     0       453      1.98      0.00  multipathd
08:48:50 PM     0     88840      0.99      0.00  kworker/u24:1-edac-poller
08:48:50 PM     0    112707      1.98      0.00  kworker/3:0-events
08:48:50 PM     0    118120      1.98      0.00  kworker/9:2-events
08:48:50 PM     0    137207      4.95      0.00  kworker/0:2-events
08:48:50 PM     0    143435      0.99      0.00  kworker/5:0-events
08:48:50 PM     0    146022      0.99      0.00  kworker/11:1-mm_percpu_wq
08:48:50 PM     0    154179      1.98      0.00  kworker/2:2-events
08:48:50 PM     0    159909      0.99      0.00  kworker/6:2-mm_percpu_wq
08:48:50 PM     0    164357      0.99      0.00  kworker/10:0-mm_percpu_wq
08:48:50 PM     0    170864      1.98      0.00  kworker/1:1-mm_percpu_wq
08:48:50 PM     0    171945      1.98      0.00  kworker/7:0-events
08:48:50 PM     0    172777      0.99      0.00  kworker/8:0-mm_percpu_wq
08:48:50 PM     0    173734      0.99      0.00  kworker/4:0-mm_percpu_wq
08:48:50 PM     0    174020      0.99      0.00  iostat
08:48:50 PM     0    174021      0.99      3.96  pidstat
08:48:50 PM     0    174022      3.96      0.00  bash
08:48:50 PM     0    174023      6.93      0.00  bash
08:48:50 PM     0    174024      4.95      0.00  bash
08:48:50 PM     0    174026     98.02      0.00  fio
08:48:50 PM     0    175365      0.99      0.99  sleep
08:48:50 PM     0    175372      0.99      0.00  sleep
08:48:50 PM     0    175375      0.99      0.00  sleep

08:48:50 PM   UID       PID   cswch/s nvcswch/s  Command
08:48:51 PM     0        17     50.00      0.00  rcu_preempt
08:48:51 PM     0        24      2.00      0.00  ksoftirqd/1
08:48:51 PM     0        30      2.00      0.00  ksoftirqd/2
08:48:51 PM     0        36      1.00      0.00  ksoftirqd/3
08:48:51 PM     0        60      3.00      0.00  ksoftirqd/7
08:48:51 PM     0        72      1.00      0.00  ksoftirqd/9
08:48:51 PM     0        95      2.00      0.00  kcompactd0
08:48:51 PM     0       453      1.00      0.00  multipathd
08:48:51 PM     0     88840      1.00      0.00  kworker/u24:1-events_power_efficient
08:48:51 PM     0     98256      2.00      0.00  kworker/u24:2-events_unbound
08:48:51 PM     0    112707      2.00      0.00  kworker/3:0-events
08:48:51 PM     0    137207      2.00      0.00  kworker/0:2-events
08:48:51 PM     0    146022      1.00      0.00  kworker/11:1-mm_percpu_wq
08:48:51 PM     0    154179      3.00      0.00  kworker/2:2-events
08:48:51 PM     0    159909      1.00      0.00  kworker/6:2-mm_percpu_wq
08:48:51 PM     0    164357      1.00      0.00  kworker/10:0-mm_percpu_wq
08:48:51 PM     0    170864      2.00      0.00  kworker/1:1-events
08:48:51 PM     0    171945      2.00      0.00  kworker/7:0-events
08:48:51 PM     0    172777      1.00      0.00  kworker/8:0-mm_percpu_wq
08:48:51 PM     0    173734      2.00      0.00  kworker/4:0-events
08:48:51 PM     0    174020      1.00      0.00  iostat
08:48:51 PM     0    174021      1.00      4.00  pidstat
08:48:51 PM     0    174022      4.00      0.00  bash
08:48:51 PM     0    174023      7.00      0.00  bash
08:48:51 PM     0    174024      3.00      0.00  bash
08:48:51 PM     0    174026     97.00      0.00  fio
08:48:51 PM     0    175380      1.00      0.00  sleep
08:48:51 PM     0    175389      1.00      0.00  sleep
08:48:51 PM     0    175390      1.00      0.00  sleep

08:48:51 PM   UID       PID   cswch/s nvcswch/s  Command
08:48:52 PM     0        17     44.00      0.00  rcu_preempt
08:48:52 PM     0        30      2.00      1.00  ksoftirqd/2
08:48:52 PM     0        36      1.00      0.00  ksoftirqd/3
08:48:52 PM     0        42      1.00      0.00  ksoftirqd/4
08:48:52 PM     0        60      2.00      0.00  ksoftirqd/7
08:48:52 PM     0        95      2.00      0.00  kcompactd0
08:48:52 PM     0       453      1.00      0.00  multipathd
08:48:52 PM     0     98256      1.00      0.00  kworker/u24:2-edac-poller
08:48:52 PM     0    112707      3.00      0.00  kworker/3:0-events
08:48:52 PM     0    118120      1.00      0.00  kworker/9:2-mm_percpu_wq
08:48:52 PM     0    137207      1.00      0.00  kworker/0:2-events
08:48:52 PM     0    154179      3.00      0.00  kworker/2:2-events
08:48:52 PM     0    159909      1.00      0.00  kworker/6:2-mm_percpu_wq
08:48:52 PM     0    164357      1.00      0.00  kworker/10:0-mm_percpu_wq
08:48:52 PM     0    170864      2.00      0.00  kworker/1:1-mm_percpu_wq
08:48:52 PM     0    171945      2.00      0.00  kworker/7:0-mm_percpu_wq
08:48:52 PM     0    172777      1.00      0.00  kworker/8:0-events
08:48:52 PM     0    173734      1.00      0.00  kworker/4:0-mm_percpu_wq
08:48:52 PM     0    174020      1.00      0.00  iostat
08:48:52 PM     0    174021      1.00      4.00  pidstat
08:48:52 PM     0    174022      4.00      0.00  bash
08:48:52 PM     0    174023      7.00      0.00  bash
08:48:52 PM     0    174024      3.00      0.00  bash
08:48:52 PM     0    174026     99.00      0.00  fio
08:48:52 PM     0    175395      1.00      0.00  sleep
08:48:52 PM     0    175399      1.00      0.00  sleep

08:48:52 PM   UID       PID   cswch/s nvcswch/s  Command
08:48:53 PM     0        16      2.00      1.00  ksoftirqd/0
08:48:53 PM     0        17     46.00      0.00  rcu_preempt
08:48:53 PM     0        24      2.00      0.00  ksoftirqd/1
08:48:53 PM     0        42      1.00      0.00  ksoftirqd/4
08:48:53 PM     0        60      2.00      0.00  ksoftirqd/7
08:48:53 PM     0        66      1.00      0.00  ksoftirqd/8
08:48:53 PM     0        95      2.00      0.00  kcompactd0
08:48:53 PM     0       453      2.00      0.00  multipathd
08:48:53 PM     0     21554      1.00      0.00  packagekitd
08:48:53 PM     0     98256      2.00      0.00  kworker/u24:2-events_unbound
08:48:53 PM     0    112707      1.00      0.00  kworker/3:0-mm_percpu_wq
08:48:53 PM     0    118120      1.00      0.00  kworker/9:2-mm_percpu_wq
08:48:53 PM     0    137207      2.00      0.00  kworker/0:2-events
08:48:53 PM     0    154179      2.00      0.00  kworker/2:2-events
08:48:53 PM     0    159909      1.00      0.00  kworker/6:2-mm_percpu_wq
08:48:53 PM     0    164357      1.00      0.00  kworker/10:0-mm_percpu_wq
08:48:53 PM     0    170864      2.00      0.00  kworker/1:1-events
08:48:53 PM     0    171945      3.00      0.00  kworker/7:0-events
08:48:53 PM     0    172777      2.00      0.00  kworker/8:0-events
08:48:53 PM     0    173734      1.00      0.00  kworker/4:0-mm_percpu_wq
08:48:53 PM     0    174020      1.00      0.00  iostat
08:48:53 PM     0    174021      1.00      4.00  pidstat
08:48:53 PM     0    174022      5.00      0.00  bash
08:48:53 PM     0    174023      4.00      0.00  bash
08:48:53 PM     0    174024      3.00      0.00  bash
08:48:53 PM     0    174026     98.00      0.00  fio
08:48:53 PM     0    175410      1.00      0.00  sleep
08:48:53 PM     0    175413      1.00      0.00  sleep

08:48:53 PM   UID       PID   cswch/s nvcswch/s  Command
08:48:54 PM     0        17     73.27      0.00  rcu_preempt
08:48:54 PM     0        18      0.99      0.00  migration/0
08:48:54 PM     0        23      0.99      0.00  migration/1
08:48:54 PM     0        24      2.97      0.00  ksoftirqd/1
08:48:54 PM     0        29      0.99      0.00  migration/2
08:48:54 PM     0        30      0.99      0.00  ksoftirqd/2
08:48:54 PM     0        35      0.99      0.00  migration/3
08:48:54 PM     0        41      1.98      0.00  migration/4
08:48:54 PM     0        47      0.99      0.00  migration/5
08:48:54 PM     0        48      1.98      0.00  ksoftirqd/5
08:48:54 PM     0        53      0.99      0.00  migration/6
08:48:54 PM     0        59      0.99      0.00  migration/7
08:48:54 PM     0        60      0.99      0.00  ksoftirqd/7
08:48:54 PM     0        65      0.99      0.00  migration/8
08:48:54 PM     0        71      0.99      0.00  migration/9
08:48:54 PM     0        77      0.99      0.00  migration/10
08:48:54 PM     0        78      0.99      0.00  ksoftirqd/10
08:48:54 PM     0        83      0.99      0.00  migration/11
08:48:54 PM     0        95      1.98      0.00  kcompactd0
08:48:54 PM     0       453      1.98      0.00  multipathd
08:48:54 PM     0       562      2.97      0.00  jbd2/nvme1n1p3-8
08:48:54 PM     0     98256      4.95      0.00  kworker/u24:2-ext4-rsv-conversion
08:48:54 PM     0    112707      1.98      0.00  kworker/3:0-events
08:48:54 PM     0    118120      0.99      0.00  kworker/9:2-mm_percpu_wq
08:48:54 PM     0    137207      1.98      0.00  kworker/0:2-events
08:48:54 PM     0    154179      1.98      0.00  kworker/2:2-events
08:48:54 PM     0    159909      1.98      0.00  kworker/6:2-events
08:48:54 PM     0    164357      2.97      0.00  kworker/10:0-events
08:48:54 PM     0    170864      2.97      0.00  kworker/1:1-events
08:48:54 PM     0    171945      0.99      0.00  kworker/7:0-mm_percpu_wq
08:48:54 PM     0    172777      0.99      0.00  kworker/8:0-mm_percpu_wq
08:48:54 PM     0    173734      4.95      0.00  kworker/4:0-events
08:48:54 PM     0    174020      0.99      0.00  iostat
08:48:54 PM     0    174021      0.99      6.93  pidstat
08:48:54 PM     0    174022      3.96      0.00  bash
08:48:54 PM     0    174023      4.95      0.00  bash
08:48:54 PM     0    174024      2.97      0.00  bash
08:48:54 PM     0    174026     98.02      0.00  fio
08:48:54 PM     0    175420      0.99      0.00  sleep
08:48:54 PM     0    175425      0.99      0.00  sleep
08:48:54 PM     0    175428      0.99      0.00  sleep

08:48:54 PM   UID       PID   cswch/s nvcswch/s  Command
08:48:55 PM     0        16      1.00      0.00  ksoftirqd/0
08:48:55 PM     0        17     61.00      0.00  rcu_preempt
08:48:55 PM     0        24      1.00      0.00  ksoftirqd/1
08:48:55 PM     0        48      1.00      0.00  ksoftirqd/5
08:48:55 PM     0        54      1.00      0.00  ksoftirqd/6
08:48:55 PM     0        60      1.00      0.00  ksoftirqd/7
08:48:55 PM     0        84      1.00      0.00  ksoftirqd/11
08:48:55 PM     0        95      2.00      0.00  kcompactd0
08:48:55 PM     0       453      1.00      0.00  multipathd
08:48:55 PM     0     98256      3.00      0.00  kworker/u24:2-events_unbound
08:48:55 PM     0    112707      1.00      0.00  kworker/3:0-mm_percpu_wq
08:48:55 PM     0    137207      2.00      0.00  kworker/0:2-events
08:48:55 PM     0    143435      1.00      0.00  kworker/5:0-mm_percpu_wq
08:48:55 PM     0    146022      2.00      0.00  kworker/11:1-events
08:48:55 PM     0    154179      2.00      0.00  kworker/2:2-events
08:48:55 PM     0    159909      2.00      0.00  kworker/6:2-events
08:48:55 PM     0    164357      1.00      0.00  kworker/10:0-mm_percpu_wq
08:48:55 PM     0    170864      2.00      0.00  kworker/1:1-events
08:48:55 PM     0    171945      4.00      0.00  kworker/7:0-events
08:48:55 PM     0    172777      2.00      0.00  kworker/8:0-events
08:48:55 PM     0    173734      3.00      0.00  kworker/4:0-events
08:48:55 PM     0    174020      1.00      0.00  iostat
08:48:55 PM     0    174021      1.00      4.00  pidstat
08:48:55 PM     0    174022      4.00      0.00  bash
08:48:55 PM     0    174023      6.00      0.00  bash
08:48:55 PM     0    174024      5.00      0.00  bash
08:48:55 PM     0    174026     98.00      0.00  fio
08:48:55 PM     0    175435      1.00      0.00  sleep
08:48:55 PM     0    175441      1.00      0.00  sleep

08:48:55 PM   UID       PID   cswch/s nvcswch/s  Command
08:48:56 PM     0        17     53.00      0.00  rcu_preempt
08:48:56 PM     0        24      1.00      0.00  ksoftirqd/1
08:48:56 PM     0        42      1.00      0.00  ksoftirqd/4
08:48:56 PM     0        48      2.00      0.00  ksoftirqd/5
08:48:56 PM     0        54      1.00      0.00  ksoftirqd/6
08:48:56 PM     0        84      2.00      0.00  ksoftirqd/11
08:48:56 PM     0        95      2.00      0.00  kcompactd0
08:48:56 PM     0       453      1.00      0.00  multipathd
08:48:56 PM     0     88840      1.00      0.00  kworker/u24:1-events_power_efficient
08:48:56 PM     0     98256      2.00      0.00  kworker/u24:2-events_power_efficient
08:48:56 PM     0    112707      1.00      0.00  kworker/3:0-mm_percpu_wq
08:48:56 PM     0    137207      1.00      0.00  kworker/0:2-mm_percpu_wq
08:48:56 PM     0    143435      1.00      0.00  kworker/5:0-mm_percpu_wq
08:48:56 PM     0    146022      2.00      0.00  kworker/11:1-events
08:48:56 PM     0    154179      1.00      0.00  kworker/2:2-events
08:48:56 PM     0    159909      3.00      0.00  kworker/6:2-events
08:48:56 PM     0    164357      1.00      0.00  kworker/10:0-mm_percpu_wq
08:48:56 PM     0    170864      3.00      0.00  kworker/1:1-events
08:48:56 PM     0    171945      1.00      0.00  kworker/7:0-mm_percpu_wq
08:48:56 PM     0    173734      1.00      0.00  kworker/4:0-mm_percpu_wq
08:48:56 PM     0    174020      1.00      0.00  iostat
08:48:56 PM     0    174021      1.00      4.00  pidstat
08:48:56 PM     0    174022      1.00      0.00  bash
08:48:56 PM     0    174023      6.00      0.00  bash
08:48:56 PM     0    174024      5.00      0.00  bash
08:48:56 PM     0    174026     98.00      0.00  fio
08:48:56 PM     0    175450      1.00      0.00  sleep
08:48:56 PM     0    175453      1.00      0.00  sleep

08:48:56 PM   UID       PID   cswch/s nvcswch/s  Command
08:48:57 PM     0        16      2.00      0.00  ksoftirqd/0
08:48:57 PM     0        17     61.00      0.00  rcu_preempt
08:48:57 PM     0        30      1.00      0.00  ksoftirqd/2
08:48:57 PM     0        48      1.00      0.00  ksoftirqd/5
08:48:57 PM     0        54      1.00      0.00  ksoftirqd/6
08:48:57 PM     0        72      2.00      0.00  ksoftirqd/9
08:48:57 PM     0        84      2.00      0.00  ksoftirqd/11
08:48:57 PM     0        95      2.00      0.00  kcompactd0
08:48:57 PM     0       453      1.00      0.00  multipathd
08:48:57 PM     0     88840      2.00      0.00  kworker/u24:1-events_unbound
08:48:57 PM     0    112707      2.00      0.00  kworker/3:0-events
08:48:57 PM     0    118120      2.00      0.00  kworker/9:2-mm_percpu_wq
08:48:57 PM     0    137207      2.00      0.00  kworker/0:2-events
08:48:57 PM     0    143435      1.00      0.00  kworker/5:0-mm_percpu_wq
08:48:57 PM     0    146022      2.00      0.00  kworker/11:1-events
08:48:57 PM     0    154179      1.00      0.00  kworker/2:2-events
08:48:57 PM     0    159909      2.00      0.00  kworker/6:2-events
08:48:57 PM     0    164357      1.00      0.00  kworker/10:0-mm_percpu_wq
08:48:57 PM     0    170864      2.00      0.00  kworker/1:1-events
08:48:57 PM     0    171945      3.00      0.00  kworker/7:0-events
08:48:57 PM     0    172777      2.00      0.00  kworker/8:0-events
08:48:57 PM     0    173734      1.00      0.00  kworker/4:0-mm_percpu_wq
08:48:57 PM     0    174020      1.00      0.00  iostat
08:48:57 PM     0    174021      1.00      4.00  pidstat
08:48:57 PM     0    174022      4.00      0.00  bash
08:48:57 PM     0    174023      5.00      1.00  bash
08:48:57 PM     0    174024      4.00      0.00  bash
08:48:57 PM     0    174026     99.00      0.00  fio
08:48:57 PM     0    175458      1.00      0.00  sleep
08:48:57 PM     0    175465      1.00      0.00  sleep

08:48:57 PM   UID       PID   cswch/s nvcswch/s  Command
08:48:58 PM     0        16      2.97      0.00  ksoftirqd/0
08:48:58 PM     0        17     65.35      0.00  rcu_preempt
08:48:58 PM     0        18      0.99      0.00  migration/0
08:48:58 PM     0        23      0.99      0.00  migration/1
08:48:58 PM     0        29      0.99      0.00  migration/2
08:48:58 PM     0        30      0.99      0.00  ksoftirqd/2
08:48:58 PM     0        35      0.99      0.00  migration/3
08:48:58 PM     0        36      2.97      0.00  ksoftirqd/3
08:48:58 PM     0        41      0.99      0.00  migration/4
08:48:58 PM     0        47      0.99      0.00  migration/5
08:48:58 PM     0        48      1.98      0.00  ksoftirqd/5
08:48:58 PM     0        53      0.99      0.00  migration/6
08:48:58 PM     0        54      0.99      0.00  ksoftirqd/6
08:48:58 PM     0        59      0.99      0.00  migration/7
08:48:58 PM     0        65      0.99      0.00  migration/8
08:48:58 PM     0        71      0.99      0.00  migration/9
08:48:58 PM     0        72      0.99      0.00  ksoftirqd/9
08:48:58 PM     0        77      0.99      0.00  migration/10
08:48:58 PM     0        83      0.99      0.00  migration/11
08:48:58 PM     0        95      1.98      0.00  kcompactd0
08:48:58 PM     0       453      1.98      0.00  multipathd
08:48:58 PM     0     88840      0.99      0.00  kworker/u24:1-edac-poller
08:48:58 PM     0    112707      0.99      0.00  kworker/3:0-mm_percpu_wq
08:48:58 PM     0    118120      0.99      0.00  kworker/9:2-mm_percpu_wq
08:48:58 PM     0    137207      1.98      0.00  kworker/0:2-events
08:48:58 PM     0    143435      1.98      0.00  kworker/5:0-events
08:48:58 PM     0    146022      1.98      0.00  kworker/11:1-events
08:48:58 PM     0    154179      1.98      0.00  kworker/2:2-events
08:48:58 PM     0    159909      0.99      0.00  kworker/6:2-mm_percpu_wq
08:48:58 PM     0    170864      1.98      0.00  kworker/1:1-mm_percpu_wq
08:48:58 PM     0    171945      0.99      0.00  kworker/7:0-mm_percpu_wq
08:48:58 PM     0    172777      3.96      0.00  kworker/8:0-events
08:48:58 PM     0    173734      0.99      0.00  kworker/4:0-mm_percpu_wq
08:48:58 PM     0    174020      0.99      0.00  iostat
08:48:58 PM     0    174021      0.99      3.96  pidstat
08:48:58 PM     0    174022      4.95      0.00  bash
08:48:58 PM     0    174023      6.93      0.00  bash
08:48:58 PM     0    174024      3.96      0.00  bash
08:48:58 PM     0    174026     98.02      0.00  fio
08:48:58 PM     0    175473      0.99      0.00  sleep
08:48:58 PM     0    175480      0.99      0.00  sleep

08:48:58 PM   UID       PID   cswch/s nvcswch/s  Command
08:48:59 PM     0        17     62.00      0.00  rcu_preempt
08:48:59 PM     0        36      1.00      0.00  ksoftirqd/3
08:48:59 PM     0        48      3.00      0.00  ksoftirqd/5
08:48:59 PM     0        66      1.00      0.00  ksoftirqd/8
08:48:59 PM     0        72      1.00      0.00  ksoftirqd/9
08:48:59 PM     0        78      2.00      0.00  ksoftirqd/10
08:48:59 PM     0        95      2.00      0.00  kcompactd0
08:48:59 PM     0       190      2.00      0.00  kworker/10:1H-kblockd
08:48:59 PM     0       453      1.00      0.00  multipathd
08:48:59 PM     0       562      3.00      0.00  jbd2/nvme1n1p3-8
08:48:59 PM     0     88840      5.00      0.00  kworker/u24:1-flush-259:1
08:48:59 PM     0     98256      1.00      0.00  kworker/u24:2-ext4-rsv-conversion
08:48:59 PM     0    112707      1.00      0.00  kworker/3:0-mm_percpu_wq
08:48:59 PM     0    118120      1.00      0.00  kworker/9:2-mm_percpu_wq
08:48:59 PM     0    137207      1.00      0.00  kworker/0:2-events
08:48:59 PM     0    143435      4.00      0.00  kworker/5:0-events
08:48:59 PM     0    146022      1.00      0.00  kworker/11:1-mm_percpu_wq
08:48:59 PM     0    154179      3.00      0.00  kworker/2:2-events
08:48:59 PM     0    159909      1.00      0.00  kworker/6:2-mm_percpu_wq
08:48:59 PM     0    164357      3.00      0.00  kworker/10:0-events
08:48:59 PM     0    170864      2.00      0.00  kworker/1:1-events
08:48:59 PM     0    171945      2.00      0.00  kworker/7:0-events
08:48:59 PM     0    172777      2.00      0.00  kworker/8:0-events
08:48:59 PM     0    174020      1.00      0.00  iostat
08:48:59 PM     0    174021      1.00      4.00  pidstat
08:48:59 PM     0    174022      3.00      0.00  bash
08:48:59 PM     0    174023      5.00      0.00  bash
08:48:59 PM     0    174026     98.00      0.00  fio
08:48:59 PM     0    175483      1.00      0.00  sleep
08:48:59 PM     0    175488      1.00      0.00  sleep
08:48:59 PM     0    175495      1.00      0.00  sleep

08:48:59 PM   UID       PID   cswch/s nvcswch/s  Command
08:49:00 PM     0        16      1.00      0.00  ksoftirqd/0
08:49:00 PM     0        17     46.00      0.00  rcu_preempt
08:49:00 PM     0        18      1.00      0.00  migration/0
08:49:00 PM     0        30      2.00      0.00  ksoftirqd/2
08:49:00 PM     0        36      1.00      0.00  ksoftirqd/3
08:49:00 PM     0        48      3.00      0.00  ksoftirqd/5
08:49:00 PM     0        72      1.00      0.00  ksoftirqd/9
08:49:00 PM     0        84      2.00      0.00  ksoftirqd/11
08:49:00 PM     0        95      2.00      0.00  kcompactd0
08:49:00 PM     0       187      1.00      0.00  kworker/0:1H-kblockd
08:49:00 PM     0       453      1.00      0.00  multipathd
08:49:00 PM     0     88840      2.00      0.00  kworker/u24:1-edac-poller
08:49:00 PM     0    112707      1.00      0.00  kworker/3:0-mm_percpu_wq
08:49:00 PM     0    118120      1.00      0.00  kworker/9:2-mm_percpu_wq
08:49:00 PM     0    137207      1.00      0.00  kworker/0:2-mm_percpu_wq
08:49:00 PM     0    143435      2.00      0.00  kworker/5:0-mm_percpu_wq
08:49:00 PM     0    146022      2.00      0.00  kworker/11:1-events
08:49:00 PM     0    154179      1.00      0.00  kworker/2:2-mm_percpu_wq
08:49:00 PM     0    159909      2.00      0.00  kworker/6:2-events
08:49:00 PM     0    164357      2.00      0.00  kworker/10:0-events
08:49:00 PM     0    170864      1.00      0.00  kworker/1:1-events
08:49:00 PM     0    171945      2.00      0.00  kworker/7:0-events
08:49:00 PM     0    172777      2.00      0.00  kworker/8:0-events
08:49:00 PM     0    173734      2.00      0.00  kworker/4:0-mm_percpu_wq
08:49:00 PM     0    174020      1.00      0.00  iostat
08:49:00 PM     0    174021      1.00      4.00  pidstat
08:49:00 PM     0    174022      4.00      0.00  bash
08:49:00 PM     0    174023      6.00      0.00  bash
08:49:00 PM     0    174024      3.00      0.00  bash
08:49:00 PM     0    174026    100.00      0.00  fio
08:49:00 PM     0    175498      1.00      0.00  sleep
08:49:00 PM     0    175503      1.00      0.00  sleep

08:49:00 PM   UID       PID   cswch/s nvcswch/s  Command
08:49:01 PM     0        16      0.99      0.00  ksoftirqd/0
08:49:01 PM     0        17     51.49      0.00  rcu_preempt
08:49:01 PM     0        36      0.99      0.00  ksoftirqd/3
08:49:01 PM     0        48      2.97      0.00  ksoftirqd/5
08:49:01 PM     0        84      0.99      0.00  ksoftirqd/11
08:49:01 PM     0        95      1.98      0.00  kcompactd0
08:49:01 PM     0       453      1.98      0.00  multipathd
08:49:01 PM     0       769      0.99      0.00  cron
08:49:01 PM     0     88840      1.98      0.00  kworker/u24:1-events_power_efficient
08:49:01 PM     0     98256      1.98      0.00  kworker/u24:2-events_unbound
08:49:01 PM     0    112707      0.99      0.00  kworker/3:0-mm_percpu_wq
08:49:01 PM     0    118120      1.98      0.00  kworker/9:2-events
08:49:01 PM     0    137207      0.99      0.00  kworker/0:2-events
08:49:01 PM     0    143435      0.99      0.00  kworker/5:0-mm_percpu_wq
08:49:01 PM     0    146022      1.98      0.00  kworker/11:1-mm_percpu_wq
08:49:01 PM     0    154179      2.97      0.00  kworker/2:2-events
08:49:01 PM     0    159909      0.99      0.00  kworker/6:2-mm_percpu_wq
08:49:01 PM     0    164357      0.99      0.00  kworker/10:0-mm_percpu_wq
08:49:01 PM     0    170864      1.98      0.00  kworker/1:1-events
08:49:01 PM     0    171945      1.98      0.00  kworker/7:0-events
08:49:01 PM     0    172777      0.99      0.00  kworker/8:0-mm_percpu_wq
08:49:01 PM     0    173734      0.99      0.00  kworker/4:0-mm_percpu_wq
08:49:01 PM     0    174020      0.99      0.00  iostat
08:49:01 PM     0    174021      0.99      3.96  pidstat
08:49:01 PM     0    174022      4.95      0.00  bash
08:49:01 PM     0    174024      2.97      0.00  bash
08:49:01 PM     0    174026     97.03      0.00  fio
08:49:01 PM     0    175510      1.98      0.00  sleep
08:49:01 PM     0    175513      0.99      0.00  sleep
08:49:01 PM     0    175518      0.99      0.00  sleep

08:49:01 PM   UID       PID   cswch/s nvcswch/s  Command
08:49:02 PM     0        16      1.00      1.00  ksoftirqd/0
08:49:02 PM     0        17     64.00      0.00  rcu_preempt
08:49:02 PM     0        18      1.00      0.00  migration/0
08:49:02 PM     0        23      1.00      0.00  migration/1
08:49:02 PM     0        24      1.00      0.00  ksoftirqd/1
08:49:02 PM     0        29      1.00      0.00  migration/2
08:49:02 PM     0        30      3.00      0.00  ksoftirqd/2
08:49:02 PM     0        35      1.00      0.00  migration/3
08:49:02 PM     0        36      2.00      0.00  ksoftirqd/3
08:49:02 PM     0        41      1.00      0.00  migration/4
08:49:02 PM     0        47      1.00      0.00  migration/5
08:49:02 PM     0        48      3.00      0.00  ksoftirqd/5
08:49:02 PM     0        53      1.00      0.00  migration/6
08:49:02 PM     0        59      1.00      0.00  migration/7
08:49:02 PM     0        65      1.00      0.00  migration/8
08:49:02 PM     0        71      1.00      0.00  migration/9
08:49:02 PM     0        72      3.00      0.00  ksoftirqd/9
08:49:02 PM     0        77      1.00      0.00  migration/10
08:49:02 PM     0        83      1.00      0.00  migration/11
08:49:02 PM     0        84      1.00      0.00  ksoftirqd/11
08:49:02 PM     0        95      2.00      0.00  kcompactd0
08:49:02 PM     0       102      1.00      0.00  irq/9-acpi
08:49:02 PM     0       453      2.00      0.00  multipathd
08:49:02 PM     0     88840      1.00      0.00  kworker/u24:1-events_power_efficient
08:49:02 PM     0     98256      2.00      0.00  kworker/u24:2-events_power_efficient
08:49:02 PM     0    112707      1.00      0.00  kworker/3:0-mm_percpu_wq
08:49:02 PM     0    118120      1.00      0.00  kworker/9:2-mm_percpu_wq
08:49:02 PM     0    137207      6.00      0.00  kworker/0:2-events
08:49:02 PM     0    143435      1.00      0.00  kworker/5:0-mm_percpu_wq
08:49:02 PM     0    146022      1.00      0.00  kworker/11:1-mm_percpu_wq
08:49:02 PM     0    154179      3.00      0.00  kworker/2:2-events
08:49:02 PM     0    159214      1.00      0.00  kworker/7:1-i915-unordered
08:49:02 PM     0    159909      1.00      0.00  kworker/6:2-mm_percpu_wq
08:49:02 PM     0    171945      7.00      0.00  kworker/7:0-pm
08:49:02 PM     0    172777      2.00      0.00  kworker/8:0-events
08:49:02 PM     0    173734      1.00      0.00  kworker/4:0-events
08:49:02 PM     0    174020      1.00      0.00  iostat
08:49:02 PM     0    174021      1.00      5.00  pidstat
08:49:02 PM     0    174022      4.00      0.00  bash
08:49:02 PM     0    174023      8.00      0.00  bash
08:49:02 PM     0    174024      5.00      0.00  bash
08:49:02 PM     0    174026    100.00      0.00  fio
08:49:02 PM     0    175527      1.00      0.00  sleep
08:49:02 PM     0    175528      1.00      0.00  sleep
08:49:02 PM     0    175533      1.00      0.00  sleep

08:49:02 PM   UID       PID   cswch/s nvcswch/s  Command
08:49:03 PM     0        16      2.00      0.00  ksoftirqd/0
08:49:03 PM     0        17     52.00      0.00  rcu_preempt
08:49:03 PM     0        30      1.00      0.00  ksoftirqd/2
08:49:03 PM     0        36      2.00      0.00  ksoftirqd/3
08:49:03 PM     0        42      1.00      0.00  ksoftirqd/4
08:49:03 PM     0        66      1.00      0.00  ksoftirqd/8
08:49:03 PM     0        95      2.00      0.00  kcompactd0
08:49:03 PM     0       453      2.00      0.00  multipathd
08:49:03 PM     0     21554      1.00      0.00  packagekitd
08:49:03 PM     0     88840      2.00      0.00  kworker/u24:1-events_unbound
08:49:03 PM     0    112707      2.00      0.00  kworker/3:0-events
08:49:03 PM     0    118120      1.00      0.00  kworker/9:2-mm_percpu_wq
08:49:03 PM     0    137207      1.00      0.00  kworker/0:2-events
08:49:03 PM     0    143435      2.00      0.00  kworker/5:0-events
08:49:03 PM     0    146022      1.00      0.00  kworker/11:1-mm_percpu_wq
08:49:03 PM     0    154179      4.00      0.00  kworker/2:2-events
08:49:03 PM     0    159909      1.00      0.00  kworker/6:2-mm_percpu_wq
08:49:03 PM     0    170864      4.00      0.00  kworker/1:1-events
08:49:03 PM     0    171945      2.00      0.00  kworker/7:0-events
08:49:03 PM     0    172777      3.00      0.00  kworker/8:0-events
08:49:03 PM     0    174020      1.00      0.00  iostat
08:49:03 PM     0    174021      1.00      4.00  pidstat
08:49:03 PM     0    174022      3.00      0.00  bash
08:49:03 PM     0    174023      7.00      0.00  bash
08:49:03 PM     0    174024      3.00      0.00  bash
08:49:03 PM     0    174026     98.00      0.00  fio
08:49:03 PM     0    175536      1.00      0.00  sleep
08:49:03 PM     0    175543      1.00      0.00  sleep

08:49:03 PM   UID       PID   cswch/s nvcswch/s  Command
08:49:04 PM     0        16      1.00      0.00  ksoftirqd/0
08:49:04 PM     0        17     54.00      0.00  rcu_preempt
08:49:04 PM     0        24      1.00      0.00  ksoftirqd/1
08:49:04 PM     0        30      1.00      0.00  ksoftirqd/2
08:49:04 PM     0        36      1.00      0.00  ksoftirqd/3
08:49:04 PM     0        42      1.00      0.00  ksoftirqd/4
08:49:04 PM     0        54      2.00      0.00  ksoftirqd/6
08:49:04 PM     0        59      1.00      0.00  migration/7
08:49:04 PM     0        95      2.00      0.00  kcompactd0
08:49:04 PM     0       453      1.00      0.00  multipathd
08:49:04 PM     0       562      3.00      0.00  jbd2/nvme1n1p3-8
08:49:04 PM     0     88840      3.00      0.00  kworker/u24:1-writeback
08:49:04 PM     0    112707      3.00      0.00  kworker/3:0-events
08:49:04 PM     0    118120      1.00      0.00  kworker/9:2-mm_percpu_wq
08:49:04 PM     0    137207      1.00      0.00  kworker/0:2-mm_percpu_wq
08:49:04 PM     0    143435      1.00      0.00  kworker/5:0-mm_percpu_wq
08:49:04 PM     0    146022      1.00      0.00  kworker/11:1-mm_percpu_wq
08:49:04 PM     0    154179      1.00      0.00  kworker/2:2-mm_percpu_wq
08:49:04 PM     0    159909      2.00      0.00  kworker/6:2-events
08:49:04 PM     0    164357      1.00      0.00  kworker/10:0-mm_percpu_wq
08:49:04 PM     0    170864      1.00      0.00  kworker/1:1-mm_percpu_wq
08:49:04 PM     0    171945      2.00      0.00  kworker/7:0-xfs-sync/nvme0n1p2
08:49:04 PM     0    172777      2.00      0.00  kworker/8:0-events
08:49:04 PM     0    173734      1.00      0.00  kworker/4:0-mm_percpu_wq
08:49:04 PM     0    174020      2.00      2.00  iostat
08:49:04 PM     0    174021      1.00      4.00  pidstat
08:49:04 PM     0    174022      1.00      0.00  bash
08:49:04 PM     0    174023      7.00      0.00  bash
08:49:04 PM     0    174024      3.00      0.00  bash
08:49:04 PM     0    174026     99.00      0.00  fio
08:49:04 PM     0    175548      1.00      0.00  sleep
08:49:04 PM     0    175551      1.00      0.00  sleep
08:49:04 PM     0    175558      1.00      0.00  sleep

08:49:04 PM   UID       PID   cswch/s nvcswch/s  Command
08:49:05 PM     0        17     58.42      0.00  rcu_preempt
08:49:05 PM     0        24      1.98      0.00  ksoftirqd/1
08:49:05 PM     0        36      1.98      0.00  ksoftirqd/3
08:49:05 PM     0        41      0.99      0.00  migration/4
08:49:05 PM     0        42      1.98      0.00  ksoftirqd/4
08:49:05 PM     0        60      1.98      0.00  ksoftirqd/7
08:49:05 PM     0        78      0.99      0.00  ksoftirqd/10
08:49:05 PM     0        95      1.98      0.00  kcompactd0
08:49:05 PM     0       453      2.97      0.00  multipathd
08:49:05 PM     0     88840      4.95      0.00  kworker/u24:1-events_unbound
08:49:05 PM     0    112707      2.97      0.00  kworker/3:0-events
08:49:05 PM     0    118120      0.99      0.00  kworker/9:2-mm_percpu_wq
08:49:05 PM     0    137207      0.99      0.00  kworker/0:2-events
08:49:05 PM     0    143435      0.99      0.00  kworker/5:0-events
08:49:05 PM     0    154179      1.98      0.00  kworker/2:2-events
08:49:05 PM     0    159909      1.98      0.00  kworker/6:2-events
08:49:05 PM     0    164357      0.99      0.00  kworker/10:0-mm_percpu_wq
08:49:05 PM     0    170864      2.97      0.00  kworker/1:1-events
08:49:05 PM     0    171945      4.95      0.00  kworker/7:0-events
08:49:05 PM     0    172777      1.98      0.00  kworker/8:0-events
08:49:05 PM     0    173734      0.99      0.00  kworker/4:0-mm_percpu_wq
08:49:05 PM     0    174020      0.99      0.00  iostat
08:49:05 PM     0    174021      0.99      3.96  pidstat
08:49:05 PM     0    174022      3.96      0.99  bash
08:49:05 PM     0    174023      5.94      0.00  bash
08:49:05 PM     0    174024      3.96      0.00  bash
08:49:05 PM     0    174026     98.02      0.00  fio
08:49:05 PM     0    175565      0.99      0.99  sleep
08:49:05 PM     0    175566      0.99      0.00  sleep
08:49:05 PM     0    175573      0.99      0.00  sleep

08:49:05 PM   UID       PID   cswch/s nvcswch/s  Command
08:49:06 PM     0        16      3.00      0.00  ksoftirqd/0
08:49:06 PM     0        17     79.00      0.00  rcu_preempt
08:49:06 PM     0        18      1.00      0.00  migration/0
08:49:06 PM     0        23      1.00      0.00  migration/1
08:49:06 PM     0        29      1.00      0.00  migration/2
08:49:06 PM     0        30      2.00      0.00  ksoftirqd/2
08:49:06 PM     0        35      1.00      0.00  migration/3
08:49:06 PM     0        36      5.00      0.00  ksoftirqd/3
08:49:06 PM     0        41      1.00      0.00  migration/4
08:49:06 PM     0        42      1.00      1.00  ksoftirqd/4
08:49:06 PM     0        47      1.00      0.00  migration/5
08:49:06 PM     0        53      1.00      0.00  migration/6
08:49:06 PM     0        54      2.00      0.00  ksoftirqd/6
08:49:06 PM     0        59      1.00      0.00  migration/7
08:49:06 PM     0        65      1.00      0.00  migration/8
08:49:06 PM     0        71      1.00      0.00  migration/9
08:49:06 PM     0        77      1.00      0.00  migration/10
08:49:06 PM     0        78      2.00      0.00  ksoftirqd/10
08:49:06 PM     0        83      1.00      0.00  migration/11
08:49:06 PM     0        95      2.00      0.00  kcompactd0
08:49:06 PM     0       453      1.00      0.00  multipathd
08:49:06 PM     0     88840      3.00      0.00  kworker/u24:1-events_power_efficient
08:49:06 PM     0     98256      1.00      0.00  kworker/u24:2-events_power_efficient
08:49:06 PM     0    112707      3.00      0.00  kworker/3:0-events
08:49:06 PM     0    118120      1.00      0.00  kworker/9:2-mm_percpu_wq
08:49:06 PM     0    137207      2.00      0.00  kworker/0:2-events
08:49:06 PM     0    154179      2.00      0.00  kworker/2:2-events
08:49:06 PM     0    159909      2.00      0.00  kworker/6:2-events
08:49:06 PM     0    164357      4.00      0.00  kworker/10:0-events
08:49:06 PM     0    170864      1.00      0.00  kworker/1:1-mm_percpu_wq
08:49:06 PM     0    171945      1.00      0.00  kworker/7:0-mm_percpu_wq
08:49:06 PM     0    172777      1.00      0.00  kworker/8:0-mm_percpu_wq
08:49:06 PM     0    173734      2.00      0.00  kworker/4:0-events
08:49:06 PM     0    174020      1.00      0.00  iostat
08:49:06 PM     0    174021      1.00      4.00  pidstat
08:49:06 PM     0    174022      5.00      0.00  bash
08:49:06 PM     0    174023      7.00      0.00  bash
08:49:06 PM     0    174024      3.00      0.00  bash
08:49:06 PM     0    174026     99.00      0.00  fio
08:49:06 PM     0    175579      1.00      0.00  sleep
08:49:06 PM     0    175581      1.00      0.00  sleep
08:49:06 PM     0    175588      1.00      0.00  sleep

08:49:06 PM   UID       PID   cswch/s nvcswch/s  Command
08:49:07 PM     0        17     60.00      0.00  rcu_preempt
08:49:07 PM     0        18      1.00      0.00  migration/0
08:49:07 PM     0        24      1.00      0.00  ksoftirqd/1
08:49:07 PM     0        30      1.00      0.00  ksoftirqd/2
08:49:07 PM     0        36      1.00      0.00  ksoftirqd/3
08:49:07 PM     0        66      5.00      0.00  ksoftirqd/8
08:49:07 PM     0        72      1.00      0.00  ksoftirqd/9
08:49:07 PM     0        95      2.00      0.00  kcompactd0
08:49:07 PM     0     98256      1.00      0.00  kworker/u24:2-edac-poller
08:49:07 PM     0    112707      4.00      0.00  kworker/3:0-events
08:49:07 PM     0    118120      3.00      0.00  kworker/9:2-events
08:49:07 PM     0    137207      1.00      0.00  kworker/0:2-events
08:49:07 PM     0    143435      1.00      0.00  kworker/5:0-events
08:49:07 PM     0    146022      1.00      0.00  kworker/11:1-events
08:49:07 PM     0    154179      2.00      0.00  kworker/2:2-events
08:49:07 PM     0    159909      1.00      0.00  kworker/6:2-mm_percpu_wq
08:49:07 PM     0    164357      1.00      0.00  kworker/10:0-mm_percpu_wq
08:49:07 PM     0    170864      3.00      0.00  kworker/1:1-events
08:49:07 PM     0    171945      2.00      0.00  kworker/7:0-events
08:49:07 PM     0    172777      1.00      0.00  kworker/8:0-mm_percpu_wq
08:49:07 PM     0    173734      4.00      0.00  kworker/4:0-events
08:49:07 PM     0    174020      1.00      0.00  iostat
08:49:07 PM     0    174021      1.00      4.00  pidstat
08:49:07 PM     0    174022      4.00      0.00  bash
08:49:07 PM     0    174023      7.00      0.00  bash
08:49:07 PM     0    174024      3.00      0.00  bash
08:49:07 PM     0    174026     98.00      0.00  fio
08:49:07 PM     0    175591      1.00      0.00  sleep
08:49:07 PM     0    175596      1.00      0.00  sleep

08:49:07 PM   UID       PID   cswch/s nvcswch/s  Command
08:49:08 PM     0        16      0.99      0.00  ksoftirqd/0
08:49:08 PM     0        17     47.52      0.00  rcu_preempt
08:49:08 PM     0        36      0.99      0.00  ksoftirqd/3
08:49:08 PM     0        54      1.98      0.00  ksoftirqd/6
08:49:08 PM     0        66      1.98      0.00  ksoftirqd/8
08:49:08 PM     0        72      1.98      0.00  ksoftirqd/9
08:49:08 PM     0        95      1.98      0.00  kcompactd0
08:49:08 PM     0       453      2.97      0.00  multipathd
08:49:08 PM     0     98256      1.98      0.00  kworker/u24:2-edac-poller
08:49:08 PM     0    112707      0.99      0.00  kworker/3:0-mm_percpu_wq
08:49:08 PM     0    118120      2.97      0.00  kworker/9:2-events
08:49:08 PM     0    137207      0.99      0.00  kworker/0:2-mm_percpu_wq
08:49:08 PM     0    154179      0.99      0.00  kworker/2:2-mm_percpu_wq
08:49:08 PM     0    159909      0.99      0.00  kworker/6:2-mm_percpu_wq
08:49:08 PM     0    164357      0.99      0.00  kworker/10:0-mm_percpu_wq
08:49:08 PM     0    170864      0.99      0.00  kworker/1:1-mm_percpu_wq
08:49:08 PM     0    172777      0.99      0.00  kworker/8:0-mm_percpu_wq
08:49:08 PM     0    173734      0.99      0.00  kworker/4:0-mm_percpu_wq
08:49:08 PM     0    174020      0.99      0.00  iostat
08:49:08 PM     0    174021      0.99      3.96  pidstat
08:49:08 PM     0    174022      3.96      0.00  bash
08:49:08 PM     0    174023      3.96      0.00  bash
08:49:08 PM     0    174024      2.97      0.00  bash
08:49:08 PM     0    174026     98.02      0.00  fio
08:49:08 PM     0    175606      0.99      0.00  sleep
08:49:08 PM     0    175611      0.99      0.00  sleep

08:49:08 PM   UID       PID   cswch/s nvcswch/s  Command
08:49:09 PM     0         1      1.00      0.00  systemd
08:49:09 PM     0        16      2.00      0.00  ksoftirqd/0
08:49:09 PM     0        17     69.00      0.00  rcu_preempt
08:49:09 PM     0        24      1.00      0.00  ksoftirqd/1
08:49:09 PM     0        30      2.00      0.00  ksoftirqd/2
08:49:09 PM     0        36      2.00      0.00  ksoftirqd/3
08:49:09 PM     0        48      1.00      0.00  ksoftirqd/5
08:49:09 PM     0        72      1.00      0.00  ksoftirqd/9
08:49:09 PM     0        95      2.00      0.00  kcompactd0
08:49:09 PM     0       453      2.00      0.00  multipathd
08:49:09 PM     0       562      3.00      0.00  jbd2/nvme1n1p3-8
08:49:09 PM   101       608      1.00      0.00  systemd-network
08:49:09 PM     0     98256      1.00      0.00  kworker/u24:2-edac-poller
08:49:09 PM     0    112707      2.00      0.00  kworker/3:0-events
08:49:09 PM     0    118120      1.00      0.00  kworker/9:2-mm_percpu_wq
08:49:09 PM     0    137207      2.00      0.00  kworker/0:2-events
08:49:09 PM     0    143435      2.00      0.00  kworker/5:0-events
08:49:09 PM     0    154179      2.00      0.00  kworker/2:2-events
08:49:09 PM     0    159909      1.00      0.00  kworker/6:2-mm_percpu_wq
08:49:09 PM     0    170864      7.00      0.00  kworker/1:1-events
08:49:09 PM     0    171945      3.00      0.00  kworker/7:0-events
08:49:09 PM     0    172777      1.00      0.00  kworker/8:0-mm_percpu_wq
08:49:09 PM     0    173734      1.00      0.00  kworker/4:0-mm_percpu_wq
08:49:09 PM     0    174020      2.00      2.00  iostat
08:49:09 PM     0    174021      1.00      4.00  pidstat
08:49:09 PM     0    174022      4.00      0.00  bash
08:49:09 PM     0    174023      4.00      0.00  bash
08:49:09 PM     0    174024      3.00      0.00  bash
08:49:09 PM     0    174026     99.00      0.00  fio
08:49:09 PM     0    175618      1.00      0.00  sleep
08:49:09 PM     0    175621      1.00      0.00  sleep
08:49:09 PM     0    175626      1.00      0.00  sleep

08:49:09 PM   UID       PID   cswch/s nvcswch/s  Command
08:49:10 PM     0        17     67.00      0.00  rcu_preempt
08:49:10 PM     0        18      1.00      0.00  migration/0
08:49:10 PM     0        23      1.00      0.00  migration/1
08:49:10 PM     0        24      2.00      0.00  ksoftirqd/1
08:49:10 PM     0        29      1.00      0.00  migration/2
08:49:10 PM     0        35      1.00      0.00  migration/3
08:49:10 PM     0        36      3.00      0.00  ksoftirqd/3
08:49:10 PM     0        41      1.00      0.00  migration/4
08:49:10 PM     0        42      2.00      0.00  ksoftirqd/4
08:49:10 PM     0        47      1.00      0.00  migration/5
08:49:10 PM     0        53      1.00      0.00  migration/6
08:49:10 PM     0        54      1.00      0.00  ksoftirqd/6
08:49:10 PM     0        59      1.00      0.00  migration/7
08:49:10 PM     0        60      2.00      2.00  ksoftirqd/7
08:49:10 PM     0        65      1.00      0.00  migration/8
08:49:10 PM     0        66      1.00      0.00  ksoftirqd/8
08:49:10 PM     0        71      1.00      0.00  migration/9
08:49:10 PM     0        72      1.00      0.00  ksoftirqd/9
08:49:10 PM     0        77      1.00      0.00  migration/10
08:49:10 PM     0        78      1.00      0.00  ksoftirqd/10
08:49:10 PM     0        83      1.00      0.00  migration/11
08:49:10 PM     0        95      2.00      0.00  kcompactd0
08:49:10 PM     0       453      2.00      0.00  multipathd
08:49:10 PM     0     88840      3.00      0.00  kworker/u24:1-writeback
08:49:10 PM     0     98256      4.00      0.00  kworker/u24:2-edac-poller
08:49:10 PM     0    112707      1.00      0.00  kworker/3:0-mm_percpu_wq
08:49:10 PM     0    118120      3.00      0.00  kworker/9:2-events
08:49:10 PM     0    137207      2.00      0.00  kworker/0:2-events
08:49:10 PM     0    143435      1.00      0.00  kworker/5:0-mm_percpu_wq
08:49:10 PM     0    154179      1.00      0.00  kworker/2:2-mm_percpu_wq
08:49:10 PM     0    159909      1.00      0.00  kworker/6:2-mm_percpu_wq
08:49:10 PM     0    170864      2.00      0.00  kworker/1:1-events
08:49:10 PM     0    171945      4.00      0.00  kworker/7:0-events
08:49:10 PM     0    172777      1.00      0.00  kworker/8:0-mm_percpu_wq
08:49:10 PM     0    173734      2.00      0.00  kworker/4:0-events
08:49:10 PM     0    174020      1.00      0.00  iostat
08:49:10 PM     0    174021      1.00      4.00  pidstat
08:49:10 PM     0    174022      6.00      0.00  bash
08:49:10 PM     0    174023      6.00      0.00  bash
08:49:10 PM     0    174024      3.00      0.00  bash
08:49:10 PM     0    174026     98.00      0.00  fio
08:49:10 PM     0    175633      1.00      0.00  sleep
08:49:10 PM     0    175636      1.00      0.00  sleep
08:49:10 PM     0    175641      1.00      0.00  sleep

08:49:10 PM   UID       PID   cswch/s nvcswch/s  Command
08:49:11 PM     0        17     55.45      0.00  rcu_preempt
08:49:11 PM     0        24      0.99      0.00  ksoftirqd/1
08:49:11 PM     0        36      0.99      0.00  ksoftirqd/3
08:49:11 PM     0        42      1.98      0.00  ksoftirqd/4
08:49:11 PM     0        60      0.99      0.00  ksoftirqd/7
08:49:11 PM     0        72      0.99      0.00  ksoftirqd/9
08:49:11 PM     0        78      0.99      0.00  ksoftirqd/10
08:49:11 PM     0        95      1.98      0.00  kcompactd0
08:49:11 PM     0       187      0.99      0.00  kworker/0:1H-kblockd
08:49:11 PM     0       453      0.99      0.00  multipathd
08:49:11 PM     0     88840      0.99      0.00  kworker/u24:1-writeback
08:49:11 PM     0     98256      1.98      0.00  kworker/u24:2-events_power_efficient
08:49:11 PM     0    112707      0.99      0.00  kworker/3:0-mm_percpu_wq
08:49:11 PM     0    118120      0.99      0.00  kworker/9:2-mm_percpu_wq
08:49:11 PM     0    137207      0.99      0.00  kworker/0:2-events
08:49:11 PM     0    143435      1.98      0.00  kworker/5:0-events
08:49:11 PM     0    154179      1.98      0.00  kworker/2:2-events
08:49:11 PM     0    159909      2.97      0.00  kworker/6:2-events
08:49:11 PM     0    164357      2.97      0.00  kworker/10:0-events
08:49:11 PM     0    170864      3.96      0.00  kworker/1:1-events
08:49:11 PM     0    171945      2.97      0.00  kworker/7:0-events
08:49:11 PM     0    172777      0.99      0.00  kworker/8:0-mm_percpu_wq
08:49:11 PM     0    173734      2.97      0.00  kworker/4:0-events
08:49:11 PM     0    174020      0.99      0.00  iostat
08:49:11 PM     0    174021      0.99      3.96  pidstat
08:49:11 PM     0    174022      0.99      0.00  bash
08:49:11 PM     0    174023      8.91      0.99  bash
08:49:11 PM     0    174024      2.97      0.00  bash
08:49:11 PM     0    174026     97.03      0.00  fio
08:49:11 PM     0    175650      0.99      0.00  sleep
08:49:11 PM     0    175651      0.99      0.00  sleep
08:49:11 PM     0    175652      1.98      0.00  bash
08:49:11 PM     0    175653      0.00      7.92  ps

08:49:11 PM   UID       PID   cswch/s nvcswch/s  Command
08:49:12 PM     0        16      2.00      1.00  ksoftirqd/0
08:49:12 PM     0        17     50.00      0.00  rcu_preempt
08:49:12 PM     0        36      2.00      0.00  ksoftirqd/3
08:49:12 PM     0        54      1.00      0.00  ksoftirqd/6
08:49:12 PM     0        72      1.00      0.00  ksoftirqd/9
08:49:12 PM     0        78      2.00      0.00  ksoftirqd/10
08:49:12 PM     0        95      2.00      0.00  kcompactd0
08:49:12 PM     0       102      1.00      0.00  irq/9-acpi
08:49:12 PM     0       453      2.00      0.00  multipathd
08:49:12 PM     0     88840      2.00      0.00  kworker/u24:1-edac-poller
08:49:12 PM     0    112707      1.00      0.00  kworker/3:0-mm_percpu_wq
08:49:12 PM     0    118120      1.00      0.00  kworker/9:2-mm_percpu_wq
08:49:12 PM     0    137207      3.00      0.00  kworker/0:2-kacpi_notify
08:49:12 PM     0    159214      1.00      0.00  kworker/7:1+i915-unordered
08:49:12 PM     0    159909      2.00      0.00  kworker/6:2-events
08:49:12 PM     0    164357      1.00      0.00  kworker/10:0-mm_percpu_wq
08:49:12 PM     0    170864      1.00      0.00  kworker/1:1-mm_percpu_wq
08:49:12 PM     0    171945   1057.00      0.00  kworker/7:0+events
08:49:12 PM     0    172777      2.00      0.00  kworker/8:0-events
08:49:12 PM     0    173734      4.00      0.00  kworker/4:0-events
08:49:12 PM     0    174020      1.00      0.00  iostat
08:49:12 PM     0    174021      1.00      4.00  pidstat
08:49:12 PM     0    174022      4.00      0.00  bash
08:49:12 PM     0    174023      6.00      0.00  bash
08:49:12 PM     0    174024      5.00      0.00  bash
08:49:12 PM     0    174026     99.00      0.00  fio
08:49:12 PM     0    175656      1.00      0.00  sleep
08:49:12 PM     0    175659      1.00      0.00  sleep
08:49:12 PM     0    175666      1.00      0.00  sleep

08:49:12 PM   UID       PID   cswch/s nvcswch/s  Command
08:49:13 PM     0        16      1.00      0.00  ksoftirqd/0
08:49:13 PM     0        17     63.00      0.00  rcu_preempt
08:49:13 PM     0        30      1.00      0.00  ksoftirqd/2
08:49:13 PM     0        35      1.00      0.00  migration/3
08:49:13 PM     0        36      3.00      0.00  ksoftirqd/3
08:49:13 PM     0        60      3.00      0.00  ksoftirqd/7
08:49:13 PM     0        65      1.00      0.00  migration/8
08:49:13 PM     0        66      1.00      0.00  ksoftirqd/8
08:49:13 PM     0        71      1.00      0.00  migration/9
08:49:13 PM     0        72      1.00      0.00  ksoftirqd/9
08:49:13 PM     0        95      2.00      0.00  kcompactd0
08:49:13 PM     0       453      2.00      0.00  multipathd
08:49:13 PM     0     21554      1.00      0.00  packagekitd
08:49:13 PM     0     88840      2.00      0.00  kworker/u24:1-events_unbound
08:49:13 PM     0    112707      3.00      0.00  kworker/3:0-events
08:49:13 PM     0    118120      3.00      0.00  kworker/9:2-events
08:49:13 PM     0    137207      1.00      0.00  kworker/0:2-events
08:49:13 PM     0    143435      1.00      0.00  kworker/5:0-events
08:49:13 PM     0    152246      1.00      0.00  kworker/7:2-mm_percpu_wq
08:49:13 PM     0    154179      2.00      0.00  kworker/2:2-events
08:49:13 PM     0    159214   1130.00      1.00  kworker/7:1-events
08:49:13 PM     0    159909      2.00      0.00  kworker/6:2-events
08:49:13 PM     0    164357      1.00      0.00  kworker/10:0-mm_percpu_wq
08:49:13 PM     0    170864      2.00      0.00  kworker/1:1-events
08:49:13 PM     0    171945     84.00      2.00  kworker/7:0-events
08:49:13 PM     0    172777      2.00      0.00  kworker/8:0-events
08:49:13 PM     0    173734      1.00      0.00  kworker/4:0-mm_percpu_wq
08:49:13 PM     0    174020      1.00      0.00  iostat
08:49:13 PM     0    174021      1.00      4.00  pidstat
08:49:13 PM     0    174022      4.00      0.00  bash
08:49:13 PM     0    174023      7.00      0.00  bash
08:49:13 PM     0    174024      5.00      9.00  bash
08:49:13 PM     0    174026     99.00      0.00  fio
08:49:13 PM     0    175671      1.00      0.00  sleep
08:49:13 PM     0    175674      1.00      0.00  sleep
08:49:13 PM     0    175681      1.00      1.00  sleep

08:49:13 PM   UID       PID   cswch/s nvcswch/s  Command
08:49:14 PM     0        17     68.00      0.00  rcu_preempt
08:49:14 PM     0        18      1.00      0.00  migration/0
08:49:14 PM     0        23      1.00      0.00  migration/1
08:49:14 PM     0        24      3.00      0.00  ksoftirqd/1
08:49:14 PM     0        29      2.00      0.00  migration/2
08:49:14 PM     0        30      1.00      0.00  ksoftirqd/2
08:49:14 PM     0        35      1.00      0.00  migration/3
08:49:14 PM     0        36      1.00      0.00  ksoftirqd/3
08:49:14 PM     0        41      1.00      0.00  migration/4
08:49:14 PM     0        47      1.00      0.00  migration/5
08:49:14 PM     0        48      1.00      0.00  ksoftirqd/5
08:49:14 PM     0        53      1.00      0.00  migration/6
08:49:14 PM     0        59      1.00      0.00  migration/7
08:49:14 PM     0        60      2.00      0.00  ksoftirqd/7
08:49:14 PM     0        65      1.00      0.00  migration/8
08:49:14 PM     0        66      2.00      0.00  ksoftirqd/8
08:49:14 PM     0        71      1.00      0.00  migration/9
08:49:14 PM     0        77      1.00      0.00  migration/10
08:49:14 PM     0        83      1.00      0.00  migration/11
08:49:14 PM     0        95      2.00      0.00  kcompactd0
08:49:14 PM     0       453      2.00      0.00  multipathd
08:49:14 PM     0       562      3.00      0.00  jbd2/nvme1n1p3-8
08:49:14 PM     0     88840      2.00      0.00  kworker/u24:1-ipv6_addrconf
08:49:14 PM     0     98256      2.00      0.00  kworker/u24:2-edac-poller
08:49:14 PM     0    112707      2.00      0.00  kworker/3:0-events
08:49:14 PM     0    118120      1.00      0.00  kworker/9:2-mm_percpu_wq
08:49:14 PM     0    137207      2.00      0.00  kworker/0:2-events
08:49:14 PM     0    146022      2.00      0.00  kworker/11:1-mm_percpu_wq
08:49:14 PM     0    154179      2.00      0.00  kworker/2:2-events
08:49:14 PM     0    159214      1.00      0.00  kworker/7:1-mm_percpu_wq
08:49:14 PM     0    159909      2.00      0.00  kworker/6:2-events
08:49:14 PM     0    164357      1.00      0.00  kworker/10:0-mm_percpu_wq
08:49:14 PM     0    172777      2.00      0.00  kworker/8:0-events
08:49:14 PM     0    173734      1.00      0.00  kworker/4:0-mm_percpu_wq
08:49:14 PM     0    174020      2.00      2.00  iostat
08:49:14 PM     0    174021      1.00      4.00  pidstat
08:49:14 PM     0    174022      5.00      1.00  bash
08:49:14 PM     0    174023      9.00      0.00  bash
08:49:14 PM     0    174024      3.00      0.00  bash
08:49:14 PM     0    174026     99.00      0.00  fio
08:49:14 PM     0    175686      1.00      0.00  sleep
08:49:14 PM     0    175689      1.00      0.00  sleep
08:49:14 PM     0    175696      1.00      0.00  sleep

08:49:14 PM   UID       PID   cswch/s nvcswch/s  Command
08:49:15 PM     0        16      0.99      0.00  ksoftirqd/0
08:49:15 PM     0        17     42.57      0.00  rcu_preempt
08:49:15 PM     0        24      0.99      0.00  ksoftirqd/1
08:49:15 PM     0        36      2.97      0.99  ksoftirqd/3
08:49:15 PM     0        48      0.99      0.00  ksoftirqd/5
08:49:15 PM     0        54      0.99      0.00  ksoftirqd/6
08:49:15 PM     0        60      0.99      0.00  ksoftirqd/7
08:49:15 PM     0        65      0.99      0.00  migration/8
08:49:15 PM     0        66      0.99      0.00  ksoftirqd/8
08:49:15 PM     0        95      1.98      0.00  kcompactd0
08:49:15 PM     0       453      0.99      0.00  multipathd
08:49:15 PM   101       608      1.98      0.00  systemd-network
08:49:15 PM     0     98256      3.96      0.00  kworker/u24:2-edac-poller
08:49:15 PM     0    112707      3.96      0.00  kworker/3:0-events
08:49:15 PM     0    118120      0.99      0.00  kworker/9:2-mm_percpu_wq
08:49:15 PM     0    137207      2.97      0.00  kworker/0:2-events
08:49:15 PM     0    143435      1.98      0.00  kworker/5:0-events
08:49:15 PM     0    146022      0.99      0.00  kworker/11:1-events
08:49:15 PM     0    154179      0.99      0.00  kworker/2:2-mm_percpu_wq
08:49:15 PM     0    159214      2.97      0.00  kworker/7:1-events
08:49:15 PM     0    159909      1.98      0.00  kworker/6:2-events
08:49:15 PM     0    164357      0.99      0.00  kworker/10:0-mm_percpu_wq
08:49:15 PM     0    170864      3.96      0.00  kworker/1:1-events
08:49:15 PM     0    172777      3.96      0.00  kworker/8:0-events
08:49:15 PM     0    174020      0.99      0.00  iostat
08:49:15 PM     0    174021      0.99      3.96  pidstat
08:49:15 PM     0    174022      4.95      0.00  bash
08:49:15 PM     0    174023      6.93      0.99  bash
08:49:15 PM     0    174024      2.97      0.00  bash
08:49:15 PM     0    174026     98.02      0.00  fio
08:49:15 PM     0    175702      0.99      0.00  sleep
08:49:15 PM     0    175704      0.99      0.00  sleep

08:49:15 PM   UID       PID   cswch/s nvcswch/s  Command
08:49:16 PM     0        17     55.00      0.00  rcu_preempt
08:49:16 PM     0        30      2.00      0.00  ksoftirqd/2
08:49:16 PM     0        36      1.00      0.00  ksoftirqd/3
08:49:16 PM     0        42      3.00      1.00  ksoftirqd/4
08:49:16 PM     0        53      1.00      0.00  migration/6
08:49:16 PM     0        95      2.00      0.00  kcompactd0
08:49:16 PM     0       453      2.00      0.00  multipathd
08:49:16 PM     0     88840      1.00      0.00  kworker/u24:1-ipv6_addrconf
08:49:16 PM     0     98256      3.00      0.00  kworker/u24:2-events_power_efficient
08:49:16 PM     0    112707      1.00      0.00  kworker/3:0-mm_percpu_wq
08:49:16 PM     0    118120      1.00      0.00  kworker/9:2-mm_percpu_wq
08:49:16 PM     0    137207      1.00      0.00  kworker/0:2-mm_percpu_wq
08:49:16 PM     0    143435      1.00      0.00  kworker/5:0-mm_percpu_wq
08:49:16 PM     0    146022      2.00      0.00  kworker/11:1-events
08:49:16 PM     0    154179      1.00      0.00  kworker/2:2-mm_percpu_wq
08:49:16 PM     0    159214      1.00      0.00  kworker/7:1-mm_percpu_wq
08:49:16 PM     0    159909      2.00      0.00  kworker/6:2-events
08:49:16 PM     0    164357      2.00      0.00  kworker/10:0-events
08:49:16 PM     0    170864      1.00      0.00  kworker/1:1-mm_percpu_wq
08:49:16 PM     0    172777      2.00      0.00  kworker/8:0-events
08:49:16 PM     0    173734      2.00      0.00  kworker/4:0-events
08:49:16 PM     0    174020      1.00      0.00  iostat
08:49:16 PM     0    174021      1.00      4.00  pidstat
08:49:16 PM     0    174022      4.00      0.00  bash
08:49:16 PM     0    174023      4.00      0.00  bash
08:49:16 PM     0    174024      3.00      0.00  bash
08:49:16 PM     0    174026     98.00      0.00  fio
08:49:16 PM     0    175717      1.00      0.00  sleep
08:49:16 PM     0    175719      1.00      0.00  sleep

08:49:16 PM   UID       PID   cswch/s nvcswch/s  Command
08:49:17 PM     0        17     65.00      0.00  rcu_preempt
08:49:17 PM     0        24      1.00      0.00  ksoftirqd/1
08:49:17 PM     0        30      2.00      0.00  ksoftirqd/2
08:49:17 PM     0        42      1.00      0.00  ksoftirqd/4
08:49:17 PM     0        54      1.00      0.00  ksoftirqd/6
08:49:17 PM     0        66      1.00      0.00  ksoftirqd/8
08:49:17 PM     0        72      1.00      0.00  ksoftirqd/9
08:49:17 PM     0        78      2.00      0.00  ksoftirqd/10
08:49:17 PM     0        95      2.00      0.00  kcompactd0
08:49:17 PM     0       453      2.00      0.00  multipathd
08:49:17 PM     0     88840      2.00      0.00  kworker/u24:1-events_power_efficient
08:49:17 PM     0     98256      1.00      0.00  kworker/u24:2-events_power_efficient
08:49:17 PM     0    112707      1.00      0.00  kworker/3:0-mm_percpu_wq
08:49:17 PM     0    118120      5.00      0.00  kworker/9:2-mm_percpu_wq
08:49:17 PM     0    137207      1.00      0.00  kworker/0:2-events
08:49:17 PM     0    143435      1.00      0.00  kworker/5:0-mm_percpu_wq
08:49:17 PM     0    146022      2.00      0.00  kworker/11:1-mm_percpu_wq
08:49:17 PM     0    154179      1.00      0.00  kworker/2:2-mm_percpu_wq
08:49:17 PM     0    159214      4.00      0.00  kworker/7:1-events
08:49:17 PM     0    159909      2.00      0.00  kworker/6:2-events
08:49:17 PM     0    164357      3.00      0.00  kworker/10:0-mm_percpu_wq
08:49:17 PM     0    170864      3.00      0.00  kworker/1:1-events
08:49:17 PM     0    172777      1.00      0.00  kworker/8:0-mm_percpu_wq
08:49:17 PM     0    173734      3.00      0.00  kworker/4:0-events
08:49:17 PM     0    174020      1.00      0.00  iostat
08:49:17 PM     0    174021      1.00      4.00  pidstat
08:49:17 PM     0    174022      4.00      0.00  bash
08:49:17 PM     0    174023      5.00      0.00  bash
08:49:17 PM     0    174024      3.00      0.00  bash
08:49:17 PM     0    174026     99.00      0.00  fio
08:49:17 PM     0    175726      1.00      0.00  sleep
08:49:17 PM     0    175729      1.00      0.00  sleep
08:49:17 PM     0    175734      1.00      0.00  sleep

08:49:17 PM   UID       PID   cswch/s nvcswch/s  Command
08:49:18 PM     0        16      2.00      0.00  ksoftirqd/0
08:49:18 PM     0        17     70.00      0.00  rcu_preempt
08:49:18 PM     0        18      1.00      0.00  migration/0
08:49:18 PM     0        23      1.00      0.00  migration/1
08:49:18 PM     0        29      1.00      0.00  migration/2
08:49:18 PM     0        30      1.00      0.00  ksoftirqd/2
08:49:18 PM     0        35      1.00      0.00  migration/3
08:49:18 PM     0        41      1.00      0.00  migration/4
08:49:18 PM     0        42      3.00      2.00  ksoftirqd/4
08:49:18 PM     0        47      1.00      0.00  migration/5
08:49:18 PM     0        48      2.00      0.00  ksoftirqd/5
08:49:18 PM     0        53      1.00      0.00  migration/6
08:49:18 PM     0        54      1.00      0.00  ksoftirqd/6
08:49:18 PM     0        59      1.00      0.00  migration/7
08:49:18 PM     0        65      1.00      0.00  migration/8
08:49:18 PM     0        66      2.00      0.00  ksoftirqd/8
08:49:18 PM     0        71      1.00      0.00  migration/9
08:49:18 PM     0        77      2.00      0.00  migration/10
08:49:18 PM     0        78      3.00      1.00  ksoftirqd/10
08:49:18 PM     0        83      1.00      0.00  migration/11
08:49:18 PM     0        95      2.00      0.00  kcompactd0
08:49:18 PM     0       453      2.00      0.00  multipathd
08:49:18 PM     0     98256      2.00      0.00  kworker/u24:2-edac-poller
08:49:18 PM     0    112707      1.00      0.00  kworker/3:0-mm_percpu_wq
08:49:18 PM     0    137207      2.00      0.00  kworker/0:2-events
08:49:18 PM     0    143435      1.00      0.00  kworker/5:0-mm_percpu_wq
08:49:18 PM     0    154179      1.00      0.00  kworker/2:2-mm_percpu_wq
08:49:18 PM     0    159909      3.00      0.00  kworker/6:2-events
08:49:18 PM     0    164357      2.00      0.00  kworker/10:0-events
08:49:18 PM     0    170864      1.00      0.00  kworker/1:1-mm_percpu_wq
08:49:18 PM     0    172777      2.00      0.00  kworker/8:0-events
08:49:18 PM     0    173734      2.00      0.00  kworker/4:0-events
08:49:18 PM     0    174020      1.00      0.00  iostat
08:49:18 PM     0    174021      1.00      4.00  pidstat
08:49:18 PM     0    174022      4.00      0.00  bash
08:49:18 PM     0    174023      5.00      1.00  bash
08:49:18 PM     0    174024      4.00      0.00  bash
08:49:18 PM     0    174026     98.00      0.00  fio
08:49:18 PM     0    175741      1.00      0.00  sleep
08:49:18 PM     0    175744      1.00      0.00  sleep
08:49:18 PM     0    175749      1.00      0.00  sleep

08:49:18 PM   UID       PID   cswch/s nvcswch/s  Command
08:49:19 PM     0        17     56.00      0.00  rcu_preempt
08:49:19 PM     0        29      1.00      0.00  migration/2
08:49:19 PM     0        30      3.00      0.00  ksoftirqd/2
08:49:19 PM     0        42      3.00      0.00  ksoftirqd/4
08:49:19 PM     0        48      1.00      0.00  ksoftirqd/5
08:49:19 PM     0        66      2.00      0.00  ksoftirqd/8
08:49:19 PM     0        95      2.00      0.00  kcompactd0
08:49:19 PM     0       453      2.00      0.00  multipathd
08:49:19 PM     0       562      3.00      0.00  jbd2/nvme1n1p3-8
08:49:19 PM     0     98256      1.00      0.00  kworker/u24:2-edac-poller
08:49:19 PM     0    118120      1.00      0.00  kworker/9:2-mm_percpu_wq
08:49:19 PM     0    137207      3.00      0.00  kworker/0:2-events
08:49:19 PM     0    143435      1.00      0.00  kworker/5:0-mm_percpu_wq
08:49:19 PM     0    154179      2.00      0.00  kworker/2:2-events
08:49:19 PM     0    159214      3.00      0.00  kworker/7:1-events
08:49:19 PM     0    159909      1.00      0.00  kworker/6:2-mm_percpu_wq
08:49:19 PM     0    164357      1.00      0.00  kworker/10:0-mm_percpu_wq
08:49:19 PM     0    170864      3.00      0.00  kworker/1:1-events
08:49:19 PM     0    172777      2.00      0.00  kworker/8:0-events
08:49:19 PM     0    173734      2.00      0.00  kworker/4:0-events
08:49:19 PM     0    174020      2.00      2.00  iostat
08:49:19 PM     0    174021      1.00      4.00  pidstat
08:49:19 PM     0    174022      1.00      0.00  bash
08:49:19 PM     0    174023      5.00      0.00  bash
08:49:19 PM     0    174024      3.00      0.00  bash
08:49:19 PM     0    174026    100.00      0.00  fio
08:49:19 PM     0    175756      1.00      0.00  sleep
08:49:19 PM     0    175759      1.00      0.00  sleep
08:49:19 PM     0    175760      1.00      0.00  bash
08:49:19 PM     0    175761      0.00      6.00  ps
08:49:19 PM     0    175762      1.00      0.00  grep

08:49:19 PM   UID       PID   cswch/s nvcswch/s  Command
08:49:20 PM     0        17     53.47      0.00  rcu_preempt
08:49:20 PM     0        30      1.98      0.00  ksoftirqd/2
08:49:20 PM     0        36      2.97      0.99  ksoftirqd/3
08:49:20 PM     0        60      1.98      0.00  ksoftirqd/7
08:49:20 PM     0        66      0.99      0.00  ksoftirqd/8
08:49:20 PM     0        78      0.99      0.00  ksoftirqd/10
08:49:20 PM     0        95      1.98      0.00  kcompactd0
08:49:20 PM     0       453      0.99      0.00  multipathd
08:49:20 PM     0     98256      5.94      0.00  kworker/u24:2-ext4-rsv-conversion
08:49:20 PM     0    112707      2.97      0.00  kworker/3:0-events
08:49:20 PM     0    137207      2.97      0.00  kworker/0:2-events
08:49:20 PM     0    143435      0.99      0.00  kworker/5:0-mm_percpu_wq
08:49:20 PM     0    154179      0.99      0.00  kworker/2:2-mm_percpu_wq
08:49:20 PM     0    159214      0.99      0.00  kworker/7:1-events
08:49:20 PM     0    159909      2.97      0.00  kworker/6:2-mm_percpu_wq
08:49:20 PM     0    164357      1.98      0.00  kworker/10:0-mm_percpu_wq
08:49:20 PM     0    170864      0.99      0.00  kworker/1:1-mm_percpu_wq
08:49:20 PM     0    172777      1.98      0.00  kworker/8:0-mm_percpu_wq
08:49:20 PM     0    173734      0.99      0.00  kworker/4:0-mm_percpu_wq
08:49:20 PM     0    174020      0.99      0.00  iostat
08:49:20 PM     0    174021      0.99      3.96  pidstat
08:49:20 PM     0    174022      2.97      0.00  bash
08:49:20 PM     0    174023      7.92      0.00  bash
08:49:20 PM     0    174024      2.97      0.00  bash
08:49:20 PM     0    174026     97.03      0.00  fio
08:49:20 PM     0    175764      0.99      0.00  sleep
08:49:20 PM     0    175771      0.99      0.00  sleep
08:49:20 PM     0    175774      0.99      0.00  sleep

08:49:20 PM   UID       PID   cswch/s nvcswch/s  Command
08:49:21 PM     0        16      1.00      0.00  ksoftirqd/0
08:49:21 PM     0        17     78.00      0.00  rcu_preempt
08:49:21 PM     0        29      2.00      0.00  migration/2
08:49:21 PM     0        30      3.00      0.00  ksoftirqd/2
08:49:21 PM     0        53      1.00      0.00  migration/6
08:49:21 PM     0        54      1.00      0.00  ksoftirqd/6
08:49:21 PM     0        60      9.00      0.00  ksoftirqd/7
08:49:21 PM     0        95      2.00      0.00  kcompactd0
08:49:21 PM     0       187      1.00      0.00  kworker/0:1H-kblockd
08:49:21 PM     0       453      2.00      0.00  multipathd
08:49:21 PM     0     88840      1.00      0.00  kworker/u24:1-events_power_efficient
08:49:21 PM     0     98256      3.00      0.00  kworker/u24:2-events_power_efficient
08:49:21 PM     0    112707      2.00      0.00  kworker/3:0-events
08:49:21 PM     0    137207      2.00      0.00  kworker/0:2-events
08:49:21 PM     0    143435      1.00      0.00  kworker/5:0-mm_percpu_wq
08:49:21 PM     0    154179      2.00      0.00  kworker/2:2-events
08:49:21 PM     0    159214      3.00      0.00  kworker/7:1-events
08:49:21 PM     0    159909      1.00      0.00  kworker/6:2-events
08:49:21 PM     0    164357      2.00      0.00  kworker/10:0-events
08:49:21 PM     0    170864      3.00      0.00  kworker/1:1-events
08:49:21 PM     0    172777      1.00      0.00  kworker/8:0-events
08:49:21 PM     0    173734      1.00      0.00  kworker/4:0-mm_percpu_wq
08:49:21 PM     0    174020      1.00      0.00  iostat
08:49:21 PM     0    174021      1.00      4.00  pidstat
08:49:21 PM     0    174022      4.00      0.00  bash
08:49:21 PM     0    174023      7.00      0.00  bash
08:49:21 PM     0    174024      4.00      0.00  bash
08:49:21 PM     0    174026     99.00      0.00  fio
08:49:21 PM     0    175779      1.00      1.00  sleep
08:49:21 PM     0    175788      1.00      0.00  sleep
08:49:21 PM     0    175789      1.00      0.00  sleep
