Linux 6.8.0-124-generic (cassandra-waf-rig) 	07/08/2026 	_x86_64_	(12 CPU)

11:14:09 PM   UID       PID   cswch/s nvcswch/s  Command
11:14:10 PM     0        17    185.15      0.00  rcu_preempt
11:14:10 PM     0        18      0.99      0.00  migration/0
11:14:10 PM     0        23      0.99      0.00  migration/1
11:14:10 PM     0        24      0.99      0.00  ksoftirqd/1
11:14:10 PM     0        29      0.99      0.00  migration/2
11:14:10 PM     0        30      4.95      0.00  ksoftirqd/2
11:14:10 PM     0        35      0.99      0.00  migration/3
11:14:10 PM     0        41      0.99      0.00  migration/4
11:14:10 PM     0        47      0.99      0.00  migration/5
11:14:10 PM     0        48      0.99      0.00  ksoftirqd/5
11:14:10 PM     0        53      0.99      0.00  migration/6
11:14:10 PM     0        59      0.99      0.00  migration/7
11:14:10 PM     0        65      0.99      0.00  migration/8
11:14:10 PM     0        71      0.99      0.00  migration/9
11:14:10 PM     0        72      0.99      0.00  ksoftirqd/9
11:14:10 PM     0        77      0.99      0.00  migration/10
11:14:10 PM     0        78      0.99      0.00  ksoftirqd/10
11:14:10 PM     0        83      0.99      0.00  migration/11
11:14:10 PM     0        95      1.98      0.00  kcompactd0
11:14:10 PM     0       453      0.99      0.00  multipathd
11:14:10 PM     0    227297      1.98      0.00  kworker/10:2-mm_percpu_wq
11:14:10 PM     0    230337      0.99      0.00  kworker/6:1-events
11:14:10 PM     0    230364      1.98      0.00  kworker/u24:4-ext4-rsv-conversion
11:14:10 PM     0    230433      0.99      0.00  kworker/0:1-events
11:14:10 PM     0    230456      0.99      0.00  kworker/8:2-mm_percpu_wq
11:14:10 PM     0    230457      2.97      0.00  kworker/1:2-events
11:14:10 PM     0    230483      1.98      0.00  kworker/5:0-events
11:14:10 PM     0    230559      1.98      0.00  kworker/11:1-events
11:14:10 PM     0    238283      3.96      0.00  kworker/2:1-mm_percpu_wq
11:14:10 PM     0    239073      0.99      0.00  kworker/4:2-events
11:14:10 PM     0    240331      1.98      0.00  kworker/9:2-events
11:14:10 PM     0    241714      0.99      0.00  kworker/3:1-mm_percpu_wq
11:14:10 PM     0    265849      0.99      0.00  iostat
11:14:10 PM     0    265850      0.99      0.00  pidstat
11:14:10 PM     0    265851      3.96      0.00  bash
11:14:10 PM     0    265852      4.95      0.00  bash
11:14:10 PM     0    265853      3.96      0.00  bash
11:14:10 PM     0    265855     18.81      0.00  java
11:14:10 PM     0    265903      3.96      0.00  java
11:14:10 PM     0    265916      0.99      0.00  sleep

11:14:10 PM   UID       PID   cswch/s nvcswch/s  Command
11:14:11 PM     0        16      2.00      0.00  ksoftirqd/0
11:14:11 PM     0        17    176.00      0.00  rcu_preempt
11:14:11 PM     0        24      1.00      0.00  ksoftirqd/1
11:14:11 PM     0        30     11.00      0.00  ksoftirqd/2
11:14:11 PM     0        48      1.00      0.00  ksoftirqd/5
11:14:11 PM     0        60      1.00      0.00  ksoftirqd/7
11:14:11 PM     0        71      1.00      0.00  migration/9
11:14:11 PM     0        78      3.00      0.00  ksoftirqd/10
11:14:11 PM     0        83      1.00      0.00  migration/11
11:14:11 PM     0        95      2.00      0.00  kcompactd0
11:14:11 PM     0       453      1.00      0.00  multipathd
11:14:11 PM     0    227297      4.00      0.00  kworker/10:2-mm_percpu_wq
11:14:11 PM     0    230337      2.00      0.00  kworker/6:1-mm_percpu_wq
11:14:11 PM     0    230364      7.00      0.00  kworker/u24:4-writeback
11:14:11 PM     0    230433      1.00      0.00  kworker/0:1-mm_percpu_wq
11:14:11 PM     0    230456      1.00      0.00  kworker/8:2-mm_percpu_wq
11:14:11 PM     0    230457      1.00      0.00  kworker/1:2-mm_percpu_wq
11:14:11 PM     0    230483      4.00      0.00  kworker/5:0-mm_percpu_wq
11:14:11 PM     0    238283      9.00      0.00  kworker/2:1-events
11:14:11 PM     0    240331      1.00      0.00  kworker/9:2-mm_percpu_wq
11:14:11 PM     0    241714      3.00      0.00  kworker/3:1-mm_percpu_wq
11:14:11 PM     0    242833      2.00      0.00  kworker/7:1-mm_percpu_wq
11:14:11 PM     0    265849      1.00      0.00  iostat
11:14:11 PM     0    265850      1.00      0.00  pidstat
11:14:11 PM     0    265851      5.00      0.00  bash
11:14:11 PM     0    265852      8.00      0.00  bash
11:14:11 PM     0    265853      4.00      0.00  bash
11:14:11 PM     0    265934      1.00      0.00  sleep
11:14:11 PM     0    265936      1.00      0.00  sleep
11:14:11 PM     0    265973      2.00      0.00  java

11:14:11 PM   UID       PID   cswch/s nvcswch/s  Command
11:14:12 PM     0        16      1.00      0.00  ksoftirqd/0
11:14:12 PM     0        17    222.00      0.00  rcu_preempt
11:14:12 PM     0        24      1.00      0.00  ksoftirqd/1
11:14:12 PM     0        30      8.00      1.00  ksoftirqd/2
11:14:12 PM     0        48      1.00      0.00  ksoftirqd/5
11:14:12 PM     0        60      1.00      0.00  ksoftirqd/7
11:14:12 PM     0        78      1.00      0.00  ksoftirqd/10
11:14:12 PM     0        95      2.00      0.00  kcompactd0
11:14:12 PM     0       195      2.00      0.00  kworker/6:1H-kblockd
11:14:12 PM     0       359      6.00      0.00  jbd2/nvme1n1p2-8
11:14:12 PM     0       415      1.00      0.00  systemd-journal
11:14:12 PM     0       453      1.00      0.00  multipathd
11:14:12 PM     0       562      3.00      0.00  jbd2/nvme1n1p3-8
11:14:12 PM     0    227297      5.00      0.00  kworker/10:2-events
11:14:12 PM     0    230337      3.00      0.00  kworker/6:1-xfs-reclaim/nvme0n1p2
11:14:12 PM     0    230364      8.00      0.00  kworker/u24:4-ext4-rsv-conversion
11:14:12 PM     0    230433      2.00      0.00  kworker/0:1-mm_percpu_wq
11:14:12 PM     0    230456      1.00      0.00  kworker/8:2-mm_percpu_wq
11:14:12 PM     0    230457      3.00      0.00  kworker/1:2-mm_percpu_wq
11:14:12 PM     0    230483      3.00      0.00  kworker/5:0-mm_percpu_wq
11:14:12 PM     0    230559      2.00      0.00  kworker/11:1-mm_percpu_wq
11:14:12 PM     0    238099      4.00      0.00  kworker/u24:1-flush-259:1
11:14:12 PM     0    238283      7.00      0.00  kworker/2:1-events
11:14:12 PM     0    239073      4.00      0.00  kworker/4:2-mm_percpu_wq
11:14:12 PM     0    240331      1.00      0.00  kworker/9:2-events
11:14:12 PM     0    241714      2.00      0.00  kworker/3:1-mm_percpu_wq
11:14:12 PM     0    242833      2.00      0.00  kworker/7:1-events
11:14:12 PM     0    245320      3.00      0.00  kworker/u24:2-ext4-rsv-conversion
11:14:12 PM     0    250641     12.00      0.00  kworker/u24:3-writeback
11:14:12 PM     0    265849      2.00      0.00  iostat
11:14:12 PM     0    265850      1.00      0.00  pidstat
11:14:12 PM     0    265851      5.00      0.00  bash
11:14:12 PM     0    265852      7.00      0.00  bash
11:14:12 PM     0    265853      1.00      0.00  bash
11:14:12 PM     0    266007      1.00      0.00  sleep
11:14:12 PM     0    266008      1.00      0.00  sleep

11:14:12 PM   UID       PID   cswch/s nvcswch/s  Command
11:14:13 PM     0        17     23.00      0.00  rcu_preempt
11:14:13 PM     0        24      1.00      0.00  ksoftirqd/1
11:14:13 PM     0        36      1.00      0.00  ksoftirqd/3
11:14:13 PM     0        53      1.00      0.00  migration/6
11:14:13 PM     0        66      1.00      0.00  ksoftirqd/8
11:14:13 PM     0        84      2.00      0.00  ksoftirqd/11
11:14:13 PM     0        95      2.00      0.00  kcompactd0
11:14:13 PM     0       415      2.00      0.00  systemd-journal
11:14:13 PM     0       453      1.00      0.00  multipathd
11:14:13 PM     0     21554      1.00      0.00  packagekitd
11:14:13 PM     0    227297      1.00      0.00  kworker/10:2-events
11:14:13 PM     0    230337      2.00      0.00  kworker/6:1-mm_percpu_wq
11:14:13 PM     0    230364      1.00      0.00  kworker/u24:4-edac-poller
11:14:13 PM     0    230433      2.00      0.00  kworker/0:1-mm_percpu_wq
11:14:13 PM     0    230456      2.00      0.00  kworker/8:2-mm_percpu_wq
11:14:13 PM     0    230559      3.00      0.00  kworker/11:1-events
11:14:13 PM     0    238283     11.00      0.00  kworker/2:1-events
11:14:13 PM     0    239073      2.00      0.00  kworker/4:2-events
11:14:13 PM     0    241714      1.00      0.00  kworker/3:1-mm_percpu_wq
11:14:13 PM     0    242833      2.00      0.00  kworker/7:1-events
11:14:13 PM     0    265849      1.00      0.00  iostat
11:14:13 PM     0    265850      2.00      0.00  pidstat
11:14:13 PM     0    265851      6.00      0.00  bash
11:14:13 PM     0    265852      9.00      0.00  bash
11:14:13 PM     0    265853      4.00      0.00  bash
11:14:13 PM     0    266019      2.00      0.00  sleep
11:14:13 PM     0    266029      1.00      0.00  sleep
11:14:13 PM     0    266031      1.00      0.00  sleep

11:14:13 PM   UID       PID   cswch/s nvcswch/s  Command
11:14:14 PM     0        16      1.00      0.00  ksoftirqd/0
11:14:14 PM     0        17     18.00      0.00  rcu_preempt
11:14:14 PM     0        18      1.00      0.00  migration/0
11:14:14 PM     0        23      1.00      0.00  migration/1
11:14:14 PM     0        29      4.00      0.00  migration/2
11:14:14 PM     0        35      1.00      0.00  migration/3
11:14:14 PM     0        41      1.00      0.00  migration/4
11:14:14 PM     0        47      1.00      0.00  migration/5
11:14:14 PM     0        53      1.00      0.00  migration/6
11:14:14 PM     0        59      1.00      0.00  migration/7
11:14:14 PM     0        60      1.00      0.00  ksoftirqd/7
11:14:14 PM     0        65      1.00      0.00  migration/8
11:14:14 PM     0        71      1.00      0.00  migration/9
11:14:14 PM     0        77      1.00      0.00  migration/10
11:14:14 PM     0        78      3.00      0.00  ksoftirqd/10
11:14:14 PM     0        83      1.00      0.00  migration/11
11:14:14 PM     0        95      2.00      0.00  kcompactd0
11:14:14 PM     0       453      1.00      0.00  multipathd
11:14:14 PM     0    227297      7.00      0.00  kworker/10:2-events
11:14:14 PM     0    230337      2.00      0.00  kworker/6:1-mm_percpu_wq
11:14:14 PM     0    230364      1.00      0.00  kworker/u24:4-events_power_efficient
11:14:14 PM     0    230433      1.00      0.00  kworker/0:1-events
11:14:14 PM     0    230457      3.00      0.00  kworker/1:2-events
11:14:14 PM     0    230483      1.00      0.00  kworker/5:0-mm_percpu_wq
11:14:14 PM     0    230559      2.00      0.00  kworker/11:1-events
11:14:14 PM     0    238283      4.00      0.00  kworker/2:1-mm_percpu_wq
11:14:14 PM     0    239073      3.00      0.00  kworker/4:2-events
11:14:14 PM     0    241714      2.00      0.00  kworker/3:1-events
11:14:14 PM     0    250641      4.00      0.00  kworker/u24:3-edac-poller
11:14:14 PM     0    265849      1.00      0.00  iostat
11:14:14 PM     0    265850      1.00      1.00  pidstat
11:14:14 PM     0    265851      5.00      0.00  bash
11:14:14 PM     0    265852      7.00      0.00  bash
11:14:14 PM     0    265853      4.00      0.00  bash
11:14:14 PM     0    266034      1.00      0.00  sleep
11:14:14 PM     0    266044      1.00      1.00  sleep
11:14:14 PM     0    266046      1.00      0.00  sleep

11:14:14 PM   UID       PID   cswch/s nvcswch/s  Command
11:14:15 PM     0        17     20.00      0.00  rcu_preempt
11:14:15 PM     0        29      1.00      0.00  migration/2
11:14:15 PM     0        48      1.00      0.00  ksoftirqd/5
11:14:15 PM     0        54      2.00      0.00  ksoftirqd/6
11:14:15 PM     0        78      2.00      0.00  ksoftirqd/10
11:14:15 PM     0        95      2.00      0.00  kcompactd0
11:14:15 PM     0       453      1.00      0.00  multipathd
11:14:15 PM     0    227297      4.00      0.00  kworker/10:2-events
11:14:15 PM     0    230337      4.00      0.00  kworker/6:1-events
11:14:15 PM     0    230433      3.00      0.00  kworker/0:1-events
11:14:15 PM     0    230457      2.00      0.00  kworker/1:2-mm_percpu_wq
11:14:15 PM     0    230483      2.00      0.00  kworker/5:0-events
11:14:15 PM     0    230559      1.00      0.00  kworker/11:1-mm_percpu_wq
11:14:15 PM     0    238283     11.00      0.00  kworker/2:1-events
11:14:15 PM     0    239073      1.00      0.00  kworker/4:2-mm_percpu_wq
11:14:15 PM     0    240331      1.00      0.00  kworker/9:2-mm_percpu_wq
11:14:15 PM     0    241714      2.00      0.00  kworker/3:1-mm_percpu_wq
11:14:15 PM     0    242833      2.00      0.00  kworker/7:1-events
11:14:15 PM     0    250641      1.00      0.00  kworker/u24:3-edac-poller
11:14:15 PM     0    265849      1.00      0.00  iostat
11:14:15 PM     0    265850      1.00      0.00  pidstat
11:14:15 PM     0    265851      5.00      0.00  bash
11:14:15 PM     0    265852      7.00      0.00  bash
11:14:15 PM     0    265853      4.00      0.00  bash
11:14:15 PM     0    266049      1.00      0.00  sleep
11:14:15 PM     0    266059      1.00      0.00  sleep
11:14:15 PM     0    266061      1.00      0.00  sleep

11:14:15 PM   UID       PID   cswch/s nvcswch/s  Command
11:14:16 PM     0        17     18.00      0.00  rcu_preempt
11:14:16 PM     0        24      1.00      0.00  ksoftirqd/1
11:14:16 PM     0        29      1.00      0.00  migration/2
11:14:16 PM     0        36      1.00      0.00  ksoftirqd/3
11:14:16 PM     0        48      1.00      0.00  ksoftirqd/5
11:14:16 PM     0        72      1.00      0.00  ksoftirqd/9
11:14:16 PM     0        95      2.00      0.00  kcompactd0
11:14:16 PM     0       190      1.00      0.00  kworker/10:1H-kblockd
11:14:16 PM     0       453      1.00      0.00  multipathd
11:14:16 PM     0    227297      4.00      0.00  kworker/10:2-events
11:14:16 PM     0    230364      1.00      0.00  kworker/u24:4-events_power_efficient
11:14:16 PM     0    230433      1.00      0.00  kworker/0:1-mm_percpu_wq
11:14:16 PM     0    230456      2.00      0.00  kworker/8:2-mm_percpu_wq
11:14:16 PM     0    230457      3.00      0.00  kworker/1:2-mm_percpu_wq
11:14:16 PM     0    230483      6.00      0.00  kworker/5:0-events
11:14:16 PM     0    238283     12.00      0.00  kworker/2:1-events
11:14:16 PM     0    239073      1.00      0.00  kworker/4:2-events
11:14:16 PM     0    240331      2.00      0.00  kworker/9:2-mm_percpu_wq
11:14:16 PM     0    241714      1.00      0.00  kworker/3:1-mm_percpu_wq
11:14:16 PM     0    250641      1.00      0.00  kworker/u24:3-events_unbound
11:14:16 PM     0    265849      1.00      0.00  iostat
11:14:16 PM     0    265850      1.00      1.00  pidstat
11:14:16 PM     0    265851      5.00      0.00  bash
11:14:16 PM     0    265852      8.00      0.00  bash
11:14:16 PM     0    265853      4.00      0.00  bash
11:14:16 PM     0    266064      1.00      0.00  sleep
11:14:16 PM     0    266074      1.00      0.00  sleep
11:14:16 PM     0    266076      1.00      0.00  sleep

11:14:16 PM   UID       PID   cswch/s nvcswch/s  Command
11:14:17 PM     0        16      2.00      0.00  ksoftirqd/0
11:14:17 PM     0        17     18.00      0.00  rcu_preempt
11:14:17 PM     0        29      1.00      0.00  migration/2
11:14:17 PM     0        65      1.00      0.00  migration/8
11:14:17 PM     0        72      2.00      0.00  ksoftirqd/9
11:14:17 PM     0        78      1.00      0.00  ksoftirqd/10
11:14:17 PM     0        84      1.00      0.00  ksoftirqd/11
11:14:17 PM     0        95      2.00      0.00  kcompactd0
11:14:17 PM     0       453      1.00      0.00  multipathd
11:14:17 PM     0       562      3.00      0.00  jbd2/nvme1n1p3-8
11:14:17 PM     0    227297      3.00      0.00  kworker/10:2-events
11:14:17 PM     0    230337      1.00      0.00  kworker/6:1-mm_percpu_wq
11:14:17 PM     0    230433      2.00      0.00  kworker/0:1-events
11:14:17 PM     0    230559      2.00      0.00  kworker/11:1-events
11:14:17 PM     0    238283     12.00      0.00  kworker/2:1-events
11:14:17 PM     0    239073      1.00      0.00  kworker/4:2-events
11:14:17 PM     0    240331      3.00      0.00  kworker/9:2-events
11:14:17 PM     0    242833      1.00      0.00  kworker/7:1-mm_percpu_wq
11:14:17 PM     0    250641      1.00      0.00  kworker/u24:3-edac-poller
11:14:17 PM     0    265849      1.00      0.00  iostat
11:14:17 PM     0    265850      1.00      0.00  pidstat
11:14:17 PM     0    265851      5.00      0.00  bash
11:14:17 PM     0    265852      8.00      0.00  bash
11:14:17 PM     0    265853      4.00      0.00  bash
11:14:17 PM     0    266079      1.00      0.00  sleep
11:14:17 PM     0    266090      1.00      1.00  sleep
11:14:17 PM     0    266091      1.00      0.00  sleep

11:14:17 PM   UID       PID   cswch/s nvcswch/s  Command
11:14:18 PM     0        16      1.00      0.00  ksoftirqd/0
11:14:18 PM     0        17     22.00      0.00  rcu_preempt
11:14:18 PM     0        18      1.00      0.00  migration/0
11:14:18 PM     0        23      1.00      0.00  migration/1
11:14:18 PM     0        24      1.00      0.00  ksoftirqd/1
11:14:18 PM     0        29      2.00      0.00  migration/2
11:14:18 PM     0        35      1.00      0.00  migration/3
11:14:18 PM     0        41      1.00      0.00  migration/4
11:14:18 PM     0        47      1.00      0.00  migration/5
11:14:18 PM     0        53      1.00      0.00  migration/6
11:14:18 PM     0        59      1.00      0.00  migration/7
11:14:18 PM     0        65      1.00      0.00  migration/8
11:14:18 PM     0        71      1.00      0.00  migration/9
11:14:18 PM     0        77      2.00      0.00  migration/10
11:14:18 PM     0        83      1.00      0.00  migration/11
11:14:18 PM     0        84      1.00      0.00  ksoftirqd/11
11:14:18 PM     0        95      2.00      0.00  kcompactd0
11:14:18 PM     0       176      3.00      0.00  kworker/11:1H-kblockd
11:14:18 PM     0       195      2.00      0.00  kworker/6:1H-kblockd
11:14:18 PM     0       359      3.00      0.00  jbd2/nvme1n1p2-8
11:14:18 PM     0       453      1.00      0.00  multipathd
11:14:18 PM     0    227297      1.00      0.00  kworker/10:2-mm_percpu_wq
11:14:18 PM     0    230364      9.00      0.00  kworker/u24:4-events_unbound
11:14:18 PM     0    230433      3.00      0.00  kworker/0:1-events
11:14:18 PM     0    230456      3.00      0.00  kworker/8:2-events
11:14:18 PM     0    230457      3.00      0.00  kworker/1:2-events
11:14:18 PM     0    230559      3.00      0.00  kworker/11:1-mm_percpu_wq
11:14:18 PM     0    238283     11.00      0.00  kworker/2:1-events
11:14:18 PM     0    239073      2.00      0.00  kworker/4:2-mm_percpu_wq
11:14:18 PM     0    240331      1.00      0.00  kworker/9:2-events
11:14:18 PM     0    241714      1.00      0.00  kworker/3:1-mm_percpu_wq
11:14:18 PM     0    242833      1.00      0.00  kworker/7:1-mm_percpu_wq
11:14:18 PM     0    245320      2.00      0.00  kworker/u24:2-ext4-rsv-conversion
11:14:18 PM     0    250641      7.00      0.00  kworker/u24:3-events_power_efficient
11:14:18 PM     0    265849      1.00      0.00  iostat
11:14:18 PM     0    265850      1.00      1.00  pidstat
11:14:18 PM     0    265851      5.00      0.00  bash
11:14:18 PM     0    265852      7.00      0.00  bash
11:14:18 PM     0    265853      4.00      0.00  bash
11:14:18 PM     0    266094      1.00      0.00  sleep
11:14:18 PM     0    266104      1.00      0.00  sleep
11:14:18 PM     0    266106      1.00      0.00  sleep

11:14:18 PM   UID       PID   cswch/s nvcswch/s  Command
11:14:19 PM     0        17     21.00      0.00  rcu_preempt
11:14:19 PM     0        54      1.00      0.00  ksoftirqd/6
11:14:19 PM     0        60      1.00      0.00  ksoftirqd/7
11:14:19 PM     0        78      2.00      0.00  ksoftirqd/10
11:14:19 PM     0        95      2.00      0.00  kcompactd0
11:14:19 PM     0       188      1.00      0.00  kworker/2:1H-kblockd
11:14:19 PM     0       453      1.00      0.00  multipathd
11:14:19 PM     0    227297      4.00      0.00  kworker/10:2-events
11:14:19 PM     0    230337      2.00      0.00  kworker/6:1-events
11:14:19 PM     0    230364      1.00      0.00  kworker/u24:4-edac-poller
11:14:19 PM     0    230457      2.00      0.00  kworker/1:2-events
11:14:19 PM     0    230483      2.00      0.00  kworker/5:0-events
11:14:19 PM     0    230559      1.00      0.00  kworker/11:1-events
11:14:19 PM     0    238283     11.00      0.00  kworker/2:1-events
11:14:19 PM     0    239073      1.00      0.00  kworker/4:2-events
11:14:19 PM     0    240331      2.00      0.00  kworker/9:2-events
11:14:19 PM     0    242833      3.00      0.00  kworker/7:1-events
11:14:19 PM     0    265849      1.00      0.00  iostat
11:14:19 PM     0    265850      1.00      0.00  pidstat
11:14:19 PM     0    265851      5.00      0.00  bash
11:14:19 PM     0    265852      8.00      0.00  bash
11:14:19 PM     0    265853      4.00      0.00  bash
11:14:19 PM     0    266109      1.00      0.00  sleep
11:14:19 PM     0    266120      1.00      0.00  sleep
11:14:19 PM     0    266121      1.00      0.00  sleep

11:14:19 PM   UID       PID   cswch/s nvcswch/s  Command
11:14:20 PM     0        17     18.00      0.00  rcu_preempt
11:14:20 PM     0        24      1.00      0.00  ksoftirqd/1
11:14:20 PM     0        29      1.00      0.00  migration/2
11:14:20 PM     0        42      1.00      0.00  ksoftirqd/4
11:14:20 PM     0        78      1.00      0.00  ksoftirqd/10
11:14:20 PM     0        95      2.00      0.00  kcompactd0
11:14:20 PM     0       453      1.00      0.00  multipathd
11:14:20 PM     0    227297      6.00      0.00  kworker/10:2-events
11:14:20 PM     0    230337      1.00      0.00  kworker/6:1-mm_percpu_wq
11:14:20 PM     0    230364      1.00      0.00  kworker/u24:4-events_unbound
11:14:20 PM     0    230433      1.00      0.00  kworker/0:1-mm_percpu_wq
11:14:20 PM     0    230456      1.00      0.00  kworker/8:2-mm_percpu_wq
11:14:20 PM     0    230457      3.00      0.00  kworker/1:2-events
11:14:20 PM     0    230483      1.00      0.00  kworker/5:0-events
11:14:20 PM     0    230559      1.00      0.00  kworker/11:1-mm_percpu_wq
11:14:20 PM     0    238283     13.00      0.00  kworker/2:1-events
11:14:20 PM     0    239073      2.00      0.00  kworker/4:2-mm_percpu_wq
11:14:20 PM     0    241714      1.00      0.00  kworker/3:1-mm_percpu_wq
11:14:20 PM     0    250641      1.00      0.00  kworker/u24:3-events_power_efficient
11:14:20 PM     0    265849      1.00      0.00  iostat
11:14:20 PM     0    265850      1.00      1.00  pidstat
11:14:20 PM     0    265851      5.00      0.00  bash
11:14:20 PM     0    265852      6.00      0.00  bash
11:14:20 PM     0    265853      4.00      0.00  bash
11:14:20 PM     0    266124      1.00      0.00  sleep
11:14:20 PM     0    266135      1.00      0.00  sleep
11:14:20 PM     0    266136      1.00      0.00  sleep

11:14:20 PM   UID       PID   cswch/s nvcswch/s  Command
11:14:21 PM     0        17     21.00      0.00  rcu_preempt
11:14:21 PM     0        42      2.00      0.00  ksoftirqd/4
11:14:21 PM     0        59      1.00      0.00  migration/7
11:14:21 PM     0        65      1.00      0.00  migration/8
11:14:21 PM     0        72      1.00      0.00  ksoftirqd/9
11:14:21 PM     0        77      1.00      0.00  migration/10
11:14:21 PM     0        84      1.00      0.00  ksoftirqd/11
11:14:21 PM     0        95      2.00      0.00  kcompactd0
11:14:21 PM     0       453      1.00      0.00  multipathd
11:14:21 PM     0    227297      2.00      0.00  kworker/10:2-mm_percpu_wq
11:14:21 PM     0    230364      1.00      0.00  kworker/u24:4-edac-poller
11:14:21 PM     0    230457      2.00      0.00  kworker/1:2-events
11:14:21 PM     0    230483      2.00      0.00  kworker/5:0-events
11:14:21 PM     0    230559      1.00      0.00  kworker/11:1-events
11:14:21 PM     0    238283      6.00      0.00  kworker/2:1-events
11:14:21 PM     0    239073      3.00      0.00  kworker/4:2-events
11:14:21 PM     0    240331      2.00      0.00  kworker/9:2-events
11:14:21 PM     0    241714      1.00      0.00  kworker/3:1-events
11:14:21 PM     0    242833      1.00      0.00  kworker/7:1-mm_percpu_wq
11:14:21 PM     0    265849      1.00      0.00  iostat
11:14:21 PM     0    265850      1.00      0.00  pidstat
11:14:21 PM     0    265851      5.00      0.00  bash
11:14:21 PM     0    265852      7.00      0.00  bash
11:14:21 PM     0    265853      4.00      0.00  bash
11:14:21 PM     0    266139      1.00      0.00  sleep
11:14:21 PM     0    266150      1.00      0.00  sleep
11:14:21 PM     0    266151      1.00      0.00  sleep

11:14:21 PM   UID       PID   cswch/s nvcswch/s  Command
11:14:22 PM     0        16      1.00      0.00  ksoftirqd/0
11:14:22 PM     0        17     20.00      0.00  rcu_preempt
11:14:22 PM     0        18      1.00      0.00  migration/0
11:14:22 PM     0        23      1.00      0.00  migration/1
11:14:22 PM     0        24      1.00      0.00  ksoftirqd/1
11:14:22 PM     0        29      2.00      0.00  migration/2
11:14:22 PM     0        35      1.00      0.00  migration/3
11:14:22 PM     0        41      1.00      0.00  migration/4
11:14:22 PM     0        47      1.00      0.00  migration/5
11:14:22 PM     0        53      1.00      0.00  migration/6
11:14:22 PM     0        59      1.00      0.00  migration/7
11:14:22 PM     0        65      1.00      0.00  migration/8
11:14:22 PM     0        71      1.00      0.00  migration/9
11:14:22 PM     0        72      1.00      0.00  ksoftirqd/9
11:14:22 PM     0        77      1.00      0.00  migration/10
11:14:22 PM     0        78      2.00      0.00  ksoftirqd/10
11:14:22 PM     0        83      1.00      0.00  migration/11
11:14:22 PM     0        84      2.00      0.00  ksoftirqd/11
11:14:22 PM     0        95      2.00      0.00  kcompactd0
11:14:22 PM     0       453      1.00      0.00  multipathd
11:14:22 PM   101       608      1.00      0.00  systemd-network
11:14:22 PM     0    227297      4.00      0.00  kworker/10:2-mm_percpu_wq
11:14:22 PM     0    230337      1.00      0.00  kworker/6:1-mm_percpu_wq
11:14:22 PM     0    230364      1.00      0.00  kworker/u24:4-events_unbound
11:14:22 PM     0    230433      2.00      0.00  kworker/0:1-events
11:14:22 PM     0    230456      1.00      0.00  kworker/8:2-events
11:14:22 PM     0    230457      1.00      0.00  kworker/1:2-events
11:14:22 PM     0    230483      1.00      0.00  kworker/5:0-mm_percpu_wq
11:14:22 PM     0    230559      2.00      0.00  kworker/11:1-mm_percpu_wq
11:14:22 PM     0    238283     10.00      0.00  kworker/2:1-events
11:14:22 PM     0    239073      2.00      0.00  kworker/4:2-mm_percpu_wq
11:14:22 PM     0    240331      2.00      0.00  kworker/9:2-events
11:14:22 PM     0    241714      1.00      0.00  kworker/3:1-mm_percpu_wq
11:14:22 PM     0    250641      1.00      0.00  kworker/u24:3-events_power_efficient
11:14:22 PM     0    265849      1.00      0.00  iostat
11:14:22 PM     0    265850      1.00      1.00  pidstat
11:14:22 PM     0    265851      5.00      0.00  bash
11:14:22 PM     0    265852      7.00      0.00  bash
11:14:22 PM     0    265853      4.00      0.00  bash
11:14:22 PM     0    266154      1.00      0.00  sleep
11:14:22 PM     0    266165      1.00      0.00  sleep
11:14:22 PM     0    266166      1.00      0.00  sleep

11:14:22 PM   UID       PID   cswch/s nvcswch/s  Command
11:14:23 PM     0        16      1.00      0.00  ksoftirqd/0
11:14:23 PM     0        17     20.00      0.00  rcu_preempt
11:14:23 PM     0        29      1.00      0.00  migration/2
11:14:23 PM     0        66      1.00      0.00  ksoftirqd/8
11:14:23 PM     0        71      1.00      0.00  migration/9
11:14:23 PM     0        78      3.00      0.00  ksoftirqd/10
11:14:23 PM     0        84      1.00      0.00  ksoftirqd/11
11:14:23 PM     0        95      2.00      0.00  kcompactd0
11:14:23 PM     0       176      1.00      0.00  kworker/11:1H-kblockd
11:14:23 PM     0       359      3.00      0.00  jbd2/nvme1n1p2-8
11:14:23 PM     0       453      1.00      0.00  multipathd
11:14:23 PM     0       562      3.00      0.00  jbd2/nvme1n1p3-8
11:14:23 PM     0     21554      1.00      0.00  packagekitd
11:14:23 PM     0    227297      3.00      0.00  kworker/10:2-events
11:14:23 PM     0    230364      2.00      0.00  kworker/u24:4-flush-259:1
11:14:23 PM     0    230433      1.00      0.00  kworker/0:1-events
11:14:23 PM     0    230456      2.00      0.00  kworker/8:2-events
11:14:23 PM     0    230457      1.00      0.00  kworker/1:2-mm_percpu_wq
11:14:23 PM     0    230483      1.00      0.00  kworker/5:0-events
11:14:23 PM     0    230559      3.00      0.00  kworker/11:1-events
11:14:23 PM     0    238283     10.00      0.00  kworker/2:1-events
11:14:23 PM     0    240331      2.00      0.00  kworker/9:2-events
11:14:23 PM     0    242833      1.00      0.00  kworker/7:1-mm_percpu_wq
11:14:23 PM     0    245320      4.00      0.00  kworker/u24:2-edac-poller
11:14:23 PM     0    250641      1.00      0.00  kworker/u24:3-events_power_efficient
11:14:23 PM     0    265849      1.00      0.00  iostat
11:14:23 PM     0    265850      1.00      0.00  pidstat
11:14:23 PM     0    265851      5.00      0.00  bash
11:14:23 PM     0    265852      7.00      0.00  bash
11:14:23 PM     0    265853      4.00      0.00  bash
11:14:23 PM     0    266169      1.00      0.00  sleep
11:14:23 PM     0    266180      1.00      0.00  sleep
11:14:23 PM     0    266181      1.00      0.00  sleep

11:14:23 PM   UID       PID   cswch/s nvcswch/s  Command
11:14:24 PM     0         2      1.00      0.00  kthreadd
11:14:24 PM     0        16      1.00      0.00  ksoftirqd/0
11:14:24 PM     0        17     18.00      0.00  rcu_preempt
11:14:24 PM     0        29      1.00      0.00  migration/2
11:14:24 PM     0        54      1.00      0.00  ksoftirqd/6
11:14:24 PM     0        84      2.00      0.00  ksoftirqd/11
11:14:24 PM     0        95      2.00      0.00  kcompactd0
11:14:24 PM     0       102      1.00      0.00  irq/9-acpi
11:14:24 PM     0       172      1.00      0.00  kworker/3:1H-kblockd
11:14:24 PM     0       453      1.00      0.00  multipathd
11:14:24 PM     0    227297      5.00      0.00  kworker/10:2-events
11:14:24 PM     0    230337     11.00      0.00  kworker/6:1-pm
11:14:24 PM     0    230433      2.00      0.00  kworker/0:1-mm_percpu_wq
11:14:24 PM     0    230450      2.00      0.00  kworker/6:0-i915-unordered
11:14:24 PM     0    230456      1.00      0.00  kworker/8:2-events
11:14:24 PM     0    230457      1.00      0.00  kworker/1:2-events
11:14:24 PM     0    230559      2.00      0.00  kworker/11:1-events
11:14:24 PM     0    238283     10.00      0.00  kworker/2:1-events
11:14:24 PM     0    239073      1.00      0.00  kworker/4:2-mm_percpu_wq
11:14:24 PM     0    241714      2.00      0.00  kworker/3:1-mm_percpu_wq
11:14:24 PM     0    242833      1.00      0.00  kworker/7:1-events
11:14:24 PM     0    265849      1.00      0.00  iostat
11:14:24 PM     0    265850      1.00      0.00  pidstat
11:14:24 PM     0    265851      5.00      0.00  bash
11:14:24 PM     0    265852      8.00      0.00  bash
11:14:24 PM     0    265853      4.00      0.00  bash
11:14:24 PM     0    266184      1.00      0.00  sleep
11:14:24 PM     0    266195      1.00      0.00  sleep
11:14:24 PM     0    266196      1.00      0.00  sleep
11:14:24 PM     0    266197      2.00      0.00  kworker/6:2

11:14:24 PM   UID       PID   cswch/s nvcswch/s  Command
11:14:25 PM     0        17     18.00      0.00  rcu_preempt
11:14:25 PM     0        24      1.00      0.00  ksoftirqd/1
11:14:25 PM     0        29      2.00      0.00  migration/2
11:14:25 PM     0        36      1.00      0.00  ksoftirqd/3
11:14:25 PM     0        78      2.00      0.00  ksoftirqd/10
11:14:25 PM     0        84      2.00      0.00  ksoftirqd/11
11:14:25 PM     0        95      2.00      0.00  kcompactd0
11:14:25 PM     0       188      1.00      0.00  kworker/2:1H-kblockd
11:14:25 PM     0       453      1.00      0.00  multipathd
11:14:25 PM     0    227297      3.00      0.00  kworker/10:2-events
11:14:25 PM     0    230337      1.00      0.00  kworker/6:1-events
11:14:25 PM     0    230457      2.00      0.00  kworker/1:2-events
11:14:25 PM     0    230559      4.00      0.00  kworker/11:1-events
11:14:25 PM     0    238283     13.00      0.00  kworker/2:1-events
11:14:25 PM     0    240331      1.00      0.00  kworker/9:2-mm_percpu_wq
11:14:25 PM     0    245320      2.00      0.00  kworker/u24:2-events_unbound
11:14:25 PM     0    265849      1.00      0.00  iostat
11:14:25 PM     0    265850      1.00      0.00  pidstat
11:14:25 PM     0    265851      5.00      0.00  bash
11:14:25 PM     0    265852      7.00      0.00  bash
11:14:25 PM     0    265853      4.00      0.00  bash
11:14:25 PM     0    266200      1.00      0.00  sleep
11:14:25 PM     0    266211      1.00      1.00  sleep
11:14:25 PM     0    266212      1.00      0.00  sleep

11:14:25 PM   UID       PID   cswch/s nvcswch/s  Command
11:14:26 PM     0        16      1.00      0.00  ksoftirqd/0
11:14:26 PM     0        17     18.00      0.00  rcu_preempt
11:14:26 PM     0        18      1.00      0.00  migration/0
11:14:26 PM     0        23      1.00      0.00  migration/1
11:14:26 PM     0        24      1.00      0.00  ksoftirqd/1
11:14:26 PM     0        29      2.00      0.00  migration/2
11:14:26 PM     0        35      1.00      0.00  migration/3
11:14:26 PM     0        41      1.00      0.00  migration/4
11:14:26 PM     0        47      1.00      0.00  migration/5
11:14:26 PM     0        53      1.00      0.00  migration/6
11:14:26 PM     0        59      1.00      0.00  migration/7
11:14:26 PM     0        65      1.00      0.00  migration/8
11:14:26 PM     0        71      1.00      0.00  migration/9
11:14:26 PM     0        77      1.00      0.00  migration/10
11:14:26 PM     0        78      2.00      0.00  ksoftirqd/10
11:14:26 PM     0        83      1.00      0.00  migration/11
11:14:26 PM     0        84      2.00      0.00  ksoftirqd/11
11:14:26 PM     0        95      2.00      0.00  kcompactd0
11:14:26 PM     0       453      1.00      0.00  multipathd
11:14:26 PM     0    227297      4.00      0.00  kworker/10:2-mm_percpu_wq
11:14:26 PM     0    230337      1.00      0.00  kworker/6:1-mm_percpu_wq
11:14:26 PM     0    230433      1.00      0.00  kworker/0:1-events
11:14:26 PM     0    230456      1.00      0.00  kworker/8:2-mm_percpu_wq
11:14:26 PM     0    230457      3.00      0.00  kworker/1:2-events
11:14:26 PM     0    230559      4.00      0.00  kworker/11:1-events
11:14:26 PM     0    238283      8.00      0.00  kworker/2:1-events
11:14:26 PM     0    239073      3.00      0.00  kworker/4:2-mm_percpu_wq
11:14:26 PM     0    241714      1.00      0.00  kworker/3:1-mm_percpu_wq
11:14:26 PM     0    245320      1.00      0.00  kworker/u24:2-edac-poller
11:14:26 PM     0    265849      1.00      0.00  iostat
11:14:26 PM     0    265850      1.00      0.00  pidstat
11:14:26 PM     0    265851      5.00      0.00  bash
11:14:26 PM     0    265852      8.00      0.00  bash
11:14:26 PM     0    265853      4.00      0.00  bash
11:14:26 PM     0    266215      1.00      0.00  sleep
11:14:26 PM     0    266226      1.00      0.00  sleep
11:14:26 PM     0    266227      1.00      0.00  sleep

11:14:26 PM   UID       PID   cswch/s nvcswch/s  Command
11:14:27 PM     0        17     20.00      0.00  rcu_preempt
11:14:27 PM     0        78      2.00      0.00  ksoftirqd/10
11:14:27 PM     0        83      1.00      0.00  migration/11
11:14:27 PM     0        84      1.00      0.00  ksoftirqd/11
11:14:27 PM     0        95      2.00      0.00  kcompactd0
11:14:27 PM     0       453      1.00      0.00  multipathd
11:14:27 PM     0    227297      3.00      0.00  kworker/10:2-events
11:14:27 PM     0    230364      1.00      0.00  kworker/u24:4-flush-259:1
11:14:27 PM     0    230457      3.00      0.00  kworker/1:2-events
11:14:27 PM     0    230559      5.00      0.00  kworker/11:1-events
11:14:27 PM     0    238283      3.00      0.00  kworker/2:1-events
11:14:27 PM     0    239073      1.00      0.00  kworker/4:2-events
11:14:27 PM     0    240331      1.00      0.00  kworker/9:2-mm_percpu_wq
11:14:27 PM     0    242833      1.00      0.00  kworker/7:1-mm_percpu_wq
11:14:27 PM     0    245320      1.00      0.00  kworker/u24:2-events_unbound
11:14:27 PM     0    265849      1.00      0.00  iostat
11:14:27 PM     0    265850      1.00      0.00  pidstat
11:14:27 PM     0    265851      5.00      0.00  bash
11:14:27 PM     0    265852      7.00      0.00  bash
11:14:27 PM     0    265853      4.00      0.00  bash
11:14:27 PM     0    266230      1.00      0.00  sleep
11:14:27 PM     0    266241      1.00      0.00  sleep
11:14:27 PM     0    266242      1.00      0.00  sleep

11:14:27 PM   UID       PID   cswch/s nvcswch/s  Command
11:14:28 PM     0        16      1.00      0.00  ksoftirqd/0
11:14:28 PM     0        17     26.00      0.00  rcu_preempt
11:14:28 PM     0        36      1.00      0.00  ksoftirqd/3
11:14:28 PM     0        78      2.00      0.00  ksoftirqd/10
11:14:28 PM     0        95      2.00      0.00  kcompactd0
11:14:28 PM     0       191      4.00      0.00  kworker/1:1H-kblockd
11:14:28 PM     0       359      3.00      0.00  jbd2/nvme1n1p2-8
11:14:28 PM     0       453      1.00      0.00  multipathd
11:14:28 PM     0       562      3.00      0.00  jbd2/nvme1n1p3-8
11:14:28 PM     0    227297      4.00      0.00  kworker/10:2-events
11:14:28 PM     0    230337      2.00      0.00  kworker/6:1-events
11:14:28 PM     0    230364      1.00      0.00  kworker/u24:4-events_power_efficient
11:14:28 PM     0    230433      2.00      0.00  kworker/0:1-mm_percpu_wq
11:14:28 PM     0    230456      1.00      0.00  kworker/8:2-mm_percpu_wq
11:14:28 PM     0    230457      2.00      0.00  kworker/1:2-mm_percpu_wq
11:14:28 PM     0    230559      4.00      0.00  kworker/11:1-events
11:14:28 PM     0    238283      3.00      0.00  kworker/2:1-mm_percpu_wq
11:14:28 PM     0    239073      1.00      0.00  kworker/4:2-mm_percpu_wq
11:14:28 PM     0    241714      1.00      0.00  kworker/3:1-mm_percpu_wq
11:14:28 PM     0    242833      2.00      0.00  kworker/7:1-events
11:14:28 PM     0    245320      6.00      1.00  kworker/u24:2-writeback
11:14:28 PM     0    250641      3.00      0.00  kworker/u24:3-events_power_efficient
11:14:28 PM     0    265849      1.00      0.00  iostat
11:14:28 PM     0    265850      1.00      0.00  pidstat
11:14:28 PM     0    265851      5.00      0.00  bash
11:14:28 PM     0    265852      7.00      0.00  bash
11:14:28 PM     0    265853      4.00      0.00  bash
11:14:28 PM     0    266245      1.00      0.00  sleep
11:14:28 PM     0    266256      1.00      0.00  sleep
11:14:28 PM     0    266257      1.00      0.00  sleep

11:14:28 PM   UID       PID   cswch/s nvcswch/s  Command
11:14:29 PM     0        17     24.00      0.00  rcu_preempt
11:14:29 PM     0        36      1.00      0.00  ksoftirqd/3
11:14:29 PM     0        47      1.00      0.00  migration/5
11:14:29 PM     0        78      1.00      0.00  ksoftirqd/10
11:14:29 PM     0        83      1.00      0.00  migration/11
11:14:29 PM     0        84      1.00      0.00  ksoftirqd/11
11:14:29 PM     0        95      2.00      0.00  kcompactd0
11:14:29 PM     0       453      1.00      0.00  multipathd
11:14:29 PM     0    227297      3.00      0.00  kworker/10:2-events
11:14:29 PM     0    230337      1.00      0.00  kworker/6:1-events
11:14:29 PM     0    230457      3.00      0.00  kworker/1:2-events
11:14:29 PM     0    230483      1.00      0.00  kworker/5:0-mm_percpu_wq
11:14:29 PM     0    230559      4.00      0.00  kworker/11:1-events
11:14:29 PM     0    238283      4.00      0.00  kworker/2:1-events
11:14:29 PM     0    239073      2.00      0.00  kworker/4:2-events
11:14:29 PM     0    240331      1.00      0.00  kworker/9:2-mm_percpu_wq
11:14:29 PM     0    242833      1.00      0.00  kworker/7:1-mm_percpu_wq
11:14:29 PM     0    245320      1.00      0.00  kworker/u24:2-writeback
11:14:29 PM     0    250641      1.00      0.00  kworker/u24:3-events_unbound
11:14:29 PM     0    265849      1.00      0.00  iostat
11:14:29 PM     0    265850      1.00      0.00  pidstat
11:14:29 PM     0    265851      5.00      0.00  bash
11:14:29 PM     0    265852      7.00      0.00  bash
11:14:29 PM     0    265853      4.00      0.00  bash
11:14:29 PM     0    266260      1.00      0.00  sleep
11:14:29 PM     0    266271      1.00      0.00  sleep
11:14:29 PM     0    266272      1.00      0.00  sleep

11:14:29 PM   UID       PID   cswch/s nvcswch/s  Command
11:14:30 PM     0        17     22.00      0.00  rcu_preempt
11:14:30 PM     0        18      1.00      0.00  migration/0
11:14:30 PM     0        23      1.00      0.00  migration/1
11:14:30 PM     0        29      1.00      0.00  migration/2
11:14:30 PM     0        35      1.00      0.00  migration/3
11:14:30 PM     0        36      1.00      0.00  ksoftirqd/3
11:14:30 PM     0        41      1.00      0.00  migration/4
11:14:30 PM     0        42      1.00      0.00  ksoftirqd/4
11:14:30 PM     0        47      1.00      0.00  migration/5
11:14:30 PM     0        53      1.00      0.00  migration/6
11:14:30 PM     0        54      1.00      0.00  ksoftirqd/6
11:14:30 PM     0        59      1.00      0.00  migration/7
11:14:30 PM     0        60      1.00      0.00  ksoftirqd/7
11:14:30 PM     0        65      1.00      0.00  migration/8
11:14:30 PM     0        71      1.00      0.00  migration/9
11:14:30 PM     0        77      1.00      0.00  migration/10
11:14:30 PM     0        78      1.00      0.00  ksoftirqd/10
11:14:30 PM     0        83      1.00      0.00  migration/11
11:14:30 PM     0        95      2.00      0.00  kcompactd0
11:14:30 PM     0       453      1.00      0.00  multipathd
11:14:30 PM   101       608      2.00      0.00  systemd-network
11:14:30 PM     0    227297      3.00      0.00  kworker/10:2-mm_percpu_wq
11:14:30 PM     0    230337      2.00      0.00  kworker/6:1-events
11:14:30 PM     0    230433      1.00      0.00  kworker/0:1-events
11:14:30 PM     0    230457      2.00      0.00  kworker/1:2-mm_percpu_wq
11:14:30 PM     0    230559      4.00      0.00  kworker/11:1-events
11:14:30 PM     0    238283      3.00      0.00  kworker/2:1-mm_percpu_wq
11:14:30 PM     0    239073      4.00      0.00  kworker/4:2-mm_percpu_wq
11:14:30 PM     0    241714      2.00      0.00  kworker/3:1-mm_percpu_wq
11:14:30 PM     0    242833      1.00      0.00  kworker/7:1-events
11:14:30 PM     0    245320      2.00      0.00  kworker/u24:2-edac-poller
11:14:30 PM     0    250641      1.00      0.00  kworker/u24:3-events_power_efficient
11:14:30 PM     0    265849      1.00      0.00  iostat
11:14:30 PM     0    265850      1.00      0.00  pidstat
11:14:30 PM     0    265851      5.00      0.00  bash
11:14:30 PM     0    265852      8.00      0.00  bash
11:14:30 PM     0    265853      4.00      0.00  bash
11:14:30 PM     0    266275      1.00      0.00  sleep
11:14:30 PM     0    266286      1.00      0.00  sleep
11:14:30 PM     0    266287      1.00      0.00  sleep

11:14:30 PM   UID       PID   cswch/s nvcswch/s  Command
11:14:31 PM     0        17     18.00      0.00  rcu_preempt
11:14:31 PM     0        42      1.00      1.00  ksoftirqd/4
11:14:31 PM     0        47      1.00      0.00  migration/5
11:14:31 PM     0        83      1.00      0.00  migration/11
11:14:31 PM     0        84      1.00      0.00  ksoftirqd/11
11:14:31 PM     0        95      2.00      0.00  kcompactd0
11:14:31 PM     0       188      1.00      0.00  kworker/2:1H-kblockd
11:14:31 PM     0       453      1.00      0.00  multipathd
11:14:31 PM     0    230337      2.00      0.00  kworker/6:1-mm_percpu_wq
11:14:31 PM     0    230457      1.00      0.00  kworker/1:2-events
11:14:31 PM     0    230483      1.00      0.00  kworker/5:0-mm_percpu_wq
11:14:31 PM     0    230559      3.00      0.00  kworker/11:1-events
11:14:31 PM     0    238283      3.00      0.00  kworker/2:1-events
11:14:31 PM     0    239073      4.00      0.00  kworker/4:2-events
11:14:31 PM     0    240331      1.00      0.00  kworker/9:2-mm_percpu_wq
11:14:31 PM     0    242833      2.00      0.00  kworker/7:1-events
11:14:31 PM     0    245320      2.00      0.00  kworker/u24:2-events_unbound
11:14:31 PM     0    265849      1.00      0.00  iostat
11:14:31 PM     0    265850      1.00      0.00  pidstat
11:14:31 PM     0    265851      5.00      0.00  bash
11:14:31 PM     0    265852      7.00      0.00  bash
11:14:31 PM     0    265853      4.00      0.00  bash
11:14:31 PM     0    266290      1.00      0.00  sleep
11:14:31 PM     0    266301      1.00      0.00  sleep
11:14:31 PM     0    266302      1.00      0.00  sleep

11:14:31 PM   UID       PID   cswch/s nvcswch/s  Command
11:14:32 PM     0        16      1.00      0.00  ksoftirqd/0
11:14:32 PM     0        17     20.00      0.00  rcu_preempt
11:14:32 PM     0        42      2.00      1.00  ksoftirqd/4
11:14:32 PM     0        48      1.00      0.00  ksoftirqd/5
11:14:32 PM     0        95      2.00      0.00  kcompactd0
11:14:32 PM     0       188      1.00      0.00  kworker/2:1H-kblockd
11:14:32 PM     0       453      1.00      0.00  multipathd
11:14:32 PM     0    230433      1.00      0.00  kworker/0:1-mm_percpu_wq
11:14:32 PM     0    230457      2.00      0.00  kworker/1:2-events
11:14:32 PM     0    230483      4.00      0.00  kworker/5:0-events
11:14:32 PM     0    238283      4.00      0.00  kworker/2:1-events
11:14:32 PM     0    239073      4.00      0.00  kworker/4:2-mm_percpu_wq
11:14:32 PM     0    241714      1.00      0.00  kworker/3:1-mm_percpu_wq
11:14:32 PM     0    245320      1.00      0.00  kworker/u24:2-edac-poller
11:14:32 PM     0    265849      1.00      0.00  iostat
11:14:32 PM     0    265850      1.00      1.00  pidstat
11:14:32 PM     0    265851      5.00      0.00  bash
11:14:32 PM     0    265852      7.00      0.00  bash
11:14:32 PM     0    265853      4.00      0.00  bash
11:14:32 PM     0    266305      1.00      0.00  sleep
11:14:32 PM     0    266316      1.00      0.00  sleep
11:14:32 PM     0    266317      1.00      0.00  sleep

11:14:32 PM   UID       PID   cswch/s nvcswch/s  Command
11:14:33 PM     0        17     19.00      0.00  rcu_preempt
11:14:33 PM     0        42      2.00      0.00  ksoftirqd/4
11:14:33 PM     0        47      1.00      0.00  migration/5
11:14:33 PM     0        48      2.00      0.00  ksoftirqd/5
11:14:33 PM     0        60      1.00      0.00  ksoftirqd/7
11:14:33 PM     0        72      1.00      0.00  ksoftirqd/9
11:14:33 PM     0        95      2.00      0.00  kcompactd0
11:14:33 PM     0       191      1.00      0.00  kworker/1:1H-kblockd
11:14:33 PM     0       359      3.00      0.00  jbd2/nvme1n1p2-8
11:14:33 PM     0       453      1.00      0.00  multipathd
11:14:33 PM     0       562      3.00      0.00  jbd2/nvme1n1p3-8
11:14:33 PM     0     21554      1.00      0.00  packagekitd
11:14:33 PM     0    227297      1.00      0.00  kworker/10:2-events
11:14:33 PM     0    230364      3.00      0.00  kworker/u24:4-writeback
11:14:33 PM     0    230433      2.00      0.00  kworker/0:1-events
11:14:33 PM     0    230457      3.00      0.00  kworker/1:2-events
11:14:33 PM     0    230483      3.00      0.00  kworker/5:0-events
11:14:33 PM     0    230559      1.00      0.00  kworker/11:1-mm_percpu_wq
11:14:33 PM     0    238283      4.00      0.00  kworker/2:1-events
11:14:33 PM     0    239073      3.00      0.00  kworker/4:2-events
11:14:33 PM     0    240331      1.00      0.00  kworker/9:2-mm_percpu_wq
11:14:33 PM     0    242833      2.00      0.00  kworker/7:1-events
11:14:33 PM     0    245320      4.00      0.00  kworker/u24:2-ext4-rsv-conversion
11:14:33 PM     0    250641      1.00      0.00  kworker/u24:3-flush-259:1
11:14:33 PM     0    265849      1.00      0.00  iostat
11:14:33 PM     0    265850      1.00      0.00  pidstat
11:14:33 PM     0    265851      5.00      0.00  bash
11:14:33 PM     0    265852      7.00      0.00  bash
11:14:33 PM     0    265853      4.00      0.00  bash
11:14:33 PM     0    266320      1.00      0.00  sleep
11:14:33 PM     0    266331      1.00      0.00  sleep
11:14:33 PM     0    266332      1.00      0.00  sleep

11:14:33 PM   UID       PID   cswch/s nvcswch/s  Command
11:14:34 PM     0        16      2.00      0.00  ksoftirqd/0
11:14:34 PM     0        17     19.00      0.00  rcu_preempt
11:14:34 PM     0        18      1.00      0.00  migration/0
11:14:34 PM     0        23      1.00      0.00  migration/1
11:14:34 PM     0        29      1.00      0.00  migration/2
11:14:34 PM     0        35      1.00      0.00  migration/3
11:14:34 PM     0        41      1.00      0.00  migration/4
11:14:34 PM     0        42      1.00      0.00  ksoftirqd/4
11:14:34 PM     0        47      1.00      0.00  migration/5
11:14:34 PM     0        53      1.00      0.00  migration/6
11:14:34 PM     0        54      3.00      0.00  ksoftirqd/6
11:14:34 PM     0        59      1.00      0.00  migration/7
11:14:34 PM     0        65      1.00      0.00  migration/8
11:14:34 PM     0        71      1.00      0.00  migration/9
11:14:34 PM     0        77      1.00      0.00  migration/10
11:14:34 PM     0        83      1.00      0.00  migration/11
11:14:34 PM     0        95      2.00      0.00  kcompactd0
11:14:34 PM     0       102      1.00      0.00  irq/9-acpi
11:14:34 PM     0       453      1.00      0.00  multipathd
11:14:34 PM     0    227297      1.00      0.00  kworker/10:2-mm_percpu_wq
11:14:34 PM     0    230337   1140.00      1.00  kworker/6:1-events
11:14:34 PM     0    230364      1.00      0.00  kworker/u24:4-edac-poller
11:14:34 PM     0    230433      5.00      0.00  kworker/0:1-kacpi_notify
11:14:34 PM     0    230457      4.00      0.00  kworker/1:2-mm_percpu_wq
11:14:34 PM     0    230483      2.00      0.00  kworker/5:0-mm_percpu_wq
11:14:34 PM     0    230559      2.00      0.00  kworker/11:1-mm_percpu_wq
11:14:34 PM     0    238283      3.00      0.00  kworker/2:1-mm_percpu_wq
11:14:34 PM     0    239073      3.00      0.00  kworker/4:2-mm_percpu_wq
11:14:34 PM     0    240331      1.00      0.00  kworker/9:2-mm_percpu_wq
11:14:34 PM     0    241714      2.00      0.00  kworker/3:1-mm_percpu_wq
11:14:34 PM     0    242833      1.00      0.00  kworker/7:1-mm_percpu_wq
11:14:34 PM     0    265849      1.00      0.00  iostat
11:14:34 PM     0    265850      1.00      0.00  pidstat
11:14:34 PM     0    265851      5.00      0.00  bash
11:14:34 PM     0    265852      8.00      0.00  bash
11:14:34 PM     0    265853      4.00      0.00  bash
11:14:34 PM     0    266197    505.00      0.00  kworker/6:2+i915-unordered
11:14:34 PM     0    266335      1.00      0.00  sleep
11:14:34 PM     0    266346      1.00      0.00  sleep
11:14:34 PM     0    266347      1.00      0.00  sleep

11:14:34 PM   UID       PID   cswch/s nvcswch/s  Command
11:14:35 PM     0        17     15.00      0.00  rcu_preempt
11:14:35 PM     0        36      1.00      0.00  ksoftirqd/3
11:14:35 PM     0        42      1.00      0.00  ksoftirqd/4
11:14:35 PM     0        78      1.00      0.00  ksoftirqd/10
11:14:35 PM     0        84      1.00      0.00  ksoftirqd/11
11:14:35 PM     0        95      2.00      0.00  kcompactd0
11:14:35 PM     0       453      1.00      0.00  multipathd
11:14:35 PM     0    227297      2.00      0.00  kworker/10:2-events
11:14:35 PM     0    230364      2.00      0.00  kworker/u24:4-events_unbound
11:14:35 PM     0    230433      3.00      0.00  kworker/0:1-events
11:14:35 PM     0    230457      3.00      0.00  kworker/1:2-mm_percpu_wq
11:14:35 PM     0    230483      1.00      0.00  kworker/5:0-mm_percpu_wq
11:14:35 PM     0    238283      5.00      0.00  kworker/2:1-events
11:14:35 PM     0    239073      2.00      0.00  kworker/4:2-events
11:14:35 PM     0    241714      1.00      0.00  kworker/3:1-mm_percpu_wq
11:14:35 PM     0    242833      2.00      0.00  kworker/7:1-mm_percpu_wq
11:14:35 PM     0    265849      1.00      0.00  iostat
11:14:35 PM     0    265850      1.00      1.00  pidstat
11:14:35 PM     0    265851      5.00      0.00  bash
11:14:35 PM     0    265852      8.00      0.00  bash
11:14:35 PM     0    265853      4.00      0.00  bash
11:14:35 PM     0    266197    630.00      0.00  kworker/6:2-mm_percpu_wq
11:14:35 PM     0    266350      1.00      0.00  sleep
11:14:35 PM     0    266361      1.00      0.00  sleep
11:14:35 PM     0    266362      1.00      0.00  sleep

11:14:35 PM   UID       PID   cswch/s nvcswch/s  Command
11:14:36 PM     0        16      3.00      0.00  ksoftirqd/0
11:14:36 PM     0        17     17.00      0.00  rcu_preempt
11:14:36 PM     0        36      1.00      0.00  ksoftirqd/3
11:14:36 PM     0        42      1.00      0.00  ksoftirqd/4
11:14:36 PM     0        48      1.00      0.00  ksoftirqd/5
11:14:36 PM     0        54      1.00      0.00  ksoftirqd/6
11:14:36 PM     0        78      1.00      0.00  ksoftirqd/10
11:14:36 PM     0        95      2.00      0.00  kcompactd0
11:14:36 PM     0       453      1.00      0.00  multipathd
11:14:36 PM     0    227297      3.00      0.00  kworker/10:2-events
11:14:36 PM     0    230364      2.00      0.00  kworker/u24:4-edac-poller
11:14:36 PM     0    230457      1.00      0.00  kworker/1:2-events
11:14:36 PM     0    230483      2.00      0.00  kworker/5:0-events
11:14:36 PM     0    230559      3.00      0.00  kworker/11:1-events
11:14:36 PM     0    238283      2.00      0.00  kworker/2:1-events
11:14:36 PM     0    239073      3.00      0.00  kworker/4:2-events
11:14:36 PM     0    240331      1.00      0.00  kworker/9:2-mm_percpu_wq
11:14:36 PM     0    241714      1.00      0.00  kworker/3:1-events
11:14:36 PM     0    265849      1.00      0.00  iostat
11:14:36 PM     0    265850      1.00      0.00  pidstat
11:14:36 PM     0    265851      5.00      0.00  bash
11:14:36 PM     0    265852      8.00      0.00  bash
11:14:36 PM     0    265853      4.00      0.00  bash
11:14:36 PM     0    266197      1.00      0.00  kworker/6:2-mm_percpu_wq
11:14:36 PM     0    266365      1.00      0.00  sleep
11:14:36 PM     0    266376      1.00      0.00  sleep
11:14:36 PM     0    266377      1.00      0.00  sleep

11:14:36 PM   UID       PID   cswch/s nvcswch/s  Command
11:14:37 PM     0         1      3.00      0.00  systemd
11:14:37 PM     0        17     39.00      0.00  rcu_preempt
11:14:37 PM     0        24      1.00      0.00  ksoftirqd/1
11:14:37 PM     0        42      2.00      0.00  ksoftirqd/4
11:14:37 PM     0        48      2.00      0.00  ksoftirqd/5
11:14:37 PM     0        54      3.00      0.00  ksoftirqd/6
11:14:37 PM     0        95      2.00      0.00  kcompactd0
11:14:37 PM     0       415      6.00      0.00  systemd-journal
11:14:37 PM     0       453      1.00      0.00  multipathd
11:14:37 PM   102       621      1.00      0.00  systemd-resolve
11:14:37 PM     0       643      1.00      0.00  systemd-logind
11:14:37 PM     0       773      3.00      0.00  sshd
11:14:37 PM     0    227297      4.00      0.00  kworker/10:2-events
11:14:37 PM     0    230364      1.00      0.00  kworker/u24:4-edac-poller
11:14:37 PM     0    230433      2.00      0.00  kworker/0:1-events
11:14:37 PM     0    230457      1.00      0.00  kworker/1:2-mm_percpu_wq
11:14:37 PM     0    230483      4.00      0.00  kworker/5:0-events
11:14:37 PM     0    230559      1.00      0.00  kworker/11:1-mm_percpu_wq
11:14:37 PM     0    238283      6.00      0.00  kworker/2:1-events
11:14:37 PM     0    239073      4.00      0.00  kworker/4:2-events
11:14:37 PM     0    240331      1.00      0.00  kworker/9:2-mm_percpu_wq
11:14:37 PM     0    241714      1.00      0.00  kworker/3:1-mm_percpu_wq
11:14:37 PM     0    242833      2.00      0.00  kworker/7:1-events
11:14:37 PM     0    265849      1.00      0.00  iostat
11:14:37 PM     0    265850      1.00      0.00  pidstat
11:14:37 PM     0    265851      5.00      0.00  bash
11:14:37 PM     0    265852      8.00      0.00  bash
11:14:37 PM     0    265853      4.00      0.00  bash
11:14:37 PM     0    266197      1.00      0.00  kworker/6:2-mm_percpu_wq
11:14:37 PM     0    266380      1.00      0.00  sleep
11:14:37 PM     0    266391      1.00      0.00  sleep
11:14:37 PM     0    266392      1.00      0.00  sleep

11:14:37 PM   UID       PID   cswch/s nvcswch/s  Command
11:14:38 PM     0        17     20.00      0.00  rcu_preempt
11:14:38 PM     0        18      1.00      0.00  migration/0
11:14:38 PM     0        23      1.00      0.00  migration/1
11:14:38 PM     0        29      1.00      0.00  migration/2
11:14:38 PM     0        35      1.00      0.00  migration/3
11:14:38 PM     0        41      1.00      0.00  migration/4
11:14:38 PM     0        47      1.00      0.00  migration/5
11:14:38 PM     0        48      1.00      0.00  ksoftirqd/5
11:14:38 PM     0        53      1.00      0.00  migration/6
11:14:38 PM     0        54      1.00      0.00  ksoftirqd/6
11:14:38 PM     0        59      1.00      0.00  migration/7
11:14:38 PM     0        65      1.00      0.00  migration/8
11:14:38 PM     0        71      1.00      0.00  migration/9
11:14:38 PM     0        77      1.00      0.00  migration/10
11:14:38 PM     0        78      1.00      0.00  ksoftirqd/10
11:14:38 PM     0        83      2.00      0.00  migration/11
11:14:38 PM     0        95      2.00      0.00  kcompactd0
11:14:38 PM     0       176      1.00      0.00  kworker/11:1H-kblockd
11:14:38 PM     0       359      3.00      0.00  jbd2/nvme1n1p2-8
11:14:38 PM     0       415      1.00      0.00  systemd-journal
11:14:38 PM     0       453      1.00      0.00  multipathd
11:14:38 PM     0       562      3.00      0.00  jbd2/nvme1n1p3-8
11:14:38 PM     0    227297      1.00      0.00  kworker/10:2-events
11:14:38 PM     0    230364      3.00      0.00  kworker/u24:4-flush-259:1
11:14:38 PM     0    230433      1.00      0.00  kworker/0:1-events
11:14:38 PM     0    230457      2.00      0.00  kworker/1:2-mm_percpu_wq
11:14:38 PM     0    230483      4.00      0.00  kworker/5:0-events
11:14:38 PM     0    230559      2.00      0.00  kworker/11:1-mm_percpu_wq
11:14:38 PM     0    238283      3.00      0.00  kworker/2:1-mm_percpu_wq
11:14:38 PM     0    239073      2.00      0.00  kworker/4:2-events
11:14:38 PM     0    240331      1.00      0.00  kworker/9:2-mm_percpu_wq
11:14:38 PM     0    241714      1.00      0.00  kworker/3:1-mm_percpu_wq
11:14:38 PM     0    245320      2.00      0.00  kworker/u24:2-events_power_efficient
11:14:38 PM     0    250641      3.00      0.00  kworker/u24:3-writeback
11:14:38 PM     0    265849      1.00      0.00  iostat
11:14:38 PM     0    265850      1.00      0.00  pidstat
11:14:38 PM     0    265851      5.00      0.00  bash
11:14:38 PM     0    265852      6.00      0.00  bash
11:14:38 PM     0    265853      4.00      0.00  bash
11:14:38 PM     0    266197      1.00      0.00  kworker/6:2-mm_percpu_wq
11:14:38 PM     0    266397      1.00      0.00  sleep
11:14:38 PM     0    266407      1.00      0.00  sleep
11:14:38 PM     0    266409      1.00      0.00  sleep

11:14:38 PM   UID       PID   cswch/s nvcswch/s  Command
11:14:39 PM     0        16      4.00      0.00  ksoftirqd/0
11:14:39 PM     0        17     19.00      0.00  rcu_preempt
11:14:39 PM     0        42      1.00      0.00  ksoftirqd/4
11:14:39 PM     0        48      1.00      0.00  ksoftirqd/5
11:14:39 PM     0        54      2.00      0.00  ksoftirqd/6
11:14:39 PM     0        59      1.00      0.00  migration/7
11:14:39 PM     0        77      2.00      0.00  migration/10
11:14:39 PM     0        95      2.00      0.00  kcompactd0
11:14:39 PM     0       189      1.00      0.00  kworker/4:1H-kblockd
11:14:39 PM     0       453      1.00      0.00  multipathd
11:14:39 PM     0    227297      1.00      0.00  kworker/10:2-mm_percpu_wq
11:14:39 PM     0    230364      2.00      0.00  kworker/u24:4-edac-poller
11:14:39 PM     0    230433      1.00      0.00  kworker/0:1-mm_percpu_wq
11:14:39 PM     0    230456      1.00      0.00  kworker/8:2-events
11:14:39 PM     0    230457      1.00      0.00  kworker/1:2-mm_percpu_wq
11:14:39 PM     0    230483      2.00      0.00  kworker/5:0-events
11:14:39 PM     0    230559      3.00      0.00  kworker/11:1-events
11:14:39 PM     0    238283      4.00      0.00  kworker/2:1-events
11:14:39 PM     0    239073      3.00      0.00  kworker/4:2-events
11:14:39 PM     0    240331      2.00      0.00  kworker/9:2-events
11:14:39 PM     0    241714      1.00      0.00  kworker/3:1-mm_percpu_wq
11:14:39 PM     0    242833      3.00      0.00  kworker/7:1-events
11:14:39 PM     0    250641      1.00      0.00  kworker/u24:3-ipv6_addrconf
11:14:39 PM     0    265849      1.00      0.00  iostat
11:14:39 PM     0    265850      1.00      0.00  pidstat
11:14:39 PM     0    265851      5.00      0.00  bash
11:14:39 PM     0    265852      6.00      0.00  bash
11:14:39 PM     0    265853      4.00      0.00  bash
11:14:39 PM     0    266197      3.00      0.00  kworker/6:2-events
11:14:39 PM     0    266412      1.00      0.00  sleep
11:14:39 PM     0    266423      1.00      0.00  sleep
11:14:39 PM     0    266424      1.00      0.00  sleep

11:14:39 PM   UID       PID   cswch/s nvcswch/s  Command
11:14:40 PM     0        17     21.00      0.00  rcu_preempt
11:14:40 PM     0        18      1.00      0.00  migration/0
11:14:40 PM     0        54      1.00      0.00  ksoftirqd/6
11:14:40 PM     0        78      1.00      0.00  ksoftirqd/10
11:14:40 PM     0        84      1.00      0.00  ksoftirqd/11
11:14:40 PM     0        95      2.00      0.00  kcompactd0
11:14:40 PM     0       453      1.00      0.00  multipathd
11:14:40 PM     0    227297      1.00      0.00  kworker/10:2-mm_percpu_wq
11:14:40 PM     0    230364      1.00      0.00  kworker/u24:4-events_unbound
11:14:40 PM     0    230433      2.00      0.00  kworker/0:1-events
11:14:40 PM     0    230457      2.00      0.00  kworker/1:2-mm_percpu_wq
11:14:40 PM     0    230483      2.00      0.00  kworker/5:0-events
11:14:40 PM     0    230559      3.00      0.00  kworker/11:1-events
11:14:40 PM     0    238283      4.00      0.00  kworker/2:1-events
11:14:40 PM     0    239073      3.00      0.00  kworker/4:2-mm_percpu_wq
11:14:40 PM     0    240331      1.00      0.00  kworker/9:2-mm_percpu_wq
11:14:40 PM     0    241714      2.00      0.00  kworker/3:1-events
11:14:40 PM     0    250641      1.00      0.00  kworker/u24:3-ipv6_addrconf
11:14:40 PM     0    265849      1.00      0.00  iostat
11:14:40 PM     0    265850      1.00      0.00  pidstat
11:14:40 PM     0    265851      5.00      0.00  bash
11:14:40 PM     0    265852      7.00      0.00  bash
11:14:40 PM     0    265853      4.00      0.00  bash
11:14:40 PM     0    266197      3.00      0.00  kworker/6:2-events
11:14:40 PM     0    266427      1.00      0.00  sleep
11:14:40 PM     0    266438      1.00      0.00  sleep
11:14:40 PM     0    266439      1.00      0.00  sleep

11:14:40 PM   UID       PID   cswch/s nvcswch/s  Command
11:14:41 PM     0        17     19.00      0.00  rcu_preempt
11:14:41 PM     0        23      1.00      0.00  migration/1
11:14:41 PM     0        24      1.00      0.00  ksoftirqd/1
11:14:41 PM     0        36      2.00      0.00  ksoftirqd/3
11:14:41 PM     0        42      1.00      0.00  ksoftirqd/4
11:14:41 PM     0        60      1.00      0.00  ksoftirqd/7
11:14:41 PM     0        84      2.00      1.00  ksoftirqd/11
11:14:41 PM     0        95      2.00      0.00  kcompactd0
11:14:41 PM     0       453      1.00      0.00  multipathd
11:14:41 PM     0    227297      1.00      0.00  kworker/10:2-mm_percpu_wq
11:14:41 PM     0    230364      1.00      0.00  kworker/u24:4-edac-poller
11:14:41 PM     0    230433      1.00      0.00  kworker/0:1-mm_percpu_wq
11:14:41 PM     0    230456      1.00      0.00  kworker/8:2-events
11:14:41 PM     0    230457      4.00      0.00  kworker/1:2-events
11:14:41 PM     0    230559      4.00      0.00  kworker/11:1-events
11:14:41 PM     0    238283      4.00      0.00  kworker/2:1-events
11:14:41 PM     0    239073      2.00      0.00  kworker/4:2-mm_percpu_wq
11:14:41 PM     0    240331      1.00      0.00  kworker/9:2-mm_percpu_wq
11:14:41 PM     0    241714      1.00      0.00  kworker/3:1-mm_percpu_wq
11:14:41 PM     0    242833      2.00      0.00  kworker/7:1-events
11:14:41 PM     0    265849      1.00      0.00  iostat
11:14:41 PM     0    265850      1.00      0.00  pidstat
11:14:41 PM     0    265851      5.00      0.00  bash
11:14:41 PM     0    265852      6.00      1.00  bash
11:14:41 PM     0    265853      4.00      0.00  bash
11:14:41 PM     0    266197      3.00      0.00  kworker/6:2-events
11:14:41 PM     0    266442      1.00      0.00  sleep
11:14:41 PM     0    266453      1.00      0.00  sleep
11:14:41 PM     0    266454      1.00      0.00  sleep

11:14:41 PM   UID       PID   cswch/s nvcswch/s  Command
11:14:42 PM     0        17     21.00      0.00  rcu_preempt
11:14:42 PM     0        18      2.00      0.00  migration/0
11:14:42 PM     0        23      1.00      0.00  migration/1
11:14:42 PM     0        24      2.00      0.00  ksoftirqd/1
11:14:42 PM     0        29      1.00      0.00  migration/2
11:14:42 PM     0        35      1.00      0.00  migration/3
11:14:42 PM     0        41      1.00      0.00  migration/4
11:14:42 PM     0        47      1.00      0.00  migration/5
11:14:42 PM     0        53      1.00      0.00  migration/6
11:14:42 PM     0        59      1.00      0.00  migration/7
11:14:42 PM     0        65      1.00      0.00  migration/8
11:14:42 PM     0        71      1.00      0.00  migration/9
11:14:42 PM     0        72      1.00      0.00  ksoftirqd/9
11:14:42 PM     0        77      1.00      0.00  migration/10
11:14:42 PM     0        83      1.00      0.00  migration/11
11:14:42 PM     0        84      1.00      0.00  ksoftirqd/11
11:14:42 PM     0        95      2.00      0.00  kcompactd0
11:14:42 PM     0       453      1.00      0.00  multipathd
11:14:42 PM     0    227297      1.00      0.00  kworker/10:2-mm_percpu_wq
11:14:42 PM     0    230364      1.00      0.00  kworker/u24:4-events_unbound
11:14:42 PM     0    230433      1.00      0.00  kworker/0:1-events
11:14:42 PM     0    230457      3.00      0.00  kworker/1:2-events
11:14:42 PM     0    230483      2.00      0.00  kworker/5:0-events
11:14:42 PM     0    230559      3.00      0.00  kworker/11:1-events
11:14:42 PM     0    238283      3.00      0.00  kworker/2:1-mm_percpu_wq
11:14:42 PM     0    239073      5.00      0.00  kworker/4:2-events
11:14:42 PM     0    240331      1.00      0.00  kworker/9:2-mm_percpu_wq
11:14:42 PM     0    241714      1.00      0.00  kworker/3:1-mm_percpu_wq
11:14:42 PM     0    242833      2.00      0.00  kworker/7:1-events
11:14:42 PM     0    250641      1.00      0.00  kworker/u24:3-ipv6_addrconf
11:14:42 PM     0    265849      1.00      0.00  iostat
11:14:42 PM     0    265850      1.00      0.00  pidstat
11:14:42 PM     0    265851      5.00      0.00  bash
11:14:42 PM     0    265852      8.00      0.00  bash
11:14:42 PM     0    265853      4.00      0.00  bash
11:14:42 PM     0    266457      1.00      0.00  sleep
11:14:42 PM     0    266468      1.00      1.00  sleep
11:14:42 PM     0    266469      1.00      0.00  sleep

11:14:42 PM   UID       PID   cswch/s nvcswch/s  Command
11:14:43 PM     0        16      1.00      0.00  ksoftirqd/0
11:14:43 PM     0        17     18.00      0.00  rcu_preempt
11:14:43 PM     0        41      1.00      0.00  migration/4
11:14:43 PM     0        42      1.00      0.00  ksoftirqd/4
11:14:43 PM     0        72      1.00      0.00  ksoftirqd/9
11:14:43 PM     0        78      1.00      0.00  ksoftirqd/10
11:14:43 PM     0        95      2.00      0.00  kcompactd0
11:14:43 PM     0       176      6.00      0.00  kworker/11:1H-kblockd
11:14:43 PM     0       359      3.00      0.00  jbd2/nvme1n1p2-8
11:14:43 PM     0       453      1.00      0.00  multipathd
11:14:43 PM     0       562      3.00      0.00  jbd2/nvme1n1p3-8
11:14:43 PM     0     21554      1.00      0.00  packagekitd
11:14:43 PM     0    227297      2.00      0.00  kworker/10:2-events
11:14:43 PM     0    230364     12.00      0.00  kworker/u24:4-writeback
11:14:43 PM     0    230433      3.00      0.00  kworker/0:1-events
11:14:43 PM     0    230457      3.00      0.00  kworker/1:2-mm_percpu_wq
11:14:43 PM     0    230483      2.00      0.00  kworker/5:0-events
11:14:43 PM     0    230559      4.00      0.00  kworker/11:1-mm_percpu_wq
11:14:43 PM     0    238099      1.00      0.00  kworker/u24:1-events_power_efficient
11:14:43 PM     0    238283      3.00      0.00  kworker/2:1-events
11:14:43 PM     0    239073      2.00      0.00  kworker/4:2-mm_percpu_wq
11:14:43 PM     0    240331      1.00      0.00  kworker/9:2-mm_percpu_wq
11:14:43 PM     0    241714      1.00      0.00  kworker/3:1-mm_percpu_wq
11:14:43 PM     0    245320      1.00      0.00  kworker/u24:2-flush-259:1
11:14:43 PM     0    250641      2.00      0.00  kworker/u24:3-flush-259:1
11:14:43 PM     0    255927      3.00      0.00  kworker/u24:0-ext4-rsv-conversion
11:14:43 PM     0    265849      1.00      0.00  iostat
11:14:43 PM     0    265850      1.00      0.00  pidstat
11:14:43 PM     0    265851      5.00      0.00  bash
11:14:43 PM     0    265852      8.00      0.00  bash
11:14:43 PM     0    265853      4.00      0.00  bash
11:14:43 PM     0    266197      2.00      0.00  kworker/6:2-events
11:14:43 PM     0    266472      1.00      0.00  sleep
11:14:43 PM     0    266483      1.00      0.00  sleep
11:14:43 PM     0    266484      1.00      0.00  sleep

11:14:43 PM   UID       PID   cswch/s nvcswch/s  Command
11:14:44 PM     0        16      1.00      0.00  ksoftirqd/0
11:14:44 PM     0        17     22.00      0.00  rcu_preempt
11:14:44 PM     0        24      2.00      0.00  ksoftirqd/1
11:14:44 PM     0        36      1.00      0.00  ksoftirqd/3
11:14:44 PM     0        48      1.00      0.00  ksoftirqd/5
11:14:44 PM     0        59      1.00      0.00  migration/7
11:14:44 PM     0        72      1.00      0.00  ksoftirqd/9
11:14:44 PM     0        95      2.00      0.00  kcompactd0
11:14:44 PM     0       453      1.00      0.00  multipathd
11:14:44 PM     0    227297      1.00      0.00  kworker/10:2-mm_percpu_wq
11:14:44 PM     0    230364      1.00      0.00  kworker/u24:4-writeback
11:14:44 PM     0    230433      3.00      0.00  kworker/0:1-events
11:14:44 PM     0    230457      3.00      0.00  kworker/1:2-events
11:14:44 PM     0    230483      3.00      0.00  kworker/5:0-events
11:14:44 PM     0    230559      2.00      0.00  kworker/11:1-mm_percpu_wq
11:14:44 PM     0    238283      3.00      0.00  kworker/2:1-mm_percpu_wq
11:14:44 PM     0    239073      4.00      0.00  kworker/4:2-mm_percpu_wq
11:14:44 PM     0    240331      1.00      0.00  kworker/9:2-mm_percpu_wq
11:14:44 PM     0    241714      1.00      0.00  kworker/3:1-mm_percpu_wq
11:14:44 PM     0    242833      1.00      0.00  kworker/7:1-mm_percpu_wq
11:14:44 PM     0    255927      1.00      0.00  kworker/u24:0-events_unbound
11:14:44 PM     0    265849      1.00      0.00  iostat
11:14:44 PM     0    265850      1.00      0.00  pidstat
11:14:44 PM     0    265851      5.00      0.00  bash
11:14:44 PM     0    265852      6.00      0.00  bash
11:14:44 PM     0    265853      4.00      0.00  bash
11:14:44 PM     0    266197      2.00      0.00  kworker/6:2-events
11:14:44 PM     0    266487      1.00      0.00  sleep
11:14:44 PM     0    266498      1.00      0.00  sleep
11:14:44 PM     0    266499      1.00      0.00  sleep

11:14:44 PM   UID       PID   cswch/s nvcswch/s  Command
11:14:45 PM     0        16      1.00      0.00  ksoftirqd/0
11:14:45 PM     0        17     21.00      0.00  rcu_preempt
11:14:45 PM     0        23      1.00      0.00  migration/1
11:14:45 PM     0        24      1.00      0.00  ksoftirqd/1
11:14:45 PM     0        36      1.00      0.00  ksoftirqd/3
11:14:45 PM     0        42      1.00      0.00  ksoftirqd/4
11:14:45 PM     0        48      1.00      0.00  ksoftirqd/5
11:14:45 PM     0        54      1.00      0.00  ksoftirqd/6
11:14:45 PM     0        60      1.00      0.00  ksoftirqd/7
11:14:45 PM     0        71      1.00      0.00  migration/9
11:14:45 PM     0        95      2.00      0.00  kcompactd0
11:14:45 PM     0       453      1.00      0.00  multipathd
11:14:45 PM     0    227297      1.00      0.00  kworker/10:2-mm_percpu_wq
11:14:45 PM     0    230364      2.00      0.00  kworker/u24:4-edac-poller
11:14:45 PM     0    230433      1.00      0.00  kworker/0:1-mm_percpu_wq
11:14:45 PM     0    230457      4.00      0.00  kworker/1:2-events
11:14:45 PM     0    230483      5.00      0.00  kworker/5:0-events
11:14:45 PM     0    230559      2.00      0.00  kworker/11:1-events
11:14:45 PM     0    238283      5.00      0.00  kworker/2:1-events
11:14:45 PM     0    239073      3.00      0.00  kworker/4:2-events
11:14:45 PM     0    240331      1.00      0.00  kworker/9:2-mm_percpu_wq
11:14:45 PM     0    241714      1.00      0.00  kworker/3:1-mm_percpu_wq
11:14:45 PM     0    242833      2.00      0.00  kworker/7:1-events
11:14:45 PM     0    255927      1.00      0.00  kworker/u24:0-events_power_efficient
11:14:45 PM     0    265849      1.00      0.00  iostat
11:14:45 PM     0    265850      1.00      0.00  pidstat
11:14:45 PM     0    265851      5.00      0.00  bash
11:14:45 PM     0    265852      8.00      1.00  bash
11:14:45 PM     0    265853      4.00      0.00  bash
11:14:45 PM     0    266197      3.00      0.00  kworker/6:2-events
11:14:45 PM     0    266502      1.00      0.00  sleep
11:14:45 PM     0    266512      1.00      1.00  sleep
11:14:45 PM     0    266514      1.00      0.00  sleep

11:14:45 PM   UID       PID   cswch/s nvcswch/s  Command
11:14:46 PM     0        17     22.00      0.00  rcu_preempt
11:14:46 PM     0        18      1.00      0.00  migration/0
11:14:46 PM     0        23      1.00      0.00  migration/1
11:14:46 PM     0        24      1.00      0.00  ksoftirqd/1
11:14:46 PM     0        29      1.00      0.00  migration/2
11:14:46 PM     0        35      1.00      0.00  migration/3
11:14:46 PM     0        36      1.00      0.00  ksoftirqd/3
11:14:46 PM     0        41      1.00      0.00  migration/4
11:14:46 PM     0        47      2.00      0.00  migration/5
11:14:46 PM     0        53      1.00      0.00  migration/6
11:14:46 PM     0        59      1.00      0.00  migration/7
11:14:46 PM     0        60      1.00      0.00  ksoftirqd/7
11:14:46 PM     0        65      1.00      0.00  migration/8
11:14:46 PM     0        71      1.00      0.00  migration/9
11:14:46 PM     0        72      1.00      0.00  ksoftirqd/9
11:14:46 PM     0        77      1.00      0.00  migration/10
11:14:46 PM     0        83      1.00      0.00  migration/11
11:14:46 PM     0        84      1.00      0.00  ksoftirqd/11
11:14:46 PM     0        95      2.00      0.00  kcompactd0
11:14:46 PM     0       453      1.00      0.00  multipathd
11:14:46 PM     0    227297      1.00      0.00  kworker/10:2-mm_percpu_wq
11:14:46 PM     0    230364      2.00      0.00  kworker/u24:4-events_unbound
11:14:46 PM     0    230433      2.00      0.00  kworker/0:1-events
11:14:46 PM     0    230457      4.00      0.00  kworker/1:2-events
11:14:46 PM     0    230483      2.00      0.00  kworker/5:0-mm_percpu_wq
11:14:46 PM     0    230559      4.00      0.00  kworker/11:1-events
11:14:46 PM     0    238283      3.00      0.00  kworker/2:1-mm_percpu_wq
11:14:46 PM     0    239073      5.00      0.00  kworker/4:2-events
11:14:46 PM     0    240331      1.00      0.00  kworker/9:2-mm_percpu_wq
11:14:46 PM     0    241714      1.00      0.00  kworker/3:1-mm_percpu_wq
11:14:46 PM     0    242833      3.00      0.00  kworker/7:1-events
11:14:46 PM     0    265849      1.00      0.00  iostat
11:14:46 PM     0    265850      1.00      0.00  pidstat
11:14:46 PM     0    265851      5.00      0.00  bash
11:14:46 PM     0    265852      7.00      0.00  bash
11:14:46 PM     0    265853      4.00      0.00  bash
11:14:46 PM     0    266197      2.00      0.00  kworker/6:2-events
11:14:46 PM     0    266517      1.00      0.00  sleep
11:14:46 PM     0    266528      1.00      0.00  sleep
11:14:46 PM     0    266529      1.00      0.00  sleep

11:14:46 PM   UID       PID   cswch/s nvcswch/s  Command
11:14:47 PM     0         2      1.00      0.00  kthreadd
11:14:47 PM     0        16      1.00      0.00  ksoftirqd/0
11:14:47 PM     0        17     22.00      0.00  rcu_preempt
11:14:47 PM     0        24      1.00      0.00  ksoftirqd/1
11:14:47 PM     0        42      2.00      0.00  ksoftirqd/4
11:14:47 PM     0        48      1.00      0.00  ksoftirqd/5
11:14:47 PM     0        53      1.00      0.00  migration/6
11:14:47 PM     0        84      1.00      0.00  ksoftirqd/11
11:14:47 PM     0        95      2.00      0.00  kcompactd0
11:14:47 PM     0       102      1.00      0.00  irq/9-acpi
11:14:47 PM     0       188      1.00      0.00  kworker/2:1H-kblockd
11:14:47 PM     0       453      1.00      0.00  multipathd
11:14:47 PM     0    227297      1.00      0.00  kworker/10:2-mm_percpu_wq
11:14:47 PM     0    230364      1.00      0.00  kworker/u24:4-edac-poller
11:14:47 PM     0    230426      2.00      0.00  kworker/11:0-mm_percpu_wq
11:14:47 PM     0    230433      2.00      0.00  kworker/0:1-mm_percpu_wq
11:14:47 PM     0    230456      1.00      0.00  kworker/8:2-mm_percpu_wq
11:14:47 PM     0    230457      5.00      0.00  kworker/1:2-events
11:14:47 PM     0    230483      1.00      0.00  kworker/5:0-mm_percpu_wq
11:14:47 PM     0    230559      9.00      0.00  kworker/11:1-events
11:14:47 PM     0    238283      3.00      0.00  kworker/2:1-events
11:14:47 PM     0    239073      4.00      0.00  kworker/4:2-events
11:14:47 PM     0    240331      2.00      0.00  kworker/9:2-events
11:14:47 PM     0    241714      1.00      0.00  kworker/3:1-mm_percpu_wq
11:14:47 PM     0    242833      3.00      0.00  kworker/7:1-events
11:14:47 PM     0    265849      1.00      0.00  iostat
11:14:47 PM     0    265850      1.00      0.00  pidstat
11:14:47 PM     0    265851      5.00      0.00  bash
11:14:47 PM     0    265852      6.00      0.00  bash
11:14:47 PM     0    265853      4.00      0.00  bash
11:14:47 PM     0    266197      1.00      0.00  kworker/6:2-mm_percpu_wq
11:14:47 PM     0    266532      1.00      0.00  sleep
11:14:47 PM     0    266533      3.00      0.00  kworker/11:2-i915-unordered
11:14:47 PM     0    266543      1.00      0.00  sleep
11:14:47 PM     0    266545      1.00      0.00  sleep

11:14:47 PM   UID       PID   cswch/s nvcswch/s  Command
11:14:48 PM     0        17     23.00      0.00  rcu_preempt
11:14:48 PM     0        24      2.00      0.00  ksoftirqd/1
11:14:48 PM     0        41      1.00      0.00  migration/4
11:14:48 PM     0        42      1.00      0.00  ksoftirqd/4
11:14:48 PM     0        48      1.00      0.00  ksoftirqd/5
11:14:48 PM     0        53      1.00      0.00  migration/6
11:14:48 PM     0        71      2.00      0.00  migration/9
11:14:48 PM     0        84      1.00      0.00  ksoftirqd/11
11:14:48 PM     0        95      2.00      0.00  kcompactd0
11:14:48 PM     0       194      1.00      0.00  kworker/8:1H-kblockd
11:14:48 PM     0       359      3.00      0.00  jbd2/nvme1n1p2-8
11:14:48 PM     0       453      1.00      0.00  multipathd
11:14:48 PM     0       562      3.00      0.00  jbd2/nvme1n1p3-8
11:14:48 PM     0    227297      1.00      0.00  kworker/10:2-mm_percpu_wq
11:14:48 PM     0    230364      5.00      0.00  kworker/u24:4-events_power_efficient
11:14:48 PM     0    230433      1.00      0.00  kworker/0:1-events
11:14:48 PM     0    230456      1.00      0.00  kworker/8:2-mm_percpu_wq
11:14:48 PM     0    230457      4.00      0.00  kworker/1:2-events
11:14:48 PM     0    230483      1.00      0.00  kworker/5:0-mm_percpu_wq
11:14:48 PM     0    230559      2.00      0.00  kworker/11:1-events
11:14:48 PM     0    238283      3.00      0.00  kworker/2:1-events
11:14:48 PM     0    239073      3.00      0.00  kworker/4:2-mm_percpu_wq
11:14:48 PM     0    240331      1.00      0.00  kworker/9:2-mm_percpu_wq
11:14:48 PM     0    241714      1.00      0.00  kworker/3:1-mm_percpu_wq
11:14:48 PM     0    255927      3.00      0.00  kworker/u24:0-ext4-rsv-conversion
11:14:48 PM     0    265849      1.00      0.00  iostat
11:14:48 PM     0    265850      1.00      0.00  pidstat
11:14:48 PM     0    265851      5.00      0.00  bash
11:14:48 PM     0    265852      6.00      0.00  bash
11:14:48 PM     0    265853      4.00      0.00  bash
11:14:48 PM     0    266197      2.00      0.00  kworker/6:2-events
11:14:48 PM     0    266548      1.00      0.00  sleep
11:14:48 PM     0    266558      1.00      0.00  sleep
11:14:48 PM     0    266560      1.00      0.00  sleep

11:14:48 PM   UID       PID   cswch/s nvcswch/s  Command
11:14:49 PM     0        16      1.00      1.00  ksoftirqd/0
11:14:49 PM     0        17     23.00      0.00  rcu_preempt
11:14:49 PM     0        18      2.00      0.00  migration/0
11:14:49 PM     0        24      1.00      0.00  ksoftirqd/1
11:14:49 PM     0        59      1.00      0.00  migration/7
11:14:49 PM     0        72      1.00      0.00  ksoftirqd/9
11:14:49 PM     0        95      2.00      0.00  kcompactd0
11:14:49 PM     0       453      1.00      0.00  multipathd
11:14:49 PM     0    227297      3.00      0.00  kworker/10:2-events
11:14:49 PM     0    230433      4.00      0.00  kworker/0:1-events
11:14:49 PM     0    230457      4.00      0.00  kworker/1:2-events
11:14:49 PM     0    230483      1.00      0.00  kworker/5:0-mm_percpu_wq
11:14:49 PM     0    230559      1.00      0.00  kworker/11:1-mm_percpu_wq
11:14:49 PM     0    238283      4.00      0.00  kworker/2:1-events
11:14:49 PM     0    239073      1.00      0.00  kworker/4:2-mm_percpu_wq
11:14:49 PM     0    240331      1.00      0.00  kworker/9:2-mm_percpu_wq
11:14:49 PM     0    241714      1.00      0.00  kworker/3:1-mm_percpu_wq
11:14:49 PM     0    255927      2.00      0.00  kworker/u24:0-edac-poller
11:14:49 PM     0    265849      1.00      0.00  iostat
11:14:49 PM     0    265850      1.00      0.00  pidstat
11:14:49 PM     0    265851      5.00      0.00  bash
11:14:49 PM     0    265852      6.00      0.00  bash
11:14:49 PM     0    265853      4.00      0.00  bash
11:14:49 PM     0    266563      1.00      0.00  sleep
11:14:49 PM     0    266573      1.00      1.00  sleep
11:14:49 PM     0    266575      1.00      0.00  sleep

11:14:49 PM   UID       PID   cswch/s nvcswch/s  Command
11:14:50 PM     0        17     21.00      0.00  rcu_preempt
11:14:50 PM     0        18      1.00      0.00  migration/0
11:14:50 PM     0        23      1.00      0.00  migration/1
11:14:50 PM     0        29      1.00      0.00  migration/2
11:14:50 PM     0        35      1.00      0.00  migration/3
11:14:50 PM     0        36      1.00      0.00  ksoftirqd/3
11:14:50 PM     0        41      1.00      0.00  migration/4
11:14:50 PM     0        42      1.00      0.00  ksoftirqd/4
11:14:50 PM     0        47      1.00      0.00  migration/5
11:14:50 PM     0        48      1.00      0.00  ksoftirqd/5
11:14:50 PM     0        53      1.00      0.00  migration/6
11:14:50 PM     0        59      1.00      0.00  migration/7
11:14:50 PM     0        65      1.00      0.00  migration/8
11:14:50 PM     0        71      1.00      0.00  migration/9
11:14:50 PM     0        72      1.00      0.00  ksoftirqd/9
11:14:50 PM     0        77      1.00      0.00  migration/10
11:14:50 PM     0        83      3.00      0.00  migration/11
11:14:50 PM     0        95      2.00      0.00  kcompactd0
11:14:50 PM     0       453      1.00      0.00  multipathd
11:14:50 PM     0    227297      2.00      0.00  kworker/10:2-events
11:14:50 PM     0    230433      1.00      0.00  kworker/0:1-events
11:14:50 PM     0    230457      4.00      0.00  kworker/1:2-mm_percpu_wq
11:14:50 PM     0    230483      3.00      0.00  kworker/5:0-events
11:14:50 PM     0    230559      2.00      0.00  kworker/11:1-events
11:14:50 PM     0    238283      3.00      0.00  kworker/2:1-mm_percpu_wq
11:14:50 PM     0    239073      3.00      0.00  kworker/4:2-mm_percpu_wq
11:14:50 PM     0    240331      2.00      0.00  kworker/9:2-events
11:14:50 PM     0    241714      1.00      0.00  kworker/3:1-mm_percpu_wq
11:14:50 PM     0    242833      2.00      0.00  kworker/7:1-events
11:14:50 PM     0    255927      1.00      0.00  kworker/u24:0-edac-poller
11:14:50 PM     0    265849      1.00      0.00  iostat
11:14:50 PM     0    265850      1.00      0.00  pidstat
11:14:50 PM     0    265851      5.00      0.00  bash
11:14:50 PM     0    265852      6.00      0.00  bash
11:14:50 PM     0    265853      4.00      0.00  bash
11:14:50 PM     0    266197      1.00      0.00  kworker/6:2-mm_percpu_wq
11:14:50 PM     0    266578      1.00      0.00  sleep
11:14:50 PM     0    266589      1.00      1.00  sleep
11:14:50 PM     0    266590      1.00      0.00  sleep

11:14:50 PM   UID       PID   cswch/s nvcswch/s  Command
11:14:51 PM     0        17     22.00      0.00  rcu_preempt
11:14:51 PM     0        36      1.00      0.00  ksoftirqd/3
11:14:51 PM     0        42      1.00      0.00  ksoftirqd/4
11:14:51 PM     0        47      1.00      0.00  migration/5
11:14:51 PM     0        72      1.00      0.00  ksoftirqd/9
11:14:51 PM     0        84      2.00      0.00  ksoftirqd/11
11:14:51 PM     0        95      2.00      0.00  kcompactd0
11:14:51 PM     0       453      1.00      0.00  multipathd
11:14:51 PM     0    227297      1.00      0.00  kworker/10:2-events
11:14:51 PM     0    230433      1.00      0.00  kworker/0:1-mm_percpu_wq
11:14:51 PM     0    230457      1.00      0.00  kworker/1:2-mm_percpu_wq
11:14:51 PM     0    230483      1.00      0.00  kworker/5:0-mm_percpu_wq
11:14:51 PM     0    230559      2.00      0.00  kworker/11:1-events
11:14:51 PM     0    238283      4.00      0.00  kworker/2:1-events
11:14:51 PM     0    239073      1.00      0.00  kworker/4:2-events
11:14:51 PM     0    240331      1.00      0.00  kworker/9:2-events
11:14:51 PM     0    241714      1.00      0.00  kworker/3:1-mm_percpu_wq
11:14:51 PM     0    242833      2.00      0.00  kworker/7:1-events
11:14:51 PM     0    255927      2.00      0.00  kworker/u24:0-edac-poller
11:14:51 PM     0    265849      1.00      0.00  iostat
11:14:51 PM     0    265850      1.00      0.00  pidstat
11:14:51 PM     0    265851      5.00      0.00  bash
11:14:51 PM     0    265852      8.00      0.00  bash
11:14:51 PM     0    265853      4.00      0.00  bash
11:14:51 PM     0    266197      1.00      0.00  kworker/6:2-mm_percpu_wq
11:14:51 PM     0    266593      1.00      0.00  sleep
11:14:51 PM     0    266604      1.00      0.00  sleep
11:14:51 PM     0    266605      1.00      0.00  sleep

11:14:51 PM   UID       PID   cswch/s nvcswch/s  Command
11:14:52 PM     0        17     18.00      0.00  rcu_preempt
11:14:52 PM     0        48      1.00      0.00  ksoftirqd/5
11:14:52 PM     0        72      1.00      0.00  ksoftirqd/9
11:14:52 PM     0        78      1.00      0.00  ksoftirqd/10
11:14:52 PM     0        95      2.00      0.00  kcompactd0
11:14:52 PM     0       453      1.00      0.00  multipathd
11:14:52 PM     0    227297      2.00      0.00  kworker/10:2-events
11:14:52 PM     0    230433      2.00      0.00  kworker/0:1-events
11:14:52 PM     0    230457      2.00      0.00  kworker/1:2-mm_percpu_wq
11:14:52 PM     0    230483      2.00      0.00  kworker/5:0-events
11:14:52 PM     0    238283      3.00      0.00  kworker/2:1-mm_percpu_wq
11:14:52 PM     0    239073      3.00      0.00  kworker/4:2-events
11:14:52 PM     0    240331      3.00      0.00  kworker/9:2-events
11:14:52 PM     0    242833      1.00      0.00  kworker/7:1-events
11:14:52 PM     0    255927      1.00      0.00  kworker/u24:0-edac-poller
11:14:52 PM     0    265849      1.00      0.00  iostat
11:14:52 PM     0    265850      1.00      0.00  pidstat
11:14:52 PM     0    265851      5.00      0.00  bash
11:14:52 PM     0    265852      7.00      0.00  bash
11:14:52 PM     0    265853      4.00      0.00  bash
11:14:52 PM     0    266608      1.00      0.00  sleep
11:14:52 PM     0    266618      1.00      0.00  sleep
11:14:52 PM     0    266620      1.00      0.00  sleep

11:14:52 PM   UID       PID   cswch/s nvcswch/s  Command
11:14:53 PM     0        16      1.00      0.00  ksoftirqd/0
11:14:53 PM     0        17     18.00      0.00  rcu_preempt
11:14:53 PM     0        24      1.00      0.00  ksoftirqd/1
11:14:53 PM     0        42      2.00      0.00  ksoftirqd/4
11:14:53 PM     0        48      1.00      0.00  ksoftirqd/5
11:14:53 PM     0        59      1.00      0.00  migration/7
11:14:53 PM     0        78      1.00      0.00  ksoftirqd/10
11:14:53 PM     0        95      2.00      0.00  kcompactd0
11:14:53 PM     0       189      2.00      0.00  kworker/4:1H-kblockd
11:14:53 PM     0       359      3.00      0.00  jbd2/nvme1n1p2-8
11:14:53 PM     0       453      1.00      0.00  multipathd
11:14:53 PM     0       562      3.00      0.00  jbd2/nvme1n1p3-8
11:14:53 PM     0     21554      1.00      0.00  packagekitd
11:14:53 PM     0    227297      1.00      0.00  kworker/10:2-events
11:14:53 PM     0    230364      2.00      0.00  kworker/u24:4-flush-259:1
11:14:53 PM     0    230483      4.00      0.00  kworker/5:0-events
11:14:53 PM     0    230559      3.00      0.00  kworker/11:1-events
11:14:53 PM     0    238283      3.00      0.00  kworker/2:1-events
11:14:53 PM     0    239073      1.00      0.00  kworker/4:2-events
11:14:53 PM     0    241714      2.00      0.00  kworker/3:1-events
11:14:53 PM     0    242833      2.00      0.00  kworker/7:1-events
11:14:53 PM     0    245320      2.00      0.00  kworker/u24:2-flush-259:1
11:14:53 PM     0    255927      5.00      0.00  kworker/u24:0-ext4-rsv-conversion
11:14:53 PM     0    265849      1.00      0.00  iostat
11:14:53 PM     0    265850      1.00      0.00  pidstat
11:14:53 PM     0    265851      5.00      0.00  bash
11:14:53 PM     0    265852      8.00      0.00  bash
11:14:53 PM     0    265853      4.00      0.00  bash
11:14:53 PM     0    266197      1.00      0.00  kworker/6:2-mm_percpu_wq
11:14:53 PM     0    266623      1.00      0.00  sleep
11:14:53 PM     0    266634      1.00      0.00  sleep
11:14:53 PM     0    266635      1.00      1.00  sleep

11:14:53 PM   UID       PID   cswch/s nvcswch/s  Command
11:14:54 PM     0        16      1.00      0.00  ksoftirqd/0
11:14:54 PM     0        17     19.00      0.00  rcu_preempt
11:14:54 PM     0        18      1.00      0.00  migration/0
11:14:54 PM     0        23      1.00      0.00  migration/1
11:14:54 PM     0        29      1.00      0.00  migration/2
11:14:54 PM     0        35      1.00      0.00  migration/3
11:14:54 PM     0        41      1.00      0.00  migration/4
11:14:54 PM     0        42      1.00      0.00  ksoftirqd/4
11:14:54 PM     0        47      1.00      0.00  migration/5
11:14:54 PM     0        53      1.00      0.00  migration/6
11:14:54 PM     0        59      1.00      0.00  migration/7
11:14:54 PM     0        65      1.00      0.00  migration/8
11:14:54 PM     0        71      1.00      0.00  migration/9
11:14:54 PM     0        77      1.00      0.00  migration/10
11:14:54 PM     0        78      1.00      0.00  ksoftirqd/10
11:14:54 PM     0        83      1.00      0.00  migration/11
11:14:54 PM     0        95      2.00      0.00  kcompactd0
11:14:54 PM     0       189      1.00      0.00  kworker/4:1H-kblockd
11:14:54 PM     0       453      1.00      0.00  multipathd
11:14:54 PM     0    227297      1.00      0.00  kworker/10:2-events
11:14:54 PM     0    230433      1.00      0.00  kworker/0:1-mm_percpu_wq
11:14:54 PM     0    230457      2.00      0.00  kworker/1:2-mm_percpu_wq
11:14:54 PM     0    230483      1.00      0.00  kworker/5:0-mm_percpu_wq
11:14:54 PM     0    230559      2.00      0.00  kworker/11:1-mm_percpu_wq
11:14:54 PM     0    238283      3.00      0.00  kworker/2:1-mm_percpu_wq
11:14:54 PM     0    239073      2.00      0.00  kworker/4:2-mm_percpu_wq
11:14:54 PM     0    240331      3.00      0.00  kworker/9:2-events
11:14:54 PM     0    242833      1.00      0.00  kworker/7:1-events
11:14:54 PM     0    245320      2.00      0.00  kworker/u24:2-edac-poller
11:14:54 PM     0    265849      1.00      0.00  iostat
11:14:54 PM     0    265850      1.00      0.00  pidstat
11:14:54 PM     0    265851      5.00      0.00  bash
11:14:54 PM     0    265852      8.00      0.00  bash
11:14:54 PM     0    265853      4.00      0.00  bash
11:14:54 PM     0    266197      1.00      0.00  kworker/6:2-events
11:14:54 PM     0    266638      1.00      0.00  sleep
11:14:54 PM     0    266649      1.00      0.00  sleep
11:14:54 PM     0    266650      1.00      0.00  sleep

11:14:54 PM   UID       PID   cswch/s nvcswch/s  Command
11:14:55 PM     0        17     20.00      0.00  rcu_preempt
11:14:55 PM     0        24      1.00      0.00  ksoftirqd/1
11:14:55 PM     0        42      1.00      0.00  ksoftirqd/4
11:14:55 PM     0        48      1.00      0.00  ksoftirqd/5
11:14:55 PM     0        95      2.00      0.00  kcompactd0
11:14:55 PM     0       453      1.00      0.00  multipathd
11:14:55 PM     0    227297      4.00      0.00  kworker/10:2-events
11:14:55 PM     0    230457      1.00      0.00  kworker/1:2-events
11:14:55 PM     0    230483      2.00      0.00  kworker/5:0-events
11:14:55 PM     0    230559      1.00      0.00  kworker/11:1-events
11:14:55 PM     0    238283      3.00      0.00  kworker/2:1-events
11:14:55 PM     0    240331      1.00      0.00  kworker/9:2-events
11:14:55 PM     0    241714      1.00      0.00  kworker/3:1-mm_percpu_wq
11:14:55 PM     0    245320      2.00      0.00  kworker/u24:2-events_unbound
11:14:55 PM     0    265849      1.00      0.00  iostat
11:14:55 PM     0    265850      1.00      0.00  pidstat
11:14:55 PM     0    265851      5.00      0.00  bash
11:14:55 PM     0    265852      8.00      0.00  bash
11:14:55 PM     0    265853      4.00      0.00  bash
11:14:55 PM     0    266197      1.00      0.00  kworker/6:2-mm_percpu_wq
11:14:55 PM     0    266653      1.00      0.00  sleep
11:14:55 PM     0    266664      1.00      0.00  sleep
11:14:55 PM     0    266665      1.00      0.00  sleep

11:14:55 PM   UID       PID   cswch/s nvcswch/s  Command
11:14:56 PM     0        17     22.00      0.00  rcu_preempt
11:14:56 PM     0        24      1.00      0.00  ksoftirqd/1
11:14:56 PM     0        48      1.00      0.00  ksoftirqd/5
11:14:56 PM     0        54      1.00      0.00  ksoftirqd/6
11:14:56 PM     0        78      1.00      0.00  ksoftirqd/10
11:14:56 PM     0        95      2.00      0.00  kcompactd0
11:14:56 PM     0       453      1.00      0.00  multipathd
11:14:56 PM     0    227297      3.00      0.00  kworker/10:2-events
11:14:56 PM     0    230433      1.00      0.00  kworker/0:1-events
11:14:56 PM     0    230457      3.00      0.00  kworker/1:2-mm_percpu_wq
11:14:56 PM     0    230483      3.00      0.00  kworker/5:0-events
11:14:56 PM     0    230559      2.00      0.00  kworker/11:1-events
11:14:56 PM     0    238283      3.00      0.00  kworker/2:1-mm_percpu_wq
11:14:56 PM     0    239073      2.00      0.00  kworker/4:2-mm_percpu_wq
11:14:56 PM     0    240331      1.00      0.00  kworker/9:2-mm_percpu_wq
11:14:56 PM     0    241714      1.00      0.00  kworker/3:1-mm_percpu_wq
11:14:56 PM     0    242833      2.00      0.00  kworker/7:1-events
11:14:56 PM     0    245320      1.00      0.00  kworker/u24:2-edac-poller
11:14:56 PM     0    265849      1.00      0.00  iostat
11:14:56 PM     0    265850      1.00      0.00  pidstat
11:14:56 PM     0    265851      5.00      0.00  bash
11:14:56 PM     0    265852      8.00      0.00  bash
11:14:56 PM     0    265853      4.00      0.00  bash
11:14:56 PM     0    266197      1.00      0.00  kworker/6:2-events
11:14:56 PM     0    266668      1.00      0.00  sleep
11:14:56 PM     0    266679      1.00      0.00  sleep
11:14:56 PM     0    266680      1.00      0.00  sleep

11:14:56 PM   UID       PID   cswch/s nvcswch/s  Command
11:14:57 PM     0        16      2.00      0.00  ksoftirqd/0
11:14:57 PM     0        17     21.00      0.00  rcu_preempt
11:14:57 PM     0        47      1.00      0.00  migration/5
11:14:57 PM     0        60      1.00      0.00  ksoftirqd/7
11:14:57 PM     0        78      2.00      0.00  ksoftirqd/10
11:14:57 PM     0        95      2.00      0.00  kcompactd0
11:14:57 PM     0       453      1.00      0.00  multipathd
11:14:57 PM     0    227297      3.00      0.00  kworker/10:2-events
11:14:57 PM     0    230433      2.00      0.00  kworker/0:1-events
11:14:57 PM     0    230559      3.00      0.00  kworker/11:1-events
11:14:57 PM     0    238283      4.00      0.00  kworker/2:1-events
11:14:57 PM     0    241714      1.00      0.00  kworker/3:1-events
11:14:57 PM     0    245320      1.00      0.00  kworker/u24:2-events_unbound
11:14:57 PM     0    255927      1.00      0.00  kworker/u24:0-ext4-rsv-conversion
11:14:57 PM     0    265849      1.00      0.00  iostat
11:14:57 PM     0    265850      1.00      0.00  pidstat
11:14:57 PM     0    265851      5.00      0.00  bash
11:14:57 PM     0    265852      6.00      0.00  bash
11:14:57 PM     0    265853      4.00      0.00  bash
11:14:57 PM     0    266197      2.00      0.00  kworker/6:2-events
11:14:57 PM     0    266683      1.00      0.00  sleep
11:14:57 PM     0    266693      1.00      1.00  sleep
11:14:57 PM     0    266695      1.00      0.00  sleep

11:14:57 PM   UID       PID   cswch/s nvcswch/s  Command
11:14:58 PM     0         1      1.00      0.00  systemd
11:14:58 PM     0        16      2.00      0.00  ksoftirqd/0
11:14:58 PM     0        17     24.00      0.00  rcu_preempt
11:14:58 PM     0        18      1.00      0.00  migration/0
11:14:58 PM     0        23      1.00      0.00  migration/1
11:14:58 PM     0        24      3.00      0.00  ksoftirqd/1
11:14:58 PM     0        29      1.00      0.00  migration/2
11:14:58 PM     0        35      1.00      0.00  migration/3
11:14:58 PM     0        41      1.00      0.00  migration/4
11:14:58 PM     0        47      1.00      0.00  migration/5
11:14:58 PM     0        53      1.00      0.00  migration/6
11:14:58 PM     0        54      1.00      0.00  ksoftirqd/6
11:14:58 PM     0        59      1.00      0.00  migration/7
11:14:58 PM     0        65      1.00      0.00  migration/8
11:14:58 PM     0        71      1.00      0.00  migration/9
11:14:58 PM     0        77      1.00      0.00  migration/10
11:14:58 PM     0        78      1.00      0.00  ksoftirqd/10
11:14:58 PM     0        83      1.00      0.00  migration/11
11:14:58 PM     0        84      1.00      0.00  ksoftirqd/11
11:14:58 PM     0        95      2.00      0.00  kcompactd0
11:14:58 PM     0       102      1.00      0.00  irq/9-acpi
11:14:58 PM     0       453      2.00      0.00  multipathd
11:14:58 PM     0       562      3.00      0.00  jbd2/nvme1n1p3-8
11:14:58 PM   101       608      1.00      0.00  systemd-network
11:14:58 PM     0    227297      5.00      0.00  kworker/10:2-events
11:14:58 PM     0    230433      6.00      0.00  kworker/0:1-events
11:14:58 PM     0    230456      1.00      0.00  kworker/8:2-mm_percpu_wq
11:14:58 PM     0    230457      5.00      0.00  kworker/1:2-events
11:14:58 PM     0    230483      1.00      0.00  kworker/5:0-mm_percpu_wq
11:14:58 PM     0    230559   1140.00      1.00  kworker/11:1-mm_percpu_wq
11:14:58 PM     0    238283      3.00      0.00  kworker/2:1-mm_percpu_wq
11:14:58 PM     0    239073      1.00      0.00  kworker/4:2-mm_percpu_wq
11:14:58 PM     0    240331      1.00      0.00  kworker/9:2-mm_percpu_wq
11:14:58 PM     0    241714      1.00      0.00  kworker/3:1-mm_percpu_wq
11:14:58 PM     0    242833      1.00      0.00  kworker/7:1-mm_percpu_wq
11:14:58 PM     0    245320      3.00      0.00  kworker/u24:2-events_unbound
11:14:58 PM     0    265849      1.00      0.00  iostat
11:14:58 PM     0    265850      1.00      0.00  pidstat
11:14:58 PM     0    265851      5.00      0.00  bash
11:14:58 PM     0    265852      6.00      0.00  bash
11:14:58 PM     0    265853      4.00      0.00  bash
11:14:58 PM     0    266197      1.00      0.00  kworker/6:2-events
11:14:58 PM     0    266533   1135.00      0.00  kworker/11:2-events
11:14:58 PM     0    266698      1.00      0.00  sleep
11:14:58 PM     0    266709      1.00      0.00  sleep
11:14:58 PM     0    266710      1.00      0.00  sleep

11:14:58 PM   UID       PID   cswch/s nvcswch/s  Command
11:14:59 PM     0        16      1.00      0.00  ksoftirqd/0
11:14:59 PM     0        17     15.00      0.00  rcu_preempt
11:14:59 PM     0        24      2.00      0.00  ksoftirqd/1
11:14:59 PM     0        42      1.00      0.00  ksoftirqd/4
11:14:59 PM     0        54      2.00      0.00  ksoftirqd/6
11:14:59 PM     0        78      1.00      0.00  ksoftirqd/10
11:14:59 PM     0        95      2.00      0.00  kcompactd0
11:14:59 PM     0       191      1.00      0.00  kworker/1:1H-kblockd
11:14:59 PM     0       359      3.00      0.00  jbd2/nvme1n1p2-8
11:14:59 PM     0       453      1.00      0.00  multipathd
11:14:59 PM     0    227297      3.00      0.00  kworker/10:2-events
11:14:59 PM     0    230364      1.00      0.00  kworker/u24:4-events_power_efficient
11:14:59 PM     0    230433      3.00      0.00  kworker/0:1-events
11:14:59 PM     0    230457      2.00      0.00  kworker/1:2-events
11:14:59 PM     0    230483      1.00      0.00  kworker/5:0-mm_percpu_wq
11:14:59 PM     0    238283      3.00      0.00  kworker/2:1-events
11:14:59 PM     0    239073      2.00      0.00  kworker/4:2-events
11:14:59 PM     0    240331      1.00      0.00  kworker/9:2-mm_percpu_wq
11:14:59 PM     0    241714      1.00      0.00  kworker/3:1-mm_percpu_wq
11:14:59 PM     0    242833      1.00      0.00  kworker/7:1-mm_percpu_wq
11:14:59 PM     0    245320      4.00      0.00  kworker/u24:2-events_unbound
11:14:59 PM     0    250641      6.00      0.00  kworker/u24:3-writeback
11:14:59 PM     0    255927      1.00      0.00  kworker/u24:0-flush-259:1
11:14:59 PM     0    265849      1.00      0.00  iostat
11:14:59 PM     0    265850      1.00      0.00  pidstat
11:14:59 PM     0    265851      5.00      0.00  bash
11:14:59 PM     0    265852      7.00      0.00  bash
11:14:59 PM     0    265853      4.00      0.00  bash
11:14:59 PM     0    266197      3.00      0.00  kworker/6:2-events
11:14:59 PM     0    266533      3.00      0.00  kworker/11:2-events
11:14:59 PM     0    266713      1.00      0.00  sleep
11:14:59 PM     0    266724      1.00      0.00  sleep
11:14:59 PM     0    266725      1.00      0.00  sleep

11:14:59 PM   UID       PID   cswch/s nvcswch/s  Command
11:15:00 PM     0        17     17.00      0.00  rcu_preempt
11:15:00 PM     0        18      1.00      0.00  migration/0
11:15:00 PM     0        23      1.00      0.00  migration/1
11:15:00 PM     0        24      1.00      0.00  ksoftirqd/1
11:15:00 PM     0        42      1.00      0.00  ksoftirqd/4
11:15:00 PM     0        54      1.00      0.00  ksoftirqd/6
11:15:00 PM     0        60      1.00      0.00  ksoftirqd/7
11:15:00 PM     0        95      2.00      0.00  kcompactd0
11:15:00 PM     0       453      1.00      0.00  multipathd
11:15:00 PM     0    227297      3.00      0.00  kworker/10:2-events
11:15:00 PM     0    230433      3.00      0.00  kworker/0:1-events
11:15:00 PM     0    230457      4.00      0.00  kworker/1:2-events
11:15:00 PM     0    230483      1.00      0.00  kworker/5:0-mm_percpu_wq
11:15:00 PM     0    238283      3.00      0.00  kworker/2:1-mm_percpu_wq
11:15:00 PM     0    239073      3.00      0.00  kworker/4:2-events
11:15:00 PM     0    241714      1.00      0.00  kworker/3:1-mm_percpu_wq
11:15:00 PM     0    242833      1.00      0.00  kworker/7:1-mm_percpu_wq
11:15:00 PM     0    245320      1.00      0.00  kworker/u24:2-events_power_efficient
11:15:00 PM     0    250641      2.00      0.00  kworker/u24:3-edac-poller
11:15:00 PM     0    265849      1.00      0.00  iostat
11:15:00 PM     0    265850      1.00      0.00  pidstat
11:15:00 PM     0    265851      5.00      0.00  bash
11:15:00 PM     0    265852      7.00      0.00  bash
11:15:00 PM     0    265853      4.00      0.00  bash
11:15:00 PM     0    266197      1.00      0.00  kworker/6:2-events
11:15:00 PM     0    266533      4.00      0.00  kworker/11:2-events
11:15:00 PM     0    266728      1.00      0.00  sleep
11:15:00 PM     0    266738      1.00      0.00  sleep
11:15:00 PM     0    266740      1.00      0.00  sleep

11:15:00 PM   UID       PID   cswch/s nvcswch/s  Command
11:15:01 PM     0        17    129.00      0.00  rcu_preempt
11:15:01 PM     0        24      2.00      0.00  ksoftirqd/1
11:15:01 PM     0        30      5.00      7.00  ksoftirqd/2
11:15:01 PM     0        36      1.00      0.00  ksoftirqd/3
11:15:01 PM     0        72      1.00      0.00  ksoftirqd/9
11:15:01 PM     0        84      1.00      0.00  ksoftirqd/11
11:15:01 PM     0        95      2.00      0.00  kcompactd0
11:15:01 PM     0       453      1.00      0.00  multipathd
11:15:01 PM     0    227297      2.00      0.00  kworker/10:2-events
11:15:01 PM     0    230433      1.00      0.00  kworker/0:1-events
11:15:01 PM     0    230457      1.00      0.00  kworker/1:2-events
11:15:01 PM     0    238283     15.00      0.00  kworker/2:1-events
11:15:01 PM     0    240331      2.00      0.00  kworker/9:2-events
11:15:01 PM     0    245320      1.00      0.00  kworker/u24:2-events_power_efficient
11:15:01 PM     0    250641      4.00      0.00  kworker/u24:3-edac-poller
11:15:01 PM     0    265849      1.00      0.00  iostat
11:15:01 PM     0    265850      1.00      0.00  pidstat
11:15:01 PM     0    265851      5.00      0.00  bash
11:15:01 PM     0    265852      7.00      0.00  bash
11:15:01 PM     0    265853      4.00      0.00  bash
11:15:01 PM     0    266197      1.00      0.00  kworker/6:2-mm_percpu_wq
11:15:01 PM     0    266533      3.00      0.00  kworker/11:2-events
11:15:01 PM     0    266743      1.00      0.00  sleep
11:15:01 PM     0    266750     16.00      3.00  java
11:15:01 PM     0    266782      1.00      0.00  sleep
11:15:01 PM     0    266783      1.00      0.00  sleep

11:15:01 PM   UID       PID   cswch/s nvcswch/s  Command
11:15:02 PM     0        17    196.00      0.00  rcu_preempt
11:15:02 PM     0        18      1.00      0.00  migration/0
11:15:02 PM     0        23      1.00      0.00  migration/1
11:15:02 PM     0        24      1.00      0.00  ksoftirqd/1
11:15:02 PM     0        29      2.00      0.00  migration/2
11:15:02 PM     0        30     16.00      0.00  ksoftirqd/2
11:15:02 PM     0        35      1.00      0.00  migration/3
11:15:02 PM     0        41      1.00      0.00  migration/4
11:15:02 PM     0        47      1.00      0.00  migration/5
11:15:02 PM     0        53      1.00      0.00  migration/6
11:15:02 PM     0        59      1.00      0.00  migration/7
11:15:02 PM     0        65      1.00      0.00  migration/8
11:15:02 PM     0        71      1.00      0.00  migration/9
11:15:02 PM     0        72      1.00      0.00  ksoftirqd/9
11:15:02 PM     0        77      1.00      0.00  migration/10
11:15:02 PM     0        78      1.00      0.00  ksoftirqd/10
11:15:02 PM     0        83      1.00      0.00  migration/11
11:15:02 PM     0        84      1.00      0.00  ksoftirqd/11
11:15:02 PM     0        95      2.00      0.00  kcompactd0
11:15:02 PM     0       189      1.00      0.00  kworker/4:1H-kblockd
11:15:02 PM     0       190      1.00      0.00  kworker/10:1H-kblockd
11:15:02 PM     0       191      1.00      0.00  kworker/1:1H-kblockd
11:15:02 PM     0       195      1.00      0.00  kworker/6:1H-kblockd
11:15:02 PM     0       359      6.00      0.00  jbd2/nvme1n1p2-8
11:15:02 PM     0       415      6.00      0.00  systemd-journal
11:15:02 PM     0       453      1.00      0.00  multipathd
11:15:02 PM     0       562      3.00      0.00  jbd2/nvme1n1p3-8
11:15:02 PM     0       769      8.00      0.00  cron
11:15:02 PM     0    227297      6.00      0.00  kworker/10:2-events
11:15:02 PM     0    230433      3.00      0.00  kworker/0:1-events
11:15:02 PM     0    230456      1.00      0.00  kworker/8:2-mm_percpu_wq
11:15:02 PM     0    230457      7.00      0.00  kworker/1:2-events
11:15:02 PM     0    230483      3.00      0.00  kworker/5:0-mm_percpu_wq
11:15:02 PM     0    238283      8.00      0.00  kworker/2:1-events
11:15:02 PM     0    239073      4.00      0.00  kworker/4:2-events
11:15:02 PM     0    240331      2.00      0.00  kworker/9:2-events
11:15:02 PM     0    241714      2.00      0.00  kworker/3:1-mm_percpu_wq
11:15:02 PM     0    242833      2.00      0.00  kworker/7:1-mm_percpu_wq
11:15:02 PM     0    245320     13.00      0.00  kworker/u24:2-writeback
11:15:02 PM     0    250641      4.00      0.00  kworker/u24:3-ext4-rsv-conversion
11:15:02 PM     0    255927      7.00      0.00  kworker/u24:0-edac-poller
11:15:02 PM     0    265849      2.00      0.00  iostat
11:15:02 PM     0    265850      1.00      0.00  pidstat
11:15:02 PM     0    265851      6.00      0.00  bash
11:15:02 PM     0    265852      9.00      0.00  bash
11:15:02 PM     0    265853      4.00      0.00  bash
11:15:02 PM     0    266197      3.00      0.00  kworker/6:2-inode_switch_wbs
11:15:02 PM     0    266533      3.00      0.00  kworker/11:2-events
11:15:02 PM     0    266787      1.00      0.00  sleep
11:15:02 PM     0    266807      2.00      0.00  sleep
11:15:02 PM     0    266808      1.00      0.00  sleep

11:15:02 PM   UID       PID   cswch/s nvcswch/s  Command
11:15:03 PM     0        16      1.00      0.00  ksoftirqd/0
11:15:03 PM     0        17     18.00      0.00  rcu_preempt
11:15:03 PM     0        29      1.00      0.00  migration/2
11:15:03 PM     0        66      1.00      0.00  ksoftirqd/8
11:15:03 PM     0        72      2.00      0.00  ksoftirqd/9
11:15:03 PM     0        78      2.00      0.00  ksoftirqd/10
11:15:03 PM     0        95      2.00      0.00  kcompactd0
11:15:03 PM     0       453      1.00      0.00  multipathd
11:15:03 PM     0     21554      1.00      0.00  packagekitd
11:15:03 PM     0    227297      5.00      0.00  kworker/10:2-events
11:15:03 PM     0    230433      3.00      0.00  kworker/0:1-events
11:15:03 PM     0    230456      1.00      0.00  kworker/8:2-events
11:15:03 PM     0    230457      1.00      0.00  kworker/1:2-mm_percpu_wq
11:15:03 PM     0    230483      1.00      0.00  kworker/5:0-mm_percpu_wq
11:15:03 PM     0    238283     11.00      0.00  kworker/2:1-events
11:15:03 PM     0    239073      1.00      0.00  kworker/4:2-mm_percpu_wq
11:15:03 PM     0    240331      3.00      0.00  kworker/9:2-events
11:15:03 PM     0    241714      1.00      0.00  kworker/3:1-mm_percpu_wq
11:15:03 PM     0    242833      1.00      0.00  kworker/7:1-events
11:15:03 PM     0    255927      1.00      0.00  kworker/u24:0-edac-poller
11:15:03 PM     0    265849      1.00      0.00  iostat
11:15:03 PM     0    265850      2.00      0.00  pidstat
11:15:03 PM     0    265851      5.00      0.00  bash
11:15:03 PM     0    265852      7.00      0.00  bash
11:15:03 PM     0    265853      5.00      0.00  bash
11:15:03 PM     0    266197      1.00      0.00  kworker/6:2-mm_percpu_wq
11:15:03 PM     0    266533      1.00      0.00  kworker/11:2-events
11:15:03 PM     0    266811      1.00      0.00  sleep
11:15:03 PM     0    266822      1.00      0.00  sleep
11:15:03 PM     0    266823      1.00      0.00  sleep

11:15:03 PM   UID       PID   cswch/s nvcswch/s  Command
11:15:04 PM     0        17     18.00      0.00  rcu_preempt
11:15:04 PM     0        24      2.00      0.00  ksoftirqd/1
11:15:04 PM     0        29      2.00      0.00  migration/2
11:15:04 PM     0        72      1.00      0.00  ksoftirqd/9
11:15:04 PM     0        78      2.00      0.00  ksoftirqd/10
11:15:04 PM     0        95      1.00      0.00  kcompactd0
11:15:04 PM     0       189      1.00      0.00  kworker/4:1H-kblockd
11:15:04 PM     0       453      1.00      0.00  multipathd
11:15:04 PM     0    227297      2.00      0.00  kworker/10:2-events
11:15:04 PM     0    230433      1.00      0.00  kworker/0:1-events
11:15:04 PM     0    230456      2.00      0.00  kworker/8:2-events
11:15:04 PM     0    230457      4.00      0.00  kworker/1:2-events
11:15:04 PM     0    238283     12.00      0.00  kworker/2:1-events
11:15:04 PM     0    239073      2.00      0.00  kworker/4:2-events
11:15:04 PM     0    240331      3.00      0.00  kworker/9:2-events
11:15:04 PM     0    241714      1.00      0.00  kworker/3:1-mm_percpu_wq
11:15:04 PM     0    245320      3.00      0.00  kworker/u24:2-edac-poller
11:15:04 PM     0    255927      1.00      0.00  kworker/u24:0-events_power_efficient
11:15:04 PM     0    265849      1.00      0.00  iostat
11:15:04 PM     0    265850      1.00      0.00  pidstat
11:15:04 PM     0    265851      5.00      0.00  bash
11:15:04 PM     0    265852      7.00      0.00  bash
11:15:04 PM     0    265853      4.00      0.00  bash
11:15:04 PM     0    266533      3.00      0.00  kworker/11:2-events
11:15:04 PM     0    266826      1.00      0.00  sleep
11:15:04 PM     0    266837      1.00      0.00  sleep
11:15:04 PM     0    266838      1.00      0.00  sleep

11:15:04 PM   UID       PID   cswch/s nvcswch/s  Command
11:15:05 PM     0        16      1.00      0.00  ksoftirqd/0
11:15:05 PM     0        17     18.00      0.00  rcu_preempt
11:15:05 PM     0        24      1.00      0.00  ksoftirqd/1
11:15:05 PM     0        29      1.00      0.00  migration/2
11:15:05 PM     0        35      1.00      0.00  migration/3
11:15:05 PM     0        48      1.00      0.00  ksoftirqd/5
11:15:05 PM     0        72      1.00      0.00  ksoftirqd/9
11:15:05 PM     0        78      1.00      0.00  ksoftirqd/10
11:15:05 PM     0        95      2.00      0.00  kcompactd0
11:15:05 PM     0       453      1.00      0.00  multipathd
11:15:05 PM   101       608      2.00      0.00  systemd-network
11:15:05 PM     0    227297      3.00      0.00  kworker/10:2-mm_percpu_wq
11:15:05 PM     0    230433      2.00      0.00  kworker/0:1-events
11:15:05 PM     0    230456      3.00      0.00  kworker/8:2-events
11:15:05 PM     0    230457      1.00      0.00  kworker/1:2-mm_percpu_wq
11:15:05 PM     0    230483      1.00      0.00  kworker/5:0-mm_percpu_wq
11:15:05 PM     0    238283     16.00      0.00  kworker/2:1-events
11:15:05 PM     0    239073      3.00      0.00  kworker/4:2-events
11:15:05 PM     0    240331      4.00      0.00  kworker/9:2-events
11:15:05 PM     0    241714      1.00      0.00  kworker/3:1-mm_percpu_wq
11:15:05 PM     0    242833      1.00      0.00  kworker/7:1-mm_percpu_wq
11:15:05 PM     0    245320      1.00      0.00  kworker/u24:2-edac-poller
11:15:05 PM     0    265849      1.00      0.00  iostat
11:15:05 PM     0    265850      1.00      0.00  pidstat
11:15:05 PM     0    265851      5.00      0.00  bash
11:15:05 PM     0    265852      8.00      0.00  bash
11:15:05 PM     0    265853      4.00      0.00  bash
11:15:05 PM     0    266197      1.00      0.00  kworker/6:2-mm_percpu_wq
11:15:05 PM     0    266533      2.00      0.00  kworker/11:2-events
11:15:05 PM     0    266841      1.00      0.00  sleep
11:15:05 PM     0    266852      1.00      0.00  sleep
11:15:05 PM     0    266853      1.00      0.00  sleep

11:15:05 PM   UID       PID   cswch/s nvcswch/s  Command
11:15:06 PM     0         1      3.00      0.00  systemd
11:15:06 PM     0        16      2.00      0.00  ksoftirqd/0
11:15:06 PM     0        17     35.00      0.00  rcu_preempt
11:15:06 PM     0        18      1.00      0.00  migration/0
11:15:06 PM     0        23      1.00      0.00  migration/1
11:15:06 PM     0        24      1.00      0.00  ksoftirqd/1
11:15:06 PM     0        29      2.00      0.00  migration/2
11:15:06 PM     0        35      1.00      0.00  migration/3
11:15:06 PM     0        36      1.00      0.00  ksoftirqd/3
11:15:06 PM     0        41      1.00      0.00  migration/4
11:15:06 PM     0        42      1.00      0.00  ksoftirqd/4
11:15:06 PM     0        47      1.00      0.00  migration/5
11:15:06 PM     0        53      1.00      0.00  migration/6
11:15:06 PM     0        59      1.00      0.00  migration/7
11:15:06 PM     0        65      1.00      0.00  migration/8
11:15:06 PM     0        71      1.00      0.00  migration/9
11:15:06 PM     0        77      1.00      0.00  migration/10
11:15:06 PM     0        83      1.00      0.00  migration/11
11:15:06 PM     0        95      2.00      0.00  kcompactd0
11:15:06 PM     0       415      3.00      0.00  systemd-journal
11:15:06 PM     0       453      1.00      0.00  multipathd
11:15:06 PM     0       773      3.00      0.00  sshd
11:15:06 PM     0    227297      3.00      0.00  kworker/10:2-events
11:15:06 PM     0    230433      2.00      0.00  kworker/0:1-events
11:15:06 PM     0    230456      1.00      0.00  kworker/8:2-events
11:15:06 PM     0    230457      2.00      0.00  kworker/1:2-events
11:15:06 PM     0    230483      2.00      0.00  kworker/5:0-events
11:15:06 PM     0    238283     10.00      0.00  kworker/2:1-events
11:15:06 PM     0    239073      4.00      0.00  kworker/4:2-events
11:15:06 PM     0    241714      1.00      0.00  kworker/3:1-events
11:15:06 PM     0    245320      1.00      0.00  kworker/u24:2-events_unbound
11:15:06 PM     0    265849      1.00      0.00  iostat
11:15:06 PM     0    265850      1.00      0.00  pidstat
11:15:06 PM     0    265851      5.00      0.00  bash
11:15:06 PM     0    265852      8.00      0.00  bash
11:15:06 PM     0    265853      4.00      0.00  bash
11:15:06 PM     0    266533      2.00      0.00  kworker/11:2-events
11:15:06 PM     0    266856      1.00      0.00  sleep
11:15:06 PM     0    266869      1.00      0.00  sleep
11:15:06 PM     0    266870      1.00      0.00  sleep

11:15:06 PM   UID       PID   cswch/s nvcswch/s  Command
11:15:07 PM     0        16      1.00      0.00  ksoftirqd/0
11:15:07 PM     0        17     19.00      0.00  rcu_preempt
11:15:07 PM     0        29      1.00      0.00  migration/2
11:15:07 PM     0        42      2.00      0.00  ksoftirqd/4
11:15:07 PM     0        48      1.00      0.00  ksoftirqd/5
11:15:07 PM     0        95      2.00      0.00  kcompactd0
11:15:07 PM     0       187     11.00      0.00  kworker/0:1H-kblockd
11:15:07 PM     0       191      5.00      0.00  kworker/1:1H-kblockd
11:15:07 PM     0       195     11.00      0.00  kworker/6:1H-kblockd
11:15:07 PM     0       359      3.00      0.00  jbd2/nvme1n1p2-8
11:15:07 PM     0       453      1.00      0.00  multipathd
11:15:07 PM     0       562      3.00      0.00  jbd2/nvme1n1p3-8
11:15:07 PM     0    227297      2.00      0.00  kworker/10:2-mm_percpu_wq
11:15:07 PM     0    230433      2.00      0.00  kworker/0:1-events
11:15:07 PM     0    230456      2.00      0.00  kworker/8:2-events
11:15:07 PM     0    230457      1.00      0.00  kworker/1:2-mm_percpu_wq
11:15:07 PM     0    230483      3.00      0.00  kworker/5:0-mm_percpu_wq
11:15:07 PM     0    238283     11.00      0.00  kworker/2:1-events
11:15:07 PM     0    239073      3.00      0.00  kworker/4:2-events
11:15:07 PM     0    240331      2.00      0.00  kworker/9:2-mm_percpu_wq
11:15:07 PM     0    241714      2.00      0.00  kworker/3:1-mm_percpu_wq
11:15:07 PM     0    242833      3.00      0.00  kworker/7:1-events
11:15:07 PM     0    245320     10.00      0.00  kworker/u24:2-ext4-rsv-conversion
11:15:07 PM     0    250641      5.00      0.00  kworker/u24:3-ext4-rsv-conversion
11:15:07 PM     0    255927     24.00      1.00  kworker/u24:0-writeback
11:15:07 PM     0    265849      1.00      0.00  iostat
11:15:07 PM     0    265850      1.00      0.00  pidstat
11:15:07 PM     0    265851      5.00      1.00  bash
11:15:07 PM     0    265852      8.00      0.00  bash
11:15:07 PM     0    265853      4.00      0.00  bash
11:15:07 PM     0    266197      1.00      0.00  kworker/6:2-mm_percpu_wq
11:15:07 PM     0    266533      3.00      0.00  kworker/11:2-events
11:15:07 PM     0    266873      1.00      0.00  sleep
11:15:07 PM     0    266884      1.00      0.00  sleep
11:15:07 PM     0    266885      1.00      0.00  sleep

11:15:07 PM   UID       PID   cswch/s nvcswch/s  Command
11:15:08 PM     0        16      2.00      0.00  ksoftirqd/0
11:15:08 PM     0        17     18.00      0.00  rcu_preempt
11:15:08 PM     0        24      1.00      0.00  ksoftirqd/1
11:15:08 PM     0        29      1.00      0.00  migration/2
11:15:08 PM     0        42      1.00      0.00  ksoftirqd/4
11:15:08 PM     0        95      2.00      0.00  kcompactd0
11:15:08 PM     0       188      1.00      0.00  kworker/2:1H-kblockd
11:15:08 PM     0       453      1.00      0.00  multipathd
11:15:08 PM     0    227297      2.00      0.00  kworker/10:2-events
11:15:08 PM     0    230433      2.00      0.00  kworker/0:1-events
11:15:08 PM     0    230456      2.00      0.00  kworker/8:2-events
11:15:08 PM     0    230457      3.00      0.00  kworker/1:2-events
11:15:08 PM     0    238283      8.00      0.00  kworker/2:1-events
11:15:08 PM     0    239073      4.00      0.00  kworker/4:2-events
11:15:08 PM     0    241714      2.00      0.00  kworker/3:1-events
11:15:08 PM     0    242833      2.00      0.00  kworker/7:1-events
11:15:08 PM     0    245320      2.00      0.00  kworker/u24:2-events_unbound
11:15:08 PM     0    265849      1.00      0.00  iostat
11:15:08 PM     0    265850      1.00      0.00  pidstat
11:15:08 PM     0    265851      5.00      0.00  bash
11:15:08 PM     0    265852      8.00      0.00  bash
11:15:08 PM     0    265853      4.00      0.00  bash
11:15:08 PM     0    266533      4.00      0.00  kworker/11:2-events
11:15:08 PM     0    266888      1.00      0.00  sleep
11:15:08 PM     0    266899      1.00      0.00  sleep
11:15:08 PM     0    266900      1.00      0.00  sleep

11:15:08 PM   UID       PID   cswch/s nvcswch/s  Command
11:15:09 PM     0        16      1.00      0.00  ksoftirqd/0
11:15:09 PM     0        17     18.00      0.00  rcu_preempt
11:15:09 PM     0        29      1.00      0.00  migration/2
11:15:09 PM     0        54      1.00      0.00  ksoftirqd/6
11:15:09 PM     0        72      1.00      0.00  ksoftirqd/9
11:15:09 PM     0        78      2.00      0.00  ksoftirqd/10
11:15:09 PM     0        95      2.00      0.00  kcompactd0
11:15:09 PM     0       453      1.00      0.00  multipathd
11:15:09 PM     0    227297      4.00      0.00  kworker/10:2-events
11:15:09 PM     0    230433      2.00      0.00  kworker/0:1-events
11:15:09 PM     0    230456      4.00      0.00  kworker/8:2-events
11:15:09 PM     0    230483      1.00      0.00  kworker/5:0-mm_percpu_wq
11:15:09 PM     0    238283     10.00      0.00  kworker/2:1-events
11:15:09 PM     0    239073      1.00      0.00  kworker/4:2-mm_percpu_wq
11:15:09 PM     0    240331      2.00      0.00  kworker/9:2-mm_percpu_wq
11:15:09 PM     0    241714      1.00      0.00  kworker/3:1-mm_percpu_wq
11:15:09 PM     0    242833      2.00      0.00  kworker/7:1-mm_percpu_wq
11:15:09 PM     0    245320      2.00      0.00  kworker/u24:2-events_power_efficient
11:15:09 PM     0    255927      1.00      0.00  kworker/u24:0-writeback
11:15:09 PM     0    265849      1.00      0.00  iostat
11:15:09 PM     0    265850      1.00      0.00  pidstat
11:15:09 PM     0    265851      5.00      0.00  bash
11:15:09 PM     0    265852      8.00      0.00  bash
11:15:09 PM     0    265853      4.00      0.00  bash
11:15:09 PM     0    266197      1.00      0.00  kworker/6:2-mm_percpu_wq
11:15:09 PM     0    266533      2.00      0.00  kworker/11:2-events
11:15:09 PM     0    266903      1.00      0.00  sleep
11:15:09 PM     0    266914      1.00      0.00  sleep
11:15:09 PM     0    266915      1.00      0.00  sleep

11:15:09 PM   UID       PID   cswch/s nvcswch/s  Command
11:15:10 PM     0        16      1.00      0.00  ksoftirqd/0
11:15:10 PM     0        17     15.00      0.00  rcu_preempt
11:15:10 PM     0        18      1.00      0.00  migration/0
11:15:10 PM     0        23      1.00      0.00  migration/1
11:15:10 PM     0        29      1.00      0.00  migration/2
11:15:10 PM     0        35      1.00      0.00  migration/3
11:15:10 PM     0        41      1.00      0.00  migration/4
11:15:10 PM     0        47      1.00      0.00  migration/5
11:15:10 PM     0        53      1.00      0.00  migration/6
11:15:10 PM     0        59      1.00      0.00  migration/7
11:15:10 PM     0        65      1.00      0.00  migration/8
11:15:10 PM     0        71      1.00      0.00  migration/9
11:15:10 PM     0        77      1.00      0.00  migration/10
11:15:10 PM     0        78      1.00      0.00  ksoftirqd/10
11:15:10 PM     0        83      1.00      0.00  migration/11
11:15:10 PM     0        84      1.00      0.00  ksoftirqd/11
11:15:10 PM     0        95      2.00      0.00  kcompactd0
11:15:10 PM     0       453      1.00      0.00  multipathd
11:15:10 PM     0    227297      3.00      0.00  kworker/10:2-events
11:15:10 PM     0    230433      1.00      0.00  kworker/0:1-events
11:15:10 PM     0    230457      4.00      0.00  kworker/1:2-events
11:15:10 PM     0    238283     12.00      0.00  kworker/2:1-events
11:15:10 PM     0    239073      1.00      0.00  kworker/4:2-events
11:15:10 PM     0    255927      2.00      0.00  kworker/u24:0-events_unbound
11:15:10 PM     0    265849      1.00      0.00  iostat
11:15:10 PM     0    265850      1.00      0.00  pidstat
11:15:10 PM     0    265851      5.00      0.00  bash
11:15:10 PM     0    265852      7.00      0.00  bash
11:15:10 PM     0    265853      4.00      0.00  bash
11:15:10 PM     0    266533      2.00      0.00  kworker/11:2-events
11:15:10 PM     0    266918      1.00      0.00  sleep

11:15:10 PM   UID       PID   cswch/s nvcswch/s  Command
11:15:11 PM     0        17     16.00      0.00  rcu_preempt
11:15:11 PM     0        78      1.00      0.00  ksoftirqd/10
11:15:11 PM     0        95      2.00      0.00  kcompactd0
11:15:11 PM     0       189      1.00      0.00  kworker/4:1H-kblockd
11:15:11 PM     0       453      1.00      0.00  multipathd
11:15:11 PM     0    227297      2.00      0.00  kworker/10:2-mm_percpu_wq
11:15:11 PM     0    230433      3.00      0.00  kworker/0:1-events
11:15:11 PM     0    230456      1.00      0.00  kworker/8:2-events
11:15:11 PM     0    230457      1.00      0.00  kworker/1:2-mm_percpu_wq
11:15:11 PM     0    230483      2.00      0.00  kworker/5:0-mm_percpu_wq
11:15:11 PM     0    238283     12.00      0.00  kworker/2:1-events
11:15:11 PM     0    239073      1.00      0.00  kworker/4:2-mm_percpu_wq
11:15:11 PM     0    240331      1.00      0.00  kworker/9:2-mm_percpu_wq
11:15:11 PM     0    241714      1.00      0.00  kworker/3:1-mm_percpu_wq
11:15:11 PM     0    242833      1.00      0.00  kworker/7:1-mm_percpu_wq
11:15:11 PM     0    255927      2.00      0.00  kworker/u24:0-flush-259:1
11:15:11 PM     0    265849      1.00      0.00  iostat
11:15:11 PM     0    265850      1.00      0.00  pidstat
11:15:11 PM     0    265851      1.00      0.00  bash
11:15:11 PM     0    265853      4.00      0.00  bash
11:15:11 PM     0    266197      1.00      0.00  kworker/6:2-mm_percpu_wq
11:15:11 PM     0    266533      3.00      0.00  kworker/11:2-mm_percpu_wq
11:15:11 PM     0    266930      1.00      0.00  sleep
11:15:11 PM     0    266933      1.00      0.00  sleep

11:15:11 PM   UID       PID   cswch/s nvcswch/s  Command
11:15:12 PM     0        16      1.00      0.00  ksoftirqd/0
11:15:12 PM     0        17     18.00      0.00  rcu_preempt
11:15:12 PM     0        29      1.00      0.00  migration/2
11:15:12 PM     0        48      1.00      0.00  ksoftirqd/5
11:15:12 PM     0        78      2.00      0.00  ksoftirqd/10
11:15:12 PM     0        84      1.00      0.00  ksoftirqd/11
11:15:12 PM     0        95      2.00      0.00  kcompactd0
11:15:12 PM     0       195      1.00      0.00  kworker/6:1H-kblockd
11:15:12 PM     0       359      3.00      0.00  jbd2/nvme1n1p2-8
11:15:12 PM     0       453      1.00      0.00  multipathd
11:15:12 PM     0       562      3.00      0.00  jbd2/nvme1n1p3-8
11:15:12 PM     0    227297      3.00      0.00  kworker/10:2-events
11:15:12 PM     0    230433      2.00      0.00  kworker/0:1-events
11:15:12 PM     0    230456      2.00      0.00  kworker/8:2-events
11:15:12 PM     0    230457      2.00      0.00  kworker/1:2-events
11:15:12 PM     0    238283     12.00      0.00  kworker/2:1-events
11:15:12 PM     0    239073      2.00      0.00  kworker/4:2-events
11:15:12 PM     0    241714      1.00      0.00  kworker/3:1-events
11:15:12 PM     0    245320      1.00      0.00  kworker/u24:2-flush-259:1
11:15:12 PM     0    250641      1.00      0.00  kworker/u24:3-ext4-rsv-conversion
11:15:12 PM     0    255927      6.00      0.00  kworker/u24:0-ext4-rsv-conversion
11:15:12 PM     0    265849      1.00      0.00  iostat
11:15:12 PM     0    265850      1.00      0.00  pidstat
11:15:12 PM     0    265851      4.00      0.00  bash
11:15:12 PM     0    265852      8.00      0.00  bash
11:15:12 PM     0    265853      4.00      0.00  bash
11:15:12 PM     0    266533      2.00      0.00  kworker/11:2-events
11:15:12 PM     0    266944      1.00      0.00  sleep
11:15:12 PM     0    266945      1.00      0.00  sleep
11:15:12 PM     0    266948      1.00      0.00  sleep

11:15:12 PM   UID       PID   cswch/s nvcswch/s  Command
11:15:13 PM     0        16      1.00      0.00  ksoftirqd/0
11:15:13 PM     0        17     21.00      0.00  rcu_preempt
11:15:13 PM     0        78      1.00      0.00  ksoftirqd/10
11:15:13 PM     0        95      2.00      0.00  kcompactd0
11:15:13 PM     0       453      1.00      0.00  multipathd
11:15:13 PM     0     21554      1.00      0.00  packagekitd
11:15:13 PM     0    227297      1.00      0.00  kworker/10:2-events
11:15:13 PM     0    230433      2.00      0.00  kworker/0:1-mm_percpu_wq
11:15:13 PM     0    230456      1.00      0.00  kworker/8:2-events
11:15:13 PM     0    230457      1.00      0.00  kworker/1:2-events
11:15:13 PM     0    230483      1.00      0.00  kworker/5:0-mm_percpu_wq
11:15:13 PM     0    238283     11.00      0.00  kworker/2:1-events
11:15:13 PM     0    239073      1.00      0.00  kworker/4:2-mm_percpu_wq
11:15:13 PM     0    241714      1.00      0.00  kworker/3:1-mm_percpu_wq
11:15:13 PM     0    255927      3.00      0.00  kworker/u24:0-edac-poller
11:15:13 PM     0    265849      1.00      0.00  iostat
11:15:13 PM     0    265850      1.00      1.00  pidstat
11:15:13 PM     0    265851      5.00      0.00  bash
11:15:13 PM     0    265852      8.00      0.00  bash
11:15:13 PM     0    265853      4.00      0.00  bash
11:15:13 PM     0    266197      2.00      0.00  kworker/6:2-mm_percpu_wq
11:15:13 PM     0    266533      4.00      0.00  kworker/11:2-mm_percpu_wq
11:15:13 PM     0    266959      1.00      0.00  sleep
11:15:13 PM     0    266960      1.00      0.00  sleep
11:15:13 PM     0    266963      1.00      0.00  sleep

11:15:13 PM   UID       PID   cswch/s nvcswch/s  Command
11:15:14 PM     0         2      1.00      0.00  kthreadd
11:15:14 PM     0        17     21.00      0.00  rcu_preempt
11:15:14 PM     0        18      1.00      0.00  migration/0
11:15:14 PM     0        23      1.00      0.00  migration/1
11:15:14 PM     0        24      1.00      0.00  ksoftirqd/1
11:15:14 PM     0        29      2.00      0.00  migration/2
11:15:14 PM     0        35      1.00      0.00  migration/3
11:15:14 PM     0        41      1.00      0.00  migration/4
11:15:14 PM     0        47      1.00      0.00  migration/5
11:15:14 PM     0        53      1.00      0.00  migration/6
11:15:14 PM     0        59      1.00      0.00  migration/7
11:15:14 PM     0        60      1.00      0.00  ksoftirqd/7
11:15:14 PM     0        65      1.00      0.00  migration/8
11:15:14 PM     0        71      1.00      0.00  migration/9
11:15:14 PM     0        77      1.00      0.00  migration/10
11:15:14 PM     0        78      3.00      0.00  ksoftirqd/10
11:15:14 PM     0        83      1.00      0.00  migration/11
11:15:14 PM     0        95      2.00      0.00  kcompactd0
11:15:14 PM     0       102      1.00      0.00  irq/9-acpi
11:15:14 PM     0       188      1.00      0.00  kworker/2:1H-kblockd
11:15:14 PM     0       453      1.00      0.00  multipathd
11:15:14 PM     0    227297      4.00      0.00  kworker/10:2-events
11:15:14 PM     0    230433      2.00      0.00  kworker/0:1-kacpi_notify
11:15:14 PM     0    230456      2.00      0.00  kworker/8:2-events
11:15:14 PM     0    230457      8.00      0.00  kworker/1:2-pm
11:15:14 PM     0    238283     12.00      0.00  kworker/2:1-events
11:15:14 PM     0    239073      2.00      0.00  kworker/4:2-events
11:15:14 PM     0    242517      2.00      0.00  kworker/1:1-i915-unordered
11:15:14 PM     0    242833      1.00      0.00  kworker/7:1-mm_percpu_wq
11:15:14 PM     0    255927      1.00      0.00  kworker/u24:0-edac-poller
11:15:14 PM     0    265849      1.00      0.00  iostat
11:15:14 PM     0    265850      1.00      0.00  pidstat
11:15:14 PM     0    265851      5.00      0.00  bash
11:15:14 PM     0    265852      8.00      0.00  bash
11:15:14 PM     0    265853      3.00      0.00  bash
11:15:14 PM     0    266533      2.00      0.00  kworker/11:2-events
11:15:14 PM     0    266974      1.00      0.00  sleep
11:15:14 PM     0    266975      1.00      0.00  sleep
11:15:14 PM     0    266978      1.00      0.00  sleep
11:15:14 PM     0    266979      2.00      0.00  kworker/1:0

11:15:14 PM   UID       PID   cswch/s nvcswch/s  Command
11:15:15 PM     0        17     18.00      0.00  rcu_preempt
11:15:15 PM     0        24      2.00      0.00  ksoftirqd/1
11:15:15 PM     0        29      1.00      0.00  migration/2
11:15:15 PM     0        54      1.00      0.00  ksoftirqd/6
11:15:15 PM     0        78      1.00      0.00  ksoftirqd/10
11:15:15 PM     0        95      2.00      0.00  kcompactd0
11:15:15 PM     0       453      1.00      0.00  multipathd
11:15:15 PM     0    227297      2.00      0.00  kworker/10:2-events
11:15:15 PM     0    230433      2.00      0.00  kworker/0:1-events
11:15:15 PM     0    230457      5.00      0.00  kworker/1:2-mm_percpu_wq
11:15:15 PM     0    238283      8.00      0.00  kworker/2:1-events
11:15:15 PM     0    240331      1.00      0.00  kworker/9:2-mm_percpu_wq
11:15:15 PM     0    241714      1.00      0.00  kworker/3:1-mm_percpu_wq
11:15:15 PM     0    255927      3.00      0.00  kworker/u24:0-events_unbound
11:15:15 PM     0    265849      1.00      0.00  iostat
11:15:15 PM     0    265850      1.00      0.00  pidstat
11:15:15 PM     0    265851      5.00      0.00  bash
11:15:15 PM     0    265852      8.00      0.00  bash
11:15:15 PM     0    265853      4.00      0.00  bash
11:15:15 PM     0    266197      2.00      0.00  kworker/6:2-events
11:15:15 PM     0    266533      3.00      0.00  kworker/11:2-mm_percpu_wq
11:15:15 PM     0    266990      1.00      0.00  sleep
11:15:15 PM     0    266991      1.00      0.00  sleep
11:15:15 PM     0    266994      1.00      0.00  sleep

11:15:15 PM   UID       PID   cswch/s nvcswch/s  Command
11:15:16 PM     0        17     20.00      0.00  rcu_preempt
11:15:16 PM     0        24      1.00      0.00  ksoftirqd/1
11:15:16 PM     0        36      1.00      0.00  ksoftirqd/3
11:15:16 PM     0        60      1.00      0.00  ksoftirqd/7
11:15:16 PM     0        78      2.00      0.00  ksoftirqd/10
11:15:16 PM     0        95      2.00      0.00  kcompactd0
11:15:16 PM     0       453      1.00      0.00  multipathd
11:15:16 PM     0    227297      4.00      0.00  kworker/10:2-events
11:15:16 PM     0    230433      2.00      0.00  kworker/0:1-mm_percpu_wq
11:15:16 PM     0    230457      4.00      0.00  kworker/1:2-mm_percpu_wq
11:15:16 PM     0    230483      2.00      0.00  kworker/5:0-mm_percpu_wq
11:15:16 PM     0    238283      3.00      0.00  kworker/2:1-mm_percpu_wq
11:15:16 PM     0    239073      2.00      0.00  kworker/4:2-events
11:15:16 PM     0    241714      2.00      0.00  kworker/3:1-mm_percpu_wq
11:15:16 PM     0    242833      1.00      0.00  kworker/7:1-mm_percpu_wq
11:15:16 PM     0    250641      3.00      0.00  kworker/u24:3-edac-poller
11:15:16 PM     0    255927      2.00      0.00  kworker/u24:0-events_power_efficient
11:15:16 PM     0    265849      1.00      0.00  iostat
11:15:16 PM     0    265850      1.00      0.00  pidstat
11:15:16 PM     0    265851      5.00      0.00  bash
11:15:16 PM     0    265852      8.00      0.00  bash
11:15:16 PM     0    265853      4.00      0.00  bash
11:15:16 PM     0    266533      4.00      0.00  kworker/11:2-mm_percpu_wq
11:15:16 PM     0    267005      1.00      0.00  sleep
11:15:16 PM     0    267006      1.00      0.00  sleep
11:15:16 PM     0    267009      1.00      0.00  sleep

11:15:16 PM   UID       PID   cswch/s nvcswch/s  Command
11:15:17 PM     0        17     37.00      0.00  rcu_preempt
11:15:17 PM     0        36      1.00      0.00  ksoftirqd/3
11:15:17 PM     0        54      2.00      0.00  ksoftirqd/6
11:15:17 PM     0        78      1.00      0.00  ksoftirqd/10
11:15:17 PM     0        95      2.00      0.00  kcompactd0
11:15:17 PM     0       453      1.00      0.00  multipathd
11:15:17 PM     0       562      3.00      0.00  jbd2/nvme1n1p3-8
11:15:17 PM     0    227297      3.00      0.00  kworker/10:2-events
11:15:17 PM     0    230433      1.00      0.00  kworker/0:1-events
11:15:17 PM     0    230456      1.00      0.00  kworker/8:2-mm_percpu_wq
11:15:17 PM     0    230457      2.00      0.00  kworker/1:2-mm_percpu_wq
11:15:17 PM     0    230483      2.00      0.00  kworker/5:0-events
11:15:17 PM     0    238283      3.00      0.00  kworker/2:1-events
11:15:17 PM     0    240331      1.00      0.00  kworker/9:2-mm_percpu_wq
11:15:17 PM     0    241714      1.00      0.00  kworker/3:1-mm_percpu_wq
11:15:17 PM     0    250641      2.00      0.00  kworker/u24:3-edac-poller
11:15:17 PM     0    265849      1.00      0.00  iostat
11:15:17 PM     0    265850      1.00      0.00  pidstat
11:15:17 PM     0    265851      5.00      0.00  bash
11:15:17 PM     0    265852      7.00      0.00  bash
11:15:17 PM     0    265853      4.00      0.00  bash
11:15:17 PM     0    266197      1.00      0.00  kworker/6:2-mm_percpu_wq
11:15:17 PM     0    266533      1.00      0.00  kworker/11:2-events
11:15:17 PM     0    267020      1.00      0.00  sleep
11:15:17 PM     0    267021      1.00      0.00  sleep
11:15:17 PM     0    267024      1.00      0.00  sleep

11:15:17 PM   UID       PID   cswch/s nvcswch/s  Command
11:15:18 PM     0        17     21.00      0.00  rcu_preempt
11:15:18 PM     0        18      1.00      0.00  migration/0
11:15:18 PM     0        23      1.00      0.00  migration/1
11:15:18 PM     0        24      1.00      0.00  ksoftirqd/1
11:15:18 PM     0        29      1.00      0.00  migration/2
11:15:18 PM     0        35      1.00      0.00  migration/3
11:15:18 PM     0        41      1.00      0.00  migration/4
11:15:18 PM     0        42      2.00      0.00  ksoftirqd/4
11:15:18 PM     0        47      1.00      0.00  migration/5
11:15:18 PM     0        48      1.00      0.00  ksoftirqd/5
11:15:18 PM     0        53      1.00      0.00  migration/6
11:15:18 PM     0        54      2.00      0.00  ksoftirqd/6
11:15:18 PM     0        59      1.00      0.00  migration/7
11:15:18 PM     0        65      1.00      0.00  migration/8
11:15:18 PM     0        71      1.00      0.00  migration/9
11:15:18 PM     0        77      1.00      0.00  migration/10
11:15:18 PM     0        83      2.00      0.00  migration/11
11:15:18 PM     0        95      2.00      0.00  kcompactd0
11:15:18 PM     0       194      3.00      0.00  kworker/8:1H-kblockd
11:15:18 PM     0       195      1.00      0.00  kworker/6:1H-kblockd
11:15:18 PM     0       359      3.00      0.00  jbd2/nvme1n1p2-8
11:15:18 PM     0       453      1.00      0.00  multipathd
11:15:18 PM     0    227297      3.00      0.00  kworker/10:2-mm_percpu_wq
11:15:18 PM     0    230433      1.00      0.00  kworker/0:1-mm_percpu_wq
11:15:18 PM     0    230456      1.00      0.00  kworker/8:2-mm_percpu_wq
11:15:18 PM     0    230457      4.00      0.00  kworker/1:2-mm_percpu_wq
11:15:18 PM     0    230483      4.00      0.00  kworker/5:0-mm_percpu_wq
11:15:18 PM     0    238283      3.00      0.00  kworker/2:1-mm_percpu_wq
11:15:18 PM     0    239073      4.00      0.00  kworker/4:2-mm_percpu_wq
11:15:18 PM     0    240331      1.00      0.00  kworker/9:2-mm_percpu_wq
11:15:18 PM     0    241714      1.00      0.00  kworker/3:1-mm_percpu_wq
11:15:18 PM     0    242833      1.00      0.00  kworker/7:1-mm_percpu_wq
11:15:18 PM     0    245320      2.00      0.00  kworker/u24:2-ext4-rsv-conversion
11:15:18 PM     0    250641      6.00      0.00  kworker/u24:3-edac-poller
11:15:18 PM     0    255927      1.00      0.00  kworker/u24:0-flush-259:1
11:15:18 PM     0    265849      1.00      0.00  iostat
11:15:18 PM     0    265850      1.00      0.00  pidstat
11:15:18 PM     0    265851      5.00      0.00  bash
11:15:18 PM     0    265852      7.00      0.00  bash
11:15:18 PM     0    265853      4.00      0.00  bash
11:15:18 PM     0    266197      1.00      0.00  kworker/6:2-events
11:15:18 PM     0    266533      3.00      0.00  kworker/11:2-events
11:15:18 PM     0    267035      1.00      0.00  sleep
11:15:18 PM     0    267036      1.00      1.00  sleep
11:15:18 PM     0    267039      1.00      0.00  sleep

11:15:18 PM   UID       PID   cswch/s nvcswch/s  Command
11:15:19 PM     0        17     20.00      0.00  rcu_preempt
11:15:19 PM     0        42      2.00      0.00  ksoftirqd/4
11:15:19 PM     0        54      2.00      0.00  ksoftirqd/6
11:15:19 PM     0        95      2.00      0.00  kcompactd0
11:15:19 PM     0       453      1.00      0.00  multipathd
11:15:19 PM     0    230457      3.00      0.00  kworker/1:2-events
11:15:19 PM     0    230483      3.00      0.00  kworker/5:0-events
11:15:19 PM     0    238283      4.00      0.00  kworker/2:1-events
11:15:19 PM     0    239073      2.00      0.00  kworker/4:2-events
11:15:19 PM     0    242833      1.00      0.00  kworker/7:1-mm_percpu_wq
11:15:19 PM     0    245320      1.00      0.00  kworker/u24:2-ext4-rsv-conversion
11:15:19 PM     0    250641      1.00      0.00  kworker/u24:3-events_unbound
11:15:19 PM     0    265849      1.00      0.00  iostat
11:15:19 PM     0    265850      1.00      0.00  pidstat
11:15:19 PM     0    265851      5.00      0.00  bash
11:15:19 PM     0    265852      7.00      0.00  bash
11:15:19 PM     0    265853      4.00      0.00  bash
11:15:19 PM     0    266197      3.00      0.00  kworker/6:2-events
11:15:19 PM     0    267050      1.00      0.00  sleep
11:15:19 PM     0    267051      1.00      0.00  sleep
11:15:19 PM     0    267054      1.00      0.00  sleep

11:15:19 PM   UID       PID   cswch/s nvcswch/s  Command
11:15:20 PM     0        17     18.00      0.00  rcu_preempt
11:15:20 PM     0        42      2.00      0.00  ksoftirqd/4
11:15:20 PM     0        54      2.00      0.00  ksoftirqd/6
11:15:20 PM     0        95      2.00      0.00  kcompactd0
11:15:20 PM     0       453      1.00      0.00  multipathd
11:15:20 PM     0    230433      1.00      0.00  kworker/0:1-events
11:15:20 PM     0    230457      4.00      0.00  kworker/1:2-mm_percpu_wq
11:15:20 PM     0    230483      3.00      0.00  kworker/5:0-events
11:15:20 PM     0    238283      3.00      0.00  kworker/2:1-mm_percpu_wq
11:15:20 PM     0    239073      4.00      0.00  kworker/4:2-mm_percpu_wq
11:15:20 PM     0    240331      1.00      0.00  kworker/9:2-mm_percpu_wq
11:15:20 PM     0    241714      1.00      0.00  kworker/3:1-mm_percpu_wq
11:15:20 PM     0    242833      1.00      0.00  kworker/7:1-mm_percpu_wq
11:15:20 PM     0    250641      1.00      0.00  kworker/u24:3-edac-poller
11:15:20 PM     0    265849      1.00      0.00  iostat
11:15:20 PM     0    265850      1.00      0.00  pidstat
11:15:20 PM     0    265851      5.00      0.00  bash
11:15:20 PM     0    265852      7.00      0.00  bash
11:15:20 PM     0    265853      4.00      0.00  bash
11:15:20 PM     0    266197      2.00      0.00  kworker/6:2-events
11:15:20 PM     0    267065      1.00      0.00  sleep
11:15:20 PM     0    267066      1.00      0.00  sleep
11:15:20 PM     0    267069      1.00      0.00  sleep

11:15:20 PM   UID       PID   cswch/s nvcswch/s  Command
11:15:21 PM     0        17     18.00      0.00  rcu_preempt
11:15:21 PM     0        42      2.00      0.00  ksoftirqd/4
11:15:21 PM     0        47      1.00      0.00  migration/5
11:15:21 PM     0        48      1.00      0.00  ksoftirqd/5
11:15:21 PM     0        84      1.00      0.00  ksoftirqd/11
11:15:21 PM     0        95      2.00      0.00  kcompactd0
11:15:21 PM     0       188      1.00      0.00  kworker/2:1H-kblockd
11:15:21 PM     0       453      1.00      0.00  multipathd
11:15:21 PM     0    227297      1.00      0.00  kworker/10:2-mm_percpu_wq
11:15:21 PM     0    230456      1.00      0.00  kworker/8:2-mm_percpu_wq
11:15:21 PM     0    230483      3.00      0.00  kworker/5:0-events
11:15:21 PM     0    238283      4.00      0.00  kworker/2:1-events
11:15:21 PM     0    239073      3.00      0.00  kworker/4:2-events
11:15:21 PM     0    242833      1.00      0.00  kworker/7:1-events
11:15:21 PM     0    245320      2.00      0.00  kworker/u24:2-events_unbound
11:15:21 PM     0    250641      2.00      0.00  kworker/u24:3-events_power_efficient
11:15:21 PM     0    265849      1.00      0.00  iostat
11:15:21 PM     0    265850      1.00      0.00  pidstat
11:15:21 PM     0    265851      5.00      0.00  bash
11:15:21 PM     0    265852      7.00      0.00  bash
11:15:21 PM     0    265853      4.00      0.00  bash
11:15:21 PM     0    266197      3.00      0.00  kworker/6:2-events
11:15:21 PM     0    266533      3.00      0.00  kworker/11:2-events
11:15:21 PM     0    267080      1.00      0.00  sleep
11:15:21 PM     0    267081      1.00      0.00  sleep
11:15:21 PM     0    267084      1.00      0.00  sleep

11:15:21 PM   UID       PID   cswch/s nvcswch/s  Command
11:15:22 PM     0        17     20.00      0.00  rcu_preempt
11:15:22 PM     0        18      1.00      0.00  migration/0
11:15:22 PM     0        23      1.00      0.00  migration/1
11:15:22 PM     0        29      1.00      0.00  migration/2
11:15:22 PM     0        35      1.00      0.00  migration/3
11:15:22 PM     0        41      1.00      0.00  migration/4
11:15:22 PM     0        47      1.00      0.00  migration/5
11:15:22 PM     0        53      1.00      0.00  migration/6
11:15:22 PM     0        54      1.00      0.00  ksoftirqd/6
11:15:22 PM     0        59      1.00      0.00  migration/7
11:15:22 PM     0        65      1.00      0.00  migration/8
11:15:22 PM     0        71      1.00      0.00  migration/9
11:15:22 PM     0        77      1.00      0.00  migration/10
11:15:22 PM     0        78      1.00      0.00  ksoftirqd/10
11:15:22 PM     0        83      1.00      0.00  migration/11
11:15:22 PM     0        84      2.00      0.00  ksoftirqd/11
11:15:22 PM     0        95      2.00      0.00  kcompactd0
11:15:22 PM     0       453      1.00      0.00  multipathd
11:15:22 PM     0       562      3.00      0.00  jbd2/nvme1n1p3-8
11:15:22 PM     0    227297      2.00      0.00  kworker/10:2-mm_percpu_wq
11:15:22 PM     0    230433      5.00      0.00  kworker/0:1-mm_percpu_wq
11:15:22 PM     0    230457      4.00      0.00  kworker/1:2-mm_percpu_wq
11:15:22 PM     0    230483      1.00      0.00  kworker/5:0-mm_percpu_wq
11:15:22 PM     0    238283      3.00      0.00  kworker/2:1-mm_percpu_wq
11:15:22 PM     0    239073      2.00      0.00  kworker/4:2-mm_percpu_wq
11:15:22 PM     0    241714      2.00      0.00  kworker/3:1-mm_percpu_wq
11:15:22 PM     0    245320      1.00      0.00  kworker/u24:2-edac-poller
11:15:22 PM     0    265849      1.00      0.00  iostat
11:15:22 PM     0    265850      1.00      0.00  pidstat
11:15:22 PM     0    265851      5.00      0.00  bash
11:15:22 PM     0    265852      7.00      0.00  bash
11:15:22 PM     0    265853      4.00      0.00  bash
11:15:22 PM     0    266197      3.00      0.00  kworker/6:2-events
11:15:22 PM     0    266533      3.00      0.00  kworker/11:2-mm_percpu_wq
11:15:22 PM     0    267095      1.00      1.00  sleep
11:15:22 PM     0    267096      1.00      0.00  sleep
11:15:22 PM     0    267099      1.00      0.00  sleep

11:15:22 PM   UID       PID   cswch/s nvcswch/s  Command
11:15:23 PM     0        16      1.00      0.00  ksoftirqd/0
11:15:23 PM     0        17     19.00      0.00  rcu_preempt
11:15:23 PM     0        24      1.00      0.00  ksoftirqd/1
11:15:23 PM     0        53      1.00      0.00  migration/6
11:15:23 PM     0        78      2.00      0.00  ksoftirqd/10
11:15:23 PM     0        84      1.00      0.00  ksoftirqd/11
11:15:23 PM     0        95      2.00      0.00  kcompactd0
11:15:23 PM     0       191      1.00      0.00  kworker/1:1H-kblockd
11:15:23 PM     0       359      3.00      0.00  jbd2/nvme1n1p2-8
11:15:23 PM     0       453      1.00      0.00  multipathd
11:15:23 PM     0     21554      1.00      0.00  packagekitd
11:15:23 PM     0    227297      2.00      0.00  kworker/10:2-events
11:15:23 PM     0    230433      4.00      0.00  kworker/0:1-events
11:15:23 PM     0    230457      2.00      0.00  kworker/1:2-events
11:15:23 PM     0    238283      4.00      0.00  kworker/2:1-events
11:15:23 PM     0    239073      1.00      0.00  kworker/4:2-events
11:15:23 PM     0    240331      1.00      0.00  kworker/9:2-mm_percpu_wq
11:15:23 PM     0    242833      1.00      0.00  kworker/7:1-mm_percpu_wq
11:15:23 PM     0    245320      5.00      0.00  kworker/u24:2-events_unbound
11:15:23 PM     0    250641      1.00      0.00  kworker/u24:3-flush-259:1
11:15:23 PM     0    255927      2.00      0.00  kworker/u24:0-flush-259:1
11:15:23 PM     0    265849      1.00      0.00  iostat
11:15:23 PM     0    265850      1.00      0.00  pidstat
11:15:23 PM     0    265851      5.00      0.00  bash
11:15:23 PM     0    265852      8.00      0.00  bash
11:15:23 PM     0    265853      4.00      0.00  bash
11:15:23 PM     0    266197      1.00      0.00  kworker/6:2-mm_percpu_wq
11:15:23 PM     0    266533      3.00      0.00  kworker/11:2-events
11:15:23 PM     0    267110      1.00      0.00  sleep
11:15:23 PM     0    267111      1.00      0.00  sleep
11:15:23 PM     0    267114      1.00      0.00  sleep

11:15:23 PM   UID       PID   cswch/s nvcswch/s  Command
11:15:24 PM     0        16      1.00      0.00  ksoftirqd/0
11:15:24 PM     0        17     13.00      0.00  rcu_preempt
11:15:24 PM     0        36      1.00      0.00  ksoftirqd/3
11:15:24 PM     0        78      3.00      0.00  ksoftirqd/10
11:15:24 PM     0        84      1.00      0.00  ksoftirqd/11
11:15:24 PM     0        95      2.00      0.00  kcompactd0
11:15:24 PM     0       194      1.00      0.00  kworker/8:1H-kblockd
11:15:24 PM     0       453      1.00      0.00  multipathd
11:15:24 PM     0    227297      3.00      0.00  kworker/10:2-events
11:15:24 PM     0    230433      2.00      0.00  kworker/0:1-events
11:15:24 PM     0    230457      2.00      0.00  kworker/1:2-mm_percpu_wq
11:15:24 PM     0    238283      3.00      0.00  kworker/2:1-mm_percpu_wq
11:15:24 PM     0    239073      1.00      0.00  kworker/4:2-mm_percpu_wq
11:15:24 PM     0    241714      1.00      0.00  kworker/3:1-mm_percpu_wq
11:15:24 PM     0    242833      1.00      0.00  kworker/7:1-mm_percpu_wq
11:15:24 PM     0    245320      1.00      0.00  kworker/u24:2-edac-poller
11:15:24 PM     0    265849      1.00      0.00  iostat
11:15:24 PM     0    265850      1.00      1.00  pidstat
11:15:24 PM     0    265851      5.00      0.00  bash
11:15:24 PM     0    265852      8.00      0.00  bash
11:15:24 PM     0    265853      4.00      0.00  bash
11:15:24 PM     0    266197      2.00      0.00  kworker/6:2-events
11:15:24 PM     0    266533      4.00      0.00  kworker/11:2-mm_percpu_wq
11:15:24 PM     0    267125      1.00      0.00  sleep
11:15:24 PM     0    267126      1.00      0.00  sleep
11:15:24 PM     0    267129      1.00      0.00  sleep

11:15:24 PM   UID       PID   cswch/s nvcswch/s  Command
11:15:25 PM     0        16      2.00      0.00  ksoftirqd/0
11:15:25 PM     0        17     14.00      0.00  rcu_preempt
11:15:25 PM     0        23      1.00      0.00  migration/1
11:15:25 PM     0        36      2.00      0.00  ksoftirqd/3
11:15:25 PM     0        60      1.00      0.00  ksoftirqd/7
11:15:25 PM     0        78      1.00      0.00  ksoftirqd/10
11:15:25 PM     0        84      1.00      0.00  ksoftirqd/11
11:15:25 PM     0        95      2.00      0.00  kcompactd0
11:15:25 PM     0       102      1.00      0.00  irq/9-acpi
11:15:25 PM     0       453      1.00      0.00  multipathd
11:15:25 PM     0    227297      2.00      0.00  kworker/10:2-events
11:15:25 PM     0    230433      4.00      0.00  kworker/0:1-events
11:15:25 PM     0    230457   1138.00      1.00  kworker/1:2-events
11:15:25 PM     0    238283      5.00      0.00  kworker/2:1-events
11:15:25 PM     0    240331      1.00      0.00  kworker/9:2-mm_percpu_wq
11:15:25 PM     0    241714      1.00      0.00  kworker/3:1-events
11:15:25 PM     0    245320      2.00      0.00  kworker/u24:2-events_unbound
11:15:25 PM     0    255927      1.00      0.00  kworker/u24:0-flush-259:1
11:15:25 PM     0    265849      1.00      0.00  iostat
11:15:25 PM     0    265850      1.00      0.00  pidstat
11:15:25 PM     0    265851      5.00      0.00  bash
11:15:25 PM     0    265852      8.00      0.00  bash
11:15:25 PM     0    265853      4.00      0.00  bash
11:15:25 PM     0    266197      2.00      0.00  kworker/6:2-events
11:15:25 PM     0    266533      2.00      0.00  kworker/11:2-events
11:15:25 PM     0    266979   1134.00      0.00  kworker/1:0-i915-unordered
11:15:25 PM     0    267141      1.00      0.00  sleep
11:15:25 PM     0    267143      1.00      0.00  sleep
11:15:25 PM     0    267144      1.00      0.00  sleep

11:15:25 PM   UID       PID   cswch/s nvcswch/s  Command
11:15:26 PM     0        16      1.00      0.00  ksoftirqd/0
11:15:26 PM     0        17     12.00      0.00  rcu_preempt
11:15:26 PM     0        18      1.00      0.00  migration/0
11:15:26 PM     0        23      1.00      0.00  migration/1
11:15:26 PM     0        24      2.00      0.00  ksoftirqd/1
11:15:26 PM     0        29      1.00      0.00  migration/2
11:15:26 PM     0        35      1.00      0.00  migration/3
11:15:26 PM     0        41      1.00      0.00  migration/4
11:15:26 PM     0        47      1.00      0.00  migration/5
11:15:26 PM     0        53      1.00      0.00  migration/6
11:15:26 PM     0        59      1.00      0.00  migration/7
11:15:26 PM     0        65      1.00      0.00  migration/8
11:15:26 PM     0        71      1.00      0.00  migration/9
11:15:26 PM     0        72      2.00      0.00  ksoftirqd/9
11:15:26 PM     0        77      1.00      0.00  migration/10
11:15:26 PM     0        83      1.00      0.00  migration/11
11:15:26 PM     0        95      2.00      0.00  kcompactd0
11:15:26 PM     0       453      1.00      0.00  multipathd
11:15:26 PM   101       608      1.00      0.00  systemd-network
11:15:26 PM     0    227297      3.00      0.00  kworker/10:2-mm_percpu_wq
11:15:26 PM     0    230433      4.00      0.00  kworker/0:1-mm_percpu_wq
11:15:26 PM     0    230483      1.00      0.00  kworker/5:0-mm_percpu_wq
11:15:26 PM     0    238283      3.00      0.00  kworker/2:1-mm_percpu_wq
11:15:26 PM     0    239073      2.00      0.00  kworker/4:2-mm_percpu_wq
11:15:26 PM     0    241714      2.00      0.00  kworker/3:1-mm_percpu_wq
11:15:26 PM     0    242833      1.00      0.00  kworker/7:1-mm_percpu_wq
11:15:26 PM     0    245320      1.00      0.00  kworker/u24:2-events_power_efficient
11:15:26 PM     0    255927      2.00      0.00  kworker/u24:0-edac-poller
11:15:26 PM     0    265849      1.00      0.00  iostat
11:15:26 PM     0    265850      1.00      1.00  pidstat
11:15:26 PM     0    265851      5.00      0.00  bash
11:15:26 PM     0    265852      8.00      0.00  bash
11:15:26 PM     0    265853      4.00      0.00  bash
11:15:26 PM     0    266533      3.00      0.00  kworker/11:2-mm_percpu_wq
11:15:26 PM     0    266979      2.00      0.00  kworker/1:0-mm_percpu_wq
11:15:26 PM     0    267147      1.00      0.00  sleep
11:15:26 PM     0    267158      1.00      0.00  sleep
11:15:26 PM     0    267159      1.00      0.00  sleep

11:15:26 PM   UID       PID   cswch/s nvcswch/s  Command
11:15:27 PM     0        17     17.00      0.00  rcu_preempt
11:15:27 PM     0        24      2.00      0.00  ksoftirqd/1
11:15:27 PM     0        42      1.00      0.00  ksoftirqd/4
11:15:27 PM     0        71      1.00      0.00  migration/9
11:15:27 PM     0        78      1.00      0.00  ksoftirqd/10
11:15:27 PM     0        95      2.00      0.00  kcompactd0
11:15:27 PM     0       453      1.00      0.00  multipathd
11:15:27 PM     0    227297      1.00      0.00  kworker/10:2-events
11:15:27 PM     0    230483      2.00      0.00  kworker/5:0-events
11:15:27 PM     0    238283      2.00      0.00  kworker/2:1-events
11:15:27 PM     0    239073      2.00      0.00  kworker/4:2-events
11:15:27 PM     0    240331      1.00      0.00  kworker/9:2-mm_percpu_wq
11:15:27 PM     0    241714      2.00      0.00  kworker/3:1-events
11:15:27 PM     0    242833      1.00      0.00  kworker/7:1-events
11:15:27 PM     0    255927      1.00      0.00  kworker/u24:0-edac-poller
11:15:27 PM     0    265849      1.00      0.00  iostat
11:15:27 PM     0    265850      1.00      0.00  pidstat
11:15:27 PM     0    265851      5.00      0.00  bash
11:15:27 PM     0    265852      8.00      0.00  bash
11:15:27 PM     0    265853      4.00      0.00  bash
11:15:27 PM     0    266533      1.00      0.00  kworker/11:2-events
11:15:27 PM     0    266979      3.00      0.00  kworker/1:0-events
11:15:27 PM     0    267162      1.00      0.00  sleep
11:15:27 PM     0    267173      1.00      0.00  sleep
11:15:27 PM     0    267174      1.00      0.00  sleep

11:15:27 PM   UID       PID   cswch/s nvcswch/s  Command
11:15:28 PM     0        16      1.00      0.00  ksoftirqd/0
11:15:28 PM     0        17     19.00      0.00  rcu_preempt
11:15:28 PM     0        24      1.00      0.00  ksoftirqd/1
11:15:28 PM     0        36      1.00      0.00  ksoftirqd/3
11:15:28 PM     0        95      2.00      0.00  kcompactd0
11:15:28 PM     0       187      2.00      0.00  kworker/0:1H-kblockd
11:15:28 PM     0       359      3.00      0.00  jbd2/nvme1n1p2-8
11:15:28 PM     0       453      1.00      0.00  multipathd
11:15:28 PM     0       562      3.00      0.00  jbd2/nvme1n1p3-8
11:15:28 PM     0    227297      1.00      0.00  kworker/10:2-events
11:15:28 PM     0    230433      3.00      0.00  kworker/0:1-events
11:15:28 PM     0    230483      1.00      0.00  kworker/5:0-events
11:15:28 PM     0    238283      3.00      0.00  kworker/2:1-mm_percpu_wq
11:15:28 PM     0    239073      2.00      0.00  kworker/4:2-mm_percpu_wq
11:15:28 PM     0    241714      3.00      0.00  kworker/3:1-mm_percpu_wq
11:15:28 PM     0    245320      2.00      0.00  kworker/u24:2-ext4-rsv-conversion
11:15:28 PM     0    255927      7.00      0.00  kworker/u24:0-edac-poller
11:15:28 PM     0    265849      1.00      0.00  iostat
11:15:28 PM     0    265850      1.00      0.00  pidstat
11:15:28 PM     0    265851      5.00      0.00  bash
11:15:28 PM     0    265852      7.00      0.00  bash
11:15:28 PM     0    265853      4.00      0.00  bash
11:15:28 PM     0    266533      2.00      0.00  kworker/11:2-mm_percpu_wq
11:15:28 PM     0    266979      6.00      0.00  kworker/1:0-mm_percpu_wq
11:15:28 PM     0    267177      1.00      0.00  sleep
11:15:28 PM     0    267188      1.00      0.00  sleep
11:15:28 PM     0    267189      1.00      0.00  sleep

11:15:28 PM   UID       PID   cswch/s nvcswch/s  Command
11:15:29 PM     0        17     17.00      0.00  rcu_preempt
11:15:29 PM     0        24      1.00      0.00  ksoftirqd/1
11:15:29 PM     0        36      1.00      0.00  ksoftirqd/3
11:15:29 PM     0        78      1.00      0.00  ksoftirqd/10
11:15:29 PM     0        95      2.00      0.00  kcompactd0
11:15:29 PM     0       453      1.00      0.00  multipathd
11:15:29 PM     0    227297      3.00      0.00  kworker/10:2-events
11:15:29 PM     0    230433      4.00      0.00  kworker/0:1-mm_percpu_wq
11:15:29 PM     0    230483      1.00      0.00  kworker/5:0-mm_percpu_wq
11:15:29 PM     0    238283      3.00      0.00  kworker/2:1-events
11:15:29 PM     0    239073      1.00      0.00  kworker/4:2-mm_percpu_wq
11:15:29 PM     0    240331      1.00      0.00  kworker/9:2-mm_percpu_wq
11:15:29 PM     0    241714      3.00      0.00  kworker/3:1-mm_percpu_wq
11:15:29 PM     0    255927      1.00      0.00  kworker/u24:0-edac-poller
11:15:29 PM     0    265849      1.00      0.00  iostat
11:15:29 PM     0    265850      1.00      0.00  pidstat
11:15:29 PM     0    265851      5.00      0.00  bash
11:15:29 PM     0    265852      7.00      0.00  bash
11:15:29 PM     0    265853      4.00      0.00  bash
11:15:29 PM     0    266533      1.00      0.00  kworker/11:2-events
11:15:29 PM     0    266979      4.00      0.00  kworker/1:0-events
11:15:29 PM     0    267192      1.00      0.00  sleep
11:15:29 PM     0    267203      1.00      0.00  sleep
11:15:29 PM     0    267204      1.00      0.00  sleep

11:15:29 PM   UID       PID   cswch/s nvcswch/s  Command
11:15:30 PM     0        16      3.00      0.00  ksoftirqd/0
11:15:30 PM     0        17     19.00      0.00  rcu_preempt
11:15:30 PM     0        18      1.00      0.00  migration/0
11:15:30 PM     0        23      1.00      0.00  migration/1
11:15:30 PM     0        24      1.00      0.00  ksoftirqd/1
11:15:30 PM     0        29      1.00      0.00  migration/2
11:15:30 PM     0        35      1.00      0.00  migration/3
11:15:30 PM     0        36      1.00      0.00  ksoftirqd/3
11:15:30 PM     0        41      1.00      0.00  migration/4
11:15:30 PM     0        42      1.00      0.00  ksoftirqd/4
11:15:30 PM     0        47      1.00      0.00  migration/5
11:15:30 PM     0        53      1.00      0.00  migration/6
11:15:30 PM     0        59      1.00      0.00  migration/7
11:15:30 PM     0        65      1.00      0.00  migration/8
11:15:30 PM     0        71      1.00      0.00  migration/9
11:15:30 PM     0        77      1.00      0.00  migration/10
11:15:30 PM     0        83      1.00      0.00  migration/11
11:15:30 PM     0        95      2.00      0.00  kcompactd0
11:15:30 PM     0       453      1.00      0.00  multipathd
11:15:30 PM     0    230433      5.00      0.00  kworker/0:1-events
11:15:30 PM     0    238283      2.00      0.00  kworker/2:1-events
11:15:30 PM     0    239073      3.00      0.00  kworker/4:2-mm_percpu_wq
11:15:30 PM     0    241714      2.00      0.00  kworker/3:1-mm_percpu_wq
11:15:30 PM     0    242833      1.00      0.00  kworker/7:1-mm_percpu_wq
11:15:30 PM     0    255927      2.00      0.00  kworker/u24:0-edac-poller
11:15:30 PM     0    265849      1.00      0.00  iostat
11:15:30 PM     0    265850      1.00      0.00  pidstat
11:15:30 PM     0    265851      5.00      0.00  bash
11:15:30 PM     0    265852      7.00      0.00  bash
11:15:30 PM     0    265853      4.00      0.00  bash
11:15:30 PM     0    266197      1.00      0.00  kworker/6:2-mm_percpu_wq
11:15:30 PM     0    266533      2.00      0.00  kworker/11:2-events
11:15:30 PM     0    266979      3.00      0.00  kworker/1:0-mm_percpu_wq
11:15:30 PM     0    267207      1.00      0.00  sleep
11:15:30 PM     0    267218      1.00      0.00  sleep
11:15:30 PM     0    267219      1.00      0.00  sleep

11:15:30 PM   UID       PID   cswch/s nvcswch/s  Command
11:15:31 PM     0        17     18.00      0.00  rcu_preempt
11:15:31 PM     0        24      2.00      0.00  ksoftirqd/1
11:15:31 PM     0        78      1.00      0.00  ksoftirqd/10
11:15:31 PM     0        95      2.00      0.00  kcompactd0
11:15:31 PM     0       453      1.00      0.00  multipathd
11:15:31 PM     0    227297      1.00      0.00  kworker/10:2-mm_percpu_wq
11:15:31 PM     0    230433      3.00      0.00  kworker/0:1-mm_percpu_wq
11:15:31 PM     0    230483      1.00      0.00  kworker/5:0-mm_percpu_wq
11:15:31 PM     0    238283      3.00      0.00  kworker/2:1-events
11:15:31 PM     0    240331      1.00      0.00  kworker/9:2-mm_percpu_wq
11:15:31 PM     0    241714      4.00      0.00  kworker/3:1-mm_percpu_wq
11:15:31 PM     0    245320      2.00      0.00  kworker/u24:2-events_power_efficient
11:15:31 PM     0    255927      3.00      0.00  kworker/u24:0-edac-poller
11:15:31 PM     0    265849      1.00      0.00  iostat
11:15:31 PM     0    265850      1.00      0.00  pidstat
11:15:31 PM     0    265851      5.00      0.00  bash
11:15:31 PM     0    265852      7.00      0.00  bash
11:15:31 PM     0    265853      4.00      0.00  bash
11:15:31 PM     0    266533      1.00      0.00  kworker/11:2-events
11:15:31 PM     0    266979      2.00      0.00  kworker/1:0-events
11:15:31 PM     0    267222      1.00      0.00  sleep
11:15:31 PM     0    267233      1.00      0.00  sleep
11:15:31 PM     0    267234      1.00      0.00  sleep

11:15:31 PM   UID       PID   cswch/s nvcswch/s  Command
11:15:32 PM     0        16      2.00      0.00  ksoftirqd/0
11:15:32 PM     0        17     16.00      0.00  rcu_preempt
11:15:32 PM     0        95      2.00      0.00  kcompactd0
11:15:32 PM     0       453      1.00      0.00  multipathd
11:15:32 PM     0    227297      2.00      0.00  kworker/10:2-mm_percpu_wq
11:15:32 PM     0    230433      4.00      0.00  kworker/0:1-events
11:15:32 PM     0    238283      3.00      0.00  kworker/2:1-mm_percpu_wq
11:15:32 PM     0    239073      1.00      0.00  kworker/4:2-events
11:15:32 PM     0    241714      1.00      0.00  kworker/3:1-mm_percpu_wq
11:15:32 PM     0    255927      2.00      0.00  kworker/u24:0-edac-poller
11:15:32 PM     0    265849      1.00      0.00  iostat
11:15:32 PM     0    265850      1.00      0.00  pidstat
11:15:32 PM     0    265851      5.00      0.00  bash
11:15:32 PM     0    265852      8.00      0.00  bash
11:15:32 PM     0    265853      4.00      0.00  bash
11:15:32 PM     0    266197      1.00      0.00  kworker/6:2-mm_percpu_wq
11:15:32 PM     0    266533      1.00      0.00  kworker/11:2-mm_percpu_wq
11:15:32 PM     0    266979      6.00      0.00  kworker/1:0-mm_percpu_wq
11:15:32 PM     0    267237      1.00      0.00  sleep
11:15:32 PM     0    267248      1.00      0.00  sleep
11:15:32 PM     0    267249      1.00      0.00  sleep

11:15:32 PM   UID       PID   cswch/s nvcswch/s  Command
11:15:33 PM     0        16      1.00      0.00  ksoftirqd/0
11:15:33 PM     0        17     16.00      0.00  rcu_preempt
11:15:33 PM     0        24      1.00      0.00  ksoftirqd/1
11:15:33 PM     0        36      2.00      0.00  ksoftirqd/3
11:15:33 PM     0        95      2.00      0.00  kcompactd0
11:15:33 PM     0       176      1.00      0.00  kworker/11:1H-kblockd
11:15:33 PM     0       187      2.00      0.00  kworker/0:1H-kblockd
11:15:33 PM     0       194      1.00      0.00  kworker/8:1H-kblockd
11:15:33 PM     0       195      2.00      0.00  kworker/6:1H-kblockd
11:15:33 PM     0       359      3.00      0.00  jbd2/nvme1n1p2-8
11:15:33 PM     0       453      1.00      0.00  multipathd
11:15:33 PM     0       562      3.00      0.00  jbd2/nvme1n1p3-8
11:15:33 PM     0     21554      1.00      0.00  packagekitd
11:15:33 PM     0    227297      1.00      0.00  kworker/10:2-mm_percpu_wq
11:15:33 PM     0    230433      5.00      0.00  kworker/0:1-mm_percpu_wq
11:15:33 PM     0    230456      1.00      0.00  kworker/8:2-mm_percpu_wq
11:15:33 PM     0    230483      1.00      0.00  kworker/5:0-mm_percpu_wq
11:15:33 PM     0    238283      5.00      0.00  kworker/2:1-events
11:15:33 PM     0    239073      1.00      0.00  kworker/4:2-mm_percpu_wq
11:15:33 PM     0    240331      1.00      0.00  kworker/9:2-mm_percpu_wq
11:15:33 PM     0    241714      4.00      0.00  kworker/3:1-mm_percpu_wq
11:15:33 PM     0    245320      4.00      0.00  kworker/u24:2-edac-poller
11:15:33 PM     0    250641      2.00      0.00  kworker/u24:3-flush-259:1
11:15:33 PM     0    255927      7.00      0.00  kworker/u24:0-writeback
11:15:33 PM     0    265849      1.00      0.00  iostat
11:15:33 PM     0    265850      1.00      0.00  pidstat
11:15:33 PM     0    265851      5.00      0.00  bash
11:15:33 PM     0    265852      7.00      0.00  bash
11:15:33 PM     0    265853      4.00      0.00  bash
11:15:33 PM     0    266197      1.00      0.00  kworker/6:2-mm_percpu_wq
11:15:33 PM     0    266533      2.00      0.00  kworker/11:2-mm_percpu_wq
11:15:33 PM     0    266979      1.00      0.00  kworker/1:0-events
11:15:33 PM     0    267252      1.00      0.00  sleep
11:15:33 PM     0    267263      1.00      0.00  sleep
11:15:33 PM     0    267264      1.00      0.00  sleep

11:15:33 PM   UID       PID   cswch/s nvcswch/s  Command
11:15:34 PM     0        16      1.00      0.00  ksoftirqd/0
11:15:34 PM     0        17     16.00      0.00  rcu_preempt
11:15:34 PM     0        18      1.00      0.00  migration/0
11:15:34 PM     0        23      1.00      0.00  migration/1
11:15:34 PM     0        24      2.00      0.00  ksoftirqd/1
11:15:34 PM     0        29      1.00      0.00  migration/2
11:15:34 PM     0        35      1.00      0.00  migration/3
11:15:34 PM     0        36      1.00      0.00  ksoftirqd/3
11:15:34 PM     0        41      1.00      0.00  migration/4
11:15:34 PM     0        47      1.00      0.00  migration/5
11:15:34 PM     0        53      1.00      0.00  migration/6
11:15:34 PM     0        59      1.00      0.00  migration/7
11:15:34 PM     0        65      1.00      0.00  migration/8
11:15:34 PM     0        71      1.00      0.00  migration/9
11:15:34 PM     0        77      1.00      0.00  migration/10
11:15:34 PM     0        78      1.00      0.00  ksoftirqd/10
11:15:34 PM     0        83      1.00      0.00  migration/11
11:15:34 PM     0        95      2.00      0.00  kcompactd0
11:15:34 PM     0       189      1.00      0.00  kworker/4:1H-kblockd
11:15:34 PM     0       453      1.00      0.00  multipathd
11:15:34 PM     0    227297      3.00      0.00  kworker/10:2-mm_percpu_wq
11:15:34 PM     0    230433      4.00      0.00  kworker/0:1-events
11:15:34 PM     0    238283      3.00      0.00  kworker/2:1-mm_percpu_wq
11:15:34 PM     0    239073      1.00      0.00  kworker/4:2-mm_percpu_wq
11:15:34 PM     0    241714      3.00      0.00  kworker/3:1-mm_percpu_wq
11:15:34 PM     0    245320      2.00      0.00  kworker/u24:2-edac-poller
11:15:34 PM     0    265849      1.00      0.00  iostat
11:15:34 PM     0    265850      1.00      0.00  pidstat
11:15:34 PM     0    265851      5.00      0.00  bash
11:15:34 PM     0    265852      7.00      0.00  bash
11:15:34 PM     0    265853      4.00      0.00  bash
11:15:34 PM     0    266197      1.00      0.00  kworker/6:2-mm_percpu_wq
11:15:34 PM     0    266533      1.00      0.00  kworker/11:2-mm_percpu_wq
11:15:34 PM     0    266979      4.00      0.00  kworker/1:0-mm_percpu_wq
11:15:34 PM     0    267267      1.00      0.00  sleep
11:15:34 PM     0    267278      1.00      0.00  sleep
11:15:34 PM     0    267279      1.00      0.00  sleep

11:15:34 PM   UID       PID   cswch/s nvcswch/s  Command
11:15:35 PM     0        16      2.00      0.00  ksoftirqd/0
11:15:35 PM     0        17     18.00      0.00  rcu_preempt
11:15:35 PM     0        24      2.00      0.00  ksoftirqd/1
11:15:35 PM     0        78      1.00      0.00  ksoftirqd/10
11:15:35 PM     0        95      2.00      0.00  kcompactd0
11:15:35 PM     0       453      1.00      0.00  multipathd
11:15:35 PM     0    227297      1.00      0.00  kworker/10:2-events
11:15:35 PM     0    230433      1.00      0.00  kworker/0:1-events
11:15:35 PM     0    230456      1.00      0.00  kworker/8:2-mm_percpu_wq
11:15:35 PM     0    230483      1.00      0.00  kworker/5:0-mm_percpu_wq
11:15:35 PM     0    238283      5.00      0.00  kworker/2:1-events
11:15:35 PM     0    239073      2.00      0.00  kworker/4:2-events
11:15:35 PM     0    241714      3.00      0.00  kworker/3:1-events
11:15:35 PM     0    242833      1.00      0.00  kworker/7:1-xfs-sync/nvme0n1p2
11:15:35 PM     0    245320      1.00      0.00  kworker/u24:2-edac-poller
11:15:35 PM     0    265849      1.00      0.00  iostat
11:15:35 PM     0    265850      1.00      0.00  pidstat
11:15:35 PM     0    265851      5.00      0.00  bash
11:15:35 PM     0    265852      7.00      0.00  bash
11:15:35 PM     0    265853      4.00      0.00  bash
11:15:35 PM     0    266979      6.00      0.00  kworker/1:0-events
11:15:35 PM     0    267282      1.00      0.00  sleep
11:15:35 PM     0    267293      1.00      0.00  sleep
11:15:35 PM     0    267294      1.00      0.00  sleep

11:15:35 PM   UID       PID   cswch/s nvcswch/s  Command
11:15:36 PM     0        16      1.00      0.00  ksoftirqd/0
11:15:36 PM     0        17     17.00      0.00  rcu_preempt
11:15:36 PM     0        24      2.00      0.00  ksoftirqd/1
11:15:36 PM     0        36      1.00      0.00  ksoftirqd/3
11:15:36 PM     0        95      2.00      0.00  kcompactd0
11:15:36 PM     0       453      1.00      0.00  multipathd
11:15:36 PM     0    227297      4.00      0.00  kworker/10:2-mm_percpu_wq
11:15:36 PM     0    230433      2.00      0.00  kworker/0:1-mm_percpu_wq
11:15:36 PM     0    238283      4.00      0.00  kworker/2:1-mm_percpu_wq
11:15:36 PM     0    239073      4.00      0.00  kworker/4:2-mm_percpu_wq
11:15:36 PM     0    241714      2.00      0.00  kworker/3:1-mm_percpu_wq
11:15:36 PM     0    245320      2.00      0.00  kworker/u24:2-events_power_efficient
11:15:36 PM     0    255927      1.00      0.00  kworker/u24:0-writeback
11:15:36 PM     0    265849      1.00      0.00  iostat
11:15:36 PM     0    265850      1.00      0.00  pidstat
11:15:36 PM     0    265851      5.00      0.00  bash
11:15:36 PM     0    265852      8.00      0.00  bash
11:15:36 PM     0    265853      4.00      0.00  bash
11:15:36 PM     0    266533      1.00      0.00  kworker/11:2-mm_percpu_wq
11:15:36 PM     0    266979      4.00      0.00  kworker/1:0-events
11:15:36 PM     0    267297      1.00      0.00  sleep
11:15:36 PM     0    267308      1.00      0.00  sleep
11:15:36 PM     0    267309      1.00      0.00  sleep

11:15:36 PM   UID       PID   cswch/s nvcswch/s  Command
11:15:37 PM     0         1      0.99      0.00  systemd
11:15:37 PM     0        17     18.81      0.00  rcu_preempt
11:15:37 PM     0        24      2.97      0.00  ksoftirqd/1
11:15:37 PM     0        36      0.99      0.00  ksoftirqd/3
11:15:37 PM     0        54      0.99      0.00  ksoftirqd/6
11:15:37 PM     0        72      0.99      0.00  ksoftirqd/9
11:15:37 PM     0        95      1.98      0.00  kcompactd0
11:15:37 PM     0       453      0.99      0.00  multipathd
11:15:37 PM     0       463      0.99      0.00  systemd-udevd
11:15:37 PM   101       608      1.98      0.00  systemd-network
11:15:37 PM   104       622      0.99      0.00  systemd-timesyn
11:15:37 PM     0    230433      0.99      0.00  kworker/0:1-events
11:15:37 PM     0    230483      0.99      0.00  kworker/5:0-mm_percpu_wq
11:15:37 PM     0    238283      2.97      0.00  kworker/2:1-events
11:15:37 PM     0    239073      0.99      0.00  kworker/4:2-events
11:15:37 PM     0    240331      2.97      0.00  kworker/9:2-events
11:15:37 PM     0    241714      0.99      0.00  kworker/3:1-events
11:15:37 PM     0    255927      0.99      0.00  kworker/u24:0-edac-poller
11:15:37 PM     0    265849      0.99      0.00  iostat
11:15:37 PM     0    265850      0.99      0.00  pidstat
11:15:37 PM     0    265851      4.95      0.00  bash
11:15:37 PM     0    265852      7.92      0.00  bash
11:15:37 PM     0    265853      3.96      0.00  bash
11:15:37 PM     0    266197      0.99      0.00  kworker/6:2-mm_percpu_wq
11:15:37 PM     0    266979      3.96      0.00  kworker/1:0-events
11:15:37 PM     0    267312      0.99      0.00  sleep
11:15:37 PM     0    267323      0.99      0.00  sleep
11:15:37 PM     0    267324      0.99      0.00  sleep

11:15:37 PM   UID       PID   cswch/s nvcswch/s  Command
11:15:38 PM     0         2      1.00      0.00  kthreadd
11:15:38 PM     0        17     18.00      0.00  rcu_preempt
11:15:38 PM     0        18      1.00      0.00  migration/0
11:15:38 PM     0        23      1.00      0.00  migration/1
11:15:38 PM     0        24      3.00      0.00  ksoftirqd/1
11:15:38 PM     0        29      1.00      0.00  migration/2
11:15:38 PM     0        35      1.00      0.00  migration/3
11:15:38 PM     0        41      1.00      0.00  migration/4
11:15:38 PM     0        42      1.00      0.00  ksoftirqd/4
11:15:38 PM     0        47      1.00      0.00  migration/5
11:15:38 PM     0        53      1.00      0.00  migration/6
11:15:38 PM     0        59      1.00      0.00  migration/7
11:15:38 PM     0        65      1.00      0.00  migration/8
11:15:38 PM     0        71      1.00      0.00  migration/9
11:15:38 PM     0        77      1.00      0.00  migration/10
11:15:38 PM     0        83      1.00      0.00  migration/11
11:15:38 PM     0        84      1.00      0.00  ksoftirqd/11
11:15:38 PM     0        95      2.00      0.00  kcompactd0
11:15:38 PM     0       102      1.00      0.00  irq/9-acpi
11:15:38 PM     0       187      1.00      0.00  kworker/0:1H-kblockd
11:15:38 PM     0       359      3.00      0.00  jbd2/nvme1n1p2-8
11:15:38 PM     0       453      1.00      0.00  multipathd
11:15:38 PM     0       562      3.00      0.00  jbd2/nvme1n1p3-8
11:15:38 PM     0    227297      8.00      0.00  kworker/10:2-mm_percpu_wq
11:15:38 PM     0    230417      2.00      0.00  kworker/10:0-i915-unordered
11:15:38 PM     0    230433      3.00      0.00  kworker/0:1-events
11:15:38 PM     0    230456      1.00      0.00  kworker/8:2-mm_percpu_wq
11:15:38 PM     0    230483      1.00      0.00  kworker/5:0-mm_percpu_wq
11:15:38 PM     0    238283      3.00      0.00  kworker/2:1-mm_percpu_wq
11:15:38 PM     0    239073      3.00      0.00  kworker/4:2-events
11:15:38 PM     0    240331      1.00      0.00  kworker/9:2-mm_percpu_wq
11:15:38 PM     0    241714      1.00      0.00  kworker/3:1-mm_percpu_wq
11:15:38 PM     0    242833      2.00      0.00  kworker/7:1-mm_percpu_wq
11:15:38 PM     0    245320      1.00      0.00  kworker/u24:2-ext4-rsv-conversion
11:15:38 PM     0    255927      6.00      0.00  kworker/u24:0-edac-poller
11:15:38 PM     0    265849      1.00      0.00  iostat
11:15:38 PM     0    265850      1.00      0.00  pidstat
11:15:38 PM     0    265851      5.00      0.00  bash
11:15:38 PM     0    265852      5.00      0.00  bash
11:15:38 PM     0    265853      4.00      0.00  bash
11:15:38 PM     0    266197      2.00      0.00  kworker/6:2-events
11:15:38 PM     0    266533      1.00      0.00  kworker/11:2-mm_percpu_wq
11:15:38 PM     0    266979      6.00      0.00  kworker/1:0-events
11:15:38 PM     0    267327      2.00      0.00  kworker/10:1
11:15:38 PM     0    267328      1.00      0.00  sleep
11:15:38 PM     0    267339      1.00      0.00  sleep
11:15:38 PM     0    267340      1.00      0.00  sleep

11:15:38 PM   UID       PID   cswch/s nvcswch/s  Command
11:15:39 PM     0        16      2.00      0.00  ksoftirqd/0
11:15:39 PM     0        17     20.00      0.00  rcu_preempt
11:15:39 PM     0        42      1.00      0.00  ksoftirqd/4
11:15:39 PM     0        54      1.00      0.00  ksoftirqd/6
11:15:39 PM     0        72      3.00      0.00  ksoftirqd/9
11:15:39 PM     0        78      1.00      0.00  ksoftirqd/10
11:15:39 PM     0        95      2.00      0.00  kcompactd0
11:15:39 PM     0       453      1.00      0.00  multipathd
11:15:39 PM     0    227297      1.00      0.00  kworker/10:2-mm_percpu_wq
11:15:39 PM     0    230433      7.00      0.00  kworker/0:1-events
11:15:39 PM     0    230456      1.00      0.00  kworker/8:2-mm_percpu_wq
11:15:39 PM     0    230483      1.00      0.00  kworker/5:0-mm_percpu_wq
11:15:39 PM     0    238283      4.00      0.00  kworker/2:1-events
11:15:39 PM     0    239073      3.00      0.00  kworker/4:2-events
11:15:39 PM     0    240331      3.00      0.00  kworker/9:2-events
11:15:39 PM     0    241714      2.00      0.00  kworker/3:1-events
11:15:39 PM     0    242833      1.00      0.00  kworker/7:1-mm_percpu_wq
11:15:39 PM     0    255927      1.00      0.00  kworker/u24:0-edac-poller
11:15:39 PM     0    265849      1.00      0.00  iostat
11:15:39 PM     0    265850      1.00      1.00  pidstat
11:15:39 PM     0    265851      5.00      0.00  bash
11:15:39 PM     0    265852      6.00      0.00  bash
11:15:39 PM     0    265853      4.00      0.00  bash
11:15:39 PM     0    266197      2.00      0.00  kworker/6:2-events
11:15:39 PM     0    266533      2.00      0.00  kworker/11:2-events
11:15:39 PM     0    266979      2.00      0.00  kworker/1:0-mm_percpu_wq
11:15:39 PM     0    267343      1.00      0.00  sleep
11:15:39 PM     0    267353      1.00      0.00  sleep
11:15:39 PM     0    267355      1.00      0.00  sleep

11:15:39 PM   UID       PID   cswch/s nvcswch/s  Command
11:15:40 PM     0        17     20.00      0.00  rcu_preempt
11:15:40 PM     0        36      1.00      0.00  ksoftirqd/3
11:15:40 PM     0        78      1.00      0.00  ksoftirqd/10
11:15:40 PM     0        95      2.00      0.00  kcompactd0
11:15:40 PM     0       453      1.00      0.00  multipathd
11:15:40 PM     0    227297      3.00      0.00  kworker/10:2-events
11:15:40 PM     0    230433      3.00      0.00  kworker/0:1-events
11:15:40 PM     0    230483      1.00      0.00  kworker/5:0-mm_percpu_wq
11:15:40 PM     0    238283      5.00      0.00  kworker/2:1-events
11:15:40 PM     0    239073      3.00      0.00  kworker/4:2-events
11:15:40 PM     0    241714      3.00      0.00  kworker/3:1-events
11:15:40 PM     0    242833      1.00      0.00  kworker/7:1-mm_percpu_wq
11:15:40 PM     0    255927      2.00      0.00  kworker/u24:0-edac-poller
11:15:40 PM     0    265849      1.00      0.00  iostat
11:15:40 PM     0    265850      1.00      0.00  pidstat
11:15:40 PM     0    265851      5.00      0.00  bash
11:15:40 PM     0    265852      8.00      1.00  bash
11:15:40 PM     0    265853      4.00      0.00  bash
11:15:40 PM     0    266197      2.00      0.00  kworker/6:2-events
11:15:40 PM     0    266533      1.00      0.00  kworker/11:2-mm_percpu_wq
11:15:40 PM     0    266979      5.00      0.00  kworker/1:0-events
11:15:40 PM     0    267358      1.00      0.00  sleep
11:15:40 PM     0    267369      1.00      0.00  sleep
11:15:40 PM     0    267370      1.00      0.00  sleep

11:15:40 PM   UID       PID   cswch/s nvcswch/s  Command
11:15:41 PM     0        17     17.00      0.00  rcu_preempt
11:15:41 PM     0        24      1.00      0.00  ksoftirqd/1
11:15:41 PM     0        35      1.00      0.00  migration/3
11:15:41 PM     0        36      1.00      0.00  ksoftirqd/3
11:15:41 PM     0        42      2.00      0.00  ksoftirqd/4
11:15:41 PM     0        95      2.00      0.00  kcompactd0
11:15:41 PM     0       453      1.00      0.00  multipathd
11:15:41 PM     0    230433      2.00      0.00  kworker/0:1-mm_percpu_wq
11:15:41 PM     0    230483      1.00      0.00  kworker/5:0-mm_percpu_wq
11:15:41 PM     0    238283      4.00      0.00  kworker/2:1-events
11:15:41 PM     0    239073      3.00      0.00  kworker/4:2-events
11:15:41 PM     0    240331      2.00      0.00  kworker/9:2-events
11:15:41 PM     0    241714      4.00      0.00  kworker/3:1-events
11:15:41 PM     0    242833      1.00      0.00  kworker/7:1-mm_percpu_wq
11:15:41 PM     0    255927      1.00      0.00  kworker/u24:0-edac-poller
11:15:41 PM     0    265849      1.00      0.00  iostat
11:15:41 PM     0    265850      1.00      0.00  pidstat
11:15:41 PM     0    265851      5.00      0.00  bash
11:15:41 PM     0    265852      6.00      0.00  bash
11:15:41 PM     0    265853      4.00      0.00  bash
11:15:41 PM     0    266197      1.00      0.00  kworker/6:2-mm_percpu_wq
11:15:41 PM     0    266533      1.00      0.00  kworker/11:2-mm_percpu_wq
11:15:41 PM     0    266979      4.00      0.00  kworker/1:0-events
11:15:41 PM     0    267373      1.00      0.00  sleep
11:15:41 PM     0    267384      1.00      0.00  sleep
11:15:41 PM     0    267385      1.00      0.00  sleep

11:15:41 PM   UID       PID   cswch/s nvcswch/s  Command
11:15:42 PM     0        16      1.00      0.00  ksoftirqd/0
11:15:42 PM     0        17     19.00      0.00  rcu_preempt
11:15:42 PM     0        18      1.00      0.00  migration/0
11:15:42 PM     0        23      1.00      0.00  migration/1
11:15:42 PM     0        29      1.00      0.00  migration/2
11:15:42 PM     0        35      1.00      0.00  migration/3
11:15:42 PM     0        36      1.00      0.00  ksoftirqd/3
11:15:42 PM     0        41      1.00      0.00  migration/4
11:15:42 PM     0        42      1.00      0.00  ksoftirqd/4
11:15:42 PM     0        47      1.00      0.00  migration/5
11:15:42 PM     0        53      1.00      0.00  migration/6
11:15:42 PM     0        59      2.00      0.00  migration/7
11:15:42 PM     0        65      1.00      0.00  migration/8
11:15:42 PM     0        71      1.00      0.00  migration/9
11:15:42 PM     0        77      1.00      0.00  migration/10
11:15:42 PM     0        83      1.00      0.00  migration/11
11:15:42 PM     0        95      2.00      0.00  kcompactd0
11:15:42 PM     0       453      1.00      0.00  multipathd
11:15:42 PM     0    227297      2.00      0.00  kworker/10:2-events
11:15:42 PM     0    230433      1.00      0.00  kworker/0:1-events
11:15:42 PM     0    230483      1.00      0.00  kworker/5:0-mm_percpu_wq
11:15:42 PM     0    238283      3.00      0.00  kworker/2:1-mm_percpu_wq
11:15:42 PM     0    239073      3.00      0.00  kworker/4:2-events
11:15:42 PM     0    241714      2.00      0.00  kworker/3:1-events
11:15:42 PM     0    242833      2.00      0.00  kworker/7:1-events
11:15:42 PM     0    245320      3.00      0.00  kworker/u24:2-edac-poller
11:15:42 PM     0    255927      1.00      0.00  kworker/u24:0-events_power_efficient
11:15:42 PM     0    265849      1.00      0.00  iostat
11:15:42 PM     0    265850      1.00      0.00  pidstat
11:15:42 PM     0    265851      5.00      0.00  bash
11:15:42 PM     0    265852      6.00      0.00  bash
11:15:42 PM     0    265853      4.00      0.00  bash
11:15:42 PM     0    266533      1.00      0.00  kworker/11:2-mm_percpu_wq
11:15:42 PM     0    266979      3.00      0.00  kworker/1:0-mm_percpu_wq
11:15:42 PM     0    267388      1.00      0.00  sleep
11:15:42 PM     0    267399      1.00      1.00  sleep
11:15:42 PM     0    267400      1.00      0.00  sleep

11:15:42 PM   UID       PID   cswch/s nvcswch/s  Command
11:15:43 PM     0        17     16.00      0.00  rcu_preempt
11:15:43 PM     0        36      1.00      0.00  ksoftirqd/3
11:15:43 PM     0        41      1.00      0.00  migration/4
11:15:43 PM     0        54      1.00      0.00  ksoftirqd/6
11:15:43 PM     0        78      1.00      0.00  ksoftirqd/10
11:15:43 PM     0        95      2.00      0.00  kcompactd0
11:15:43 PM     0       190      1.00      0.00  kworker/10:1H-kblockd
11:15:43 PM     0       359      3.00      0.00  jbd2/nvme1n1p2-8
11:15:43 PM     0       453      1.00      0.00  multipathd
11:15:43 PM     0       562      3.00      0.00  jbd2/nvme1n1p3-8
11:15:43 PM     0     21554      1.00      0.00  packagekitd
11:15:43 PM     0    227297      3.00      0.00  kworker/10:2-events
11:15:43 PM     0    230433      1.00      0.00  kworker/0:1-mm_percpu_wq
11:15:43 PM     0    230483      1.00      0.00  kworker/5:0-mm_percpu_wq
11:15:43 PM     0    238283      4.00      0.00  kworker/2:1-events
11:15:43 PM     0    239073      2.00      0.00  kworker/4:2-events
11:15:43 PM     0    240331      2.00      0.00  kworker/9:2-events
11:15:43 PM     0    241714      3.00      0.00  kworker/3:1-events
11:15:43 PM     0    242833      2.00      0.00  kworker/7:1-events
11:15:43 PM     0    245320      4.00      0.00  kworker/u24:2-edac-poller
11:15:43 PM     0    255927      2.00      0.00  kworker/u24:0-ext4-rsv-conversion
11:15:43 PM     0    265849      1.00      0.00  iostat
11:15:43 PM     0    265850      1.00      0.00  pidstat
11:15:43 PM     0    265851      5.00      0.00  bash
11:15:43 PM     0    265852      8.00      0.00  bash
11:15:43 PM     0    265853      4.00      0.00  bash
11:15:43 PM     0    266197      3.00      0.00  kworker/6:2-events
11:15:43 PM     0    266533      2.00      0.00  kworker/11:2-events
11:15:43 PM     0    266979      2.00      0.00  kworker/1:0-mm_percpu_wq
11:15:43 PM     0    267403      1.00      0.00  sleep
11:15:43 PM     0    267414      1.00      0.00  sleep
11:15:43 PM     0    267415      1.00      0.00  sleep

11:15:43 PM   UID       PID   cswch/s nvcswch/s  Command
11:15:44 PM     0        16      3.00      0.00  ksoftirqd/0
11:15:44 PM     0        17     18.00      0.00  rcu_preempt
11:15:44 PM     0        24      1.00      0.00  ksoftirqd/1
11:15:44 PM     0        36      1.00      0.00  ksoftirqd/3
11:15:44 PM     0        60      1.00      0.00  ksoftirqd/7
11:15:44 PM     0        66      1.00      0.00  ksoftirqd/8
11:15:44 PM     0        72      1.00      0.00  ksoftirqd/9
11:15:44 PM     0        95      2.00      0.00  kcompactd0
11:15:44 PM     0       189      1.00      0.00  kworker/4:1H-kblockd
11:15:44 PM     0       453      1.00      0.00  multipathd
11:15:44 PM     0    227297      1.00      0.00  kworker/10:2-mm_percpu_wq
11:15:44 PM     0    230433      3.00      0.00  kworker/0:1-events
11:15:44 PM     0    230483      1.00      0.00  kworker/5:0-mm_percpu_wq
11:15:44 PM     0    238283      3.00      0.00  kworker/2:1-mm_percpu_wq
11:15:44 PM     0    239073      2.00      0.00  kworker/4:2-mm_percpu_wq
11:15:44 PM     0    240331      3.00      0.00  kworker/9:2-events
11:15:44 PM     0    241714      4.00      0.00  kworker/3:1-events
11:15:44 PM     0    242833      2.00      0.00  kworker/7:1-events
11:15:44 PM     0    245320      1.00      0.00  kworker/u24:2-events_unbound
11:15:44 PM     0    255927      1.00      0.00  kworker/u24:0-ext4-rsv-conversion
11:15:44 PM     0    265849      1.00      0.00  iostat
11:15:44 PM     0    265850      1.00      0.00  pidstat
11:15:44 PM     0    265851      5.00      0.00  bash
11:15:44 PM     0    265852      6.00      1.00  bash
11:15:44 PM     0    265853      4.00      0.00  bash
11:15:44 PM     0    266197      1.00      0.00  kworker/6:2-mm_percpu_wq
11:15:44 PM     0    266979      4.00      0.00  kworker/1:0-events
11:15:44 PM     0    267418      1.00      0.00  sleep
11:15:44 PM     0    267429      1.00      0.00  sleep
11:15:44 PM     0    267430      1.00      0.00  sleep

11:15:44 PM   UID       PID   cswch/s nvcswch/s  Command
11:15:45 PM     0        16      1.00      0.00  ksoftirqd/0
11:15:45 PM     0        17     20.00      0.00  rcu_preempt
11:15:45 PM     0        48      1.00      0.00  ksoftirqd/5
11:15:45 PM     0        84      1.00      0.00  ksoftirqd/11
11:15:45 PM     0        95      2.00      0.00  kcompactd0
11:15:45 PM     0       453      1.00      0.00  multipathd
11:15:45 PM     0    227297      1.00      0.00  kworker/10:2-mm_percpu_wq
11:15:45 PM     0    230433      3.00      0.00  kworker/0:1-mm_percpu_wq
11:15:45 PM     0    230483      1.00      0.00  kworker/5:0-mm_percpu_wq
11:15:45 PM     0    238283      4.00      0.00  kworker/2:1-events
11:15:45 PM     0    239073      1.00      0.00  kworker/4:2-mm_percpu_wq
11:15:45 PM     0    240331      3.00      0.00  kworker/9:2-events
11:15:45 PM     0    241714      3.00      0.00  kworker/3:1-events
11:15:45 PM     0    242833      2.00      0.00  kworker/7:1-events
11:15:45 PM     0    245320      1.00      0.00  kworker/u24:2-edac-poller
11:15:45 PM     0    265849      1.00      0.00  iostat
11:15:45 PM     0    265850      1.00      0.00  pidstat
11:15:45 PM     0    265851      5.00      0.00  bash
11:15:45 PM     0    265852      6.00      0.00  bash
11:15:45 PM     0    265853      4.00      0.00  bash
11:15:45 PM     0    266197      2.00      0.00  kworker/6:2-events
11:15:45 PM     0    266533      2.00      0.00  kworker/11:2-events
11:15:45 PM     0    266979      1.00      0.00  kworker/1:0-events
11:15:45 PM     0    267433      1.00      0.00  sleep
11:15:45 PM     0    267444      1.00      0.00  sleep
11:15:45 PM     0    267445      1.00      0.00  sleep

11:15:45 PM   UID       PID   cswch/s nvcswch/s  Command
11:15:46 PM     0        16      1.00      0.00  ksoftirqd/0
11:15:46 PM     0        17     19.00      0.00  rcu_preempt
11:15:46 PM     0        18      1.00      0.00  migration/0
11:15:46 PM     0        23      1.00      0.00  migration/1
11:15:46 PM     0        24      1.00      0.00  ksoftirqd/1
11:15:46 PM     0        29      1.00      0.00  migration/2
11:15:46 PM     0        35      2.00      0.00  migration/3
11:15:46 PM     0        41      1.00      0.00  migration/4
11:15:46 PM     0        42      1.00      0.00  ksoftirqd/4
11:15:46 PM     0        47      1.00      0.00  migration/5
11:15:46 PM     0        53      1.00      0.00  migration/6
11:15:46 PM     0        59      1.00      0.00  migration/7
11:15:46 PM     0        65      1.00      0.00  migration/8
11:15:46 PM     0        71      1.00      0.00  migration/9
11:15:46 PM     0        77      1.00      0.00  migration/10
11:15:46 PM     0        83      2.00      0.00  migration/11
11:15:46 PM     0        84      2.00      0.00  ksoftirqd/11
11:15:46 PM     0        95      2.00      0.00  kcompactd0
11:15:46 PM     0       453      1.00      0.00  multipathd
11:15:46 PM     0    227297      1.00      0.00  kworker/10:2-mm_percpu_wq
11:15:46 PM     0    230433      3.00      0.00  kworker/0:1-events
11:15:46 PM     0    238283      3.00      0.00  kworker/2:1-mm_percpu_wq
11:15:46 PM     0    239073      2.00      0.00  kworker/4:2-mm_percpu_wq
11:15:46 PM     0    240331      2.00      0.00  kworker/9:2-events
11:15:46 PM     0    241714      3.00      0.00  kworker/3:1-events
11:15:46 PM     0    242833      2.00      0.00  kworker/7:1-events
11:15:46 PM     0    245320      2.00      0.00  kworker/u24:2-events_power_efficient
11:15:46 PM     0    255927      2.00      0.00  kworker/u24:0-ext4-rsv-conversion
11:15:46 PM     0    265849      1.00      0.00  iostat
11:15:46 PM     0    265850      1.00      0.00  pidstat
11:15:46 PM     0    265851      5.00      0.00  bash
11:15:46 PM     0    265852      7.00      0.00  bash
11:15:46 PM     0    265853      4.00      0.00  bash
11:15:46 PM     0    266197      1.00      0.00  kworker/6:2-mm_percpu_wq
11:15:46 PM     0    266533      2.00      0.00  kworker/11:2-events
11:15:46 PM     0    266979      5.00      0.00  kworker/1:0-events
11:15:46 PM     0    267448      1.00      0.00  sleep
11:15:46 PM     0    267459      1.00      1.00  sleep
11:15:46 PM     0    267460      1.00      0.00  sleep

11:15:46 PM   UID       PID   cswch/s nvcswch/s  Command
11:15:47 PM     0        16      2.00      0.00  ksoftirqd/0
11:15:47 PM     0        17     16.00      0.00  rcu_preempt
11:15:47 PM     0        24      2.00      0.00  ksoftirqd/1
11:15:47 PM     0        35      1.00      0.00  migration/3
11:15:47 PM     0        72      1.00      0.00  ksoftirqd/9
11:15:47 PM     0        95      2.00      0.00  kcompactd0
11:15:47 PM     0       453      1.00      0.00  multipathd
11:15:47 PM     0    227297      1.00      0.00  kworker/10:2-mm_percpu_wq
11:15:47 PM     0    230433      3.00      0.00  kworker/0:1-events
11:15:47 PM     0    230456      1.00      0.00  kworker/8:2-mm_percpu_wq
11:15:47 PM     0    230483      1.00      0.00  kworker/5:0-mm_percpu_wq
11:15:47 PM     0    238283      4.00      0.00  kworker/2:1-events
11:15:47 PM     0    239073      1.00      0.00  kworker/4:2-mm_percpu_wq
11:15:47 PM     0    240331      2.00      0.00  kworker/9:2-events
11:15:47 PM     0    241714      3.00      0.00  kworker/3:1-events
11:15:47 PM     0    242833      2.00      0.00  kworker/7:1-events
11:15:47 PM     0    245320      2.00      0.00  kworker/u24:2-edac-poller
11:15:47 PM     0    255927      1.00      0.00  kworker/u24:0-events_power_efficient
11:15:47 PM     0    265849      1.00      0.00  iostat
11:15:47 PM     0    265850      1.00      0.00  pidstat
11:15:47 PM     0    265851      5.00      0.00  bash
11:15:47 PM     0    265852      8.00      0.00  bash
11:15:47 PM     0    265853      4.00      1.00  bash
11:15:47 PM     0    266197      1.00      0.00  kworker/6:2-mm_percpu_wq
11:15:47 PM     0    266533      1.00      0.00  kworker/11:2-mm_percpu_wq
11:15:47 PM     0    266979      4.00      0.00  kworker/1:0-events
11:15:47 PM     0    267463      1.00      0.00  sleep
11:15:47 PM     0    267474      1.00      0.00  sleep
11:15:47 PM     0    267475      1.00      0.00  sleep

11:15:47 PM   UID       PID   cswch/s nvcswch/s  Command
11:15:48 PM     0        16      4.00      0.00  ksoftirqd/0
11:15:48 PM     0        17     19.00      0.00  rcu_preempt
11:15:48 PM     0        18      1.00      0.00  migration/0
11:15:48 PM     0        24      2.00      0.00  ksoftirqd/1
11:15:48 PM     0        35      2.00      0.00  migration/3
11:15:48 PM     0        42      1.00      0.00  ksoftirqd/4
11:15:48 PM     0        48      1.00      0.00  ksoftirqd/5
11:15:48 PM     0        95      2.00      0.00  kcompactd0
11:15:48 PM     0       102      1.00      0.00  irq/9-acpi
11:15:48 PM     0       190      1.00      0.00  kworker/10:1H-kblockd
11:15:48 PM     0       359      3.00      0.00  jbd2/nvme1n1p2-8
11:15:48 PM     0       453      1.00      0.00  multipathd
11:15:48 PM     0       562      3.00      0.00  jbd2/nvme1n1p3-8
11:15:48 PM     0    227297    914.00      0.00  kworker/10:2+events
11:15:48 PM     0    230433      5.00      0.00  kworker/0:1-kacpi_notify
11:15:48 PM     0    230456      1.00      0.00  kworker/8:2-mm_percpu_wq
11:15:48 PM     0    230483      1.00      0.00  kworker/5:0-mm_percpu_wq
11:15:48 PM     0    238283      3.00      0.00  kworker/2:1-mm_percpu_wq
11:15:48 PM     0    239073      2.00      0.00  kworker/4:2-mm_percpu_wq
11:15:48 PM     0    240331      2.00      0.00  kworker/9:2-events
11:15:48 PM     0    241714      2.00      0.00  kworker/3:1-events
11:15:48 PM     0    242833      1.00      0.00  kworker/7:1-mm_percpu_wq
11:15:48 PM     0    245320      5.00      0.00  kworker/u24:2-events_unbound
11:15:48 PM     0    255927      2.00      0.00  kworker/u24:0-flush-259:1
11:15:48 PM     0    265849      1.00      0.00  iostat
11:15:48 PM     0    265850      1.00      0.00  pidstat
11:15:48 PM     0    265851      5.00      0.00  bash
11:15:48 PM     0    265852      7.00      0.00  bash
11:15:48 PM     0    265853      4.00      0.00  bash
11:15:48 PM     0    266197      2.00      0.00  kworker/6:2-events
11:15:48 PM     0    266533      1.00      0.00  kworker/11:2-mm_percpu_wq
11:15:48 PM     0    266979      7.00      0.00  kworker/1:0-events
11:15:48 PM     0    267327      1.00      0.00  kworker/10:1+i915-unordered
11:15:48 PM     0    267478      1.00      0.00  sleep
11:15:48 PM     0    267489      1.00      0.00  sleep
11:15:48 PM     0    267490      1.00      0.00  sleep

11:15:48 PM   UID       PID   cswch/s nvcswch/s  Command
11:15:49 PM     0        16      2.00      0.00  ksoftirqd/0
11:15:49 PM     0        17     19.00      0.00  rcu_preempt
11:15:49 PM     0        36      1.00      0.00  ksoftirqd/3
11:15:49 PM     0        42      1.00      0.00  ksoftirqd/4
11:15:49 PM     0        47      1.00      0.00  migration/5
11:15:49 PM     0        48      1.00      0.00  ksoftirqd/5
11:15:49 PM     0        53      1.00      0.00  migration/6
11:15:49 PM     0        84      1.00      0.00  ksoftirqd/11
11:15:49 PM     0        95      2.00      0.00  kcompactd0
11:15:49 PM     0       453      1.00      0.00  multipathd
11:15:49 PM     0    227297    227.00      1.00  kworker/10:2-mm_percpu_wq
11:15:49 PM     0    230433      4.00      0.00  kworker/0:1-events
11:15:49 PM     0    230483      2.00      0.00  kworker/5:0-events
11:15:49 PM     0    238283      4.00      0.00  kworker/2:1-events
11:15:49 PM     0    239073      1.00      0.00  kworker/4:2-mm_percpu_wq
11:15:49 PM     0    240331      2.00      0.00  kworker/9:2-events
11:15:49 PM     0    241714      3.00      0.00  kworker/3:1-events
11:15:49 PM     0    245320      1.00      0.00  kworker/u24:2-events_unbound
11:15:49 PM     0    265849      1.00      0.00  iostat
11:15:49 PM     0    265850      1.00      0.00  pidstat
11:15:49 PM     0    265851      5.00      0.00  bash
11:15:49 PM     0    265852      6.00      0.00  bash
11:15:49 PM     0    265853      4.00      0.00  bash
11:15:49 PM     0    266197      1.00      0.00  kworker/6:2-mm_percpu_wq
11:15:49 PM     0    266533      1.00      0.00  kworker/11:2-mm_percpu_wq
11:15:49 PM     0    266979      2.00      0.00  kworker/1:0-events
11:15:49 PM     0    267327   1133.00      0.00  kworker/10:1-i915-unordered
11:15:49 PM     0    267493      1.00      0.00  sleep
11:15:49 PM     0    267503      1.00      0.00  sleep
11:15:49 PM     0    267505      1.00      0.00  sleep

11:15:49 PM   UID       PID   cswch/s nvcswch/s  Command
11:15:50 PM     0        17     60.00      0.00  rcu_preempt
11:15:50 PM     0        18      1.00      0.00  migration/0
11:15:50 PM     0        23      1.00      0.00  migration/1
11:15:50 PM     0        24      2.00      0.00  ksoftirqd/1
11:15:50 PM     0        29      1.00      0.00  migration/2
11:15:50 PM     0        30      6.00      8.00  ksoftirqd/2
11:15:50 PM     0        35      1.00      0.00  migration/3
11:15:50 PM     0        36      1.00      0.00  ksoftirqd/3
11:15:50 PM     0        41      1.00      0.00  migration/4
11:15:50 PM     0        47      1.00      0.00  migration/5
11:15:50 PM     0        53      1.00      0.00  migration/6
11:15:50 PM     0        59      2.00      0.00  migration/7
11:15:50 PM     0        65      1.00      0.00  migration/8
11:15:50 PM     0        71      1.00      0.00  migration/9
11:15:50 PM     0        77      1.00      0.00  migration/10
11:15:50 PM     0        83      1.00      0.00  migration/11
11:15:50 PM     0        95      2.00      0.00  kcompactd0
11:15:50 PM     0       453      1.00      0.00  multipathd
11:15:50 PM     0    230433      3.00      0.00  kworker/0:1-events
11:15:50 PM     0    230483      2.00      0.00  kworker/5:0-events
11:15:50 PM     0    238283     21.00      0.00  kworker/2:1-events
11:15:50 PM     0    239073      2.00      0.00  kworker/4:2-mm_percpu_wq
11:15:50 PM     0    240331      2.00      0.00  kworker/9:2-events
11:15:50 PM     0    241714      3.00      0.00  kworker/3:1-events
11:15:50 PM     0    242833      3.00      0.00  kworker/7:1-events
11:15:50 PM     0    245320      6.00      0.00  kworker/u24:2-ext4-rsv-conversion
11:15:50 PM     0    265849      1.00      0.00  iostat
11:15:50 PM     0    265850      1.00      0.00  pidstat
11:15:50 PM     0    265851      5.00      0.00  bash
11:15:50 PM     0    265852      8.00      0.00  bash
11:15:50 PM     0    265853      4.00      0.00  bash
11:15:50 PM     0    266197      1.00      0.00  kworker/6:2-mm_percpu_wq
11:15:50 PM     0    266533      1.00      0.00  kworker/11:2-mm_percpu_wq
11:15:50 PM     0    266979      3.00      0.00  kworker/1:0-events
11:15:50 PM     0    267327      1.00      0.00  kworker/10:1-mm_percpu_wq
11:15:50 PM     0    267508      1.00      0.00  sleep
11:15:50 PM     0    267519      1.00      0.00  sleep
11:15:50 PM     0    267520      1.00      0.00  sleep
