Linux 6.8.0-124-generic (cassandra-waf-rig) 	07/08/2026 	_x86_64_	(12 CPU)

07:30:26 PM   UID       PID   cswch/s nvcswch/s  Command
07:30:27 PM     0        16      0.99      0.00  ksoftirqd/0
07:30:27 PM     0        17     24.75      0.00  rcu_preempt
07:30:27 PM     0        23      0.99      0.00  migration/1
07:30:27 PM     0        29      3.96      0.00  migration/2
07:30:27 PM     0        30      2.97      0.00  ksoftirqd/2
07:30:27 PM     0        35      0.99      0.00  migration/3
07:30:27 PM     0        41      2.97      0.00  migration/4
07:30:27 PM     0        47      1.98      0.00  migration/5
07:30:27 PM     0        53      0.99      0.00  migration/6
07:30:27 PM     0        54      2.97      0.00  ksoftirqd/6
07:30:27 PM     0        59      4.95      0.00  migration/7
07:30:27 PM     0        60      1.98      0.00  ksoftirqd/7
07:30:27 PM     0        65      0.99      0.00  migration/8
07:30:27 PM     0        66      0.99      0.00  ksoftirqd/8
07:30:27 PM     0        71      1.98      0.00  migration/9
07:30:27 PM     0        72      1.98      0.00  ksoftirqd/9
07:30:27 PM     0        77      0.99      0.00  migration/10
07:30:27 PM     0        83      1.98      0.00  migration/11
07:30:27 PM     0        95      1.98      0.00  kcompactd0
07:30:27 PM     0       188      0.99      0.00  kworker/2:1H-kblockd
07:30:27 PM     0       453      0.99      0.00  multipathd
07:30:27 PM     0     84845      1.98      0.00  kworker/3:1-events
07:30:27 PM     0     87189      2.97      0.00  kworker/0:0-events
07:30:27 PM     0     88171      0.99      0.00  kworker/u24:55-edac-poller
07:30:27 PM     0     88669      2.97      0.00  kworker/11:1-events
07:30:27 PM     0     88734      2.97      0.00  kworker/7:1-events
07:30:27 PM     0     88741      0.99      0.00  kworker/6:2-events
07:30:27 PM     0     88759      9.90      0.00  kworker/2:1-events
07:30:27 PM     0     93573      0.99      0.00  kworker/5:1-events
07:30:27 PM     0     97923      1.98      0.00  kworker/10:1-events
07:30:27 PM     0    100481      1.98      0.00  kworker/9:0-events
07:30:27 PM     0    101778      3.96      0.00  kworker/1:0-events
07:30:27 PM     0    104636      0.99      0.00  kworker/8:0-events
07:30:27 PM     0    105068      0.99      0.00  iostat
07:30:27 PM     0    105069      0.99      0.00  pidstat
07:30:27 PM     0    105070      4.95      0.00  bash
07:30:27 PM     0    105071      7.92      0.00  bash
07:30:27 PM     0    105072      3.96      0.00  bash
07:30:27 PM     0    105074    191.09      0.00  fio
07:30:27 PM     0    105105      0.99      0.00  sleep

07:30:27 PM   UID       PID   cswch/s nvcswch/s  Command
07:30:28 PM     0        17     11.00      0.00  rcu_preempt
07:30:28 PM     0        29      1.00      0.00  migration/2
07:30:28 PM     0        36      2.00      0.00  ksoftirqd/3
07:30:28 PM     0        48      1.00      0.00  ksoftirqd/5
07:30:28 PM     0        95      2.00      0.00  kcompactd0
07:30:28 PM     0       176      1.00      0.00  kworker/11:1H-kblockd
07:30:28 PM     0       188      1.00      0.00  kworker/2:1H-kblockd
07:30:28 PM     0       453      1.00      0.00  multipathd
07:30:28 PM     0     84845      4.00      0.00  kworker/3:1-mm_percpu_wq
07:30:28 PM     0     87189      4.00      0.00  kworker/0:0-mm_percpu_wq
07:30:28 PM     0     88171      1.00      0.00  kworker/u24:55-events_unbound
07:30:28 PM     0     88222      1.00      0.00  kworker/4:3-mm_percpu_wq
07:30:28 PM     0     88669      1.00      0.00  kworker/11:1-events
07:30:28 PM     0     88734      4.00      0.00  kworker/7:1-events
07:30:28 PM     0     88741      1.00      0.00  kworker/6:2-mm_percpu_wq
07:30:28 PM     0     88759     11.00      0.00  kworker/2:1-mm_percpu_wq
07:30:28 PM     0     88840      1.00      0.00  kworker/u24:1-events_power_efficient
07:30:28 PM     0     93573      1.00      0.00  kworker/5:1-mm_percpu_wq
07:30:28 PM     0     97923      2.00      0.00  kworker/10:1-events
07:30:28 PM     0    100481      1.00      0.00  kworker/9:0-events
07:30:28 PM     0    101778      1.00      0.00  kworker/1:0-mm_percpu_wq
07:30:28 PM     0    104636      1.00      0.00  kworker/8:0-mm_percpu_wq
07:30:28 PM     0    105068      1.00      0.00  iostat
07:30:28 PM     0    105069      1.00      0.00  pidstat
07:30:28 PM     0    105070      4.00      0.00  bash
07:30:28 PM     0    105071      2.00      0.00  bash
07:30:28 PM     0    105072      4.00      0.00  bash
07:30:28 PM     0    105074     99.00      0.00  fio
07:30:28 PM     0    105116      1.00      0.00  sleep
07:30:28 PM     0    105117      1.00      0.00  sleep
07:30:28 PM     0    105120      1.00      0.00  sleep

07:30:28 PM   UID       PID   cswch/s nvcswch/s  Command
07:30:29 PM     0        16      1.00      0.00  ksoftirqd/0
07:30:29 PM     0        17     18.00      0.00  rcu_preempt
07:30:29 PM     0        24      1.00      0.00  ksoftirqd/1
07:30:29 PM     0        29      2.00      0.00  migration/2
07:30:29 PM     0        48      1.00      0.00  ksoftirqd/5
07:30:29 PM     0        95      2.00      0.00  kcompactd0
07:30:29 PM     0       453      1.00      0.00  multipathd
07:30:29 PM     0     84845      3.00      0.00  kworker/3:1-events
07:30:29 PM     0     87189      1.00      0.00  kworker/0:0-events
07:30:29 PM     0     88171      1.00      0.00  kworker/u24:55-edac-poller
07:30:29 PM     0     88222      1.00      0.00  kworker/4:3-events
07:30:29 PM     0     88734      2.00      0.00  kworker/7:1-events
07:30:29 PM     0     88741      1.00      0.00  kworker/6:2-mm_percpu_wq
07:30:29 PM     0     88759     12.00      0.00  kworker/2:1-events
07:30:29 PM     0     97923      1.00      0.00  kworker/10:1-mm_percpu_wq
07:30:29 PM     0    100481      2.00      0.00  kworker/9:0-events
07:30:29 PM     0    101778      3.00      0.00  kworker/1:0-events
07:30:29 PM     0    104636      2.00      0.00  kworker/8:0-mm_percpu_wq
07:30:29 PM     0    105068      1.00      0.00  iostat
07:30:29 PM     0    105069      1.00      0.00  pidstat
07:30:29 PM     0    105070      5.00      0.00  bash
07:30:29 PM     0    105071      7.00      0.00  bash
07:30:29 PM     0    105072      4.00      0.00  bash
07:30:29 PM     0    105074    100.00      0.00  fio
07:30:29 PM     0    105130      1.00      0.00  sleep
07:30:29 PM     0    105132      1.00      0.00  sleep

07:30:29 PM   UID       PID   cswch/s nvcswch/s  Command
07:30:30 PM     0        17     19.00      0.00  rcu_preempt
07:30:30 PM     0        18      1.00      0.00  migration/0
07:30:30 PM     0        23      1.00      0.00  migration/1
07:30:30 PM     0        24      3.00      0.00  ksoftirqd/1
07:30:30 PM     0        29      1.00      0.00  migration/2
07:30:30 PM     0        30      1.00      0.00  ksoftirqd/2
07:30:30 PM     0        35      1.00      0.00  migration/3
07:30:30 PM     0        41      1.00      0.00  migration/4
07:30:30 PM     0        47      1.00      0.00  migration/5
07:30:30 PM     0        53      1.00      0.00  migration/6
07:30:30 PM     0        54      1.00      0.00  ksoftirqd/6
07:30:30 PM     0        59      2.00      0.00  migration/7
07:30:30 PM     0        65      1.00      0.00  migration/8
07:30:30 PM     0        71      1.00      0.00  migration/9
07:30:30 PM     0        77      1.00      0.00  migration/10
07:30:30 PM     0        83      1.00      0.00  migration/11
07:30:30 PM     0        95      2.00      0.00  kcompactd0
07:30:30 PM     0       176      2.00      0.00  kworker/11:1H-kblockd
07:30:30 PM     0       453      1.00      0.00  multipathd
07:30:30 PM     0     84845      2.00      0.00  kworker/3:1-mm_percpu_wq
07:30:30 PM     0     87189      2.00      0.00  kworker/0:0-events
07:30:30 PM     0     88171      4.00      0.00  kworker/u24:55-writeback
07:30:30 PM     0     88222      2.00      0.00  kworker/4:3-mm_percpu_wq
07:30:30 PM     0     88669      2.00      0.00  kworker/11:1-events
07:30:30 PM     0     88734      1.00      0.00  kworker/7:1-mm_percpu_wq
07:30:30 PM     0     88741      3.00      0.00  kworker/6:2-events
07:30:30 PM     0     88759     15.00      0.00  kworker/2:1-events
07:30:30 PM     0     88840      6.00      0.00  kworker/u24:1-events_unbound
07:30:30 PM     0     93573      1.00      0.00  kworker/5:1-mm_percpu_wq
07:30:30 PM     0     97923      1.00      0.00  kworker/10:1-mm_percpu_wq
07:30:30 PM     0    100481      1.00      0.00  kworker/9:0-mm_percpu_wq
07:30:30 PM     0    101778      4.00      0.00  kworker/1:0-mm_percpu_wq
07:30:30 PM     0    104636      1.00      0.00  kworker/8:0-mm_percpu_wq
07:30:30 PM     0    105068      1.00      0.00  iostat
07:30:30 PM     0    105069      1.00      0.00  pidstat
07:30:30 PM     0    105070      5.00      0.00  bash
07:30:30 PM     0    105071      8.00      0.00  bash
07:30:30 PM     0    105072      4.00      0.00  bash
07:30:30 PM     0    105074     99.00      0.00  fio
07:30:30 PM     0    105146      1.00      0.00  sleep
07:30:30 PM     0    105147      1.00      0.00  sleep

07:30:30 PM   UID       PID   cswch/s nvcswch/s  Command
07:30:31 PM     0        17     19.00      0.00  rcu_preempt
07:30:31 PM     0        24      1.00      0.00  ksoftirqd/1
07:30:31 PM     0        30      1.00      0.00  ksoftirqd/2
07:30:31 PM     0        36      2.00      0.00  ksoftirqd/3
07:30:31 PM     0        83      1.00      0.00  migration/11
07:30:31 PM     0        95      2.00      0.00  kcompactd0
07:30:31 PM     0       359      3.00      0.00  jbd2/nvme1n1p2-8
07:30:31 PM     0       453      1.00      0.00  multipathd
07:30:31 PM     0       562      3.00      0.00  jbd2/nvme1n1p3-8
07:30:31 PM     0     84845      3.00      0.00  kworker/3:1-events
07:30:31 PM     0     88222      1.00      0.00  kworker/4:3-events
07:30:31 PM     0     88734      1.00      0.00  kworker/7:1-events
07:30:31 PM     0     88741      1.00      0.00  kworker/6:2-events
07:30:31 PM     0     88759     14.00      0.00  kworker/2:1-events
07:30:31 PM     0     88840      1.00      0.00  kworker/u24:1-edac-poller
07:30:31 PM     0    101778      5.00      0.00  kworker/1:0-events
07:30:31 PM     0    105068      1.00      0.00  iostat
07:30:31 PM     0    105069      1.00      0.00  pidstat
07:30:31 PM     0    105070      5.00      0.00  bash
07:30:31 PM     0    105071      8.00      0.00  bash
07:30:31 PM     0    105072      1.00      0.00  bash
07:30:31 PM     0    105074     99.00      0.00  fio
07:30:31 PM     0    105161      1.00      0.00  sleep
07:30:31 PM     0    105162      1.00      0.00  sleep

07:30:31 PM   UID       PID   cswch/s nvcswch/s  Command
07:30:32 PM     0        17     27.00      0.00  rcu_preempt
07:30:32 PM     0        24      2.00      0.00  ksoftirqd/1
07:30:32 PM     0        29      1.00      0.00  migration/2
07:30:32 PM     0        36      2.00      0.00  ksoftirqd/3
07:30:32 PM     0        60      1.00      0.00  ksoftirqd/7
07:30:32 PM     0        72      1.00      0.00  ksoftirqd/9
07:30:32 PM     0        95      2.00      0.00  kcompactd0
07:30:32 PM     0       176      1.00      0.00  kworker/11:1H-kblockd
07:30:32 PM     0       453      1.00      0.00  multipathd
07:30:32 PM     0     84845      3.00      0.00  kworker/3:1-events
07:30:32 PM     0     87189      3.00      0.00  kworker/0:0-mm_percpu_wq
07:30:32 PM     0     88171      2.00      0.00  kworker/u24:55-writeback
07:30:32 PM     0     88222      3.00      0.00  kworker/4:3-mm_percpu_wq
07:30:32 PM     0     88669      2.00      0.00  kworker/11:1-events
07:30:32 PM     0     88734      3.00      0.00  kworker/7:1-mm_percpu_wq
07:30:32 PM     0     88741      1.00      0.00  kworker/6:2-mm_percpu_wq
07:30:32 PM     0     88759     12.00      0.00  kworker/2:1-events
07:30:32 PM     0     88840      5.00      0.00  kworker/u24:1-events_unbound
07:30:32 PM     0    100481      4.00      0.00  kworker/9:0-mm_percpu_wq
07:30:32 PM     0    101778      3.00      0.00  kworker/1:0-events
07:30:32 PM     0    104636      3.00      0.00  kworker/8:0-mm_percpu_wq
07:30:32 PM     0    105068      1.00      0.00  iostat
07:30:32 PM     0    105069      1.00      1.00  pidstat
07:30:32 PM     0    105070      5.00      0.00  bash
07:30:32 PM     0    105071      6.00      0.00  bash
07:30:32 PM     0    105072      3.00      0.00  bash
07:30:32 PM     0    105074     99.00      0.00  fio
07:30:32 PM     0    105165      1.00      0.00  sleep
07:30:32 PM     0    105175      1.00      0.00  sleep
07:30:32 PM     0    105177      1.00      0.00  sleep

07:30:32 PM   UID       PID   cswch/s nvcswch/s  Command
07:30:33 PM     0        17     19.00      0.00  rcu_preempt
07:30:33 PM     0        24      3.00      0.00  ksoftirqd/1
07:30:33 PM     0        29      1.00      0.00  migration/2
07:30:33 PM     0        48      1.00      0.00  ksoftirqd/5
07:30:33 PM     0        60      1.00      0.00  ksoftirqd/7
07:30:33 PM     0        72      1.00      0.00  ksoftirqd/9
07:30:33 PM     0        95      2.00      0.00  kcompactd0
07:30:33 PM     0       453      1.00      0.00  multipathd
07:30:33 PM     0     21554      1.00      0.00  packagekitd
07:30:33 PM     0     84845      4.00      0.00  kworker/3:1-events
07:30:33 PM     0     87189      1.00      0.00  kworker/0:0-events
07:30:33 PM     0     88222      1.00      0.00  kworker/4:3-events
07:30:33 PM     0     88669      2.00      0.00  kworker/11:1-events
07:30:33 PM     0     88734      1.00      0.00  kworker/7:1-events
07:30:33 PM     0     88741      1.00      0.00  kworker/6:2-events
07:30:33 PM     0     88759     13.00      0.00  kworker/2:1-events
07:30:33 PM     0     88840      1.00      0.00  kworker/u24:1-edac-poller
07:30:33 PM     0     93573      2.00      0.00  kworker/5:1-events
07:30:33 PM     0     97923      1.00      0.00  kworker/10:1-mm_percpu_wq
07:30:33 PM     0    100481      2.00      0.00  kworker/9:0-events
07:30:33 PM     0    101778      6.00      0.00  kworker/1:0-events
07:30:33 PM     0    105068      1.00      0.00  iostat
07:30:33 PM     0    105069      1.00      0.00  pidstat
07:30:33 PM     0    105070      5.00      0.00  bash
07:30:33 PM     0    105071      8.00      0.00  bash
07:30:33 PM     0    105072      4.00      0.00  bash
07:30:33 PM     0    105074    100.00      0.00  fio
07:30:33 PM     0    105180      1.00      0.00  sleep
07:30:33 PM     0    105191      1.00      0.00  sleep
07:30:33 PM     0    105192      1.00      0.00  sleep

07:30:33 PM   UID       PID   cswch/s nvcswch/s  Command
07:30:34 PM     0        16      1.00      0.00  ksoftirqd/0
07:30:34 PM     0        17     18.00      0.00  rcu_preempt
07:30:34 PM     0        18      1.00      0.00  migration/0
07:30:34 PM     0        23      1.00      0.00  migration/1
07:30:34 PM     0        24      1.00      0.00  ksoftirqd/1
07:30:34 PM     0        29      2.00      0.00  migration/2
07:30:34 PM     0        35      1.00      0.00  migration/3
07:30:34 PM     0        41      1.00      0.00  migration/4
07:30:34 PM     0        47      1.00      0.00  migration/5
07:30:34 PM     0        53      1.00      0.00  migration/6
07:30:34 PM     0        59      1.00      0.00  migration/7
07:30:34 PM     0        65      1.00      0.00  migration/8
07:30:34 PM     0        71      1.00      0.00  migration/9
07:30:34 PM     0        77      1.00      0.00  migration/10
07:30:34 PM     0        83      1.00      0.00  migration/11
07:30:34 PM     0        95      2.00      0.00  kcompactd0
07:30:34 PM     0       188      1.00      0.00  kworker/2:1H-kblockd
07:30:34 PM     0       453      1.00      0.00  multipathd
07:30:34 PM     0     87189      2.00      0.00  kworker/0:0-events
07:30:34 PM     0     88171      1.00      0.00  kworker/u24:55-writeback
07:30:34 PM     0     88222      3.00      0.00  kworker/4:3-mm_percpu_wq
07:30:34 PM     0     88669      1.00      0.00  kworker/11:1-mm_percpu_wq
07:30:34 PM     0     88734      2.00      0.00  kworker/7:1-mm_percpu_wq
07:30:34 PM     0     88759     14.00      0.00  kworker/2:1-events
07:30:34 PM     0     88840      1.00      0.00  kworker/u24:1-events_unbound
07:30:34 PM     0     93573      1.00      0.00  kworker/5:1-mm_percpu_wq
07:30:34 PM     0    100481      2.00      0.00  kworker/9:0-events
07:30:34 PM     0    101778      4.00      0.00  kworker/1:0-events
07:30:34 PM     0    104636      1.00      0.00  kworker/8:0-mm_percpu_wq
07:30:34 PM     0    105068      1.00      0.00  iostat
07:30:34 PM     0    105069      1.00      0.00  pidstat
07:30:34 PM     0    105070      5.00      0.00  bash
07:30:34 PM     0    105071      5.00      0.00  bash
07:30:34 PM     0    105072      4.00      0.00  bash
07:30:34 PM     0    105074     99.00      0.00  fio
07:30:34 PM     0    105195      1.00      0.00  sleep
07:30:34 PM     0    105205      1.00      0.00  sleep
07:30:34 PM     0    105207      1.00      0.00  sleep

07:30:34 PM   UID       PID   cswch/s nvcswch/s  Command
07:30:35 PM     0        17     19.00      0.00  rcu_preempt
07:30:35 PM     0        23      1.00      0.00  migration/1
07:30:35 PM     0        29      1.00      0.00  migration/2
07:30:35 PM     0        35      1.00      0.00  migration/3
07:30:35 PM     0        72      2.00      0.00  ksoftirqd/9
07:30:35 PM     0        78      1.00      0.00  ksoftirqd/10
07:30:35 PM     0        95      2.00      0.00  kcompactd0
07:30:35 PM     0       453      1.00      0.00  multipathd
07:30:35 PM     0     84845      2.00      0.00  kworker/3:1-events
07:30:35 PM     0     88171      3.00      0.00  kworker/u24:55-edac-poller
07:30:35 PM     0     88222      1.00      0.00  kworker/4:3-events
07:30:35 PM     0     88741      2.00      0.00  kworker/6:2-events
07:30:35 PM     0     88759     13.00      0.00  kworker/2:1-events
07:30:35 PM     0     88840      2.00      0.00  kworker/u24:1-events_power_efficient
07:30:35 PM     0     97923      1.00      0.00  kworker/10:1-mm_percpu_wq
07:30:35 PM     0    100481      6.00      0.00  kworker/9:0-events
07:30:35 PM     0    101778      4.00      0.00  kworker/1:0-events
07:30:35 PM     0    105068      1.00      0.00  iostat
07:30:35 PM     0    105069      1.00      0.00  pidstat
07:30:35 PM     0    105070      5.00      0.00  bash
07:30:35 PM     0    105071      8.00      0.00  bash
07:30:35 PM     0    105072      4.00      0.00  bash
07:30:35 PM     0    105074    100.00      0.00  fio
07:30:35 PM     0    105210      1.00      0.00  sleep
07:30:35 PM     0    105221      1.00      0.00  sleep
07:30:35 PM     0    105222      1.00      0.00  sleep

07:30:35 PM   UID       PID   cswch/s nvcswch/s  Command
07:30:36 PM     0        16      1.00      0.00  ksoftirqd/0
07:30:36 PM     0        17     15.00      0.00  rcu_preempt
07:30:36 PM     0        60      1.00      0.00  ksoftirqd/7
07:30:36 PM     0        90      1.00      0.00  khungtaskd
07:30:36 PM     0        95      2.00      0.00  kcompactd0
07:30:36 PM     0       102      1.00      0.00  irq/9-acpi
07:30:36 PM     0       193      1.00      0.00  kworker/9:1H-kblockd
07:30:36 PM     0       453      1.00      0.00  multipathd
07:30:36 PM     0     84845      2.00      0.00  kworker/3:1-events
07:30:36 PM     0     87189      3.00      0.00  kworker/0:0-mm_percpu_wq
07:30:36 PM     0     88171      1.00      0.00  kworker/u24:55-edac-poller
07:30:36 PM     0     88222      2.00      0.00  kworker/4:3-mm_percpu_wq
07:30:36 PM     0     88669      1.00      0.00  kworker/11:1-mm_percpu_wq
07:30:36 PM     0     88734      1.00      0.00  kworker/7:1-mm_percpu_wq
07:30:36 PM     0     88759     13.00      0.00  kworker/2:1-events
07:30:36 PM     0     89370      1.00      0.00  kworker/5:2-i915-unordered
07:30:36 PM     0     93573      7.00      0.00  kworker/5:1-pm
07:30:36 PM     0    100481      2.00      0.00  kworker/9:0-events
07:30:36 PM     0    101778      3.00      0.00  kworker/1:0-events
07:30:36 PM     0    104636      1.00      0.00  kworker/8:0-mm_percpu_wq
07:30:36 PM     0    105068      1.00      0.00  iostat
07:30:36 PM     0    105069      1.00      0.00  pidstat
07:30:36 PM     0    105070      5.00      0.00  bash
07:30:36 PM     0    105071      7.00      0.00  bash
07:30:36 PM     0    105072      4.00      0.00  bash
07:30:36 PM     0    105074     99.00      0.00  fio
07:30:36 PM     0    105225      1.00      0.00  sleep
07:30:36 PM     0    105236      1.00      0.00  sleep
07:30:36 PM     0    105237      1.00      0.00  sleep

07:30:36 PM   UID       PID   cswch/s nvcswch/s  Command
07:30:37 PM     0        16      1.00      0.00  ksoftirqd/0
07:30:37 PM     0        17     18.00      0.00  rcu_preempt
07:30:37 PM     0        24      3.00      0.00  ksoftirqd/1
07:30:37 PM     0        30      1.00      0.00  ksoftirqd/2
07:30:37 PM     0        48      1.00      0.00  ksoftirqd/5
07:30:37 PM     0        59      1.00      0.00  migration/7
07:30:37 PM     0        95      2.00      0.00  kcompactd0
07:30:37 PM     0       453      1.00      0.00  multipathd
07:30:37 PM     0       562      3.00      0.00  jbd2/nvme1n1p3-8
07:30:37 PM     0     84845      3.00      0.00  kworker/3:1-events
07:30:37 PM     0     88171      2.00      0.00  kworker/u24:55-edac-poller
07:30:37 PM     0     88222      1.00      0.00  kworker/4:3-events
07:30:37 PM     0     88669      1.00      0.00  kworker/11:1-events
07:30:37 PM     0     88741      2.00      0.00  kworker/6:2-events
07:30:37 PM     0     88759     14.00      0.00  kworker/2:1-events
07:30:37 PM     0     93573      1.00      0.00  kworker/5:1-mm_percpu_wq
07:30:37 PM     0     97923      1.00      0.00  kworker/10:1-mm_percpu_wq
07:30:37 PM     0    100481      1.00      0.00  kworker/9:0-mm_percpu_wq
07:30:37 PM     0    101778      5.00      0.00  kworker/1:0-events
07:30:37 PM     0    104636      2.00      0.00  kworker/8:0-events
07:30:37 PM     0    105068      1.00      0.00  iostat
07:30:37 PM     0    105069      2.00      0.00  pidstat
07:30:37 PM     0    105070      5.00      0.00  bash
07:30:37 PM     0    105071      7.00      0.00  bash
07:30:37 PM     0    105072      4.00      0.00  bash
07:30:37 PM     0    105074    100.00      0.00  fio
07:30:37 PM     0    105240      1.00      0.00  sleep
07:30:37 PM     0    105251      1.00      0.00  sleep
07:30:37 PM     0    105252      1.00      0.00  sleep

07:30:37 PM   UID       PID   cswch/s nvcswch/s  Command
07:30:38 PM     0         1      1.00      0.00  systemd
07:30:38 PM     0        16      1.00      0.00  ksoftirqd/0
07:30:38 PM     0        17     19.00      0.00  rcu_preempt
07:30:38 PM     0        18      2.00      0.00  migration/0
07:30:38 PM     0        23      1.00      0.00  migration/1
07:30:38 PM     0        24      1.00      0.00  ksoftirqd/1
07:30:38 PM     0        29      2.00      0.00  migration/2
07:30:38 PM     0        35      1.00      0.00  migration/3
07:30:38 PM     0        41      1.00      0.00  migration/4
07:30:38 PM     0        42      1.00      0.00  ksoftirqd/4
07:30:38 PM     0        47      1.00      0.00  migration/5
07:30:38 PM     0        53      1.00      0.00  migration/6
07:30:38 PM     0        59      1.00      0.00  migration/7
07:30:38 PM     0        65      1.00      0.00  migration/8
07:30:38 PM     0        71      1.00      0.00  migration/9
07:30:38 PM     0        77      1.00      0.00  migration/10
07:30:38 PM     0        83      1.00      0.00  migration/11
07:30:38 PM     0        95      2.00      0.00  kcompactd0
07:30:38 PM     0       189      1.00      0.00  kworker/4:1H-kblockd
07:30:38 PM     0       453      1.00      0.00  multipathd
07:30:38 PM   102       621      1.00      0.00  systemd-resolve
07:30:38 PM   104       622      1.00      0.00  systemd-timesyn
07:30:38 PM     0     84845      1.00      0.00  kworker/3:1-events
07:30:38 PM     0     87189      2.00      0.00  kworker/0:0-events
07:30:38 PM     0     88171      5.00      0.00  kworker/u24:55-edac-poller
07:30:38 PM     0     88222      4.00      0.00  kworker/4:3-mm_percpu_wq
07:30:38 PM     0     88734      1.00      0.00  kworker/7:1-events
07:30:38 PM     0     88759     14.00      0.00  kworker/2:1-events
07:30:38 PM     0     97923      2.00      0.00  kworker/10:1-mm_percpu_wq
07:30:38 PM     0    100481      2.00      0.00  kworker/9:0-events
07:30:38 PM     0    101778      4.00      0.00  kworker/1:0-mm_percpu_wq
07:30:38 PM     0    104636      1.00      0.00  kworker/8:0-mm_percpu_wq
07:30:38 PM     0    105068      1.00      0.00  iostat
07:30:38 PM     0    105069      1.00      0.00  pidstat
07:30:38 PM     0    105070      5.00      0.00  bash
07:30:38 PM     0    105071      7.00      0.00  bash
07:30:38 PM     0    105072      4.00      0.00  bash
07:30:38 PM     0    105074     99.00      0.00  fio
07:30:38 PM     0    105255      1.00      0.00  sleep
07:30:38 PM     0    105266      1.00      0.00  sleep
07:30:38 PM     0    105267      1.00      0.00  sleep

07:30:38 PM   UID       PID   cswch/s nvcswch/s  Command
07:30:39 PM     0        16      1.00      0.00  ksoftirqd/0
07:30:39 PM     0        17     19.00      0.00  rcu_preempt
07:30:39 PM     0        24      2.00      0.00  ksoftirqd/1
07:30:39 PM     0        29      1.00      0.00  migration/2
07:30:39 PM     0        41      1.00      0.00  migration/4
07:30:39 PM     0        42      1.00      0.00  ksoftirqd/4
07:30:39 PM     0        72      1.00      0.00  ksoftirqd/9
07:30:39 PM     0        95      2.00      0.00  kcompactd0
07:30:39 PM     0       453      1.00      0.00  multipathd
07:30:39 PM     0     84845      3.00      0.00  kworker/3:1-events
07:30:39 PM     0     87189      3.00      0.00  kworker/0:0-events
07:30:39 PM     0     88171      1.00      0.00  kworker/u24:55-events_power_efficient
07:30:39 PM     0     88669      1.00      0.00  kworker/11:1-mm_percpu_wq
07:30:39 PM     0     88741      2.00      0.00  kworker/6:2-events
07:30:39 PM     0     88759     13.00      0.00  kworker/2:1-events
07:30:39 PM     0     88840      3.00      0.00  kworker/u24:1-edac-poller
07:30:39 PM     0     93573      2.00      0.00  kworker/5:1-events
07:30:39 PM     0    100481      3.00      0.00  kworker/9:0-events
07:30:39 PM     0    101778      5.00      0.00  kworker/1:0-events
07:30:39 PM     0    105068      1.00      0.00  iostat
07:30:39 PM     0    105069      1.00      0.00  pidstat
07:30:39 PM     0    105070      5.00      0.00  bash
07:30:39 PM     0    105071      6.00      0.00  bash
07:30:39 PM     0    105072      4.00      0.00  bash
07:30:39 PM     0    105074     99.00      0.00  fio
07:30:39 PM     0    105270      1.00      0.00  sleep
07:30:39 PM     0    105280      1.00      1.00  sleep
07:30:39 PM     0    105282      1.00      0.00  sleep

07:30:39 PM   UID       PID   cswch/s nvcswch/s  Command
07:30:40 PM     0        16      1.00      0.00  ksoftirqd/0
07:30:40 PM     0        17     18.00      0.00  rcu_preempt
07:30:40 PM     0        24      3.00      0.00  ksoftirqd/1
07:30:40 PM     0        36      1.00      0.00  ksoftirqd/3
07:30:40 PM     0        41      1.00      0.00  migration/4
07:30:40 PM     0        95      2.00      0.00  kcompactd0
07:30:40 PM     0       188      1.00      0.00  kworker/2:1H-kblockd
07:30:40 PM     0       453      1.00      0.00  multipathd
07:30:40 PM     0     84845      3.00      0.00  kworker/3:1-events
07:30:40 PM     0     87189      3.00      0.00  kworker/0:0-mm_percpu_wq
07:30:40 PM     0     88171      1.00      0.00  kworker/u24:55-events_power_efficient
07:30:40 PM     0     88222      1.00      0.00  kworker/4:3-mm_percpu_wq
07:30:40 PM     0     88734      1.00      0.00  kworker/7:1-mm_percpu_wq
07:30:40 PM     0     88741      2.00      0.00  kworker/6:2-events
07:30:40 PM     0     88759     13.00      0.00  kworker/2:1-events
07:30:40 PM     0     88840      1.00      0.00  kworker/u24:1-events_power_efficient
07:30:40 PM     0     97923      3.00      0.00  kworker/10:1-mm_percpu_wq
07:30:40 PM     0    100481      1.00      0.00  kworker/9:0-events
07:30:40 PM     0    101778      6.00      0.00  kworker/1:0-mm_percpu_wq
07:30:40 PM     0    104636      1.00      0.00  kworker/8:0-mm_percpu_wq
07:30:40 PM     0    105068      1.00      0.00  iostat
07:30:40 PM     0    105069      1.00      0.00  pidstat
07:30:40 PM     0    105070      5.00      0.00  bash
07:30:40 PM     0    105071      7.00      0.00  bash
07:30:40 PM     0    105072      4.00      0.00  bash
07:30:40 PM     0    105074    100.00      0.00  fio
07:30:40 PM     0    105285      1.00      0.00  sleep
07:30:40 PM     0    105296      1.00      0.00  sleep
07:30:40 PM     0    105297      1.00      0.00  sleep

07:30:40 PM   UID       PID   cswch/s nvcswch/s  Command
07:30:41 PM     0        16      2.00      0.00  ksoftirqd/0
07:30:41 PM     0        17     16.00      0.00  rcu_preempt
07:30:41 PM     0        24      2.00      0.00  ksoftirqd/1
07:30:41 PM     0        35      1.00      0.00  migration/3
07:30:41 PM     0        36      2.00      0.00  ksoftirqd/3
07:30:41 PM     0        95      2.00      0.00  kcompactd0
07:30:41 PM     0       453      1.00      0.00  multipathd
07:30:41 PM     0     84845      4.00      0.00  kworker/3:1-events
07:30:41 PM     0     87189      2.00      0.00  kworker/0:0-events
07:30:41 PM     0     88171      1.00      0.00  kworker/u24:55-events_unbound
07:30:41 PM     0     88669      1.00      0.00  kworker/11:1-mm_percpu_wq
07:30:41 PM     0     88734      1.00      0.00  kworker/7:1-events
07:30:41 PM     0     88759     12.00      0.00  kworker/2:1-events
07:30:41 PM     0     88840      1.00      0.00  kworker/u24:1-events_power_efficient
07:30:41 PM     0     93573      1.00      0.00  kworker/5:1-mm_percpu_wq
07:30:41 PM     0     97923      1.00      0.00  kworker/10:1-events
07:30:41 PM     0    101778      5.00      0.00  kworker/1:0-events
07:30:41 PM     0    105068      1.00      0.00  iostat
07:30:41 PM     0    105069      1.00      0.00  pidstat
07:30:41 PM     0    105070      5.00      0.00  bash
07:30:41 PM     0    105071      7.00      0.00  bash
07:30:41 PM     0    105072      4.00      0.00  bash
07:30:41 PM     0    105074     99.00      0.00  fio
07:30:41 PM     0    105300      1.00      0.00  sleep
07:30:41 PM     0    105311      1.00      1.00  sleep
07:30:41 PM     0    105312      1.00      0.00  sleep

07:30:41 PM   UID       PID   cswch/s nvcswch/s  Command
07:30:42 PM     0        16      1.00      0.00  ksoftirqd/0
07:30:42 PM     0        17     17.00      0.00  rcu_preempt
07:30:42 PM     0        18      1.00      0.00  migration/0
07:30:42 PM     0        23      1.00      0.00  migration/1
07:30:42 PM     0        24      1.00      0.00  ksoftirqd/1
07:30:42 PM     0        29      2.00      0.00  migration/2
07:30:42 PM     0        35      1.00      0.00  migration/3
07:30:42 PM     0        36      2.00      0.00  ksoftirqd/3
07:30:42 PM     0        41      1.00      0.00  migration/4
07:30:42 PM     0        42      1.00      0.00  ksoftirqd/4
07:30:42 PM     0        47      1.00      0.00  migration/5
07:30:42 PM     0        53      1.00      0.00  migration/6
07:30:42 PM     0        59      1.00      0.00  migration/7
07:30:42 PM     0        65      1.00      0.00  migration/8
07:30:42 PM     0        71      1.00      0.00  migration/9
07:30:42 PM     0        77      1.00      0.00  migration/10
07:30:42 PM     0        83      1.00      0.00  migration/11
07:30:42 PM     0        95      2.00      0.00  kcompactd0
07:30:42 PM     0       453      1.00      0.00  multipathd
07:30:42 PM     0       562      3.00      0.00  jbd2/nvme1n1p3-8
07:30:42 PM     0     84845      4.00      0.00  kworker/3:1-events
07:30:42 PM     0     87189      1.00      0.00  kworker/0:0-events
07:30:42 PM     0     88171      3.00      0.00  kworker/u24:55-edac-poller
07:30:42 PM     0     88222      2.00      0.00  kworker/4:3-mm_percpu_wq
07:30:42 PM     0     88734      2.00      0.00  kworker/7:1-mm_percpu_wq
07:30:42 PM     0     88741      2.00      0.00  kworker/6:2-events
07:30:42 PM     0     88759     14.00      0.00  kworker/2:1-events
07:30:42 PM     0     97923      1.00      0.00  kworker/10:1-events
07:30:42 PM     0    100481      2.00      0.00  kworker/9:0-events
07:30:42 PM     0    101778      1.00      0.00  kworker/1:0-events
07:30:42 PM     0    104636      1.00      0.00  kworker/8:0-mm_percpu_wq
07:30:42 PM     0    105068      1.00      0.00  iostat
07:30:42 PM     0    105069      1.00      0.00  pidstat
07:30:42 PM     0    105070      5.00      0.00  bash
07:30:42 PM     0    105071      7.00      0.00  bash
07:30:42 PM     0    105072      4.00      0.00  bash
07:30:42 PM     0    105074    100.00      0.00  fio
07:30:42 PM     0    105315      1.00      0.00  sleep
07:30:42 PM     0    105326      1.00      0.00  sleep
07:30:42 PM     0    105327      1.00      0.00  sleep

07:30:42 PM   UID       PID   cswch/s nvcswch/s  Command
07:30:43 PM     0        17     21.00      0.00  rcu_preempt
07:30:43 PM     0        24      2.00      0.00  ksoftirqd/1
07:30:43 PM     0        36      1.00      0.00  ksoftirqd/3
07:30:43 PM     0        95      2.00      0.00  kcompactd0
07:30:43 PM     0       189      1.00      0.00  kworker/4:1H-kblockd
07:30:43 PM     0       453      1.00      0.00  multipathd
07:30:43 PM     0     21554      1.00      0.00  packagekitd
07:30:43 PM     0     84845      4.00      0.00  kworker/3:1-events
07:30:43 PM     0     88171      1.00      0.00  kworker/u24:55-events_unbound
07:30:43 PM     0     88222      1.00      0.00  kworker/4:3-events
07:30:43 PM     0     88669      1.00      0.00  kworker/11:1-mm_percpu_wq
07:30:43 PM     0     88759     12.00      0.00  kworker/2:1-events
07:30:43 PM     0     88840      1.00      0.00  kworker/u24:1-events_power_efficient
07:30:43 PM     0     93573      1.00      0.00  kworker/5:1-mm_percpu_wq
07:30:43 PM     0     97923      1.00      0.00  kworker/10:1-mm_percpu_wq
07:30:43 PM     0    100481      1.00      0.00  kworker/9:0-events
07:30:43 PM     0    101778      5.00      0.00  kworker/1:0-events
07:30:43 PM     0    104636      3.00      0.00  kworker/8:0-events
07:30:43 PM     0    105068      1.00      0.00  iostat
07:30:43 PM     0    105069      1.00      0.00  pidstat
07:30:43 PM     0    105070      5.00      0.00  bash
07:30:43 PM     0    105071      7.00      0.00  bash
07:30:43 PM     0    105072      4.00      0.00  bash
07:30:43 PM     0    105074     99.00      0.00  fio
07:30:43 PM     0    105330      1.00      0.00  sleep
07:30:43 PM     0    105340      1.00      0.00  sleep
07:30:43 PM     0    105342      1.00      0.00  sleep

07:30:43 PM   UID       PID   cswch/s nvcswch/s  Command
07:30:44 PM     0        16      1.00      0.00  ksoftirqd/0
07:30:44 PM     0        17     18.00      0.00  rcu_preempt
07:30:44 PM     0        36      2.00      0.00  ksoftirqd/3
07:30:44 PM     0        42      2.00      0.00  ksoftirqd/4
07:30:44 PM     0        95      2.00      0.00  kcompactd0
07:30:44 PM     0       453      1.00      0.00  multipathd
07:30:44 PM     0     84845      5.00      0.00  kworker/3:1-mm_percpu_wq
07:30:44 PM     0     87189      3.00      0.00  kworker/0:0-events
07:30:44 PM     0     88171      4.00      0.00  kworker/u24:55-edac-poller
07:30:44 PM     0     88222      3.00      0.00  kworker/4:3-mm_percpu_wq
07:30:44 PM     0     88734      1.00      0.00  kworker/7:1-mm_percpu_wq
07:30:44 PM     0     88741      1.00      0.00  kworker/6:2-mm_percpu_wq
07:30:44 PM     0     88759     11.00      0.00  kworker/2:1-events
07:30:44 PM     0    101778      4.00      0.00  kworker/1:0-mm_percpu_wq
07:30:44 PM     0    104636      2.00      0.00  kworker/8:0-mm_percpu_wq
07:30:44 PM     0    105068      1.00      0.00  iostat
07:30:44 PM     0    105069      1.00      0.00  pidstat
07:30:44 PM     0    105070      5.00      0.00  bash
07:30:44 PM     0    105071      7.00      0.00  bash
07:30:44 PM     0    105072      4.00      0.00  bash
07:30:44 PM     0    105074    100.00      0.00  fio
07:30:44 PM     0    105345      1.00      0.00  sleep
07:30:44 PM     0    105356      1.00      0.00  sleep
07:30:44 PM     0    105357      1.00      0.00  sleep

07:30:44 PM   UID       PID   cswch/s nvcswch/s  Command
07:30:45 PM     0        17     19.00      0.00  rcu_preempt
07:30:45 PM     0        24      1.00      0.00  ksoftirqd/1
07:30:45 PM     0        29      1.00      0.00  migration/2
07:30:45 PM     0        36      1.00      0.00  ksoftirqd/3
07:30:45 PM     0        53      1.00      0.00  migration/6
07:30:45 PM     0        54      1.00      0.00  ksoftirqd/6
07:30:45 PM     0        95      2.00      0.00  kcompactd0
07:30:45 PM     0       453      1.00      0.00  multipathd
07:30:45 PM     0     84845      3.00      0.00  kworker/3:1-events
07:30:45 PM     0     87189      1.00      0.00  kworker/0:0-events
07:30:45 PM     0     88171      1.00      0.00  kworker/u24:55-events_unbound
07:30:45 PM     0     88669      1.00      0.00  kworker/11:1-mm_percpu_wq
07:30:45 PM     0     88741      2.00      0.00  kworker/6:2-events
07:30:45 PM     0     88759     14.00      0.00  kworker/2:1-events
07:30:45 PM     0     88840      1.00      0.00  kworker/u24:1-events_power_efficient
07:30:45 PM     0     93573      1.00      0.00  kworker/5:1-mm_percpu_wq
07:30:45 PM     0     97923      2.00      0.00  kworker/10:1-events
07:30:45 PM     0    101778      5.00      0.00  kworker/1:0-events
07:30:45 PM     0    104636      1.00      0.00  kworker/8:0-events
07:30:45 PM     0    105068      1.00      0.00  iostat
07:30:45 PM     0    105069      1.00      0.00  pidstat
07:30:45 PM     0    105070      5.00      0.00  bash
07:30:45 PM     0    105071      7.00      0.00  bash
07:30:45 PM     0    105072      4.00      0.00  bash
07:30:45 PM     0    105074     99.00      0.00  fio
07:30:45 PM     0    105360      1.00      0.00  sleep
07:30:45 PM     0    105371      1.00      1.00  sleep
07:30:45 PM     0    105372      1.00      0.00  sleep

07:30:45 PM   UID       PID   cswch/s nvcswch/s  Command
07:30:46 PM     0         2      1.00      0.00  kthreadd
07:30:46 PM     0        17     17.00      0.00  rcu_preempt
07:30:46 PM     0        18      1.00      0.00  migration/0
07:30:46 PM     0        23      1.00      0.00  migration/1
07:30:46 PM     0        24      1.00      0.00  ksoftirqd/1
07:30:46 PM     0        29      1.00      0.00  migration/2
07:30:46 PM     0        35      1.00      0.00  migration/3
07:30:46 PM     0        41      1.00      0.00  migration/4
07:30:46 PM     0        47      1.00      0.00  migration/5
07:30:46 PM     0        53      1.00      0.00  migration/6
07:30:46 PM     0        54      1.00      0.00  ksoftirqd/6
07:30:46 PM     0        59      1.00      0.00  migration/7
07:30:46 PM     0        65      1.00      0.00  migration/8
07:30:46 PM     0        71      1.00      0.00  migration/9
07:30:46 PM     0        72      1.00      0.00  ksoftirqd/9
07:30:46 PM     0        77      1.00      0.00  migration/10
07:30:46 PM     0        83      1.00      0.00  migration/11
07:30:46 PM     0        95      2.00      0.00  kcompactd0
07:30:46 PM     0       102      1.00      0.00  irq/9-acpi
07:30:46 PM     0       453      1.00      0.00  multipathd
07:30:46 PM     0     84845      5.00      0.00  kworker/3:1-mm_percpu_wq
07:30:46 PM     0     87189      3.00      0.00  kworker/0:0-events
07:30:46 PM     0     88171      2.00      0.00  kworker/u24:55-edac-poller
07:30:46 PM     0     88222      2.00      0.00  kworker/4:3-mm_percpu_wq
07:30:46 PM     0     88669      1.00      0.00  kworker/11:1-mm_percpu_wq
07:30:46 PM     0     88734      1.00      0.00  kworker/7:1-mm_percpu_wq
07:30:46 PM     0     88741      2.00      0.00  kworker/6:2-events
07:30:46 PM     0     88759     13.00      0.00  kworker/2:1-events
07:30:46 PM     0     88840      1.00      0.00  kworker/u24:1-events_power_efficient
07:30:46 PM     0     89370    372.00      0.00  kworker/5:2+i915-unordered
07:30:46 PM     0     93573   1139.00      1.00  kworker/5:1-events
07:30:46 PM     0     97923      2.00      0.00  kworker/10:1-mm_percpu_wq
07:30:46 PM     0     99629      2.00      0.00  kworker/5:0-mm_percpu_wq
07:30:46 PM     0    100481      3.00      0.00  kworker/9:0-events
07:30:46 PM     0    101778      2.00      0.00  kworker/1:0-mm_percpu_wq
07:30:46 PM     0    104636      1.00      0.00  kworker/8:0-mm_percpu_wq
07:30:46 PM     0    105068      1.00      0.00  iostat
07:30:46 PM     0    105069      1.00      0.00  pidstat
07:30:46 PM     0    105070      5.00      0.00  bash
07:30:46 PM     0    105071      7.00      0.00  bash
07:30:46 PM     0    105072      4.00      0.00  bash
07:30:46 PM     0    105074    100.00      0.00  fio
07:30:46 PM     0    105375      1.00      0.00  sleep
07:30:46 PM     0    105386      1.00      0.00  sleep
07:30:46 PM     0    105387      1.00      0.00  sleep
07:30:46 PM     0    105388      2.00      0.00  kworker/5:3

07:30:46 PM   UID       PID   cswch/s nvcswch/s  Command
07:30:47 PM     0        16      1.00      0.00  ksoftirqd/0
07:30:47 PM     0        17     16.00      0.00  rcu_preempt
07:30:47 PM     0        29      1.00      0.00  migration/2
07:30:47 PM     0        48      2.00      0.00  ksoftirqd/5
07:30:47 PM     0        54      1.00      0.00  ksoftirqd/6
07:30:47 PM     0        95      2.00      0.00  kcompactd0
07:30:47 PM     0       188      1.00      0.00  kworker/2:1H-kblockd
07:30:47 PM     0       453      1.00      0.00  multipathd
07:30:47 PM     0       562      3.00      0.00  jbd2/nvme1n1p3-8
07:30:47 PM     0     84845      1.00      0.00  kworker/3:1-events
07:30:47 PM     0     87189      3.00      0.00  kworker/0:0-mm_percpu_wq
07:30:47 PM     0     88171      2.00      0.00  kworker/u24:55-edac-poller
07:30:47 PM     0     88222      3.00      0.00  kworker/4:3-events
07:30:47 PM     0     88669      1.00      0.00  kworker/11:1-mm_percpu_wq
07:30:47 PM     0     88741      2.00      0.00  kworker/6:2-events
07:30:47 PM     0     88759     14.00      0.00  kworker/2:1-events
07:30:47 PM     0     89370    763.00      0.00  kworker/5:2-mm_percpu_wq
07:30:47 PM     0    100481      2.00      0.00  kworker/9:0-mm_percpu_wq
07:30:47 PM     0    101778      1.00      0.00  kworker/1:0-mm_percpu_wq
07:30:47 PM     0    104636      2.00      0.00  kworker/8:0-mm_percpu_wq
07:30:47 PM     0    105068      1.00      0.00  iostat
07:30:47 PM     0    105069      1.00      1.00  pidstat
07:30:47 PM     0    105070      5.00      0.00  bash
07:30:47 PM     0    105071      6.00      0.00  bash
07:30:47 PM     0    105072      4.00      1.00  bash
07:30:47 PM     0    105074     99.00      0.00  fio
07:30:47 PM     0    105391      1.00      0.00  sleep
07:30:47 PM     0    105401      1.00      0.00  sleep
07:30:47 PM     0    105403      1.00      0.00  sleep

07:30:47 PM   UID       PID   cswch/s nvcswch/s  Command
07:30:48 PM     0        16      1.00      0.00  ksoftirqd/0
07:30:48 PM     0        17     22.00      0.00  rcu_preempt
07:30:48 PM     0        24      1.00      0.00  ksoftirqd/1
07:30:48 PM     0        36      1.00      0.00  ksoftirqd/3
07:30:48 PM     0        42      1.00      0.00  ksoftirqd/4
07:30:48 PM     0        60      1.00      0.00  ksoftirqd/7
07:30:48 PM     0        66      1.00      0.00  ksoftirqd/8
07:30:48 PM     0        95      2.00      0.00  kcompactd0
07:30:48 PM     0       453      1.00      0.00  multipathd
07:30:48 PM     0     84845      2.00      0.00  kworker/3:1-events
07:30:48 PM     0     87189      2.00      0.00  kworker/0:0-events
07:30:48 PM     0     88171      2.00      0.00  kworker/u24:55-edac-poller
07:30:48 PM     0     88222      4.00      0.00  kworker/4:3-events
07:30:48 PM     0     88669      1.00      0.00  kworker/11:1-events
07:30:48 PM     0     88734      2.00      0.00  kworker/7:1-events
07:30:48 PM     0     88741      3.00      0.00  kworker/6:2-events
07:30:48 PM     0     88759     12.00      0.00  kworker/2:1-events
07:30:48 PM     0    101778      2.00      0.00  kworker/1:0-events
07:30:48 PM     0    104636      3.00      0.00  kworker/8:0-events
07:30:48 PM     0    105068      1.00      0.00  iostat
07:30:48 PM     0    105069      1.00      0.00  pidstat
07:30:48 PM     0    105070      5.00      0.00  bash
07:30:48 PM     0    105071      7.00      0.00  bash
07:30:48 PM     0    105072      4.00      0.00  bash
07:30:48 PM     0    105074     99.00      0.00  fio
07:30:48 PM     0    105406      1.00      0.00  sleep
07:30:48 PM     0    105416      1.00      0.00  sleep
07:30:48 PM     0    105418      1.00      0.00  sleep

07:30:48 PM   UID       PID   cswch/s nvcswch/s  Command
07:30:49 PM     0        16      1.00      0.00  ksoftirqd/0
07:30:49 PM     0        17     18.00      0.00  rcu_preempt
07:30:49 PM     0        24      1.00      0.00  ksoftirqd/1
07:30:49 PM     0        30      1.00      0.00  ksoftirqd/2
07:30:49 PM     0        36      3.00      0.00  ksoftirqd/3
07:30:49 PM     0        42      1.00      0.00  ksoftirqd/4
07:30:49 PM     0        48      1.00      0.00  ksoftirqd/5
07:30:49 PM     0        72      2.00      0.00  ksoftirqd/9
07:30:49 PM     0        95      2.00      0.00  kcompactd0
07:30:49 PM     0       453      1.00      0.00  multipathd
07:30:49 PM     0     84845      2.00      0.00  kworker/3:1-mm_percpu_wq
07:30:49 PM     0     87189      3.00      0.00  kworker/0:0-events
07:30:49 PM     0     88171      1.00      0.00  kworker/u24:55-edac-poller
07:30:49 PM     0     88222      4.00      0.00  kworker/4:3-events
07:30:49 PM     0     88734      1.00      0.00  kworker/7:1-mm_percpu_wq
07:30:49 PM     0     88759     13.00      0.00  kworker/2:1-events
07:30:49 PM     0    100481      3.00      0.00  kworker/9:0-mm_percpu_wq
07:30:49 PM     0    101778      4.00      0.00  kworker/1:0-mm_percpu_wq
07:30:49 PM     0    104636      1.00      0.00  kworker/8:0-mm_percpu_wq
07:30:49 PM     0    105068      1.00      0.00  iostat
07:30:49 PM     0    105069      1.00      1.00  pidstat
07:30:49 PM     0    105070      5.00      0.00  bash
07:30:49 PM     0    105071      8.00      0.00  bash
07:30:49 PM     0    105072      4.00      0.00  bash
07:30:49 PM     0    105074     99.00      0.00  fio
07:30:49 PM     0    105421      1.00      0.00  sleep
07:30:49 PM     0    105431      1.00      0.00  sleep
07:30:49 PM     0    105433      1.00      0.00  sleep

07:30:49 PM   UID       PID   cswch/s nvcswch/s  Command
07:30:50 PM     0         1      1.00      0.00  systemd
07:30:50 PM     0        17     19.00      0.00  rcu_preempt
07:30:50 PM     0        18      1.00      0.00  migration/0
07:30:50 PM     0        23      1.00      0.00  migration/1
07:30:50 PM     0        24      1.00      0.00  ksoftirqd/1
07:30:50 PM     0        29      1.00      0.00  migration/2
07:30:50 PM     0        35      1.00      0.00  migration/3
07:30:50 PM     0        41      1.00      0.00  migration/4
07:30:50 PM     0        47      1.00      0.00  migration/5
07:30:50 PM     0        53      1.00      0.00  migration/6
07:30:50 PM     0        59      1.00      0.00  migration/7
07:30:50 PM     0        65      1.00      0.00  migration/8
07:30:50 PM     0        71      1.00      0.00  migration/9
07:30:50 PM     0        77      1.00      0.00  migration/10
07:30:50 PM     0        83      1.00      0.00  migration/11
07:30:50 PM     0        95      2.00      0.00  kcompactd0
07:30:50 PM     0       189      1.00      0.00  kworker/4:1H-kblockd
07:30:50 PM     0       453      1.00      0.00  multipathd
07:30:50 PM   101       608      2.00      0.00  systemd-network
07:30:50 PM     0     87189      3.00      0.00  kworker/0:0-events
07:30:50 PM     0     88171      5.00      0.00  kworker/u24:55-edac-poller
07:30:50 PM     0     88222      3.00      0.00  kworker/4:3-events
07:30:50 PM     0     88741      1.00      0.00  kworker/6:2-mm_percpu_wq
07:30:50 PM     0     88759     14.00      0.00  kworker/2:1-events
07:30:50 PM     0     89370      1.00      0.00  kworker/5:2-mm_percpu_wq
07:30:50 PM     0    100481      2.00      0.00  kworker/9:0-events
07:30:50 PM     0    101778      3.00      0.00  kworker/1:0-events
07:30:50 PM     0    105068      1.00      0.00  iostat
07:30:50 PM     0    105069      1.00      0.00  pidstat
07:30:50 PM     0    105070      5.00      0.00  bash
07:30:50 PM     0    105071      5.00      0.00  bash
07:30:50 PM     0    105072      4.00      0.00  bash
07:30:50 PM     0    105074    100.00      0.00  fio
07:30:50 PM     0    105436      1.00      0.00  sleep
07:30:50 PM     0    105446      1.00      0.00  sleep
07:30:50 PM     0    105448      1.00      0.00  sleep

07:30:50 PM   UID       PID   cswch/s nvcswch/s  Command
07:30:51 PM     0        17     20.00      0.00  rcu_preempt
07:30:51 PM     0        29      1.00      0.00  migration/2
07:30:51 PM     0        60      1.00      0.00  ksoftirqd/7
07:30:51 PM     0        78      3.00      0.00  ksoftirqd/10
07:30:51 PM     0        95      2.00      0.00  kcompactd0
07:30:51 PM     0       453      1.00      0.00  multipathd
07:30:51 PM     0     84845      1.00      0.00  kworker/3:1-mm_percpu_wq
07:30:51 PM     0     87189      3.00      0.00  kworker/0:0-mm_percpu_wq
07:30:51 PM     0     88171      1.00      0.00  kworker/u24:55-edac-poller
07:30:51 PM     0     88222      1.00      0.00  kworker/4:3-mm_percpu_wq
07:30:51 PM     0     88734      3.00      0.00  kworker/7:1-events
07:30:51 PM     0     88759     12.00      0.00  kworker/2:1-events
07:30:51 PM     0     89370      1.00      0.00  kworker/5:2-events
07:30:51 PM     0     97923      3.00      0.00  kworker/10:1-mm_percpu_wq
07:30:51 PM     0    101778      4.00      0.00  kworker/1:0-mm_percpu_wq
07:30:51 PM     0    104636      1.00      0.00  kworker/8:0-mm_percpu_wq
07:30:51 PM     0    105068      1.00      0.00  iostat
07:30:51 PM     0    105069      1.00      0.00  pidstat
07:30:51 PM     0    105070      5.00      0.00  bash
07:30:51 PM     0    105071      6.00      0.00  bash
07:30:51 PM     0    105072      4.00      0.00  bash
07:30:51 PM     0    105074     99.00      0.00  fio
07:30:51 PM     0    105451      1.00      0.00  sleep
07:30:51 PM     0    105461      1.00      0.00  sleep
07:30:51 PM     0    105463      1.00      0.00  sleep

07:30:51 PM   UID       PID   cswch/s nvcswch/s  Command
07:30:52 PM     0        17     24.00      0.00  rcu_preempt
07:30:52 PM     0        24      4.00      0.00  ksoftirqd/1
07:30:52 PM     0        95      2.00      0.00  kcompactd0
07:30:52 PM     0       453      1.00      0.00  multipathd
07:30:52 PM     0       562      3.00      0.00  jbd2/nvme1n1p3-8
07:30:52 PM     0       773      2.00      0.00  sshd
07:30:52 PM     0     84845      2.00      0.00  kworker/3:1-events
07:30:52 PM     0     87189      1.00      0.00  kworker/0:0-events
07:30:52 PM     0     88171      3.00      0.00  kworker/u24:55-edac-poller
07:30:52 PM     0     88222      2.00      0.00  kworker/4:3-events
07:30:52 PM     0     88734      1.00      0.00  kworker/7:1-mm_percpu_wq
07:30:52 PM     0     88741      2.00      0.00  kworker/6:2-events
07:30:52 PM     0     88759     13.00      0.00  kworker/2:1-events
07:30:52 PM     0     88840      1.00      0.00  kworker/u24:1-events_power_efficient
07:30:52 PM     0     89370      1.00      0.00  kworker/5:2-mm_percpu_wq
07:30:52 PM     0    100481      1.00      0.00  kworker/9:0-mm_percpu_wq
07:30:52 PM     0    101778      5.00      0.00  kworker/1:0-mm_percpu_wq
07:30:52 PM     0    105068      1.00      0.00  iostat
07:30:52 PM     0    105069      1.00      0.00  pidstat
07:30:52 PM     0    105070      5.00      0.00  bash
07:30:52 PM     0    105071      7.00      0.00  bash
07:30:52 PM     0    105072      4.00      0.00  bash
07:30:52 PM     0    105074     99.00      0.00  fio
07:30:52 PM     0    105466      1.00      0.00  sleep
07:30:52 PM     0    105476      1.00      0.00  sleep
07:30:52 PM     0    105478      1.00      0.00  sleep
07:30:52 PM     0    105479     28.00      1.00  sshd

07:30:52 PM   UID       PID   cswch/s nvcswch/s  Command
07:30:53 PM     0        16      1.00      0.00  ksoftirqd/0
07:30:53 PM     0        17     23.00      0.00  rcu_preempt
07:30:53 PM     0        29      1.00      0.00  migration/2
07:30:53 PM     0        42      3.00      0.00  ksoftirqd/4
07:30:53 PM     0        95      2.00      0.00  kcompactd0
07:30:53 PM     0       188      1.00      0.00  kworker/2:1H-kblockd
07:30:53 PM     0       453      1.00      0.00  multipathd
07:30:53 PM     0     21554      1.00      0.00  packagekitd
07:30:53 PM     0     84845      2.00      0.00  kworker/3:1-mm_percpu_wq
07:30:53 PM     0     87189      2.00      0.00  kworker/0:0-events
07:30:53 PM     0     88171      1.00      0.00  kworker/u24:55-edac-poller
07:30:53 PM     0     88222      4.00      0.00  kworker/4:3-mm_percpu_wq
07:30:53 PM     0     88734      1.00      0.00  kworker/7:1-mm_percpu_wq
07:30:53 PM     0     88759     12.00      0.00  kworker/2:1-events
07:30:53 PM     0     89370      2.00      0.00  kworker/5:2-events
07:30:53 PM     0    100481      1.00      0.00  kworker/9:0-events
07:30:53 PM     0    101778      6.00      0.00  kworker/1:0-mm_percpu_wq
07:30:53 PM     0    104636      1.00      0.00  kworker/8:0-mm_percpu_wq
07:30:53 PM     0    105068      1.00      0.00  iostat
07:30:53 PM     0    105069      1.00      1.00  pidstat
07:30:53 PM     0    105070      5.00      0.00  bash
07:30:53 PM     0    105071      5.00      0.00  bash
07:30:53 PM     0    105072      4.00      0.00  bash
07:30:53 PM     0    105074     99.00      0.00  fio
07:30:53 PM     0    105482      1.00      0.00  sleep
07:30:53 PM     0    105492      1.00      1.00  sleep
07:30:53 PM     0    105494      1.00      0.00  sleep

07:30:53 PM   UID       PID   cswch/s nvcswch/s  Command
07:30:54 PM     0        17     22.00      0.00  rcu_preempt
07:30:54 PM     0        18      1.00      0.00  migration/0
07:30:54 PM     0        23      1.00      0.00  migration/1
07:30:54 PM     0        24      1.00      0.00  ksoftirqd/1
07:30:54 PM     0        29      1.00      0.00  migration/2
07:30:54 PM     0        35      1.00      0.00  migration/3
07:30:54 PM     0        36      2.00      0.00  ksoftirqd/3
07:30:54 PM     0        41      1.00      0.00  migration/4
07:30:54 PM     0        47      1.00      0.00  migration/5
07:30:54 PM     0        53      1.00      0.00  migration/6
07:30:54 PM     0        59      1.00      0.00  migration/7
07:30:54 PM     0        65      2.00      0.00  migration/8
07:30:54 PM     0        71      1.00      0.00  migration/9
07:30:54 PM     0        77      1.00      0.00  migration/10
07:30:54 PM     0        83      1.00      0.00  migration/11
07:30:54 PM     0        95      1.00      0.00  kcompactd0
07:30:54 PM     0       453      1.00      0.00  multipathd
07:30:54 PM   106       639      1.00      0.00  rsyslogd
07:30:54 PM     0     84845      3.00      0.00  kworker/3:1-events
07:30:54 PM     0     87189      1.00      0.00  kworker/0:0-events
07:30:54 PM     0     88171      2.00      0.00  kworker/u24:55-edac-poller
07:30:54 PM     0     88222      3.00      0.00  kworker/4:3-events
07:30:54 PM     0     88741      1.00      0.00  kworker/6:2-mm_percpu_wq
07:30:54 PM     0     88759     13.00      0.00  kworker/2:1-events
07:30:54 PM     0     88840      1.00      0.00  kworker/u24:1-events_power_efficient
07:30:54 PM     0     89370      2.00      0.00  kworker/5:2-events
07:30:54 PM     0     97923      1.00      0.00  kworker/10:1-mm_percpu_wq
07:30:54 PM     0    100481      1.00      0.00  kworker/9:0-mm_percpu_wq
07:30:54 PM     0    101778      2.00      0.00  kworker/1:0-events
07:30:54 PM     0    104636      1.00      0.00  kworker/8:0-events
07:30:54 PM     0    105068      1.00      0.00  iostat
07:30:54 PM     0    105069      1.00      0.00  pidstat
07:30:54 PM     0    105070      5.00      0.00  bash
07:30:54 PM     0    105071      6.00      1.00  bash
07:30:54 PM     0    105072      4.00      0.00  bash
07:30:54 PM     0    105074    100.00      0.00  fio
07:30:54 PM     0    105497      1.00      0.00  sleep
07:30:54 PM     0    105507      1.00      0.00  sleep
07:30:54 PM     0    105509      1.00      0.00  sleep

07:30:54 PM   UID       PID   cswch/s nvcswch/s  Command
07:30:55 PM     0        17     21.00      0.00  rcu_preempt
07:30:55 PM     0        24      1.00      0.00  ksoftirqd/1
07:30:55 PM     0        29      1.00      0.00  migration/2
07:30:55 PM     0        42      1.00      0.00  ksoftirqd/4
07:30:55 PM     0        95      2.00      0.00  kcompactd0
07:30:55 PM     0       193      1.00      0.00  kworker/9:1H-kblockd
07:30:55 PM     0       453      1.00      0.00  multipathd
07:30:55 PM     0     84845      2.00      0.00  kworker/3:1-events
07:30:55 PM     0     87189      3.00      0.00  kworker/0:0-mm_percpu_wq
07:30:55 PM     0     88171      4.00      0.00  kworker/u24:55-writeback
07:30:55 PM     0     88222      1.00      0.00  kworker/4:3-mm_percpu_wq
07:30:55 PM     0     88759     15.00      1.00  kworker/2:1-events
07:30:55 PM     0     88840      1.00      0.00  kworker/u24:1-ext4-rsv-conversion
07:30:55 PM     0    100481      4.00      0.00  kworker/9:0-mm_percpu_wq
07:30:55 PM     0    101778      5.00      0.00  kworker/1:0-mm_percpu_wq
07:30:55 PM     0    104636      1.00      0.00  kworker/8:0-mm_percpu_wq
07:30:55 PM     0    105068      1.00      0.00  iostat
07:30:55 PM     0    105069      1.00      0.00  pidstat
07:30:55 PM     0    105070      5.00      0.00  bash
07:30:55 PM     0    105071      6.00      0.00  bash
07:30:55 PM     0    105072      4.00      0.00  bash
07:30:55 PM     0    105074     99.00      0.00  fio
07:30:55 PM     0    105512      1.00      0.00  sleep
07:30:55 PM     0    105522      1.00      0.00  sleep
07:30:55 PM     0    105524      1.00      0.00  sleep

07:30:55 PM   UID       PID   cswch/s nvcswch/s  Command
07:30:56 PM     0        17     18.00      0.00  rcu_preempt
07:30:56 PM     0        24      3.00      0.00  ksoftirqd/1
07:30:56 PM     0        72      2.00      0.00  ksoftirqd/9
07:30:56 PM     0        95      2.00      0.00  kcompactd0
07:30:56 PM     0       453      1.00      0.00  multipathd
07:30:56 PM     0     87189      2.00      0.00  kworker/0:0-events
07:30:56 PM     0     88171      2.00      0.00  kworker/u24:55-events_unbound
07:30:56 PM     0     88222      4.00      0.00  kworker/4:3-events
07:30:56 PM     0     88734      1.00      0.00  kworker/7:1-mm_percpu_wq
07:30:56 PM     0     88741      1.00      0.00  kworker/6:2-mm_percpu_wq
07:30:56 PM     0     88759     13.00      0.00  kworker/2:1-events
07:30:56 PM     0     89370      2.00      0.00  kworker/5:2-events
07:30:56 PM     0     97923      2.00      0.00  kworker/10:1-events
07:30:56 PM     0    100481      2.00      0.00  kworker/9:0-events
07:30:56 PM     0    101778      4.00      0.00  kworker/1:0-events
07:30:56 PM     0    105068      1.00      0.00  iostat
07:30:56 PM     0    105069      1.00      0.00  pidstat
07:30:56 PM     0    105070      5.00      0.00  bash
07:30:56 PM     0    105071      6.00      0.00  bash
07:30:56 PM     0    105072      4.00      0.00  bash
07:30:56 PM     0    105074    100.00      0.00  fio
07:30:56 PM     0    105527      1.00      0.00  sleep
07:30:56 PM     0    105537      1.00      0.00  sleep
07:30:56 PM     0    105539      1.00      0.00  sleep

07:30:56 PM   UID       PID   cswch/s nvcswch/s  Command
07:30:57 PM     0        16      2.00      0.00  ksoftirqd/0
07:30:57 PM     0        17     19.00      0.00  rcu_preempt
07:30:57 PM     0        24      1.00      0.00  ksoftirqd/1
07:30:57 PM     0        72      1.00      0.00  ksoftirqd/9
07:30:57 PM     0        95      2.00      0.00  kcompactd0
07:30:57 PM     0       453      1.00      0.00  multipathd
07:30:57 PM     0       562      3.00      0.00  jbd2/nvme1n1p3-8
07:30:57 PM     0     84845      2.00      0.00  kworker/3:1-events
07:30:57 PM     0     87189      2.00      0.00  kworker/0:0-events
07:30:57 PM     0     88171      2.00      0.00  kworker/u24:55-events_power_efficient
07:30:57 PM     0     88222      2.00      0.00  kworker/4:3-events
07:30:57 PM     0     88669      1.00      0.00  kworker/11:1-mm_percpu_wq
07:30:57 PM     0     88759     14.00      0.00  kworker/2:1-events
07:30:57 PM     0     88840      1.00      0.00  kworker/u24:1-ext4-rsv-conversion
07:30:57 PM     0     89370      2.00      0.00  kworker/5:2-events
07:30:57 PM     0     97923      1.00      0.00  kworker/10:1-mm_percpu_wq
07:30:57 PM     0    100481      3.00      0.00  kworker/9:0-events
07:30:57 PM     0    101778      4.00      0.00  kworker/1:0-mm_percpu_wq
07:30:57 PM     0    104636      1.00      0.00  kworker/8:0-mm_percpu_wq
07:30:57 PM     0    105068      1.00      0.00  iostat
07:30:57 PM     0    105069      1.00      1.00  pidstat
07:30:57 PM     0    105070      5.00      0.00  bash
07:30:57 PM     0    105071      6.00      0.00  bash
07:30:57 PM     0    105072      4.00      0.00  bash
07:30:57 PM     0    105074     99.00      0.00  fio
07:30:57 PM     0    105542      1.00      0.00  sleep
07:30:57 PM     0    105552      1.00      0.00  sleep
07:30:57 PM     0    105554      1.00      0.00  sleep

07:30:57 PM   UID       PID   cswch/s nvcswch/s  Command
07:30:58 PM     0         2      1.00      0.00  kthreadd
07:30:58 PM     0        16      1.00      0.00  ksoftirqd/0
07:30:58 PM     0        17     20.00      0.00  rcu_preempt
07:30:58 PM     0        18      1.00      0.00  migration/0
07:30:58 PM     0        23      1.00      0.00  migration/1
07:30:58 PM     0        24      2.00      0.00  ksoftirqd/1
07:30:58 PM     0        29      1.00      0.00  migration/2
07:30:58 PM     0        35      1.00      0.00  migration/3
07:30:58 PM     0        41      1.00      0.00  migration/4
07:30:58 PM     0        47      1.00      0.00  migration/5
07:30:58 PM     0        48      1.00      0.00  ksoftirqd/5
07:30:58 PM     0        53      1.00      0.00  migration/6
07:30:58 PM     0        59      1.00      0.00  migration/7
07:30:58 PM     0        65      2.00      0.00  migration/8
07:30:58 PM     0        71      1.00      0.00  migration/9
07:30:58 PM     0        77      1.00      0.00  migration/10
07:30:58 PM     0        83      1.00      0.00  migration/11
07:30:58 PM     0        95      2.00      0.00  kcompactd0
07:30:58 PM     0       102      1.00      0.00  irq/9-acpi
07:30:58 PM     0       189      1.00      0.00  kworker/4:1H-kblockd
07:30:58 PM     0       453      1.00      0.00  multipathd
07:30:58 PM     0     87189      3.00      0.00  kworker/0:0-kacpi_notify
07:30:58 PM     0     88222      3.00      0.00  kworker/4:3-events
07:30:58 PM     0     88741      1.00      0.00  kworker/6:2-mm_percpu_wq
07:30:58 PM     0     88759     13.00      0.00  kworker/2:1-events
07:30:58 PM     0     88840      2.00      0.00  kworker/u24:1-events_unbound
07:30:58 PM     0     89370      1.00      0.00  kworker/5:2-mm_percpu_wq
07:30:58 PM     0     89383      2.00      0.00  kworker/9:2-i915-unordered
07:30:58 PM     0    100481      9.00      0.00  kworker/9:0+pm
07:30:58 PM     0    101778      2.00      0.00  kworker/1:0-events
07:30:58 PM     0    105068      1.00      0.00  iostat
07:30:58 PM     0    105069      1.00      0.00  pidstat
07:30:58 PM     0    105070      5.00      0.00  bash
07:30:58 PM     0    105071      6.00      0.00  bash
07:30:58 PM     0    105072      4.00      0.00  bash
07:30:58 PM     0    105074    100.00      0.00  fio
07:30:58 PM     0    105557      1.00      0.00  sleep
07:30:58 PM     0    105567      1.00      0.00  sleep
07:30:58 PM     0    105569      1.00      0.00  sleep
07:30:58 PM     0    105570      2.00      0.00  kworker/9:1

07:30:58 PM   UID       PID   cswch/s nvcswch/s  Command
07:30:59 PM     0        17     23.00      0.00  rcu_preempt
07:30:59 PM     0        24      2.00      0.00  ksoftirqd/1
07:30:59 PM     0        36      2.00      0.00  ksoftirqd/3
07:30:59 PM     0        42      1.00      0.00  ksoftirqd/4
07:30:59 PM     0        95      2.00      0.00  kcompactd0
07:30:59 PM     0       188      1.00      0.00  kworker/2:1H-kblockd
07:30:59 PM     0       453      1.00      0.00  multipathd
07:30:59 PM     0     84845      3.00      0.00  kworker/3:1-mm_percpu_wq
07:30:59 PM     0     87189      3.00      0.00  kworker/0:0-mm_percpu_wq
07:30:59 PM     0     88222      4.00      0.00  kworker/4:3-mm_percpu_wq
07:30:59 PM     0     88734      1.00      0.00  kworker/7:1-mm_percpu_wq
07:30:59 PM     0     88759     11.00      0.00  kworker/2:1-events
07:30:59 PM     0     88840      1.00      0.00  kworker/u24:1-edac-poller
07:30:59 PM     0    100481      2.00      0.00  kworker/9:0-mm_percpu_wq
07:30:59 PM     0    101778      6.00      0.00  kworker/1:0-mm_percpu_wq
07:30:59 PM     0    104636      3.00      0.00  kworker/8:0-mm_percpu_wq
07:30:59 PM     0    105068      1.00      0.00  iostat
07:30:59 PM     0    105069      1.00      0.00  pidstat
07:30:59 PM     0    105070      5.00      0.00  bash
07:30:59 PM     0    105071      6.00      0.00  bash
07:30:59 PM     0    105072      4.00      0.00  bash
07:30:59 PM     0    105074     99.00      0.00  fio
07:30:59 PM     0    105573      1.00      0.00  sleep
07:30:59 PM     0    105583      1.00      0.00  sleep
07:30:59 PM     0    105585      1.00      0.00  sleep

07:30:59 PM   UID       PID   cswch/s nvcswch/s  Command
07:31:00 PM     0        16      1.00      0.00  ksoftirqd/0
07:31:00 PM     0        17     21.00      0.00  rcu_preempt
07:31:00 PM     0        24      2.00      0.00  ksoftirqd/1
07:31:00 PM     0        36      1.00      0.00  ksoftirqd/3
07:31:00 PM     0        95      2.00      0.00  kcompactd0
07:31:00 PM     0       453      1.00      0.00  multipathd
07:31:00 PM     0     84845      3.00      0.00  kworker/3:1-events
07:31:00 PM     0     87189      2.00      0.00  kworker/0:0-events
07:31:00 PM     0     88171      1.00      0.00  kworker/u24:55-events_power_efficient
07:31:00 PM     0     88222      1.00      0.00  kworker/4:3-events
07:31:00 PM     0     88741      1.00      0.00  kworker/6:2-mm_percpu_wq
07:31:00 PM     0     88759     12.00      0.00  kworker/2:1-events
07:31:00 PM     0     88840      2.00      0.00  kworker/u24:1-events_unbound
07:31:00 PM     0     89370      2.00      0.00  kworker/5:2-events
07:31:00 PM     0     97923      1.00      0.00  kworker/10:1-mm_percpu_wq
07:31:00 PM     0    100481      1.00      0.00  kworker/9:0-events
07:31:00 PM     0    101778      3.00      0.00  kworker/1:0-events
07:31:00 PM     0    105068      1.00      0.00  iostat
07:31:00 PM     0    105069      1.00      0.00  pidstat
07:31:00 PM     0    105070      5.00      0.00  bash
07:31:00 PM     0    105071      6.00      1.00  bash
07:31:00 PM     0    105072      4.00      0.00  bash
07:31:00 PM     0    105074     99.00      0.00  fio
07:31:00 PM     0    105588      1.00      0.00  sleep
07:31:00 PM     0    105598      1.00      0.00  sleep
07:31:00 PM     0    105600      1.00      0.00  sleep

07:31:00 PM   UID       PID   cswch/s nvcswch/s  Command
07:31:01 PM     0        17     20.00      0.00  rcu_preempt
07:31:01 PM     0        24      2.00      0.00  ksoftirqd/1
07:31:01 PM     0        42      2.00      0.00  ksoftirqd/4
07:31:01 PM     0        65      1.00      0.00  migration/8
07:31:01 PM     0        95      2.00      0.00  kcompactd0
07:31:01 PM     0       172      2.00      0.00  kworker/3:1H-kblockd
07:31:01 PM     0       453      1.00      0.00  multipathd
07:31:01 PM     0     84845      4.00      0.00  kworker/3:1-events
07:31:01 PM     0     87189      1.00      0.00  kworker/0:0-events
07:31:01 PM     0     88171      2.00      0.00  kworker/u24:55-writeback
07:31:01 PM     0     88222      1.00      0.00  kworker/4:3-events
07:31:01 PM     0     88759     12.00      0.00  kworker/2:1-events
07:31:01 PM     0     88840      4.00      0.00  kworker/u24:1-ext4-rsv-conversion
07:31:01 PM     0     89370      1.00      0.00  kworker/5:2-events
07:31:01 PM     0    100481      1.00      0.00  kworker/9:0-events
07:31:01 PM     0    101778      7.00      0.00  kworker/1:0-mm_percpu_wq
07:31:01 PM     0    104636      1.00      0.00  kworker/8:0-mm_percpu_wq
07:31:01 PM     0    105068      1.00      0.00  iostat
07:31:01 PM     0    105069      1.00      0.00  pidstat
07:31:01 PM     0    105070      5.00      0.00  bash
07:31:01 PM     0    105071      8.00      0.00  bash
07:31:01 PM     0    105072      4.00      0.00  bash
07:31:01 PM     0    105074    100.00      0.00  fio
07:31:01 PM     0    105603      1.00      0.00  sleep
07:31:01 PM     0    105613      1.00      0.00  sleep
07:31:01 PM     0    105615      1.00      0.00  sleep

07:31:01 PM   UID       PID   cswch/s nvcswch/s  Command
07:31:02 PM     0        16      1.00      0.00  ksoftirqd/0
07:31:02 PM     0        17     17.00      0.00  rcu_preempt
07:31:02 PM     0        18      1.00      0.00  migration/0
07:31:02 PM     0        23      1.00      0.00  migration/1
07:31:02 PM     0        24      2.00      0.00  ksoftirqd/1
07:31:02 PM     0        29      2.00      0.00  migration/2
07:31:02 PM     0        35      1.00      0.00  migration/3
07:31:02 PM     0        36      1.00      0.00  ksoftirqd/3
07:31:02 PM     0        41      1.00      0.00  migration/4
07:31:02 PM     0        47      1.00      0.00  migration/5
07:31:02 PM     0        53      1.00      0.00  migration/6
07:31:02 PM     0        59      1.00      0.00  migration/7
07:31:02 PM     0        65      1.00      0.00  migration/8
07:31:02 PM     0        71      1.00      0.00  migration/9
07:31:02 PM     0        77      1.00      0.00  migration/10
07:31:02 PM     0        83      1.00      0.00  migration/11
07:31:02 PM     0        95      2.00      0.00  kcompactd0
07:31:02 PM     0       453      1.00      0.00  multipathd
07:31:02 PM     0       562      3.00      0.00  jbd2/nvme1n1p3-8
07:31:02 PM     0       769      3.00      0.00  cron
07:31:02 PM     0     84845      3.00      0.00  kworker/3:1-events
07:31:02 PM     0     87189      2.00      0.00  kworker/0:0-events
07:31:02 PM     0     88171      2.00      0.00  kworker/u24:55-events_power_efficient
07:31:02 PM     0     88222      4.00      0.00  kworker/4:3-events
07:31:02 PM     0     88734      2.00      0.00  kworker/7:1-xfs-sync/nvme0n1p2
07:31:02 PM     0     88741      1.00      0.00  kworker/6:2-mm_percpu_wq
07:31:02 PM     0     88759     15.00      0.00  kworker/2:1-events
07:31:02 PM     0     88840      2.00      0.00  kworker/u24:1-writeback
07:31:02 PM     0     89370      2.00      0.00  kworker/5:2-events
07:31:02 PM     0     97923      1.00      0.00  kworker/10:1-mm_percpu_wq
07:31:02 PM     0    100481      1.00      0.00  kworker/9:0-mm_percpu_wq
07:31:02 PM     0    101778      2.00      0.00  kworker/1:0-events
07:31:02 PM     0    105068      1.00      0.00  iostat
07:31:02 PM     0    105069      1.00      0.00  pidstat
07:31:02 PM     0    105070      5.00      0.00  bash
07:31:02 PM     0    105071      7.00      0.00  bash
07:31:02 PM     0    105072      4.00      0.00  bash
07:31:02 PM     0    105074     99.00      0.00  fio
07:31:02 PM     0    105618      1.00      0.00  sleep
07:31:02 PM     0    105628      1.00      0.00  sleep
07:31:02 PM     0    105630      1.00      0.00  sleep

07:31:02 PM   UID       PID   cswch/s nvcswch/s  Command
07:31:03 PM     0        17     21.00      0.00  rcu_preempt
07:31:03 PM     0        24      1.00      0.00  ksoftirqd/1
07:31:03 PM     0        36      2.00      0.00  ksoftirqd/3
07:31:03 PM     0        42      2.00      0.00  ksoftirqd/4
07:31:03 PM     0        48      1.00      0.00  ksoftirqd/5
07:31:03 PM     0        95      2.00      0.00  kcompactd0
07:31:03 PM     0       453      1.00      0.00  multipathd
07:31:03 PM     0     21554      1.00      0.00  packagekitd
07:31:03 PM     0     84845      3.00      0.00  kworker/3:1-mm_percpu_wq
07:31:03 PM     0     87189      2.00      0.00  kworker/0:0-mm_percpu_wq
07:31:03 PM     0     88222      1.00      0.00  kworker/4:3-events
07:31:03 PM     0     88734      1.00      0.00  kworker/7:1-mm_percpu_wq
07:31:03 PM     0     88759     11.00      0.00  kworker/2:1-events
07:31:03 PM     0     88840      2.00      0.00  kworker/u24:1-events_unbound
07:31:03 PM     0    100481      2.00      0.00  kworker/9:0-mm_percpu_wq
07:31:03 PM     0    101778      5.00      0.00  kworker/1:0-mm_percpu_wq
07:31:03 PM     0    104636      1.00      0.00  kworker/8:0-mm_percpu_wq
07:31:03 PM     0    105068      1.00      0.00  iostat
07:31:03 PM     0    105069      1.00      0.00  pidstat
07:31:03 PM     0    105070      5.00      0.00  bash
07:31:03 PM     0    105071      5.00      0.00  bash
07:31:03 PM     0    105072      4.00      0.00  bash
07:31:03 PM     0    105074    100.00      0.00  fio
07:31:03 PM     0    105633      1.00      0.00  sleep
07:31:03 PM     0    105643      1.00      0.00  sleep
07:31:03 PM     0    105645      1.00      0.00  sleep

07:31:03 PM   UID       PID   cswch/s nvcswch/s  Command
07:31:04 PM     0        17     20.00      0.00  rcu_preempt
07:31:04 PM     0        24      2.00      0.00  ksoftirqd/1
07:31:04 PM     0        30      1.00      0.00  ksoftirqd/2
07:31:04 PM     0        36      2.00      0.00  ksoftirqd/3
07:31:04 PM     0        42      3.00      0.00  ksoftirqd/4
07:31:04 PM     0        83      1.00      0.00  migration/11
07:31:04 PM     0        95      2.00      0.00  kcompactd0
07:31:04 PM     0       453      1.00      0.00  multipathd
07:31:04 PM     0     84845      3.00      0.00  kworker/3:1-events
07:31:04 PM     0     87189      1.00      0.00  kworker/0:0-events
07:31:04 PM     0     88222      5.00      0.00  kworker/4:3-events
07:31:04 PM     0     88669      1.00      0.00  kworker/11:1-mm_percpu_wq
07:31:04 PM     0     88741      1.00      0.00  kworker/6:2-mm_percpu_wq
07:31:04 PM     0     88759     11.00      0.00  kworker/2:1-events
07:31:04 PM     0     88840      1.00      0.00  kworker/u24:1-edac-poller
07:31:04 PM     0     89370      1.00      0.00  kworker/5:2-mm_percpu_wq
07:31:04 PM     0     97923      1.00      0.00  kworker/10:1-mm_percpu_wq
07:31:04 PM     0    100481      1.00      0.00  kworker/9:0-events
07:31:04 PM     0    101778      4.00      0.00  kworker/1:0-events
07:31:04 PM     0    104636      2.00      0.00  kworker/8:0-events
07:31:04 PM     0    105068      1.00      0.00  iostat
07:31:04 PM     0    105069      1.00      0.00  pidstat
07:31:04 PM     0    105070      5.00      0.00  bash
07:31:04 PM     0    105071      8.00      1.00  bash
07:31:04 PM     0    105072      4.00      0.00  bash
07:31:04 PM     0    105074     99.00      0.00  fio
07:31:04 PM     0    105648      1.00      0.00  sleep
07:31:04 PM     0    105658      1.00      0.00  sleep
07:31:04 PM     0    105660      1.00      0.00  sleep

07:31:04 PM   UID       PID   cswch/s nvcswch/s  Command
07:31:05 PM     0        17     19.00      0.00  rcu_preempt
07:31:05 PM     0        24      4.00      0.00  ksoftirqd/1
07:31:05 PM     0        36      1.00      0.00  ksoftirqd/3
07:31:05 PM     0        84      1.00      0.00  ksoftirqd/11
07:31:05 PM     0        95      2.00      0.00  kcompactd0
07:31:05 PM     0       188      1.00      0.00  kworker/2:1H-kblockd
07:31:05 PM     0       453      1.00      0.00  multipathd
07:31:05 PM     0     84845      3.00      0.00  kworker/3:1-mm_percpu_wq
07:31:05 PM     0     87189      2.00      0.00  kworker/0:0-mm_percpu_wq
07:31:05 PM     0     88222      2.00      0.00  kworker/4:3-mm_percpu_wq
07:31:05 PM     0     88669      3.00      0.00  kworker/11:1-events
07:31:05 PM     0     88759     14.00      0.00  kworker/2:1-events
07:31:05 PM     0     88840      2.00      0.00  kworker/u24:1-events_unbound
07:31:05 PM     0     97923      1.00      0.00  kworker/10:1-mm_percpu_wq
07:31:05 PM     0    101778      4.00      0.00  kworker/1:0-mm_percpu_wq
07:31:05 PM     0    105068      1.00      0.00  iostat
07:31:05 PM     0    105069      1.00      0.00  pidstat
07:31:05 PM     0    105070      5.00      0.00  bash
07:31:05 PM     0    105071      8.00      0.00  bash
07:31:05 PM     0    105072      4.00      0.00  bash
07:31:05 PM     0    105074     99.00      0.00  fio
07:31:05 PM     0    105663      1.00      0.00  sleep
07:31:05 PM     0    105673      1.00      0.00  sleep
07:31:05 PM     0    105675      1.00      0.00  sleep

07:31:05 PM   UID       PID   cswch/s nvcswch/s  Command
07:31:06 PM     0        17     19.00      0.00  rcu_preempt
07:31:06 PM     0        18      1.00      0.00  migration/0
07:31:06 PM     0        23      1.00      0.00  migration/1
07:31:06 PM     0        29      1.00      0.00  migration/2
07:31:06 PM     0        35      1.00      0.00  migration/3
07:31:06 PM     0        41      1.00      0.00  migration/4
07:31:06 PM     0        42      1.00      0.00  ksoftirqd/4
07:31:06 PM     0        47      1.00      0.00  migration/5
07:31:06 PM     0        53      1.00      0.00  migration/6
07:31:06 PM     0        59      1.00      0.00  migration/7
07:31:06 PM     0        60      1.00      0.00  ksoftirqd/7
07:31:06 PM     0        65      2.00      0.00  migration/8
07:31:06 PM     0        71      1.00      0.00  migration/9
07:31:06 PM     0        77      1.00      0.00  migration/10
07:31:06 PM     0        83      1.00      0.00  migration/11
07:31:06 PM     0        84      1.00      0.00  ksoftirqd/11
07:31:06 PM     0        95      2.00      0.00  kcompactd0
07:31:06 PM     0       453      1.00      0.00  multipathd
07:31:06 PM     0     84845      2.00      0.00  kworker/3:1-events
07:31:06 PM     0     88222      4.00      0.00  kworker/4:3-events
07:31:06 PM     0     88669      2.00      0.00  kworker/11:1-events
07:31:06 PM     0     88734      3.00      0.00  kworker/7:1-events
07:31:06 PM     0     88741      1.00      0.00  kworker/6:2-mm_percpu_wq
07:31:06 PM     0     88759     14.00      0.00  kworker/2:1-events
07:31:06 PM     0     88840      4.00      0.00  kworker/u24:1-writeback
07:31:06 PM     0     89370      1.00      0.00  kworker/5:2-mm_percpu_wq
07:31:06 PM     0    100481      3.00      0.00  kworker/9:0-events
07:31:06 PM     0    101778      1.00      0.00  kworker/1:0-events
07:31:06 PM     0    104636      1.00      0.00  kworker/8:0-mm_percpu_wq
07:31:06 PM     0    105068      1.00      0.00  iostat
07:31:06 PM     0    105069      1.00      0.00  pidstat
07:31:06 PM     0    105070      5.00      0.00  bash
07:31:06 PM     0    105071      7.00      0.00  bash
07:31:06 PM     0    105072      4.00      0.00  bash
07:31:06 PM     0    105074     99.00      0.00  fio
07:31:06 PM     0    105678      1.00      0.00  sleep
07:31:06 PM     0    105688      1.00      0.00  sleep
07:31:06 PM     0    105690      1.00      0.00  sleep

07:31:06 PM   UID       PID   cswch/s nvcswch/s  Command
07:31:07 PM     0        17     26.00      0.00  rcu_preempt
07:31:07 PM     0        42      1.00      0.00  ksoftirqd/4
07:31:07 PM     0        54      1.00      0.00  ksoftirqd/6
07:31:07 PM     0        60      2.00      0.00  ksoftirqd/7
07:31:07 PM     0        95      2.00      0.00  kcompactd0
07:31:07 PM     0       172      1.00      0.00  kworker/3:1H-kblockd
07:31:07 PM     0       453      1.00      0.00  multipathd
07:31:07 PM     0       562      3.00      0.00  jbd2/nvme1n1p3-8
07:31:07 PM     0       773      2.00      0.00  sshd
07:31:07 PM     0     84845      2.00      0.00  kworker/3:1-mm_percpu_wq
07:31:07 PM     0     87189      2.00      0.00  kworker/0:0-events
07:31:07 PM     0     88171      1.00      0.00  kworker/u24:55-events_power_efficient
07:31:07 PM     0     88222      3.00      0.00  kworker/4:3-mm_percpu_wq
07:31:07 PM     0     88669      1.00      0.00  kworker/11:1-mm_percpu_wq
07:31:07 PM     0     88734      3.00      0.00  kworker/7:1-mm_percpu_wq
07:31:07 PM     0     88741      2.00      0.00  kworker/6:2-events
07:31:07 PM     0     88759     12.00      0.00  kworker/2:1-events
07:31:07 PM     0     88840      2.00      0.00  kworker/u24:1-events_unbound
07:31:07 PM     0     89370      1.00      0.00  kworker/5:2-mm_percpu_wq
07:31:07 PM     0     98256      1.00      0.00  kworker/u24:2-ext4-rsv-conversion
07:31:07 PM     0    100481      3.00      0.00  kworker/9:0-events
07:31:07 PM     0    101778      4.00      0.00  kworker/1:0-mm_percpu_wq
07:31:07 PM     0    104636      1.00      0.00  kworker/8:0-mm_percpu_wq
07:31:07 PM     0    105068      1.00      0.00  iostat
07:31:07 PM     0    105069      1.00      0.00  pidstat
07:31:07 PM     0    105070      5.00      0.00  bash
07:31:07 PM     0    105071      6.00      0.00  bash
07:31:07 PM     0    105072      4.00      0.00  bash
07:31:07 PM     0    105074     99.00      0.00  fio
07:31:07 PM     0    105693      1.00      0.00  sleep
07:31:07 PM     0    105703      1.00      0.00  sleep
07:31:07 PM     0    105705      1.00      0.00  sleep
07:31:07 PM     0    105706      3.00      1.00  sshd
07:31:07 PM   113    105707      4.00      0.00  sshd

07:31:07 PM   UID       PID   cswch/s nvcswch/s  Command
07:31:08 PM     0         1      4.00      0.00  systemd
07:31:08 PM     0        17     29.00      0.00  rcu_preempt
07:31:08 PM     0        29      1.00      0.00  migration/2
07:31:08 PM     0        54      2.00      0.00  ksoftirqd/6
07:31:08 PM     0        72      2.00      0.00  ksoftirqd/9
07:31:08 PM     0        95      2.00      0.00  kcompactd0
07:31:08 PM     0       415      6.00      0.00  systemd-journal
07:31:08 PM     0       453      1.00      0.00  multipathd
07:31:08 PM     0       773      1.00      0.00  sshd
07:31:08 PM     0     88222      4.00      0.00  kworker/4:3-events
07:31:08 PM     0     88669      1.00      0.00  kworker/11:1-events
07:31:08 PM     0     88741      3.00      0.00  kworker/6:2-events
07:31:08 PM     0     88759     15.00      0.00  kworker/2:1-events
07:31:08 PM     0     88840      1.00      0.00  kworker/u24:1-edac-poller
07:31:08 PM     0     89370      1.00      0.00  kworker/5:2-events
07:31:08 PM     0     97923      2.00      0.00  kworker/10:1-events
07:31:08 PM     0    100481      4.00      0.00  kworker/9:0-events
07:31:08 PM     0    101778      1.00      0.00  kworker/1:0-events
07:31:08 PM     0    105068      1.00      0.00  iostat
07:31:08 PM     0    105069      1.00      0.00  pidstat
07:31:08 PM     0    105070      5.00      0.00  bash
07:31:08 PM     0    105071      5.00      0.00  bash
07:31:08 PM     0    105072      4.00      0.00  bash
07:31:08 PM     0    105074    100.00      0.00  fio
07:31:08 PM     0    105710      1.00      0.00  sleep
07:31:08 PM     0    105720      1.00      0.00  sleep
07:31:08 PM     0    105722      1.00      0.00  sleep

07:31:08 PM   UID       PID   cswch/s nvcswch/s  Command
07:31:09 PM     0        17     18.00      0.00  rcu_preempt
07:31:09 PM     0        29      1.00      0.00  migration/2
07:31:09 PM     0        42      2.00      0.00  ksoftirqd/4
07:31:09 PM     0        60      1.00      0.00  ksoftirqd/7
07:31:09 PM     0        71      1.00      0.00  migration/9
07:31:09 PM     0        72      2.00      0.00  ksoftirqd/9
07:31:09 PM     0        78      2.00      0.00  ksoftirqd/10
07:31:09 PM     0        84      2.00      0.00  ksoftirqd/11
07:31:09 PM     0        95      2.00      0.00  kcompactd0
07:31:09 PM     0       102      1.00      0.00  irq/9-acpi
07:31:09 PM     0       415      1.00      0.00  systemd-journal
07:31:09 PM     0       453      1.00      0.00  multipathd
07:31:09 PM     0     84845      3.00      0.00  kworker/3:1-events
07:31:09 PM     0     87189      3.00      0.00  kworker/0:0-mm_percpu_wq
07:31:09 PM     0     88171      1.00      0.00  kworker/u24:55-events_power_efficient
07:31:09 PM     0     88222      4.00      0.00  kworker/4:3-mm_percpu_wq
07:31:09 PM     0     88669      2.00      0.00  kworker/11:1-mm_percpu_wq
07:31:09 PM     0     88734      2.00      0.00  kworker/7:1-mm_percpu_wq
07:31:09 PM     0     88741      4.00      0.00  kworker/6:2-mm_percpu_wq
07:31:09 PM     0     88759     11.00      0.00  kworker/2:1-events
07:31:09 PM     0     88840      3.00      0.00  kworker/u24:1-events_unbound
07:31:09 PM     0     89370      1.00      0.00  kworker/5:2-mm_percpu_wq
07:31:09 PM     0     97923      3.00      0.00  kworker/10:1-mm_percpu_wq
07:31:09 PM     0     98256      1.00      0.00  kworker/u24:2-events_power_efficient
07:31:09 PM     0    100481   1141.00      1.00  kworker/9:0-mm_percpu_wq
07:31:09 PM     0    101778      3.00      0.00  kworker/1:0-events
07:31:09 PM     0    104636      1.00      0.00  kworker/8:0-mm_percpu_wq
07:31:09 PM     0    105068      1.00      0.00  iostat
07:31:09 PM     0    105069      1.00      0.00  pidstat
07:31:09 PM     0    105070      5.00      0.00  bash
07:31:09 PM     0    105071      7.00      0.00  bash
07:31:09 PM     0    105072      4.00      0.00  bash
07:31:09 PM     0    105074     99.00      0.00  fio
07:31:09 PM     0    105570   1134.00      0.00  kworker/9:1-i915-unordered
07:31:09 PM     0    105725      1.00      0.00  sleep
07:31:09 PM     0    105735      1.00      0.00  sleep
07:31:09 PM     0    105737      1.00      1.00  sleep

07:31:09 PM   UID       PID   cswch/s nvcswch/s  Command
07:31:10 PM     0        17     23.00      0.00  rcu_preempt
07:31:10 PM     0        18      1.00      0.00  migration/0
07:31:10 PM     0        23      1.00      0.00  migration/1
07:31:10 PM     0        29      2.00      0.00  migration/2
07:31:10 PM     0        35      1.00      0.00  migration/3
07:31:10 PM     0        36      1.00      0.00  ksoftirqd/3
07:31:10 PM     0        41      1.00      0.00  migration/4
07:31:10 PM     0        47      1.00      0.00  migration/5
07:31:10 PM     0        53      1.00      0.00  migration/6
07:31:10 PM     0        59      1.00      0.00  migration/7
07:31:10 PM     0        65      1.00      0.00  migration/8
07:31:10 PM     0        71      1.00      0.00  migration/9
07:31:10 PM     0        72      2.00      0.00  ksoftirqd/9
07:31:10 PM     0        77      1.00      0.00  migration/10
07:31:10 PM     0        78      1.00      0.00  ksoftirqd/10
07:31:10 PM     0        83      1.00      0.00  migration/11
07:31:10 PM     0        95      2.00      0.00  kcompactd0
07:31:10 PM     0       453      1.00      0.00  multipathd
07:31:10 PM     0     84845      3.00      0.00  kworker/3:1-mm_percpu_wq
07:31:10 PM     0     87189      3.00      0.00  kworker/0:0-events
07:31:10 PM     0     88222      1.00      0.00  kworker/4:3-events
07:31:10 PM     0     88669      2.00      0.00  kworker/11:1-mm_percpu_wq
07:31:10 PM     0     88741      4.00      0.00  kworker/6:2-mm_percpu_wq
07:31:10 PM     0     88759     13.00      0.00  kworker/2:1-events
07:31:10 PM     0     88840      1.00      0.00  kworker/u24:1-edac-poller
07:31:10 PM     0     97923      2.00      0.00  kworker/10:1-mm_percpu_wq
07:31:10 PM     0    101778      4.00      0.00  kworker/1:0-events
07:31:10 PM     0    104636      3.00      0.00  kworker/8:0-mm_percpu_wq
07:31:10 PM     0    105068      1.00      0.00  iostat
07:31:10 PM     0    105069      1.00      0.00  pidstat
07:31:10 PM     0    105070      5.00      0.00  bash
07:31:10 PM     0    105071      6.00      0.00  bash
07:31:10 PM     0    105072      4.00      0.00  bash
07:31:10 PM     0    105074     99.00      0.00  fio
07:31:10 PM     0    105570      2.00      0.00  kworker/9:1-events
07:31:10 PM     0    105740      1.00      0.00  sleep
07:31:10 PM     0    105750      1.00      0.00  sleep
07:31:10 PM     0    105752      1.00      0.00  sleep

07:31:10 PM   UID       PID   cswch/s nvcswch/s  Command
07:31:11 PM     0        16      1.00      0.00  ksoftirqd/0
07:31:11 PM     0        17     19.00      0.00  rcu_preempt
07:31:11 PM     0        24      1.00      0.00  ksoftirqd/1
07:31:11 PM     0        72      2.00      0.00  ksoftirqd/9
07:31:11 PM     0        95      2.00      0.00  kcompactd0
07:31:11 PM     0       188      1.00      0.00  kworker/2:1H-kblockd
07:31:11 PM     0       453      1.00      0.00  multipathd
07:31:11 PM     0     84845      4.00      0.00  kworker/3:1-mm_percpu_wq
07:31:11 PM     0     87189      5.00      0.00  kworker/0:0-mm_percpu_wq
07:31:11 PM     0     88222      1.00      0.00  kworker/4:3-events
07:31:11 PM     0     88669      1.00      0.00  kworker/11:1-mm_percpu_wq
07:31:11 PM     0     88759     12.00      0.00  kworker/2:1-events
07:31:11 PM     0     88840      5.00      0.00  kworker/u24:1-writeback
07:31:11 PM     0     89370      1.00      0.00  kworker/5:2-mm_percpu_wq
07:31:11 PM     0     97923      1.00      0.00  kworker/10:1-events
07:31:11 PM     0    101778      3.00      0.00  kworker/1:0-mm_percpu_wq
07:31:11 PM     0    104636      1.00      0.00  kworker/8:0-mm_percpu_wq
07:31:11 PM     0    105068      1.00      0.00  iostat
07:31:11 PM     0    105069      1.00      0.00  pidstat
07:31:11 PM     0    105070      5.00      0.00  bash
07:31:11 PM     0    105071      8.00      0.00  bash
07:31:11 PM     0    105072      4.00      0.00  bash
07:31:11 PM     0    105074    100.00      0.00  fio
07:31:11 PM     0    105570      3.00      0.00  kworker/9:1-events
07:31:11 PM     0    105755      1.00      0.00  sleep
07:31:11 PM     0    105765      1.00      0.00  sleep
07:31:11 PM     0    105767      1.00      0.00  sleep

07:31:11 PM   UID       PID   cswch/s nvcswch/s  Command
07:31:12 PM     0        16      1.00      0.00  ksoftirqd/0
07:31:12 PM     0        17     22.00      0.00  rcu_preempt
07:31:12 PM     0        72      1.00      0.00  ksoftirqd/9
07:31:12 PM     0        95      2.00      0.00  kcompactd0
07:31:12 PM     0       453      1.00      0.00  multipathd
07:31:12 PM     0       562      3.00      0.00  jbd2/nvme1n1p3-8
07:31:12 PM     0     84845      2.00      0.00  kworker/3:1-events
07:31:12 PM     0     87189      2.00      0.00  kworker/0:0-events
07:31:12 PM     0     88171      1.00      0.00  kworker/u24:55-events_power_efficient
07:31:12 PM     0     88222      1.00      0.00  kworker/4:3-events
07:31:12 PM     0     88734      1.00      0.00  kworker/7:1-events
07:31:12 PM     0     88741      1.00      0.00  kworker/6:2-mm_percpu_wq
07:31:12 PM     0     88759     13.00      0.00  kworker/2:1-events
07:31:12 PM     0     88840      4.00      0.00  kworker/u24:1-events_power_efficient
07:31:12 PM     0     97923      2.00      0.00  kworker/10:1-events
07:31:12 PM     0    101778      2.00      0.00  kworker/1:0-events
07:31:12 PM     0    105068      1.00      0.00  iostat
07:31:12 PM     0    105069      1.00      0.00  pidstat
07:31:12 PM     0    105070      5.00      0.00  bash
07:31:12 PM     0    105071      6.00      0.00  bash
07:31:12 PM     0    105072      4.00      0.00  bash
07:31:12 PM     0    105074     99.00      0.00  fio
07:31:12 PM     0    105570      3.00      0.00  kworker/9:1-events
07:31:12 PM     0    105770      1.00      0.00  sleep
07:31:12 PM     0    105780      1.00      0.00  sleep
07:31:12 PM     0    105782      1.00      0.00  sleep

07:31:12 PM   UID       PID   cswch/s nvcswch/s  Command
07:31:13 PM     0        17     22.00      0.00  rcu_preempt
07:31:13 PM     0        65      1.00      0.00  migration/8
07:31:13 PM     0        72      3.00      0.00  ksoftirqd/9
07:31:13 PM     0        78      1.00      0.00  ksoftirqd/10
07:31:13 PM     0        95      2.00      0.00  kcompactd0
07:31:13 PM     0       453      1.00      0.00  multipathd
07:31:13 PM     0     21554      1.00      0.00  packagekitd
07:31:13 PM     0     84845      2.00      0.00  kworker/3:1-mm_percpu_wq
07:31:13 PM     0     87189      2.00      0.00  kworker/0:0-events
07:31:13 PM     0     88171      1.00      0.00  kworker/u24:55-edac-poller
07:31:13 PM     0     88222      1.00      0.00  kworker/4:3-mm_percpu_wq
07:31:13 PM     0     88669      1.00      0.00  kworker/11:1-mm_percpu_wq
07:31:13 PM     0     88759     12.00      0.00  kworker/2:1-events
07:31:13 PM     0     89370      1.00      0.00  kworker/5:2-mm_percpu_wq
07:31:13 PM     0     97923      3.00      0.00  kworker/10:1-events
07:31:13 PM     0    101778      3.00      0.00  kworker/1:0-mm_percpu_wq
07:31:13 PM     0    104636      1.00      0.00  kworker/8:0-mm_percpu_wq
07:31:13 PM     0    105068      1.00      0.00  iostat
07:31:13 PM     0    105069      1.00      1.00  pidstat
07:31:13 PM     0    105070      5.00      0.00  bash
07:31:13 PM     0    105071      7.00      0.00  bash
07:31:13 PM     0    105072      4.00      0.00  bash
07:31:13 PM     0    105074    100.00      0.00  fio
07:31:13 PM     0    105570      5.00      0.00  kworker/9:1-events
07:31:13 PM     0    105785      1.00      0.00  sleep
07:31:13 PM     0    105795      1.00      0.00  sleep
07:31:13 PM     0    105797      1.00      0.00  sleep

07:31:13 PM   UID       PID   cswch/s nvcswch/s  Command
07:31:14 PM     0        17     21.00      0.00  rcu_preempt
07:31:14 PM     0        18      1.00      0.00  migration/0
07:31:14 PM     0        23      1.00      0.00  migration/1
07:31:14 PM     0        29      2.00      0.00  migration/2
07:31:14 PM     0        35      1.00      0.00  migration/3
07:31:14 PM     0        41      1.00      0.00  migration/4
07:31:14 PM     0        47      1.00      0.00  migration/5
07:31:14 PM     0        53      1.00      0.00  migration/6
07:31:14 PM     0        59      1.00      0.00  migration/7
07:31:14 PM     0        65      1.00      0.00  migration/8
07:31:14 PM     0        71      1.00      0.00  migration/9
07:31:14 PM     0        72      1.00      0.00  ksoftirqd/9
07:31:14 PM     0        77      1.00      0.00  migration/10
07:31:14 PM     0        78      1.00      0.00  ksoftirqd/10
07:31:14 PM     0        83      1.00      0.00  migration/11
07:31:14 PM     0        95      2.00      0.00  kcompactd0
07:31:14 PM     0       113      4.00      0.00  kworker/5:1H-kblockd
07:31:14 PM     0       193      1.00      0.00  kworker/9:1H-kblockd
07:31:14 PM     0       359      3.00      0.00  jbd2/nvme1n1p2-8
07:31:14 PM     0       453      1.00      0.00  multipathd
07:31:14 PM     0     88171      1.00      0.00  kworker/u24:55-flush-259:1
07:31:14 PM     0     88222      3.00      0.00  kworker/4:3-events
07:31:14 PM     0     88669      1.00      0.00  kworker/11:1-events
07:31:14 PM     0     88734      1.00      0.00  kworker/7:1-events
07:31:14 PM     0     88741      4.00      0.00  kworker/6:2-events
07:31:14 PM     0     88759     13.00      0.00  kworker/2:1-events
07:31:14 PM     0     88840      3.00      0.00  kworker/u24:1-edac-poller
07:31:14 PM     0     97923      4.00      0.00  kworker/10:1-events
07:31:14 PM     0     98256      7.00      0.00  kworker/u24:2-writeback
07:31:14 PM     0    101778      1.00      0.00  kworker/1:0-events
07:31:14 PM     0    105068      1.00      0.00  iostat
07:31:14 PM     0    105069      1.00      0.00  pidstat
07:31:14 PM     0    105070      5.00      0.00  bash
07:31:14 PM     0    105071      6.00      0.00  bash
07:31:14 PM     0    105072      4.00      0.00  bash
07:31:14 PM     0    105074     99.00      0.00  fio
07:31:14 PM     0    105570      3.00      0.00  kworker/9:1-mm_percpu_wq
07:31:14 PM     0    105800      1.00      0.00  sleep
07:31:14 PM     0    105810      1.00      0.00  sleep
07:31:14 PM     0    105812      1.00      0.00  sleep

07:31:14 PM   UID       PID   cswch/s nvcswch/s  Command
07:31:15 PM     0        17     17.00      0.00  rcu_preempt
07:31:15 PM     0        60      1.00      0.00  ksoftirqd/7
07:31:15 PM     0        78      1.00      0.00  ksoftirqd/10
07:31:15 PM     0        84      1.00      0.00  ksoftirqd/11
07:31:15 PM     0        95      2.00      0.00  kcompactd0
07:31:15 PM     0       453      1.00      0.00  multipathd
07:31:15 PM     0     84845      1.00      0.00  kworker/3:1-mm_percpu_wq
07:31:15 PM     0     87189      2.00      0.00  kworker/0:0-mm_percpu_wq
07:31:15 PM     0     88669      3.00      0.00  kworker/11:1-mm_percpu_wq
07:31:15 PM     0     88734      2.00      0.00  kworker/7:1-mm_percpu_wq
07:31:15 PM     0     88759     12.00      0.00  kworker/2:1-events
07:31:15 PM     0     88840      1.00      0.00  kworker/u24:1-edac-poller
07:31:15 PM     0     89370      1.00      0.00  kworker/5:2-mm_percpu_wq
07:31:15 PM     0     97923      3.00      0.00  kworker/10:1-events
07:31:15 PM     0    101778      2.00      0.00  kworker/1:0-mm_percpu_wq
07:31:15 PM     0    104636      1.00      0.00  kworker/8:0-mm_percpu_wq
07:31:15 PM     0    105068      1.00      0.00  iostat
07:31:15 PM     0    105069      1.00      0.00  pidstat
07:31:15 PM     0    105070      5.00      0.00  bash
07:31:15 PM     0    105071      6.00      0.00  bash
07:31:15 PM     0    105072      4.00      0.00  bash
07:31:15 PM     0    105074    100.00      0.00  fio
07:31:15 PM     0    105570      3.00      0.00  kworker/9:1-mm_percpu_wq
07:31:15 PM     0    105815      1.00      0.00  sleep
07:31:15 PM     0    105825      1.00      0.00  sleep
07:31:15 PM     0    105827      1.00      0.00  sleep

07:31:15 PM   UID       PID   cswch/s nvcswch/s  Command
07:31:16 PM     0        16      2.00      0.00  ksoftirqd/0
07:31:16 PM     0        17     15.00      0.00  rcu_preempt
07:31:16 PM     0        95      2.00      0.00  kcompactd0
07:31:16 PM     0       453      1.00      0.00  multipathd
07:31:16 PM     0     87189      2.00      0.00  kworker/0:0-events
07:31:16 PM     0     88222      2.00      0.00  kworker/4:3-events
07:31:16 PM     0     88734      2.00      0.00  kworker/7:1-events
07:31:16 PM     0     88741      1.00      0.00  kworker/6:2-mm_percpu_wq
07:31:16 PM     0     88759     13.00      0.00  kworker/2:1-events
07:31:16 PM     0     88840      2.00      0.00  kworker/u24:1-events_unbound
07:31:16 PM     0     97923      3.00      0.00  kworker/10:1-events
07:31:16 PM     0    101778      2.00      0.00  kworker/1:0-events
07:31:16 PM     0    105068      1.00      0.00  iostat
07:31:16 PM     0    105069      1.00      0.00  pidstat
07:31:16 PM     0    105070      5.00      0.00  bash
07:31:16 PM     0    105071      6.00      0.00  bash
07:31:16 PM     0    105072      4.00      0.00  bash
07:31:16 PM     0    105074     99.00      0.00  fio
07:31:16 PM     0    105570      1.00      0.00  kworker/9:1-events
07:31:16 PM     0    105830      1.00      0.00  sleep
07:31:16 PM     0    105840      1.00      0.00  sleep
07:31:16 PM     0    105842      1.00      0.00  sleep

07:31:16 PM   UID       PID   cswch/s nvcswch/s  Command
07:31:17 PM     0        16      1.00      0.00  ksoftirqd/0
07:31:17 PM     0        17     20.00      0.00  rcu_preempt
07:31:17 PM     0        60      1.00      0.00  ksoftirqd/7
07:31:17 PM     0        84      2.00      0.00  ksoftirqd/11
07:31:17 PM     0        95      2.00      0.00  kcompactd0
07:31:17 PM     0       188      1.00      0.00  kworker/2:1H-kblockd
07:31:17 PM     0       453      1.00      0.00  multipathd
07:31:17 PM     0       562      3.00      0.00  jbd2/nvme1n1p3-8
07:31:17 PM     0     84845      3.00      0.00  kworker/3:1-mm_percpu_wq
07:31:17 PM     0     87189      2.00      0.00  kworker/0:0-events
07:31:17 PM     0     88222      1.00      0.00  kworker/4:3-mm_percpu_wq
07:31:17 PM     0     88669      4.00      0.00  kworker/11:1-mm_percpu_wq
07:31:17 PM     0     88734      1.00      0.00  kworker/7:1-events
07:31:17 PM     0     88759     13.00      0.00  kworker/2:1-events
07:31:17 PM     0     88840      4.00      0.00  kworker/u24:1-edac-poller
07:31:17 PM     0     89370      1.00      0.00  kworker/5:2-mm_percpu_wq
07:31:17 PM     0     97923      3.00      0.00  kworker/10:1-events
07:31:17 PM     0    101778      3.00      0.00  kworker/1:0-mm_percpu_wq
07:31:17 PM     0    104636      1.00      0.00  kworker/8:0-mm_percpu_wq
07:31:17 PM     0    105068      1.00      0.00  iostat
07:31:17 PM     0    105069      1.00      0.00  pidstat
07:31:17 PM     0    105070      5.00      0.00  bash
07:31:17 PM     0    105071      6.00      0.00  bash
07:31:17 PM     0    105072      4.00      0.00  bash
07:31:17 PM     0    105074     99.00      0.00  fio
07:31:17 PM     0    105845      1.00      0.00  sleep
07:31:17 PM     0    105855      1.00      0.00  sleep
07:31:17 PM     0    105857      1.00      0.00  sleep

07:31:17 PM   UID       PID   cswch/s nvcswch/s  Command
07:31:18 PM     0         1      3.00      0.00  systemd
07:31:18 PM     0        16      1.00      0.00  ksoftirqd/0
07:31:18 PM     0        17     41.00      0.00  rcu_preempt
07:31:18 PM     0        18      1.00      0.00  migration/0
07:31:18 PM     0        23      1.00      0.00  migration/1
07:31:18 PM     0        29      1.00      0.00  migration/2
07:31:18 PM     0        35      1.00      0.00  migration/3
07:31:18 PM     0        41      1.00      0.00  migration/4
07:31:18 PM     0        47      1.00      0.00  migration/5
07:31:18 PM     0        53      1.00      0.00  migration/6
07:31:18 PM     0        59      1.00      0.00  migration/7
07:31:18 PM     0        65      1.00      0.00  migration/8
07:31:18 PM     0        71      1.00      0.00  migration/9
07:31:18 PM     0        77      1.00      0.00  migration/10
07:31:18 PM     0        78      1.00      0.00  ksoftirqd/10
07:31:18 PM     0        83      1.00      0.00  migration/11
07:31:18 PM     0        95      2.00      0.00  kcompactd0
07:31:18 PM     0       415      2.00      0.00  systemd-journal
07:31:18 PM     0       453      1.00      0.00  multipathd
07:31:18 PM     0       773      3.00      0.00  sshd
07:31:18 PM     0     87189      2.00      0.00  kworker/0:0-events
07:31:18 PM     0     88222      1.00      0.00  kworker/4:3-events
07:31:18 PM     0     88669      4.00      0.00  kworker/11:1-events
07:31:18 PM     0     88734      3.00      0.00  kworker/7:1-events
07:31:18 PM     0     88741      1.00      0.00  kworker/6:2-mm_percpu_wq
07:31:18 PM     0     88759     13.00      0.00  kworker/2:1-events
07:31:18 PM     0     88840      1.00      0.00  kworker/u24:1-events_power_efficient
07:31:18 PM     0     97923      4.00      0.00  kworker/10:1-events
07:31:18 PM     0     98256      2.00      0.00  kworker/u24:2-events_unbound
07:31:18 PM     0    101778      1.00      0.00  kworker/1:0-events
07:31:18 PM     0    105068      1.00      0.00  iostat
07:31:18 PM     0    105069      1.00      0.00  pidstat
07:31:18 PM     0    105070      5.00      0.00  bash
07:31:18 PM     0    105071      6.00      0.00  bash
07:31:18 PM     0    105072      4.00      0.00  bash
07:31:18 PM     0    105074    100.00      0.00  fio
07:31:18 PM     0    105570      1.00      0.00  kworker/9:1-mm_percpu_wq
07:31:18 PM     0    105860      1.00      0.00  sleep
07:31:18 PM     0    105870      1.00      0.00  sleep
07:31:18 PM     0    105872      1.00      0.00  sleep

07:31:18 PM   UID       PID   cswch/s nvcswch/s  Command
07:31:19 PM     0        16      1.00      0.00  ksoftirqd/0
07:31:19 PM     0        17     21.00      0.00  rcu_preempt
07:31:19 PM     0        24      1.00      0.00  ksoftirqd/1
07:31:19 PM     0        29      1.00      0.00  migration/2
07:31:19 PM     0        54      1.00      0.00  ksoftirqd/6
07:31:19 PM     0        84      1.00      0.00  ksoftirqd/11
07:31:19 PM     0        95      2.00      0.00  kcompactd0
07:31:19 PM     0       415      1.00      0.00  systemd-journal
07:31:19 PM     0       453      1.00      0.00  multipathd
07:31:19 PM     0     84845      2.00      0.00  kworker/3:1-events
07:31:19 PM     0     87189      4.00      0.00  kworker/0:0-mm_percpu_wq
07:31:19 PM     0     88222      1.00      0.00  kworker/4:3-mm_percpu_wq
07:31:19 PM     0     88669      2.00      0.00  kworker/11:1-events
07:31:19 PM     0     88734      2.00      0.00  kworker/7:1-events
07:31:19 PM     0     88741      3.00      0.00  kworker/6:2-events
07:31:19 PM     0     88759     10.00      1.00  kworker/2:1-events
07:31:19 PM     0     89370      1.00      0.00  kworker/5:2-mm_percpu_wq
07:31:19 PM     0     97923      2.00      0.00  kworker/10:1-mm_percpu_wq
07:31:19 PM     0     98256      2.00      0.00  kworker/u24:2-flush-259:1
07:31:19 PM     0    101778      4.00      0.00  kworker/1:0-events
07:31:19 PM     0    104636      1.00      0.00  kworker/8:0-mm_percpu_wq
07:31:19 PM     0    105068      1.00      0.00  iostat
07:31:19 PM     0    105069      1.00      0.00  pidstat
07:31:19 PM     0    105070      5.00      0.00  bash
07:31:19 PM     0    105071      5.00      0.00  bash
07:31:19 PM     0    105072      4.00      1.00  bash
07:31:19 PM     0    105074     99.00      0.00  fio
07:31:19 PM     0    105570      5.00      0.00  kworker/9:1-events
07:31:19 PM     0    105877      1.00      0.00  sleep
07:31:19 PM     0    105887      1.00      0.00  sleep
07:31:19 PM     0    105889      1.00      0.00  sleep

07:31:19 PM   UID       PID   cswch/s nvcswch/s  Command
07:31:20 PM     0         2      1.00      0.00  kthreadd
07:31:20 PM     0        16      2.00      0.00  ksoftirqd/0
07:31:20 PM     0        17     27.00      0.00  rcu_preempt
07:31:20 PM     0        24      1.00      0.00  ksoftirqd/1
07:31:20 PM     0        42      2.00      0.00  ksoftirqd/4
07:31:20 PM     0        95      2.00      0.00  kcompactd0
07:31:20 PM     0       102      1.00      0.00  irq/9-acpi
07:31:20 PM     0       193      1.00      0.00  kworker/9:1H-kblockd
07:31:20 PM     0       453      1.00      0.00  multipathd
07:31:20 PM     0     84845      1.00      0.00  kworker/3:1-events
07:31:20 PM     0     87189      5.00      0.00  kworker/0:0-events
07:31:20 PM     0     88222      4.00      0.00  kworker/4:3-events
07:31:20 PM     0     88669      8.00      0.00  kworker/11:1-mm_percpu_wq
07:31:20 PM     0     88734      1.00      0.00  kworker/7:1-mm_percpu_wq
07:31:20 PM     0     88741      2.00      0.00  kworker/6:2-events
07:31:20 PM     0     88759     13.00      0.00  kworker/2:1-events
07:31:20 PM     0     89215      2.00      0.00  kworker/11:2-i915-unordered
07:31:20 PM     0     89370      1.00      0.00  kworker/5:2-mm_percpu_wq
07:31:20 PM     0     97923      3.00      0.00  kworker/10:1-events
07:31:20 PM     0     98256      3.00      0.00  kworker/u24:2-events_unbound
07:31:20 PM     0    101778      3.00      0.00  kworker/1:0-events
07:31:20 PM     0    104636      3.00      0.00  kworker/8:0-events
07:31:20 PM     0    105068      1.00      0.00  iostat
07:31:20 PM     0    105069      1.00      0.00  pidstat
07:31:20 PM     0    105070      5.00      0.00  bash
07:31:20 PM     0    105071      6.00      0.00  bash
07:31:20 PM     0    105072      4.00      0.00  bash
07:31:20 PM     0    105074    100.00      0.00  fio
07:31:20 PM     0    105570      2.00      0.00  kworker/9:1-events
07:31:20 PM     0    105890      2.00      0.00  kworker/11:0
07:31:20 PM     0    105893      1.00      0.00  sleep
07:31:20 PM     0    105903      1.00      0.00  sleep
07:31:20 PM     0    105905      1.00      0.00  sleep

07:31:20 PM   UID       PID   cswch/s nvcswch/s  Command
07:31:21 PM     0        17     22.00      0.00  rcu_preempt
07:31:21 PM     0        36      1.00      0.00  ksoftirqd/3
07:31:21 PM     0        42      1.00      0.00  ksoftirqd/4
07:31:21 PM     0        72      1.00      0.00  ksoftirqd/9
07:31:21 PM     0        95      2.00      0.00  kcompactd0
07:31:21 PM     0       453      1.00      0.00  multipathd
07:31:21 PM     0     84845      3.00      0.00  kworker/3:1-events
07:31:21 PM     0     87189      1.00      0.00  kworker/0:0-mm_percpu_wq
07:31:21 PM     0     88222      3.00      0.00  kworker/4:3-mm_percpu_wq
07:31:21 PM     0     88734      1.00      0.00  kworker/7:1-mm_percpu_wq
07:31:21 PM     0     88741      2.00      0.00  kworker/6:2-events
07:31:21 PM     0     88759     13.00      0.00  kworker/2:1-events
07:31:21 PM     0     89370      1.00      0.00  kworker/5:2-mm_percpu_wq
07:31:21 PM     0     97923      1.00      0.00  kworker/10:1-mm_percpu_wq
07:31:21 PM     0     98256      1.00      0.00  kworker/u24:2-edac-poller
07:31:21 PM     0    101778      2.00      0.00  kworker/1:0-mm_percpu_wq
07:31:21 PM     0    104636      1.00      0.00  kworker/8:0-mm_percpu_wq
07:31:21 PM     0    105068      1.00      0.00  iostat
07:31:21 PM     0    105069      1.00      0.00  pidstat
07:31:21 PM     0    105070      5.00      0.00  bash
07:31:21 PM     0    105071      5.00      0.00  bash
07:31:21 PM     0    105072      4.00      0.00  bash
07:31:21 PM     0    105074     99.00      0.00  fio
07:31:21 PM     0    105570      3.00      0.00  kworker/9:1-events
07:31:21 PM     0    105908      1.00      0.00  sleep
07:31:21 PM     0    105918      1.00      0.00  sleep
07:31:21 PM     0    105920      1.00      0.00  sleep

07:31:21 PM   UID       PID   cswch/s nvcswch/s  Command
07:31:22 PM     0        16      2.00      0.00  ksoftirqd/0
07:31:22 PM     0        17     17.00      0.00  rcu_preempt
07:31:22 PM     0        18      1.00      0.00  migration/0
07:31:22 PM     0        23      1.00      0.00  migration/1
07:31:22 PM     0        29      1.00      0.00  migration/2
07:31:22 PM     0        35      2.00      0.00  migration/3
07:31:22 PM     0        41      1.00      0.00  migration/4
07:31:22 PM     0        42      1.00      0.00  ksoftirqd/4
07:31:22 PM     0        47      1.00      0.00  migration/5
07:31:22 PM     0        53      1.00      0.00  migration/6
07:31:22 PM     0        59      1.00      0.00  migration/7
07:31:22 PM     0        65      1.00      0.00  migration/8
07:31:22 PM     0        71      1.00      0.00  migration/9
07:31:22 PM     0        72      2.00      0.00  ksoftirqd/9
07:31:22 PM     0        77      1.00      0.00  migration/10
07:31:22 PM     0        83      1.00      0.00  migration/11
07:31:22 PM     0        95      2.00      0.00  kcompactd0
07:31:22 PM     0       190      1.00      0.00  kworker/10:1H-kblockd
07:31:22 PM     0       453      1.00      0.00  multipathd
07:31:22 PM     0       562      3.00      0.00  jbd2/nvme1n1p3-8
07:31:22 PM     0     84845      4.00      0.00  kworker/3:1-events
07:31:22 PM     0     87189      3.00      0.00  kworker/0:0-events
07:31:22 PM     0     88222      4.00      0.00  kworker/4:3-events
07:31:22 PM     0     88734      2.00      0.00  kworker/7:1-mm_percpu_wq
07:31:22 PM     0     88741      1.00      0.00  kworker/6:2-mm_percpu_wq
07:31:22 PM     0     88759     14.00      0.00  kworker/2:1-events
07:31:22 PM     0     89370      1.00      0.00  kworker/5:2-mm_percpu_wq
07:31:22 PM     0     97923      1.00      0.00  kworker/10:1-mm_percpu_wq
07:31:22 PM     0     98256      5.00      0.00  kworker/u24:2-events_unbound
07:31:22 PM     0    101778      3.00      0.00  kworker/1:0-events
07:31:22 PM     0    104636      1.00      0.00  kworker/8:0-events
07:31:22 PM     0    105068      1.00      0.00  iostat
07:31:22 PM     0    105069      1.00      0.00  pidstat
07:31:22 PM     0    105070      5.00      0.00  bash
07:31:22 PM     0    105071      8.00      1.00  bash
07:31:22 PM     0    105072      4.00      0.00  bash
07:31:22 PM     0    105074    100.00      0.00  fio
07:31:22 PM     0    105570      3.00      0.00  kworker/9:1-events
07:31:22 PM     0    105923      1.00      0.00  sleep
07:31:22 PM     0    105933      1.00      0.00  sleep
07:31:22 PM     0    105935      1.00      0.00  sleep

07:31:22 PM   UID       PID   cswch/s nvcswch/s  Command
07:31:23 PM     0        17     23.00      0.00  rcu_preempt
07:31:23 PM     0        54      1.00      0.00  ksoftirqd/6
07:31:23 PM     0        72      2.00      0.00  ksoftirqd/9
07:31:23 PM     0        95      2.00      0.00  kcompactd0
07:31:23 PM     0       188      1.00      0.00  kworker/2:1H-kblockd
07:31:23 PM     0       190      4.00      0.00  kworker/10:1H-kblockd
07:31:23 PM     0       359      3.00      0.00  jbd2/nvme1n1p2-8
07:31:23 PM     0       453      1.00      0.00  multipathd
07:31:23 PM     0     21554      1.00      0.00  packagekitd
07:31:23 PM     0     84845      1.00      0.00  kworker/3:1-mm_percpu_wq
07:31:23 PM     0     87189      1.00      0.00  kworker/0:0-events
07:31:23 PM     0     88171      2.00      0.00  kworker/u24:55-flush-259:1
07:31:23 PM     0     88222      4.00      0.00  kworker/4:3-events
07:31:23 PM     0     88734      1.00      0.00  kworker/7:1-mm_percpu_wq
07:31:23 PM     0     88741      3.00      0.00  kworker/6:2-events
07:31:23 PM     0     88759     12.00      0.00  kworker/2:1-events
07:31:23 PM     0     88840      1.00      0.00  kworker/u24:1-flush-259:1
07:31:23 PM     0     89370      3.00      0.00  kworker/5:2-events
07:31:23 PM     0     97923      1.00      0.00  kworker/10:1-mm_percpu_wq
07:31:23 PM     0     98256     10.00      0.00  kworker/u24:2-events_power_efficient
07:31:23 PM     0    101778      4.00      0.00  kworker/1:0-events
07:31:23 PM     0    104636      2.00      0.00  kworker/8:0-events
07:31:23 PM     0    105068      1.00      0.00  iostat
07:31:23 PM     0    105069      1.00      0.00  pidstat
07:31:23 PM     0    105070      5.00      0.00  bash
07:31:23 PM     0    105071      7.00      0.00  bash
07:31:23 PM     0    105072      4.00      0.00  bash
07:31:23 PM     0    105074     99.00      0.00  fio
07:31:23 PM     0    105570      5.00      0.00  kworker/9:1-events
07:31:23 PM     0    105938      1.00      0.00  sleep
07:31:23 PM     0    105948      1.00      0.00  sleep
07:31:23 PM     0    105950      1.00      0.00  sleep

07:31:23 PM   UID       PID   cswch/s nvcswch/s  Command
07:31:24 PM     0        17     15.00      0.00  rcu_preempt
07:31:24 PM     0        41      1.00      0.00  migration/4
07:31:24 PM     0        48      1.00      0.00  ksoftirqd/5
07:31:24 PM     0        65      1.00      0.00  migration/8
07:31:24 PM     0        72      1.00      0.00  ksoftirqd/9
07:31:24 PM     0        78      1.00      0.00  ksoftirqd/10
07:31:24 PM     0        95      2.00      0.00  kcompactd0
07:31:24 PM     0       453      1.00      0.00  multipathd
07:31:24 PM     0     87189      3.00      0.00  kworker/0:0-events
07:31:24 PM     0     88171      1.00      0.00  kworker/u24:55-writeback
07:31:24 PM     0     88222      3.00      0.00  kworker/4:3-events
07:31:24 PM     0     88669      1.00      0.00  kworker/11:1-mm_percpu_wq
07:31:24 PM     0     88734      1.00      0.00  kworker/7:1-mm_percpu_wq
07:31:24 PM     0     88741      1.00      0.00  kworker/6:2-mm_percpu_wq
07:31:24 PM     0     88759     13.00      0.00  kworker/2:1-events
07:31:24 PM     0     89370      1.00      0.00  kworker/5:2-mm_percpu_wq
07:31:24 PM     0     97923      1.00      0.00  kworker/10:1-mm_percpu_wq
07:31:24 PM     0     98256      2.00      0.00  kworker/u24:2-edac-poller
07:31:24 PM     0    101778      3.00      0.00  kworker/1:0-mm_percpu_wq
07:31:24 PM     0    104636      3.00      0.00  kworker/8:0-events
07:31:24 PM     0    105068      1.00      0.00  iostat
07:31:24 PM     0    105069      1.00      0.00  pidstat
07:31:24 PM     0    105070      5.00      0.00  bash
07:31:24 PM     0    105071      6.00      0.00  bash
07:31:24 PM     0    105072      4.00      0.00  bash
07:31:24 PM     0    105074     99.00      0.00  fio
07:31:24 PM     0    105570      6.00      0.00  kworker/9:1-events
07:31:24 PM     0    105953      1.00      0.00  sleep
07:31:24 PM     0    105963      1.00      2.00  sleep
07:31:24 PM     0    105965      1.00      0.00  sleep

07:31:24 PM   UID       PID   cswch/s nvcswch/s  Command
07:31:25 PM     0        16      2.00      0.00  ksoftirqd/0
07:31:25 PM     0        17     16.00      0.00  rcu_preempt
07:31:25 PM     0        24      1.00      0.00  ksoftirqd/1
07:31:25 PM     0        29      1.00      0.00  migration/2
07:31:25 PM     0        35      1.00      0.00  migration/3
07:31:25 PM     0        48      1.00      0.00  ksoftirqd/5
07:31:25 PM     0        72      2.00      0.00  ksoftirqd/9
07:31:25 PM     0        95      2.00      0.00  kcompactd0
07:31:25 PM     0       453      1.00      0.00  multipathd
07:31:25 PM     0     84845      2.00      0.00  kworker/3:1-events
07:31:25 PM     0     87189      3.00      0.00  kworker/0:0-events
07:31:25 PM     0     88171      1.00      0.00  kworker/u24:55-events_power_efficient
07:31:25 PM     0     88734      1.00      0.00  kworker/7:1-mm_percpu_wq
07:31:25 PM     0     88759     12.00      0.00  kworker/2:1-events
07:31:25 PM     0     88840      2.00      0.00  kworker/u24:1-ipv6_addrconf
07:31:25 PM     0     89370      1.00      0.00  kworker/5:2-mm_percpu_wq
07:31:25 PM     0     97923      1.00      0.00  kworker/10:1-mm_percpu_wq
07:31:25 PM     0     98256      3.00      0.00  kworker/u24:2-edac-poller
07:31:25 PM     0    101778      3.00      0.00  kworker/1:0-events
07:31:25 PM     0    104636      3.00      0.00  kworker/8:0-events
07:31:25 PM     0    105068      1.00      0.00  iostat
07:31:25 PM     0    105069      1.00      0.00  pidstat
07:31:25 PM     0    105070      5.00      0.00  bash
07:31:25 PM     0    105071      7.00      0.00  bash
07:31:25 PM     0    105072      4.00      0.00  bash
07:31:25 PM     0    105074    100.00      0.00  fio
07:31:25 PM     0    105570      5.00      0.00  kworker/9:1-events
07:31:25 PM     0    105968      1.00      0.00  sleep
07:31:25 PM     0    105978      1.00      0.00  sleep
07:31:25 PM     0    105980      1.00      0.00  sleep

07:31:25 PM   UID       PID   cswch/s nvcswch/s  Command
07:31:26 PM     0        17     22.00      0.00  rcu_preempt
07:31:26 PM     0        18      1.00      0.00  migration/0
07:31:26 PM     0        23      1.00      0.00  migration/1
07:31:26 PM     0        24      1.00      0.00  ksoftirqd/1
07:31:26 PM     0        29      1.00      0.00  migration/2
07:31:26 PM     0        35      1.00      0.00  migration/3
07:31:26 PM     0        41      1.00      0.00  migration/4
07:31:26 PM     0        47      1.00      0.00  migration/5
07:31:26 PM     0        53      1.00      0.00  migration/6
07:31:26 PM     0        59      1.00      0.00  migration/7
07:31:26 PM     0        65      1.00      0.00  migration/8
07:31:26 PM     0        66      1.00      0.00  ksoftirqd/8
07:31:26 PM     0        71      1.00      0.00  migration/9
07:31:26 PM     0        77      1.00      0.00  migration/10
07:31:26 PM     0        83      1.00      0.00  migration/11
07:31:26 PM     0        84      1.00      0.00  ksoftirqd/11
07:31:26 PM     0        95      2.00      0.00  kcompactd0
07:31:26 PM     0       453      1.00      0.00  multipathd
07:31:26 PM     0     84845      1.00      0.00  kworker/3:1-mm_percpu_wq
07:31:26 PM     0     87189      2.00      0.00  kworker/0:0-events
07:31:26 PM     0     88222      3.00      0.00  kworker/4:3-events
07:31:26 PM     0     88669      3.00      0.00  kworker/11:1-events
07:31:26 PM     0     88734      2.00      0.00  kworker/7:1-mm_percpu_wq
07:31:26 PM     0     88741      2.00      0.00  kworker/6:2-events
07:31:26 PM     0     88759     14.00      0.00  kworker/2:1-events
07:31:26 PM     0     89370      2.00      0.00  kworker/5:2-events
07:31:26 PM     0     97923      3.00      0.00  kworker/10:1-events
07:31:26 PM     0     98256      1.00      0.00  kworker/u24:2-edac-poller
07:31:26 PM     0    101778      2.00      0.00  kworker/1:0-mm_percpu_wq
07:31:26 PM     0    104636      5.00      0.00  kworker/8:0-events
07:31:26 PM     0    105068      1.00      0.00  iostat
07:31:26 PM     0    105069      1.00      0.00  pidstat
07:31:26 PM     0    105070      5.00      0.00  bash
07:31:26 PM     0    105071      8.00      0.00  bash
07:31:26 PM     0    105072      4.00      0.00  bash
07:31:26 PM     0    105074     99.00      0.00  fio
07:31:26 PM     0    105570      1.00      0.00  kworker/9:1-mm_percpu_wq
07:31:26 PM     0    105983      1.00      0.00  sleep
07:31:26 PM     0    105993      1.00      0.00  sleep
07:31:26 PM     0    105995      1.00      0.00  sleep

07:31:26 PM   UID       PID   cswch/s nvcswch/s  Command
07:31:27 PM     0        17     20.00      0.00  rcu_preempt
07:31:27 PM     0        24      1.00      0.00  ksoftirqd/1
07:31:27 PM     0        54      1.00      0.00  ksoftirqd/6
07:31:27 PM     0        95      2.00      0.00  kcompactd0
07:31:27 PM     0       453      1.00      0.00  multipathd
07:31:27 PM     0       562      3.00      0.00  jbd2/nvme1n1p3-8
07:31:27 PM     0     84845      3.00      0.00  kworker/3:1-events
07:31:27 PM     0     87189      1.00      0.00  kworker/0:0-events
07:31:27 PM     0     88222      2.00      0.00  kworker/4:3-events
07:31:27 PM     0     88734      1.00      0.00  kworker/7:1-mm_percpu_wq
07:31:27 PM     0     88741      1.00      0.00  kworker/6:2-mm_percpu_wq
07:31:27 PM     0     88759     12.00      0.00  kworker/2:1-events
07:31:27 PM     0     89370      2.00      0.00  kworker/5:2-events
07:31:27 PM     0     97923      2.00      0.00  kworker/10:1-mm_percpu_wq
07:31:27 PM     0     98256      4.00      0.00  kworker/u24:2-edac-poller
07:31:27 PM     0    101778      3.00      0.00  kworker/1:0-events
07:31:27 PM     0    104636      1.00      0.00  kworker/8:0-mm_percpu_wq
07:31:27 PM     0    105068      1.00      0.00  iostat
07:31:27 PM     0    105069      1.00      0.00  pidstat
07:31:27 PM     0    105070      5.00      0.00  bash
07:31:27 PM     0    105071      6.00      0.00  bash
07:31:27 PM     0    105072      4.00      0.00  bash
07:31:27 PM     0    105074     99.00      0.00  fio
07:31:27 PM     0    105570      2.00      0.00  kworker/9:1-mm_percpu_wq
07:31:27 PM     0    105998      1.00      0.00  sleep
07:31:27 PM     0    106008      1.00      0.00  sleep
07:31:27 PM     0    106010      1.00      0.00  sleep

07:31:27 PM   UID       PID   cswch/s nvcswch/s  Command
07:31:28 PM     0        17     19.00      0.00  rcu_preempt
07:31:28 PM     0        29      1.00      0.00  migration/2
07:31:28 PM     0        36      1.00      0.00  ksoftirqd/3
07:31:28 PM     0        54      1.00      0.00  ksoftirqd/6
07:31:28 PM     0        72      2.00      0.00  ksoftirqd/9
07:31:28 PM     0        78      1.00      0.00  ksoftirqd/10
07:31:28 PM     0        95      2.00      0.00  kcompactd0
07:31:28 PM     0       189      1.00      0.00  kworker/4:1H-kblockd
07:31:28 PM     0       453      1.00      0.00  multipathd
07:31:28 PM     0     84845      1.00      0.00  kworker/3:1-mm_percpu_wq
07:31:28 PM     0     87189      2.00      0.00  kworker/0:0-events
07:31:28 PM     0     88222      1.00      0.00  kworker/4:3-mm_percpu_wq
07:31:28 PM     0     88734      3.00      0.00  kworker/7:1-mm_percpu_wq
07:31:28 PM     0     88741      3.00      0.00  kworker/6:2-events
07:31:28 PM     0     88759     13.00      0.00  kworker/2:1-events
07:31:28 PM     0     89370      1.00      0.00  kworker/5:2-mm_percpu_wq
07:31:28 PM     0     97923      3.00      0.00  kworker/10:1-events
07:31:28 PM     0     98256      4.00      0.00  kworker/u24:2-edac-poller
07:31:28 PM     0    101778      1.00      0.00  kworker/1:0-mm_percpu_wq
07:31:28 PM     0    105068      1.00      0.00  iostat
07:31:28 PM     0    105069      1.00      0.00  pidstat
07:31:28 PM     0    105070      5.00      0.00  bash
07:31:28 PM     0    105071      7.00      0.00  bash
07:31:28 PM     0    105072      4.00      0.00  bash
07:31:28 PM     0    105074    100.00      0.00  fio
07:31:28 PM     0    105570      4.00      0.00  kworker/9:1-events
07:31:28 PM     0    106013      1.00      0.00  sleep
07:31:28 PM     0    106023      1.00      0.00  sleep
07:31:28 PM     0    106025      1.00      0.00  sleep

07:31:28 PM   UID       PID   cswch/s nvcswch/s  Command
07:31:29 PM     0        16      1.00      0.00  ksoftirqd/0
07:31:29 PM     0        17     22.00      0.00  rcu_preempt
07:31:29 PM     0        29      1.00      0.00  migration/2
07:31:29 PM     0        36      1.00      0.00  ksoftirqd/3
07:31:29 PM     0        60      1.00      0.00  ksoftirqd/7
07:31:29 PM     0        78      1.00      0.00  ksoftirqd/10
07:31:29 PM     0        84      1.00      0.00  ksoftirqd/11
07:31:29 PM     0        95      2.00      0.00  kcompactd0
07:31:29 PM     0       453      1.00      0.00  multipathd
07:31:29 PM     0     84845      2.00      0.00  kworker/3:1-events
07:31:29 PM     0     87189      3.00      0.00  kworker/0:0-events
07:31:29 PM     0     88669      4.00      0.00  kworker/11:1-events
07:31:29 PM     0     88734      1.00      0.00  kworker/7:1-mm_percpu_wq
07:31:29 PM     0     88759     12.00      0.00  kworker/2:1-events
07:31:29 PM     0     88840      2.00      0.00  kworker/u24:1-events_unbound
07:31:29 PM     0     97923      3.00      0.00  kworker/10:1-mm_percpu_wq
07:31:29 PM     0     98256      2.00      0.00  kworker/u24:2-events_power_efficient
07:31:29 PM     0    101778      4.00      0.00  kworker/1:0-events
07:31:29 PM     0    105068      1.00      0.00  iostat
07:31:29 PM     0    105069      1.00      0.00  pidstat
07:31:29 PM     0    105070      5.00      0.00  bash
07:31:29 PM     0    105071      6.00      0.00  bash
07:31:29 PM     0    105072      4.00      0.00  bash
07:31:29 PM     0    105074     99.00      0.00  fio
07:31:29 PM     0    105570      3.00      0.00  kworker/9:1-events
07:31:29 PM     0    106028      1.00      0.00  sleep
07:31:29 PM     0    106038      1.00      0.00  sleep
07:31:29 PM     0    106040      1.00      0.00  sleep

07:31:29 PM   UID       PID   cswch/s nvcswch/s  Command
07:31:30 PM     0        17     26.00      0.00  rcu_preempt
07:31:30 PM     0        18      1.00      0.00  migration/0
07:31:30 PM     0        23      1.00      0.00  migration/1
07:31:30 PM     0        24      1.00      0.00  ksoftirqd/1
07:31:30 PM     0        29      1.00      0.00  migration/2
07:31:30 PM     0        35      1.00      0.00  migration/3
07:31:30 PM     0        41      1.00      0.00  migration/4
07:31:30 PM     0        47      1.00      0.00  migration/5
07:31:30 PM     0        53      1.00      0.00  migration/6
07:31:30 PM     0        59      1.00      0.00  migration/7
07:31:30 PM     0        65      1.00      0.00  migration/8
07:31:30 PM     0        71      1.00      0.00  migration/9
07:31:30 PM     0        72      1.00      0.00  ksoftirqd/9
07:31:30 PM     0        77      1.00      0.00  migration/10
07:31:30 PM     0        78      1.00      0.00  ksoftirqd/10
07:31:30 PM     0        83      1.00      0.00  migration/11
07:31:30 PM     0        84      1.00      0.00  ksoftirqd/11
07:31:30 PM     0        95      2.00      0.00  kcompactd0
07:31:30 PM     0       102      1.00      0.00  irq/9-acpi
07:31:30 PM     0       188      1.00      0.00  kworker/2:1H-kblockd
07:31:30 PM     0       359      3.00      0.00  jbd2/nvme1n1p2-8
07:31:30 PM     0       453      1.00      0.00  multipathd
07:31:30 PM     0     84845      2.00      0.00  kworker/3:1-events
07:31:30 PM     0     87189      4.00      0.00  kworker/0:0-events
07:31:30 PM     0     88222      2.00      0.00  kworker/4:3-events
07:31:30 PM     0     88669   1140.00      1.00  kworker/11:1-mm_percpu_wq
07:31:30 PM     0     88734      1.00      0.00  kworker/7:1-mm_percpu_wq
07:31:30 PM     0     88741      1.00      0.00  kworker/6:2-mm_percpu_wq
07:31:30 PM     0     88759     14.00      0.00  kworker/2:1-events
07:31:30 PM     0     89370      2.00      0.00  kworker/5:2-mm_percpu_wq
07:31:30 PM     0     97923      5.00      0.00  kworker/10:1-events
07:31:30 PM     0     98256      2.00      0.00  kworker/u24:2-events_unbound
07:31:30 PM     0    101778      1.00      0.00  kworker/1:0-mm_percpu_wq
07:31:30 PM     0    104636      1.00      0.00  kworker/8:0-events
07:31:30 PM     0    105068      1.00      0.00  iostat
07:31:30 PM     0    105069      1.00      0.00  pidstat
07:31:30 PM     0    105070      5.00      0.00  bash
07:31:30 PM     0    105071      8.00      0.00  bash
07:31:30 PM     0    105072      4.00      0.00  bash
07:31:30 PM     0    105074    100.00      0.00  fio
07:31:30 PM     0    105570      5.00      0.00  kworker/9:1-events
07:31:30 PM     0    105890   1135.00      0.00  kworker/11:0-events
07:31:30 PM     0    106043      1.00      0.00  sleep
07:31:30 PM     0    106053      1.00      0.00  sleep
07:31:30 PM     0    106055      1.00      0.00  sleep

07:31:30 PM   UID       PID   cswch/s nvcswch/s  Command
07:31:31 PM     0        16      2.00      0.00  ksoftirqd/0
07:31:31 PM     0        17     21.00      0.00  rcu_preempt
07:31:31 PM     0        60      1.00      0.00  ksoftirqd/7
07:31:31 PM     0        72      1.00      0.00  ksoftirqd/9
07:31:31 PM     0        78      1.00      0.00  ksoftirqd/10
07:31:31 PM     0        84      1.00      0.00  ksoftirqd/11
07:31:31 PM     0        95      2.00      0.00  kcompactd0
07:31:31 PM     0       453      1.00      0.00  multipathd
07:31:31 PM     0     84845      3.00      0.00  kworker/3:1-events
07:31:31 PM     0     87189      4.00      0.00  kworker/0:0-events
07:31:31 PM     0     88734      1.00      0.00  kworker/7:1-mm_percpu_wq
07:31:31 PM     0     88741      2.00      0.00  kworker/6:2-events
07:31:31 PM     0     88759     12.00      0.00  kworker/2:1-events
07:31:31 PM     0     89370      1.00      0.00  kworker/5:2-mm_percpu_wq
07:31:31 PM     0     97923      3.00      0.00  kworker/10:1-events
07:31:31 PM     0     98256      1.00      0.00  kworker/u24:2-edac-poller
07:31:31 PM     0    101778      4.00      0.00  kworker/1:0-events
07:31:31 PM     0    104636      4.00      0.00  kworker/8:0-events
07:31:31 PM     0    105068      1.00      0.00  iostat
07:31:31 PM     0    105069      1.00      0.00  pidstat
07:31:31 PM     0    105070      5.00      0.00  bash
07:31:31 PM     0    105071      7.00      0.00  bash
07:31:31 PM     0    105072      4.00      0.00  bash
07:31:31 PM     0    105074     99.00      0.00  fio
07:31:31 PM     0    105570      3.00      0.00  kworker/9:1-events
07:31:31 PM     0    105890      3.00      0.00  kworker/11:0-events
07:31:31 PM     0    106058      1.00      0.00  sleep
07:31:31 PM     0    106068      1.00      0.00  sleep
07:31:31 PM     0    106070      1.00      0.00  sleep

07:31:31 PM   UID       PID   cswch/s nvcswch/s  Command
07:31:32 PM     0        17     21.00      0.00  rcu_preempt
07:31:32 PM     0        65      1.00      0.00  migration/8
07:31:32 PM     0        72      2.00      0.00  ksoftirqd/9
07:31:32 PM     0        78      1.00      0.00  ksoftirqd/10
07:31:32 PM     0        95      2.00      0.00  kcompactd0
07:31:32 PM     0       453      1.00      0.00  multipathd
07:31:32 PM     0       562      3.00      0.00  jbd2/nvme1n1p3-8
07:31:32 PM     0     87189      1.00      0.00  kworker/0:0-events
07:31:32 PM     0     88222      2.00      0.00  kworker/4:3-mm_percpu_wq
07:31:32 PM     0     88734      2.00      0.00  kworker/7:1-mm_percpu_wq
07:31:32 PM     0     88741      2.00      0.00  kworker/6:2-events
07:31:32 PM     0     88759     13.00      0.00  kworker/2:1-events
07:31:32 PM     0     88840      1.00      0.00  kworker/u24:1-events_unbound
07:31:32 PM     0     89370      2.00      0.00  kworker/5:2-mm_percpu_wq
07:31:32 PM     0     97923      3.00      0.00  kworker/10:1-events
07:31:32 PM     0     98256      1.00      0.00  kworker/u24:2-events_unbound
07:31:32 PM     0    101778      2.00      0.00  kworker/1:0-mm_percpu_wq
07:31:32 PM     0    104636      3.00      0.00  kworker/8:0-events
07:31:32 PM     0    105068      1.00      0.00  iostat
07:31:32 PM     0    105069      1.00      0.00  pidstat
07:31:32 PM     0    105070      5.00      0.00  bash
07:31:32 PM     0    105071      6.00      0.00  bash
07:31:32 PM     0    105072      4.00      0.00  bash
07:31:32 PM     0    105074     99.00      0.00  fio
07:31:32 PM     0    105570      5.00      0.00  kworker/9:1-events
07:31:32 PM     0    105890      2.00      0.00  kworker/11:0-events
07:31:32 PM     0    106073      1.00      0.00  sleep
07:31:32 PM     0    106083      1.00      0.00  sleep
07:31:32 PM     0    106085      1.00      0.00  sleep

07:31:32 PM   UID       PID   cswch/s nvcswch/s  Command
07:31:33 PM     0        16      1.00      0.00  ksoftirqd/0
07:31:33 PM     0        17     23.00      0.00  rcu_preempt
07:31:33 PM     0        41      1.00      0.00  migration/4
07:31:33 PM     0        72      1.00      0.00  ksoftirqd/9
07:31:33 PM     0        78      1.00      0.00  ksoftirqd/10
07:31:33 PM     0        84      1.00      0.00  ksoftirqd/11
07:31:33 PM     0        95      2.00      0.00  kcompactd0
07:31:33 PM     0       453      1.00      0.00  multipathd
07:31:33 PM     0     21554      1.00      0.00  packagekitd
07:31:33 PM     0     84845      1.00      0.00  kworker/3:1-mm_percpu_wq
07:31:33 PM     0     87189      2.00      0.00  kworker/0:0-events
07:31:33 PM     0     88222      2.00      0.00  kworker/4:3-mm_percpu_wq
07:31:33 PM     0     88734      2.00      0.00  kworker/7:1-mm_percpu_wq
07:31:33 PM     0     88741      3.00      0.00  kworker/6:2-events
07:31:33 PM     0     88759     12.00      0.00  kworker/2:1-events
07:31:33 PM     0     89370      2.00      0.00  kworker/5:2-mm_percpu_wq
07:31:33 PM     0     97923      2.00      0.00  kworker/10:1-mm_percpu_wq
07:31:33 PM     0     98256      4.00      0.00  kworker/u24:2-edac-poller
07:31:33 PM     0    101778      2.00      0.00  kworker/1:0-events
07:31:33 PM     0    104636      1.00      0.00  kworker/8:0-mm_percpu_wq
07:31:33 PM     0    105068      1.00      0.00  iostat
07:31:33 PM     0    105069      1.00      0.00  pidstat
07:31:33 PM     0    105070      5.00      0.00  bash
07:31:33 PM     0    105071      6.00      0.00  bash
07:31:33 PM     0    105072      4.00      0.00  bash
07:31:33 PM     0    105074    100.00      0.00  fio
07:31:33 PM     0    105570      4.00      0.00  kworker/9:1-events
07:31:33 PM     0    105890      3.00      0.00  kworker/11:0-events
07:31:33 PM     0    106088      1.00      0.00  sleep
07:31:33 PM     0    106098      1.00      0.00  sleep
07:31:33 PM     0    106100      1.00      0.00  sleep

07:31:33 PM   UID       PID   cswch/s nvcswch/s  Command
07:31:34 PM     0        17     25.00      0.00  rcu_preempt
07:31:34 PM     0        18      1.00      0.00  migration/0
07:31:34 PM     0        23      2.00      0.00  migration/1
07:31:34 PM     0        29      2.00      0.00  migration/2
07:31:34 PM     0        35      1.00      0.00  migration/3
07:31:34 PM     0        41      1.00      0.00  migration/4
07:31:34 PM     0        42      1.00      0.00  ksoftirqd/4
07:31:34 PM     0        47      2.00      0.00  migration/5
07:31:34 PM     0        53      1.00      0.00  migration/6
07:31:34 PM     0        59      1.00      0.00  migration/7
07:31:34 PM     0        60      2.00      0.00  ksoftirqd/7
07:31:34 PM     0        65      1.00      0.00  migration/8
07:31:34 PM     0        71      1.00      0.00  migration/9
07:31:34 PM     0        72      2.00      0.00  ksoftirqd/9
07:31:34 PM     0        77      1.00      0.00  migration/10
07:31:34 PM     0        83      1.00      0.00  migration/11
07:31:34 PM     0        95      2.00      0.00  kcompactd0
07:31:34 PM     0       453      1.00      0.00  multipathd
07:31:34 PM     0     87189      4.00      0.00  kworker/0:0-events
07:31:34 PM     0     88222      2.00      0.00  kworker/4:3-events
07:31:34 PM     0     88734      3.00      0.00  kworker/7:1-mm_percpu_wq
07:31:34 PM     0     88741      1.00      0.00  kworker/6:2-mm_percpu_wq
07:31:34 PM     0     88759     15.00      0.00  kworker/2:1-events
07:31:34 PM     0     88840      2.00      0.00  kworker/u24:1-events_unbound
07:31:34 PM     0     89370      1.00      0.00  kworker/5:2-mm_percpu_wq
07:31:34 PM     0     97923      3.00      0.00  kworker/10:1-events
07:31:34 PM     0     98256      2.00      0.00  kworker/u24:2-events_power_efficient
07:31:34 PM     0    101778      1.00      0.00  kworker/1:0-mm_percpu_wq
07:31:34 PM     0    105068      1.00      0.00  iostat
07:31:34 PM     0    105069      1.00      0.00  pidstat
07:31:34 PM     0    105070      5.00      0.00  bash
07:31:34 PM     0    105071      7.00      0.00  bash
07:31:34 PM     0    105072      4.00      0.00  bash
07:31:34 PM     0    105074     99.00      0.00  fio
07:31:34 PM     0    105570      4.00      0.00  kworker/9:1-events
07:31:34 PM     0    105890      2.00      0.00  kworker/11:0-events
07:31:34 PM     0    106103      1.00      0.00  sleep
07:31:34 PM     0    106113      1.00      0.00  sleep
07:31:34 PM     0    106115      1.00      0.00  sleep

07:31:34 PM   UID       PID   cswch/s nvcswch/s  Command
07:31:35 PM     0        17     22.00      0.00  rcu_preempt
07:31:35 PM     0        60      1.00      0.00  ksoftirqd/7
07:31:35 PM     0        95      2.00      0.00  kcompactd0
07:31:35 PM     0       453      1.00      0.00  multipathd
07:31:35 PM     0     84845      5.00      0.00  kworker/3:1-mm_percpu_wq
07:31:35 PM     0     87189      1.00      0.00  kworker/0:0-mm_percpu_wq
07:31:35 PM     0     88222      1.00      0.00  kworker/4:3-mm_percpu_wq
07:31:35 PM     0     88734      4.00      0.00  kworker/7:1-mm_percpu_wq
07:31:35 PM     0     88741      2.00      0.00  kworker/6:2-events
07:31:35 PM     0     88759     12.00      0.00  kworker/2:1-events
07:31:35 PM     0     88840      3.00      0.00  kworker/u24:1-edac-poller
07:31:35 PM     0     89370      1.00      0.00  kworker/5:2-mm_percpu_wq
07:31:35 PM     0     97923      4.00      0.00  kworker/10:1-events
07:31:35 PM     0    101778      2.00      0.00  kworker/1:0-events
07:31:35 PM     0    104636      1.00      0.00  kworker/8:0-mm_percpu_wq
07:31:35 PM     0    105068      1.00      0.00  iostat
07:31:35 PM     0    105069      1.00      0.00  pidstat
07:31:35 PM     0    105070      5.00      0.00  bash
07:31:35 PM     0    105071      6.00      0.00  bash
07:31:35 PM     0    105072      4.00      0.00  bash
07:31:35 PM     0    105074    100.00      0.00  fio
07:31:35 PM     0    105570      3.00      0.00  kworker/9:1-events
07:31:35 PM     0    106118      1.00      0.00  sleep
07:31:35 PM     0    106128      1.00      0.00  sleep
07:31:35 PM     0    106130      1.00      0.00  sleep

07:31:35 PM   UID       PID   cswch/s nvcswch/s  Command
07:31:36 PM     0        17     15.00      0.00  rcu_preempt
07:31:36 PM     0        24      1.00      0.00  ksoftirqd/1
07:31:36 PM     0        36      1.00      0.00  ksoftirqd/3
07:31:36 PM     0        60      1.00      0.00  ksoftirqd/7
07:31:36 PM     0        72      1.00      0.00  ksoftirqd/9
07:31:36 PM     0        95      2.00      0.00  kcompactd0
07:31:36 PM     0       188      1.00      0.00  kworker/2:1H-kblockd
07:31:36 PM     0       193      1.00      0.00  kworker/9:1H-kblockd
07:31:36 PM     0       453      1.00      0.00  multipathd
07:31:36 PM     0       773      2.00      0.00  sshd
07:31:36 PM     0     84845      2.00      0.00  kworker/3:1-events
07:31:36 PM     0     87189      3.00      0.00  kworker/0:0-events
07:31:36 PM     0     88222      3.00      0.00  kworker/4:3-events
07:31:36 PM     0     88734      2.00      0.00  kworker/7:1-events
07:31:36 PM     0     88741      2.00      0.00  kworker/6:2-events
07:31:36 PM     0     88759     12.00      0.00  kworker/2:1-events
07:31:36 PM     0     88840      1.00      0.00  kworker/u24:1-edac-poller
07:31:36 PM     0     89370      1.00      0.00  kworker/5:2-mm_percpu_wq
07:31:36 PM     0     97923      2.00      0.00  kworker/10:1-events
07:31:36 PM     0    101778      1.00      0.00  kworker/1:0-mm_percpu_wq
07:31:36 PM     0    105068      1.00      0.00  iostat
07:31:36 PM     0    105069      1.00      0.00  pidstat
07:31:36 PM     0    105070      5.00      0.00  bash
07:31:36 PM     0    105071      8.00      0.00  bash
07:31:36 PM     0    105072      4.00      0.00  bash
07:31:36 PM     0    105074     99.00      0.00  fio
07:31:36 PM     0    105570      1.00      0.00  kworker/9:1-events
07:31:36 PM     0    106133      1.00      0.00  sleep
07:31:36 PM     0    106143      1.00      0.00  sleep
07:31:36 PM     0    106145      1.00      0.00  sleep

07:31:36 PM   UID       PID   cswch/s nvcswch/s  Command
07:31:37 PM     0         1      1.00      0.00  systemd
07:31:37 PM     0        17     38.00      0.00  rcu_preempt
07:31:37 PM     0        18      1.00      0.00  migration/0
07:31:37 PM     0        24      1.00      0.00  ksoftirqd/1
07:31:37 PM     0        42      1.00      1.00  ksoftirqd/4
07:31:37 PM     0        54      2.00      0.00  ksoftirqd/6
07:31:37 PM     0        71      1.00      0.00  migration/9
07:31:37 PM     0        72      2.00      0.00  ksoftirqd/9
07:31:37 PM     0        95      2.00      0.00  kcompactd0
07:31:37 PM     0       415      2.00      0.00  systemd-journal
07:31:37 PM     0       453      1.00      0.00  multipathd
07:31:37 PM     0       562      3.00      0.00  jbd2/nvme1n1p3-8
07:31:37 PM     0       773      1.00      0.00  sshd
07:31:37 PM     0     84845      2.00      0.00  kworker/3:1-mm_percpu_wq
07:31:37 PM     0     87189      2.00      0.00  kworker/0:0-events
07:31:37 PM     0     88222      5.00      0.00  kworker/4:3-events
07:31:37 PM     0     88741      4.00      0.00  kworker/6:2-events
07:31:37 PM     0     88759     14.00      0.00  kworker/2:1-events
07:31:37 PM     0     88840      2.00      0.00  kworker/u24:1-edac-poller
07:31:37 PM     0     89370      1.00      0.00  kworker/5:2-mm_percpu_wq
07:31:37 PM     0    101778      3.00      0.00  kworker/1:0-events
07:31:37 PM     0    104636      3.00      0.00  kworker/8:0-mm_percpu_wq
07:31:37 PM     0    105068      1.00      0.00  iostat
07:31:37 PM     0    105069      1.00      0.00  pidstat
07:31:37 PM     0    105070      5.00      0.00  bash
07:31:37 PM     0    105071      6.00      1.00  bash
07:31:37 PM     0    105072      4.00      0.00  bash
07:31:37 PM     0    105074    100.00      0.00  fio
07:31:37 PM     0    105570      1.00      0.00  kworker/9:1-mm_percpu_wq
07:31:37 PM     0    106150      1.00      0.00  sleep
07:31:37 PM     0    106160      1.00      0.00  sleep
07:31:37 PM     0    106162      1.00      0.00  sleep

07:31:37 PM   UID       PID   cswch/s nvcswch/s  Command
07:31:38 PM     0         1      1.00      0.00  systemd
07:31:38 PM     0        17     23.00      0.00  rcu_preempt
07:31:38 PM     0        18      1.00      0.00  migration/0
07:31:38 PM     0        23      1.00      0.00  migration/1
07:31:38 PM     0        29      2.00      0.00  migration/2
07:31:38 PM     0        35      1.00      0.00  migration/3
07:31:38 PM     0        41      1.00      0.00  migration/4
07:31:38 PM     0        42      1.00      0.00  ksoftirqd/4
07:31:38 PM     0        47      2.00      0.00  migration/5
07:31:38 PM     0        53      1.00      0.00  migration/6
07:31:38 PM     0        54      2.00      0.00  ksoftirqd/6
07:31:38 PM     0        59      1.00      0.00  migration/7
07:31:38 PM     0        65      1.00      0.00  migration/8
07:31:38 PM     0        71      1.00      0.00  migration/9
07:31:38 PM     0        77      1.00      0.00  migration/10
07:31:38 PM     0        83      1.00      0.00  migration/11
07:31:38 PM     0        95      2.00      0.00  kcompactd0
07:31:38 PM     0       453      1.00      0.00  multipathd
07:31:38 PM     0       463      1.00      0.00  systemd-udevd
07:31:38 PM     0       643      1.00      0.00  systemd-logind
07:31:38 PM     0     84845      2.00      0.00  kworker/3:1-mm_percpu_wq
07:31:38 PM     0     87189      1.00      0.00  kworker/0:0-mm_percpu_wq
07:31:38 PM     0     88222      6.00      0.00  kworker/4:3-events
07:31:38 PM     0     88734      2.00      0.00  kworker/7:1-mm_percpu_wq
07:31:38 PM     0     88741      3.00      0.00  kworker/6:2-events
07:31:38 PM     0     88759     14.00      0.00  kworker/2:1-events
07:31:38 PM     0     89370      2.00      0.00  kworker/5:2-mm_percpu_wq
07:31:38 PM     0    101778      1.00      0.00  kworker/1:0-mm_percpu_wq
07:31:38 PM     0    105068      1.00      0.00  iostat
07:31:38 PM     0    105069      1.00      0.00  pidstat
07:31:38 PM     0    105070      5.00      0.00  bash
07:31:38 PM     0    105071      8.00      0.00  bash
07:31:38 PM     0    105072      4.00      0.00  bash
07:31:38 PM     0    105074     99.00      0.00  fio
07:31:38 PM     0    105570      2.00      0.00  kworker/9:1-events
07:31:38 PM     0    106165      1.00      0.00  sleep
07:31:38 PM     0    106175      1.00      0.00  sleep
07:31:38 PM     0    106177      1.00      0.00  sleep

07:31:38 PM   UID       PID   cswch/s nvcswch/s  Command
07:31:39 PM     0        17     19.00      0.00  rcu_preempt
07:31:39 PM     0        36      1.00      0.00  ksoftirqd/3
07:31:39 PM     0        48      1.00      0.00  ksoftirqd/5
07:31:39 PM     0        95      2.00      0.00  kcompactd0
07:31:39 PM     0       453      1.00      0.00  multipathd
07:31:39 PM     0     84845      1.00      0.00  kworker/3:1-events
07:31:39 PM     0     87189      4.00      0.00  kworker/0:0-events
07:31:39 PM     0     88222      2.00      0.00  kworker/4:3-events
07:31:39 PM     0     88741      5.00      0.00  kworker/6:2-events
07:31:39 PM     0     88759     11.00      0.00  kworker/2:1-events
07:31:39 PM     0     88840      5.00      0.00  kworker/u24:1-events_unbound
07:31:39 PM     0     97923      1.00      0.00  kworker/10:1-mm_percpu_wq
07:31:39 PM     0    101778      2.00      0.00  kworker/1:0-events
07:31:39 PM     0    104636      2.00      0.00  kworker/8:0-mm_percpu_wq
07:31:39 PM     0    105068      1.00      0.00  iostat
07:31:39 PM     0    105069      1.00      0.00  pidstat
07:31:39 PM     0    105070      5.00      0.00  bash
07:31:39 PM     0    105071      8.00      0.00  bash
07:31:39 PM     0    105072      4.00      0.00  bash
07:31:39 PM     0    105074     99.00      0.00  fio
07:31:39 PM     0    105570      1.00      0.00  kworker/9:1-mm_percpu_wq
07:31:39 PM     0    106180      1.00      0.00  sleep
07:31:39 PM     0    106190      1.00      0.00  sleep
07:31:39 PM     0    106192      1.00      0.00  sleep

07:31:39 PM   UID       PID   cswch/s nvcswch/s  Command
07:31:40 PM     0        17     20.00      0.00  rcu_preempt
07:31:40 PM     0        24      1.00      0.00  ksoftirqd/1
07:31:40 PM     0        29      1.00      0.00  migration/2
07:31:40 PM     0        54      1.00      0.00  ksoftirqd/6
07:31:40 PM     0        95      2.00      0.00  kcompactd0
07:31:40 PM     0       453      1.00      0.00  multipathd
07:31:40 PM     0     84845      1.00      0.00  kworker/3:1-mm_percpu_wq
07:31:40 PM     0     87189      1.00      0.00  kworker/0:0-mm_percpu_wq
07:31:40 PM     0     88222      7.00      0.00  kworker/4:3-events
07:31:40 PM     0     88734      1.00      0.00  kworker/7:1-mm_percpu_wq
07:31:40 PM     0     88741      3.00      0.00  kworker/6:2-events
07:31:40 PM     0     88759     14.00      0.00  kworker/2:1-events
07:31:40 PM     0     88840      3.00      0.00  kworker/u24:1-events_power_efficient
07:31:40 PM     0     89370      2.00      0.00  kworker/5:2-events
07:31:40 PM     0     98256      2.00      0.00  kworker/u24:2-events_power_efficient
07:31:40 PM     0    101778      3.00      0.00  kworker/1:0-events
07:31:40 PM     0    104636      1.00      0.00  kworker/8:0-mm_percpu_wq
07:31:40 PM     0    105068      1.00      0.00  iostat
07:31:40 PM     0    105069      1.00      0.00  pidstat
07:31:40 PM     0    105070      5.00      0.00  bash
07:31:40 PM     0    105071      8.00      0.00  bash
07:31:40 PM     0    105072      4.00      0.00  bash
07:31:40 PM     0    105074    100.00      0.00  fio
07:31:40 PM     0    105570      1.00      0.00  kworker/9:1-mm_percpu_wq
07:31:40 PM     0    105890      1.00      0.00  kworker/11:0-mm_percpu_wq
07:31:40 PM     0    106195      1.00      0.00  sleep
07:31:40 PM     0    106205      1.00      0.00  sleep
07:31:40 PM     0    106207      1.00      0.00  sleep

07:31:40 PM   UID       PID   cswch/s nvcswch/s  Command
07:31:41 PM     0        17     15.00      0.00  rcu_preempt
07:31:41 PM     0        24      1.00      0.00  ksoftirqd/1
07:31:41 PM     0        42      1.00      0.00  ksoftirqd/4
07:31:41 PM     0        95      2.00      0.00  kcompactd0
07:31:41 PM     0       453      1.00      0.00  multipathd
07:31:41 PM     0     84845      2.00      0.00  kworker/3:1-events
07:31:41 PM     0     88222      1.00      0.00  kworker/4:3-events
07:31:41 PM     0     88734      1.00      0.00  kworker/7:1-events
07:31:41 PM     0     88741      1.00      0.00  kworker/6:2-events
07:31:41 PM     0     88759     13.00      0.00  kworker/2:1-events
07:31:41 PM     0     88840      2.00      0.00  kworker/u24:1-events_unbound
07:31:41 PM     0    101778      1.00      0.00  kworker/1:0-events
07:31:41 PM     0    105068      1.00      0.00  iostat
07:31:41 PM     0    105069      1.00      0.00  pidstat
07:31:41 PM     0    105070      5.00      0.00  bash
07:31:41 PM     0    105071      7.00      0.00  bash
07:31:41 PM     0    105072      4.00      0.00  bash
07:31:41 PM     0    105074     99.00      0.00  fio
07:31:41 PM     0    105570      4.00      0.00  kworker/9:1-events
07:31:41 PM     0    106210      1.00      0.00  sleep
07:31:41 PM     0    106220      1.00      0.00  sleep
07:31:41 PM     0    106222      1.00      0.00  sleep

07:31:41 PM   UID       PID   cswch/s nvcswch/s  Command
07:31:42 PM     0        17     19.00      0.00  rcu_preempt
07:31:42 PM     0        18      1.00      0.00  migration/0
07:31:42 PM     0        23      1.00      0.00  migration/1
07:31:42 PM     0        29      2.00      0.00  migration/2
07:31:42 PM     0        35      1.00      0.00  migration/3
07:31:42 PM     0        41      1.00      0.00  migration/4
07:31:42 PM     0        47      1.00      0.00  migration/5
07:31:42 PM     0        48      1.00      0.00  ksoftirqd/5
07:31:42 PM     0        53      1.00      0.00  migration/6
07:31:42 PM     0        59      1.00      0.00  migration/7
07:31:42 PM     0        65      1.00      0.00  migration/8
07:31:42 PM     0        71      1.00      0.00  migration/9
07:31:42 PM     0        77      1.00      0.00  migration/10
07:31:42 PM     0        83      1.00      0.00  migration/11
07:31:42 PM     0        95      2.00      0.00  kcompactd0
07:31:42 PM     0       176      4.00      0.00  kworker/11:1H-kblockd
07:31:42 PM     0       188      1.00      0.00  kworker/2:1H-kblockd
07:31:42 PM     0       193      1.00      0.00  kworker/9:1H-kblockd
07:31:42 PM     0       359      3.00      0.00  jbd2/nvme1n1p2-8
07:31:42 PM     0       453      1.00      0.00  multipathd
07:31:42 PM     0       562      3.00      0.00  jbd2/nvme1n1p3-8
07:31:42 PM     0     84845      1.00      0.00  kworker/3:1-mm_percpu_wq
07:31:42 PM     0     87189      3.00      0.00  kworker/0:0-events
07:31:42 PM     0     88222      1.00      0.00  kworker/4:3-mm_percpu_wq
07:31:42 PM     0     88734      2.00      0.00  kworker/7:1-mm_percpu_wq
07:31:42 PM     0     88741      1.00      0.00  kworker/6:2-mm_percpu_wq
07:31:42 PM     0     88759     14.00      0.00  kworker/2:1-events
07:31:42 PM     0     88840      6.00      0.00  kworker/u24:1-ext4-rsv-conversion
07:31:42 PM     0     89370      1.00      0.00  kworker/5:2-mm_percpu_wq
07:31:42 PM     0     97923      1.00      0.00  kworker/10:1-mm_percpu_wq
07:31:42 PM     0     98256      5.00      0.00  kworker/u24:2-flush-259:1
07:31:42 PM     0    101778      2.00      0.00  kworker/1:0-events
07:31:42 PM     0    104636      3.00      0.00  kworker/8:0-mm_percpu_wq
07:31:42 PM     0    105068      1.00      0.00  iostat
07:31:42 PM     0    105069      1.00      0.00  pidstat
07:31:42 PM     0    105070      5.00      0.00  bash
07:31:42 PM     0    105071      6.00      0.00  bash
07:31:42 PM     0    105072      4.00      0.00  bash
07:31:42 PM     0    105074     99.00      0.00  fio
07:31:42 PM     0    105570      3.00      0.00  kworker/9:1-mm_percpu_wq
07:31:42 PM     0    105890      1.00      0.00  kworker/11:0-mm_percpu_wq
07:31:42 PM     0    106225      1.00      0.00  sleep
07:31:42 PM     0    106235      1.00      0.00  sleep

07:31:42 PM   UID       PID   cswch/s nvcswch/s  Command
07:31:43 PM     0         2      1.00      0.00  kthreadd
07:31:43 PM     0        17     16.00      0.00  rcu_preempt
07:31:43 PM     0        24      1.00      0.00  ksoftirqd/1
07:31:43 PM     0        29      1.00      0.00  migration/2
07:31:43 PM     0        36      1.00      0.00  ksoftirqd/3
07:31:43 PM     0        48      1.00      0.00  ksoftirqd/5
07:31:43 PM     0        72      1.00      0.00  ksoftirqd/9
07:31:43 PM     0        95      2.00      0.00  kcompactd0
07:31:43 PM     0       102      1.00      0.00  irq/9-acpi
07:31:43 PM     0       189      1.00      0.00  kworker/4:1H-kblockd
07:31:43 PM     0       453      1.00      0.00  multipathd
07:31:43 PM     0     21554      1.00      0.00  packagekitd
07:31:43 PM     0     84845      1.00      0.00  kworker/3:1-events
07:31:43 PM     0     87189      3.00      0.00  kworker/0:0-mm_percpu_wq
07:31:43 PM     0     88222      1.00      0.00  kworker/4:3-mm_percpu_wq
07:31:43 PM     0     88734      1.00      0.00  kworker/7:1-events
07:31:43 PM     0     88741      1.00      0.00  kworker/6:2-mm_percpu_wq
07:31:43 PM     0     88759     11.00      0.00  kworker/2:1-events
07:31:43 PM     0     88840      2.00      0.00  kworker/u24:1-edac-poller
07:31:43 PM     0     89370      1.00      0.00  kworker/5:2-events
07:31:43 PM     0     90801      2.00      0.00  kworker/10:0-i915-unordered
07:31:43 PM     0     97923      7.00      0.00  kworker/10:1-pm
07:31:43 PM     0     98256      1.00      0.00  kworker/u24:2-writeback
07:31:43 PM     0    101778      4.00      0.00  kworker/1:0-mm_percpu_wq
07:31:43 PM     0    104636      1.00      0.00  kworker/8:0-mm_percpu_wq
07:31:43 PM     0    105068      1.00      0.00  iostat
07:31:43 PM     0    105069      1.00      0.00  pidstat
07:31:43 PM     0    105070      1.00      0.00  bash
07:31:43 PM     0    105071      3.00      0.00  bash
07:31:43 PM     0    105072      4.00      0.00  bash
07:31:43 PM     0    105074    100.00      0.00  fio
07:31:43 PM     0    105570      3.00      0.00  kworker/9:1-mm_percpu_wq
07:31:43 PM     0    106240      1.00      0.00  sleep
07:31:43 PM     0    106241      2.00      0.00  kworker/10:2
07:31:43 PM     0    106244      1.00      0.00  awk
07:31:43 PM     0    106245      1.00      0.00  sort
07:31:43 PM     0    106246      1.00      0.00  uniq
07:31:43 PM     0    106247      1.00      1.00  tr

07:31:43 PM   UID       PID   cswch/s nvcswch/s  Command
07:31:44 PM     0        17     17.00      0.00  rcu_preempt
07:31:44 PM     0        24      1.00      0.00  ksoftirqd/1
07:31:44 PM     0        36      2.00      0.00  ksoftirqd/3
07:31:44 PM     0        42      1.00      0.00  ksoftirqd/4
07:31:44 PM     0        78      1.00      0.00  ksoftirqd/10
07:31:44 PM     0        95      2.00      0.00  kcompactd0
07:31:44 PM     0       453      1.00      0.00  multipathd
07:31:44 PM     0     84845      1.00      0.00  kworker/3:1-events
07:31:44 PM     0     88222      1.00      0.00  kworker/4:3-events
07:31:44 PM     0     88734      1.00      0.00  kworker/7:1-mm_percpu_wq
07:31:44 PM     0     88741      2.00      0.00  kworker/6:2-events
07:31:44 PM     0     88759     13.00      0.00  kworker/2:1-events
07:31:44 PM     0     88840      1.00      0.00  kworker/u24:1-events_unbound
07:31:44 PM     0     89370      1.00      0.00  kworker/5:2-events
07:31:44 PM     0     97923      2.00      0.00  kworker/10:1-events
07:31:44 PM     0     98256      1.00      0.00  kworker/u24:2-writeback
07:31:44 PM     0    101778      2.00      0.00  kworker/1:0-events
07:31:44 PM     0    105068      1.00      0.00  iostat
07:31:44 PM     0    105069      1.00      0.00  pidstat
07:31:44 PM     0    105070      4.00      0.00  bash
07:31:44 PM     0    105071      3.00      0.00  bash
07:31:44 PM     0    105072      4.00      0.00  bash
07:31:44 PM     0    105074     99.00      0.00  fio
07:31:44 PM     0    105570      1.00      0.00  kworker/9:1-events
07:31:44 PM     0    106251      1.00      0.00  sleep
07:31:44 PM     0    106253      1.00      0.00  sleep
07:31:44 PM     0    106256      1.00      0.00  sleep

07:31:44 PM   UID       PID   cswch/s nvcswch/s  Command
07:31:45 PM     0        17     19.00      0.00  rcu_preempt
07:31:45 PM     0        24      2.00      0.00  ksoftirqd/1
07:31:45 PM     0        36      1.00      0.00  ksoftirqd/3
07:31:45 PM     0        47      1.00      0.00  migration/5
07:31:45 PM     0        72      1.00      0.00  ksoftirqd/9
07:31:45 PM     0        95      2.00      0.00  kcompactd0
07:31:45 PM     0       453      1.00      0.00  multipathd
07:31:45 PM     0     84845      3.00      0.00  kworker/3:1-events
07:31:45 PM     0     87189      1.00      0.00  kworker/0:0-mm_percpu_wq
07:31:45 PM     0     88222      1.00      0.00  kworker/4:3-events
07:31:45 PM     0     88741      1.00      0.00  kworker/6:2-events
07:31:45 PM     0     88759     14.00      0.00  kworker/2:1-events
07:31:45 PM     0     88840      5.00      0.00  kworker/u24:1-events_power_efficient
07:31:45 PM     0     89370      2.00      0.00  kworker/5:2-events
07:31:45 PM     0     97923      2.00      0.00  kworker/10:1-events
07:31:45 PM     0     98256      1.00      0.00  kworker/u24:2-writeback
07:31:45 PM     0    101778      3.00      0.00  kworker/1:0-mm_percpu_wq
07:31:45 PM     0    104636      1.00      0.00  kworker/8:0-mm_percpu_wq
07:31:45 PM     0    105068      1.00      0.00  iostat
07:31:45 PM     0    105069      1.00      0.00  pidstat
07:31:45 PM     0    105070      5.00      0.00  bash
07:31:45 PM     0    105071      6.00      0.00  bash
07:31:45 PM     0    105072      4.00      0.00  bash
07:31:45 PM     0    105074     99.00      0.00  fio
07:31:45 PM     0    105570      3.00      0.00  kworker/9:1-mm_percpu_wq
07:31:45 PM     0    106266      1.00      0.00  sleep
07:31:45 PM     0    106268      1.00      0.00  sleep
07:31:45 PM     0    106271      1.00      0.00  sleep

07:31:45 PM   UID       PID   cswch/s nvcswch/s  Command
07:31:46 PM     0        17     21.00      0.00  rcu_preempt
07:31:46 PM     0        18      1.00      0.00  migration/0
07:31:46 PM     0        23      1.00      0.00  migration/1
07:31:46 PM     0        24      2.00      0.00  ksoftirqd/1
07:31:46 PM     0        29      1.00      0.00  migration/2
07:31:46 PM     0        35      1.00      0.00  migration/3
07:31:46 PM     0        41      1.00      0.00  migration/4
07:31:46 PM     0        47      1.00      0.00  migration/5
07:31:46 PM     0        53      1.00      0.00  migration/6
07:31:46 PM     0        54      1.00      0.00  ksoftirqd/6
07:31:46 PM     0        59      1.00      0.00  migration/7
07:31:46 PM     0        65      1.00      0.00  migration/8
07:31:46 PM     0        71      1.00      0.00  migration/9
07:31:46 PM     0        72      3.00      0.00  ksoftirqd/9
07:31:46 PM     0        77      1.00      0.00  migration/10
07:31:46 PM     0        83      1.00      0.00  migration/11
07:31:46 PM     0        95      2.00      0.00  kcompactd0
07:31:46 PM     0       453      1.00      0.00  multipathd
07:31:46 PM     0     88222      2.00      0.00  kworker/4:3-events
07:31:46 PM     0     88741      3.00      0.00  kworker/6:2-events
07:31:46 PM     0     88759     13.00      0.00  kworker/2:1-events
07:31:46 PM     0     88840      1.00      0.00  kworker/u24:1-events_power_efficient
07:31:46 PM     0     89370      1.00      0.00  kworker/5:2-mm_percpu_wq
07:31:46 PM     0     98256      1.00      0.00  kworker/u24:2-events_unbound
07:31:46 PM     0    101778      2.00      0.00  kworker/1:0-events
07:31:46 PM     0    105068      1.00      0.00  iostat
07:31:46 PM     0    105069      1.00      0.00  pidstat
07:31:46 PM     0    105070      5.00      0.00  bash
07:31:46 PM     0    105071      8.00      0.00  bash
07:31:46 PM     0    105072      4.00      0.00  bash
07:31:46 PM     0    105074    100.00      0.00  fio
07:31:46 PM     0    105570      4.00      0.00  kworker/9:1-events
07:31:46 PM     0    106281      1.00      0.00  sleep
07:31:46 PM     0    106283      1.00      0.00  sleep
07:31:46 PM     0    106286      1.00      0.00  sleep

07:31:46 PM   UID       PID   cswch/s nvcswch/s  Command
07:31:47 PM     0        17     26.00      0.00  rcu_preempt
07:31:47 PM     0        36      1.00      0.00  ksoftirqd/3
07:31:47 PM     0        42      1.00      0.00  ksoftirqd/4
07:31:47 PM     0        72      1.00      0.00  ksoftirqd/9
07:31:47 PM     0        95      2.00      0.00  kcompactd0
07:31:47 PM     0       453      1.00      0.00  multipathd
07:31:47 PM     0       562      3.00      0.00  jbd2/nvme1n1p3-8
07:31:47 PM     0     84845      2.00      0.00  kworker/3:1-events
07:31:47 PM     0     87189      1.00      0.00  kworker/0:0-events
07:31:47 PM     0     88222      1.00      0.00  kworker/4:3-events
07:31:47 PM     0     88734      1.00      0.00  kworker/7:1-mm_percpu_wq
07:31:47 PM     0     88741      2.00      0.00  kworker/6:2-mm_percpu_wq
07:31:47 PM     0     88759     14.00      0.00  kworker/2:1-events
07:31:47 PM     0     88840      2.00      0.00  kworker/u24:1-flush-259:1
07:31:47 PM     0     89370      1.00      0.00  kworker/5:2-mm_percpu_wq
07:31:47 PM     0    101778      5.00      0.00  kworker/1:0-mm_percpu_wq
07:31:47 PM     0    104636      3.00      0.00  kworker/8:0-events
07:31:47 PM     0    105068      1.00      0.00  iostat
07:31:47 PM     0    105069      1.00      0.00  pidstat
07:31:47 PM     0    105070      5.00      0.00  bash
07:31:47 PM     0    105071      5.00      0.00  bash
07:31:47 PM     0    105072      4.00      0.00  bash
07:31:47 PM     0    105074     99.00      0.00  fio
07:31:47 PM     0    105570      4.00      0.00  kworker/9:1-mm_percpu_wq
07:31:47 PM     0    105890      3.00      0.00  kworker/11:0-events
07:31:47 PM     0    106296      1.00      0.00  sleep
07:31:47 PM     0    106298      1.00      0.00  sleep
07:31:47 PM     0    106301      1.00      0.00  sleep

07:31:47 PM   UID       PID   cswch/s nvcswch/s  Command
07:31:48 PM     0        17     23.00      0.00  rcu_preempt
07:31:48 PM     0        24      2.00      0.00  ksoftirqd/1
07:31:48 PM     0        36      1.00      0.00  ksoftirqd/3
07:31:48 PM     0        42      2.00      0.00  ksoftirqd/4
07:31:48 PM     0        72      1.00      0.00  ksoftirqd/9
07:31:48 PM     0        84      1.00      0.00  ksoftirqd/11
07:31:48 PM     0        95      2.00      0.00  kcompactd0
07:31:48 PM     0       188      1.00      0.00  kworker/2:1H-kblockd
07:31:48 PM     0       359      3.00      0.00  jbd2/nvme1n1p2-8
07:31:48 PM     0       453      1.00      0.00  multipathd
07:31:48 PM     0     84845      1.00      0.00  kworker/3:1-events
07:31:48 PM     0     87189      1.00      0.00  kworker/0:0-events
07:31:48 PM     0     88222      5.00      0.00  kworker/4:3-events
07:31:48 PM     0     88741      1.00      0.00  kworker/6:2-events
07:31:48 PM     0     88759     12.00      0.00  kworker/2:1-events
07:31:48 PM     0     88840      2.00      0.00  kworker/u24:1-edac-poller
07:31:48 PM     0    101778      5.00      0.00  kworker/1:0-events
07:31:48 PM     0    105068      1.00      0.00  iostat
07:31:48 PM     0    105069      1.00      0.00  pidstat
07:31:48 PM     0    105070      5.00      0.00  bash
07:31:48 PM     0    105071      8.00      0.00  bash
07:31:48 PM     0    105072      4.00      0.00  bash
07:31:48 PM     0    105074    100.00      0.00  fio
07:31:48 PM     0    105570      1.00      0.00  kworker/9:1-events
07:31:48 PM     0    105890      1.00      0.00  kworker/11:0-events
07:31:48 PM     0    106311      1.00      0.00  sleep
07:31:48 PM     0    106313      1.00      0.00  sleep
07:31:48 PM     0    106316      1.00      0.00  sleep

07:31:48 PM   UID       PID   cswch/s nvcswch/s  Command
07:31:49 PM     0        17     21.00      0.00  rcu_preempt
07:31:49 PM     0        24      1.00      0.00  ksoftirqd/1
07:31:49 PM     0        35      1.00      0.00  migration/3
07:31:49 PM     0        54      1.00      0.00  ksoftirqd/6
07:31:49 PM     0        84      1.00      0.00  ksoftirqd/11
07:31:49 PM     0        95      2.00      0.00  kcompactd0
07:31:49 PM     0       453      1.00      0.00  multipathd
07:31:49 PM     0     84845      2.00      0.00  kworker/3:1-events
07:31:49 PM     0     87189      1.00      0.00  kworker/0:0-mm_percpu_wq
07:31:49 PM     0     88222      1.00      0.00  kworker/4:3-events
07:31:49 PM     0     88741      2.00      0.00  kworker/6:2-events
07:31:49 PM     0     88759     12.00      0.00  kworker/2:1-events
07:31:49 PM     0     88840      2.00      0.00  kworker/u24:1-edac-poller
07:31:49 PM     0    101778      4.00      0.00  kworker/1:0-mm_percpu_wq
07:31:49 PM     0    104636      1.00      0.00  kworker/8:0-mm_percpu_wq
07:31:49 PM     0    105068      1.00      0.00  iostat
07:31:49 PM     0    105069      1.00      1.00  pidstat
07:31:49 PM     0    105070      5.00      0.00  bash
07:31:49 PM     0    105071      8.00      0.00  bash
07:31:49 PM     0    105072      4.00      0.00  bash
07:31:49 PM     0    105074     99.00      0.00  fio
07:31:49 PM     0    105890      3.00      0.00  kworker/11:0-events
07:31:49 PM     0    106326      1.00      0.00  sleep
07:31:49 PM     0    106328      1.00      0.00  sleep
07:31:49 PM     0    106331      1.00      0.00  sleep

07:31:49 PM   UID       PID   cswch/s nvcswch/s  Command
07:31:50 PM     0        17     21.00      0.00  rcu_preempt
07:31:50 PM     0        18      1.00      0.00  migration/0
07:31:50 PM     0        23      1.00      0.00  migration/1
07:31:50 PM     0        29      1.00      0.00  migration/2
07:31:50 PM     0        35      1.00      0.00  migration/3
07:31:50 PM     0        41      1.00      0.00  migration/4
07:31:50 PM     0        42      1.00      0.00  ksoftirqd/4
07:31:50 PM     0        47      1.00      0.00  migration/5
07:31:50 PM     0        53      1.00      0.00  migration/6
07:31:50 PM     0        54      1.00      0.00  ksoftirqd/6
07:31:50 PM     0        59      1.00      0.00  migration/7
07:31:50 PM     0        65      1.00      0.00  migration/8
07:31:50 PM     0        71      1.00      0.00  migration/9
07:31:50 PM     0        77      1.00      0.00  migration/10
07:31:50 PM     0        83      1.00      0.00  migration/11
07:31:50 PM     0        95      2.00      0.00  kcompactd0
07:31:50 PM     0       453      1.00      0.00  multipathd
07:31:50 PM     0     88222      5.00      0.00  kworker/4:3-events
07:31:50 PM     0     88734      1.00      0.00  kworker/7:1-mm_percpu_wq
07:31:50 PM     0     88741      3.00      0.00  kworker/6:2-events
07:31:50 PM     0     88759     14.00      0.00  kworker/2:1-events
07:31:50 PM     0     88840      1.00      0.00  kworker/u24:1-edac-poller
07:31:50 PM     0     89370      1.00      0.00  kworker/5:2-mm_percpu_wq
07:31:50 PM     0    101778      2.00      0.00  kworker/1:0-events
07:31:50 PM     0    104636      1.00      0.00  kworker/8:0-events
07:31:50 PM     0    105068      1.00      0.00  iostat
07:31:50 PM     0    105069      1.00      0.00  pidstat
07:31:50 PM     0    105070      5.00      0.00  bash
07:31:50 PM     0    105071      7.00      0.00  bash
07:31:50 PM     0    105072      4.00      0.00  bash
07:31:50 PM     0    105074     99.00      0.00  fio
07:31:50 PM     0    105570      1.00      0.00  kworker/9:1-mm_percpu_wq
07:31:50 PM     0    106341      1.00      0.00  sleep
07:31:50 PM     0    106343      1.00      0.00  sleep
07:31:50 PM     0    106346      1.00      0.00  sleep

07:31:50 PM   UID       PID   cswch/s nvcswch/s  Command
07:31:51 PM     0        17     16.00      0.00  rcu_preempt
07:31:51 PM     0        78      2.00      0.00  ksoftirqd/10
07:31:51 PM     0        95      2.00      0.00  kcompactd0
07:31:51 PM     0       193      1.00      0.00  kworker/9:1H-kblockd
07:31:51 PM     0       453      1.00      0.00  multipathd
07:31:51 PM     0     84845      3.00      0.00  kworker/3:1-events
07:31:51 PM     0     87189      1.00      0.00  kworker/0:0-events
07:31:51 PM     0     88222      2.00      0.00  kworker/4:3-mm_percpu_wq
07:31:51 PM     0     88741      1.00      0.00  kworker/6:2-events
07:31:51 PM     0     88759     11.00      0.00  kworker/2:1-events
07:31:51 PM     0     88840      3.00      0.00  kworker/u24:1-events_power_efficient
07:31:51 PM     0     97923      3.00      0.00  kworker/10:1-events
07:31:51 PM     0     98256      4.00      0.00  kworker/u24:2-edac-poller
07:31:51 PM     0    101778      3.00      0.00  kworker/1:0-mm_percpu_wq
07:31:51 PM     0    104636      1.00      0.00  kworker/8:0-mm_percpu_wq
07:31:51 PM     0    105068      1.00      0.00  iostat
07:31:51 PM     0    105069      1.00      0.00  pidstat
07:31:51 PM     0    105070      5.00      0.00  bash
07:31:51 PM     0    105071      8.00      0.00  bash
07:31:51 PM     0    105072      4.00      0.00  bash
07:31:51 PM     0    105074     99.00      0.00  fio
07:31:51 PM     0    105570      1.00      0.00  kworker/9:1-mm_percpu_wq
07:31:51 PM     0    105890      2.00      0.00  kworker/11:0-events
07:31:51 PM     0    106356      1.00      0.00  sleep
07:31:51 PM     0    106358      1.00      0.00  sleep
07:31:51 PM     0    106361      1.00      0.00  sleep

07:31:51 PM   UID       PID   cswch/s nvcswch/s  Command
07:31:52 PM     0        17     19.00      0.00  rcu_preempt
07:31:52 PM     0        24      1.00      0.00  ksoftirqd/1
07:31:52 PM     0        36      1.00      0.00  ksoftirqd/3
07:31:52 PM     0        54      1.00      0.00  ksoftirqd/6
07:31:52 PM     0        78      1.00      0.00  ksoftirqd/10
07:31:52 PM     0        95      2.00      0.00  kcompactd0
07:31:52 PM     0       453      1.00      0.00  multipathd
07:31:52 PM     0       562      3.00      0.00  jbd2/nvme1n1p3-8
07:31:52 PM     0     84845      1.00      0.00  kworker/3:1-events
07:31:52 PM     0     88222      1.00      0.00  kworker/4:3-events
07:31:52 PM     0     88741      1.00      0.00  kworker/6:2-mm_percpu_wq
07:31:52 PM     0     88759     12.00      0.00  kworker/2:1-events
07:31:52 PM     0     89370      1.00      0.00  kworker/5:2-mm_percpu_wq
07:31:52 PM     0     97923      5.00      0.00  kworker/10:1-events
07:31:52 PM     0     98256      1.00      0.00  kworker/u24:2-edac-poller
07:31:52 PM     0    101778      3.00      0.00  kworker/1:0-events
07:31:52 PM     0    104636      1.00      0.00  kworker/8:0-events
07:31:52 PM     0    105068      1.00      0.00  iostat
07:31:52 PM     0    105069      1.00      0.00  pidstat
07:31:52 PM     0    105070      5.00      0.00  bash
07:31:52 PM     0    105071      6.00      0.00  bash
07:31:52 PM     0    105072      4.00      0.00  bash
07:31:52 PM     0    105074     99.00      0.00  fio
07:31:52 PM     0    105890      1.00      0.00  kworker/11:0-events
07:31:52 PM     0    106371      1.00      0.00  sleep
07:31:52 PM     0    106373      1.00      0.00  sleep
07:31:52 PM     0    106376      1.00      0.00  sleep

07:31:52 PM   UID       PID   cswch/s nvcswch/s  Command
07:31:53 PM     0        17     19.00      0.00  rcu_preempt
07:31:53 PM     0        36      2.00      0.00  ksoftirqd/3
07:31:53 PM     0        95      2.00      0.00  kcompactd0
07:31:53 PM     0       102      1.00      0.00  irq/9-acpi
07:31:53 PM     0       453      1.00      0.00  multipathd
07:31:53 PM     0     21554      1.00      0.00  packagekitd
07:31:53 PM     0     84845      5.00      0.00  kworker/3:1-events
07:31:53 PM     0     87189      2.00      0.00  kworker/0:0-mm_percpu_wq
07:31:53 PM     0     88222      5.00      0.00  kworker/4:3-mm_percpu_wq
07:31:53 PM     0     88741      1.00      0.00  kworker/6:2-mm_percpu_wq
07:31:53 PM     0     88759     12.00      0.00  kworker/2:1-events
07:31:53 PM     0     88840      1.00      0.00  kworker/u24:1-events_power_efficient
07:31:53 PM     0     89370      1.00      0.00  kworker/5:2-mm_percpu_wq
07:31:53 PM     0     97923   1139.00      1.00  kworker/10:1-events
07:31:53 PM     0     98256      1.00      0.00  kworker/u24:2-events_unbound
07:31:53 PM     0    101778      3.00      0.00  kworker/1:0-events
07:31:53 PM     0    104636      3.00      0.00  kworker/8:0-mm_percpu_wq
07:31:53 PM     0    105068      1.00      0.00  iostat
07:31:53 PM     0    105069      1.00      0.00  pidstat
07:31:53 PM     0    105070      5.00      0.00  bash
07:31:53 PM     0    105071      8.00      0.00  bash
07:31:53 PM     0    105072      3.00      0.00  bash
07:31:53 PM     0    105074    100.00      0.00  fio
07:31:53 PM     0    105570      2.00      0.00  kworker/9:1-mm_percpu_wq
07:31:53 PM     0    105890      3.00      0.00  kworker/11:0-events
07:31:53 PM     0    106241    135.00      0.00  kworker/10:2+i915-unordered
07:31:53 PM     0    106386      1.00      0.00  sleep
07:31:53 PM     0    106388      1.00      0.00  sleep
07:31:53 PM     0    106391      1.00      0.00  sleep

07:31:53 PM   UID       PID   cswch/s nvcswch/s  Command
07:31:54 PM     0        17     20.00      0.00  rcu_preempt
07:31:54 PM     0        18      1.00      0.00  migration/0
07:31:54 PM     0        23      1.00      0.00  migration/1
07:31:54 PM     0        24      1.00      0.00  ksoftirqd/1
07:31:54 PM     0        29      1.00      0.00  migration/2
07:31:54 PM     0        35      1.00      0.00  migration/3
07:31:54 PM     0        36      1.00      0.00  ksoftirqd/3
07:31:54 PM     0        41      1.00      0.00  migration/4
07:31:54 PM     0        47      1.00      0.00  migration/5
07:31:54 PM     0        48      1.00      0.00  ksoftirqd/5
07:31:54 PM     0        53      1.00      0.00  migration/6
07:31:54 PM     0        59      1.00      0.00  migration/7
07:31:54 PM     0        60      2.00      0.00  ksoftirqd/7
07:31:54 PM     0        65      1.00      0.00  migration/8
07:31:54 PM     0        71      1.00      0.00  migration/9
07:31:54 PM     0        77      2.00      0.00  migration/10
07:31:54 PM     0        78      2.00      0.00  ksoftirqd/10
07:31:54 PM     0        83      1.00      0.00  migration/11
07:31:54 PM     0        95      2.00      0.00  kcompactd0
07:31:54 PM     0       188      1.00      0.00  kworker/2:1H-kblockd
07:31:54 PM     0       453      1.00      0.00  multipathd
07:31:54 PM     0     84845      3.00      0.00  kworker/3:1-events
07:31:54 PM     0     87189      4.00      0.00  kworker/0:0-events
07:31:54 PM     0     88222      1.00      0.00  kworker/4:3-events
07:31:54 PM     0     88734      3.00      0.00  kworker/7:1-mm_percpu_wq
07:31:54 PM     0     88741      1.00      0.00  kworker/6:2-events
07:31:54 PM     0     88759     13.00      0.00  kworker/2:1-events
07:31:54 PM     0     89370      1.00      0.00  kworker/5:2-mm_percpu_wq
07:31:54 PM     0     98256      4.00      0.00  kworker/u24:2-events_unbound
07:31:54 PM     0    101778      2.00      0.00  kworker/1:0-events
07:31:54 PM     0    104636      1.00      0.00  kworker/8:0-mm_percpu_wq
07:31:54 PM     0    105068      1.00      0.00  iostat
07:31:54 PM     0    105069      1.00      1.00  pidstat
07:31:54 PM     0    105070      5.00      0.00  bash
07:31:54 PM     0    105071      7.00      0.00  bash
07:31:54 PM     0    105072      4.00      0.00  bash
07:31:54 PM     0    105074     99.00      0.00  fio
07:31:54 PM     0    105570      2.00      0.00  kworker/9:1-mm_percpu_wq
07:31:54 PM     0    105890      1.00      0.00  kworker/11:0-mm_percpu_wq
07:31:54 PM     0    106241   1001.00      0.00  kworker/10:2-mm_percpu_wq
07:31:54 PM     0    106401      1.00      0.00  sleep
07:31:54 PM     0    106403      1.00      0.00  sleep
07:31:54 PM     0    106406      1.00      0.00  sleep

07:31:54 PM   UID       PID   cswch/s nvcswch/s  Command
07:31:55 PM     0        17     19.00      0.00  rcu_preempt
07:31:55 PM     0        36      2.00      0.00  ksoftirqd/3
07:31:55 PM     0        78      1.00      0.00  ksoftirqd/10
07:31:55 PM     0        95      2.00      0.00  kcompactd0
07:31:55 PM     0       453      1.00      0.00  multipathd
07:31:55 PM     0     84845      6.00      0.00  kworker/3:1-events
07:31:55 PM     0     88741      1.00      0.00  kworker/6:2-mm_percpu_wq
07:31:55 PM     0     88759     12.00      0.00  kworker/2:1-events
07:31:55 PM     0     88840      1.00      0.00  kworker/u24:1-events_power_efficient
07:31:55 PM     0     89370      2.00      0.00  kworker/5:2-events
07:31:55 PM     0     98256      1.00      0.00  kworker/u24:2-events_unbound
07:31:55 PM     0    101778      4.00      0.00  kworker/1:0-events
07:31:55 PM     0    105068      1.00      0.00  iostat
07:31:55 PM     0    105069      1.00      0.00  pidstat
07:31:55 PM     0    105070      5.00      0.00  bash
07:31:55 PM     0    105071      8.00      0.00  bash
07:31:55 PM     0    105072      4.00      0.00  bash
07:31:55 PM     0    105074     99.00      0.00  fio
07:31:55 PM     0    105570      1.00      0.00  kworker/9:1-events
07:31:55 PM     0    106241      1.00      0.00  kworker/10:2-events
07:31:55 PM     0    106416      1.00      0.00  sleep
07:31:55 PM     0    106418      1.00      0.00  sleep
07:31:55 PM     0    106421      1.00      0.00  sleep

07:31:55 PM   UID       PID   cswch/s nvcswch/s  Command
07:31:56 PM     0        17     20.00      0.00  rcu_preempt
07:31:56 PM     0        36      2.00      0.00  ksoftirqd/3
07:31:56 PM     0        48      1.00      0.00  ksoftirqd/5
07:31:56 PM     0        95      2.00      0.00  kcompactd0
07:31:56 PM     0       453      1.00      0.00  multipathd
07:31:56 PM     0     84845      3.00      0.00  kworker/3:1-events
07:31:56 PM     0     87189      1.00      0.00  kworker/0:0-mm_percpu_wq
07:31:56 PM     0     88171      1.00      0.00  kworker/u24:55-events_power_efficient
07:31:56 PM     0     88222      1.00      0.00  kworker/4:3-events
07:31:56 PM     0     88734      1.00      0.00  kworker/7:1-mm_percpu_wq
07:31:56 PM     0     88759     12.00      0.00  kworker/2:1-events
07:31:56 PM     0     88840      1.00      0.00  kworker/u24:1-events_power_efficient
07:31:56 PM     0     98256      4.00      0.00  kworker/u24:2-edac-poller
07:31:56 PM     0    101778      3.00      0.00  kworker/1:0-events
07:31:56 PM     0    104636      1.00      0.00  kworker/8:0-mm_percpu_wq
07:31:56 PM     0    105068      1.00      0.00  iostat
07:31:56 PM     0    105069      1.00      1.00  pidstat
07:31:56 PM     0    105070      5.00      0.00  bash
07:31:56 PM     0    105071      7.00      0.00  bash
07:31:56 PM     0    105072      4.00      0.00  bash
07:31:56 PM     0    105074    100.00      0.00  fio
07:31:56 PM     0    105890      3.00      0.00  kworker/11:0-mm_percpu_wq
07:31:56 PM     0    106241      3.00      0.00  kworker/10:2-events
07:31:56 PM     0    106431      1.00      0.00  sleep
07:31:56 PM     0    106433      1.00      0.00  sleep
07:31:56 PM     0    106436      1.00      0.00  sleep

07:31:56 PM   UID       PID   cswch/s nvcswch/s  Command
07:31:57 PM     0         1      1.00      0.00  systemd
07:31:57 PM     0        16      1.00      0.00  ksoftirqd/0
07:31:57 PM     0        17     22.00      0.00  rcu_preempt
07:31:57 PM     0        24      2.00      0.00  ksoftirqd/1
07:31:57 PM     0        78      1.00      0.00  ksoftirqd/10
07:31:57 PM     0        95      1.00      0.00  kcompactd0
07:31:57 PM     0       359      3.00      0.00  jbd2/nvme1n1p2-8
07:31:57 PM     0       415      1.00      0.00  systemd-journal
07:31:57 PM     0       453      1.00      0.00  multipathd
07:31:57 PM     0       562      3.00      0.00  jbd2/nvme1n1p3-8
07:31:57 PM   101       608      1.00      0.00  systemd-network
07:31:57 PM     0     84845      6.00      0.00  kworker/3:1-events
07:31:57 PM     0     88171      1.00      0.00  kworker/u24:55-events_power_efficient
07:31:57 PM     0     88741      1.00      0.00  kworker/6:2-mm_percpu_wq
07:31:57 PM     0     88759     12.00      0.00  kworker/2:1-events
07:31:57 PM     0     89370      1.00      0.00  kworker/5:2-mm_percpu_wq
07:31:57 PM     0     98256      2.00      0.00  kworker/u24:2-writeback
07:31:57 PM     0    101778      6.00      0.00  kworker/1:0-events
07:31:57 PM     0    105068      1.00      0.00  iostat
07:31:57 PM     0    105069      1.00      0.00  pidstat
07:31:57 PM     0    105070      5.00      0.00  bash
07:31:57 PM     0    105071      6.00      0.00  bash
07:31:57 PM     0    105072      4.00      0.00  bash
07:31:57 PM     0    105074     99.00      0.00  fio
07:31:57 PM     0    105890      1.00      0.00  kworker/11:0-events
07:31:57 PM     0    106241      3.00      0.00  kworker/10:2-events
07:31:57 PM     0    106446      1.00      0.00  sleep
07:31:57 PM     0    106448      1.00      0.00  sleep
07:31:57 PM     0    106451      1.00      0.00  sleep

07:31:57 PM   UID       PID   cswch/s nvcswch/s  Command
07:31:58 PM     0        17     19.00      0.00  rcu_preempt
07:31:58 PM     0        18      1.00      0.00  migration/0
07:31:58 PM     0        23      1.00      0.00  migration/1
07:31:58 PM     0        24      1.00      0.00  ksoftirqd/1
07:31:58 PM     0        29      1.00      0.00  migration/2
07:31:58 PM     0        35      1.00      0.00  migration/3
07:31:58 PM     0        41      1.00      0.00  migration/4
07:31:58 PM     0        42      1.00      0.00  ksoftirqd/4
07:31:58 PM     0        47      1.00      0.00  migration/5
07:31:58 PM     0        53      1.00      0.00  migration/6
07:31:58 PM     0        59      1.00      0.00  migration/7
07:31:58 PM     0        65      1.00      0.00  migration/8
07:31:58 PM     0        71      1.00      0.00  migration/9
07:31:58 PM     0        77      1.00      0.00  migration/10
07:31:58 PM     0        83      1.00      0.00  migration/11
07:31:58 PM     0        84      1.00      0.00  ksoftirqd/11
07:31:58 PM     0        95      2.00      0.00  kcompactd0
07:31:58 PM     0       189      1.00      0.00  kworker/4:1H-kblockd
07:31:58 PM     0       453      1.00      0.00  multipathd
07:31:58 PM     0     84845      1.00      0.00  kworker/3:1-events
07:31:58 PM     0     87189      1.00      0.00  kworker/0:0-events
07:31:58 PM     0     88171      2.00      0.00  kworker/u24:55-edac-poller
07:31:58 PM     0     88222      6.00      0.00  kworker/4:3-mm_percpu_wq
07:31:58 PM     0     88741      4.00      0.00  kworker/6:2-mm_percpu_wq
07:31:58 PM     0     88759     15.00      0.00  kworker/2:1-events
07:31:58 PM     0     98256      1.00      0.00  kworker/u24:2-events_power_efficient
07:31:58 PM     0    101778      2.00      0.00  kworker/1:0-events
07:31:58 PM     0    104636      3.00      0.00  kworker/8:0-mm_percpu_wq
07:31:58 PM     0    105068      1.00      1.00  iostat
07:31:58 PM     0    105069      1.00      0.00  pidstat
07:31:58 PM     0    105070      5.00      0.00  bash
07:31:58 PM     0    105071      7.00      0.00  bash
07:31:58 PM     0    105072      4.00      0.00  bash
07:31:58 PM     0    105074     99.00      0.00  fio
07:31:58 PM     0    105570      1.00      0.00  kworker/9:1-mm_percpu_wq
07:31:58 PM     0    105890      1.00      0.00  kworker/11:0-events
07:31:58 PM     0    106241      1.00      0.00  kworker/10:2-events
07:31:58 PM     0    106462      1.00      0.00  sleep
07:31:58 PM     0    106464      1.00      0.00  sleep
07:31:58 PM     0    106467      1.00      0.00  sleep

07:31:58 PM   UID       PID   cswch/s nvcswch/s  Command
07:31:59 PM     0        17     22.00      0.00  rcu_preempt
07:31:59 PM     0        24      2.00      0.00  ksoftirqd/1
07:31:59 PM     0        29      1.00      0.00  migration/2
07:31:59 PM     0        48      1.00      0.00  ksoftirqd/5
07:31:59 PM     0        54      2.00      0.00  ksoftirqd/6
07:31:59 PM     0        72      1.00      0.00  ksoftirqd/9
07:31:59 PM     0        84      1.00      0.00  ksoftirqd/11
07:31:59 PM     0        95      2.00      0.00  kcompactd0
07:31:59 PM     0       453      1.00      0.00  multipathd
07:31:59 PM     0     84845      4.00      0.00  kworker/3:1-events
07:31:59 PM     0     87189      1.00      0.00  kworker/0:0-events
07:31:59 PM     0     88171      2.00      0.00  kworker/u24:55-events_unbound
07:31:59 PM     0     88734      1.00      0.00  kworker/7:1-events
07:31:59 PM     0     88759     11.00      0.00  kworker/2:1-events
07:31:59 PM     0     89370      3.00      0.00  kworker/5:2-events
07:31:59 PM     0    101778      4.00      0.00  kworker/1:0-events
07:31:59 PM     0    105068      1.00      0.00  iostat
07:31:59 PM     0    105069      1.00      0.00  pidstat
07:31:59 PM     0    105070      5.00      0.00  bash
07:31:59 PM     0    105071      7.00      0.00  bash
07:31:59 PM     0    105072      4.00      0.00  bash
07:31:59 PM     0    105074    100.00      0.00  fio
07:31:59 PM     0    105570      2.00      0.00  kworker/9:1-events
07:31:59 PM     0    105890      4.00      0.00  kworker/11:0-events
07:31:59 PM     0    106477      1.00      2.00  sleep
07:31:59 PM     0    106479      1.00      0.00  sleep
07:31:59 PM     0    106482      1.00      0.00  sleep

07:31:59 PM   UID       PID   cswch/s nvcswch/s  Command
07:32:00 PM     0        17     16.00      0.00  rcu_preempt
07:32:00 PM     0        24      1.00      0.00  ksoftirqd/1
07:32:00 PM     0        42      1.00      0.00  ksoftirqd/4
07:32:00 PM     0        95      2.00      0.00  kcompactd0
07:32:00 PM     0       188      1.00      0.00  kworker/2:1H-kblockd
07:32:00 PM     0       453      1.00      0.00  multipathd
07:32:00 PM     0     87189      2.00      0.00  kworker/0:0-mm_percpu_wq
07:32:00 PM     0     88171      1.00      0.00  kworker/u24:55-edac-poller
07:32:00 PM     0     88222      3.00      0.00  kworker/4:3-mm_percpu_wq
07:32:00 PM     0     88741      1.00      0.00  kworker/6:2-mm_percpu_wq
07:32:00 PM     0     88759     13.00      0.00  kworker/2:1-events
07:32:00 PM     0     89370      1.00      0.00  kworker/5:2-events
07:32:00 PM     0    101778      3.00      0.00  kworker/1:0-events
07:32:00 PM     0    104636      1.00      0.00  kworker/8:0-mm_percpu_wq
07:32:00 PM     0    105068      1.00      0.00  iostat
07:32:00 PM     0    105069      1.00      0.00  pidstat
07:32:00 PM     0    105070      5.00      0.00  bash
07:32:00 PM     0    105071      8.00      0.00  bash
07:32:00 PM     0    105072      4.00      0.00  bash
07:32:00 PM     0    105074     99.00      0.00  fio
07:32:00 PM     0    105570      3.00      0.00  kworker/9:1-events
07:32:00 PM     0    105890      1.00      0.00  kworker/11:0-events
07:32:00 PM     0    106492      1.00      0.00  sleep
07:32:00 PM     0    106494      1.00      0.00  sleep
07:32:00 PM     0    106497      1.00      0.00  sleep

07:32:00 PM   UID       PID   cswch/s nvcswch/s  Command
07:32:01 PM     0        17     12.00      0.00  rcu_preempt
07:32:01 PM     0        24      1.00      0.00  ksoftirqd/1
07:32:01 PM     0        35      1.00      0.00  migration/3
07:32:01 PM     0        36      1.00      0.00  ksoftirqd/3
07:32:01 PM     0        42      2.00      0.00  ksoftirqd/4
07:32:01 PM     0        48      1.00      0.00  ksoftirqd/5
07:32:01 PM     0        95      2.00      0.00  kcompactd0
07:32:01 PM     0       187      1.00      0.00  kworker/0:1H-kblockd
07:32:01 PM     0       453      1.00      0.00  multipathd
07:32:01 PM     0     84845      4.00      0.00  kworker/3:1-events
07:32:01 PM     0     88171      6.00      0.00  kworker/u24:55-events_unbound
07:32:01 PM     0     88222      4.00      0.00  kworker/4:3-events
07:32:01 PM     0     88759     11.00      0.00  kworker/2:1-events
07:32:01 PM     0     89370      1.00      0.00  kworker/5:2-mm_percpu_wq
07:32:01 PM     0    101778      3.00      0.00  kworker/1:0-events
07:32:01 PM     0    105068      1.00      0.00  iostat
07:32:01 PM     0    105069      1.00      0.00  pidstat
07:32:01 PM     0    105070      5.00      0.00  bash
07:32:01 PM     0    105071      7.00      0.00  bash
07:32:01 PM     0    105072      4.00      0.00  bash
07:32:01 PM     0    105074     99.00      0.00  fio
07:32:01 PM     0    105570      1.00      0.00  kworker/9:1-events
07:32:01 PM     0    106507      1.00      0.00  sleep
07:32:01 PM     0    106509      1.00      0.00  sleep
07:32:01 PM     0    106512      1.00      0.00  sleep

07:32:01 PM   UID       PID   cswch/s nvcswch/s  Command
07:32:02 PM     0        17     10.00      0.00  rcu_preempt
07:32:02 PM     0        18      1.00      0.00  migration/0
07:32:02 PM     0        23      1.00      0.00  migration/1
07:32:02 PM     0        24      2.00      0.00  ksoftirqd/1
07:32:02 PM     0        29      3.00      0.00  migration/2
07:32:02 PM     0        35      1.00      0.00  migration/3
07:32:02 PM     0        41      1.00      0.00  migration/4
07:32:02 PM     0        47      1.00      0.00  migration/5
07:32:02 PM     0        53      1.00      0.00  migration/6
07:32:02 PM     0        59      1.00      0.00  migration/7
07:32:02 PM     0        65      1.00      0.00  migration/8
07:32:02 PM     0        71      1.00      0.00  migration/9
07:32:02 PM     0        77      1.00      0.00  migration/10
07:32:02 PM     0        78      2.00      0.00  ksoftirqd/10
07:32:02 PM     0        83      1.00      0.00  migration/11
07:32:02 PM     0        95      2.00      0.00  kcompactd0
07:32:02 PM     0       453      1.00      0.00  multipathd
07:32:02 PM     0       562      3.00      0.00  jbd2/nvme1n1p3-8
07:32:02 PM     0       769      1.00      0.00  cron
07:32:02 PM     0     84845      1.00      0.00  kworker/3:1-mm_percpu_wq
07:32:02 PM     0     87189      2.00      0.00  kworker/0:0-events
07:32:02 PM     0     88171      4.00      0.00  kworker/u24:55-flush-259:1
07:32:02 PM     0     88222      4.00      0.00  kworker/4:3-mm_percpu_wq
07:32:02 PM     0     88734      1.00      0.00  kworker/7:1-mm_percpu_wq
07:32:02 PM     0     88741      1.00      0.00  kworker/6:2-mm_percpu_wq
07:32:02 PM     0     88759     14.00      0.00  kworker/2:1-events
07:32:02 PM     0     98256      1.00      0.00  kworker/u24:2-events_power_efficient
07:32:02 PM     0    101778      2.00      0.00  kworker/1:0-events
07:32:02 PM     0    104636      1.00      0.00  kworker/8:0-mm_percpu_wq
07:32:02 PM     0    105068      1.00      0.00  iostat
07:32:02 PM     0    105069      1.00      0.00  pidstat
07:32:02 PM     0    105070      5.00      0.00  bash
07:32:02 PM     0    105071      5.00      1.00  bash
07:32:02 PM     0    105072      4.00      0.00  bash
07:32:02 PM     0    105074    100.00      0.00  fio
07:32:02 PM     0    105570      1.00      0.00  kworker/9:1-mm_percpu_wq
07:32:02 PM     0    105890      1.00      0.00  kworker/11:0-mm_percpu_wq
07:32:02 PM     0    106241      3.00      0.00  kworker/10:2-events
07:32:02 PM     0    106524      1.00      0.00  sleep
07:32:02 PM     0    106525      1.00      0.00  sleep
07:32:02 PM     0    106527      1.00      0.00  sleep

07:32:02 PM   UID       PID   cswch/s nvcswch/s  Command
07:32:03 PM     0        16      1.00      0.00  ksoftirqd/0
07:32:03 PM     0        17     12.00      0.00  rcu_preempt
07:32:03 PM     0        35      1.00      0.00  migration/3
07:32:03 PM     0        65      1.00      0.00  migration/8
07:32:03 PM     0        72      1.00      0.00  ksoftirqd/9
07:32:03 PM     0        78      2.00      0.00  ksoftirqd/10
07:32:03 PM     0        95      2.00      0.00  kcompactd0
07:32:03 PM     0       453      1.00      0.00  multipathd
07:32:03 PM     0     21554      1.00      0.00  packagekitd
07:32:03 PM     0     84845      3.00      0.00  kworker/3:1-mm_percpu_wq
07:32:03 PM     0     87189      1.00      0.00  kworker/0:0-mm_percpu_wq
07:32:03 PM     0     88171      2.00      0.00  kworker/u24:55-events_unbound
07:32:03 PM     0     88222      1.00      0.00  kworker/4:3-events
07:32:03 PM     0     88734      2.00      0.00  kworker/7:1-xfs-sync/nvme0n1p2
07:32:03 PM     0     88759     13.00      0.00  kworker/2:1-events
07:32:03 PM     0     89370      1.00      0.00  kworker/5:2-mm_percpu_wq
07:32:03 PM     0    101778      2.00      0.00  kworker/1:0-events
07:32:03 PM     0    104636      3.00      0.00  kworker/8:0-events
07:32:03 PM     0    105068      1.00      0.00  iostat
07:32:03 PM     0    105069      1.00      0.00  pidstat
07:32:03 PM     0    105070      5.00      0.00  bash
07:32:03 PM     0    105071      8.00      0.00  bash
07:32:03 PM     0    105072      4.00      0.00  bash
07:32:03 PM     0    105074     99.00      0.00  fio
07:32:03 PM     0    105570      2.00      0.00  kworker/9:1-events
07:32:03 PM     0    105890      1.00      0.00  kworker/11:0-mm_percpu_wq
07:32:03 PM     0    106241      3.00      0.00  kworker/10:2-events
07:32:03 PM     0    106532      1.00      0.00  sleep
07:32:03 PM     0    106540      1.00      0.00  sleep
07:32:03 PM     0    106542      1.00      0.00  sleep

07:32:03 PM   UID       PID   cswch/s nvcswch/s  Command
07:32:04 PM     0        17     13.00      0.00  rcu_preempt
07:32:04 PM     0        29      1.00      0.00  migration/2
07:32:04 PM     0        72      1.00      0.00  ksoftirqd/9
07:32:04 PM     0        95      2.00      0.00  kcompactd0
07:32:04 PM     0       453      1.00      0.00  multipathd
07:32:04 PM     0     84845      2.00      0.00  kworker/3:1-events
07:32:04 PM     0     87189      2.00      0.00  kworker/0:0-events
07:32:04 PM     0     88171      1.00      0.00  kworker/u24:55-events_power_efficient
07:32:04 PM     0     88222      3.00      0.00  kworker/4:3-events
07:32:04 PM     0     88734      1.00      0.00  kworker/7:1-mm_percpu_wq
07:32:04 PM     0     88741      1.00      0.00  kworker/6:2-mm_percpu_wq
07:32:04 PM     0     88759     12.00      0.00  kworker/2:1-events
07:32:04 PM     0     98256      2.00      0.00  kworker/u24:2-edac-poller
07:32:04 PM     0    105068      1.00      0.00  iostat
07:32:04 PM     0    105069      1.00      0.00  pidstat
07:32:04 PM     0    105070      5.00      0.00  bash
07:32:04 PM     0    105071      7.00      0.00  bash
07:32:04 PM     0    105072      4.00      0.00  bash
07:32:04 PM     0    105074    100.00      0.00  fio
07:32:04 PM     0    105570      2.00      0.00  kworker/9:1-events
07:32:04 PM     0    106241      4.00      0.00  kworker/10:2-events
07:32:04 PM     0    106545      1.00      0.00  sleep
07:32:04 PM     0    106556      1.00      0.00  sleep
07:32:04 PM     0    106557      1.00      0.00  sleep

07:32:04 PM   UID       PID   cswch/s nvcswch/s  Command
07:32:05 PM     0        17     16.00      0.00  rcu_preempt
07:32:05 PM     0        24      1.00      0.00  ksoftirqd/1
07:32:05 PM     0        29      1.00      0.00  migration/2
07:32:05 PM     0        47      1.00      0.00  migration/5
07:32:05 PM     0        72      2.00      0.00  ksoftirqd/9
07:32:05 PM     0        95      2.00      0.00  kcompactd0
07:32:05 PM     0       453      1.00      0.00  multipathd
07:32:05 PM     0     84845      2.00      0.00  kworker/3:1-mm_percpu_wq
07:32:05 PM     0     87189      1.00      0.00  kworker/0:0-events
07:32:05 PM     0     88222      1.00      0.00  kworker/4:3-events
07:32:05 PM     0     88741      1.00      0.00  kworker/6:2-events
07:32:05 PM     0     88759     14.00      0.00  kworker/2:1-events
07:32:05 PM     0     89370      1.00      0.00  kworker/5:2-mm_percpu_wq
07:32:05 PM     0     98256      1.00      0.00  kworker/u24:2-edac-poller
07:32:05 PM     0    101778      3.00      0.00  kworker/1:0-mm_percpu_wq
07:32:05 PM     0    104636      1.00      0.00  kworker/8:0-mm_percpu_wq
07:32:05 PM     0    105068      1.00      0.00  iostat
07:32:05 PM     0    105069      1.00      0.00  pidstat
07:32:05 PM     0    105070      5.00      0.00  bash
07:32:05 PM     0    105071      7.00      0.00  bash
07:32:05 PM     0    105072      4.00      0.00  bash
07:32:05 PM     0    105074     99.00      0.00  fio
07:32:05 PM     0    105570      4.00      0.00  kworker/9:1-events
07:32:05 PM     0    106241      1.00      0.00  kworker/10:2-events
07:32:05 PM     0    106560      1.00      0.00  sleep
07:32:05 PM     0    106571      1.00      0.00  sleep
07:32:05 PM     0    106572      1.00      0.00  sleep

07:32:05 PM   UID       PID   cswch/s nvcswch/s  Command
07:32:06 PM     0        16      1.00      0.00  ksoftirqd/0
07:32:06 PM     0        17     18.00      0.00  rcu_preempt
07:32:06 PM     0        18      1.00      0.00  migration/0
07:32:06 PM     0        23      1.00      0.00  migration/1
07:32:06 PM     0        24      1.00      0.00  ksoftirqd/1
07:32:06 PM     0        29      1.00      0.00  migration/2
07:32:06 PM     0        35      1.00      0.00  migration/3
07:32:06 PM     0        36      3.00      0.00  ksoftirqd/3
07:32:06 PM     0        41      1.00      0.00  migration/4
07:32:06 PM     0        47      1.00      0.00  migration/5
07:32:06 PM     0        53      1.00      0.00  migration/6
07:32:06 PM     0        59      1.00      0.00  migration/7
07:32:06 PM     0        65      1.00      0.00  migration/8
07:32:06 PM     0        71      2.00      0.00  migration/9
07:32:06 PM     0        77      2.00      0.00  migration/10
07:32:06 PM     0        83      1.00      0.00  migration/11
07:32:06 PM     0        95      2.00      0.00  kcompactd0
07:32:06 PM     0       102      1.00      0.00  irq/9-acpi
07:32:06 PM     0       188      1.00      0.00  kworker/2:1H-kblockd
07:32:06 PM     0       453      1.00      0.00  multipathd
07:32:06 PM     0     84845      4.00      0.00  kworker/3:1-events
07:32:06 PM     0     87189      4.00      0.00  kworker/0:0-kacpi_notify
07:32:06 PM     0     88222      1.00      0.00  kworker/4:3-mm_percpu_wq
07:32:06 PM     0     88669      1.00      0.00  kworker/11:1-i915-unordered
07:32:06 PM     0     88734      1.00      0.00  kworker/7:1-mm_percpu_wq
07:32:06 PM     0     88741      1.00      0.00  kworker/6:2-mm_percpu_wq
07:32:06 PM     0     88759     14.00      0.00  kworker/2:1-events
07:32:06 PM     0     89370      1.00      0.00  kworker/5:2-events
07:32:06 PM     0     98256      2.00      0.00  kworker/u24:2-edac-poller
07:32:06 PM     0    105068      1.00      0.00  iostat
07:32:06 PM     0    105069      1.00      0.00  pidstat
07:32:06 PM     0    105070      5.00      0.00  bash
07:32:06 PM     0    105071      6.00      0.00  bash
07:32:06 PM     0    105072      4.00      0.00  bash
07:32:06 PM     0    105074     99.00      0.00  fio
07:32:06 PM     0    105570      1.00      0.00  kworker/9:1-mm_percpu_wq
07:32:06 PM     0    105890      8.00      0.00  kworker/11:0-pm
07:32:06 PM     0    106241      3.00      0.00  kworker/10:2-events
07:32:06 PM     0    106575      1.00      0.00  sleep
07:32:06 PM     0    106585      1.00      1.00  sleep
07:32:06 PM     0    106587      1.00      0.00  sleep

07:32:06 PM   UID       PID   cswch/s nvcswch/s  Command
07:32:07 PM     0        16      1.00      0.00  ksoftirqd/0
07:32:07 PM     0        17     16.00      0.00  rcu_preempt
07:32:07 PM     0        23      1.00      0.00  migration/1
07:32:07 PM     0        36      1.00      0.00  ksoftirqd/3
07:32:07 PM     0        48      1.00      0.00  ksoftirqd/5
07:32:07 PM     0        78      1.00      0.00  ksoftirqd/10
07:32:07 PM     0        95      2.00      0.00  kcompactd0
07:32:07 PM     0       187      1.00      0.00  kworker/0:1H-kblockd
07:32:07 PM     0       453      1.00      0.00  multipathd
07:32:07 PM     0       562      3.00      0.00  jbd2/nvme1n1p3-8
07:32:07 PM     0     84845      4.00      0.00  kworker/3:1-mm_percpu_wq
07:32:07 PM     0     87189      1.00      0.00  kworker/0:0-mm_percpu_wq
07:32:07 PM     0     88222      1.00      0.00  kworker/4:3-mm_percpu_wq
07:32:07 PM     0     88741      1.00      0.00  kworker/6:2-events
07:32:07 PM     0     88759     12.00      0.00  kworker/2:1-events
07:32:07 PM     0     89370      1.00      0.00  kworker/5:2-mm_percpu_wq
07:32:07 PM     0     98256      5.00      0.00  kworker/u24:2-flush-259:1
07:32:07 PM     0    101778      1.00      0.00  kworker/1:0-mm_percpu_wq
07:32:07 PM     0    104636      1.00      0.00  kworker/8:0-mm_percpu_wq
07:32:07 PM     0    105068      1.00      0.00  iostat
07:32:07 PM     0    105069      1.00      0.00  pidstat
07:32:07 PM     0    105070      5.00      0.00  bash
07:32:07 PM     0    105071      7.00      0.00  bash
07:32:07 PM     0    105072      4.00      0.00  bash
07:32:07 PM     0    105074    100.00      0.00  fio
07:32:07 PM     0    105570      2.00      0.00  kworker/9:1-events
07:32:07 PM     0    105890      1.00      0.00  kworker/11:0-mm_percpu_wq
07:32:07 PM     0    106241      3.00      0.00  kworker/10:2-events
07:32:07 PM     0    106590      1.00      0.00  sleep
07:32:07 PM     0    106601      1.00      0.00  sleep
07:32:07 PM     0    106602      1.00      0.00  sleep

07:32:07 PM   UID       PID   cswch/s nvcswch/s  Command
07:32:08 PM     0        17     21.00      0.00  rcu_preempt
07:32:08 PM     0        24      1.00      0.00  ksoftirqd/1
07:32:08 PM     0        29      1.00      0.00  migration/2
07:32:08 PM     0        53      1.00      0.00  migration/6
07:32:08 PM     0        54      1.00      0.00  ksoftirqd/6
07:32:08 PM     0        95      2.00      0.00  kcompactd0
07:32:08 PM     0       453      1.00      0.00  multipathd
07:32:08 PM     0     84845      2.00      0.00  kworker/3:1-events
07:32:08 PM     0     88222      3.00      0.00  kworker/4:3-events
07:32:08 PM     0     88734      1.00      0.00  kworker/7:1-mm_percpu_wq
07:32:08 PM     0     88741      3.00      0.00  kworker/6:2-events
07:32:08 PM     0     88759     13.00      0.00  kworker/2:1-events
07:32:08 PM     0     98256      2.00      0.00  kworker/u24:2-edac-poller
07:32:08 PM     0    101778      1.00      0.00  kworker/1:0-events
07:32:08 PM     0    105068      1.00      0.00  iostat
07:32:08 PM     0    105069      1.00      0.00  pidstat
07:32:08 PM     0    105070      5.00      0.00  bash
07:32:08 PM     0    105071      6.00      0.00  bash
07:32:08 PM     0    105072      4.00      0.00  bash
07:32:08 PM     0    105074     99.00      0.00  fio
07:32:08 PM     0    105570      1.00      0.00  kworker/9:1-mm_percpu_wq
07:32:08 PM     0    106241      2.00      0.00  kworker/10:2-events
07:32:08 PM     0    106605      1.00      0.00  sleep
07:32:08 PM     0    106615      1.00      1.00  sleep
07:32:08 PM     0    106617      1.00      0.00  sleep

07:32:08 PM   UID       PID   cswch/s nvcswch/s  Command
07:32:09 PM     0        17     20.00      0.00  rcu_preempt
07:32:09 PM     0        24      1.00      0.00  ksoftirqd/1
07:32:09 PM     0        29      1.00      0.00  migration/2
07:32:09 PM     0        36      1.00      0.00  ksoftirqd/3
07:32:09 PM     0        72      1.00      0.00  ksoftirqd/9
07:32:09 PM     0        95      2.00      0.00  kcompactd0
07:32:09 PM     0       453      1.00      0.00  multipathd
07:32:09 PM   101       608      2.00      0.00  systemd-network
07:32:09 PM     0     84845      2.00      0.00  kworker/3:1-mm_percpu_wq
07:32:09 PM     0     87189      1.00      0.00  kworker/0:0-events
07:32:09 PM     0     88222      2.00      0.00  kworker/4:3-events
07:32:09 PM     0     88734      1.00      0.00  kworker/7:1-mm_percpu_wq
07:32:09 PM     0     88741      1.00      0.00  kworker/6:2-events
07:32:09 PM     0     88759     12.00      0.00  kworker/2:1-events
07:32:09 PM     0     89370      1.00      0.00  kworker/5:2-mm_percpu_wq
07:32:09 PM     0     98256      1.00      0.00  kworker/u24:2-edac-poller
07:32:09 PM     0    101778      6.00      0.00  kworker/1:0-mm_percpu_wq
07:32:09 PM     0    104636      2.00      0.00  kworker/8:0-mm_percpu_wq
07:32:09 PM     0    105068      1.00      0.00  iostat
07:32:09 PM     0    105069      1.00      1.00  pidstat
07:32:09 PM     0    105070      5.00      0.00  bash
07:32:09 PM     0    105071      7.00      0.00  bash
07:32:09 PM     0    105072      4.00      0.00  bash
07:32:09 PM     0    105074     99.00      0.00  fio
07:32:09 PM     0    105570      2.00      0.00  kworker/9:1-events
07:32:09 PM     0    105890      1.00      0.00  kworker/11:0-mm_percpu_wq
07:32:09 PM     0    106620      1.00      0.00  sleep
07:32:09 PM     0    106631      1.00      0.00  sleep
07:32:09 PM     0    106632      1.00      0.00  sleep

07:32:09 PM   UID       PID   cswch/s nvcswch/s  Command
07:32:10 PM     0        17     28.00      0.00  rcu_preempt
07:32:10 PM     0        18      1.00      0.00  migration/0
07:32:10 PM     0        23      1.00      0.00  migration/1
07:32:10 PM     0        29      2.00      0.00  migration/2
07:32:10 PM     0        35      1.00      0.00  migration/3
07:32:10 PM     0        41      1.00      0.00  migration/4
07:32:10 PM     0        47      1.00      0.00  migration/5
07:32:10 PM     0        48      1.00      0.00  ksoftirqd/5
07:32:10 PM     0        53      1.00      0.00  migration/6
07:32:10 PM     0        54      1.00      0.00  ksoftirqd/6
07:32:10 PM     0        59      1.00      0.00  migration/7
07:32:10 PM     0        60      1.00      0.00  ksoftirqd/7
07:32:10 PM     0        65      1.00      0.00  migration/8
07:32:10 PM     0        71      1.00      0.00  migration/9
07:32:10 PM     0        77      1.00      0.00  migration/10
07:32:10 PM     0        83      1.00      0.00  migration/11
07:32:10 PM     0        95      2.00      0.00  kcompactd0
07:32:10 PM     0       453      1.00      0.00  multipathd
07:32:10 PM     0       773      2.00      0.00  sshd
07:32:10 PM     0     84845      2.00      0.00  kworker/3:1-events
07:32:10 PM     0     88171      2.00      0.00  kworker/u24:55-events_unbound
07:32:10 PM     0     88222      4.00      0.00  kworker/4:3-events
07:32:10 PM     0     88734      1.00      0.00  kworker/7:1-events
07:32:10 PM     0     88741      2.00      0.00  kworker/6:2-events
07:32:10 PM     0     88759     14.00      0.00  kworker/2:1-events
07:32:10 PM     0     89370      1.00      0.00  kworker/5:2-events
07:32:10 PM     0     98256      2.00      0.00  kworker/u24:2-events_power_efficient
07:32:10 PM     0    101778      1.00      0.00  kworker/1:0-events
07:32:10 PM     0    105068      1.00      0.00  iostat
07:32:10 PM     0    105069      1.00      0.00  pidstat
07:32:10 PM     0    105070      5.00      0.00  bash
07:32:10 PM     0    105071      6.00      0.00  bash
07:32:10 PM     0    105072      4.00      0.00  bash
07:32:10 PM     0    105074    100.00      0.00  fio
07:32:10 PM     0    105570      1.00      0.00  kworker/9:1-mm_percpu_wq
07:32:10 PM     0    105890      2.00      0.00  kworker/11:0-events
07:32:10 PM     0    106241      1.00      0.00  kworker/10:2-mm_percpu_wq
07:32:10 PM     0    106635      1.00      0.00  sleep
07:32:10 PM     0    106645      1.00      0.00  sleep
07:32:10 PM     0    106647      1.00      0.00  sleep
07:32:10 PM     0    106648      2.00      0.00  sshd
07:32:10 PM   113    106649      1.00      0.00  sshd

07:32:10 PM   UID       PID   cswch/s nvcswch/s  Command
07:32:11 PM     0         1      3.00      0.00  systemd
07:32:11 PM     0        16      1.00      0.00  ksoftirqd/0
07:32:11 PM     0        17     34.00      0.00  rcu_preempt
07:32:11 PM     0        23      1.00      0.00  migration/1
07:32:11 PM     0        24      1.00      0.00  ksoftirqd/1
07:32:11 PM     0        48      1.00      0.00  ksoftirqd/5
07:32:11 PM     0        54      1.00      0.00  ksoftirqd/6
07:32:11 PM     0        84      1.00      0.00  ksoftirqd/11
07:32:11 PM     0        95      2.00      0.00  kcompactd0
07:32:11 PM     0       359      3.00      0.00  jbd2/nvme1n1p2-8
07:32:11 PM     0       415      5.00      0.00  systemd-journal
07:32:11 PM     0       453      1.00      0.00  multipathd
07:32:11 PM     0       773      1.00      0.00  sshd
07:32:11 PM     0     84845      5.00      0.00  kworker/3:1-events
07:32:11 PM     0     87189      3.00      0.00  kworker/0:0-mm_percpu_wq
07:32:11 PM     0     88171      3.00      0.00  kworker/u24:55-edac-poller
07:32:11 PM     0     88222      1.00      0.00  kworker/4:3-events
07:32:11 PM     0     88734      1.00      0.00  kworker/7:1-mm_percpu_wq
07:32:11 PM     0     88741      1.00      0.00  kworker/6:2-events
07:32:11 PM     0     88759     10.00      0.00  kworker/2:1-events
07:32:11 PM     0     89370      1.00      0.00  kworker/5:2-mm_percpu_wq
07:32:11 PM     0    101778      3.00      0.00  kworker/1:0-mm_percpu_wq
07:32:11 PM     0    104636      1.00      0.00  kworker/8:0-mm_percpu_wq
07:32:11 PM     0    105068      1.00      0.00  iostat
07:32:11 PM     0    105069      1.00      0.00  pidstat
07:32:11 PM     0    105070      5.00      0.00  bash
07:32:11 PM     0    105071      7.00      0.00  bash
07:32:11 PM     0    105072      4.00      0.00  bash
07:32:11 PM     0    105074     99.00      0.00  fio
07:32:11 PM     0    105890      1.00      0.00  kworker/11:0-events
07:32:11 PM     0    106241      2.00      0.00  kworker/10:2-mm_percpu_wq
07:32:11 PM     0    106652      1.00      0.00  sleep
07:32:11 PM     0    106662      1.00      1.00  sleep
07:32:11 PM     0    106664      1.00      0.00  sleep

07:32:11 PM   UID       PID   cswch/s nvcswch/s  Command
07:32:12 PM     0        17     20.00      0.00  rcu_preempt
07:32:12 PM     0        24      1.00      0.00  ksoftirqd/1
07:32:12 PM     0        29      1.00      0.00  migration/2
07:32:12 PM     0        36      1.00      0.00  ksoftirqd/3
07:32:12 PM     0        54      1.00      0.00  ksoftirqd/6
07:32:12 PM     0        95      2.00      0.00  kcompactd0
07:32:12 PM     0       453      1.00      0.00  multipathd
07:32:12 PM     0       562      3.00      0.00  jbd2/nvme1n1p3-8
07:32:12 PM     0     84845      1.00      0.00  kworker/3:1-events
07:32:12 PM     0     87189      4.00      0.00  kworker/0:0-events
07:32:12 PM     0     88171      2.00      0.00  kworker/u24:55-events_power_efficient
07:32:12 PM     0     88222      5.00      0.00  kworker/4:3-mm_percpu_wq
07:32:12 PM     0     88734      2.00      0.00  kworker/7:1-events
07:32:12 PM     0     88741      1.00      0.00  kworker/6:2-mm_percpu_wq
07:32:12 PM     0     88759     14.00      0.00  kworker/2:1-events
07:32:12 PM     0     98256      4.00      0.00  kworker/u24:2-events_unbound
07:32:12 PM     0    104636      1.00      0.00  kworker/8:0-mm_percpu_wq
07:32:12 PM     0    105068      1.00      0.00  iostat
07:32:12 PM     0    105069      1.00      1.00  pidstat
07:32:12 PM     0    105070      5.00      0.00  bash
07:32:12 PM     0    105071      7.00      0.00  bash
07:32:12 PM     0    105072      4.00      0.00  bash
07:32:12 PM     0    105074    100.00      0.00  fio
07:32:12 PM     0    105570      2.00      0.00  kworker/9:1-events
07:32:12 PM     0    105890      3.00      0.00  kworker/11:0-events
07:32:12 PM     0    106241      2.00      0.00  kworker/10:2-mm_percpu_wq
07:32:12 PM     0    106667      1.00      0.00  sleep
07:32:12 PM     0    106678      1.00      0.00  sleep
07:32:12 PM     0    106679      1.00      0.00  sleep

07:32:12 PM   UID       PID   cswch/s nvcswch/s  Command
07:32:13 PM     0        17     21.00      0.00  rcu_preempt
07:32:13 PM     0        29      1.00      0.00  migration/2
07:32:13 PM     0        36      1.00      0.00  ksoftirqd/3
07:32:13 PM     0        95      2.00      0.00  kcompactd0
07:32:13 PM     0       176      3.00      0.00  kworker/11:1H-kblockd
07:32:13 PM     0       188      1.00      0.00  kworker/2:1H-kblockd
07:32:13 PM     0       193      2.00      0.00  kworker/9:1H-kblockd
07:32:13 PM     0       453      1.00      0.00  multipathd
07:32:13 PM     0     21554      1.00      0.00  packagekitd
07:32:13 PM     0     84845      6.00      0.00  kworker/3:1-events
07:32:13 PM     0     87189      2.00      0.00  kworker/0:0-events
07:32:13 PM     0     88171      5.00      0.00  kworker/u24:55-writeback
07:32:13 PM     0     88222      1.00      0.00  kworker/4:3-events
07:32:13 PM     0     88734      1.00      0.00  kworker/7:1-events
07:32:13 PM     0     88741      1.00      0.00  kworker/6:2-events
07:32:13 PM     0     88759     12.00      0.00  kworker/2:1-events
07:32:13 PM     0     88840      1.00      0.00  kworker/u24:1-ext4-rsv-conversion
07:32:13 PM     0     89370      1.00      0.00  kworker/5:2-mm_percpu_wq
07:32:13 PM     0     98256      6.00      0.00  kworker/u24:2-edac-poller
07:32:13 PM     0    101778      2.00      0.00  kworker/1:0-mm_percpu_wq
07:32:13 PM     0    105068      1.00      0.00  iostat
07:32:13 PM     0    105069      1.00      0.00  pidstat
07:32:13 PM     0    105070      5.00      0.00  bash
07:32:13 PM     0    105071      6.00      0.00  bash
07:32:13 PM     0    105072      4.00      0.00  bash
07:32:13 PM     0    105074     99.00      0.00  fio
07:32:13 PM     0    105570      1.00      0.00  kworker/9:1-events
07:32:13 PM     0    105890      3.00      0.00  kworker/11:0-mm_percpu_wq
07:32:13 PM     0    106682      1.00      0.00  sleep
07:32:13 PM     0    106692      1.00      0.00  sleep
07:32:13 PM     0    106694      1.00      0.00  sleep

07:32:13 PM   UID       PID   cswch/s nvcswch/s  Command
07:32:14 PM     0        17     22.00      0.00  rcu_preempt
07:32:14 PM     0        18      1.00      0.00  migration/0
07:32:14 PM     0        23      1.00      0.00  migration/1
07:32:14 PM     0        24      1.00      0.00  ksoftirqd/1
07:32:14 PM     0        29      2.00      0.00  migration/2
07:32:14 PM     0        35      1.00      0.00  migration/3
07:32:14 PM     0        36      1.00      0.00  ksoftirqd/3
07:32:14 PM     0        41      1.00      0.00  migration/4
07:32:14 PM     0        42      1.00      0.00  ksoftirqd/4
07:32:14 PM     0        47      1.00      0.00  migration/5
07:32:14 PM     0        53      1.00      0.00  migration/6
07:32:14 PM     0        59      1.00      0.00  migration/7
07:32:14 PM     0        65      1.00      0.00  migration/8
07:32:14 PM     0        71      1.00      0.00  migration/9
07:32:14 PM     0        77      1.00      0.00  migration/10
07:32:14 PM     0        83      1.00      0.00  migration/11
07:32:14 PM     0        95      2.00      0.00  kcompactd0
07:32:14 PM     0       453      1.00      0.00  multipathd
07:32:14 PM     0     84845      1.00      0.00  kworker/3:1-events
07:32:14 PM     0     87189      2.00      0.00  kworker/0:0-mm_percpu_wq
07:32:14 PM     0     88171      1.00      0.00  kworker/u24:55-writeback
07:32:14 PM     0     88222      4.00      0.00  kworker/4:3-mm_percpu_wq
07:32:14 PM     0     88734      1.00      0.00  kworker/7:1-mm_percpu_wq
07:32:14 PM     0     88741      2.00      0.00  kworker/6:2-events
07:32:14 PM     0     88759     10.00      0.00  kworker/2:1-events
07:32:14 PM     0     98256      1.00      0.00  kworker/u24:2-events_unbound
07:32:14 PM     0    101778      4.00      0.00  kworker/1:0-mm_percpu_wq
07:32:14 PM     0    104636      3.00      0.00  kworker/8:0-mm_percpu_wq
07:32:14 PM     0    105068      1.00      0.00  iostat
07:32:14 PM     0    105069      1.00      1.00  pidstat
07:32:14 PM     0    105070      5.00      0.00  bash
07:32:14 PM     0    105071      7.00      0.00  bash
07:32:14 PM     0    105072      4.00      0.00  bash
07:32:14 PM     0    105074    100.00      0.00  fio
07:32:14 PM     0    105570      3.00      0.00  kworker/9:1-events
07:32:14 PM     0    105890      3.00      0.00  kworker/11:0-mm_percpu_wq
07:32:14 PM     0    106697      1.00      0.00  sleep
07:32:14 PM     0    106708      1.00      0.00  sleep
07:32:14 PM     0    106709      1.00      0.00  sleep

07:32:14 PM   UID       PID   cswch/s nvcswch/s  Command
07:32:15 PM     0        17     18.00      0.00  rcu_preempt
07:32:15 PM     0        24      1.00      0.00  ksoftirqd/1
07:32:15 PM     0        29      2.00      0.00  migration/2
07:32:15 PM     0        36      2.00      0.00  ksoftirqd/3
07:32:15 PM     0        54      1.00      0.00  ksoftirqd/6
07:32:15 PM     0        60      1.00      0.00  ksoftirqd/7
07:32:15 PM     0        77      1.00      0.00  migration/10
07:32:15 PM     0        95      2.00      0.00  kcompactd0
07:32:15 PM     0       453      1.00      0.00  multipathd
07:32:15 PM     0     84845      4.00      0.00  kworker/3:1-events
07:32:15 PM     0     88171      1.00      0.00  kworker/u24:55-writeback
07:32:15 PM     0     88222      1.00      0.00  kworker/4:3-events
07:32:15 PM     0     88741      1.00      0.00  kworker/6:2-events
07:32:15 PM     0     88759     13.00      0.00  kworker/2:1-events
07:32:15 PM     0     89370      2.00      0.00  kworker/5:2-events
07:32:15 PM     0     98256      1.00      0.00  kworker/u24:2-events_power_efficient
07:32:15 PM     0    101778      2.00      0.00  kworker/1:0-events
07:32:15 PM     0    104636      1.00      0.00  kworker/8:0-events
07:32:15 PM     0    105068      1.00      0.00  iostat
07:32:15 PM     0    105069      1.00      0.00  pidstat
07:32:15 PM     0    105070      5.00      0.00  bash
07:32:15 PM     0    105071      8.00      0.00  bash
07:32:15 PM     0    105072      4.00      0.00  bash
07:32:15 PM     0    105074     99.00      0.00  fio
07:32:15 PM     0    105570      1.00      0.00  kworker/9:1-mm_percpu_wq
07:32:15 PM     0    105890      2.00      0.00  kworker/11:0-events
07:32:15 PM     0    106241      1.00      0.00  kworker/10:2-mm_percpu_wq
07:32:15 PM     0    106712      1.00      0.00  sleep
07:32:15 PM     0    106722      1.00      0.00  sleep
07:32:15 PM     0    106724      1.00      0.00  sleep

07:32:15 PM   UID       PID   cswch/s nvcswch/s  Command
07:32:16 PM     0        16      2.00      0.00  ksoftirqd/0
07:32:16 PM     0        17     21.00      0.00  rcu_preempt
07:32:16 PM     0        42      1.00      0.00  ksoftirqd/4
07:32:16 PM     0        53      1.00      0.00  migration/6
07:32:16 PM     0        59      1.00      0.00  migration/7
07:32:16 PM     0        95      2.00      0.00  kcompactd0
07:32:16 PM     0       453      1.00      0.00  multipathd
07:32:16 PM     0     84845      3.00      0.00  kworker/3:1-events
07:32:16 PM     0     87189      2.00      0.00  kworker/0:0-events
07:32:16 PM     0     88171      3.00      0.00  kworker/u24:55-events_unbound
07:32:16 PM     0     88222      5.00      0.00  kworker/4:3-mm_percpu_wq
07:32:16 PM     0     88734      1.00      0.00  kworker/7:1-mm_percpu_wq
07:32:16 PM     0     88741      1.00      0.00  kworker/6:2-mm_percpu_wq
07:32:16 PM     0     88759     13.00      0.00  kworker/2:1-events
07:32:16 PM     0     98256      3.00      0.00  kworker/u24:2-writeback
07:32:16 PM     0    101778      4.00      0.00  kworker/1:0-events
07:32:16 PM     0    104636      2.00      0.00  kworker/8:0-mm_percpu_wq
07:32:16 PM     0    105068      1.00      0.00  iostat
07:32:16 PM     0    105069      1.00      1.00  pidstat
07:32:16 PM     0    105070      5.00      0.00  bash
07:32:16 PM     0    105071      7.00      0.00  bash
07:32:16 PM     0    105072      4.00      0.00  bash
07:32:16 PM     0    105074     99.00      0.00  fio
07:32:16 PM     0    105570      1.00      0.00  kworker/9:1-mm_percpu_wq
07:32:16 PM     0    105890      2.00      0.00  kworker/11:0-mm_percpu_wq
07:32:16 PM     0    106727      1.00      0.00  sleep
07:32:16 PM     0    106738      1.00      0.00  sleep
07:32:16 PM     0    106739      1.00      0.00  sleep

07:32:16 PM   UID       PID   cswch/s nvcswch/s  Command
07:32:17 PM     0         2      1.00      0.00  kthreadd
07:32:17 PM     0        17     20.00      0.00  rcu_preempt
07:32:17 PM     0        24      1.00      0.00  ksoftirqd/1
07:32:17 PM     0        29      1.00      0.00  migration/2
07:32:17 PM     0        54      1.00      0.00  ksoftirqd/6
07:32:17 PM     0        60      1.00      0.00  ksoftirqd/7
07:32:17 PM     0        95      2.00      0.00  kcompactd0
07:32:17 PM     0       102      1.00      0.00  irq/9-acpi
07:32:17 PM     0       359      3.00      0.00  jbd2/nvme1n1p2-8
07:32:17 PM     0       453      2.00      0.00  multipathd
07:32:17 PM     0       562      3.00      0.00  jbd2/nvme1n1p3-8
07:32:17 PM     0     84845      3.00      0.00  kworker/3:1-events
07:32:17 PM     0     87189      4.00      0.00  kworker/0:0-events
07:32:17 PM     0     88222      2.00      0.00  kworker/4:3-events
07:32:17 PM     0     88669   1134.00      0.00  kworker/11:1-i915-unordered
07:32:17 PM     0     88734      1.00      0.00  kworker/7:1-events
07:32:17 PM     0     88741      2.00      0.00  kworker/6:2-mm_percpu_wq
07:32:17 PM     0     88759     11.00      0.00  kworker/2:1-events
07:32:17 PM     0     89215      2.00      1.00  kworker/11:2-events
07:32:17 PM     0     89370      1.00      0.00  kworker/5:2-mm_percpu_wq
07:32:17 PM     0     98256      2.00      0.00  kworker/u24:2-events_unbound
07:32:17 PM     0    101778      4.00      0.00  kworker/1:0-events
07:32:17 PM     0    104636      1.00      0.00  kworker/8:0-events
07:32:17 PM     0    105068      1.00      0.00  iostat
07:32:17 PM     0    105069      1.00      0.00  pidstat
07:32:17 PM     0    105070      5.00      0.00  bash
07:32:17 PM     0    105071      6.00      0.00  bash
07:32:17 PM     0    105072      4.00      0.00  bash
07:32:17 PM     0    105074    100.00      0.00  fio
07:32:17 PM     0    105890   1139.00      1.00  kworker/11:0-events
07:32:17 PM     0    106241      1.00      0.00  kworker/10:2-mm_percpu_wq
07:32:17 PM     0    106742      1.00      0.00  sleep
07:32:17 PM     0    106743      2.00      0.00  kworker/11:3
07:32:17 PM     0    106753      1.00      0.00  sleep
07:32:17 PM     0    106755      1.00      0.00  sleep

07:32:17 PM   UID       PID   cswch/s nvcswch/s  Command
07:32:18 PM     0        17     19.00      0.00  rcu_preempt
07:32:18 PM     0        18      1.00      0.00  migration/0
07:32:18 PM     0        23      1.00      0.00  migration/1
07:32:18 PM     0        29      2.00      0.00  migration/2
07:32:18 PM     0        35      1.00      0.00  migration/3
07:32:18 PM     0        41      1.00      0.00  migration/4
07:32:18 PM     0        47      1.00      0.00  migration/5
07:32:18 PM     0        53      1.00      0.00  migration/6
07:32:18 PM     0        59      1.00      0.00  migration/7
07:32:18 PM     0        60      1.00      0.00  ksoftirqd/7
07:32:18 PM     0        65      1.00      0.00  migration/8
07:32:18 PM     0        71      1.00      0.00  migration/9
07:32:18 PM     0        77      1.00      0.00  migration/10
07:32:18 PM     0        78      2.00      0.00  ksoftirqd/10
07:32:18 PM     0        83      1.00      0.00  migration/11
07:32:18 PM     0        95      2.00      0.00  kcompactd0
07:32:18 PM     0       453      1.00      0.00  multipathd
07:32:18 PM     0     84845      3.00      0.00  kworker/3:1-mm_percpu_wq
07:32:18 PM     0     87189      1.00      0.00  kworker/0:0-mm_percpu_wq
07:32:18 PM     0     88222      1.00      0.00  kworker/4:3-mm_percpu_wq
07:32:18 PM     0     88669      1.00      0.00  kworker/11:1-mm_percpu_wq
07:32:18 PM     0     88734      1.00      0.00  kworker/7:1-mm_percpu_wq
07:32:18 PM     0     88741      2.00      0.00  kworker/6:2-events
07:32:18 PM     0     88759     15.00      0.00  kworker/2:1-events
07:32:18 PM     0     89370      1.00      0.00  kworker/5:2-mm_percpu_wq
07:32:18 PM     0     98256      4.00      0.00  kworker/u24:2-edac-poller
07:32:18 PM     0    104636      2.00      0.00  kworker/8:0-mm_percpu_wq
07:32:18 PM     0    105068      1.00      0.00  iostat
07:32:18 PM     0    105069      1.00      1.00  pidstat
07:32:18 PM     0    105070      5.00      0.00  bash
07:32:18 PM     0    105071      6.00      0.00  bash
07:32:18 PM     0    105072      4.00      0.00  bash
07:32:18 PM     0    105074     99.00      0.00  fio
07:32:18 PM     0    105570      1.00      0.00  kworker/9:1-mm_percpu_wq
07:32:18 PM     0    106241      4.00      0.00  kworker/10:2-mm_percpu_wq
07:32:18 PM     0    106758      1.00      0.00  sleep
07:32:18 PM     0    106769      1.00      0.00  sleep
07:32:18 PM     0    106770      1.00      0.00  sleep

07:32:18 PM   UID       PID   cswch/s nvcswch/s  Command
07:32:19 PM     0        16      2.00      0.00  ksoftirqd/0
07:32:19 PM     0        17     18.00      0.00  rcu_preempt
07:32:19 PM     0        47      1.00      0.00  migration/5
07:32:19 PM     0        59      1.00      0.00  migration/7
07:32:19 PM     0        72      1.00      0.00  ksoftirqd/9
07:32:19 PM     0        95      2.00      0.00  kcompactd0
07:32:19 PM     0       188      1.00      0.00  kworker/2:1H-kblockd
07:32:19 PM     0       453      1.00      0.00  multipathd
07:32:19 PM     0     84845      3.00      0.00  kworker/3:1-events
07:32:19 PM     0     87189      3.00      0.00  kworker/0:0-events
07:32:19 PM     0     88222      1.00      0.00  kworker/4:3-events
07:32:19 PM     0     88759     11.00      0.00  kworker/2:1-events
07:32:19 PM     0     98256      2.00      0.00  kworker/u24:2-edac-poller
07:32:19 PM     0    101778      2.00      0.00  kworker/1:0-events
07:32:19 PM     0    104636      1.00      0.00  kworker/8:0-events
07:32:19 PM     0    105068      1.00      0.00  iostat
07:32:19 PM     0    105069      1.00      0.00  pidstat
07:32:19 PM     0    105070      5.00      0.00  bash
07:32:19 PM     0    105071      8.00      0.00  bash
07:32:19 PM     0    105072      4.00      0.00  bash
07:32:19 PM     0    105074    100.00      0.00  fio
07:32:19 PM     0    106241      1.00      0.00  kworker/10:2-events
07:32:19 PM     0    106773      1.00      0.00  sleep
07:32:19 PM     0    106784      1.00      0.00  sleep
07:32:19 PM     0    106785      1.00      0.00  sleep

07:32:19 PM   UID       PID   cswch/s nvcswch/s  Command
07:32:20 PM     0        17     20.00      0.00  rcu_preempt
07:32:20 PM     0        24      2.00      0.00  ksoftirqd/1
07:32:20 PM     0        29      1.00      0.00  migration/2
07:32:20 PM     0        42      1.00      0.00  ksoftirqd/4
07:32:20 PM     0        72      1.00      0.00  ksoftirqd/9
07:32:20 PM     0        95      2.00      0.00  kcompactd0
07:32:20 PM     0       453      1.00      0.00  multipathd
07:32:20 PM     0     84845      1.00      0.00  kworker/3:1-events
07:32:20 PM     0     87189      2.00      0.00  kworker/0:0-events
07:32:20 PM     0     88222      4.00      0.00  kworker/4:3-mm_percpu_wq
07:32:20 PM     0     88669      1.00      0.00  kworker/11:1-mm_percpu_wq
07:32:20 PM     0     88741      2.00      0.00  kworker/6:2-events
07:32:20 PM     0     88759     12.00      0.00  kworker/2:1-events
07:32:20 PM     0     98256      1.00      0.00  kworker/u24:2-edac-poller
07:32:20 PM     0    101778      1.00      0.00  kworker/1:0-events
07:32:20 PM     0    104636      4.00      0.00  kworker/8:0-mm_percpu_wq
07:32:20 PM     0    105068      1.00      0.00  iostat
07:32:20 PM     0    105069      1.00      0.00  pidstat
07:32:20 PM     0    105070      5.00      0.00  bash
07:32:20 PM     0    105071      7.00      0.00  bash
07:32:20 PM     0    105072      4.00      0.00  bash
07:32:20 PM     0    105074     99.00      0.00  fio
07:32:20 PM     0    105570      2.00      0.00  kworker/9:1-mm_percpu_wq
07:32:20 PM     0    106788      1.00      0.00  sleep
07:32:20 PM     0    106799      1.00      0.00  sleep
07:32:20 PM     0    106800      1.00      0.00  sleep

07:32:20 PM   UID       PID   cswch/s nvcswch/s  Command
07:32:21 PM     0        17     22.00      0.00  rcu_preempt
07:32:21 PM     0        30      1.00      0.00  ksoftirqd/2
07:32:21 PM     0        42      1.00      0.00  ksoftirqd/4
07:32:21 PM     0        53      1.00      0.00  migration/6
07:32:21 PM     0        54      1.00      0.00  ksoftirqd/6
07:32:21 PM     0        72      1.00      0.00  ksoftirqd/9
07:32:21 PM     0        95      2.00      0.00  kcompactd0
07:32:21 PM     0       453      1.00      0.00  multipathd
07:32:21 PM     0     84845      1.00      0.00  kworker/3:1-mm_percpu_wq
07:32:21 PM     0     87189      1.00      0.00  kworker/0:0-events
07:32:21 PM     0     88171      1.00      0.00  kworker/u24:55-events_unbound
07:32:21 PM     0     88222      2.00      0.00  kworker/4:3-events
07:32:21 PM     0     88734      1.00      0.00  kworker/7:1-mm_percpu_wq
07:32:21 PM     0     88741      3.00      0.00  kworker/6:2-events
07:32:21 PM     0     88759     11.00      0.00  kworker/2:1-events
07:32:21 PM     0     89370      1.00      0.00  kworker/5:2-mm_percpu_wq
07:32:21 PM     0     98256      1.00      0.00  kworker/u24:2-events_power_efficient
07:32:21 PM     0    101778      2.00      0.00  kworker/1:0-events
07:32:21 PM     0    105068      1.00      0.00  iostat
07:32:21 PM     0    105069      1.00      0.00  pidstat
07:32:21 PM     0    105070      5.00      0.00  bash
07:32:21 PM     0    105071      7.00      0.00  bash
07:32:21 PM     0    105072      4.00      0.00  bash
07:32:21 PM     0    105074     99.00      0.00  fio
07:32:21 PM     0    105570      1.00      0.00  kworker/9:1-events
07:32:21 PM     0    106803      1.00      0.00  sleep
07:32:21 PM     0    106813      1.00      0.00  sleep
07:32:21 PM     0    106815      1.00      0.00  sleep

07:32:21 PM   UID       PID   cswch/s nvcswch/s  Command
07:32:22 PM     0        16      2.00      0.00  ksoftirqd/0
07:32:22 PM     0        17     18.00      0.00  rcu_preempt
07:32:22 PM     0        18      1.00      0.00  migration/0
07:32:22 PM     0        23      1.00      0.00  migration/1
07:32:22 PM     0        29      2.00      0.00  migration/2
07:32:22 PM     0        35      1.00      0.00  migration/3
07:32:22 PM     0        36      2.00      0.00  ksoftirqd/3
07:32:22 PM     0        41      1.00      0.00  migration/4
07:32:22 PM     0        42      2.00      0.00  ksoftirqd/4
07:32:22 PM     0        47      1.00      0.00  migration/5
07:32:22 PM     0        53      1.00      0.00  migration/6
07:32:22 PM     0        59      1.00      0.00  migration/7
07:32:22 PM     0        60      1.00      0.00  ksoftirqd/7
07:32:22 PM     0        65      1.00      0.00  migration/8
07:32:22 PM     0        71      1.00      0.00  migration/9
07:32:22 PM     0        77      1.00      0.00  migration/10
07:32:22 PM     0        83      1.00      0.00  migration/11
07:32:22 PM     0        95      2.00      0.00  kcompactd0
07:32:22 PM     0       176      1.00      0.00  kworker/11:1H-kblockd
07:32:22 PM     0       453      1.00      0.00  multipathd
07:32:22 PM     0       562      3.00      0.00  jbd2/nvme1n1p3-8
07:32:22 PM     0     84845      4.00      0.00  kworker/3:1-mm_percpu_wq
07:32:22 PM     0     87189      4.00      0.00  kworker/0:0-mm_percpu_wq
07:32:22 PM     0     88171      3.00      0.00  kworker/u24:55-writeback
07:32:22 PM     0     88222      4.00      0.00  kworker/4:3-mm_percpu_wq
07:32:22 PM     0     88669      1.00      0.00  kworker/11:1-mm_percpu_wq
07:32:22 PM     0     88734      1.00      0.00  kworker/7:1-mm_percpu_wq
07:32:22 PM     0     88741      3.00      0.00  kworker/6:2-events
07:32:22 PM     0     88759     13.00      0.00  kworker/2:1-events
07:32:22 PM     0    101778      2.00      0.00  kworker/1:0-mm_percpu_wq
07:32:22 PM     0    104636      1.00      0.00  kworker/8:0-mm_percpu_wq
07:32:22 PM     0    105068      1.00      0.00  iostat
07:32:22 PM     0    105069      1.00      0.00  pidstat
07:32:22 PM     0    105070      5.00      0.00  bash
07:32:22 PM     0    105071      5.00      0.00  bash
07:32:22 PM     0    105072      4.00      0.00  bash
07:32:22 PM     0    105074    100.00      0.00  fio
07:32:22 PM     0    106818      1.00      0.00  sleep
07:32:22 PM     0    106828      1.00      0.00  sleep
07:32:22 PM     0    106830      1.00      0.00  sleep

07:32:22 PM   UID       PID   cswch/s nvcswch/s  Command
07:32:23 PM     0        17     20.00      0.00  rcu_preempt
07:32:23 PM     0        36      2.00      0.00  ksoftirqd/3
07:32:23 PM     0        42      2.00      0.00  ksoftirqd/4
07:32:23 PM     0        48      1.00      0.00  ksoftirqd/5
07:32:23 PM     0        84      1.00      0.00  ksoftirqd/11
07:32:23 PM     0        95      2.00      0.00  kcompactd0
07:32:23 PM     0       453      1.00      0.00  multipathd
07:32:23 PM     0     21554      1.00      0.00  packagekitd
07:32:23 PM     0     84845      5.00      0.00  kworker/3:1-events
07:32:23 PM     0     87189      4.00      0.00  kworker/0:0-events
07:32:23 PM     0     88171      2.00      0.00  kworker/u24:55-events_unbound
07:32:23 PM     0     88222      2.00      0.00  kworker/4:3-events
07:32:23 PM     0     88669      2.00      0.00  kworker/11:1-events
07:32:23 PM     0     88734      1.00      0.00  kworker/7:1-events
07:32:23 PM     0     88759     12.00      0.00  kworker/2:1-events
07:32:23 PM     0     89370      1.00      0.00  kworker/5:2-mm_percpu_wq
07:32:23 PM     0    101778      1.00      0.00  kworker/1:0-events
07:32:23 PM     0    104636      1.00      0.00  kworker/8:0-events
07:32:23 PM     0    105068      1.00      0.00  iostat
07:32:23 PM     0    105069      1.00      0.00  pidstat
07:32:23 PM     0    105070      5.00      0.00  bash
07:32:23 PM     0    105071      7.00      0.00  bash
07:32:23 PM     0    105072      4.00      0.00  bash
07:32:23 PM     0    105074     99.00      0.00  fio
07:32:23 PM     0    105570      1.00      0.00  kworker/9:1-mm_percpu_wq
07:32:23 PM     0    106241      2.00      0.00  kworker/10:2-events
07:32:23 PM     0    106833      1.00      0.00  sleep
07:32:23 PM     0    106843      1.00      0.00  sleep
07:32:23 PM     0    106845      1.00      0.00  sleep

07:32:23 PM   UID       PID   cswch/s nvcswch/s  Command
07:32:24 PM     0        16      2.00      0.00  ksoftirqd/0
07:32:24 PM     0        17     17.00      0.00  rcu_preempt
07:32:24 PM     0        24      1.00      0.00  ksoftirqd/1
07:32:24 PM     0        29      1.00      0.00  migration/2
07:32:24 PM     0        42      1.00      0.00  ksoftirqd/4
07:32:24 PM     0        72      1.00      0.00  ksoftirqd/9
07:32:24 PM     0        78      1.00      0.00  ksoftirqd/10
07:32:24 PM     0        95      2.00      0.00  kcompactd0
07:32:24 PM     0       191      1.00      0.00  kworker/1:1H-kblockd
07:32:24 PM     0       453      1.00      0.00  multipathd
07:32:24 PM     0     87189      2.00      0.00  kworker/0:0-events
07:32:24 PM     0     88171      5.00      0.00  kworker/u24:55-writeback
07:32:24 PM     0     88222      5.00      0.00  kworker/4:3-mm_percpu_wq
07:32:24 PM     0     88669      2.00      0.00  kworker/11:1-events
07:32:24 PM     0     88734      1.00      0.00  kworker/7:1-mm_percpu_wq
07:32:24 PM     0     88759     13.00      0.00  kworker/2:1-events
07:32:24 PM     0     98256      1.00      0.00  kworker/u24:2-ext4-rsv-conversion
07:32:24 PM     0    101778      1.00      0.00  kworker/1:0-mm_percpu_wq
07:32:24 PM     0    104636      1.00      0.00  kworker/8:0-mm_percpu_wq
07:32:24 PM     0    105068      1.00      0.00  iostat
07:32:24 PM     0    105069      1.00      0.00  pidstat
07:32:24 PM     0    105070      5.00      0.00  bash
07:32:24 PM     0    105071      7.00      0.00  bash
07:32:24 PM     0    105072      4.00      0.00  bash
07:32:24 PM     0    105074     99.00      0.00  fio
07:32:24 PM     0    105570      3.00      0.00  kworker/9:1-mm_percpu_wq
07:32:24 PM     0    106241      4.00      0.00  kworker/10:2-events
07:32:24 PM     0    106848      1.00      0.00  sleep
07:32:24 PM     0    106858      1.00      0.00  sleep
07:32:24 PM     0    106860      1.00      0.00  sleep

07:32:24 PM   UID       PID   cswch/s nvcswch/s  Command
07:32:25 PM     0        17     18.00      0.00  rcu_preempt
07:32:25 PM     0        29      1.00      0.00  migration/2
07:32:25 PM     0        72      1.00      0.00  ksoftirqd/9
07:32:25 PM     0        83      1.00      0.00  migration/11
07:32:25 PM     0        95      2.00      0.00  kcompactd0
07:32:25 PM     0       188      1.00      0.00  kworker/2:1H-kblockd
07:32:25 PM     0       453      1.00      0.00  multipathd
07:32:25 PM     0     84845      1.00      0.00  kworker/3:1-mm_percpu_wq
07:32:25 PM     0     87189      2.00      0.00  kworker/0:0-events
07:32:25 PM     0     88171      2.00      0.00  kworker/u24:55-events_unbound
07:32:25 PM     0     88222      3.00      0.00  kworker/4:3-events
07:32:25 PM     0     88669      2.00      0.00  kworker/11:1-events
07:32:25 PM     0     88741      1.00      0.00  kworker/6:2-mm_percpu_wq
07:32:25 PM     0     88759     14.00      0.00  kworker/2:1-events
07:32:25 PM     0     89370      1.00      0.00  kworker/5:2-mm_percpu_wq
07:32:25 PM     0    101778      2.00      0.00  kworker/1:0-events
07:32:25 PM     0    104636      1.00      0.00  kworker/8:0-events
07:32:25 PM     0    105068      1.00      0.00  iostat
07:32:25 PM     0    105069      1.00      0.00  pidstat
07:32:25 PM     0    105070      5.00      0.00  bash
07:32:25 PM     0    105071      7.00      0.00  bash
07:32:25 PM     0    105072      4.00      0.00  bash
07:32:25 PM     0    105074    100.00      0.00  fio
07:32:25 PM     0    105570      3.00      0.00  kworker/9:1-events
07:32:25 PM     0    106241      2.00      0.00  kworker/10:2-events
07:32:25 PM     0    106863      1.00      1.00  sleep
07:32:25 PM     0    106873      1.00      1.00  sleep
07:32:25 PM     0    106875      1.00      0.00  sleep

07:32:25 PM   UID       PID   cswch/s nvcswch/s  Command
07:32:26 PM     0        17     19.00      0.00  rcu_preempt
07:32:26 PM     0        18      1.00      0.00  migration/0
07:32:26 PM     0        23      1.00      0.00  migration/1
07:32:26 PM     0        29      1.00      0.00  migration/2
07:32:26 PM     0        35      1.00      0.00  migration/3
07:32:26 PM     0        41      1.00      0.00  migration/4
07:32:26 PM     0        42      1.00      0.00  ksoftirqd/4
07:32:26 PM     0        47      1.00      0.00  migration/5
07:32:26 PM     0        53      1.00      0.00  migration/6
07:32:26 PM     0        59      1.00      0.00  migration/7
07:32:26 PM     0        65      1.00      0.00  migration/8
07:32:26 PM     0        71      1.00      0.00  migration/9
07:32:26 PM     0        72      2.00      0.00  ksoftirqd/9
07:32:26 PM     0        77      1.00      0.00  migration/10
07:32:26 PM     0        83      1.00      0.00  migration/11
07:32:26 PM     0        95      2.00      0.00  kcompactd0
07:32:26 PM     0       453      1.00      0.00  multipathd
07:32:26 PM     0     87189      3.00      0.00  kworker/0:0-mm_percpu_wq
07:32:26 PM     0     88171      2.00      0.00  kworker/u24:55-events_power_efficient
07:32:26 PM     0     88222      4.00      0.00  kworker/4:3-mm_percpu_wq
07:32:26 PM     0     88669      1.00      0.00  kworker/11:1-events
07:32:26 PM     0     88734      1.00      0.00  kworker/7:1-mm_percpu_wq
07:32:26 PM     0     88759     13.00      0.00  kworker/2:1-events
07:32:26 PM     0     98256      1.00      0.00  kworker/u24:2-ext4-rsv-conversion
07:32:26 PM     0    104636      1.00      0.00  kworker/8:0-mm_percpu_wq
07:32:26 PM     0    105068      1.00      0.00  iostat
07:32:26 PM     0    105069      1.00      0.00  pidstat
07:32:26 PM     0    105070      5.00      0.00  bash
07:32:26 PM     0    105071      7.00      0.00  bash
07:32:26 PM     0    105072      4.00      0.00  bash
07:32:26 PM     0    105074     99.00      0.00  fio
07:32:26 PM     0    105570      6.00      0.00  kworker/9:1-mm_percpu_wq
07:32:26 PM     0    106878      1.00      0.00  sleep
07:32:26 PM     0    106888      1.00      0.00  sleep
07:32:26 PM     0    106890      1.00      0.00  sleep

07:32:26 PM   UID       PID   cswch/s nvcswch/s  Command
07:32:27 PM     0        16      1.00      0.00  ksoftirqd/0
07:32:27 PM     0        17     17.00      0.00  rcu_preempt
07:32:27 PM     0        29      1.00      0.00  migration/2
07:32:27 PM     0        72      2.00      0.00  ksoftirqd/9
07:32:27 PM     0        84      1.00      0.00  ksoftirqd/11
07:32:27 PM     0        95      2.00      0.00  kcompactd0
07:32:27 PM     0       453      1.00      0.00  multipathd
07:32:27 PM     0       562      3.00      0.00  jbd2/nvme1n1p3-8
07:32:27 PM     0     84845      1.00      0.00  kworker/3:1-events
07:32:27 PM     0     87189      1.00      0.00  kworker/0:0-events
07:32:27 PM     0     88171      3.00      0.00  kworker/u24:55-writeback
07:32:27 PM     0     88222      1.00      0.00  kworker/4:3-events
07:32:27 PM     0     88669      5.00      0.00  kworker/11:1-events
07:32:27 PM     0     88741      1.00      0.00  kworker/6:2-mm_percpu_wq
07:32:27 PM     0     88759     12.00      0.00  kworker/2:1-events
07:32:27 PM     0     98256      3.00      0.00  kworker/u24:2-events_power_efficient
07:32:27 PM     0    101778      2.00      0.00  kworker/1:0-events
07:32:27 PM     0    105068      1.00      0.00  iostat
07:32:27 PM     0    105069      1.00      0.00  pidstat
07:32:27 PM     0    105070      5.00      0.00  bash
07:32:27 PM     0    105071      6.00      0.00  bash
07:32:27 PM     0    105072      4.00      0.00  bash
07:32:27 PM     0    105074    100.00      0.00  fio
07:32:27 PM     0    105570      6.00      0.00  kworker/9:1-events
07:32:27 PM     0    106241      2.00      0.00  kworker/10:2-events
07:32:27 PM     0    106893      1.00      0.00  sleep
07:32:27 PM     0    106903      1.00      0.00  sleep
07:32:27 PM     0    106905      1.00      0.00  sleep

07:32:27 PM   UID       PID   cswch/s nvcswch/s  Command
07:32:28 PM     0        16      1.00      0.00  ksoftirqd/0
07:32:28 PM     0        17     17.00      0.00  rcu_preempt
07:32:28 PM     0        24      2.00      0.00  ksoftirqd/1
07:32:28 PM     0        36      1.00      0.00  ksoftirqd/3
07:32:28 PM     0        54      1.00      0.00  ksoftirqd/6
07:32:28 PM     0        84      1.00      0.00  ksoftirqd/11
07:32:28 PM     0        95      2.00      0.00  kcompactd0
07:32:28 PM     0       453      1.00      0.00  multipathd
07:32:28 PM     0     84845      4.00      0.00  kworker/3:1-mm_percpu_wq
07:32:28 PM     0     87189      4.00      0.00  kworker/0:0-mm_percpu_wq
07:32:28 PM     0     88171      1.00      0.00  kworker/u24:55-edac-poller
07:32:28 PM     0     88222      3.00      0.00  kworker/4:3-mm_percpu_wq
07:32:28 PM     0     88669      2.00      0.00  kworker/11:1-mm_percpu_wq
07:32:28 PM     0     88734      1.00      0.00  kworker/7:1-mm_percpu_wq
07:32:28 PM     0     88759     13.00      0.00  kworker/2:1-events
07:32:28 PM     0     89370      1.00      0.00  kworker/5:2-mm_percpu_wq
07:32:28 PM     0    101778      1.00      0.00  kworker/1:0-events
07:32:28 PM     0    105068      1.00      0.00  iostat
07:32:28 PM     0    105069      1.00      0.00  pidstat
07:32:28 PM     0    105070      5.00      0.00  bash
07:32:28 PM     0    105071      6.00      0.00  bash
07:32:28 PM     0    105072      4.00      0.00  bash
07:32:28 PM     0    105074     99.00      0.00  fio
07:32:28 PM     0    106241      1.00      0.00  kworker/10:2-events
07:32:28 PM     0    106908      1.00      0.00  sleep
07:32:28 PM     0    106918      1.00      0.00  sleep
07:32:28 PM     0    106920      1.00      0.00  sleep

07:32:28 PM   UID       PID   cswch/s nvcswch/s  Command
07:32:29 PM     0        17     19.00      0.00  rcu_preempt
07:32:29 PM     0        24      2.00      0.00  ksoftirqd/1
07:32:29 PM     0        36      1.00      0.00  ksoftirqd/3
07:32:29 PM     0        42      1.00      0.00  ksoftirqd/4
07:32:29 PM     0        48      1.00      0.00  ksoftirqd/5
07:32:29 PM     0        54      1.00      0.00  ksoftirqd/6
07:32:29 PM     0        77      1.00      0.00  migration/10
07:32:29 PM     0        84      1.00      0.00  ksoftirqd/11
07:32:29 PM     0        95      2.00      0.00  kcompactd0
07:32:29 PM     0       453      1.00      0.00  multipathd
07:32:29 PM     0     84845      4.00      0.00  kworker/3:1-events
07:32:29 PM     0     87189      3.00      0.00  kworker/0:0-events
07:32:29 PM     0     88171      4.00      0.00  kworker/u24:55-ext4-rsv-conversion
07:32:29 PM     0     88669      3.00      0.00  kworker/11:1-events
07:32:29 PM     0     88741      1.00      0.00  kworker/6:2-mm_percpu_wq
07:32:29 PM     0     88759     13.00      0.00  kworker/2:1-events
07:32:29 PM     0    101778      4.00      0.00  kworker/1:0-events
07:32:29 PM     0    105068      1.00      0.00  iostat
07:32:29 PM     0    105069      1.00      0.00  pidstat
07:32:29 PM     0    105070      5.00      0.00  bash
07:32:29 PM     0    105071      7.00      0.00  bash
07:32:29 PM     0    105072      4.00      0.00  bash
07:32:29 PM     0    105074    100.00      0.00  fio
07:32:29 PM     0    106241      1.00      0.00  kworker/10:2-mm_percpu_wq
07:32:29 PM     0    106923      1.00      0.00  sleep
07:32:29 PM     0    106933      1.00      0.00  sleep
07:32:29 PM     0    106935      1.00      0.00  sleep

07:32:29 PM   UID       PID   cswch/s nvcswch/s  Command
07:32:30 PM     0        16      1.00      0.00  ksoftirqd/0
07:32:30 PM     0        17     21.00      0.00  rcu_preempt
07:32:30 PM     0        18      1.00      0.00  migration/0
07:32:30 PM     0        23      1.00      0.00  migration/1
07:32:30 PM     0        29      2.00      0.00  migration/2
07:32:30 PM     0        35      1.00      0.00  migration/3
07:32:30 PM     0        36      2.00      0.00  ksoftirqd/3
07:32:30 PM     0        41      1.00      0.00  migration/4
07:32:30 PM     0        42      2.00      0.00  ksoftirqd/4
07:32:30 PM     0        47      1.00      0.00  migration/5
07:32:30 PM     0        48      1.00      0.00  ksoftirqd/5
07:32:30 PM     0        53      1.00      0.00  migration/6
07:32:30 PM     0        59      1.00      0.00  migration/7
07:32:30 PM     0        65      1.00      0.00  migration/8
07:32:30 PM     0        71      1.00      0.00  migration/9
07:32:30 PM     0        77      1.00      0.00  migration/10
07:32:30 PM     0        83      1.00      0.00  migration/11
07:32:30 PM     0        95      2.00      0.00  kcompactd0
07:32:30 PM     0       102      1.00      0.00  irq/9-acpi
07:32:30 PM     0       191      1.00      0.00  kworker/1:1H-kblockd
07:32:30 PM     0       453      1.00      0.00  multipathd
07:32:30 PM     0     84845      4.00      0.00  kworker/3:1-events
07:32:30 PM     0     87189      5.00      0.00  kworker/0:0-events
07:32:30 PM     0     88171      2.00      0.00  kworker/u24:55-edac-poller
07:32:30 PM     0     88222      4.00      0.00  kworker/4:3-events
07:32:30 PM     0     88669      9.00      0.00  kworker/11:1-mm_percpu_wq
07:32:30 PM     0     88734      1.00      0.00  kworker/7:1-mm_percpu_wq
07:32:30 PM     0     88741      1.00      0.00  kworker/6:2-mm_percpu_wq
07:32:30 PM     0     88759     13.00      1.00  kworker/2:1-events
07:32:30 PM     0     89370      2.00      0.00  kworker/5:2-events
07:32:30 PM     0    104636      2.00      0.00  kworker/8:0-events
07:32:30 PM     0    105068      1.00      0.00  iostat
07:32:30 PM     0    105069      1.00      0.00  pidstat
07:32:30 PM     0    105070      5.00      0.00  bash
07:32:30 PM     0    105071      5.00      0.00  bash
07:32:30 PM     0    105072      4.00      0.00  bash
07:32:30 PM     0    105074     99.00      0.00  fio
07:32:30 PM     0    105570      1.00      0.00  kworker/9:1-mm_percpu_wq
07:32:30 PM     0    105890      1.00      0.00  kworker/11:0-i915-unordered
07:32:30 PM     0    106938      1.00      0.00  sleep
07:32:30 PM     0    106948      1.00      0.00  sleep
07:32:30 PM     0    106950      1.00      0.00  sleep

07:32:30 PM   UID       PID   cswch/s nvcswch/s  Command
07:32:31 PM     0        16      1.00      0.00  ksoftirqd/0
07:32:31 PM     0        17     18.00      0.00  rcu_preempt
07:32:31 PM     0        23      1.00      0.00  migration/1
07:32:31 PM     0        24      2.00      0.00  ksoftirqd/1
07:32:31 PM     0        29      1.00      0.00  migration/2
07:32:31 PM     0        30      1.00      0.00  ksoftirqd/2
07:32:31 PM     0        78      1.00      0.00  ksoftirqd/10
07:32:31 PM     0        84      2.00      0.00  ksoftirqd/11
07:32:31 PM     0        95      2.00      0.00  kcompactd0
07:32:31 PM     0       188      1.00      0.00  kworker/2:1H-kblockd
07:32:31 PM     0       453      1.00      0.00  multipathd
07:32:31 PM   101       608      1.00      0.00  systemd-network
07:32:31 PM     0     84845      2.00      0.00  kworker/3:1-events
07:32:31 PM     0     87189      2.00      0.00  kworker/0:0-events
07:32:31 PM     0     88171      1.00      0.00  kworker/u24:55-edac-poller
07:32:31 PM     0     88222      1.00      0.00  kworker/4:3-events
07:32:31 PM     0     88669      3.00      0.00  kworker/11:1-events
07:32:31 PM     0     88759     11.00      0.00  kworker/2:1-events
07:32:31 PM     0    101778      5.00      0.00  kworker/1:0-events
07:32:31 PM     0    105068      1.00      0.00  iostat
07:32:31 PM     0    105069      1.00      0.00  pidstat
07:32:31 PM     0    105070      5.00      0.00  bash
07:32:31 PM     0    105071      6.00      0.00  bash
07:32:31 PM     0    105072      4.00      0.00  bash
07:32:31 PM     0    105074     99.00      0.00  fio
07:32:31 PM     0    105570      2.00      0.00  kworker/9:1-events
07:32:31 PM     0    106241      2.00      0.00  kworker/10:2-events
07:32:31 PM     0    106953      1.00      0.00  sleep
07:32:31 PM     0    106963      1.00      1.00  sleep
07:32:31 PM     0    106965      1.00      0.00  sleep
