Linux 6.8.0-124-generic (cassandra-waf-rig) 	07/08/2026 	_x86_64_	(12 CPU)

11:33:40 PM   UID       PID   cswch/s nvcswch/s  Command
11:33:41 PM     0        17    203.96      0.00  rcu_preempt
11:33:41 PM     0        29      0.99      0.00  migration/2
11:33:41 PM     0        30     10.89      0.00  ksoftirqd/2
11:33:41 PM     0        42      0.99      0.00  ksoftirqd/4
11:33:41 PM     0        72      0.99      0.00  ksoftirqd/9
11:33:41 PM     0        78      0.99      0.00  ksoftirqd/10
11:33:41 PM     0        95      1.98      0.00  kcompactd0
11:33:41 PM     0       113      0.99      0.00  kworker/5:1H-kblockd
11:33:41 PM     0       359      5.94      0.00  jbd2/nvme1n1p2-8
11:33:41 PM     0       415      0.99      0.00  systemd-journal
11:33:41 PM     0       453      0.99      0.00  multipathd
11:33:41 PM     0    230433      0.99      0.00  kworker/0:1-events
11:33:41 PM     0    230483      1.98      0.00  kworker/5:0-events
11:33:41 PM     0    238283      3.96      0.00  kworker/2:1-events
11:33:41 PM     0    239073      0.99      0.00  kworker/4:2-events
11:33:41 PM     0    241714      0.99      0.00  kworker/3:1-events
11:33:41 PM     0    255927      3.96      0.00  kworker/u24:0-edac-poller
11:33:41 PM     0    266533      0.99      0.00  kworker/11:2-events
11:33:41 PM     0    267327      2.97      0.00  kworker/10:1-events
11:33:41 PM     0    284068      2.97      0.00  kworker/7:0-events
11:33:41 PM     0    284482      0.99      0.00  iostat
11:33:41 PM     0    284483      0.99      0.00  pidstat
11:33:41 PM     0    284484      4.95      0.00  bash
11:33:41 PM     0    284485      6.93      0.00  bash
11:33:41 PM     0    284486      3.96      0.00  bash
11:33:41 PM     0    284488     17.82      0.00  java
11:33:41 PM     0    284537      4.95      0.00  java
11:33:41 PM     0    284559      0.99      0.00  sleep

11:33:41 PM   UID       PID   cswch/s nvcswch/s  Command
11:33:42 PM     0        17    167.00      0.00  rcu_preempt
11:33:42 PM     0        18      1.00      0.00  migration/0
11:33:42 PM     0        23      1.00      0.00  migration/1
11:33:42 PM     0        24      1.00      0.00  ksoftirqd/1
11:33:42 PM     0        29      1.00      0.00  migration/2
11:33:42 PM     0        30     14.00      0.00  ksoftirqd/2
11:33:42 PM     0        35      3.00      0.00  migration/3
11:33:42 PM     0        36      1.00      0.00  ksoftirqd/3
11:33:42 PM     0        41      1.00      0.00  migration/4
11:33:42 PM     0        47      1.00      0.00  migration/5
11:33:42 PM     0        53      1.00      0.00  migration/6
11:33:42 PM     0        59      1.00      0.00  migration/7
11:33:42 PM     0        65      1.00      0.00  migration/8
11:33:42 PM     0        71      1.00      0.00  migration/9
11:33:42 PM     0        72      2.00      0.00  ksoftirqd/9
11:33:42 PM     0        77      1.00      0.00  migration/10
11:33:42 PM     0        78      1.00      0.00  ksoftirqd/10
11:33:42 PM     0        83      1.00      0.00  migration/11
11:33:42 PM     0        95      2.00      0.00  kcompactd0
11:33:42 PM     0       188      1.00      0.00  kworker/2:1H-kblockd
11:33:42 PM     0       453      1.00      0.00  multipathd
11:33:42 PM   101       608      2.00      0.00  systemd-network
11:33:42 PM     0    230433      2.00      0.00  kworker/0:1-events
11:33:42 PM     0    230456      1.00      0.00  kworker/8:2-mm_percpu_wq
11:33:42 PM     0    230457      2.00      0.00  kworker/1:2-mm_percpu_wq
11:33:42 PM     0    230483      2.00      0.00  kworker/5:0-mm_percpu_wq
11:33:42 PM     0    238283      9.00      0.00  kworker/2:1-events
11:33:42 PM     0    239073      3.00      0.00  kworker/4:2-mm_percpu_wq
11:33:42 PM     0    240331      3.00      0.00  kworker/9:2-events
11:33:42 PM     0    241714      3.00      0.00  kworker/3:1-events
11:33:42 PM     0    255927      6.00      0.00  kworker/u24:0-writeback
11:33:42 PM     0    267327      3.00      0.00  kworker/10:1-mm_percpu_wq
11:33:42 PM     0    284068      1.00      0.00  kworker/7:0-mm_percpu_wq
11:33:42 PM     0    284482      1.00      0.00  iostat
11:33:42 PM     0    284483      1.00      0.00  pidstat
11:33:42 PM     0    284484      4.00      0.00  bash
11:33:42 PM     0    284485      6.00      0.00  bash
11:33:42 PM     0    284486      4.00      0.00  bash
11:33:42 PM     0    284569      1.00      0.00  sleep
11:33:42 PM     0    284571      1.00      0.00  sleep
11:33:42 PM     0    284607      2.00      3.00  java

11:33:42 PM   UID       PID   cswch/s nvcswch/s  Command
11:33:43 PM     0        16      1.00      0.00  ksoftirqd/0
11:33:43 PM     0        17    214.00      0.00  rcu_preempt
11:33:43 PM     0        18      1.00      0.00  migration/0
11:33:43 PM     0        30      7.00      0.00  ksoftirqd/2
11:33:43 PM     0        36      1.00      0.00  ksoftirqd/3
11:33:43 PM     0        41      1.00      0.00  migration/4
11:33:43 PM     0        42      1.00      0.00  ksoftirqd/4
11:33:43 PM     0        60      1.00      0.00  ksoftirqd/7
11:33:43 PM     0        72      1.00      0.00  ksoftirqd/9
11:33:43 PM     0        83      1.00      0.00  migration/11
11:33:43 PM     0        95      2.00      0.00  kcompactd0
11:33:43 PM     0       359      9.00      0.00  jbd2/nvme1n1p2-8
11:33:43 PM     0       415      4.00      0.00  systemd-journal
11:33:43 PM     0       453      1.00      0.00  multipathd
11:33:43 PM     0       562      3.00      0.00  jbd2/nvme1n1p3-8
11:33:43 PM     0     21554      1.00      0.00  packagekitd
11:33:43 PM     0    230433      3.00      0.00  kworker/0:1-mm_percpu_wq
11:33:43 PM     0    230456      1.00      0.00  kworker/8:2-mm_percpu_wq
11:33:43 PM     0    230457      3.00      0.00  kworker/1:2-mm_percpu_wq
11:33:43 PM     0    230483      2.00      0.00  kworker/5:0-mm_percpu_wq
11:33:43 PM     0    238099      9.00      0.00  kworker/u24:1-events_power_efficient
11:33:43 PM     0    238283  14742.00      3.00  kworker/2:1-dio/nvme0n1p2
11:33:43 PM     0    239073      3.00      0.00  kworker/4:2-mm_percpu_wq
11:33:43 PM     0    240331      3.00      0.00  kworker/9:2-mm_percpu_wq
11:33:43 PM     0    241714      4.00      0.00  kworker/3:1-mm_percpu_wq
11:33:43 PM     0    245320      1.00      0.00  kworker/u24:2-ext4-rsv-conversion
11:33:43 PM     0    255927     14.00      0.00  kworker/u24:0-flush-259:1
11:33:43 PM     0    266197      2.00      0.00  kworker/6:2-mm_percpu_wq
11:33:43 PM     0    266533      2.00      0.00  kworker/11:2-mm_percpu_wq
11:33:43 PM     0    267327      3.00      0.00  kworker/10:1-mm_percpu_wq
11:33:43 PM     0    284068      2.00      0.00  kworker/7:0-mm_percpu_wq
11:33:43 PM     0    284482      2.00      0.00  iostat
11:33:43 PM     0    284483      1.00      0.00  pidstat
11:33:43 PM     0    284484      5.00      0.00  bash
11:33:43 PM     0    284485      6.00      0.00  bash
11:33:43 PM     0    284486      1.00      0.00  bash
11:33:43 PM     0    284640      1.00      0.00  sleep
11:33:43 PM     0    284642      1.00      0.00  sleep

11:33:43 PM   UID       PID   cswch/s nvcswch/s  Command
11:33:44 PM     0        16      2.00      0.00  ksoftirqd/0
11:33:44 PM     0        17     22.00      0.00  rcu_preempt
11:33:44 PM     0        29      1.00      0.00  migration/2
11:33:44 PM     0        71      1.00      0.00  migration/9
11:33:44 PM     0        78      1.00      0.00  ksoftirqd/10
11:33:44 PM     0        95      2.00      0.00  kcompactd0
11:33:44 PM     0       415      2.00      0.00  systemd-journal
11:33:44 PM     0       453      1.00      0.00  multipathd
11:33:44 PM     0    230433      2.00      0.00  kworker/0:1-mm_percpu_wq
11:33:44 PM     0    230456      2.00      0.00  kworker/8:2-mm_percpu_wq
11:33:44 PM     0    230457      1.00      0.00  kworker/1:2-mm_percpu_wq
11:33:44 PM     0    230483      2.00      0.00  kworker/5:0-mm_percpu_wq
11:33:44 PM     0    238099      1.00      0.00  kworker/u24:1-edac-poller
11:33:44 PM     0    238283  67539.00     17.00  kworker/2:1+dio/nvme0n1p2
11:33:44 PM     0    239073      1.00      0.00  kworker/4:2-mm_percpu_wq
11:33:44 PM     0    240331      1.00      0.00  kworker/9:2-mm_percpu_wq
11:33:44 PM     0    241714      2.00      0.00  kworker/3:1-events
11:33:44 PM     0    266197      1.00      0.00  kworker/6:2-mm_percpu_wq
11:33:44 PM     0    267327      1.00      0.00  kworker/10:1-events
11:33:44 PM     0    284482      1.00      0.00  iostat
11:33:44 PM     0    284483      2.00      0.00  pidstat
11:33:44 PM     0    284484      6.00      0.00  bash
11:33:44 PM     0    284485      9.00      0.00  bash
11:33:44 PM     0    284486      4.00      0.00  bash
11:33:44 PM     0    284654      2.00      0.00  sleep
11:33:44 PM     0    284665      1.00      0.00  sleep
11:33:44 PM     0    284666      1.00      0.00  sleep

11:33:44 PM   UID       PID   cswch/s nvcswch/s  Command
11:33:45 PM     0        17     31.00      0.00  rcu_preempt
11:33:45 PM     0        29      1.00      0.00  migration/2
11:33:45 PM     0        30      2.00      0.00  ksoftirqd/2
11:33:45 PM     0        54      1.00      0.00  ksoftirqd/6
11:33:45 PM     0        72      1.00      0.00  ksoftirqd/9
11:33:45 PM     0        78      1.00      0.00  ksoftirqd/10
11:33:45 PM     0        95      2.00      0.00  kcompactd0
11:33:45 PM     0       113      1.00      0.00  kworker/5:1H-kblockd
11:33:45 PM     0       172      2.00      0.00  kworker/3:1H-kblockd
11:33:45 PM     0       188      1.00      0.00  kworker/2:1H-xfs-log/nvme0n1p2
11:33:45 PM     0       189      1.00      0.00  kworker/4:1H-kblockd
11:33:45 PM     0       359      3.00      0.00  jbd2/nvme1n1p2-8
11:33:45 PM     0       415      1.00      0.00  systemd-journal
11:33:45 PM     0       453      1.00      0.00  multipathd
11:33:45 PM     0       562      3.00      0.00  jbd2/nvme1n1p3-8
11:33:45 PM     0    230433      2.00      0.00  kworker/0:1-mm_percpu_wq
11:33:45 PM     0    230456      2.00      0.00  kworker/8:2-mm_percpu_wq
11:33:45 PM     0    230457      1.00      0.00  kworker/1:2-mm_percpu_wq
11:33:45 PM     0    230483      3.00      0.00  kworker/5:0-mm_percpu_wq
11:33:45 PM     0    238099      4.00      0.00  kworker/u24:1-flush-259:1
11:33:45 PM     0    238283  65854.00     31.00  kworker/2:1-dio/nvme0n1p2
11:33:45 PM     0    239073      2.00      0.00  kworker/4:2-mm_percpu_wq
11:33:45 PM     0    240331      1.00      0.00  kworker/9:2-mm_percpu_wq
11:33:45 PM     0    241714      5.00      0.00  kworker/3:1-mm_percpu_wq
11:33:45 PM     0    245320      7.00      0.00  kworker/u24:2-writeback
11:33:45 PM     0    255927      6.00      0.00  kworker/u24:0-ext4-rsv-conversion
11:33:45 PM     0    266197      3.00      0.00  kworker/6:2-mm_percpu_wq
11:33:45 PM     0    266533      2.00      0.00  kworker/11:2-mm_percpu_wq
11:33:45 PM     0    267327      4.00      0.00  kworker/10:1-mm_percpu_wq
11:33:45 PM     0    284068      2.00      0.00  kworker/7:0-mm_percpu_wq
11:33:45 PM     0    284482      2.00      0.00  iostat
11:33:45 PM     0    284483      1.00      0.00  pidstat
11:33:45 PM     0    284484      5.00      0.00  bash
11:33:45 PM     0    284485      8.00      0.00  bash
11:33:45 PM     0    284486      4.00      0.00  bash
11:33:45 PM     0    284669      1.00      0.00  sleep
11:33:45 PM     0    284680      1.00      0.00  sleep
11:33:45 PM     0    284681      1.00      0.00  sleep

11:33:45 PM   UID       PID   cswch/s nvcswch/s  Command
11:33:46 PM     0        16      1.00      0.00  ksoftirqd/0
11:33:46 PM     0        17     20.00      0.00  rcu_preempt
11:33:46 PM     0        18      1.00      0.00  migration/0
11:33:46 PM     0        23      1.00      0.00  migration/1
11:33:46 PM     0        29      2.00      0.00  migration/2
11:33:46 PM     0        35      1.00      0.00  migration/3
11:33:46 PM     0        41      1.00      0.00  migration/4
11:33:46 PM     0        47      1.00      0.00  migration/5
11:33:46 PM     0        53      1.00      0.00  migration/6
11:33:46 PM     0        59      1.00      0.00  migration/7
11:33:46 PM     0        65      1.00      0.00  migration/8
11:33:46 PM     0        71      1.00      0.00  migration/9
11:33:46 PM     0        77      1.00      0.00  migration/10
11:33:46 PM     0        83      1.00      0.00  migration/11
11:33:46 PM     0        95      2.00      0.00  kcompactd0
11:33:46 PM     0       415      2.00      0.00  systemd-journal
11:33:46 PM     0       453      1.00      0.00  multipathd
11:33:46 PM     0    230433      3.00      0.00  kworker/0:1-events
11:33:46 PM     0    230456      1.00      0.00  kworker/8:2-mm_percpu_wq
11:33:46 PM     0    230457      2.00      0.00  kworker/1:2-mm_percpu_wq
11:33:46 PM     0    230483      3.00      0.00  kworker/5:0-mm_percpu_wq
11:33:46 PM     0    238283  68465.00     11.00  kworker/2:1-dio/nvme0n1p2
11:33:46 PM     0    239073      3.00      0.00  kworker/4:2-mm_percpu_wq
11:33:46 PM     0    240331      2.00      0.00  kworker/9:2-mm_percpu_wq
11:33:46 PM     0    241714      2.00      0.00  kworker/3:1-mm_percpu_wq
11:33:46 PM     0    255927      1.00      0.00  kworker/u24:0-edac-poller
11:33:46 PM     0    266197      1.00      0.00  kworker/6:2-mm_percpu_wq
11:33:46 PM     0    266533      1.00      0.00  kworker/11:2-mm_percpu_wq
11:33:46 PM     0    267327      2.00      0.00  kworker/10:1-mm_percpu_wq
11:33:46 PM     0    284068      1.00      0.00  kworker/7:0-events
11:33:46 PM     0    284482      1.00      0.00  iostat
11:33:46 PM     0    284483      2.00      0.00  pidstat
11:33:46 PM     0    284484      6.00      0.00  bash
11:33:46 PM     0    284485      8.00      0.00  bash
11:33:46 PM     0    284486      5.00      0.00  bash
11:33:46 PM     0    284685      2.00      0.00  sleep
11:33:46 PM     0    284696      1.00      0.00  sleep
11:33:46 PM     0    284697      1.00      0.00  sleep

11:33:46 PM   UID       PID   cswch/s nvcswch/s  Command
11:33:47 PM     0         1      1.00      0.00  systemd
11:33:47 PM     0        16      2.00      0.00  ksoftirqd/0
11:33:47 PM     0        17     26.00      0.00  rcu_preempt
11:33:47 PM     0        29      1.00      0.00  migration/2
11:33:47 PM     0        30      3.00      0.00  ksoftirqd/2
11:33:47 PM     0        36      1.00      0.00  ksoftirqd/3
11:33:47 PM     0        59      1.00      0.00  migration/7
11:33:47 PM     0        78      1.00      0.00  ksoftirqd/10
11:33:47 PM     0        84      1.00      0.00  ksoftirqd/11
11:33:47 PM     0        95      2.00      0.00  kcompactd0
11:33:47 PM     0       172      1.00      0.00  kworker/3:1H-kblockd
11:33:47 PM     0       188      1.00      0.00  kworker/2:1H-xfs-log/nvme0n1p2
11:33:47 PM     0       189      1.00      0.00  kworker/4:1H-kblockd
11:33:47 PM     0       192      1.00      0.00  kworker/7:1H-kblockd
11:33:47 PM     0       359      3.00      0.00  jbd2/nvme1n1p2-8
11:33:47 PM     0       415      1.00      0.00  systemd-journal
11:33:47 PM     0       453      1.00      0.00  multipathd
11:33:47 PM     0       562      3.00      0.00  jbd2/nvme1n1p3-8
11:33:47 PM     0    230433      5.00      0.00  kworker/0:1-mm_percpu_wq
11:33:47 PM     0    230457      3.00      0.00  kworker/1:2-mm_percpu_wq
11:33:47 PM     0    230483      1.00      0.00  kworker/5:0-mm_percpu_wq
11:33:47 PM     0    238099      8.00      0.00  kworker/u24:1-writeback
11:33:47 PM     0    238283  67039.00     26.00  kworker/2:1-dio/nvme0n1p2
11:33:47 PM     0    239073      2.00      0.00  kworker/4:2-mm_percpu_wq
11:33:47 PM     0    240331      1.00      0.00  kworker/9:2-mm_percpu_wq
11:33:47 PM     0    241714      5.00      0.00  kworker/3:1-mm_percpu_wq
11:33:47 PM     0    245320      7.00      0.00  kworker/u24:2-ext4-rsv-conversion
11:33:47 PM     0    255927      2.00      0.00  kworker/u24:0-flush-259:1
11:33:47 PM     0    266197      1.00      0.00  kworker/6:2-mm_percpu_wq
11:33:47 PM     0    266533      2.00      0.00  kworker/11:2-mm_percpu_wq
11:33:47 PM     0    267327      2.00      0.00  kworker/10:1-mm_percpu_wq
11:33:47 PM     0    284068      2.00      0.00  kworker/7:0-mm_percpu_wq
11:33:47 PM     0    284482      2.00      0.00  iostat
11:33:47 PM     0    284483      1.00      0.00  pidstat
11:33:47 PM     0    284484      5.00      0.00  bash
11:33:47 PM     0    284485      7.00      0.00  bash
11:33:47 PM     0    284486      4.00      1.00  bash
11:33:47 PM     0    284700      1.00      0.00  sleep
11:33:47 PM     0    284711      1.00      0.00  sleep
11:33:47 PM     0    284712      1.00      0.00  sleep

11:33:47 PM   UID       PID   cswch/s nvcswch/s  Command
11:33:48 PM     0        16      3.00      0.00  ksoftirqd/0
11:33:48 PM     0        17     19.00      0.00  rcu_preempt
11:33:48 PM     0        29      1.00      0.00  migration/2
11:33:48 PM     0        30      1.00      1.00  ksoftirqd/2
11:33:48 PM     0        36      2.00      0.00  ksoftirqd/3
11:33:48 PM     0        48      1.00      0.00  ksoftirqd/5
11:33:48 PM     0        95      2.00      0.00  kcompactd0
11:33:48 PM     0       415      2.00      0.00  systemd-journal
11:33:48 PM     0       453      1.00      0.00  multipathd
11:33:48 PM     0    230433      5.00      0.00  kworker/0:1-events
11:33:48 PM     0    230456      2.00      0.00  kworker/8:2-mm_percpu_wq
11:33:48 PM     0    230457      1.00      0.00  kworker/1:2-mm_percpu_wq
11:33:48 PM     0    230483      2.00      0.00  kworker/5:0-mm_percpu_wq
11:33:48 PM     0    238283  68502.00     94.00  kworker/2:1-dio/nvme0n1p2
11:33:48 PM     0    239073      1.00      0.00  kworker/4:2-mm_percpu_wq
11:33:48 PM     0    241714      4.00      0.00  kworker/3:1-mm_percpu_wq
11:33:48 PM     0    245320      1.00      0.00  kworker/u24:2-edac-poller
11:33:48 PM     0    266533      1.00      0.00  kworker/11:2-mm_percpu_wq
11:33:48 PM     0    267327      1.00      0.00  kworker/10:1-mm_percpu_wq
11:33:48 PM     0    284068      1.00      0.00  kworker/7:0-mm_percpu_wq
11:33:48 PM     0    284482      1.00      0.00  iostat
11:33:48 PM     0    284483      2.00      0.00  pidstat
11:33:48 PM     0    284484      6.00      0.00  bash
11:33:48 PM     0    284485      7.00      0.00  bash
11:33:48 PM     0    284486      5.00      0.00  bash
11:33:48 PM     0    284716      2.00      0.00  sleep
11:33:48 PM     0    284727      1.00      0.00  sleep
11:33:48 PM     0    284728      1.00      0.00  sleep

11:33:48 PM   UID       PID   cswch/s nvcswch/s  Command
11:33:49 PM     0        17     25.00      0.00  rcu_preempt
11:33:49 PM     0        29      1.00      0.00  migration/2
11:33:49 PM     0        30      2.00      1.00  ksoftirqd/2
11:33:49 PM     0        60      1.00      0.00  ksoftirqd/7
11:33:49 PM     0        84      1.00      0.00  ksoftirqd/11
11:33:49 PM     0        95      2.00      0.00  kcompactd0
11:33:49 PM     0       113      1.00      0.00  kworker/5:1H-kblockd
11:33:49 PM     0       188      2.00      0.00  kworker/2:1H-kblockd
11:33:49 PM     0       189      1.00      0.00  kworker/4:1H-kblockd
11:33:49 PM     0       359      3.00      0.00  jbd2/nvme1n1p2-8
11:33:49 PM     0       415      1.00      0.00  systemd-journal
11:33:49 PM     0       453      1.00      0.00  multipathd
11:33:49 PM     0       562      3.00      0.00  jbd2/nvme1n1p3-8
11:33:49 PM     0    230433      3.00      0.00  kworker/0:1-mm_percpu_wq
11:33:49 PM     0    230456      1.00      0.00  kworker/8:2-events
11:33:49 PM     0    230457      1.00      0.00  kworker/1:2-mm_percpu_wq
11:33:49 PM     0    230483      1.00      0.00  kworker/5:0-mm_percpu_wq
11:33:49 PM     0    238099      6.00      0.00  kworker/u24:1-xfs-cil/nvme0n1p2
11:33:49 PM     0    238283  67950.00     39.00  kworker/2:1-dio/nvme0n1p2
11:33:49 PM     0    239073      2.00      0.00  kworker/4:2-mm_percpu_wq
11:33:49 PM     0    240331      2.00      0.00  kworker/9:2-mm_percpu_wq
11:33:49 PM     0    241714      4.00      0.00  kworker/3:1-mm_percpu_wq
11:33:49 PM     0    245320      3.00      0.00  kworker/u24:2-flush-259:1
11:33:49 PM     0    255927      4.00      0.00  kworker/u24:0-ext4-rsv-conversion
11:33:49 PM     0    266197      2.00      0.00  kworker/6:2-mm_percpu_wq
11:33:49 PM     0    266533      3.00      0.00  kworker/11:2-mm_percpu_wq
11:33:49 PM     0    267327      1.00      0.00  kworker/10:1-mm_percpu_wq
11:33:49 PM     0    284068      1.00      0.00  kworker/7:0-mm_percpu_wq
11:33:49 PM     0    284482      2.00      0.00  iostat
11:33:49 PM     0    284483      1.00      0.00  pidstat
11:33:49 PM     0    284484      5.00      0.00  bash
11:33:49 PM     0    284485      8.00      1.00  bash
11:33:49 PM     0    284486      4.00      0.00  bash
11:33:49 PM     0    284731      1.00      0.00  sleep
11:33:49 PM     0    284742      1.00      0.00  sleep
11:33:49 PM     0    284743      1.00      0.00  sleep

11:33:49 PM   UID       PID   cswch/s nvcswch/s  Command
11:33:50 PM     0        17     20.00      0.00  rcu_preempt
11:33:50 PM     0        18      1.00      0.00  migration/0
11:33:50 PM     0        23      1.00      0.00  migration/1
11:33:50 PM     0        29      2.00      0.00  migration/2
11:33:50 PM     0        35      1.00      0.00  migration/3
11:33:50 PM     0        36      2.00      1.00  ksoftirqd/3
11:33:50 PM     0        41      1.00      0.00  migration/4
11:33:50 PM     0        42      1.00      0.00  ksoftirqd/4
11:33:50 PM     0        47      2.00      0.00  migration/5
11:33:50 PM     0        48      1.00      0.00  ksoftirqd/5
11:33:50 PM     0        53      1.00      0.00  migration/6
11:33:50 PM     0        59      1.00      0.00  migration/7
11:33:50 PM     0        65      1.00      0.00  migration/8
11:33:50 PM     0        71      1.00      0.00  migration/9
11:33:50 PM     0        77      2.00      0.00  migration/10
11:33:50 PM     0        83      1.00      0.00  migration/11
11:33:50 PM     0        95      2.00      0.00  kcompactd0
11:33:50 PM     0       415      2.00      0.00  systemd-journal
11:33:50 PM     0       453      1.00      0.00  multipathd
11:33:50 PM     0    230433      1.00      0.00  kworker/0:1-events
11:33:50 PM     0    230457      2.00      0.00  kworker/1:2-mm_percpu_wq
11:33:50 PM     0    230483      2.00      0.00  kworker/5:0-events
11:33:50 PM     0    238099      2.00      0.00  kworker/u24:1-writeback
11:33:50 PM     0    238283  68689.00     21.00  kworker/2:1-dio/nvme0n1p2
11:33:50 PM     0    239073      4.00      0.00  kworker/4:2-mm_percpu_wq
11:33:50 PM     0    241714      5.00      0.00  kworker/3:1-mm_percpu_wq
11:33:50 PM     0    255927      3.00      0.00  kworker/u24:0-events_power_efficient
11:33:50 PM     0    266197      1.00      0.00  kworker/6:2-events
11:33:50 PM     0    266533      1.00      0.00  kworker/11:2-events
11:33:50 PM     0    267327      1.00      0.00  kworker/10:1-mm_percpu_wq
11:33:50 PM     0    284068      1.00      0.00  kworker/7:0-mm_percpu_wq
11:33:50 PM     0    284482      1.00      0.00  iostat
11:33:50 PM     0    284483      2.00      0.00  pidstat
11:33:50 PM     0    284484      6.00      0.00  bash
11:33:50 PM     0    284485      9.00      0.00  bash
11:33:50 PM     0    284486      5.00      0.00  bash
11:33:50 PM     0    284747      2.00      0.00  sleep
11:33:50 PM     0    284757      1.00      0.00  sleep
11:33:50 PM     0    284759      1.00      0.00  sleep

11:33:50 PM   UID       PID   cswch/s nvcswch/s  Command
11:33:51 PM     0        17     17.00      0.00  rcu_preempt
11:33:51 PM     0        29      1.00      0.00  migration/2
11:33:51 PM     0        36      2.00      0.00  ksoftirqd/3
11:33:51 PM     0        48      1.00      0.00  ksoftirqd/5
11:33:51 PM     0        95      2.00      0.00  kcompactd0
11:33:51 PM     0       453      1.00      0.00  multipathd
11:33:51 PM     0    230433      1.00      0.00  kworker/0:1-events
11:33:51 PM     0    230456      2.00      0.00  kworker/8:2-events
11:33:51 PM     0    230483      5.00      0.00  kworker/5:0-events
11:33:51 PM     0    238099      2.00      0.00  kworker/u24:1-events_unbound
11:33:51 PM     0    238283  68774.00     21.00  kworker/2:1-dio/nvme0n1p2
11:33:51 PM     0    239073      1.00      0.00  kworker/4:2-events
11:33:51 PM     0    240331      2.00      0.00  kworker/9:2-events
11:33:51 PM     0    241714      3.00      0.00  kworker/3:1-mm_percpu_wq
11:33:51 PM     0    266197      1.00      0.00  kworker/6:2-mm_percpu_wq
11:33:51 PM     0    266533      2.00      0.00  kworker/11:2-events
11:33:51 PM     0    284482      1.00      0.00  iostat
11:33:51 PM     0    284483      1.00      0.00  pidstat
11:33:51 PM     0    284484      4.00      0.00  bash
11:33:51 PM     0    284485      8.00      0.00  bash
11:33:51 PM     0    284486      4.00      0.00  bash
11:33:51 PM     0    284762      1.00      0.00  sleep
11:33:51 PM     0    284773      1.00      0.00  sleep
11:33:51 PM     0    284774      1.00      0.00  sleep

11:33:51 PM   UID       PID   cswch/s nvcswch/s  Command
11:33:52 PM     0        16      1.00      0.00  ksoftirqd/0
11:33:52 PM     0        17     18.00      0.00  rcu_preempt
11:33:52 PM     0        24      1.00      0.00  ksoftirqd/1
11:33:52 PM     0        77      1.00      0.00  migration/10
11:33:52 PM     0        84      1.00      0.00  ksoftirqd/11
11:33:52 PM     0        95      2.00      0.00  kcompactd0
11:33:52 PM     0       453      1.00      0.00  multipathd
11:33:52 PM     0    230433      1.00      0.00  kworker/0:1-mm_percpu_wq
11:33:52 PM     0    230456      2.00      0.00  kworker/8:2-mm_percpu_wq
11:33:52 PM     0    230457      1.00      0.00  kworker/1:2-mm_percpu_wq
11:33:52 PM     0    238099      1.00      0.00  kworker/u24:1-edac-poller
11:33:52 PM     0    238283  68700.00     20.00  kworker/2:1-dio/nvme0n1p2
11:33:52 PM     0    239073      2.00      0.00  kworker/4:2-mm_percpu_wq
11:33:52 PM     0    241714      3.00      0.00  kworker/3:1-mm_percpu_wq
11:33:52 PM     0    266197      1.00      0.00  kworker/6:2-events
11:33:52 PM     0    266533      3.00      0.00  kworker/11:2-mm_percpu_wq
11:33:52 PM     0    284068      1.00      0.00  kworker/7:0-mm_percpu_wq
11:33:52 PM     0    284482      1.00      0.00  iostat
11:33:52 PM     0    284483      1.00      0.00  pidstat
11:33:52 PM     0    284484      5.00      0.00  bash
11:33:52 PM     0    284485      8.00      0.00  bash
11:33:52 PM     0    284486      4.00      1.00  bash
11:33:52 PM     0    284777      1.00      0.00  sleep
11:33:52 PM     0    284787      1.00      1.00  sleep
11:33:52 PM     0    284789      1.00      0.00  sleep

11:33:52 PM   UID       PID   cswch/s nvcswch/s  Command
11:33:53 PM     0        16      1.00      0.00  ksoftirqd/0
11:33:53 PM     0        17     20.00      0.00  rcu_preempt
11:33:53 PM     0        36      2.00      0.00  ksoftirqd/3
11:33:53 PM     0        48      1.00      0.00  ksoftirqd/5
11:33:53 PM     0        78      1.00      0.00  ksoftirqd/10
11:33:53 PM     0        95      2.00      0.00  kcompactd0
11:33:53 PM     0       453      1.00      0.00  multipathd
11:33:53 PM     0     21554      1.00      0.00  packagekitd
11:33:53 PM     0    230433      3.00      0.00  kworker/0:1-events
11:33:53 PM     0    230456      1.00      0.00  kworker/8:2-events
11:33:53 PM     0    230457      1.00      0.00  kworker/1:2-mm_percpu_wq
11:33:53 PM     0    230483      2.00      0.00  kworker/5:0-events
11:33:53 PM     0    238099      2.00      0.00  kworker/u24:1-events_unbound
11:33:53 PM     0    238283  68754.00     18.00  kworker/2:1-dio/nvme0n1p2
11:33:53 PM     0    239073      3.00      0.00  kworker/4:2-mm_percpu_wq
11:33:53 PM     0    240331      2.00      0.00  kworker/9:2-mm_percpu_wq
11:33:53 PM     0    241714      5.00      0.00  kworker/3:1-events
11:33:53 PM     0    266197      1.00      0.00  kworker/6:2-events
11:33:53 PM     0    266533      1.00      0.00  kworker/11:2-mm_percpu_wq
11:33:53 PM     0    267327      2.00      0.00  kworker/10:1-events
11:33:53 PM     0    284482      1.00      0.00  iostat
11:33:53 PM     0    284483      1.00      0.00  pidstat
11:33:53 PM     0    284484      5.00      0.00  bash
11:33:53 PM     0    284485      8.00      1.00  bash
11:33:53 PM     0    284486      4.00      0.00  bash
11:33:53 PM     0    284792      1.00      0.00  sleep
11:33:53 PM     0    284803      1.00      0.00  sleep
11:33:53 PM     0    284804      1.00      0.00  sleep

11:33:53 PM   UID       PID   cswch/s nvcswch/s  Command
11:33:54 PM     0        17     26.00      0.00  rcu_preempt
11:33:54 PM     0        18      1.00      0.00  migration/0
11:33:54 PM     0        23      1.00      0.00  migration/1
11:33:54 PM     0        24      1.00      0.00  ksoftirqd/1
11:33:54 PM     0        29      1.00      0.00  migration/2
11:33:54 PM     0        30      5.00      0.00  ksoftirqd/2
11:33:54 PM     0        35      1.00      0.00  migration/3
11:33:54 PM     0        36      2.00      0.00  ksoftirqd/3
11:33:54 PM     0        41      1.00      0.00  migration/4
11:33:54 PM     0        42      1.00      0.00  ksoftirqd/4
11:33:54 PM     0        47      1.00      0.00  migration/5
11:33:54 PM     0        53      1.00      0.00  migration/6
11:33:54 PM     0        59      1.00      0.00  migration/7
11:33:54 PM     0        65      1.00      0.00  migration/8
11:33:54 PM     0        71      1.00      0.00  migration/9
11:33:54 PM     0        77      2.00      0.00  migration/10
11:33:54 PM     0        83      1.00      0.00  migration/11
11:33:54 PM     0        84      1.00      0.00  ksoftirqd/11
11:33:54 PM     0        95      2.00      0.00  kcompactd0
11:33:54 PM     0       113      2.00      0.00  kworker/5:1H-kblockd
11:33:54 PM     0       188      2.00      0.00  kworker/2:1H-xfs-log/nvme0n1p2
11:33:54 PM     0       359      6.00      0.00  jbd2/nvme1n1p2-8
11:33:54 PM     0       415      1.00      0.00  systemd-journal
11:33:54 PM     0       453      1.00      0.00  multipathd
11:33:54 PM     0       562      3.00      0.00  jbd2/nvme1n1p3-8
11:33:54 PM     0    230433      3.00      0.00  kworker/0:1-mm_percpu_wq
11:33:54 PM     0    230456      1.00      0.00  kworker/8:2-mm_percpu_wq
11:33:54 PM     0    230457      2.00      0.00  kworker/1:2-mm_percpu_wq
11:33:54 PM     0    230483      2.00      0.00  kworker/5:0-mm_percpu_wq
11:33:54 PM     0    238099      4.00      0.00  kworker/u24:1-ext4-rsv-conversion
11:33:54 PM     0    238283  67779.00     36.00  kworker/2:1-dio/nvme0n1p2
11:33:54 PM     0    239073      6.00      0.00  kworker/4:2-mm_percpu_wq
11:33:54 PM     0    240331      1.00      0.00  kworker/9:2-mm_percpu_wq
11:33:54 PM     0    241714      5.00      0.00  kworker/3:1-mm_percpu_wq
11:33:54 PM     0    245320      2.00      0.00  kworker/u24:2-flush-259:1
11:33:54 PM     0    255927      6.00      0.00  kworker/u24:0-xfs-cil/nvme0n1p2
11:33:54 PM     0    266197      2.00      0.00  kworker/6:2-mm_percpu_wq
11:33:54 PM     0    266533      2.00      0.00  kworker/11:2-mm_percpu_wq
11:33:54 PM     0    267327      2.00      0.00  kworker/10:1-mm_percpu_wq
11:33:54 PM     0    284068      3.00      0.00  kworker/7:0-mm_percpu_wq
11:33:54 PM     0    284482      2.00      0.00  iostat
11:33:54 PM     0    284483      1.00      0.00  pidstat
11:33:54 PM     0    284484      5.00      0.00  bash
11:33:54 PM     0    284485      7.00      0.00  bash
11:33:54 PM     0    284486      4.00      0.00  bash
11:33:54 PM     0    284807      1.00      0.00  sleep
11:33:54 PM     0    284818      1.00      0.00  sleep
11:33:54 PM     0    284819      1.00      0.00  sleep

11:33:54 PM   UID       PID   cswch/s nvcswch/s  Command
11:33:55 PM     0        16      1.00      0.00  ksoftirqd/0
11:33:55 PM     0        17     20.00      0.00  rcu_preempt
11:33:55 PM     0        23      1.00      0.00  migration/1
11:33:55 PM     0        29      1.00      0.00  migration/2
11:33:55 PM     0        42      2.00      0.00  ksoftirqd/4
11:33:55 PM     0        59      1.00      0.00  migration/7
11:33:55 PM     0        60      1.00      0.00  ksoftirqd/7
11:33:55 PM     0        95      2.00      0.00  kcompactd0
11:33:55 PM     0       415      2.00      0.00  systemd-journal
11:33:55 PM     0       453      1.00      0.00  multipathd
11:33:55 PM     0    230433      2.00      0.00  kworker/0:1-mm_percpu_wq
11:33:55 PM     0    230456      2.00      0.00  kworker/8:2-mm_percpu_wq
11:33:55 PM     0    230457      1.00      0.00  kworker/1:2-mm_percpu_wq
11:33:55 PM     0    230483      1.00      0.00  kworker/5:0-events
11:33:55 PM     0    238283  68509.00     13.00  kworker/2:1-dio/nvme0n1p2
11:33:55 PM     0    239073      7.00      0.00  kworker/4:2-events
11:33:55 PM     0    241714      3.00      0.00  kworker/3:1-mm_percpu_wq
11:33:55 PM     0    245320      3.00      0.00  kworker/u24:2-events_unbound
11:33:55 PM     0    255927      1.00      0.00  kworker/u24:0-writeback
11:33:55 PM     0    266533      1.00      0.00  kworker/11:2-mm_percpu_wq
11:33:55 PM     0    284482      1.00      0.00  iostat
11:33:55 PM     0    284483      2.00      0.00  pidstat
11:33:55 PM     0    284484      6.00      0.00  bash
11:33:55 PM     0    284485      9.00      0.00  bash
11:33:55 PM     0    284486      5.00      0.00  bash
11:33:55 PM     0    284823      2.00      0.00  sleep
11:33:55 PM     0    284834      1.00      0.00  sleep
11:33:55 PM     0    284835      1.00      0.00  sleep

11:33:55 PM   UID       PID   cswch/s nvcswch/s  Command
11:33:56 PM     0        16      1.00      0.00  ksoftirqd/0
11:33:56 PM     0        17     18.00      0.00  rcu_preempt
11:33:56 PM     0        29      1.00      0.00  migration/2
11:33:56 PM     0        42      1.00      0.00  ksoftirqd/4
11:33:56 PM     0        95      2.00      0.00  kcompactd0
11:33:56 PM     0       188      1.00      0.00  kworker/2:1H-kblockd
11:33:56 PM     0       453      1.00      0.00  multipathd
11:33:56 PM     0    230433      4.00      0.00  kworker/0:1-events
11:33:56 PM     0    230456      2.00      0.00  kworker/8:2-events
11:33:56 PM     0    230457      3.00      0.00  kworker/1:2-events
11:33:56 PM     0    230483      1.00      0.00  kworker/5:0-mm_percpu_wq
11:33:56 PM     0    238283  68765.00     16.00  kworker/2:1-dio/nvme0n1p2
11:33:56 PM     0    239073      6.00      0.00  kworker/4:2-mm_percpu_wq
11:33:56 PM     0    240331      2.00      0.00  kworker/9:2-events
11:33:56 PM     0    241714      3.00      0.00  kworker/3:1-events
11:33:56 PM     0    245320      1.00      0.00  kworker/u24:2-events_power_efficient
11:33:56 PM     0    255927      2.00      0.00  kworker/u24:0-edac-poller
11:33:56 PM     0    266197      1.00      0.00  kworker/6:2-mm_percpu_wq
11:33:56 PM     0    267327      3.00      0.00  kworker/10:1-events
11:33:56 PM     0    284068      1.00      0.00  kworker/7:0-mm_percpu_wq
11:33:56 PM     0    284482      1.00      0.00  iostat
11:33:56 PM     0    284483      1.00      0.00  pidstat
11:33:56 PM     0    284484      5.00      0.00  bash
11:33:56 PM     0    284485      7.00      0.00  bash
11:33:56 PM     0    284486      4.00      0.00  bash
11:33:56 PM     0    284838      1.00      0.00  sleep
11:33:56 PM     0    284849      1.00      0.00  sleep
11:33:56 PM     0    284850      1.00      0.00  sleep

11:33:56 PM   UID       PID   cswch/s nvcswch/s  Command
11:33:57 PM     0        17     16.00      0.00  rcu_preempt
11:33:57 PM     0        24      2.00      0.00  ksoftirqd/1
11:33:57 PM     0        42      1.00      0.00  ksoftirqd/4
11:33:57 PM     0        78      1.00      0.00  ksoftirqd/10
11:33:57 PM     0        95      2.00      0.00  kcompactd0
11:33:57 PM     0       453      1.00      0.00  multipathd
11:33:57 PM     0    230433      1.00      0.00  kworker/0:1-mm_percpu_wq
11:33:57 PM     0    230456      2.00      0.00  kworker/8:2-mm_percpu_wq
11:33:57 PM     0    230457      1.00      0.00  kworker/1:2-events
11:33:57 PM     0    230483      1.00      0.00  kworker/5:0-mm_percpu_wq
11:33:57 PM     0    238283  68718.00     15.00  kworker/2:1-dio/nvme0n1p2
11:33:57 PM     0    239073      2.00      0.00  kworker/4:2-mm_percpu_wq
11:33:57 PM     0    240331      1.00      0.00  kworker/9:2-mm_percpu_wq
11:33:57 PM     0    241714      2.00      0.00  kworker/3:1-events
11:33:57 PM     0    255927      1.00      0.00  kworker/u24:0-edac-poller
11:33:57 PM     0    266197      1.00      0.00  kworker/6:2-events
11:33:57 PM     0    267327      5.00      0.00  kworker/10:1-mm_percpu_wq
11:33:57 PM     0    284482      1.00      0.00  iostat
11:33:57 PM     0    284483      1.00      0.00  pidstat
11:33:57 PM     0    284484      5.00      0.00  bash
11:33:57 PM     0    284485      7.00      0.00  bash
11:33:57 PM     0    284486      4.00      0.00  bash
11:33:57 PM     0    284853      1.00      0.00  sleep
11:33:57 PM     0    284864      1.00      0.00  sleep
11:33:57 PM     0    284865      1.00      1.00  sleep

11:33:57 PM   UID       PID   cswch/s nvcswch/s  Command
11:33:58 PM     0        17     22.00      0.00  rcu_preempt
11:33:58 PM     0        18      1.00      0.00  migration/0
11:33:58 PM     0        23      1.00      0.00  migration/1
11:33:58 PM     0        24      2.00      0.00  ksoftirqd/1
11:33:58 PM     0        29      2.00      0.00  migration/2
11:33:58 PM     0        35      1.00      0.00  migration/3
11:33:58 PM     0        41      1.00      0.00  migration/4
11:33:58 PM     0        42      1.00      0.00  ksoftirqd/4
11:33:58 PM     0        47      1.00      0.00  migration/5
11:33:58 PM     0        48      1.00      0.00  ksoftirqd/5
11:33:58 PM     0        53      1.00      0.00  migration/6
11:33:58 PM     0        59      1.00      0.00  migration/7
11:33:58 PM     0        65      1.00      0.00  migration/8
11:33:58 PM     0        66      1.00      0.00  ksoftirqd/8
11:33:58 PM     0        71      1.00      0.00  migration/9
11:33:58 PM     0        77      1.00      0.00  migration/10
11:33:58 PM     0        83      1.00      0.00  migration/11
11:33:58 PM     0        95      2.00      0.00  kcompactd0
11:33:58 PM     0       453      1.00      0.00  multipathd
11:33:58 PM     0    230433      1.00      0.00  kworker/0:1-events
11:33:58 PM     0    230456      2.00      0.00  kworker/8:2-events
11:33:58 PM     0    230457      3.00      0.00  kworker/1:2-mm_percpu_wq
11:33:58 PM     0    230483      2.00      0.00  kworker/5:0-events
11:33:58 PM     0    238283  68364.00     14.00  kworker/2:1-dio/nvme0n1p2
11:33:58 PM     0    239073      4.00      0.00  kworker/4:2-mm_percpu_wq
11:33:58 PM     0    240331      2.00      0.00  kworker/9:2-mm_percpu_wq
11:33:58 PM     0    241714      1.00      0.00  kworker/3:1-mm_percpu_wq
11:33:58 PM     0    255927      2.00      0.00  kworker/u24:0-edac-poller
11:33:58 PM     0    266197      1.00      0.00  kworker/6:2-events
11:33:58 PM     0    267327      4.00      0.00  kworker/10:1-events
11:33:58 PM     0    284068      1.00      0.00  kworker/7:0-mm_percpu_wq
11:33:58 PM     0    284482      1.00      0.00  iostat
11:33:58 PM     0    284483      1.00      0.00  pidstat
11:33:58 PM     0    284484      5.00      0.00  bash
11:33:58 PM     0    284485      7.00      0.00  bash
11:33:58 PM     0    284486      4.00      0.00  bash
11:33:58 PM     0    284868      1.00      0.00  sleep
11:33:58 PM     0    284878      1.00      0.00  sleep
11:33:58 PM     0    284880      1.00      0.00  sleep

11:33:58 PM   UID       PID   cswch/s nvcswch/s  Command
11:33:59 PM     0        16      1.00      0.00  ksoftirqd/0
11:33:59 PM     0        17     29.00      0.00  rcu_preempt
11:33:59 PM     0        24      2.00      0.00  ksoftirqd/1
11:33:59 PM     0        29      1.00      0.00  migration/2
11:33:59 PM     0        30      2.00     41.00  ksoftirqd/2
11:33:59 PM     0        41      1.00      0.00  migration/4
11:33:59 PM     0        42      1.00      0.00  ksoftirqd/4
11:33:59 PM     0        48      1.00      0.00  ksoftirqd/5
11:33:59 PM     0        66      1.00      0.00  ksoftirqd/8
11:33:59 PM     0        78      1.00      0.00  ksoftirqd/10
11:33:59 PM     0        95      2.00      0.00  kcompactd0
11:33:59 PM     0       172      1.00      0.00  kworker/3:1H-kblockd
11:33:59 PM     0       188      1.00      0.00  kworker/2:1H-xfs-log/nvme0n1p2
11:33:59 PM     0       359      3.00      0.00  jbd2/nvme1n1p2-8
11:33:59 PM     0       415      1.00      0.00  systemd-journal
11:33:59 PM     0       453      1.00      0.00  multipathd
11:33:59 PM     0       562      6.00      0.00  jbd2/nvme1n1p3-8
11:33:59 PM     0    230433      5.00      0.00  kworker/0:1-mm_percpu_wq
11:33:59 PM     0    230456      4.00      0.00  kworker/8:2-mm_percpu_wq
11:33:59 PM     0    230457      5.00      0.00  kworker/1:2-mm_percpu_wq
11:33:59 PM     0    230483      2.00      0.00  kworker/5:0-mm_percpu_wq
11:33:59 PM     0    238099      3.00      0.00  kworker/u24:1-xfs-cil/nvme0n1p2
11:33:59 PM     0    238283  67639.00    174.00  kworker/2:1-dio/nvme0n1p2
11:33:59 PM     0    239073      3.00      0.00  kworker/4:2-mm_percpu_wq
11:33:59 PM     0    240331      2.00      0.00  kworker/9:2-mm_percpu_wq
11:33:59 PM     0    241714      2.00      0.00  kworker/3:1-mm_percpu_wq
11:33:59 PM     0    245320      5.00      0.00  kworker/u24:2-ext4-rsv-conversion
11:33:59 PM     0    255927      5.00      0.00  kworker/u24:0-flush-259:1
11:33:59 PM     0    266197      2.00      0.00  kworker/6:2-mm_percpu_wq
11:33:59 PM     0    266533      1.00      0.00  kworker/11:2-mm_percpu_wq
11:33:59 PM     0    267327      3.00      0.00  kworker/10:1-mm_percpu_wq
11:33:59 PM     0    284068      1.00      0.00  kworker/7:0-mm_percpu_wq
11:33:59 PM     0    284482      2.00      0.00  iostat
11:33:59 PM     0    284483      1.00      0.00  pidstat
11:33:59 PM     0    284484      5.00      0.00  bash
11:33:59 PM     0    284485      8.00      0.00  bash
11:33:59 PM     0    284486      4.00      0.00  bash
11:33:59 PM     0    284883      1.00      0.00  sleep
11:33:59 PM     0    284893      1.00      0.00  sleep
11:33:59 PM     0    284895      1.00      0.00  sleep

11:33:59 PM   UID       PID   cswch/s nvcswch/s  Command
11:34:00 PM     0        17     22.00      0.00  rcu_preempt
11:34:00 PM     0        18      1.00      0.00  migration/0
11:34:00 PM     0        24      2.00      0.00  ksoftirqd/1
11:34:00 PM     0        48      1.00      0.00  ksoftirqd/5
11:34:00 PM     0        53      1.00      0.00  migration/6
11:34:00 PM     0        95      2.00      0.00  kcompactd0
11:34:00 PM     0       415      2.00      0.00  systemd-journal
11:34:00 PM     0       453      1.00      0.00  multipathd
11:34:00 PM     0    230433      1.00      0.00  kworker/0:1-events
11:34:00 PM     0    230456      1.00      0.00  kworker/8:2-mm_percpu_wq
11:34:00 PM     0    230457      4.00      0.00  kworker/1:2-events
11:34:00 PM     0    230483      1.00      0.00  kworker/5:0-mm_percpu_wq
11:34:00 PM     0    238099      1.00      0.00  kworker/u24:1-writeback
11:34:00 PM     0    238283  68551.00      7.00  kworker/2:1-dio/nvme0n1p2
11:34:00 PM     0    239073      3.00      0.00  kworker/4:2-mm_percpu_wq
11:34:00 PM     0    240331      1.00      0.00  kworker/9:2-mm_percpu_wq
11:34:00 PM     0    241714      3.00      0.00  kworker/3:1-events
11:34:00 PM     0    245320      3.00      0.00  kworker/u24:2-edac-poller
11:34:00 PM     0    266197      2.00      0.00  kworker/6:2-events
11:34:00 PM     0    284068      2.00      0.00  kworker/7:0-events
11:34:00 PM     0    284482      1.00      0.00  iostat
11:34:00 PM     0    284483      2.00      0.00  pidstat
11:34:00 PM     0    284484      6.00      0.00  bash
11:34:00 PM     0    284485      9.00      0.00  bash
11:34:00 PM     0    284486      5.00      0.00  bash
11:34:00 PM     0    284899      2.00      0.00  sleep
11:34:00 PM     0    284909      1.00      0.00  sleep
11:34:00 PM     0    284911      1.00      0.00  sleep

11:34:00 PM   UID       PID   cswch/s nvcswch/s  Command
11:34:01 PM     0        17     18.00      0.00  rcu_preempt
11:34:01 PM     0        18      1.00      0.00  migration/0
11:34:01 PM     0        30      1.00      2.00  ksoftirqd/2
11:34:01 PM     0        35      1.00      0.00  migration/3
11:34:01 PM     0        42      2.00      0.00  ksoftirqd/4
11:34:01 PM     0        48      1.00      0.00  ksoftirqd/5
11:34:01 PM     0        72      1.00      0.00  ksoftirqd/9
11:34:01 PM     0        95      2.00      0.00  kcompactd0
11:34:01 PM     0       188      1.00      0.00  kworker/2:1H-kblockd
11:34:01 PM     0       453      1.00      0.00  multipathd
11:34:01 PM     0    230433      3.00      0.00  kworker/0:1-events
11:34:01 PM     0    230483      1.00      0.00  kworker/5:0-mm_percpu_wq
11:34:01 PM     0    238099      1.00      0.00  kworker/u24:1-writeback
11:34:01 PM     0    238283  68790.00     47.00  kworker/2:1-dio/nvme0n1p2
11:34:01 PM     0    239073      6.00      0.00  kworker/4:2-events
11:34:01 PM     0    240331      1.00      0.00  kworker/9:2-mm_percpu_wq
11:34:01 PM     0    241714      4.00      0.00  kworker/3:1-events
11:34:01 PM     0    245320      1.00      0.00  kworker/u24:2-events_power_efficient
11:34:01 PM     0    266197      1.00      0.00  kworker/6:2-mm_percpu_wq
11:34:01 PM     0    267327      3.00      0.00  kworker/10:1-events
11:34:01 PM     0    284068      1.00      0.00  kworker/7:0-mm_percpu_wq
11:34:01 PM     0    284482      1.00      0.00  iostat
11:34:01 PM     0    284483      1.00      0.00  pidstat
11:34:01 PM     0    284484      5.00      0.00  bash
11:34:01 PM     0    284485      8.00      1.00  bash
11:34:01 PM     0    284486      4.00      0.00  bash
11:34:01 PM     0    284914      1.00      0.00  sleep
11:34:01 PM     0    284924      1.00      0.00  sleep
11:34:01 PM     0    284926      1.00      0.00  sleep

11:34:01 PM   UID       PID   cswch/s nvcswch/s  Command
11:34:02 PM     0        17     21.00      0.00  rcu_preempt
11:34:02 PM     0        18      1.00      0.00  migration/0
11:34:02 PM     0        23      1.00      0.00  migration/1
11:34:02 PM     0        29      1.00      0.00  migration/2
11:34:02 PM     0        35      1.00      0.00  migration/3
11:34:02 PM     0        41      1.00      0.00  migration/4
11:34:02 PM     0        42      2.00      0.00  ksoftirqd/4
11:34:02 PM     0        47      1.00      0.00  migration/5
11:34:02 PM     0        53      1.00      0.00  migration/6
11:34:02 PM     0        59      2.00      0.00  migration/7
11:34:02 PM     0        60      1.00      0.00  ksoftirqd/7
11:34:02 PM     0        65      1.00      0.00  migration/8
11:34:02 PM     0        71      1.00      0.00  migration/9
11:34:02 PM     0        77      1.00      0.00  migration/10
11:34:02 PM     0        83      1.00      0.00  migration/11
11:34:02 PM     0        95      2.00      0.00  kcompactd0
11:34:02 PM     0       188      1.00      0.00  kworker/2:1H-kblockd
11:34:02 PM     0       453      1.00      0.00  multipathd
11:34:02 PM     0       769      4.00      0.00  cron
11:34:02 PM     0    230433      1.00      0.00  kworker/0:1-events
11:34:02 PM     0    230456      1.00      0.00  kworker/8:2-events
11:34:02 PM     0    230457      1.00      0.00  kworker/1:2-mm_percpu_wq
11:34:02 PM     0    230483      2.00      0.00  kworker/5:0-events
11:34:02 PM     0    238099      2.00      0.00  kworker/u24:1-edac-poller
11:34:02 PM     0    238283  68090.00     16.00  kworker/2:1-dio/nvme0n1p2
11:34:02 PM     0    239073      4.00      0.00  kworker/4:2-events
11:34:02 PM     0    240331      1.00      0.00  kworker/9:2-mm_percpu_wq
11:34:02 PM     0    241714      4.00      0.00  kworker/3:1-events
11:34:02 PM     0    266197      1.00      0.00  kworker/6:2-mm_percpu_wq
11:34:02 PM     0    266533      2.00      0.00  kworker/11:2-events
11:34:02 PM     0    284068      2.00      0.00  kworker/7:0-events
11:34:02 PM     0    284482      1.00      0.00  iostat
11:34:02 PM     0    284483      1.00      0.00  pidstat
11:34:02 PM     0    284484      5.00      1.00  bash
11:34:02 PM     0    284485      8.00      0.00  bash
11:34:02 PM     0    284486      4.00      0.00  bash
11:34:02 PM     0    284929      1.00      0.00  sleep
11:34:02 PM     0    284939      1.00      0.00  sleep
11:34:02 PM     0    284941      1.00      0.00  sleep

11:34:02 PM   UID       PID   cswch/s nvcswch/s  Command
11:34:03 PM     0        16      2.00      0.00  ksoftirqd/0
11:34:03 PM     0        17     20.00      0.00  rcu_preempt
11:34:03 PM     0        30      1.00      0.00  ksoftirqd/2
11:34:03 PM     0        36      2.00      0.00  ksoftirqd/3
11:34:03 PM     0        42      3.00      0.00  ksoftirqd/4
11:34:03 PM     0        72      1.00      0.00  ksoftirqd/9
11:34:03 PM     0        84      1.00      0.00  ksoftirqd/11
11:34:03 PM     0        95      2.00      0.00  kcompactd0
11:34:03 PM     0       453      1.00      0.00  multipathd
11:34:03 PM     0     21554      1.00      0.00  packagekitd
11:34:03 PM     0    230433      2.00      0.00  kworker/0:1-events
11:34:03 PM     0    230456      2.00      0.00  kworker/8:2-events
11:34:03 PM     0    230457      4.00      0.00  kworker/1:2-events
11:34:03 PM     0    230483      1.00      0.00  kworker/5:0-mm_percpu_wq
11:34:03 PM     0    238099      1.00      0.00  kworker/u24:1-edac-poller
11:34:03 PM     0    238283  68705.00     11.00  kworker/2:1-dio/nvme0n1p2
11:34:03 PM     0    239073      5.00      0.00  kworker/4:2-events
11:34:03 PM     0    240331      1.00      0.00  kworker/9:2-mm_percpu_wq
11:34:03 PM     0    241714      6.00      0.00  kworker/3:1-events
11:34:03 PM     0    266197      1.00      0.00  kworker/6:2-mm_percpu_wq
11:34:03 PM     0    266533      3.00      0.00  kworker/11:2-events
11:34:03 PM     0    284068      1.00      0.00  kworker/7:0-mm_percpu_wq
11:34:03 PM     0    284482      1.00      0.00  iostat
11:34:03 PM     0    284483      1.00      0.00  pidstat
11:34:03 PM     0    284484      5.00      0.00  bash
11:34:03 PM     0    284485      8.00      0.00  bash
11:34:03 PM     0    284486      4.00      0.00  bash
11:34:03 PM     0    284944      1.00      0.00  sleep
11:34:03 PM     0    284954      1.00      0.00  sleep
11:34:03 PM     0    284956      1.00      0.00  sleep

11:34:03 PM   UID       PID   cswch/s nvcswch/s  Command
11:34:04 PM     0        16      2.00      0.00  ksoftirqd/0
11:34:04 PM     0        17     25.00      0.00  rcu_preempt
11:34:04 PM     0        29      1.00      0.00  migration/2
11:34:04 PM     0        30      3.00      7.00  ksoftirqd/2
11:34:04 PM     0        36      1.00      0.00  ksoftirqd/3
11:34:04 PM     0        42      1.00      0.00  ksoftirqd/4
11:34:04 PM     0        48      1.00      0.00  ksoftirqd/5
11:34:04 PM     0        60      1.00      0.00  ksoftirqd/7
11:34:04 PM     0        95      2.00      0.00  kcompactd0
11:34:04 PM     0       113      1.00      0.00  kworker/5:1H-kblockd
11:34:04 PM     0       172      1.00      0.00  kworker/3:1H-kblockd
11:34:04 PM     0       188      1.00      0.00  kworker/2:1H-xfs-log/nvme0n1p2
11:34:04 PM     0       359      6.00      0.00  jbd2/nvme1n1p2-8
11:34:04 PM     0       415      1.00      0.00  systemd-journal
11:34:04 PM     0       453      1.00      0.00  multipathd
11:34:04 PM     0       562      3.00      0.00  jbd2/nvme1n1p3-8
11:34:04 PM     0    230433      6.00      0.00  kworker/0:1-events
11:34:04 PM     0    230456      1.00      0.00  kworker/8:2-mm_percpu_wq
11:34:04 PM     0    230457      2.00      0.00  kworker/1:2-mm_percpu_wq
11:34:04 PM     0    230483      3.00      0.00  kworker/5:0-mm_percpu_wq
11:34:04 PM     0    238099      4.00      0.00  kworker/u24:1-flush-259:1
11:34:04 PM     0    238283  68036.00     24.00  kworker/2:1-dio/nvme0n1p2
11:34:04 PM     0    239073      4.00      0.00  kworker/4:2-mm_percpu_wq
11:34:04 PM     0    240331      2.00      0.00  kworker/9:2-mm_percpu_wq
11:34:04 PM     0    241714      6.00      0.00  kworker/3:1-mm_percpu_wq
11:34:04 PM     0    245320      6.00      0.00  kworker/u24:2-xfs-cil/nvme0n1p2
11:34:04 PM     0    255927      4.00      0.00  kworker/u24:0-flush-259:1
11:34:04 PM     0    266197      2.00      0.00  kworker/6:2-mm_percpu_wq
11:34:04 PM     0    267327      2.00      0.00  kworker/10:1-mm_percpu_wq
11:34:04 PM     0    284068      2.00      0.00  kworker/7:0-mm_percpu_wq
11:34:04 PM     0    284482      2.00      0.00  iostat
11:34:04 PM     0    284483      1.00      0.00  pidstat
11:34:04 PM     0    284484      5.00      0.00  bash
11:34:04 PM     0    284485      8.00      0.00  bash
11:34:04 PM     0    284486      4.00      0.00  bash
11:34:04 PM     0    284959      1.00      0.00  sleep
11:34:04 PM     0    284969      1.00      0.00  sleep
11:34:04 PM     0    284971      1.00      0.00  sleep

11:34:04 PM   UID       PID   cswch/s nvcswch/s  Command
11:34:05 PM     0        17     20.00      0.00  rcu_preempt
11:34:05 PM     0        24      3.00      0.00  ksoftirqd/1
11:34:05 PM     0        29      1.00      0.00  migration/2
11:34:05 PM     0        48      1.00      0.00  ksoftirqd/5
11:34:05 PM     0        59      1.00      0.00  migration/7
11:34:05 PM     0        95      2.00      0.00  kcompactd0
11:34:05 PM     0       415      2.00      0.00  systemd-journal
11:34:05 PM     0       453      1.00      0.00  multipathd
11:34:05 PM     0    230433      1.00      0.00  kworker/0:1-mm_percpu_wq
11:34:05 PM     0    230457      4.00      0.00  kworker/1:2-events
11:34:05 PM     0    230483      4.00      0.00  kworker/5:0-events
11:34:05 PM     0    238283  68494.00     12.00  kworker/2:1-dio/nvme0n1p2
11:34:05 PM     0    239073      3.00      0.00  kworker/4:2-events
11:34:05 PM     0    240331      1.00      0.00  kworker/9:2-mm_percpu_wq
11:34:05 PM     0    241714      3.00      0.00  kworker/3:1-events
11:34:05 PM     0    245320      1.00      0.00  kworker/u24:2-writeback
11:34:05 PM     0    255927      2.00      0.00  kworker/u24:0-edac-poller
11:34:05 PM     0    266197      1.00      0.00  kworker/6:2-mm_percpu_wq
11:34:05 PM     0    284068      1.00      0.00  kworker/7:0-mm_percpu_wq
11:34:05 PM     0    284482      1.00      0.00  iostat
11:34:05 PM     0    284483      2.00      0.00  pidstat
11:34:05 PM     0    284484      6.00      0.00  bash
11:34:05 PM     0    284485      9.00      0.00  bash
11:34:05 PM     0    284486      5.00      0.00  bash
11:34:05 PM     0    284975      2.00      0.00  sleep
11:34:05 PM     0    284985      1.00      0.00  sleep
11:34:05 PM     0    284987      1.00      0.00  sleep

11:34:05 PM   UID       PID   cswch/s nvcswch/s  Command
11:34:06 PM     0        17     17.00      0.00  rcu_preempt
11:34:06 PM     0        18      1.00      0.00  migration/0
11:34:06 PM     0        23      1.00      0.00  migration/1
11:34:06 PM     0        29      2.00      0.00  migration/2
11:34:06 PM     0        35      1.00      0.00  migration/3
11:34:06 PM     0        36      1.00      0.00  ksoftirqd/3
11:34:06 PM     0        41      1.00      0.00  migration/4
11:34:06 PM     0        42      3.00      0.00  ksoftirqd/4
11:34:06 PM     0        47      1.00      0.00  migration/5
11:34:06 PM     0        53      1.00      0.00  migration/6
11:34:06 PM     0        59      1.00      0.00  migration/7
11:34:06 PM     0        65      1.00      0.00  migration/8
11:34:06 PM     0        71      1.00      0.00  migration/9
11:34:06 PM     0        77      1.00      0.00  migration/10
11:34:06 PM     0        83      1.00      0.00  migration/11
11:34:06 PM     0        84      2.00      0.00  ksoftirqd/11
11:34:06 PM     0        95      2.00      0.00  kcompactd0
11:34:06 PM     0       453      1.00      0.00  multipathd
11:34:06 PM     0    230433      1.00      0.00  kworker/0:1-events
11:34:06 PM     0    230457      3.00      0.00  kworker/1:2-events
11:34:06 PM     0    230483      1.00      0.00  kworker/5:0-mm_percpu_wq
11:34:06 PM     0    238283  68710.00     20.00  kworker/2:1-dio/nvme0n1p2
11:34:06 PM     0    239073      4.00      0.00  kworker/4:2-events
11:34:06 PM     0    240331      2.00      0.00  kworker/9:2-events
11:34:06 PM     0    241714      4.00      0.00  kworker/3:1-events
11:34:06 PM     0    245320      1.00      0.00  kworker/u24:2-writeback
11:34:06 PM     0    255927      4.00      0.00  kworker/u24:0-events_power_efficient
11:34:06 PM     0    266197      3.00      0.00  kworker/6:2-events
11:34:06 PM     0    266533      3.00      0.00  kworker/11:2-events
11:34:06 PM     0    267327      2.00      0.00  kworker/10:1-events
11:34:06 PM     0    284068      1.00      0.00  kworker/7:0-mm_percpu_wq
11:34:06 PM     0    284482      1.00      0.00  iostat
11:34:06 PM     0    284483      1.00      0.00  pidstat
11:34:06 PM     0    284484      5.00      0.00  bash
11:34:06 PM     0    284485      7.00      1.00  bash
11:34:06 PM     0    284486      4.00      0.00  bash
11:34:06 PM     0    284990      1.00      0.00  sleep
11:34:06 PM     0    285001      1.00      0.00  sleep
11:34:06 PM     0    285002      1.00      0.00  sleep

11:34:06 PM   UID       PID   cswch/s nvcswch/s  Command
11:34:07 PM     0        17     18.00      0.00  rcu_preempt
11:34:07 PM     0        29      1.00      0.00  migration/2
11:34:07 PM     0        36      1.00      0.00  ksoftirqd/3
11:34:07 PM     0        48      1.00      0.00  ksoftirqd/5
11:34:07 PM     0        60      1.00      0.00  ksoftirqd/7
11:34:07 PM     0        72      1.00      1.00  ksoftirqd/9
11:34:07 PM     0        84      1.00      0.00  ksoftirqd/11
11:34:07 PM     0        95      2.00      0.00  kcompactd0
11:34:07 PM     0       453      1.00      0.00  multipathd
11:34:07 PM     0    230433      1.00      0.00  kworker/0:1-mm_percpu_wq
11:34:07 PM     0    230456      1.00      0.00  kworker/8:2-events
11:34:07 PM     0    230457      2.00      0.00  kworker/1:2-events
11:34:07 PM     0    230483      2.00      0.00  kworker/5:0-mm_percpu_wq
11:34:07 PM     0    238283  68764.00     20.00  kworker/2:1-dio/nvme0n1p2
11:34:07 PM     0    239073      4.00      0.00  kworker/4:2-events
11:34:07 PM     0    240331      3.00      0.00  kworker/9:2-events
11:34:07 PM     0    241714      2.00      0.00  kworker/3:1-mm_percpu_wq
11:34:07 PM     0    245320      1.00      0.00  kworker/u24:2-edac-poller
11:34:07 PM     0    266197      2.00      0.00  kworker/6:2-events
11:34:07 PM     0    266533      2.00      0.00  kworker/11:2-events
11:34:07 PM     0    267327      1.00      0.00  kworker/10:1-mm_percpu_wq
11:34:07 PM     0    284068      2.00      0.00  kworker/7:0-events
11:34:07 PM     0    284482      1.00      0.00  iostat
11:34:07 PM     0    284483      1.00      0.00  pidstat
11:34:07 PM     0    284484      5.00      0.00  bash
11:34:07 PM     0    284485      7.00      0.00  bash
11:34:07 PM     0    284486      4.00      0.00  bash
11:34:07 PM     0    285005      1.00      0.00  sleep
11:34:07 PM     0    285016      1.00      0.00  sleep
11:34:07 PM     0    285017      1.00      0.00  sleep

11:34:07 PM   UID       PID   cswch/s nvcswch/s  Command
11:34:08 PM     0        16      2.00      0.00  ksoftirqd/0
11:34:08 PM     0        17     18.00      0.00  rcu_preempt
11:34:08 PM     0        24      1.00      0.00  ksoftirqd/1
11:34:08 PM     0        36      1.00      0.00  ksoftirqd/3
11:34:08 PM     0        48      1.00      0.00  ksoftirqd/5
11:34:08 PM     0        95      2.00      0.00  kcompactd0
11:34:08 PM     0       113      1.00      0.00  kworker/5:1H-kblockd
11:34:08 PM     0       188      1.00      0.00  kworker/2:1H-kblockd
11:34:08 PM     0       453      1.00      0.00  multipathd
11:34:08 PM     0    230433      2.00      0.00  kworker/0:1-events
11:34:08 PM     0    230456      1.00      0.00  kworker/8:2-mm_percpu_wq
11:34:08 PM     0    230457      3.00      0.00  kworker/1:2-events
11:34:08 PM     0    230483      2.00      0.00  kworker/5:0-events
11:34:08 PM     0    238283  68707.00     13.00  kworker/2:1-dio/nvme0n1p2
11:34:08 PM     0    239073      3.00      0.00  kworker/4:2-events
11:34:08 PM     0    240331      1.00      0.00  kworker/9:2-mm_percpu_wq
11:34:08 PM     0    241714      3.00      0.00  kworker/3:1-mm_percpu_wq
11:34:08 PM     0    245320      2.00      0.00  kworker/u24:2-edac-poller
11:34:08 PM     0    266533      2.00      0.00  kworker/11:2-events
11:34:08 PM     0    267327      1.00      0.00  kworker/10:1-mm_percpu_wq
11:34:08 PM     0    284068      1.00      0.00  kworker/7:0-mm_percpu_wq
11:34:08 PM     0    284482      1.00      0.00  iostat
11:34:08 PM     0    284483      1.00      0.00  pidstat
11:34:08 PM     0    284484      5.00      0.00  bash
11:34:08 PM     0    284485      8.00      0.00  bash
11:34:08 PM     0    284486      4.00      0.00  bash
11:34:08 PM     0    285020      1.00      0.00  sleep
11:34:08 PM     0    285031      1.00      0.00  sleep
11:34:08 PM     0    285032      1.00      0.00  sleep

11:34:08 PM   UID       PID   cswch/s nvcswch/s  Command
11:34:09 PM     0        16      2.00      1.00  ksoftirqd/0
11:34:09 PM     0        17     25.00      0.00  rcu_preempt
11:34:09 PM     0        24      2.00      0.00  ksoftirqd/1
11:34:09 PM     0        29      1.00      0.00  migration/2
11:34:09 PM     0        30      2.00     17.00  ksoftirqd/2
11:34:09 PM     0        35      1.00      0.00  migration/3
11:34:09 PM     0        41      1.00      0.00  migration/4
11:34:09 PM     0        83      1.00      0.00  migration/11
11:34:09 PM     0        95      2.00      0.00  kcompactd0
11:34:09 PM     0       187      4.00      0.00  kworker/0:1H-kblockd
11:34:09 PM     0       188      1.00      0.00  kworker/2:1H-xfs-log/nvme0n1p2
11:34:09 PM     0       359      6.00      0.00  jbd2/nvme1n1p2-8
11:34:09 PM     0       415      1.00      0.00  systemd-journal
11:34:09 PM     0       453      1.00      0.00  multipathd
11:34:09 PM     0       562      3.00      0.00  jbd2/nvme1n1p3-8
11:34:09 PM     0    230433      5.00      0.00  kworker/0:1-mm_percpu_wq
11:34:09 PM     0    230456      2.00      0.00  kworker/8:2-mm_percpu_wq
11:34:09 PM     0    230457      3.00      0.00  kworker/1:2-mm_percpu_wq
11:34:09 PM     0    230483      3.00      0.00  kworker/5:0-mm_percpu_wq
11:34:09 PM     0    238099      7.00      0.00  kworker/u24:1-flush-259:1
11:34:09 PM     0    238283  67876.00    135.00  kworker/2:1-dio/nvme0n1p2
11:34:09 PM     0    239073      3.00      0.00  kworker/4:2-mm_percpu_wq
11:34:09 PM     0    240331      2.00      0.00  kworker/9:2-mm_percpu_wq
11:34:09 PM     0    241714      2.00      0.00  kworker/3:1-mm_percpu_wq
11:34:09 PM     0    245320      6.00      0.00  kworker/u24:2-xfs-cil/nvme0n1p2
11:34:09 PM     0    255927      1.00      0.00  kworker/u24:0-flush-259:1
11:34:09 PM     0    266197      1.00      0.00  kworker/6:2-mm_percpu_wq
11:34:09 PM     0    266533      3.00      0.00  kworker/11:2-mm_percpu_wq
11:34:09 PM     0    267327      2.00      0.00  kworker/10:1-mm_percpu_wq
11:34:09 PM     0    284068      1.00      0.00  kworker/7:0-mm_percpu_wq
11:34:09 PM     0    284482      2.00      0.00  iostat
11:34:09 PM     0    284483      1.00      0.00  pidstat
11:34:09 PM     0    284484      5.00      0.00  bash
11:34:09 PM     0    284485      8.00      0.00  bash
11:34:09 PM     0    284486      4.00      0.00  bash
11:34:09 PM     0    285035      1.00      0.00  sleep
11:34:09 PM     0    285046      1.00      0.00  sleep
11:34:09 PM     0    285047      1.00      0.00  sleep

11:34:09 PM   UID       PID   cswch/s nvcswch/s  Command
11:34:10 PM     0        16      1.00      0.00  ksoftirqd/0
11:34:10 PM     0        17     22.00      0.00  rcu_preempt
11:34:10 PM     0        18      1.00      0.00  migration/0
11:34:10 PM     0        23      1.00      0.00  migration/1
11:34:10 PM     0        29      2.00      0.00  migration/2
11:34:10 PM     0        35      3.00      0.00  migration/3
11:34:10 PM     0        41      1.00      0.00  migration/4
11:34:10 PM     0        47      1.00      0.00  migration/5
11:34:10 PM     0        48      1.00      0.00  ksoftirqd/5
11:34:10 PM     0        53      1.00      0.00  migration/6
11:34:10 PM     0        59      1.00      0.00  migration/7
11:34:10 PM     0        65      1.00      0.00  migration/8
11:34:10 PM     0        66      1.00      0.00  ksoftirqd/8
11:34:10 PM     0        71      1.00      0.00  migration/9
11:34:10 PM     0        77      1.00      0.00  migration/10
11:34:10 PM     0        83      1.00      0.00  migration/11
11:34:10 PM     0        95      2.00      0.00  kcompactd0
11:34:10 PM     0       415      2.00      0.00  systemd-journal
11:34:10 PM     0       453      1.00      0.00  multipathd
11:34:10 PM     0    230433      2.00      0.00  kworker/0:1-events
11:34:10 PM     0    230456      1.00      0.00  kworker/8:2-mm_percpu_wq
11:34:10 PM     0    230457      3.00      0.00  kworker/1:2-events
11:34:10 PM     0    230483      4.00      0.00  kworker/5:0-events
11:34:10 PM     0    238099      2.00      0.00  kworker/u24:1-events_unbound
11:34:10 PM     0    238283  68005.00     15.00  kworker/2:1-dio/nvme0n1p2
11:34:10 PM     0    239073      1.00      0.00  kworker/4:2-mm_percpu_wq
11:34:10 PM     0    240331      1.00      0.00  kworker/9:2-mm_percpu_wq
11:34:10 PM     0    241714      4.00      0.00  kworker/3:1-events
11:34:10 PM     0    245320      2.00      0.00  kworker/u24:2-writeback
11:34:10 PM     0    266533      2.00      0.00  kworker/11:2-events
11:34:10 PM     0    267327      1.00      0.00  kworker/10:1-mm_percpu_wq
11:34:10 PM     0    284482      1.00      0.00  iostat
11:34:10 PM     0    284483      2.00      0.00  pidstat
11:34:10 PM     0    284484      6.00      0.00  bash
11:34:10 PM     0    284485      8.00      0.00  bash
11:34:10 PM     0    284486      5.00      0.00  bash
11:34:10 PM     0    285051      2.00      0.00  sleep
11:34:10 PM     0    285062      1.00      0.00  sleep
11:34:10 PM     0    285063      1.00      0.00  sleep

11:34:10 PM   UID       PID   cswch/s nvcswch/s  Command
11:34:11 PM     0        16      2.00      1.00  ksoftirqd/0
11:34:11 PM     0        17     21.00      0.00  rcu_preempt
11:34:11 PM     0        24      1.00      0.00  ksoftirqd/1
11:34:11 PM     0        29      2.00      0.00  migration/2
11:34:11 PM     0        95      2.00      0.00  kcompactd0
11:34:11 PM     0       453      1.00      0.00  multipathd
11:34:11 PM     0    230433      4.00      0.00  kworker/0:1-events
11:34:11 PM     0    230456      1.00      0.00  kworker/8:2-mm_percpu_wq
11:34:11 PM     0    230457      2.00      0.00  kworker/1:2-events
11:34:11 PM     0    230483      3.00      0.00  kworker/5:0-events
11:34:11 PM     0    238099      1.00      0.00  kworker/u24:1-edac-poller
11:34:11 PM     0    238283  68713.00     11.00  kworker/2:1-dio/nvme0n1p2
11:34:11 PM     0    239073      3.00      0.00  kworker/4:2-events
11:34:11 PM     0    240331      2.00      0.00  kworker/9:2-events
11:34:11 PM     0    241714      4.00      0.00  kworker/3:1-events
11:34:11 PM     0    266197      1.00      0.00  kworker/6:2-mm_percpu_wq
11:34:11 PM     0    266533      1.00      0.00  kworker/11:2-mm_percpu_wq
11:34:11 PM     0    267327      2.00      0.00  kworker/10:1-events
11:34:11 PM     0    284482      1.00      0.00  iostat
11:34:11 PM     0    284483      1.00      0.00  pidstat
11:34:11 PM     0    284484      5.00      0.00  bash
11:34:11 PM     0    284485      8.00      0.00  bash
11:34:11 PM     0    284486      4.00      0.00  bash
11:34:11 PM     0    285066      1.00      0.00  sleep
11:34:11 PM     0    285077      1.00      0.00  sleep
11:34:11 PM     0    285078      1.00      0.00  sleep

11:34:11 PM   UID       PID   cswch/s nvcswch/s  Command
11:34:12 PM     0        16      2.00      0.00  ksoftirqd/0
11:34:12 PM     0        17     17.00      0.00  rcu_preempt
11:34:12 PM     0        24      1.00      0.00  ksoftirqd/1
11:34:12 PM     0        29      1.00      0.00  migration/2
11:34:12 PM     0        36      2.00      0.00  ksoftirqd/3
11:34:12 PM     0        72      1.00      0.00  ksoftirqd/9
11:34:12 PM     0        84      1.00      0.00  ksoftirqd/11
11:34:12 PM     0        95      2.00      0.00  kcompactd0
11:34:12 PM     0       192      1.00      0.00  kworker/7:1H-xfs-log/nvme0n1p2
11:34:12 PM     0       453      1.00      0.00  multipathd
11:34:12 PM     0       593      1.00      0.00  xfsaild/nvme0n1p2
11:34:12 PM     0    230433      6.00      0.00  kworker/0:1-events
11:34:12 PM     0    230456      1.00      0.00  kworker/8:2-events
11:34:12 PM     0    230457      4.00      0.00  kworker/1:2-events
11:34:12 PM     0    230483      1.00      0.00  kworker/5:0-mm_percpu_wq
11:34:12 PM     0    238099      2.00      0.00  kworker/u24:1-events_power_efficient
11:34:12 PM     0    238283  68829.00     16.00  kworker/2:1-dio/nvme0n1p2
11:34:12 PM     0    239073      2.00      0.00  kworker/4:2-mm_percpu_wq
11:34:12 PM     0    241714      2.00      0.00  kworker/3:1-events
11:34:12 PM     0    245320      3.00      0.00  kworker/u24:2-xfs-cil/nvme0n1p2
11:34:12 PM     0    266533      2.00      0.00  kworker/11:2-events
11:34:12 PM     0    284068      4.00      0.00  kworker/7:0-xfs-sync/nvme0n1p2
11:34:12 PM     0    284482      1.00      0.00  iostat
11:34:12 PM     0    284483      1.00      0.00  pidstat
11:34:12 PM     0    284484      5.00      0.00  bash
11:34:12 PM     0    284485      8.00      0.00  bash
11:34:12 PM     0    284486      4.00      0.00  bash
11:34:12 PM     0    285081      1.00      0.00  sleep
11:34:12 PM     0    285092      1.00      0.00  sleep
11:34:12 PM     0    285093      1.00      0.00  sleep

11:34:12 PM   UID       PID   cswch/s nvcswch/s  Command
11:34:13 PM     0        16      2.00      0.00  ksoftirqd/0
11:34:13 PM     0        17     19.00      0.00  rcu_preempt
11:34:13 PM     0        18      1.00      0.00  migration/0
11:34:13 PM     0        23      1.00      0.00  migration/1
11:34:13 PM     0        24      2.00      0.00  ksoftirqd/1
11:34:13 PM     0        29      1.00      0.00  migration/2
11:34:13 PM     0        36      2.00      0.00  ksoftirqd/3
11:34:13 PM     0        59      1.00      0.00  migration/7
11:34:13 PM     0        78      1.00      0.00  ksoftirqd/10
11:34:13 PM     0        95      2.00      0.00  kcompactd0
11:34:13 PM     0       172      1.00      0.00  kworker/3:1H-xfs-log/nvme0n1p2
11:34:13 PM     0       453      1.00      0.00  multipathd
11:34:13 PM     0       593     20.00      0.00  xfsaild/nvme0n1p2
11:34:13 PM     0     21554      1.00      0.00  packagekitd
11:34:13 PM     0    230433      3.00      0.00  kworker/0:1-events
11:34:13 PM     0    230457      3.00      0.00  kworker/1:2-events
11:34:13 PM     0    238283  68847.00     16.00  kworker/2:1-dio/nvme0n1p2
11:34:13 PM     0    239073      2.00      0.00  kworker/4:2-events
11:34:13 PM     0    240331      1.00      0.00  kworker/9:2-mm_percpu_wq
11:34:13 PM     0    241714      7.00      0.00  kworker/3:1-events
11:34:13 PM     0    245320      2.00      0.00  kworker/u24:2-edac-poller
11:34:13 PM     0    267327      1.00      0.00  kworker/10:1-mm_percpu_wq
11:34:13 PM     0    284068      1.00      0.00  kworker/7:0-mm_percpu_wq
11:34:13 PM     0    284482      1.00      0.00  iostat
11:34:13 PM     0    284483      1.00      0.00  pidstat
11:34:13 PM     0    284484      5.00      0.00  bash
11:34:13 PM     0    284485      7.00      0.00  bash
11:34:13 PM     0    284486      4.00      0.00  bash
11:34:13 PM     0    285096      1.00      0.00  sleep
11:34:13 PM     0    285107      1.00      0.00  sleep
11:34:13 PM     0    285108      1.00      0.00  sleep

11:34:13 PM   UID       PID   cswch/s nvcswch/s  Command
11:34:14 PM     0        16      2.00      1.00  ksoftirqd/0
11:34:14 PM     0        17     58.00      0.00  rcu_preempt
11:34:14 PM     0        18      1.00      0.00  migration/0
11:34:14 PM     0        23      1.00      0.00  migration/1
11:34:14 PM     0        24      1.00      0.00  ksoftirqd/1
11:34:14 PM     0        29      2.00      0.00  migration/2
11:34:14 PM     0        30      6.00     10.00  ksoftirqd/2
11:34:14 PM     0        35      1.00      0.00  migration/3
11:34:14 PM     0        41      1.00      0.00  migration/4
11:34:14 PM     0        47      1.00      0.00  migration/5
11:34:14 PM     0        53      1.00      0.00  migration/6
11:34:14 PM     0        59      1.00      0.00  migration/7
11:34:14 PM     0        65      1.00      0.00  migration/8
11:34:14 PM     0        71      1.00      0.00  migration/9
11:34:14 PM     0        72      1.00      0.00  ksoftirqd/9
11:34:14 PM     0        77      1.00      0.00  migration/10
11:34:14 PM     0        78      1.00      0.00  ksoftirqd/10
11:34:14 PM     0        83      1.00      0.00  migration/11
11:34:14 PM     0        95      2.00      0.00  kcompactd0
11:34:14 PM     0       188      1.00      0.00  kworker/2:1H-kblockd
11:34:14 PM     0       359      3.00      0.00  jbd2/nvme1n1p2-8
11:34:14 PM     0       453      1.00      0.00  multipathd
11:34:14 PM     0       562      3.00      0.00  jbd2/nvme1n1p3-8
11:34:14 PM     0       593     19.00      0.00  xfsaild/nvme0n1p2
11:34:14 PM     0    230433      2.00      0.00  kworker/0:1-events
11:34:14 PM     0    230456      2.00      0.00  kworker/8:2-events
11:34:14 PM     0    230457      3.00      0.00  kworker/1:2-events
11:34:14 PM     0    238099      1.00      0.00  kworker/u24:1-events_power_efficient
11:34:14 PM     0    238283  58637.00      8.00  kworker/2:1-events
11:34:14 PM     0    239073      2.00      0.00  kworker/4:2-events
11:34:14 PM     0    240331      2.00      0.00  kworker/9:2-events
11:34:14 PM     0    241714      1.00      0.00  kworker/3:1-events
11:34:14 PM     0    245320      4.00      0.00  kworker/u24:2-iou_exit
11:34:14 PM     0    266533      1.00      0.00  kworker/11:2-mm_percpu_wq
11:34:14 PM     0    267327      1.00      0.00  kworker/10:1-events
11:34:14 PM     0    284482      1.00      0.00  iostat
11:34:14 PM     0    284483      1.00      0.00  pidstat
11:34:14 PM     0    284484      5.00      0.00  bash
11:34:14 PM     0    284485      8.00      0.00  bash
11:34:14 PM     0    284486      4.00      0.00  bash
11:34:14 PM     0    285111      1.00      0.00  sleep
11:34:14 PM     0    285122      1.00      0.00  sleep
11:34:14 PM     0    285123      1.00      0.00  sleep
11:34:14 PM     0    285130     18.00      3.00  java

11:34:14 PM   UID       PID   cswch/s nvcswch/s  Command
11:34:15 PM     0        16      1.00      0.00  ksoftirqd/0
11:34:15 PM     0        17    227.00      0.00  rcu_preempt
11:34:15 PM     0        18      1.00      0.00  migration/0
11:34:15 PM     0        24      2.00      0.00  ksoftirqd/1
11:34:15 PM     0        30      6.00      0.00  ksoftirqd/2
11:34:15 PM     0        59      1.00      0.00  migration/7
11:34:15 PM     0        84      2.00      0.00  ksoftirqd/11
11:34:15 PM     0        95      2.00      0.00  kcompactd0
11:34:15 PM     0       172      5.00      0.00  kworker/3:1H-kblockd
11:34:15 PM     0       187      2.00      0.00  kworker/0:1H-kblockd
11:34:15 PM     0       188      5.00      0.00  kworker/2:1H-xfs-log/nvme0n1p2
11:34:15 PM     0       189      4.00      0.00  kworker/4:1H-kblockd
11:34:15 PM     0       190      1.00      0.00  kworker/10:1H-kblockd
11:34:15 PM     0       359      6.00      0.00  jbd2/nvme1n1p2-8
11:34:15 PM     0       415      3.00      0.00  systemd-journal
11:34:15 PM     0       453      1.00      0.00  multipathd
11:34:15 PM     0       562      3.00      0.00  jbd2/nvme1n1p3-8
11:34:15 PM     0       593     20.00      0.00  xfsaild/nvme0n1p2
11:34:15 PM     0    230433      6.00      0.00  kworker/0:1-mm_percpu_wq
11:34:15 PM     0    230456      2.00      0.00  kworker/8:2-mm_percpu_wq
11:34:15 PM     0    230457      6.00      0.00  kworker/1:2-mm_percpu_wq
11:34:15 PM     0    230483      1.00      0.00  kworker/5:0-mm_percpu_wq
11:34:15 PM     0    238099     25.00      0.00  kworker/u24:1-xfs-cil/nvme0n1p2
11:34:15 PM     0    238283    252.00      0.00  kworker/2:1-dio/nvme0n1p2
11:34:15 PM     0    239073      3.00      0.00  kworker/4:2-mm_percpu_wq
11:34:15 PM     0    240331      2.00      0.00  kworker/9:2-mm_percpu_wq
11:34:15 PM     0    241714      5.00      0.00  kworker/3:1-mm_percpu_wq
11:34:15 PM     0    245320     15.00      0.00  kworker/u24:2-flush-259:1
11:34:15 PM     0    255927      2.00      0.00  kworker/u24:0-flush-259:1
11:34:15 PM     0    266197      2.00      0.00  kworker/6:2-mm_percpu_wq
11:34:15 PM     0    266533      4.00      0.00  kworker/11:2-mm_percpu_wq
11:34:15 PM     0    267327      2.00      0.00  kworker/10:1-mm_percpu_wq
11:34:15 PM     0    284068      2.00      0.00  kworker/7:0-mm_percpu_wq
11:34:15 PM     0    284482      1.00      0.00  iostat
11:34:15 PM     0    284483      1.00      0.00  pidstat
11:34:15 PM     0    284484      5.00      0.00  bash
11:34:15 PM     0    284485      8.00      0.00  bash
11:34:15 PM     0    284486      4.00      0.00  bash
11:34:15 PM     0    285153      1.00      0.00  sleep
11:34:15 PM     0    285166      1.00      0.00  sleep
11:34:15 PM     0    285167      1.00      1.00  sleep

11:34:15 PM   UID       PID   cswch/s nvcswch/s  Command
11:34:16 PM     0        16      1.00      0.00  ksoftirqd/0
11:34:16 PM     0        17     24.00      0.00  rcu_preempt
11:34:16 PM     0        23      1.00      0.00  migration/1
11:34:16 PM     0        24      1.00      0.00  ksoftirqd/1
11:34:16 PM     0        29      1.00      0.00  migration/2
11:34:16 PM     0        30      1.00      0.00  ksoftirqd/2
11:34:16 PM     0        41      1.00      0.00  migration/4
11:34:16 PM     0        84      1.00      0.00  ksoftirqd/11
11:34:16 PM     0        95      1.00      0.00  kcompactd0
11:34:16 PM     0       191      1.00      0.00  kworker/1:1H-kblockd
11:34:16 PM     0       415      1.00      0.00  systemd-journal
11:34:16 PM     0       453      1.00      0.00  multipathd
11:34:16 PM     0       593     20.00      0.00  xfsaild/nvme0n1p2
11:34:16 PM     0    230433      4.00      0.00  kworker/0:1-events
11:34:16 PM     0    230456      1.00      0.00  kworker/8:2-mm_percpu_wq
11:34:16 PM     0    230457      3.00      0.00  kworker/1:2-events
11:34:16 PM     0    230483      1.00      0.00  kworker/5:0-events
11:34:16 PM     0    238099      2.00      0.00  kworker/u24:1-writeback
11:34:16 PM     0    238283  64962.00     18.00  kworker/2:1-dio/nvme0n1p2
11:34:16 PM     0    239073      3.00      0.00  kworker/4:2-mm_percpu_wq
11:34:16 PM     0    241714      3.00      0.00  kworker/3:1-events
11:34:16 PM     0    255927      3.00      0.00  kworker/u24:0-edac-poller
11:34:16 PM     0    266533      3.00      0.00  kworker/11:2-events
11:34:16 PM     0    284482      1.00      0.00  iostat
11:34:16 PM     0    284483      2.00      0.00  pidstat
11:34:16 PM     0    284484      6.00      0.00  bash
11:34:16 PM     0    284485      9.00      0.00  bash
11:34:16 PM     0    284486      5.00      0.00  bash
11:34:16 PM     0    285177      2.00      0.00  sleep
11:34:16 PM     0    285188      1.00      0.00  sleep
11:34:16 PM     0    285189      1.00      0.00  sleep

11:34:16 PM   UID       PID   cswch/s nvcswch/s  Command
11:34:17 PM     0        17     17.00      0.00  rcu_preempt
11:34:17 PM     0        35      1.00      0.00  migration/3
11:34:17 PM     0        54      1.00      0.00  ksoftirqd/6
11:34:17 PM     0        59      1.00      0.00  migration/7
11:34:17 PM     0        72      2.00      0.00  ksoftirqd/9
11:34:17 PM     0        78      1.00      0.00  ksoftirqd/10
11:34:17 PM     0        95      2.00      0.00  kcompactd0
11:34:17 PM     0       453      1.00      0.00  multipathd
11:34:17 PM     0       593     19.00      0.00  xfsaild/nvme0n1p2
11:34:17 PM     0    230433      1.00      0.00  kworker/0:1-events
11:34:17 PM     0    230456      1.00      0.00  kworker/8:2-events
11:34:17 PM     0    230457      1.00      0.00  kworker/1:2-mm_percpu_wq
11:34:17 PM     0    230483      1.00      0.00  kworker/5:0-mm_percpu_wq
11:34:17 PM     0    238099      2.00      0.00  kworker/u24:1-edac-poller
11:34:17 PM     0    238283  67411.00     17.00  kworker/2:1-dio/nvme0n1p2
11:34:17 PM     0    239073      2.00      0.00  kworker/4:2-mm_percpu_wq
11:34:17 PM     0    240331      3.00      0.00  kworker/9:2-events
11:34:17 PM     0    255927      1.00      0.00  kworker/u24:0-events_power_efficient
11:34:17 PM     0    266197      2.00      0.00  kworker/6:2-events
11:34:17 PM     0    266533      1.00      0.00  kworker/11:2-events
11:34:17 PM     0    267327      2.00      0.00  kworker/10:1-events
11:34:17 PM     0    284068      1.00      0.00  kworker/7:0-mm_percpu_wq
11:34:17 PM     0    284482      1.00      0.00  iostat
11:34:17 PM     0    284483      1.00      0.00  pidstat
11:34:17 PM     0    284484      5.00      0.00  bash
11:34:17 PM     0    284485      6.00      0.00  bash
11:34:17 PM     0    284486      4.00      0.00  bash
11:34:17 PM     0    285192      1.00      0.00  sleep
11:34:17 PM     0    285203      1.00      0.00  sleep
11:34:17 PM     0    285204      1.00      0.00  sleep

11:34:17 PM   UID       PID   cswch/s nvcswch/s  Command
11:34:18 PM     0         1      1.00      0.00  systemd
11:34:18 PM     0        16      1.00      0.00  ksoftirqd/0
11:34:18 PM     0        17     41.00      0.00  rcu_preempt
11:34:18 PM     0        18      1.00      0.00  migration/0
11:34:18 PM     0        23      2.00      0.00  migration/1
11:34:18 PM     0        29      2.00      0.00  migration/2
11:34:18 PM     0        30      2.00      0.00  ksoftirqd/2
11:34:18 PM     0        35      1.00      0.00  migration/3
11:34:18 PM     0        41      1.00      0.00  migration/4
11:34:18 PM     0        47      2.00      0.00  migration/5
11:34:18 PM     0        53      1.00      0.00  migration/6
11:34:18 PM     0        59      2.00      0.00  migration/7
11:34:18 PM     0        65      1.00      0.00  migration/8
11:34:18 PM     0        66      1.00      0.00  ksoftirqd/8
11:34:18 PM     0        71      1.00      0.00  migration/9
11:34:18 PM     0        72      1.00      0.00  ksoftirqd/9
11:34:18 PM     0        77      1.00      0.00  migration/10
11:34:18 PM     0        83      2.00      0.00  migration/11
11:34:18 PM     0        90      1.00      0.00  khungtaskd
11:34:18 PM     0        95      2.00      0.00  kcompactd0
11:34:18 PM     0       187      2.00      0.00  kworker/0:1H-kblockd
11:34:18 PM     0       188      1.00      0.00  kworker/2:1H-xfs-log/nvme0n1p2
11:34:18 PM     0       189      1.00      0.00  kworker/4:1H-kblockd
11:34:18 PM     0       192      1.00      0.00  kworker/7:1H-kblockd
11:34:18 PM     0       359      3.00      0.00  jbd2/nvme1n1p2-8
11:34:18 PM     0       415      2.00      0.00  systemd-journal
11:34:18 PM     0       453      1.00      0.00  multipathd
11:34:18 PM     0       562      3.00      0.00  jbd2/nvme1n1p3-8
11:34:18 PM     0       593     20.00      0.00  xfsaild/nvme0n1p2
11:34:18 PM   101       608      1.00      0.00  systemd-network
11:34:18 PM     0    230433      3.00      0.00  kworker/0:1-events
11:34:18 PM     0    230456      2.00      0.00  kworker/8:2-events
11:34:18 PM     0    230457      2.00      0.00  kworker/1:2-events
11:34:18 PM     0    230483      3.00      0.00  kworker/5:0-mm_percpu_wq
11:34:18 PM     0    238099      3.00      0.00  kworker/u24:1-flush-259:1
11:34:18 PM     0    238283  64055.00     11.00  kworker/2:1-dio/nvme0n1p2
11:34:18 PM     0    239073      4.00      0.00  kworker/4:2-mm_percpu_wq
11:34:18 PM     0    240331      7.00      0.00  kworker/9:2-events
11:34:18 PM     0    241714      3.00      0.00  kworker/3:1-events
11:34:18 PM     0    245320      7.00      0.00  kworker/u24:2-writeback
11:34:18 PM     0    255927      7.00      0.00  kworker/u24:0-edac-poller
11:34:18 PM     0    266197      1.00      0.00  kworker/6:2-mm_percpu_wq
11:34:18 PM     0    266533      1.00      0.00  kworker/11:2-mm_percpu_wq
11:34:18 PM     0    267327      4.00      0.00  kworker/10:1-events
11:34:18 PM     0    284068      2.00      0.00  kworker/7:0-mm_percpu_wq
11:34:18 PM     0    284482      2.00      0.00  iostat
11:34:18 PM     0    284483      1.00      0.00  pidstat
11:34:18 PM     0    284484      6.00      0.00  bash
11:34:18 PM     0    284485      8.00      0.00  bash
11:34:18 PM     0    284486      5.00      0.00  bash
11:34:18 PM     0    285208      2.00      0.00  sleep
11:34:18 PM     0    285219      1.00      0.00  sleep
11:34:18 PM     0    285220      1.00      0.00  sleep

11:34:18 PM   UID       PID   cswch/s nvcswch/s  Command
11:34:19 PM     0        17     17.00      0.00  rcu_preempt
11:34:19 PM     0        24      1.00      0.00  ksoftirqd/1
11:34:19 PM     0        29      1.00      0.00  migration/2
11:34:19 PM     0        36      2.00      0.00  ksoftirqd/3
11:34:19 PM     0        48      1.00      0.00  ksoftirqd/5
11:34:19 PM     0        60      1.00      0.00  ksoftirqd/7
11:34:19 PM     0        95      2.00      0.00  kcompactd0
11:34:19 PM     0       453      1.00      0.00  multipathd
11:34:19 PM     0       593     19.00      0.00  xfsaild/nvme0n1p2
11:34:19 PM     0    230456      1.00      0.00  kworker/8:2-events
11:34:19 PM     0    230457      1.00      0.00  kworker/1:2-mm_percpu_wq
11:34:19 PM     0    230483      1.00      0.00  kworker/5:0-events
11:34:19 PM     0    238283  67292.00     14.00  kworker/2:1-dio/nvme0n1p2
11:34:19 PM     0    240331      2.00      0.00  kworker/9:2-events
11:34:19 PM     0    241714      3.00      0.00  kworker/3:1-events
11:34:19 PM     0    255927      2.00      0.00  kworker/u24:0-edac-poller
11:34:19 PM     0    266197      1.00      0.00  kworker/6:2-mm_percpu_wq
11:34:19 PM     0    267327      3.00      0.00  kworker/10:1-events
11:34:19 PM     0    284482      1.00      0.00  iostat
11:34:19 PM     0    284483      2.00      0.00  pidstat
11:34:19 PM     0    284484      5.00      0.00  bash
11:34:19 PM     0    284485      7.00      0.00  bash
11:34:19 PM     0    284486      4.00      0.00  bash
11:34:19 PM     0    285223      1.00      0.00  sleep
11:34:19 PM     0    285234      1.00      0.00  sleep
11:34:19 PM     0    285235      1.00      0.00  sleep

11:34:19 PM   UID       PID   cswch/s nvcswch/s  Command
11:34:20 PM     0        17     31.00      0.00  rcu_preempt
11:34:20 PM     0        30      2.00     15.00  ksoftirqd/2
11:34:20 PM     0        66      1.00      0.00  ksoftirqd/8
11:34:20 PM     0        78      1.00      1.00  ksoftirqd/10
11:34:20 PM     0        95      2.00      0.00  kcompactd0
11:34:20 PM     0       187      1.00      0.00  kworker/0:1H-kblockd
11:34:20 PM     0       188      2.00      0.00  kworker/2:1H-kblockd
11:34:20 PM     0       359      3.00      0.00  jbd2/nvme1n1p2-8
11:34:20 PM     0       415      2.00      0.00  systemd-journal
11:34:20 PM     0       453      1.00      0.00  multipathd
11:34:20 PM     0       562      3.00      0.00  jbd2/nvme1n1p3-8
11:34:20 PM     0       593     20.00      0.00  xfsaild/nvme0n1p2
11:34:20 PM     0    230433      5.00      0.00  kworker/0:1-events
11:34:20 PM     0    230456      3.00      0.00  kworker/8:2-events
11:34:20 PM     0    230457      3.00      0.00  kworker/1:2-mm_percpu_wq
11:34:20 PM     0    230483      1.00      0.00  kworker/5:0-mm_percpu_wq
11:34:20 PM     0    238099      7.00      0.00  kworker/u24:1-writeback
11:34:20 PM     0    238283  66144.00     26.00  kworker/2:1-dio/nvme0n1p2
11:34:20 PM     0    239073      3.00      0.00  kworker/4:2-mm_percpu_wq
11:34:20 PM     0    240331      3.00      0.00  kworker/9:2-mm_percpu_wq
11:34:20 PM     0    241714      3.00      0.00  kworker/3:1-events
11:34:20 PM     0    245320      6.00      0.00  kworker/u24:2-edac-poller
11:34:20 PM     0    255927      1.00      0.00  kworker/u24:0-flush-259:1
11:34:20 PM     0    266197      1.00      0.00  kworker/6:2-mm_percpu_wq
11:34:20 PM     0    266533      6.00      0.00  kworker/11:2-events
11:34:20 PM     0    267327      5.00      0.00  kworker/10:1-events
11:34:20 PM     0    284068      2.00      0.00  kworker/7:0-mm_percpu_wq
11:34:20 PM     0    284482      2.00      0.00  iostat
11:34:20 PM     0    284483      1.00      0.00  pidstat
11:34:20 PM     0    284484      6.00      0.00  bash
11:34:20 PM     0    284485      9.00      0.00  bash
11:34:20 PM     0    284486      5.00      0.00  bash
11:34:20 PM     0    285239      2.00      0.00  sleep
11:34:20 PM     0    285250      1.00      0.00  sleep
11:34:20 PM     0    285251      1.00      0.00  sleep

11:34:20 PM   UID       PID   cswch/s nvcswch/s  Command
11:34:21 PM     0        17     21.00      0.00  rcu_preempt
11:34:21 PM     0        42      2.00      0.00  ksoftirqd/4
11:34:21 PM     0        66      1.00      0.00  ksoftirqd/8
11:34:21 PM     0        72      2.00      0.00  ksoftirqd/9
11:34:21 PM     0        84      1.00      0.00  ksoftirqd/11
11:34:21 PM     0        95      2.00      0.00  kcompactd0
11:34:21 PM     0       453      1.00      0.00  multipathd
11:34:21 PM     0       593     20.00      0.00  xfsaild/nvme0n1p2
11:34:21 PM     0    230433      3.00      0.00  kworker/0:1-events
11:34:21 PM     0    230456      1.00      0.00  kworker/8:2-events
11:34:21 PM     0    230457      1.00      0.00  kworker/1:2-events
11:34:21 PM     0    238283  67539.00     17.00  kworker/2:1-dio/nvme0n1p2
11:34:21 PM     0    239073      2.00      0.00  kworker/4:2-events
11:34:21 PM     0    240331      2.00      0.00  kworker/9:2-events
11:34:21 PM     0    241714      1.00      0.00  kworker/3:1-events
11:34:21 PM     0    245320      1.00      0.00  kworker/u24:2-edac-poller
11:34:21 PM     0    266197      1.00      0.00  kworker/6:2-mm_percpu_wq
11:34:21 PM     0    266533      2.00      0.00  kworker/11:2-events
11:34:21 PM     0    267327      1.00      0.00  kworker/10:1-events
11:34:21 PM     0    284482      1.00      0.00  iostat
11:34:21 PM     0    284483      2.00      0.00  pidstat
11:34:21 PM     0    284484      5.00      0.00  bash
11:34:21 PM     0    284485      8.00      0.00  bash
11:34:21 PM     0    284486      4.00      0.00  bash
11:34:21 PM     0    285254      1.00      0.00  sleep
11:34:21 PM     0    285265      1.00      0.00  sleep
11:34:21 PM     0    285266      1.00      0.00  sleep

11:34:21 PM   UID       PID   cswch/s nvcswch/s  Command
11:34:22 PM     0        16      1.00      0.00  ksoftirqd/0
11:34:22 PM     0        17     31.00      0.00  rcu_preempt
11:34:22 PM     0        18      1.00      0.00  migration/0
11:34:22 PM     0        23      1.00      0.00  migration/1
11:34:22 PM     0        24      1.00      0.00  ksoftirqd/1
11:34:22 PM     0        29      1.00      0.00  migration/2
11:34:22 PM     0        30      4.00      0.00  ksoftirqd/2
11:34:22 PM     0        35      1.00      0.00  migration/3
11:34:22 PM     0        41      1.00      0.00  migration/4
11:34:22 PM     0        42      1.00      0.00  ksoftirqd/4
11:34:22 PM     0        47      2.00      0.00  migration/5
11:34:22 PM     0        53      1.00      0.00  migration/6
11:34:22 PM     0        59      1.00      0.00  migration/7
11:34:22 PM     0        65      1.00      0.00  migration/8
11:34:22 PM     0        71      2.00      0.00  migration/9
11:34:22 PM     0        77      2.00      0.00  migration/10
11:34:22 PM     0        78      1.00      0.00  ksoftirqd/10
11:34:22 PM     0        83      1.00      0.00  migration/11
11:34:22 PM     0        84      1.00      0.00  ksoftirqd/11
11:34:22 PM     0        95      2.00      0.00  kcompactd0
11:34:22 PM     0       187      2.00      0.00  kworker/0:1H-kblockd
11:34:22 PM     0       188      2.00      0.00  kworker/2:1H-kblockd
11:34:22 PM     0       195      1.00      0.00  kworker/6:1H-kblockd
11:34:22 PM     0       359      3.00      0.00  jbd2/nvme1n1p2-8
11:34:22 PM     0       415      3.00      0.00  systemd-journal
11:34:22 PM     0       453      1.00      0.00  multipathd
11:34:22 PM     0       562      3.00      0.00  jbd2/nvme1n1p3-8
11:34:22 PM     0       593     19.00      0.00  xfsaild/nvme0n1p2
11:34:22 PM     0    230433      3.00      0.00  kworker/0:1-events
11:34:22 PM     0    230456      1.00      0.00  kworker/8:2-mm_percpu_wq
11:34:22 PM     0    230457      3.00      0.00  kworker/1:2-events
11:34:22 PM     0    230483      1.00      0.00  kworker/5:0-mm_percpu_wq
11:34:22 PM     0    238099      7.00      0.00  kworker/u24:1-edac-poller
11:34:22 PM     0    238283  64685.00     15.00  kworker/2:1-dio/nvme0n1p2
11:34:22 PM     0    239073      5.00      0.00  kworker/4:2-events
11:34:22 PM     0    240331      4.00      0.00  kworker/9:2-mm_percpu_wq
11:34:22 PM     0    241714      2.00      0.00  kworker/3:1-mm_percpu_wq
11:34:22 PM     0    245320      7.00      0.00  kworker/u24:2-writeback
11:34:22 PM     0    255927      1.00      0.00  kworker/u24:0-flush-259:1
11:34:22 PM     0    266197      2.00      0.00  kworker/6:2-events
11:34:22 PM     0    266533      6.00      0.00  kworker/11:2-events
11:34:22 PM     0    267327      3.00      0.00  kworker/10:1-mm_percpu_wq
11:34:22 PM     0    284068      2.00      0.00  kworker/7:0-mm_percpu_wq
11:34:22 PM     0    284482      2.00      0.00  iostat
11:34:22 PM     0    284483      1.00      0.00  pidstat
11:34:22 PM     0    284484      6.00      0.00  bash
11:34:22 PM     0    284485      8.00      0.00  bash
11:34:22 PM     0    284486      5.00      0.00  bash
11:34:22 PM     0    285270      2.00      1.00  sleep
11:34:22 PM     0    285281      1.00      0.00  sleep
11:34:22 PM     0    285282      1.00      0.00  sleep

11:34:22 PM   UID       PID   cswch/s nvcswch/s  Command
11:34:23 PM     0        16      1.00      0.00  ksoftirqd/0
11:34:23 PM     0        17     18.00      0.00  rcu_preempt
11:34:23 PM     0        29      1.00      0.00  migration/2
11:34:23 PM     0        42      3.00      0.00  ksoftirqd/4
11:34:23 PM     0        48      2.00      0.00  ksoftirqd/5
11:34:23 PM     0        60      1.00      0.00  ksoftirqd/7
11:34:23 PM     0        72      1.00      0.00  ksoftirqd/9
11:34:23 PM     0        78      1.00      0.00  ksoftirqd/10
11:34:23 PM     0        95      2.00      0.00  kcompactd0
11:34:23 PM     0       453      1.00      0.00  multipathd
11:34:23 PM     0       593     20.00      0.00  xfsaild/nvme0n1p2
11:34:23 PM   101       608      2.00      0.00  systemd-network
11:34:23 PM     0     21554      1.00      0.00  packagekitd
11:34:23 PM     0    230433      4.00      0.00  kworker/0:1-events
11:34:23 PM     0    230456      3.00      0.00  kworker/8:2-events
11:34:23 PM     0    230457      1.00      0.00  kworker/1:2-mm_percpu_wq
11:34:23 PM     0    238099      1.00      0.00  kworker/u24:1-events_power_efficient
11:34:23 PM     0    238283  68039.00     13.00  kworker/2:1+dio/nvme0n1p2
11:34:23 PM     0    239073      4.00      0.00  kworker/4:2-events
11:34:23 PM     0    240331      4.00      0.00  kworker/9:2-events
11:34:23 PM     0    241714      2.00      0.00  kworker/3:1-events
11:34:23 PM     0    245320      2.00      0.00  kworker/u24:2-edac-poller
11:34:23 PM     0    266197      1.00      0.00  kworker/6:2-mm_percpu_wq
11:34:23 PM     0    266533      2.00      0.00  kworker/11:2-events
11:34:23 PM     0    267327      2.00      0.00  kworker/10:1-events
11:34:23 PM     0    284068      1.00      0.00  kworker/7:0-mm_percpu_wq
11:34:23 PM     0    284482      1.00      0.00  iostat
11:34:23 PM     0    284483      2.00      0.00  pidstat
11:34:23 PM     0    284484      5.00      0.00  bash
11:34:23 PM     0    284485      8.00      0.00  bash
11:34:23 PM     0    284486      4.00      0.00  bash
11:34:23 PM     0    285285      1.00      0.00  sleep
11:34:23 PM     0    285296      1.00      0.00  sleep
11:34:23 PM     0    285297      1.00      0.00  sleep

11:34:23 PM   UID       PID   cswch/s nvcswch/s  Command
11:34:24 PM     0        17     22.00      0.00  rcu_preempt
11:34:24 PM     0        29      1.00      0.00  migration/2
11:34:24 PM     0        36      1.00      0.00  ksoftirqd/3
11:34:24 PM     0        42      2.00      0.00  ksoftirqd/4
11:34:24 PM     0        84      1.00      0.00  ksoftirqd/11
11:34:24 PM     0        95      2.00      0.00  kcompactd0
11:34:24 PM     0       453      1.00      0.00  multipathd
11:34:24 PM     0       593     19.00      0.00  xfsaild/nvme0n1p2
11:34:24 PM     0    230433      3.00      0.00  kworker/0:1-events
11:34:24 PM     0    230456      1.00      0.00  kworker/8:2-mm_percpu_wq
11:34:24 PM     0    230457      3.00      0.00  kworker/1:2-events
11:34:24 PM     0    230483      1.00      0.00  kworker/5:0-mm_percpu_wq
11:34:24 PM     0    238283  68060.00     16.00  kworker/2:1-dio/nvme0n1p2
11:34:24 PM     0    239073      3.00      0.00  kworker/4:2-events
11:34:24 PM     0    241714      4.00      0.00  kworker/3:1-events
11:34:24 PM     0    245320      2.00      0.00  kworker/u24:2-edac-poller
11:34:24 PM     0    266533      3.00      0.00  kworker/11:2-events
11:34:24 PM     0    267327      2.00      0.00  kworker/10:1-mm_percpu_wq
11:34:24 PM     0    284068      1.00      0.00  kworker/7:0-events
11:34:24 PM     0    284482      1.00      0.00  iostat
11:34:24 PM     0    284483      1.00      0.00  pidstat
11:34:24 PM     0    284484      5.00      0.00  bash
11:34:24 PM     0    284485      7.00      0.00  bash
11:34:24 PM     0    284486      4.00      0.00  bash
11:34:24 PM     0    285300      1.00      0.00  sleep
11:34:24 PM     0    285311      1.00      0.00  sleep
11:34:24 PM     0    285312      1.00      0.00  sleep

11:34:24 PM   UID       PID   cswch/s nvcswch/s  Command
11:34:25 PM     0        17     19.00      0.00  rcu_preempt
11:34:25 PM     0        29      1.00      0.00  migration/2
11:34:25 PM     0        36      2.00      0.00  ksoftirqd/3
11:34:25 PM     0        48      1.00      0.00  ksoftirqd/5
11:34:25 PM     0        60      1.00      0.00  ksoftirqd/7
11:34:25 PM     0        78      1.00      0.00  ksoftirqd/10
11:34:25 PM     0        95      2.00      0.00  kcompactd0
11:34:25 PM     0       453      1.00      0.00  multipathd
11:34:25 PM     0       593     20.00      0.00  xfsaild/nvme0n1p2
11:34:25 PM     0    230456      1.00      0.00  kworker/8:2-events
11:34:25 PM     0    230457      1.00      0.00  kworker/1:2-events
11:34:25 PM     0    238283  68081.00     12.00  kworker/2:1-dio/nvme0n1p2
11:34:25 PM     0    239073      1.00      0.00  kworker/4:2-events
11:34:25 PM     0    240331      1.00      0.00  kworker/9:2-mm_percpu_wq
11:34:25 PM     0    241714      5.00      0.00  kworker/3:1-events
11:34:25 PM     0    266197      1.00      0.00  kworker/6:2-mm_percpu_wq
11:34:25 PM     0    266533      2.00      0.00  kworker/11:2-events
11:34:25 PM     0    267327      4.00      0.00  kworker/10:1-events
11:34:25 PM     0    284068      2.00      0.00  kworker/7:0-events
11:34:25 PM     0    284482      1.00      0.00  iostat
11:34:25 PM     0    284483      1.00      0.00  pidstat
11:34:25 PM     0    284484      5.00      0.00  bash
11:34:25 PM     0    284485      8.00      0.00  bash
11:34:25 PM     0    284486      4.00      0.00  bash
11:34:25 PM     0    285315      1.00      0.00  sleep
11:34:25 PM     0    285326      1.00      0.00  sleep
11:34:25 PM     0    285327      1.00      0.00  sleep

11:34:25 PM   UID       PID   cswch/s nvcswch/s  Command
11:34:26 PM     0        17     20.00      0.00  rcu_preempt
11:34:26 PM     0        18      1.00      0.00  migration/0
11:34:26 PM     0        23      1.00      0.00  migration/1
11:34:26 PM     0        29      2.00      0.00  migration/2
11:34:26 PM     0        35      1.00      0.00  migration/3
11:34:26 PM     0        36      1.00      0.00  ksoftirqd/3
11:34:26 PM     0        41      1.00      0.00  migration/4
11:34:26 PM     0        47      1.00      0.00  migration/5
11:34:26 PM     0        53      1.00      0.00  migration/6
11:34:26 PM     0        59      1.00      0.00  migration/7
11:34:26 PM     0        65      1.00      0.00  migration/8
11:34:26 PM     0        71      1.00      0.00  migration/9
11:34:26 PM     0        72      1.00      0.00  ksoftirqd/9
11:34:26 PM     0        77      1.00      0.00  migration/10
11:34:26 PM     0        78      2.00      0.00  ksoftirqd/10
11:34:26 PM     0        83      1.00      0.00  migration/11
11:34:26 PM     0        84      1.00      0.00  ksoftirqd/11
11:34:26 PM     0        95      2.00      0.00  kcompactd0
11:34:26 PM     0       188      1.00      0.00  kworker/2:1H-kblockd
11:34:26 PM     0       453      1.00      0.00  multipathd
11:34:26 PM     0       593     20.00      0.00  xfsaild/nvme0n1p2
11:34:26 PM     0    230433      4.00      0.00  kworker/0:1-events
11:34:26 PM     0    230456      2.00      0.00  kworker/8:2-events
11:34:26 PM     0    230457      3.00      0.00  kworker/1:2-events
11:34:26 PM     0    230483      1.00      0.00  kworker/5:0-mm_percpu_wq
11:34:26 PM     0    238283  68078.00     13.00  kworker/2:1-dio/nvme0n1p2
11:34:26 PM     0    239073      2.00      0.00  kworker/4:2-events
11:34:26 PM     0    241714      2.00      0.00  kworker/3:1-events
11:34:26 PM     0    245320      2.00      0.00  kworker/u24:2-events_unbound
11:34:26 PM     0    266533      3.00      0.00  kworker/11:2-events
11:34:26 PM     0    267327      2.00      0.00  kworker/10:1-events
11:34:26 PM     0    284482      1.00      0.00  iostat
11:34:26 PM     0    284483      1.00      0.00  pidstat
11:34:26 PM     0    284484      5.00      0.00  bash
11:34:26 PM     0    284485      8.00      0.00  bash
11:34:26 PM     0    284486      4.00      0.00  bash
11:34:26 PM     0    285330      1.00      0.00  sleep
11:34:26 PM     0    285341      1.00      0.00  sleep
11:34:26 PM     0    285342      1.00      0.00  sleep

11:34:26 PM   UID       PID   cswch/s nvcswch/s  Command
11:34:27 PM     0        16      1.00      0.00  ksoftirqd/0
11:34:27 PM     0        17     34.00      0.00  rcu_preempt
11:34:27 PM     0        29      1.00      0.00  migration/2
11:34:27 PM     0        30      2.00      9.00  ksoftirqd/2
11:34:27 PM     0        78      1.00      0.00  ksoftirqd/10
11:34:27 PM     0        83      1.00      0.00  migration/11
11:34:27 PM     0        84      1.00      0.00  ksoftirqd/11
11:34:27 PM     0        95      2.00      0.00  kcompactd0
11:34:27 PM     0       188      1.00      0.00  kworker/2:1H-xfs-log/nvme0n1p2
11:34:27 PM     0       195      1.00      0.00  kworker/6:1H-kblockd
11:34:27 PM     0       359      3.00      0.00  jbd2/nvme1n1p2-8
11:34:27 PM     0       415      3.00      0.00  systemd-journal
11:34:27 PM     0       453      1.00      0.00  multipathd
11:34:27 PM     0       562      3.00      0.00  jbd2/nvme1n1p3-8
11:34:27 PM     0       593     19.00      0.00  xfsaild/nvme0n1p2
11:34:27 PM     0    230433      2.00      0.00  kworker/0:1-events
11:34:27 PM     0    230456      1.00      0.00  kworker/8:2-events
11:34:27 PM     0    230457      2.00      0.00  kworker/1:2-events
11:34:27 PM     0    230483      1.00      0.00  kworker/5:0-mm_percpu_wq
11:34:27 PM     0    238099      7.00      0.00  kworker/u24:1-writeback
11:34:27 PM     0    238283  66222.00    157.00  kworker/2:1-dio/nvme0n1p2
11:34:27 PM     0    239073      2.00      0.00  kworker/4:2-events
11:34:27 PM     0    240331      1.00      0.00  kworker/9:2-mm_percpu_wq
11:34:27 PM     0    241714      4.00      0.00  kworker/3:1-events
11:34:27 PM     0    245320      4.00      0.00  kworker/u24:2-flush-259:1
11:34:27 PM     0    255927      1.00      0.00  kworker/u24:0-flush-259:1
11:34:27 PM     0    266197      2.00      0.00  kworker/6:2-mm_percpu_wq
11:34:27 PM     0    266533      3.00      0.00  kworker/11:2-events
11:34:27 PM     0    267327      4.00      0.00  kworker/10:1-events
11:34:27 PM     0    284068      2.00      0.00  kworker/7:0-mm_percpu_wq
11:34:27 PM     0    284482      2.00      0.00  iostat
11:34:27 PM     0    284483      1.00      0.00  pidstat
11:34:27 PM     0    284484      6.00      0.00  bash
11:34:27 PM     0    284485      8.00      0.00  bash
11:34:27 PM     0    284486      5.00      0.00  bash
11:34:27 PM     0    285346      2.00      0.00  sleep
11:34:27 PM     0    285357      1.00      0.00  sleep
11:34:27 PM     0    285358      1.00      0.00  sleep

11:34:27 PM   UID       PID   cswch/s nvcswch/s  Command
11:34:28 PM     0        17     22.00      0.00  rcu_preempt
11:34:28 PM     0        29      1.00      0.00  migration/2
11:34:28 PM     0        36      1.00      0.00  ksoftirqd/3
11:34:28 PM     0        60      1.00      0.00  ksoftirqd/7
11:34:28 PM     0        72      1.00      0.00  ksoftirqd/9
11:34:28 PM     0        77      1.00      0.00  migration/10
11:34:28 PM     0        78      2.00      0.00  ksoftirqd/10
11:34:28 PM     0        95      2.00      0.00  kcompactd0
11:34:28 PM     0       193      1.00      0.00  kworker/9:1H-kblockd
11:34:28 PM     0       453      1.00      0.00  multipathd
11:34:28 PM     0       593     20.00      0.00  xfsaild/nvme0n1p2
11:34:28 PM     0    230433      2.00      0.00  kworker/0:1-events
11:34:28 PM     0    230456      1.00      0.00  kworker/8:2-mm_percpu_wq
11:34:28 PM     0    230457      2.00      0.00  kworker/1:2-events
11:34:28 PM     0    230483      1.00      0.00  kworker/5:0-mm_percpu_wq
11:34:28 PM     0    238283  68110.00     21.00  kworker/2:1-dio/nvme0n1p2
11:34:28 PM     0    239073      4.00      0.00  kworker/4:2-events
11:34:28 PM     0    240331      4.00      0.00  kworker/9:2-events
11:34:28 PM     0    241714      3.00      0.00  kworker/3:1-events
11:34:28 PM     0    245320      2.00      0.00  kworker/u24:2-events_unbound
11:34:28 PM     0    266533      2.00      0.00  kworker/11:2-events
11:34:28 PM     0    267327      3.00      0.00  kworker/10:1-events
11:34:28 PM     0    284068      1.00      0.00  kworker/7:0-mm_percpu_wq
11:34:28 PM     0    284482      1.00      0.00  iostat
11:34:28 PM     0    284483      2.00      0.00  pidstat
11:34:28 PM     0    284484      5.00      0.00  bash
11:34:28 PM     0    284485      8.00      0.00  bash
11:34:28 PM     0    284486      4.00      0.00  bash
11:34:28 PM     0    285361      1.00      0.00  sleep
11:34:28 PM     0    285372      1.00      0.00  sleep
11:34:28 PM     0    285373      1.00      0.00  sleep

11:34:28 PM   UID       PID   cswch/s nvcswch/s  Command
11:34:29 PM     0        17     21.00      0.00  rcu_preempt
11:34:29 PM     0        24      1.00      0.00  ksoftirqd/1
11:34:29 PM     0        29      1.00      0.00  migration/2
11:34:29 PM     0        36      2.00      0.00  ksoftirqd/3
11:34:29 PM     0        48      1.00      0.00  ksoftirqd/5
11:34:29 PM     0        65      1.00      0.00  migration/8
11:34:29 PM     0        72      1.00      0.00  ksoftirqd/9
11:34:29 PM     0        78      1.00      0.00  ksoftirqd/10
11:34:29 PM     0        95      2.00      0.00  kcompactd0
11:34:29 PM     0       453      1.00      0.00  multipathd
11:34:29 PM     0       593     19.00      0.00  xfsaild/nvme0n1p2
11:34:29 PM     0    230433      4.00      0.00  kworker/0:1-events
11:34:29 PM     0    230456      2.00      0.00  kworker/8:2-events
11:34:29 PM     0    230457      1.00      0.00  kworker/1:2-mm_percpu_wq
11:34:29 PM     0    230483      1.00      0.00  kworker/5:0-events
11:34:29 PM     0    238099      1.00      0.00  kworker/u24:1-writeback
11:34:29 PM     0    238283  68167.00     17.00  kworker/2:1-dio/nvme0n1p2
11:34:29 PM     0    239073      3.00      0.00  kworker/4:2-events
11:34:29 PM     0    240331      2.00      0.00  kworker/9:2-events
11:34:29 PM     0    241714      4.00      0.00  kworker/3:1-events
11:34:29 PM     0    245320      2.00      0.00  kworker/u24:2-events_power_efficient
11:34:29 PM     0    266197      1.00      0.00  kworker/6:2-mm_percpu_wq
11:34:29 PM     0    267327      3.00      0.00  kworker/10:1-events
11:34:29 PM     0    284068      2.00      0.00  kworker/7:0-mm_percpu_wq
11:34:29 PM     0    284482      1.00      0.00  iostat
11:34:29 PM     0    284483      1.00      0.00  pidstat
11:34:29 PM     0    284484      5.00      0.00  bash
11:34:29 PM     0    284485      8.00      0.00  bash
11:34:29 PM     0    284486      4.00      0.00  bash
11:34:29 PM     0    285376      1.00      0.00  sleep
11:34:29 PM     0    285387      1.00      0.00  sleep
11:34:29 PM     0    285388      1.00      0.00  sleep

11:34:29 PM   UID       PID   cswch/s nvcswch/s  Command
11:34:30 PM     0        17     20.00      0.00  rcu_preempt
11:34:30 PM     0        18      1.00      0.00  migration/0
11:34:30 PM     0        23      1.00      0.00  migration/1
11:34:30 PM     0        29      2.00      0.00  migration/2
11:34:30 PM     0        35      1.00      0.00  migration/3
11:34:30 PM     0        41      1.00      0.00  migration/4
11:34:30 PM     0        47      1.00      0.00  migration/5
11:34:30 PM     0        53      2.00      0.00  migration/6
11:34:30 PM     0        59      1.00      0.00  migration/7
11:34:30 PM     0        65      1.00      0.00  migration/8
11:34:30 PM     0        71      1.00      0.00  migration/9
11:34:30 PM     0        72      3.00      0.00  ksoftirqd/9
11:34:30 PM     0        77      1.00      0.00  migration/10
11:34:30 PM     0        78      2.00      0.00  ksoftirqd/10
11:34:30 PM     0        83      1.00      0.00  migration/11
11:34:30 PM     0        95      2.00      0.00  kcompactd0
11:34:30 PM     0       453      1.00      0.00  multipathd
11:34:30 PM     0       593     20.00      0.00  xfsaild/nvme0n1p2
11:34:30 PM     0    230456      1.00      0.00  kworker/8:2-events
11:34:30 PM     0    230457      1.00      0.00  kworker/1:2-events
11:34:30 PM     0    230483      2.00      0.00  kworker/5:0-events
11:34:30 PM     0    238099      1.00      0.00  kworker/u24:1-edac-poller
11:34:30 PM     0    238283  68200.00     10.00  kworker/2:1-dio/nvme0n1p2
11:34:30 PM     0    239073      1.00      0.00  kworker/4:2-events
11:34:30 PM     0    240331      4.00      0.00  kworker/9:2-events
11:34:30 PM     0    266197      1.00      0.00  kworker/6:2-mm_percpu_wq
11:34:30 PM     0    266533      3.00      0.00  kworker/11:2-events
11:34:30 PM     0    267327      2.00      0.00  kworker/10:1-events
11:34:30 PM     0    284068      1.00      0.00  kworker/7:0-events
11:34:30 PM     0    284482      1.00      0.00  iostat
11:34:30 PM     0    284483      1.00      0.00  pidstat
11:34:30 PM     0    284484      5.00      0.00  bash
11:34:30 PM     0    284485      8.00      0.00  bash
11:34:30 PM     0    284486      4.00      0.00  bash
11:34:30 PM     0    285391      1.00      0.00  sleep
11:34:30 PM     0    285402      1.00      0.00  sleep
11:34:30 PM     0    285403      1.00      0.00  sleep

11:34:30 PM   UID       PID   cswch/s nvcswch/s  Command
11:34:31 PM     0        16      1.00      0.00  ksoftirqd/0
11:34:31 PM     0        17     17.00      0.00  rcu_preempt
11:34:31 PM     0        24      1.00      0.00  ksoftirqd/1
11:34:31 PM     0        29      1.00      0.00  migration/2
11:34:31 PM     0        72      2.00      0.00  ksoftirqd/9
11:34:31 PM     0        78      1.00      0.00  ksoftirqd/10
11:34:31 PM     0        95      2.00      0.00  kcompactd0
11:34:31 PM     0       453      1.00      0.00  multipathd
11:34:31 PM     0       593     20.00      0.00  xfsaild/nvme0n1p2
11:34:31 PM     0    230433      4.00      0.00  kworker/0:1-events
11:34:31 PM     0    230456      2.00      0.00  kworker/8:2-events
11:34:31 PM     0    230457      1.00      0.00  kworker/1:2-mm_percpu_wq
11:34:31 PM     0    238099      2.00      0.00  kworker/u24:1-events_unbound
11:34:31 PM     0    238283  68224.00     13.00  kworker/2:1-dio/nvme0n1p2
11:34:31 PM     0    239073      1.00      0.00  kworker/4:2-mm_percpu_wq
11:34:31 PM     0    240331      4.00      0.00  kworker/9:2-events
11:34:31 PM     0    241714      2.00      0.00  kworker/3:1-mm_percpu_wq
11:34:31 PM     0    266533      2.00      0.00  kworker/11:2-events
11:34:31 PM     0    267327      6.00      0.00  kworker/10:1-events
11:34:31 PM     0    284482      1.00      0.00  iostat
11:34:31 PM     0    284483      1.00      0.00  pidstat
11:34:31 PM     0    284484      5.00      0.00  bash
11:34:31 PM     0    284485      8.00      0.00  bash
11:34:31 PM     0    284486      4.00      0.00  bash
11:34:31 PM     0    285406      1.00      0.00  sleep
11:34:31 PM     0    285417      1.00      0.00  sleep
11:34:31 PM     0    285418      1.00      0.00  sleep

11:34:31 PM   UID       PID   cswch/s nvcswch/s  Command
11:34:32 PM     0        17     28.00      0.00  rcu_preempt
11:34:32 PM     0        29      1.00      0.00  migration/2
11:34:32 PM     0        30      3.00     16.00  ksoftirqd/2
11:34:32 PM     0        65      2.00      0.00  migration/8
11:34:32 PM     0        72      2.00      0.00  ksoftirqd/9
11:34:32 PM     0        78      1.00      0.00  ksoftirqd/10
11:34:32 PM     0        95      2.00      0.00  kcompactd0
11:34:32 PM     0       188      2.00      0.00  kworker/2:1H-kblockd
11:34:32 PM     0       192      1.00      0.00  kworker/7:1H-kblockd
11:34:32 PM     0       359      3.00      0.00  jbd2/nvme1n1p2-8
11:34:32 PM     0       415      3.00      0.00  systemd-journal
11:34:32 PM     0       453      1.00      0.00  multipathd
11:34:32 PM     0       562      3.00      0.00  jbd2/nvme1n1p3-8
11:34:32 PM     0       593     19.00      0.00  xfsaild/nvme0n1p2
11:34:32 PM     0    230433      1.00      0.00  kworker/0:1-mm_percpu_wq
11:34:32 PM     0    230457      2.00      0.00  kworker/1:2-events
11:34:32 PM     0    230483      2.00      0.00  kworker/5:0-mm_percpu_wq
11:34:32 PM     0    238099      3.00      0.00  kworker/u24:1-flush-259:1
11:34:32 PM     0    238283  66991.00    101.00  kworker/2:1-dio/nvme0n1p2
11:34:32 PM     0    239073      2.00      0.00  kworker/4:2-events
11:34:32 PM     0    240331      4.00      0.00  kworker/9:2-events
11:34:32 PM     0    241714      2.00      0.00  kworker/3:1-events
11:34:32 PM     0    245320      1.00      0.00  kworker/u24:2-flush-259:1
11:34:32 PM     0    255927      9.00      0.00  kworker/u24:0-writeback
11:34:32 PM     0    266197      2.00      0.00  kworker/6:2-mm_percpu_wq
11:34:32 PM     0    266533      3.00      0.00  kworker/11:2-events
11:34:32 PM     0    267327      7.00      0.00  kworker/10:1-events
11:34:32 PM     0    284068      3.00      0.00  kworker/7:0-events
11:34:32 PM     0    284482      2.00      0.00  iostat
11:34:32 PM     0    284483      1.00      0.00  pidstat
11:34:32 PM     0    284484      6.00      0.00  bash
11:34:32 PM     0    284485      9.00      0.00  bash
11:34:32 PM     0    284486      5.00      0.00  bash
11:34:32 PM     0    285422      2.00      0.00  sleep
11:34:32 PM     0    285433      1.00      0.00  sleep
11:34:32 PM     0    285434      1.00      0.00  sleep

11:34:32 PM   UID       PID   cswch/s nvcswch/s  Command
11:34:33 PM     0        16      1.00      0.00  ksoftirqd/0
11:34:33 PM     0        17     17.00      0.00  rcu_preempt
11:34:33 PM     0        29      1.00      0.00  migration/2
11:34:33 PM     0        36      2.00      0.00  ksoftirqd/3
11:34:33 PM     0        42      1.00      0.00  ksoftirqd/4
11:34:33 PM     0        60      2.00      0.00  ksoftirqd/7
11:34:33 PM     0        72      1.00      0.00  ksoftirqd/9
11:34:33 PM     0        78      2.00      0.00  ksoftirqd/10
11:34:33 PM     0        95      2.00      0.00  kcompactd0
11:34:33 PM     0       453      1.00      0.00  multipathd
11:34:33 PM     0       593     20.00      0.00  xfsaild/nvme0n1p2
11:34:33 PM     0     21554      1.00      0.00  packagekitd
11:34:33 PM     0    230433      2.00      0.00  kworker/0:1-events
11:34:33 PM     0    230456      2.00      0.00  kworker/8:2-events
11:34:33 PM     0    238099      2.00      0.00  kworker/u24:1-events_unbound
11:34:33 PM     0    238283  68106.00     10.00  kworker/2:1-dio/nvme0n1p2
11:34:33 PM     0    239073      2.00      0.00  kworker/4:2-mm_percpu_wq
11:34:33 PM     0    240331      3.00      0.00  kworker/9:2-events
11:34:33 PM     0    241714      4.00      0.00  kworker/3:1-events
11:34:33 PM     0    266197      1.00      0.00  kworker/6:2-mm_percpu_wq
11:34:33 PM     0    266533      1.00      0.00  kworker/11:2-events
11:34:33 PM     0    267327      3.00      0.00  kworker/10:1-events
11:34:33 PM     0    284068      1.00      0.00  kworker/7:0-mm_percpu_wq
11:34:33 PM     0    284482      1.00      0.00  iostat
11:34:33 PM     0    284483      2.00      0.00  pidstat
11:34:33 PM     0    284484      5.00      0.00  bash
11:34:33 PM     0    284485      8.00      0.00  bash
11:34:33 PM     0    284486      4.00      0.00  bash
11:34:33 PM     0    285437      1.00      0.00  sleep
11:34:33 PM     0    285448      1.00      0.00  sleep
11:34:33 PM     0    285449      1.00      0.00  sleep

11:34:33 PM   UID       PID   cswch/s nvcswch/s  Command
11:34:34 PM     0        16      1.00      0.00  ksoftirqd/0
11:34:34 PM     0        17     20.00      0.00  rcu_preempt
11:34:34 PM     0        18      1.00      0.00  migration/0
11:34:34 PM     0        23      1.00      0.00  migration/1
11:34:34 PM     0        29      1.00      0.00  migration/2
11:34:34 PM     0        35      1.00      0.00  migration/3
11:34:34 PM     0        36      2.00      0.00  ksoftirqd/3
11:34:34 PM     0        41      1.00      0.00  migration/4
11:34:34 PM     0        47      1.00      0.00  migration/5
11:34:34 PM     0        53      1.00      0.00  migration/6
11:34:34 PM     0        59      1.00      0.00  migration/7
11:34:34 PM     0        65      1.00      0.00  migration/8
11:34:34 PM     0        71      1.00      0.00  migration/9
11:34:34 PM     0        77      1.00      0.00  migration/10
11:34:34 PM     0        78      2.00      1.00  ksoftirqd/10
11:34:34 PM     0        83      1.00      0.00  migration/11
11:34:34 PM     0        95      2.00      0.00  kcompactd0
11:34:34 PM     0       453      1.00      0.00  multipathd
11:34:34 PM     0       593     19.00      0.00  xfsaild/nvme0n1p2
11:34:34 PM     0    230433      2.00      0.00  kworker/0:1-events
11:34:34 PM     0    230456      2.00      0.00  kworker/8:2-events
11:34:34 PM     0    230457      1.00      0.00  kworker/1:2-mm_percpu_wq
11:34:34 PM     0    230483      1.00      0.00  kworker/5:0-mm_percpu_wq
11:34:34 PM     0    238099      2.00      0.00  kworker/u24:1-events_power_efficient
11:34:34 PM     0    238283  67549.00     18.00  kworker/2:1-dio/nvme0n1p2
11:34:34 PM     0    239073      2.00      0.00  kworker/4:2-mm_percpu_wq
11:34:34 PM     0    240331      1.00      0.00  kworker/9:2-events
11:34:34 PM     0    241714      5.00      0.00  kworker/3:1-events
11:34:34 PM     0    255927      1.00      0.00  kworker/u24:0-writeback
11:34:34 PM     0    266197      1.00      0.00  kworker/6:2-mm_percpu_wq
11:34:34 PM     0    266533      2.00      0.00  kworker/11:2-events
11:34:34 PM     0    267327      5.00      0.00  kworker/10:1-events
11:34:34 PM     0    284068      1.00      0.00  kworker/7:0-mm_percpu_wq
11:34:34 PM     0    284482      1.00      0.00  iostat
11:34:34 PM     0    284483      1.00      0.00  pidstat
11:34:34 PM     0    284484      5.00      0.00  bash
11:34:34 PM     0    284485      8.00      0.00  bash
11:34:34 PM     0    284486      4.00      0.00  bash
11:34:34 PM     0    285452      1.00      0.00  sleep
11:34:34 PM     0    285463      1.00      0.00  sleep
11:34:34 PM     0    285464      1.00      0.00  sleep

11:34:34 PM   UID       PID   cswch/s nvcswch/s  Command
11:34:35 PM     0        16      2.00      0.00  ksoftirqd/0
11:34:35 PM     0        17     17.00      0.00  rcu_preempt
11:34:35 PM     0        29      1.00      0.00  migration/2
11:34:35 PM     0        36      1.00      0.00  ksoftirqd/3
11:34:35 PM     0        42      1.00      0.00  ksoftirqd/4
11:34:35 PM     0        78      1.00      1.00  ksoftirqd/10
11:34:35 PM     0        95      2.00      0.00  kcompactd0
11:34:35 PM     0       453      1.00      0.00  multipathd
11:34:35 PM     0       593     20.00      0.00  xfsaild/nvme0n1p2
11:34:35 PM     0    230433      1.00      0.00  kworker/0:1-mm_percpu_wq
11:34:35 PM     0    230456      2.00      0.00  kworker/8:2-events
11:34:35 PM     0    230483      1.00      0.00  kworker/5:0-mm_percpu_wq
11:34:35 PM     0    238283  68316.00     17.00  kworker/2:1-dio/nvme0n1p2
11:34:35 PM     0    239073      2.00      0.00  kworker/4:2-events
11:34:35 PM     0    241714      4.00      0.00  kworker/3:1-events
11:34:35 PM     0    255927      3.00      0.00  kworker/u24:0-events_unbound
11:34:35 PM     0    267327      3.00      0.00  kworker/10:1-events
11:34:35 PM     0    284482      1.00      0.00  iostat
11:34:35 PM     0    284483      1.00      0.00  pidstat
11:34:35 PM     0    284484      5.00      0.00  bash
11:34:35 PM     0    284485      7.00      0.00  bash
11:34:35 PM     0    284486      4.00      0.00  bash
11:34:35 PM     0    285467      1.00      0.00  sleep
11:34:35 PM     0    285478      1.00      0.00  sleep
11:34:35 PM     0    285479      1.00      0.00  sleep

11:34:35 PM   UID       PID   cswch/s nvcswch/s  Command
11:34:36 PM     0        17     20.00      0.00  rcu_preempt
11:34:36 PM     0        18      1.00      0.00  migration/0
11:34:36 PM     0        29      1.00      0.00  migration/2
11:34:36 PM     0        36      3.00      0.00  ksoftirqd/3
11:34:36 PM     0        42      1.00      0.00  ksoftirqd/4
11:34:36 PM     0        48      2.00      0.00  ksoftirqd/5
11:34:36 PM     0        60      1.00      0.00  ksoftirqd/7
11:34:36 PM     0        95      2.00      0.00  kcompactd0
11:34:36 PM     0       453      1.00      0.00  multipathd
11:34:36 PM     0       593     20.00      0.00  xfsaild/nvme0n1p2
11:34:36 PM     0    230433      1.00      0.00  kworker/0:1-events
11:34:36 PM     0    230456      1.00      0.00  kworker/8:2-events
11:34:36 PM     0    230457      2.00      0.00  kworker/1:2-events
11:34:36 PM     0    230483      1.00      0.00  kworker/5:0-events
11:34:36 PM     0    238283  68505.00     19.00  kworker/2:1-dio/nvme0n1p2
11:34:36 PM     0    239073      4.00      0.00  kworker/4:2-events
11:34:36 PM     0    241714      3.00      0.00  kworker/3:1-events
11:34:36 PM     0    255927      1.00      0.00  kworker/u24:0-edac-poller
11:34:36 PM     0    266197      2.00      0.00  kworker/6:2-mm_percpu_wq
11:34:36 PM     0    284068      1.00      0.00  kworker/7:0-mm_percpu_wq
11:34:36 PM     0    284482      1.00      0.00  iostat
11:34:36 PM     0    284483      1.00      0.00  pidstat
11:34:36 PM     0    284484      5.00      0.00  bash
11:34:36 PM     0    284485      8.00      0.00  bash
11:34:36 PM     0    284486      4.00      0.00  bash
11:34:36 PM     0    285482      1.00      0.00  sleep
11:34:36 PM     0    285493      1.00      0.00  sleep
11:34:36 PM     0    285494      1.00      0.00  sleep

11:34:36 PM   UID       PID   cswch/s nvcswch/s  Command
11:34:37 PM     0         1      1.00      0.00  systemd
11:34:37 PM     0        16      1.00      0.00  ksoftirqd/0
11:34:37 PM     0        17     33.00      0.00  rcu_preempt
11:34:37 PM     0        30      2.00     15.00  ksoftirqd/2
11:34:37 PM     0        36      1.00      0.00  ksoftirqd/3
11:34:37 PM     0        60      1.00      0.00  ksoftirqd/7
11:34:37 PM     0        66      1.00      0.00  ksoftirqd/8
11:34:37 PM     0        95      2.00      0.00  kcompactd0
11:34:37 PM     0       172      2.00      0.00  kworker/3:1H-kblockd
11:34:37 PM     0       188      1.00      0.00  kworker/2:1H-xfs-log/nvme0n1p2
11:34:37 PM     0       189      1.00      0.00  kworker/4:1H-kblockd
11:34:37 PM     0       359      5.00      0.00  jbd2/nvme1n1p2-8
11:34:37 PM     0       415      3.00      0.00  systemd-journal
11:34:37 PM     0       453      1.00      0.00  multipathd
11:34:37 PM     0       562      3.00      0.00  jbd2/nvme1n1p3-8
11:34:37 PM     0       593     19.00      0.00  xfsaild/nvme0n1p2
11:34:37 PM   102       621      1.00      0.00  systemd-resolve
11:34:37 PM     0       643      1.00      0.00  systemd-logind
11:34:37 PM     0    230433      5.00      0.00  kworker/0:1-events
11:34:37 PM     0    230456      2.00      0.00  kworker/8:2-mm_percpu_wq
11:34:37 PM     0    230457      3.00      0.00  kworker/1:2-mm_percpu_wq
11:34:37 PM     0    230483      4.00      0.00  kworker/5:0-events
11:34:37 PM     0    238099      6.00      0.00  kworker/u24:1-events_unbound
11:34:37 PM     0    238283  66678.00    153.00  kworker/2:1-dio/nvme0n1p2
11:34:37 PM     0    239073      3.00      0.00  kworker/4:2-events
11:34:37 PM     0    240331      2.00      0.00  kworker/9:2-mm_percpu_wq
11:34:37 PM     0    241714      6.00      0.00  kworker/3:1-events
11:34:37 PM     0    245320      8.00      0.00  kworker/u24:2-writeback
11:34:37 PM     0    255927      2.00      0.00  kworker/u24:0-ext4-rsv-conversion
11:34:37 PM     0    266197      2.00      0.00  kworker/6:2-mm_percpu_wq
11:34:37 PM     0    266533      1.00      0.00  kworker/11:2-mm_percpu_wq
11:34:37 PM     0    267327      3.00      0.00  kworker/10:1-events
11:34:37 PM     0    284068      2.00      0.00  kworker/7:0-mm_percpu_wq
11:34:37 PM     0    284482      2.00      0.00  iostat
11:34:37 PM     0    284483      1.00      0.00  pidstat
11:34:37 PM     0    284484      6.00      0.00  bash
11:34:37 PM     0    284485      9.00      0.00  bash
11:34:37 PM     0    284486      5.00      0.00  bash
11:34:37 PM     0    285498      2.00      0.00  sleep
11:34:37 PM     0    285509      1.00      0.00  sleep
11:34:37 PM     0    285510      1.00      0.00  sleep

11:34:37 PM   UID       PID   cswch/s nvcswch/s  Command
11:34:38 PM     0        17     16.00      0.00  rcu_preempt
11:34:38 PM     0        18      1.00      0.00  migration/0
11:34:38 PM     0        23      1.00      0.00  migration/1
11:34:38 PM     0        24      2.00      0.00  ksoftirqd/1
11:34:38 PM     0        29      2.00      0.00  migration/2
11:34:38 PM     0        35      1.00      0.00  migration/3
11:34:38 PM     0        41      1.00      0.00  migration/4
11:34:38 PM     0        42      1.00      0.00  ksoftirqd/4
11:34:38 PM     0        47      1.00      0.00  migration/5
11:34:38 PM     0        48      2.00      0.00  ksoftirqd/5
11:34:38 PM     0        53      1.00      0.00  migration/6
11:34:38 PM     0        59      1.00      0.00  migration/7
11:34:38 PM     0        60      1.00      0.00  ksoftirqd/7
11:34:38 PM     0        65      1.00      0.00  migration/8
11:34:38 PM     0        71      1.00      0.00  migration/9
11:34:38 PM     0        72      1.00      0.00  ksoftirqd/9
11:34:38 PM     0        77      1.00      0.00  migration/10
11:34:38 PM     0        83      1.00      0.00  migration/11
11:34:38 PM     0        95      2.00      0.00  kcompactd0
11:34:38 PM     0       188      1.00      0.00  kworker/2:1H-kblockd
11:34:38 PM     0       453      1.00      0.00  multipathd
11:34:38 PM     0       593     20.00      0.00  xfsaild/nvme0n1p2
11:34:38 PM     0    230433      3.00      0.00  kworker/0:1-events
11:34:38 PM     0    230456      1.00      0.00  kworker/8:2-mm_percpu_wq
11:34:38 PM     0    230457      2.00      0.00  kworker/1:2-events
11:34:38 PM     0    230483      4.00      0.00  kworker/5:0-events
11:34:38 PM     0    238099      1.00      0.00  kworker/u24:1-edac-poller
11:34:38 PM     0    238283  68230.00     15.00  kworker/2:1-dio/nvme0n1p2
11:34:38 PM     0    239073      5.00      0.00  kworker/4:2-events
11:34:38 PM     0    240331      3.00      0.00  kworker/9:2-events
11:34:38 PM     0    241714      1.00      0.00  kworker/3:1-mm_percpu_wq
11:34:38 PM     0    267327      1.00      0.00  kworker/10:1-events
11:34:38 PM     0    284068      2.00      0.00  kworker/7:0-mm_percpu_wq
11:34:38 PM     0    284482      1.00      0.00  iostat
11:34:38 PM     0    284483      2.00      0.00  pidstat
11:34:38 PM     0    284484      5.00      0.00  bash
11:34:38 PM     0    284485      8.00      0.00  bash
11:34:38 PM     0    284486      4.00      0.00  bash
11:34:38 PM     0    285513      1.00      0.00  sleep
11:34:38 PM     0    285524      1.00      0.00  sleep
11:34:38 PM     0    285525      1.00      0.00  sleep

11:34:38 PM   UID       PID   cswch/s nvcswch/s  Command
11:34:39 PM     0        16      1.00      0.00  ksoftirqd/0
11:34:39 PM     0        17     16.00      0.00  rcu_preempt
11:34:39 PM     0        29      1.00      0.00  migration/2
11:34:39 PM     0        42      1.00      0.00  ksoftirqd/4
11:34:39 PM     0        47      1.00      0.00  migration/5
11:34:39 PM     0        48      1.00      0.00  ksoftirqd/5
11:34:39 PM     0        54      1.00      0.00  ksoftirqd/6
11:34:39 PM     0        72      1.00      0.00  ksoftirqd/9
11:34:39 PM     0        84      1.00      0.00  ksoftirqd/11
11:34:39 PM     0        95      2.00      0.00  kcompactd0
11:34:39 PM     0       188      1.00      0.00  kworker/2:1H-kblockd
11:34:39 PM     0       453      1.00      0.00  multipathd
11:34:39 PM     0       593     19.00      0.00  xfsaild/nvme0n1p2
11:34:39 PM     0    230433      4.00      0.00  kworker/0:1-events
11:34:39 PM     0    230483      1.00      0.00  kworker/5:0-events
11:34:39 PM     0    238099      2.00      0.00  kworker/u24:1-events_unbound
11:34:39 PM     0    238283  68447.00     10.00  kworker/2:1-dio/nvme0n1p2
11:34:39 PM     0    239073      1.00      0.00  kworker/4:2-events
11:34:39 PM     0    240331      1.00      0.00  kworker/9:2-events
11:34:39 PM     0    241714      2.00      0.00  kworker/3:1-events
11:34:39 PM     0    245320      1.00      0.00  kworker/u24:2-writeback
11:34:39 PM     0    266197      2.00      0.00  kworker/6:2-events
11:34:39 PM     0    266533      2.00      0.00  kworker/11:2-events
11:34:39 PM     0    267327      1.00      0.00  kworker/10:1-mm_percpu_wq
11:34:39 PM     0    284482      1.00      0.00  iostat
11:34:39 PM     0    284483      1.00      0.00  pidstat
11:34:39 PM     0    284484      5.00      0.00  bash
11:34:39 PM     0    284485      7.00      0.00  bash
11:34:39 PM     0    284486      4.00      0.00  bash
11:34:39 PM     0    285528      1.00      0.00  sleep
11:34:39 PM     0    285539      1.00      0.00  sleep

11:34:39 PM   UID       PID   cswch/s nvcswch/s  Command
11:34:40 PM     0        17     18.00      0.00  rcu_preempt
11:34:40 PM     0        42      1.00      0.00  ksoftirqd/4
11:34:40 PM     0        48      2.00      0.00  ksoftirqd/5
11:34:40 PM     0        72      1.00      0.00  ksoftirqd/9
11:34:40 PM     0        95      2.00      0.00  kcompactd0
11:34:40 PM     0       453      1.00      0.00  multipathd
11:34:40 PM     0       593     20.00      0.00  xfsaild/nvme0n1p2
11:34:40 PM     0    230433      2.00      0.00  kworker/0:1-mm_percpu_wq
11:34:40 PM     0    230456      1.00      0.00  kworker/8:2-mm_percpu_wq
11:34:40 PM     0    230457      2.00      0.00  kworker/1:2-events
11:34:40 PM     0    230483      3.00      0.00  kworker/5:0-mm_percpu_wq
11:34:40 PM     0    238099      1.00      0.00  kworker/u24:1-edac-poller
11:34:40 PM     0    238283  68469.00      9.00  kworker/2:1-dio/nvme0n1p2
11:34:40 PM     0    239073      3.00      0.00  kworker/4:2-mm_percpu_wq
11:34:40 PM     0    240331      2.00      0.00  kworker/9:2-mm_percpu_wq
11:34:40 PM     0    266533      2.00      0.00  kworker/11:2-mm_percpu_wq
11:34:40 PM     0    284068      1.00      0.00  kworker/7:0-mm_percpu_wq
11:34:40 PM     0    284482      1.00      0.00  iostat
11:34:40 PM     0    284483      1.00      0.00  pidstat
11:34:40 PM     0    284484      1.00      0.00  bash
11:34:40 PM     0    284485      1.00      0.00  bash
11:34:40 PM     0    284486      4.00      0.00  bash
11:34:40 PM     0    285543      1.00      0.00  sleep

11:34:40 PM   UID       PID   cswch/s nvcswch/s  Command
11:34:41 PM     0        17     17.00      0.00  rcu_preempt
11:34:41 PM     0        29      1.00      0.00  migration/2
11:34:41 PM     0        41      1.00      0.00  migration/4
11:34:41 PM     0        42      1.00      0.00  ksoftirqd/4
11:34:41 PM     0        48      1.00      0.00  ksoftirqd/5
11:34:41 PM     0        72      2.00      0.00  ksoftirqd/9
11:34:41 PM     0        78      1.00      0.00  ksoftirqd/10
11:34:41 PM     0        95      2.00      0.00  kcompactd0
11:34:41 PM     0       453      1.00      0.00  multipathd
11:34:41 PM     0       593     20.00      0.00  xfsaild/nvme0n1p2
11:34:41 PM     0    230433      2.00      0.00  kworker/0:1-events
11:34:41 PM     0    230456      2.00      0.00  kworker/8:2-mm_percpu_wq
11:34:41 PM     0    230457      1.00      0.00  kworker/1:2-mm_percpu_wq
11:34:41 PM     0    230483      3.00      0.00  kworker/5:0-events
11:34:41 PM     0    238099      1.00      0.00  kworker/u24:1-edac-poller
11:34:41 PM     0    238283  68290.00     24.00  kworker/2:1-dio/nvme0n1p2
11:34:41 PM     0    239073      4.00      0.00  kworker/4:2-mm_percpu_wq
11:34:41 PM     0    240331      2.00      0.00  kworker/9:2-mm_percpu_wq
11:34:41 PM     0    266533      3.00      0.00  kworker/11:2-events
11:34:41 PM     0    267327      2.00      0.00  kworker/10:1-mm_percpu_wq
11:34:41 PM     0    284068      1.00      0.00  kworker/7:0-mm_percpu_wq
11:34:41 PM     0    284482      1.00      0.00  iostat
11:34:41 PM     0    284483      1.00      0.00  pidstat
11:34:41 PM     0    284484      4.00      0.00  bash
11:34:41 PM     0    284485      7.00      0.00  bash
11:34:41 PM     0    284486      4.00      0.00  bash
11:34:41 PM     0    285554      1.00      0.00  sleep
11:34:41 PM     0    285555      1.00      0.00  sleep
11:34:41 PM     0    285558      1.00      0.00  sleep

11:34:41 PM   UID       PID   cswch/s nvcswch/s  Command
11:34:42 PM     0        17     30.00      0.00  rcu_preempt
11:34:42 PM     0        18      1.00      0.00  migration/0
11:34:42 PM     0        23      1.00      0.00  migration/1
11:34:42 PM     0        29      3.00      0.00  migration/2
11:34:42 PM     0        30      2.00      9.00  ksoftirqd/2
11:34:42 PM     0        35      1.00      0.00  migration/3
11:34:42 PM     0        41      1.00      0.00  migration/4
11:34:42 PM     0        42      1.00      0.00  ksoftirqd/4
11:34:42 PM     0        47      1.00      0.00  migration/5
11:34:42 PM     0        53      1.00      0.00  migration/6
11:34:42 PM     0        59      1.00      0.00  migration/7
11:34:42 PM     0        65      1.00      0.00  migration/8
11:34:42 PM     0        71      1.00      0.00  migration/9
11:34:42 PM     0        77      1.00      0.00  migration/10
11:34:42 PM     0        83      2.00      0.00  migration/11
11:34:42 PM     0        84      1.00      0.00  ksoftirqd/11
11:34:42 PM     0        95      2.00      0.00  kcompactd0
11:34:42 PM     0       172      6.00      0.00  kworker/3:1H-kblockd
11:34:42 PM     0       188      1.00      0.00  kworker/2:1H-xfs-log/nvme0n1p2
11:34:42 PM     0       191      4.00      0.00  kworker/1:1H-kblockd
11:34:42 PM     0       359      6.00      0.00  jbd2/nvme1n1p2-8
11:34:42 PM     0       415      3.00      0.00  systemd-journal
11:34:42 PM     0       453      1.00      0.00  multipathd
11:34:42 PM     0       562      3.00      0.00  jbd2/nvme1n1p3-8
11:34:42 PM     0       593     19.00      0.00  xfsaild/nvme0n1p2
11:34:42 PM     0    230433      2.00      0.00  kworker/0:1-events
11:34:42 PM     0    230456      3.00      0.00  kworker/8:2-mm_percpu_wq
11:34:42 PM     0    230457      3.00      0.00  kworker/1:2-events
11:34:42 PM     0    230483      2.00      0.00  kworker/5:0-mm_percpu_wq
11:34:42 PM     0    238099      7.00      0.00  kworker/u24:1-ext4-rsv-conversion
11:34:42 PM     0    238283  66612.00    141.00  kworker/2:1-dio/nvme0n1p2
11:34:42 PM     0    239073      4.00      0.00  kworker/4:2-mm_percpu_wq
11:34:42 PM     0    240331      4.00      0.00  kworker/9:2-events
11:34:42 PM     0    241714      3.00      0.00  kworker/3:1-mm_percpu_wq
11:34:42 PM     0    245320     12.00      0.00  kworker/u24:2-edac-poller
11:34:42 PM     0    255927      7.00      0.00  kworker/u24:0-writeback
11:34:42 PM     0    266197      2.00      0.00  kworker/6:2-mm_percpu_wq
11:34:42 PM     0    266533      4.00      0.00  kworker/11:2-events
11:34:42 PM     0    267327      3.00      0.00  kworker/10:1-mm_percpu_wq
11:34:42 PM     0    284068      3.00      0.00  kworker/7:0-mm_percpu_wq
11:34:42 PM     0    284482      2.00      0.00  iostat
11:34:42 PM     0    284483      1.00      0.00  pidstat
11:34:42 PM     0    284484      5.00      0.00  bash
11:34:42 PM     0    284485      8.00      0.00  bash
11:34:42 PM     0    284486      5.00      0.00  bash
11:34:42 PM     0    285569      1.00      0.00  sleep
11:34:42 PM     0    285570      1.00      0.00  sleep
11:34:42 PM     0    285574      2.00      0.00  sleep

11:34:42 PM   UID       PID   cswch/s nvcswch/s  Command
11:34:43 PM     0        17     23.00      0.00  rcu_preempt
11:34:43 PM     0        29      1.00      0.00  migration/2
11:34:43 PM     0        42      1.00      0.00  ksoftirqd/4
11:34:43 PM     0        48      1.00      0.00  ksoftirqd/5
11:34:43 PM     0        54      1.00      0.00  ksoftirqd/6
11:34:43 PM     0        60      1.00      0.00  ksoftirqd/7
11:34:43 PM     0        84      2.00      0.00  ksoftirqd/11
11:34:43 PM     0        95      2.00      0.00  kcompactd0
11:34:43 PM     0       113      1.00      0.00  kworker/5:1H-xfs-log/nvme0n1p2
11:34:43 PM     0       192      1.00      0.00  kworker/7:1H-xfs-log/nvme0n1p2
11:34:43 PM     0       453      1.00      0.00  multipathd
11:34:43 PM     0       593     21.00      0.00  xfsaild/nvme0n1p2
11:34:43 PM     0     21554      1.00      0.00  packagekitd
11:34:43 PM     0    230433      4.00      0.00  kworker/0:1-mm_percpu_wq
11:34:43 PM     0    230456      2.00      0.00  kworker/8:2-mm_percpu_wq
11:34:43 PM     0    230483      2.00      0.00  kworker/5:0-mm_percpu_wq
11:34:43 PM     0    238283  68396.00     15.00  kworker/2:1-dio/nvme0n1p2
11:34:43 PM     0    239073      4.00      0.00  kworker/4:2-mm_percpu_wq
11:34:43 PM     0    240331      1.00      0.00  kworker/9:2-mm_percpu_wq
11:34:43 PM     0    241714      2.00      0.00  kworker/3:1-mm_percpu_wq
11:34:43 PM     0    245320      1.00      0.00  kworker/u24:2-xfs-cil/nvme0n1p2
11:34:43 PM     0    255927      3.00      0.00  kworker/u24:0-edac-poller
11:34:43 PM     0    266533      2.00      0.00  kworker/11:2-events
11:34:43 PM     0    267327      1.00      0.00  kworker/10:1-mm_percpu_wq
11:34:43 PM     0    284068      3.00      0.00  kworker/7:0-mm_percpu_wq
11:34:43 PM     0    284482      1.00      0.00  iostat
11:34:43 PM     0    284483      2.00      0.00  pidstat
11:34:43 PM     0    284484      6.00      0.00  bash
11:34:43 PM     0    284485      8.00      0.00  bash
11:34:43 PM     0    284486      4.00      0.00  bash
11:34:43 PM     0    285585      1.00      0.00  sleep
11:34:43 PM     0    285586      1.00      0.00  sleep
11:34:43 PM     0    285589      1.00      0.00  sleep

11:34:43 PM   UID       PID   cswch/s nvcswch/s  Command
11:34:44 PM     0        16      1.00      0.00  ksoftirqd/0
11:34:44 PM     0        17     17.00      0.00  rcu_preempt
11:34:44 PM     0        29      1.00      0.00  migration/2
11:34:44 PM     0        36      1.00      0.00  ksoftirqd/3
11:34:44 PM     0        42      1.00      0.00  ksoftirqd/4
11:34:44 PM     0        48      1.00      0.00  ksoftirqd/5
11:34:44 PM     0        95      2.00      0.00  kcompactd0
11:34:44 PM     0       453      1.00      0.00  multipathd
11:34:44 PM     0       593     19.00      0.00  xfsaild/nvme0n1p2
11:34:44 PM     0    230433      3.00      0.00  kworker/0:1-events
11:34:44 PM     0    230456      1.00      0.00  kworker/8:2-mm_percpu_wq
11:34:44 PM     0    230457      1.00      0.00  kworker/1:2-mm_percpu_wq
11:34:44 PM     0    230483      3.00      0.00  kworker/5:0-mm_percpu_wq
11:34:44 PM     0    238283  68513.00     11.00  kworker/2:1-dio/nvme0n1p2
11:34:44 PM     0    239073      3.00      0.00  kworker/4:2-mm_percpu_wq
11:34:44 PM     0    240331      1.00      0.00  kworker/9:2-events
11:34:44 PM     0    241714      4.00      0.00  kworker/3:1-mm_percpu_wq
11:34:44 PM     0    255927      2.00      0.00  kworker/u24:0-events_unbound
11:34:44 PM     0    267327      2.00      0.00  kworker/10:1-mm_percpu_wq
11:34:44 PM     0    284068      2.00      0.00  kworker/7:0-mm_percpu_wq
11:34:44 PM     0    284482      1.00      0.00  iostat
11:34:44 PM     0    284483      1.00      0.00  pidstat
11:34:44 PM     0    284484      5.00      0.00  bash
11:34:44 PM     0    284485      8.00      0.00  bash
11:34:44 PM     0    284486      4.00      0.00  bash
11:34:44 PM     0    285600      1.00      0.00  sleep
11:34:44 PM     0    285601      1.00      0.00  sleep
11:34:44 PM     0    285604      1.00      0.00  sleep

11:34:44 PM   UID       PID   cswch/s nvcswch/s  Command
11:34:45 PM     0        16      1.00      0.00  ksoftirqd/0
11:34:45 PM     0        17     21.00      0.00  rcu_preempt
11:34:45 PM     0        36      2.00      0.00  ksoftirqd/3
11:34:45 PM     0        42      1.00      0.00  ksoftirqd/4
11:34:45 PM     0        48      2.00      0.00  ksoftirqd/5
11:34:45 PM     0        71      1.00      0.00  migration/9
11:34:45 PM     0        95      2.00      0.00  kcompactd0
11:34:45 PM     0       188      1.00      0.00  kworker/2:1H-kblockd
11:34:45 PM     0       453      1.00      0.00  multipathd
11:34:45 PM     0       593     20.00      0.00  xfsaild/nvme0n1p2
11:34:45 PM     0    230433      1.00      0.00  kworker/0:1-events
11:34:45 PM     0    230483      2.00      0.00  kworker/5:0-events
11:34:45 PM     0    238283  68476.00     15.00  kworker/2:1-dio/nvme0n1p2
11:34:45 PM     0    239073      1.00      0.00  kworker/4:2-events
11:34:45 PM     0    240331      1.00      0.00  kworker/9:2-mm_percpu_wq
11:34:45 PM     0    241714      4.00      0.00  kworker/3:1-events
11:34:45 PM     0    245320      2.00      0.00  kworker/u24:2-edac-poller
11:34:45 PM     0    255927      1.00      0.00  kworker/u24:0-events_power_efficient
11:34:45 PM     0    266197      1.00      0.00  kworker/6:2-mm_percpu_wq
11:34:45 PM     0    266533      2.00      0.00  kworker/11:2-events
11:34:45 PM     0    284068      1.00      0.00  kworker/7:0-mm_percpu_wq
11:34:45 PM     0    284482      1.00      0.00  iostat
11:34:45 PM     0    284483      1.00      0.00  pidstat
11:34:45 PM     0    284484      5.00      0.00  bash
11:34:45 PM     0    284485      7.00      0.00  bash
11:34:45 PM     0    284486      4.00      0.00  bash
11:34:45 PM     0    285615      1.00      0.00  sleep
11:34:45 PM     0    285616      1.00      0.00  sleep
11:34:45 PM     0    285619      1.00      0.00  sleep

11:34:45 PM   UID       PID   cswch/s nvcswch/s  Command
11:34:46 PM     0        16      2.00      0.00  ksoftirqd/0
11:34:46 PM     0        17     18.00      0.00  rcu_preempt
11:34:46 PM     0        18      1.00      0.00  migration/0
11:34:46 PM     0        23      1.00      0.00  migration/1
11:34:46 PM     0        29      2.00      0.00  migration/2
11:34:46 PM     0        35      1.00      0.00  migration/3
11:34:46 PM     0        41      1.00      0.00  migration/4
11:34:46 PM     0        42      2.00      0.00  ksoftirqd/4
11:34:46 PM     0        47      1.00      0.00  migration/5
11:34:46 PM     0        53      1.00      0.00  migration/6
11:34:46 PM     0        59      1.00      0.00  migration/7
11:34:46 PM     0        65      1.00      0.00  migration/8
11:34:46 PM     0        71      1.00      0.00  migration/9
11:34:46 PM     0        77      1.00      0.00  migration/10
11:34:46 PM     0        83      1.00      0.00  migration/11
11:34:46 PM     0        95      2.00      0.00  kcompactd0
11:34:46 PM     0       453      1.00      0.00  multipathd
11:34:46 PM     0       593     20.00      0.00  xfsaild/nvme0n1p2
11:34:46 PM     0    230433      1.00      0.00  kworker/0:1-mm_percpu_wq
11:34:46 PM     0    230456      2.00      0.00  kworker/8:2-mm_percpu_wq
11:34:46 PM     0    230457      1.00      0.00  kworker/1:2-events
11:34:46 PM     0    230483      3.00      0.00  kworker/5:0-mm_percpu_wq
11:34:46 PM     0    238283  68329.00     20.00  kworker/2:1-dio/nvme0n1p2
11:34:46 PM     0    239073      4.00      0.00  kworker/4:2-mm_percpu_wq
11:34:46 PM     0    245320      1.00      0.00  kworker/u24:2-edac-poller
11:34:46 PM     0    266197      1.00      0.00  kworker/6:2-events
11:34:46 PM     0    266533      3.00      0.00  kworker/11:2-mm_percpu_wq
11:34:46 PM     0    267327      1.00      0.00  kworker/10:1-mm_percpu_wq
11:34:46 PM     0    284068      1.00      0.00  kworker/7:0-mm_percpu_wq
11:34:46 PM     0    284482      1.00      0.00  iostat
11:34:46 PM     0    284483      1.00      0.00  pidstat
11:34:46 PM     0    284484      5.00      0.00  bash
11:34:46 PM     0    284485      6.00      0.00  bash
11:34:46 PM     0    284486      4.00      0.00  bash
11:34:46 PM     0    285630      1.00      0.00  sleep
11:34:46 PM     0    285631      1.00      0.00  sleep
11:34:46 PM     0    285634      1.00      0.00  sleep
