Linux 6.8.0-124-generic (cassandra-waf-rig) 	07/08/2026 	_x86_64_	(12 CPU)

11:04:20 PM   UID       PID   cswch/s nvcswch/s  Command
11:04:21 PM     0        17    194.06      0.00  rcu_preempt
11:04:21 PM     0        30      5.94      0.00  ksoftirqd/2
11:04:21 PM     0        60      1.98      0.00  ksoftirqd/7
11:04:21 PM     0        95      1.98      0.00  kcompactd0
11:04:21 PM     0       453      0.99      0.00  multipathd
11:04:21 PM     0    227297      0.99      0.00  kworker/10:2-events
11:04:21 PM     0    230457      0.99      0.00  kworker/1:2-events
11:04:21 PM     0    230483      1.98      0.00  kworker/5:0-events
11:04:21 PM     0    238099      1.98      0.00  kworker/u24:1-ext4-rsv-conversion
11:04:21 PM     0    238283      4.95      0.00  kworker/2:1-events
11:04:21 PM     0    240331      0.99      0.00  kworker/9:2-events
11:04:21 PM     0    241714      0.99      0.00  kworker/3:1-events
11:04:21 PM     0    245320      0.99      0.00  kworker/u24:2-writeback
11:04:21 PM     0    255758      0.99      0.00  iostat
11:04:21 PM     0    255759      0.99      0.00  pidstat
11:04:21 PM     0    255760      3.96      0.00  bash
11:04:21 PM     0    255761      4.95      0.00  bash
11:04:21 PM     0    255762      3.96      0.00  bash
11:04:21 PM     0    255764     18.81      0.00  java
11:04:21 PM     0    255798      1.98      0.00  sleep
11:04:21 PM     0    255812      4.95      0.00  java
11:04:21 PM     0    255825      0.99      0.00  sleep

11:04:21 PM   UID       PID   cswch/s nvcswch/s  Command
11:04:22 PM     0        17    176.00      0.00  rcu_preempt
11:04:22 PM     0        18      1.00      0.00  migration/0
11:04:22 PM     0        23      1.00      0.00  migration/1
11:04:22 PM     0        24      1.00      0.00  ksoftirqd/1
11:04:22 PM     0        29      1.00      0.00  migration/2
11:04:22 PM     0        30     11.00      0.00  ksoftirqd/2
11:04:22 PM     0        35      1.00      0.00  migration/3
11:04:22 PM     0        41      1.00      0.00  migration/4
11:04:22 PM     0        47      1.00      0.00  migration/5
11:04:22 PM     0        53      1.00      0.00  migration/6
11:04:22 PM     0        59      1.00      0.00  migration/7
11:04:22 PM     0        60      1.00      0.00  ksoftirqd/7
11:04:22 PM     0        65      1.00      0.00  migration/8
11:04:22 PM     0        71      1.00      0.00  migration/9
11:04:22 PM     0        77      1.00      0.00  migration/10
11:04:22 PM     0        78      2.00      0.00  ksoftirqd/10
11:04:22 PM     0        83      1.00      0.00  migration/11
11:04:22 PM     0        95      2.00      0.00  kcompactd0
11:04:22 PM     0       188      1.00      0.00  kworker/2:1H-kblockd
11:04:22 PM     0       453      1.00      0.00  multipathd
11:04:22 PM     0    227297      2.00      0.00  kworker/10:2-mm_percpu_wq
11:04:22 PM     0    230337      1.00      0.00  kworker/6:1-events
11:04:22 PM     0    230433      3.00      0.00  kworker/0:1-events
11:04:22 PM     0    230456      1.00      0.00  kworker/8:2-mm_percpu_wq
11:04:22 PM     0    230457      4.00      0.00  kworker/1:2-mm_percpu_wq
11:04:22 PM     0    230483      3.00      0.00  kworker/5:0-events
11:04:22 PM     0    230559      1.00      0.00  kworker/11:1-mm_percpu_wq
11:04:22 PM     0    238099      7.00      0.00  kworker/u24:1-events_power_efficient
11:04:22 PM     0    238283      6.00      0.00  kworker/2:1-events
11:04:22 PM     0    239073      2.00      0.00  kworker/4:2-mm_percpu_wq
11:04:22 PM     0    240331      1.00      0.00  kworker/9:2-mm_percpu_wq
11:04:22 PM     0    241714      3.00      0.00  kworker/3:1-mm_percpu_wq
11:04:22 PM     0    242833      3.00      0.00  kworker/7:1-mm_percpu_wq
11:04:22 PM     0    245320      2.00      0.00  kworker/u24:2-events_power_efficient
11:04:22 PM     0    255758      1.00      0.00  iostat
11:04:22 PM     0    255759      1.00      0.00  pidstat
11:04:22 PM     0    255760      5.00      0.00  bash
11:04:22 PM     0    255761      7.00      0.00  bash
11:04:22 PM     0    255762      4.00      0.00  bash
11:04:22 PM     0    255843      1.00      0.00  sleep
11:04:22 PM     0    255845      1.00      0.00  sleep
11:04:22 PM     0    255883      2.00      0.00  java

11:04:22 PM   UID       PID   cswch/s nvcswch/s  Command
11:04:23 PM     0         2      1.00      0.00  kthreadd
11:04:23 PM     0        16      1.00      0.00  ksoftirqd/0
11:04:23 PM     0        17    218.00      0.00  rcu_preempt
11:04:23 PM     0        24      1.00      0.00  ksoftirqd/1
11:04:23 PM     0        30     11.00      0.00  ksoftirqd/2
11:04:23 PM     0        48      1.00      0.00  ksoftirqd/5
11:04:23 PM     0        78      2.00      0.00  ksoftirqd/10
11:04:23 PM     0        95      2.00      0.00  kcompactd0
11:04:23 PM     0       172      3.00      0.00  kworker/3:1H-kblockd
11:04:23 PM     0       359      9.00      0.00  jbd2/nvme1n1p2-8
11:04:23 PM     0       415      1.00      0.00  systemd-journal
11:04:23 PM     0       453      1.00      0.00  multipathd
11:04:23 PM     0       562      3.00      0.00  jbd2/nvme1n1p3-8
11:04:23 PM     0     21554      1.00      0.00  packagekitd
11:04:23 PM     0    227297      2.00      0.00  kworker/10:2-mm_percpu_wq
11:04:23 PM     0    230337      3.00      0.00  kworker/6:1-mm_percpu_wq
11:04:23 PM     0    230364      2.00      0.00  kworker/u24:4-flush-259:1
11:04:23 PM     0    230433      3.00      0.00  kworker/0:1-mm_percpu_wq
11:04:23 PM     0    230456      2.00      0.00  kworker/8:2-mm_percpu_wq
11:04:23 PM     0    230457      5.00      0.00  kworker/1:2-mm_percpu_wq
11:04:23 PM     0    230483      4.00      0.00  kworker/5:0-events
11:04:23 PM     0    230559      3.00      0.00  kworker/11:1-events
11:04:23 PM     0    238099      7.00      0.00  kworker/u24:1-ext4-rsv-conversion
11:04:23 PM     0    238283      8.00      0.00  kworker/2:1-events
11:04:23 PM     0    239073      2.00      0.00  kworker/4:2-mm_percpu_wq
11:04:23 PM     0    240331      2.00      0.00  kworker/9:2-mm_percpu_wq
11:04:23 PM     0    241714      4.00      0.00  kworker/3:1-mm_percpu_wq
11:04:23 PM     0    242833      3.00      0.00  kworker/7:1-mm_percpu_wq
11:04:23 PM     0    245320     13.00      0.00  kworker/u24:2-writeback
11:04:23 PM     0    250641      1.00      0.00  kworker/u24:3-flush-259:1
11:04:23 PM     0    255758      2.00      0.00  iostat
11:04:23 PM     0    255759      1.00      0.00  pidstat
11:04:23 PM     0    255760      5.00      0.00  bash
11:04:23 PM     0    255761      7.00      0.00  bash
11:04:23 PM     0    255762      1.00      0.00  bash
11:04:23 PM     0    255917      1.00      0.00  sleep
11:04:23 PM     0    255918      1.00      0.00  sleep
11:04:23 PM     0    255927      7.00      0.00  kworker/u24:0-ext4-rsv-conversion

11:04:23 PM   UID       PID   cswch/s nvcswch/s  Command
11:04:24 PM     0        16      2.00      0.00  ksoftirqd/0
11:04:24 PM     0        17     22.00      0.00  rcu_preempt
11:04:24 PM     0        84      1.00      0.00  ksoftirqd/11
11:04:24 PM     0        95      2.00      0.00  kcompactd0
11:04:24 PM     0       113      1.00      0.00  kworker/5:1H-kblockd
11:04:24 PM     0       415      1.00      0.00  systemd-journal
11:04:24 PM     0       453      1.00      0.00  multipathd
11:04:24 PM     0    227297      1.00      0.00  kworker/10:2-mm_percpu_wq
11:04:24 PM     0    230337      1.00      0.00  kworker/6:1-mm_percpu_wq
11:04:24 PM     0    230433      1.00      0.00  kworker/0:1-mm_percpu_wq
11:04:24 PM     0    230456      1.00      0.00  kworker/8:2-mm_percpu_wq
11:04:24 PM     0    230457      2.00      0.00  kworker/1:2-mm_percpu_wq
11:04:24 PM     0    230483      1.00      0.00  kworker/5:0-mm_percpu_wq
11:04:24 PM     0    230559      3.00      0.00  kworker/11:1-events
11:04:24 PM     0    238099      1.00      0.00  kworker/u24:1-events_power_efficient
11:04:24 PM     0    238283     11.00      0.00  kworker/2:1-events
11:04:24 PM     0    239073      1.00      0.00  kworker/4:2-mm_percpu_wq
11:04:24 PM     0    240331      1.00      0.00  kworker/9:2-mm_percpu_wq
11:04:24 PM     0    241714      3.00      0.00  kworker/3:1-events
11:04:24 PM     0    245320      2.00      0.00  kworker/u24:2-edac-poller
11:04:24 PM     0    255758      1.00      0.00  iostat
11:04:24 PM     0    255759      2.00      0.00  pidstat
11:04:24 PM     0    255760      6.00      0.00  bash
11:04:24 PM     0    255761      9.00      0.00  bash
11:04:24 PM     0    255762      4.00      0.00  bash
11:04:24 PM     0    255930      2.00      0.00  sleep
11:04:24 PM     0    255941      1.00      0.00  sleep
11:04:24 PM     0    255942      1.00      0.00  sleep

11:04:24 PM   UID       PID   cswch/s nvcswch/s  Command
11:04:25 PM     0        16      1.00      0.00  ksoftirqd/0
11:04:25 PM     0        17     27.00      0.00  rcu_preempt
11:04:25 PM     0        24      2.00      0.00  ksoftirqd/1
11:04:25 PM     0        30      4.00      0.00  ksoftirqd/2
11:04:25 PM     0        36      1.00      0.00  ksoftirqd/3
11:04:25 PM     0        42      1.00      0.00  ksoftirqd/4
11:04:25 PM     0        78      1.00      0.00  ksoftirqd/10
11:04:25 PM     0        84      1.00      0.00  ksoftirqd/11
11:04:25 PM     0        95      2.00      0.00  kcompactd0
11:04:25 PM     0       172      1.00      0.00  kworker/3:1H-kblockd
11:04:25 PM     0       190      1.00      0.00  kworker/10:1H-kblockd
11:04:25 PM     0       195      1.00      0.00  kworker/6:1H-kblockd
11:04:25 PM     0       359      3.00      0.00  jbd2/nvme1n1p2-8
11:04:25 PM     0       415      1.00      0.00  systemd-journal
11:04:25 PM     0       453      1.00      0.00  multipathd
11:04:25 PM     0       562      3.00      0.00  jbd2/nvme1n1p3-8
11:04:25 PM     0       578      4.00      0.00  jbd2/nvme0n1p3-8
11:04:25 PM     0    227297      2.00      0.00  kworker/10:2-mm_percpu_wq
11:04:25 PM     0    230337      2.00      0.00  kworker/6:1-mm_percpu_wq
11:04:25 PM     0    230433      3.00      0.00  kworker/0:1-events
11:04:25 PM     0    230456      3.00      0.00  kworker/8:2-mm_percpu_wq
11:04:25 PM     0    230457      5.00      0.00  kworker/1:2-mm_percpu_wq
11:04:25 PM     0    230483      3.00      0.00  kworker/5:0-events
11:04:25 PM     0    230559      4.00      0.00  kworker/11:1-mm_percpu_wq
11:04:25 PM     0    238099      8.00      0.00  kworker/u24:1-writeback
11:04:25 PM     0    238283     17.00      0.00  kworker/2:1-events
11:04:25 PM     0    239073      2.00      0.00  kworker/4:2-mm_percpu_wq
11:04:25 PM     0    240331      3.00      0.00  kworker/9:2-events
11:04:25 PM     0    241714      4.00      0.00  kworker/3:1-mm_percpu_wq
11:04:25 PM     0    245320      6.00      0.00  kworker/u24:2-ext4-rsv-conversion
11:04:25 PM     0    255758      2.00      0.00  iostat
11:04:25 PM     0    255759      1.00      0.00  pidstat
11:04:25 PM     0    255760      5.00      0.00  bash
11:04:25 PM     0    255761      7.00      0.00  bash
11:04:25 PM     0    255762      4.00      0.00  bash
11:04:25 PM     0    255927      1.00      0.00  kworker/u24:0-ext4-rsv-conversion
11:04:25 PM     0    255945      1.00      0.00  sleep
11:04:25 PM     0    255956      1.00      0.00  sleep
11:04:25 PM     0    255957      1.00      0.00  sleep

11:04:25 PM   UID       PID   cswch/s nvcswch/s  Command
11:04:26 PM     0        17     23.00      0.00  rcu_preempt
11:04:26 PM     0        18      1.00      0.00  migration/0
11:04:26 PM     0        23      1.00      0.00  migration/1
11:04:26 PM     0        29      1.00      0.00  migration/2
11:04:26 PM     0        35      1.00      0.00  migration/3
11:04:26 PM     0        41      1.00      0.00  migration/4
11:04:26 PM     0        42      1.00      0.00  ksoftirqd/4
11:04:26 PM     0        47      1.00      0.00  migration/5
11:04:26 PM     0        48      1.00      0.00  ksoftirqd/5
11:04:26 PM     0        53      1.00      0.00  migration/6
11:04:26 PM     0        59      1.00      0.00  migration/7
11:04:26 PM     0        65      1.00      0.00  migration/8
11:04:26 PM     0        66      1.00      0.00  ksoftirqd/8
11:04:26 PM     0        71      1.00      0.00  migration/9
11:04:26 PM     0        77      1.00      0.00  migration/10
11:04:26 PM     0        83      1.00      0.00  migration/11
11:04:26 PM     0        95      2.00      0.00  kcompactd0
11:04:26 PM     0       415      2.00      0.00  systemd-journal
11:04:26 PM     0       453      1.00      0.00  multipathd
11:04:26 PM     0    230337      1.00      0.00  kworker/6:1-mm_percpu_wq
11:04:26 PM     0    230433      2.00      0.00  kworker/0:1-events
11:04:26 PM     0    230456      3.00      0.00  kworker/8:2-events
11:04:26 PM     0    230457      3.00      0.00  kworker/1:2-mm_percpu_wq
11:04:26 PM     0    230483      6.00      0.00  kworker/5:0-events
11:04:26 PM     0    230559      2.00      0.00  kworker/11:1-events
11:04:26 PM     0    238283     11.00      0.00  kworker/2:1-events
11:04:26 PM     0    239073      1.00      0.00  kworker/4:2-mm_percpu_wq
11:04:26 PM     0    240331      1.00      0.00  kworker/9:2-mm_percpu_wq
11:04:26 PM     0    241714      4.00      0.00  kworker/3:1-events
11:04:26 PM     0    242833      1.00      0.00  kworker/7:1-mm_percpu_wq
11:04:26 PM     0    245320      1.00      0.00  kworker/u24:2-edac-poller
11:04:26 PM     0    255758      1.00      0.00  iostat
11:04:26 PM     0    255759      2.00      0.00  pidstat
11:04:26 PM     0    255760      6.00      0.00  bash
11:04:26 PM     0    255761      9.00      0.00  bash
11:04:26 PM     0    255762      5.00      0.00  bash
11:04:26 PM     0    255961      2.00      0.00  sleep
11:04:26 PM     0    255972      1.00      0.00  sleep
11:04:26 PM     0    255973      1.00      0.00  sleep

11:04:26 PM   UID       PID   cswch/s nvcswch/s  Command
11:04:27 PM     0        16      1.00      0.00  ksoftirqd/0
11:04:27 PM     0        17     26.00      0.00  rcu_preempt
11:04:27 PM     0        24      1.00      0.00  ksoftirqd/1
11:04:27 PM     0        30      2.00      0.00  ksoftirqd/2
11:04:27 PM     0        36      1.00      0.00  ksoftirqd/3
11:04:27 PM     0        42      2.00      0.00  ksoftirqd/4
11:04:27 PM     0        48      1.00      0.00  ksoftirqd/5
11:04:27 PM     0        95      2.00      0.00  kcompactd0
11:04:27 PM     0       172      1.00      0.00  kworker/3:1H-kblockd
11:04:27 PM     0       190      1.00      0.00  kworker/10:1H-kblockd
11:04:27 PM     0       195      3.00      0.00  kworker/6:1H-kblockd
11:04:27 PM     0       359      3.00      0.00  jbd2/nvme1n1p2-8
11:04:27 PM     0       415      1.00      0.00  systemd-journal
11:04:27 PM     0       453      1.00      0.00  multipathd
11:04:27 PM     0       562      3.00      0.00  jbd2/nvme1n1p3-8
11:04:27 PM     0       578      4.00      0.00  jbd2/nvme0n1p3-8
11:04:27 PM     0    227297      2.00      0.00  kworker/10:2-mm_percpu_wq
11:04:27 PM     0    230337      2.00      0.00  kworker/6:1-mm_percpu_wq
11:04:27 PM     0    230433      2.00      0.00  kworker/0:1-mm_percpu_wq
11:04:27 PM     0    230456      3.00      0.00  kworker/8:2-mm_percpu_wq
11:04:27 PM     0    230457      5.00      0.00  kworker/1:2-mm_percpu_wq
11:04:27 PM     0    230483      4.00      0.00  kworker/5:0-mm_percpu_wq
11:04:27 PM     0    238099      6.00      0.00  kworker/u24:1-ext4-rsv-conversion
11:04:27 PM     0    238283     15.00      0.00  kworker/2:1-events
11:04:27 PM     0    239073      4.00      0.00  kworker/4:2-mm_percpu_wq
11:04:27 PM     0    240331      2.00      0.00  kworker/9:2-mm_percpu_wq
11:04:27 PM     0    241714      3.00      0.00  kworker/3:1-mm_percpu_wq
11:04:27 PM     0    245320      9.00      0.00  kworker/u24:2-writeback
11:04:27 PM     0    255758      2.00      0.00  iostat
11:04:27 PM     0    255759      1.00      0.00  pidstat
11:04:27 PM     0    255760      5.00      0.00  bash
11:04:27 PM     0    255761      8.00      0.00  bash
11:04:27 PM     0    255762      4.00      0.00  bash
11:04:27 PM     0    255927      1.00      0.00  kworker/u24:0-ext4-rsv-conversion
11:04:27 PM     0    255976      1.00      0.00  sleep
11:04:27 PM     0    255987      1.00      0.00  sleep
11:04:27 PM     0    255988      1.00      0.00  sleep

11:04:27 PM   UID       PID   cswch/s nvcswch/s  Command
11:04:28 PM     0        17     21.00      0.00  rcu_preempt
11:04:28 PM     0        29      1.00      0.00  migration/2
11:04:28 PM     0        42      1.00      0.00  ksoftirqd/4
11:04:28 PM     0        48      1.00      0.00  ksoftirqd/5
11:04:28 PM     0        95      2.00      0.00  kcompactd0
11:04:28 PM     0       415      2.00      0.00  systemd-journal
11:04:28 PM     0       453      1.00      0.00  multipathd
11:04:28 PM     0    227297      1.00      0.00  kworker/10:2-mm_percpu_wq
11:04:28 PM     0    230337      1.00      0.00  kworker/6:1-mm_percpu_wq
11:04:28 PM     0    230433      2.00      0.00  kworker/0:1-events
11:04:28 PM     0    230456      2.00      0.00  kworker/8:2-events
11:04:28 PM     0    230457      4.00      0.00  kworker/1:2-events
11:04:28 PM     0    230483      3.00      0.00  kworker/5:0-events
11:04:28 PM     0    238099      1.00      0.00  kworker/u24:1-events_power_efficient
11:04:28 PM     0    238283     11.00      0.00  kworker/2:1-events
11:04:28 PM     0    239073      3.00      0.00  kworker/4:2-events
11:04:28 PM     0    240331      1.00      0.00  kworker/9:2-mm_percpu_wq
11:04:28 PM     0    241714      1.00      0.00  kworker/3:1-mm_percpu_wq
11:04:28 PM     0    245320      2.00      0.00  kworker/u24:2-edac-poller
11:04:28 PM     0    255758      1.00      0.00  iostat
11:04:28 PM     0    255759      2.00      0.00  pidstat
11:04:28 PM     0    255760      6.00      0.00  bash
11:04:28 PM     0    255761      8.00      0.00  bash
11:04:28 PM     0    255762      5.00      0.00  bash
11:04:28 PM     0    255992      2.00      0.00  sleep
11:04:28 PM     0    256003      1.00      0.00  sleep
11:04:28 PM     0    256004      1.00      0.00  sleep

11:04:28 PM   UID       PID   cswch/s nvcswch/s  Command
11:04:29 PM     0        16      3.00      1.00  ksoftirqd/0
11:04:29 PM     0        17     29.00      0.00  rcu_preempt
11:04:29 PM     0        24      1.00      0.00  ksoftirqd/1
11:04:29 PM     0        29      1.00      0.00  migration/2
11:04:29 PM     0        30      2.00     46.00  ksoftirqd/2
11:04:29 PM     0        48      1.00      0.00  ksoftirqd/5
11:04:29 PM     0        66      1.00      0.00  ksoftirqd/8
11:04:29 PM     0        83      1.00      0.00  migration/11
11:04:29 PM     0        95      2.00      0.00  kcompactd0
11:04:29 PM     0       172      1.00      0.00  kworker/3:1H-kblockd
11:04:29 PM     0       188      1.00      0.00  kworker/2:1H-kblockd
11:04:29 PM     0       190      4.00      0.00  kworker/10:1H-kblockd
11:04:29 PM     0       359      3.00      0.00  jbd2/nvme1n1p2-8
11:04:29 PM     0       415      1.00      0.00  systemd-journal
11:04:29 PM     0       453      1.00      0.00  multipathd
11:04:29 PM     0       562      3.00      0.00  jbd2/nvme1n1p3-8
11:04:29 PM     0       578      4.00      0.00  jbd2/nvme0n1p3-8
11:04:29 PM     0    227297      2.00      0.00  kworker/10:2-mm_percpu_wq
11:04:29 PM     0    230337      2.00      0.00  kworker/6:1-mm_percpu_wq
11:04:29 PM     0    230433      4.00      0.00  kworker/0:1-mm_percpu_wq
11:04:29 PM     0    230456      4.00      0.00  kworker/8:2-mm_percpu_wq
11:04:29 PM     0    230457      3.00      0.00  kworker/1:2-mm_percpu_wq
11:04:29 PM     0    230483      6.00      0.00  kworker/5:0-events
11:04:29 PM     0    230559      2.00      0.00  kworker/11:1-mm_percpu_wq
11:04:29 PM     0    238099      6.00      0.00  kworker/u24:1-events_unbound
11:04:29 PM     0    238283     14.00      0.00  kworker/2:1-events
11:04:29 PM     0    239073      3.00      0.00  kworker/4:2-mm_percpu_wq
11:04:29 PM     0    240331      2.00      0.00  kworker/9:2-mm_percpu_wq
11:04:29 PM     0    241714      3.00      0.00  kworker/3:1-mm_percpu_wq
11:04:29 PM     0    242833      1.00      0.00  kworker/7:1-events
11:04:29 PM     0    245320      2.00      0.00  kworker/u24:2-flush-259:1
11:04:29 PM     0    255758      2.00      0.00  iostat
11:04:29 PM     0    255759      1.00      0.00  pidstat
11:04:29 PM     0    255760      5.00      0.00  bash
11:04:29 PM     0    255761      7.00      0.00  bash
11:04:29 PM     0    255762      4.00      0.00  bash
11:04:29 PM     0    255927      7.00      0.00  kworker/u24:0-writeback
11:04:29 PM     0    256007      1.00      0.00  sleep
11:04:29 PM     0    256018      1.00      0.00  sleep
11:04:29 PM     0    256019      1.00      0.00  sleep

11:04:29 PM   UID       PID   cswch/s nvcswch/s  Command
11:04:30 PM     0         1      1.00      0.00  systemd
11:04:30 PM     0        16      3.00      1.00  ksoftirqd/0
11:04:30 PM     0        17     21.00      0.00  rcu_preempt
11:04:30 PM     0        18      1.00      0.00  migration/0
11:04:30 PM     0        23      1.00      0.00  migration/1
11:04:30 PM     0        29      2.00      0.00  migration/2
11:04:30 PM     0        35      1.00      0.00  migration/3
11:04:30 PM     0        41      1.00      0.00  migration/4
11:04:30 PM     0        47      1.00      0.00  migration/5
11:04:30 PM     0        48      1.00      0.00  ksoftirqd/5
11:04:30 PM     0        53      1.00      0.00  migration/6
11:04:30 PM     0        59      1.00      0.00  migration/7
11:04:30 PM     0        60      1.00      0.00  ksoftirqd/7
11:04:30 PM     0        65      1.00      0.00  migration/8
11:04:30 PM     0        71      1.00      0.00  migration/9
11:04:30 PM     0        77      1.00      0.00  migration/10
11:04:30 PM     0        83      1.00      0.00  migration/11
11:04:30 PM     0        95      2.00      0.00  kcompactd0
11:04:30 PM     0       189      1.00      0.00  kworker/4:1H-kblockd
11:04:30 PM     0       415      2.00      0.00  systemd-journal
11:04:30 PM     0       453      1.00      0.00  multipathd
11:04:30 PM   101       608      1.00      0.00  systemd-network
11:04:30 PM     0    227297      1.00      0.00  kworker/10:2-mm_percpu_wq
11:04:30 PM     0    230337      1.00      0.00  kworker/6:1-mm_percpu_wq
11:04:30 PM     0    230433      5.00      0.00  kworker/0:1-events
11:04:30 PM     0    230456      2.00      0.00  kworker/8:2-events
11:04:30 PM     0    230457      2.00      0.00  kworker/1:2-mm_percpu_wq
11:04:30 PM     0    230483      4.00      0.00  kworker/5:0-events
11:04:30 PM     0    230559      2.00      0.00  kworker/11:1-events
11:04:30 PM     0    238099      1.00      0.00  kworker/u24:1-edac-poller
11:04:30 PM     0    238283     13.00      0.00  kworker/2:1-events
11:04:30 PM     0    239073      2.00      0.00  kworker/4:2-events
11:04:30 PM     0    240331      1.00      0.00  kworker/9:2-mm_percpu_wq
11:04:30 PM     0    241714      2.00      0.00  kworker/3:1-mm_percpu_wq
11:04:30 PM     0    242833      3.00      0.00  kworker/7:1-xfs-sync/nvme0n1p2
11:04:30 PM     0    255758      1.00      0.00  iostat
11:04:30 PM     0    255759      2.00      0.00  pidstat
11:04:30 PM     0    255760      6.00      0.00  bash
11:04:30 PM     0    255761      9.00      0.00  bash
11:04:30 PM     0    255762      5.00      0.00  bash
11:04:30 PM     0    256023      2.00      0.00  sleep
11:04:30 PM     0    256034      1.00      0.00  sleep
11:04:30 PM     0    256035      1.00      0.00  sleep

11:04:30 PM   UID       PID   cswch/s nvcswch/s  Command
11:04:31 PM     0        16      1.00      0.00  ksoftirqd/0
11:04:31 PM     0        17     17.00      0.00  rcu_preempt
11:04:31 PM     0        24      1.00      0.00  ksoftirqd/1
11:04:31 PM     0        48      2.00      0.00  ksoftirqd/5
11:04:31 PM     0        95      2.00      0.00  kcompactd0
11:04:31 PM     0       453      1.00      0.00  multipathd
11:04:31 PM     0    227297      1.00      0.00  kworker/10:2-mm_percpu_wq
11:04:31 PM     0    230337      1.00      0.00  kworker/6:1-mm_percpu_wq
11:04:31 PM     0    230433      6.00      0.00  kworker/0:1-events
11:04:31 PM     0    230456      3.00      0.00  kworker/8:2-events
11:04:31 PM     0    230457      4.00      0.00  kworker/1:2-events
11:04:31 PM     0    230483      3.00      0.00  kworker/5:0-events
11:04:31 PM     0    238099      1.00      0.00  kworker/u24:1-edac-poller
11:04:31 PM     0    238283     12.00      0.00  kworker/2:1-events
11:04:31 PM     0    239073      3.00      0.00  kworker/4:2-events
11:04:31 PM     0    240331      2.00      0.00  kworker/9:2-events
11:04:31 PM     0    241714      2.00      0.00  kworker/3:1-events
11:04:31 PM     0    255758      1.00      0.00  iostat
11:04:31 PM     0    255759      1.00      0.00  pidstat
11:04:31 PM     0    255760      5.00      0.00  bash
11:04:31 PM     0    255761      8.00      0.00  bash
11:04:31 PM     0    255762      4.00      0.00  bash
11:04:31 PM     0    256038      1.00      0.00  sleep
11:04:31 PM     0    256049      1.00      0.00  sleep
11:04:31 PM     0    256050      1.00      0.00  sleep

11:04:31 PM   UID       PID   cswch/s nvcswch/s  Command
11:04:32 PM     0        16      2.00      0.00  ksoftirqd/0
11:04:32 PM     0        17     19.00      0.00  rcu_preempt
11:04:32 PM     0        24      1.00      0.00  ksoftirqd/1
11:04:32 PM     0        29      1.00      0.00  migration/2
11:04:32 PM     0        48      2.00      0.00  ksoftirqd/5
11:04:32 PM     0        95      2.00      0.00  kcompactd0
11:04:32 PM     0       453      1.00      0.00  multipathd
11:04:32 PM     0    227297      1.00      0.00  kworker/10:2-mm_percpu_wq
11:04:32 PM     0    230337      1.00      0.00  kworker/6:1-mm_percpu_wq
11:04:32 PM     0    230433      3.00      0.00  kworker/0:1-events
11:04:32 PM     0    230456      2.00      0.00  kworker/8:2-events
11:04:32 PM     0    230457      4.00      0.00  kworker/1:2-events
11:04:32 PM     0    230483      3.00      0.00  kworker/5:0-events
11:04:32 PM     0    230559      1.00      0.00  kworker/11:1-events
11:04:32 PM     0    238099      2.00      0.00  kworker/u24:1-edac-poller
11:04:32 PM     0    238283     12.00      0.00  kworker/2:1-events
11:04:32 PM     0    239073      2.00      0.00  kworker/4:2-events
11:04:32 PM     0    240331      1.00      0.00  kworker/9:2-mm_percpu_wq
11:04:32 PM     0    241714      4.00      0.00  kworker/3:1-events
11:04:32 PM     0    242833      1.00      0.00  kworker/7:1-mm_percpu_wq
11:04:32 PM     0    255758      1.00      0.00  iostat
11:04:32 PM     0    255759      1.00      0.00  pidstat
11:04:32 PM     0    255760      5.00      0.00  bash
11:04:32 PM     0    255761      8.00      0.00  bash
11:04:32 PM     0    255762      4.00      0.00  bash
11:04:32 PM     0    256053      1.00      0.00  sleep
11:04:32 PM     0    256064      1.00      0.00  sleep
11:04:32 PM     0    256065      1.00      0.00  sleep

11:04:32 PM   UID       PID   cswch/s nvcswch/s  Command
11:04:33 PM     0        17     19.00      0.00  rcu_preempt
11:04:33 PM     0        24      2.00      0.00  ksoftirqd/1
11:04:33 PM     0        29      1.00      0.00  migration/2
11:04:33 PM     0        71      1.00      0.00  migration/9
11:04:33 PM     0        84      2.00      0.00  ksoftirqd/11
11:04:33 PM     0        95      2.00      0.00  kcompactd0
11:04:33 PM     0       453      1.00      0.00  multipathd
11:04:33 PM     0     21554      1.00      0.00  packagekitd
11:04:33 PM     0    227297      1.00      0.00  kworker/10:2-mm_percpu_wq
11:04:33 PM     0    230337      1.00      0.00  kworker/6:1-mm_percpu_wq
11:04:33 PM     0    230433      4.00      0.00  kworker/0:1-events
11:04:33 PM     0    230456      2.00      0.00  kworker/8:2-events
11:04:33 PM     0    230457      5.00      0.00  kworker/1:2-events
11:04:33 PM     0    230483      1.00      0.00  kworker/5:0-mm_percpu_wq
11:04:33 PM     0    230559      2.00      0.00  kworker/11:1-events
11:04:33 PM     0    238099      1.00      0.00  kworker/u24:1-edac-poller
11:04:33 PM     0    238283     14.00      0.00  kworker/2:1-events
11:04:33 PM     0    239073      2.00      0.00  kworker/4:2-events
11:04:33 PM     0    240331      1.00      0.00  kworker/9:2-mm_percpu_wq
11:04:33 PM     0    241714      2.00      0.00  kworker/3:1-mm_percpu_wq
11:04:33 PM     0    242833      1.00      0.00  kworker/7:1-events
11:04:33 PM     0    255758      1.00      0.00  iostat
11:04:33 PM     0    255759      1.00      0.00  pidstat
11:04:33 PM     0    255760      5.00      0.00  bash
11:04:33 PM     0    255761      8.00      0.00  bash
11:04:33 PM     0    255762      4.00      0.00  bash
11:04:33 PM     0    256068      1.00      0.00  sleep
11:04:33 PM     0    256079      1.00      0.00  sleep
11:04:33 PM     0    256080      1.00      0.00  sleep

11:04:33 PM   UID       PID   cswch/s nvcswch/s  Command
11:04:34 PM     0        16      2.00      1.00  ksoftirqd/0
11:04:34 PM     0        17     28.00      0.00  rcu_preempt
11:04:34 PM     0        18      1.00      0.00  migration/0
11:04:34 PM     0        23      1.00      0.00  migration/1
11:04:34 PM     0        24      3.00      0.00  ksoftirqd/1
11:04:34 PM     0        29      1.00      0.00  migration/2
11:04:34 PM     0        30      3.00      0.00  ksoftirqd/2
11:04:34 PM     0        35      1.00      0.00  migration/3
11:04:34 PM     0        41      1.00      0.00  migration/4
11:04:34 PM     0        47      1.00      0.00  migration/5
11:04:34 PM     0        53      1.00      0.00  migration/6
11:04:34 PM     0        59      1.00      0.00  migration/7
11:04:34 PM     0        65      1.00      0.00  migration/8
11:04:34 PM     0        71      1.00      0.00  migration/9
11:04:34 PM     0        77      1.00      0.00  migration/10
11:04:34 PM     0        83      1.00      0.00  migration/11
11:04:34 PM     0        84      1.00      0.00  ksoftirqd/11
11:04:34 PM     0        95      2.00      0.00  kcompactd0
11:04:34 PM     0       190      1.00      0.00  kworker/10:1H-kblockd
11:04:34 PM     0       195      2.00      0.00  kworker/6:1H-kblockd
11:04:34 PM     0       359      3.00      0.00  jbd2/nvme1n1p2-8
11:04:34 PM     0       415      1.00      0.00  systemd-journal
11:04:34 PM     0       453      1.00      0.00  multipathd
11:04:34 PM     0       562      3.00      0.00  jbd2/nvme1n1p3-8
11:04:34 PM     0       578      7.00      0.00  jbd2/nvme0n1p3-8
11:04:34 PM     0    227297      2.00      0.00  kworker/10:2-mm_percpu_wq
11:04:34 PM     0    230337      2.00      0.00  kworker/6:1-mm_percpu_wq
11:04:34 PM     0    230433      6.00      0.00  kworker/0:1-events
11:04:34 PM     0    230456      3.00      0.00  kworker/8:2-mm_percpu_wq
11:04:34 PM     0    230457      6.00      0.00  kworker/1:2-mm_percpu_wq
11:04:34 PM     0    230483      1.00      0.00  kworker/5:0-mm_percpu_wq
11:04:34 PM     0    230559      3.00      0.00  kworker/11:1-mm_percpu_wq
11:04:34 PM     0    238099      4.00      0.00  kworker/u24:1-ext4-rsv-conversion
11:04:34 PM     0    238283     12.00      0.00  kworker/2:1-events
11:04:34 PM     0    239073      3.00      0.00  kworker/4:2-mm_percpu_wq
11:04:34 PM     0    240331      2.00      0.00  kworker/9:2-mm_percpu_wq
11:04:34 PM     0    241714      1.00      0.00  kworker/3:1-mm_percpu_wq
11:04:34 PM     0    242833      1.00      0.00  kworker/7:1-events
11:04:34 PM     0    245320      7.00      0.00  kworker/u24:2-edac-poller
11:04:34 PM     0    255758      2.00      0.00  iostat
11:04:34 PM     0    255759      1.00      0.00  pidstat
11:04:34 PM     0    255760      5.00      0.00  bash
11:04:34 PM     0    255761      8.00      0.00  bash
11:04:34 PM     0    255762      4.00      0.00  bash
11:04:34 PM     0    255927      2.00      0.00  kworker/u24:0-flush-259:1
11:04:34 PM     0    256083      1.00      0.00  sleep
11:04:34 PM     0    256094      1.00      0.00  sleep
11:04:34 PM     0    256095      1.00      0.00  sleep

11:04:34 PM   UID       PID   cswch/s nvcswch/s  Command
11:04:35 PM     0        16      1.00      0.00  ksoftirqd/0
11:04:35 PM     0        17     21.00      0.00  rcu_preempt
11:04:35 PM     0        29      1.00      0.00  migration/2
11:04:35 PM     0        30      1.00      0.00  ksoftirqd/2
11:04:35 PM     0        65      1.00      0.00  migration/8
11:04:35 PM     0        77      1.00      0.00  migration/10
11:04:35 PM     0        83      1.00      0.00  migration/11
11:04:35 PM     0        84      1.00      0.00  ksoftirqd/11
11:04:35 PM     0        95      2.00      0.00  kcompactd0
11:04:35 PM     0       415      2.00      0.00  systemd-journal
11:04:35 PM     0       453      1.00      0.00  multipathd
11:04:35 PM     0    227297      1.00      0.00  kworker/10:2-mm_percpu_wq
11:04:35 PM     0    230337      1.00      0.00  kworker/6:1-mm_percpu_wq
11:04:35 PM     0    230433      3.00      0.00  kworker/0:1-events
11:04:35 PM     0    230456      1.00      0.00  kworker/8:2-mm_percpu_wq
11:04:35 PM     0    230457      3.00      0.00  kworker/1:2-events
11:04:35 PM     0    230483      3.00      0.00  kworker/5:0-events
11:04:35 PM     0    230559      1.00      0.00  kworker/11:1-mm_percpu_wq
11:04:35 PM     0    238099      2.00      0.00  kworker/u24:1-edac-poller
11:04:35 PM     0    238283     14.00      0.00  kworker/2:1-events
11:04:35 PM     0    239073      2.00      0.00  kworker/4:2-events
11:04:35 PM     0    240331      1.00      0.00  kworker/9:2-mm_percpu_wq
11:04:35 PM     0    241714      2.00      0.00  kworker/3:1-events
11:04:35 PM     0    242833      4.00      0.00  kworker/7:1-events
11:04:35 PM     0    245320      1.00      0.00  kworker/u24:2-writeback
11:04:35 PM     0    255758      1.00      0.00  iostat
11:04:35 PM     0    255759      2.00      0.00  pidstat
11:04:35 PM     0    255760      6.00      0.00  bash
11:04:35 PM     0    255761      9.00      0.00  bash
11:04:35 PM     0    255762      5.00      0.00  bash
11:04:35 PM     0    256099      2.00      0.00  sleep
11:04:35 PM     0    256109      1.00      0.00  sleep
11:04:35 PM     0    256111      1.00      0.00  sleep

11:04:35 PM   UID       PID   cswch/s nvcswch/s  Command
11:04:36 PM     0        16      1.00      0.00  ksoftirqd/0
11:04:36 PM     0        17     17.00      0.00  rcu_preempt
11:04:36 PM     0        24      3.00      0.00  ksoftirqd/1
11:04:36 PM     0        29      1.00      0.00  migration/2
11:04:36 PM     0        36      1.00      0.00  ksoftirqd/3
11:04:36 PM     0        95      2.00      0.00  kcompactd0
11:04:36 PM     0       188      1.00      0.00  kworker/2:1H-kblockd
11:04:36 PM     0       453      1.00      0.00  multipathd
11:04:36 PM   101       608      2.00      0.00  systemd-network
11:04:36 PM     0    227297      1.00      0.00  kworker/10:2-mm_percpu_wq
11:04:36 PM     0    230337      1.00      0.00  kworker/6:1-mm_percpu_wq
11:04:36 PM     0    230433      3.00      0.00  kworker/0:1-events
11:04:36 PM     0    230456      2.00      0.00  kworker/8:2-events
11:04:36 PM     0    230457      2.00      0.00  kworker/1:2-events
11:04:36 PM     0    230483      3.00      0.00  kworker/5:0-events
11:04:36 PM     0    230559      1.00      0.00  kworker/11:1-mm_percpu_wq
11:04:36 PM     0    238099      1.00      0.00  kworker/u24:1-edac-poller
11:04:36 PM     0    238283     12.00      0.00  kworker/2:1-events
11:04:36 PM     0    239073      1.00      0.00  kworker/4:2-mm_percpu_wq
11:04:36 PM     0    240331      2.00      0.00  kworker/9:2-events
11:04:36 PM     0    241714      3.00      0.00  kworker/3:1-events
11:04:36 PM     0    255758      1.00      0.00  iostat
11:04:36 PM     0    255759      1.00      0.00  pidstat
11:04:36 PM     0    255760      5.00      0.00  bash
11:04:36 PM     0    255761      7.00      0.00  bash
11:04:36 PM     0    255762      4.00      0.00  bash
11:04:36 PM     0    256114      1.00      0.00  sleep
11:04:36 PM     0    256125      1.00      0.00  sleep
11:04:36 PM     0    256126      1.00      0.00  sleep

11:04:36 PM   UID       PID   cswch/s nvcswch/s  Command
11:04:37 PM     0         1      1.00      0.00  systemd
11:04:37 PM     0        16      1.00      0.00  ksoftirqd/0
11:04:37 PM     0        17     23.00      0.00  rcu_preempt
11:04:37 PM     0        23      1.00      0.00  migration/1
11:04:37 PM     0        24      1.00      0.00  ksoftirqd/1
11:04:37 PM     0        29      2.00      0.00  migration/2
11:04:37 PM     0        72      1.00      0.00  ksoftirqd/9
11:04:37 PM     0        78      1.00      0.00  ksoftirqd/10
11:04:37 PM     0        95      2.00      0.00  kcompactd0
11:04:37 PM     0       453      1.00      0.00  multipathd
11:04:37 PM   102       621      1.00      0.00  systemd-resolve
11:04:37 PM     0       643      1.00      0.00  systemd-logind
11:04:37 PM     0    227297      1.00      0.00  kworker/10:2-mm_percpu_wq
11:04:37 PM     0    230337      1.00      0.00  kworker/6:1-mm_percpu_wq
11:04:37 PM     0    230433      3.00      0.00  kworker/0:1-events
11:04:37 PM     0    230456      2.00      0.00  kworker/8:2-events
11:04:37 PM     0    230457      4.00      0.00  kworker/1:2-events
11:04:37 PM     0    230483      2.00      0.00  kworker/5:0-events
11:04:37 PM     0    238099      2.00      0.00  kworker/u24:1-edac-poller
11:04:37 PM     0    238283     12.00      0.00  kworker/2:1-events
11:04:37 PM     0    240331      4.00      0.00  kworker/9:2-events
11:04:37 PM     0    242833      2.00      0.00  kworker/7:1-events
11:04:37 PM     0    255758      1.00      0.00  iostat
11:04:37 PM     0    255759      1.00      0.00  pidstat
11:04:37 PM     0    255760      5.00      0.00  bash
11:04:37 PM     0    255761      7.00      0.00  bash
11:04:37 PM     0    255762      4.00      0.00  bash
11:04:37 PM     0    256129      1.00      0.00  sleep
11:04:37 PM     0    256140      1.00      0.00  sleep
11:04:37 PM     0    256141      1.00      0.00  sleep

11:04:37 PM   UID       PID   cswch/s nvcswch/s  Command
11:04:38 PM     0        16      1.00      0.00  ksoftirqd/0
11:04:38 PM     0        17     21.00      0.00  rcu_preempt
11:04:38 PM     0        18      1.00      0.00  migration/0
11:04:38 PM     0        23      1.00      0.00  migration/1
11:04:38 PM     0        24      1.00      0.00  ksoftirqd/1
11:04:38 PM     0        29      2.00      0.00  migration/2
11:04:38 PM     0        35      1.00      0.00  migration/3
11:04:38 PM     0        41      1.00      0.00  migration/4
11:04:38 PM     0        42      1.00      0.00  ksoftirqd/4
11:04:38 PM     0        47      1.00      0.00  migration/5
11:04:38 PM     0        53      1.00      0.00  migration/6
11:04:38 PM     0        59      1.00      0.00  migration/7
11:04:38 PM     0        60      2.00      0.00  ksoftirqd/7
11:04:38 PM     0        65      1.00      0.00  migration/8
11:04:38 PM     0        66      1.00      0.00  ksoftirqd/8
11:04:38 PM     0        71      1.00      0.00  migration/9
11:04:38 PM     0        77      1.00      0.00  migration/10
11:04:38 PM     0        83      1.00      0.00  migration/11
11:04:38 PM     0        95      2.00      0.00  kcompactd0
11:04:38 PM     0       453      1.00      0.00  multipathd
11:04:38 PM     0    227297      1.00      0.00  kworker/10:2-mm_percpu_wq
11:04:38 PM     0    230337      1.00      0.00  kworker/6:1-mm_percpu_wq
11:04:38 PM     0    230433      1.00      0.00  kworker/0:1-events
11:04:38 PM     0    230456      2.00      0.00  kworker/8:2-events
11:04:38 PM     0    230457      4.00      0.00  kworker/1:2-events
11:04:38 PM     0    230483      2.00      0.00  kworker/5:0-events
11:04:38 PM     0    230559      2.00      0.00  kworker/11:1-events
11:04:38 PM     0    238099      2.00      0.00  kworker/u24:1-edac-poller
11:04:38 PM     0    238283     13.00      0.00  kworker/2:1-events
11:04:38 PM     0    239073      2.00      0.00  kworker/4:2-events
11:04:38 PM     0    240331      4.00      0.00  kworker/9:2-events
11:04:38 PM     0    242833      2.00      0.00  kworker/7:1-events
11:04:38 PM     0    255758      1.00      0.00  iostat
11:04:38 PM     0    255759      1.00      0.00  pidstat
11:04:38 PM     0    255760      5.00      0.00  bash
11:04:38 PM     0    255761      8.00      0.00  bash
11:04:38 PM     0    255762      4.00      0.00  bash
11:04:38 PM     0    256144      1.00      0.00  sleep
11:04:38 PM     0    256154      1.00      0.00  sleep
11:04:38 PM     0    256156      1.00      0.00  sleep

11:04:38 PM   UID       PID   cswch/s nvcswch/s  Command
11:04:39 PM     0        17     28.00      0.00  rcu_preempt
11:04:39 PM     0        29      2.00      0.00  migration/2
11:04:39 PM     0        30      2.00      0.00  ksoftirqd/2
11:04:39 PM     0        42      1.00      0.00  ksoftirqd/4
11:04:39 PM     0        60      1.00      0.00  ksoftirqd/7
11:04:39 PM     0        65      1.00      0.00  migration/8
11:04:39 PM     0        95      2.00      0.00  kcompactd0
11:04:39 PM     0       190      1.00      0.00  kworker/10:1H-kblockd
11:04:39 PM     0       194      1.00      0.00  kworker/8:1H-kblockd
11:04:39 PM     0       195      2.00      0.00  kworker/6:1H-kblockd
11:04:39 PM     0       359      6.00      0.00  jbd2/nvme1n1p2-8
11:04:39 PM     0       415      1.00      0.00  systemd-journal
11:04:39 PM     0       453      1.00      0.00  multipathd
11:04:39 PM     0       562      3.00      0.00  jbd2/nvme1n1p3-8
11:04:39 PM     0       578      4.00      0.00  jbd2/nvme0n1p3-8
11:04:39 PM     0    227297      1.00      0.00  kworker/10:2-mm_percpu_wq
11:04:39 PM     0    230337      2.00      0.00  kworker/6:1-mm_percpu_wq
11:04:39 PM     0    230433      2.00      0.00  kworker/0:1-mm_percpu_wq
11:04:39 PM     0    230456      1.00      0.00  kworker/8:2-mm_percpu_wq
11:04:39 PM     0    230457      5.00      0.00  kworker/1:2-events
11:04:39 PM     0    230483      2.00      0.00  kworker/5:0-mm_percpu_wq
11:04:39 PM     0    230559      3.00      0.00  kworker/11:1-mm_percpu_wq
11:04:39 PM     0    238099      2.00      0.00  kworker/u24:1-flush-259:1
11:04:39 PM     0    238283     15.00      0.00  kworker/2:1-events
11:04:39 PM     0    239073      3.00      0.00  kworker/4:2-mm_percpu_wq
11:04:39 PM     0    240331      5.00      0.00  kworker/9:2-mm_percpu_wq
11:04:39 PM     0    241714      2.00      0.00  kworker/3:1-mm_percpu_wq
11:04:39 PM     0    242833      4.00      0.00  kworker/7:1-mm_percpu_wq
11:04:39 PM     0    245320      6.00      0.00  kworker/u24:2-edac-poller
11:04:39 PM     0    255758      2.00      0.00  iostat
11:04:39 PM     0    255759      1.00      0.00  pidstat
11:04:39 PM     0    255760      5.00      0.00  bash
11:04:39 PM     0    255761      8.00      0.00  bash
11:04:39 PM     0    255762      4.00      0.00  bash
11:04:39 PM     0    255927      6.00      0.00  kworker/u24:0-ext4-rsv-conversion
11:04:39 PM     0    256159      1.00      0.00  sleep
11:04:39 PM     0    256169      1.00      1.00  sleep
11:04:39 PM     0    256171      1.00      0.00  sleep

11:04:39 PM   UID       PID   cswch/s nvcswch/s  Command
11:04:40 PM     0        16      2.00      0.00  ksoftirqd/0
11:04:40 PM     0        17     21.00      0.00  rcu_preempt
11:04:40 PM     0        42      1.00      0.00  ksoftirqd/4
11:04:40 PM     0        48      2.00      0.00  ksoftirqd/5
11:04:40 PM     0        60      1.00      0.00  ksoftirqd/7
11:04:40 PM     0        95      2.00      0.00  kcompactd0
11:04:40 PM     0       415      2.00      0.00  systemd-journal
11:04:40 PM     0       453      1.00      0.00  multipathd
11:04:40 PM     0    227297      1.00      0.00  kworker/10:2-mm_percpu_wq
11:04:40 PM     0    230337      1.00      0.00  kworker/6:1-mm_percpu_wq
11:04:40 PM     0    230433      4.00      0.00  kworker/0:1-events
11:04:40 PM     0    230456      2.00      0.00  kworker/8:2-events
11:04:40 PM     0    230457      1.00      0.00  kworker/1:2-mm_percpu_wq
11:04:40 PM     0    230483      2.00      0.00  kworker/5:0-events
11:04:40 PM     0    230559      2.00      0.00  kworker/11:1-events
11:04:40 PM     0    238283     11.00      0.00  kworker/2:1-events
11:04:40 PM     0    239073      5.00      0.00  kworker/4:2-events
11:04:40 PM     0    240331      2.00      0.00  kworker/9:2-events
11:04:40 PM     0    241714      1.00      0.00  kworker/3:1-events
11:04:40 PM     0    242833      3.00      0.00  kworker/7:1-events
11:04:40 PM     0    245320      1.00      0.00  kworker/u24:2-writeback
11:04:40 PM     0    255758      1.00      0.00  iostat
11:04:40 PM     0    255759      2.00      0.00  pidstat
11:04:40 PM     0    255760      6.00      0.00  bash
11:04:40 PM     0    255761      8.00      0.00  bash
11:04:40 PM     0    255762      5.00      0.00  bash
11:04:40 PM     0    255927      2.00      0.00  kworker/u24:0-edac-poller
11:04:40 PM     0    256175      2.00      0.00  sleep
11:04:40 PM     0    256185      1.00      0.00  sleep
11:04:40 PM     0    256187      1.00      0.00  sleep

11:04:40 PM   UID       PID   cswch/s nvcswch/s  Command
11:04:41 PM     0        16      1.00      0.00  ksoftirqd/0
11:04:41 PM     0        17     21.00      0.00  rcu_preempt
11:04:41 PM     0        29      1.00      0.00  migration/2
11:04:41 PM     0        60      1.00      0.00  ksoftirqd/7
11:04:41 PM     0        66      1.00      0.00  ksoftirqd/8
11:04:41 PM     0        95      2.00      0.00  kcompactd0
11:04:41 PM     0       188      1.00      0.00  kworker/2:1H-kblockd
11:04:41 PM     0       453      1.00      0.00  multipathd
11:04:41 PM     0    230337      1.00      0.00  kworker/6:1-mm_percpu_wq
11:04:41 PM     0    230433      4.00      0.00  kworker/0:1-events
11:04:41 PM     0    230456      3.00      0.00  kworker/8:2-events
11:04:41 PM     0    230457      1.00      0.00  kworker/1:2-events
11:04:41 PM     0    230483      2.00      0.00  kworker/5:0-events
11:04:41 PM     0    230559      2.00      0.00  kworker/11:1-events
11:04:41 PM     0    238283     14.00      0.00  kworker/2:1-events
11:04:41 PM     0    239073      1.00      0.00  kworker/4:2-mm_percpu_wq
11:04:41 PM     0    240331      3.00      0.00  kworker/9:2-events
11:04:41 PM     0    241714      2.00      0.00  kworker/3:1-events
11:04:41 PM     0    242833      6.00      0.00  kworker/7:1-events
11:04:41 PM     0    255758      1.00      0.00  iostat
11:04:41 PM     0    255759      1.00      0.00  pidstat
11:04:41 PM     0    255760      5.00      0.00  bash
11:04:41 PM     0    255761      8.00      0.00  bash
11:04:41 PM     0    255762      4.00      0.00  bash
11:04:41 PM     0    255927      3.00      0.00  kworker/u24:0-edac-poller
11:04:41 PM     0    256190      1.00      0.00  sleep
11:04:41 PM     0    256200      1.00      0.00  sleep
11:04:41 PM     0    256202      1.00      0.00  sleep

11:04:41 PM   UID       PID   cswch/s nvcswch/s  Command
11:04:42 PM     0        16      2.00      0.00  ksoftirqd/0
11:04:42 PM     0        17     23.00      0.00  rcu_preempt
11:04:42 PM     0        18      1.00      0.00  migration/0
11:04:42 PM     0        23      1.00      0.00  migration/1
11:04:42 PM     0        24      1.00      0.00  ksoftirqd/1
11:04:42 PM     0        29      1.00      0.00  migration/2
11:04:42 PM     0        35      1.00      0.00  migration/3
11:04:42 PM     0        36      1.00      0.00  ksoftirqd/3
11:04:42 PM     0        41      1.00      0.00  migration/4
11:04:42 PM     0        47      1.00      0.00  migration/5
11:04:42 PM     0        53      1.00      0.00  migration/6
11:04:42 PM     0        59      1.00      0.00  migration/7
11:04:42 PM     0        65      1.00      0.00  migration/8
11:04:42 PM     0        71      1.00      0.00  migration/9
11:04:42 PM     0        72      1.00      0.00  ksoftirqd/9
11:04:42 PM     0        77      1.00      0.00  migration/10
11:04:42 PM     0        78      1.00      0.00  ksoftirqd/10
11:04:42 PM     0        83      1.00      0.00  migration/11
11:04:42 PM     0        95      2.00      0.00  kcompactd0
11:04:42 PM     0       188      1.00      0.00  kworker/2:1H-kblockd
11:04:42 PM     0       453      1.00      0.00  multipathd
11:04:42 PM     0    227297      3.00      0.00  kworker/10:2-events
11:04:42 PM     0    230337      1.00      0.00  kworker/6:1-mm_percpu_wq
11:04:42 PM     0    230433      3.00      0.00  kworker/0:1-events
11:04:42 PM     0    230457      1.00      0.00  kworker/1:2-events
11:04:42 PM     0    230483      1.00      0.00  kworker/5:0-events
11:04:42 PM     0    238283     11.00      0.00  kworker/2:1-events
11:04:42 PM     0    239073      1.00      0.00  kworker/4:2-events
11:04:42 PM     0    240331      1.00      0.00  kworker/9:2-events
11:04:42 PM     0    241714      2.00      0.00  kworker/3:1-events
11:04:42 PM     0    242833      2.00      0.00  kworker/7:1-events
11:04:42 PM     0    255758      1.00      0.00  iostat
11:04:42 PM     0    255759      1.00      0.00  pidstat
11:04:42 PM     0    255760      5.00      0.00  bash
11:04:42 PM     0    255761      6.00      0.00  bash
11:04:42 PM     0    255762      4.00      0.00  bash
11:04:42 PM     0    255927      1.00      0.00  kworker/u24:0-edac-poller
11:04:42 PM     0    256205      1.00      0.00  sleep
11:04:42 PM     0    256215      1.00      0.00  sleep
11:04:42 PM     0    256217      1.00      0.00  sleep

11:04:42 PM   UID       PID   cswch/s nvcswch/s  Command
11:04:43 PM     0        16      2.00      0.00  ksoftirqd/0
11:04:43 PM     0        17     20.00      0.00  rcu_preempt
11:04:43 PM     0        59      1.00      0.00  migration/7
11:04:43 PM     0        84      1.00      0.00  ksoftirqd/11
11:04:43 PM     0        95      2.00      0.00  kcompactd0
11:04:43 PM     0       453      1.00      0.00  multipathd
11:04:43 PM     0     21554      1.00      0.00  packagekitd
11:04:43 PM     0    227297      2.00      0.00  kworker/10:2-events
11:04:43 PM     0    230337      1.00      0.00  kworker/6:1-mm_percpu_wq
11:04:43 PM     0    230433      2.00      0.00  kworker/0:1-events
11:04:43 PM     0    230456      2.00      0.00  kworker/8:2-events
11:04:43 PM     0    230457      4.00      0.00  kworker/1:2-events
11:04:43 PM     0    230483      1.00      0.00  kworker/5:0-mm_percpu_wq
11:04:43 PM     0    230559      1.00      0.00  kworker/11:1-mm_percpu_wq
11:04:43 PM     0    238283     14.00      0.00  kworker/2:1-events
11:04:43 PM     0    239073      2.00      0.00  kworker/4:2-events
11:04:43 PM     0    240331      4.00      0.00  kworker/9:2-events
11:04:43 PM     0    241714      1.00      0.00  kworker/3:1-mm_percpu_wq
11:04:43 PM     0    242833      3.00      0.00  kworker/7:1-events
11:04:43 PM     0    255758      1.00      0.00  iostat
11:04:43 PM     0    255759      1.00      0.00  pidstat
11:04:43 PM     0    255760      5.00      0.00  bash
11:04:43 PM     0    255761      8.00      1.00  bash
11:04:43 PM     0    255762      4.00      0.00  bash
11:04:43 PM     0    256220      1.00      0.00  sleep
11:04:43 PM     0    256230      1.00      0.00  sleep
11:04:43 PM     0    256232      1.00      0.00  sleep

11:04:43 PM   UID       PID   cswch/s nvcswch/s  Command
11:04:44 PM     0        16      1.00      0.00  ksoftirqd/0
11:04:44 PM     0        17     28.00      0.00  rcu_preempt
11:04:44 PM     0        29      2.00      0.00  migration/2
11:04:44 PM     0        30      3.00      0.00  ksoftirqd/2
11:04:44 PM     0        36      1.00      0.00  ksoftirqd/3
11:04:44 PM     0        42      1.00      0.00  ksoftirqd/4
11:04:44 PM     0        60      1.00      0.00  ksoftirqd/7
11:04:44 PM     0        72      1.00      0.00  ksoftirqd/9
11:04:44 PM     0        95      2.00      0.00  kcompactd0
11:04:44 PM     0       172      3.00      0.00  kworker/3:1H-kblockd
11:04:44 PM     0       190      2.00      0.00  kworker/10:1H-kblockd
11:04:44 PM     0       359      3.00      0.00  jbd2/nvme1n1p2-8
11:04:44 PM     0       415      1.00      0.00  systemd-journal
11:04:44 PM     0       453      1.00      0.00  multipathd
11:04:44 PM     0       562      3.00      0.00  jbd2/nvme1n1p3-8
11:04:44 PM     0       578      7.00      0.00  jbd2/nvme0n1p3-8
11:04:44 PM     0    227297      2.00      0.00  kworker/10:2-mm_percpu_wq
11:04:44 PM     0    230337      2.00      0.00  kworker/6:1-mm_percpu_wq
11:04:44 PM     0    230433      5.00      0.00  kworker/0:1-mm_percpu_wq
11:04:44 PM     0    230456      2.00      0.00  kworker/8:2-mm_percpu_wq
11:04:44 PM     0    230457      2.00      0.00  kworker/1:2-mm_percpu_wq
11:04:44 PM     0    230483      2.00      0.00  kworker/5:0-mm_percpu_wq
11:04:44 PM     0    230559      1.00      0.00  kworker/11:1-mm_percpu_wq
11:04:44 PM     0    238099      5.00      0.00  kworker/u24:1-flush-259:1
11:04:44 PM     0    238283     12.00      0.00  kworker/2:1-events
11:04:44 PM     0    239073      5.00      0.00  kworker/4:2-mm_percpu_wq
11:04:44 PM     0    240331      4.00      0.00  kworker/9:2-mm_percpu_wq
11:04:44 PM     0    241714      1.00      0.00  kworker/3:1-mm_percpu_wq
11:04:44 PM     0    242833      3.00      0.00  kworker/7:1-mm_percpu_wq
11:04:44 PM     0    245320      2.00      0.00  kworker/u24:2-flush-259:1
11:04:44 PM     0    255758      2.00      0.00  iostat
11:04:44 PM     0    255759      1.00      0.00  pidstat
11:04:44 PM     0    255760      5.00      0.00  bash
11:04:44 PM     0    255761      7.00      0.00  bash
11:04:44 PM     0    255762      4.00      0.00  bash
11:04:44 PM     0    255927      6.00      0.00  kworker/u24:0-ext4-rsv-conversion
11:04:44 PM     0    256235      1.00      0.00  sleep
11:04:44 PM     0    256245      1.00      1.00  sleep
11:04:44 PM     0    256247      1.00      0.00  sleep

11:04:44 PM   UID       PID   cswch/s nvcswch/s  Command
11:04:45 PM     0        17     24.00      0.00  rcu_preempt
11:04:45 PM     0        24      1.00      0.00  ksoftirqd/1
11:04:45 PM     0        29      2.00      0.00  migration/2
11:04:45 PM     0        42      3.00      0.00  ksoftirqd/4
11:04:45 PM     0        60      1.00      0.00  ksoftirqd/7
11:04:45 PM     0        95      2.00      0.00  kcompactd0
11:04:45 PM     0       415      2.00      0.00  systemd-journal
11:04:45 PM     0       453      1.00      0.00  multipathd
11:04:45 PM     0    230337      1.00      0.00  kworker/6:1-mm_percpu_wq
11:04:45 PM     0    230433      1.00      0.00  kworker/0:1-events
11:04:45 PM     0    230457      1.00      0.00  kworker/1:2-events
11:04:45 PM     0    230483      2.00      0.00  kworker/5:0-events
11:04:45 PM     0    230559      1.00      0.00  kworker/11:1-mm_percpu_wq
11:04:45 PM     0    238099      2.00      0.00  kworker/u24:1-writeback
11:04:45 PM     0    238283     13.00      0.00  kworker/2:1-events
11:04:45 PM     0    239073      4.00      0.00  kworker/4:2-events
11:04:45 PM     0    240331      2.00      0.00  kworker/9:2-events
11:04:45 PM     0    241714      1.00      0.00  kworker/3:1-mm_percpu_wq
11:04:45 PM     0    242833      3.00      0.00  kworker/7:1-events
11:04:45 PM     0    255758      1.00      0.00  iostat
11:04:45 PM     0    255759      2.00      0.00  pidstat
11:04:45 PM     0    255760      6.00      0.00  bash
11:04:45 PM     0    255761      8.00      0.00  bash
11:04:45 PM     0    255762      5.00      0.00  bash
11:04:45 PM     0    255927      3.00      0.00  kworker/u24:0-events_power_efficient
11:04:45 PM     0    256251      2.00      0.00  sleep
11:04:45 PM     0    256261      1.00      0.00  sleep
11:04:45 PM     0    256263      1.00      0.00  sleep

11:04:45 PM   UID       PID   cswch/s nvcswch/s  Command
11:04:46 PM     0        16      1.00      0.00  ksoftirqd/0
11:04:46 PM     0        17     20.00      0.00  rcu_preempt
11:04:46 PM     0        18      1.00      0.00  migration/0
11:04:46 PM     0        23      1.00      0.00  migration/1
11:04:46 PM     0        24      1.00      0.00  ksoftirqd/1
11:04:46 PM     0        29      3.00      0.00  migration/2
11:04:46 PM     0        35      1.00      0.00  migration/3
11:04:46 PM     0        41      1.00      0.00  migration/4
11:04:46 PM     0        47      1.00      0.00  migration/5
11:04:46 PM     0        53      1.00      0.00  migration/6
11:04:46 PM     0        59      1.00      0.00  migration/7
11:04:46 PM     0        60      2.00      0.00  ksoftirqd/7
11:04:46 PM     0        65      1.00      0.00  migration/8
11:04:46 PM     0        71      1.00      0.00  migration/9
11:04:46 PM     0        72      1.00      0.00  ksoftirqd/9
11:04:46 PM     0        77      1.00      0.00  migration/10
11:04:46 PM     0        83      1.00      0.00  migration/11
11:04:46 PM     0        95      2.00      0.00  kcompactd0
11:04:46 PM     0       453      1.00      0.00  multipathd
11:04:46 PM     0    227297      2.00      0.00  kworker/10:2-events
11:04:46 PM     0    230337      1.00      0.00  kworker/6:1-mm_percpu_wq
11:04:46 PM     0    230433      3.00      0.00  kworker/0:1-events
11:04:46 PM     0    230456      2.00      0.00  kworker/8:2-events
11:04:46 PM     0    230457      1.00      0.00  kworker/1:2-mm_percpu_wq
11:04:46 PM     0    230483      2.00      0.00  kworker/5:0-events
11:04:46 PM     0    238099      1.00      0.00  kworker/u24:1-events_unbound
11:04:46 PM     0    238283     11.00      0.00  kworker/2:1-events
11:04:46 PM     0    239073      2.00      0.00  kworker/4:2-mm_percpu_wq
11:04:46 PM     0    240331      3.00      0.00  kworker/9:2-events
11:04:46 PM     0    242833      3.00      0.00  kworker/7:1-events
11:04:46 PM     0    255758      1.00      0.00  iostat
11:04:46 PM     0    255759      1.00      0.00  pidstat
11:04:46 PM     0    255760      5.00      0.00  bash
11:04:46 PM     0    255761      7.00      0.00  bash
11:04:46 PM     0    255762      4.00      0.00  bash
11:04:46 PM     0    255927      1.00      0.00  kworker/u24:0-events_power_efficient
11:04:46 PM     0    256266      1.00      0.00  sleep
11:04:46 PM     0    256277      1.00      1.00  sleep
11:04:46 PM     0    256278      1.00      0.00  sleep

11:04:46 PM   UID       PID   cswch/s nvcswch/s  Command
11:04:47 PM     0        16      2.00      0.00  ksoftirqd/0
11:04:47 PM     0        17     18.00      0.00  rcu_preempt
11:04:47 PM     0        24      1.00      0.00  ksoftirqd/1
11:04:47 PM     0        29      2.00      0.00  migration/2
11:04:47 PM     0        95      2.00      0.00  kcompactd0
11:04:47 PM     0       453      1.00      0.00  multipathd
11:04:47 PM     0    227297      1.00      0.00  kworker/10:2-events
11:04:47 PM     0    230433      1.00      0.00  kworker/0:1-events
11:04:47 PM     0    230456      1.00      0.00  kworker/8:2-events
11:04:47 PM     0    230457      1.00      0.00  kworker/1:2-events
11:04:47 PM     0    230483      2.00      0.00  kworker/5:0-events
11:04:47 PM     0    230559      1.00      0.00  kworker/11:1-mm_percpu_wq
11:04:47 PM     0    238099      1.00      0.00  kworker/u24:1-edac-poller
11:04:47 PM     0    238283     13.00      0.00  kworker/2:1-events
11:04:47 PM     0    240331      2.00      0.00  kworker/9:2-events
11:04:47 PM     0    241714      2.00      0.00  kworker/3:1-events
11:04:47 PM     0    242833      2.00      0.00  kworker/7:1-events
11:04:47 PM     0    255758      1.00      0.00  iostat
11:04:47 PM     0    255759      1.00      0.00  pidstat
11:04:47 PM     0    255760      5.00      0.00  bash
11:04:47 PM     0    255761      7.00      0.00  bash
11:04:47 PM     0    255762      4.00      1.00  bash
11:04:47 PM     0    256281      1.00      0.00  sleep
11:04:47 PM     0    256292      1.00      0.00  sleep
11:04:47 PM     0    256293      1.00      0.00  sleep

11:04:47 PM   UID       PID   cswch/s nvcswch/s  Command
11:04:48 PM     0        16      1.00      0.00  ksoftirqd/0
11:04:48 PM     0        17     20.00      0.00  rcu_preempt
11:04:48 PM     0        47      1.00      0.00  migration/5
11:04:48 PM     0        59      1.00      0.00  migration/7
11:04:48 PM     0        95      2.00      0.00  kcompactd0
11:04:48 PM     0       188      1.00      0.00  kworker/2:1H-kblockd
11:04:48 PM     0       453      1.00      0.00  multipathd
11:04:48 PM     0    227297      1.00      0.00  kworker/10:2-mm_percpu_wq
11:04:48 PM     0    230337      1.00      0.00  kworker/6:1-mm_percpu_wq
11:04:48 PM     0    230433      5.00      0.00  kworker/0:1-events
11:04:48 PM     0    230456      2.00      0.00  kworker/8:2-events
11:04:48 PM     0    230457      1.00      0.00  kworker/1:2-mm_percpu_wq
11:04:48 PM     0    230483      2.00      0.00  kworker/5:0-events
11:04:48 PM     0    230559      2.00      0.00  kworker/11:1-events
11:04:48 PM     0    238099      1.00      0.00  kworker/u24:1-events_unbound
11:04:48 PM     0    238283     11.00      0.00  kworker/2:1-events
11:04:48 PM     0    239073      1.00      0.00  kworker/4:2-mm_percpu_wq
11:04:48 PM     0    241714      2.00      0.00  kworker/3:1-events
11:04:48 PM     0    242833      4.00      0.00  kworker/7:1-events
11:04:48 PM     0    255758      1.00      0.00  iostat
11:04:48 PM     0    255759      1.00      0.00  pidstat
11:04:48 PM     0    255760      5.00      0.00  bash
11:04:48 PM     0    255761      6.00      0.00  bash
11:04:48 PM     0    255762      4.00      0.00  bash
11:04:48 PM     0    255927      1.00      0.00  kworker/u24:0-events_power_efficient
11:04:48 PM     0    256296      1.00      0.00  sleep
11:04:48 PM     0    256306      1.00      0.00  sleep
11:04:48 PM     0    256308      1.00      0.00  sleep

11:04:48 PM   UID       PID   cswch/s nvcswch/s  Command
11:04:49 PM     0        16      1.00      0.00  ksoftirqd/0
11:04:49 PM     0        17     28.00      0.00  rcu_preempt
11:04:49 PM     0        30      2.00     48.00  ksoftirqd/2
11:04:49 PM     0        60      2.00      0.00  ksoftirqd/7
11:04:49 PM     0        66      1.00      0.00  ksoftirqd/8
11:04:49 PM     0        95      2.00      0.00  kcompactd0
11:04:49 PM     0       172      2.00      0.00  kworker/3:1H-kblockd
11:04:49 PM     0       190      2.00      0.00  kworker/10:1H-kblockd
11:04:49 PM     0       359      6.00      0.00  jbd2/nvme1n1p2-8
11:04:49 PM     0       415      1.00      0.00  systemd-journal
11:04:49 PM     0       453      1.00      0.00  multipathd
11:04:49 PM     0       562      3.00      0.00  jbd2/nvme1n1p3-8
11:04:49 PM     0       578      7.00      0.00  jbd2/nvme0n1p3-8
11:04:49 PM     0    227297      1.00      0.00  kworker/10:2-mm_percpu_wq
11:04:49 PM     0    230337      2.00      0.00  kworker/6:1-mm_percpu_wq
11:04:49 PM     0    230433      3.00      0.00  kworker/0:1-mm_percpu_wq
11:04:49 PM     0    230456      3.00      0.00  kworker/8:2-mm_percpu_wq
11:04:49 PM     0    230457      3.00      0.00  kworker/1:2-mm_percpu_wq
11:04:49 PM     0    230483      2.00      0.00  kworker/5:0-mm_percpu_wq
11:04:49 PM     0    230559      2.00      0.00  kworker/11:1-mm_percpu_wq
11:04:49 PM     0    238099      5.00      0.00  kworker/u24:1-ext4-rsv-conversion
11:04:49 PM     0    238283     15.00      0.00  kworker/2:1-events
11:04:49 PM     0    239073      2.00      0.00  kworker/4:2-mm_percpu_wq
11:04:49 PM     0    240331      2.00      0.00  kworker/9:2-mm_percpu_wq
11:04:49 PM     0    241714      3.00      0.00  kworker/3:1-mm_percpu_wq
11:04:49 PM     0    242833      7.00      0.00  kworker/7:1-mm_percpu_wq
11:04:49 PM     0    245320      1.00      0.00  kworker/u24:2-flush-259:1
11:04:49 PM     0    255758      2.00      0.00  iostat
11:04:49 PM     0    255759      1.00      0.00  pidstat
11:04:49 PM     0    255760      5.00      0.00  bash
11:04:49 PM     0    255761      8.00      0.00  bash
11:04:49 PM     0    255762      4.00      0.00  bash
11:04:49 PM     0    255927      5.00      0.00  kworker/u24:0-flush-259:1
11:04:49 PM     0    256311      1.00      0.00  sleep
11:04:49 PM     0    256321      1.00      0.00  sleep
11:04:49 PM     0    256323      1.00      0.00  sleep

11:04:49 PM   UID       PID   cswch/s nvcswch/s  Command
11:04:50 PM     0        17     24.00      0.00  rcu_preempt
11:04:50 PM     0        18      1.00      0.00  migration/0
11:04:50 PM     0        23      1.00      0.00  migration/1
11:04:50 PM     0        24      2.00      0.00  ksoftirqd/1
11:04:50 PM     0        29      3.00      0.00  migration/2
11:04:50 PM     0        35      1.00      0.00  migration/3
11:04:50 PM     0        36      1.00      0.00  ksoftirqd/3
11:04:50 PM     0        41      1.00      0.00  migration/4
11:04:50 PM     0        47      1.00      0.00  migration/5
11:04:50 PM     0        53      1.00      0.00  migration/6
11:04:50 PM     0        54      1.00      0.00  ksoftirqd/6
11:04:50 PM     0        59      1.00      0.00  migration/7
11:04:50 PM     0        65      1.00      0.00  migration/8
11:04:50 PM     0        71      1.00      0.00  migration/9
11:04:50 PM     0        77      1.00      0.00  migration/10
11:04:50 PM     0        83      1.00      0.00  migration/11
11:04:50 PM     0        95      2.00      0.00  kcompactd0
11:04:50 PM     0       188      1.00      0.00  kworker/2:1H-kblockd
11:04:50 PM     0       415      2.00      0.00  systemd-journal
11:04:50 PM     0       453      1.00      0.00  multipathd
11:04:50 PM     0    227297      1.00      0.00  kworker/10:2-mm_percpu_wq
11:04:50 PM     0    230337      2.00      0.00  kworker/6:1-events
11:04:50 PM     0    230433      4.00      0.00  kworker/0:1-events
11:04:50 PM     0    230457      2.00      0.00  kworker/1:2-events
11:04:50 PM     0    230559      1.00      0.00  kworker/11:1-mm_percpu_wq
11:04:50 PM     0    238099      3.00      0.00  kworker/u24:1-writeback
11:04:50 PM     0    238283     11.00      0.00  kworker/2:1-events
11:04:50 PM     0    239073      1.00      0.00  kworker/4:2-events
11:04:50 PM     0    241714      2.00      0.00  kworker/3:1-events
11:04:50 PM     0    242833      2.00      0.00  kworker/7:1-events
11:04:50 PM     0    255758      1.00      0.00  iostat
11:04:50 PM     0    255759      2.00      0.00  pidstat
11:04:50 PM     0    255760      6.00      0.00  bash
11:04:50 PM     0    255761      8.00      0.00  bash
11:04:50 PM     0    255762      5.00      0.00  bash
11:04:50 PM     0    255927      3.00      0.00  kworker/u24:0-events_power_efficient
11:04:50 PM     0    256327      2.00      0.00  sleep
11:04:50 PM     0    256337      1.00      0.00  sleep
11:04:50 PM     0    256339      1.00      0.00  sleep

11:04:50 PM   UID       PID   cswch/s nvcswch/s  Command
11:04:51 PM     0        17     27.00      0.00  rcu_preempt
11:04:51 PM     0        29      1.00      0.00  migration/2
11:04:51 PM     0        30      1.00      1.00  ksoftirqd/2
11:04:51 PM     0        42      2.00      0.00  ksoftirqd/4
11:04:51 PM     0        54      2.00      0.00  ksoftirqd/6
11:04:51 PM     0        60      1.00      0.00  ksoftirqd/7
11:04:51 PM     0        72      1.00      0.00  ksoftirqd/9
11:04:51 PM     0        84      1.00      0.00  ksoftirqd/11
11:04:51 PM     0        95      2.00      0.00  kcompactd0
11:04:51 PM     0       453      1.00      0.00  multipathd
11:04:51 PM     0       773      2.00      0.00  sshd
11:04:51 PM     0    227297      1.00      0.00  kworker/10:2-mm_percpu_wq
11:04:51 PM     0    230337      2.00      0.00  kworker/6:1-events
11:04:51 PM     0    230433      1.00      0.00  kworker/0:1-events
11:04:51 PM     0    230456      1.00      0.00  kworker/8:2-mm_percpu_wq
11:04:51 PM     0    230457      2.00      0.00  kworker/1:2-mm_percpu_wq
11:04:51 PM     0    230483      2.00      0.00  kworker/5:0-events
11:04:51 PM     0    230559      2.00      0.00  kworker/11:1-events
11:04:51 PM     0    238099      1.00      0.00  kworker/u24:1-edac-poller
11:04:51 PM     0    238283     14.00      0.00  kworker/2:1-events
11:04:51 PM     0    239073      1.00      0.00  kworker/4:2-mm_percpu_wq
11:04:51 PM     0    240331      2.00      0.00  kworker/9:2-mm_percpu_wq
11:04:51 PM     0    241714      3.00      0.00  kworker/3:1-mm_percpu_wq
11:04:51 PM     0    242833      4.00      0.00  kworker/7:1-mm_percpu_wq
11:04:51 PM     0    255758      1.00      0.00  iostat
11:04:51 PM     0    255759      1.00      0.00  pidstat
11:04:51 PM     0    255760      5.00      0.00  bash
11:04:51 PM     0    255761      8.00      0.00  bash
11:04:51 PM     0    255762      4.00      0.00  bash
11:04:51 PM     0    256342      1.00      0.00  sleep
11:04:51 PM     0    256352      1.00      0.00  sleep
11:04:51 PM     0    256354      1.00      0.00  sleep
11:04:51 PM     0    256355     47.00      1.00  sshd

11:04:51 PM   UID       PID   cswch/s nvcswch/s  Command
11:04:52 PM     0        17     19.00      0.00  rcu_preempt
11:04:52 PM     0        30      1.00      0.00  ksoftirqd/2
11:04:52 PM     0        42      1.00      0.00  ksoftirqd/4
11:04:52 PM     0        53      1.00      0.00  migration/6
11:04:52 PM     0        54      2.00      0.00  ksoftirqd/6
11:04:52 PM     0        60      2.00      0.00  ksoftirqd/7
11:04:52 PM     0        65      1.00      0.00  migration/8
11:04:52 PM     0        71      1.00      0.00  migration/9
11:04:52 PM     0        95      2.00      0.00  kcompactd0
11:04:52 PM     0       453      1.00      0.00  multipathd
11:04:52 PM     0    230337      3.00      0.00  kworker/6:1-events
11:04:52 PM     0    230483      1.00      0.00  kworker/5:0-events
11:04:52 PM     0    230559      1.00      0.00  kworker/11:1-mm_percpu_wq
11:04:52 PM     0    238099      2.00      0.00  kworker/u24:1-events_unbound
11:04:52 PM     0    238283     11.00      0.00  kworker/2:1-events
11:04:52 PM     0    239073      3.00      0.00  kworker/4:2-events
11:04:52 PM     0    241714      2.00      0.00  kworker/3:1-events
11:04:52 PM     0    242833      2.00      0.00  kworker/7:1-events
11:04:52 PM     0    255758      1.00      0.00  iostat
11:04:52 PM     0    255759      1.00      0.00  pidstat
11:04:52 PM     0    255760      5.00      0.00  bash
11:04:52 PM     0    255761      8.00      0.00  bash
11:04:52 PM     0    255762      4.00      0.00  bash
11:04:52 PM     0    256358      1.00      0.00  sleep
11:04:52 PM     0    256369      1.00      0.00  sleep
11:04:52 PM     0    256370      1.00      0.00  sleep

11:04:52 PM   UID       PID   cswch/s nvcswch/s  Command
11:04:53 PM     0        16      1.00      0.00  ksoftirqd/0
11:04:53 PM     0        17     18.00      0.00  rcu_preempt
11:04:53 PM     0        24      2.00      0.00  ksoftirqd/1
11:04:53 PM     0        29      1.00      0.00  migration/2
11:04:53 PM     0        36      1.00      0.00  ksoftirqd/3
11:04:53 PM     0        59      1.00      0.00  migration/7
11:04:53 PM     0        78      1.00      0.00  ksoftirqd/10
11:04:53 PM     0        95      2.00      0.00  kcompactd0
11:04:53 PM     0       453      1.00      0.00  multipathd
11:04:53 PM     0     21554      1.00      0.00  packagekitd
11:04:53 PM     0    227297      1.00      0.00  kworker/10:2-mm_percpu_wq
11:04:53 PM     0    230337      2.00      0.00  kworker/6:1-events
11:04:53 PM     0    230433      1.00      0.00  kworker/0:1-mm_percpu_wq
11:04:53 PM     0    230456      2.00      0.00  kworker/8:2-events
11:04:53 PM     0    230457      2.00      0.00  kworker/1:2-events
11:04:53 PM     0    230483      2.00      0.00  kworker/5:0-mm_percpu_wq
11:04:53 PM     0    230559      1.00      0.00  kworker/11:1-mm_percpu_wq
11:04:53 PM     0    238099      2.00      0.00  kworker/u24:1-events_power_efficient
11:04:53 PM     0    238283     12.00      0.00  kworker/2:1-events
11:04:53 PM     0    239073      1.00      0.00  kworker/4:2-mm_percpu_wq
11:04:53 PM     0    241714      5.00      0.00  kworker/3:1-events
11:04:53 PM     0    242833      4.00      0.00  kworker/7:1-events
11:04:53 PM     0    255758      1.00      0.00  iostat
11:04:53 PM     0    255759      1.00      0.00  pidstat
11:04:53 PM     0    255760      5.00      0.00  bash
11:04:53 PM     0    255761      7.00      0.00  bash
11:04:53 PM     0    255762      4.00      0.00  bash
11:04:53 PM     0    256373      1.00      0.00  sleep
11:04:53 PM     0    256383      1.00      0.00  sleep
11:04:53 PM     0    256385      1.00      0.00  sleep

11:04:53 PM   UID       PID   cswch/s nvcswch/s  Command
11:04:54 PM     0        16      2.00      0.00  ksoftirqd/0
11:04:54 PM     0        17     58.00      0.00  rcu_preempt
11:04:54 PM     0        18      1.00      0.00  migration/0
11:04:54 PM     0        23      2.00      0.00  migration/1
11:04:54 PM     0        29      2.00      0.00  migration/2
11:04:54 PM     0        30      6.00      6.00  ksoftirqd/2
11:04:54 PM     0        35      1.00      0.00  migration/3
11:04:54 PM     0        41      1.00      0.00  migration/4
11:04:54 PM     0        47      1.00      0.00  migration/5
11:04:54 PM     0        53      1.00      0.00  migration/6
11:04:54 PM     0        59      1.00      0.00  migration/7
11:04:54 PM     0        60      2.00      0.00  ksoftirqd/7
11:04:54 PM     0        65      1.00      0.00  migration/8
11:04:54 PM     0        71      1.00      0.00  migration/9
11:04:54 PM     0        77      1.00      0.00  migration/10
11:04:54 PM     0        83      1.00      0.00  migration/11
11:04:54 PM     0        95      2.00      0.00  kcompactd0
11:04:54 PM     0       188      1.00      0.00  kworker/2:1H-kblockd
11:04:54 PM     0       190      1.00      0.00  kworker/10:1H-kblockd
11:04:54 PM     0       359      3.00      0.00  jbd2/nvme1n1p2-8
11:04:54 PM     0       453      1.00      0.00  multipathd
11:04:54 PM     0       562      3.00      0.00  jbd2/nvme1n1p3-8
11:04:54 PM     0       578      4.00      0.00  jbd2/nvme0n1p3-8
11:04:54 PM     0    227297      2.00      0.00  kworker/10:2-events
11:04:54 PM     0    230433      5.00      0.00  kworker/0:1-events
11:04:54 PM     0    230456      2.00      0.00  kworker/8:2-events
11:04:54 PM     0    230559      1.00      0.00  kworker/11:1-mm_percpu_wq
11:04:54 PM     0    238099      5.00      0.00  kworker/u24:1-iou_exit
11:04:54 PM     0    238283     24.00      0.00  kworker/2:1-events
11:04:54 PM     0    239073      2.00      0.00  kworker/4:2-events
11:04:54 PM     0    240331      2.00      0.00  kworker/9:2-events
11:04:54 PM     0    241714      1.00      0.00  kworker/3:1-mm_percpu_wq
11:04:54 PM     0    242833      5.00      0.00  kworker/7:1-events
11:04:54 PM     0    255758      1.00      0.00  iostat
11:04:54 PM     0    255759      1.00      0.00  pidstat
11:04:54 PM     0    255760      5.00      0.00  bash
11:04:54 PM     0    255761      7.00      0.00  bash
11:04:54 PM     0    255762      4.00      0.00  bash
11:04:54 PM     0    256388      1.00      0.00  sleep
11:04:54 PM     0    256399      1.00      0.00  sleep
11:04:54 PM     0    256400      1.00      0.00  sleep
11:04:54 PM     0    256407     17.00      0.00  java

11:04:54 PM   UID       PID   cswch/s nvcswch/s  Command
11:04:55 PM     0        17    228.00      0.00  rcu_preempt
11:04:55 PM     0        30      2.00      0.00  ksoftirqd/2
11:04:55 PM     0        36      2.00      0.00  ksoftirqd/3
11:04:55 PM     0        60      1.00      0.00  ksoftirqd/7
11:04:55 PM     0        95      2.00      0.00  kcompactd0
11:04:55 PM     0       113      1.00      0.00  kworker/5:1H-kblockd
11:04:55 PM     0       172      1.00      0.00  kworker/3:1H-kblockd
11:04:55 PM     0       189      8.00      0.00  kworker/4:1H-kblockd
11:04:55 PM     0       190      5.00      0.00  kworker/10:1H-kblockd
11:04:55 PM     0       359      3.00      0.00  jbd2/nvme1n1p2-8
11:04:55 PM     0       453      1.00      0.00  multipathd
11:04:55 PM     0    227297      3.00      0.00  kworker/10:2-events
11:04:55 PM     0    230337      2.00      0.00  kworker/6:1-events
11:04:55 PM     0    230364      1.00      0.00  kworker/u24:4-flush-259:0
11:04:55 PM     0    230433      3.00      0.00  kworker/0:1-events
11:04:55 PM     0    230456      1.00      0.00  kworker/8:2-mm_percpu_wq
11:04:55 PM     0    230457      4.00      0.00  kworker/1:2-events
11:04:55 PM     0    230483      2.00      0.00  kworker/5:0-events
11:04:55 PM     0    230559      1.00      0.00  kworker/11:1-mm_percpu_wq
11:04:55 PM     0    238099     12.00      0.00  kworker/u24:1-events_power_efficient
11:04:55 PM     0    238283      4.00      0.00  kworker/2:1-events
11:04:55 PM     0    239073      1.00      0.00  kworker/4:2-mm_percpu_wq
11:04:55 PM     0    241714      5.00      0.00  kworker/3:1-events
11:04:55 PM     0    242833      2.00      0.00  kworker/7:1-events
11:04:55 PM     0    245320     16.00      0.00  kworker/u24:2+iou_exit
11:04:55 PM     0    250641      1.00      0.00  kworker/u24:3-flush-259:1
11:04:55 PM     0    255758      1.00      0.00  iostat
11:04:55 PM     0    255759      1.00      0.00  pidstat
11:04:55 PM     0    255760      5.00      0.00  bash
11:04:55 PM     0    255761      8.00      0.00  bash
11:04:55 PM     0    255762      4.00      0.00  bash
11:04:55 PM     0    255927      7.00      1.00  kworker/u24:0-ext4-rsv-conversion
11:04:55 PM     0    256430      1.00      0.00  sleep
11:04:55 PM     0    256443      1.00      0.00  sleep
11:04:55 PM     0    256444      1.00      0.00  sleep

11:04:55 PM   UID       PID   cswch/s nvcswch/s  Command
11:04:56 PM     0        16      1.00      0.00  ksoftirqd/0
11:04:56 PM     0        17     45.00      0.00  rcu_preempt
11:04:56 PM     0        23      1.00      0.00  migration/1
11:04:56 PM     0        29      1.00      0.00  migration/2
11:04:56 PM     0        30      3.00      0.00  ksoftirqd/2
11:04:56 PM     0        36      2.00      0.00  ksoftirqd/3
11:04:56 PM     0        60      1.00      0.00  ksoftirqd/7
11:04:56 PM     0        72      3.00      0.00  ksoftirqd/9
11:04:56 PM     0        95      2.00      0.00  kcompactd0
11:04:56 PM     0       172      2.00      0.00  kworker/3:1H-kblockd
11:04:56 PM     0       359      3.00      0.00  jbd2/nvme1n1p2-8
11:04:56 PM     0       415      4.00      0.00  systemd-journal
11:04:56 PM     0       453      1.00      0.00  multipathd
11:04:56 PM     0       562      3.00      0.00  jbd2/nvme1n1p3-8
11:04:56 PM     0       578      3.00      0.00  jbd2/nvme0n1p3-8
11:04:56 PM     0    227297      3.00      0.00  kworker/10:2-events
11:04:56 PM     0    230337      1.00      0.00  kworker/6:1-events
11:04:56 PM     0    230364      2.00      0.00  kworker/u24:4-flush-259:1
11:04:56 PM     0    230433      5.00      0.00  kworker/0:1-events
11:04:56 PM     0    230456      3.00      0.00  kworker/8:2-events
11:04:56 PM     0    230457      2.00      0.00  kworker/1:2-mm_percpu_wq
11:04:56 PM     0    230483      2.00      0.00  kworker/5:0-mm_percpu_wq
11:04:56 PM     0    230559      2.00      0.00  kworker/11:1-mm_percpu_wq
11:04:56 PM     0    238099      4.00      0.00  kworker/u24:1-flush-259:1
11:04:56 PM     0    238283     11.00      0.00  kworker/2:1-events
11:04:56 PM     0    239073      3.00      0.00  kworker/4:2-events
11:04:56 PM     0    240331      3.00      0.00  kworker/9:2-events
11:04:56 PM     0    241714      2.00      0.00  kworker/3:1-mm_percpu_wq
11:04:56 PM     0    242833      5.00      0.00  kworker/7:1-events
11:04:56 PM     0    245320      5.00      0.00  kworker/u24:2-writeback
11:04:56 PM     0    255758      2.00      0.00  iostat
11:04:56 PM     0    255759      1.00      0.00  pidstat
11:04:56 PM     0    255760      6.00      0.00  bash
11:04:56 PM     0    255761      8.00      0.00  bash
11:04:56 PM     0    255762      5.00      0.00  bash
11:04:56 PM     0    255927      8.00      0.00  kworker/u24:0-events_unbound
11:04:56 PM     0    256453      2.00      0.00  sleep
11:04:56 PM     0    256464      1.00      0.00  sleep
11:04:56 PM     0    256465      1.00      0.00  sleep

11:04:56 PM   UID       PID   cswch/s nvcswch/s  Command
11:04:57 PM     0        17     23.00      0.00  rcu_preempt
11:04:57 PM     0        29      1.00      0.00  migration/2
11:04:57 PM     0        60      1.00      0.00  ksoftirqd/7
11:04:57 PM     0        66      1.00      0.00  ksoftirqd/8
11:04:57 PM     0        95      2.00      0.00  kcompactd0
11:04:57 PM     0       453      1.00      0.00  multipathd
11:04:57 PM     0    227297      3.00      0.00  kworker/10:2-mm_percpu_wq
11:04:57 PM     0    230337      2.00      0.00  kworker/6:1-events
11:04:57 PM     0    230433      1.00      0.00  kworker/0:1-events
11:04:57 PM     0    230456      3.00      0.00  kworker/8:2-mm_percpu_wq
11:04:57 PM     0    230457      1.00      0.00  kworker/1:2-events
11:04:57 PM     0    230559      2.00      0.00  kworker/11:1-mm_percpu_wq
11:04:57 PM     0    238283     13.00      0.00  kworker/2:1-events
11:04:57 PM     0    239073      1.00      0.00  kworker/4:2-mm_percpu_wq
11:04:57 PM     0    240331      2.00      0.00  kworker/9:2-events
11:04:57 PM     0    241714      1.00      0.00  kworker/3:1-events
11:04:57 PM     0    242833      3.00      0.00  kworker/7:1-events
11:04:57 PM     0    255758      1.00      0.00  iostat
11:04:57 PM     0    255759      2.00      0.00  pidstat
11:04:57 PM     0    255760      5.00      0.00  bash
11:04:57 PM     0    255761      7.00      0.00  bash
11:04:57 PM     0    255762      4.00      0.00  bash
11:04:57 PM     0    255927      1.00      0.00  kworker/u24:0-edac-poller
11:04:57 PM     0    256468      1.00      0.00  sleep
11:04:57 PM     0    256478      1.00      0.00  sleep
11:04:57 PM     0    256480      1.00      0.00  sleep

11:04:57 PM   UID       PID   cswch/s nvcswch/s  Command
11:04:58 PM     0        17     36.00      0.00  rcu_preempt
11:04:58 PM     0        18      1.00      0.00  migration/0
11:04:58 PM     0        23      1.00      0.00  migration/1
11:04:58 PM     0        29      2.00      0.00  migration/2
11:04:58 PM     0        30      3.00      0.00  ksoftirqd/2
11:04:58 PM     0        35      1.00      0.00  migration/3
11:04:58 PM     0        41      1.00      0.00  migration/4
11:04:58 PM     0        47      1.00      0.00  migration/5
11:04:58 PM     0        53      1.00      0.00  migration/6
11:04:58 PM     0        54      1.00      0.00  ksoftirqd/6
11:04:58 PM     0        59      1.00      0.00  migration/7
11:04:58 PM     0        60      1.00      0.00  ksoftirqd/7
11:04:58 PM     0        65      1.00      0.00  migration/8
11:04:58 PM     0        71      1.00      0.00  migration/9
11:04:58 PM     0        72      1.00      0.00  ksoftirqd/9
11:04:58 PM     0        77      1.00      0.00  migration/10
11:04:58 PM     0        83      1.00      0.00  migration/11
11:04:58 PM     0        95      2.00      0.00  kcompactd0
11:04:58 PM     0       113      1.00      0.00  kworker/5:1H-kblockd
11:04:58 PM     0       187      1.00      0.00  kworker/0:1H-kblockd
11:04:58 PM     0       190      1.00      0.00  kworker/10:1H-kblockd
11:04:58 PM     0       193      1.00      0.00  kworker/9:1H-kblockd
11:04:58 PM     0       359      3.00      0.00  jbd2/nvme1n1p2-8
11:04:58 PM     0       415      3.00      0.00  systemd-journal
11:04:58 PM     0       453      1.00      0.00  multipathd
11:04:58 PM     0       562      3.00      0.00  jbd2/nvme1n1p3-8
11:04:58 PM     0       578      4.00      0.00  jbd2/nvme0n1p3-8
11:04:58 PM     0    227297      3.00      0.00  kworker/10:2-events
11:04:58 PM     0    230337      4.00      0.00  kworker/6:1-events
11:04:58 PM     0    230433      1.00      0.00  kworker/0:1-mm_percpu_wq
11:04:58 PM     0    230456      1.00      0.00  kworker/8:2-mm_percpu_wq
11:04:58 PM     0    230457      2.00      0.00  kworker/1:2-mm_percpu_wq
11:04:58 PM     0    230483      2.00      0.00  kworker/5:0-events
11:04:58 PM     0    230559      1.00      0.00  kworker/11:1-mm_percpu_wq
11:04:58 PM     0    238099      5.00      0.00  kworker/u24:1-writeback
11:04:58 PM     0    238283     12.00      0.00  kworker/2:1-events
11:04:58 PM     0    239073      3.00      0.00  kworker/4:2-events
11:04:58 PM     0    240331      4.00      0.00  kworker/9:2-events
11:04:58 PM     0    241714      1.00      0.00  kworker/3:1-mm_percpu_wq
11:04:58 PM     0    242833      4.00      0.00  kworker/7:1-events
11:04:58 PM     0    245320      7.00      0.00  kworker/u24:2-events_unbound
11:04:58 PM     0    255758      2.00      0.00  iostat
11:04:58 PM     0    255759      1.00      0.00  pidstat
11:04:58 PM     0    255760      6.00      0.00  bash
11:04:58 PM     0    255761      9.00      0.00  bash
11:04:58 PM     0    255762      5.00      0.00  bash
11:04:58 PM     0    255927      1.00      0.00  kworker/u24:0-flush-259:1
11:04:58 PM     0    256484      2.00      0.00  sleep
11:04:58 PM     0    256494      1.00      0.00  sleep
11:04:58 PM     0    256496      1.00      0.00  sleep

11:04:58 PM   UID       PID   cswch/s nvcswch/s  Command
11:04:59 PM     0        16      2.00      0.00  ksoftirqd/0
11:04:59 PM     0        17     17.00      0.00  rcu_preempt
11:04:59 PM     0        60      3.00      0.00  ksoftirqd/7
11:04:59 PM     0        78      1.00      0.00  ksoftirqd/10
11:04:59 PM     0        95      2.00      0.00  kcompactd0
11:04:59 PM     0       453      1.00      0.00  multipathd
11:04:59 PM     0    227297      2.00      0.00  kworker/10:2-events
11:04:59 PM     0    230433      3.00      0.00  kworker/0:1-events
11:04:59 PM     0    230456      2.00      0.00  kworker/8:2-events
11:04:59 PM     0    230457      1.00      0.00  kworker/1:2-mm_percpu_wq
11:04:59 PM     0    230483      1.00      0.00  kworker/5:0-mm_percpu_wq
11:04:59 PM     0    230559      1.00      0.00  kworker/11:1-mm_percpu_wq
11:04:59 PM     0    238283     14.00      0.00  kworker/2:1-events
11:04:59 PM     0    239073      1.00      0.00  kworker/4:2-mm_percpu_wq
11:04:59 PM     0    240331      2.00      0.00  kworker/9:2-events
11:04:59 PM     0    242833      6.00      0.00  kworker/7:1-events
11:04:59 PM     0    245320      1.00      0.00  kworker/u24:2-edac-poller
11:04:59 PM     0    255758      1.00      0.00  iostat
11:04:59 PM     0    255759      2.00      0.00  pidstat
11:04:59 PM     0    255760      5.00      0.00  bash
11:04:59 PM     0    255761      7.00      0.00  bash
11:04:59 PM     0    255762      4.00      0.00  bash
11:04:59 PM     0    256499      1.00      0.00  sleep
11:04:59 PM     0    256509      1.00      0.00  sleep
11:04:59 PM     0    256511      1.00      0.00  sleep

11:04:59 PM   UID       PID   cswch/s nvcswch/s  Command
11:05:00 PM     0        17     35.00      0.00  rcu_preempt
11:05:00 PM     0        23      1.00      0.00  migration/1
11:05:00 PM     0        24      1.00      0.00  ksoftirqd/1
11:05:00 PM     0        30      2.00     14.00  ksoftirqd/2
11:05:00 PM     0        59      1.00      0.00  migration/7
11:05:00 PM     0        66      1.00      0.00  ksoftirqd/8
11:05:00 PM     0        72      1.00      0.00  ksoftirqd/9
11:05:00 PM     0        77      1.00      0.00  migration/10
11:05:00 PM     0        95      2.00      0.00  kcompactd0
11:05:00 PM     0       187      1.00      0.00  kworker/0:1H-kblockd
11:05:00 PM     0       188      1.00      0.00  kworker/2:1H-kblockd
11:05:00 PM     0       190      3.00      0.00  kworker/10:1H-kblockd
11:05:00 PM     0       193      1.00      0.00  kworker/9:1H-kblockd
11:05:00 PM     0       359      3.00      0.00  jbd2/nvme1n1p2-8
11:05:00 PM     0       415      3.00      0.00  systemd-journal
11:05:00 PM     0       453      1.00      0.00  multipathd
11:05:00 PM     0       562      3.00      0.00  jbd2/nvme1n1p3-8
11:05:00 PM     0       578      4.00      0.00  jbd2/nvme0n1p3-8
11:05:00 PM     0    227297      2.00      0.00  kworker/10:2-events
11:05:00 PM     0    230337      3.00      0.00  kworker/6:1-events
11:05:00 PM     0    230433      3.00      0.00  kworker/0:1-events
11:05:00 PM     0    230456      2.00      0.00  kworker/8:2-events
11:05:00 PM     0    230457      1.00      0.00  kworker/1:2-mm_percpu_wq
11:05:00 PM     0    230483      2.00      0.00  kworker/5:0-events
11:05:00 PM     0    230559      2.00      0.00  kworker/11:1-mm_percpu_wq
11:05:00 PM     0    238099      6.00      0.00  kworker/u24:1-events_unbound
11:05:00 PM     0    238283     13.00      0.00  kworker/2:1-events
11:05:00 PM     0    239073      2.00      0.00  kworker/4:2-mm_percpu_wq
11:05:00 PM     0    240331      4.00      0.00  kworker/9:2-events
11:05:00 PM     0    241714      1.00      0.00  kworker/3:1-mm_percpu_wq
11:05:00 PM     0    242833      2.00      0.00  kworker/7:1-mm_percpu_wq
11:05:00 PM     0    245320      1.00      0.00  kworker/u24:2-flush-259:1
11:05:00 PM     0    255758      2.00      0.00  iostat
11:05:00 PM     0    255759      1.00      0.00  pidstat
11:05:00 PM     0    255760      6.00      0.00  bash
11:05:00 PM     0    255761      9.00      0.00  bash
11:05:00 PM     0    255762      5.00      0.00  bash
11:05:00 PM     0    255927      6.00      0.00  kworker/u24:0-writeback
11:05:00 PM     0    256515      2.00      0.00  sleep
11:05:00 PM     0    256525      1.00      0.00  sleep
11:05:00 PM     0    256527      1.00      0.00  sleep

11:05:00 PM   UID       PID   cswch/s nvcswch/s  Command
11:05:01 PM     0        16      2.00      0.00  ksoftirqd/0
11:05:01 PM     0        17     18.00      0.00  rcu_preempt
11:05:01 PM     0        29      2.00      0.00  migration/2
11:05:01 PM     0        72      2.00      0.00  ksoftirqd/9
11:05:01 PM     0        95      2.00      0.00  kcompactd0
11:05:01 PM     0       453      1.00      0.00  multipathd
11:05:01 PM     0    227297      3.00      0.00  kworker/10:2-events
11:05:01 PM     0    230337      1.00      0.00  kworker/6:1-mm_percpu_wq
11:05:01 PM     0    230433      4.00      0.00  kworker/0:1-events
11:05:01 PM     0    230456      1.00      0.00  kworker/8:2-mm_percpu_wq
11:05:01 PM     0    230457      4.00      0.00  kworker/1:2-events
11:05:01 PM     0    230483      1.00      0.00  kworker/5:0-mm_percpu_wq
11:05:01 PM     0    230559      1.00      0.00  kworker/11:1-mm_percpu_wq
11:05:01 PM     0    238099      3.00      0.00  kworker/u24:1-events_power_efficient
11:05:01 PM     0    238283     11.00      0.00  kworker/2:1-events
11:05:01 PM     0    239073      1.00      0.00  kworker/4:2-mm_percpu_wq
11:05:01 PM     0    240331      4.00      0.00  kworker/9:2-events
11:05:01 PM     0    242833      1.00      0.00  kworker/7:1-mm_percpu_wq
11:05:01 PM     0    255758      1.00      0.00  iostat
11:05:01 PM     0    255759      2.00      0.00  pidstat
11:05:01 PM     0    255760      5.00      0.00  bash
11:05:01 PM     0    255761      6.00      0.00  bash
11:05:01 PM     0    255762      4.00      0.00  bash
11:05:01 PM     0    255927      1.00      0.00  kworker/u24:0-writeback
11:05:01 PM     0    256530      1.00      0.00  sleep
11:05:01 PM     0    256540      1.00      0.00  sleep
11:05:01 PM     0    256542      1.00      0.00  sleep

11:05:01 PM   UID       PID   cswch/s nvcswch/s  Command
11:05:02 PM     0        16      1.00      0.00  ksoftirqd/0
11:05:02 PM     0        17     37.00      0.00  rcu_preempt
11:05:02 PM     0        18      1.00      0.00  migration/0
11:05:02 PM     0        23      1.00      0.00  migration/1
11:05:02 PM     0        29      1.00      0.00  migration/2
11:05:02 PM     0        30      3.00      3.00  ksoftirqd/2
11:05:02 PM     0        35      1.00      0.00  migration/3
11:05:02 PM     0        41      1.00      0.00  migration/4
11:05:02 PM     0        42      2.00      0.00  ksoftirqd/4
11:05:02 PM     0        47      1.00      0.00  migration/5
11:05:02 PM     0        53      1.00      0.00  migration/6
11:05:02 PM     0        59      1.00      0.00  migration/7
11:05:02 PM     0        65      1.00      0.00  migration/8
11:05:02 PM     0        71      1.00      0.00  migration/9
11:05:02 PM     0        72      1.00      0.00  ksoftirqd/9
11:05:02 PM     0        77      1.00      0.00  migration/10
11:05:02 PM     0        78      1.00      0.00  ksoftirqd/10
11:05:02 PM     0        83      1.00      0.00  migration/11
11:05:02 PM     0        95      2.00      0.00  kcompactd0
11:05:02 PM     0       113      4.00      0.00  kworker/5:1H-kblockd
11:05:02 PM     0       172      2.00      0.00  kworker/3:1H-kblockd
11:05:02 PM     0       187      4.00      0.00  kworker/0:1H-kblockd
11:05:02 PM     0       190      1.00      0.00  kworker/10:1H-kblockd
11:05:02 PM     0       359      3.00      0.00  jbd2/nvme1n1p2-8
11:05:02 PM     0       415      8.00      0.00  systemd-journal
11:05:02 PM     0       453      1.00      0.00  multipathd
11:05:02 PM     0       562      3.00      0.00  jbd2/nvme1n1p3-8
11:05:02 PM     0       578      4.00      0.00  jbd2/nvme0n1p3-8
11:05:02 PM     0       769      5.00      0.00  cron
11:05:02 PM     0    227297      2.00      0.00  kworker/10:2-events
11:05:02 PM     0    230337      3.00      0.00  kworker/6:1-events
11:05:02 PM     0    230364      1.00      0.00  kworker/u24:4-ext4-rsv-conversion
11:05:02 PM     0    230433      2.00      0.00  kworker/0:1-events
11:05:02 PM     0    230456      2.00      0.00  kworker/8:2-events
11:05:02 PM     0    230457      2.00      0.00  kworker/1:2-events
11:05:02 PM     0    230483      2.00      0.00  kworker/5:0-events
11:05:02 PM     0    230559      1.00      0.00  kworker/11:1-mm_percpu_wq
11:05:02 PM     0    238099     11.00      0.00  kworker/u24:1-events_unbound
11:05:02 PM     0    238283     17.00      0.00  kworker/2:1-events
11:05:02 PM     0    239073      3.00      0.00  kworker/4:2-events
11:05:02 PM     0    240331      5.00      0.00  kworker/9:2-events
11:05:02 PM     0    241714      1.00      0.00  kworker/3:1-mm_percpu_wq
11:05:02 PM     0    242833      2.00      0.00  kworker/7:1-events
11:05:02 PM     0    245320      8.00      0.00  kworker/u24:2-writeback
11:05:02 PM     0    255758      2.00      0.00  iostat
11:05:02 PM     0    255759      1.00      0.00  pidstat
11:05:02 PM     0    255760      6.00      0.00  bash
11:05:02 PM     0    255761      8.00      0.00  bash
11:05:02 PM     0    255762      5.00      0.00  bash
11:05:02 PM     0    255927      4.00      0.00  kworker/u24:0-ext4-rsv-conversion
11:05:02 PM     0    256549      2.00      0.00  sleep
11:05:02 PM     0    256559      1.00      0.00  sleep
11:05:02 PM     0    256561      1.00      0.00  sleep

11:05:02 PM   UID       PID   cswch/s nvcswch/s  Command
11:05:03 PM     0        16      1.00      0.00  ksoftirqd/0
11:05:03 PM     0        17     18.00      0.00  rcu_preempt
11:05:03 PM     0        18      1.00      0.00  migration/0
11:05:03 PM     0        29      1.00      0.00  migration/2
11:05:03 PM     0        35      1.00      0.00  migration/3
11:05:03 PM     0        42      2.00      0.00  ksoftirqd/4
11:05:03 PM     0        66      1.00      0.00  ksoftirqd/8
11:05:03 PM     0        95      2.00      0.00  kcompactd0
11:05:03 PM     0       453      1.00      0.00  multipathd
11:05:03 PM     0     21554      1.00      0.00  packagekitd
11:05:03 PM     0    227297      2.00      0.00  kworker/10:2-events
11:05:03 PM     0    230337      3.00      0.00  kworker/6:1-events
11:05:03 PM     0    230433      4.00      0.00  kworker/0:1-events
11:05:03 PM     0    230456      2.00      0.00  kworker/8:2-events
11:05:03 PM     0    230457      3.00      0.00  kworker/1:2-events
11:05:03 PM     0    230483      1.00      0.00  kworker/5:0-mm_percpu_wq
11:05:03 PM     0    230559      2.00      0.00  kworker/11:1-mm_percpu_wq
11:05:03 PM     0    238099      1.00      0.00  kworker/u24:1-edac-poller
11:05:03 PM     0    238283     13.00      0.00  kworker/2:1-events
11:05:03 PM     0    239073      3.00      0.00  kworker/4:2-events
11:05:03 PM     0    240331      2.00      0.00  kworker/9:2-events
11:05:03 PM     0    241714      2.00      0.00  kworker/3:1-mm_percpu_wq
11:05:03 PM     0    242833      3.00      0.00  kworker/7:1-events
11:05:03 PM     0    255758      1.00      0.00  iostat
11:05:03 PM     0    255759      2.00      0.00  pidstat
11:05:03 PM     0    255760      5.00      0.00  bash
11:05:03 PM     0    255761      8.00      0.00  bash
11:05:03 PM     0    255762      4.00      0.00  bash
11:05:03 PM     0    256564      1.00      0.00  sleep
11:05:03 PM     0    256574      1.00      0.00  sleep
11:05:03 PM     0    256576      1.00      0.00  sleep

11:05:03 PM   UID       PID   cswch/s nvcswch/s  Command
11:05:04 PM     0        16      2.00      0.00  ksoftirqd/0
11:05:04 PM     0        17     20.00      0.00  rcu_preempt
11:05:04 PM     0        29      1.00      0.00  migration/2
11:05:04 PM     0        30      1.00      0.00  ksoftirqd/2
11:05:04 PM     0        59      1.00      0.00  migration/7
11:05:04 PM     0        77      1.00      0.00  migration/10
11:05:04 PM     0        84      1.00      0.00  ksoftirqd/11
11:05:04 PM     0        95      2.00      0.00  kcompactd0
11:05:04 PM     0       192      1.00      0.00  kworker/7:1H-kblockd
11:05:04 PM     0       453      1.00      0.00  multipathd
11:05:04 PM     0    227297      2.00      0.00  kworker/10:2-events
11:05:04 PM     0    230433      3.00      0.00  kworker/0:1-events
11:05:04 PM     0    230483      1.00      0.00  kworker/5:0-events
11:05:04 PM     0    238099      1.00      0.00  kworker/u24:1-edac-poller
11:05:04 PM     0    238283     14.00      0.00  kworker/2:1-events
11:05:04 PM     0    239073      4.00      0.00  kworker/4:2-events
11:05:04 PM     0    240331      4.00      0.00  kworker/9:2-events
11:05:04 PM     0    242833      4.00      0.00  kworker/7:1-events
11:05:04 PM     0    255758      1.00      0.00  iostat
11:05:04 PM     0    255759      1.00      0.00  pidstat
11:05:04 PM     0    255760      5.00      0.00  bash
11:05:04 PM     0    255761      6.00      0.00  bash
11:05:04 PM     0    255762      4.00      0.00  bash
11:05:04 PM     0    256579      1.00      1.00  sleep
11:05:04 PM     0    256589      1.00      0.00  sleep
11:05:04 PM     0    256591      1.00      0.00  sleep

11:05:04 PM   UID       PID   cswch/s nvcswch/s  Command
11:05:05 PM     0        16      1.00      0.00  ksoftirqd/0
11:05:05 PM     0        17     23.00      0.00  rcu_preempt
11:05:05 PM     0        18      1.00      0.00  migration/0
11:05:05 PM     0        24      1.00      0.00  ksoftirqd/1
11:05:05 PM     0        29      1.00      0.00  migration/2
11:05:05 PM     0        48      1.00      0.00  ksoftirqd/5
11:05:05 PM     0        72      2.00      0.00  ksoftirqd/9
11:05:05 PM     0        78      2.00      0.00  ksoftirqd/10
11:05:05 PM     0        95      2.00      0.00  kcompactd0
11:05:05 PM     0       453      1.00      0.00  multipathd
11:05:05 PM     0    227297      2.00      0.00  kworker/10:2-events
11:05:05 PM     0    230337      2.00      0.00  kworker/6:1-events
11:05:05 PM     0    230433      4.00      0.00  kworker/0:1-events
11:05:05 PM     0    230456      1.00      0.00  kworker/8:2-mm_percpu_wq
11:05:05 PM     0    230457      4.00      0.00  kworker/1:2-events
11:05:05 PM     0    230483      1.00      0.00  kworker/5:0-mm_percpu_wq
11:05:05 PM     0    230559      1.00      0.00  kworker/11:1-mm_percpu_wq
11:05:05 PM     0    238099      2.00      0.00  kworker/u24:1-edac-poller
11:05:05 PM     0    238283     12.00      0.00  kworker/2:1-events
11:05:05 PM     0    239073      2.00      0.00  kworker/4:2-events
11:05:05 PM     0    240331      4.00      0.00  kworker/9:2-events
11:05:05 PM     0    242833      2.00      0.00  kworker/7:1-events
11:05:05 PM     0    255758      1.00      0.00  iostat
11:05:05 PM     0    255759      1.00      0.00  pidstat
11:05:05 PM     0    255760      5.00      0.00  bash
11:05:05 PM     0    255761      7.00      0.00  bash
11:05:05 PM     0    255762      4.00      0.00  bash
11:05:05 PM     0    256594      1.00      0.00  sleep
11:05:05 PM     0    256604      1.00      0.00  sleep
11:05:05 PM     0    256606      1.00      0.00  sleep

11:05:05 PM   UID       PID   cswch/s nvcswch/s  Command
11:05:06 PM     0        16      2.00      0.00  ksoftirqd/0
11:05:06 PM     0        17     19.00      0.00  rcu_preempt
11:05:06 PM     0        18      1.00      0.00  migration/0
11:05:06 PM     0        23      1.00      0.00  migration/1
11:05:06 PM     0        24      1.00      0.00  ksoftirqd/1
11:05:06 PM     0        29      2.00      0.00  migration/2
11:05:06 PM     0        35      1.00      0.00  migration/3
11:05:06 PM     0        41      1.00      0.00  migration/4
11:05:06 PM     0        47      1.00      0.00  migration/5
11:05:06 PM     0        53      1.00      0.00  migration/6
11:05:06 PM     0        59      1.00      0.00  migration/7
11:05:06 PM     0        65      1.00      0.00  migration/8
11:05:06 PM     0        71      1.00      0.00  migration/9
11:05:06 PM     0        77      1.00      0.00  migration/10
11:05:06 PM     0        78      1.00      0.00  ksoftirqd/10
11:05:06 PM     0        83      1.00      0.00  migration/11
11:05:06 PM     0        84      1.00      0.00  ksoftirqd/11
11:05:06 PM     0        95      2.00      0.00  kcompactd0
11:05:06 PM     0       188      1.00      0.00  kworker/2:1H-kblockd
11:05:06 PM     0       453      1.00      0.00  multipathd
11:05:06 PM     0    227297      5.00      0.00  kworker/10:2-events
11:05:06 PM     0    230433      4.00      0.00  kworker/0:1-events
11:05:06 PM     0    230456      1.00      0.00  kworker/8:2-mm_percpu_wq
11:05:06 PM     0    230457      1.00      0.00  kworker/1:2-mm_percpu_wq
11:05:06 PM     0    230483      1.00      0.00  kworker/5:0-mm_percpu_wq
11:05:06 PM     0    230559      2.00      0.00  kworker/11:1-events
11:05:06 PM     0    238099      2.00      0.00  kworker/u24:1-events_power_efficient
11:05:06 PM     0    238283     12.00      0.00  kworker/2:1-events
11:05:06 PM     0    239073      2.00      0.00  kworker/4:2-mm_percpu_wq
11:05:06 PM     0    240331      4.00      0.00  kworker/9:2-events
11:05:06 PM     0    241714      1.00      0.00  kworker/3:1-mm_percpu_wq
11:05:06 PM     0    242833      2.00      0.00  kworker/7:1-events
11:05:06 PM     0    245320      1.00      0.00  kworker/u24:2-writeback
11:05:06 PM     0    255758      1.00      0.00  iostat
11:05:06 PM     0    255759      1.00      0.00  pidstat
11:05:06 PM     0    255760      5.00      0.00  bash
11:05:06 PM     0    255761      6.00      0.00  bash
11:05:06 PM     0    255762      4.00      0.00  bash
11:05:06 PM     0    256609      1.00      0.00  sleep
11:05:06 PM     0    256619      1.00      0.00  sleep
11:05:06 PM     0    256621      1.00      0.00  sleep

11:05:06 PM   UID       PID   cswch/s nvcswch/s  Command
11:05:07 PM     0        17     30.00      0.00  rcu_preempt
11:05:07 PM     0        29      1.00      0.00  migration/2
11:05:07 PM     0        30      2.00     18.00  ksoftirqd/2
11:05:07 PM     0        41      1.00      0.00  migration/4
11:05:07 PM     0        42      2.00      0.00  ksoftirqd/4
11:05:07 PM     0        77      1.00      0.00  migration/10
11:05:07 PM     0        95      2.00      0.00  kcompactd0
11:05:07 PM     0       172      1.00      0.00  kworker/3:1H-kblockd
11:05:07 PM     0       187      1.00      0.00  kworker/0:1H-kblockd
11:05:07 PM     0       190      1.00      0.00  kworker/10:1H-kblockd
11:05:07 PM     0       195      2.00      0.00  kworker/6:1H-kblockd
11:05:07 PM     0       359      7.00      0.00  jbd2/nvme1n1p2-8
11:05:07 PM     0       415      3.00      0.00  systemd-journal
11:05:07 PM     0       453      1.00      0.00  multipathd
11:05:07 PM     0       562      3.00      0.00  jbd2/nvme1n1p3-8
11:05:07 PM     0       578      4.00      0.00  jbd2/nvme0n1p3-8
11:05:07 PM     0    227297      1.00      0.00  kworker/10:2-mm_percpu_wq
11:05:07 PM     0    230337      3.00      0.00  kworker/6:1-events
11:05:07 PM     0    230364      7.00      0.00  kworker/u24:4-writeback
11:05:07 PM     0    230433      4.00      0.00  kworker/0:1-events
11:05:07 PM     0    230456      1.00      0.00  kworker/8:2-mm_percpu_wq
11:05:07 PM     0    230457      2.00      0.00  kworker/1:2-events
11:05:07 PM     0    230483      1.00      0.00  kworker/5:0-mm_percpu_wq
11:05:07 PM     0    230559      2.00      0.00  kworker/11:1-mm_percpu_wq
11:05:07 PM     0    238099      2.00      0.00  kworker/u24:1-flush-259:1
11:05:07 PM     0    238283     14.00      0.00  kworker/2:1-events
11:05:07 PM     0    239073      5.00      0.00  kworker/4:2-events
11:05:07 PM     0    240331      2.00      0.00  kworker/9:2-mm_percpu_wq
11:05:07 PM     0    241714      3.00      0.00  kworker/3:1-events
11:05:07 PM     0    242833      2.00      0.00  kworker/7:1-mm_percpu_wq
11:05:07 PM     0    245320      1.00      0.00  kworker/u24:2-flush-259:0
11:05:07 PM     0    255758      2.00      0.00  iostat
11:05:07 PM     0    255759      1.00      0.00  pidstat
11:05:07 PM     0    255760      6.00      0.00  bash
11:05:07 PM     0    255761      7.00      0.00  bash
11:05:07 PM     0    255762      5.00      0.00  bash
11:05:07 PM     0    255927     10.00      0.00  kworker/u24:0-edac-poller
11:05:07 PM     0    256625      2.00      0.00  sleep
11:05:07 PM     0    256635      1.00      0.00  sleep
11:05:07 PM     0    256637      1.00      0.00  sleep

11:05:07 PM   UID       PID   cswch/s nvcswch/s  Command
11:05:08 PM     0        16      1.00      0.00  ksoftirqd/0
11:05:08 PM     0        17     22.00      0.00  rcu_preempt
11:05:08 PM     0        42      1.00      0.00  ksoftirqd/4
11:05:08 PM     0        48      1.00      0.00  ksoftirqd/5
11:05:08 PM     0        59      1.00      0.00  migration/7
11:05:08 PM     0        95      2.00      0.00  kcompactd0
11:05:08 PM     0       453      1.00      0.00  multipathd
11:05:08 PM     0    227297      1.00      0.00  kworker/10:2-mm_percpu_wq
11:05:08 PM     0    230337      2.00      0.00  kworker/6:1-events
11:05:08 PM     0    230433      1.00      0.00  kworker/0:1-events
11:05:08 PM     0    230456      3.00      0.00  kworker/8:2-events
11:05:08 PM     0    230457      1.00      0.00  kworker/1:2-mm_percpu_wq
11:05:08 PM     0    230483      2.00      0.00  kworker/5:0-events
11:05:08 PM     0    230559      1.00      0.00  kworker/11:1-mm_percpu_wq
11:05:08 PM     0    238283     13.00      0.00  kworker/2:1-events
11:05:08 PM     0    239073      3.00      0.00  kworker/4:2-events
11:05:08 PM     0    240331      2.00      0.00  kworker/9:2-events
11:05:08 PM     0    241714      1.00      0.00  kworker/3:1-mm_percpu_wq
11:05:08 PM     0    242833      3.00      0.00  kworker/7:1-events
11:05:08 PM     0    255758      1.00      0.00  iostat
11:05:08 PM     0    255759      2.00      0.00  pidstat
11:05:08 PM     0    255760      5.00      0.00  bash
11:05:08 PM     0    255761      8.00      0.00  bash
11:05:08 PM     0    255762      4.00      0.00  bash
11:05:08 PM     0    255927      2.00      0.00  kworker/u24:0-events_power_efficient
11:05:08 PM     0    256640      1.00      0.00  sleep
11:05:08 PM     0    256650      1.00      0.00  sleep
11:05:08 PM     0    256652      1.00      0.00  sleep

11:05:08 PM   UID       PID   cswch/s nvcswch/s  Command
11:05:09 PM     0        17     24.00      0.00  rcu_preempt
11:05:09 PM     0        36      2.00      0.00  ksoftirqd/3
11:05:09 PM     0        42      1.00      0.00  ksoftirqd/4
11:05:09 PM     0        48      2.00      0.00  ksoftirqd/5
11:05:09 PM     0        60      1.00      0.00  ksoftirqd/7
11:05:09 PM     0        95      2.00      0.00  kcompactd0
11:05:09 PM     0       453      1.00      0.00  multipathd
11:05:09 PM     0       773      2.00      0.00  sshd
11:05:09 PM     0    227297      1.00      0.00  kworker/10:2-events
11:05:09 PM     0    230337      2.00      0.00  kworker/6:1-events
11:05:09 PM     0    230456      1.00      0.00  kworker/8:2-events
11:05:09 PM     0    230457      1.00      0.00  kworker/1:2-events
11:05:09 PM     0    230483      3.00      0.00  kworker/5:0-events
11:05:09 PM     0    230559      2.00      0.00  kworker/11:1-events
11:05:09 PM     0    238283     14.00      0.00  kworker/2:1-events
11:05:09 PM     0    239073      3.00      0.00  kworker/4:2-events
11:05:09 PM     0    240331      1.00      0.00  kworker/9:2-mm_percpu_wq
11:05:09 PM     0    241714      1.00      0.00  kworker/3:1-events
11:05:09 PM     0    242833      3.00      0.00  kworker/7:1-events
11:05:09 PM     0    255758      1.00      0.00  iostat
11:05:09 PM     0    255759      1.00      0.00  pidstat
11:05:09 PM     0    255760      5.00      0.00  bash
11:05:09 PM     0    255761      7.00      0.00  bash
11:05:09 PM     0    255762      4.00      0.00  bash
11:05:09 PM     0    255927      2.00      0.00  kworker/u24:0-events_unbound
11:05:09 PM     0    256655      1.00      0.00  sleep
11:05:09 PM     0    256665      1.00      0.00  sleep
11:05:09 PM     0    256667      1.00      1.00  sleep
11:05:09 PM     0    256668     50.00      0.00  sshd
11:05:09 PM   113    256669      8.00      0.00  sshd

11:05:09 PM   UID       PID   cswch/s nvcswch/s  Command
11:05:10 PM     0         1      1.00      0.00  systemd
11:05:10 PM     0        17     33.00      0.00  rcu_preempt
11:05:10 PM     0        18      1.00      0.00  migration/0
11:05:10 PM     0        23      1.00      0.00  migration/1
11:05:10 PM     0        29      1.00      0.00  migration/2
11:05:10 PM     0        35      1.00      0.00  migration/3
11:05:10 PM     0        36      1.00      0.00  ksoftirqd/3
11:05:10 PM     0        41      1.00      0.00  migration/4
11:05:10 PM     0        47      1.00      0.00  migration/5
11:05:10 PM     0        48      1.00      0.00  ksoftirqd/5
11:05:10 PM     0        53      1.00      0.00  migration/6
11:05:10 PM     0        59      1.00      0.00  migration/7
11:05:10 PM     0        65      1.00      0.00  migration/8
11:05:10 PM     0        66      1.00      0.00  ksoftirqd/8
11:05:10 PM     0        71      1.00      0.00  migration/9
11:05:10 PM     0        77      1.00      0.00  migration/10
11:05:10 PM     0        78      1.00      0.00  ksoftirqd/10
11:05:10 PM     0        83      1.00      0.00  migration/11
11:05:10 PM     0        95      2.00      0.00  kcompactd0
11:05:10 PM     0       415      2.00      0.00  systemd-journal
11:05:10 PM     0       453      1.00      0.00  multipathd
11:05:10 PM     0       773      1.00      0.00  sshd
11:05:10 PM     0    227297      3.00      0.00  kworker/10:2-events
11:05:10 PM     0    230337      2.00      0.00  kworker/6:1-events
11:05:10 PM     0    230433      3.00      0.00  kworker/0:1-events
11:05:10 PM     0    230456      2.00      0.00  kworker/8:2-events
11:05:10 PM     0    230457      1.00      0.00  kworker/1:2-mm_percpu_wq
11:05:10 PM     0    230483      5.00      0.00  kworker/5:0-events
11:05:10 PM     0    230559      1.00      0.00  kworker/11:1-mm_percpu_wq
11:05:10 PM     0    238283     12.00      0.00  kworker/2:1-events
11:05:10 PM     0    239073      3.00      0.00  kworker/4:2-events
11:05:10 PM     0    240331      1.00      0.00  kworker/9:2-mm_percpu_wq
11:05:10 PM     0    241714      3.00      0.00  kworker/3:1-events
11:05:10 PM     0    242833      1.00      0.00  kworker/7:1-mm_percpu_wq
11:05:10 PM     0    255758      1.00      0.00  iostat
11:05:10 PM     0    255759      1.00      0.00  pidstat
11:05:10 PM     0    255760      5.00      0.00  bash
11:05:10 PM     0    255761      8.00      0.00  bash
11:05:10 PM     0    255762      4.00      0.00  bash
11:05:10 PM     0    255927      1.00      0.00  kworker/u24:0-edac-poller
11:05:10 PM     0    256672      1.00      0.00  sleep
11:05:10 PM     0    256682      1.00      0.00  sleep
11:05:10 PM     0    256684      1.00      0.00  sleep

11:05:10 PM   UID       PID   cswch/s nvcswch/s  Command
11:05:11 PM     0        17     22.00      0.00  rcu_preempt
11:05:11 PM     0        24      1.00      0.00  ksoftirqd/1
11:05:11 PM     0        36      1.00      0.00  ksoftirqd/3
11:05:11 PM     0        42      1.00      0.00  ksoftirqd/4
11:05:11 PM     0        48      1.00      0.00  ksoftirqd/5
11:05:11 PM     0        60      1.00      0.00  ksoftirqd/7
11:05:11 PM     0        95      2.00      0.00  kcompactd0
11:05:11 PM     0       189      1.00      0.00  kworker/4:1H-kblockd
11:05:11 PM     0       453      1.00      0.00  multipathd
11:05:11 PM     0    230337      1.00      0.00  kworker/6:1-events
11:05:11 PM     0    230364      1.00      0.00  kworker/u24:4-writeback
11:05:11 PM     0    230433      2.00      0.00  kworker/0:1-events
11:05:11 PM     0    230456      2.00      0.00  kworker/8:2-events
11:05:11 PM     0    230457      2.00      0.00  kworker/1:2-events
11:05:11 PM     0    230483      3.00      0.00  kworker/5:0-events
11:05:11 PM     0    230559      1.00      0.00  kworker/11:1-mm_percpu_wq
11:05:11 PM     0    238283     12.00      0.00  kworker/2:1-events
11:05:11 PM     0    239073      3.00      0.00  kworker/4:2-events
11:05:11 PM     0    240331      1.00      0.00  kworker/9:2-mm_percpu_wq
11:05:11 PM     0    241714      3.00      0.00  kworker/3:1-events
11:05:11 PM     0    242833      4.00      0.00  kworker/7:1-events
11:05:11 PM     0    255758      1.00      0.00  iostat
11:05:11 PM     0    255759      1.00      0.00  pidstat
11:05:11 PM     0    255760      5.00      0.00  bash
11:05:11 PM     0    255761      7.00      0.00  bash
11:05:11 PM     0    255762      4.00      0.00  bash
11:05:11 PM     0    255927      3.00      0.00  kworker/u24:0-events_power_efficient
11:05:11 PM     0    256687      1.00      0.00  sleep
11:05:11 PM     0    256697      1.00      0.00  sleep
11:05:11 PM     0    256699      1.00      0.00  sleep

11:05:11 PM   UID       PID   cswch/s nvcswch/s  Command
11:05:12 PM     0        17     31.00      0.00  rcu_preempt
11:05:12 PM     0        29      1.00      0.00  migration/2
11:05:12 PM     0        30      3.00     15.00  ksoftirqd/2
11:05:12 PM     0        42      1.00      0.00  ksoftirqd/4
11:05:12 PM     0        65      1.00      0.00  migration/8
11:05:12 PM     0        72      1.00      0.00  ksoftirqd/9
11:05:12 PM     0        84      1.00      0.00  ksoftirqd/11
11:05:12 PM     0        95      2.00      0.00  kcompactd0
11:05:12 PM     0       188      1.00      0.00  kworker/2:1H-kblockd
11:05:12 PM     0       190      1.00      0.00  kworker/10:1H-kblockd
11:05:12 PM     0       193      2.00      0.00  kworker/9:1H-kblockd
11:05:12 PM     0       195      3.00      0.00  kworker/6:1H-kblockd
11:05:12 PM     0       359      6.00      0.00  jbd2/nvme1n1p2-8
11:05:12 PM     0       415      2.00      0.00  systemd-journal
11:05:12 PM     0       453      1.00      0.00  multipathd
11:05:12 PM     0       562      3.00      0.00  jbd2/nvme1n1p3-8
11:05:12 PM     0       578      4.00      0.00  jbd2/nvme0n1p3-8
11:05:12 PM     0    227297      3.00      0.00  kworker/10:2-events
11:05:12 PM     0    230337      3.00      0.00  kworker/6:1-events
11:05:12 PM     0    230364      9.00      0.00  kworker/u24:4-edac-poller
11:05:12 PM     0    230433      1.00      0.00  kworker/0:1-mm_percpu_wq
11:05:12 PM     0    230456      1.00      0.00  kworker/8:2-mm_percpu_wq
11:05:12 PM     0    230457      1.00      0.00  kworker/1:2-mm_percpu_wq
11:05:12 PM     0    230483      4.00      0.00  kworker/5:0-events
11:05:12 PM     0    230559      2.00      0.00  kworker/11:1-mm_percpu_wq
11:05:12 PM     0    238099      1.00      0.00  kworker/u24:1-flush-259:1
11:05:12 PM     0    238283     14.00      0.00  kworker/2:1-events
11:05:12 PM     0    239073      3.00      0.00  kworker/4:2-events
11:05:12 PM     0    240331      3.00      0.00  kworker/9:2-events
11:05:12 PM     0    241714      1.00      0.00  kworker/3:1-mm_percpu_wq
11:05:12 PM     0    242833      4.00      0.00  kworker/7:1-events
11:05:12 PM     0    245320      1.00      0.00  kworker/u24:2-flush-259:0
11:05:12 PM     0    255758      2.00      0.00  iostat
11:05:12 PM     0    255759      1.00      0.00  pidstat
11:05:12 PM     0    255760      6.00      0.00  bash
11:05:12 PM     0    255761      8.00      0.00  bash
11:05:12 PM     0    255762      5.00      0.00  bash
11:05:12 PM     0    255927      8.00      0.00  kworker/u24:0-writeback
11:05:12 PM     0    256703      2.00      0.00  sleep
11:05:12 PM     0    256713      1.00      0.00  sleep
11:05:12 PM     0    256715      1.00      0.00  sleep

11:05:12 PM   UID       PID   cswch/s nvcswch/s  Command
11:05:13 PM     0        17     19.00      0.00  rcu_preempt
11:05:13 PM     0        29      1.00      0.00  migration/2
11:05:13 PM     0        36      1.00      0.00  ksoftirqd/3
11:05:13 PM     0        42      2.00      0.00  ksoftirqd/4
11:05:13 PM     0        48      2.00      0.00  ksoftirqd/5
11:05:13 PM     0        72      1.00      0.00  ksoftirqd/9
11:05:13 PM     0        95      2.00      0.00  kcompactd0
11:05:13 PM     0       453      1.00      0.00  multipathd
11:05:13 PM     0     21554      1.00      0.00  packagekitd
11:05:13 PM     0    230337      2.00      0.00  kworker/6:1-events
11:05:13 PM     0    230364      2.00      0.00  kworker/u24:4-events_unbound
11:05:13 PM     0    230433      2.00      0.00  kworker/0:1-events
11:05:13 PM     0    230456      1.00      0.00  kworker/8:2-mm_percpu_wq
11:05:13 PM     0    230457      3.00      0.00  kworker/1:2-events
11:05:13 PM     0    230483      2.00      0.00  kworker/5:0-events
11:05:13 PM     0    230559      1.00      0.00  kworker/11:1-mm_percpu_wq
11:05:13 PM     0    238283     13.00      0.00  kworker/2:1-events
11:05:13 PM     0    239073      4.00      0.00  kworker/4:2-events
11:05:13 PM     0    240331      3.00      0.00  kworker/9:2-events
11:05:13 PM     0    241714      1.00      0.00  kworker/3:1-mm_percpu_wq
11:05:13 PM     0    242833      4.00      0.00  kworker/7:1-events
11:05:13 PM     0    255758      1.00      0.00  iostat
11:05:13 PM     0    255759      2.00      0.00  pidstat
11:05:13 PM     0    255760      5.00      0.00  bash
11:05:13 PM     0    255761      7.00      0.00  bash
11:05:13 PM     0    255762      4.00      0.00  bash
11:05:13 PM     0    256718      1.00      0.00  sleep
11:05:13 PM     0    256728      1.00      0.00  sleep
11:05:13 PM     0    256730      1.00      0.00  sleep

11:05:13 PM   UID       PID   cswch/s nvcswch/s  Command
11:05:14 PM     0        17     18.00      0.00  rcu_preempt
11:05:14 PM     0        18      2.00      0.00  migration/0
11:05:14 PM     0        23      1.00      0.00  migration/1
11:05:14 PM     0        29      2.00      0.00  migration/2
11:05:14 PM     0        35      1.00      0.00  migration/3
11:05:14 PM     0        41      1.00      0.00  migration/4
11:05:14 PM     0        42      1.00      0.00  ksoftirqd/4
11:05:14 PM     0        47      1.00      0.00  migration/5
11:05:14 PM     0        53      2.00      0.00  migration/6
11:05:14 PM     0        59      1.00      0.00  migration/7
11:05:14 PM     0        65      1.00      0.00  migration/8
11:05:14 PM     0        71      1.00      0.00  migration/9
11:05:14 PM     0        77      1.00      0.00  migration/10
11:05:14 PM     0        83      1.00      0.00  migration/11
11:05:14 PM     0        84      1.00      0.00  ksoftirqd/11
11:05:14 PM     0        95      2.00      0.00  kcompactd0
11:05:14 PM     0       453      1.00      0.00  multipathd
11:05:14 PM     0    230364      1.00      0.00  kworker/u24:4-edac-poller
11:05:14 PM     0    230433      1.00      0.00  kworker/0:1-events
11:05:14 PM     0    230456      1.00      0.00  kworker/8:2-mm_percpu_wq
11:05:14 PM     0    230483      3.00      0.00  kworker/5:0-events
11:05:14 PM     0    238283     13.00      0.00  kworker/2:1-events
11:05:14 PM     0    239073      2.00      0.00  kworker/4:2-events
11:05:14 PM     0    240331      1.00      0.00  kworker/9:2-events
11:05:14 PM     0    241714      1.00      0.00  kworker/3:1-events
11:05:14 PM     0    242833      3.00      0.00  kworker/7:1-events
11:05:14 PM     0    255758      1.00      0.00  iostat
11:05:14 PM     0    255759      1.00      0.00  pidstat
11:05:14 PM     0    255760      5.00      0.00  bash
11:05:14 PM     0    255761      7.00      0.00  bash
11:05:14 PM     0    255762      4.00      0.00  bash
11:05:14 PM     0    256733      1.00      0.00  sleep
11:05:14 PM     0    256744      1.00      0.00  sleep
11:05:14 PM     0    256745      1.00      0.00  sleep

11:05:14 PM   UID       PID   cswch/s nvcswch/s  Command
11:05:15 PM     0        17     18.00      0.00  rcu_preempt
11:05:15 PM     0        29      3.00      0.00  migration/2
11:05:15 PM     0        48      1.00      0.00  ksoftirqd/5
11:05:15 PM     0        54      1.00      0.00  ksoftirqd/6
11:05:15 PM     0        95      2.00      0.00  kcompactd0
11:05:15 PM     0       453      1.00      0.00  multipathd
11:05:15 PM     0    227297      2.00      0.00  kworker/10:2-events
11:05:15 PM     0    230337      2.00      0.00  kworker/6:1-events
11:05:15 PM     0    230364      2.00      0.00  kworker/u24:4-events_unbound
11:05:15 PM     0    230433      1.00      0.00  kworker/0:1-mm_percpu_wq
11:05:15 PM     0    230456      2.00      0.00  kworker/8:2-events
11:05:15 PM     0    230457      4.00      0.00  kworker/1:2-events
11:05:15 PM     0    230483      2.00      0.00  kworker/5:0-events
11:05:15 PM     0    230559      2.00      0.00  kworker/11:1-events
11:05:15 PM     0    238283     14.00      0.00  kworker/2:1-events
11:05:15 PM     0    239073      1.00      0.00  kworker/4:2-mm_percpu_wq
11:05:15 PM     0    240331      4.00      0.00  kworker/9:2-events
11:05:15 PM     0    241714      1.00      0.00  kworker/3:1-mm_percpu_wq
11:05:15 PM     0    242833      2.00      0.00  kworker/7:1-events
11:05:15 PM     0    255758      1.00      0.00  iostat
11:05:15 PM     0    255759      1.00      0.00  pidstat
11:05:15 PM     0    255760      5.00      0.00  bash
11:05:15 PM     0    255761      6.00      0.00  bash
11:05:15 PM     0    255762      4.00      0.00  bash
11:05:15 PM     0    256748      1.00      0.00  sleep
11:05:15 PM     0    256758      1.00      0.00  sleep
11:05:15 PM     0    256760      1.00      1.00  sleep

11:05:15 PM   UID       PID   cswch/s nvcswch/s  Command
11:05:16 PM     0        16      1.00      0.00  ksoftirqd/0
11:05:16 PM     0        17     17.00      0.00  rcu_preempt
11:05:16 PM     0        29      1.00      0.00  migration/2
11:05:16 PM     0        36      1.00      0.00  ksoftirqd/3
11:05:16 PM     0        78      1.00      0.00  ksoftirqd/10
11:05:16 PM     0        95      2.00      0.00  kcompactd0
11:05:16 PM     0       453      1.00      0.00  multipathd
11:05:16 PM     0    227297      1.00      0.00  kworker/10:2-events
11:05:16 PM     0    230337      1.00      0.00  kworker/6:1-events
11:05:16 PM     0    230364      1.00      0.00  kworker/u24:4-edac-poller
11:05:16 PM     0    230456      2.00      0.00  kworker/8:2-events
11:05:16 PM     0    230483      2.00      0.00  kworker/5:0-events
11:05:16 PM     0    238283     13.00      0.00  kworker/2:1-events
11:05:16 PM     0    239073      1.00      0.00  kworker/4:2-events
11:05:16 PM     0    241714      2.00      0.00  kworker/3:1-events
11:05:16 PM     0    242833      1.00      0.00  kworker/7:1-events
11:05:16 PM     0    255758      1.00      0.00  iostat
11:05:16 PM     0    255759      1.00      0.00  pidstat
11:05:16 PM     0    255760      5.00      0.00  bash
11:05:16 PM     0    255761      7.00      0.00  bash
11:05:16 PM     0    255762      4.00      0.00  bash
11:05:16 PM     0    256763      1.00      0.00  sleep
11:05:16 PM     0    256774      1.00      0.00  sleep
11:05:16 PM     0    256775      1.00      0.00  sleep

11:05:16 PM   UID       PID   cswch/s nvcswch/s  Command
11:05:17 PM     0         1      1.00      0.00  systemd
11:05:17 PM     0        17     29.00      0.00  rcu_preempt
11:05:17 PM     0        18      1.00      0.00  migration/0
11:05:17 PM     0        24      1.00      0.00  ksoftirqd/1
11:05:17 PM     0        30      2.00      5.00  ksoftirqd/2
11:05:17 PM     0        48      1.00      0.00  ksoftirqd/5
11:05:17 PM     0        54      1.00      0.00  ksoftirqd/6
11:05:17 PM     0        83      1.00      0.00  migration/11
11:05:17 PM     0        95      2.00      0.00  kcompactd0
11:05:17 PM     0       190      1.00      0.00  kworker/10:1H-kblockd
11:05:17 PM     0       193      2.00      0.00  kworker/9:1H-kblockd
11:05:17 PM     0       195      1.00      0.00  kworker/6:1H-kblockd
11:05:17 PM     0       359      3.00      0.00  jbd2/nvme1n1p2-8
11:05:17 PM     0       415      2.00      0.00  systemd-journal
11:05:17 PM     0       453      1.00      0.00  multipathd
11:05:17 PM     0       562      3.00      0.00  jbd2/nvme1n1p3-8
11:05:17 PM     0       578      4.00      0.00  jbd2/nvme0n1p3-8
11:05:17 PM     0    227297      2.00      0.00  kworker/10:2-mm_percpu_wq
11:05:17 PM     0    230337      3.00      0.00  kworker/6:1-events
11:05:17 PM     0    230364      7.00      0.00  kworker/u24:4-writeback
11:05:17 PM     0    230433      3.00      0.00  kworker/0:1-mm_percpu_wq
11:05:17 PM     0    230456      3.00      0.00  kworker/8:2-events
11:05:17 PM     0    230457      5.00      0.00  kworker/1:2-events
11:05:17 PM     0    230483      2.00      0.00  kworker/5:0-events
11:05:17 PM     0    230559      2.00      0.00  kworker/11:1-mm_percpu_wq
11:05:17 PM     0    238099      1.00      0.00  kworker/u24:1-flush-259:1
11:05:17 PM     0    238283     13.00      0.00  kworker/2:1-events
11:05:17 PM     0    239073      3.00      0.00  kworker/4:2-events
11:05:17 PM     0    240331      4.00      0.00  kworker/9:2-events
11:05:17 PM     0    241714      2.00      0.00  kworker/3:1-mm_percpu_wq
11:05:17 PM     0    242833      4.00      0.00  kworker/7:1-events
11:05:17 PM     0    245320      1.00      0.00  kworker/u24:2-flush-259:0
11:05:17 PM     0    255758      2.00      0.00  iostat
11:05:17 PM     0    255759      1.00      0.00  pidstat
11:05:17 PM     0    255760      6.00      0.00  bash
11:05:17 PM     0    255761      8.00      0.00  bash
11:05:17 PM     0    255762      5.00      0.00  bash
11:05:17 PM     0    255927      8.00      0.00  kworker/u24:0-edac-poller
11:05:17 PM     0    256779      2.00      0.00  sleep
11:05:17 PM     0    256790      1.00      0.00  sleep
11:05:17 PM     0    256791      1.00      0.00  sleep

11:05:17 PM   UID       PID   cswch/s nvcswch/s  Command
11:05:18 PM     0        16      2.00      0.00  ksoftirqd/0
11:05:18 PM     0        17     13.00      0.00  rcu_preempt
11:05:18 PM     0        18      1.00      0.00  migration/0
11:05:18 PM     0        23      1.00      0.00  migration/1
11:05:18 PM     0        29      1.00      0.00  migration/2
11:05:18 PM     0        35      1.00      0.00  migration/3
11:05:18 PM     0        41      1.00      0.00  migration/4
11:05:18 PM     0        47      1.00      0.00  migration/5
11:05:18 PM     0        53      1.00      0.00  migration/6
11:05:18 PM     0        59      1.00      0.00  migration/7
11:05:18 PM     0        65      1.00      0.00  migration/8
11:05:18 PM     0        71      1.00      0.00  migration/9
11:05:18 PM     0        77      1.00      0.00  migration/10
11:05:18 PM     0        83      1.00      0.00  migration/11
11:05:18 PM     0        95      2.00      0.00  kcompactd0
11:05:18 PM     0       188      1.00      0.00  kworker/2:1H-kblockd
11:05:18 PM     0       453      1.00      0.00  multipathd
11:05:18 PM     0    227297      1.00      0.00  kworker/10:2-mm_percpu_wq
11:05:18 PM     0    230337      1.00      0.00  kworker/6:1-mm_percpu_wq
11:05:18 PM     0    230433      1.00      0.00  kworker/0:1-mm_percpu_wq
11:05:18 PM     0    230456      1.00      0.00  kworker/8:2-mm_percpu_wq
11:05:18 PM     0    230457      1.00      0.00  kworker/1:2-mm_percpu_wq
11:05:18 PM     0    230483      2.00      0.00  kworker/5:0-events
11:05:18 PM     0    230559      2.00      0.00  kworker/11:1-mm_percpu_wq
11:05:18 PM     0    238283     12.00      0.00  kworker/2:1-events
11:05:18 PM     0    239073      3.00      0.00  kworker/4:2-events
11:05:18 PM     0    240331      1.00      0.00  kworker/9:2-mm_percpu_wq
11:05:18 PM     0    241714      1.00      0.00  kworker/3:1-mm_percpu_wq
11:05:18 PM     0    242833      2.00      0.00  kworker/7:1-events
11:05:18 PM     0    255758      1.00      0.00  iostat
11:05:18 PM     0    255759      2.00      1.00  pidstat
11:05:18 PM     0    255760      1.00      0.00  bash
11:05:18 PM     0    255761      8.00      1.00  bash
11:05:18 PM     0    255762      4.00      0.00  bash
11:05:18 PM     0    255927      2.00      0.00  kworker/u24:0-edac-poller
11:05:18 PM     0    256794      1.00      0.00  sleep
11:05:18 PM     0    256800      1.00      0.00  bash
11:05:18 PM     0    256802      0.00      1.00  ps
11:05:18 PM     0    256803      1.00      0.00  grep

11:05:18 PM   UID       PID   cswch/s nvcswch/s  Command
11:05:19 PM     0        16      1.00      0.00  ksoftirqd/0
11:05:19 PM     0        17     20.00      0.00  rcu_preempt
11:05:19 PM     0        18      1.00      0.00  migration/0
11:05:19 PM     0        42      1.00      0.00  ksoftirqd/4
11:05:19 PM     0        47      1.00      0.00  migration/5
11:05:19 PM     0        60      1.00      0.00  ksoftirqd/7
11:05:19 PM     0        66      1.00      0.00  ksoftirqd/8
11:05:19 PM     0        95      2.00      0.00  kcompactd0
11:05:19 PM     0       188      1.00      0.00  kworker/2:1H-kblockd
11:05:19 PM     0       453      1.00      0.00  multipathd
11:05:19 PM     0    227297      1.00      0.00  kworker/10:2-events
11:05:19 PM     0    230433      2.00      0.00  kworker/0:1-events
11:05:19 PM     0    230456      2.00      0.00  kworker/8:2-mm_percpu_wq
11:05:19 PM     0    230457      2.00      0.00  kworker/1:2-events
11:05:19 PM     0    230483      3.00      0.00  kworker/5:0-mm_percpu_wq
11:05:19 PM     0    230559      1.00      0.00  kworker/11:1-events
11:05:19 PM     0    238283     13.00      0.00  kworker/2:1-events
11:05:19 PM     0    239073      1.00      0.00  kworker/4:2-events
11:05:19 PM     0    240331      4.00      0.00  kworker/9:2-events
11:05:19 PM     0    255758      1.00      0.00  iostat
11:05:19 PM     0    255759      1.00      0.00  pidstat
11:05:19 PM     0    255760      4.00      0.00  bash
11:05:19 PM     0    255762      4.00      0.00  bash
11:05:19 PM     0    255927      1.00      0.00  kworker/u24:0-edac-poller
11:05:19 PM     0    256806      1.00      0.00  sleep
11:05:19 PM     0    256809      1.00      0.00  sleep

11:05:19 PM   UID       PID   cswch/s nvcswch/s  Command
11:05:20 PM     0        17     21.00      0.00  rcu_preempt
11:05:20 PM     0        24      2.00      0.00  ksoftirqd/1
11:05:20 PM     0        30      1.00      1.00  ksoftirqd/2
11:05:20 PM     0        48      2.00      0.00  ksoftirqd/5
11:05:20 PM     0        65      1.00      0.00  migration/8
11:05:20 PM     0        95      2.00      0.00  kcompactd0
11:05:20 PM     0       453      1.00      0.00  multipathd
11:05:20 PM     0    230337      1.00      0.00  kworker/6:1-mm_percpu_wq
11:05:20 PM     0    230364      1.00      0.00  kworker/u24:4-writeback
11:05:20 PM     0    230433      4.00      0.00  kworker/0:1-events
11:05:20 PM     0    230457      1.00      0.00  kworker/1:2-events
11:05:20 PM     0    230483      3.00      0.00  kworker/5:0-events
11:05:20 PM     0    230559      1.00      0.00  kworker/11:1-mm_percpu_wq
11:05:20 PM     0    238283     13.00      0.00  kworker/2:1-events
11:05:20 PM     0    239073      1.00      0.00  kworker/4:2-mm_percpu_wq
11:05:20 PM     0    240331      1.00      0.00  kworker/9:2-events
11:05:20 PM     0    241714      1.00      0.00  kworker/3:1-mm_percpu_wq
11:05:20 PM     0    242833      2.00      0.00  kworker/7:1-events
11:05:20 PM     0    255758      1.00      0.00  iostat
11:05:20 PM     0    255759      1.00      0.00  pidstat
11:05:20 PM     0    255760      5.00      0.00  bash
11:05:20 PM     0    255761      7.00      0.00  bash
11:05:20 PM     0    255762      4.00      0.00  bash
11:05:20 PM     0    255927      1.00      0.00  kworker/u24:0-events_unbound
11:05:20 PM     0    256819      1.00      0.00  sleep
11:05:20 PM     0    256821      1.00      0.00  sleep
11:05:20 PM     0    256824      1.00      0.00  sleep

11:05:20 PM   UID       PID   cswch/s nvcswch/s  Command
11:05:21 PM     0        17     19.00      0.00  rcu_preempt
11:05:21 PM     0        29      2.00      0.00  migration/2
11:05:21 PM     0        42      2.00      0.00  ksoftirqd/4
11:05:21 PM     0        48      1.00      0.00  ksoftirqd/5
11:05:21 PM     0        60      1.00      0.00  ksoftirqd/7
11:05:21 PM     0        95      2.00      0.00  kcompactd0
11:05:21 PM     0       453      1.00      0.00  multipathd
11:05:21 PM     0    230364      1.00      0.00  kworker/u24:4-edac-poller
11:05:21 PM     0    230433      4.00      0.00  kworker/0:1-events
11:05:21 PM     0    230456      1.00      0.00  kworker/8:2-mm_percpu_wq
11:05:21 PM     0    230457      2.00      0.00  kworker/1:2-events
11:05:21 PM     0    230483      2.00      0.00  kworker/5:0-mm_percpu_wq
11:05:21 PM     0    238283     12.00      0.00  kworker/2:1-events
11:05:21 PM     0    239073      4.00      0.00  kworker/4:2-events
11:05:21 PM     0    240331      1.00      0.00  kworker/9:2-mm_percpu_wq
11:05:21 PM     0    241714      1.00      0.00  kworker/3:1-mm_percpu_wq
11:05:21 PM     0    255758      1.00      0.00  iostat
11:05:21 PM     0    255759      1.00      0.00  pidstat
11:05:21 PM     0    255760      5.00      0.00  bash
11:05:21 PM     0    255761      8.00      0.00  bash
11:05:21 PM     0    255762      4.00      0.00  bash
11:05:21 PM     0    256834      1.00      0.00  sleep
11:05:21 PM     0    256836      1.00      0.00  sleep
11:05:21 PM     0    256839      1.00      0.00  sleep

11:05:21 PM   UID       PID   cswch/s nvcswch/s  Command
11:05:22 PM     0        16      1.00      0.00  ksoftirqd/0
11:05:22 PM     0        17     34.00      0.00  rcu_preempt
11:05:22 PM     0        18      1.00      0.00  migration/0
11:05:22 PM     0        23      1.00      0.00  migration/1
11:05:22 PM     0        24      1.00      0.00  ksoftirqd/1
11:05:22 PM     0        29      2.00      0.00  migration/2
11:05:22 PM     0        30      3.00      0.00  ksoftirqd/2
11:05:22 PM     0        35      1.00      0.00  migration/3
11:05:22 PM     0        41      1.00      0.00  migration/4
11:05:22 PM     0        47      1.00      0.00  migration/5
11:05:22 PM     0        53      1.00      0.00  migration/6
11:05:22 PM     0        59      1.00      0.00  migration/7
11:05:22 PM     0        65      1.00      0.00  migration/8
11:05:22 PM     0        71      1.00      0.00  migration/9
11:05:22 PM     0        77      1.00      0.00  migration/10
11:05:22 PM     0        83      1.00      0.00  migration/11
11:05:22 PM     0        95      2.00      0.00  kcompactd0
11:05:22 PM     0       190      1.00      0.00  kworker/10:1H-kblockd
11:05:22 PM     0       193      1.00      0.00  kworker/9:1H-kblockd
11:05:22 PM     0       195      1.00      0.00  kworker/6:1H-kblockd
11:05:22 PM     0       359      3.00      0.00  jbd2/nvme1n1p2-8
11:05:22 PM     0       415      3.00      0.00  systemd-journal
11:05:22 PM     0       453      1.00      0.00  multipathd
11:05:22 PM     0       562      6.00      0.00  jbd2/nvme1n1p3-8
11:05:22 PM     0       578      7.00      0.00  jbd2/nvme0n1p3-8
11:05:22 PM     0    227297      5.00      0.00  kworker/10:2-events
11:05:22 PM     0    230337      2.00      0.00  kworker/6:1-mm_percpu_wq
11:05:22 PM     0    230364      7.00      0.00  kworker/u24:4-writeback
11:05:22 PM     0    230433      3.00      0.00  kworker/0:1-mm_percpu_wq
11:05:22 PM     0    230456      1.00      0.00  kworker/8:2-mm_percpu_wq
11:05:22 PM     0    230457      2.00      0.00  kworker/1:2-mm_percpu_wq
11:05:22 PM     0    230483      6.00      0.00  kworker/5:0-mm_percpu_wq
11:05:22 PM     0    230559      2.00      0.00  kworker/11:1-mm_percpu_wq
11:05:22 PM     0    238099      3.00      0.00  kworker/u24:1-flush-259:1
11:05:22 PM     0    238283     14.00      0.00  kworker/2:1-events
11:05:22 PM     0    239073      3.00      0.00  kworker/4:2-mm_percpu_wq
11:05:22 PM     0    240331      3.00      0.00  kworker/9:2-mm_percpu_wq
11:05:22 PM     0    241714      3.00      0.00  kworker/3:1-mm_percpu_wq
11:05:22 PM     0    242833      2.00      0.00  kworker/7:1-mm_percpu_wq
11:05:22 PM     0    245320      1.00      0.00  kworker/u24:2-flush-259:0
11:05:22 PM     0    255758      2.00      0.00  iostat
11:05:22 PM     0    255759      1.00      0.00  pidstat
11:05:22 PM     0    255760      5.00      0.00  bash
11:05:22 PM     0    255761      7.00      0.00  bash
11:05:22 PM     0    255762      5.00      0.00  bash
11:05:22 PM     0    255927      6.00      0.00  kworker/u24:0-events_power_efficient
11:05:22 PM     0    256849      1.00      0.00  sleep
11:05:22 PM     0    256851      1.00      0.00  sleep
11:05:22 PM     0    256855      2.00      0.00  sleep

11:05:22 PM   UID       PID   cswch/s nvcswch/s  Command
11:05:23 PM     0        16      1.00      0.00  ksoftirqd/0
11:05:23 PM     0        17     20.00      0.00  rcu_preempt
11:05:23 PM     0        36      1.00      0.00  ksoftirqd/3
11:05:23 PM     0        42      1.00      0.00  ksoftirqd/4
11:05:23 PM     0        48      1.00      0.00  ksoftirqd/5
11:05:23 PM     0        60      1.00      0.00  ksoftirqd/7
11:05:23 PM     0        95      1.00      0.00  kcompactd0
11:05:23 PM     0       453      1.00      0.00  multipathd
11:05:23 PM     0     21554      1.00      0.00  packagekitd
11:05:23 PM     0    227297      3.00      0.00  kworker/10:2-events
11:05:23 PM     0    230337      1.00      0.00  kworker/6:1-mm_percpu_wq
11:05:23 PM     0    230364      2.00      0.00  kworker/u24:4-edac-poller
11:05:23 PM     0    230433      4.00      0.00  kworker/0:1-events
11:05:23 PM     0    230456      1.00      0.00  kworker/8:2-mm_percpu_wq
11:05:23 PM     0    230457      4.00      0.00  kworker/1:2-events
11:05:23 PM     0    230483      1.00      0.00  kworker/5:0-mm_percpu_wq
11:05:23 PM     0    238283     10.00      0.00  kworker/2:1-events
11:05:23 PM     0    239073      2.00      0.00  kworker/4:2-events
11:05:23 PM     0    240331      2.00      0.00  kworker/9:2-events
11:05:23 PM     0    241714      2.00      0.00  kworker/3:1-events
11:05:23 PM     0    242833      2.00      0.00  kworker/7:1-events
11:05:23 PM     0    255758      1.00      0.00  iostat
11:05:23 PM     0    255759      2.00      0.00  pidstat
11:05:23 PM     0    255760      6.00      0.00  bash
11:05:23 PM     0    255761      9.00      0.00  bash
11:05:23 PM     0    255762      4.00      0.00  bash
11:05:23 PM     0    256865      1.00      0.00  sleep
11:05:23 PM     0    256867      1.00      0.00  sleep
11:05:23 PM     0    256870      1.00      0.00  sleep

11:05:23 PM   UID       PID   cswch/s nvcswch/s  Command
11:05:24 PM     0        16      2.00      0.00  ksoftirqd/0
11:05:24 PM     0        17     19.00      0.00  rcu_preempt
11:05:24 PM     0        24      2.00      0.00  ksoftirqd/1
11:05:24 PM     0        29      1.00      0.00  migration/2
11:05:24 PM     0        42      2.00      0.00  ksoftirqd/4
11:05:24 PM     0        60      1.00      0.00  ksoftirqd/7
11:05:24 PM     0        72      2.00      0.00  ksoftirqd/9
11:05:24 PM     0        95      2.00      0.00  kcompactd0
11:05:24 PM     0       453      1.00      0.00  multipathd
11:05:24 PM     0    230364      1.00      0.00  kworker/u24:4-edac-poller
11:05:24 PM     0    230433      3.00      0.00  kworker/0:1-events
11:05:24 PM     0    230456      2.00      0.00  kworker/8:2-events
11:05:24 PM     0    230457      2.00      0.00  kworker/1:2-events
11:05:24 PM     0    230483      3.00      0.00  kworker/5:0-events
11:05:24 PM     0    230559      2.00      0.00  kworker/11:1-events
11:05:24 PM     0    238283     13.00      0.00  kworker/2:1-events
11:05:24 PM     0    239073      4.00      0.00  kworker/4:2-events
11:05:24 PM     0    240331      4.00      0.00  kworker/9:2-events
11:05:24 PM     0    241714      1.00      0.00  kworker/3:1-mm_percpu_wq
11:05:24 PM     0    242833      1.00      0.00  kworker/7:1-mm_percpu_wq
11:05:24 PM     0    255758      1.00      0.00  iostat
11:05:24 PM     0    255759      1.00      0.00  pidstat
11:05:24 PM     0    255760      5.00      0.00  bash
11:05:24 PM     0    255761      7.00      1.00  bash
11:05:24 PM     0    255762      4.00      0.00  bash
11:05:24 PM     0    256881      1.00      0.00  sleep
11:05:24 PM     0    256882      1.00      0.00  sleep
11:05:24 PM     0    256885      1.00      0.00  sleep

11:05:24 PM   UID       PID   cswch/s nvcswch/s  Command
11:05:25 PM     0        17     20.00      0.00  rcu_preempt
11:05:25 PM     0        18      1.00      0.00  migration/0
11:05:25 PM     0        23      1.00      0.00  migration/1
11:05:25 PM     0        24      1.00      0.00  ksoftirqd/1
11:05:25 PM     0        29      1.00      0.00  migration/2
11:05:25 PM     0        36      1.00      0.00  ksoftirqd/3
11:05:25 PM     0        41      1.00      0.00  migration/4
11:05:25 PM     0        54      2.00      0.00  ksoftirqd/6
11:05:25 PM     0        60      1.00      0.00  ksoftirqd/7
11:05:25 PM     0        71      1.00      0.00  migration/9
11:05:25 PM     0        72      1.00      0.00  ksoftirqd/9
11:05:25 PM     0        95      2.00      0.00  kcompactd0
11:05:25 PM     0       188      1.00      0.00  kworker/2:1H-kblockd
11:05:25 PM     0       453      1.00      0.00  multipathd
11:05:25 PM     0    227297      3.00      0.00  kworker/10:2-events
11:05:25 PM     0    230337      2.00      0.00  kworker/6:1-events
11:05:25 PM     0    230364      2.00      0.00  kworker/u24:4-events_unbound
11:05:25 PM     0    230433      3.00      0.00  kworker/0:1-events
11:05:25 PM     0    230456      1.00      0.00  kworker/8:2-mm_percpu_wq
11:05:25 PM     0    230457      5.00      0.00  kworker/1:2-events
11:05:25 PM     0    230483      2.00      0.00  kworker/5:0-events
11:05:25 PM     0    230559      1.00      0.00  kworker/11:1-mm_percpu_wq
11:05:25 PM     0    238283     13.00      0.00  kworker/2:1-events
11:05:25 PM     0    239073      1.00      0.00  kworker/4:2-mm_percpu_wq
11:05:25 PM     0    240331      3.00      0.00  kworker/9:2-events
11:05:25 PM     0    241714      1.00      0.00  kworker/3:1-mm_percpu_wq
11:05:25 PM     0    242833      2.00      0.00  kworker/7:1-events
11:05:25 PM     0    255758      1.00      0.00  iostat
11:05:25 PM     0    255759      1.00      0.00  pidstat
11:05:25 PM     0    255760      5.00      0.00  bash
11:05:25 PM     0    255761      8.00      0.00  bash
11:05:25 PM     0    255762      4.00      0.00  bash
11:05:25 PM     0    256896      1.00      0.00  sleep
11:05:25 PM     0    256897      1.00      0.00  sleep
11:05:25 PM     0    256900      1.00      0.00  sleep

11:05:25 PM   UID       PID   cswch/s nvcswch/s  Command
11:05:26 PM     0        16      2.00      0.00  ksoftirqd/0
11:05:26 PM     0        17     19.00      0.00  rcu_preempt
11:05:26 PM     0        18      1.00      0.00  migration/0
11:05:26 PM     0        23      1.00      0.00  migration/1
11:05:26 PM     0        29      2.00      0.00  migration/2
11:05:26 PM     0        35      1.00      0.00  migration/3
11:05:26 PM     0        41      1.00      0.00  migration/4
11:05:26 PM     0        42      1.00      0.00  ksoftirqd/4
11:05:26 PM     0        47      1.00      0.00  migration/5
11:05:26 PM     0        53      1.00      0.00  migration/6
11:05:26 PM     0        59      1.00      0.00  migration/7
11:05:26 PM     0        60      2.00      0.00  ksoftirqd/7
11:05:26 PM     0        65      1.00      0.00  migration/8
11:05:26 PM     0        71      1.00      0.00  migration/9
11:05:26 PM     0        77      1.00      0.00  migration/10
11:05:26 PM     0        83      1.00      0.00  migration/11
11:05:26 PM     0        95      2.00      0.00  kcompactd0
11:05:26 PM     0       453      1.00      0.00  multipathd
11:05:26 PM     0    230337      1.00      0.00  kworker/6:1-mm_percpu_wq
11:05:26 PM     0    230364      1.00      0.00  kworker/u24:4-edac-poller
11:05:26 PM     0    230433      4.00      0.00  kworker/0:1-events
11:05:26 PM     0    230456      2.00      0.00  kworker/8:2-events
11:05:26 PM     0    230457      2.00      0.00  kworker/1:2-events
11:05:26 PM     0    230483      1.00      0.00  kworker/5:0-mm_percpu_wq
11:05:26 PM     0    230559      1.00      0.00  kworker/11:1-mm_percpu_wq
11:05:26 PM     0    238283     13.00      0.00  kworker/2:1-events
11:05:26 PM     0    239073      3.00      0.00  kworker/4:2-events
11:05:26 PM     0    240331      3.00      0.00  kworker/9:2-events
11:05:26 PM     0    241714      1.00      0.00  kworker/3:1-mm_percpu_wq
11:05:26 PM     0    242833      3.00      0.00  kworker/7:1-events
11:05:26 PM     0    255758      1.00      0.00  iostat
11:05:26 PM     0    255759      1.00      0.00  pidstat
11:05:26 PM     0    255760      5.00      0.00  bash
11:05:26 PM     0    255761      6.00      0.00  bash
11:05:26 PM     0    255762      4.00      0.00  bash
11:05:26 PM     0    256911      1.00      0.00  sleep
11:05:26 PM     0    256912      1.00      0.00  sleep
11:05:26 PM     0    256915      1.00      0.00  sleep
