Linux 6.8.0-124-generic (cassandra-waf-rig) 	07/08/2026 	_x86_64_	(12 CPU)

09:24:19 PM   UID       PID   cswch/s nvcswch/s  Command
09:24:20 PM     0         1      2.97      0.00  systemd
09:24:20 PM     0        16      0.99      0.00  ksoftirqd/0
09:24:20 PM     0        17     26.73      0.00  rcu_preempt
09:24:20 PM     0        23      1.98      0.00  migration/1
09:24:20 PM     0        24      0.99      0.00  ksoftirqd/1
09:24:20 PM     0        29      2.97      0.00  migration/2
09:24:20 PM     0        36      0.99      0.00  ksoftirqd/3
09:24:20 PM     0        42      0.99      0.00  ksoftirqd/4
09:24:20 PM     0        47      0.99      0.00  migration/5
09:24:20 PM     0        65      0.99      0.00  migration/8
09:24:20 PM     0        66      1.98      0.00  ksoftirqd/8
09:24:20 PM     0        71      3.96      0.00  migration/9
09:24:20 PM     0        83      1.98      0.00  migration/11
09:24:20 PM     0        95      1.98      0.00  kcompactd0
09:24:20 PM     0       194      0.99      0.00  kworker/8:1H-kblockd
09:24:20 PM     0       453      0.99      0.00  multipathd
09:24:20 PM     0       562      2.97      0.00  jbd2/nvme1n1p3-8
09:24:20 PM   101       608      0.99      0.00  systemd-network
09:24:20 PM     0     88840      5.94      0.00  kworker/u24:1-writeback
09:24:20 PM     0    179405      1.98      0.00  kworker/6:1-events
09:24:20 PM     0    180922      4.95      0.00  kworker/2:0-mm_percpu_wq
09:24:20 PM     0    182585      1.98      0.00  kworker/8:1-mm_percpu_wq
09:24:20 PM     0    186631      5.94      0.00  kworker/3:2-events
09:24:20 PM     0    186893      1.98      0.00  kworker/11:0-events
09:24:20 PM     0    189255      2.97      0.00  kworker/7:2-events
09:24:20 PM     0    189918      0.99      0.00  kworker/9:1-mm_percpu_wq
09:24:20 PM     0    190951      1.98      0.00  kworker/10:0-events
09:24:20 PM     0    197671      2.97      0.00  kworker/0:1-events
09:24:20 PM     0    199074      0.99      0.00  kworker/4:1-mm_percpu_wq
09:24:20 PM     0    200794      5.94      0.00  kworker/1:1-events
09:24:20 PM     0    205093      3.96      0.00  kworker/5:2-events
09:24:20 PM     0    205980      0.99      0.00  iostat
09:24:20 PM     0    205981      0.99      0.00  pidstat
09:24:20 PM     0    205982      4.95      0.00  bash
09:24:20 PM     0    205983      6.93      0.00  bash
09:24:20 PM     0    205984      3.96      0.00  bash
09:24:20 PM     0    205986     90.10      0.99  fio
09:24:20 PM     0    206017      0.99      0.00  sleep

09:24:20 PM   UID       PID   cswch/s nvcswch/s  Command
09:24:21 PM     0        17     13.00      0.00  rcu_preempt
09:24:21 PM     0        36      1.00      0.00  ksoftirqd/3
09:24:21 PM     0        48      2.00      0.00  ksoftirqd/5
09:24:21 PM     0        53      1.00      0.00  migration/6
09:24:21 PM     0        60      1.00      0.00  ksoftirqd/7
09:24:21 PM     0        72      1.00      0.00  ksoftirqd/9
09:24:21 PM     0        95      2.00      0.00  kcompactd0
09:24:21 PM     0       172      1.00      0.00  kworker/3:1H-kblockd
09:24:21 PM     0       453      1.00      0.00  multipathd
09:24:21 PM     0     88840      2.00      0.00  kworker/u24:1-events_power_efficient
09:24:21 PM     0    179405      2.00      0.00  kworker/6:1-events
09:24:21 PM     0    180922      2.00      0.00  kworker/2:0-events
09:24:21 PM     0    186631      3.00      0.00  kworker/3:2-mm_percpu_wq
09:24:21 PM     0    186893      1.00      0.00  kworker/11:0-mm_percpu_wq
09:24:21 PM     0    189255      1.00      0.00  kworker/7:2-mm_percpu_wq
09:24:21 PM     0    189918      3.00      0.00  kworker/9:1-events
09:24:21 PM     0    190951      1.00      0.00  kworker/10:0-mm_percpu_wq
09:24:21 PM     0    193064      1.00      0.00  kworker/u24:0-writeback
09:24:21 PM     0    199074      2.00      0.00  kworker/4:1-mm_percpu_wq
09:24:21 PM     0    200794      1.00      0.00  kworker/1:1-events
09:24:21 PM     0    205093      2.00      0.00  kworker/5:2-mm_percpu_wq
09:24:21 PM     0    205980      1.00      0.00  iostat
09:24:21 PM     0    205981      1.00      0.00  pidstat
09:24:21 PM     0    205982      4.00      0.00  bash
09:24:21 PM     0    205983      5.00      0.00  bash
09:24:21 PM     0    205984      4.00      0.00  bash
09:24:21 PM     0    205986     99.00      0.00  fio
09:24:21 PM     0    206028      1.00      0.00  sleep
09:24:21 PM     0    206029      1.00      0.00  sleep
09:24:21 PM     0    206032      1.00      0.00  sleep

09:24:21 PM   UID       PID   cswch/s nvcswch/s  Command
09:24:22 PM     0        16      1.00      0.00  ksoftirqd/0
09:24:22 PM     0        17     14.00      0.00  rcu_preempt
09:24:22 PM     0        18      1.00      0.00  migration/0
09:24:22 PM     0        23      1.00      0.00  migration/1
09:24:22 PM     0        29      1.00      0.00  migration/2
09:24:22 PM     0        35      1.00      0.00  migration/3
09:24:22 PM     0        36      1.00      0.00  ksoftirqd/3
09:24:22 PM     0        41      1.00      0.00  migration/4
09:24:22 PM     0        47      1.00      0.00  migration/5
09:24:22 PM     0        53      1.00      0.00  migration/6
09:24:22 PM     0        59      1.00      0.00  migration/7
09:24:22 PM     0        65      1.00      0.00  migration/8
09:24:22 PM     0        71      1.00      0.00  migration/9
09:24:22 PM     0        77      1.00      0.00  migration/10
09:24:22 PM     0        78      1.00      0.00  ksoftirqd/10
09:24:22 PM     0        83      1.00      0.00  migration/11
09:24:22 PM     0        95      2.00      0.00  kcompactd0
09:24:22 PM     0       453      1.00      0.00  multipathd
09:24:22 PM     0    180922      2.00      0.00  kworker/2:0-events
09:24:22 PM     0    182585      2.00      0.00  kworker/8:1-mm_percpu_wq
09:24:22 PM     0    186631      5.00      0.00  kworker/3:2-events
09:24:22 PM     0    186893      1.00      0.00  kworker/11:0-mm_percpu_wq
09:24:22 PM     0    189255      2.00      0.00  kworker/7:2-events
09:24:22 PM     0    189918      1.00      0.00  kworker/9:1-mm_percpu_wq
09:24:22 PM     0    190951      1.00      0.00  kworker/10:0-events
09:24:22 PM     0    193064      1.00      0.00  kworker/u24:0-edac-poller
09:24:22 PM     0    197671      2.00      0.00  kworker/0:1-mm_percpu_wq
09:24:22 PM     0    199074      1.00      0.00  kworker/4:1-events
09:24:22 PM     0    200794      3.00      0.00  kworker/1:1-events
09:24:22 PM     0    205093      2.00      0.00  kworker/5:2-mm_percpu_wq
09:24:22 PM     0    205980      1.00      0.00  iostat
09:24:22 PM     0    205981      1.00      0.00  pidstat
09:24:22 PM     0    205982      5.00      0.00  bash
09:24:22 PM     0    205983      8.00      0.00  bash
09:24:22 PM     0    205984      4.00      0.00  bash
09:24:22 PM     0    205986     99.00      0.00  fio
09:24:22 PM     0    206042      1.00      0.00  sleep
09:24:22 PM     0    206044      1.00      0.00  sleep

09:24:22 PM   UID       PID   cswch/s nvcswch/s  Command
09:24:23 PM     0        16      1.00      0.00  ksoftirqd/0
09:24:23 PM     0        17     20.00      0.00  rcu_preempt
09:24:23 PM     0        36      2.00      0.00  ksoftirqd/3
09:24:23 PM     0        53      1.00      0.00  migration/6
09:24:23 PM     0        72      1.00      0.00  ksoftirqd/9
09:24:23 PM     0        95      2.00      0.00  kcompactd0
09:24:23 PM     0       453      1.00      0.00  multipathd
09:24:23 PM     0     21554      1.00      0.00  packagekitd
09:24:23 PM     0    179405      1.00      0.00  kworker/6:1-mm_percpu_wq
09:24:23 PM     0    180922      1.00      0.00  kworker/2:0-events
09:24:23 PM     0    186631      5.00      0.00  kworker/3:2-events
09:24:23 PM     0    186893      1.00      0.00  kworker/11:0-mm_percpu_wq
09:24:23 PM     0    189255      1.00      0.00  kworker/7:2-mm_percpu_wq
09:24:23 PM     0    189918      1.00      0.00  kworker/9:1-mm_percpu_wq
09:24:23 PM     0    193064      1.00      0.00  kworker/u24:0-edac-poller
09:24:23 PM     0    197671      1.00      0.00  kworker/0:1-events
09:24:23 PM     0    199074      4.00      0.00  kworker/4:1-mm_percpu_wq
09:24:23 PM     0    205093      2.00      0.00  kworker/5:2-mm_percpu_wq
09:24:23 PM     0    205980      1.00      0.00  iostat
09:24:23 PM     0    205981      1.00      0.00  pidstat
09:24:23 PM     0    205982      5.00      0.00  bash
09:24:23 PM     0    205983      6.00      0.00  bash
09:24:23 PM     0    205984      4.00      1.00  bash
09:24:23 PM     0    205986     99.00      0.00  fio
09:24:23 PM     0    206058      1.00      0.00  sleep
09:24:23 PM     0    206059      1.00      0.00  sleep

09:24:23 PM   UID       PID   cswch/s nvcswch/s  Command
09:24:24 PM     0        17     17.00      0.00  rcu_preempt
09:24:24 PM     0        24      1.00      0.00  ksoftirqd/1
09:24:24 PM     0        36      1.00      0.00  ksoftirqd/3
09:24:24 PM     0        42      1.00      0.00  ksoftirqd/4
09:24:24 PM     0        84      1.00      0.00  ksoftirqd/11
09:24:24 PM     0        95      2.00      0.00  kcompactd0
09:24:24 PM     0       359      3.00      0.00  jbd2/nvme1n1p2-8
09:24:24 PM     0       453      1.00      0.00  multipathd
09:24:24 PM     0    179405      2.00      0.00  kworker/6:1-mm_percpu_wq
09:24:24 PM     0    180922      2.00      0.00  kworker/2:0-events
09:24:24 PM     0    186631      4.00      0.00  kworker/3:2-events
09:24:24 PM     0    186893      3.00      0.00  kworker/11:0-events
09:24:24 PM     0    189255      2.00      0.00  kworker/7:2-events
09:24:24 PM     0    190951      1.00      0.00  kworker/10:0-mm_percpu_wq
09:24:24 PM     0    193064      3.00      0.00  kworker/u24:0-edac-poller
09:24:24 PM     0    199074      4.00      0.00  kworker/4:1-mm_percpu_wq
09:24:24 PM     0    200794      2.00      0.00  kworker/1:1-events
09:24:24 PM     0    205093      1.00      0.00  kworker/5:2-events
09:24:24 PM     0    205980      1.00      0.00  iostat
09:24:24 PM     0    205981      1.00      0.00  pidstat
09:24:24 PM     0    205982      5.00      0.00  bash
09:24:24 PM     0    205983      8.00      0.00  bash
09:24:24 PM     0    205986     99.00      0.00  fio
09:24:24 PM     0    206062      1.00      0.00  sleep
09:24:24 PM     0    206073      1.00      0.00  sleep
09:24:24 PM     0    206074      1.00      0.00  sleep

09:24:24 PM   UID       PID   cswch/s nvcswch/s  Command
09:24:25 PM     0        16      1.00      0.00  ksoftirqd/0
09:24:25 PM     0        17     18.00      0.00  rcu_preempt
09:24:25 PM     0        36      2.00      0.00  ksoftirqd/3
09:24:25 PM     0        42      2.00      0.00  ksoftirqd/4
09:24:25 PM     0        48      1.00      0.00  ksoftirqd/5
09:24:25 PM     0        72      1.00      0.00  ksoftirqd/9
09:24:25 PM     0        95      2.00      0.00  kcompactd0
09:24:25 PM     0       453      1.00      0.00  multipathd
09:24:25 PM     0       562      3.00      0.00  jbd2/nvme1n1p3-8
09:24:25 PM     0    179405      1.00      0.00  kworker/6:1-events
09:24:25 PM     0    180922      5.00      0.00  kworker/2:0-events
09:24:25 PM     0    182585      1.00      0.00  kworker/8:1-mm_percpu_wq
09:24:25 PM     0    186631      3.00      0.00  kworker/3:2-mm_percpu_wq
09:24:25 PM     0    186893      3.00      0.00  kworker/11:0-mm_percpu_wq
09:24:25 PM     0    189918      1.00      0.00  kworker/9:1-mm_percpu_wq
09:24:25 PM     0    193064      4.00      0.00  kworker/u24:0-writeback
09:24:25 PM     0    197671      1.00      0.00  kworker/0:1-mm_percpu_wq
09:24:25 PM     0    199074      6.00      0.00  kworker/4:1-mm_percpu_wq
09:24:25 PM     0    200794      2.00      0.00  kworker/1:1-mm_percpu_wq
09:24:25 PM     0    205093      4.00      0.00  kworker/5:2-mm_percpu_wq
09:24:25 PM     0    205980      1.00      1.00  iostat
09:24:25 PM     0    205981      1.00      0.00  pidstat
09:24:25 PM     0    205982      5.00      0.00  bash
09:24:25 PM     0    205983      8.00      0.00  bash
09:24:25 PM     0    205984      4.00      0.00  bash
09:24:25 PM     0    205986     99.00      0.00  fio
09:24:25 PM     0    206077      1.00      0.00  sleep
09:24:25 PM     0    206088      1.00      0.00  sleep
09:24:25 PM     0    206089      1.00      0.00  sleep

09:24:25 PM   UID       PID   cswch/s nvcswch/s  Command
09:24:26 PM     0        17     23.00      0.00  rcu_preempt
09:24:26 PM     0        18      1.00      0.00  migration/0
09:24:26 PM     0        23      1.00      0.00  migration/1
09:24:26 PM     0        24      1.00      0.00  ksoftirqd/1
09:24:26 PM     0        29      1.00      0.00  migration/2
09:24:26 PM     0        35      1.00      0.00  migration/3
09:24:26 PM     0        41      1.00      0.00  migration/4
09:24:26 PM     0        47      1.00      0.00  migration/5
09:24:26 PM     0        48      1.00      0.00  ksoftirqd/5
09:24:26 PM     0        53      1.00      0.00  migration/6
09:24:26 PM     0        59      1.00      0.00  migration/7
09:24:26 PM     0        60      1.00      0.00  ksoftirqd/7
09:24:26 PM     0        65      1.00      0.00  migration/8
09:24:26 PM     0        71      1.00      0.00  migration/9
09:24:26 PM     0        77      1.00      0.00  migration/10
09:24:26 PM     0        83      1.00      0.00  migration/11
09:24:26 PM     0        95      2.00      0.00  kcompactd0
09:24:26 PM     0       453      1.00      0.00  multipathd
09:24:26 PM     0     88840      1.00      0.00  kworker/u24:1-events_power_efficient
09:24:26 PM     0    179405      2.00      0.00  kworker/6:1-events
09:24:26 PM     0    180922      2.00      0.00  kworker/2:0-events
09:24:26 PM     0    186631      4.00      0.00  kworker/3:2-events
09:24:26 PM     0    189255      3.00      0.00  kworker/7:2-events
09:24:26 PM     0    190951      1.00      0.00  kworker/10:0-mm_percpu_wq
09:24:26 PM     0    193064      5.00      0.00  kworker/u24:0-events_power_efficient
09:24:26 PM     0    199074      2.00      0.00  kworker/4:1-events
09:24:26 PM     0    200794      1.00      0.00  kworker/1:1-events
09:24:26 PM     0    205093      2.00      0.00  kworker/5:2-events
09:24:26 PM     0    205980      1.00      0.00  iostat
09:24:26 PM     0    205981      1.00      0.00  pidstat
09:24:26 PM     0    205982      5.00      0.00  bash
09:24:26 PM     0    205983      8.00      0.00  bash
09:24:26 PM     0    205984      4.00      0.00  bash
09:24:26 PM     0    205986     99.00      0.00  fio
09:24:26 PM     0    206092      1.00      0.00  sleep
09:24:26 PM     0    206103      1.00      0.00  sleep
09:24:26 PM     0    206104      1.00      0.00  sleep

09:24:26 PM   UID       PID   cswch/s nvcswch/s  Command
09:24:27 PM     0        17     23.00      0.00  rcu_preempt
09:24:27 PM     0        24      1.00      0.00  ksoftirqd/1
09:24:27 PM     0        36      1.00      0.00  ksoftirqd/3
09:24:27 PM     0        48      1.00      0.00  ksoftirqd/5
09:24:27 PM     0        95      2.00      0.00  kcompactd0
09:24:27 PM     0       453      1.00      0.00  multipathd
09:24:27 PM     0     88840      2.00      0.00  kworker/u24:1-edac-poller
09:24:27 PM     0    179405      1.00      0.00  kworker/6:1-events
09:24:27 PM     0    180922      1.00      0.00  kworker/2:0-events
09:24:27 PM     0    186631      2.00      0.00  kworker/3:2-events
09:24:27 PM     0    190951      1.00      0.00  kworker/10:0-events
09:24:27 PM     0    197671      1.00      0.00  kworker/0:1-events
09:24:27 PM     0    199074      2.00      0.00  kworker/4:1-events
09:24:27 PM     0    200794      1.00      0.00  kworker/1:1-mm_percpu_wq
09:24:27 PM     0    205093      4.00      0.00  kworker/5:2-mm_percpu_wq
09:24:27 PM     0    205980      1.00      0.00  iostat
09:24:27 PM     0    205981      1.00      0.00  pidstat
09:24:27 PM     0    205982      5.00      0.00  bash
09:24:27 PM     0    205983      8.00      0.00  bash
09:24:27 PM     0    205984      4.00      0.00  bash
09:24:27 PM     0    205986     99.00      0.00  fio
09:24:27 PM     0    206107      1.00      0.00  sleep
09:24:27 PM     0    206118      1.00      0.00  sleep
09:24:27 PM     0    206119      1.00      0.00  sleep

09:24:27 PM   UID       PID   cswch/s nvcswch/s  Command
09:24:28 PM     0        16      1.00      0.00  ksoftirqd/0
09:24:28 PM     0        17     19.00      0.00  rcu_preempt
09:24:28 PM     0        36      1.00      0.00  ksoftirqd/3
09:24:28 PM     0        41      1.00      0.00  migration/4
09:24:28 PM     0        48      1.00      0.00  ksoftirqd/5
09:24:28 PM     0        54      1.00      0.00  ksoftirqd/6
09:24:28 PM     0        78      1.00      0.00  ksoftirqd/10
09:24:28 PM     0        95      2.00      0.00  kcompactd0
09:24:28 PM     0       453      1.00      0.00  multipathd
09:24:28 PM     0     88840      1.00      0.00  kworker/u24:1-events_power_efficient
09:24:28 PM     0    179405      2.00      0.00  kworker/6:1-events
09:24:28 PM     0    180922      2.00      0.00  kworker/2:0-events
09:24:28 PM     0    186631      7.00      0.00  kworker/3:2-events
09:24:28 PM     0    186893      1.00      0.00  kworker/11:0-mm_percpu_wq
09:24:28 PM     0    189255      3.00      0.00  kworker/7:2-events
09:24:28 PM     0    189918      2.00      0.00  kworker/9:1-events
09:24:28 PM     0    190951      2.00      0.00  kworker/10:0-events
09:24:28 PM     0    193064      1.00      0.00  kworker/u24:0-events_power_efficient
09:24:28 PM     0    197671      1.00      0.00  kworker/0:1-events
09:24:28 PM     0    199074      2.00      0.00  kworker/4:1-events
09:24:28 PM     0    200794      2.00      0.00  kworker/1:1-events
09:24:28 PM     0    205093      2.00      0.00  kworker/5:2-events
09:24:28 PM     0    205980      1.00      0.00  iostat
09:24:28 PM     0    205981      1.00      0.00  pidstat
09:24:28 PM     0    205982      5.00      0.00  bash
09:24:28 PM     0    205983      8.00      0.00  bash
09:24:28 PM     0    205984      4.00      0.00  bash
09:24:28 PM     0    205986    100.00      0.00  fio
09:24:28 PM     0    206122      1.00      0.00  sleep
09:24:28 PM     0    206133      1.00      0.00  sleep
09:24:28 PM     0    206134      1.00      0.00  sleep

09:24:28 PM   UID       PID   cswch/s nvcswch/s  Command
09:24:29 PM     0        17     19.00      0.00  rcu_preempt
09:24:29 PM     0        36      1.00      0.00  ksoftirqd/3
09:24:29 PM     0        48      2.00      0.00  ksoftirqd/5
09:24:29 PM     0        54      2.00      0.00  ksoftirqd/6
09:24:29 PM     0        95      2.00      0.00  kcompactd0
09:24:29 PM     0       453      1.00      0.00  multipathd
09:24:29 PM     0     88840      1.00      0.00  kworker/u24:1-events_power_efficient
09:24:29 PM     0    179405      3.00      0.00  kworker/6:1-mm_percpu_wq
09:24:29 PM     0    180922      2.00      0.00  kworker/2:0-events
09:24:29 PM     0    186631      4.00      0.00  kworker/3:2-mm_percpu_wq
09:24:29 PM     0    189255      1.00      0.00  kworker/7:2-events
09:24:29 PM     0    189918      1.00      0.00  kworker/9:1-events
09:24:29 PM     0    190951      1.00      0.00  kworker/10:0-mm_percpu_wq
09:24:29 PM     0    193064      3.00      0.00  kworker/u24:0-writeback
09:24:29 PM     0    197671      1.00      0.00  kworker/0:1-mm_percpu_wq
09:24:29 PM     0    199074      4.00      0.00  kworker/4:1-events
09:24:29 PM     0    200794      1.00      0.00  kworker/1:1-mm_percpu_wq
09:24:29 PM     0    205093      2.00      0.00  kworker/5:2-mm_percpu_wq
09:24:29 PM     0    205980      1.00      0.00  iostat
09:24:29 PM     0    205981      1.00      0.00  pidstat
09:24:29 PM     0    205982      5.00      0.00  bash
09:24:29 PM     0    205983      7.00      0.00  bash
09:24:29 PM     0    205984      4.00      0.00  bash
09:24:29 PM     0    205986     99.00      0.00  fio
09:24:29 PM     0    206137      1.00      0.00  sleep
09:24:29 PM     0    206148      1.00      0.00  sleep
09:24:29 PM     0    206149      1.00      0.00  sleep

09:24:29 PM   UID       PID   cswch/s nvcswch/s  Command
09:24:30 PM     0        16      1.00      0.00  ksoftirqd/0
09:24:30 PM     0        17     19.00      0.00  rcu_preempt
09:24:30 PM     0        18      1.00      0.00  migration/0
09:24:30 PM     0        23      1.00      0.00  migration/1
09:24:30 PM     0        29      1.00      0.00  migration/2
09:24:30 PM     0        35      1.00      0.00  migration/3
09:24:30 PM     0        36      1.00      0.00  ksoftirqd/3
09:24:30 PM     0        41      1.00      0.00  migration/4
09:24:30 PM     0        47      1.00      0.00  migration/5
09:24:30 PM     0        53      1.00      0.00  migration/6
09:24:30 PM     0        59      1.00      0.00  migration/7
09:24:30 PM     0        65      1.00      0.00  migration/8
09:24:30 PM     0        71      1.00      0.00  migration/9
09:24:30 PM     0        77      1.00      0.00  migration/10
09:24:30 PM     0        78      1.00      0.00  ksoftirqd/10
09:24:30 PM     0        83      1.00      0.00  migration/11
09:24:30 PM     0        95      2.00      0.00  kcompactd0
09:24:30 PM     0       102      1.00      0.00  irq/9-acpi
09:24:30 PM     0       191      1.00      0.00  kworker/1:1H-kblockd
09:24:30 PM     0       453      1.00      0.00  multipathd
09:24:30 PM     0       562      3.00      0.00  jbd2/nvme1n1p3-8
09:24:30 PM     0    179405      1.00      0.00  kworker/6:1-events
09:24:30 PM     0    180922      1.00      0.00  kworker/2:0-events
09:24:30 PM     0    186631      3.00      0.00  kworker/3:2-events
09:24:30 PM     0    186893      1.00      0.00  kworker/11:0-mm_percpu_wq
09:24:30 PM     0    189255      3.00      0.00  kworker/7:2-events
09:24:30 PM     0    189918      9.00      0.00  kworker/9:1-pm
09:24:30 PM     0    193064      1.00      0.00  kworker/u24:0-edac-poller
09:24:30 PM     0    197671      1.00      0.00  kworker/0:1-kacpi_notify
09:24:30 PM     0    198726      2.00      0.00  kworker/9:0-i915-unordered
09:24:30 PM     0    199074      3.00      0.00  kworker/4:1-events
09:24:30 PM     0    200794      1.00      0.00  kworker/1:1-events
09:24:30 PM     0    205093      4.00      0.00  kworker/5:2-events
09:24:30 PM     0    205980      1.00      0.00  iostat
09:24:30 PM     0    205981      1.00      0.00  pidstat
09:24:30 PM     0    205982      5.00      0.00  bash
09:24:30 PM     0    205983      8.00      0.00  bash
09:24:30 PM     0    205984      4.00      0.00  bash
09:24:30 PM     0    205986     99.00      0.00  fio
09:24:30 PM     0    206152      1.00      0.00  sleep
09:24:30 PM     0    206163      1.00      0.00  sleep
09:24:30 PM     0    206164      1.00      0.00  sleep

09:24:30 PM   UID       PID   cswch/s nvcswch/s  Command
09:24:31 PM     0        17     21.00      0.00  rcu_preempt
09:24:31 PM     0        24      1.00      0.00  ksoftirqd/1
09:24:31 PM     0        36      3.00      0.00  ksoftirqd/3
09:24:31 PM     0        42      1.00      0.00  ksoftirqd/4
09:24:31 PM     0        72      1.00      0.00  ksoftirqd/9
09:24:31 PM     0        95      2.00      0.00  kcompactd0
09:24:31 PM     0       453      1.00      0.00  multipathd
09:24:31 PM     0     88840      1.00      0.00  kworker/u24:1-events_power_efficient
09:24:31 PM     0    179405      1.00      0.00  kworker/6:1-events
09:24:31 PM     0    180922      1.00      0.00  kworker/2:0-events
09:24:31 PM     0    186631      1.00      0.00  kworker/3:2-mm_percpu_wq
09:24:31 PM     0    189255      3.00      0.00  kworker/7:2-mm_percpu_wq
09:24:31 PM     0    189918      1.00      0.00  kworker/9:1-events
09:24:31 PM     0    190951      1.00      0.00  kworker/10:0-events
09:24:31 PM     0    193064      3.00      0.00  kworker/u24:0-events_unbound
09:24:31 PM     0    197671      1.00      0.00  kworker/0:1-mm_percpu_wq
09:24:31 PM     0    199074      5.00      0.00  kworker/4:1-mm_percpu_wq
09:24:31 PM     0    200794      1.00      0.00  kworker/1:1-mm_percpu_wq
09:24:31 PM     0    205093      2.00      0.00  kworker/5:2-mm_percpu_wq
09:24:31 PM     0    205980      1.00      0.00  iostat
09:24:31 PM     0    205981      1.00      0.00  pidstat
09:24:31 PM     0    205982      5.00      0.00  bash
09:24:31 PM     0    205983      8.00      0.00  bash
09:24:31 PM     0    205984      4.00      0.00  bash
09:24:31 PM     0    205986     99.00      0.00  fio
09:24:31 PM     0    206167      1.00      0.00  sleep
09:24:31 PM     0    206178      1.00      0.00  sleep
09:24:31 PM     0    206179      1.00      0.00  sleep

09:24:31 PM   UID       PID   cswch/s nvcswch/s  Command
09:24:32 PM     0        16      1.00      0.00  ksoftirqd/0
09:24:32 PM     0        17     19.00      0.00  rcu_preempt
09:24:32 PM     0        36      1.00      0.00  ksoftirqd/3
09:24:32 PM     0        42      1.00      0.00  ksoftirqd/4
09:24:32 PM     0        60      1.00      0.00  ksoftirqd/7
09:24:32 PM     0        78      1.00      0.00  ksoftirqd/10
09:24:32 PM     0        95      2.00      0.00  kcompactd0
09:24:32 PM     0       453      1.00      0.00  multipathd
09:24:32 PM     0    180922      2.00      0.00  kworker/2:0-events
09:24:32 PM     0    186631      3.00      0.00  kworker/3:2-events
09:24:32 PM     0    186893      1.00      0.00  kworker/11:0-mm_percpu_wq
09:24:32 PM     0    189255      2.00      0.00  kworker/7:2-events
09:24:32 PM     0    189918      2.00      0.00  kworker/9:1-events
09:24:32 PM     0    190951      2.00      0.00  kworker/10:0-events
09:24:32 PM     0    193064      4.00      0.00  kworker/u24:0-edac-poller
09:24:32 PM     0    199074      4.00      0.00  kworker/4:1-events
09:24:32 PM     0    200794      2.00      0.00  kworker/1:1-events
09:24:32 PM     0    205980      1.00      0.00  iostat
09:24:32 PM     0    205981      1.00      0.00  pidstat
09:24:32 PM     0    205982      5.00      0.00  bash
09:24:32 PM     0    205983      8.00      0.00  bash
09:24:32 PM     0    205984      4.00      0.00  bash
09:24:32 PM     0    205986     99.00      0.00  fio
09:24:32 PM     0    206182      1.00      0.00  sleep
09:24:32 PM     0    206193      1.00      0.00  sleep
09:24:32 PM     0    206194      1.00      0.00  sleep

09:24:32 PM   UID       PID   cswch/s nvcswch/s  Command
09:24:33 PM     0        16      1.00      0.00  ksoftirqd/0
09:24:33 PM     0        17     22.00      0.00  rcu_preempt
09:24:33 PM     0        36      1.00      0.00  ksoftirqd/3
09:24:33 PM     0        42      1.00      0.00  ksoftirqd/4
09:24:33 PM     0        78      1.00      0.00  ksoftirqd/10
09:24:33 PM     0        95      2.00      0.00  kcompactd0
09:24:33 PM     0       453      1.00      0.00  multipathd
09:24:33 PM     0     21554      1.00      0.00  packagekitd
09:24:33 PM     0     88840      1.00      0.00  kworker/u24:1-events_power_efficient
09:24:33 PM     0    179405      2.00      0.00  kworker/6:1-events
09:24:33 PM     0    180922      2.00      0.00  kworker/2:0-events
09:24:33 PM     0    186631      4.00      0.00  kworker/3:2-events
09:24:33 PM     0    189255      1.00      0.00  kworker/7:2-mm_percpu_wq
09:24:33 PM     0    190951      4.00      0.00  kworker/10:0-events
09:24:33 PM     0    193064      1.00      0.00  kworker/u24:0-events_unbound
09:24:33 PM     0    197671      1.00      0.00  kworker/0:1-events
09:24:33 PM     0    199074      3.00      0.00  kworker/4:1-mm_percpu_wq
09:24:33 PM     0    200794      1.00      0.00  kworker/1:1-mm_percpu_wq
09:24:33 PM     0    205093      1.00      0.00  kworker/5:2-mm_percpu_wq
09:24:33 PM     0    205980      1.00      0.00  iostat
09:24:33 PM     0    205981      1.00      1.00  pidstat
09:24:33 PM     0    205982      5.00      0.00  bash
09:24:33 PM     0    205983      8.00      0.00  bash
09:24:33 PM     0    205984      4.00      0.00  bash
09:24:33 PM     0    205986     99.00      0.00  fio
09:24:33 PM     0    206197      1.00      0.00  sleep
09:24:33 PM     0    206208      1.00      0.00  sleep
09:24:33 PM     0    206209      1.00      0.00  sleep

09:24:33 PM   UID       PID   cswch/s nvcswch/s  Command
09:24:34 PM     0        16      1.00      0.00  ksoftirqd/0
09:24:34 PM     0        17     19.00      0.00  rcu_preempt
09:24:34 PM     0        18      1.00      0.00  migration/0
09:24:34 PM     0        23      1.00      0.00  migration/1
09:24:34 PM     0        24      1.00      0.00  ksoftirqd/1
09:24:34 PM     0        29      1.00      0.00  migration/2
09:24:34 PM     0        35      1.00      0.00  migration/3
09:24:34 PM     0        41      1.00      0.00  migration/4
09:24:34 PM     0        42      2.00      0.00  ksoftirqd/4
09:24:34 PM     0        47      1.00      0.00  migration/5
09:24:34 PM     0        53      1.00      0.00  migration/6
09:24:34 PM     0        59      1.00      0.00  migration/7
09:24:34 PM     0        65      1.00      0.00  migration/8
09:24:34 PM     0        71      1.00      0.00  migration/9
09:24:34 PM     0        77      1.00      0.00  migration/10
09:24:34 PM     0        83      1.00      0.00  migration/11
09:24:34 PM     0        95      2.00      0.00  kcompactd0
09:24:34 PM     0       453      1.00      0.00  multipathd
09:24:34 PM     0    179405      2.00      0.00  kworker/6:1-events
09:24:34 PM     0    180922      1.00      0.00  kworker/2:0-events
09:24:34 PM     0    186631      3.00      0.00  kworker/3:2-events
09:24:34 PM     0    186893      1.00      0.00  kworker/11:0-mm_percpu_wq
09:24:34 PM     0    189255      1.00      0.00  kworker/7:2-events
09:24:34 PM     0    190951      1.00      0.00  kworker/10:0-mm_percpu_wq
09:24:34 PM     0    193064      1.00      0.00  kworker/u24:0-edac-poller
09:24:34 PM     0    197671      2.00      0.00  kworker/0:1-events
09:24:34 PM     0    199074      4.00      0.00  kworker/4:1-events
09:24:34 PM     0    200794      1.00      0.00  kworker/1:1-events
09:24:34 PM     0    205980      1.00      0.00  iostat
09:24:34 PM     0    205981      1.00      0.00  pidstat
09:24:34 PM     0    205982      5.00      0.00  bash
09:24:34 PM     0    205983      7.00      0.00  bash
09:24:34 PM     0    205984      4.00      0.00  bash
09:24:34 PM     0    205986     99.00      0.00  fio
09:24:34 PM     0    206212      1.00      0.00  sleep
09:24:34 PM     0    206222      1.00      0.00  sleep
09:24:34 PM     0    206224      1.00      0.00  sleep

09:24:34 PM   UID       PID   cswch/s nvcswch/s  Command
09:24:35 PM     0        17     20.00      0.00  rcu_preempt
09:24:35 PM     0        35      1.00      0.00  migration/3
09:24:35 PM     0        42      2.00      0.00  ksoftirqd/4
09:24:35 PM     0        48      1.00      0.00  ksoftirqd/5
09:24:35 PM     0        71      1.00      0.00  migration/9
09:24:35 PM     0        95      2.00      0.00  kcompactd0
09:24:35 PM     0       453      1.00      0.00  multipathd
09:24:35 PM     0       562      3.00      0.00  jbd2/nvme1n1p3-8
09:24:35 PM     0     88840      1.00      0.00  kworker/u24:1-events_power_efficient
09:24:35 PM     0    179405      2.00      0.00  kworker/6:1-events
09:24:35 PM     0    180922      2.00      0.00  kworker/2:0-events
09:24:35 PM     0    186631      1.00      0.00  kworker/3:2-mm_percpu_wq
09:24:35 PM     0    189255      1.00      0.00  kworker/7:2-mm_percpu_wq
09:24:35 PM     0    189918      2.00      0.00  kworker/9:1-events
09:24:35 PM     0    190951      2.00      0.00  kworker/10:0-mm_percpu_wq
09:24:35 PM     0    193064      1.00      0.00  kworker/u24:0-events_unbound
09:24:35 PM     0    197671      1.00      0.00  kworker/0:1-mm_percpu_wq
09:24:35 PM     0    199074      2.00      0.00  kworker/4:1-events
09:24:35 PM     0    200794      2.00      0.00  kworker/1:1-events
09:24:35 PM     0    205093      1.00      0.00  kworker/5:2-mm_percpu_wq
09:24:35 PM     0    205980      1.00      0.00  iostat
09:24:35 PM     0    205981      1.00      0.00  pidstat
09:24:35 PM     0    205982      5.00      0.00  bash
09:24:35 PM     0    205983      6.00      0.00  bash
09:24:35 PM     0    205984      4.00      0.00  bash
09:24:35 PM     0    205986     99.00      0.00  fio
09:24:35 PM     0    206227      1.00      0.00  sleep
09:24:35 PM     0    206238      1.00      0.00  sleep
09:24:35 PM     0    206239      1.00      0.00  sleep

09:24:35 PM   UID       PID   cswch/s nvcswch/s  Command
09:24:36 PM     0        17     19.00      0.00  rcu_preempt
09:24:36 PM     0        36      3.00      0.00  ksoftirqd/3
09:24:36 PM     0        95      2.00      0.00  kcompactd0
09:24:36 PM     0       453      1.00      0.00  multipathd
09:24:36 PM     0    179405      1.00      0.00  kworker/6:1-events
09:24:36 PM     0    180922      3.00      0.00  kworker/2:0-events
09:24:36 PM     0    186631      6.00      0.00  kworker/3:2-events
09:24:36 PM     0    186893      1.00      0.00  kworker/11:0-mm_percpu_wq
09:24:36 PM     0    189255      1.00      0.00  kworker/7:2-events
09:24:36 PM     0    189918      1.00      0.00  kworker/9:1-events
09:24:36 PM     0    190951      1.00      0.00  kworker/10:0-events
09:24:36 PM     0    193064      1.00      0.00  kworker/u24:0-edac-poller
09:24:36 PM     0    199074      2.00      0.00  kworker/4:1-events
09:24:36 PM     0    200794      1.00      0.00  kworker/1:1-events
09:24:36 PM     0    205980      1.00      0.00  iostat
09:24:36 PM     0    205981      1.00      0.00  pidstat
09:24:36 PM     0    205982      5.00      0.00  bash
09:24:36 PM     0    205983      6.00      0.00  bash
09:24:36 PM     0    205984      4.00      0.00  bash
09:24:36 PM     0    205986    100.00      0.00  fio
09:24:36 PM     0    206242      1.00      0.00  sleep
09:24:36 PM     0    206252      1.00      0.00  sleep
09:24:36 PM     0    206254      1.00      0.00  sleep

09:24:36 PM   UID       PID   cswch/s nvcswch/s  Command
09:24:37 PM     0         1      1.00      0.00  systemd
09:24:37 PM     0        17     21.00      0.00  rcu_preempt
09:24:37 PM     0        24      1.00      0.00  ksoftirqd/1
09:24:37 PM     0        36      1.00      0.00  ksoftirqd/3
09:24:37 PM     0        42      1.00      0.00  ksoftirqd/4
09:24:37 PM     0        95      2.00      0.00  kcompactd0
09:24:37 PM     0       172      1.00      0.00  kworker/3:1H-kblockd
09:24:37 PM     0       453      1.00      0.00  multipathd
09:24:37 PM   102       621      1.00      0.00  systemd-resolve
09:24:37 PM     0       643      1.00      0.00  systemd-logind
09:24:37 PM     0     88840      1.00      0.00  kworker/u24:1-events_power_efficient
09:24:37 PM     0    179405      2.00      0.00  kworker/6:1-events
09:24:37 PM     0    180922      2.00      0.00  kworker/2:0-events
09:24:37 PM     0    186631      3.00      0.00  kworker/3:2-events
09:24:37 PM     0    189255      1.00      0.00  kworker/7:2-mm_percpu_wq
09:24:37 PM     0    189918      2.00      0.00  kworker/9:1-events
09:24:37 PM     0    193064      1.00      0.00  kworker/u24:0-events_unbound
09:24:37 PM     0    197671      1.00      0.00  kworker/0:1-events
09:24:37 PM     0    199074      4.00      0.00  kworker/4:1-mm_percpu_wq
09:24:37 PM     0    200794      1.00      0.00  kworker/1:1-mm_percpu_wq
09:24:37 PM     0    205093      2.00      0.00  kworker/5:2-mm_percpu_wq
09:24:37 PM     0    205980      1.00      0.00  iostat
09:24:37 PM     0    205981      1.00      0.00  pidstat
09:24:37 PM     0    205982      5.00      0.00  bash
09:24:37 PM     0    205983      8.00      0.00  bash
09:24:37 PM     0    205984      4.00      0.00  bash
09:24:37 PM     0    205986     99.00      0.00  fio
09:24:37 PM     0    206257      1.00      0.00  sleep
09:24:37 PM     0    206268      1.00      0.00  sleep
09:24:37 PM     0    206269      1.00      0.00  sleep

09:24:37 PM   UID       PID   cswch/s nvcswch/s  Command
09:24:38 PM     0        16      1.00      0.00  ksoftirqd/0
09:24:38 PM     0        17     20.00      0.00  rcu_preempt
09:24:38 PM     0        18      1.00      0.00  migration/0
09:24:38 PM     0        23      1.00      0.00  migration/1
09:24:38 PM     0        29      1.00      0.00  migration/2
09:24:38 PM     0        35      1.00      0.00  migration/3
09:24:38 PM     0        41      1.00      0.00  migration/4
09:24:38 PM     0        47      1.00      0.00  migration/5
09:24:38 PM     0        53      1.00      0.00  migration/6
09:24:38 PM     0        59      1.00      0.00  migration/7
09:24:38 PM     0        65      1.00      0.00  migration/8
09:24:38 PM     0        71      1.00      0.00  migration/9
09:24:38 PM     0        77      1.00      0.00  migration/10
09:24:38 PM     0        83      1.00      0.00  migration/11
09:24:38 PM     0        95      2.00      0.00  kcompactd0
09:24:38 PM     0       453      1.00      0.00  multipathd
09:24:38 PM     0    179405      1.00      0.00  kworker/6:1-events
09:24:38 PM     0    180922      1.00      0.00  kworker/2:0-events
09:24:38 PM     0    186631      1.00      0.00  kworker/3:2-mm_percpu_wq
09:24:38 PM     0    186893      1.00      0.00  kworker/11:0-mm_percpu_wq
09:24:38 PM     0    189255      1.00      0.00  kworker/7:2-events
09:24:38 PM     0    189918      2.00      0.00  kworker/9:1-mm_percpu_wq
09:24:38 PM     0    190951      4.00      0.00  kworker/10:0-events
09:24:38 PM     0    193064      4.00      0.00  kworker/u24:0-edac-poller
09:24:38 PM     0    197671      1.00      0.00  kworker/0:1-events
09:24:38 PM     0    199074      2.00      0.00  kworker/4:1-events
09:24:38 PM     0    200794      1.00      0.00  kworker/1:1-events
09:24:38 PM     0    205093      2.00      0.00  kworker/5:2-events
09:24:38 PM     0    205980      1.00      0.00  iostat
09:24:38 PM     0    205981      1.00      0.00  pidstat
09:24:38 PM     0    205982      5.00      0.00  bash
09:24:38 PM     0    205983      8.00      0.00  bash
09:24:38 PM     0    205984      4.00      0.00  bash
09:24:38 PM     0    205986     99.00      0.00  fio
09:24:38 PM     0    206272      1.00      0.00  sleep
09:24:38 PM     0    206282      1.00      0.00  sleep
09:24:38 PM     0    206284      1.00      0.00  sleep

09:24:38 PM   UID       PID   cswch/s nvcswch/s  Command
09:24:39 PM     0        16      1.00      0.00  ksoftirqd/0
09:24:39 PM     0        17     17.00      0.00  rcu_preempt
09:24:39 PM     0        60      1.00      0.00  ksoftirqd/7
09:24:39 PM     0        71      1.00      0.00  migration/9
09:24:39 PM     0        72      1.00      0.00  ksoftirqd/9
09:24:39 PM     0        95      2.00      0.00  kcompactd0
09:24:39 PM     0       453      1.00      0.00  multipathd
09:24:39 PM     0     88840      1.00      0.00  kworker/u24:1-events_power_efficient
09:24:39 PM     0    179405      2.00      0.00  kworker/6:1-events
09:24:39 PM     0    180922      2.00      0.00  kworker/2:0-events
09:24:39 PM     0    186631      3.00      0.00  kworker/3:2-mm_percpu_wq
09:24:39 PM     0    186893      1.00      0.00  kworker/11:0-mm_percpu_wq
09:24:39 PM     0    189255      1.00      0.00  kworker/7:2-mm_percpu_wq
09:24:39 PM     0    189918      3.00      0.00  kworker/9:1-mm_percpu_wq
09:24:39 PM     0    190951      2.00      0.00  kworker/10:0-events
09:24:39 PM     0    193064      1.00      0.00  kworker/u24:0-events_unbound
09:24:39 PM     0    197671      2.00      0.00  kworker/0:1-mm_percpu_wq
09:24:39 PM     0    199074      1.00      0.00  kworker/4:1-events
09:24:39 PM     0    200794      1.00      0.00  kworker/1:1-mm_percpu_wq
09:24:39 PM     0    205093      3.00      0.00  kworker/5:2-mm_percpu_wq
09:24:39 PM     0    205980      1.00      0.00  iostat
09:24:39 PM     0    205981      1.00      1.00  pidstat
09:24:39 PM     0    205982      5.00      0.00  bash
09:24:39 PM     0    205983      8.00      0.00  bash
09:24:39 PM     0    205984      4.00      0.00  bash
09:24:39 PM     0    205986     99.00      0.00  fio
09:24:39 PM     0    206287      1.00      0.00  sleep
09:24:39 PM     0    206297      1.00      1.00  sleep
09:24:39 PM     0    206299      1.00      0.00  sleep

09:24:39 PM   UID       PID   cswch/s nvcswch/s  Command
09:24:40 PM     0         1      1.00      0.00  systemd
09:24:40 PM     0        17     27.00      0.00  rcu_preempt
09:24:40 PM     0        36      1.00      0.00  ksoftirqd/3
09:24:40 PM     0        41      1.00      0.00  migration/4
09:24:40 PM     0        54      1.00      0.00  ksoftirqd/6
09:24:40 PM     0        60      1.00      0.00  ksoftirqd/7
09:24:40 PM     0        95      2.00      0.00  kcompactd0
09:24:40 PM     0       102      1.00      0.00  irq/9-acpi
09:24:40 PM     0       453      1.00      0.00  multipathd
09:24:40 PM     0       562      3.00      0.00  jbd2/nvme1n1p3-8
09:24:40 PM   101       608      1.00      0.00  systemd-network
09:24:40 PM     0     88840      2.00      0.00  kworker/u24:1-events_power_efficient
09:24:40 PM     0    179405      3.00      0.00  kworker/6:1-events
09:24:40 PM     0    180922      2.00      0.00  kworker/2:0-events
09:24:40 PM     0    186631      3.00      0.00  kworker/3:2-events
09:24:40 PM     0    189255      1.00      0.00  kworker/7:2-events
09:24:40 PM     0    189918   1140.00      1.00  kworker/9:1-events
09:24:40 PM     0    190951      1.00      0.00  kworker/10:0-mm_percpu_wq
09:24:40 PM     0    193064      3.00      0.00  kworker/u24:0-edac-poller
09:24:40 PM     0    197671      2.00      0.00  kworker/0:1-kacpi_notify
09:24:40 PM     0    198726    738.00      0.00  kworker/9:0+i915-unordered
09:24:40 PM     0    199074      3.00      0.00  kworker/4:1-events
09:24:40 PM     0    200794      2.00      0.00  kworker/1:1-events
09:24:40 PM     0    205093      3.00      0.00  kworker/5:2-events
09:24:40 PM     0    205980      2.00      0.00  iostat
09:24:40 PM     0    205981      1.00      0.00  pidstat
09:24:40 PM     0    205982      5.00      0.00  bash
09:24:40 PM     0    205983      8.00      0.00  bash
09:24:40 PM     0    205984      4.00      0.00  bash
09:24:40 PM     0    205986    100.00      0.00  fio
09:24:40 PM     0    206302      1.00      0.00  sleep
09:24:40 PM     0    206313      1.00      0.00  sleep
09:24:40 PM     0    206314      1.00      0.00  sleep

09:24:40 PM   UID       PID   cswch/s nvcswch/s  Command
09:24:41 PM     0        17     21.00      0.00  rcu_preempt
09:24:41 PM     0        18      1.00      0.00  migration/0
09:24:41 PM     0        36      2.00      0.00  ksoftirqd/3
09:24:41 PM     0        42      1.00      0.00  ksoftirqd/4
09:24:41 PM     0        60      1.00      0.00  ksoftirqd/7
09:24:41 PM     0        78      1.00      0.00  ksoftirqd/10
09:24:41 PM     0        95      2.00      0.00  kcompactd0
09:24:41 PM     0       453      1.00      0.00  multipathd
09:24:41 PM     0     88840      2.00      0.00  kworker/u24:1-events_power_efficient
09:24:41 PM     0    180922      3.00      0.00  kworker/2:0-events
09:24:41 PM     0    186631      2.00      0.00  kworker/3:2-mm_percpu_wq
09:24:41 PM     0    186893      1.00      0.00  kworker/11:0-mm_percpu_wq
09:24:41 PM     0    189255      1.00      0.00  kworker/7:2-events
09:24:41 PM     0    190951      3.00      0.00  kworker/10:0-mm_percpu_wq
09:24:41 PM     0    193064      5.00      0.00  kworker/u24:0-events_power_efficient
09:24:41 PM     0    197671      1.00      0.00  kworker/0:1-events
09:24:41 PM     0    198726    396.00      0.00  kworker/9:0-i915-unordered
09:24:41 PM     0    199074      4.00      0.00  kworker/4:1-events
09:24:41 PM     0    200794      2.00      0.00  kworker/1:1-mm_percpu_wq
09:24:41 PM     0    205093      3.00      0.00  kworker/5:2-mm_percpu_wq
09:24:41 PM     0    205980      1.00      0.00  iostat
09:24:41 PM     0    205981      1.00      1.00  pidstat
09:24:41 PM     0    205982      5.00      0.00  bash
09:24:41 PM     0    205983      6.00      0.00  bash
09:24:41 PM     0    205984      4.00      0.00  bash
09:24:41 PM     0    205986     99.00      0.00  fio
09:24:41 PM     0    206317      1.00      0.00  sleep
09:24:41 PM     0    206328      1.00      0.00  sleep
09:24:41 PM     0    206329      1.00      0.00  sleep

09:24:41 PM   UID       PID   cswch/s nvcswch/s  Command
09:24:42 PM     0        16      1.00      0.00  ksoftirqd/0
09:24:42 PM     0        17     20.00      0.00  rcu_preempt
09:24:42 PM     0        18      1.00      0.00  migration/0
09:24:42 PM     0        23      1.00      0.00  migration/1
09:24:42 PM     0        29      1.00      0.00  migration/2
09:24:42 PM     0        35      1.00      0.00  migration/3
09:24:42 PM     0        36      2.00      0.00  ksoftirqd/3
09:24:42 PM     0        41      1.00      0.00  migration/4
09:24:42 PM     0        42      1.00      0.00  ksoftirqd/4
09:24:42 PM     0        47      1.00      0.00  migration/5
09:24:42 PM     0        53      2.00      0.00  migration/6
09:24:42 PM     0        59      1.00      0.00  migration/7
09:24:42 PM     0        65      1.00      0.00  migration/8
09:24:42 PM     0        71      1.00      0.00  migration/9
09:24:42 PM     0        77      1.00      0.00  migration/10
09:24:42 PM     0        83      1.00      0.00  migration/11
09:24:42 PM     0        95      2.00      0.00  kcompactd0
09:24:42 PM     0       453      1.00      0.00  multipathd
09:24:42 PM     0     88840      1.00      0.00  kworker/u24:1-edac-poller
09:24:42 PM     0    179405      1.00      0.00  kworker/6:1-mm_percpu_wq
09:24:42 PM     0    180922      1.00      0.00  kworker/2:0-events
09:24:42 PM     0    182585      1.00      0.00  kworker/8:1-events
09:24:42 PM     0    186631      5.00      0.00  kworker/3:2-events
09:24:42 PM     0    189255      3.00      0.00  kworker/7:2-events
09:24:42 PM     0    197671      1.00      0.00  kworker/0:1-events
09:24:42 PM     0    198726      3.00      0.00  kworker/9:0-events
09:24:42 PM     0    199074      4.00      0.00  kworker/4:1-events
09:24:42 PM     0    200794      1.00      0.00  kworker/1:1-events
09:24:42 PM     0    205980      1.00      0.00  iostat
09:24:42 PM     0    205981      1.00      0.00  pidstat
09:24:42 PM     0    205982      5.00      0.00  bash
09:24:42 PM     0    205983      6.00      0.00  bash
09:24:42 PM     0    205984      4.00      0.00  bash
09:24:42 PM     0    205986     99.00      0.00  fio
09:24:42 PM     0    206332      1.00      0.00  sleep
09:24:42 PM     0    206343      1.00      0.00  sleep
09:24:42 PM     0    206344      1.00      0.00  sleep

09:24:42 PM   UID       PID   cswch/s nvcswch/s  Command
09:24:43 PM     0        17     19.00      0.00  rcu_preempt
09:24:43 PM     0        42      2.00      0.00  ksoftirqd/4
09:24:43 PM     0        48      2.00      0.00  ksoftirqd/5
09:24:43 PM     0        72      1.00      0.00  ksoftirqd/9
09:24:43 PM     0        83      1.00      0.00  migration/11
09:24:43 PM     0        95      2.00      0.00  kcompactd0
09:24:43 PM     0       453      1.00      0.00  multipathd
09:24:43 PM     0     21554      1.00      0.00  packagekitd
09:24:43 PM     0     88840      1.00      0.00  kworker/u24:1-edac-poller
09:24:43 PM     0    180922      1.00      0.00  kworker/2:0-events
09:24:43 PM     0    186631      1.00      0.00  kworker/3:2-mm_percpu_wq
09:24:43 PM     0    186893      1.00      0.00  kworker/11:0-mm_percpu_wq
09:24:43 PM     0    189255      1.00      0.00  kworker/7:2-mm_percpu_wq
09:24:43 PM     0    190951      2.00      0.00  kworker/10:0-mm_percpu_wq
09:24:43 PM     0    197671      1.00      0.00  kworker/0:1-mm_percpu_wq
09:24:43 PM     0    198726      1.00      0.00  kworker/9:0-events
09:24:43 PM     0    199074      2.00      0.00  kworker/4:1-events
09:24:43 PM     0    200794      1.00      0.00  kworker/1:1-events
09:24:43 PM     0    205093      2.00      0.00  kworker/5:2-mm_percpu_wq
09:24:43 PM     0    205980      1.00      0.00  iostat
09:24:43 PM     0    205981      1.00      1.00  pidstat
09:24:43 PM     0    205982      5.00      0.00  bash
09:24:43 PM     0    205983      7.00      0.00  bash
09:24:43 PM     0    205984      4.00      0.00  bash
09:24:43 PM     0    205986     99.00      0.00  fio
09:24:43 PM     0    206347      1.00      0.00  sleep
09:24:43 PM     0    206357      1.00      0.00  sleep
09:24:43 PM     0    206359      1.00      0.00  sleep

09:24:43 PM   UID       PID   cswch/s nvcswch/s  Command
09:24:44 PM     0        16      1.00      0.00  ksoftirqd/0
09:24:44 PM     0        17     19.00      0.00  rcu_preempt
09:24:44 PM     0        41      1.00      0.00  migration/4
09:24:44 PM     0        60      1.00      0.00  ksoftirqd/7
09:24:44 PM     0        77      1.00      0.00  migration/10
09:24:44 PM     0        78      2.00      0.00  ksoftirqd/10
09:24:44 PM     0        95      2.00      0.00  kcompactd0
09:24:44 PM     0       191      1.00      0.00  kworker/1:1H-kblockd
09:24:44 PM     0       453      1.00      0.00  multipathd
09:24:44 PM     0     88840      5.00      0.00  kworker/u24:1-edac-poller
09:24:44 PM     0    179405      1.00      0.00  kworker/6:1-mm_percpu_wq
09:24:44 PM     0    180922      2.00      0.00  kworker/2:0-events
09:24:44 PM     0    186631      2.00      0.00  kworker/3:2-events
09:24:44 PM     0    189255      2.00      0.00  kworker/7:2-events
09:24:44 PM     0    190951      3.00      0.00  kworker/10:0-events
09:24:44 PM     0    197671      2.00      0.00  kworker/0:1-events
09:24:44 PM     0    198726      1.00      0.00  kworker/9:0-mm_percpu_wq
09:24:44 PM     0    199074      2.00      0.00  kworker/4:1-events
09:24:44 PM     0    200794      2.00      0.00  kworker/1:1-events
09:24:44 PM     0    205093      1.00      0.00  kworker/5:2-events
09:24:44 PM     0    205980      1.00      0.00  iostat
09:24:44 PM     0    205981      1.00      0.00  pidstat
09:24:44 PM     0    205982      5.00      0.00  bash
09:24:44 PM     0    205983      8.00      0.00  bash
09:24:44 PM     0    205984      4.00      0.00  bash
09:24:44 PM     0    205986     99.00      0.00  fio
09:24:44 PM     0    206362      1.00      0.00  sleep
09:24:44 PM     0    206373      1.00      0.00  sleep
09:24:44 PM     0    206374      1.00      0.00  sleep

09:24:44 PM   UID       PID   cswch/s nvcswch/s  Command
09:24:45 PM     0        17     25.00      0.00  rcu_preempt
09:24:45 PM     0        42      1.00      0.00  ksoftirqd/4
09:24:45 PM     0        78      1.00      0.00  ksoftirqd/10
09:24:45 PM     0        95      2.00      0.00  kcompactd0
09:24:45 PM     0       453      1.00      0.00  multipathd
09:24:45 PM     0       562      3.00      0.00  jbd2/nvme1n1p3-8
09:24:45 PM     0     88840      1.00      0.00  kworker/u24:1-events_power_efficient
09:24:45 PM     0    180922      3.00      0.00  kworker/2:0-events
09:24:45 PM     0    182585      1.00      0.00  kworker/8:1-mm_percpu_wq
09:24:45 PM     0    186631      1.00      0.00  kworker/3:2-mm_percpu_wq
09:24:45 PM     0    186893      3.00      0.00  kworker/11:0-mm_percpu_wq
09:24:45 PM     0    190951      4.00      0.00  kworker/10:0-mm_percpu_wq
09:24:45 PM     0    193064      1.00      0.00  kworker/u24:0-events_power_efficient
09:24:45 PM     0    197671      1.00      0.00  kworker/0:1-events
09:24:45 PM     0    199074      4.00      0.00  kworker/4:1-mm_percpu_wq
09:24:45 PM     0    205093      5.00      0.00  kworker/5:2-mm_percpu_wq
09:24:45 PM     0    205980      1.00      0.00  iostat
09:24:45 PM     0    205981      1.00      1.00  pidstat
09:24:45 PM     0    205982      5.00      0.00  bash
09:24:45 PM     0    205983      6.00      0.00  bash
09:24:45 PM     0    205984      4.00      0.00  bash
09:24:45 PM     0    205986     99.00      0.00  fio
09:24:45 PM     0    206377      1.00      0.00  sleep
09:24:45 PM     0    206387      1.00      0.00  sleep
09:24:45 PM     0    206389      1.00      0.00  sleep

09:24:45 PM   UID       PID   cswch/s nvcswch/s  Command
09:24:46 PM     0        17     22.00      0.00  rcu_preempt
09:24:46 PM     0        18      1.00      0.00  migration/0
09:24:46 PM     0        23      1.00      0.00  migration/1
09:24:46 PM     0        29      1.00      0.00  migration/2
09:24:46 PM     0        35      1.00      0.00  migration/3
09:24:46 PM     0        36      2.00      0.00  ksoftirqd/3
09:24:46 PM     0        41      1.00      0.00  migration/4
09:24:46 PM     0        47      1.00      0.00  migration/5
09:24:46 PM     0        48      1.00      0.00  ksoftirqd/5
09:24:46 PM     0        53      1.00      0.00  migration/6
09:24:46 PM     0        59      1.00      0.00  migration/7
09:24:46 PM     0        65      1.00      0.00  migration/8
09:24:46 PM     0        71      2.00      0.00  migration/9
09:24:46 PM     0        77      1.00      0.00  migration/10
09:24:46 PM     0        83      1.00      0.00  migration/11
09:24:46 PM     0        95      2.00      0.00  kcompactd0
09:24:46 PM     0       453      1.00      0.00  multipathd
09:24:46 PM   101       608      2.00      0.00  systemd-network
09:24:46 PM     0     88840      1.00      0.00  kworker/u24:1-events_power_efficient
09:24:46 PM     0    179405      1.00      0.00  kworker/6:1-mm_percpu_wq
09:24:46 PM     0    180922      2.00      0.00  kworker/2:0-events
09:24:46 PM     0    186631      4.00      0.00  kworker/3:2-events
09:24:46 PM     0    186893      1.00      0.00  kworker/11:0-events
09:24:46 PM     0    189255      2.00      0.00  kworker/7:2-events
09:24:46 PM     0    190951      1.00      0.00  kworker/10:0-events
09:24:46 PM     0    193064      1.00      0.00  kworker/u24:0-events_unbound
09:24:46 PM     0    197671      2.00      0.00  kworker/0:1-events
09:24:46 PM     0    198726      1.00      0.00  kworker/9:0-mm_percpu_wq
09:24:46 PM     0    199074      2.00      0.00  kworker/4:1-events
09:24:46 PM     0    200794      2.00      0.00  kworker/1:1-events
09:24:46 PM     0    205093      2.00      0.00  kworker/5:2-events
09:24:46 PM     0    205980      1.00      0.00  iostat
09:24:46 PM     0    205981      1.00      0.00  pidstat
09:24:46 PM     0    205982      5.00      0.00  bash
09:24:46 PM     0    205983      6.00      0.00  bash
09:24:46 PM     0    205984      4.00      0.00  bash
09:24:46 PM     0    205986     99.00      0.00  fio
09:24:46 PM     0    206392      1.00      0.00  sleep
09:24:46 PM     0    206402      1.00      0.00  sleep
09:24:46 PM     0    206404      1.00      0.00  sleep

09:24:46 PM   UID       PID   cswch/s nvcswch/s  Command
09:24:47 PM     0        17     17.00      0.00  rcu_preempt
09:24:47 PM     0        36      1.00      0.00  ksoftirqd/3
09:24:47 PM     0        42      1.00      0.00  ksoftirqd/4
09:24:47 PM     0        60      1.00      0.00  ksoftirqd/7
09:24:47 PM     0        95      2.00      0.00  kcompactd0
09:24:47 PM     0       453      1.00      0.00  multipathd
09:24:47 PM     0    179405      1.00      0.00  kworker/6:1-mm_percpu_wq
09:24:47 PM     0    180922      1.00      0.00  kworker/2:0-events
09:24:47 PM     0    186631      3.00      0.00  kworker/3:2-mm_percpu_wq
09:24:47 PM     0    186893      1.00      0.00  kworker/11:0-mm_percpu_wq
09:24:47 PM     0    189255      3.00      0.00  kworker/7:2-mm_percpu_wq
09:24:47 PM     0    190951      2.00      0.00  kworker/10:0-events
09:24:47 PM     0    193064      1.00      0.00  kworker/u24:0-edac-poller
09:24:47 PM     0    197671      2.00      0.00  kworker/0:1-mm_percpu_wq
09:24:47 PM     0    198726      1.00      0.00  kworker/9:0-mm_percpu_wq
09:24:47 PM     0    199074      4.00      0.00  kworker/4:1-mm_percpu_wq
09:24:47 PM     0    200794      1.00      0.00  kworker/1:1-mm_percpu_wq
09:24:47 PM     0    205093      2.00      0.00  kworker/5:2-mm_percpu_wq
09:24:47 PM     0    205980      1.00      0.00  iostat
09:24:47 PM     0    205981      1.00      1.00  pidstat
09:24:47 PM     0    205982      5.00      0.00  bash
09:24:47 PM     0    205983      8.00      0.00  bash
09:24:47 PM     0    205984      4.00      0.00  bash
09:24:47 PM     0    205986     99.00      0.00  fio
09:24:47 PM     0    206407      1.00      0.00  sleep
09:24:47 PM     0    206418      1.00      0.00  sleep
09:24:47 PM     0    206419      1.00      0.00  sleep

09:24:47 PM   UID       PID   cswch/s nvcswch/s  Command
09:24:48 PM     0         1      2.00      0.00  systemd
09:24:48 PM     0        17     20.00      0.00  rcu_preempt
09:24:48 PM     0        60      1.00      0.00  ksoftirqd/7
09:24:48 PM     0        95      2.00      0.00  kcompactd0
09:24:48 PM     0       453      1.00      0.00  multipathd
09:24:48 PM   103       632      2.00      0.00  dbus-daemon
09:24:48 PM     0       640      3.00      0.00  smartd
09:24:48 PM     0       643      2.00      0.00  systemd-logind
09:24:48 PM     0     88840      1.00      0.00  kworker/u24:1-events_power_efficient
09:24:48 PM     0    179405      1.00      0.00  kworker/6:1-mm_percpu_wq
09:24:48 PM     0    180922      2.00      0.00  kworker/2:0-events
09:24:48 PM     0    182585      1.00      0.00  kworker/8:1-mm_percpu_wq
09:24:48 PM     0    186631      2.00      0.00  kworker/3:2-events
09:24:48 PM     0    189255      3.00      0.00  kworker/7:2-events
09:24:48 PM     0    190951      2.00      0.00  kworker/10:0-events
09:24:48 PM     0    193064      1.00      0.00  kworker/u24:0-events_unbound
09:24:48 PM     0    197671      1.00      0.00  kworker/0:1-events
09:24:48 PM     0    198726      2.00      0.00  kworker/9:0-mm_percpu_wq
09:24:48 PM     0    199074      3.00      0.00  kworker/4:1-events
09:24:48 PM     0    200794      2.00      0.00  kworker/1:1-events
09:24:48 PM     0    205093      1.00      0.00  kworker/5:2-mm_percpu_wq
09:24:48 PM     0    205980      1.00      0.00  iostat
09:24:48 PM     0    205981      1.00      0.00  pidstat
09:24:48 PM     0    205982      5.00      0.00  bash
09:24:48 PM     0    205983      8.00      0.00  bash
09:24:48 PM     0    205984      4.00      0.00  bash
09:24:48 PM     0    205986     99.00      0.00  fio
09:24:48 PM     0    206422      1.00      0.00  sleep
09:24:48 PM     0    206432      1.00      0.00  sleep
09:24:48 PM     0    206434      1.00      0.00  sleep

09:24:48 PM   UID       PID   cswch/s nvcswch/s  Command
09:24:49 PM     0        17     19.00      0.00  rcu_preempt
09:24:49 PM     0        48      1.00      0.00  ksoftirqd/5
09:24:49 PM     0        71      1.00      0.00  migration/9
09:24:49 PM     0        72      1.00      0.00  ksoftirqd/9
09:24:49 PM     0        78      1.00      0.00  ksoftirqd/10
09:24:49 PM     0        95      2.00      0.00  kcompactd0
09:24:49 PM     0       453      1.00      0.00  multipathd
09:24:49 PM     0    179405      1.00      0.00  kworker/6:1-mm_percpu_wq
09:24:49 PM     0    180922      2.00      0.00  kworker/2:0-events
09:24:49 PM     0    186631      2.00      0.00  kworker/3:2-mm_percpu_wq
09:24:49 PM     0    186893      1.00      0.00  kworker/11:0-mm_percpu_wq
09:24:49 PM     0    189255      2.00      0.00  kworker/7:2-xfs-sync/nvme0n1p2
09:24:49 PM     0    190951      4.00      0.00  kworker/10:0-events
09:24:49 PM     0    193064      4.00      0.00  kworker/u24:0-edac-poller
09:24:49 PM     0    197671      2.00      0.00  kworker/0:1-events
09:24:49 PM     0    198726      1.00      0.00  kworker/9:0-mm_percpu_wq
09:24:49 PM     0    199074      2.00      0.00  kworker/4:1-events
09:24:49 PM     0    200794      1.00      0.00  kworker/1:1-mm_percpu_wq
09:24:49 PM     0    205093      1.00      0.00  kworker/5:2-mm_percpu_wq
09:24:49 PM     0    205980      1.00      0.00  iostat
09:24:49 PM     0    205981      1.00      0.00  pidstat
09:24:49 PM     0    205982      5.00      0.00  bash
09:24:49 PM     0    205983      8.00      0.00  bash
09:24:49 PM     0    205984      4.00      0.00  bash
09:24:49 PM     0    205986    100.00      0.00  fio
09:24:49 PM     0    206437      1.00      0.00  sleep
09:24:49 PM     0    206448      1.00      0.00  sleep
09:24:49 PM     0    206449      1.00      0.00  sleep

09:24:49 PM   UID       PID   cswch/s nvcswch/s  Command
09:24:50 PM     0        17     21.00      0.00  rcu_preempt
09:24:50 PM     0        18      1.00      0.00  migration/0
09:24:50 PM     0        23      1.00      0.00  migration/1
09:24:50 PM     0        29      1.00      0.00  migration/2
09:24:50 PM     0        35      1.00      0.00  migration/3
09:24:50 PM     0        36      1.00      0.00  ksoftirqd/3
09:24:50 PM     0        41      2.00      0.00  migration/4
09:24:50 PM     0        42      2.00      0.00  ksoftirqd/4
09:24:50 PM     0        47      1.00      0.00  migration/5
09:24:50 PM     0        53      1.00      0.00  migration/6
09:24:50 PM     0        59      1.00      0.00  migration/7
09:24:50 PM     0        65      1.00      0.00  migration/8
09:24:50 PM     0        71      1.00      0.00  migration/9
09:24:50 PM     0        77      1.00      0.00  migration/10
09:24:50 PM     0        83      1.00      0.00  migration/11
09:24:50 PM     0        95      2.00      0.00  kcompactd0
09:24:50 PM     0       453      1.00      0.00  multipathd
09:24:50 PM     0       562      3.00      0.00  jbd2/nvme1n1p3-8
09:24:50 PM     0     88840      1.00      0.00  kworker/u24:1-events_power_efficient
09:24:50 PM     0    179405      1.00      0.00  kworker/6:1-mm_percpu_wq
09:24:50 PM     0    180922      2.00      0.00  kworker/2:0-events
09:24:50 PM     0    186631      5.00      0.00  kworker/3:2-events
09:24:50 PM     0    189255      2.00      0.00  kworker/7:2-events
09:24:50 PM     0    190951      2.00      0.00  kworker/10:0-events
09:24:50 PM     0    193064      1.00      0.00  kworker/u24:0-events_unbound
09:24:50 PM     0    197671      2.00      0.00  kworker/0:1-events
09:24:50 PM     0    198726      2.00      0.00  kworker/9:0-events
09:24:50 PM     0    199074      3.00      0.00  kworker/4:1-events
09:24:50 PM     0    200794      2.00      0.00  kworker/1:1-events
09:24:50 PM     0    205093      3.00      0.00  kworker/5:2-events
09:24:50 PM     0    205980      1.00      0.00  iostat
09:24:50 PM     0    205981      1.00      0.00  pidstat
09:24:50 PM     0    205982      5.00      0.00  bash
09:24:50 PM     0    205983      8.00      0.00  bash
09:24:50 PM     0    205984      4.00      0.00  bash
09:24:50 PM     0    205986     99.00      0.00  fio
09:24:50 PM     0    206452      1.00      0.00  sleep
09:24:50 PM     0    206463      1.00      0.00  sleep
09:24:50 PM     0    206464      1.00      0.00  sleep

09:24:50 PM   UID       PID   cswch/s nvcswch/s  Command
09:24:51 PM     0        17     20.00      0.00  rcu_preempt
09:24:51 PM     0        60      1.00      0.00  ksoftirqd/7
09:24:51 PM     0        95      2.00      0.00  kcompactd0
09:24:51 PM     0       453      1.00      0.00  multipathd
09:24:51 PM     0    179405      1.00      0.00  kworker/6:1-mm_percpu_wq
09:24:51 PM     0    180922      2.00      0.00  kworker/2:0-events
09:24:51 PM     0    186631      3.00      0.00  kworker/3:2-mm_percpu_wq
09:24:51 PM     0    186893      1.00      0.00  kworker/11:0-mm_percpu_wq
09:24:51 PM     0    189255      3.00      0.00  kworker/7:2-events
09:24:51 PM     0    190951      1.00      0.00  kworker/10:0-mm_percpu_wq
09:24:51 PM     0    193064      3.00      0.00  kworker/u24:0-edac-poller
09:24:51 PM     0    197671      1.00      0.00  kworker/0:1-events
09:24:51 PM     0    198726      2.00      0.00  kworker/9:0-mm_percpu_wq
09:24:51 PM     0    199074      5.00      0.00  kworker/4:1-events
09:24:51 PM     0    200794      1.00      0.00  kworker/1:1-mm_percpu_wq
09:24:51 PM     0    205093      2.00      0.00  kworker/5:2-mm_percpu_wq
09:24:51 PM     0    205980      1.00      0.00  iostat
09:24:51 PM     0    205981      1.00      0.00  pidstat
09:24:51 PM     0    205982      5.00      0.00  bash
09:24:51 PM     0    205983      8.00      0.00  bash
09:24:51 PM     0    205984      4.00      0.00  bash
09:24:51 PM     0    205986     99.00      0.00  fio
09:24:51 PM     0    206467      1.00      0.00  sleep
09:24:51 PM     0    206477      1.00      0.00  sleep
09:24:51 PM     0    206479      1.00      0.00  sleep

09:24:51 PM   UID       PID   cswch/s nvcswch/s  Command
09:24:52 PM     0        16      1.00      0.00  ksoftirqd/0
09:24:52 PM     0        17     25.00      0.00  rcu_preempt
09:24:52 PM     0        84      1.00      0.00  ksoftirqd/11
09:24:52 PM     0        95      2.00      0.00  kcompactd0
09:24:52 PM     0       172      1.00      0.00  kworker/3:1H-kblockd
09:24:52 PM     0       453      1.00      0.00  multipathd
09:24:52 PM     0     88840      1.00      0.00  kworker/u24:1-events_power_efficient
09:24:52 PM     0    179405      3.00      0.00  kworker/6:1-events
09:24:52 PM     0    180922      2.00      0.00  kworker/2:0-events
09:24:52 PM     0    186631      4.00      0.00  kworker/3:2-events
09:24:52 PM     0    186893      2.00      0.00  kworker/11:0-mm_percpu_wq
09:24:52 PM     0    189255      5.00      0.00  kworker/7:2-events
09:24:52 PM     0    190951      1.00      0.00  kworker/10:0-mm_percpu_wq
09:24:52 PM     0    193064      1.00      0.00  kworker/u24:0-events_unbound
09:24:52 PM     0    197671      4.00      0.00  kworker/0:1-events
09:24:52 PM     0    198726      1.00      0.00  kworker/9:0-mm_percpu_wq
09:24:52 PM     0    199074      4.00      0.00  kworker/4:1-events
09:24:52 PM     0    200794      2.00      0.00  kworker/1:1-events
09:24:52 PM     0    205093      1.00      0.00  kworker/5:2-mm_percpu_wq
09:24:52 PM     0    205980      1.00      0.00  iostat
09:24:52 PM     0    205981      1.00      0.00  pidstat
09:24:52 PM     0    205982      5.00      0.00  bash
09:24:52 PM     0    205983      8.00      0.00  bash
09:24:52 PM     0    205984      4.00      0.00  bash
09:24:52 PM     0    205986     99.00      0.00  fio
09:24:52 PM     0    206482      1.00      0.00  sleep
09:24:52 PM     0    206493      1.00      0.00  sleep
09:24:52 PM     0    206494      1.00      0.00  sleep

09:24:52 PM   UID       PID   cswch/s nvcswch/s  Command
09:24:53 PM     0         2      1.00      0.00  kthreadd
09:24:53 PM     0        17     21.00      0.00  rcu_preempt
09:24:53 PM     0        23      2.00      0.00  migration/1
09:24:53 PM     0        35      1.00      0.00  migration/3
09:24:53 PM     0        36      1.00      0.00  ksoftirqd/3
09:24:53 PM     0        41      1.00      0.00  migration/4
09:24:53 PM     0        95      1.00      0.00  kcompactd0
09:24:53 PM     0       102      1.00      0.00  irq/9-acpi
09:24:53 PM     0       453      1.00      0.00  multipathd
09:24:53 PM     0     21554      1.00      0.00  packagekitd
09:24:53 PM     0    179405      1.00      0.00  kworker/6:1-mm_percpu_wq
09:24:53 PM     0    180922      2.00      0.00  kworker/2:0-events
09:24:53 PM     0    185621      2.00      0.00  kworker/1:0-i915-unordered
09:24:53 PM     0    186631      2.00      0.00  kworker/3:2-mm_percpu_wq
09:24:53 PM     0    186893      2.00      0.00  kworker/11:0-mm_percpu_wq
09:24:53 PM     0    189255      2.00      0.00  kworker/7:2-events
09:24:53 PM     0    190951      2.00      0.00  kworker/10:0-events
09:24:53 PM     0    193064      1.00      0.00  kworker/u24:0-edac-poller
09:24:53 PM     0    197671      2.00      0.00  kworker/0:1-kacpi_notify
09:24:53 PM     0    198726      1.00      0.00  kworker/9:0-mm_percpu_wq
09:24:53 PM     0    199074      5.00      0.00  kworker/4:1-events
09:24:53 PM     0    200794      7.00      0.00  kworker/1:1-pm
09:24:53 PM     0    205093      1.00      0.00  kworker/5:2-mm_percpu_wq
09:24:53 PM     0    205980      1.00      0.00  iostat
09:24:53 PM     0    205981      1.00      0.00  pidstat
09:24:53 PM     0    205982      5.00      0.00  bash
09:24:53 PM     0    205983      7.00      0.00  bash
09:24:53 PM     0    205984      4.00      0.00  bash
09:24:53 PM     0    205986     99.00      0.00  fio
09:24:53 PM     0    206497      1.00      0.00  sleep
09:24:53 PM     0    206507      1.00      1.00  sleep
09:24:53 PM     0    206509      1.00      0.00  sleep
09:24:53 PM     0    206510      2.00      0.00  kworker/1:2

09:24:53 PM   UID       PID   cswch/s nvcswch/s  Command
09:24:54 PM     0        16      3.00      0.00  ksoftirqd/0
09:24:54 PM     0        17     20.00      0.00  rcu_preempt
09:24:54 PM     0        18      1.00      0.00  migration/0
09:24:54 PM     0        23      1.00      0.00  migration/1
09:24:54 PM     0        29      1.00      0.00  migration/2
09:24:54 PM     0        35      1.00      0.00  migration/3
09:24:54 PM     0        41      2.00      0.00  migration/4
09:24:54 PM     0        42      1.00      0.00  ksoftirqd/4
09:24:54 PM     0        47      1.00      0.00  migration/5
09:24:54 PM     0        48      1.00      0.00  ksoftirqd/5
09:24:54 PM     0        53      1.00      0.00  migration/6
09:24:54 PM     0        59      1.00      0.00  migration/7
09:24:54 PM     0        60      1.00      0.00  ksoftirqd/7
09:24:54 PM     0        65      1.00      0.00  migration/8
09:24:54 PM     0        71      1.00      0.00  migration/9
09:24:54 PM     0        77      1.00      0.00  migration/10
09:24:54 PM     0        83      1.00      0.00  migration/11
09:24:54 PM     0        95      2.00      0.00  kcompactd0
09:24:54 PM     0       191      1.00      0.00  kworker/1:1H-kblockd
09:24:54 PM     0       453      1.00      0.00  multipathd
09:24:54 PM     0    179405      1.00      0.00  kworker/6:1-mm_percpu_wq
09:24:54 PM     0    180922      1.00      0.00  kworker/2:0-events
09:24:54 PM     0    186631      4.00      0.00  kworker/3:2-events
09:24:54 PM     0    186893      3.00      0.00  kworker/11:0-events
09:24:54 PM     0    189255      2.00      0.00  kworker/7:2-events
09:24:54 PM     0    190951      3.00      0.00  kworker/10:0-events
09:24:54 PM     0    193064      3.00      0.00  kworker/u24:0-writeback
09:24:54 PM     0    197671      2.00      0.00  kworker/0:1-events
09:24:54 PM     0    198726      1.00      0.00  kworker/9:0-mm_percpu_wq
09:24:54 PM     0    199074      4.00      0.00  kworker/4:1-events
09:24:54 PM     0    200794      2.00      0.00  kworker/1:1-events
09:24:54 PM     0    205093      1.00      0.00  kworker/5:2-mm_percpu_wq
09:24:54 PM     0    205980      1.00      0.00  iostat
09:24:54 PM     0    205981      1.00      0.00  pidstat
09:24:54 PM     0    205982      5.00      0.00  bash
09:24:54 PM     0    205983      6.00      0.00  bash
09:24:54 PM     0    205984      4.00      0.00  bash
09:24:54 PM     0    205986     99.00      0.00  fio
09:24:54 PM     0    206513      1.00      0.00  sleep
09:24:54 PM     0    206523      1.00      0.00  sleep
09:24:54 PM     0    206525      1.00      0.00  sleep

09:24:54 PM   UID       PID   cswch/s nvcswch/s  Command
09:24:55 PM     0        17     18.00      0.00  rcu_preempt
09:24:55 PM     0        23      1.00      0.00  migration/1
09:24:55 PM     0        47      1.00      0.00  migration/5
09:24:55 PM     0        53      1.00      0.00  migration/6
09:24:55 PM     0        60      1.00      0.00  ksoftirqd/7
09:24:55 PM     0        77      2.00      0.00  migration/10
09:24:55 PM     0        78      1.00      0.00  ksoftirqd/10
09:24:55 PM     0        95      2.00      0.00  kcompactd0
09:24:55 PM     0       453      1.00      0.00  multipathd
09:24:55 PM     0       562      3.00      0.00  jbd2/nvme1n1p3-8
09:24:55 PM     0     88840      1.00      0.00  kworker/u24:1-events_power_efficient
09:24:55 PM     0    179405      2.00      0.00  kworker/6:1-events
09:24:55 PM     0    180922      2.00      0.00  kworker/2:0-events
09:24:55 PM     0    186631      2.00      0.00  kworker/3:2-events
09:24:55 PM     0    186893      1.00      0.00  kworker/11:0-mm_percpu_wq
09:24:55 PM     0    189255      1.00      0.00  kworker/7:2-mm_percpu_wq
09:24:55 PM     0    190951      2.00      0.00  kworker/10:0-events
09:24:55 PM     0    193064      1.00      0.00  kworker/u24:0-events_unbound
09:24:55 PM     0    197671      1.00      0.00  kworker/0:1-events
09:24:55 PM     0    198726      1.00      0.00  kworker/9:0-mm_percpu_wq
09:24:55 PM     0    199074      5.00      0.00  kworker/4:1-events
09:24:55 PM     0    200794      2.00      0.00  kworker/1:1-events
09:24:55 PM     0    205093      2.00      0.00  kworker/5:2-events
09:24:55 PM     0    205980      1.00      0.00  iostat
09:24:55 PM     0    205981      1.00      0.00  pidstat
09:24:55 PM     0    205982      5.00      0.00  bash
09:24:55 PM     0    205983      7.00      0.00  bash
09:24:55 PM     0    205984      4.00      0.00  bash
09:24:55 PM     0    205986     99.00      0.00  fio
09:24:55 PM     0    206528      1.00      0.00  sleep
09:24:55 PM     0    206538      1.00      0.00  sleep
09:24:55 PM     0    206540      1.00      0.00  sleep

09:24:55 PM   UID       PID   cswch/s nvcswch/s  Command
09:24:56 PM     0        17     19.00      0.00  rcu_preempt
09:24:56 PM     0        24      2.00      0.00  ksoftirqd/1
09:24:56 PM     0        47      1.00      0.00  migration/5
09:24:56 PM     0        48      2.00      0.00  ksoftirqd/5
09:24:56 PM     0        78      2.00      0.00  ksoftirqd/10
09:24:56 PM     0        95      2.00      0.00  kcompactd0
09:24:56 PM     0       453      1.00      0.00  multipathd
09:24:56 PM     0    179405      2.00      0.00  kworker/6:1-events
09:24:56 PM     0    180922      3.00      0.00  kworker/2:0-events
09:24:56 PM     0    186631      2.00      0.00  kworker/3:2-events
09:24:56 PM     0    186893      1.00      0.00  kworker/11:0-mm_percpu_wq
09:24:56 PM     0    189255      3.00      0.00  kworker/7:2-events
09:24:56 PM     0    190951      5.00      0.00  kworker/10:0-events
09:24:56 PM     0    193064      1.00      0.00  kworker/u24:0-edac-poller
09:24:56 PM     0    197671      1.00      0.00  kworker/0:1-mm_percpu_wq
09:24:56 PM     0    198726      3.00      0.00  kworker/9:0-mm_percpu_wq
09:24:56 PM     0    199074      2.00      0.00  kworker/4:1-events
09:24:56 PM     0    200794      2.00      0.00  kworker/1:1-events
09:24:56 PM     0    205093      4.00      0.00  kworker/5:2-events
09:24:56 PM     0    205980      1.00      0.00  iostat
09:24:56 PM     0    205981      1.00      0.00  pidstat
09:24:56 PM     0    205982      5.00      0.00  bash
09:24:56 PM     0    205983      8.00      0.00  bash
09:24:56 PM     0    205984      4.00      0.00  bash
09:24:56 PM     0    205986     99.00      0.00  fio
09:24:56 PM     0    206543      1.00      0.00  sleep
09:24:56 PM     0    206553      1.00      0.00  sleep
09:24:56 PM     0    206555      1.00      0.00  sleep

09:24:56 PM   UID       PID   cswch/s nvcswch/s  Command
09:24:57 PM     0        17     18.00      0.00  rcu_preempt
09:24:57 PM     0        18      1.00      0.00  migration/0
09:24:57 PM     0        36      1.00      0.00  ksoftirqd/3
09:24:57 PM     0        42      1.00      0.00  ksoftirqd/4
09:24:57 PM     0        48      2.00      0.00  ksoftirqd/5
09:24:57 PM     0        54      1.00      0.00  ksoftirqd/6
09:24:57 PM     0        59      1.00      0.00  migration/7
09:24:57 PM     0        95      2.00      0.00  kcompactd0
09:24:57 PM     0       453      1.00      0.00  multipathd
09:24:57 PM     0     88840      2.00      0.00  kworker/u24:1-events_power_efficient
09:24:57 PM     0    179405      2.00      0.00  kworker/6:1-events
09:24:57 PM     0    180922      2.00      0.00  kworker/2:0-events
09:24:57 PM     0    186631      1.00      0.00  kworker/3:2-mm_percpu_wq
09:24:57 PM     0    186893      1.00      0.00  kworker/11:0-events
09:24:57 PM     0    189255      1.00      0.00  kworker/7:2-mm_percpu_wq
09:24:57 PM     0    190951      4.00      0.00  kworker/10:0-events
09:24:57 PM     0    193064      2.00      0.00  kworker/u24:0-events_power_efficient
09:24:57 PM     0    197671      1.00      0.00  kworker/0:1-events
09:24:57 PM     0    198726      2.00      0.00  kworker/9:0-events
09:24:57 PM     0    199074      2.00      0.00  kworker/4:1-mm_percpu_wq
09:24:57 PM     0    200794      1.00      0.00  kworker/1:1-mm_percpu_wq
09:24:57 PM     0    205093      2.00      0.00  kworker/5:2-events
09:24:57 PM     0    205980      1.00      0.00  iostat
09:24:57 PM     0    205981      1.00      0.00  pidstat
09:24:57 PM     0    205982      5.00      0.00  bash
09:24:57 PM     0    205983      6.00      0.00  bash
09:24:57 PM     0    205984      4.00      0.00  bash
09:24:57 PM     0    205986    100.00      0.00  fio
09:24:57 PM     0    206558      1.00      0.00  sleep
09:24:57 PM     0    206568      1.00      0.00  sleep
09:24:57 PM     0    206570      1.00      0.00  sleep

09:24:57 PM   UID       PID   cswch/s nvcswch/s  Command
09:24:58 PM     0        17     21.00      0.00  rcu_preempt
09:24:58 PM     0        18      1.00      0.00  migration/0
09:24:58 PM     0        23      1.00      0.00  migration/1
09:24:58 PM     0        24      1.00      0.00  ksoftirqd/1
09:24:58 PM     0        29      1.00      0.00  migration/2
09:24:58 PM     0        35      1.00      0.00  migration/3
09:24:58 PM     0        41      1.00      0.00  migration/4
09:24:58 PM     0        42      1.00      0.00  ksoftirqd/4
09:24:58 PM     0        47      1.00      0.00  migration/5
09:24:58 PM     0        48      1.00      0.00  ksoftirqd/5
09:24:58 PM     0        53      1.00      0.00  migration/6
09:24:58 PM     0        59      1.00      0.00  migration/7
09:24:58 PM     0        60      1.00      0.00  ksoftirqd/7
09:24:58 PM     0        65      1.00      0.00  migration/8
09:24:58 PM     0        71      1.00      0.00  migration/9
09:24:58 PM     0        77      1.00      0.00  migration/10
09:24:58 PM     0        83      1.00      0.00  migration/11
09:24:58 PM     0        95      2.00      0.00  kcompactd0
09:24:58 PM     0       453      1.00      0.00  multipathd
09:24:58 PM     0     88840      1.00      0.00  kworker/u24:1-edac-poller
09:24:58 PM     0    179405      2.00      0.00  kworker/6:1-events
09:24:58 PM     0    180922      1.00      0.00  kworker/2:0-events
09:24:58 PM     0    186631      2.00      0.00  kworker/3:2-events
09:24:58 PM     0    186893      3.00      0.00  kworker/11:0-events
09:24:58 PM     0    189255      4.00      0.00  kworker/7:2-events
09:24:58 PM     0    190951      1.00      0.00  kworker/10:0-mm_percpu_wq
09:24:58 PM     0    197671      2.00      0.00  kworker/0:1-mm_percpu_wq
09:24:58 PM     0    198726      1.00      0.00  kworker/9:0-mm_percpu_wq
09:24:58 PM     0    199074      1.00      0.00  kworker/4:1-mm_percpu_wq
09:24:58 PM     0    200794      2.00      0.00  kworker/1:1-events
09:24:58 PM     0    205093      4.00      0.00  kworker/5:2-events
09:24:58 PM     0    205980      1.00      0.00  iostat
09:24:58 PM     0    205981      1.00      0.00  pidstat
09:24:58 PM     0    205982      5.00      0.00  bash
09:24:58 PM     0    205983      8.00      1.00  bash
09:24:58 PM     0    205984      4.00      0.00  bash
09:24:58 PM     0    205986     99.00      0.00  fio
09:24:58 PM     0    206573      1.00      0.00  sleep
09:24:58 PM     0    206584      1.00      0.00  sleep
09:24:58 PM     0    206585      1.00      0.00  sleep

09:24:58 PM   UID       PID   cswch/s nvcswch/s  Command
09:24:59 PM     0        17     20.00      0.00  rcu_preempt
09:24:59 PM     0        18      1.00      0.00  migration/0
09:24:59 PM     0        47      1.00      0.00  migration/5
09:24:59 PM     0        54      1.00      0.00  ksoftirqd/6
09:24:59 PM     0        60      2.00      0.00  ksoftirqd/7
09:24:59 PM     0        72      1.00      0.00  ksoftirqd/9
09:24:59 PM     0        78      1.00      0.00  ksoftirqd/10
09:24:59 PM     0        95      2.00      0.00  kcompactd0
09:24:59 PM     0       453      1.00      0.00  multipathd
09:24:59 PM     0     88840      2.00      0.00  kworker/u24:1-events_power_efficient
09:24:59 PM     0    179405      2.00      0.00  kworker/6:1-events
09:24:59 PM     0    180922      1.00      0.00  kworker/2:0-events
09:24:59 PM     0    186631      1.00      0.00  kworker/3:2-mm_percpu_wq
09:24:59 PM     0    186893      1.00      0.00  kworker/11:0-mm_percpu_wq
09:24:59 PM     0    189255      2.00      0.00  kworker/7:2-events
09:24:59 PM     0    190951      3.00      0.00  kworker/10:0-events
09:24:59 PM     0    193064      1.00      0.00  kworker/u24:0-events_unbound
09:24:59 PM     0    197671      1.00      0.00  kworker/0:1-events
09:24:59 PM     0    198726      2.00      0.00  kworker/9:0-mm_percpu_wq
09:24:59 PM     0    199074      2.00      0.00  kworker/4:1-mm_percpu_wq
09:24:59 PM     0    200794      1.00      0.00  kworker/1:1-mm_percpu_wq
09:24:59 PM     0    205093      1.00      0.00  kworker/5:2-mm_percpu_wq
09:24:59 PM     0    205980      1.00      0.00  iostat
09:24:59 PM     0    205981      1.00      0.00  pidstat
09:24:59 PM     0    205982      5.00      0.00  bash
09:24:59 PM     0    205983      6.00      0.00  bash
09:24:59 PM     0    205984      4.00      0.00  bash
09:24:59 PM     0    205986     99.00      0.00  fio
09:24:59 PM     0    206588      1.00      0.00  sleep
09:24:59 PM     0    206598      1.00      0.00  sleep
09:24:59 PM     0    206600      1.00      0.00  sleep

09:24:59 PM   UID       PID   cswch/s nvcswch/s  Command
09:25:00 PM     0        17     17.00      0.00  rcu_preempt
09:25:00 PM     0        42      1.00      0.00  ksoftirqd/4
09:25:00 PM     0        60      1.00      0.00  ksoftirqd/7
09:25:00 PM     0        72      1.00      0.00  ksoftirqd/9
09:25:00 PM     0        78      1.00      0.00  ksoftirqd/10
09:25:00 PM     0        95      2.00      0.00  kcompactd0
09:25:00 PM     0       187      1.00      0.00  kworker/0:1H-kblockd
09:25:00 PM     0       191      1.00      0.00  kworker/1:1H-kblockd
09:25:00 PM     0       453      1.00      0.00  multipathd
09:25:00 PM     0       562      3.00      0.00  jbd2/nvme1n1p3-8
09:25:00 PM     0    179405      2.00      0.00  kworker/6:1-events
09:25:00 PM     0    180922      2.00      0.00  kworker/2:0-events
09:25:00 PM     0    186631      2.00      0.00  kworker/3:2-events
09:25:00 PM     0    186893      1.00      0.00  kworker/11:0-mm_percpu_wq
09:25:00 PM     0    189255      5.00      0.00  kworker/7:2-events
09:25:00 PM     0    190951      3.00      0.00  kworker/10:0-events
09:25:00 PM     0    193064      5.00      0.00  kworker/u24:0-writeback
09:25:00 PM     0    197671      1.00      0.00  kworker/0:1-mm_percpu_wq
09:25:00 PM     0    198726      3.00      0.00  kworker/9:0-events
09:25:00 PM     0    199074      1.00      0.00  kworker/4:1-mm_percpu_wq
09:25:00 PM     0    200794      2.00      0.00  kworker/1:1-events
09:25:00 PM     0    205093      2.00      0.00  kworker/5:2-events
09:25:00 PM     0    205980      1.00      0.00  iostat
09:25:00 PM     0    205981      1.00      0.00  pidstat
09:25:00 PM     0    205982      5.00      0.00  bash
09:25:00 PM     0    205983      7.00      0.00  bash
09:25:00 PM     0    205984      4.00      0.00  bash
09:25:00 PM     0    205986     99.00      0.00  fio
09:25:00 PM     0    206603      1.00      0.00  sleep
09:25:00 PM     0    206614      1.00      0.00  sleep
09:25:00 PM     0    206615      1.00      0.00  sleep

09:25:00 PM   UID       PID   cswch/s nvcswch/s  Command
09:25:01 PM     0        17     20.00      0.00  rcu_preempt
09:25:01 PM     0        36      1.00      0.00  ksoftirqd/3
09:25:01 PM     0        78      1.00      0.00  ksoftirqd/10
09:25:01 PM     0        84      1.00      0.00  ksoftirqd/11
09:25:01 PM     0        95      2.00      0.00  kcompactd0
09:25:01 PM     0       453      1.00      0.00  multipathd
09:25:01 PM     0     88840      1.00      0.00  kworker/u24:1-events_power_efficient
09:25:01 PM     0    179405      1.00      0.00  kworker/6:1-mm_percpu_wq
09:25:01 PM     0    180922      2.00      0.00  kworker/2:0-events
09:25:01 PM     0    186631      4.00      0.00  kworker/3:2-events
09:25:01 PM     0    186893      2.00      0.00  kworker/11:0-mm_percpu_wq
09:25:01 PM     0    189255      2.00      0.00  kworker/7:2-events
09:25:01 PM     0    190951      2.00      0.00  kworker/10:0-mm_percpu_wq
09:25:01 PM     0    193064      3.00      0.00  kworker/u24:0-writeback
09:25:01 PM     0    197671      1.00      0.00  kworker/0:1-mm_percpu_wq
09:25:01 PM     0    198726      2.00      0.00  kworker/9:0-events
09:25:01 PM     0    199074      2.00      0.00  kworker/4:1-mm_percpu_wq
09:25:01 PM     0    200794      2.00      0.00  kworker/1:1-events
09:25:01 PM     0    205093      4.00      0.00  kworker/5:2-events
09:25:01 PM     0    205980      1.00      0.00  iostat
09:25:01 PM     0    205981      1.00      0.00  pidstat
09:25:01 PM     0    205982      5.00      0.00  bash
09:25:01 PM     0    205983      8.00      0.00  bash
09:25:01 PM     0    205984      4.00      0.00  bash
09:25:01 PM     0    205986     99.00      0.00  fio
09:25:01 PM     0    206618      1.00      0.00  sleep
09:25:01 PM     0    206629      1.00      0.00  sleep
09:25:01 PM     0    206630      1.00      0.00  sleep

09:25:01 PM   UID       PID   cswch/s nvcswch/s  Command
09:25:02 PM     0         1      1.00      0.00  systemd
09:25:02 PM     0        17     27.00      0.00  rcu_preempt
09:25:02 PM     0        18      1.00      0.00  migration/0
09:25:02 PM     0        23      1.00      0.00  migration/1
09:25:02 PM     0        24      1.00      0.00  ksoftirqd/1
09:25:02 PM     0        29      1.00      0.00  migration/2
09:25:02 PM     0        35      1.00      0.00  migration/3
09:25:02 PM     0        41      1.00      0.00  migration/4
09:25:02 PM     0        47      1.00      0.00  migration/5
09:25:02 PM     0        53      1.00      0.00  migration/6
09:25:02 PM     0        59      1.00      0.00  migration/7
09:25:02 PM     0        60      2.00      0.00  ksoftirqd/7
09:25:02 PM     0        65      1.00      0.00  migration/8
09:25:02 PM     0        71      1.00      0.00  migration/9
09:25:02 PM     0        77      1.00      0.00  migration/10
09:25:02 PM     0        78      2.00      0.00  ksoftirqd/10
09:25:02 PM     0        83      1.00      0.00  migration/11
09:25:02 PM     0        84      2.00      0.00  ksoftirqd/11
09:25:02 PM     0        95      2.00      0.00  kcompactd0
09:25:02 PM     0       415      4.00      0.00  systemd-journal
09:25:02 PM     0       453      1.00      0.00  multipathd
09:25:02 PM     0       769      2.00      0.00  cron
09:25:02 PM     0    179405      1.00      0.00  kworker/6:1-mm_percpu_wq
09:25:02 PM     0    180922      1.00      0.00  kworker/2:0-events
09:25:02 PM     0    186631      3.00      0.00  kworker/3:2-events
09:25:02 PM     0    186893      3.00      0.00  kworker/11:0-events
09:25:02 PM     0    189255      5.00      0.00  kworker/7:2-events
09:25:02 PM     0    190951      3.00      0.00  kworker/10:0-events
09:25:02 PM     0    193064      1.00      0.00  kworker/u24:0-edac-poller
09:25:02 PM     0    197671      1.00      0.00  kworker/0:1-events
09:25:02 PM     0    198726      1.00      0.00  kworker/9:0-events
09:25:02 PM     0    199074      1.00      0.00  kworker/4:1-mm_percpu_wq
09:25:02 PM     0    200794      2.00      0.00  kworker/1:1-events
09:25:02 PM     0    205980      1.00      0.00  iostat
09:25:02 PM     0    205981      1.00      0.00  pidstat
09:25:02 PM     0    205982      5.00      0.00  bash
09:25:02 PM     0    205983      6.00      0.00  bash
09:25:02 PM     0    205984      4.00      0.00  bash
09:25:02 PM     0    205986     99.00      0.00  fio
09:25:02 PM     0    206633      1.00      0.00  sleep
09:25:02 PM     0    206646      1.00      0.00  sleep
09:25:02 PM     0    206648      1.00      0.00  sleep

09:25:02 PM   UID       PID   cswch/s nvcswch/s  Command
09:25:03 PM     0        17     21.00      0.00  rcu_preempt
09:25:03 PM     0        42      1.00      0.00  ksoftirqd/4
09:25:03 PM     0        60      1.00      0.00  ksoftirqd/7
09:25:03 PM     0        72      1.00      0.00  ksoftirqd/9
09:25:03 PM     0        95      2.00      0.00  kcompactd0
09:25:03 PM     0       102      1.00      0.00  irq/9-acpi
09:25:03 PM     0       453      1.00      0.00  multipathd
09:25:03 PM     0     21554      1.00      0.00  packagekitd
09:25:03 PM     0     88840      1.00      0.00  kworker/u24:1-events_power_efficient
09:25:03 PM     0    179405      1.00      0.00  kworker/6:1-mm_percpu_wq
09:25:03 PM     0    180922      1.00      0.00  kworker/2:0-events
09:25:03 PM     0    186631      2.00      0.00  kworker/3:2-events
09:25:03 PM     0    186893      2.00      0.00  kworker/11:0-mm_percpu_wq
09:25:03 PM     0    189255      2.00      0.00  kworker/7:2-events
09:25:03 PM     0    190951      2.00      0.00  kworker/10:0-mm_percpu_wq
09:25:03 PM     0    193064      1.00      0.00  kworker/u24:0-events_unbound
09:25:03 PM     0    197671      2.00      0.00  kworker/0:1-kacpi_notify
09:25:03 PM     0    198726      1.00      0.00  kworker/9:0-mm_percpu_wq
09:25:03 PM     0    199074      3.00      0.00  kworker/4:1-events
09:25:03 PM     0    200794     40.00      0.00  kworker/1:1+events
09:25:03 PM     0    205093      1.00      0.00  kworker/5:2-mm_percpu_wq
09:25:03 PM     0    205980      1.00      0.00  iostat
09:25:03 PM     0    205981      1.00      0.00  pidstat
09:25:03 PM     0    205982      5.00      0.00  bash
09:25:03 PM     0    205983      8.00      0.00  bash
09:25:03 PM     0    205984      4.00      0.00  bash
09:25:03 PM     0    205986    100.00      0.00  fio
09:25:03 PM     0    206510      1.00      0.00  kworker/1:2+i915-unordered
09:25:03 PM     0    206651      1.00      0.00  sleep
09:25:03 PM     0    206661      1.00      0.00  sleep
09:25:03 PM     0    206663      1.00      0.00  sleep

09:25:03 PM   UID       PID   cswch/s nvcswch/s  Command
09:25:04 PM     0        17     21.00      0.00  rcu_preempt
09:25:04 PM     0        24      2.00      0.00  ksoftirqd/1
09:25:04 PM     0        42      1.00      0.00  ksoftirqd/4
09:25:04 PM     0        48      1.00      0.00  ksoftirqd/5
09:25:04 PM     0        60      1.00      0.00  ksoftirqd/7
09:25:04 PM     0        72      1.00      0.00  ksoftirqd/9
09:25:04 PM     0        78      1.00      0.00  ksoftirqd/10
09:25:04 PM     0        84      1.00      0.00  ksoftirqd/11
09:25:04 PM     0        95      2.00      0.00  kcompactd0
09:25:04 PM     0       453      1.00      0.00  multipathd
09:25:04 PM     0     88840      2.00      0.00  kworker/u24:1-events_unbound
09:25:04 PM     0    179405      2.00      0.00  kworker/6:1-events
09:25:04 PM     0    180922      3.00      0.00  kworker/2:0-events
09:25:04 PM     0    186631      3.00      0.00  kworker/3:2-events
09:25:04 PM     0    186893      3.00      0.00  kworker/11:0-events
09:25:04 PM     0    189255      4.00      0.00  kworker/7:2-events
09:25:04 PM     0    190951      4.00      0.00  kworker/10:0-events
09:25:04 PM     0    193064      2.00      0.00  kworker/u24:0-events_power_efficient
09:25:04 PM     0    197671      2.00      0.00  kworker/0:1-events
09:25:04 PM     0    198726      4.00      0.00  kworker/9:0-mm_percpu_wq
09:25:04 PM     0    199074      3.00      0.00  kworker/4:1-events
09:25:04 PM     0    200794   1099.00      1.00  kworker/1:1-mm_percpu_wq
09:25:04 PM     0    205093      1.00      0.00  kworker/5:2-mm_percpu_wq
09:25:04 PM     0    205980      1.00      0.00  iostat
09:25:04 PM     0    205981      1.00      0.00  pidstat
09:25:04 PM     0    205982      5.00      0.00  bash
09:25:04 PM     0    205983      8.00      0.00  bash
09:25:04 PM     0    205984      4.00      0.00  bash
09:25:04 PM     0    205986     99.00      0.00  fio
09:25:04 PM     0    206510   1134.00      0.00  kworker/1:2-events
09:25:04 PM     0    206666      1.00      0.00  sleep
09:25:04 PM     0    206676      1.00      0.00  sleep
09:25:04 PM     0    206678      1.00      0.00  sleep

09:25:04 PM   UID       PID   cswch/s nvcswch/s  Command
09:25:05 PM     0        17     16.00      0.00  rcu_preempt
09:25:05 PM     0        24      1.00      0.00  ksoftirqd/1
09:25:05 PM     0        42      1.00      0.00  ksoftirqd/4
09:25:05 PM     0        48      1.00      0.00  ksoftirqd/5
09:25:05 PM     0        78      1.00      0.00  ksoftirqd/10
09:25:05 PM     0        84      1.00      0.00  ksoftirqd/11
09:25:05 PM     0        95      2.00      0.00  kcompactd0
09:25:05 PM     0       453      1.00      0.00  multipathd
09:25:05 PM     0       562      3.00      0.00  jbd2/nvme1n1p3-8
09:25:05 PM     0     88840      1.00      0.00  kworker/u24:1-events_unbound
09:25:05 PM     0    179405      1.00      0.00  kworker/6:1-events
09:25:05 PM     0    180922      3.00      0.00  kworker/2:0-events
09:25:05 PM     0    186631      3.00      0.00  kworker/3:2-events
09:25:05 PM     0    186893      3.00      0.00  kworker/11:0-events
09:25:05 PM     0    189255      3.00      0.00  kworker/7:2-events
09:25:05 PM     0    190951      1.00      0.00  kworker/10:0-mm_percpu_wq
09:25:05 PM     0    193064      1.00      0.00  kworker/u24:0-events_power_efficient
09:25:05 PM     0    197671      1.00      0.00  kworker/0:1-mm_percpu_wq
09:25:05 PM     0    198726      1.00      0.00  kworker/9:0-mm_percpu_wq
09:25:05 PM     0    199074      4.00      0.00  kworker/4:1-events
09:25:05 PM     0    205093      1.00      0.00  kworker/5:2-mm_percpu_wq
09:25:05 PM     0    205980      1.00      0.00  iostat
09:25:05 PM     0    205981      1.00      0.00  pidstat
09:25:05 PM     0    205982      5.00      0.00  bash
09:25:05 PM     0    205983      7.00      1.00  bash
09:25:05 PM     0    205984      4.00      0.00  bash
09:25:05 PM     0    205986     99.00      0.00  fio
09:25:05 PM     0    206510      3.00      0.00  kworker/1:2-events
09:25:05 PM     0    206681      1.00      0.00  sleep
09:25:05 PM     0    206692      1.00      0.00  sleep
09:25:05 PM     0    206693      1.00      0.00  sleep

09:25:05 PM   UID       PID   cswch/s nvcswch/s  Command
09:25:06 PM     0        17     16.00      0.00  rcu_preempt
09:25:06 PM     0        18      2.00      0.00  migration/0
09:25:06 PM     0        23      1.00      0.00  migration/1
09:25:06 PM     0        24      1.00      0.00  ksoftirqd/1
09:25:06 PM     0        29      1.00      0.00  migration/2
09:25:06 PM     0        35      1.00      0.00  migration/3
09:25:06 PM     0        41      1.00      0.00  migration/4
09:25:06 PM     0        47      1.00      0.00  migration/5
09:25:06 PM     0        53      1.00      0.00  migration/6
09:25:06 PM     0        59      1.00      0.00  migration/7
09:25:06 PM     0        60      1.00      0.00  ksoftirqd/7
09:25:06 PM     0        65      1.00      0.00  migration/8
09:25:06 PM     0        71      1.00      0.00  migration/9
09:25:06 PM     0        72      2.00      0.00  ksoftirqd/9
09:25:06 PM     0        77      1.00      0.00  migration/10
09:25:06 PM     0        83      1.00      0.00  migration/11
09:25:06 PM     0        84      1.00      0.00  ksoftirqd/11
09:25:06 PM     0        95      2.00      0.00  kcompactd0
09:25:06 PM     0       453      1.00      0.00  multipathd
09:25:06 PM     0     88840      4.00      0.00  kworker/u24:1-edac-poller
09:25:06 PM     0    179405      2.00      0.00  kworker/6:1-events
09:25:06 PM     0    180922      3.00      0.00  kworker/2:0-events
09:25:06 PM     0    186631      4.00      0.00  kworker/3:2-events
09:25:06 PM     0    186893      2.00      0.00  kworker/11:0-events
09:25:06 PM     0    189255      4.00      0.00  kworker/7:2-events
09:25:06 PM     0    190951      1.00      0.00  kworker/10:0-mm_percpu_wq
09:25:06 PM     0    197671      1.00      0.00  kworker/0:1-events
09:25:06 PM     0    198726      3.00      0.00  kworker/9:0-events
09:25:06 PM     0    199074      3.00      0.00  kworker/4:1-events
09:25:06 PM     0    205093      1.00      0.00  kworker/5:2-mm_percpu_wq
09:25:06 PM     0    205980      1.00      0.00  iostat
09:25:06 PM     0    205981      1.00      0.00  pidstat
09:25:06 PM     0    205982      5.00      0.00  bash
09:25:06 PM     0    205983      7.00      0.00  bash
09:25:06 PM     0    205984      4.00      0.00  bash
09:25:06 PM     0    205986     99.00      0.00  fio
09:25:06 PM     0    206510      4.00      0.00  kworker/1:2-events
09:25:06 PM     0    206696      1.00      0.00  sleep
09:25:06 PM     0    206706      1.00      0.00  sleep
09:25:06 PM     0    206708      1.00      0.00  sleep

09:25:06 PM   UID       PID   cswch/s nvcswch/s  Command
09:25:07 PM     0        16      1.00      0.00  ksoftirqd/0
09:25:07 PM     0        17     20.00      0.00  rcu_preempt
09:25:07 PM     0        24      1.00      0.00  ksoftirqd/1
09:25:07 PM     0        41      1.00      0.00  migration/4
09:25:07 PM     0        48      2.00      0.00  ksoftirqd/5
09:25:07 PM     0        72      1.00      0.00  ksoftirqd/9
09:25:07 PM     0        83      1.00      0.00  migration/11
09:25:07 PM     0        95      2.00      0.00  kcompactd0
09:25:07 PM     0       172     12.00      0.00  kworker/3:1H-kblockd
09:25:07 PM     0       194      3.00      0.00  kworker/8:1H-kblockd
09:25:07 PM     0       359      3.00      0.00  jbd2/nvme1n1p2-8
09:25:07 PM     0       453      1.00      0.00  multipathd
09:25:07 PM     0     88840     16.00      0.00  kworker/u24:1-writeback
09:25:07 PM     0    180922      1.00      0.00  kworker/2:0-events
09:25:07 PM     0    182585      1.00      0.00  kworker/8:1-mm_percpu_wq
09:25:07 PM     0    186631      3.00      0.00  kworker/3:2-mm_percpu_wq
09:25:07 PM     0    186893      3.00      0.00  kworker/11:0-events
09:25:07 PM     0    193064      5.00      0.00  kworker/u24:0-ext4-rsv-conversion
09:25:07 PM     0    197671      2.00      0.00  kworker/0:1-events
09:25:07 PM     0    198726      1.00      0.00  kworker/9:0-events
09:25:07 PM     0    199074      4.00      0.00  kworker/4:1-events
09:25:07 PM     0    203022      2.00      0.00  kworker/u24:3-flush-259:1
09:25:07 PM     0    205093      3.00      0.00  kworker/5:2-mm_percpu_wq
09:25:07 PM     0    205980      1.00      0.00  iostat
09:25:07 PM     0    205981      1.00      0.00  pidstat
09:25:07 PM     0    205982      5.00      0.00  bash
09:25:07 PM     0    205983      8.00      0.00  bash
09:25:07 PM     0    205984      4.00      0.00  bash
09:25:07 PM     0    205986     99.00      0.00  fio
09:25:07 PM     0    206510      3.00      0.00  kworker/1:2-events
09:25:07 PM     0    206711      1.00      0.00  sleep
09:25:07 PM     0    206722      1.00      0.00  sleep
09:25:07 PM     0    206723      1.00      0.00  sleep

09:25:07 PM   UID       PID   cswch/s nvcswch/s  Command
09:25:08 PM     0        16      1.00      0.00  ksoftirqd/0
09:25:08 PM     0        17     18.00      0.00  rcu_preempt
09:25:08 PM     0        18      1.00      0.00  migration/0
09:25:08 PM     0        24      2.00      0.00  ksoftirqd/1
09:25:08 PM     0        41      2.00      0.00  migration/4
09:25:08 PM     0        42      1.00      0.00  ksoftirqd/4
09:25:08 PM     0        47      1.00      0.00  migration/5
09:25:08 PM     0        60      1.00      0.00  ksoftirqd/7
09:25:08 PM     0        72      1.00      0.00  ksoftirqd/9
09:25:08 PM     0        84      1.00      0.00  ksoftirqd/11
09:25:08 PM     0        95      2.00      0.00  kcompactd0
09:25:08 PM     0       453      1.00      0.00  multipathd
09:25:08 PM     0    180922      2.00      0.00  kworker/2:0-events
09:25:08 PM     0    186631      1.00      0.00  kworker/3:2-events
09:25:08 PM     0    186893      3.00      0.00  kworker/11:0-events
09:25:08 PM     0    189255      3.00      0.00  kworker/7:2-events
09:25:08 PM     0    190951      2.00      0.00  kworker/10:0-mm_percpu_wq
09:25:08 PM     0    193064      1.00      0.00  kworker/u24:0-edac-poller
09:25:08 PM     0    197671      2.00      0.00  kworker/0:1-events
09:25:08 PM     0    198726      1.00      0.00  kworker/9:0-mm_percpu_wq
09:25:08 PM     0    199074      1.00      0.00  kworker/4:1-events
09:25:08 PM     0    205980      1.00      0.00  iostat
09:25:08 PM     0    205981      1.00      0.00  pidstat
09:25:08 PM     0    205982      5.00      0.00  bash
09:25:08 PM     0    205983      7.00      0.00  bash
09:25:08 PM     0    205984      4.00      0.00  bash
09:25:08 PM     0    205986     99.00      0.00  fio
09:25:08 PM     0    206510      6.00      0.00  kworker/1:2-events
09:25:08 PM     0    206726      1.00      0.00  sleep
09:25:08 PM     0    206737      1.00      0.00  sleep
09:25:08 PM     0    206738      1.00      0.00  sleep

09:25:08 PM   UID       PID   cswch/s nvcswch/s  Command
09:25:09 PM     0        16      1.00      0.00  ksoftirqd/0
09:25:09 PM     0        17     17.00      0.00  rcu_preempt
09:25:09 PM     0        35      1.00      0.00  migration/3
09:25:09 PM     0        41      1.00      0.00  migration/4
09:25:09 PM     0        60      2.00      0.00  ksoftirqd/7
09:25:09 PM     0        78      1.00      0.00  ksoftirqd/10
09:25:09 PM     0        95      2.00      0.00  kcompactd0
09:25:09 PM     0       453      1.00      0.00  multipathd
09:25:09 PM     0     88840      2.00      0.00  kworker/u24:1-events_unbound
09:25:09 PM     0    180922      2.00      0.00  kworker/2:0-events
09:25:09 PM     0    182585      1.00      0.00  kworker/8:1-mm_percpu_wq
09:25:09 PM     0    186631      1.00      0.00  kworker/3:2-mm_percpu_wq
09:25:09 PM     0    186893      1.00      0.00  kworker/11:0-mm_percpu_wq
09:25:09 PM     0    189255      2.00      0.00  kworker/7:2-events
09:25:09 PM     0    190951      2.00      0.00  kworker/10:0-events
09:25:09 PM     0    193064      2.00      0.00  kworker/u24:0-events_power_efficient
09:25:09 PM     0    199074      3.00      0.00  kworker/4:1-events
09:25:09 PM     0    205980      1.00      0.00  iostat
09:25:09 PM     0    205981      1.00      0.00  pidstat
09:25:09 PM     0    205982      5.00      0.00  bash
09:25:09 PM     0    205983      6.00      0.00  bash
09:25:09 PM     0    205984      4.00      0.00  bash
09:25:09 PM     0    205986     99.00      0.00  fio
09:25:09 PM     0    206510      1.00      0.00  kworker/1:2-events
09:25:09 PM     0    206741      1.00      0.00  sleep
09:25:09 PM     0    206751      1.00      0.00  sleep
09:25:09 PM     0    206753      1.00      0.00  sleep

09:25:09 PM   UID       PID   cswch/s nvcswch/s  Command
09:25:10 PM     0        17     21.00      0.00  rcu_preempt
09:25:10 PM     0        18      1.00      0.00  migration/0
09:25:10 PM     0        23      1.00      0.00  migration/1
09:25:10 PM     0        24      1.00      0.00  ksoftirqd/1
09:25:10 PM     0        29      1.00      0.00  migration/2
09:25:10 PM     0        35      1.00      0.00  migration/3
09:25:10 PM     0        41      1.00      0.00  migration/4
09:25:10 PM     0        47      1.00      0.00  migration/5
09:25:10 PM     0        53      1.00      0.00  migration/6
09:25:10 PM     0        59      1.00      0.00  migration/7
09:25:10 PM     0        60      1.00      0.00  ksoftirqd/7
09:25:10 PM     0        65      1.00      0.00  migration/8
09:25:10 PM     0        71      1.00      0.00  migration/9
09:25:10 PM     0        77      1.00      0.00  migration/10
09:25:10 PM     0        83      1.00      0.00  migration/11
09:25:10 PM     0        84      1.00      0.00  ksoftirqd/11
09:25:10 PM     0        95      2.00      0.00  kcompactd0
09:25:10 PM     0       453      1.00      0.00  multipathd
09:25:10 PM     0       562      3.00      0.00  jbd2/nvme1n1p3-8
09:25:10 PM     0     88840      1.00      0.00  kworker/u24:1-edac-poller
09:25:10 PM     0    179405      2.00      0.00  kworker/6:1-events
09:25:10 PM     0    180922      1.00      0.00  kworker/2:0-events
09:25:10 PM     0    186631      1.00      0.00  kworker/3:2-events
09:25:10 PM     0    186893      2.00      0.00  kworker/11:0-events
09:25:10 PM     0    189255      4.00      0.00  kworker/7:2-events
09:25:10 PM     0    190951      3.00      0.00  kworker/10:0-mm_percpu_wq
09:25:10 PM     0    197671      3.00      0.00  kworker/0:1-mm_percpu_wq
09:25:10 PM     0    198726      1.00      0.00  kworker/9:0-mm_percpu_wq
09:25:10 PM     0    199074      2.00      0.00  kworker/4:1-events
09:25:10 PM     0    205093      1.00      0.00  kworker/5:2-mm_percpu_wq
09:25:10 PM     0    205980      1.00      0.00  iostat
09:25:10 PM     0    205981      1.00      0.00  pidstat
09:25:10 PM     0    205982      5.00      0.00  bash
09:25:10 PM     0    205983      7.00      0.00  bash
09:25:10 PM     0    205984      4.00      0.00  bash
09:25:10 PM     0    205986     99.00      0.00  fio
09:25:10 PM     0    206510      4.00      0.00  kworker/1:2-events
09:25:10 PM     0    206756      1.00      0.00  sleep
09:25:10 PM     0    206767      1.00      0.00  sleep
09:25:10 PM     0    206768      1.00      0.00  sleep

09:25:10 PM   UID       PID   cswch/s nvcswch/s  Command
09:25:11 PM     0        16      1.00      0.00  ksoftirqd/0
09:25:11 PM     0        17     17.00      0.00  rcu_preempt
09:25:11 PM     0        24      2.00      0.00  ksoftirqd/1
09:25:11 PM     0        48      1.00      0.00  ksoftirqd/5
09:25:11 PM     0        72      2.00      0.00  ksoftirqd/9
09:25:11 PM     0        83      1.00      0.00  migration/11
09:25:11 PM     0        95      2.00      0.00  kcompactd0
09:25:11 PM     0       191      1.00      0.00  kworker/1:1H-kblockd
09:25:11 PM     0       453      1.00      0.00  multipathd
09:25:11 PM     0     88840      4.00      0.00  kworker/u24:1-writeback
09:25:11 PM     0    180922      2.00      0.00  kworker/2:0-events
09:25:11 PM     0    186631      1.00      0.00  kworker/3:2-mm_percpu_wq
09:25:11 PM     0    186893      1.00      0.00  kworker/11:0-mm_percpu_wq
09:25:11 PM     0    189255      2.00      0.00  kworker/7:2-events
09:25:11 PM     0    193064      5.00      0.00  kworker/u24:0-events_unbound
09:25:11 PM     0    198726      4.00      0.00  kworker/9:0-events
09:25:11 PM     0    199074      3.00      0.00  kworker/4:1-events
09:25:11 PM     0    205093      2.00      0.00  kworker/5:2-events
09:25:11 PM     0    205980      1.00      0.00  iostat
09:25:11 PM     0    205981      1.00      0.00  pidstat
09:25:11 PM     0    205982      5.00      0.00  bash
09:25:11 PM     0    205983      7.00      0.00  bash
09:25:11 PM     0    205984      4.00      0.00  bash
09:25:11 PM     0    205986    100.00      0.00  fio
09:25:11 PM     0    206510      4.00      0.00  kworker/1:2-events
09:25:11 PM     0    206771      1.00      0.00  sleep
09:25:11 PM     0    206781      1.00      0.00  sleep
09:25:11 PM     0    206783      1.00      0.00  sleep

09:25:11 PM   UID       PID   cswch/s nvcswch/s  Command
09:25:12 PM     0        16      1.00      0.00  ksoftirqd/0
09:25:12 PM     0        17     20.00      0.00  rcu_preempt
09:25:12 PM     0        18      1.00      0.00  migration/0
09:25:12 PM     0        24      2.00      0.00  ksoftirqd/1
09:25:12 PM     0        42      1.00      0.00  ksoftirqd/4
09:25:12 PM     0        54      1.00      0.00  ksoftirqd/6
09:25:12 PM     0        72      1.00      0.00  ksoftirqd/9
09:25:12 PM     0        77      1.00      0.00  migration/10
09:25:12 PM     0        95      2.00      0.00  kcompactd0
09:25:12 PM     0       453      1.00      0.00  multipathd
09:25:12 PM     0     88840      1.00      0.00  kworker/u24:1-writeback
09:25:12 PM     0    179405      2.00      0.00  kworker/6:1-events
09:25:12 PM     0    180922      2.00      0.00  kworker/2:0-events
09:25:12 PM     0    186631      1.00      0.00  kworker/3:2-events
09:25:12 PM     0    189255      3.00      0.00  kworker/7:2-events
09:25:12 PM     0    190951      1.00      0.00  kworker/10:0-mm_percpu_wq
09:25:12 PM     0    193064      2.00      0.00  kworker/u24:0-events_power_efficient
09:25:12 PM     0    197671      1.00      0.00  kworker/0:1-mm_percpu_wq
09:25:12 PM     0    198726      2.00      0.00  kworker/9:0-mm_percpu_wq
09:25:12 PM     0    199074      4.00      0.00  kworker/4:1-events
09:25:12 PM     0    205093      2.00      0.00  kworker/5:2-events
09:25:12 PM     0    205980      1.00      0.00  iostat
09:25:12 PM     0    205981      1.00      0.00  pidstat
09:25:12 PM     0    205982      5.00      0.00  bash
09:25:12 PM     0    205983      8.00      0.00  bash
09:25:12 PM     0    205984      4.00      0.00  bash
09:25:12 PM     0    205986     99.00      0.00  fio
09:25:12 PM     0    206510      5.00      0.00  kworker/1:2-events
09:25:12 PM     0    206786      1.00      0.00  sleep
09:25:12 PM     0    206797      1.00      0.00  sleep
09:25:12 PM     0    206798      1.00      0.00  sleep

09:25:12 PM   UID       PID   cswch/s nvcswch/s  Command
09:25:13 PM     0        17     17.00      0.00  rcu_preempt
09:25:13 PM     0        24      3.00      0.00  ksoftirqd/1
09:25:13 PM     0        36      1.00      0.00  ksoftirqd/3
09:25:13 PM     0        42      1.00      0.00  ksoftirqd/4
09:25:13 PM     0        72      1.00      0.00  ksoftirqd/9
09:25:13 PM     0        83      1.00      0.00  migration/11
09:25:13 PM     0        84      1.00      0.00  ksoftirqd/11
09:25:13 PM     0        95      2.00      0.00  kcompactd0
09:25:13 PM     0       172      1.00      0.00  kworker/3:1H-kblockd
09:25:13 PM     0       359      3.00      0.00  jbd2/nvme1n1p2-8
09:25:13 PM     0       453      1.00      0.00  multipathd
09:25:13 PM     0     21554      1.00      0.00  packagekitd
09:25:13 PM     0     88840      1.00      0.00  kworker/u24:1-edac-poller
09:25:13 PM     0    180922      2.00      0.00  kworker/2:0-events
09:25:13 PM     0    186631      2.00      0.00  kworker/3:2-events
09:25:13 PM     0    186893      1.00      0.00  kworker/11:0-mm_percpu_wq
09:25:13 PM     0    199074      4.00      0.00  kworker/4:1-events
09:25:13 PM     0    205093      1.00      0.00  kworker/5:2-events
09:25:13 PM     0    205980      1.00      0.00  iostat
09:25:13 PM     0    205981      1.00      0.00  pidstat
09:25:13 PM     0    205982      5.00      0.00  bash
09:25:13 PM     0    205983      6.00      0.00  bash
09:25:13 PM     0    205984      4.00      0.00  bash
09:25:13 PM     0    205986     99.00      0.00  fio
09:25:13 PM     0    206510      2.00      0.00  kworker/1:2-events
09:25:13 PM     0    206801      1.00      0.00  sleep
09:25:13 PM     0    206811      1.00      0.00  sleep
09:25:13 PM     0    206813      1.00      1.00  sleep

09:25:13 PM   UID       PID   cswch/s nvcswch/s  Command
09:25:14 PM     0        17     19.00      0.00  rcu_preempt
09:25:14 PM     0        18      2.00      0.00  migration/0
09:25:14 PM     0        23      1.00      0.00  migration/1
09:25:14 PM     0        24      1.00      0.00  ksoftirqd/1
09:25:14 PM     0        29      1.00      0.00  migration/2
09:25:14 PM     0        35      1.00      0.00  migration/3
09:25:14 PM     0        36      1.00      0.00  ksoftirqd/3
09:25:14 PM     0        41      1.00      0.00  migration/4
09:25:14 PM     0        47      1.00      0.00  migration/5
09:25:14 PM     0        53      1.00      0.00  migration/6
09:25:14 PM     0        59      1.00      0.00  migration/7
09:25:14 PM     0        65      1.00      0.00  migration/8
09:25:14 PM     0        71      1.00      0.00  migration/9
09:25:14 PM     0        77      1.00      0.00  migration/10
09:25:14 PM     0        83      1.00      0.00  migration/11
09:25:14 PM     0        95      2.00      0.00  kcompactd0
09:25:14 PM     0       453      1.00      0.00  multipathd
09:25:14 PM     0     88840      3.00      0.00  kworker/u24:1-events_power_efficient
09:25:14 PM     0    179405      2.00      0.00  kworker/6:1-events
09:25:14 PM     0    180922      2.00      0.00  kworker/2:0-events
09:25:14 PM     0    186631      3.00      0.00  kworker/3:2-events
09:25:14 PM     0    189255      2.00      0.00  kworker/7:2-events
09:25:14 PM     0    190951      1.00      0.00  kworker/10:0-mm_percpu_wq
09:25:14 PM     0    193064      1.00      0.00  kworker/u24:0-events_power_efficient
09:25:14 PM     0    197671      1.00      0.00  kworker/0:1-events
09:25:14 PM     0    198726      2.00      0.00  kworker/9:0-events
09:25:14 PM     0    199074      3.00      0.00  kworker/4:1-events
09:25:14 PM     0    205093      2.00      0.00  kworker/5:2-events
09:25:14 PM     0    205980      1.00      0.00  iostat
09:25:14 PM     0    205981      1.00      0.00  pidstat
09:25:14 PM     0    205982      5.00      0.00  bash
09:25:14 PM     0    205983      8.00      1.00  bash
09:25:14 PM     0    205984      4.00      0.00  bash
09:25:14 PM     0    205986     99.00      0.00  fio
09:25:14 PM     0    206510      6.00      0.00  kworker/1:2-events
09:25:14 PM     0    206816      1.00      0.00  sleep
09:25:14 PM     0    206827      1.00      0.00  sleep
09:25:14 PM     0    206828      1.00      0.00  sleep

09:25:14 PM   UID       PID   cswch/s nvcswch/s  Command
09:25:15 PM     0        17     19.00      0.00  rcu_preempt
09:25:15 PM     0        24      2.00      0.00  ksoftirqd/1
09:25:15 PM     0        36      1.00      0.00  ksoftirqd/3
09:25:15 PM     0        72      1.00      0.00  ksoftirqd/9
09:25:15 PM     0        78      1.00      0.00  ksoftirqd/10
09:25:15 PM     0        84      1.00      0.00  ksoftirqd/11
09:25:15 PM     0        95      2.00      0.00  kcompactd0
09:25:15 PM     0       453      1.00      0.00  multipathd
09:25:15 PM     0    179405      1.00      0.00  kworker/6:1-events
09:25:15 PM     0    180922      2.00      0.00  kworker/2:0-events
09:25:15 PM     0    186631      2.00      0.00  kworker/3:2-events
09:25:15 PM     0    186893      1.00      0.00  kworker/11:0-mm_percpu_wq
09:25:15 PM     0    193064      1.00      0.00  kworker/u24:0-edac-poller
09:25:15 PM     0    197671      1.00      0.00  kworker/0:1-events
09:25:15 PM     0    198726      1.00      0.00  kworker/9:0-events
09:25:15 PM     0    199074      1.00      0.00  kworker/4:1-events
09:25:15 PM     0    205093      1.00      0.00  kworker/5:2-events
09:25:15 PM     0    205980      1.00      0.00  iostat
09:25:15 PM     0    205981      1.00      0.00  pidstat
09:25:15 PM     0    205982      5.00      0.00  bash
09:25:15 PM     0    205983      8.00      0.00  bash
09:25:15 PM     0    205984      4.00      0.00  bash
09:25:15 PM     0    205986     99.00      0.00  fio
09:25:15 PM     0    206510      2.00      0.00  kworker/1:2-events
09:25:15 PM     0    206831      1.00      0.00  sleep
09:25:15 PM     0    206842      1.00      0.00  sleep
09:25:15 PM     0    206843      1.00      0.00  sleep

09:25:15 PM   UID       PID   cswch/s nvcswch/s  Command
09:25:16 PM     0        17     18.00      0.00  rcu_preempt
09:25:16 PM     0        18      1.00      0.00  migration/0
09:25:16 PM     0        24      2.00      0.00  ksoftirqd/1
09:25:16 PM     0        72      2.00      0.00  ksoftirqd/9
09:25:16 PM     0        95      2.00      0.00  kcompactd0
09:25:16 PM     0       453      1.00      0.00  multipathd
09:25:16 PM     0       562      3.00      0.00  jbd2/nvme1n1p3-8
09:25:16 PM     0    180922      4.00      0.00  kworker/2:0-events
09:25:16 PM     0    186631      1.00      0.00  kworker/3:2-mm_percpu_wq
09:25:16 PM     0    186893      1.00      0.00  kworker/11:0-mm_percpu_wq
09:25:16 PM     0    189255      3.00      0.00  kworker/7:2-events
09:25:16 PM     0    190951      2.00      0.00  kworker/10:0-mm_percpu_wq
09:25:16 PM     0    193064      5.00      0.00  kworker/u24:0-writeback
09:25:16 PM     0    197671      2.00      0.00  kworker/0:1-mm_percpu_wq
09:25:16 PM     0    198726      4.00      0.00  kworker/9:0-events
09:25:16 PM     0    199074      4.00      0.00  kworker/4:1-events
09:25:16 PM     0    205093      2.00      0.00  kworker/5:2-events
09:25:16 PM     0    205980      1.00      0.00  iostat
09:25:16 PM     0    205981      1.00      0.00  pidstat
09:25:16 PM     0    205982      5.00      0.00  bash
09:25:16 PM     0    205983      8.00      1.00  bash
09:25:16 PM     0    205984      4.00      0.00  bash
09:25:16 PM     0    205986     99.00      0.00  fio
09:25:16 PM     0    206510      6.00      0.00  kworker/1:2-events
09:25:16 PM     0    206846      1.00      0.00  sleep
09:25:16 PM     0    206857      1.00      0.00  sleep
09:25:16 PM     0    206858      1.00      0.00  sleep

09:25:16 PM   UID       PID   cswch/s nvcswch/s  Command
09:25:17 PM     0        17     20.00      0.00  rcu_preempt
09:25:17 PM     0        24      1.00      0.00  ksoftirqd/1
09:25:17 PM     0        60      1.00      0.00  ksoftirqd/7
09:25:17 PM     0        72      1.00      0.00  ksoftirqd/9
09:25:17 PM     0        90      1.00      0.00  khungtaskd
09:25:17 PM     0        95      2.00      0.00  kcompactd0
09:25:17 PM     0       102      1.00      0.00  irq/9-acpi
09:25:17 PM     0       453      1.00      0.00  multipathd
09:25:17 PM     0    179405      2.00      0.00  kworker/6:1-events
09:25:17 PM     0    180922      2.00      0.00  kworker/2:0-events
09:25:17 PM     0    186631      8.00      0.00  kworker/3:2-events
09:25:17 PM     0    193064      1.00      0.00  kworker/u24:0-edac-poller
09:25:17 PM     0    197671      1.00      0.00  kworker/0:1-kacpi_notify
09:25:17 PM     0    198726      2.00      0.00  kworker/9:0-events
09:25:17 PM     0    199074      3.00      0.00  kworker/4:1-events
09:25:17 PM     0    199741      1.00      0.00  kworker/3:1-i915-unordered
09:25:17 PM     0    205093      2.00      0.00  kworker/5:2-events
09:25:17 PM     0    205980      1.00      0.00  iostat
09:25:17 PM     0    205981      1.00      0.00  pidstat
09:25:17 PM     0    205982      5.00      0.00  bash
09:25:17 PM     0    205983      6.00      0.00  bash
09:25:17 PM     0    205984      4.00      0.00  bash
09:25:17 PM     0    205986     99.00      0.00  fio
09:25:17 PM     0    206510      1.00      0.00  kworker/1:2-events
09:25:17 PM     0    206861      1.00      0.00  sleep
09:25:17 PM     0    206871      1.00      0.00  sleep
09:25:17 PM     0    206873      1.00      0.00  sleep

09:25:17 PM   UID       PID   cswch/s nvcswch/s  Command
09:25:18 PM     0        17     22.00      0.00  rcu_preempt
09:25:18 PM     0        18      1.00      0.00  migration/0
09:25:18 PM     0        23      1.00      0.00  migration/1
09:25:18 PM     0        24      1.00      0.00  ksoftirqd/1
09:25:18 PM     0        29      1.00      0.00  migration/2
09:25:18 PM     0        35      1.00      0.00  migration/3
09:25:18 PM     0        36      1.00      0.00  ksoftirqd/3
09:25:18 PM     0        41      1.00      0.00  migration/4
09:25:18 PM     0        47      1.00      0.00  migration/5
09:25:18 PM     0        53      1.00      0.00  migration/6
09:25:18 PM     0        54      2.00      0.00  ksoftirqd/6
09:25:18 PM     0        59      1.00      0.00  migration/7
09:25:18 PM     0        65      1.00      0.00  migration/8
09:25:18 PM     0        71      1.00      0.00  migration/9
09:25:18 PM     0        72      1.00      0.00  ksoftirqd/9
09:25:18 PM     0        77      1.00      0.00  migration/10
09:25:18 PM     0        83      2.00      0.00  migration/11
09:25:18 PM     0        95      2.00      0.00  kcompactd0
09:25:18 PM     0       453      1.00      0.00  multipathd
09:25:18 PM     0    179405      2.00      0.00  kworker/6:1-events
09:25:18 PM     0    180922      2.00      0.00  kworker/2:0-events
09:25:18 PM     0    186631      2.00      0.00  kworker/3:2-events
09:25:18 PM     0    186893      2.00      0.00  kworker/11:0-mm_percpu_wq
09:25:18 PM     0    189255      2.00      0.00  kworker/7:2-events
09:25:18 PM     0    190951      2.00      0.00  kworker/10:0-mm_percpu_wq
09:25:18 PM     0    193064      3.00      0.00  kworker/u24:0-flush-259:1
09:25:18 PM     0    197671      1.00      0.00  kworker/0:1-events
09:25:18 PM     0    198726      3.00      0.00  kworker/9:0-events
09:25:18 PM     0    199074      3.00      0.00  kworker/4:1-events
09:25:18 PM     0    205093      2.00      0.00  kworker/5:2-events
09:25:18 PM     0    205980      1.00      0.00  iostat
09:25:18 PM     0    205981      1.00      0.00  pidstat
09:25:18 PM     0    205982      5.00      0.00  bash
09:25:18 PM     0    205983      8.00      1.00  bash
09:25:18 PM     0    205984      4.00      0.00  bash
09:25:18 PM     0    205986    100.00      0.00  fio
09:25:18 PM     0    206510      4.00      0.00  kworker/1:2-events
09:25:18 PM     0    206876      1.00      0.00  sleep
09:25:18 PM     0    206887      1.00      0.00  sleep
09:25:18 PM     0    206888      1.00      0.00  sleep

09:25:18 PM   UID       PID   cswch/s nvcswch/s  Command
09:25:19 PM     0        16      1.00      0.00  ksoftirqd/0
09:25:19 PM     0        17     21.00      0.00  rcu_preempt
09:25:19 PM     0        54      1.00      0.00  ksoftirqd/6
09:25:19 PM     0        72      1.00      0.00  ksoftirqd/9
09:25:19 PM     0        95      2.00      0.00  kcompactd0
09:25:19 PM     0       195      1.00      0.00  kworker/6:1H-kblockd
09:25:19 PM     0       453      1.00      0.00  multipathd
09:25:19 PM     0     88840      1.00      0.00  kworker/u24:1-events_power_efficient
09:25:19 PM     0    179405      2.00      0.00  kworker/6:1-events
09:25:19 PM     0    180922      1.00      0.00  kworker/2:0-events
09:25:19 PM     0    186631      1.00      0.00  kworker/3:2-events
09:25:19 PM     0    189255      1.00      0.00  kworker/7:2-xfs-sync/nvme0n1p2
09:25:19 PM     0    193064      3.00      0.00  kworker/u24:0-events_power_efficient
09:25:19 PM     0    198726      2.00      0.00  kworker/9:0-events
09:25:19 PM     0    199074      2.00      0.00  kworker/4:1-events
09:25:19 PM     0    205093      1.00      0.00  kworker/5:2-events
09:25:19 PM     0    205980      1.00      0.00  iostat
09:25:19 PM     0    205981      1.00      0.00  pidstat
09:25:19 PM     0    205982      5.00      0.00  bash
09:25:19 PM     0    205983      7.00      0.00  bash
09:25:19 PM     0    205984      4.00      0.00  bash
09:25:19 PM     0    205986     99.00      0.00  fio
09:25:19 PM     0    206510      1.00      0.00  kworker/1:2-events
09:25:19 PM     0    206891      1.00      0.00  sleep
09:25:19 PM     0    206901      1.00      0.00  sleep
09:25:19 PM     0    206903      1.00      0.00  sleep

09:25:19 PM   UID       PID   cswch/s nvcswch/s  Command
09:25:20 PM     0        17     19.00      0.00  rcu_preempt
09:25:20 PM     0        42      1.00      0.00  ksoftirqd/4
09:25:20 PM     0        95      2.00      0.00  kcompactd0
09:25:20 PM     0       453      1.00      0.00  multipathd
09:25:20 PM     0     88840      2.00      0.00  kworker/u24:1-events_unbound
09:25:20 PM     0    179405      1.00      0.00  kworker/6:1-events
09:25:20 PM     0    180922      2.00      0.00  kworker/2:0-events
09:25:20 PM     0    186631      2.00      0.00  kworker/3:2-events
09:25:20 PM     0    186893      1.00      0.00  kworker/11:0-mm_percpu_wq
09:25:20 PM     0    189255      3.00      0.00  kworker/7:2-events
09:25:20 PM     0    190951      2.00      0.00  kworker/10:0-events
09:25:20 PM     0    197671      1.00      0.00  kworker/0:1-mm_percpu_wq
09:25:20 PM     0    198726      4.00      0.00  kworker/9:0-events
09:25:20 PM     0    199074      3.00      0.00  kworker/4:1-events
09:25:20 PM     0    205093      2.00      0.00  kworker/5:2-events
09:25:20 PM     0    205980      1.00      0.00  iostat
09:25:20 PM     0    205981      1.00      0.00  pidstat
09:25:20 PM     0    205982      5.00      0.00  bash
09:25:20 PM     0    205983      7.00      0.00  bash
09:25:20 PM     0    205984      4.00      0.00  bash
09:25:20 PM     0    205986     99.00      0.00  fio
09:25:20 PM     0    206510      3.00      0.00  kworker/1:2-events
09:25:20 PM     0    206906      1.00      0.00  sleep
09:25:20 PM     0    206917      1.00      0.00  sleep
09:25:20 PM     0    206918      1.00      0.00  sleep

09:25:20 PM   UID       PID   cswch/s nvcswch/s  Command
09:25:21 PM     0        17     19.00      0.00  rcu_preempt
09:25:21 PM     0        24      1.00      0.00  ksoftirqd/1
09:25:21 PM     0        36      1.00      0.00  ksoftirqd/3
09:25:21 PM     0        42      1.00      0.00  ksoftirqd/4
09:25:21 PM     0        54      2.00      0.00  ksoftirqd/6
09:25:21 PM     0        72      1.00      0.00  ksoftirqd/9
09:25:21 PM     0        95      2.00      0.00  kcompactd0
09:25:21 PM     0       453      1.00      0.00  multipathd
09:25:21 PM     0       562      3.00      0.00  jbd2/nvme1n1p3-8
09:25:21 PM     0     88840      5.00      0.00  kworker/u24:1-ext4-rsv-conversion
09:25:21 PM     0    179405      2.00      0.00  kworker/6:1-events
09:25:21 PM     0    180922      2.00      0.00  kworker/2:0-events
09:25:21 PM     0    186631      1.00      0.00  kworker/3:2-events
09:25:21 PM     0    198726      3.00      0.00  kworker/9:0-events
09:25:21 PM     0    199074      2.00      0.00  kworker/4:1-events
09:25:21 PM     0    205980      1.00      0.00  iostat
09:25:21 PM     0    205981      1.00      0.00  pidstat
09:25:21 PM     0    205982      5.00      0.00  bash
09:25:21 PM     0    205983      8.00      0.00  bash
09:25:21 PM     0    205984      4.00      0.00  bash
09:25:21 PM     0    205986     99.00      0.00  fio
09:25:21 PM     0    206510      2.00      0.00  kworker/1:2-events
09:25:21 PM     0    206921      1.00      0.00  sleep
09:25:21 PM     0    206932      1.00      0.00  sleep
09:25:21 PM     0    206933      1.00      0.00  sleep

09:25:21 PM   UID       PID   cswch/s nvcswch/s  Command
09:25:22 PM     0        17     20.00      0.00  rcu_preempt
09:25:22 PM     0        18      1.00      0.00  migration/0
09:25:22 PM     0        23      1.00      0.00  migration/1
09:25:22 PM     0        24      1.00      0.00  ksoftirqd/1
09:25:22 PM     0        29      1.00      0.00  migration/2
09:25:22 PM     0        35      1.00      0.00  migration/3
09:25:22 PM     0        41      1.00      0.00  migration/4
09:25:22 PM     0        47      1.00      0.00  migration/5
09:25:22 PM     0        53      1.00      0.00  migration/6
09:25:22 PM     0        54      1.00      0.00  ksoftirqd/6
09:25:22 PM     0        59      1.00      0.00  migration/7
09:25:22 PM     0        65      1.00      0.00  migration/8
09:25:22 PM     0        71      1.00      0.00  migration/9
09:25:22 PM     0        77      1.00      0.00  migration/10
09:25:22 PM     0        83      1.00      0.00  migration/11
09:25:22 PM     0        95      2.00      0.00  kcompactd0
09:25:22 PM     0       453      1.00      0.00  multipathd
09:25:22 PM     0     88840      3.00      0.00  kworker/u24:1-events_unbound
09:25:22 PM     0    179405      2.00      0.00  kworker/6:1-events
09:25:22 PM     0    180922      2.00      0.00  kworker/2:0-events
09:25:22 PM     0    186631      1.00      0.00  kworker/3:2-mm_percpu_wq
09:25:22 PM     0    186893      2.00      0.00  kworker/11:0-events
09:25:22 PM     0    189255      4.00      0.00  kworker/7:2-events
09:25:22 PM     0    190951      1.00      0.00  kworker/10:0-mm_percpu_wq
09:25:22 PM     0    197671      1.00      0.00  kworker/0:1-events
09:25:22 PM     0    198726      2.00      0.00  kworker/9:0-mm_percpu_wq
09:25:22 PM     0    199074      1.00      0.00  kworker/4:1-mm_percpu_wq
09:25:22 PM     0    205093      1.00      0.00  kworker/5:2-mm_percpu_wq
09:25:22 PM     0    205980      1.00      0.00  iostat
09:25:22 PM     0    205981      1.00      0.00  pidstat
09:25:22 PM     0    205982      5.00      0.00  bash
09:25:22 PM     0    205983      6.00      0.00  bash
09:25:22 PM     0    205984      4.00      0.00  bash
09:25:22 PM     0    205986     99.00      0.00  fio
09:25:22 PM     0    206510      2.00      0.00  kworker/1:2-events
09:25:22 PM     0    206936      1.00      0.00  sleep
09:25:22 PM     0    206946      1.00      0.00  sleep
09:25:22 PM     0    206948      1.00      0.00  sleep

09:25:22 PM   UID       PID   cswch/s nvcswch/s  Command
09:25:23 PM     0        16      1.00      0.00  ksoftirqd/0
09:25:23 PM     0        17     20.00      0.00  rcu_preempt
09:25:23 PM     0        24      1.00      0.00  ksoftirqd/1
09:25:23 PM     0        42      1.00      0.00  ksoftirqd/4
09:25:23 PM     0        54      1.00      0.00  ksoftirqd/6
09:25:23 PM     0        84      1.00      0.00  ksoftirqd/11
09:25:23 PM     0        95      2.00      0.00  kcompactd0
09:25:23 PM     0       453      1.00      0.00  multipathd
09:25:23 PM     0     21554      1.00      0.00  packagekitd
09:25:23 PM     0     88840      1.00      0.00  kworker/u24:1-edac-poller
09:25:23 PM     0    179405      2.00      0.00  kworker/6:1-events
09:25:23 PM     0    180922      1.00      0.00  kworker/2:0-events
09:25:23 PM     0    186631      2.00      0.00  kworker/3:2-events
09:25:23 PM     0    186893      2.00      0.00  kworker/11:0-events
09:25:23 PM     0    189255      1.00      0.00  kworker/7:2-mm_percpu_wq
09:25:23 PM     0    190951      2.00      0.00  kworker/10:0-mm_percpu_wq
09:25:23 PM     0    197671      1.00      0.00  kworker/0:1-mm_percpu_wq
09:25:23 PM     0    198726      2.00      0.00  kworker/9:0-events
09:25:23 PM     0    199074      2.00      0.00  kworker/4:1-mm_percpu_wq
09:25:23 PM     0    205093      2.00      0.00  kworker/5:2-events
09:25:23 PM     0    205980      1.00      0.00  iostat
09:25:23 PM     0    205981      1.00      0.00  pidstat
09:25:23 PM     0    205982      5.00      0.00  bash
09:25:23 PM     0    205983      8.00      0.00  bash
09:25:23 PM     0    205984      4.00      0.00  bash
09:25:23 PM     0    205986     99.00      0.00  fio
09:25:23 PM     0    206510      1.00      0.00  kworker/1:2-events
09:25:23 PM     0    206951      1.00      0.00  sleep
09:25:23 PM     0    206962      1.00      0.00  sleep
09:25:23 PM     0    206963      1.00      0.00  sleep

09:25:23 PM   UID       PID   cswch/s nvcswch/s  Command
09:25:24 PM     0        17     20.00      0.00  rcu_preempt
09:25:24 PM     0        48      1.00      0.00  ksoftirqd/5
09:25:24 PM     0        60      1.00      0.00  ksoftirqd/7
09:25:24 PM     0        95      2.00      0.00  kcompactd0
09:25:24 PM     0       453      1.00      0.00  multipathd
09:25:24 PM     0     88840      2.00      0.00  kworker/u24:1-events_unbound
09:25:24 PM     0    180922      3.00      0.00  kworker/2:0-events
09:25:24 PM     0    186631      4.00      0.00  kworker/3:2-events
09:25:24 PM     0    186893      1.00      0.00  kworker/11:0-events
09:25:24 PM     0    189255      2.00      0.00  kworker/7:2-events
09:25:24 PM     0    199074      1.00      0.00  kworker/4:1-events
09:25:24 PM     0    205093      2.00      0.00  kworker/5:2-events
09:25:24 PM     0    205980      1.00      0.00  iostat
09:25:24 PM     0    205981      1.00      0.00  pidstat
09:25:24 PM     0    205982      5.00      0.00  bash
09:25:24 PM     0    205983      6.00      0.00  bash
09:25:24 PM     0    205984      4.00      0.00  bash
09:25:24 PM     0    205986     99.00      0.00  fio
09:25:24 PM     0    206510      3.00      0.00  kworker/1:2-events
09:25:24 PM     0    206966      1.00      0.00  sleep
09:25:24 PM     0    206976      1.00      0.00  sleep
09:25:24 PM     0    206978      1.00      0.00  sleep

09:25:24 PM   UID       PID   cswch/s nvcswch/s  Command
09:25:25 PM     0        16      2.00      0.00  ksoftirqd/0
09:25:25 PM     0        17     17.00      0.00  rcu_preempt
09:25:25 PM     0        24      1.00      0.00  ksoftirqd/1
09:25:25 PM     0        36      2.00      0.00  ksoftirqd/3
09:25:25 PM     0        95      2.00      0.00  kcompactd0
09:25:25 PM     0       453      1.00      0.00  multipathd
09:25:25 PM     0     88840      2.00      0.00  kworker/u24:1-events_power_efficient
09:25:25 PM     0    179405      3.00      0.00  kworker/6:1-events
09:25:25 PM     0    180922      3.00      0.00  kworker/2:0-events
09:25:25 PM     0    186631      5.00      0.00  kworker/3:2-events
09:25:25 PM     0    186893      3.00      0.00  kworker/11:0-events
09:25:25 PM     0    189255      2.00      0.00  kworker/7:2-events
09:25:25 PM     0    190951      1.00      0.00  kworker/10:0-mm_percpu_wq
09:25:25 PM     0    193064      1.00      0.00  kworker/u24:0-events_power_efficient
09:25:25 PM     0    197671      1.00      0.00  kworker/0:1-events
09:25:25 PM     0    199074      3.00      0.00  kworker/4:1-events
09:25:25 PM     0    205980      1.00      0.00  iostat
09:25:25 PM     0    205981      1.00      0.00  pidstat
09:25:25 PM     0    205982      5.00      0.00  bash
09:25:25 PM     0    205983      7.00      0.00  bash
09:25:25 PM     0    205984      4.00      0.00  bash
09:25:25 PM     0    205986     99.00      0.00  fio
09:25:25 PM     0    206510      1.00      0.00  kworker/1:2-events
09:25:25 PM     0    206981      1.00      0.00  sleep
09:25:25 PM     0    206991      1.00      0.00  sleep
09:25:25 PM     0    206993      1.00      0.00  sleep

09:25:25 PM   UID       PID   cswch/s nvcswch/s  Command
09:25:26 PM     0        17     21.00      0.00  rcu_preempt
09:25:26 PM     0        18      1.00      0.00  migration/0
09:25:26 PM     0        23      1.00      0.00  migration/1
09:25:26 PM     0        24      2.00      0.00  ksoftirqd/1
09:25:26 PM     0        29      1.00      0.00  migration/2
09:25:26 PM     0        35      1.00      0.00  migration/3
09:25:26 PM     0        41      1.00      0.00  migration/4
09:25:26 PM     0        47      1.00      0.00  migration/5
09:25:26 PM     0        48      1.00      0.00  ksoftirqd/5
09:25:26 PM     0        53      1.00      0.00  migration/6
09:25:26 PM     0        59      1.00      0.00  migration/7
09:25:26 PM     0        65      1.00      0.00  migration/8
09:25:26 PM     0        71      1.00      0.00  migration/9
09:25:26 PM     0        77      1.00      0.00  migration/10
09:25:26 PM     0        83      1.00      0.00  migration/11
09:25:26 PM     0        84      1.00      0.00  ksoftirqd/11
09:25:26 PM     0        95      2.00      0.00  kcompactd0
09:25:26 PM     0       453      1.00      0.00  multipathd
09:25:26 PM     0       562      3.00      0.00  jbd2/nvme1n1p3-8
09:25:26 PM     0    179405      1.00      0.00  kworker/6:1-events
09:25:26 PM     0    180922      3.00      0.00  kworker/2:0-events
09:25:26 PM     0    186893      1.00      0.00  kworker/11:0-events
09:25:26 PM     0    189255      2.00      0.00  kworker/7:2-events
09:25:26 PM     0    190951      1.00      0.00  kworker/10:0-events
09:25:26 PM     0    193064      2.00      0.00  kworker/u24:0-events_unbound
09:25:26 PM     0    198726      2.00      0.00  kworker/9:0-events
09:25:26 PM     0    199074      1.00      0.00  kworker/4:1-events
09:25:26 PM     0    205093      1.00      0.00  kworker/5:2-mm_percpu_wq
09:25:26 PM     0    205980      1.00      0.00  iostat
09:25:26 PM     0    205981      1.00      0.00  pidstat
09:25:26 PM     0    205982      5.00      0.00  bash
09:25:26 PM     0    205983      8.00      0.00  bash
09:25:26 PM     0    205984      4.00      0.00  bash
09:25:26 PM     0    205986    100.00      0.00  fio
09:25:26 PM     0    206510      4.00      0.00  kworker/1:2-events
09:25:26 PM     0    206996      1.00      0.00  sleep
09:25:26 PM     0    207007      1.00      0.00  sleep
09:25:26 PM     0    207008      1.00      0.00  sleep

09:25:26 PM   UID       PID   cswch/s nvcswch/s  Command
09:25:27 PM     0        16      1.00      0.00  ksoftirqd/0
09:25:27 PM     0        17     18.00      0.00  rcu_preempt
09:25:27 PM     0        24      2.00      0.00  ksoftirqd/1
09:25:27 PM     0        36      2.00      0.00  ksoftirqd/3
09:25:27 PM     0        42      1.00      0.00  ksoftirqd/4
09:25:27 PM     0        54      1.00      0.00  ksoftirqd/6
09:25:27 PM     0        78      1.00      0.00  ksoftirqd/10
09:25:27 PM     0        84      1.00      0.00  ksoftirqd/11
09:25:27 PM     0        95      2.00      0.00  kcompactd0
09:25:27 PM     0       102      1.00      0.00  irq/9-acpi
09:25:27 PM     0       172      1.00      0.00  kworker/3:1H-kblockd
09:25:27 PM     0       453      1.00      0.00  multipathd
09:25:27 PM     0    179405      2.00      0.00  kworker/6:1-events
09:25:27 PM     0    180922      1.00      0.00  kworker/2:0-events
09:25:27 PM     0    182585      1.00      0.00  kworker/8:1-mm_percpu_wq
09:25:27 PM     0    186631   1140.00      1.00  kworker/3:2-events
09:25:27 PM     0    186893      1.00      0.00  kworker/11:0-mm_percpu_wq
09:25:27 PM     0    189255      1.00      0.00  kworker/7:2-mm_percpu_wq
09:25:27 PM     0    190951      3.00      0.00  kworker/10:0-events
09:25:27 PM     0    193064      4.00      0.00  kworker/u24:0-edac-poller
09:25:27 PM     0    197671      2.00      0.00  kworker/0:1-mm_percpu_wq
09:25:27 PM     0    198726      1.00      0.00  kworker/9:0-events
09:25:27 PM     0    199074      6.00      0.00  kworker/4:1-events
09:25:27 PM     0    199741    373.00      0.00  kworker/3:1+i915-unordered
09:25:27 PM     0    205980      1.00      0.00  iostat
09:25:27 PM     0    205981      1.00      0.00  pidstat
09:25:27 PM     0    205982      5.00      0.00  bash
09:25:27 PM     0    205983      6.00      0.00  bash
09:25:27 PM     0    205984      4.00      0.00  bash
09:25:27 PM     0    205986     99.00      0.00  fio
09:25:27 PM     0    207011      1.00      0.00  sleep
09:25:27 PM     0    207021      1.00      0.00  sleep
09:25:27 PM     0    207023      1.00      0.00  sleep

09:25:27 PM   UID       PID   cswch/s nvcswch/s  Command
09:25:28 PM     0        16      2.00      0.00  ksoftirqd/0
09:25:28 PM     0        17     25.00      0.00  rcu_preempt
09:25:28 PM     0        24      1.00      0.00  ksoftirqd/1
09:25:28 PM     0        42      2.00      0.00  ksoftirqd/4
09:25:28 PM     0        54      1.00      0.00  ksoftirqd/6
09:25:28 PM     0        60      1.00      0.00  ksoftirqd/7
09:25:28 PM     0        95      2.00      0.00  kcompactd0
09:25:28 PM     0       453      1.00      0.00  multipathd
09:25:28 PM     0     88840      3.00      0.00  kworker/u24:1-edac-poller
09:25:28 PM     0    179405      3.00      0.00  kworker/6:1-events
09:25:28 PM     0    180922      3.00      0.00  kworker/2:0-events
09:25:28 PM     0    182585      1.00      0.00  kworker/8:1-mm_percpu_wq
09:25:28 PM     0    186893      1.00      0.00  kworker/11:0-mm_percpu_wq
09:25:28 PM     0    189255      4.00      0.00  kworker/7:2-events
09:25:28 PM     0    190951      2.00      0.00  kworker/10:0-mm_percpu_wq
09:25:28 PM     0    193064      1.00      0.00  kworker/u24:0-events_power_efficient
09:25:28 PM     0    197671      3.00      0.00  kworker/0:1-mm_percpu_wq
09:25:28 PM     0    198726      2.00      0.00  kworker/9:0-events
09:25:28 PM     0    199074      4.00      0.00  kworker/4:1-events
09:25:28 PM     0    199741    763.00      0.00  kworker/3:1-mm_percpu_wq
09:25:28 PM     0    205093      3.00      0.00  kworker/5:2-mm_percpu_wq
09:25:28 PM     0    205980      1.00      0.00  iostat
09:25:28 PM     0    205981      1.00      0.00  pidstat
09:25:28 PM     0    205982      5.00      0.00  bash
09:25:28 PM     0    205983      7.00      0.00  bash
09:25:28 PM     0    205984      4.00      0.00  bash
09:25:28 PM     0    205986     99.00      0.00  fio
09:25:28 PM     0    206510      3.00      0.00  kworker/1:2-mm_percpu_wq
09:25:28 PM     0    207026      1.00      0.00  sleep
09:25:28 PM     0    207036      1.00      0.00  sleep
09:25:28 PM     0    207038      1.00      0.00  sleep

09:25:28 PM   UID       PID   cswch/s nvcswch/s  Command
09:25:29 PM     0         1      1.00      0.00  systemd
09:25:29 PM     0        17     19.00      0.00  rcu_preempt
09:25:29 PM     0        24      2.00      0.00  ksoftirqd/1
09:25:29 PM     0        36      1.00      0.00  ksoftirqd/3
09:25:29 PM     0        42      1.00      0.00  ksoftirqd/4
09:25:29 PM     0        77      1.00      0.00  migration/10
09:25:29 PM     0        95      2.00      0.00  kcompactd0
09:25:29 PM     0       453      1.00      0.00  multipathd
09:25:29 PM   101       608      1.00      0.00  systemd-network
09:25:29 PM     0     88840      2.00      0.00  kworker/u24:1-edac-poller
09:25:29 PM     0    179405      1.00      0.00  kworker/6:1-events
09:25:29 PM     0    180922      2.00      0.00  kworker/2:0-events
09:25:29 PM     0    190951      1.00      0.00  kworker/10:0-events
09:25:29 PM     0    198726      1.00      0.00  kworker/9:0-events
09:25:29 PM     0    199074      4.00      0.00  kworker/4:1-events
09:25:29 PM     0    205093      1.00      0.00  kworker/5:2-events
09:25:29 PM     0    205980      1.00      0.00  iostat
09:25:29 PM     0    205981      1.00      0.00  pidstat
09:25:29 PM     0    205982      5.00      0.00  bash
09:25:29 PM     0    205983      8.00      0.00  bash
09:25:29 PM     0    205984      4.00      0.00  bash
09:25:29 PM     0    205986     99.00      0.00  fio
09:25:29 PM     0    206510      2.00      0.00  kworker/1:2-events
09:25:29 PM     0    207041      1.00      0.00  sleep
09:25:29 PM     0    207051      1.00      0.00  sleep
09:25:29 PM     0    207053      1.00      0.00  sleep

09:25:29 PM   UID       PID   cswch/s nvcswch/s  Command
09:25:30 PM     0        17     14.00      0.00  rcu_preempt
09:25:30 PM     0        18      1.00      0.00  migration/0
09:25:30 PM     0        23      1.00      0.00  migration/1
09:25:30 PM     0        24      1.00      0.00  ksoftirqd/1
09:25:30 PM     0        29      1.00      0.00  migration/2
09:25:30 PM     0        35      1.00      0.00  migration/3
09:25:30 PM     0        41      1.00      0.00  migration/4
09:25:30 PM     0        47      1.00      0.00  migration/5
09:25:30 PM     0        53      1.00      0.00  migration/6
09:25:30 PM     0        59      1.00      0.00  migration/7
09:25:30 PM     0        60      1.00      0.00  ksoftirqd/7
09:25:30 PM     0        65      1.00      0.00  migration/8
09:25:30 PM     0        71      1.00      0.00  migration/9
09:25:30 PM     0        77      1.00      0.00  migration/10
09:25:30 PM     0        83      1.00      0.00  migration/11
09:25:30 PM     0        95      2.00      0.00  kcompactd0
09:25:30 PM     0       453      1.00      0.00  multipathd
09:25:30 PM     0     88840      1.00      0.00  kworker/u24:1-edac-poller
09:25:30 PM     0    179405      1.00      0.00  kworker/6:1-mm_percpu_wq
09:25:30 PM     0    180922      2.00      0.00  kworker/2:0-events
09:25:30 PM     0    186893      3.00      0.00  kworker/11:0-events
09:25:30 PM     0    189255      5.00      0.00  kworker/7:2-events
09:25:30 PM     0    190951      2.00      0.00  kworker/10:0-mm_percpu_wq
09:25:30 PM     0    197671      1.00      0.00  kworker/0:1-events
09:25:30 PM     0    199074      2.00      0.00  kworker/4:1-events
09:25:30 PM     0    199741      1.00      0.00  kworker/3:1-mm_percpu_wq
09:25:30 PM     0    205093      1.00      0.00  kworker/5:2-mm_percpu_wq
09:25:30 PM     0    205980      1.00      0.00  iostat
09:25:30 PM     0    205981      1.00      0.00  pidstat
09:25:30 PM     0    205982      5.00      0.00  bash
09:25:30 PM     0    205983      8.00      0.00  bash
09:25:30 PM     0    205984      4.00      0.00  bash
09:25:30 PM     0    205986     99.00      0.00  fio
09:25:30 PM     0    206510      2.00      0.00  kworker/1:2-events
09:25:30 PM     0    207056      1.00      0.00  sleep
09:25:30 PM     0    207067      1.00      0.00  sleep
09:25:30 PM     0    207068      1.00      0.00  sleep

09:25:30 PM   UID       PID   cswch/s nvcswch/s  Command
09:25:31 PM     0        17     15.00      0.00  rcu_preempt
09:25:31 PM     0        54      1.00      0.00  ksoftirqd/6
09:25:31 PM     0        95      2.00      0.00  kcompactd0
09:25:31 PM     0       453      1.00      0.00  multipathd
09:25:31 PM     0       562      3.00      0.00  jbd2/nvme1n1p3-8
09:25:31 PM     0     88840      2.00      0.00  kworker/u24:1-events_power_efficient
09:25:31 PM     0    179405      3.00      0.00  kworker/6:1-events
09:25:31 PM     0    180922      1.00      0.00  kworker/2:0-events
09:25:31 PM     0    182585      1.00      0.00  kworker/8:1-events
09:25:31 PM     0    189255      3.00      0.00  kworker/7:2-events
09:25:31 PM     0    190951      2.00      0.00  kworker/10:0-events
09:25:31 PM     0    193064      4.00      0.00  kworker/u24:0-events_unbound
09:25:31 PM     0    198726      1.00      0.00  kworker/9:0-mm_percpu_wq
09:25:31 PM     0    199074      1.00      0.00  kworker/4:1-events
09:25:31 PM     0    205093      1.00      0.00  kworker/5:2-events
09:25:31 PM     0    205980      1.00      0.00  iostat
09:25:31 PM     0    205981      1.00      0.00  pidstat
09:25:31 PM     0    205982      1.00      0.00  bash
09:25:31 PM     0    205983      7.00      0.00  bash
09:25:31 PM     0    205984      4.00      0.00  bash
09:25:31 PM     0    205986    100.00      0.00  fio
09:25:31 PM     0    207071      1.00      0.00  sleep
09:25:31 PM     0    207073      2.00      0.00  bash

09:25:31 PM   UID       PID   cswch/s nvcswch/s  Command
09:25:32 PM     0        17     14.00      0.00  rcu_preempt
09:25:32 PM     0        24      1.00      0.00  ksoftirqd/1
09:25:32 PM     0        36      1.00      0.00  ksoftirqd/3
09:25:32 PM     0        54      1.00      0.00  ksoftirqd/6
09:25:32 PM     0        72      1.00      0.00  ksoftirqd/9
09:25:32 PM     0        95      2.00      0.00  kcompactd0
09:25:32 PM     0       453      1.00      0.00  multipathd
09:25:32 PM     0    179405      1.00      0.00  kworker/6:1-events
09:25:32 PM     0    180922      3.00      0.00  kworker/2:0-events
09:25:32 PM     0    182585      1.00      0.00  kworker/8:1-mm_percpu_wq
09:25:32 PM     0    189255      3.00      0.00  kworker/7:2-events
09:25:32 PM     0    190951      2.00      0.00  kworker/10:0-mm_percpu_wq
09:25:32 PM     0    193064      4.00      0.00  kworker/u24:0-edac-poller
09:25:32 PM     0    197671      1.00      0.00  kworker/0:1-mm_percpu_wq
09:25:32 PM     0    198726      1.00      0.00  kworker/9:0-events
09:25:32 PM     0    199074      2.00      0.00  kworker/4:1-mm_percpu_wq
09:25:32 PM     0    205093      3.00      0.00  kworker/5:2-mm_percpu_wq
09:25:32 PM     0    205980      1.00      0.00  iostat
09:25:32 PM     0    205981      1.00      0.00  pidstat
09:25:32 PM     0    205982      4.00      0.00  bash
09:25:32 PM     0    205984      4.00      0.00  bash
09:25:32 PM     0    205986     99.00      0.00  fio
09:25:32 PM     0    206510      4.00      0.00  kworker/1:2-events
09:25:32 PM     0    207081      1.00      0.00  sleep
09:25:32 PM     0    207083      1.00      0.00  sleep
09:25:32 PM     0    207086      1.00      0.00  sleep

09:25:32 PM   UID       PID   cswch/s nvcswch/s  Command
09:25:33 PM     0        17     17.00      0.00  rcu_preempt
09:25:33 PM     0        36      1.00      0.00  ksoftirqd/3
09:25:33 PM     0        72      2.00      0.00  ksoftirqd/9
09:25:33 PM     0        78      1.00      0.00  ksoftirqd/10
09:25:33 PM     0        95      2.00      0.00  kcompactd0
09:25:33 PM     0       453      1.00      0.00  multipathd
09:25:33 PM     0     21554      1.00      0.00  packagekitd
09:25:33 PM     0     88840      1.00      0.00  kworker/u24:1-events_power_efficient
09:25:33 PM     0    180922      2.00      0.00  kworker/2:0-events
09:25:33 PM     0    186893      2.00      0.00  kworker/11:0-events
09:25:33 PM     0    190951      1.00      0.00  kworker/10:0-events
09:25:33 PM     0    193064      1.00      0.00  kworker/u24:0-events_unbound
09:25:33 PM     0    197671      2.00      0.00  kworker/0:1-events
09:25:33 PM     0    198726      4.00      0.00  kworker/9:0-events
09:25:33 PM     0    199074      1.00      0.00  kworker/4:1-events
09:25:33 PM     0    199741      2.00      0.00  kworker/3:1-mm_percpu_wq
09:25:33 PM     0    205093      2.00      0.00  kworker/5:2-events
09:25:33 PM     0    205980      1.00      0.00  iostat
09:25:33 PM     0    205981      1.00      1.00  pidstat
09:25:33 PM     0    205982      5.00      0.00  bash
09:25:33 PM     0    205983      7.00      0.00  bash
09:25:33 PM     0    205984      4.00      0.00  bash
09:25:33 PM     0    205986     99.00      0.00  fio
09:25:33 PM     0    206510      2.00      0.00  kworker/1:2-mm_percpu_wq
09:25:33 PM     0    207096      1.00      0.00  sleep
09:25:33 PM     0    207098      1.00      0.00  sleep
09:25:33 PM     0    207101      1.00      0.00  sleep

09:25:33 PM   UID       PID   cswch/s nvcswch/s  Command
09:25:34 PM     0        17     21.00      0.00  rcu_preempt
09:25:34 PM     0        18      1.00      0.00  migration/0
09:25:34 PM     0        23      1.00      0.00  migration/1
09:25:34 PM     0        29      1.00      0.00  migration/2
09:25:34 PM     0        35      1.00      0.00  migration/3
09:25:34 PM     0        41      1.00      0.00  migration/4
09:25:34 PM     0        47      1.00      0.00  migration/5
09:25:34 PM     0        53      1.00      0.00  migration/6
09:25:34 PM     0        59      1.00      0.00  migration/7
09:25:34 PM     0        65      1.00      0.00  migration/8
09:25:34 PM     0        71      1.00      0.00  migration/9
09:25:34 PM     0        77      1.00      0.00  migration/10
09:25:34 PM     0        78      1.00      0.00  ksoftirqd/10
09:25:34 PM     0        83      1.00      0.00  migration/11
09:25:34 PM     0        95      2.00      0.00  kcompactd0
09:25:34 PM     0       453      1.00      0.00  multipathd
09:25:34 PM     0    180922      2.00      0.00  kworker/2:0-events
09:25:34 PM     0    182585      1.00      0.00  kworker/8:1-mm_percpu_wq
09:25:34 PM     0    189255      1.00      0.00  kworker/7:2-events
09:25:34 PM     0    190951      3.00      0.00  kworker/10:0-events
09:25:34 PM     0    193064      1.00      0.00  kworker/u24:0-edac-poller
09:25:34 PM     0    197671      1.00      0.00  kworker/0:1-events
09:25:34 PM     0    198726      3.00      0.00  kworker/9:0-events
09:25:34 PM     0    199074      2.00      0.00  kworker/4:1-mm_percpu_wq
09:25:34 PM     0    205093      3.00      0.00  kworker/5:2-mm_percpu_wq
09:25:34 PM     0    205980      1.00      0.00  iostat
09:25:34 PM     0    205981      1.00      0.00  pidstat
09:25:34 PM     0    205982      5.00      0.00  bash
09:25:34 PM     0    205983      6.00      0.00  bash
09:25:34 PM     0    205984      4.00      0.00  bash
09:25:34 PM     0    205986     99.00      0.00  fio
09:25:34 PM     0    206510      2.00      0.00  kworker/1:2-events
09:25:34 PM     0    207111      1.00      0.00  sleep
09:25:34 PM     0    207113      1.00      0.00  sleep
09:25:34 PM     0    207116      1.00      0.00  sleep

09:25:34 PM   UID       PID   cswch/s nvcswch/s  Command
09:25:35 PM     0        17     19.00      0.00  rcu_preempt
09:25:35 PM     0        36      2.00      0.00  ksoftirqd/3
09:25:35 PM     0        72      1.00      0.00  ksoftirqd/9
09:25:35 PM     0        78      2.00      0.00  ksoftirqd/10
09:25:35 PM     0        95      2.00      0.00  kcompactd0
09:25:35 PM     0       453      1.00      0.00  multipathd
09:25:35 PM   101       608      2.00      0.00  systemd-network
09:25:35 PM     0     88840      1.00      0.00  kworker/u24:1-events_power_efficient
09:25:35 PM     0    180922      1.00      0.00  kworker/2:0-events
09:25:35 PM     0    189255      2.00      0.00  kworker/7:2-mm_percpu_wq
09:25:35 PM     0    190951      3.00      0.00  kworker/10:0-events
09:25:35 PM     0    193064      1.00      0.00  kworker/u24:0-events_unbound
09:25:35 PM     0    197671      1.00      0.00  kworker/0:1-mm_percpu_wq
09:25:35 PM     0    198726      3.00      0.00  kworker/9:0-mm_percpu_wq
09:25:35 PM     0    199074      2.00      0.00  kworker/4:1-mm_percpu_wq
09:25:35 PM     0    199741      2.00      0.00  kworker/3:1-events
09:25:35 PM     0    205093      2.00      0.00  kworker/5:2-mm_percpu_wq
09:25:35 PM     0    205980      1.00      0.00  iostat
09:25:35 PM     0    205981      1.00      0.00  pidstat
09:25:35 PM     0    205982      5.00      0.00  bash
09:25:35 PM     0    205983      6.00      0.00  bash
09:25:35 PM     0    205984      4.00      0.00  bash
09:25:35 PM     0    205986     99.00      0.00  fio
09:25:35 PM     0    206510      1.00      0.00  kworker/1:2-mm_percpu_wq
09:25:35 PM     0    207126      1.00      0.00  sleep
09:25:35 PM     0    207128      1.00      0.00  sleep
09:25:35 PM     0    207131      1.00      0.00  sleep

09:25:35 PM   UID       PID   cswch/s nvcswch/s  Command
09:25:36 PM     0        17     21.00      0.00  rcu_preempt
09:25:36 PM     0        48      1.00      0.00  ksoftirqd/5
09:25:36 PM     0        60      2.00      0.00  ksoftirqd/7
09:25:36 PM     0        72      2.00      0.00  ksoftirqd/9
09:25:36 PM     0        78      2.00      0.00  ksoftirqd/10
09:25:36 PM     0        95      2.00      0.00  kcompactd0
09:25:36 PM     0       453      1.00      0.00  multipathd
09:25:36 PM     0       562      3.00      0.00  jbd2/nvme1n1p3-8
09:25:36 PM     0    180922      3.00      0.00  kworker/2:0-events
09:25:36 PM     0    186893      1.00      0.00  kworker/11:0-mm_percpu_wq
09:25:36 PM     0    189255      2.00      0.00  kworker/7:2-events
09:25:36 PM     0    190951      2.00      0.00  kworker/10:0-events
09:25:36 PM     0    197671      1.00      0.00  kworker/0:1-events
09:25:36 PM     0    198726      2.00      0.00  kworker/9:0-events
09:25:36 PM     0    199074      1.00      0.00  kworker/4:1-events
09:25:36 PM     0    199741      1.00      0.00  kworker/3:1-mm_percpu_wq
09:25:36 PM     0    205093      2.00      0.00  kworker/5:2-events
09:25:36 PM     0    205980      1.00      0.00  iostat
09:25:36 PM     0    205981      1.00      0.00  pidstat
09:25:36 PM     0    205982      5.00      0.00  bash
09:25:36 PM     0    205983      8.00      0.00  bash
09:25:36 PM     0    205984      4.00      0.00  bash
09:25:36 PM     0    205986     99.00      0.00  fio
09:25:36 PM     0    206510      1.00      0.00  kworker/1:2-events
09:25:36 PM     0    207141      1.00      0.00  sleep
09:25:36 PM     0    207143      1.00      0.00  sleep
09:25:36 PM     0    207146      1.00      0.00  sleep

09:25:36 PM   UID       PID   cswch/s nvcswch/s  Command
09:25:37 PM     0         1      1.00      0.00  systemd
09:25:37 PM     0        17     19.00      0.00  rcu_preempt
09:25:37 PM     0        48      2.00      0.00  ksoftirqd/5
09:25:37 PM     0        72      1.00      0.00  ksoftirqd/9
09:25:37 PM     0        77      1.00      0.00  migration/10
09:25:37 PM     0        95      2.00      0.00  kcompactd0
09:25:37 PM     0       172      1.00      0.00  kworker/3:1H-kblockd
09:25:37 PM     0       453      1.00      0.00  multipathd
09:25:37 PM     0       463      1.00      0.00  systemd-udevd
09:25:37 PM   104       622      1.00      0.00  systemd-timesyn
09:25:37 PM     0     88840      1.00      0.00  kworker/u24:1-events_power_efficient
09:25:37 PM     0    179405      1.00      0.00  kworker/6:1-mm_percpu_wq
09:25:37 PM     0    180922      2.00      0.00  kworker/2:0-events
09:25:37 PM     0    182585      1.00      0.00  kworker/8:1-events
09:25:37 PM     0    186893      1.00      0.00  kworker/11:0-mm_percpu_wq
09:25:37 PM     0    189255      1.00      0.00  kworker/7:2-mm_percpu_wq
09:25:37 PM     0    190951      2.00      0.00  kworker/10:0-events
09:25:37 PM     0    193064      2.00      0.00  kworker/u24:0-events_power_efficient
09:25:37 PM     0    197671      2.00      0.00  kworker/0:1-events
09:25:37 PM     0    198726      4.00      0.00  kworker/9:0-mm_percpu_wq
09:25:37 PM     0    199074      1.00      0.00  kworker/4:1-events
09:25:37 PM     0    205093      1.00      0.00  kworker/5:2-events
09:25:37 PM     0    205980      1.00      0.00  iostat
09:25:37 PM     0    205981      1.00      1.00  pidstat
09:25:37 PM     0    205982      5.00      0.00  bash
09:25:37 PM     0    205983      7.00      0.00  bash
09:25:37 PM     0    205984      4.00      0.00  bash
09:25:37 PM     0    205986     99.00      0.00  fio
09:25:37 PM     0    206510      3.00      0.00  kworker/1:2-mm_percpu_wq
09:25:37 PM     0    207156      1.00      0.00  sleep
09:25:37 PM     0    207158      1.00      0.00  sleep
09:25:37 PM     0    207161      1.00      0.00  sleep

09:25:37 PM   UID       PID   cswch/s nvcswch/s  Command
09:25:38 PM     0        17     18.00      0.00  rcu_preempt
09:25:38 PM     0        18      1.00      0.00  migration/0
09:25:38 PM     0        23      1.00      0.00  migration/1
09:25:38 PM     0        24      1.00      0.00  ksoftirqd/1
09:25:38 PM     0        29      1.00      0.00  migration/2
09:25:38 PM     0        35      1.00      0.00  migration/3
09:25:38 PM     0        41      1.00      0.00  migration/4
09:25:38 PM     0        42      2.00      0.00  ksoftirqd/4
09:25:38 PM     0        47      1.00      0.00  migration/5
09:25:38 PM     0        53      1.00      0.00  migration/6
09:25:38 PM     0        54      1.00      0.00  ksoftirqd/6
09:25:38 PM     0        59      1.00      0.00  migration/7
09:25:38 PM     0        65      1.00      0.00  migration/8
09:25:38 PM     0        71      1.00      0.00  migration/9
09:25:38 PM     0        72      2.00      0.00  ksoftirqd/9
09:25:38 PM     0        77      1.00      0.00  migration/10
09:25:38 PM     0        83      2.00      0.00  migration/11
09:25:38 PM     0        95      2.00      0.00  kcompactd0
09:25:38 PM     0       453      1.00      0.00  multipathd
09:25:38 PM     0     88840      4.00      0.00  kworker/u24:1-writeback
09:25:38 PM     0    179405      2.00      0.00  kworker/6:1-events
09:25:38 PM     0    180922      2.00      0.00  kworker/2:0-events
09:25:38 PM     0    189255      1.00      0.00  kworker/7:2-events
09:25:38 PM     0    190951      1.00      0.00  kworker/10:0-events
09:25:38 PM     0    193064      1.00      0.00  kworker/u24:0-events_power_efficient
09:25:38 PM     0    198726      3.00      0.00  kworker/9:0-events
09:25:38 PM     0    199074      5.00      0.00  kworker/4:1-events
09:25:38 PM     0    199741      2.00      0.00  kworker/3:1-events
09:25:38 PM     0    205093      3.00      0.00  kworker/5:2-events
09:25:38 PM     0    205980      1.00      0.00  iostat
09:25:38 PM     0    205981      1.00      0.00  pidstat
09:25:38 PM     0    205982      5.00      0.00  bash
09:25:38 PM     0    205983      6.00      0.00  bash
09:25:38 PM     0    205984      4.00      0.00  bash
09:25:38 PM     0    205986     99.00      0.00  fio
09:25:38 PM     0    206510      4.00      0.00  kworker/1:2-events
09:25:38 PM     0    207171      1.00      0.00  sleep
09:25:38 PM     0    207173      1.00      0.00  sleep
09:25:38 PM     0    207176      1.00      0.00  sleep

09:25:38 PM   UID       PID   cswch/s nvcswch/s  Command
09:25:39 PM     0        16      2.00      0.00  ksoftirqd/0
09:25:39 PM     0        17     20.00      0.00  rcu_preempt
09:25:39 PM     0        24      1.00      0.00  ksoftirqd/1
09:25:39 PM     0        42      1.00      0.00  ksoftirqd/4
09:25:39 PM     0        72      1.00      0.00  ksoftirqd/9
09:25:39 PM     0        78      1.00      0.00  ksoftirqd/10
09:25:39 PM     0        95      2.00      0.00  kcompactd0
09:25:39 PM     0       453      1.00      0.00  multipathd
09:25:39 PM     0     88840      1.00      0.00  kworker/u24:1-edac-poller
09:25:39 PM     0    179405      1.00      0.00  kworker/6:1-mm_percpu_wq
09:25:39 PM     0    180922      3.00      0.00  kworker/2:0-events
09:25:39 PM     0    189255      1.00      0.00  kworker/7:2-mm_percpu_wq
09:25:39 PM     0    190951      2.00      0.00  kworker/10:0-events
09:25:39 PM     0    197671      1.00      0.00  kworker/0:1-mm_percpu_wq
09:25:39 PM     0    198726      2.00      0.00  kworker/9:0-events
09:25:39 PM     0    199074      3.00      0.00  kworker/4:1-events
09:25:39 PM     0    205093      3.00      0.00  kworker/5:2-events
09:25:39 PM     0    205980      1.00      0.00  iostat
09:25:39 PM     0    205981      1.00      0.00  pidstat
09:25:39 PM     0    205982      5.00      0.00  bash
09:25:39 PM     0    205983      8.00      0.00  bash
09:25:39 PM     0    205984      4.00      0.00  bash
09:25:39 PM     0    205986    100.00      0.00  fio
09:25:39 PM     0    206510      3.00      0.00  kworker/1:2-mm_percpu_wq
09:25:39 PM     0    207187      1.00      0.00  sleep
09:25:39 PM     0    207188      1.00      0.00  sleep
09:25:39 PM     0    207191      1.00      0.00  sleep

09:25:39 PM   UID       PID   cswch/s nvcswch/s  Command
09:25:40 PM     0        17     20.00      0.00  rcu_preempt
09:25:40 PM     0        24      2.00      0.00  ksoftirqd/1
09:25:40 PM     0        41      1.00      0.00  migration/4
09:25:40 PM     0        60      1.00      0.00  ksoftirqd/7
09:25:40 PM     0        78      1.00      0.00  ksoftirqd/10
09:25:40 PM     0        95      2.00      0.00  kcompactd0
09:25:40 PM     0       102      1.00      0.00  irq/9-acpi
09:25:40 PM     0       453      1.00      0.00  multipathd
09:25:40 PM     0     88840      1.00      0.00  kworker/u24:1-events_unbound
09:25:40 PM     0    179405      1.00      0.00  kworker/6:1-events
09:25:40 PM     0    180922      4.00      0.00  kworker/2:0-events
09:25:40 PM     0    186893      1.00      0.00  kworker/11:0-mm_percpu_wq
09:25:40 PM     0    189255      2.00      0.00  kworker/7:2-events
09:25:40 PM     0    193064      1.00      0.00  kworker/u24:0-events_power_efficient
09:25:40 PM     0    197671      2.00      0.00  kworker/0:1-events
09:25:40 PM     0    198726      2.00      0.00  kworker/9:0-events
09:25:40 PM     0    199074      3.00      0.00  kworker/4:1-events
09:25:40 PM     0    199741      1.00      0.00  kworker/3:1-mm_percpu_wq
09:25:40 PM     0    200447      1.00      0.00  kworker/5:1-i915-unordered
09:25:40 PM     0    205093      8.00      0.00  kworker/5:2-pm
09:25:40 PM     0    205980      1.00      0.00  iostat
09:25:40 PM     0    205981      1.00      0.00  pidstat
09:25:40 PM     0    205982      5.00      0.00  bash
09:25:40 PM     0    205983      6.00      1.00  bash
09:25:40 PM     0    205984      4.00      0.00  bash
09:25:40 PM     0    205986     99.00      0.00  fio
09:25:40 PM     0    206510      5.00      0.00  kworker/1:2-events
09:25:40 PM     0    207201      1.00      0.00  sleep
09:25:40 PM     0    207203      1.00      0.00  sleep
09:25:40 PM     0    207206      1.00      0.00  sleep

09:25:40 PM   UID       PID   cswch/s nvcswch/s  Command
09:25:41 PM     0        17     18.00      0.00  rcu_preempt
09:25:41 PM     0        24      1.00      0.00  ksoftirqd/1
09:25:41 PM     0        54      2.00      0.00  ksoftirqd/6
09:25:41 PM     0        78      1.00      0.00  ksoftirqd/10
09:25:41 PM     0        95      2.00      0.00  kcompactd0
09:25:41 PM     0       453      1.00      0.00  multipathd
09:25:41 PM     0       562      3.00      0.00  jbd2/nvme1n1p3-8
09:25:41 PM     0     88840      4.00      0.00  kworker/u24:1-events_unbound
09:25:41 PM     0    179405      3.00      0.00  kworker/6:1-events
09:25:41 PM     0    180922      3.00      0.00  kworker/2:0-events
09:25:41 PM     0    189255      2.00      0.00  kworker/7:2-events
09:25:41 PM     0    190951      1.00      0.00  kworker/10:0-mm_percpu_wq
09:25:41 PM     0    197671      1.00      0.00  kworker/0:1-events
09:25:41 PM     0    198726      2.00      0.00  kworker/9:0-events
09:25:41 PM     0    199074      3.00      0.00  kworker/4:1-events
09:25:41 PM     0    199741      1.00      0.00  kworker/3:1-mm_percpu_wq
09:25:41 PM     0    205093      2.00      0.00  kworker/5:2-mm_percpu_wq
09:25:41 PM     0    205980      1.00      0.00  iostat
09:25:41 PM     0    205981      1.00      1.00  pidstat
09:25:41 PM     0    205982      5.00      0.00  bash
09:25:41 PM     0    205983      8.00      0.00  bash
09:25:41 PM     0    205984      4.00      0.00  bash
09:25:41 PM     0    205986     99.00      0.00  fio
09:25:41 PM     0    206510      4.00      0.00  kworker/1:2-mm_percpu_wq
09:25:41 PM     0    207217      1.00      0.00  sleep
09:25:41 PM     0    207218      1.00      0.00  sleep
09:25:41 PM     0    207221      1.00      0.00  sleep

09:25:41 PM   UID       PID   cswch/s nvcswch/s  Command
09:25:42 PM     0        16      2.00      0.00  ksoftirqd/0
09:25:42 PM     0        17     21.00      0.00  rcu_preempt
09:25:42 PM     0        18      1.00      0.00  migration/0
09:25:42 PM     0        23      1.00      0.00  migration/1
09:25:42 PM     0        24      2.00      0.00  ksoftirqd/1
09:25:42 PM     0        29      1.00      0.00  migration/2
09:25:42 PM     0        35      1.00      0.00  migration/3
09:25:42 PM     0        41      1.00      0.00  migration/4
09:25:42 PM     0        42      1.00      0.00  ksoftirqd/4
09:25:42 PM     0        47      1.00      0.00  migration/5
09:25:42 PM     0        48      1.00      0.00  ksoftirqd/5
09:25:42 PM     0        53      1.00      0.00  migration/6
09:25:42 PM     0        59      1.00      0.00  migration/7
09:25:42 PM     0        65      1.00      0.00  migration/8
09:25:42 PM     0        71      2.00      0.00  migration/9
09:25:42 PM     0        77      1.00      0.00  migration/10
09:25:42 PM     0        83      1.00      0.00  migration/11
09:25:42 PM     0        95      2.00      0.00  kcompactd0
09:25:42 PM     0       453      1.00      0.00  multipathd
09:25:42 PM     0     88840      2.00      0.00  kworker/u24:1-events_power_efficient
09:25:42 PM     0    179405      1.00      0.00  kworker/6:1-mm_percpu_wq
09:25:42 PM     0    180922      2.00      0.00  kworker/2:0-events
09:25:42 PM     0    186893      1.00      0.00  kworker/11:0-mm_percpu_wq
09:25:42 PM     0    189255      3.00      0.00  kworker/7:2-events
09:25:42 PM     0    193064      2.00      0.00  kworker/u24:0-events_power_efficient
09:25:42 PM     0    198726      4.00      0.00  kworker/9:0-events
09:25:42 PM     0    199074      4.00      0.00  kworker/4:1-events
09:25:42 PM     0    205093      1.00      0.00  kworker/5:2-events
09:25:42 PM     0    205980      1.00      0.00  iostat
09:25:42 PM     0    205981      1.00      0.00  pidstat
09:25:42 PM     0    205982      5.00      0.00  bash
09:25:42 PM     0    205983      8.00      0.00  bash
09:25:42 PM     0    205984      4.00      0.00  bash
09:25:42 PM     0    205986     99.00      0.00  fio
09:25:42 PM     0    206510      3.00      0.00  kworker/1:2-events
09:25:42 PM     0    207232      1.00      0.00  sleep
09:25:42 PM     0    207233      1.00      0.00  sleep
09:25:42 PM     0    207236      1.00      0.00  sleep

09:25:42 PM   UID       PID   cswch/s nvcswch/s  Command
09:25:43 PM     0        16      1.00      0.00  ksoftirqd/0
09:25:43 PM     0        17     20.00      0.00  rcu_preempt
09:25:43 PM     0        24      1.00      0.00  ksoftirqd/1
09:25:43 PM     0        36      1.00      0.00  ksoftirqd/3
09:25:43 PM     0        42      1.00      0.00  ksoftirqd/4
09:25:43 PM     0        48      1.00      0.00  ksoftirqd/5
09:25:43 PM     0        78      1.00      0.00  ksoftirqd/10
09:25:43 PM     0        95      2.00      0.00  kcompactd0
09:25:43 PM     0       453      1.00      0.00  multipathd
09:25:43 PM     0     21554      1.00      0.00  packagekitd
09:25:43 PM     0     88840      1.00      0.00  kworker/u24:1-events_power_efficient
09:25:43 PM     0    180922      1.00      0.00  kworker/2:0-events
09:25:43 PM     0    189255      1.00      0.00  kworker/7:2-events
09:25:43 PM     0    190951      1.00      0.00  kworker/10:0-mm_percpu_wq
09:25:43 PM     0    193064      2.00      0.00  kworker/u24:0-events_power_efficient
09:25:43 PM     0    197671      1.00      0.00  kworker/0:1-mm_percpu_wq
09:25:43 PM     0    198726      1.00      0.00  kworker/9:0-events
09:25:43 PM     0    199074      4.00      0.00  kworker/4:1-mm_percpu_wq
09:25:43 PM     0    199741      2.00      0.00  kworker/3:1-mm_percpu_wq
09:25:43 PM     0    205980      1.00      0.00  iostat
09:25:43 PM     0    205981      1.00      1.00  pidstat
09:25:43 PM     0    205982      5.00      0.00  bash
09:25:43 PM     0    205983      6.00      0.00  bash
09:25:43 PM     0    205984      4.00      0.00  bash
09:25:43 PM     0    205986     99.00      0.00  fio
09:25:43 PM     0    206510      3.00      0.00  kworker/1:2-events
09:25:43 PM     0    207246      1.00      0.00  sleep
09:25:43 PM     0    207248      1.00      0.00  sleep
09:25:43 PM     0    207251      1.00      0.00  sleep

09:25:43 PM   UID       PID   cswch/s nvcswch/s  Command
09:25:44 PM     0        17     16.00      0.00  rcu_preempt
09:25:44 PM     0        24      2.00      0.00  ksoftirqd/1
09:25:44 PM     0        42      1.00      0.00  ksoftirqd/4
09:25:44 PM     0        95      2.00      0.00  kcompactd0
09:25:44 PM     0       113      1.00      0.00  kworker/5:1H-kblockd
09:25:44 PM     0       453      1.00      0.00  multipathd
09:25:44 PM     0     88840      4.00      0.00  kworker/u24:1-writeback
09:25:44 PM     0    180922      3.00      0.00  kworker/2:0-events
09:25:44 PM     0    186893      1.00      0.00  kworker/11:0-mm_percpu_wq
09:25:44 PM     0    189255      2.00      0.00  kworker/7:2-events
09:25:44 PM     0    193064      1.00      0.00  kworker/u24:0-events_power_efficient
09:25:44 PM     0    197671      1.00      0.00  kworker/0:1-events
09:25:44 PM     0    198726      2.00      0.00  kworker/9:0-events
09:25:44 PM     0    199074      3.00      0.00  kworker/4:1-events
09:25:44 PM     0    205093      2.00      0.00  kworker/5:2-events
09:25:44 PM     0    205980      1.00      0.00  iostat
09:25:44 PM     0    205981      1.00      0.00  pidstat
09:25:44 PM     0    205982      5.00      0.00  bash
09:25:44 PM     0    205983      7.00      0.00  bash
09:25:44 PM     0    205984      4.00      0.00  bash
09:25:44 PM     0    205986     99.00      0.00  fio
09:25:44 PM     0    206510      5.00      0.00  kworker/1:2-events
09:25:44 PM     0    207262      1.00      0.00  sleep
09:25:44 PM     0    207263      1.00      0.00  sleep
09:25:44 PM     0    207266      1.00      0.00  sleep

09:25:44 PM   UID       PID   cswch/s nvcswch/s  Command
09:25:45 PM     0        16      1.00      0.00  ksoftirqd/0
09:25:45 PM     0        17     21.00      0.00  rcu_preempt
09:25:45 PM     0        24      2.00      0.00  ksoftirqd/1
09:25:45 PM     0        35      1.00      0.00  migration/3
09:25:45 PM     0        36      2.00      0.00  ksoftirqd/3
09:25:45 PM     0        95      2.00      0.00  kcompactd0
09:25:45 PM     0       359      3.00      0.00  jbd2/nvme1n1p2-8
09:25:45 PM     0       415      1.00      0.00  systemd-journal
09:25:45 PM     0       453      1.00      0.00  multipathd
09:25:45 PM     0     88840      2.00      0.00  kworker/u24:1-events_unbound
09:25:45 PM     0    179405      2.00      0.00  kworker/6:1-events
09:25:45 PM     0    180922      3.00      0.00  kworker/2:0-events
09:25:45 PM     0    186893      1.00      0.00  kworker/11:0-mm_percpu_wq
09:25:45 PM     0    190951      2.00      0.00  kworker/10:0-events
09:25:45 PM     0    197671      1.00      0.00  kworker/0:1-events
09:25:45 PM     0    199074      2.00      0.00  kworker/4:1-mm_percpu_wq
09:25:45 PM     0    199741      2.00      0.00  kworker/3:1-events
09:25:45 PM     0    205980      1.00      0.00  iostat
09:25:45 PM     0    205981      1.00      0.00  pidstat
09:25:45 PM     0    205982      5.00      0.00  bash
09:25:45 PM     0    205983      6.00      0.00  bash
09:25:45 PM     0    205984      4.00      0.00  bash
09:25:45 PM     0    205986     99.00      0.00  fio
09:25:45 PM     0    206510      5.00      0.00  kworker/1:2-mm_percpu_wq
09:25:45 PM     0    207276      1.00      1.00  sleep
09:25:45 PM     0    207278      1.00      0.00  sleep
09:25:45 PM     0    207281      1.00      0.00  sleep

09:25:45 PM   UID       PID   cswch/s nvcswch/s  Command
09:25:46 PM     0        16      2.00      0.00  ksoftirqd/0
09:25:46 PM     0        17     24.00      0.00  rcu_preempt
09:25:46 PM     0        18      1.00      0.00  migration/0
09:25:46 PM     0        23      1.00      0.00  migration/1
09:25:46 PM     0        29      1.00      0.00  migration/2
09:25:46 PM     0        35      1.00      0.00  migration/3
09:25:46 PM     0        36      1.00      0.00  ksoftirqd/3
09:25:46 PM     0        41      1.00      0.00  migration/4
09:25:46 PM     0        47      2.00      0.00  migration/5
09:25:46 PM     0        53      1.00      0.00  migration/6
09:25:46 PM     0        59      1.00      0.00  migration/7
09:25:46 PM     0        65      1.00      0.00  migration/8
09:25:46 PM     0        66      1.00      0.00  ksoftirqd/8
09:25:46 PM     0        71      1.00      0.00  migration/9
09:25:46 PM     0        77      1.00      0.00  migration/10
09:25:46 PM     0        78      2.00      0.00  ksoftirqd/10
09:25:46 PM     0        83      2.00      0.00  migration/11
09:25:46 PM     0        84      2.00      0.00  ksoftirqd/11
09:25:46 PM     0        95      2.00      0.00  kcompactd0
09:25:46 PM     0       453      1.00      0.00  multipathd
09:25:46 PM     0       562      3.00      0.00  jbd2/nvme1n1p3-8
09:25:46 PM     0     88840      3.00      0.00  kworker/u24:1-events_unbound
09:25:46 PM     0    179405      2.00      0.00  kworker/6:1-mm_percpu_wq
09:25:46 PM     0    180922      3.00      0.00  kworker/2:0-events
09:25:46 PM     0    182585      1.00      0.00  kworker/8:1-events
09:25:46 PM     0    186893      3.00      0.00  kworker/11:0-events
09:25:46 PM     0    189255      2.00      0.00  kworker/7:2-events
09:25:46 PM     0    190951      1.00      0.00  kworker/10:0-mm_percpu_wq
09:25:46 PM     0    197671      1.00      0.00  kworker/0:1-events
09:25:46 PM     0    198726      1.00      0.00  kworker/9:0-mm_percpu_wq
09:25:46 PM     0    199074      1.00      0.00  kworker/4:1-events
09:25:46 PM     0    199741      3.00      0.00  kworker/3:1-events
09:25:46 PM     0    205093      1.00      0.00  kworker/5:2-mm_percpu_wq
09:25:46 PM     0    205980      1.00      0.00  iostat
09:25:46 PM     0    205981      1.00      0.00  pidstat
09:25:46 PM     0    205982      5.00      0.00  bash
09:25:46 PM     0    205983      8.00      0.00  bash
09:25:46 PM     0    205984      4.00      0.00  bash
09:25:46 PM     0    205986     99.00      0.00  fio
09:25:46 PM     0    206510      1.00      0.00  kworker/1:2-events
09:25:46 PM     0    207293      1.00      0.00  sleep
09:25:46 PM     0    207294      1.00      0.00  sleep
09:25:46 PM     0    207297      1.00      0.00  sleep

09:25:46 PM   UID       PID   cswch/s nvcswch/s  Command
09:25:47 PM     0        17     15.00      0.00  rcu_preempt
09:25:47 PM     0        60      1.00      0.00  ksoftirqd/7
09:25:47 PM     0        78      3.00      0.00  ksoftirqd/10
09:25:47 PM     0        84      2.00      0.00  ksoftirqd/11
09:25:47 PM     0        95      2.00      0.00  kcompactd0
09:25:47 PM     0       453      1.00      0.00  multipathd
09:25:47 PM     0     88840      2.00      0.00  kworker/u24:1-edac-poller
09:25:47 PM     0    179405      1.00      0.00  kworker/6:1-events
09:25:47 PM     0    180922      2.00      0.00  kworker/2:0-events
09:25:47 PM     0    182585      1.00      0.00  kworker/8:1-mm_percpu_wq
09:25:47 PM     0    186893      3.00      0.00  kworker/11:0-mm_percpu_wq
09:25:47 PM     0    190951      4.00      0.00  kworker/10:0-mm_percpu_wq
09:25:47 PM     0    197671      1.00      0.00  kworker/0:1-mm_percpu_wq
09:25:47 PM     0    199074      1.00      0.00  kworker/4:1-events
09:25:47 PM     0    199741      1.00      0.00  kworker/3:1-events
09:25:47 PM     0    205093      1.00      0.00  kworker/5:2-events
09:25:47 PM     0    205980      1.00      0.00  iostat
09:25:47 PM     0    205981      1.00      0.00  pidstat
09:25:47 PM     0    205982      5.00      0.00  bash
09:25:47 PM     0    205983      7.00      1.00  bash
09:25:47 PM     0    205984      4.00      0.00  bash
09:25:47 PM     0    205986    100.00      0.00  fio
09:25:47 PM     0    206510      2.00      0.00  kworker/1:2-mm_percpu_wq
09:25:47 PM     0    207307      1.00      0.00  sleep
09:25:47 PM     0    207309      1.00      0.00  sleep
09:25:47 PM     0    207312      1.00      0.00  sleep

09:25:47 PM   UID       PID   cswch/s nvcswch/s  Command
09:25:48 PM     0        16      3.00      0.00  ksoftirqd/0
09:25:48 PM     0        17     15.00      0.00  rcu_preempt
09:25:48 PM     0        24      1.00      0.00  ksoftirqd/1
09:25:48 PM     0        36      1.00      0.00  ksoftirqd/3
09:25:48 PM     0        53      1.00      0.00  migration/6
09:25:48 PM     0        72      1.00      0.00  ksoftirqd/9
09:25:48 PM     0        95      2.00      0.00  kcompactd0
09:25:48 PM     0       453      1.00      0.00  multipathd
09:25:48 PM     0     88840      1.00      0.00  kworker/u24:1-events_power_efficient
09:25:48 PM     0    179405      1.00      0.00  kworker/6:1-mm_percpu_wq
09:25:48 PM     0    180922      3.00      0.00  kworker/2:0-events
09:25:48 PM     0    189255      2.00      0.00  kworker/7:2-events
09:25:48 PM     0    193064      2.00      0.00  kworker/u24:0-edac-poller
09:25:48 PM     0    198726      2.00      0.00  kworker/9:0-events
09:25:48 PM     0    199074      2.00      0.00  kworker/4:1-events
09:25:48 PM     0    199741      2.00      0.00  kworker/3:1-events
09:25:48 PM     0    205093      2.00      0.00  kworker/5:2-events
09:25:48 PM     0    205980      1.00      0.00  iostat
09:25:48 PM     0    205981      1.00      0.00  pidstat
09:25:48 PM     0    205982      5.00      0.00  bash
09:25:48 PM     0    205983      8.00      0.00  bash
09:25:48 PM     0    205984      4.00      0.00  bash
09:25:48 PM     0    205986     99.00      0.00  fio
09:25:48 PM     0    206510      5.00      0.00  kworker/1:2-events
09:25:48 PM     0    207323      1.00      0.00  sleep
09:25:48 PM     0    207324      1.00      0.00  sleep
09:25:48 PM     0    207327      1.00      0.00  sleep

09:25:48 PM   UID       PID   cswch/s nvcswch/s  Command
09:25:49 PM     0        16      1.00      0.00  ksoftirqd/0
09:25:49 PM     0        17     14.00      0.00  rcu_preempt
09:25:49 PM     0        24      1.00      0.00  ksoftirqd/1
09:25:49 PM     0        36      1.00      0.00  ksoftirqd/3
09:25:49 PM     0        48      1.00      0.00  ksoftirqd/5
09:25:49 PM     0        54      1.00      0.00  ksoftirqd/6
09:25:49 PM     0        95      2.00      0.00  kcompactd0
09:25:49 PM     0       453      1.00      0.00  multipathd
09:25:49 PM     0    179405      1.00      0.00  kworker/6:1-events
09:25:49 PM     0    180922      2.00      0.00  kworker/2:0-events
09:25:49 PM     0    182585      1.00      0.00  kworker/8:1-mm_percpu_wq
09:25:49 PM     0    189255      1.00      0.00  kworker/7:2-mm_percpu_wq
09:25:49 PM     0    190951      1.00      0.00  kworker/10:0-events
09:25:49 PM     0    193064      2.00      0.00  kworker/u24:0-edac-poller
09:25:49 PM     0    197671      1.00      0.00  kworker/0:1-events
09:25:49 PM     0    199074      2.00      0.00  kworker/4:1-mm_percpu_wq
09:25:49 PM     0    199741      1.00      0.00  kworker/3:1-mm_percpu_wq
09:25:49 PM     0    205093      2.00      0.00  kworker/5:2-events
09:25:49 PM     0    205980      1.00      0.00  iostat
09:25:49 PM     0    205981      1.00      0.00  pidstat
09:25:49 PM     0    205982      5.00      0.00  bash
09:25:49 PM     0    205983      6.00      0.00  bash
09:25:49 PM     0    205984      4.00      0.00  bash
09:25:49 PM     0    205986     99.00      0.00  fio
09:25:49 PM     0    206510      4.00      0.00  kworker/1:2-events
09:25:49 PM     0    207337      1.00      0.00  sleep
09:25:49 PM     0    207339      1.00      0.00  sleep
09:25:49 PM     0    207342      1.00      0.00  sleep

09:25:49 PM   UID       PID   cswch/s nvcswch/s  Command
09:25:50 PM     0        16      1.00      0.00  ksoftirqd/0
09:25:50 PM     0        17     12.00      0.00  rcu_preempt
09:25:50 PM     0        18      1.00      0.00  migration/0
09:25:50 PM     0        23      1.00      0.00  migration/1
09:25:50 PM     0        29      1.00      0.00  migration/2
09:25:50 PM     0        35      1.00      0.00  migration/3
09:25:50 PM     0        41      1.00      0.00  migration/4
09:25:50 PM     0        47      1.00      0.00  migration/5
09:25:50 PM     0        48      1.00      0.00  ksoftirqd/5
09:25:50 PM     0        53      1.00      0.00  migration/6
09:25:50 PM     0        54      1.00      0.00  ksoftirqd/6
09:25:50 PM     0        59      1.00      0.00  migration/7
09:25:50 PM     0        60      1.00      0.00  ksoftirqd/7
09:25:50 PM     0        65      1.00      0.00  migration/8
09:25:50 PM     0        71      1.00      0.00  migration/9
09:25:50 PM     0        77      1.00      0.00  migration/10
09:25:50 PM     0        83      1.00      0.00  migration/11
09:25:50 PM     0        95      2.00      0.00  kcompactd0
09:25:50 PM     0       102      1.00      0.00  irq/9-acpi
09:25:50 PM     0       187      1.00      0.00  kworker/0:1H-kblockd
09:25:50 PM     0       453      1.00      0.00  multipathd
09:25:50 PM     0    179405      2.00      0.00  kworker/6:1-events
09:25:50 PM     0    180922      2.00      0.00  kworker/2:0-events
09:25:50 PM     0    186893      4.00      0.00  kworker/11:0-events
09:25:50 PM     0    189255      2.00      0.00  kworker/7:2-events
09:25:50 PM     0    190951      2.00      0.00  kworker/10:0-events
09:25:50 PM     0    193064      4.00      0.00  kworker/u24:0-edac-poller
09:25:50 PM     0    197671      1.00      0.00  kworker/0:1-kacpi_notify
09:25:50 PM     0    198726      2.00      0.00  kworker/9:0-events
09:25:50 PM     0    199074      1.00      0.00  kworker/4:1-events
09:25:50 PM     0    199741      2.00      0.00  kworker/3:1-events
09:25:50 PM     0    200447    244.00      0.00  kworker/5:1+i915-unordered
09:25:50 PM     0    205093   1141.00      1.00  kworker/5:2-events
09:25:50 PM     0    205980      1.00      0.00  iostat
09:25:50 PM     0    205981      1.00      0.00  pidstat
09:25:50 PM     0    205982      5.00      0.00  bash
09:25:50 PM     0    205983      7.00      0.00  bash
09:25:50 PM     0    205984      4.00      0.00  bash
09:25:50 PM     0    205986     99.00      0.00  fio
09:25:50 PM     0    206510      2.00      0.00  kworker/1:2-events
09:25:50 PM     0    207353      1.00      0.00  sleep
09:25:50 PM     0    207356      1.00      0.00  sleep
09:25:50 PM     0    207357      1.00      0.00  sleep

09:25:50 PM   UID       PID   cswch/s nvcswch/s  Command
09:25:51 PM     0        17     17.00      0.00  rcu_preempt
09:25:51 PM     0        36      1.00      0.00  ksoftirqd/3
09:25:51 PM     0        54      1.00      0.00  ksoftirqd/6
09:25:51 PM     0        65      1.00      0.00  migration/8
09:25:51 PM     0        72      1.00      0.00  ksoftirqd/9
09:25:51 PM     0        78      1.00      0.00  ksoftirqd/10
09:25:51 PM     0        83      1.00      0.00  migration/11
09:25:51 PM     0        95      2.00      0.00  kcompactd0
09:25:51 PM     0       453      1.00      0.00  multipathd
09:25:51 PM     0       562      3.00      0.00  jbd2/nvme1n1p3-8
09:25:51 PM     0     88840      1.00      0.00  kworker/u24:1-events_power_efficient
09:25:51 PM     0    179405      1.00      0.00  kworker/6:1-events
09:25:51 PM     0    180922      1.00      0.00  kworker/2:0-events
09:25:51 PM     0    182585      1.00      0.00  kworker/8:1-mm_percpu_wq
09:25:51 PM     0    186893      1.00      0.00  kworker/11:0-mm_percpu_wq
09:25:51 PM     0    190951      2.00      0.00  kworker/10:0-mm_percpu_wq
09:25:51 PM     0    193064      7.00      0.00  kworker/u24:0-writeback
09:25:51 PM     0    197671      1.00      0.00  kworker/0:1-mm_percpu_wq
09:25:51 PM     0    198726      2.00      0.00  kworker/9:0-events
09:25:51 PM     0    199074      2.00      0.00  kworker/4:1-mm_percpu_wq
09:25:51 PM     0    199741      4.00      0.00  kworker/3:1-mm_percpu_wq
09:25:51 PM     0    200447    889.00      0.00  kworker/5:1-i915-unordered
09:25:51 PM     0    205980      1.00      0.00  iostat
09:25:51 PM     0    205981      1.00      1.00  pidstat
09:25:51 PM     0    205982      5.00      0.00  bash
09:25:51 PM     0    205983      6.00      0.00  bash
09:25:51 PM     0    205984      4.00      0.00  bash
09:25:51 PM     0    205986     99.00      0.00  fio
09:25:51 PM     0    207369      1.00      0.00  sleep
09:25:51 PM     0    207370      1.00      0.00  sleep
09:25:51 PM     0    207372      1.00      0.00  sleep

09:25:51 PM   UID       PID   cswch/s nvcswch/s  Command
09:25:52 PM     0        17     20.00      0.00  rcu_preempt
09:25:52 PM     0        36      1.00      0.00  ksoftirqd/3
09:25:52 PM     0        42      1.00      0.00  ksoftirqd/4
09:25:52 PM     0        48      1.00      0.00  ksoftirqd/5
09:25:52 PM     0        54      1.00      0.00  ksoftirqd/6
09:25:52 PM     0        78      1.00      0.00  ksoftirqd/10
09:25:52 PM     0        95      2.00      0.00  kcompactd0
09:25:52 PM     0       453      1.00      0.00  multipathd
09:25:52 PM     0    179405      3.00      0.00  kworker/6:1-events
09:25:52 PM     0    180922      3.00      0.00  kworker/2:0-events
09:25:52 PM     0    189255      3.00      0.00  kworker/7:2-events
09:25:52 PM     0    190951      2.00      0.00  kworker/10:0-events
09:25:52 PM     0    193064      1.00      0.00  kworker/u24:0-edac-poller
09:25:52 PM     0    197671      3.00      0.00  kworker/0:1-events
09:25:52 PM     0    198726      2.00      0.00  kworker/9:0-events
09:25:52 PM     0    199074      1.00      0.00  kworker/4:1-events
09:25:52 PM     0    199741      3.00      0.00  kworker/3:1-events
09:25:52 PM     0    200447      1.00      0.00  kworker/5:1-mm_percpu_wq
09:25:52 PM     0    205980      1.00      0.00  iostat
09:25:52 PM     0    205981      1.00      0.00  pidstat
09:25:52 PM     0    205982      5.00      0.00  bash
09:25:52 PM     0    205983      6.00      0.00  bash
09:25:52 PM     0    205984      4.00      0.00  bash
09:25:52 PM     0    205986     99.00      0.00  fio
09:25:52 PM     0    206510      2.00      0.00  kworker/1:2-events
09:25:52 PM     0    207375      1.00      0.00  sleep
09:25:52 PM     0    207385      1.00      0.00  sleep
09:25:52 PM     0    207387      1.00      0.00  sleep

09:25:52 PM   UID       PID   cswch/s nvcswch/s  Command
09:25:53 PM     0        16      1.00      0.00  ksoftirqd/0
09:25:53 PM     0        17     20.00      0.00  rcu_preempt
09:25:53 PM     0        36      1.00      0.00  ksoftirqd/3
09:25:53 PM     0        42      1.00      0.00  ksoftirqd/4
09:25:53 PM     0        48      1.00      0.00  ksoftirqd/5
09:25:53 PM     0        78      3.00      0.00  ksoftirqd/10
09:25:53 PM     0        95      2.00      0.00  kcompactd0
09:25:53 PM     0       453      1.00      0.00  multipathd
09:25:53 PM     0     21554      1.00      0.00  packagekitd
09:25:53 PM     0    179405      1.00      0.00  kworker/6:1-mm_percpu_wq
09:25:53 PM     0    180922      2.00      0.00  kworker/2:0-events
09:25:53 PM     0    182585      1.00      0.00  kworker/8:1-mm_percpu_wq
09:25:53 PM     0    186893      1.00      0.00  kworker/11:0-mm_percpu_wq
09:25:53 PM     0    189255      1.00      0.00  kworker/7:2-mm_percpu_wq
09:25:53 PM     0    190951      2.00      0.00  kworker/10:0-events
09:25:53 PM     0    193064      2.00      0.00  kworker/u24:0-edac-poller
09:25:53 PM     0    197671      2.00      0.00  kworker/0:1-events
09:25:53 PM     0    198726      1.00      0.00  kworker/9:0-mm_percpu_wq
09:25:53 PM     0    199074      2.00      0.00  kworker/4:1-events
09:25:53 PM     0    199741      3.00      0.00  kworker/3:1-events
09:25:53 PM     0    200447      1.00      0.00  kworker/5:1-events
09:25:53 PM     0    205980      1.00      0.00  iostat
09:25:53 PM     0    205981      1.00      1.00  pidstat
09:25:53 PM     0    205982      5.00      0.00  bash
09:25:53 PM     0    205983      8.00      0.00  bash
09:25:53 PM     0    205984      4.00      0.00  bash
09:25:53 PM     0    205986    100.00      0.00  fio
09:25:53 PM     0    207390      1.00      0.00  sleep
09:25:53 PM     0    207401      1.00      0.00  sleep
09:25:53 PM     0    207402      1.00      0.00  sleep

09:25:53 PM   UID       PID   cswch/s nvcswch/s  Command
09:25:54 PM     0        16      1.00      0.00  ksoftirqd/0
09:25:54 PM     0        17     19.00      0.00  rcu_preempt
09:25:54 PM     0        18      1.00      0.00  migration/0
09:25:54 PM     0        23      1.00      0.00  migration/1
09:25:54 PM     0        24      1.00      0.00  ksoftirqd/1
09:25:54 PM     0        29      1.00      0.00  migration/2
09:25:54 PM     0        35      1.00      0.00  migration/3
09:25:54 PM     0        41      1.00      0.00  migration/4
09:25:54 PM     0        47      1.00      0.00  migration/5
09:25:54 PM     0        53      1.00      0.00  migration/6
09:25:54 PM     0        59      2.00      0.00  migration/7
09:25:54 PM     0        60      1.00      0.00  ksoftirqd/7
09:25:54 PM     0        65      1.00      0.00  migration/8
09:25:54 PM     0        71      1.00      0.00  migration/9
09:25:54 PM     0        77      1.00      0.00  migration/10
09:25:54 PM     0        78      1.00      0.00  ksoftirqd/10
09:25:54 PM     0        83      1.00      0.00  migration/11
09:25:54 PM     0        84      1.00      0.00  ksoftirqd/11
09:25:54 PM     0        95      2.00      0.00  kcompactd0
09:25:54 PM     0       453      1.00      0.00  multipathd
09:25:54 PM     0     88840      2.00      0.00  kworker/u24:1-edac-poller
09:25:54 PM     0    179405      1.00      0.00  kworker/6:1-events
09:25:54 PM     0    180922      2.00      0.00  kworker/2:0-events
09:25:54 PM     0    189255      3.00      0.00  kworker/7:2-events
09:25:54 PM     0    190951      2.00      0.00  kworker/10:0-events
09:25:54 PM     0    193064      1.00      0.00  kworker/u24:0-events_power_efficient
09:25:54 PM     0    197671      1.00      0.00  kworker/0:1-events
09:25:54 PM     0    199074      2.00      0.00  kworker/4:1-events
09:25:54 PM     0    199741      2.00      0.00  kworker/3:1-events
09:25:54 PM     0    200447      2.00      0.00  kworker/5:1-events
09:25:54 PM     0    205980      1.00      0.00  iostat
09:25:54 PM     0    205981      1.00      0.00  pidstat
09:25:54 PM     0    205982      5.00      0.00  bash
09:25:54 PM     0    205983      8.00      0.00  bash
09:25:54 PM     0    205984      4.00      0.00  bash
09:25:54 PM     0    205986     99.00      0.00  fio
09:25:54 PM     0    206510      3.00      0.00  kworker/1:2-events
09:25:54 PM     0    207405      1.00      0.00  sleep
09:25:54 PM     0    207416      1.00      1.00  sleep
09:25:54 PM     0    207417      1.00      0.00  sleep

09:25:54 PM   UID       PID   cswch/s nvcswch/s  Command
09:25:55 PM     0        17     21.00      0.00  rcu_preempt
09:25:55 PM     0        42      1.00      0.00  ksoftirqd/4
09:25:55 PM     0        60      2.00      0.00  ksoftirqd/7
09:25:55 PM     0        78      1.00      0.00  ksoftirqd/10
09:25:55 PM     0        84      3.00      0.00  ksoftirqd/11
09:25:55 PM     0        95      2.00      0.00  kcompactd0
09:25:55 PM     0       453      1.00      0.00  multipathd
09:25:55 PM     0     88840      5.00      0.00  kworker/u24:1-writeback
09:25:55 PM     0    179405      1.00      0.00  kworker/6:1-events
09:25:55 PM     0    180922      2.00      0.00  kworker/2:0-events
09:25:55 PM     0    182585      1.00      0.00  kworker/8:1-mm_percpu_wq
09:25:55 PM     0    186893      3.00      0.00  kworker/11:0-events
09:25:55 PM     0    189255      3.00      0.00  kworker/7:2-mm_percpu_wq
09:25:55 PM     0    190951      2.00      0.00  kworker/10:0-events
09:25:55 PM     0    197671      2.00      0.00  kworker/0:1-mm_percpu_wq
09:25:55 PM     0    198726      1.00      0.00  kworker/9:0-mm_percpu_wq
09:25:55 PM     0    199074      3.00      0.00  kworker/4:1-mm_percpu_wq
09:25:55 PM     0    199741      1.00      0.00  kworker/3:1-events
09:25:55 PM     0    200447      1.00      0.00  kworker/5:1-events
09:25:55 PM     0    205980      1.00      0.00  iostat
09:25:55 PM     0    205981      1.00      0.00  pidstat
09:25:55 PM     0    205982      5.00      0.00  bash
09:25:55 PM     0    205983      7.00      0.00  bash
09:25:55 PM     0    205984      4.00      0.00  bash
09:25:55 PM     0    205986     99.00      0.00  fio
09:25:55 PM     0    207420      1.00      0.00  sleep
09:25:55 PM     0    207431      1.00      0.00  sleep
09:25:55 PM     0    207432      1.00      0.00  sleep

09:25:55 PM   UID       PID   cswch/s nvcswch/s  Command
09:25:56 PM     0        17     22.00      0.00  rcu_preempt
09:25:56 PM     0        24      1.00      0.00  ksoftirqd/1
09:25:56 PM     0        54      1.00      0.00  ksoftirqd/6
09:25:56 PM     0        60      1.00      0.00  ksoftirqd/7
09:25:56 PM     0        78      2.00      0.00  ksoftirqd/10
09:25:56 PM     0        95      1.00      0.00  kcompactd0
09:25:56 PM     0       453      1.00      0.00  multipathd
09:25:56 PM     0       562      3.00      0.00  jbd2/nvme1n1p3-8
09:25:56 PM     0     88840      1.00      0.00  kworker/u24:1-edac-poller
09:25:56 PM     0    179405      3.00      0.00  kworker/6:1-events
09:25:56 PM     0    180922      4.00      0.00  kworker/2:0-events
09:25:56 PM     0    182585      1.00      0.00  kworker/8:1-mm_percpu_wq
09:25:56 PM     0    186893      5.00      0.00  kworker/11:0-mm_percpu_wq
09:25:56 PM     0    189255      3.00      0.00  kworker/7:2-events
09:25:56 PM     0    190951      3.00      0.00  kworker/10:0-mm_percpu_wq
09:25:56 PM     0    197671      1.00      0.00  kworker/0:1-events
09:25:56 PM     0    198726      1.00      0.00  kworker/9:0-mm_percpu_wq
09:25:56 PM     0    199074      3.00      0.00  kworker/4:1-events
09:25:56 PM     0    199741      2.00      0.00  kworker/3:1-events
09:25:56 PM     0    205980      1.00      0.00  iostat
09:25:56 PM     0    205981      1.00      0.00  pidstat
09:25:56 PM     0    205982      5.00      0.00  bash
09:25:56 PM     0    205983      7.00      0.00  bash
09:25:56 PM     0    205984      4.00      0.00  bash
09:25:56 PM     0    205986     99.00      0.00  fio
09:25:56 PM     0    206510      2.00      0.00  kworker/1:2-events
09:25:56 PM     0    207435      1.00      0.00  sleep
09:25:56 PM     0    207446      1.00      0.00  sleep
09:25:56 PM     0    207447      1.00      0.00  sleep

09:25:56 PM   UID       PID   cswch/s nvcswch/s  Command
09:25:57 PM     0        16      1.00      0.00  ksoftirqd/0
09:25:57 PM     0        17     18.00      0.00  rcu_preempt
09:25:57 PM     0        54      1.00      0.00  ksoftirqd/6
09:25:57 PM     0        78      2.00      0.00  ksoftirqd/10
09:25:57 PM     0        84      1.00      0.00  ksoftirqd/11
09:25:57 PM     0        95      2.00      0.00  kcompactd0
09:25:57 PM     0       194      1.00      0.00  kworker/8:1H-kblockd
09:25:57 PM     0       453      1.00      0.00  multipathd
09:25:57 PM     0     88840      2.00      0.00  kworker/u24:1-events_unbound
09:25:57 PM     0    179405      3.00      0.00  kworker/6:1-mm_percpu_wq
09:25:57 PM     0    180922      2.00      0.00  kworker/2:0-events
09:25:57 PM     0    182585      1.00      0.00  kworker/8:1-mm_percpu_wq
09:25:57 PM     0    186893      4.00      0.00  kworker/11:0-mm_percpu_wq
09:25:57 PM     0    190951      1.00      0.00  kworker/10:0-events
09:25:57 PM     0    197671      1.00      0.00  kworker/0:1-mm_percpu_wq
09:25:57 PM     0    198726      3.00      0.00  kworker/9:0-mm_percpu_wq
09:25:57 PM     0    199074      1.00      0.00  kworker/4:1-events
09:25:57 PM     0    199741      2.00      0.00  kworker/3:1-mm_percpu_wq
09:25:57 PM     0    200447      2.00      0.00  kworker/5:1-events
09:25:57 PM     0    205980      1.00      0.00  iostat
09:25:57 PM     0    205981      1.00      0.00  pidstat
09:25:57 PM     0    205982      5.00      0.00  bash
09:25:57 PM     0    205983      6.00      0.00  bash
09:25:57 PM     0    205984      4.00      0.00  bash
09:25:57 PM     0    205986     99.00      0.00  fio
09:25:57 PM     0    207450      1.00      0.00  sleep
09:25:57 PM     0    207460      1.00      0.00  sleep
09:25:57 PM     0    207462      1.00      0.00  sleep

09:25:57 PM   UID       PID   cswch/s nvcswch/s  Command
09:25:58 PM     0        16      2.00      1.00  ksoftirqd/0
09:25:58 PM     0        17     22.00      0.00  rcu_preempt
09:25:58 PM     0        18      1.00      0.00  migration/0
09:25:58 PM     0        23      1.00      0.00  migration/1
09:25:58 PM     0        29      1.00      0.00  migration/2
09:25:58 PM     0        35      1.00      0.00  migration/3
09:25:58 PM     0        36      1.00      0.00  ksoftirqd/3
09:25:58 PM     0        41      1.00      0.00  migration/4
09:25:58 PM     0        47      1.00      0.00  migration/5
09:25:58 PM     0        53      1.00      0.00  migration/6
09:25:58 PM     0        59      1.00      0.00  migration/7
09:25:58 PM     0        60      1.00      0.00  ksoftirqd/7
09:25:58 PM     0        65      1.00      0.00  migration/8
09:25:58 PM     0        71      1.00      0.00  migration/9
09:25:58 PM     0        72      1.00      0.00  ksoftirqd/9
09:25:58 PM     0        77      1.00      0.00  migration/10
09:25:58 PM     0        78      3.00      0.00  ksoftirqd/10
09:25:58 PM     0        83      1.00      0.00  migration/11
09:25:58 PM     0        84      1.00      0.00  ksoftirqd/11
09:25:58 PM     0        95      2.00      0.00  kcompactd0
09:25:58 PM     0       453      1.00      0.00  multipathd
09:25:58 PM     0     88840      1.00      0.00  kworker/u24:1-edac-poller
09:25:58 PM     0    180922      2.00      0.00  kworker/2:0-events
09:25:58 PM     0    182585      1.00      0.00  kworker/8:1-mm_percpu_wq
09:25:58 PM     0    186893      4.00      0.00  kworker/11:0-mm_percpu_wq
09:25:58 PM     0    189255      3.00      0.00  kworker/7:2-events
09:25:58 PM     0    190951      4.00      0.00  kworker/10:0-mm_percpu_wq
09:25:58 PM     0    197671      5.00      0.00  kworker/0:1-events
09:25:58 PM     0    198726      1.00      0.00  kworker/9:0-mm_percpu_wq
09:25:58 PM     0    199074      2.00      0.00  kworker/4:1-events
09:25:58 PM     0    199741      3.00      0.00  kworker/3:1-mm_percpu_wq
09:25:58 PM     0    200447      1.00      0.00  kworker/5:1-events
09:25:58 PM     0    205980      1.00      0.00  iostat
09:25:58 PM     0    205981      1.00      0.00  pidstat
09:25:58 PM     0    205982      5.00      1.00  bash
09:25:58 PM     0    205983      7.00      0.00  bash
09:25:58 PM     0    205984      4.00      0.00  bash
09:25:58 PM     0    205986     99.00      0.00  fio
09:25:58 PM     0    206510      2.00      0.00  kworker/1:2-events
09:25:58 PM     0    207465      1.00      0.00  sleep
09:25:58 PM     0    207476      1.00      0.00  sleep
09:25:58 PM     0    207477      1.00      0.00  sleep

09:25:58 PM   UID       PID   cswch/s nvcswch/s  Command
09:25:59 PM     0        17     20.00      0.00  rcu_preempt
09:25:59 PM     0        24      1.00      0.00  ksoftirqd/1
09:25:59 PM     0        78      1.00      0.00  ksoftirqd/10
09:25:59 PM     0        95      2.00      0.00  kcompactd0
09:25:59 PM     0       453      1.00      0.00  multipathd
09:25:59 PM     0     88840      1.00      0.00  kworker/u24:1-events_power_efficient
09:25:59 PM     0    179405      1.00      0.00  kworker/6:1-events
09:25:59 PM     0    180922      1.00      0.00  kworker/2:0-events
09:25:59 PM     0    182585      1.00      0.00  kworker/8:1-mm_percpu_wq
09:25:59 PM     0    186893      1.00      0.00  kworker/11:0-mm_percpu_wq
09:25:59 PM     0    190951      4.00      0.00  kworker/10:0-events
09:25:59 PM     0    193064      2.00      0.00  kworker/u24:0-edac-poller
09:25:59 PM     0    197671      2.00      0.00  kworker/0:1-mm_percpu_wq
09:25:59 PM     0    198726      1.00      0.00  kworker/9:0-mm_percpu_wq
09:25:59 PM     0    199074      2.00      0.00  kworker/4:1-events
09:25:59 PM     0    199741      4.00      0.00  kworker/3:1-mm_percpu_wq
09:25:59 PM     0    200447      2.00      0.00  kworker/5:1-events
09:25:59 PM     0    205980      1.00      0.00  iostat
09:25:59 PM     0    205981      1.00      0.00  pidstat
09:25:59 PM     0    205982      5.00      0.00  bash
09:25:59 PM     0    205983      7.00      0.00  bash
09:25:59 PM     0    205984      4.00      0.00  bash
09:25:59 PM     0    205986     99.00      0.00  fio
09:25:59 PM     0    206510      1.00      0.00  kworker/1:2-mm_percpu_wq
09:25:59 PM     0    207480      1.00      0.00  sleep
09:25:59 PM     0    207490      1.00      0.00  sleep
09:25:59 PM     0    207492      1.00      0.00  sleep

09:25:59 PM   UID       PID   cswch/s nvcswch/s  Command
09:26:00 PM     0        17     21.00      0.00  rcu_preempt
09:26:00 PM     0        42      1.00      0.00  ksoftirqd/4
09:26:00 PM     0        48      1.00      0.00  ksoftirqd/5
09:26:00 PM     0        84      1.00      0.00  ksoftirqd/11
09:26:00 PM     0        95      2.00      0.00  kcompactd0
09:26:00 PM     0       453      1.00      0.00  multipathd
09:26:00 PM     0     88840      3.00      0.00  kworker/u24:1-edac-poller
09:26:00 PM     0    179405      2.00      0.00  kworker/6:1-events
09:26:00 PM     0    180922      3.00      0.00  kworker/2:0-events
09:26:00 PM     0    186893      2.00      0.00  kworker/11:0-events
09:26:00 PM     0    189255      3.00      0.00  kworker/7:2-events
09:26:00 PM     0    193064      1.00      0.00  kworker/u24:0-events_power_efficient
09:26:00 PM     0    198726      1.00      0.00  kworker/9:0-mm_percpu_wq
09:26:00 PM     0    199074      2.00      0.00  kworker/4:1-events
09:26:00 PM     0    199741      3.00      0.00  kworker/3:1-events
09:26:00 PM     0    200447      1.00      0.00  kworker/5:1-events
09:26:00 PM     0    205980      1.00      0.00  iostat
09:26:00 PM     0    205981      1.00      0.00  pidstat
09:26:00 PM     0    205982      5.00      0.00  bash
09:26:00 PM     0    205983      7.00      0.00  bash
09:26:00 PM     0    205984      4.00      0.00  bash
09:26:00 PM     0    205986    100.00      0.00  fio
09:26:00 PM     0    206510      2.00      0.00  kworker/1:2-events
09:26:00 PM     0    207495      1.00      0.00  sleep
09:26:00 PM     0    207505      1.00      0.00  sleep
09:26:00 PM     0    207507      1.00      0.00  sleep

09:26:00 PM   UID       PID   cswch/s nvcswch/s  Command
09:26:01 PM     0        17     19.00      0.00  rcu_preempt
09:26:01 PM     0        42      1.00      0.00  ksoftirqd/4
09:26:01 PM     0        48      1.00      0.00  ksoftirqd/5
09:26:01 PM     0        60      2.00      0.00  ksoftirqd/7
09:26:01 PM     0        95      2.00      0.00  kcompactd0
09:26:01 PM     0       172      1.00      0.00  kworker/3:1H-kblockd
09:26:01 PM     0       453      1.00      0.00  multipathd
09:26:01 PM     0       562      3.00      0.00  jbd2/nvme1n1p3-8
09:26:01 PM     0     88840      4.00      0.00  kworker/u24:1-writeback
09:26:01 PM     0    179405      3.00      0.00  kworker/6:1-events
09:26:01 PM     0    180922      2.00      0.00  kworker/2:0-events
09:26:01 PM     0    182585      1.00      0.00  kworker/8:1-mm_percpu_wq
09:26:01 PM     0    186893      3.00      0.00  kworker/11:0-mm_percpu_wq
09:26:01 PM     0    189255      2.00      0.00  kworker/7:2-mm_percpu_wq
09:26:01 PM     0    190951      1.00      0.00  kworker/10:0-mm_percpu_wq
09:26:01 PM     0    193064      4.00      0.00  kworker/u24:0-edac-poller
09:26:01 PM     0    197671      1.00      0.00  kworker/0:1-events
09:26:01 PM     0    198726      1.00      0.00  kworker/9:0-mm_percpu_wq
09:26:01 PM     0    199074      5.00      0.00  kworker/4:1-mm_percpu_wq
09:26:01 PM     0    199741      3.00      0.00  kworker/3:1-mm_percpu_wq
09:26:01 PM     0    200447      4.00      0.00  kworker/5:1-mm_percpu_wq
09:26:01 PM     0    205980      1.00      0.00  iostat
09:26:01 PM     0    205981      1.00      1.00  pidstat
09:26:01 PM     0    205982      5.00      0.00  bash
09:26:01 PM     0    205983      8.00      0.00  bash
09:26:01 PM     0    205984      4.00      0.00  bash
09:26:01 PM     0    205986     99.00      0.00  fio
09:26:01 PM     0    206510      1.00      0.00  kworker/1:2-mm_percpu_wq
09:26:01 PM     0    207510      1.00      0.00  sleep
09:26:01 PM     0    207521      1.00      0.00  sleep
09:26:01 PM     0    207522      1.00      0.00  sleep

09:26:01 PM   UID       PID   cswch/s nvcswch/s  Command
09:26:02 PM     0        17     19.00      0.00  rcu_preempt
09:26:02 PM     0        18      1.00      0.00  migration/0
09:26:02 PM     0        23      1.00      0.00  migration/1
09:26:02 PM     0        29      1.00      0.00  migration/2
09:26:02 PM     0        35      1.00      0.00  migration/3
09:26:02 PM     0        41      1.00      0.00  migration/4
09:26:02 PM     0        42      1.00      0.00  ksoftirqd/4
09:26:02 PM     0        47      1.00      0.00  migration/5
09:26:02 PM     0        53      1.00      0.00  migration/6
09:26:02 PM     0        59      1.00      0.00  migration/7
09:26:02 PM     0        60      1.00      0.00  ksoftirqd/7
09:26:02 PM     0        65      1.00      0.00  migration/8
09:26:02 PM     0        71      1.00      0.00  migration/9
09:26:02 PM     0        77      2.00      0.00  migration/10
09:26:02 PM     0        83      1.00      0.00  migration/11
09:26:02 PM     0        95      2.00      0.00  kcompactd0
09:26:02 PM     0       453      1.00      0.00  multipathd
09:26:02 PM     0       769      1.00      0.00  cron
09:26:02 PM     0    179405      1.00      0.00  kworker/6:1-mm_percpu_wq
09:26:02 PM     0    180922      2.00      0.00  kworker/2:0-events
09:26:02 PM     0    182585      1.00      0.00  kworker/8:1-mm_percpu_wq
09:26:02 PM     0    186893      1.00      0.00  kworker/11:0-events
09:26:02 PM     0    189255      3.00      0.00  kworker/7:2-events
09:26:02 PM     0    190951      1.00      0.00  kworker/10:0-mm_percpu_wq
09:26:02 PM     0    193064      2.00      0.00  kworker/u24:0-edac-poller
09:26:02 PM     0    198726      1.00      0.00  kworker/9:0-mm_percpu_wq
09:26:02 PM     0    199074      4.00      0.00  kworker/4:1-events
09:26:02 PM     0    199741      2.00      0.00  kworker/3:1-events
09:26:02 PM     0    200447      1.00      0.00  kworker/5:1-events
09:26:02 PM     0    205980      1.00      0.00  iostat
09:26:02 PM     0    205981      1.00      0.00  pidstat
09:26:02 PM     0    205982      5.00      0.00  bash
09:26:02 PM     0    205983      6.00      0.00  bash
09:26:02 PM     0    205984      4.00      0.00  bash
09:26:02 PM     0    205986     99.00      0.00  fio
09:26:02 PM     0    206510      1.00      0.00  kworker/1:2-events
09:26:02 PM     0    207525      1.00      0.00  sleep
09:26:02 PM     0    207535      1.00      0.00  sleep
09:26:02 PM     0    207537      1.00      0.00  sleep

09:26:02 PM   UID       PID   cswch/s nvcswch/s  Command
09:26:03 PM     0         2      1.00      0.00  kthreadd
09:26:03 PM     0        16      1.00      0.00  ksoftirqd/0
09:26:03 PM     0        17     17.00      0.00  rcu_preempt
09:26:03 PM     0        42      2.00      0.00  ksoftirqd/4
09:26:03 PM     0        48      1.00      0.00  ksoftirqd/5
09:26:03 PM     0        60      1.00      0.00  ksoftirqd/7
09:26:03 PM     0        95      2.00      0.00  kcompactd0
09:26:03 PM     0       102      1.00      0.00  irq/9-acpi
09:26:03 PM     0       453      1.00      0.00  multipathd
09:26:03 PM     0     21554      1.00      0.00  packagekitd
09:26:03 PM     0    179405      2.00      0.00  kworker/6:1-events
09:26:03 PM     0    180922      1.00      0.00  kworker/2:0-events
09:26:03 PM     0    182585      8.00      0.00  kworker/8:1-mm_percpu_wq
09:26:03 PM     0    186893      1.00      0.00  kworker/11:0-mm_percpu_wq
09:26:03 PM     0    189255      4.00      0.00  kworker/7:2-events
09:26:03 PM     0    190951      3.00      0.00  kworker/10:0-events
09:26:03 PM     0    193064      1.00      0.00  kworker/u24:0-edac-poller
09:26:03 PM     0    197671      4.00      0.00  kworker/0:1-mm_percpu_wq
09:26:03 PM     0    198726      1.00      0.00  kworker/9:0-mm_percpu_wq
09:26:03 PM     0    199074      3.00      0.00  kworker/4:1-events
09:26:03 PM     0    199741      2.00      0.00  kworker/3:1-events
09:26:03 PM     0    200447      2.00      0.00  kworker/5:1-events
09:26:03 PM     0    202490      2.00      0.00  kworker/8:2-i915-unordered
09:26:03 PM     0    205980      1.00      0.00  iostat
09:26:03 PM     0    205981      1.00      0.00  pidstat
09:26:03 PM     0    205982      5.00      0.00  bash
09:26:03 PM     0    205983      7.00      0.00  bash
09:26:03 PM     0    205984      4.00      0.00  bash
09:26:03 PM     0    205986     99.00      0.00  fio
09:26:03 PM     0    206510      1.00      0.00  kworker/1:2-mm_percpu_wq
09:26:03 PM     0    207538      2.00      0.00  kworker/8:0
09:26:03 PM     0    207541      1.00      0.00  sleep
09:26:03 PM     0    207551      1.00      0.00  sleep
09:26:03 PM     0    207553      1.00      0.00  sleep

09:26:03 PM   UID       PID   cswch/s nvcswch/s  Command
09:26:04 PM     0        16      1.00      0.00  ksoftirqd/0
09:26:04 PM     0        17     16.00      0.00  rcu_preempt
09:26:04 PM     0        23      1.00      0.00  migration/1
09:26:04 PM     0        24      1.00      0.00  ksoftirqd/1
09:26:04 PM     0        42      1.00      0.00  ksoftirqd/4
09:26:04 PM     0        53      1.00      0.00  migration/6
09:26:04 PM     0        60      1.00      0.00  ksoftirqd/7
09:26:04 PM     0        78      1.00      0.00  ksoftirqd/10
09:26:04 PM     0        95      2.00      0.00  kcompactd0
09:26:04 PM     0       453      1.00      0.00  multipathd
09:26:04 PM     0    179405      1.00      0.00  kworker/6:1-mm_percpu_wq
09:26:04 PM     0    180922      4.00      0.00  kworker/2:0-events
09:26:04 PM     0    182585      1.00      0.00  kworker/8:1-mm_percpu_wq
09:26:04 PM     0    186893      2.00      0.00  kworker/11:0-events
09:26:04 PM     0    189255      5.00      0.00  kworker/7:2-events
09:26:04 PM     0    190951      3.00      0.00  kworker/10:0-events
09:26:04 PM     0    193064      2.00      0.00  kworker/u24:0-edac-poller
09:26:04 PM     0    197671      1.00      0.00  kworker/0:1-events
09:26:04 PM     0    198726      3.00      0.00  kworker/9:0-events
09:26:04 PM     0    199074      3.00      0.00  kworker/4:1-mm_percpu_wq
09:26:04 PM     0    199741      2.00      0.00  kworker/3:1-events
09:26:04 PM     0    200447      2.00      0.00  kworker/5:1-mm_percpu_wq
09:26:04 PM     0    205980      1.00      0.00  iostat
09:26:04 PM     0    205981      1.00      0.00  pidstat
09:26:04 PM     0    205982      5.00      0.00  bash
09:26:04 PM     0    205983      8.00      0.00  bash
09:26:04 PM     0    205984      4.00      0.00  bash
09:26:04 PM     0    205986     99.00      0.00  fio
09:26:04 PM     0    206510      2.00      0.00  kworker/1:2-events
09:26:04 PM     0    207556      1.00      0.00  sleep
09:26:04 PM     0    207567      1.00      0.00  sleep
09:26:04 PM     0    207568      1.00      0.00  sleep

09:26:04 PM   UID       PID   cswch/s nvcswch/s  Command
09:26:05 PM     0        16      1.00      0.00  ksoftirqd/0
09:26:05 PM     0        17     19.00      0.00  rcu_preempt
09:26:05 PM     0        36      1.00      0.00  ksoftirqd/3
09:26:05 PM     0        59      1.00      0.00  migration/7
09:26:05 PM     0        60      2.00      0.00  ksoftirqd/7
09:26:05 PM     0        72      1.00      0.00  ksoftirqd/9
09:26:05 PM     0        78      1.00      0.00  ksoftirqd/10
09:26:05 PM     0        84      1.00      0.00  ksoftirqd/11
09:26:05 PM     0        95      2.00      0.00  kcompactd0
09:26:05 PM     0       453      1.00      0.00  multipathd
09:26:05 PM     0     88840      2.00      0.00  kworker/u24:1-edac-poller
09:26:05 PM     0    179405      1.00      0.00  kworker/6:1-mm_percpu_wq
09:26:05 PM     0    180922      2.00      0.00  kworker/2:0-events
09:26:05 PM     0    182585      1.00      0.00  kworker/8:1-mm_percpu_wq
09:26:05 PM     0    186893      1.00      0.00  kworker/11:0-mm_percpu_wq
09:26:05 PM     0    189255      4.00      0.00  kworker/7:2-events
09:26:05 PM     0    190951      2.00      0.00  kworker/10:0-mm_percpu_wq
09:26:05 PM     0    193064      1.00      0.00  kworker/u24:0-events_power_efficient
09:26:05 PM     0    197671      1.00      0.00  kworker/0:1-mm_percpu_wq
09:26:05 PM     0    198726      5.00      0.00  kworker/9:0-events
09:26:05 PM     0    199074      2.00      0.00  kworker/4:1-mm_percpu_wq
09:26:05 PM     0    199741      2.00      0.00  kworker/3:1-events
09:26:05 PM     0    200447      1.00      0.00  kworker/5:1-mm_percpu_wq
09:26:05 PM     0    205980      1.00      0.00  iostat
09:26:05 PM     0    205981      1.00      0.00  pidstat
09:26:05 PM     0    205982      5.00      0.00  bash
09:26:05 PM     0    205983      8.00      1.00  bash
09:26:05 PM     0    205984      4.00      0.00  bash
09:26:05 PM     0    205986     99.00      0.00  fio
09:26:05 PM     0    206510      1.00      0.00  kworker/1:2-mm_percpu_wq
09:26:05 PM     0    207571      1.00      0.00  sleep
09:26:05 PM     0    207582      1.00      0.00  sleep
09:26:05 PM     0    207583      1.00      0.00  sleep

09:26:05 PM   UID       PID   cswch/s nvcswch/s  Command
09:26:06 PM     0        16      2.00      0.00  ksoftirqd/0
09:26:06 PM     0        17     20.00      0.00  rcu_preempt
09:26:06 PM     0        18      1.00      0.00  migration/0
09:26:06 PM     0        23      1.00      0.00  migration/1
09:26:06 PM     0        29      1.00      0.00  migration/2
09:26:06 PM     0        35      1.00      0.00  migration/3
09:26:06 PM     0        36      1.00      0.00  ksoftirqd/3
09:26:06 PM     0        41      1.00      0.00  migration/4
09:26:06 PM     0        47      1.00      0.00  migration/5
09:26:06 PM     0        53      2.00      0.00  migration/6
09:26:06 PM     0        54      1.00      0.00  ksoftirqd/6
09:26:06 PM     0        59      1.00      0.00  migration/7
09:26:06 PM     0        60      1.00      0.00  ksoftirqd/7
09:26:06 PM     0        65      1.00      0.00  migration/8
09:26:06 PM     0        71      1.00      0.00  migration/9
09:26:06 PM     0        77      2.00      0.00  migration/10
09:26:06 PM     0        83      1.00      0.00  migration/11
09:26:06 PM     0        95      2.00      0.00  kcompactd0
09:26:06 PM     0       453      1.00      0.00  multipathd
09:26:06 PM     0       562      3.00      0.00  jbd2/nvme1n1p3-8
09:26:06 PM     0     88840      4.00      0.00  kworker/u24:1-edac-poller
09:26:06 PM     0    179405      2.00      0.00  kworker/6:1-events
09:26:06 PM     0    180922      4.00      0.00  kworker/2:0-events
09:26:06 PM     0    182585      1.00      0.00  kworker/8:1-mm_percpu_wq
09:26:06 PM     0    186893      4.00      0.00  kworker/11:0-events
09:26:06 PM     0    189255      6.00      0.00  kworker/7:2-events
09:26:06 PM     0    190951      2.00      0.00  kworker/10:0-mm_percpu_wq
09:26:06 PM     0    193064      1.00      0.00  kworker/u24:0-ipv6_addrconf
09:26:06 PM     0    197671      2.00      0.00  kworker/0:1-events
09:26:06 PM     0    198726      3.00      0.00  kworker/9:0-events
09:26:06 PM     0    199074      1.00      0.00  kworker/4:1-mm_percpu_wq
09:26:06 PM     0    199741      3.00      0.00  kworker/3:1-mm_percpu_wq
09:26:06 PM     0    200447      2.00      0.00  kworker/5:1-events
09:26:06 PM     0    203022      1.00      0.00  kworker/u24:3-flush-259:1
09:26:06 PM     0    205980      1.00      0.00  iostat
09:26:06 PM     0    205981      1.00      0.00  pidstat
09:26:06 PM     0    205982      5.00      0.00  bash
09:26:06 PM     0    205983      8.00      0.00  bash
09:26:06 PM     0    205984      4.00      0.00  bash
09:26:06 PM     0    205986     99.00      0.00  fio
09:26:06 PM     0    206510      2.00      0.00  kworker/1:2-events
09:26:06 PM     0    207586      1.00      0.00  sleep
09:26:06 PM     0    207596      1.00      1.00  sleep
09:26:06 PM     0    207598      1.00      0.00  sleep

09:26:06 PM   UID       PID   cswch/s nvcswch/s  Command
09:26:07 PM     0        16      2.00      0.00  ksoftirqd/0
09:26:07 PM     0        17     22.00      0.00  rcu_preempt
09:26:07 PM     0        18      2.00      0.00  migration/0
09:26:07 PM     0        47      1.00      0.00  migration/5
09:26:07 PM     0        53      1.00      0.00  migration/6
09:26:07 PM     0        95      2.00      0.00  kcompactd0
09:26:07 PM     0       172      1.00      0.00  kworker/3:1H-kblockd
09:26:07 PM     0       453      1.00      0.00  multipathd
09:26:07 PM     0     88840      2.00      0.00  kworker/u24:1-edac-poller
09:26:07 PM     0    179405      1.00      0.00  kworker/6:1-mm_percpu_wq
09:26:07 PM     0    182585      1.00      0.00  kworker/8:1-mm_percpu_wq
09:26:07 PM     0    186893      1.00      0.00  kworker/11:0-mm_percpu_wq
09:26:07 PM     0    189255      2.00      0.00  kworker/7:2-events
09:26:07 PM     0    190951      4.00      0.00  kworker/10:0-events
09:26:07 PM     0    197671      4.00      0.00  kworker/0:1-events
09:26:07 PM     0    198726      2.00      0.00  kworker/9:0-events
09:26:07 PM     0    199074      4.00      0.00  kworker/4:1-events
09:26:07 PM     0    199741      2.00      0.00  kworker/3:1-mm_percpu_wq
09:26:07 PM     0    200447      1.00      0.00  kworker/5:1-mm_percpu_wq
09:26:07 PM     0    205980      1.00      0.00  iostat
09:26:07 PM     0    205981      1.00      0.00  pidstat
09:26:07 PM     0    205982      5.00      0.00  bash
09:26:07 PM     0    205983      8.00      0.00  bash
09:26:07 PM     0    205984      4.00      0.00  bash
09:26:07 PM     0    205986    100.00      0.00  fio
09:26:07 PM     0    206510      1.00      0.00  kworker/1:2-mm_percpu_wq
09:26:07 PM     0    207601      1.00      0.00  sleep
09:26:07 PM     0    207612      1.00      0.00  sleep
09:26:07 PM     0    207613      1.00      0.00  sleep

09:26:07 PM   UID       PID   cswch/s nvcswch/s  Command
09:26:08 PM     0        16      2.00      0.00  ksoftirqd/0
09:26:08 PM     0        17     21.00      0.00  rcu_preempt
09:26:08 PM     0        47      1.00      0.00  migration/5
09:26:08 PM     0        53      2.00      0.00  migration/6
09:26:08 PM     0        60      1.00      0.00  ksoftirqd/7
09:26:08 PM     0        72      1.00      0.00  ksoftirqd/9
09:26:08 PM     0        95      2.00      0.00  kcompactd0
09:26:08 PM     0       453      1.00      0.00  multipathd
09:26:08 PM     0     88840      1.00      0.00  kworker/u24:1-edac-poller
09:26:08 PM     0    179405      1.00      0.00  kworker/6:1-mm_percpu_wq
09:26:08 PM     0    180922      3.00      0.00  kworker/2:0-events
09:26:08 PM     0    182585      1.00      0.00  kworker/8:1-mm_percpu_wq
09:26:08 PM     0    186893      1.00      0.00  kworker/11:0-mm_percpu_wq
09:26:08 PM     0    189255      5.00      0.00  kworker/7:2-events
09:26:08 PM     0    190951      1.00      0.00  kworker/10:0-mm_percpu_wq
09:26:08 PM     0    197671      4.00      0.00  kworker/0:1-events
09:26:08 PM     0    198726      2.00      0.00  kworker/9:0-events
09:26:08 PM     0    199074      3.00      0.00  kworker/4:1-mm_percpu_wq
09:26:08 PM     0    199741      3.00      0.00  kworker/3:1-events
09:26:08 PM     0    200447      1.00      0.00  kworker/5:1-mm_percpu_wq
09:26:08 PM     0    205980      1.00      0.00  iostat
09:26:08 PM     0    205981      1.00      1.00  pidstat
09:26:08 PM     0    205982      5.00      0.00  bash
09:26:08 PM     0    205983      7.00      0.00  bash
09:26:08 PM     0    205984      4.00      0.00  bash
09:26:08 PM     0    205986     99.00      0.00  fio
09:26:08 PM     0    206510      2.00      0.00  kworker/1:2-events
09:26:08 PM     0    207616      1.00      0.00  sleep
09:26:08 PM     0    207626      1.00      0.00  sleep
09:26:08 PM     0    207628      1.00      0.00  sleep

09:26:08 PM   UID       PID   cswch/s nvcswch/s  Command
09:26:09 PM     0        16      2.00      0.00  ksoftirqd/0
09:26:09 PM     0        17     23.00      0.00  rcu_preempt
09:26:09 PM     0        23      1.00      0.00  migration/1
09:26:09 PM     0        35      1.00      0.00  migration/3
09:26:09 PM     0        42      1.00      0.00  ksoftirqd/4
09:26:09 PM     0        72      2.00      0.00  ksoftirqd/9
09:26:09 PM     0        78      2.00      0.00  ksoftirqd/10
09:26:09 PM     0        95      2.00      0.00  kcompactd0
09:26:09 PM     0       453      1.00      0.00  multipathd
09:26:09 PM     0     88840      2.00      0.00  kworker/u24:1-edac-poller
09:26:09 PM     0    179405      2.00      0.00  kworker/6:1-events
09:26:09 PM     0    180922      1.00      0.00  kworker/2:0-events
09:26:09 PM     0    182585      1.00      0.00  kworker/8:1-mm_percpu_wq
09:26:09 PM     0    186893      1.00      0.00  kworker/11:0-mm_percpu_wq
09:26:09 PM     0    189255      2.00      0.00  kworker/7:2-events
09:26:09 PM     0    190951      4.00      0.00  kworker/10:0-events
09:26:09 PM     0    197671      5.00      0.00  kworker/0:1-events
09:26:09 PM     0    198726      3.00      0.00  kworker/9:0-events
09:26:09 PM     0    199074      2.00      0.00  kworker/4:1-mm_percpu_wq
09:26:09 PM     0    199741      2.00      0.00  kworker/3:1-mm_percpu_wq
09:26:09 PM     0    200447      2.00      0.00  kworker/5:1-events
09:26:09 PM     0    205980      1.00      0.00  iostat
09:26:09 PM     0    205981      1.00      0.00  pidstat
09:26:09 PM     0    205982      5.00      0.00  bash
09:26:09 PM     0    205983      8.00      0.00  bash
09:26:09 PM     0    205984      4.00      0.00  bash
09:26:09 PM     0    205986     99.00      0.00  fio
09:26:09 PM     0    206510      1.00      0.00  kworker/1:2-mm_percpu_wq
09:26:09 PM     0    207631      1.00      0.00  sleep
09:26:09 PM     0    207641      1.00      0.00  sleep
09:26:09 PM     0    207643      1.00      0.00  sleep

09:26:09 PM   UID       PID   cswch/s nvcswch/s  Command
09:26:10 PM     0        17     22.00      0.00  rcu_preempt
09:26:10 PM     0        18      1.00      0.00  migration/0
09:26:10 PM     0        23      1.00      0.00  migration/1
09:26:10 PM     0        24      1.00      0.00  ksoftirqd/1
09:26:10 PM     0        29      1.00      0.00  migration/2
09:26:10 PM     0        35      1.00      0.00  migration/3
09:26:10 PM     0        41      1.00      0.00  migration/4
09:26:10 PM     0        47      1.00      0.00  migration/5
09:26:10 PM     0        53      1.00      0.00  migration/6
09:26:10 PM     0        54      1.00      0.00  ksoftirqd/6
09:26:10 PM     0        59      1.00      0.00  migration/7
09:26:10 PM     0        65      1.00      0.00  migration/8
09:26:10 PM     0        71      1.00      0.00  migration/9
09:26:10 PM     0        72      2.00      0.00  ksoftirqd/9
09:26:10 PM     0        77      1.00      0.00  migration/10
09:26:10 PM     0        78      2.00      0.00  ksoftirqd/10
09:26:10 PM     0        83      1.00      0.00  migration/11
09:26:10 PM     0        95      2.00      0.00  kcompactd0
09:26:10 PM     0       453      1.00      0.00  multipathd
09:26:10 PM     0     88840      1.00      0.00  kworker/u24:1-events_power_efficient
09:26:10 PM     0    179405      2.00      0.00  kworker/6:1-events
09:26:10 PM     0    180922      2.00      0.00  kworker/2:0-events
09:26:10 PM     0    182585      1.00      0.00  kworker/8:1-mm_percpu_wq
09:26:10 PM     0    186893      1.00      0.00  kworker/11:0-mm_percpu_wq
09:26:10 PM     0    189255      3.00      0.00  kworker/7:2-events
09:26:10 PM     0    190951      3.00      0.00  kworker/10:0-events
09:26:10 PM     0    193064      2.00      0.00  kworker/u24:0-edac-poller
09:26:10 PM     0    197671      1.00      0.00  kworker/0:1-mm_percpu_wq
09:26:10 PM     0    198726      3.00      0.00  kworker/9:0-events
09:26:10 PM     0    199074      1.00      0.00  kworker/4:1-mm_percpu_wq
09:26:10 PM     0    199741      3.00      0.00  kworker/3:1-events
09:26:10 PM     0    200447      2.00      0.00  kworker/5:1-events
09:26:10 PM     0    205980      1.00      0.00  iostat
09:26:10 PM     0    205981      1.00      0.00  pidstat
09:26:10 PM     0    205982      5.00      0.00  bash
09:26:10 PM     0    205983      8.00      0.00  bash
09:26:10 PM     0    205984      4.00      0.00  bash
09:26:10 PM     0    205986     99.00      0.00  fio
09:26:10 PM     0    206510      2.00      0.00  kworker/1:2-events
09:26:10 PM     0    207646      1.00      0.00  sleep
09:26:10 PM     0    207656      1.00      0.00  sleep
09:26:10 PM     0    207658      1.00      0.00  sleep

09:26:10 PM   UID       PID   cswch/s nvcswch/s  Command
09:26:11 PM     0        16      2.00      0.00  ksoftirqd/0
09:26:11 PM     0        17     20.00      0.00  rcu_preempt
09:26:11 PM     0        35      2.00      0.00  migration/3
09:26:11 PM     0        36      1.00      0.00  ksoftirqd/3
09:26:11 PM     0        42      1.00      0.00  ksoftirqd/4
09:26:11 PM     0        47      1.00      0.00  migration/5
09:26:11 PM     0        54      1.00      0.00  ksoftirqd/6
09:26:11 PM     0        72      1.00      0.00  ksoftirqd/9
09:26:11 PM     0        95      2.00      0.00  kcompactd0
09:26:11 PM     0       453      1.00      0.00  multipathd
09:26:11 PM     0       562      3.00      0.00  jbd2/nvme1n1p3-8
09:26:11 PM     0     88840      3.00      0.00  kworker/u24:1-edac-poller
09:26:11 PM     0    179405      4.00      0.00  kworker/6:1-events
09:26:11 PM     0    182585      1.00      0.00  kworker/8:1-mm_percpu_wq
09:26:11 PM     0    186893      1.00      0.00  kworker/11:0-mm_percpu_wq
09:26:11 PM     0    189255      2.00      0.00  kworker/7:2-mm_percpu_wq
09:26:11 PM     0    190951      4.00      0.00  kworker/10:0-events
09:26:11 PM     0    193064      4.00      0.00  kworker/u24:0-writeback
09:26:11 PM     0    197671      2.00      0.00  kworker/0:1-events
09:26:11 PM     0    198726      2.00      0.00  kworker/9:0-events
09:26:11 PM     0    199074      2.00      0.00  kworker/4:1-mm_percpu_wq
09:26:11 PM     0    199741      2.00      0.00  kworker/3:1-mm_percpu_wq
09:26:11 PM     0    200447      1.00      0.00  kworker/5:1-mm_percpu_wq
09:26:11 PM     0    205980      1.00      0.00  iostat
09:26:11 PM     0    205981      1.00      0.00  pidstat
09:26:11 PM     0    205982      5.00      0.00  bash
09:26:11 PM     0    205983      8.00      0.00  bash
09:26:11 PM     0    205984      4.00      0.00  bash
09:26:11 PM     0    205986     99.00      0.00  fio
09:26:11 PM     0    207661      1.00      0.00  sleep
09:26:11 PM     0    207671      1.00      0.00  sleep
09:26:11 PM     0    207673      1.00      0.00  sleep

09:26:11 PM   UID       PID   cswch/s nvcswch/s  Command
09:26:12 PM     0        17     20.00      0.00  rcu_preempt
09:26:12 PM     0        23      1.00      0.00  migration/1
09:26:12 PM     0        42      1.00      0.00  ksoftirqd/4
09:26:12 PM     0        54      1.00      0.00  ksoftirqd/6
09:26:12 PM     0        60      2.00      0.00  ksoftirqd/7
09:26:12 PM     0        78      1.00      0.00  ksoftirqd/10
09:26:12 PM     0        95      2.00      0.00  kcompactd0
09:26:12 PM     0       453      1.00      0.00  multipathd
09:26:12 PM     0     88840      1.00      0.00  kworker/u24:1-edac-poller
09:26:12 PM     0    179405      2.00      0.00  kworker/6:1-events
09:26:12 PM     0    180922      3.00      0.00  kworker/2:0-events
09:26:12 PM     0    182585      1.00      0.00  kworker/8:1-mm_percpu_wq
09:26:12 PM     0    186893      4.00      0.00  kworker/11:0-events
09:26:12 PM     0    189255      4.00      0.00  kworker/7:2-events
09:26:12 PM     0    190951      4.00      0.00  kworker/10:0-events
09:26:12 PM     0    197671      1.00      0.00  kworker/0:1-mm_percpu_wq
09:26:12 PM     0    198726      2.00      0.00  kworker/9:0-events
09:26:12 PM     0    199074      4.00      0.00  kworker/4:1-events
09:26:12 PM     0    199741      2.00      0.00  kworker/3:1-mm_percpu_wq
09:26:12 PM     0    200447      2.00      0.00  kworker/5:1-events
09:26:12 PM     0    205980      1.00      0.00  iostat
09:26:12 PM     0    205981      1.00      0.00  pidstat
09:26:12 PM     0    205982      5.00      0.00  bash
09:26:12 PM     0    205983      8.00      0.00  bash
09:26:12 PM     0    205984      4.00      0.00  bash
09:26:12 PM     0    205986     99.00      0.00  fio
09:26:12 PM     0    206510      3.00      0.00  kworker/1:2-events
09:26:12 PM     0    207676      1.00      0.00  sleep
09:26:12 PM     0    207686      1.00      0.00  sleep
09:26:12 PM     0    207688      1.00      0.00  sleep

09:26:12 PM   UID       PID   cswch/s nvcswch/s  Command
09:26:13 PM     0         2      1.00      0.00  kthreadd
09:26:13 PM     0        17     19.00      0.00  rcu_preempt
09:26:13 PM     0        42      1.00      0.00  ksoftirqd/4
09:26:13 PM     0        60      1.00      0.00  ksoftirqd/7
09:26:13 PM     0        66      1.00      0.00  ksoftirqd/8
09:26:13 PM     0        72      1.00      0.00  ksoftirqd/9
09:26:13 PM     0        78      1.00      0.00  ksoftirqd/10
09:26:13 PM     0        84      2.00      0.00  ksoftirqd/11
09:26:13 PM     0        95      2.00      0.00  kcompactd0
09:26:13 PM     0       102      1.00      0.00  irq/9-acpi
09:26:13 PM     0       453      2.00      0.00  multipathd
09:26:13 PM     0     21554      1.00      0.00  packagekitd
09:26:13 PM     0     88840      3.00      0.00  kworker/u24:1-events_unbound
09:26:13 PM     0    179405      2.00      0.00  kworker/6:1-events
09:26:13 PM     0    180922      1.00      0.00  kworker/2:0-events
09:26:13 PM     0    182585   1139.00      0.00  kworker/8:1-events
09:26:13 PM     0    186893      2.00      0.00  kworker/11:0-mm_percpu_wq
09:26:13 PM     0    189255      3.00      0.00  kworker/7:2-events
09:26:13 PM     0    190951      2.00      0.00  kworker/10:0-events
09:26:13 PM     0    197671      2.00      0.00  kworker/0:1-events
09:26:13 PM     0    198726      4.00      0.00  kworker/9:0-events
09:26:13 PM     0    199074      5.00      0.00  kworker/4:1-events
09:26:13 PM     0    199741      2.00      0.00  kworker/3:1-events
09:26:13 PM     0    200447      1.00      0.00  kworker/5:1-mm_percpu_wq
09:26:13 PM     0    202490      2.00      0.00  kworker/8:2-mm_percpu_wq
09:26:13 PM     0    205980      1.00      0.00  iostat
09:26:13 PM     0    205981      1.00      0.00  pidstat
09:26:13 PM     0    205982      5.00      0.00  bash
09:26:13 PM     0    205983      8.00      0.00  bash
09:26:13 PM     0    205984      4.00      0.00  bash
09:26:13 PM     0    205986    100.00      0.00  fio
09:26:13 PM     0    206510      1.00      0.00  kworker/1:2-mm_percpu_wq
09:26:13 PM     0    207538   1134.00      0.00  kworker/8:0-i915-unordered
09:26:13 PM     0    207691      1.00      0.00  sleep
09:26:13 PM     0    207692      2.00      0.00  kworker/8:3
09:26:13 PM     0    207702      1.00      0.00  sleep
09:26:13 PM     0    207704      1.00      0.00  sleep

09:26:13 PM   UID       PID   cswch/s nvcswch/s  Command
09:26:14 PM     0        17     19.00      0.00  rcu_preempt
09:26:14 PM     0        18      1.00      0.00  migration/0
09:26:14 PM     0        23      1.00      0.00  migration/1
09:26:14 PM     0        29      1.00      0.00  migration/2
09:26:14 PM     0        35      1.00      0.00  migration/3
09:26:14 PM     0        41      1.00      0.00  migration/4
09:26:14 PM     0        42      1.00      0.00  ksoftirqd/4
09:26:14 PM     0        47      1.00      0.00  migration/5
09:26:14 PM     0        48      1.00      0.00  ksoftirqd/5
09:26:14 PM     0        53      1.00      0.00  migration/6
09:26:14 PM     0        59      1.00      0.00  migration/7
09:26:14 PM     0        60      1.00      0.00  ksoftirqd/7
09:26:14 PM     0        65      1.00      0.00  migration/8
09:26:14 PM     0        71      1.00      0.00  migration/9
09:26:14 PM     0        77      1.00      0.00  migration/10
09:26:14 PM     0        83      1.00      0.00  migration/11
09:26:14 PM     0        84      1.00      0.00  ksoftirqd/11
09:26:14 PM     0        95      2.00      0.00  kcompactd0
09:26:14 PM     0       453      1.00      0.00  multipathd
09:26:14 PM     0     88840      1.00      0.00  kworker/u24:1-events_power_efficient
09:26:14 PM     0    179405      2.00      0.00  kworker/6:1-events
09:26:14 PM     0    180922      2.00      0.00  kworker/2:0-events
09:26:14 PM     0    186893      4.00      0.00  kworker/11:0-events
09:26:14 PM     0    189255      3.00      0.00  kworker/7:2-events
09:26:14 PM     0    190951      3.00      0.00  kworker/10:0-events
09:26:14 PM     0    193064      1.00      0.00  kworker/u24:0-writeback
09:26:14 PM     0    197671      1.00      0.00  kworker/0:1-mm_percpu_wq
09:26:14 PM     0    198726      3.00      0.00  kworker/9:0-events
09:26:14 PM     0    199074      5.00      0.00  kworker/4:1-events
09:26:14 PM     0    199741      1.00      0.00  kworker/3:1-mm_percpu_wq
09:26:14 PM     0    200447      2.00      0.00  kworker/5:1-mm_percpu_wq
09:26:14 PM     0    205980      1.00      0.00  iostat
09:26:14 PM     0    205981      1.00      0.00  pidstat
09:26:14 PM     0    205982      5.00      0.00  bash
09:26:14 PM     0    205983      8.00      0.00  bash
09:26:14 PM     0    205984      4.00      0.00  bash
09:26:14 PM     0    205986     99.00      0.00  fio
09:26:14 PM     0    206510      2.00      0.00  kworker/1:2-events
09:26:14 PM     0    207538      1.00      0.00  kworker/8:0-mm_percpu_wq
09:26:14 PM     0    207707      1.00      0.00  sleep
09:26:14 PM     0    207718      1.00      0.00  sleep
09:26:14 PM     0    207719      1.00      0.00  sleep

09:26:14 PM   UID       PID   cswch/s nvcswch/s  Command
09:26:15 PM     0        16      1.00      0.00  ksoftirqd/0
09:26:15 PM     0        17     24.00      0.00  rcu_preempt
09:26:15 PM     0        47      1.00      0.00  migration/5
09:26:15 PM     0        48      1.00      0.00  ksoftirqd/5
09:26:15 PM     0        60      1.00      0.00  ksoftirqd/7
09:26:15 PM     0        77      1.00      0.00  migration/10
09:26:15 PM     0        84      1.00      0.00  ksoftirqd/11
09:26:15 PM     0        95      2.00      0.00  kcompactd0
09:26:15 PM     0       453      1.00      0.00  multipathd
09:26:15 PM     0     88840      1.00      0.00  kworker/u24:1-events_power_efficient
09:26:15 PM     0    179405      2.00      0.00  kworker/6:1-events
09:26:15 PM     0    180922      1.00      0.00  kworker/2:0-events
09:26:15 PM     0    186893      2.00      0.00  kworker/11:0-events
09:26:15 PM     0    189255      2.00      0.00  kworker/7:2-events
09:26:15 PM     0    190951      2.00      0.00  kworker/10:0-mm_percpu_wq
09:26:15 PM     0    193064      2.00      0.00  kworker/u24:0-events_power_efficient
09:26:15 PM     0    197671      4.00      0.00  kworker/0:1-events
09:26:15 PM     0    198726      1.00      0.00  kworker/9:0-mm_percpu_wq
09:26:15 PM     0    199074      1.00      0.00  kworker/4:1-events
09:26:15 PM     0    199741      1.00      0.00  kworker/3:1-mm_percpu_wq
09:26:15 PM     0    200447      3.00      0.00  kworker/5:1-events
09:26:15 PM     0    205980      1.00      0.00  iostat
09:26:15 PM     0    205981      1.00      0.00  pidstat
09:26:15 PM     0    205982      5.00      0.00  bash
09:26:15 PM     0    205983      7.00      0.00  bash
09:26:15 PM     0    205984      4.00      0.00  bash
09:26:15 PM     0    205986     99.00      0.00  fio
09:26:15 PM     0    206510      1.00      0.00  kworker/1:2-mm_percpu_wq
09:26:15 PM     0    207538      1.00      0.00  kworker/8:0-mm_percpu_wq
09:26:15 PM     0    207722      1.00      0.00  sleep
09:26:15 PM     0    207732      1.00      0.00  sleep
09:26:15 PM     0    207734      1.00      0.00  sleep

09:26:15 PM   UID       PID   cswch/s nvcswch/s  Command
09:26:16 PM     0        17     18.00      0.00  rcu_preempt
09:26:16 PM     0        36      1.00      0.00  ksoftirqd/3
09:26:16 PM     0        42      1.00      0.00  ksoftirqd/4
09:26:16 PM     0        59      1.00      0.00  migration/7
09:26:16 PM     0        60      1.00      0.00  ksoftirqd/7
09:26:16 PM     0        78      1.00      0.00  ksoftirqd/10
09:26:16 PM     0        95      2.00      0.00  kcompactd0
09:26:16 PM     0       453      1.00      0.00  multipathd
09:26:16 PM     0       562      3.00      0.00  jbd2/nvme1n1p3-8
09:26:16 PM     0     88840      1.00      0.00  kworker/u24:1-edac-poller
09:26:16 PM     0    179405      2.00      0.00  kworker/6:1-events
09:26:16 PM     0    180922      4.00      0.00  kworker/2:0-events
09:26:16 PM     0    186893      2.00      0.00  kworker/11:0-events
09:26:16 PM     0    189255      3.00      0.00  kworker/7:2-events
09:26:16 PM     0    190951      2.00      0.00  kworker/10:0-events
09:26:16 PM     0    197671      1.00      0.00  kworker/0:1-mm_percpu_wq
09:26:16 PM     0    198726      2.00      0.00  kworker/9:0-events
09:26:16 PM     0    199074      3.00      0.00  kworker/4:1-events
09:26:16 PM     0    199741      2.00      0.00  kworker/3:1-events
09:26:16 PM     0    200447      2.00      0.00  kworker/5:1-mm_percpu_wq
09:26:16 PM     0    205980      1.00      0.00  iostat
09:26:16 PM     0    205981      1.00      0.00  pidstat
09:26:16 PM     0    205982      5.00      0.00  bash
09:26:16 PM     0    205983      7.00      0.00  bash
09:26:16 PM     0    205984      4.00      0.00  bash
09:26:16 PM     0    205986     99.00      0.00  fio
09:26:16 PM     0    206510      2.00      0.00  kworker/1:2-events
09:26:16 PM     0    207538      1.00      0.00  kworker/8:0-mm_percpu_wq
09:26:16 PM     0    207737      1.00      0.00  sleep
09:26:16 PM     0    207748      1.00      0.00  sleep
09:26:16 PM     0    207749      1.00      0.00  sleep

09:26:16 PM   UID       PID   cswch/s nvcswch/s  Command
09:26:17 PM     0        17     18.00      0.00  rcu_preempt
09:26:17 PM     0        36      1.00      0.00  ksoftirqd/3
09:26:17 PM     0        48      2.00      0.00  ksoftirqd/5
09:26:17 PM     0        54      1.00      0.00  ksoftirqd/6
09:26:17 PM     0        60      1.00      0.00  ksoftirqd/7
09:26:17 PM     0        95      2.00      0.00  kcompactd0
09:26:17 PM     0       189      1.00      0.00  kworker/4:1H-kblockd
09:26:17 PM     0       453      1.00      0.00  multipathd
09:26:17 PM     0     88840      5.00      0.00  kworker/u24:1-edac-poller
09:26:17 PM     0    179405      2.00      0.00  kworker/6:1-events
09:26:17 PM     0    180922      1.00      0.00  kworker/2:0-events
09:26:17 PM     0    186893      1.00      0.00  kworker/11:0-mm_percpu_wq
09:26:17 PM     0    189255      6.00      0.00  kworker/7:2-events
09:26:17 PM     0    190951      2.00      0.00  kworker/10:0-events
09:26:17 PM     0    197671      1.00      0.00  kworker/0:1-events
09:26:17 PM     0    198726      1.00      0.00  kworker/9:0-mm_percpu_wq
09:26:17 PM     0    199074      5.00      0.00  kworker/4:1-events
09:26:17 PM     0    199741      5.00      0.00  kworker/3:1-events
09:26:17 PM     0    200447      3.00      0.00  kworker/5:1-events
09:26:17 PM     0    205980      1.00      0.00  iostat
09:26:17 PM     0    205981      1.00      0.00  pidstat
09:26:17 PM     0    205982      5.00      0.00  bash
09:26:17 PM     0    205983      7.00      1.00  bash
09:26:17 PM     0    205984      4.00      0.00  bash
09:26:17 PM     0    205986     99.00      0.00  fio
09:26:17 PM     0    206510      1.00      0.00  kworker/1:2-mm_percpu_wq
09:26:17 PM     0    207538      1.00      0.00  kworker/8:0-mm_percpu_wq
09:26:17 PM     0    207752      1.00      0.00  sleep
09:26:17 PM     0    207763      1.00      0.00  sleep
09:26:17 PM     0    207764      1.00      0.00  sleep

09:26:17 PM   UID       PID   cswch/s nvcswch/s  Command
09:26:18 PM     0         1      1.00      0.00  systemd
09:26:18 PM     0        17     25.00      0.00  rcu_preempt
09:26:18 PM     0        18      1.00      0.00  migration/0
09:26:18 PM     0        23      1.00      0.00  migration/1
09:26:18 PM     0        29      1.00      0.00  migration/2
09:26:18 PM     0        35      2.00      0.00  migration/3
09:26:18 PM     0        36      3.00      0.00  ksoftirqd/3
09:26:18 PM     0        41      1.00      0.00  migration/4
09:26:18 PM     0        47      1.00      0.00  migration/5
09:26:18 PM     0        48      1.00      0.00  ksoftirqd/5
09:26:18 PM     0        53      1.00      0.00  migration/6
09:26:18 PM     0        59      1.00      0.00  migration/7
09:26:18 PM     0        60      1.00      0.00  ksoftirqd/7
09:26:18 PM     0        65      1.00      0.00  migration/8
09:26:18 PM     0        71      1.00      0.00  migration/9
09:26:18 PM     0        77      1.00      0.00  migration/10
09:26:18 PM     0        83      1.00      0.00  migration/11
09:26:18 PM     0        95      2.00      0.00  kcompactd0
09:26:18 PM     0       453      1.00      0.00  multipathd
09:26:18 PM   101       608      1.00      0.00  systemd-network
09:26:18 PM     0     88840      1.00      0.00  kworker/u24:1-edac-poller
09:26:18 PM     0    179405      1.00      0.00  kworker/6:1-mm_percpu_wq
09:26:18 PM     0    180922      2.00      0.00  kworker/2:0-events
09:26:18 PM     0    186893      2.00      0.00  kworker/11:0-events
09:26:18 PM     0    189255      4.00      0.00  kworker/7:2-events
09:26:18 PM     0    190951      1.00      0.00  kworker/10:0-events
09:26:18 PM     0    197671      1.00      0.00  kworker/0:1-mm_percpu_wq
09:26:18 PM     0    199074      3.00      0.00  kworker/4:1-mm_percpu_wq
09:26:18 PM     0    199741      3.00      0.00  kworker/3:1-events
09:26:18 PM     0    200447      3.00      0.00  kworker/5:1-events
09:26:18 PM     0    205980      1.00      0.00  iostat
09:26:18 PM     0    205981      1.00      0.00  pidstat
09:26:18 PM     0    205982      5.00      0.00  bash
09:26:18 PM     0    205983      8.00      0.00  bash
09:26:18 PM     0    205984      4.00      0.00  bash
09:26:18 PM     0    205986     99.00      0.00  fio
09:26:18 PM     0    206510      2.00      0.00  kworker/1:2-events
09:26:18 PM     0    207538      1.00      0.00  kworker/8:0-mm_percpu_wq
09:26:18 PM     0    207767      1.00      0.00  sleep
09:26:18 PM     0    207778      1.00      0.00  sleep
09:26:18 PM     0    207779      1.00      0.00  sleep

09:26:18 PM   UID       PID   cswch/s nvcswch/s  Command
09:26:19 PM     0        17     22.00      0.00  rcu_preempt
09:26:19 PM     0        42      1.00      0.00  ksoftirqd/4
09:26:19 PM     0        60      1.00      0.00  ksoftirqd/7
09:26:19 PM     0        84      1.00      0.00  ksoftirqd/11
09:26:19 PM     0        95      2.00      0.00  kcompactd0
09:26:19 PM     0       453      1.00      0.00  multipathd
09:26:19 PM     0     88840      1.00      0.00  kworker/u24:1-events_unbound
09:26:19 PM     0    179405      1.00      0.00  kworker/6:1-mm_percpu_wq
09:26:19 PM     0    186893      1.00      0.00  kworker/11:0-events
09:26:19 PM     0    189255      3.00      0.00  kworker/7:2-events
09:26:19 PM     0    190951      3.00      0.00  kworker/10:0-events
09:26:19 PM     0    197671      2.00      0.00  kworker/0:1-events
09:26:19 PM     0    198726      2.00      0.00  kworker/9:0-events
09:26:19 PM     0    199074      3.00      0.00  kworker/4:1-events
09:26:19 PM     0    199741      2.00      0.00  kworker/3:1-mm_percpu_wq
09:26:19 PM     0    200447      1.00      0.00  kworker/5:1-events
09:26:19 PM     0    205980      1.00      0.00  iostat
09:26:19 PM     0    205981      1.00      0.00  pidstat
09:26:19 PM     0    205982      5.00      0.00  bash
09:26:19 PM     0    205983      8.00      0.00  bash
09:26:19 PM     0    205984      4.00      0.00  bash
09:26:19 PM     0    205986     99.00      0.00  fio
09:26:19 PM     0    206510      1.00      0.00  kworker/1:2-mm_percpu_wq
09:26:19 PM     0    207782      1.00      0.00  sleep
09:26:19 PM     0    207793      1.00      0.00  sleep
09:26:19 PM     0    207794      1.00      0.00  sleep

09:26:19 PM   UID       PID   cswch/s nvcswch/s  Command
09:26:20 PM     0        17     20.00      0.00  rcu_preempt
09:26:20 PM     0        36      2.00      0.00  ksoftirqd/3
09:26:20 PM     0        60      1.00      0.00  ksoftirqd/7
09:26:20 PM     0        78      2.00      0.00  ksoftirqd/10
09:26:20 PM     0        84      2.00      0.00  ksoftirqd/11
09:26:20 PM     0        95      2.00      0.00  kcompactd0
09:26:20 PM     0       453      1.00      0.00  multipathd
09:26:20 PM     0     88840      1.00      0.00  kworker/u24:1-edac-poller
09:26:20 PM     0    180922      3.00      0.00  kworker/2:0-events
09:26:20 PM     0    186893      2.00      0.00  kworker/11:0-events
09:26:20 PM     0    189255      5.00      0.00  kworker/7:2-events
09:26:20 PM     0    190951      5.00      0.00  kworker/10:0-events
09:26:20 PM     0    197671      2.00      0.00  kworker/0:1-events
09:26:20 PM     0    198726      1.00      0.00  kworker/9:0-events
09:26:20 PM     0    199074      2.00      0.00  kworker/4:1-events
09:26:20 PM     0    199741      1.00      0.00  kworker/3:1-events
09:26:20 PM     0    205980      1.00      0.00  iostat
09:26:20 PM     0    205981      1.00      0.00  pidstat
09:26:20 PM     0    205982      5.00      0.00  bash
09:26:20 PM     0    205983      8.00      0.00  bash
09:26:20 PM     0    205984      4.00      0.00  bash
09:26:20 PM     0    205986    100.00      0.00  fio
09:26:20 PM     0    206510      2.00      0.00  kworker/1:2-events
09:26:20 PM     0    207538      2.00      0.00  kworker/8:0-events
09:26:20 PM     0    207797      1.00      0.00  sleep
09:26:20 PM     0    207807      1.00      0.00  sleep
09:26:20 PM     0    207809      1.00      0.00  sleep

09:26:20 PM   UID       PID   cswch/s nvcswch/s  Command
09:26:21 PM     0        16      1.00      0.00  ksoftirqd/0
09:26:21 PM     0        17     24.00      0.00  rcu_preempt
09:26:21 PM     0        36      1.00      0.00  ksoftirqd/3
09:26:21 PM     0        42      2.00      0.00  ksoftirqd/4
09:26:21 PM     0        60      1.00      0.00  ksoftirqd/7
09:26:21 PM     0        95      2.00      0.00  kcompactd0
09:26:21 PM     0       453      1.00      0.00  multipathd
09:26:21 PM     0       562      3.00      0.00  jbd2/nvme1n1p3-8
09:26:21 PM     0     88840      3.00      0.00  kworker/u24:1-events_unbound
09:26:21 PM     0    179405      1.00      0.00  kworker/6:1-mm_percpu_wq
09:26:21 PM     0    180922      1.00      0.00  kworker/2:0-events
09:26:21 PM     0    186893      2.00      0.00  kworker/11:0-events
09:26:21 PM     0    189255      4.00      0.00  kworker/7:2-events
09:26:21 PM     0    193064      2.00      0.00  kworker/u24:0-flush-259:1
09:26:21 PM     0    197671      4.00      0.00  kworker/0:1-events
09:26:21 PM     0    198726      4.00      0.00  kworker/9:0-events
09:26:21 PM     0    199074      3.00      0.00  kworker/4:1-events
09:26:21 PM     0    199741      4.00      0.00  kworker/3:1-mm_percpu_wq
09:26:21 PM     0    200447      2.00      0.00  kworker/5:1-events
09:26:21 PM     0    205980      1.00      0.00  iostat
09:26:21 PM     0    205981      1.00      0.00  pidstat
09:26:21 PM     0    205982      5.00      0.00  bash
09:26:21 PM     0    205983      8.00      0.00  bash
09:26:21 PM     0    205984      4.00      0.00  bash
09:26:21 PM     0    205986     99.00      0.00  fio
09:26:21 PM     0    206510      1.00      0.00  kworker/1:2-mm_percpu_wq
09:26:21 PM     0    207812      1.00      0.00  sleep
09:26:21 PM     0    207822      1.00      0.00  sleep
09:26:21 PM     0    207824      1.00      0.00  sleep

09:26:21 PM   UID       PID   cswch/s nvcswch/s  Command
09:26:22 PM     0        17     22.00      0.00  rcu_preempt
09:26:22 PM     0        18      1.00      0.00  migration/0
09:26:22 PM     0        23      1.00      0.00  migration/1
09:26:22 PM     0        29      1.00      0.00  migration/2
09:26:22 PM     0        35      1.00      0.00  migration/3
09:26:22 PM     0        36      1.00      0.00  ksoftirqd/3
09:26:22 PM     0        41      1.00      0.00  migration/4
09:26:22 PM     0        42      2.00      0.00  ksoftirqd/4
09:26:22 PM     0        47      1.00      0.00  migration/5
09:26:22 PM     0        53      1.00      0.00  migration/6
09:26:22 PM     0        59      1.00      0.00  migration/7
09:26:22 PM     0        60      1.00      0.00  ksoftirqd/7
09:26:22 PM     0        65      1.00      0.00  migration/8
09:26:22 PM     0        71      1.00      0.00  migration/9
09:26:22 PM     0        77      1.00      0.00  migration/10
09:26:22 PM     0        83      1.00      0.00  migration/11
09:26:22 PM     0        84      1.00      0.00  ksoftirqd/11
09:26:22 PM     0        95      2.00      0.00  kcompactd0
09:26:22 PM     0       453      1.00      0.00  multipathd
09:26:22 PM     0     88840      4.00      0.00  kworker/u24:1-ext4-rsv-conversion
09:26:22 PM     0    180922      2.00      0.00  kworker/2:0-events
09:26:22 PM     0    186893      5.00      0.00  kworker/11:0-events
09:26:22 PM     0    189255      3.00      0.00  kworker/7:2-events
09:26:22 PM     0    197671      1.00      0.00  kworker/0:1-events
09:26:22 PM     0    198726      1.00      0.00  kworker/9:0-events
09:26:22 PM     0    199074      4.00      0.00  kworker/4:1-events
09:26:22 PM     0    199741      1.00      0.00  kworker/3:1-events
09:26:22 PM     0    200447      3.00      0.00  kworker/5:1-events
09:26:22 PM     0    205980      1.00      0.00  iostat
09:26:22 PM     0    205981      1.00      0.00  pidstat
09:26:22 PM     0    205982      5.00      0.00  bash
09:26:22 PM     0    205983      8.00      0.00  bash
09:26:22 PM     0    205984      4.00      0.00  bash
09:26:22 PM     0    205986     99.00      0.00  fio
09:26:22 PM     0    206510      1.00      0.00  kworker/1:2-events
09:26:22 PM     0    207538      1.00      0.00  kworker/8:0-mm_percpu_wq
09:26:22 PM     0    207827      1.00      0.00  sleep
09:26:22 PM     0    207837      1.00      0.00  sleep
09:26:22 PM     0    207839      1.00      1.00  sleep

09:26:22 PM   UID       PID   cswch/s nvcswch/s  Command
09:26:23 PM     0        16      1.00      0.00  ksoftirqd/0
09:26:23 PM     0        17     22.00      0.00  rcu_preempt
09:26:23 PM     0        23      1.00      0.00  migration/1
09:26:23 PM     0        42      1.00      0.00  ksoftirqd/4
09:26:23 PM     0        60      1.00      0.00  ksoftirqd/7
09:26:23 PM     0        78      1.00      0.00  ksoftirqd/10
09:26:23 PM     0        84      1.00      0.00  ksoftirqd/11
09:26:23 PM     0        95      2.00      0.00  kcompactd0
09:26:23 PM     0       453      1.00      0.00  multipathd
09:26:23 PM     0     21554      1.00      0.00  packagekitd
09:26:23 PM     0     88840      2.00      0.00  kworker/u24:1-edac-poller
09:26:23 PM     0    179405      1.00      0.00  kworker/6:1-mm_percpu_wq
09:26:23 PM     0    186893      2.00      0.00  kworker/11:0-events
09:26:23 PM     0    189255      5.00      0.00  kworker/7:2-events
09:26:23 PM     0    190951      2.00      0.00  kworker/10:0-events
09:26:23 PM     0    197671      2.00      0.00  kworker/0:1-events
09:26:23 PM     0    198726      3.00      0.00  kworker/9:0-events
09:26:23 PM     0    199074      5.00      0.00  kworker/4:1-events
09:26:23 PM     0    199741      4.00      0.00  kworker/3:1-mm_percpu_wq
09:26:23 PM     0    205980      1.00      0.00  iostat
09:26:23 PM     0    205981      1.00      0.00  pidstat
09:26:23 PM     0    205982      5.00      0.00  bash
09:26:23 PM     0    205983      6.00      1.00  bash
09:26:23 PM     0    205984      4.00      0.00  bash
09:26:23 PM     0    205986     99.00      0.00  fio
09:26:23 PM     0    206510      1.00      0.00  kworker/1:2-mm_percpu_wq
09:26:23 PM     0    207538      1.00      0.00  kworker/8:0-events
09:26:23 PM     0    207842      1.00      0.00  sleep
09:26:23 PM     0    207852      1.00      0.00  sleep
09:26:23 PM     0    207854      1.00      0.00  sleep

09:26:23 PM   UID       PID   cswch/s nvcswch/s  Command
09:26:24 PM     0        17     23.00      0.00  rcu_preempt
09:26:24 PM     0        42      1.00      0.00  ksoftirqd/4
09:26:24 PM     0        60      1.00      0.00  ksoftirqd/7
09:26:24 PM     0        84      2.00      0.00  ksoftirqd/11
09:26:24 PM     0        95      2.00      0.00  kcompactd0
09:26:24 PM     0       453      1.00      0.00  multipathd
09:26:24 PM   101       608      2.00      0.00  systemd-network
09:26:24 PM     0     88840      1.00      0.00  kworker/u24:1-events_unbound
09:26:24 PM     0    180922      3.00      0.00  kworker/2:0-events
09:26:24 PM     0    186893      4.00      0.00  kworker/11:0-events
09:26:24 PM     0    189255      3.00      0.00  kworker/7:2-events
09:26:24 PM     0    190951      2.00      0.00  kworker/10:0-events
09:26:24 PM     0    193064      1.00      0.00  kworker/u24:0-flush-259:1
09:26:24 PM     0    197671      1.00      0.00  kworker/0:1-events
09:26:24 PM     0    198726      1.00      0.00  kworker/9:0-events
09:26:24 PM     0    199074      2.00      0.00  kworker/4:1-events
09:26:24 PM     0    199741      1.00      0.00  kworker/3:1-events
09:26:24 PM     0    205980      1.00      0.00  iostat
09:26:24 PM     0    205981      1.00      0.00  pidstat
09:26:24 PM     0    205982      5.00      0.00  bash
09:26:24 PM     0    205983      8.00      0.00  bash
09:26:24 PM     0    205984      4.00      0.00  bash
09:26:24 PM     0    205986     99.00      0.00  fio
09:26:24 PM     0    206510      1.00      0.00  kworker/1:2-events
09:26:24 PM     0    207538      1.00      0.00  kworker/8:0-mm_percpu_wq
09:26:24 PM     0    207857      1.00      0.00  sleep
09:26:24 PM     0    207867      1.00      0.00  sleep
09:26:24 PM     0    207869      1.00      0.00  sleep
