Linux 6.8.0-124-generic (cassandra-waf-rig) 	07/08/2026 	_x86_64_	(12 CPU)

09:22:14 PM   UID       PID   cswch/s nvcswch/s  Command
09:22:15 PM     0        17     23.76      0.00  rcu_preempt
09:22:15 PM     0        18      0.99      0.00  migration/0
09:22:15 PM     0        23      0.99      0.00  migration/1
09:22:15 PM     0        29      4.95      0.00  migration/2
09:22:15 PM     0        30      0.99      0.00  ksoftirqd/2
09:22:15 PM     0        35      1.98      0.00  migration/3
09:22:15 PM     0        36      0.99      0.00  ksoftirqd/3
09:22:15 PM     0        41      0.99      0.00  migration/4
09:22:15 PM     0        47      3.96      0.00  migration/5
09:22:15 PM     0        53      0.99      0.00  migration/6
09:22:15 PM     0        54      0.99      0.00  ksoftirqd/6
09:22:15 PM     0        59      2.97      0.00  migration/7
09:22:15 PM     0        65      1.98      0.00  migration/8
09:22:15 PM     0        71      0.99      0.00  migration/9
09:22:15 PM     0        72      0.99      0.00  ksoftirqd/9
09:22:15 PM     0        77      0.99      0.00  migration/10
09:22:15 PM     0        78      2.97      0.00  ksoftirqd/10
09:22:15 PM     0        83      0.99      0.00  migration/11
09:22:15 PM     0        95      1.98      0.00  kcompactd0
09:22:15 PM     0       453      0.99      0.00  multipathd
09:22:15 PM     0     88840      1.98      0.00  kworker/u24:1-edac-poller
09:22:15 PM     0    180922      3.96      0.00  kworker/2:0-events
09:22:15 PM     0    186631      2.97      0.00  kworker/3:2-events
09:22:15 PM     0    186893      1.98      0.00  kworker/11:0-events
09:22:15 PM     0    189255      2.97      0.00  kworker/7:2-events
09:22:15 PM     0    197671      0.99      0.00  kworker/0:1-events
09:22:15 PM     0    198726      0.99      0.00  kworker/9:0-events
09:22:15 PM     0    199074      2.97      0.00  kworker/4:1-events
09:22:15 PM     0    200447      1.98      0.00  kworker/5:1-mm_percpu_wq
09:22:15 PM     0    200794      5.94      0.00  kworker/1:1-events
09:22:15 PM     0    202490      0.99      0.00  kworker/8:2-events
09:22:15 PM     0    202794      0.99      0.00  kworker/10:1-mm_percpu_wq
09:22:15 PM     0    204082      0.99      0.00  iostat
09:22:15 PM     0    204083      0.99      0.00  pidstat
09:22:15 PM     0    204084      4.95      0.00  bash
09:22:15 PM     0    204085      4.95      0.00  bash
09:22:15 PM     0    204086      3.96      0.00  bash
09:22:15 PM     0    204088    193.07      2.97  fio
09:22:15 PM     0    204119      0.99      0.00  sleep

09:22:15 PM   UID       PID   cswch/s nvcswch/s  Command
09:22:16 PM     0        17     13.00      0.00  rcu_preempt
09:22:16 PM     0        24      1.00      0.00  ksoftirqd/1
09:22:16 PM     0        36      1.00      0.00  ksoftirqd/3
09:22:16 PM     0        48      2.00      0.00  ksoftirqd/5
09:22:16 PM     0        54      1.00      0.00  ksoftirqd/6
09:22:16 PM     0        60      1.00      0.00  ksoftirqd/7
09:22:16 PM     0        95      2.00      0.00  kcompactd0
09:22:16 PM     0       453      1.00      0.00  multipathd
09:22:16 PM     0     88840      1.00      0.00  kworker/u24:1-edac-poller
09:22:16 PM     0    179405      1.00      0.00  kworker/6:1-mm_percpu_wq
09:22:16 PM     0    180922      1.00      0.00  kworker/2:0-mm_percpu_wq
09:22:16 PM     0    186893      2.00      0.00  kworker/11:0-mm_percpu_wq
09:22:16 PM     0    189255      2.00      0.00  kworker/7:2-mm_percpu_wq
09:22:16 PM     0    197671      1.00      0.00  kworker/0:1-events
09:22:16 PM     0    198726      3.00      0.00  kworker/9:0-events
09:22:16 PM     0    199074      3.00      0.00  kworker/4:1-mm_percpu_wq
09:22:16 PM     0    200447      1.00      0.00  kworker/5:1-events
09:22:16 PM     0    200794      3.00      0.00  kworker/1:1-mm_percpu_wq
09:22:16 PM     0    202490      1.00      0.00  kworker/8:2-mm_percpu_wq
09:22:16 PM     0    202794      1.00      0.00  kworker/10:1-events
09:22:16 PM     0    204082      1.00      0.00  iostat
09:22:16 PM     0    204083      1.00      0.00  pidstat
09:22:16 PM     0    204084      4.00      0.00  bash
09:22:16 PM     0    204085      4.00      0.00  bash
09:22:16 PM     0    204086      4.00      0.00  bash
09:22:16 PM     0    204088     99.00      0.00  fio
09:22:16 PM     0    204129      1.00      0.00  sleep
09:22:16 PM     0    204131      1.00      0.00  sleep

09:22:16 PM   UID       PID   cswch/s nvcswch/s  Command
09:22:17 PM     0        16      1.00      0.00  ksoftirqd/0
09:22:17 PM     0        17     14.00      0.00  rcu_preempt
09:22:17 PM     0        24      2.00      0.00  ksoftirqd/1
09:22:17 PM     0        60      1.00      0.00  ksoftirqd/7
09:22:17 PM     0        95      2.00      0.00  kcompactd0
09:22:17 PM     0       453      1.00      0.00  multipathd
09:22:17 PM     0     88840      2.00      0.00  kworker/u24:1-events_power_efficient
09:22:17 PM     0    179405      1.00      0.00  kworker/6:1-mm_percpu_wq
09:22:17 PM     0    180922      4.00      0.00  kworker/2:0-mm_percpu_wq
09:22:17 PM     0    186631      1.00      0.00  kworker/3:2-mm_percpu_wq
09:22:17 PM     0    186893      1.00      0.00  kworker/11:0-events
09:22:17 PM     0    189255      4.00      0.00  kworker/7:2-events
09:22:17 PM     0    193064      2.00      0.00  kworker/u24:0-events_unbound
09:22:17 PM     0    197671      1.00      0.00  kworker/0:1-mm_percpu_wq
09:22:17 PM     0    198726      2.00      0.00  kworker/9:0-events
09:22:17 PM     0    199074      1.00      0.00  kworker/4:1-events
09:22:17 PM     0    200447      1.00      0.00  kworker/5:1-mm_percpu_wq
09:22:17 PM     0    200794      5.00      0.00  kworker/1:1-mm_percpu_wq
09:22:17 PM     0    202490      1.00      0.00  kworker/8:2-mm_percpu_wq
09:22:17 PM     0    202794      1.00      0.00  kworker/10:1-mm_percpu_wq
09:22:17 PM     0    204082      1.00      0.00  iostat
09:22:17 PM     0    204083      1.00      1.00  pidstat
09:22:17 PM     0    204084      5.00      0.00  bash
09:22:17 PM     0    204085      7.00      0.00  bash
09:22:17 PM     0    204086      4.00      1.00  bash
09:22:17 PM     0    204088     99.00      0.00  fio
09:22:17 PM     0    204145      1.00      0.00  sleep
09:22:17 PM     0    204146      1.00      0.00  sleep

09:22:17 PM   UID       PID   cswch/s nvcswch/s  Command
09:22:18 PM     0        16      1.00      0.00  ksoftirqd/0
09:22:18 PM     0        17     18.00      0.00  rcu_preempt
09:22:18 PM     0        24      2.00      0.00  ksoftirqd/1
09:22:18 PM     0        36      1.00      0.00  ksoftirqd/3
09:22:18 PM     0        48      1.00      0.00  ksoftirqd/5
09:22:18 PM     0        78      1.00      0.00  ksoftirqd/10
09:22:18 PM     0        95      2.00      0.00  kcompactd0
09:22:18 PM     0       453      1.00      0.00  multipathd
09:22:18 PM     0    186631      4.00      0.00  kworker/3:2-mm_percpu_wq
09:22:18 PM     0    186893      2.00      0.00  kworker/11:0-events
09:22:18 PM     0    189255      2.00      0.00  kworker/7:2-xfs-sync/nvme0n1p2
09:22:18 PM     0    193064      1.00      0.00  kworker/u24:0-edac-poller
09:22:18 PM     0    198726      2.00      0.00  kworker/9:0-events
09:22:18 PM     0    199074      3.00      0.00  kworker/4:1-events
09:22:18 PM     0    200794      2.00      0.00  kworker/1:1-events
09:22:18 PM     0    202794      2.00      0.00  kworker/10:1-events
09:22:18 PM     0    204082      1.00      0.00  iostat
09:22:18 PM     0    204083      1.00      0.00  pidstat
09:22:18 PM     0    204084      5.00      0.00  bash
09:22:18 PM     0    204085      8.00      0.00  bash
09:22:18 PM     0    204086      3.00      0.00  bash
09:22:18 PM     0    204088     99.00      0.00  fio
09:22:18 PM     0    204160      1.00      0.00  sleep
09:22:18 PM     0    204161      1.00      0.00  sleep

09:22:18 PM   UID       PID   cswch/s nvcswch/s  Command
09:22:19 PM     0        17     18.00      0.00  rcu_preempt
09:22:19 PM     0        18      1.00      0.00  migration/0
09:22:19 PM     0        23      2.00      0.00  migration/1
09:22:19 PM     0        24      1.00      0.00  ksoftirqd/1
09:22:19 PM     0        29      1.00      0.00  migration/2
09:22:19 PM     0        35      1.00      0.00  migration/3
09:22:19 PM     0        41      1.00      0.00  migration/4
09:22:19 PM     0        47      1.00      0.00  migration/5
09:22:19 PM     0        53      1.00      0.00  migration/6
09:22:19 PM     0        59      1.00      0.00  migration/7
09:22:19 PM     0        65      1.00      0.00  migration/8
09:22:19 PM     0        71      1.00      0.00  migration/9
09:22:19 PM     0        72      1.00      0.00  ksoftirqd/9
09:22:19 PM     0        77      1.00      0.00  migration/10
09:22:19 PM     0        83      1.00      0.00  migration/11
09:22:19 PM     0        84      1.00      0.00  ksoftirqd/11
09:22:19 PM     0        95      2.00      0.00  kcompactd0
09:22:19 PM     0       172      1.00      0.00  kworker/3:1H-kblockd
09:22:19 PM     0       453      1.00      0.00  multipathd
09:22:19 PM     0       562      3.00      0.00  jbd2/nvme1n1p3-8
09:22:19 PM     0     88840      1.00      0.00  kworker/u24:1-events_power_efficient
09:22:19 PM     0    179405      1.00      0.00  kworker/6:1-mm_percpu_wq
09:22:19 PM     0    180922      2.00      0.00  kworker/2:0-events
09:22:19 PM     0    186631      3.00      0.00  kworker/3:2-mm_percpu_wq
09:22:19 PM     0    186893      1.00      0.00  kworker/11:0-events
09:22:19 PM     0    189255      1.00      0.00  kworker/7:2-events
09:22:19 PM     0    193064      1.00      0.00  kworker/u24:0-events_unbound
09:22:19 PM     0    197671      1.00      0.00  kworker/0:1-events
09:22:19 PM     0    198726      2.00      0.00  kworker/9:0-events
09:22:19 PM     0    199074      2.00      0.00  kworker/4:1-events
09:22:19 PM     0    200794      5.00      0.00  kworker/1:1-events
09:22:19 PM     0    204082      1.00      1.00  iostat
09:22:19 PM     0    204083      1.00      0.00  pidstat
09:22:19 PM     0    204084      5.00      0.00  bash
09:22:19 PM     0    204085      7.00      0.00  bash
09:22:19 PM     0    204086      1.00      0.00  bash
09:22:19 PM     0    204088     99.00      0.00  fio
09:22:19 PM     0    204164      1.00      0.00  sleep
09:22:19 PM     0    204174      1.00      0.00  sleep
09:22:19 PM     0    204176      1.00      1.00  sleep

09:22:19 PM   UID       PID   cswch/s nvcswch/s  Command
09:22:20 PM     0        17     19.00      0.00  rcu_preempt
09:22:20 PM     0        24      1.00      0.00  ksoftirqd/1
09:22:20 PM     0        36      1.00      0.00  ksoftirqd/3
09:22:20 PM     0        41      1.00      0.00  migration/4
09:22:20 PM     0        72      1.00      0.00  ksoftirqd/9
09:22:20 PM     0        95      2.00      0.00  kcompactd0
09:22:20 PM     0       113      1.00      0.00  kworker/5:1H-kblockd
09:22:20 PM     0       194      1.00      0.00  kworker/8:1H-kblockd
09:22:20 PM     0       359      3.00      0.00  jbd2/nvme1n1p2-8
09:22:20 PM     0       453      1.00      0.00  multipathd
09:22:20 PM     0    179405      1.00      0.00  kworker/6:1-mm_percpu_wq
09:22:20 PM     0    180922      2.00      0.00  kworker/2:0-events
09:22:20 PM     0    186631      5.00      0.00  kworker/3:2-events
09:22:20 PM     0    189255      1.00      0.00  kworker/7:2-events
09:22:20 PM     0    193064      5.00      0.00  kworker/u24:0-edac-poller
09:22:20 PM     0    198726      3.00      0.00  kworker/9:0-events
09:22:20 PM     0    199074      3.00      0.00  kworker/4:1-events
09:22:20 PM     0    200447      2.00      0.00  kworker/5:1-events
09:22:20 PM     0    200794      3.00      0.00  kworker/1:1-events
09:22:20 PM     0    202794      3.00      0.00  kworker/10:1-events
09:22:20 PM     0    204082      1.00      0.00  iostat
09:22:20 PM     0    204083      1.00      0.00  pidstat
09:22:20 PM     0    204084      5.00      0.00  bash
09:22:20 PM     0    204085      7.00      0.00  bash
09:22:20 PM     0    204086      4.00      0.00  bash
09:22:20 PM     0    204088     99.00      0.00  fio
09:22:20 PM     0    204179      1.00      0.00  sleep
09:22:20 PM     0    204190      1.00      0.00  sleep
09:22:20 PM     0    204191      1.00      0.00  sleep

09:22:20 PM   UID       PID   cswch/s nvcswch/s  Command
09:22:21 PM     0        17     18.00      0.00  rcu_preempt
09:22:21 PM     0        24      1.00      0.00  ksoftirqd/1
09:22:21 PM     0        83      1.00      0.00  migration/11
09:22:21 PM     0        95      2.00      0.00  kcompactd0
09:22:21 PM     0       453      1.00      0.00  multipathd
09:22:21 PM     0     88840      1.00      0.00  kworker/u24:1-events_power_efficient
09:22:21 PM     0    180922      2.00      0.00  kworker/2:0-events
09:22:21 PM     0    186631      2.00      0.00  kworker/3:2-events
09:22:21 PM     0    186893      1.00      0.00  kworker/11:0-mm_percpu_wq
09:22:21 PM     0    189255      3.00      0.00  kworker/7:2-mm_percpu_wq
09:22:21 PM     0    193064      1.00      0.00  kworker/u24:0-events_unbound
09:22:21 PM     0    197671      3.00      0.00  kworker/0:1-mm_percpu_wq
09:22:21 PM     0    198726      1.00      0.00  kworker/9:0-events
09:22:21 PM     0    199074      2.00      0.00  kworker/4:1-mm_percpu_wq
09:22:21 PM     0    200794      6.00      0.00  kworker/1:1-mm_percpu_wq
09:22:21 PM     0    202490      1.00      0.00  kworker/8:2-mm_percpu_wq
09:22:21 PM     0    204082      1.00      0.00  iostat
09:22:21 PM     0    204083      1.00      0.00  pidstat
09:22:21 PM     0    204084      5.00      0.00  bash
09:22:21 PM     0    204085      6.00      0.00  bash
09:22:21 PM     0    204086      4.00      0.00  bash
09:22:21 PM     0    204088    100.00      0.00  fio
09:22:21 PM     0    204194      1.00      0.00  sleep
09:22:21 PM     0    204205      1.00      0.00  sleep
09:22:21 PM     0    204206      1.00      0.00  sleep

09:22:21 PM   UID       PID   cswch/s nvcswch/s  Command
09:22:22 PM     0        17     18.00      0.00  rcu_preempt
09:22:22 PM     0        24      1.00      0.00  ksoftirqd/1
09:22:22 PM     0        35      2.00      0.00  migration/3
09:22:22 PM     0        36      1.00      0.00  ksoftirqd/3
09:22:22 PM     0        48      1.00      0.00  ksoftirqd/5
09:22:22 PM     0        78      1.00      0.00  ksoftirqd/10
09:22:22 PM     0        95      2.00      0.00  kcompactd0
09:22:22 PM     0       453      1.00      0.00  multipathd
09:22:22 PM     0     88840      2.00      0.00  kworker/u24:1-events_power_efficient
09:22:22 PM     0    180922      1.00      0.00  kworker/2:0-events
09:22:22 PM     0    186631      2.00      0.00  kworker/3:2-events
09:22:22 PM     0    186893      1.00      0.00  kworker/11:0-events
09:22:22 PM     0    189255      2.00      0.00  kworker/7:2-events
09:22:22 PM     0    193064      3.00      0.00  kworker/u24:0-events_power_efficient
09:22:22 PM     0    197671      1.00      0.00  kworker/0:1-events
09:22:22 PM     0    199074      2.00      0.00  kworker/4:1-events
09:22:22 PM     0    200447      1.00      0.00  kworker/5:1-mm_percpu_wq
09:22:22 PM     0    200794      3.00      0.00  kworker/1:1-events
09:22:22 PM     0    202794      2.00      0.00  kworker/10:1-events
09:22:22 PM     0    204082      1.00      0.00  iostat
09:22:22 PM     0    204083      1.00      0.00  pidstat
09:22:22 PM     0    204084      5.00      0.00  bash
09:22:22 PM     0    204085      8.00      0.00  bash
09:22:22 PM     0    204086      4.00      0.00  bash
09:22:22 PM     0    204088     99.00      0.00  fio
09:22:22 PM     0    204209      1.00      0.00  sleep
09:22:22 PM     0    204220      1.00      1.00  sleep
09:22:22 PM     0    204221      1.00      0.00  sleep

09:22:22 PM   UID       PID   cswch/s nvcswch/s  Command
09:22:23 PM     0         2      1.00      0.00  kthreadd
09:22:23 PM     0        17     21.00      0.00  rcu_preempt
09:22:23 PM     0        18      1.00      0.00  migration/0
09:22:23 PM     0        23      1.00      0.00  migration/1
09:22:23 PM     0        29      1.00      0.00  migration/2
09:22:23 PM     0        35      1.00      0.00  migration/3
09:22:23 PM     0        36      3.00      0.00  ksoftirqd/3
09:22:23 PM     0        41      1.00      0.00  migration/4
09:22:23 PM     0        42      1.00      0.00  ksoftirqd/4
09:22:23 PM     0        47      1.00      0.00  migration/5
09:22:23 PM     0        53      1.00      0.00  migration/6
09:22:23 PM     0        54      1.00      0.00  ksoftirqd/6
09:22:23 PM     0        59      1.00      0.00  migration/7
09:22:23 PM     0        60      1.00      0.00  ksoftirqd/7
09:22:23 PM     0        65      1.00      0.00  migration/8
09:22:23 PM     0        71      1.00      0.00  migration/9
09:22:23 PM     0        77      1.00      0.00  migration/10
09:22:23 PM     0        78      1.00      0.00  ksoftirqd/10
09:22:23 PM     0        83      1.00      0.00  migration/11
09:22:23 PM     0        95      2.00      0.00  kcompactd0
09:22:23 PM     0       102      1.00      0.00  irq/9-acpi
09:22:23 PM     0       453      1.00      0.00  multipathd
09:22:23 PM     0     21554      1.00      0.00  packagekitd
09:22:23 PM     0     88840      2.00      0.00  kworker/u24:1-events_unbound
09:22:23 PM     0    112707      2.00      0.00  kworker/3:0-events
09:22:23 PM     0    179405      1.00      0.00  kworker/6:1-mm_percpu_wq
09:22:23 PM     0    180922      2.00      0.00  kworker/2:0-events
09:22:23 PM     0    186631   1140.00      1.00  kworker/3:2-mm_percpu_wq
09:22:23 PM     0    186893      2.00      0.00  kworker/11:0-mm_percpu_wq
09:22:23 PM     0    189255      4.00      0.00  kworker/7:2-mm_percpu_wq
09:22:23 PM     0    193064      1.00      0.00  kworker/u24:0-events_power_efficient
09:22:23 PM     0    197671      2.00      0.00  kworker/0:1-events
09:22:23 PM     0    198726      1.00      0.00  kworker/9:0-mm_percpu_wq
09:22:23 PM     0    199074      3.00      0.00  kworker/4:1-mm_percpu_wq
09:22:23 PM     0    199741   1134.00      0.00  kworker/3:1-i915-unordered
09:22:23 PM     0    200794      3.00      0.00  kworker/1:1-events
09:22:23 PM     0    202490      1.00      0.00  kworker/8:2-mm_percpu_wq
09:22:23 PM     0    204082      1.00      0.00  iostat
09:22:23 PM     0    204083      1.00      0.00  pidstat
09:22:23 PM     0    204084      5.00      0.00  bash
09:22:23 PM     0    204085      8.00      0.00  bash
09:22:23 PM     0    204086      4.00      0.00  bash
09:22:23 PM     0    204088    100.00      0.00  fio
09:22:23 PM     0    204224      1.00      0.00  sleep
09:22:23 PM     0    204225      4.00      0.00  kworker/3:3-events
09:22:23 PM     0    204235      1.00      0.00  sleep
09:22:23 PM     0    204237      1.00      0.00  sleep

09:22:23 PM   UID       PID   cswch/s nvcswch/s  Command
09:22:24 PM     0        16      1.00      0.00  ksoftirqd/0
09:22:24 PM     0        17     18.00      0.00  rcu_preempt
09:22:24 PM     0        24      1.00      0.00  ksoftirqd/1
09:22:24 PM     0        36      3.00      0.00  ksoftirqd/3
09:22:24 PM     0        48      1.00      0.00  ksoftirqd/5
09:22:24 PM     0        95      2.00      0.00  kcompactd0
09:22:24 PM     0       453      1.00      0.00  multipathd
09:22:24 PM     0       562      3.00      0.00  jbd2/nvme1n1p3-8
09:22:24 PM     0     88840      1.00      0.00  kworker/u24:1-edac-poller
09:22:24 PM     0    180922      1.00      0.00  kworker/2:0-events
09:22:24 PM     0    186893      1.00      0.00  kworker/11:0-events
09:22:24 PM     0    198726      1.00      0.00  kworker/9:0-events
09:22:24 PM     0    199074      2.00      0.00  kworker/4:1-events
09:22:24 PM     0    199741      3.00      0.00  kworker/3:1-mm_percpu_wq
09:22:24 PM     0    200447      1.00      0.00  kworker/5:1-mm_percpu_wq
09:22:24 PM     0    200794      4.00      0.00  kworker/1:1-events
09:22:24 PM     0    202794      4.00      0.00  kworker/10:1-events
09:22:24 PM     0    204082      1.00      0.00  iostat
09:22:24 PM     0    204083      1.00      0.00  pidstat
09:22:24 PM     0    204084      5.00      0.00  bash
09:22:24 PM     0    204085      8.00      0.00  bash
09:22:24 PM     0    204086      4.00      1.00  bash
09:22:24 PM     0    204088     99.00      0.00  fio
09:22:24 PM     0    204240      1.00      0.00  sleep
09:22:24 PM     0    204251      1.00      0.00  sleep
09:22:24 PM     0    204252      1.00      0.00  sleep

09:22:24 PM   UID       PID   cswch/s nvcswch/s  Command
09:22:25 PM     0        17     16.00      0.00  rcu_preempt
09:22:25 PM     0        36      1.00      0.00  ksoftirqd/3
09:22:25 PM     0        95      2.00      0.00  kcompactd0
09:22:25 PM     0       453      1.00      0.00  multipathd
09:22:25 PM     0     88840      1.00      0.00  kworker/u24:1-events_unbound
09:22:25 PM     0    179405      1.00      0.00  kworker/6:1-mm_percpu_wq
09:22:25 PM     0    180922      3.00      0.00  kworker/2:0-events
09:22:25 PM     0    186893      1.00      0.00  kworker/11:0-events
09:22:25 PM     0    189255      1.00      0.00  kworker/7:2-events
09:22:25 PM     0    193064      1.00      0.00  kworker/u24:0-events_power_efficient
09:22:25 PM     0    197671      1.00      0.00  kworker/0:1-mm_percpu_wq
09:22:25 PM     0    198726      2.00      0.00  kworker/9:0-mm_percpu_wq
09:22:25 PM     0    199074      3.00      0.00  kworker/4:1-events
09:22:25 PM     0    199741      5.00      0.00  kworker/3:1-mm_percpu_wq
09:22:25 PM     0    200794      3.00      0.00  kworker/1:1-events
09:22:25 PM     0    204082      1.00      0.00  iostat
09:22:25 PM     0    204083      1.00      0.00  pidstat
09:22:25 PM     0    204084      5.00      0.00  bash
09:22:25 PM     0    204085      8.00      0.00  bash
09:22:25 PM     0    204086      4.00      0.00  bash
09:22:25 PM     0    204088     99.00      0.00  fio
09:22:25 PM     0    204255      1.00      0.00  sleep
09:22:25 PM     0    204266      1.00      0.00  sleep
09:22:25 PM     0    204267      1.00      0.00  sleep

09:22:25 PM   UID       PID   cswch/s nvcswch/s  Command
09:22:26 PM     0        16      1.00      0.00  ksoftirqd/0
09:22:26 PM     0        17     20.00      0.00  rcu_preempt
09:22:26 PM     0        24      1.00      0.00  ksoftirqd/1
09:22:26 PM     0        36      1.00      0.00  ksoftirqd/3
09:22:26 PM     0        72      1.00      0.00  ksoftirqd/9
09:22:26 PM     0        95      2.00      0.00  kcompactd0
09:22:26 PM     0       172      1.00      0.00  kworker/3:1H-kblockd
09:22:26 PM     0       453      1.00      0.00  multipathd
09:22:26 PM     0     88840      3.00      0.00  kworker/u24:1-writeback
09:22:26 PM     0    180922      2.00      0.00  kworker/2:0-events
09:22:26 PM     0    186893      2.00      0.00  kworker/11:0-events
09:22:26 PM     0    193064      3.00      0.00  kworker/u24:0-edac-poller
09:22:26 PM     0    198726      2.00      0.00  kworker/9:0-events
09:22:26 PM     0    199074      3.00      0.00  kworker/4:1-events
09:22:26 PM     0    199741      2.00      0.00  kworker/3:1-events
09:22:26 PM     0    200447      2.00      0.00  kworker/5:1-events
09:22:26 PM     0    200794      2.00      0.00  kworker/1:1-events
09:22:26 PM     0    202794      4.00      0.00  kworker/10:1-events
09:22:26 PM     0    204082      1.00      0.00  iostat
09:22:26 PM     0    204083      1.00      0.00  pidstat
09:22:26 PM     0    204084      5.00      0.00  bash
09:22:26 PM     0    204085      7.00      0.00  bash
09:22:26 PM     0    204086      4.00      1.00  bash
09:22:26 PM     0    204088    100.00      0.00  fio
09:22:26 PM     0    204270      1.00      0.00  sleep
09:22:26 PM     0    204280      1.00      0.00  sleep
09:22:26 PM     0    204282      1.00      0.00  sleep

09:22:26 PM   UID       PID   cswch/s nvcswch/s  Command
09:22:27 PM     0        16      1.00      0.00  ksoftirqd/0
09:22:27 PM     0        17     19.00      0.00  rcu_preempt
09:22:27 PM     0        18      1.00      0.00  migration/0
09:22:27 PM     0        23      1.00      0.00  migration/1
09:22:27 PM     0        29      1.00      0.00  migration/2
09:22:27 PM     0        35      1.00      0.00  migration/3
09:22:27 PM     0        41      1.00      0.00  migration/4
09:22:27 PM     0        47      1.00      0.00  migration/5
09:22:27 PM     0        48      1.00      0.00  ksoftirqd/5
09:22:27 PM     0        53      1.00      0.00  migration/6
09:22:27 PM     0        54      1.00      0.00  ksoftirqd/6
09:22:27 PM     0        59      1.00      0.00  migration/7
09:22:27 PM     0        65      1.00      0.00  migration/8
09:22:27 PM     0        71      1.00      0.00  migration/9
09:22:27 PM     0        77      1.00      0.00  migration/10
09:22:27 PM     0        78      1.00      0.00  ksoftirqd/10
09:22:27 PM     0        83      1.00      0.00  migration/11
09:22:27 PM     0        84      1.00      0.00  ksoftirqd/11
09:22:27 PM     0        95      2.00      0.00  kcompactd0
09:22:27 PM     0       453      1.00      0.00  multipathd
09:22:27 PM     0     88840      1.00      0.00  kworker/u24:1-events_power_efficient
09:22:27 PM     0    179405      3.00      0.00  kworker/6:1-events
09:22:27 PM     0    180922      2.00      0.00  kworker/2:0-events
09:22:27 PM     0    186893      1.00      0.00  kworker/11:0-events
09:22:27 PM     0    189255      2.00      0.00  kworker/7:2-mm_percpu_wq
09:22:27 PM     0    193064      3.00      0.00  kworker/u24:0-edac-poller
09:22:27 PM     0    197671      4.00      0.00  kworker/0:1-mm_percpu_wq
09:22:27 PM     0    198726      1.00      0.00  kworker/9:0-events
09:22:27 PM     0    199074      1.00      0.00  kworker/4:1-events
09:22:27 PM     0    199741      1.00      0.00  kworker/3:1-events
09:22:27 PM     0    200794      3.00      0.00  kworker/1:1-events
09:22:27 PM     0    202490      1.00      0.00  kworker/8:2-mm_percpu_wq
09:22:27 PM     0    202794      2.00      0.00  kworker/10:1-mm_percpu_wq
09:22:27 PM     0    204082      1.00      0.00  iostat
09:22:27 PM     0    204083      1.00      1.00  pidstat
09:22:27 PM     0    204084      5.00      0.00  bash
09:22:27 PM     0    204085      8.00      0.00  bash
09:22:27 PM     0    204086      4.00      0.00  bash
09:22:27 PM     0    204088     99.00      0.00  fio
09:22:27 PM     0    204285      1.00      0.00  sleep
09:22:27 PM     0    204296      1.00      0.00  sleep
09:22:27 PM     0    204297      1.00      0.00  sleep

09:22:27 PM   UID       PID   cswch/s nvcswch/s  Command
09:22:28 PM     0        16      1.00      0.00  ksoftirqd/0
09:22:28 PM     0        17     19.00      0.00  rcu_preempt
09:22:28 PM     0        35      1.00      0.00  migration/3
09:22:28 PM     0        36      1.00      0.00  ksoftirqd/3
09:22:28 PM     0        54      1.00      0.00  ksoftirqd/6
09:22:28 PM     0        78      3.00      0.00  ksoftirqd/10
09:22:28 PM     0        95      2.00      0.00  kcompactd0
09:22:28 PM     0       453      1.00      0.00  multipathd
09:22:28 PM     0     88840      1.00      0.00  kworker/u24:1-events_power_efficient
09:22:28 PM     0    179405      2.00      0.00  kworker/6:1-events
09:22:28 PM     0    180922      1.00      0.00  kworker/2:0-events
09:22:28 PM     0    186893      1.00      0.00  kworker/11:0-mm_percpu_wq
09:22:28 PM     0    193064      2.00      0.00  kworker/u24:0-edac-poller
09:22:28 PM     0    197671      1.00      0.00  kworker/0:1-events
09:22:28 PM     0    199074      3.00      0.00  kworker/4:1-events
09:22:28 PM     0    199741      2.00      0.00  kworker/3:1-events
09:22:28 PM     0    200447      1.00      0.00  kworker/5:1-mm_percpu_wq
09:22:28 PM     0    200794      1.00      0.00  kworker/1:1-mm_percpu_wq
09:22:28 PM     0    202794      5.00      0.00  kworker/10:1-mm_percpu_wq
09:22:28 PM     0    204082      1.00      0.00  iostat
09:22:28 PM     0    204083      1.00      0.00  pidstat
09:22:28 PM     0    204084      5.00      0.00  bash
09:22:28 PM     0    204085      8.00      0.00  bash
09:22:28 PM     0    204086      4.00      0.00  bash
09:22:28 PM     0    204088    100.00      0.00  fio
09:22:28 PM     0    204300      1.00      0.00  sleep
09:22:28 PM     0    204311      1.00      0.00  sleep
09:22:28 PM     0    204312      1.00      0.00  sleep

09:22:28 PM   UID       PID   cswch/s nvcswch/s  Command
09:22:29 PM     0        16      1.00      0.00  ksoftirqd/0
09:22:29 PM     0        17     19.00      0.00  rcu_preempt
09:22:29 PM     0        24      2.00      0.00  ksoftirqd/1
09:22:29 PM     0        36      2.00      0.00  ksoftirqd/3
09:22:29 PM     0        54      1.00      0.00  ksoftirqd/6
09:22:29 PM     0        78      2.00      0.00  ksoftirqd/10
09:22:29 PM     0        95      2.00      0.00  kcompactd0
09:22:29 PM     0       453      1.00      0.00  multipathd
09:22:29 PM     0    179405      2.00      0.00  kworker/6:1-events
09:22:29 PM     0    180922      2.00      0.00  kworker/2:0-events
09:22:29 PM     0    186893      1.00      0.00  kworker/11:0-events
09:22:29 PM     0    189255      2.00      0.00  kworker/7:2-mm_percpu_wq
09:22:29 PM     0    193064      1.00      0.00  kworker/u24:0-edac-poller
09:22:29 PM     0    197671      2.00      0.00  kworker/0:1-events
09:22:29 PM     0    198726      1.00      0.00  kworker/9:0-mm_percpu_wq
09:22:29 PM     0    199074      2.00      0.00  kworker/4:1-mm_percpu_wq
09:22:29 PM     0    199741      5.00      0.00  kworker/3:1-events
09:22:29 PM     0    200794      2.00      0.00  kworker/1:1-mm_percpu_wq
09:22:29 PM     0    202490      1.00      0.00  kworker/8:2-mm_percpu_wq
09:22:29 PM     0    202794      2.00      0.00  kworker/10:1-events
09:22:29 PM     0    204082      1.00      0.00  iostat
09:22:29 PM     0    204083      1.00      1.00  pidstat
09:22:29 PM     0    204084      5.00      0.00  bash
09:22:29 PM     0    204085      8.00      0.00  bash
09:22:29 PM     0    204086      4.00      0.00  bash
09:22:29 PM     0    204088     99.00      0.00  fio
09:22:29 PM     0    204315      1.00      0.00  sleep
09:22:29 PM     0    204326      1.00      0.00  sleep
09:22:29 PM     0    204327      1.00      0.00  sleep

09:22:29 PM   UID       PID   cswch/s nvcswch/s  Command
09:22:30 PM     0        17     16.00      0.00  rcu_preempt
09:22:30 PM     0        24      2.00      0.00  ksoftirqd/1
09:22:30 PM     0        36      1.00      0.00  ksoftirqd/3
09:22:30 PM     0        42      1.00      0.00  ksoftirqd/4
09:22:30 PM     0        54      1.00      0.00  ksoftirqd/6
09:22:30 PM     0        95      2.00      0.00  kcompactd0
09:22:30 PM     0       453      1.00      0.00  multipathd
09:22:30 PM     0       562      3.00      0.00  jbd2/nvme1n1p3-8
09:22:30 PM     0    179405      2.00      0.00  kworker/6:1-events
09:22:30 PM     0    180922      1.00      0.00  kworker/2:0-events
09:22:30 PM     0    186893      2.00      0.00  kworker/11:0-events
09:22:30 PM     0    193064      2.00      0.00  kworker/u24:0-edac-poller
09:22:30 PM     0    197671      1.00      0.00  kworker/0:1-events
09:22:30 PM     0    198726      1.00      0.00  kworker/9:0-events
09:22:30 PM     0    199074      4.00      0.00  kworker/4:1-events
09:22:30 PM     0    199741      4.00      0.00  kworker/3:1-events
09:22:30 PM     0    200447      1.00      0.00  kworker/5:1-mm_percpu_wq
09:22:30 PM     0    202794      3.00      0.00  kworker/10:1-events
09:22:30 PM     0    204082      1.00      0.00  iostat
09:22:30 PM     0    204083      1.00      0.00  pidstat
09:22:30 PM     0    204084      5.00      0.00  bash
09:22:30 PM     0    204085      8.00      0.00  bash
09:22:30 PM     0    204086      4.00      0.00  bash
09:22:30 PM     0    204088     99.00      0.00  fio
09:22:30 PM     0    204330      1.00      0.00  sleep
09:22:30 PM     0    204341      1.00      0.00  sleep
09:22:30 PM     0    204342      1.00      0.00  sleep

09:22:30 PM   UID       PID   cswch/s nvcswch/s  Command
09:22:31 PM     0        16      1.00      0.00  ksoftirqd/0
09:22:31 PM     0        17     20.00      0.00  rcu_preempt
09:22:31 PM     0        18      1.00      0.00  migration/0
09:22:31 PM     0        23      1.00      0.00  migration/1
09:22:31 PM     0        24      2.00      0.00  ksoftirqd/1
09:22:31 PM     0        29      1.00      0.00  migration/2
09:22:31 PM     0        35      1.00      0.00  migration/3
09:22:31 PM     0        41      1.00      0.00  migration/4
09:22:31 PM     0        42      1.00      1.00  ksoftirqd/4
09:22:31 PM     0        47      1.00      0.00  migration/5
09:22:31 PM     0        53      1.00      0.00  migration/6
09:22:31 PM     0        54      1.00      0.00  ksoftirqd/6
09:22:31 PM     0        59      1.00      0.00  migration/7
09:22:31 PM     0        65      1.00      0.00  migration/8
09:22:31 PM     0        71      1.00      0.00  migration/9
09:22:31 PM     0        72      1.00      0.00  ksoftirqd/9
09:22:31 PM     0        77      1.00      0.00  migration/10
09:22:31 PM     0        78      1.00      0.00  ksoftirqd/10
09:22:31 PM     0        83      1.00      0.00  migration/11
09:22:31 PM     0        95      2.00      0.00  kcompactd0
09:22:31 PM     0       453      1.00      0.00  multipathd
09:22:31 PM     0    179405      3.00      0.00  kworker/6:1-events
09:22:31 PM     0    180922      2.00      0.00  kworker/2:0-events
09:22:31 PM     0    186893      1.00      0.00  kworker/11:0-events
09:22:31 PM     0    189255      2.00      0.00  kworker/7:2-mm_percpu_wq
09:22:31 PM     0    193064      4.00      0.00  kworker/u24:0-edac-poller
09:22:31 PM     0    197671      2.00      0.00  kworker/0:1-mm_percpu_wq
09:22:31 PM     0    198726      5.00      0.00  kworker/9:0-mm_percpu_wq
09:22:31 PM     0    199074      3.00      0.00  kworker/4:1-events
09:22:31 PM     0    199741      1.00      0.00  kworker/3:1-events
09:22:31 PM     0    200794      1.00      0.00  kworker/1:1-events
09:22:31 PM     0    202490      1.00      0.00  kworker/8:2-mm_percpu_wq
09:22:31 PM     0    202794      3.00      0.00  kworker/10:1-events
09:22:31 PM     0    204082      1.00      0.00  iostat
09:22:31 PM     0    204083      1.00      1.00  pidstat
09:22:31 PM     0    204084      5.00      0.00  bash
09:22:31 PM     0    204085      8.00      0.00  bash
09:22:31 PM     0    204086      4.00      0.00  bash
09:22:31 PM     0    204088    100.00      0.00  fio
09:22:31 PM     0    204345      1.00      0.00  sleep
09:22:31 PM     0    204356      1.00      0.00  sleep
09:22:31 PM     0    204357      1.00      0.00  sleep

09:22:31 PM   UID       PID   cswch/s nvcswch/s  Command
09:22:32 PM     0        16      1.00      0.00  ksoftirqd/0
09:22:32 PM     0        17     16.00      0.00  rcu_preempt
09:22:32 PM     0        66      2.00      0.00  ksoftirqd/8
09:22:32 PM     0        78      1.00      0.00  ksoftirqd/10
09:22:32 PM     0        95      2.00      0.00  kcompactd0
09:22:32 PM     0       194      1.00      0.00  kworker/8:1H-kblockd
09:22:32 PM     0       453      1.00      0.00  multipathd
09:22:32 PM     0    179405      1.00      0.00  kworker/6:1-events
09:22:32 PM     0    180922      1.00      0.00  kworker/2:0-events
09:22:32 PM     0    193064      2.00      0.00  kworker/u24:0-edac-poller
09:22:32 PM     0    197671      3.00      0.00  kworker/0:1-events
09:22:32 PM     0    198726      2.00      0.00  kworker/9:0-events
09:22:32 PM     0    199074      3.00      0.00  kworker/4:1-events
09:22:32 PM     0    199741      1.00      0.00  kworker/3:1-mm_percpu_wq
09:22:32 PM     0    200447      2.00      0.00  kworker/5:1-events
09:22:32 PM     0    200794      1.00      0.00  kworker/1:1-mm_percpu_wq
09:22:32 PM     0    202794      4.00      0.00  kworker/10:1-mm_percpu_wq
09:22:32 PM     0    204082      1.00      0.00  iostat
09:22:32 PM     0    204083      1.00      0.00  pidstat
09:22:32 PM     0    204084      5.00      0.00  bash
09:22:32 PM     0    204085      8.00      0.00  bash
09:22:32 PM     0    204086      4.00      0.00  bash
09:22:32 PM     0    204088     99.00      0.00  fio
09:22:32 PM     0    204360      1.00      0.00  sleep
09:22:32 PM     0    204371      1.00      0.00  sleep
09:22:32 PM     0    204372      1.00      0.00  sleep

09:22:32 PM   UID       PID   cswch/s nvcswch/s  Command
09:22:33 PM     0        17     17.00      0.00  rcu_preempt
09:22:33 PM     0        36      1.00      0.00  ksoftirqd/3
09:22:33 PM     0        48      1.00      0.00  ksoftirqd/5
09:22:33 PM     0        78      1.00      0.00  ksoftirqd/10
09:22:33 PM     0        95      2.00      0.00  kcompactd0
09:22:33 PM     0       453      1.00      0.00  multipathd
09:22:33 PM     0     21554      1.00      0.00  packagekitd
09:22:33 PM     0    179405      1.00      0.00  kworker/6:1-mm_percpu_wq
09:22:33 PM     0    180922      2.00      0.00  kworker/2:0-events
09:22:33 PM     0    186893      2.00      0.00  kworker/11:0-events
09:22:33 PM     0    189255      1.00      0.00  kworker/7:2-events
09:22:33 PM     0    193064      2.00      0.00  kworker/u24:0-events_power_efficient
09:22:33 PM     0    197671      1.00      0.00  kworker/0:1-events
09:22:33 PM     0    199074      2.00      0.00  kworker/4:1-mm_percpu_wq
09:22:33 PM     0    199741      4.00      0.00  kworker/3:1-mm_percpu_wq
09:22:33 PM     0    200794      1.00      0.00  kworker/1:1-events
09:22:33 PM     0    202490      1.00      0.00  kworker/8:2-mm_percpu_wq
09:22:33 PM     0    202794      2.00      0.00  kworker/10:1-events
09:22:33 PM     0    204082      1.00      0.00  iostat
09:22:33 PM     0    204083      1.00      1.00  pidstat
09:22:33 PM     0    204084      5.00      0.00  bash
09:22:33 PM     0    204085      7.00      0.00  bash
09:22:33 PM     0    204086      4.00      0.00  bash
09:22:33 PM     0    204088    100.00      0.00  fio
09:22:33 PM     0    204375      1.00      0.00  sleep
09:22:33 PM     0    204385      1.00      0.00  sleep
09:22:33 PM     0    204387      1.00      1.00  sleep

09:22:33 PM   UID       PID   cswch/s nvcswch/s  Command
09:22:34 PM     0        17     16.00      0.00  rcu_preempt
09:22:34 PM     0        42      1.00      0.00  ksoftirqd/4
09:22:34 PM     0        54      1.00      0.00  ksoftirqd/6
09:22:34 PM     0        60      1.00      0.00  ksoftirqd/7
09:22:34 PM     0        95      2.00      0.00  kcompactd0
09:22:34 PM     0       453      1.00      0.00  multipathd
09:22:34 PM     0    179405      1.00      0.00  kworker/6:1-events
09:22:34 PM     0    180922      1.00      0.00  kworker/2:0-events
09:22:34 PM     0    186893      1.00      0.00  kworker/11:0-events
09:22:34 PM     0    189255      2.00      0.00  kworker/7:2-events
09:22:34 PM     0    193064      2.00      0.00  kworker/u24:0-events_unbound
09:22:34 PM     0    197671      1.00      0.00  kworker/0:1-events
09:22:34 PM     0    198726      1.00      0.00  kworker/9:0-mm_percpu_wq
09:22:34 PM     0    199074      3.00      0.00  kworker/4:1-events
09:22:34 PM     0    199741      2.00      0.00  kworker/3:1-events
09:22:34 PM     0    200447      1.00      0.00  kworker/5:1-mm_percpu_wq
09:22:34 PM     0    200794      2.00      0.00  kworker/1:1-events
09:22:34 PM     0    202794      3.00      0.00  kworker/10:1-events
09:22:34 PM     0    204082      1.00      0.00  iostat
09:22:34 PM     0    204083      1.00      0.00  pidstat
09:22:34 PM     0    204084      5.00      0.00  bash
09:22:34 PM     0    204085      7.00      0.00  bash
09:22:34 PM     0    204086      4.00      0.00  bash
09:22:34 PM     0    204088     99.00      0.00  fio
09:22:34 PM     0    204390      1.00      0.00  sleep
09:22:34 PM     0    204401      1.00      0.00  sleep
09:22:34 PM     0    204402      1.00      0.00  sleep

09:22:34 PM   UID       PID   cswch/s nvcswch/s  Command
09:22:35 PM     0        16      1.00      0.00  ksoftirqd/0
09:22:35 PM     0        17     17.00      0.00  rcu_preempt
09:22:35 PM     0        18      1.00      0.00  migration/0
09:22:35 PM     0        23      1.00      0.00  migration/1
09:22:35 PM     0        29      1.00      0.00  migration/2
09:22:35 PM     0        35      1.00      0.00  migration/3
09:22:35 PM     0        41      1.00      0.00  migration/4
09:22:35 PM     0        42      1.00      0.00  ksoftirqd/4
09:22:35 PM     0        47      1.00      0.00  migration/5
09:22:35 PM     0        53      1.00      0.00  migration/6
09:22:35 PM     0        59      1.00      0.00  migration/7
09:22:35 PM     0        60      1.00      0.00  ksoftirqd/7
09:22:35 PM     0        65      1.00      0.00  migration/8
09:22:35 PM     0        71      1.00      0.00  migration/9
09:22:35 PM     0        77      1.00      0.00  migration/10
09:22:35 PM     0        83      1.00      0.00  migration/11
09:22:35 PM     0        95      2.00      0.00  kcompactd0
09:22:35 PM     0       453      1.00      0.00  multipathd
09:22:35 PM     0       562      3.00      0.00  jbd2/nvme1n1p3-8
09:22:35 PM     0    179405      2.00      0.00  kworker/6:1-events
09:22:35 PM     0    180922      4.00      0.00  kworker/2:0-events
09:22:35 PM     0    186893      2.00      0.00  kworker/11:0-events
09:22:35 PM     0    189255      4.00      0.00  kworker/7:2-events
09:22:35 PM     0    193064      3.00      0.00  kworker/u24:0-writeback
09:22:35 PM     0    197671      1.00      0.00  kworker/0:1-mm_percpu_wq
09:22:35 PM     0    199074      4.00      0.00  kworker/4:1-mm_percpu_wq
09:22:35 PM     0    199741      1.00      0.00  kworker/3:1-mm_percpu_wq
09:22:35 PM     0    200794      4.00      0.00  kworker/1:1-events
09:22:35 PM     0    202490      1.00      0.00  kworker/8:2-mm_percpu_wq
09:22:35 PM     0    202794      1.00      0.00  kworker/10:1-events
09:22:35 PM     0    204082      1.00      0.00  iostat
09:22:35 PM     0    204083      1.00      0.00  pidstat
09:22:35 PM     0    204084      5.00      0.00  bash
09:22:35 PM     0    204085      8.00      0.00  bash
09:22:35 PM     0    204086      4.00      0.00  bash
09:22:35 PM     0    204088    100.00      0.00  fio
09:22:35 PM     0    204405      1.00      0.00  sleep
09:22:35 PM     0    204415      1.00      0.00  sleep
09:22:35 PM     0    204417      1.00      0.00  sleep

09:22:35 PM   UID       PID   cswch/s nvcswch/s  Command
09:22:36 PM     0        17     20.00      0.00  rcu_preempt
09:22:36 PM     0        24      1.00      0.00  ksoftirqd/1
09:22:36 PM     0        48      1.00      0.00  ksoftirqd/5
09:22:36 PM     0        72      1.00      0.00  ksoftirqd/9
09:22:36 PM     0        77      1.00      0.00  migration/10
09:22:36 PM     0        95      2.00      0.00  kcompactd0
09:22:36 PM     0       102      1.00      0.00  irq/9-acpi
09:22:36 PM     0       190      1.00      0.00  kworker/10:1H-kblockd
09:22:36 PM     0       453      1.00      0.00  multipathd
09:22:36 PM     0     88840      4.00      0.00  kworker/u24:1-writeback
09:22:36 PM     0    180922      2.00      0.00  kworker/2:0-events
09:22:36 PM     0    186631      1.00      0.00  kworker/3:2-i915-unordered
09:22:36 PM     0    186893      1.00      0.00  kworker/11:0-events
09:22:36 PM     0    189255      2.00      0.00  kworker/7:2-events
09:22:36 PM     0    193064      2.00      0.00  kworker/u24:0-events_unbound
09:22:36 PM     0    197671      1.00      0.00  kworker/0:1-kacpi_notify
09:22:36 PM     0    198726      1.00      0.00  kworker/9:0-mm_percpu_wq
09:22:36 PM     0    199074      4.00      0.00  kworker/4:1-events
09:22:36 PM     0    199741      7.00      0.00  kworker/3:1-pm
09:22:36 PM     0    200447      1.00      0.00  kworker/5:1-mm_percpu_wq
09:22:36 PM     0    200794      4.00      0.00  kworker/1:1-events
09:22:36 PM     0    202794      4.00      0.00  kworker/10:1-events
09:22:36 PM     0    204082      1.00      0.00  iostat
09:22:36 PM     0    204083      1.00      0.00  pidstat
09:22:36 PM     0    204084      5.00      0.00  bash
09:22:36 PM     0    204085      8.00      0.00  bash
09:22:36 PM     0    204086      4.00      0.00  bash
09:22:36 PM     0    204088     99.00      0.00  fio
09:22:36 PM     0    204420      1.00      0.00  sleep
09:22:36 PM     0    204431      1.00      0.00  sleep
09:22:36 PM     0    204432      1.00      0.00  sleep

09:22:36 PM   UID       PID   cswch/s nvcswch/s  Command
09:22:37 PM     0        17     17.00      0.00  rcu_preempt
09:22:37 PM     0        24      1.00      0.00  ksoftirqd/1
09:22:37 PM     0        36      1.00      0.00  ksoftirqd/3
09:22:37 PM     0        60      1.00      0.00  ksoftirqd/7
09:22:37 PM     0        95      2.00      0.00  kcompactd0
09:22:37 PM     0       453      1.00      0.00  multipathd
09:22:37 PM   101       608      1.00      0.00  systemd-network
09:22:37 PM     0     88840      3.00      0.00  kworker/u24:1-events_power_efficient
09:22:37 PM     0    179405      1.00      0.00  kworker/6:1-mm_percpu_wq
09:22:37 PM     0    180922      2.00      0.00  kworker/2:0-events
09:22:37 PM     0    186893      2.00      0.00  kworker/11:0-events
09:22:37 PM     0    189255      4.00      0.00  kworker/7:2-mm_percpu_wq
09:22:37 PM     0    193064      1.00      0.00  kworker/u24:0-events_unbound
09:22:37 PM     0    197671      3.00      0.00  kworker/0:1-events
09:22:37 PM     0    199074      1.00      0.00  kworker/4:1-events
09:22:37 PM     0    199741      4.00      0.00  kworker/3:1-mm_percpu_wq
09:22:37 PM     0    200447      2.00      0.00  kworker/5:1-mm_percpu_wq
09:22:37 PM     0    200794      4.00      0.00  kworker/1:1-mm_percpu_wq
09:22:37 PM     0    202490      1.00      0.00  kworker/8:2-mm_percpu_wq
09:22:37 PM     0    204082      1.00      0.00  iostat
09:22:37 PM     0    204083      1.00      1.00  pidstat
09:22:37 PM     0    204084      5.00      0.00  bash
09:22:37 PM     0    204085      6.00      0.00  bash
09:22:37 PM     0    204086      4.00      0.00  bash
09:22:37 PM     0    204088     99.00      0.00  fio
09:22:37 PM     0    204435      1.00      0.00  sleep
09:22:37 PM     0    204445      1.00      0.00  sleep
09:22:37 PM     0    204447      1.00      0.00  sleep

09:22:37 PM   UID       PID   cswch/s nvcswch/s  Command
09:22:38 PM     0         1      1.00      0.00  systemd
09:22:38 PM     0        17     20.00      0.00  rcu_preempt
09:22:38 PM     0        24      1.00      0.00  ksoftirqd/1
09:22:38 PM     0        36      1.00      0.00  ksoftirqd/3
09:22:38 PM     0        48      1.00      0.00  ksoftirqd/5
09:22:38 PM     0        54      1.00      0.00  ksoftirqd/6
09:22:38 PM     0        72      1.00      0.00  ksoftirqd/9
09:22:38 PM     0        95      2.00      0.00  kcompactd0
09:22:38 PM     0       453      1.00      0.00  multipathd
09:22:38 PM   102       621      1.00      0.00  systemd-resolve
09:22:38 PM     0       643      1.00      0.00  systemd-logind
09:22:38 PM     0     88840      1.00      0.00  kworker/u24:1-events_power_efficient
09:22:38 PM     0    180922      1.00      0.00  kworker/2:0-events
09:22:38 PM     0    189255      1.00      0.00  kworker/7:2-events
09:22:38 PM     0    193064      2.00      0.00  kworker/u24:0-events_unbound
09:22:38 PM     0    197671      1.00      0.00  kworker/0:1-events
09:22:38 PM     0    198726      3.00      0.00  kworker/9:0-events
09:22:38 PM     0    199074      3.00      0.00  kworker/4:1-events
09:22:38 PM     0    199741      2.00      0.00  kworker/3:1-events
09:22:38 PM     0    200794      3.00      0.00  kworker/1:1-events
09:22:38 PM     0    202794      2.00      0.00  kworker/10:1-events
09:22:38 PM     0    204082      1.00      0.00  iostat
09:22:38 PM     0    204083      1.00      0.00  pidstat
09:22:38 PM     0    204084      5.00      0.00  bash
09:22:38 PM     0    204085      8.00      0.00  bash
09:22:38 PM     0    204086      4.00      0.00  bash
09:22:38 PM     0    204088    100.00      0.00  fio
09:22:38 PM     0    204450      1.00      0.00  sleep
09:22:38 PM     0    204461      1.00      0.00  sleep
09:22:38 PM     0    204462      1.00      0.00  sleep

09:22:38 PM   UID       PID   cswch/s nvcswch/s  Command
09:22:39 PM     0        17     17.00      0.00  rcu_preempt
09:22:39 PM     0        18      1.00      0.00  migration/0
09:22:39 PM     0        23      1.00      0.00  migration/1
09:22:39 PM     0        24      1.00      0.00  ksoftirqd/1
09:22:39 PM     0        29      1.00      0.00  migration/2
09:22:39 PM     0        35      1.00      0.00  migration/3
09:22:39 PM     0        36      1.00      0.00  ksoftirqd/3
09:22:39 PM     0        41      1.00      0.00  migration/4
09:22:39 PM     0        47      1.00      0.00  migration/5
09:22:39 PM     0        53      1.00      0.00  migration/6
09:22:39 PM     0        59      1.00      0.00  migration/7
09:22:39 PM     0        65      1.00      0.00  migration/8
09:22:39 PM     0        71      1.00      0.00  migration/9
09:22:39 PM     0        77      1.00      0.00  migration/10
09:22:39 PM     0        83      1.00      0.00  migration/11
09:22:39 PM     0        95      2.00      0.00  kcompactd0
09:22:39 PM     0       453      1.00      0.00  multipathd
09:22:39 PM     0    179405      2.00      0.00  kworker/6:1-events
09:22:39 PM     0    180922      2.00      0.00  kworker/2:0-events
09:22:39 PM     0    189255      2.00      0.00  kworker/7:2-mm_percpu_wq
09:22:39 PM     0    193064      1.00      0.00  kworker/u24:0-edac-poller
09:22:39 PM     0    197671      2.00      0.00  kworker/0:1-mm_percpu_wq
09:22:39 PM     0    198726      3.00      0.00  kworker/9:0-events
09:22:39 PM     0    199074      2.00      0.00  kworker/4:1-events
09:22:39 PM     0    199741      3.00      0.00  kworker/3:1-mm_percpu_wq
09:22:39 PM     0    200447      1.00      0.00  kworker/5:1-mm_percpu_wq
09:22:39 PM     0    200794      4.00      0.00  kworker/1:1-events
09:22:39 PM     0    202490      1.00      0.00  kworker/8:2-events
09:22:39 PM     0    204082      1.00      0.00  iostat
09:22:39 PM     0    204083      1.00      1.00  pidstat
09:22:39 PM     0    204084      5.00      0.00  bash
09:22:39 PM     0    204085      8.00      0.00  bash
09:22:39 PM     0    204086      4.00      0.00  bash
09:22:39 PM     0    204088     99.00      0.00  fio
09:22:39 PM     0    204465      1.00      0.00  sleep
09:22:39 PM     0    204476      1.00      0.00  sleep
09:22:39 PM     0    204477      1.00      0.00  sleep

09:22:39 PM   UID       PID   cswch/s nvcswch/s  Command
09:22:40 PM     0        17     16.00      0.00  rcu_preempt
09:22:40 PM     0        23      1.00      0.00  migration/1
09:22:40 PM     0        36      1.00      0.00  ksoftirqd/3
09:22:40 PM     0        41      1.00      0.00  migration/4
09:22:40 PM     0        78      1.00      0.00  ksoftirqd/10
09:22:40 PM     0        95      2.00      0.00  kcompactd0
09:22:40 PM     0       453      1.00      0.00  multipathd
09:22:40 PM     0       562      3.00      0.00  jbd2/nvme1n1p3-8
09:22:40 PM     0    180922      2.00      0.00  kworker/2:0-events
09:22:40 PM     0    186893      2.00      0.00  kworker/11:0-events
09:22:40 PM     0    193064      1.00      0.00  kworker/u24:0-edac-poller
09:22:40 PM     0    197671      1.00      0.00  kworker/0:1-events
09:22:40 PM     0    198726      2.00      0.00  kworker/9:0-events
09:22:40 PM     0    199074      2.00      0.00  kworker/4:1-events
09:22:40 PM     0    199741      1.00      0.00  kworker/3:1-events
09:22:40 PM     0    200447      1.00      0.00  kworker/5:1-mm_percpu_wq
09:22:40 PM     0    200794      4.00      0.00  kworker/1:1-events
09:22:40 PM     0    202794      4.00      0.00  kworker/10:1-events
09:22:40 PM     0    204082      1.00      0.00  iostat
09:22:40 PM     0    204083      1.00      0.00  pidstat
09:22:40 PM     0    204084      5.00      0.00  bash
09:22:40 PM     0    204085      8.00      0.00  bash
09:22:40 PM     0    204086      4.00      0.00  bash
09:22:40 PM     0    204088    100.00      0.00  fio
09:22:40 PM     0    204480      1.00      0.00  sleep
09:22:40 PM     0    204491      1.00      0.00  sleep
09:22:40 PM     0    204492      1.00      0.00  sleep

09:22:40 PM   UID       PID   cswch/s nvcswch/s  Command
09:22:41 PM     0        16      1.00      0.00  ksoftirqd/0
09:22:41 PM     0        17     18.00      0.00  rcu_preempt
09:22:41 PM     0        24      1.00      0.00  ksoftirqd/1
09:22:41 PM     0        53      1.00      0.00  migration/6
09:22:41 PM     0        60      1.00      0.00  ksoftirqd/7
09:22:41 PM     0        95      2.00      0.00  kcompactd0
09:22:41 PM     0       172      1.00      0.00  kworker/3:1H-kblockd
09:22:41 PM     0       453      1.00      0.00  multipathd
09:22:41 PM     0    179405      1.00      0.00  kworker/6:1-mm_percpu_wq
09:22:41 PM     0    180922      3.00      0.00  kworker/2:0-events
09:22:41 PM     0    186893      1.00      0.00  kworker/11:0-events
09:22:41 PM     0    189255      1.00      0.00  kworker/7:2-events
09:22:41 PM     0    193064      2.00      0.00  kworker/u24:0-edac-poller
09:22:41 PM     0    197671      4.00      0.00  kworker/0:1-events
09:22:41 PM     0    198726      3.00      0.00  kworker/9:0-mm_percpu_wq
09:22:41 PM     0    199074      2.00      0.00  kworker/4:1-events
09:22:41 PM     0    199741      2.00      0.00  kworker/3:1-events
09:22:41 PM     0    200447      1.00      0.00  kworker/5:1-mm_percpu_wq
09:22:41 PM     0    200794      3.00      0.00  kworker/1:1-events
09:22:41 PM     0    202794      1.00      0.00  kworker/10:1-events
09:22:41 PM     0    204082      1.00      0.00  iostat
09:22:41 PM     0    204083      1.00      1.00  pidstat
09:22:41 PM     0    204084      5.00      0.00  bash
09:22:41 PM     0    204085      7.00      0.00  bash
09:22:41 PM     0    204086      4.00      0.00  bash
09:22:41 PM     0    204088     99.00      0.00  fio
09:22:41 PM     0    204495      1.00      0.00  sleep
09:22:41 PM     0    204506      1.00      0.00  sleep
09:22:41 PM     0    204507      1.00      1.00  sleep

09:22:41 PM   UID       PID   cswch/s nvcswch/s  Command
09:22:42 PM     0        17     17.00      0.00  rcu_preempt
09:22:42 PM     0        36      2.00      0.00  ksoftirqd/3
09:22:42 PM     0        42      1.00      1.00  ksoftirqd/4
09:22:42 PM     0        95      2.00      0.00  kcompactd0
09:22:42 PM     0       194      1.00      0.00  kworker/8:1H-kblockd
09:22:42 PM     0       453      1.00      0.00  multipathd
09:22:42 PM     0    179405      1.00      0.00  kworker/6:1-events
09:22:42 PM     0    180922      1.00      0.00  kworker/2:0-events
09:22:42 PM     0    189255      1.00      0.00  kworker/7:2-mm_percpu_wq
09:22:42 PM     0    193064      5.00      0.00  kworker/u24:0-writeback
09:22:42 PM     0    198726      1.00      0.00  kworker/9:0-events
09:22:42 PM     0    199074      4.00      0.00  kworker/4:1-events
09:22:42 PM     0    199741      5.00      0.00  kworker/3:1-events
09:22:42 PM     0    200447      1.00      0.00  kworker/5:1-mm_percpu_wq
09:22:42 PM     0    200794      3.00      0.00  kworker/1:1-events
09:22:42 PM     0    202794      5.00      0.00  kworker/10:1-events
09:22:42 PM     0    204082      1.00      0.00  iostat
09:22:42 PM     0    204083      1.00      0.00  pidstat
09:22:42 PM     0    204084      5.00      0.00  bash
09:22:42 PM     0    204085      8.00      0.00  bash
09:22:42 PM     0    204086      4.00      0.00  bash
09:22:42 PM     0    204088     99.00      0.00  fio
09:22:42 PM     0    204510      1.00      0.00  sleep
09:22:42 PM     0    204521      1.00      0.00  sleep
09:22:42 PM     0    204522      1.00      0.00  sleep

09:22:42 PM   UID       PID   cswch/s nvcswch/s  Command
09:22:43 PM     0        16      1.00      0.00  ksoftirqd/0
09:22:43 PM     0        17     18.00      0.00  rcu_preempt
09:22:43 PM     0        18      1.00      0.00  migration/0
09:22:43 PM     0        23      1.00      0.00  migration/1
09:22:43 PM     0        24      1.00      0.00  ksoftirqd/1
09:22:43 PM     0        29      1.00      0.00  migration/2
09:22:43 PM     0        35      1.00      0.00  migration/3
09:22:43 PM     0        36      1.00      0.00  ksoftirqd/3
09:22:43 PM     0        41      1.00      0.00  migration/4
09:22:43 PM     0        47      1.00      0.00  migration/5
09:22:43 PM     0        48      1.00      0.00  ksoftirqd/5
09:22:43 PM     0        53      1.00      0.00  migration/6
09:22:43 PM     0        59      1.00      0.00  migration/7
09:22:43 PM     0        65      1.00      0.00  migration/8
09:22:43 PM     0        71      1.00      0.00  migration/9
09:22:43 PM     0        72      1.00      0.00  ksoftirqd/9
09:22:43 PM     0        77      1.00      0.00  migration/10
09:22:43 PM     0        78      1.00      0.00  ksoftirqd/10
09:22:43 PM     0        83      1.00      0.00  migration/11
09:22:43 PM     0        95      2.00      0.00  kcompactd0
09:22:43 PM     0       453      1.00      0.00  multipathd
09:22:43 PM     0     21554      1.00      0.00  packagekitd
09:22:43 PM     0    180922      2.00      0.00  kworker/2:0-events
09:22:43 PM     0    189255      1.00      0.00  kworker/7:2-events
09:22:43 PM     0    193064      2.00      0.00  kworker/u24:0-edac-poller
09:22:43 PM     0    197671      2.00      0.00  kworker/0:1-mm_percpu_wq
09:22:43 PM     0    198726      3.00      0.00  kworker/9:0-events
09:22:43 PM     0    199074      3.00      0.00  kworker/4:1-mm_percpu_wq
09:22:43 PM     0    199741      1.00      0.00  kworker/3:1-events
09:22:43 PM     0    200447      2.00      0.00  kworker/5:1-mm_percpu_wq
09:22:43 PM     0    200794      4.00      0.00  kworker/1:1-events
09:22:43 PM     0    202490      1.00      0.00  kworker/8:2-mm_percpu_wq
09:22:43 PM     0    202794      1.00      0.00  kworker/10:1-events
09:22:43 PM     0    204082      1.00      0.00  iostat
09:22:43 PM     0    204083      1.00      0.00  pidstat
09:22:43 PM     0    204084      5.00      0.00  bash
09:22:43 PM     0    204085      8.00      0.00  bash
09:22:43 PM     0    204086      4.00      0.00  bash
09:22:43 PM     0    204088    100.00      0.00  fio
09:22:43 PM     0    204525      1.00      0.00  sleep
09:22:43 PM     0    204536      1.00      0.00  sleep
09:22:43 PM     0    204537      1.00      0.00  sleep

09:22:43 PM   UID       PID   cswch/s nvcswch/s  Command
09:22:44 PM     0         1      1.00      0.00  systemd
09:22:44 PM     0        16      1.00      0.00  ksoftirqd/0
09:22:44 PM     0        17     19.00      0.00  rcu_preempt
09:22:44 PM     0        36      1.00      0.00  ksoftirqd/3
09:22:44 PM     0        59      1.00      0.00  migration/7
09:22:44 PM     0        60      1.00      0.00  ksoftirqd/7
09:22:44 PM     0        72      1.00      0.00  ksoftirqd/9
09:22:44 PM     0        78      2.00      0.00  ksoftirqd/10
09:22:44 PM     0        95      2.00      0.00  kcompactd0
09:22:44 PM     0       453      1.00      0.00  multipathd
09:22:44 PM   101       608      2.00      0.00  systemd-network
09:22:44 PM     0     88840      2.00      0.00  kworker/u24:1-edac-poller
09:22:44 PM     0    179405      2.00      0.00  kworker/6:1-events
09:22:44 PM     0    180922      1.00      0.00  kworker/2:0-events
09:22:44 PM     0    186893      2.00      0.00  kworker/11:0-events
09:22:44 PM     0    189255      1.00      0.00  kworker/7:2-mm_percpu_wq
09:22:44 PM     0    193064      1.00      0.00  kworker/u24:0-events_power_efficient
09:22:44 PM     0    197671      2.00      0.00  kworker/0:1-events
09:22:44 PM     0    198726      2.00      0.00  kworker/9:0-events
09:22:44 PM     0    199074      1.00      0.00  kworker/4:1-events
09:22:44 PM     0    199741      4.00      0.00  kworker/3:1-events
09:22:44 PM     0    200447      1.00      0.00  kworker/5:1-mm_percpu_wq
09:22:44 PM     0    200794      2.00      0.00  kworker/1:1-events
09:22:44 PM     0    202794      4.00      0.00  kworker/10:1-events
09:22:44 PM     0    204082      1.00      0.00  iostat
09:22:44 PM     0    204083      1.00      0.00  pidstat
09:22:44 PM     0    204084      5.00      0.00  bash
09:22:44 PM     0    204085      6.00      0.00  bash
09:22:44 PM     0    204086      4.00      0.00  bash
09:22:44 PM     0    204088     99.00      0.00  fio
09:22:44 PM     0    204540      1.00      0.00  sleep
09:22:44 PM     0    204550      1.00      0.00  sleep
09:22:44 PM     0    204552      1.00      1.00  sleep

09:22:44 PM   UID       PID   cswch/s nvcswch/s  Command
09:22:45 PM     0        16      2.00      0.00  ksoftirqd/0
09:22:45 PM     0        17     15.00      0.00  rcu_preempt
09:22:45 PM     0        36      1.00      0.00  ksoftirqd/3
09:22:45 PM     0        42      1.00      0.00  ksoftirqd/4
09:22:45 PM     0        95      2.00      0.00  kcompactd0
09:22:45 PM     0       453      1.00      0.00  multipathd
09:22:45 PM     0       562      3.00      0.00  jbd2/nvme1n1p3-8
09:22:45 PM     0     88840      4.00      0.00  kworker/u24:1-writeback
09:22:45 PM     0    180922      3.00      0.00  kworker/2:0-events
09:22:45 PM     0    189255      1.00      0.00  kworker/7:2-events
09:22:45 PM     0    197671      2.00      0.00  kworker/0:1-events
09:22:45 PM     0    198726      1.00      0.00  kworker/9:0-events
09:22:45 PM     0    199074      4.00      0.00  kworker/4:1-mm_percpu_wq
09:22:45 PM     0    199741      2.00      0.00  kworker/3:1-events
09:22:45 PM     0    200447      1.00      0.00  kworker/5:1-mm_percpu_wq
09:22:45 PM     0    200794      5.00      0.00  kworker/1:1-mm_percpu_wq
09:22:45 PM     0    202490      1.00      0.00  kworker/8:2-mm_percpu_wq
09:22:45 PM     0    202794      3.00      0.00  kworker/10:1-events
09:22:45 PM     0    204082      1.00      0.00  iostat
09:22:45 PM     0    204083      1.00      0.00  pidstat
09:22:45 PM     0    204084      5.00      0.00  bash
09:22:45 PM     0    204085      7.00      0.00  bash
09:22:45 PM     0    204086      4.00      0.00  bash
09:22:45 PM     0    204088    100.00      0.00  fio
09:22:45 PM     0    204555      1.00      0.00  sleep
09:22:45 PM     0    204565      1.00      0.00  sleep
09:22:45 PM     0    204567      1.00      0.00  sleep

09:22:45 PM   UID       PID   cswch/s nvcswch/s  Command
09:22:46 PM     0        16      1.00      0.00  ksoftirqd/0
09:22:46 PM     0        17     17.00      0.00  rcu_preempt
09:22:46 PM     0        36      1.00      0.00  ksoftirqd/3
09:22:46 PM     0        54      1.00      0.00  ksoftirqd/6
09:22:46 PM     0        78      1.00      0.00  ksoftirqd/10
09:22:46 PM     0        95      2.00      0.00  kcompactd0
09:22:46 PM     0       102      1.00      0.00  irq/9-acpi
09:22:46 PM     0       453      1.00      0.00  multipathd
09:22:46 PM     0     88840      1.00      0.00  kworker/u24:1-edac-poller
09:22:46 PM     0    179405      1.00      0.00  kworker/6:1-mm_percpu_wq
09:22:46 PM     0    180922      2.00      0.00  kworker/2:0-events
09:22:46 PM     0    186631    300.00      0.00  kworker/3:2+i915-unordered
09:22:46 PM     0    186893      1.00      0.00  kworker/11:0-mm_percpu_wq
09:22:46 PM     0    189255      2.00      0.00  kworker/7:2-events
09:22:46 PM     0    197671      1.00      0.00  kworker/0:1-kacpi_notify
09:22:46 PM     0    198726      3.00      0.00  kworker/9:0-events
09:22:46 PM     0    199074      2.00      0.00  kworker/4:1-events
09:22:46 PM     0    199741   1144.00      1.00  kworker/3:1-events
09:22:46 PM     0    200447      1.00      0.00  kworker/5:1-mm_percpu_wq
09:22:46 PM     0    200794      2.00      0.00  kworker/1:1-events
09:22:46 PM     0    202490      1.00      0.00  kworker/8:2-events
09:22:46 PM     0    202794      3.00      0.00  kworker/10:1-events
09:22:46 PM     0    204082      1.00      0.00  iostat
09:22:46 PM     0    204083      1.00      0.00  pidstat
09:22:46 PM     0    204084      5.00      0.00  bash
09:22:46 PM     0    204085      8.00      0.00  bash
09:22:46 PM     0    204086      4.00      0.00  bash
09:22:46 PM     0    204088     99.00      0.00  fio
09:22:46 PM     0    204570      1.00      0.00  sleep
09:22:46 PM     0    204580      1.00      0.00  sleep
09:22:46 PM     0    204582      1.00      0.00  sleep

09:22:46 PM   UID       PID   cswch/s nvcswch/s  Command
09:22:47 PM     0        16      1.00      0.00  ksoftirqd/0
09:22:47 PM     0        17     20.00      0.00  rcu_preempt
09:22:47 PM     0        18      1.00      0.00  migration/0
09:22:47 PM     0        23      1.00      0.00  migration/1
09:22:47 PM     0        29      1.00      0.00  migration/2
09:22:47 PM     0        35      1.00      0.00  migration/3
09:22:47 PM     0        36      1.00      0.00  ksoftirqd/3
09:22:47 PM     0        41      1.00      0.00  migration/4
09:22:47 PM     0        47      1.00      0.00  migration/5
09:22:47 PM     0        53      1.00      0.00  migration/6
09:22:47 PM     0        59      1.00      0.00  migration/7
09:22:47 PM     0        60      2.00      0.00  ksoftirqd/7
09:22:47 PM     0        65      1.00      0.00  migration/8
09:22:47 PM     0        71      1.00      0.00  migration/9
09:22:47 PM     0        77      1.00      0.00  migration/10
09:22:47 PM     0        83      1.00      0.00  migration/11
09:22:47 PM     0        84      1.00      0.00  ksoftirqd/11
09:22:47 PM     0        95      2.00      0.00  kcompactd0
09:22:47 PM     0       453      1.00      0.00  multipathd
09:22:47 PM     0     88840      3.00      0.00  kworker/u24:1-events_unbound
09:22:47 PM     0    180922      2.00      0.00  kworker/2:0-events
09:22:47 PM     0    186631    835.00      0.00  kworker/3:2-events
09:22:47 PM     0    186893      2.00      0.00  kworker/11:0-mm_percpu_wq
09:22:47 PM     0    189255      3.00      0.00  kworker/7:2-events
09:22:47 PM     0    197671      2.00      0.00  kworker/0:1-mm_percpu_wq
09:22:47 PM     0    199074      2.00      0.00  kworker/4:1-events
09:22:47 PM     0    200447      1.00      0.00  kworker/5:1-mm_percpu_wq
09:22:47 PM     0    200794      3.00      0.00  kworker/1:1-mm_percpu_wq
09:22:47 PM     0    202794      4.00      0.00  kworker/10:1-events
09:22:47 PM     0    204082      1.00      0.00  iostat
09:22:47 PM     0    204083      1.00      0.00  pidstat
09:22:47 PM     0    204084      5.00      0.00  bash
09:22:47 PM     0    204085      7.00      0.00  bash
09:22:47 PM     0    204086      4.00      0.00  bash
09:22:47 PM     0    204088     99.00      0.00  fio
09:22:47 PM     0    204585      1.00      0.00  sleep
09:22:47 PM     0    204595      1.00      0.00  sleep
09:22:47 PM     0    204597      1.00      0.00  sleep

09:22:47 PM   UID       PID   cswch/s nvcswch/s  Command
09:22:48 PM     0        17     16.00      0.00  rcu_preempt
09:22:48 PM     0        36      1.00      0.00  ksoftirqd/3
09:22:48 PM     0        53      1.00      0.00  migration/6
09:22:48 PM     0        60      1.00      0.00  ksoftirqd/7
09:22:48 PM     0        84      1.00      0.00  ksoftirqd/11
09:22:48 PM     0        95      2.00      0.00  kcompactd0
09:22:48 PM     0       194      1.00      0.00  kworker/8:1H-kblockd
09:22:48 PM     0       453      1.00      0.00  multipathd
09:22:48 PM     0     88840      4.00      0.00  kworker/u24:1-edac-poller
09:22:48 PM     0    179405      1.00      0.00  kworker/6:1-mm_percpu_wq
09:22:48 PM     0    180922      1.00      0.00  kworker/2:0-events
09:22:48 PM     0    186631      5.00      0.00  kworker/3:2-events
09:22:48 PM     0    186893      1.00      0.00  kworker/11:0-events
09:22:48 PM     0    189255      3.00      0.00  kworker/7:2-events
09:22:48 PM     0    197671      1.00      0.00  kworker/0:1-events
09:22:48 PM     0    198726      2.00      0.00  kworker/9:0-events
09:22:48 PM     0    199074      3.00      0.00  kworker/4:1-events
09:22:48 PM     0    200447      1.00      0.00  kworker/5:1-mm_percpu_wq
09:22:48 PM     0    200794      1.00      0.00  kworker/1:1-events
09:22:48 PM     0    202794      2.00      0.00  kworker/10:1-events
09:22:48 PM     0    204082      1.00      0.00  iostat
09:22:48 PM     0    204083      1.00      0.00  pidstat
09:22:48 PM     0    204084      5.00      0.00  bash
09:22:48 PM     0    204085      7.00      1.00  bash
09:22:48 PM     0    204086      4.00      0.00  bash
09:22:48 PM     0    204088    100.00      0.00  fio
09:22:48 PM     0    204600      1.00      0.00  sleep
09:22:48 PM     0    204611      1.00      0.00  sleep
09:22:48 PM     0    204612      1.00      0.00  sleep

09:22:48 PM   UID       PID   cswch/s nvcswch/s  Command
09:22:49 PM     0        16      1.00      0.00  ksoftirqd/0
09:22:49 PM     0        17     15.00      0.00  rcu_preempt
09:22:49 PM     0        36      1.00      0.00  ksoftirqd/3
09:22:49 PM     0        84      1.00      0.00  ksoftirqd/11
09:22:49 PM     0        95      2.00      0.00  kcompactd0
09:22:49 PM     0       453      1.00      0.00  multipathd
09:22:49 PM     0     88840      1.00      0.00  kworker/u24:1-events_power_efficient
09:22:49 PM     0    180922      2.00      0.00  kworker/2:0-events
09:22:49 PM     0    186631      2.00      0.00  kworker/3:2-events
09:22:49 PM     0    186893      1.00      0.00  kworker/11:0-events
09:22:49 PM     0    189255      2.00      0.00  kworker/7:2-events
09:22:49 PM     0    193064      3.00      0.00  kworker/u24:0-events_unbound
09:22:49 PM     0    197671      3.00      0.00  kworker/0:1-events
09:22:49 PM     0    198726      1.00      0.00  kworker/9:0-events
09:22:49 PM     0    199074      2.00      0.00  kworker/4:1-events
09:22:49 PM     0    200447      1.00      0.00  kworker/5:1-mm_percpu_wq
09:22:49 PM     0    200794      1.00      0.00  kworker/1:1-events
09:22:49 PM     0    202490      1.00      0.00  kworker/8:2-mm_percpu_wq
09:22:49 PM     0    204082      1.00      0.00  iostat
09:22:49 PM     0    204083      1.00      0.00  pidstat
09:22:49 PM     0    204084      5.00      0.00  bash
09:22:49 PM     0    204085      8.00      0.00  bash
09:22:49 PM     0    204086      4.00      0.00  bash
09:22:49 PM     0    204088     99.00      0.00  fio
09:22:49 PM     0    204615      1.00      0.00  sleep
09:22:49 PM     0    204625      1.00      0.00  sleep
09:22:49 PM     0    204627      1.00      0.00  sleep

09:22:49 PM   UID       PID   cswch/s nvcswch/s  Command
09:22:50 PM     0        17     17.00      0.00  rcu_preempt
09:22:50 PM     0        78      1.00      0.00  ksoftirqd/10
09:22:50 PM     0        84      1.00      0.00  ksoftirqd/11
09:22:50 PM     0        95      2.00      0.00  kcompactd0
09:22:50 PM     0       453      1.00      0.00  multipathd
09:22:50 PM     0       562      3.00      0.00  jbd2/nvme1n1p3-8
09:22:50 PM     0    179405      1.00      0.00  kworker/6:1-mm_percpu_wq
09:22:50 PM     0    180922      1.00      0.00  kworker/2:0-events
09:22:50 PM     0    186631      3.00      0.00  kworker/3:2-events
09:22:50 PM     0    186893      2.00      0.00  kworker/11:0-events
09:22:50 PM     0    189255      1.00      0.00  kworker/7:2-mm_percpu_wq
09:22:50 PM     0    193064      1.00      0.00  kworker/u24:0-edac-poller
09:22:50 PM     0    198726      1.00      0.00  kworker/9:0-mm_percpu_wq
09:22:50 PM     0    199074      3.00      0.00  kworker/4:1-events
09:22:50 PM     0    200447      2.00      0.00  kworker/5:1-mm_percpu_wq
09:22:50 PM     0    200794      3.00      0.00  kworker/1:1-events
09:22:50 PM     0    202794      4.00      0.00  kworker/10:1-events
09:22:50 PM     0    204082      1.00      0.00  iostat
09:22:50 PM     0    204083      1.00      0.00  pidstat
09:22:50 PM     0    204084      5.00      0.00  bash
09:22:50 PM     0    204085      8.00      1.00  bash
09:22:50 PM     0    204086      4.00      0.00  bash
09:22:50 PM     0    204088    100.00      0.00  fio
09:22:50 PM     0    204630      1.00      0.00  sleep
09:22:50 PM     0    204641      1.00      0.00  sleep
09:22:50 PM     0    204642      1.00      0.00  sleep

09:22:50 PM   UID       PID   cswch/s nvcswch/s  Command
09:22:51 PM     0        17     17.00      0.00  rcu_preempt
09:22:51 PM     0        18      1.00      0.00  migration/0
09:22:51 PM     0        23      1.00      0.00  migration/1
09:22:51 PM     0        29      1.00      0.00  migration/2
09:22:51 PM     0        35      1.00      0.00  migration/3
09:22:51 PM     0        41      1.00      0.00  migration/4
09:22:51 PM     0        47      1.00      0.00  migration/5
09:22:51 PM     0        53      1.00      0.00  migration/6
09:22:51 PM     0        59      1.00      0.00  migration/7
09:22:51 PM     0        65      1.00      0.00  migration/8
09:22:51 PM     0        71      1.00      0.00  migration/9
09:22:51 PM     0        77      1.00      0.00  migration/10
09:22:51 PM     0        78      1.00      0.00  ksoftirqd/10
09:22:51 PM     0        83      1.00      0.00  migration/11
09:22:51 PM     0        84      1.00      0.00  ksoftirqd/11
09:22:51 PM     0        95      2.00      0.00  kcompactd0
09:22:51 PM     0       453      1.00      0.00  multipathd
09:22:51 PM     0    180922      2.00      0.00  kworker/2:0-events
09:22:51 PM     0    186631      1.00      0.00  kworker/3:2-events
09:22:51 PM     0    186893      1.00      0.00  kworker/11:0-events
09:22:51 PM     0    189255      2.00      0.00  kworker/7:2-events
09:22:51 PM     0    193064      1.00      0.00  kworker/u24:0-edac-poller
09:22:51 PM     0    197671      1.00      0.00  kworker/0:1-mm_percpu_wq
09:22:51 PM     0    199074      3.00      0.00  kworker/4:1-mm_percpu_wq
09:22:51 PM     0    200447      1.00      0.00  kworker/5:1-mm_percpu_wq
09:22:51 PM     0    200794      1.00      0.00  kworker/1:1-events
09:22:51 PM     0    202490      1.00      0.00  kworker/8:2-mm_percpu_wq
09:22:51 PM     0    202794      3.00      0.00  kworker/10:1-events
09:22:51 PM     0    204082      1.00      0.00  iostat
09:22:51 PM     0    204083      1.00      0.00  pidstat
09:22:51 PM     0    204084      5.00      0.00  bash
09:22:51 PM     0    204085      8.00      0.00  bash
09:22:51 PM     0    204086      4.00      0.00  bash
09:22:51 PM     0    204088     99.00      0.00  fio
09:22:51 PM     0    204645      1.00      0.00  sleep
09:22:51 PM     0    204655      1.00      0.00  sleep
09:22:51 PM     0    204657      1.00      0.00  sleep

09:22:51 PM   UID       PID   cswch/s nvcswch/s  Command
09:22:52 PM     0        17     19.00      0.00  rcu_preempt
09:22:52 PM     0        36      1.00      0.00  ksoftirqd/3
09:22:52 PM     0        42      1.00      0.00  ksoftirqd/4
09:22:52 PM     0        53      1.00      0.00  migration/6
09:22:52 PM     0        95      2.00      0.00  kcompactd0
09:22:52 PM     0       453      1.00      0.00  multipathd
09:22:52 PM     0     88840      1.00      0.00  kworker/u24:1-events_power_efficient
09:22:52 PM     0    179405      1.00      0.00  kworker/6:1-mm_percpu_wq
09:22:52 PM     0    180922      1.00      0.00  kworker/2:0-events
09:22:52 PM     0    186631      3.00      0.00  kworker/3:2-events
09:22:52 PM     0    186893      3.00      0.00  kworker/11:0-events
09:22:52 PM     0    189255      1.00      0.00  kworker/7:2-mm_percpu_wq
09:22:52 PM     0    193064      1.00      0.00  kworker/u24:0-events_unbound
09:22:52 PM     0    197671      1.00      0.00  kworker/0:1-events
09:22:52 PM     0    198726      1.00      0.00  kworker/9:0-mm_percpu_wq
09:22:52 PM     0    199074      2.00      0.00  kworker/4:1-events
09:22:52 PM     0    200447      1.00      0.00  kworker/5:1-mm_percpu_wq
09:22:52 PM     0    200794      3.00      0.00  kworker/1:1-events
09:22:52 PM     0    202794      3.00      0.00  kworker/10:1-events
09:22:52 PM     0    204082      1.00      0.00  iostat
09:22:52 PM     0    204083      1.00      0.00  pidstat
09:22:52 PM     0    204084      5.00      0.00  bash
09:22:52 PM     0    204085      8.00      1.00  bash
09:22:52 PM     0    204086      4.00      0.00  bash
09:22:52 PM     0    204088     99.00      0.00  fio
09:22:52 PM     0    204660      1.00      0.00  sleep
09:22:52 PM     0    204671      1.00      0.00  sleep
09:22:52 PM     0    204672      1.00      0.00  sleep

09:22:52 PM   UID       PID   cswch/s nvcswch/s  Command
09:22:53 PM     0        17     17.00      0.00  rcu_preempt
09:22:53 PM     0        42      1.00      0.00  ksoftirqd/4
09:22:53 PM     0        83      1.00      0.00  migration/11
09:22:53 PM     0        95      2.00      0.00  kcompactd0
09:22:53 PM     0       453      1.00      0.00  multipathd
09:22:53 PM     0     21554      1.00      0.00  packagekitd
09:22:53 PM     0     88840      1.00      0.00  kworker/u24:1-events_power_efficient
09:22:53 PM     0    180922      3.00      0.00  kworker/2:0-events
09:22:53 PM     0    186631      3.00      0.00  kworker/3:2-mm_percpu_wq
09:22:53 PM     0    186893      1.00      0.00  kworker/11:0-events
09:22:53 PM     0    189255      2.00      0.00  kworker/7:2-events
09:22:53 PM     0    193064      4.00      0.00  kworker/u24:0-edac-poller
09:22:53 PM     0    197671      1.00      0.00  kworker/0:1-events
09:22:53 PM     0    199074      4.00      0.00  kworker/4:1-events
09:22:53 PM     0    200447      2.00      0.00  kworker/5:1-mm_percpu_wq
09:22:53 PM     0    200794      1.00      0.00  kworker/1:1-events
09:22:53 PM     0    202794      3.00      0.00  kworker/10:1-events
09:22:53 PM     0    203022      1.00      0.00  kworker/u24:3-events_power_efficient
09:22:53 PM     0    204082      1.00      0.00  iostat
09:22:53 PM     0    204083      1.00      0.00  pidstat
09:22:53 PM     0    204084      5.00      0.00  bash
09:22:53 PM     0    204085      8.00      0.00  bash
09:22:53 PM     0    204086      4.00      0.00  bash
09:22:53 PM     0    204088    100.00      0.00  fio
09:22:53 PM     0    204675      1.00      0.00  sleep
09:22:53 PM     0    204685      1.00      1.00  sleep
09:22:53 PM     0    204687      1.00      0.00  sleep

09:22:53 PM   UID       PID   cswch/s nvcswch/s  Command
09:22:54 PM     0        16      1.00      0.00  ksoftirqd/0
09:22:54 PM     0        17     18.00      0.00  rcu_preempt
09:22:54 PM     0        42      1.00      0.00  ksoftirqd/4
09:22:54 PM     0        71      1.00      0.00  migration/9
09:22:54 PM     0        95      2.00      0.00  kcompactd0
09:22:54 PM     0       453      1.00      0.00  multipathd
09:22:54 PM     0    179405      2.00      0.00  kworker/6:1-events
09:22:54 PM     0    180922      1.00      0.00  kworker/2:0-events
09:22:54 PM     0    186631      1.00      0.00  kworker/3:2-events
09:22:54 PM     0    186893      2.00      0.00  kworker/11:0-events
09:22:54 PM     0    189255      1.00      0.00  kworker/7:2-mm_percpu_wq
09:22:54 PM     0    193064      2.00      0.00  kworker/u24:0-events_power_efficient
09:22:54 PM     0    197671      1.00      0.00  kworker/0:1-events
09:22:54 PM     0    198726      1.00      0.00  kworker/9:0-mm_percpu_wq
09:22:54 PM     0    199074      4.00      0.00  kworker/4:1-events
09:22:54 PM     0    200447      1.00      0.00  kworker/5:1-mm_percpu_wq
09:22:54 PM     0    200794      1.00      0.00  kworker/1:1-mm_percpu_wq
09:22:54 PM     0    202794      4.00      0.00  kworker/10:1-events
09:22:54 PM     0    203022      2.00      0.00  kworker/u24:3-events_power_efficient
09:22:54 PM     0    204082      1.00      0.00  iostat
09:22:54 PM     0    204083      1.00      0.00  pidstat
09:22:54 PM     0    204084      5.00      0.00  bash
09:22:54 PM     0    204085      7.00      1.00  bash
09:22:54 PM     0    204086      4.00      0.00  bash
09:22:54 PM     0    204088     99.00      0.00  fio
09:22:54 PM     0    204690      1.00      0.00  sleep
09:22:54 PM     0    204701      1.00      0.00  sleep
09:22:54 PM     0    204702      1.00      0.00  sleep

09:22:54 PM   UID       PID   cswch/s nvcswch/s  Command
09:22:55 PM     0        17     16.00      0.00  rcu_preempt
09:22:55 PM     0        18      1.00      0.00  migration/0
09:22:55 PM     0        23      2.00      0.00  migration/1
09:22:55 PM     0        29      1.00      0.00  migration/2
09:22:55 PM     0        35      1.00      0.00  migration/3
09:22:55 PM     0        41      1.00      0.00  migration/4
09:22:55 PM     0        47      1.00      0.00  migration/5
09:22:55 PM     0        53      1.00      0.00  migration/6
09:22:55 PM     0        54      1.00      0.00  ksoftirqd/6
09:22:55 PM     0        59      1.00      0.00  migration/7
09:22:55 PM     0        65      1.00      0.00  migration/8
09:22:55 PM     0        71      1.00      0.00  migration/9
09:22:55 PM     0        77      1.00      0.00  migration/10
09:22:55 PM     0        78      1.00      0.00  ksoftirqd/10
09:22:55 PM     0        83      1.00      0.00  migration/11
09:22:55 PM     0        84      1.00      0.00  ksoftirqd/11
09:22:55 PM     0        95      2.00      0.00  kcompactd0
09:22:55 PM     0       453      1.00      0.00  multipathd
09:22:55 PM     0       562      3.00      0.00  jbd2/nvme1n1p3-8
09:22:55 PM     0    180922      3.00      0.00  kworker/2:0-events
09:22:55 PM     0    186631      1.00      0.00  kworker/3:2-events
09:22:55 PM     0    186893      2.00      0.00  kworker/11:0-mm_percpu_wq
09:22:55 PM     0    189255      1.00      0.00  kworker/7:2-events
09:22:55 PM     0    197671      2.00      0.00  kworker/0:1-mm_percpu_wq
09:22:55 PM     0    199074      3.00      0.00  kworker/4:1-mm_percpu_wq
09:22:55 PM     0    200447      1.00      0.00  kworker/5:1-mm_percpu_wq
09:22:55 PM     0    200794      4.00      0.00  kworker/1:1-events
09:22:55 PM     0    202794      2.00      0.00  kworker/10:1-events
09:22:55 PM     0    203022      3.00      0.00  kworker/u24:3-edac-poller
09:22:55 PM     0    204082      1.00      0.00  iostat
09:22:55 PM     0    204083      1.00      0.00  pidstat
09:22:55 PM     0    204084      5.00      0.00  bash
09:22:55 PM     0    204085      6.00      0.00  bash
09:22:55 PM     0    204086      4.00      0.00  bash
09:22:55 PM     0    204088    100.00      0.00  fio
09:22:55 PM     0    204705      1.00      0.00  sleep
09:22:55 PM     0    204716      1.00      0.00  sleep
09:22:55 PM     0    204717      1.00      0.00  sleep

09:22:55 PM   UID       PID   cswch/s nvcswch/s  Command
09:22:56 PM     0        17     16.00      0.00  rcu_preempt
09:22:56 PM     0        24      2.00      0.00  ksoftirqd/1
09:22:56 PM     0        35      1.00      0.00  migration/3
09:22:56 PM     0        42      1.00      0.00  ksoftirqd/4
09:22:56 PM     0        77      1.00      0.00  migration/10
09:22:56 PM     0        95      2.00      0.00  kcompactd0
09:22:56 PM     0       172      1.00      0.00  kworker/3:1H-kblockd
09:22:56 PM     0       453      1.00      0.00  multipathd
09:22:56 PM     0    179405      1.00      0.00  kworker/6:1-mm_percpu_wq
09:22:56 PM     0    180922      2.00      0.00  kworker/2:0-events
09:22:56 PM     0    186631      4.00      0.00  kworker/3:2-events
09:22:56 PM     0    189255      1.00      0.00  kworker/7:2-mm_percpu_wq
09:22:56 PM     0    198726      1.00      0.00  kworker/9:0-mm_percpu_wq
09:22:56 PM     0    199074      2.00      0.00  kworker/4:1-mm_percpu_wq
09:22:56 PM     0    200447      1.00      0.00  kworker/5:1-mm_percpu_wq
09:22:56 PM     0    200794      4.00      0.00  kworker/1:1-events
09:22:56 PM     0    202794      1.00      0.00  kworker/10:1-mm_percpu_wq
09:22:56 PM     0    203022      2.00      0.00  kworker/u24:3-events_unbound
09:22:56 PM     0    204082      1.00      0.00  iostat
09:22:56 PM     0    204083      1.00      0.00  pidstat
09:22:56 PM     0    204084      5.00      0.00  bash
09:22:56 PM     0    204085      5.00      0.00  bash
09:22:56 PM     0    204086      4.00      0.00  bash
09:22:56 PM     0    204088     99.00      0.00  fio
09:22:56 PM     0    204720      1.00      0.00  sleep
09:22:56 PM     0    204730      1.00      0.00  sleep
09:22:56 PM     0    204732      1.00      0.00  sleep

09:22:56 PM   UID       PID   cswch/s nvcswch/s  Command
09:22:57 PM     0        17     21.00      0.00  rcu_preempt
09:22:57 PM     0        36      1.00      0.00  ksoftirqd/3
09:22:57 PM     0        84      2.00      0.00  ksoftirqd/11
09:22:57 PM     0        95      2.00      0.00  kcompactd0
09:22:57 PM     0       453      1.00      0.00  multipathd
09:22:57 PM     0    180922      2.00      0.00  kworker/2:0-events
09:22:57 PM     0    186631      5.00      0.00  kworker/3:2-events
09:22:57 PM     0    186893      4.00      0.00  kworker/11:0-mm_percpu_wq
09:22:57 PM     0    189255      3.00      0.00  kworker/7:2-mm_percpu_wq
09:22:57 PM     0    197671      2.00      0.00  kworker/0:1-events
09:22:57 PM     0    199074      2.00      0.00  kworker/4:1-mm_percpu_wq
09:22:57 PM     0    200447      1.00      0.00  kworker/5:1-mm_percpu_wq
09:22:57 PM     0    200794      4.00      0.00  kworker/1:1-mm_percpu_wq
09:22:57 PM     0    202794      1.00      0.00  kworker/10:1-events
09:22:57 PM     0    203022      1.00      0.00  kworker/u24:3-edac-poller
09:22:57 PM     0    204082      1.00      0.00  iostat
09:22:57 PM     0    204083      1.00      1.00  pidstat
09:22:57 PM     0    204084      5.00      0.00  bash
09:22:57 PM     0    204085      8.00      0.00  bash
09:22:57 PM     0    204086      4.00      0.00  bash
09:22:57 PM     0    204088     99.00      0.00  fio
09:22:57 PM     0    204735      1.00      0.00  sleep
09:22:57 PM     0    204746      1.00      0.00  sleep
09:22:57 PM     0    204747      1.00      0.00  sleep

09:22:57 PM   UID       PID   cswch/s nvcswch/s  Command
09:22:58 PM     0        16      1.00      0.00  ksoftirqd/0
09:22:58 PM     0        17     16.00      0.00  rcu_preempt
09:22:58 PM     0        48      1.00      0.00  ksoftirqd/5
09:22:58 PM     0        84      1.00      0.00  ksoftirqd/11
09:22:58 PM     0        95      2.00      0.00  kcompactd0
09:22:58 PM     0       453      1.00      0.00  multipathd
09:22:58 PM     0    179405      1.00      0.00  kworker/6:1-mm_percpu_wq
09:22:58 PM     0    180922      1.00      0.00  kworker/2:0-events
09:22:58 PM     0    186631      1.00      0.00  kworker/3:2-events
09:22:58 PM     0    186893      1.00      0.00  kworker/11:0-events
09:22:58 PM     0    189255      1.00      0.00  kworker/7:2-events
09:22:58 PM     0    193064      1.00      0.00  kworker/u24:0-events_power_efficient
09:22:58 PM     0    197671      1.00      0.00  kworker/0:1-events
09:22:58 PM     0    198726      2.00      0.00  kworker/9:0-events
09:22:58 PM     0    199074      1.00      0.00  kworker/4:1-events
09:22:58 PM     0    200447      1.00      0.00  kworker/5:1-mm_percpu_wq
09:22:58 PM     0    202794      3.00      0.00  kworker/10:1-events
09:22:58 PM     0    203022      3.00      0.00  kworker/u24:3-ext4-rsv-conversion
09:22:58 PM     0    204082      1.00      0.00  iostat
09:22:58 PM     0    204083      1.00      0.00  pidstat
09:22:58 PM     0    204084      5.00      0.00  bash
09:22:58 PM     0    204085      7.00      0.00  bash
09:22:58 PM     0    204086      4.00      0.00  bash
09:22:58 PM     0    204088    100.00      0.00  fio
09:22:58 PM     0    204750      1.00      0.00  sleep
09:22:58 PM     0    204760      1.00      0.00  sleep
09:22:58 PM     0    204762      1.00      0.00  sleep

09:22:58 PM   UID       PID   cswch/s nvcswch/s  Command
09:22:59 PM     0        17     17.00      0.00  rcu_preempt
09:22:59 PM     0        18      1.00      0.00  migration/0
09:22:59 PM     0        23      1.00      0.00  migration/1
09:22:59 PM     0        29      1.00      0.00  migration/2
09:22:59 PM     0        35      1.00      0.00  migration/3
09:22:59 PM     0        36      1.00      0.00  ksoftirqd/3
09:22:59 PM     0        41      1.00      0.00  migration/4
09:22:59 PM     0        47      1.00      0.00  migration/5
09:22:59 PM     0        53      1.00      0.00  migration/6
09:22:59 PM     0        59      1.00      0.00  migration/7
09:22:59 PM     0        65      1.00      0.00  migration/8
09:22:59 PM     0        71      1.00      0.00  migration/9
09:22:59 PM     0        77      1.00      0.00  migration/10
09:22:59 PM     0        83      1.00      0.00  migration/11
09:22:59 PM     0        95      2.00      0.00  kcompactd0
09:22:59 PM     0       102      1.00      0.00  irq/9-acpi
09:22:59 PM     0       453      1.00      0.00  multipathd
09:22:59 PM     0    180922      2.00      0.00  kworker/2:0-events
09:22:59 PM     0    182585      1.00      0.00  kworker/8:1-i915-unordered
09:22:59 PM     0    186631      4.00      0.00  kworker/3:2-mm_percpu_wq
09:22:59 PM     0    186893      2.00      0.00  kworker/11:0-events
09:22:59 PM     0    189255      2.00      0.00  kworker/7:2-events
09:22:59 PM     0    197671      2.00      0.00  kworker/0:1-mm_percpu_wq
09:22:59 PM     0    198726      1.00      0.00  kworker/9:0-events
09:22:59 PM     0    199074      2.00      0.00  kworker/4:1-mm_percpu_wq
09:22:59 PM     0    200447      1.00      0.00  kworker/5:1-mm_percpu_wq
09:22:59 PM     0    200794      1.00      0.00  kworker/1:1-events
09:22:59 PM     0    202490      7.00      0.00  kworker/8:2-pm
09:22:59 PM     0    202794      2.00      0.00  kworker/10:1-events
09:22:59 PM     0    203022      2.00      0.00  kworker/u24:3-edac-poller
09:22:59 PM     0    204082      1.00      0.00  iostat
09:22:59 PM     0    204083      1.00      0.00  pidstat
09:22:59 PM     0    204084      5.00      0.00  bash
09:22:59 PM     0    204085      8.00      0.00  bash
09:22:59 PM     0    204086      4.00      0.00  bash
09:22:59 PM     0    204088     99.00      0.00  fio
09:22:59 PM     0    204765      1.00      0.00  sleep
09:22:59 PM     0    204776      1.00      0.00  sleep
09:22:59 PM     0    204777      1.00      0.00  sleep

09:22:59 PM   UID       PID   cswch/s nvcswch/s  Command
09:23:00 PM     0        16      1.00      0.00  ksoftirqd/0
09:23:00 PM     0        17     17.00      0.00  rcu_preempt
09:23:00 PM     0        36      1.00      0.00  ksoftirqd/3
09:23:00 PM     0        71      1.00      0.00  migration/9
09:23:00 PM     0        84      1.00      0.00  ksoftirqd/11
09:23:00 PM     0        95      2.00      0.00  kcompactd0
09:23:00 PM     0       453      1.00      0.00  multipathd
09:23:00 PM     0       562      3.00      0.00  jbd2/nvme1n1p3-8
09:23:00 PM     0    179405      1.00      0.00  kworker/6:1-mm_percpu_wq
09:23:00 PM     0    180922      1.00      0.00  kworker/2:0-events
09:23:00 PM     0    186631      2.00      0.00  kworker/3:2-events
09:23:00 PM     0    186893      2.00      0.00  kworker/11:0-events
09:23:00 PM     0    189255      1.00      0.00  kworker/7:2-mm_percpu_wq
09:23:00 PM     0    193064      2.00      0.00  kworker/u24:0-events_unbound
09:23:00 PM     0    197671      2.00      0.00  kworker/0:1-events
09:23:00 PM     0    198726      1.00      0.00  kworker/9:0-mm_percpu_wq
09:23:00 PM     0    199074      3.00      0.00  kworker/4:1-mm_percpu_wq
09:23:00 PM     0    200447      1.00      0.00  kworker/5:1-mm_percpu_wq
09:23:00 PM     0    200794      2.00      0.00  kworker/1:1-events
09:23:00 PM     0    202794      3.00      0.00  kworker/10:1-events
09:23:00 PM     0    203022      2.00      0.00  kworker/u24:3-events_power_efficient
09:23:00 PM     0    204082      1.00      0.00  iostat
09:23:00 PM     0    204083      1.00      0.00  pidstat
09:23:00 PM     0    204084      5.00      0.00  bash
09:23:00 PM     0    204085      8.00      0.00  bash
09:23:00 PM     0    204086      4.00      0.00  bash
09:23:00 PM     0    204088     99.00      0.00  fio
09:23:00 PM     0    204780      1.00      0.00  sleep
09:23:00 PM     0    204791      1.00      0.00  sleep
09:23:00 PM     0    204792      1.00      0.00  sleep

09:23:00 PM   UID       PID   cswch/s nvcswch/s  Command
09:23:01 PM     0        16      1.00      0.00  ksoftirqd/0
09:23:01 PM     0        17     17.00      0.00  rcu_preempt
09:23:01 PM     0        24      1.00      0.00  ksoftirqd/1
09:23:01 PM     0        36      1.00      0.00  ksoftirqd/3
09:23:01 PM     0        72      1.00      0.00  ksoftirqd/9
09:23:01 PM     0        83      1.00      0.00  migration/11
09:23:01 PM     0        95      2.00      0.00  kcompactd0
09:23:01 PM     0       453      1.00      0.00  multipathd
09:23:01 PM     0    179405      1.00      0.00  kworker/6:1-events
09:23:01 PM     0    180922      2.00      0.00  kworker/2:0-events
09:23:01 PM     0    186631      4.00      0.00  kworker/3:2-events
09:23:01 PM     0    189255      3.00      0.00  kworker/7:2-mm_percpu_wq
09:23:01 PM     0    193064      1.00      0.00  kworker/u24:0-edac-poller
09:23:01 PM     0    197671      4.00      0.00  kworker/0:1-mm_percpu_wq
09:23:01 PM     0    199074      1.00      0.00  kworker/4:1-events
09:23:01 PM     0    200447      1.00      0.00  kworker/5:1-mm_percpu_wq
09:23:01 PM     0    200794      3.00      0.00  kworker/1:1-events
09:23:01 PM     0    204082      1.00      0.00  iostat
09:23:01 PM     0    204083      1.00      0.00  pidstat
09:23:01 PM     0    204084      5.00      0.00  bash
09:23:01 PM     0    204085      7.00      0.00  bash
09:23:01 PM     0    204086      4.00      0.00  bash
09:23:01 PM     0    204088     99.00      0.00  fio
09:23:01 PM     0    204795      1.00      0.00  sleep
09:23:01 PM     0    204805      1.00      0.00  sleep
09:23:01 PM     0    204807      1.00      0.00  sleep

09:23:01 PM   UID       PID   cswch/s nvcswch/s  Command
09:23:02 PM     0        16      1.00      0.00  ksoftirqd/0
09:23:02 PM     0        17     21.00      0.00  rcu_preempt
09:23:02 PM     0        54      1.00      0.00  ksoftirqd/6
09:23:02 PM     0        72      1.00      0.00  ksoftirqd/9
09:23:02 PM     0        84      1.00      0.00  ksoftirqd/11
09:23:02 PM     0        95      2.00      0.00  kcompactd0
09:23:02 PM     0       453      1.00      0.00  multipathd
09:23:02 PM     0       769      1.00      0.00  cron
09:23:02 PM     0    179405      2.00      0.00  kworker/6:1-events
09:23:02 PM     0    180922      1.00      0.00  kworker/2:0-events
09:23:02 PM     0    186631      2.00      0.00  kworker/3:2-mm_percpu_wq
09:23:02 PM     0    186893      5.00      0.00  kworker/11:0-events
09:23:02 PM     0    189255      2.00      0.00  kworker/7:2-mm_percpu_wq
09:23:02 PM     0    193064      2.00      0.00  kworker/u24:0-events_unbound
09:23:02 PM     0    197671      2.00      0.00  kworker/0:1-events
09:23:02 PM     0    198726      1.00      0.00  kworker/9:0-mm_percpu_wq
09:23:02 PM     0    199074      2.00      0.00  kworker/4:1-events
09:23:02 PM     0    200447      1.00      0.00  kworker/5:1-mm_percpu_wq
09:23:02 PM     0    200794      2.00      0.00  kworker/1:1-events
09:23:02 PM     0    202794      2.00      0.00  kworker/10:1-events
09:23:02 PM     0    203022      1.00      0.00  kworker/u24:3-events_power_efficient
09:23:02 PM     0    204082      1.00      0.00  iostat
09:23:02 PM     0    204083      1.00      0.00  pidstat
09:23:02 PM     0    204084      5.00      0.00  bash
09:23:02 PM     0    204085      6.00      0.00  bash
09:23:02 PM     0    204086      4.00      0.00  bash
09:23:02 PM     0    204088     99.00      0.00  fio
09:23:02 PM     0    204810      1.00      0.00  sleep
09:23:02 PM     0    204820      1.00      0.00  sleep
09:23:02 PM     0    204822      1.00      0.00  sleep

09:23:02 PM   UID       PID   cswch/s nvcswch/s  Command
09:23:03 PM     0        17     22.00      0.00  rcu_preempt
09:23:03 PM     0        18      1.00      0.00  migration/0
09:23:03 PM     0        23      1.00      0.00  migration/1
09:23:03 PM     0        29      1.00      0.00  migration/2
09:23:03 PM     0        35      1.00      0.00  migration/3
09:23:03 PM     0        36      1.00      0.00  ksoftirqd/3
09:23:03 PM     0        41      1.00      0.00  migration/4
09:23:03 PM     0        47      1.00      0.00  migration/5
09:23:03 PM     0        53      1.00      0.00  migration/6
09:23:03 PM     0        54      1.00      0.00  ksoftirqd/6
09:23:03 PM     0        59      1.00      0.00  migration/7
09:23:03 PM     0        65      1.00      0.00  migration/8
09:23:03 PM     0        71      1.00      0.00  migration/9
09:23:03 PM     0        77      1.00      0.00  migration/10
09:23:03 PM     0        83      1.00      0.00  migration/11
09:23:03 PM     0        95      2.00      0.00  kcompactd0
09:23:03 PM     0       453      1.00      0.00  multipathd
09:23:03 PM     0     21554      1.00      0.00  packagekitd
09:23:03 PM     0    179405      2.00      0.00  kworker/6:1-events
09:23:03 PM     0    180922      2.00      0.00  kworker/2:0-events
09:23:03 PM     0    186631      6.00      0.00  kworker/3:2-mm_percpu_wq
09:23:03 PM     0    186893      2.00      0.00  kworker/11:0-events
09:23:03 PM     0    189255      3.00      0.00  kworker/7:2-mm_percpu_wq
09:23:03 PM     0    193064      1.00      0.00  kworker/u24:0-edac-poller
09:23:03 PM     0    197671      1.00      0.00  kworker/0:1-mm_percpu_wq
09:23:03 PM     0    198726      1.00      0.00  kworker/9:0-mm_percpu_wq
09:23:03 PM     0    199074      1.00      0.00  kworker/4:1-events
09:23:03 PM     0    200447      2.00      0.00  kworker/5:1-events
09:23:03 PM     0    200794      4.00      0.00  kworker/1:1-mm_percpu_wq
09:23:03 PM     0    202794      1.00      0.00  kworker/10:1-events
09:23:03 PM     0    204082      1.00      0.00  iostat
09:23:03 PM     0    204083      1.00      0.00  pidstat
09:23:03 PM     0    204084      5.00      0.00  bash
09:23:03 PM     0    204085      7.00      0.00  bash
09:23:03 PM     0    204086      4.00      0.00  bash
09:23:03 PM     0    204088    100.00      0.00  fio
09:23:03 PM     0    204825      1.00      0.00  sleep
09:23:03 PM     0    204836      1.00      0.00  sleep
09:23:03 PM     0    204837      1.00      0.00  sleep

09:23:03 PM   UID       PID   cswch/s nvcswch/s  Command
09:23:04 PM     0        17     17.00      0.00  rcu_preempt
09:23:04 PM     0        36      1.00      0.00  ksoftirqd/3
09:23:04 PM     0        53      1.00      0.00  migration/6
09:23:04 PM     0        54      1.00      0.00  ksoftirqd/6
09:23:04 PM     0        95      2.00      0.00  kcompactd0
09:23:04 PM     0       190      1.00      0.00  kworker/10:1H-kblockd
09:23:04 PM     0       453      1.00      0.00  multipathd
09:23:04 PM     0    179405      3.00      0.00  kworker/6:1-events
09:23:04 PM     0    180922      1.00      0.00  kworker/2:0-events
09:23:04 PM     0    186631      4.00      0.00  kworker/3:2-mm_percpu_wq
09:23:04 PM     0    186893      4.00      0.00  kworker/11:0-events
09:23:04 PM     0    189255      2.00      0.00  kworker/7:2-mm_percpu_wq
09:23:04 PM     0    193064      4.00      0.00  kworker/u24:0-events_unbound
09:23:04 PM     0    197671      1.00      0.00  kworker/0:1-events
09:23:04 PM     0    199074      2.00      0.00  kworker/4:1-events
09:23:04 PM     0    200447      1.00      0.00  kworker/5:1-mm_percpu_wq
09:23:04 PM     0    200794      2.00      0.00  kworker/1:1-events
09:23:04 PM     0    202794      3.00      0.00  kworker/10:1-events
09:23:04 PM     0    203022      1.00      0.00  kworker/u24:3-events_power_efficient
09:23:04 PM     0    204082      1.00      0.00  iostat
09:23:04 PM     0    204083      1.00      0.00  pidstat
09:23:04 PM     0    204084      5.00      0.00  bash
09:23:04 PM     0    204085      8.00      0.00  bash
09:23:04 PM     0    204086      4.00      0.00  bash
09:23:04 PM     0    204088     99.00      0.00  fio
09:23:04 PM     0    204840      1.00      0.00  sleep
09:23:04 PM     0    204851      1.00      0.00  sleep
09:23:04 PM     0    204852      1.00      0.00  sleep

09:23:04 PM   UID       PID   cswch/s nvcswch/s  Command
09:23:05 PM     0        17     15.00      0.00  rcu_preempt
09:23:05 PM     0        24      1.00      0.00  ksoftirqd/1
09:23:05 PM     0        42      1.00      0.00  ksoftirqd/4
09:23:05 PM     0        60      1.00      0.00  ksoftirqd/7
09:23:05 PM     0        95      2.00      0.00  kcompactd0
09:23:05 PM     0       453      1.00      0.00  multipathd
09:23:05 PM     0       562      3.00      0.00  jbd2/nvme1n1p3-8
09:23:05 PM     0    179405      3.00      0.00  kworker/6:1-events
09:23:05 PM     0    180922      3.00      0.00  kworker/2:0-events
09:23:05 PM     0    186631      1.00      0.00  kworker/3:2-mm_percpu_wq
09:23:05 PM     0    186893      2.00      0.00  kworker/11:0-events
09:23:05 PM     0    189255      4.00      0.00  kworker/7:2-mm_percpu_wq
09:23:05 PM     0    193064      2.00      0.00  kworker/u24:0-events_power_efficient
09:23:05 PM     0    197671      1.00      0.00  kworker/0:1-mm_percpu_wq
09:23:05 PM     0    198726      1.00      0.00  kworker/9:0-mm_percpu_wq
09:23:05 PM     0    199074      1.00      0.00  kworker/4:1-events
09:23:05 PM     0    200447      2.00      0.00  kworker/5:1-mm_percpu_wq
09:23:05 PM     0    200794      2.00      0.00  kworker/1:1-mm_percpu_wq
09:23:05 PM     0    202794      3.00      0.00  kworker/10:1-events
09:23:05 PM     0    203022      3.00      0.00  kworker/u24:3-edac-poller
09:23:05 PM     0    204082      1.00      0.00  iostat
09:23:05 PM     0    204083      1.00      1.00  pidstat
09:23:05 PM     0    204084      5.00      0.00  bash
09:23:05 PM     0    204085      7.00      0.00  bash
09:23:05 PM     0    204086      4.00      0.00  bash
09:23:05 PM     0    204088     99.00      0.00  fio
09:23:05 PM     0    204855      1.00      0.00  sleep
09:23:05 PM     0    204866      1.00      0.00  sleep
09:23:05 PM     0    204867      1.00      0.00  sleep

09:23:05 PM   UID       PID   cswch/s nvcswch/s  Command
09:23:06 PM     0        17     20.00      0.00  rcu_preempt
09:23:06 PM     0        54      1.00      0.00  ksoftirqd/6
09:23:06 PM     0        95      2.00      0.00  kcompactd0
09:23:06 PM     0       453      1.00      0.00  multipathd
09:23:06 PM     0    179405      3.00      0.00  kworker/6:1-events
09:23:06 PM     0    180922      2.00      0.00  kworker/2:0-events
09:23:06 PM     0    186893      1.00      0.00  kworker/11:0-mm_percpu_wq
09:23:06 PM     0    189255      2.00      0.00  kworker/7:2-events
09:23:06 PM     0    197671      1.00      0.00  kworker/0:1-events
09:23:06 PM     0    198726      1.00      0.00  kworker/9:0-mm_percpu_wq
09:23:06 PM     0    199074      3.00      0.00  kworker/4:1-events
09:23:06 PM     0    200794      1.00      0.00  kworker/1:1-events
09:23:06 PM     0    202794      3.00      0.00  kworker/10:1-events
09:23:06 PM     0    203022      1.00      0.00  kworker/u24:3-edac-poller
09:23:06 PM     0    204082      1.00      0.00  iostat
09:23:06 PM     0    204083      1.00      0.00  pidstat
09:23:06 PM     0    204084      5.00      0.00  bash
09:23:06 PM     0    204085      8.00      0.00  bash
09:23:06 PM     0    204086      4.00      0.00  bash
09:23:06 PM     0    204088     99.00      0.00  fio
09:23:06 PM     0    204870      1.00      0.00  sleep
09:23:06 PM     0    204881      1.00      0.00  sleep
09:23:06 PM     0    204882      1.00      0.00  sleep

09:23:06 PM   UID       PID   cswch/s nvcswch/s  Command
09:23:07 PM     0        16      1.00      0.00  ksoftirqd/0
09:23:07 PM     0        17     20.00      0.00  rcu_preempt
09:23:07 PM     0        18      1.00      0.00  migration/0
09:23:07 PM     0        23      1.00      0.00  migration/1
09:23:07 PM     0        29      1.00      0.00  migration/2
09:23:07 PM     0        35      1.00      0.00  migration/3
09:23:07 PM     0        41      1.00      0.00  migration/4
09:23:07 PM     0        47      1.00      0.00  migration/5
09:23:07 PM     0        53      1.00      0.00  migration/6
09:23:07 PM     0        59      1.00      0.00  migration/7
09:23:07 PM     0        65      1.00      0.00  migration/8
09:23:07 PM     0        71      1.00      0.00  migration/9
09:23:07 PM     0        72      1.00      0.00  ksoftirqd/9
09:23:07 PM     0        77      1.00      0.00  migration/10
09:23:07 PM     0        83      1.00      0.00  migration/11
09:23:07 PM     0        84      1.00      0.00  ksoftirqd/11
09:23:07 PM     0        95      2.00      0.00  kcompactd0
09:23:07 PM     0       453      1.00      0.00  multipathd
09:23:07 PM     0    180922      2.00      0.00  kworker/2:0-events
09:23:07 PM     0    186631      1.00      0.00  kworker/3:2-mm_percpu_wq
09:23:07 PM     0    186893      2.00      0.00  kworker/11:0-events
09:23:07 PM     0    189255      4.00      0.00  kworker/7:2-events
09:23:07 PM     0    197671      5.00      0.00  kworker/0:1-events
09:23:07 PM     0    198726      4.00      0.00  kworker/9:0-events
09:23:07 PM     0    199074      4.00      0.00  kworker/4:1-mm_percpu_wq
09:23:07 PM     0    200447      1.00      0.00  kworker/5:1-mm_percpu_wq
09:23:07 PM     0    200794      4.00      0.00  kworker/1:1-mm_percpu_wq
09:23:07 PM     0    202794      1.00      0.00  kworker/10:1-mm_percpu_wq
09:23:07 PM     0    203022      2.00      0.00  kworker/u24:3-edac-poller
09:23:07 PM     0    204082      1.00      0.00  iostat
09:23:07 PM     0    204083      1.00      0.00  pidstat
09:23:07 PM     0    204084      5.00      0.00  bash
09:23:07 PM     0    204085      8.00      0.00  bash
09:23:07 PM     0    204086      4.00      0.00  bash
09:23:07 PM     0    204088     99.00      0.00  fio
09:23:07 PM     0    204885      1.00      0.00  sleep
09:23:07 PM     0    204896      1.00      0.00  sleep
09:23:07 PM     0    204897      1.00      0.00  sleep

09:23:07 PM   UID       PID   cswch/s nvcswch/s  Command
09:23:08 PM     0        16      1.00      0.00  ksoftirqd/0
09:23:08 PM     0        17     19.00      0.00  rcu_preempt
09:23:08 PM     0        24      1.00      0.00  ksoftirqd/1
09:23:08 PM     0        42      1.00      0.00  ksoftirqd/4
09:23:08 PM     0        83      1.00      0.00  migration/11
09:23:08 PM     0        95      2.00      0.00  kcompactd0
09:23:08 PM     0       453      1.00      0.00  multipathd
09:23:08 PM     0    179405      2.00      0.00  kworker/6:1-events
09:23:08 PM     0    180922      1.00      0.00  kworker/2:0-events
09:23:08 PM     0    186631      3.00      0.00  kworker/3:2-mm_percpu_wq
09:23:08 PM     0    186893      1.00      0.00  kworker/11:0-mm_percpu_wq
09:23:08 PM     0    189255      3.00      0.00  kworker/7:2-mm_percpu_wq
09:23:08 PM     0    193064      2.00      0.00  kworker/u24:0-edac-poller
09:23:08 PM     0    197671      3.00      0.00  kworker/0:1-mm_percpu_wq
09:23:08 PM     0    198726      2.00      0.00  kworker/9:0-events
09:23:08 PM     0    199074      5.00      0.00  kworker/4:1-mm_percpu_wq
09:23:08 PM     0    200447      1.00      0.00  kworker/5:1-mm_percpu_wq
09:23:08 PM     0    200794      1.00      0.00  kworker/1:1-mm_percpu_wq
09:23:08 PM     0    202794      2.00      0.00  kworker/10:1-events
09:23:08 PM     0    203022      1.00      0.00  kworker/u24:3-events_power_efficient
09:23:08 PM     0    204082      1.00      0.00  iostat
09:23:08 PM     0    204083      1.00      0.00  pidstat
09:23:08 PM     0    204084      5.00      0.00  bash
09:23:08 PM     0    204085      7.00      0.00  bash
09:23:08 PM     0    204086      4.00      0.00  bash
09:23:08 PM     0    204088     99.00      0.00  fio
09:23:08 PM     0    204900      1.00      0.00  sleep
09:23:08 PM     0    204910      1.00      0.00  sleep
09:23:08 PM     0    204912      1.00      0.00  sleep

09:23:08 PM   UID       PID   cswch/s nvcswch/s  Command
09:23:09 PM     0        16      1.00      0.00  ksoftirqd/0
09:23:09 PM     0        17     22.00      0.00  rcu_preempt
09:23:09 PM     0        36      1.00      0.00  ksoftirqd/3
09:23:09 PM     0        42      2.00      0.00  ksoftirqd/4
09:23:09 PM     0        48      1.00      0.00  ksoftirqd/5
09:23:09 PM     0        54      1.00      0.00  ksoftirqd/6
09:23:09 PM     0        60      1.00      0.00  ksoftirqd/7
09:23:09 PM     0        72      1.00      0.00  ksoftirqd/9
09:23:09 PM     0        78      1.00      0.00  ksoftirqd/10
09:23:09 PM     0        95      2.00      0.00  kcompactd0
09:23:09 PM     0       102      1.00      0.00  irq/9-acpi
09:23:09 PM     0       453      1.00      0.00  multipathd
09:23:09 PM     0    179405      3.00      0.00  kworker/6:1-events
09:23:09 PM     0    180922      2.00      0.00  kworker/2:0-events
09:23:09 PM     0    182585   1134.00      0.00  kworker/8:1-i915-unordered
09:23:09 PM     0    186631      1.00      0.00  kworker/3:2-mm_percpu_wq
09:23:09 PM     0    186893      1.00      0.00  kworker/11:0-mm_percpu_wq
09:23:09 PM     0    189255      4.00      0.00  kworker/7:2-events
09:23:09 PM     0    193064      3.00      0.00  kworker/u24:0-events_unbound
09:23:09 PM     0    197671      3.00      0.00  kworker/0:1-events
09:23:09 PM     0    198726      4.00      0.00  kworker/9:0-events
09:23:09 PM     0    199074      5.00      0.00  kworker/4:1-events
09:23:09 PM     0    200447      1.00      0.00  kworker/5:1-mm_percpu_wq
09:23:09 PM     0    200794      2.00      0.00  kworker/1:1-mm_percpu_wq
09:23:09 PM     0    202490   1139.00      0.00  kworker/8:2-events
09:23:09 PM     0    202794      1.00      0.00  kworker/10:1-mm_percpu_wq
09:23:09 PM     0    204082      1.00      0.00  iostat
09:23:09 PM     0    204083      1.00      0.00  pidstat
09:23:09 PM     0    204084      5.00      0.00  bash
09:23:09 PM     0    204085      8.00      0.00  bash
09:23:09 PM     0    204086      4.00      0.00  bash
09:23:09 PM     0    204088    100.00      0.00  fio
09:23:09 PM     0    204915      1.00      0.00  sleep
09:23:09 PM     0    204925      1.00      0.00  sleep
09:23:09 PM     0    204927      1.00      0.00  sleep

09:23:09 PM   UID       PID   cswch/s nvcswch/s  Command
09:23:10 PM     0        17     17.00      0.00  rcu_preempt
09:23:10 PM     0        24      1.00      0.00  ksoftirqd/1
09:23:10 PM     0        42      1.00      0.00  ksoftirqd/4
09:23:10 PM     0        72      1.00      0.00  ksoftirqd/9
09:23:10 PM     0        95      2.00      0.00  kcompactd0
09:23:10 PM     0       113      1.00      0.00  kworker/5:1H-kblockd
09:23:10 PM     0       453      1.00      0.00  multipathd
09:23:10 PM     0       562      3.00      0.00  jbd2/nvme1n1p3-8
09:23:10 PM     0    179405      3.00      0.00  kworker/6:1-events
09:23:10 PM     0    180922      1.00      0.00  kworker/2:0-events
09:23:10 PM     0    186631      1.00      0.00  kworker/3:2-mm_percpu_wq
09:23:10 PM     0    186893      1.00      0.00  kworker/11:0-mm_percpu_wq
09:23:10 PM     0    189255      1.00      0.00  kworker/7:2-mm_percpu_wq
09:23:10 PM     0    193064      5.00      0.00  kworker/u24:0-edac-poller
09:23:10 PM     0    197671      2.00      0.00  kworker/0:1-events
09:23:10 PM     0    198726      2.00      0.00  kworker/9:0-events
09:23:10 PM     0    199074      5.00      0.00  kworker/4:1-events
09:23:10 PM     0    200447      2.00      0.00  kworker/5:1-mm_percpu_wq
09:23:10 PM     0    200794      1.00      0.00  kworker/1:1-mm_percpu_wq
09:23:10 PM     0    202794      2.00      0.00  kworker/10:1-events
09:23:10 PM     0    204082      1.00      0.00  iostat
09:23:10 PM     0    204083      1.00      0.00  pidstat
09:23:10 PM     0    204084      5.00      0.00  bash
09:23:10 PM     0    204085      7.00      0.00  bash
09:23:10 PM     0    204086      4.00      0.00  bash
09:23:10 PM     0    204088     99.00      0.00  fio
09:23:10 PM     0    204930      1.00      0.00  sleep
09:23:10 PM     0    204941      1.00      0.00  sleep
09:23:10 PM     0    204942      1.00      0.00  sleep

09:23:10 PM   UID       PID   cswch/s nvcswch/s  Command
09:23:11 PM     0        16      1.00      0.00  ksoftirqd/0
09:23:11 PM     0        17     18.00      0.00  rcu_preempt
09:23:11 PM     0        18      1.00      0.00  migration/0
09:23:11 PM     0        23      1.00      0.00  migration/1
09:23:11 PM     0        29      1.00      0.00  migration/2
09:23:11 PM     0        35      1.00      0.00  migration/3
09:23:11 PM     0        41      1.00      0.00  migration/4
09:23:11 PM     0        42      1.00      0.00  ksoftirqd/4
09:23:11 PM     0        47      1.00      0.00  migration/5
09:23:11 PM     0        48      2.00      0.00  ksoftirqd/5
09:23:11 PM     0        53      1.00      0.00  migration/6
09:23:11 PM     0        59      1.00      0.00  migration/7
09:23:11 PM     0        65      1.00      0.00  migration/8
09:23:11 PM     0        71      1.00      0.00  migration/9
09:23:11 PM     0        72      1.00      0.00  ksoftirqd/9
09:23:11 PM     0        77      1.00      0.00  migration/10
09:23:11 PM     0        83      1.00      0.00  migration/11
09:23:11 PM     0        95      2.00      0.00  kcompactd0
09:23:11 PM     0       172      1.00      0.00  kworker/3:1H-kblockd
09:23:11 PM     0       453      1.00      0.00  multipathd
09:23:11 PM     0    179405      2.00      0.00  kworker/6:1-events
09:23:11 PM     0    180922      2.00      0.00  kworker/2:0-events
09:23:11 PM     0    186631      1.00      0.00  kworker/3:2-mm_percpu_wq
09:23:11 PM     0    186893      1.00      0.00  kworker/11:0-mm_percpu_wq
09:23:11 PM     0    189255      1.00      0.00  kworker/7:2-events
09:23:11 PM     0    193064      1.00      0.00  kworker/u24:0-events_power_efficient
09:23:11 PM     0    197671      2.00      0.00  kworker/0:1-events
09:23:11 PM     0    198726      3.00      0.00  kworker/9:0-events
09:23:11 PM     0    199074      5.00      0.00  kworker/4:1-events
09:23:11 PM     0    200447      1.00      0.00  kworker/5:1-mm_percpu_wq
09:23:11 PM     0    200794      3.00      0.00  kworker/1:1-mm_percpu_wq
09:23:11 PM     0    202794      2.00      0.00  kworker/10:1-events
09:23:11 PM     0    203022      3.00      0.00  kworker/u24:3-edac-poller
09:23:11 PM     0    204082      1.00      0.00  iostat
09:23:11 PM     0    204083      1.00      0.00  pidstat
09:23:11 PM     0    204084      5.00      0.00  bash
09:23:11 PM     0    204085      8.00      0.00  bash
09:23:11 PM     0    204086      4.00      0.00  bash
09:23:11 PM     0    204088     99.00      0.00  fio
09:23:11 PM     0    204945      1.00      0.00  sleep
09:23:11 PM     0    204956      1.00      0.00  sleep
09:23:11 PM     0    204957      1.00      0.00  sleep

09:23:11 PM   UID       PID   cswch/s nvcswch/s  Command
09:23:12 PM     0        16      1.00      0.00  ksoftirqd/0
09:23:12 PM     0        17     17.00      0.00  rcu_preempt
09:23:12 PM     0        24      1.00      0.00  ksoftirqd/1
09:23:12 PM     0        42      1.00      0.00  ksoftirqd/4
09:23:12 PM     0        53      1.00      0.00  migration/6
09:23:12 PM     0        72      1.00      0.00  ksoftirqd/9
09:23:12 PM     0        95      1.00      0.00  kcompactd0
09:23:12 PM     0       453      1.00      0.00  multipathd
09:23:12 PM   101       608      1.00      0.00  systemd-network
09:23:12 PM     0    179405      1.00      0.00  kworker/6:1-mm_percpu_wq
09:23:12 PM     0    180922      1.00      0.00  kworker/2:0-events
09:23:12 PM     0    186631      1.00      0.00  kworker/3:2-mm_percpu_wq
09:23:12 PM     0    186893      1.00      0.00  kworker/11:0-mm_percpu_wq
09:23:12 PM     0    189255      4.00      0.00  kworker/7:2-events
09:23:12 PM     0    197671      1.00      0.00  kworker/0:1-events
09:23:12 PM     0    198726      3.00      0.00  kworker/9:0-events
09:23:12 PM     0    199074      4.00      0.00  kworker/4:1-events
09:23:12 PM     0    200447      1.00      0.00  kworker/5:1-mm_percpu_wq
09:23:12 PM     0    200794      1.00      0.00  kworker/1:1-mm_percpu_wq
09:23:12 PM     0    202794      4.00      0.00  kworker/10:1-events
09:23:12 PM     0    203022      1.00      0.00  kworker/u24:3-edac-poller
09:23:12 PM     0    204082      1.00      0.00  iostat
09:23:12 PM     0    204083      1.00      0.00  pidstat
09:23:12 PM     0    204084      5.00      0.00  bash
09:23:12 PM     0    204085      8.00      0.00  bash
09:23:12 PM     0    204086      4.00      0.00  bash
09:23:12 PM     0    204088     99.00      0.00  fio
09:23:12 PM     0    204960      1.00      0.00  sleep
09:23:12 PM     0    204971      1.00      0.00  sleep
09:23:12 PM     0    204972      1.00      0.00  sleep

09:23:12 PM   UID       PID   cswch/s nvcswch/s  Command
09:23:13 PM     0        16      1.00      0.00  ksoftirqd/0
09:23:13 PM     0        17     22.00      0.00  rcu_preempt
09:23:13 PM     0        35      1.00      0.00  migration/3
09:23:13 PM     0        36      1.00      0.00  ksoftirqd/3
09:23:13 PM     0        42      1.00      0.00  ksoftirqd/4
09:23:13 PM     0        47      1.00      0.00  migration/5
09:23:13 PM     0        72      1.00      0.00  ksoftirqd/9
09:23:13 PM     0        95      2.00      0.00  kcompactd0
09:23:13 PM     0       453      1.00      0.00  multipathd
09:23:13 PM     0     21554      1.00      0.00  packagekitd
09:23:13 PM     0    179405      1.00      0.00  kworker/6:1-mm_percpu_wq
09:23:13 PM     0    180922      2.00      0.00  kworker/2:0-events
09:23:13 PM     0    186631      1.00      0.00  kworker/3:2-mm_percpu_wq
09:23:13 PM     0    189255      4.00      0.00  kworker/7:2-events
09:23:13 PM     0    197671      4.00      0.00  kworker/0:1-events
09:23:13 PM     0    198726      3.00      0.00  kworker/9:0-events
09:23:13 PM     0    199074      4.00      0.00  kworker/4:1-events
09:23:13 PM     0    200447      1.00      0.00  kworker/5:1-mm_percpu_wq
09:23:13 PM     0    200794      2.00      0.00  kworker/1:1-mm_percpu_wq
09:23:13 PM     0    202794      4.00      0.00  kworker/10:1-events
09:23:13 PM     0    203022      2.00      0.00  kworker/u24:3-edac-poller
09:23:13 PM     0    204082      1.00      0.00  iostat
09:23:13 PM     0    204083      1.00      0.00  pidstat
09:23:13 PM     0    204084      5.00      0.00  bash
09:23:13 PM     0    204085      7.00      0.00  bash
09:23:13 PM     0    204086      4.00      0.00  bash
09:23:13 PM     0    204088     99.00      0.00  fio
09:23:13 PM     0    204975      1.00      0.00  sleep
09:23:13 PM     0    204985      1.00      0.00  sleep
09:23:13 PM     0    204987      1.00      0.00  sleep

09:23:13 PM   UID       PID   cswch/s nvcswch/s  Command
09:23:14 PM     0        16      2.00      0.00  ksoftirqd/0
09:23:14 PM     0        17     18.00      0.00  rcu_preempt
09:23:14 PM     0        24      1.00      0.00  ksoftirqd/1
09:23:14 PM     0        42      1.00      0.00  ksoftirqd/4
09:23:14 PM     0        53      1.00      0.00  migration/6
09:23:14 PM     0        90      1.00      0.00  khungtaskd
09:23:14 PM     0        95      2.00      0.00  kcompactd0
09:23:14 PM     0       453      1.00      0.00  multipathd
09:23:14 PM     0    179405      1.00      0.00  kworker/6:1-mm_percpu_wq
09:23:14 PM     0    180922      1.00      0.00  kworker/2:0-events
09:23:14 PM     0    182585      1.00      0.00  kworker/8:1-events
09:23:14 PM     0    186631      2.00      0.00  kworker/3:2-mm_percpu_wq
09:23:14 PM     0    186893      1.00      0.00  kworker/11:0-mm_percpu_wq
09:23:14 PM     0    189255      1.00      0.00  kworker/7:2-mm_percpu_wq
09:23:14 PM     0    197671      3.00      0.00  kworker/0:1-events
09:23:14 PM     0    198726      3.00      0.00  kworker/9:0-events
09:23:14 PM     0    199074      4.00      0.00  kworker/4:1-events
09:23:14 PM     0    200447      1.00      0.00  kworker/5:1-mm_percpu_wq
09:23:14 PM     0    200794      2.00      0.00  kworker/1:1-mm_percpu_wq
09:23:14 PM     0    202794      3.00      0.00  kworker/10:1-events
09:23:14 PM     0    203022      1.00      0.00  kworker/u24:3-edac-poller
09:23:14 PM     0    204082      1.00      0.00  iostat
09:23:14 PM     0    204083      1.00      0.00  pidstat
09:23:14 PM     0    204084      5.00      0.00  bash
09:23:14 PM     0    204085      8.00      0.00  bash
09:23:14 PM     0    204086      4.00      0.00  bash
09:23:14 PM     0    204088     99.00      0.00  fio
09:23:14 PM     0    204990      1.00      0.00  sleep
09:23:14 PM     0    205001      1.00      0.00  sleep
09:23:14 PM     0    205002      1.00      0.00  sleep

09:23:14 PM   UID       PID   cswch/s nvcswch/s  Command
09:23:15 PM     0        17     20.00      0.00  rcu_preempt
09:23:15 PM     0        18      1.00      0.00  migration/0
09:23:15 PM     0        23      1.00      0.00  migration/1
09:23:15 PM     0        29      1.00      0.00  migration/2
09:23:15 PM     0        35      1.00      0.00  migration/3
09:23:15 PM     0        36      1.00      0.00  ksoftirqd/3
09:23:15 PM     0        41      1.00      0.00  migration/4
09:23:15 PM     0        47      1.00      0.00  migration/5
09:23:15 PM     0        48      1.00      0.00  ksoftirqd/5
09:23:15 PM     0        53      1.00      0.00  migration/6
09:23:15 PM     0        54      1.00      0.00  ksoftirqd/6
09:23:15 PM     0        59      1.00      0.00  migration/7
09:23:15 PM     0        65      1.00      0.00  migration/8
09:23:15 PM     0        71      1.00      0.00  migration/9
09:23:15 PM     0        77      1.00      0.00  migration/10
09:23:15 PM     0        83      1.00      0.00  migration/11
09:23:15 PM     0        95      2.00      0.00  kcompactd0
09:23:15 PM     0       176      1.00      0.00  kworker/11:1H-kblockd
09:23:15 PM     0       453      1.00      0.00  multipathd
09:23:15 PM     0       562      3.00      0.00  jbd2/nvme1n1p3-8
09:23:15 PM     0    179405      2.00      0.00  kworker/6:1-events
09:23:15 PM     0    180922      3.00      0.00  kworker/2:0-events
09:23:15 PM     0    186631      2.00      0.00  kworker/3:2-events
09:23:15 PM     0    186893      1.00      0.00  kworker/11:0-mm_percpu_wq
09:23:15 PM     0    189255      3.00      0.00  kworker/7:2-events
09:23:15 PM     0    193064      4.00      0.00  kworker/u24:0-edac-poller
09:23:15 PM     0    197671      1.00      0.00  kworker/0:1-mm_percpu_wq
09:23:15 PM     0    198726      3.00      0.00  kworker/9:0-events
09:23:15 PM     0    199074      3.00      0.00  kworker/4:1-events
09:23:15 PM     0    200447      1.00      0.00  kworker/5:1-mm_percpu_wq
09:23:15 PM     0    200794      3.00      0.00  kworker/1:1-mm_percpu_wq
09:23:15 PM     0    202794      1.00      0.00  kworker/10:1-mm_percpu_wq
09:23:15 PM     0    203022      4.00      0.00  kworker/u24:3-writeback
09:23:15 PM     0    204082      1.00      0.00  iostat
09:23:15 PM     0    204083      1.00      0.00  pidstat
09:23:15 PM     0    204084      5.00      0.00  bash
09:23:15 PM     0    204085      7.00      0.00  bash
09:23:15 PM     0    204086      4.00      0.00  bash
09:23:15 PM     0    204088     99.00      0.00  fio
09:23:15 PM     0    205005      1.00      0.00  sleep
09:23:15 PM     0    205015      1.00      0.00  sleep
09:23:15 PM     0    205017      1.00      0.00  sleep

09:23:15 PM   UID       PID   cswch/s nvcswch/s  Command
09:23:16 PM     0        17     18.00      0.00  rcu_preempt
09:23:16 PM     0        36      1.00      0.00  ksoftirqd/3
09:23:16 PM     0        42      1.00      0.00  ksoftirqd/4
09:23:16 PM     0        47      1.00      0.00  migration/5
09:23:16 PM     0        54      1.00      0.00  ksoftirqd/6
09:23:16 PM     0        72      1.00      0.00  ksoftirqd/9
09:23:16 PM     0        84      1.00      0.00  ksoftirqd/11
09:23:16 PM     0        95      2.00      0.00  kcompactd0
09:23:16 PM     0       453      1.00      0.00  multipathd
09:23:16 PM     0    179405      4.00      0.00  kworker/6:1-events
09:23:16 PM     0    180922      2.00      0.00  kworker/2:0-events
09:23:16 PM     0    186631      1.00      0.00  kworker/3:2-mm_percpu_wq
09:23:16 PM     0    186893      1.00      0.00  kworker/11:0-mm_percpu_wq
09:23:16 PM     0    189255      1.00      0.00  kworker/7:2-mm_percpu_wq
09:23:16 PM     0    193064      1.00      0.00  kworker/u24:0-events_power_efficient
09:23:16 PM     0    197671      2.00      0.00  kworker/0:1-events
09:23:16 PM     0    198726      2.00      0.00  kworker/9:0-events
09:23:16 PM     0    199074      3.00      0.00  kworker/4:1-events
09:23:16 PM     0    200447      1.00      0.00  kworker/5:1-mm_percpu_wq
09:23:16 PM     0    200794      2.00      0.00  kworker/1:1-events
09:23:16 PM     0    202794      4.00      0.00  kworker/10:1-events
09:23:16 PM     0    203022      1.00      0.00  kworker/u24:3-writeback
09:23:16 PM     0    204082      1.00      0.00  iostat
09:23:16 PM     0    204083      1.00      0.00  pidstat
09:23:16 PM     0    204084      5.00      0.00  bash
09:23:16 PM     0    204085      8.00      0.00  bash
09:23:16 PM     0    204086      4.00      0.00  bash
09:23:16 PM     0    204088    100.00      0.00  fio
09:23:16 PM     0    205020      1.00      0.00  sleep
09:23:16 PM     0    205031      1.00      1.00  sleep
09:23:16 PM     0    205032      1.00      0.00  sleep

09:23:16 PM   UID       PID   cswch/s nvcswch/s  Command
09:23:17 PM     0        17     18.00      0.00  rcu_preempt
09:23:17 PM     0        42      1.00      0.00  ksoftirqd/4
09:23:17 PM     0        54      2.00      0.00  ksoftirqd/6
09:23:17 PM     0        72      2.00      0.00  ksoftirqd/9
09:23:17 PM     0        95      2.00      0.00  kcompactd0
09:23:17 PM     0       453      1.00      0.00  multipathd
09:23:17 PM     0    179405      3.00      0.00  kworker/6:1-events
09:23:17 PM     0    180922      2.00      0.00  kworker/2:0-events
09:23:17 PM     0    186631      1.00      0.00  kworker/3:2-mm_percpu_wq
09:23:17 PM     0    186893      1.00      0.00  kworker/11:0-mm_percpu_wq
09:23:17 PM     0    189255      3.00      0.00  kworker/7:2-mm_percpu_wq
09:23:17 PM     0    197671      1.00      0.00  kworker/0:1-events
09:23:17 PM     0    198726      4.00      0.00  kworker/9:0-events
09:23:17 PM     0    199074      5.00      0.00  kworker/4:1-events
09:23:17 PM     0    200447      1.00      0.00  kworker/5:1-mm_percpu_wq
09:23:17 PM     0    200794      2.00      0.00  kworker/1:1-mm_percpu_wq
09:23:17 PM     0    202794      2.00      0.00  kworker/10:1-mm_percpu_wq
09:23:17 PM     0    203022      1.00      0.00  kworker/u24:3-edac-poller
09:23:17 PM     0    204082      1.00      0.00  iostat
09:23:17 PM     0    204083      1.00      0.00  pidstat
09:23:17 PM     0    204084      5.00      0.00  bash
09:23:17 PM     0    204085      6.00      0.00  bash
09:23:17 PM     0    204086      4.00      0.00  bash
09:23:17 PM     0    204088     99.00      0.00  fio
09:23:17 PM     0    205035      1.00      0.00  sleep
09:23:17 PM     0    205045      1.00      0.00  sleep
09:23:17 PM     0    205047      1.00      0.00  sleep

09:23:17 PM   UID       PID   cswch/s nvcswch/s  Command
09:23:18 PM     0        17     18.00      0.00  rcu_preempt
09:23:18 PM     0        72      2.00      0.00  ksoftirqd/9
09:23:18 PM     0        78      1.00      0.00  ksoftirqd/10
09:23:18 PM     0        95      2.00      0.00  kcompactd0
09:23:18 PM     0       453      1.00      0.00  multipathd
09:23:18 PM   101       608      2.00      0.00  systemd-network
09:23:18 PM     0    179405      2.00      0.00  kworker/6:1-events
09:23:18 PM     0    180922      1.00      0.00  kworker/2:0-events
09:23:18 PM     0    186631      1.00      0.00  kworker/3:2-mm_percpu_wq
09:23:18 PM     0    186893      1.00      0.00  kworker/11:0-mm_percpu_wq
09:23:18 PM     0    189255      1.00      0.00  kworker/7:2-mm_percpu_wq
09:23:18 PM     0    193064      1.00      0.00  kworker/u24:0-events_power_efficient
09:23:18 PM     0    197671      1.00      0.00  kworker/0:1-mm_percpu_wq
09:23:18 PM     0    198726      4.00      0.00  kworker/9:0-events
09:23:18 PM     0    199074      3.00      0.00  kworker/4:1-events
09:23:18 PM     0    200447      1.00      0.00  kworker/5:1-mm_percpu_wq
09:23:18 PM     0    200794      1.00      0.00  kworker/1:1-mm_percpu_wq
09:23:18 PM     0    202794      2.00      0.00  kworker/10:1-events
09:23:18 PM     0    203022      1.00      0.00  kworker/u24:3-edac-poller
09:23:18 PM     0    204082      1.00      0.00  iostat
09:23:18 PM     0    204083      1.00      0.00  pidstat
09:23:18 PM     0    204084      5.00      0.00  bash
09:23:18 PM     0    204085      7.00      0.00  bash
09:23:18 PM     0    204086      4.00      0.00  bash
09:23:18 PM     0    204088     99.00      0.00  fio
09:23:18 PM     0    205050      1.00      0.00  sleep
09:23:18 PM     0    205061      1.00      0.00  sleep
09:23:18 PM     0    205062      1.00      0.00  sleep

09:23:18 PM   UID       PID   cswch/s nvcswch/s  Command
09:23:19 PM     0        17     20.00      0.00  rcu_preempt
09:23:19 PM     0        18      1.00      0.00  migration/0
09:23:19 PM     0        23      1.00      0.00  migration/1
09:23:19 PM     0        24      2.00      0.00  ksoftirqd/1
09:23:19 PM     0        29      1.00      0.00  migration/2
09:23:19 PM     0        35      1.00      0.00  migration/3
09:23:19 PM     0        36      2.00      0.00  ksoftirqd/3
09:23:19 PM     0        41      1.00      0.00  migration/4
09:23:19 PM     0        47      1.00      0.00  migration/5
09:23:19 PM     0        53      1.00      0.00  migration/6
09:23:19 PM     0        59      2.00      0.00  migration/7
09:23:19 PM     0        65      1.00      0.00  migration/8
09:23:19 PM     0        71      1.00      0.00  migration/9
09:23:19 PM     0        77      1.00      0.00  migration/10
09:23:19 PM     0        83      1.00      0.00  migration/11
09:23:19 PM     0        95      2.00      0.00  kcompactd0
09:23:19 PM     0       453      1.00      0.00  multipathd
09:23:19 PM     0    179405      1.00      0.00  kworker/6:1-mm_percpu_wq
09:23:19 PM     0    180922      2.00      0.00  kworker/2:0-events
09:23:19 PM     0    182585      1.00      0.00  kworker/8:1-events
09:23:19 PM     0    186631      5.00      0.00  kworker/3:2-events
09:23:19 PM     0    186893      1.00      0.00  kworker/11:0-mm_percpu_wq
09:23:19 PM     0    189255      3.00      0.00  kworker/7:2-mm_percpu_wq
09:23:19 PM     0    193064      1.00      0.00  kworker/u24:0-edac-poller
09:23:19 PM     0    197671      2.00      0.00  kworker/0:1-events
09:23:19 PM     0    198726      2.00      0.00  kworker/9:0-events
09:23:19 PM     0    199074      3.00      0.00  kworker/4:1-events
09:23:19 PM     0    200447      1.00      0.00  kworker/5:1-mm_percpu_wq
09:23:19 PM     0    200794      3.00      0.00  kworker/1:1-events
09:23:19 PM     0    202794      1.00      0.00  kworker/10:1-mm_percpu_wq
09:23:19 PM     0    204082      1.00      0.00  iostat
09:23:19 PM     0    204083      1.00      0.00  pidstat
09:23:19 PM     0    204084      5.00      0.00  bash
09:23:19 PM     0    204085      8.00      0.00  bash
09:23:19 PM     0    204086      4.00      0.00  bash
09:23:19 PM     0    204088     99.00      0.00  fio
09:23:19 PM     0    205065      1.00      0.00  sleep
09:23:19 PM     0    205076      1.00      0.00  sleep
09:23:19 PM     0    205077      1.00      1.00  sleep

09:23:19 PM   UID       PID   cswch/s nvcswch/s  Command
09:23:20 PM     0        16      1.00      0.00  ksoftirqd/0
09:23:20 PM     0        17     21.00      0.00  rcu_preempt
09:23:20 PM     0        36      1.00      0.00  ksoftirqd/3
09:23:20 PM     0        42      1.00      0.00  ksoftirqd/4
09:23:20 PM     0        72      1.00      0.00  ksoftirqd/9
09:23:20 PM     0        84      1.00      0.00  ksoftirqd/11
09:23:20 PM     0        95      2.00      0.00  kcompactd0
09:23:20 PM     0       453      1.00      0.00  multipathd
09:23:20 PM     0       562      3.00      0.00  jbd2/nvme1n1p3-8
09:23:20 PM     0    179405      1.00      0.00  kworker/6:1-mm_percpu_wq
09:23:20 PM     0    180922      1.00      0.00  kworker/2:0-events
09:23:20 PM     0    182585      1.00      0.00  kworker/8:1-events
09:23:20 PM     0    186631      3.00      0.00  kworker/3:2-events
09:23:20 PM     0    186893      1.00      0.00  kworker/11:0-mm_percpu_wq
09:23:20 PM     0    189255      3.00      0.00  kworker/7:2-events
09:23:20 PM     0    193064      4.00      0.00  kworker/u24:0-events_unbound
09:23:20 PM     0    197671      1.00      0.00  kworker/0:1-mm_percpu_wq
09:23:20 PM     0    198726      3.00      0.00  kworker/9:0-events
09:23:20 PM     0    199074      5.00      0.00  kworker/4:1-events
09:23:20 PM     0    200447      1.00      0.00  kworker/5:1-mm_percpu_wq
09:23:20 PM     0    200794      4.00      0.00  kworker/1:1-mm_percpu_wq
09:23:20 PM     0    202794      3.00      0.00  kworker/10:1-events
09:23:20 PM     0    204082      1.00      0.00  iostat
09:23:20 PM     0    204083      1.00      0.00  pidstat
09:23:20 PM     0    204084      5.00      0.00  bash
09:23:20 PM     0    204085      8.00      0.00  bash
09:23:20 PM     0    204086      4.00      0.00  bash
09:23:20 PM     0    204088     99.00      0.00  fio
09:23:20 PM     0    205080      1.00      0.00  sleep
09:23:20 PM     0    205091      1.00      0.00  sleep
09:23:20 PM     0    205092      1.00      0.00  sleep

09:23:20 PM   UID       PID   cswch/s nvcswch/s  Command
09:23:21 PM     0         2      1.00      0.00  kthreadd
09:23:21 PM     0        17     19.00      0.00  rcu_preempt
09:23:21 PM     0        23      1.00      0.00  migration/1
09:23:21 PM     0        42      1.00      0.00  ksoftirqd/4
09:23:21 PM     0        60      1.00      0.00  ksoftirqd/7
09:23:21 PM     0        71      1.00      0.00  migration/9
09:23:21 PM     0        84      1.00      0.00  ksoftirqd/11
09:23:21 PM     0        95      2.00      0.00  kcompactd0
09:23:21 PM     0       102      1.00      0.00  irq/9-acpi
09:23:21 PM     0       191      1.00      0.00  kworker/1:1H-kblockd
09:23:21 PM     0       453      1.00      0.00  multipathd
09:23:21 PM     0    143435      2.00      0.00  kworker/5:0-i915-unordered
09:23:21 PM     0    179405      1.00      0.00  kworker/6:1-mm_percpu_wq
09:23:21 PM     0    180922      2.00      0.00  kworker/2:0-events
09:23:21 PM     0    186631      1.00      0.00  kworker/3:2-mm_percpu_wq
09:23:21 PM     0    186893      1.00      0.00  kworker/11:0-mm_percpu_wq
09:23:21 PM     0    189255      3.00      0.00  kworker/7:2-events
09:23:21 PM     0    193064      3.00      0.00  kworker/u24:0-events_power_efficient
09:23:21 PM     0    197671      2.00      0.00  kworker/0:1-events
09:23:21 PM     0    198726      4.00      0.00  kworker/9:0-events
09:23:21 PM     0    199074      3.00      0.00  kworker/4:1-events
09:23:21 PM     0    200447      8.00      0.00  kworker/5:1-mm_percpu_wq
09:23:21 PM     0    200794      2.00      0.00  kworker/1:1-mm_percpu_wq
09:23:21 PM     0    202794      1.00      0.00  kworker/10:1-mm_percpu_wq
09:23:21 PM     0    203022      1.00      0.00  kworker/u24:3-edac-poller
09:23:21 PM     0    204082      1.00      0.00  iostat
09:23:21 PM     0    204083      1.00      0.00  pidstat
09:23:21 PM     0    204084      5.00      0.00  bash
09:23:21 PM     0    204085      6.00      0.00  bash
09:23:21 PM     0    204086      4.00      0.00  bash
09:23:21 PM     0    204088     99.00      0.00  fio
09:23:21 PM     0    205093      2.00      0.00  kworker/5:2
09:23:21 PM     0    205096      1.00      0.00  sleep
09:23:21 PM     0    205106      1.00      0.00  sleep
09:23:21 PM     0    205108      1.00      0.00  sleep

09:23:21 PM   UID       PID   cswch/s nvcswch/s  Command
09:23:22 PM     0        16      1.00      0.00  ksoftirqd/0
09:23:22 PM     0        17     18.00      0.00  rcu_preempt
09:23:22 PM     0        24      2.00      0.00  ksoftirqd/1
09:23:22 PM     0        54      1.00      0.00  ksoftirqd/6
09:23:22 PM     0        72      1.00      0.00  ksoftirqd/9
09:23:22 PM     0        95      2.00      0.00  kcompactd0
09:23:22 PM     0       453      1.00      0.00  multipathd
09:23:22 PM     0    179405      2.00      0.00  kworker/6:1-events
09:23:22 PM     0    180922      1.00      0.00  kworker/2:0-events
09:23:22 PM     0    186631      1.00      0.00  kworker/3:2-mm_percpu_wq
09:23:22 PM     0    186893      1.00      0.00  kworker/11:0-mm_percpu_wq
09:23:22 PM     0    197671      1.00      0.00  kworker/0:1-mm_percpu_wq
09:23:22 PM     0    198726      2.00      0.00  kworker/9:0-mm_percpu_wq
09:23:22 PM     0    199074      4.00      0.00  kworker/4:1-events
09:23:22 PM     0    200447      1.00      0.00  kworker/5:1-mm_percpu_wq
09:23:22 PM     0    200794      3.00      0.00  kworker/1:1-events
09:23:22 PM     0    202794      2.00      0.00  kworker/10:1-events
09:23:22 PM     0    203022      2.00      0.00  kworker/u24:3-events_unbound
09:23:22 PM     0    204082      1.00      0.00  iostat
09:23:22 PM     0    204083      1.00      0.00  pidstat
09:23:22 PM     0    204084      5.00      0.00  bash
09:23:22 PM     0    204085      8.00      0.00  bash
09:23:22 PM     0    204086      4.00      0.00  bash
09:23:22 PM     0    204088     99.00      0.00  fio
09:23:22 PM     0    205111      1.00      0.00  sleep
09:23:22 PM     0    205122      1.00      0.00  sleep
09:23:22 PM     0    205123      1.00      0.00  sleep

09:23:22 PM   UID       PID   cswch/s nvcswch/s  Command
09:23:23 PM     0        17     20.00      0.00  rcu_preempt
09:23:23 PM     0        18      1.00      0.00  migration/0
09:23:23 PM     0        23      1.00      0.00  migration/1
09:23:23 PM     0        24      2.00      0.00  ksoftirqd/1
09:23:23 PM     0        29      1.00      0.00  migration/2
09:23:23 PM     0        35      1.00      0.00  migration/3
09:23:23 PM     0        41      1.00      0.00  migration/4
09:23:23 PM     0        47      1.00      0.00  migration/5
09:23:23 PM     0        53      1.00      0.00  migration/6
09:23:23 PM     0        54      1.00      0.00  ksoftirqd/6
09:23:23 PM     0        59      1.00      0.00  migration/7
09:23:23 PM     0        65      1.00      0.00  migration/8
09:23:23 PM     0        71      1.00      0.00  migration/9
09:23:23 PM     0        77      1.00      0.00  migration/10
09:23:23 PM     0        78      1.00      0.00  ksoftirqd/10
09:23:23 PM     0        83      1.00      0.00  migration/11
09:23:23 PM     0        95      2.00      0.00  kcompactd0
09:23:23 PM     0       453      1.00      0.00  multipathd
09:23:23 PM     0     21554      1.00      0.00  packagekitd
09:23:23 PM     0    179405      3.00      0.00  kworker/6:1-events
09:23:23 PM     0    180922      2.00      0.00  kworker/2:0-events
09:23:23 PM     0    186631      1.00      0.00  kworker/3:2-mm_percpu_wq
09:23:23 PM     0    189255      1.00      0.00  kworker/7:2-mm_percpu_wq
09:23:23 PM     0    193064      1.00      0.00  kworker/u24:0-events_power_efficient
09:23:23 PM     0    197671      1.00      0.00  kworker/0:1-events
09:23:23 PM     0    199074      4.00      0.00  kworker/4:1-events
09:23:23 PM     0    200447      1.00      0.00  kworker/5:1-mm_percpu_wq
09:23:23 PM     0    200794      3.00      0.00  kworker/1:1-mm_percpu_wq
09:23:23 PM     0    202794      4.00      0.00  kworker/10:1-events
09:23:23 PM     0    203022      2.00      0.00  kworker/u24:3-events_power_efficient
09:23:23 PM     0    204082      1.00      0.00  iostat
09:23:23 PM     0    204083      1.00      0.00  pidstat
09:23:23 PM     0    204084      5.00      0.00  bash
09:23:23 PM     0    204085      7.00      0.00  bash
09:23:23 PM     0    204086      4.00      0.00  bash
09:23:23 PM     0    204088     99.00      0.00  fio
09:23:23 PM     0    205126      1.00      0.00  sleep
09:23:23 PM     0    205137      1.00      0.00  sleep
09:23:23 PM     0    205138      1.00      0.00  sleep

09:23:23 PM   UID       PID   cswch/s nvcswch/s  Command
09:23:24 PM     0        16      1.00      0.00  ksoftirqd/0
09:23:24 PM     0        17     22.00      0.00  rcu_preempt
09:23:24 PM     0        48      1.00      0.00  ksoftirqd/5
09:23:24 PM     0        72      1.00      0.00  ksoftirqd/9
09:23:24 PM     0        84      1.00      0.00  ksoftirqd/11
09:23:24 PM     0        95      2.00      0.00  kcompactd0
09:23:24 PM     0       453      1.00      0.00  multipathd
09:23:24 PM     0    180922      1.00      0.00  kworker/2:0-events
09:23:24 PM     0    186631      3.00      0.00  kworker/3:2-events
09:23:24 PM     0    186893      2.00      0.00  kworker/11:0-events
09:23:24 PM     0    189255      1.00      0.00  kworker/7:2-events
09:23:24 PM     0    193064      1.00      0.00  kworker/u24:0-edac-poller
09:23:24 PM     0    197671      2.00      0.00  kworker/0:1-mm_percpu_wq
09:23:24 PM     0    198726      4.00      0.00  kworker/9:0-events
09:23:24 PM     0    199074      3.00      0.00  kworker/4:1-events
09:23:24 PM     0    200794      1.00      0.00  kworker/1:1-mm_percpu_wq
09:23:24 PM     0    202794      1.00      0.00  kworker/10:1-events
09:23:24 PM     0    204082      1.00      0.00  iostat
09:23:24 PM     0    204083      1.00      0.00  pidstat
09:23:24 PM     0    204084      5.00      0.00  bash
09:23:24 PM     0    204085      6.00      0.00  bash
09:23:24 PM     0    204086      4.00      0.00  bash
09:23:24 PM     0    204088    100.00      0.00  fio
09:23:24 PM     0    205141      1.00      0.00  sleep
09:23:24 PM     0    205151      1.00      0.00  sleep
09:23:24 PM     0    205153      1.00      0.00  sleep

09:23:24 PM   UID       PID   cswch/s nvcswch/s  Command
09:23:25 PM     0        16      1.00      0.00  ksoftirqd/0
09:23:25 PM     0        17     17.00      0.00  rcu_preempt
09:23:25 PM     0        71      1.00      0.00  migration/9
09:23:25 PM     0        72      1.00      0.00  ksoftirqd/9
09:23:25 PM     0        84      1.00      0.00  ksoftirqd/11
09:23:25 PM     0        95      2.00      0.00  kcompactd0
09:23:25 PM     0       453      1.00      0.00  multipathd
09:23:25 PM     0       562      3.00      0.00  jbd2/nvme1n1p3-8
09:23:25 PM     0    179405      2.00      0.00  kworker/6:1-events
09:23:25 PM     0    180922      3.00      0.00  kworker/2:0-events
09:23:25 PM     0    186893      4.00      0.00  kworker/11:0-events
09:23:25 PM     0    189255      2.00      0.00  kworker/7:2-events
09:23:25 PM     0    193064      6.00      0.00  kworker/u24:0-ext4-rsv-conversion
09:23:25 PM     0    198726      2.00      0.00  kworker/9:0-events
09:23:25 PM     0    199074      2.00      0.00  kworker/4:1-mm_percpu_wq
09:23:25 PM     0    200447      1.00      0.00  kworker/5:1-mm_percpu_wq
09:23:25 PM     0    200794      2.00      0.00  kworker/1:1-events
09:23:25 PM     0    202794      1.00      0.00  kworker/10:1-mm_percpu_wq
09:23:25 PM     0    204082      1.00      0.00  iostat
09:23:25 PM     0    204083      1.00      0.00  pidstat
09:23:25 PM     0    204084      5.00      0.00  bash
09:23:25 PM     0    204085      8.00      0.00  bash
09:23:25 PM     0    204086      4.00      0.00  bash
09:23:25 PM     0    204088     99.00      0.00  fio
09:23:25 PM     0    205156      1.00      0.00  sleep
09:23:25 PM     0    205167      1.00      0.00  sleep
09:23:25 PM     0    205168      1.00      0.00  sleep

09:23:25 PM   UID       PID   cswch/s nvcswch/s  Command
09:23:26 PM     0        16      1.00      0.00  ksoftirqd/0
09:23:26 PM     0        17     16.00      0.00  rcu_preempt
09:23:26 PM     0        54      2.00      0.00  ksoftirqd/6
09:23:26 PM     0        60      1.00      0.00  ksoftirqd/7
09:23:26 PM     0        78      2.00      0.00  ksoftirqd/10
09:23:26 PM     0        83      1.00      0.00  migration/11
09:23:26 PM     0        95      2.00      0.00  kcompactd0
09:23:26 PM     0       453      1.00      0.00  multipathd
09:23:26 PM     0    179405      1.00      0.00  kworker/6:1-events
09:23:26 PM     0    180922      2.00      0.00  kworker/2:0-events
09:23:26 PM     0    186631      2.00      0.00  kworker/3:2-events
09:23:26 PM     0    186893      2.00      0.00  kworker/11:0-mm_percpu_wq
09:23:26 PM     0    189255      1.00      0.00  kworker/7:2-mm_percpu_wq
09:23:26 PM     0    193064      3.00      0.00  kworker/u24:0-events_power_efficient
09:23:26 PM     0    197671      1.00      0.00  kworker/0:1-events
09:23:26 PM     0    198726      2.00      0.00  kworker/9:0-mm_percpu_wq
09:23:26 PM     0    199074      1.00      0.00  kworker/4:1-events
09:23:26 PM     0    200794      2.00      0.00  kworker/1:1-mm_percpu_wq
09:23:26 PM     0    202794      3.00      0.00  kworker/10:1-events
09:23:26 PM     0    203022      1.00      0.00  kworker/u24:3-events_power_efficient
09:23:26 PM     0    204082      1.00      0.00  iostat
09:23:26 PM     0    204083      1.00      0.00  pidstat
09:23:26 PM     0    204084      5.00      0.00  bash
09:23:26 PM     0    204085      6.00      0.00  bash
09:23:26 PM     0    204086      4.00      0.00  bash
09:23:26 PM     0    204088     99.00      0.00  fio
09:23:26 PM     0    205171      1.00      0.00  sleep

09:23:26 PM   UID       PID   cswch/s nvcswch/s  Command
09:23:27 PM     0        17     15.00      0.00  rcu_preempt
09:23:27 PM     0        18      1.00      0.00  migration/0
09:23:27 PM     0        23      1.00      0.00  migration/1
09:23:27 PM     0        29      1.00      0.00  migration/2
09:23:27 PM     0        35      1.00      0.00  migration/3
09:23:27 PM     0        41      1.00      0.00  migration/4
09:23:27 PM     0        47      1.00      0.00  migration/5
09:23:27 PM     0        53      1.00      0.00  migration/6
09:23:27 PM     0        59      1.00      0.00  migration/7
09:23:27 PM     0        60      1.00      0.00  ksoftirqd/7
09:23:27 PM     0        65      1.00      0.00  migration/8
09:23:27 PM     0        71      1.00      0.00  migration/9
09:23:27 PM     0        72      1.00      0.00  ksoftirqd/9
09:23:27 PM     0        77      1.00      0.00  migration/10
09:23:27 PM     0        83      1.00      0.00  migration/11
09:23:27 PM     0        95      2.00      0.00  kcompactd0
09:23:27 PM     0       453      1.00      0.00  multipathd
09:23:27 PM     0    179405      1.00      0.00  kworker/6:1-mm_percpu_wq
09:23:27 PM     0    180922      2.00      0.00  kworker/2:0-events
09:23:27 PM     0    186631      1.00      0.00  kworker/3:2-mm_percpu_wq
09:23:27 PM     0    189255      3.00      0.00  kworker/7:2-mm_percpu_wq
09:23:27 PM     0    197671      1.00      0.00  kworker/0:1-mm_percpu_wq
09:23:27 PM     0    198726      4.00      0.00  kworker/9:0-mm_percpu_wq
09:23:27 PM     0    199074      2.00      0.00  kworker/4:1-mm_percpu_wq
09:23:27 PM     0    200447      1.00      0.00  kworker/5:1-mm_percpu_wq
09:23:27 PM     0    200794      3.00      0.00  kworker/1:1-mm_percpu_wq
09:23:27 PM     0    202794      2.00      0.00  kworker/10:1-mm_percpu_wq
09:23:27 PM     0    203022      2.00      0.00  kworker/u24:3-events_unbound
09:23:27 PM     0    204082      1.00      0.00  iostat
09:23:27 PM     0    204083      1.00      1.00  pidstat
09:23:27 PM     0    204084      1.00      0.00  bash
09:23:27 PM     0    204085      3.00      0.00  bash
09:23:27 PM     0    204086      4.00      0.00  bash
09:23:27 PM     0    204088     99.00      0.00  fio
09:23:27 PM     0    205186      1.00      0.00  sleep

09:23:27 PM   UID       PID   cswch/s nvcswch/s  Command
09:23:28 PM     0        17     18.00      0.00  rcu_preempt
09:23:28 PM     0        24      1.00      0.00  ksoftirqd/1
09:23:28 PM     0        48      1.00      0.00  ksoftirqd/5
09:23:28 PM     0        60      2.00      0.00  ksoftirqd/7
09:23:28 PM     0        95      2.00      0.00  kcompactd0
09:23:28 PM     0       453      1.00      0.00  multipathd
09:23:28 PM     0    179405      1.00      0.00  kworker/6:1-events
09:23:28 PM     0    180922      1.00      0.00  kworker/2:0-events
09:23:28 PM     0    186631      1.00      0.00  kworker/3:2-events
09:23:28 PM     0    186893      1.00      0.00  kworker/11:0-events
09:23:28 PM     0    189255      1.00      0.00  kworker/7:2-events
09:23:28 PM     0    197671      2.00      0.00  kworker/0:1-events
09:23:28 PM     0    198726      1.00      0.00  kworker/9:0-events
09:23:28 PM     0    199074      1.00      0.00  kworker/4:1-events
09:23:28 PM     0    200794      2.00      0.00  kworker/1:1-events
09:23:28 PM     0    202794      3.00      0.00  kworker/10:1-events
09:23:28 PM     0    203022      1.00      0.00  kworker/u24:3-edac-poller
09:23:28 PM     0    204082      1.00      0.00  iostat
09:23:28 PM     0    204083      1.00      0.00  pidstat
09:23:28 PM     0    204084      4.00      0.00  bash
09:23:28 PM     0    204085      4.00      0.00  bash
09:23:28 PM     0    204086      4.00      0.00  bash
09:23:28 PM     0    204088     99.00      0.00  fio
09:23:28 PM     0    205196      1.00      0.00  sleep
09:23:28 PM     0    205198      1.00      0.00  sleep
09:23:28 PM     0    205201      1.00      0.00  sleep

09:23:28 PM   UID       PID   cswch/s nvcswch/s  Command
09:23:29 PM     0        16      2.00      0.00  ksoftirqd/0
09:23:29 PM     0        17     19.00      0.00  rcu_preempt
09:23:29 PM     0        18      1.00      0.00  migration/0
09:23:29 PM     0        60      1.00      0.00  ksoftirqd/7
09:23:29 PM     0        95      2.00      0.00  kcompactd0
09:23:29 PM     0       453      1.00      0.00  multipathd
09:23:29 PM     0    179405      1.00      0.00  kworker/6:1-events
09:23:29 PM     0    180922      2.00      0.00  kworker/2:0-events
09:23:29 PM     0    186893      2.00      0.00  kworker/11:0-events
09:23:29 PM     0    189255      3.00      0.00  kworker/7:2-events
09:23:29 PM     0    197671      2.00      0.00  kworker/0:1-events
09:23:29 PM     0    199074      1.00      0.00  kworker/4:1-events
09:23:29 PM     0    200794      4.00      0.00  kworker/1:1-events
09:23:29 PM     0    202794      2.00      0.00  kworker/10:1-events
09:23:29 PM     0    203022      1.00      0.00  kworker/u24:3-edac-poller
09:23:29 PM     0    204082      1.00      0.00  iostat
09:23:29 PM     0    204083      1.00      0.00  pidstat
09:23:29 PM     0    204084      5.00      0.00  bash
09:23:29 PM     0    204085      8.00      0.00  bash
09:23:29 PM     0    204086      4.00      0.00  bash
09:23:29 PM     0    204088     99.00      0.00  fio
09:23:29 PM     0    205211      1.00      1.00  sleep
09:23:29 PM     0    205213      1.00      0.00  sleep
09:23:29 PM     0    205216      1.00      0.00  sleep

09:23:29 PM   UID       PID   cswch/s nvcswch/s  Command
09:23:30 PM     0        16      2.00      0.00  ksoftirqd/0
09:23:30 PM     0        17     18.00      0.00  rcu_preempt
09:23:30 PM     0        18      1.00      0.00  migration/0
09:23:30 PM     0        24      1.00      0.00  ksoftirqd/1
09:23:30 PM     0        95      2.00      0.00  kcompactd0
09:23:30 PM     0       453      1.00      0.00  multipathd
09:23:30 PM     0       562      3.00      0.00  jbd2/nvme1n1p3-8
09:23:30 PM     0    179405      1.00      0.00  kworker/6:1-mm_percpu_wq
09:23:30 PM     0    180922      1.00      0.00  kworker/2:0-events
09:23:30 PM     0    186631      3.00      0.00  kworker/3:2-events
09:23:30 PM     0    186893      1.00      0.00  kworker/11:0-events
09:23:30 PM     0    189255      2.00      0.00  kworker/7:2-events
09:23:30 PM     0    197671      3.00      0.00  kworker/0:1-events
09:23:30 PM     0    198726      1.00      0.00  kworker/9:0-mm_percpu_wq
09:23:30 PM     0    199074      2.00      0.00  kworker/4:1-events
09:23:30 PM     0    200447      2.00      0.00  kworker/5:1-events
09:23:30 PM     0    200794      3.00      0.00  kworker/1:1-events
09:23:30 PM     0    202794      3.00      0.00  kworker/10:1-events
09:23:30 PM     0    203022      2.00      0.00  kworker/u24:3-edac-poller
09:23:30 PM     0    204082      1.00      0.00  iostat
09:23:30 PM     0    204083      1.00      0.00  pidstat
09:23:30 PM     0    204084      5.00      0.00  bash
09:23:30 PM     0    204085      8.00      0.00  bash
09:23:30 PM     0    204086      4.00      0.00  bash
09:23:30 PM     0    204088     99.00      0.00  fio
09:23:30 PM     0    205226      1.00      1.00  sleep
09:23:30 PM     0    205228      1.00      0.00  sleep
09:23:30 PM     0    205231      1.00      0.00  sleep

09:23:30 PM   UID       PID   cswch/s nvcswch/s  Command
09:23:31 PM     0        16      2.00      0.00  ksoftirqd/0
09:23:31 PM     0        17     19.00      0.00  rcu_preempt
09:23:31 PM     0        18      2.00      0.00  migration/0
09:23:31 PM     0        23      1.00      0.00  migration/1
09:23:31 PM     0        29      1.00      0.00  migration/2
09:23:31 PM     0        35      1.00      0.00  migration/3
09:23:31 PM     0        41      1.00      0.00  migration/4
09:23:31 PM     0        47      1.00      0.00  migration/5
09:23:31 PM     0        48      2.00      0.00  ksoftirqd/5
09:23:31 PM     0        53      1.00      0.00  migration/6
09:23:31 PM     0        59      1.00      0.00  migration/7
09:23:31 PM     0        60      2.00      0.00  ksoftirqd/7
09:23:31 PM     0        65      1.00      0.00  migration/8
09:23:31 PM     0        71      1.00      0.00  migration/9
09:23:31 PM     0        77      1.00      0.00  migration/10
09:23:31 PM     0        83      1.00      0.00  migration/11
09:23:31 PM     0        84      1.00      0.00  ksoftirqd/11
09:23:31 PM     0        95      2.00      0.00  kcompactd0
09:23:31 PM     0       102      1.00      0.00  irq/9-acpi
09:23:31 PM     0       172      1.00      0.00  kworker/3:1H-kblockd
09:23:31 PM     0       193      1.00      0.00  kworker/9:1H-kblockd
09:23:31 PM     0       453      1.00      0.00  multipathd
09:23:31 PM     0    179405      1.00      0.00  kworker/6:1-mm_percpu_wq
09:23:31 PM     0    180922      2.00      0.00  kworker/2:0-events
09:23:31 PM     0    186631      1.00      0.00  kworker/3:2-mm_percpu_wq
09:23:31 PM     0    186893      3.00      0.00  kworker/11:0-events
09:23:31 PM     0    189255      4.00      0.00  kworker/7:2-mm_percpu_wq
09:23:31 PM     0    197671      4.00      0.00  kworker/0:1-mm_percpu_wq
09:23:31 PM     0    198726      2.00      0.00  kworker/9:0-mm_percpu_wq
09:23:31 PM     0    199074      2.00      0.00  kworker/4:1-mm_percpu_wq
09:23:31 PM     0    200447   1140.00      1.00  kworker/5:1-mm_percpu_wq
09:23:31 PM     0    200794      3.00      0.00  kworker/1:1-mm_percpu_wq
09:23:31 PM     0    202794      2.00      0.00  kworker/10:1-mm_percpu_wq
09:23:31 PM     0    203022      6.00      0.00  kworker/u24:3-events_unbound
09:23:31 PM     0    204082      1.00      0.00  iostat
09:23:31 PM     0    204083      1.00      0.00  pidstat
09:23:31 PM     0    204084      5.00      0.00  bash
09:23:31 PM     0    204085      7.00      0.00  bash
09:23:31 PM     0    204086      4.00      0.00  bash
09:23:31 PM     0    204088    100.00      0.00  fio
09:23:31 PM     0    205093   1134.00      0.00  kworker/5:2-i915-unordered
09:23:31 PM     0    205241      1.00      1.00  sleep
09:23:31 PM     0    205243      1.00      0.00  sleep
09:23:31 PM     0    205246      1.00      0.00  sleep

09:23:31 PM   UID       PID   cswch/s nvcswch/s  Command
09:23:32 PM     0        16      2.00      0.00  ksoftirqd/0
09:23:32 PM     0        17     20.00      0.00  rcu_preempt
09:23:32 PM     0        24      1.00      0.00  ksoftirqd/1
09:23:32 PM     0        72      1.00      0.00  ksoftirqd/9
09:23:32 PM     0        95      2.00      0.00  kcompactd0
09:23:32 PM     0       453      1.00      0.00  multipathd
09:23:32 PM     0    180922      1.00      0.00  kworker/2:0-events
09:23:32 PM     0    186631      3.00      0.00  kworker/3:2-mm_percpu_wq
09:23:32 PM     0    186893      1.00      0.00  kworker/11:0-events
09:23:32 PM     0    189255      5.00      0.00  kworker/7:2-mm_percpu_wq
09:23:32 PM     0    197671      4.00      0.00  kworker/0:1-events
09:23:32 PM     0    198726      1.00      0.00  kworker/9:0-mm_percpu_wq
09:23:32 PM     0    199074      2.00      0.00  kworker/4:1-mm_percpu_wq
09:23:32 PM     0    200794      2.00      0.00  kworker/1:1-events
09:23:32 PM     0    202794      2.00      0.00  kworker/10:1-mm_percpu_wq
09:23:32 PM     0    203022      2.00      0.00  kworker/u24:3-edac-poller
09:23:32 PM     0    204082      1.00      0.00  iostat
09:23:32 PM     0    204083      1.00      1.00  pidstat
09:23:32 PM     0    204084      5.00      0.00  bash
09:23:32 PM     0    204085      8.00      0.00  bash
09:23:32 PM     0    204086      4.00      0.00  bash
09:23:32 PM     0    204088     99.00      0.00  fio
09:23:32 PM     0    205257      1.00      0.00  sleep
09:23:32 PM     0    205258      1.00      0.00  sleep
09:23:32 PM     0    205261      1.00      0.00  sleep

09:23:32 PM   UID       PID   cswch/s nvcswch/s  Command
09:23:33 PM     0        16      1.00      0.00  ksoftirqd/0
09:23:33 PM     0        17     21.00      0.00  rcu_preempt
09:23:33 PM     0        23      1.00      0.00  migration/1
09:23:33 PM     0        24      1.00      0.00  ksoftirqd/1
09:23:33 PM     0        47      1.00      0.00  migration/5
09:23:33 PM     0        48      1.00      0.00  ksoftirqd/5
09:23:33 PM     0        60      1.00      0.00  ksoftirqd/7
09:23:33 PM     0        95      2.00      0.00  kcompactd0
09:23:33 PM     0       453      1.00      0.00  multipathd
09:23:33 PM     0     21554      1.00      0.00  packagekitd
09:23:33 PM     0    179405      1.00      0.00  kworker/6:1-mm_percpu_wq
09:23:33 PM     0    180922      2.00      0.00  kworker/2:0-events
09:23:33 PM     0    186893      2.00      0.00  kworker/11:0-events
09:23:33 PM     0    189255      2.00      0.00  kworker/7:2-events
09:23:33 PM     0    193064      2.00      0.00  kworker/u24:0-edac-poller
09:23:33 PM     0    197671      1.00      0.00  kworker/0:1-events
09:23:33 PM     0    199074      1.00      0.00  kworker/4:1-events
09:23:33 PM     0    200794      5.00      0.00  kworker/1:1-events
09:23:33 PM     0    203022      1.00      0.00  kworker/u24:3-events_power_efficient
09:23:33 PM     0    204082      1.00      0.00  iostat
09:23:33 PM     0    204083      1.00      0.00  pidstat
09:23:33 PM     0    204084      5.00      0.00  bash
09:23:33 PM     0    204085      7.00      0.00  bash
09:23:33 PM     0    204086      4.00      0.00  bash
09:23:33 PM     0    204088     99.00      0.00  fio
09:23:33 PM     0    205093      1.00      0.00  kworker/5:2-mm_percpu_wq
09:23:33 PM     0    205271      1.00      0.00  sleep
09:23:33 PM     0    205273      1.00      0.00  sleep
09:23:33 PM     0    205276      1.00      0.00  sleep

09:23:33 PM   UID       PID   cswch/s nvcswch/s  Command
09:23:34 PM     0        16      2.00      0.00  ksoftirqd/0
09:23:34 PM     0        17     15.00      0.00  rcu_preempt
09:23:34 PM     0        24      2.00      0.00  ksoftirqd/1
09:23:34 PM     0        36      1.00      0.00  ksoftirqd/3
09:23:34 PM     0        78      1.00      0.00  ksoftirqd/10
09:23:34 PM     0        95      2.00      0.00  kcompactd0
09:23:34 PM     0       453      1.00      0.00  multipathd
09:23:34 PM     0    179405      1.00      0.00  kworker/6:1-mm_percpu_wq
09:23:34 PM     0    180922      1.00      0.00  kworker/2:0-events
09:23:34 PM     0    186631      4.00      0.00  kworker/3:2-mm_percpu_wq
09:23:34 PM     0    186893      1.00      0.00  kworker/11:0-events
09:23:34 PM     0    189255      1.00      0.00  kworker/7:2-events
09:23:34 PM     0    193064      2.00      0.00  kworker/u24:0-edac-poller
09:23:34 PM     0    197671      4.00      0.00  kworker/0:1-mm_percpu_wq
09:23:34 PM     0    199074      1.00      0.00  kworker/4:1-mm_percpu_wq
09:23:34 PM     0    200794      2.00      0.00  kworker/1:1-events
09:23:34 PM     0    204082      1.00      0.00  iostat
09:23:34 PM     0    204083      1.00      1.00  pidstat
09:23:34 PM     0    204084      5.00      0.00  bash
09:23:34 PM     0    204085      8.00      0.00  bash
09:23:34 PM     0    204086      4.00      0.00  bash
09:23:34 PM     0    204088     99.00      0.00  fio
09:23:34 PM     0    205287      1.00      0.00  sleep
09:23:34 PM     0    205288      1.00      0.00  sleep
09:23:34 PM     0    205291      1.00      0.00  sleep

09:23:34 PM   UID       PID   cswch/s nvcswch/s  Command
09:23:35 PM     0        16      1.00      0.00  ksoftirqd/0
09:23:35 PM     0        17     24.00      0.00  rcu_preempt
09:23:35 PM     0        18      1.00      0.00  migration/0
09:23:35 PM     0        23      1.00      0.00  migration/1
09:23:35 PM     0        24      2.00      0.00  ksoftirqd/1
09:23:35 PM     0        29      1.00      0.00  migration/2
09:23:35 PM     0        35      1.00      0.00  migration/3
09:23:35 PM     0        41      1.00      0.00  migration/4
09:23:35 PM     0        47      1.00      0.00  migration/5
09:23:35 PM     0        53      1.00      0.00  migration/6
09:23:35 PM     0        59      1.00      0.00  migration/7
09:23:35 PM     0        60      2.00      0.00  ksoftirqd/7
09:23:35 PM     0        65      1.00      0.00  migration/8
09:23:35 PM     0        71      1.00      0.00  migration/9
09:23:35 PM     0        77      1.00      0.00  migration/10
09:23:35 PM     0        78      1.00      0.00  ksoftirqd/10
09:23:35 PM     0        83      1.00      0.00  migration/11
09:23:35 PM     0        95      2.00      0.00  kcompactd0
09:23:35 PM     0       453      1.00      0.00  multipathd
09:23:35 PM     0       562      3.00      0.00  jbd2/nvme1n1p3-8
09:23:35 PM     0    180922      3.00      0.00  kworker/2:0-events
09:23:35 PM     0    186631      2.00      0.00  kworker/3:2-events
09:23:35 PM     0    189255      5.00      0.00  kworker/7:2-events
09:23:35 PM     0    193064      4.00      0.00  kworker/u24:0-writeback
09:23:35 PM     0    197671      1.00      0.00  kworker/0:1-events
09:23:35 PM     0    198726      1.00      0.00  kworker/9:0-mm_percpu_wq
09:23:35 PM     0    199074      2.00      0.00  kworker/4:1-events
09:23:35 PM     0    200794      5.00      0.00  kworker/1:1-events
09:23:35 PM     0    202794      1.00      0.00  kworker/10:1-mm_percpu_wq
09:23:35 PM     0    204082      1.00      0.00  iostat
09:23:35 PM     0    204083      1.00      0.00  pidstat
09:23:35 PM     0    204084      5.00      0.00  bash
09:23:35 PM     0    204085      7.00      0.00  bash
09:23:35 PM     0    204086      4.00      0.00  bash
09:23:35 PM     0    204088     99.00      0.00  fio
09:23:35 PM     0    205093      1.00      0.00  kworker/5:2-mm_percpu_wq
09:23:35 PM     0    205301      1.00      0.00  sleep
09:23:35 PM     0    205303      1.00      0.00  sleep
09:23:35 PM     0    205306      1.00      0.00  sleep

09:23:35 PM   UID       PID   cswch/s nvcswch/s  Command
09:23:36 PM     0        16      1.00      0.00  ksoftirqd/0
09:23:36 PM     0        17     21.00      0.00  rcu_preempt
09:23:36 PM     0        23      1.00      0.00  migration/1
09:23:36 PM     0        41      1.00      0.00  migration/4
09:23:36 PM     0        54      1.00      0.00  ksoftirqd/6
09:23:36 PM     0        60      1.00      0.00  ksoftirqd/7
09:23:36 PM     0        72      2.00      0.00  ksoftirqd/9
09:23:36 PM     0        78      1.00      0.00  ksoftirqd/10
09:23:36 PM     0        83      1.00      0.00  migration/11
09:23:36 PM     0        95      2.00      0.00  kcompactd0
09:23:36 PM     0       453      1.00      0.00  multipathd
09:23:36 PM     0    179405      3.00      0.00  kworker/6:1-events
09:23:36 PM     0    180922      2.00      0.00  kworker/2:0-events
09:23:36 PM     0    186631      2.00      0.00  kworker/3:2-events
09:23:36 PM     0    186893      1.00      0.00  kworker/11:0-mm_percpu_wq
09:23:36 PM     0    189255      5.00      0.00  kworker/7:2-mm_percpu_wq
09:23:36 PM     0    193064      5.00      0.00  kworker/u24:0-edac-poller
09:23:36 PM     0    197671      4.00      0.00  kworker/0:1-events
09:23:36 PM     0    198726      1.00      0.00  kworker/9:0-events
09:23:36 PM     0    199074      3.00      0.00  kworker/4:1-mm_percpu_wq
09:23:36 PM     0    200794      2.00      0.00  kworker/1:1-mm_percpu_wq
09:23:36 PM     0    202794      1.00      0.00  kworker/10:1-mm_percpu_wq
09:23:36 PM     0    204082      1.00      0.00  iostat
09:23:36 PM     0    204083      1.00      0.00  pidstat
09:23:36 PM     0    204084      5.00      0.00  bash
09:23:36 PM     0    204085      8.00      0.00  bash
09:23:36 PM     0    204086      4.00      0.00  bash
09:23:36 PM     0    204088    100.00      0.00  fio
09:23:36 PM     0    205317      1.00      0.00  sleep
09:23:36 PM     0    205318      1.00      0.00  sleep
09:23:36 PM     0    205321      1.00      0.00  sleep

09:23:36 PM   UID       PID   cswch/s nvcswch/s  Command
09:23:37 PM     0        16      1.00      0.00  ksoftirqd/0
09:23:37 PM     0        17     17.00      0.00  rcu_preempt
09:23:37 PM     0        42      1.00      0.00  ksoftirqd/4
09:23:37 PM     0        60      1.00      0.00  ksoftirqd/7
09:23:37 PM     0        95      2.00      0.00  kcompactd0
09:23:37 PM     0       453      1.00      0.00  multipathd
09:23:37 PM     0    179405      1.00      0.00  kworker/6:1-mm_percpu_wq
09:23:37 PM     0    180922      2.00      0.00  kworker/2:0-events
09:23:37 PM     0    189255      4.00      0.00  kworker/7:2-mm_percpu_wq
09:23:37 PM     0    193064      1.00      0.00  kworker/u24:0-edac-poller
09:23:37 PM     0    197671      1.00      0.00  kworker/0:1-mm_percpu_wq
09:23:37 PM     0    198726      3.00      0.00  kworker/9:0-events
09:23:37 PM     0    199074      2.00      0.00  kworker/4:1-events
09:23:37 PM     0    200794      4.00      0.00  kworker/1:1-events
09:23:37 PM     0    202794      1.00      0.00  kworker/10:1-mm_percpu_wq
09:23:37 PM     0    204082      1.00      0.00  iostat
09:23:37 PM     0    204083      1.00      0.00  pidstat
09:23:37 PM     0    204084      5.00      0.00  bash
09:23:37 PM     0    204085      7.00      0.00  bash
09:23:37 PM     0    204086      4.00      0.00  bash
09:23:37 PM     0    204088     99.00      0.00  fio
09:23:37 PM     0    205093      1.00      0.00  kworker/5:2-mm_percpu_wq
09:23:37 PM     0    205331      1.00      0.00  sleep
09:23:37 PM     0    205333      1.00      0.00  sleep
09:23:37 PM     0    205336      1.00      0.00  sleep

09:23:37 PM   UID       PID   cswch/s nvcswch/s  Command
09:23:38 PM     0         1      1.00      0.00  systemd
09:23:38 PM     0        16      1.00      0.00  ksoftirqd/0
09:23:38 PM     0        17     23.00      0.00  rcu_preempt
09:23:38 PM     0        35      1.00      0.00  migration/3
09:23:38 PM     0        54      1.00      0.00  ksoftirqd/6
09:23:38 PM     0        71      1.00      0.00  migration/9
09:23:38 PM     0        72      1.00      0.00  ksoftirqd/9
09:23:38 PM     0        95      2.00      0.00  kcompactd0
09:23:38 PM     0       415      1.00      0.00  systemd-journal
09:23:38 PM     0       453      1.00      0.00  multipathd
09:23:38 PM     0       463      1.00      0.00  systemd-udevd
09:23:38 PM   104       622      1.00      0.00  systemd-timesyn
09:23:38 PM     0    179405      1.00      0.00  kworker/6:1-events
09:23:38 PM     0    180922      1.00      0.00  kworker/2:0-events
09:23:38 PM     0    186631      2.00      0.00  kworker/3:2-events
09:23:38 PM     0    186893      1.00      0.00  kworker/11:0-mm_percpu_wq
09:23:38 PM     0    189255      2.00      0.00  kworker/7:2-events
09:23:38 PM     0    193064      2.00      0.00  kworker/u24:0-events_power_efficient
09:23:38 PM     0    197671      2.00      0.00  kworker/0:1-events
09:23:38 PM     0    198726      3.00      0.00  kworker/9:0-events
09:23:38 PM     0    199074      2.00      0.00  kworker/4:1-events
09:23:38 PM     0    200794      2.00      0.00  kworker/1:1-events
09:23:38 PM     0    202794      2.00      0.00  kworker/10:1-events
09:23:38 PM     0    203022      2.00      0.00  kworker/u24:3-events_power_efficient
09:23:38 PM     0    204082      1.00      0.00  iostat
09:23:38 PM     0    204083      1.00      0.00  pidstat
09:23:38 PM     0    204084      5.00      0.00  bash
09:23:38 PM     0    204085      6.00      0.00  bash
09:23:38 PM     0    204086      4.00      0.00  bash
09:23:38 PM     0    204088     99.00      0.00  fio
09:23:38 PM     0    205093      1.00      0.00  kworker/5:2-events
09:23:38 PM     0    205347      1.00      1.00  sleep
09:23:38 PM     0    205348      1.00      0.00  sleep
09:23:38 PM     0    205351      1.00      0.00  sleep

09:23:38 PM   UID       PID   cswch/s nvcswch/s  Command
09:23:39 PM     0        17     21.00      0.00  rcu_preempt
09:23:39 PM     0        18      1.00      0.00  migration/0
09:23:39 PM     0        23      1.00      0.00  migration/1
09:23:39 PM     0        29      1.00      0.00  migration/2
09:23:39 PM     0        35      1.00      0.00  migration/3
09:23:39 PM     0        41      1.00      0.00  migration/4
09:23:39 PM     0        47      1.00      0.00  migration/5
09:23:39 PM     0        53      2.00      0.00  migration/6
09:23:39 PM     0        54      1.00      0.00  ksoftirqd/6
09:23:39 PM     0        59      1.00      0.00  migration/7
09:23:39 PM     0        60      1.00      0.00  ksoftirqd/7
09:23:39 PM     0        65      1.00      0.00  migration/8
09:23:39 PM     0        71      1.00      0.00  migration/9
09:23:39 PM     0        72      1.00      0.00  ksoftirqd/9
09:23:39 PM     0        77      1.00      0.00  migration/10
09:23:39 PM     0        78      1.00      0.00  ksoftirqd/10
09:23:39 PM     0        83      1.00      0.00  migration/11
09:23:39 PM     0        95      2.00      0.00  kcompactd0
09:23:39 PM     0       453      1.00      0.00  multipathd
09:23:39 PM     0    179405      3.00      0.00  kworker/6:1-events
09:23:39 PM     0    180922      2.00      0.00  kworker/2:0-events
09:23:39 PM     0    186631      1.00      0.00  kworker/3:2-events
09:23:39 PM     0    189255      3.00      0.00  kworker/7:2-events
09:23:39 PM     0    197671      1.00      0.00  kworker/0:1-events
09:23:39 PM     0    198726      1.00      0.00  kworker/9:0-mm_percpu_wq
09:23:39 PM     0    199074      2.00      0.00  kworker/4:1-mm_percpu_wq
09:23:39 PM     0    200794      3.00      0.00  kworker/1:1-events
09:23:39 PM     0    202794      4.00      0.00  kworker/10:1-events
09:23:39 PM     0    203022      2.00      0.00  kworker/u24:3-edac-poller
09:23:39 PM     0    204082      1.00      0.00  iostat
09:23:39 PM     0    204083      1.00      0.00  pidstat
09:23:39 PM     0    204084      5.00      0.00  bash
09:23:39 PM     0    204085      8.00      0.00  bash
09:23:39 PM     0    204086      4.00      0.00  bash
09:23:39 PM     0    204088     99.00      0.00  fio
09:23:39 PM     0    205093      1.00      0.00  kworker/5:2-mm_percpu_wq
09:23:39 PM     0    205361      1.00      0.00  sleep
09:23:39 PM     0    205363      1.00      0.00  sleep
09:23:39 PM     0    205366      1.00      0.00  sleep

09:23:39 PM   UID       PID   cswch/s nvcswch/s  Command
09:23:40 PM     0        17     21.00      0.00  rcu_preempt
09:23:40 PM     0        23      1.00      0.00  migration/1
09:23:40 PM     0        24      1.00      0.00  ksoftirqd/1
09:23:40 PM     0        54      1.00      0.00  ksoftirqd/6
09:23:40 PM     0        72      3.00      0.00  ksoftirqd/9
09:23:40 PM     0        77      1.00      0.00  migration/10
09:23:40 PM     0        95      2.00      0.00  kcompactd0
09:23:40 PM     0       453      1.00      0.00  multipathd
09:23:40 PM     0       562      3.00      0.00  jbd2/nvme1n1p3-8
09:23:40 PM     0    179405      5.00      0.00  kworker/6:1-mm_percpu_wq
09:23:40 PM     0    180922      2.00      0.00  kworker/2:0-events
09:23:40 PM     0    186631      5.00      0.00  kworker/3:2-events
09:23:40 PM     0    186893      1.00      0.00  kworker/11:0-mm_percpu_wq
09:23:40 PM     0    189255      1.00      0.00  kworker/7:2-mm_percpu_wq
09:23:40 PM     0    193064      3.00      0.00  kworker/u24:0-events_unbound
09:23:40 PM     0    197671      2.00      0.00  kworker/0:1-mm_percpu_wq
09:23:40 PM     0    198726      5.00      0.00  kworker/9:0-events
09:23:40 PM     0    199074      2.00      0.00  kworker/4:1-mm_percpu_wq
09:23:40 PM     0    200794      1.00      0.00  kworker/1:1-mm_percpu_wq
09:23:40 PM     0    202794      1.00      0.00  kworker/10:1-mm_percpu_wq
09:23:40 PM     0    203022      1.00      0.00  kworker/u24:3-events_power_efficient
09:23:40 PM     0    204082      1.00      0.00  iostat
09:23:40 PM     0    204083      1.00      0.00  pidstat
09:23:40 PM     0    204084      5.00      0.00  bash
09:23:40 PM     0    204085      8.00      0.00  bash
09:23:40 PM     0    204086      4.00      0.00  bash
09:23:40 PM     0    204088     99.00      0.00  fio
09:23:40 PM     0    205377      1.00      0.00  sleep
09:23:40 PM     0    205378      1.00      0.00  sleep
09:23:40 PM     0    205381      1.00      0.00  sleep

09:23:40 PM   UID       PID   cswch/s nvcswch/s  Command
09:23:41 PM     0        16      1.00      0.00  ksoftirqd/0
09:23:41 PM     0        17     20.00      0.00  rcu_preempt
09:23:41 PM     0        36      2.00      0.00  ksoftirqd/3
09:23:41 PM     0        60      1.00      0.00  ksoftirqd/7
09:23:41 PM     0        71      1.00      0.00  migration/9
09:23:41 PM     0        78      1.00      0.00  ksoftirqd/10
09:23:41 PM     0        95      2.00      0.00  kcompactd0
09:23:41 PM     0       172      1.00      0.00  kworker/3:1H-kblockd
09:23:41 PM     0       453      1.00      0.00  multipathd
09:23:41 PM     0    179405      3.00      0.00  kworker/6:1-mm_percpu_wq
09:23:41 PM     0    180922      4.00      0.00  kworker/2:0-events
09:23:41 PM     0    186631      1.00      0.00  kworker/3:2-events
09:23:41 PM     0    189255      3.00      0.00  kworker/7:2-mm_percpu_wq
09:23:41 PM     0    193064      4.00      0.00  kworker/u24:0-edac-poller
09:23:41 PM     0    197671      2.00      0.00  kworker/0:1-events
09:23:41 PM     0    198726      2.00      0.00  kworker/9:0-events
09:23:41 PM     0    199074      1.00      0.00  kworker/4:1-events
09:23:41 PM     0    200794      2.00      0.00  kworker/1:1-events
09:23:41 PM     0    202794      3.00      0.00  kworker/10:1-mm_percpu_wq
09:23:41 PM     0    204082      1.00      0.00  iostat
09:23:41 PM     0    204083      1.00      0.00  pidstat
09:23:41 PM     0    204084      5.00      0.00  bash
09:23:41 PM     0    204085      6.00      0.00  bash
09:23:41 PM     0    204086      4.00      0.00  bash
09:23:41 PM     0    204088     99.00      0.00  fio
09:23:41 PM     0    205093      2.00      0.00  kworker/5:2-events
09:23:41 PM     0    205391      1.00      0.00  sleep
09:23:41 PM     0    205393      1.00      0.00  sleep
09:23:41 PM     0    205396      1.00      0.00  sleep

09:23:41 PM   UID       PID   cswch/s nvcswch/s  Command
09:23:42 PM     0        17     20.00      0.00  rcu_preempt
09:23:42 PM     0        36      3.00      0.00  ksoftirqd/3
09:23:42 PM     0        72      1.00      0.00  ksoftirqd/9
09:23:42 PM     0        84      1.00      0.00  ksoftirqd/11
09:23:42 PM     0        95      2.00      0.00  kcompactd0
09:23:42 PM     0       453      1.00      0.00  multipathd
09:23:42 PM     0    180922      1.00      0.00  kworker/2:0-events
09:23:42 PM     0    186631      5.00      0.00  kworker/3:2-events
09:23:42 PM     0    186893      1.00      0.00  kworker/11:0-mm_percpu_wq
09:23:42 PM     0    193064      1.00      0.00  kworker/u24:0-edac-poller
09:23:42 PM     0    197671      2.00      0.00  kworker/0:1-events
09:23:42 PM     0    198726      4.00      0.00  kworker/9:0-events
09:23:42 PM     0    199074      3.00      0.00  kworker/4:1-events
09:23:42 PM     0    200794      2.00      0.00  kworker/1:1-events
09:23:42 PM     0    204082      1.00      0.00  iostat
09:23:42 PM     0    204083      1.00      0.00  pidstat
09:23:42 PM     0    204084      5.00      0.00  bash
09:23:42 PM     0    204085      8.00      0.00  bash
09:23:42 PM     0    204086      4.00      0.00  bash
09:23:42 PM     0    204088     99.00      0.00  fio
09:23:42 PM     0    205407      1.00      0.00  sleep
09:23:42 PM     0    205408      1.00      0.00  sleep
09:23:42 PM     0    205411      1.00      0.00  sleep

09:23:42 PM   UID       PID   cswch/s nvcswch/s  Command
09:23:43 PM     0        17     23.00      0.00  rcu_preempt
09:23:43 PM     0        18      1.00      0.00  migration/0
09:23:43 PM     0        23      1.00      0.00  migration/1
09:23:43 PM     0        29      1.00      0.00  migration/2
09:23:43 PM     0        35      1.00      0.00  migration/3
09:23:43 PM     0        36      1.00      0.00  ksoftirqd/3
09:23:43 PM     0        41      1.00      0.00  migration/4
09:23:43 PM     0        47      1.00      0.00  migration/5
09:23:43 PM     0        53      1.00      0.00  migration/6
09:23:43 PM     0        54      1.00      0.00  ksoftirqd/6
09:23:43 PM     0        59      1.00      0.00  migration/7
09:23:43 PM     0        65      1.00      0.00  migration/8
09:23:43 PM     0        71      1.00      0.00  migration/9
09:23:43 PM     0        77      1.00      0.00  migration/10
09:23:43 PM     0        78      1.00      0.00  ksoftirqd/10
09:23:43 PM     0        83      1.00      0.00  migration/11
09:23:43 PM     0        95      2.00      0.00  kcompactd0
09:23:43 PM     0       453      1.00      0.00  multipathd
09:23:43 PM     0     21554      1.00      0.00  packagekitd
09:23:43 PM     0    179405      1.00      0.00  kworker/6:1-mm_percpu_wq
09:23:43 PM     0    180922      2.00      0.00  kworker/2:0-events
09:23:43 PM     0    186631      2.00      0.00  kworker/3:2-events
09:23:43 PM     0    189255      2.00      0.00  kworker/7:2-events
09:23:43 PM     0    193064      2.00      0.00  kworker/u24:0-edac-poller
09:23:43 PM     0    197671      3.00      0.00  kworker/0:1-mm_percpu_wq
09:23:43 PM     0    198726      2.00      0.00  kworker/9:0-events
09:23:43 PM     0    199074      1.00      0.00  kworker/4:1-events
09:23:43 PM     0    200794      1.00      0.00  kworker/1:1-events
09:23:43 PM     0    202794      2.00      0.00  kworker/10:1-mm_percpu_wq
09:23:43 PM     0    204082      1.00      0.00  iostat
09:23:43 PM     0    204083      1.00      0.00  pidstat
09:23:43 PM     0    204084      5.00      0.00  bash
09:23:43 PM     0    204085      8.00      0.00  bash
09:23:43 PM     0    204086      4.00      0.00  bash
09:23:43 PM     0    204088    100.00      0.00  fio
09:23:43 PM     0    205093      1.00      0.00  kworker/5:2-mm_percpu_wq
09:23:43 PM     0    205422      1.00      0.00  sleep
09:23:43 PM     0    205423      1.00      0.00  sleep
09:23:43 PM     0    205426      1.00      0.00  sleep

09:23:43 PM   UID       PID   cswch/s nvcswch/s  Command
09:23:44 PM     0        17     15.00      0.00  rcu_preempt
09:23:44 PM     0        78      2.00      0.00  ksoftirqd/10
09:23:44 PM     0        83      1.00      0.00  migration/11
09:23:44 PM     0        95      2.00      0.00  kcompactd0
09:23:44 PM     0       102      1.00      0.00  irq/9-acpi
09:23:44 PM     0       453      1.00      0.00  multipathd
09:23:44 PM     0    179405      2.00      0.00  kworker/6:1-mm_percpu_wq
09:23:44 PM     0    180922      1.00      0.00  kworker/2:0-events
09:23:44 PM     0    186631      3.00      0.00  kworker/3:2-events
09:23:44 PM     0    186893      1.00      0.00  kworker/11:0-mm_percpu_wq
09:23:44 PM     0    189255      1.00      0.00  kworker/7:2-mm_percpu_wq
09:23:44 PM     0    189918      1.00      0.00  kworker/9:1-i915-unordered
09:23:44 PM     0    193064      1.00      0.00  kworker/u24:0-events_power_efficient
09:23:44 PM     0    197671      1.00      0.00  kworker/0:1-kacpi_notify
09:23:44 PM     0    198726      8.00      0.00  kworker/9:0-pm
09:23:44 PM     0    199074      3.00      0.00  kworker/4:1-events
09:23:44 PM     0    200794      2.00      0.00  kworker/1:1-events
09:23:44 PM     0    202794      5.00      0.00  kworker/10:1-events
09:23:44 PM     0    203022      2.00      0.00  kworker/u24:3-edac-poller
09:23:44 PM     0    204082      1.00      0.00  iostat
09:23:44 PM     0    204083      1.00      0.00  pidstat
09:23:44 PM     0    204084      5.00      0.00  bash
09:23:44 PM     0    204085      6.00      0.00  bash
09:23:44 PM     0    204086      4.00      0.00  bash
09:23:44 PM     0    204088     99.00      0.00  fio
09:23:44 PM     0    205436      1.00      0.00  sleep
09:23:44 PM     0    205438      1.00      0.00  sleep
09:23:44 PM     0    205441      1.00      0.00  sleep

09:23:44 PM   UID       PID   cswch/s nvcswch/s  Command
09:23:45 PM     0         1      1.00      0.00  systemd
09:23:45 PM     0        16      1.00      0.00  ksoftirqd/0
09:23:45 PM     0        17     15.00      0.00  rcu_preempt
09:23:45 PM     0        42      1.00      0.00  ksoftirqd/4
09:23:45 PM     0        48      1.00      0.00  ksoftirqd/5
09:23:45 PM     0        78      1.00      0.00  ksoftirqd/10
09:23:45 PM     0        95      2.00      0.00  kcompactd0
09:23:45 PM     0       453      1.00      0.00  multipathd
09:23:45 PM     0       562      3.00      0.00  jbd2/nvme1n1p3-8
09:23:45 PM   101       608      1.00      0.00  systemd-network
09:23:45 PM     0    179405      1.00      0.00  kworker/6:1-mm_percpu_wq
09:23:45 PM     0    180922      3.00      0.00  kworker/2:0-events
09:23:45 PM     0    186631      1.00      0.00  kworker/3:2-mm_percpu_wq
09:23:45 PM     0    186893      1.00      0.00  kworker/11:0-mm_percpu_wq
09:23:45 PM     0    189255      2.00      0.00  kworker/7:2-mm_percpu_wq
09:23:45 PM     0    197671      2.00      0.00  kworker/0:1-mm_percpu_wq
09:23:45 PM     0    198726      1.00      0.00  kworker/9:0-mm_percpu_wq
09:23:45 PM     0    199074      1.00      0.00  kworker/4:1-events
09:23:45 PM     0    200794      2.00      0.00  kworker/1:1-events
09:23:45 PM     0    202794      2.00      0.00  kworker/10:1-events
09:23:45 PM     0    203022      4.00      0.00  kworker/u24:3-edac-poller
09:23:45 PM     0    204082      1.00      0.00  iostat
09:23:45 PM     0    204083      1.00      0.00  pidstat
09:23:45 PM     0    204084      5.00      0.00  bash
09:23:45 PM     0    204085      8.00      0.00  bash
09:23:45 PM     0    204086      4.00      0.00  bash
09:23:45 PM     0    204088     99.00      0.00  fio
09:23:45 PM     0    205093      1.00      0.00  kworker/5:2-mm_percpu_wq
09:23:45 PM     0    205452      1.00      0.00  sleep
09:23:45 PM     0    205453      1.00      0.00  sleep
09:23:45 PM     0    205456      1.00      0.00  sleep

09:23:45 PM   UID       PID   cswch/s nvcswch/s  Command
09:23:46 PM     0        17     11.00      0.00  rcu_preempt
09:23:46 PM     0        42      1.00      0.00  ksoftirqd/4
09:23:46 PM     0        54      1.00      0.00  ksoftirqd/6
09:23:46 PM     0        60      2.00      0.00  ksoftirqd/7
09:23:46 PM     0        95      2.00      0.00  kcompactd0
09:23:46 PM     0       453      1.00      0.00  multipathd
09:23:46 PM     0    179405      1.00      0.00  kworker/6:1-mm_percpu_wq
09:23:46 PM     0    180922      2.00      0.00  kworker/2:0-events
09:23:46 PM     0    186631      2.00      0.00  kworker/3:2-events
09:23:46 PM     0    189255      2.00      0.00  kworker/7:2-events
09:23:46 PM     0    197671      1.00      0.00  kworker/0:1-events
09:23:46 PM     0    199074      4.00      0.00  kworker/4:1-events
09:23:46 PM     0    202794      3.00      0.00  kworker/10:1-events
09:23:46 PM     0    203022      1.00      0.00  kworker/u24:3-edac-poller
09:23:46 PM     0    204082      1.00      0.00  iostat
09:23:46 PM     0    204083      1.00      0.00  pidstat
09:23:46 PM     0    204084      5.00      0.00  bash
09:23:46 PM     0    204085      7.00      0.00  bash
09:23:46 PM     0    204086      4.00      0.00  bash
09:23:46 PM     0    204088     99.00      0.00  fio
09:23:46 PM     0    205093      1.00      0.00  kworker/5:2-mm_percpu_wq
09:23:46 PM     0    205468      1.00      0.00  sleep
09:23:46 PM     0    205469      1.00      0.00  sleep
09:23:46 PM     0    205471      1.00      0.00  sleep

09:23:46 PM   UID       PID   cswch/s nvcswch/s  Command
09:23:47 PM     0        17     13.00      0.00  rcu_preempt
09:23:47 PM     0        18      1.00      0.00  migration/0
09:23:47 PM     0        23      1.00      0.00  migration/1
09:23:47 PM     0        29      1.00      0.00  migration/2
09:23:47 PM     0        35      1.00      0.00  migration/3
09:23:47 PM     0        41      1.00      0.00  migration/4
09:23:47 PM     0        47      1.00      0.00  migration/5
09:23:47 PM     0        53      1.00      0.00  migration/6
09:23:47 PM     0        59      1.00      0.00  migration/7
09:23:47 PM     0        60      2.00      0.00  ksoftirqd/7
09:23:47 PM     0        65      1.00      0.00  migration/8
09:23:47 PM     0        71      1.00      0.00  migration/9
09:23:47 PM     0        77      1.00      0.00  migration/10
09:23:47 PM     0        78      1.00      0.00  ksoftirqd/10
09:23:47 PM     0        83      1.00      0.00  migration/11
09:23:47 PM     0        84      1.00      0.00  ksoftirqd/11
09:23:47 PM     0        95      2.00      0.00  kcompactd0
09:23:47 PM     0       190      1.00      0.00  kworker/10:1H-kblockd
09:23:47 PM     0       453      1.00      0.00  multipathd
09:23:47 PM     0    179405      1.00      0.00  kworker/6:1-mm_percpu_wq
09:23:47 PM     0    180922      2.00      0.00  kworker/2:0-events
09:23:47 PM     0    182585      1.00      0.00  kworker/8:1-events
09:23:47 PM     0    186631      1.00      0.00  kworker/3:2-mm_percpu_wq
09:23:47 PM     0    186893      3.00      0.00  kworker/11:0-mm_percpu_wq
09:23:47 PM     0    189255      4.00      0.00  kworker/7:2-mm_percpu_wq
09:23:47 PM     0    197671      4.00      0.00  kworker/0:1-events
09:23:47 PM     0    198726      2.00      0.00  kworker/9:0-events
09:23:47 PM     0    199074      1.00      0.00  kworker/4:1-events
09:23:47 PM     0    200794      5.00      0.00  kworker/1:1-mm_percpu_wq
09:23:47 PM     0    202794      3.00      0.00  kworker/10:1-mm_percpu_wq
09:23:47 PM     0    203022      5.00      0.00  kworker/u24:3-edac-poller
09:23:47 PM     0    204082      1.00      0.00  iostat
09:23:47 PM     0    204083      1.00      0.00  pidstat
09:23:47 PM     0    204084      5.00      0.00  bash
09:23:47 PM     0    204085      7.00      0.00  bash
09:23:47 PM     0    204086      4.00      0.00  bash
09:23:47 PM     0    204088     99.00      0.00  fio
09:23:47 PM     0    205093      1.00      0.00  kworker/5:2-mm_percpu_wq
09:23:47 PM     0    205474      1.00      0.00  sleep
09:23:47 PM     0    205485      1.00      0.00  sleep
09:23:47 PM     0    205486      1.00      0.00  sleep

09:23:47 PM   UID       PID   cswch/s nvcswch/s  Command
09:23:48 PM     0        17     16.00      0.00  rcu_preempt
09:23:48 PM     0        35      1.00      0.00  migration/3
09:23:48 PM     0        48      1.00      0.00  ksoftirqd/5
09:23:48 PM     0        60      1.00      0.00  ksoftirqd/7
09:23:48 PM     0        95      2.00      0.00  kcompactd0
09:23:48 PM     0       453      1.00      0.00  multipathd
09:23:48 PM     0    179405      1.00      0.00  kworker/6:1-mm_percpu_wq
09:23:48 PM     0    180922      1.00      0.00  kworker/2:0-events
09:23:48 PM     0    186631      1.00      0.00  kworker/3:2-events
09:23:48 PM     0    186893      1.00      0.00  kworker/11:0-events
09:23:48 PM     0    189255      3.00      0.00  kworker/7:2-events
09:23:48 PM     0    199074      2.00      0.00  kworker/4:1-events
09:23:48 PM     0    200794      2.00      0.00  kworker/1:1-events
09:23:48 PM     0    202794      1.00      0.00  kworker/10:1-events
09:23:48 PM     0    203022      1.00      0.00  kworker/u24:3-edac-poller
09:23:48 PM     0    204082      1.00      0.00  iostat
09:23:48 PM     0    204083      1.00      0.00  pidstat
09:23:48 PM     0    204084      5.00      0.00  bash
09:23:48 PM     0    204085      8.00      0.00  bash
09:23:48 PM     0    204086      4.00      0.00  bash
09:23:48 PM     0    204088     99.00      0.00  fio
09:23:48 PM     0    205489      1.00      0.00  sleep
09:23:48 PM     0    205499      1.00      1.00  sleep
09:23:48 PM     0    205501      1.00      0.00  sleep

09:23:48 PM   UID       PID   cswch/s nvcswch/s  Command
09:23:49 PM     0        17     18.00      0.00  rcu_preempt
09:23:49 PM     0        78      1.00      0.00  ksoftirqd/10
09:23:49 PM     0        95      2.00      0.00  kcompactd0
09:23:49 PM     0       453      1.00      0.00  multipathd
09:23:49 PM     0    179405      1.00      0.00  kworker/6:1-mm_percpu_wq
09:23:49 PM     0    180922      2.00      0.00  kworker/2:0-events
09:23:49 PM     0    186631      2.00      0.00  kworker/3:2-events
09:23:49 PM     0    186893      1.00      0.00  kworker/11:0-events
09:23:49 PM     0    189255      3.00      0.00  kworker/7:2-xfs-sync/nvme0n1p2
09:23:49 PM     0    193064      1.00      0.00  kworker/u24:0-events_power_efficient
09:23:49 PM     0    197671      1.00      0.00  kworker/0:1-mm_percpu_wq
09:23:49 PM     0    198726      1.00      0.00  kworker/9:0-mm_percpu_wq
09:23:49 PM     0    199074      2.00      0.00  kworker/4:1-events
09:23:49 PM     0    200794      2.00      0.00  kworker/1:1-events
09:23:49 PM     0    202794      4.00      0.00  kworker/10:1-mm_percpu_wq
09:23:49 PM     0    203022      1.00      0.00  kworker/u24:3-events_unbound
09:23:49 PM     0    204082      1.00      0.00  iostat
09:23:49 PM     0    204083      1.00      1.00  pidstat
09:23:49 PM     0    204084      5.00      0.00  bash
09:23:49 PM     0    204085      8.00      1.00  bash
09:23:49 PM     0    204086      4.00      0.00  bash
09:23:49 PM     0    204088     99.00      0.00  fio
09:23:49 PM     0    205093      2.00      0.00  kworker/5:2-mm_percpu_wq
09:23:49 PM     0    205504      1.00      0.00  sleep
09:23:49 PM     0    205515      1.00      0.00  sleep
09:23:49 PM     0    205516      1.00      0.00  sleep

09:23:49 PM   UID       PID   cswch/s nvcswch/s  Command
09:23:50 PM     0        16      1.00      0.00  ksoftirqd/0
09:23:50 PM     0        17     20.00      0.00  rcu_preempt
09:23:50 PM     0        78      2.00      0.00  ksoftirqd/10
09:23:50 PM     0        84      1.00      0.00  ksoftirqd/11
09:23:50 PM     0        95      2.00      0.00  kcompactd0
09:23:50 PM     0       453      1.00      0.00  multipathd
09:23:50 PM     0       562      3.00      0.00  jbd2/nvme1n1p3-8
09:23:50 PM     0    179405      4.00      0.00  kworker/6:1-mm_percpu_wq
09:23:50 PM     0    180922      1.00      0.00  kworker/2:0-events
09:23:50 PM     0    186631      3.00      0.00  kworker/3:2-events
09:23:50 PM     0    186893      2.00      0.00  kworker/11:0-events
09:23:50 PM     0    189255      1.00      0.00  kworker/7:2-mm_percpu_wq
09:23:50 PM     0    193064      2.00      0.00  kworker/u24:0-edac-poller
09:23:50 PM     0    199074      4.00      0.00  kworker/4:1-events
09:23:50 PM     0    200794      2.00      0.00  kworker/1:1-events
09:23:50 PM     0    202794      2.00      0.00  kworker/10:1-events
09:23:50 PM     0    203022      1.00      0.00  kworker/u24:3-events_power_efficient
09:23:50 PM     0    204082      1.00      0.00  iostat
09:23:50 PM     0    204083      1.00      0.00  pidstat
09:23:50 PM     0    204084      5.00      0.00  bash
09:23:50 PM     0    204085      8.00      0.00  bash
09:23:50 PM     0    204086      4.00      0.00  bash
09:23:50 PM     0    204088    100.00      0.00  fio
09:23:50 PM     0    205519      1.00      0.00  sleep
09:23:50 PM     0    205530      1.00      0.00  sleep
09:23:50 PM     0    205531      1.00      0.00  sleep

09:23:50 PM   UID       PID   cswch/s nvcswch/s  Command
09:23:51 PM     0        17     25.00      0.00  rcu_preempt
09:23:51 PM     0        18      1.00      0.00  migration/0
09:23:51 PM     0        23      1.00      0.00  migration/1
09:23:51 PM     0        29      1.00      0.00  migration/2
09:23:51 PM     0        35      1.00      0.00  migration/3
09:23:51 PM     0        41      1.00      0.00  migration/4
09:23:51 PM     0        47      1.00      0.00  migration/5
09:23:51 PM     0        53      2.00      0.00  migration/6
09:23:51 PM     0        54      1.00      0.00  ksoftirqd/6
09:23:51 PM     0        59      1.00      0.00  migration/7
09:23:51 PM     0        65      1.00      0.00  migration/8
09:23:51 PM     0        71      1.00      0.00  migration/9
09:23:51 PM     0        77      1.00      0.00  migration/10
09:23:51 PM     0        78      1.00      0.00  ksoftirqd/10
09:23:51 PM     0        83      1.00      0.00  migration/11
09:23:51 PM     0        95      2.00      0.00  kcompactd0
09:23:51 PM     0       453      1.00      0.00  multipathd
09:23:51 PM     0    179405      3.00      0.00  kworker/6:1-events
09:23:51 PM     0    180922      2.00      0.00  kworker/2:0-events
09:23:51 PM     0    186631      3.00      0.00  kworker/3:2-events
09:23:51 PM     0    186893      2.00      0.00  kworker/11:0-mm_percpu_wq
09:23:51 PM     0    189255      3.00      0.00  kworker/7:2-mm_percpu_wq
09:23:51 PM     0    193064      1.00      0.00  kworker/u24:0-edac-poller
09:23:51 PM     0    197671      1.00      0.00  kworker/0:1-mm_percpu_wq
09:23:51 PM     0    198726      1.00      0.00  kworker/9:0-mm_percpu_wq
09:23:51 PM     0    199074      2.00      0.00  kworker/4:1-mm_percpu_wq
09:23:51 PM     0    200794      3.00      0.00  kworker/1:1-events
09:23:51 PM     0    202794      3.00      0.00  kworker/10:1-mm_percpu_wq
09:23:51 PM     0    204082      1.00      0.00  iostat
09:23:51 PM     0    204083      1.00      0.00  pidstat
09:23:51 PM     0    204084      5.00      0.00  bash
09:23:51 PM     0    204085      8.00      0.00  bash
09:23:51 PM     0    204086      4.00      0.00  bash
09:23:51 PM     0    204088     99.00      0.00  fio
09:23:51 PM     0    205093      1.00      0.00  kworker/5:2-mm_percpu_wq
09:23:51 PM     0    205534      1.00      0.00  sleep
09:23:51 PM     0    205544      1.00      1.00  sleep
09:23:51 PM     0    205546      1.00      0.00  sleep

09:23:51 PM   UID       PID   cswch/s nvcswch/s  Command
09:23:52 PM     0        16      1.00      0.00  ksoftirqd/0
09:23:52 PM     0        17     24.00      0.00  rcu_preempt
09:23:52 PM     0        36      1.00      0.00  ksoftirqd/3
09:23:52 PM     0        42      1.00      0.00  ksoftirqd/4
09:23:52 PM     0        84      1.00      0.00  ksoftirqd/11
09:23:52 PM     0        95      2.00      0.00  kcompactd0
09:23:52 PM     0       453      1.00      0.00  multipathd
09:23:52 PM   101       608      2.00      0.00  systemd-network
09:23:52 PM     0       773      2.00      0.00  sshd
09:23:52 PM     0    179405      3.00      0.00  kworker/6:1-events
09:23:52 PM     0    180922      1.00      0.00  kworker/2:0-events
09:23:52 PM     0    186631      4.00      0.00  kworker/3:2-events
09:23:52 PM     0    186893      3.00      0.00  kworker/11:0-mm_percpu_wq
09:23:52 PM     0    189255      2.00      0.00  kworker/7:2-events
09:23:52 PM     0    193064      2.00      0.00  kworker/u24:0-edac-poller
09:23:52 PM     0    197671      1.00      0.00  kworker/0:1-events
09:23:52 PM     0    199074      3.00      0.00  kworker/4:1-mm_percpu_wq
09:23:52 PM     0    200794      2.00      0.00  kworker/1:1-mm_percpu_wq
09:23:52 PM     0    202794      2.00      0.00  kworker/10:1-mm_percpu_wq
09:23:52 PM     0    204082      1.00      0.00  iostat
09:23:52 PM     0    204083      1.00      0.00  pidstat
09:23:52 PM     0    204084      5.00      0.00  bash
09:23:52 PM     0    204085      7.00      0.00  bash
09:23:52 PM     0    204086      4.00      0.00  bash
09:23:52 PM     0    204088     99.00      0.00  fio
09:23:52 PM     0    205093      1.00      0.00  kworker/5:2-mm_percpu_wq
09:23:52 PM     0    205549      1.00      0.00  sleep
09:23:52 PM     0    205560      1.00      0.00  sleep
09:23:52 PM     0    205561      1.00      0.00  sleep
09:23:52 PM     0    205562     27.00      0.00  sshd

09:23:52 PM   UID       PID   cswch/s nvcswch/s  Command
09:23:53 PM     0        17     18.00      0.00  rcu_preempt
09:23:53 PM     0        24      1.00      0.00  ksoftirqd/1
09:23:53 PM     0        72      1.00      0.00  ksoftirqd/9
09:23:53 PM     0        84      1.00      0.00  ksoftirqd/11
09:23:53 PM     0        95      2.00      0.00  kcompactd0
09:23:53 PM     0       195      1.00      0.00  kworker/6:1H-kblockd
09:23:53 PM     0       453      1.00      0.00  multipathd
09:23:53 PM     0     21554      1.00      0.00  packagekitd
09:23:53 PM     0    179405      1.00      0.00  kworker/6:1-mm_percpu_wq
09:23:53 PM     0    180922      2.00      0.00  kworker/2:0-events
09:23:53 PM     0    186631      1.00      0.00  kworker/3:2-events
09:23:53 PM     0    186893      2.00      0.00  kworker/11:0-mm_percpu_wq
09:23:53 PM     0    189255      4.00      0.00  kworker/7:2-mm_percpu_wq
09:23:53 PM     0    193064      4.00      0.00  kworker/u24:0-edac-poller
09:23:53 PM     0    197671      1.00      0.00  kworker/0:1-mm_percpu_wq
09:23:53 PM     0    198726      1.00      0.00  kworker/9:0-mm_percpu_wq
09:23:53 PM     0    199074      3.00      0.00  kworker/4:1-mm_percpu_wq
09:23:53 PM     0    200794      4.00      0.00  kworker/1:1-mm_percpu_wq
09:23:53 PM     0    202794      2.00      0.00  kworker/10:1-mm_percpu_wq
09:23:53 PM     0    204082      1.00      0.00  iostat
09:23:53 PM     0    204083      1.00      1.00  pidstat
09:23:53 PM     0    204084      5.00      0.00  bash
09:23:53 PM     0    204085      7.00      0.00  bash
09:23:53 PM     0    204086      4.00      0.00  bash
09:23:53 PM     0    204088     99.00      0.00  fio
09:23:53 PM     0    205093      1.00      0.00  kworker/5:2-mm_percpu_wq
09:23:53 PM     0    205565      1.00      0.00  sleep
09:23:53 PM     0    205576      1.00      0.00  sleep
09:23:53 PM     0    205577      1.00      0.00  sleep

09:23:53 PM   UID       PID   cswch/s nvcswch/s  Command
09:23:54 PM     0         2      1.00      0.00  kthreadd
09:23:54 PM     0        17     20.00      0.00  rcu_preempt
09:23:54 PM     0        24      1.00      0.00  ksoftirqd/1
09:23:54 PM     0        36      2.00      0.00  ksoftirqd/3
09:23:54 PM     0        71      1.00      0.00  migration/9
09:23:54 PM     0        84      1.00      0.00  ksoftirqd/11
09:23:54 PM     0        95      2.00      0.00  kcompactd0
09:23:54 PM     0       102      1.00      0.00  irq/9-acpi
09:23:54 PM     0       453      1.00      0.00  multipathd
09:23:54 PM     0    179405      1.00      0.00  kworker/6:1-mm_percpu_wq
09:23:54 PM     0    180922      2.00      0.00  kworker/2:0-events
09:23:54 PM     0    182585      1.00      0.00  kworker/8:1-events
09:23:54 PM     0    186631      3.00      0.00  kworker/3:2-events
09:23:54 PM     0    186893      2.00      0.00  kworker/11:0-events
09:23:54 PM     0    189255      1.00      0.00  kworker/7:2-events
09:23:54 PM     0    189918      1.00      0.00  kworker/9:1+i915-unordered
09:23:54 PM     0    193064      2.00      0.00  kworker/u24:0-edac-poller
09:23:54 PM     0    197671      4.00      0.00  kworker/0:1-kacpi_notify
09:23:54 PM     0    198726   1138.00      0.00  kworker/9:0+events
09:23:54 PM     0    199074      2.00      0.00  kworker/4:1-events
09:23:54 PM     0    200794      3.00      0.00  kworker/1:1-events
09:23:54 PM     0    202794      1.00      0.00  kworker/10:1-events
09:23:54 PM     0    203608      2.00      0.00  kworker/9:2-mm_percpu_wq
09:23:54 PM     0    204082      1.00      0.00  iostat
09:23:54 PM     0    204083      1.00      0.00  pidstat
09:23:54 PM     0    204084      5.00      0.00  bash
09:23:54 PM     0    204085      8.00      0.00  bash
09:23:54 PM     0    204086      4.00      0.00  bash
09:23:54 PM     0    204088     99.00      0.00  fio
09:23:54 PM     0    205580      1.00      0.00  sleep
09:23:54 PM     0    205591      1.00      1.00  sleep
09:23:54 PM     0    205592      1.00      0.00  sleep
09:23:54 PM     0    205593      2.00      0.00  kworker/9:3

09:23:54 PM   UID       PID   cswch/s nvcswch/s  Command
09:23:55 PM     0        16      1.00      0.00  ksoftirqd/0
09:23:55 PM     0        17     22.00      0.00  rcu_preempt
09:23:55 PM     0        18      1.00      0.00  migration/0
09:23:55 PM     0        23      1.00      0.00  migration/1
09:23:55 PM     0        29      1.00      0.00  migration/2
09:23:55 PM     0        35      1.00      0.00  migration/3
09:23:55 PM     0        41      1.00      0.00  migration/4
09:23:55 PM     0        47      1.00      0.00  migration/5
09:23:55 PM     0        48      1.00      0.00  ksoftirqd/5
09:23:55 PM     0        53      1.00      0.00  migration/6
09:23:55 PM     0        59      1.00      0.00  migration/7
09:23:55 PM     0        65      1.00      0.00  migration/8
09:23:55 PM     0        71      1.00      0.00  migration/9
09:23:55 PM     0        72      1.00      0.00  ksoftirqd/9
09:23:55 PM     0        77      1.00      0.00  migration/10
09:23:55 PM     0        83      1.00      0.00  migration/11
09:23:55 PM     0        95      2.00      0.00  kcompactd0
09:23:55 PM     0       453      1.00      0.00  multipathd
09:23:55 PM     0       562      4.00      0.00  jbd2/nvme1n1p3-8
09:23:55 PM     0    179405      1.00      0.00  kworker/6:1-events
09:23:55 PM     0    180922      3.00      0.00  kworker/2:0-events
09:23:55 PM     0    186631      1.00      0.00  kworker/3:2-events
09:23:55 PM     0    189255      2.00      0.00  kworker/7:2-mm_percpu_wq
09:23:55 PM     0    189918   1134.00      0.00  kworker/9:1-mm_percpu_wq
09:23:55 PM     0    193064      4.00      0.00  kworker/u24:0-edac-poller
09:23:55 PM     0    197671      1.00      0.00  kworker/0:1-events
09:23:55 PM     0    198726      1.00      1.00  kworker/9:0-events
09:23:55 PM     0    199074      1.00      0.00  kworker/4:1-events
09:23:55 PM     0    200794      4.00      0.00  kworker/1:1-mm_percpu_wq
09:23:55 PM     0    202794      1.00      0.00  kworker/10:1-mm_percpu_wq
09:23:55 PM     0    204082      1.00      0.00  iostat
09:23:55 PM     0    204083      1.00      2.00  pidstat
09:23:55 PM     0    204084      5.00      0.00  bash
09:23:55 PM     0    204085      8.00      0.00  bash
09:23:55 PM     0    204086      4.00      0.00  bash
09:23:55 PM     0    204088     99.00      0.00  fio
09:23:55 PM     0    205093      1.00      0.00  kworker/5:2-mm_percpu_wq
09:23:55 PM     0    205562      2.00      0.00  sshd
09:23:55 PM   113    205594      4.00      0.00  sshd
09:23:55 PM     0    205597      1.00      0.00  sleep
09:23:55 PM     0    205608      1.00      0.00  sleep
09:23:55 PM     0    205609      1.00      0.00  sleep

09:23:55 PM   UID       PID   cswch/s nvcswch/s  Command
09:23:56 PM     0        17     21.00      0.00  rcu_preempt
09:23:56 PM     0        24      2.00      0.00  ksoftirqd/1
09:23:56 PM     0        48      1.00      0.00  ksoftirqd/5
09:23:56 PM     0        78      1.00      0.00  ksoftirqd/10
09:23:56 PM     0        95      2.00      0.00  kcompactd0
09:23:56 PM     0       453      1.00      0.00  multipathd
09:23:56 PM     0    179405      2.00      0.00  kworker/6:1-events
09:23:56 PM     0    180922      3.00      0.00  kworker/2:0-events
09:23:56 PM     0    186631      2.00      0.00  kworker/3:2-events
09:23:56 PM     0    186893      1.00      0.00  kworker/11:0-mm_percpu_wq
09:23:56 PM     0    189255      1.00      0.00  kworker/7:2-events
09:23:56 PM     0    193064      1.00      0.00  kworker/u24:0-events_power_efficient
09:23:56 PM     0    199074      3.00      0.00  kworker/4:1-events
09:23:56 PM     0    200794      1.00      0.00  kworker/1:1-events
09:23:56 PM     0    202794      2.00      0.00  kworker/10:1-events
09:23:56 PM     0    203022      3.00      0.00  kworker/u24:3-edac-poller
09:23:56 PM     0    204082      1.00      0.00  iostat
09:23:56 PM     0    204083      1.00      0.00  pidstat
09:23:56 PM     0    204084      5.00      0.00  bash
09:23:56 PM     0    204085      8.00      0.00  bash
09:23:56 PM     0    204086      4.00      0.00  bash
09:23:56 PM     0    204088    100.00      0.00  fio
09:23:56 PM     0    205093      1.00      0.00  kworker/5:2-events
09:23:56 PM     0    205612      1.00      0.00  sleep
09:23:56 PM     0    205623      1.00      0.00  sleep
09:23:56 PM     0    205624      1.00      0.00  sleep

09:23:56 PM   UID       PID   cswch/s nvcswch/s  Command
09:23:57 PM     0        16      2.00      0.00  ksoftirqd/0
09:23:57 PM     0        17     21.00      0.00  rcu_preempt
09:23:57 PM     0        24      2.00      0.00  ksoftirqd/1
09:23:57 PM     0        36      1.00      0.00  ksoftirqd/3
09:23:57 PM     0        48      1.00      0.00  ksoftirqd/5
09:23:57 PM     0        95      2.00      0.00  kcompactd0
09:23:57 PM     0       453      1.00      0.00  multipathd
09:23:57 PM     0    179405      1.00      0.00  kworker/6:1-mm_percpu_wq
09:23:57 PM     0    180922      2.00      0.00  kworker/2:0-events
09:23:57 PM     0    186631      5.00      0.00  kworker/3:2-mm_percpu_wq
09:23:57 PM     0    186893      3.00      0.00  kworker/11:0-mm_percpu_wq
09:23:57 PM     0    189255      3.00      0.00  kworker/7:2-mm_percpu_wq
09:23:57 PM     0    197671      1.00      0.00  kworker/0:1-mm_percpu_wq
09:23:57 PM     0    199074      3.00      0.00  kworker/4:1-mm_percpu_wq
09:23:57 PM     0    200794      5.00      0.00  kworker/1:1-events
09:23:57 PM     0    203022      1.00      0.00  kworker/u24:3-edac-poller
09:23:57 PM     0    204082      1.00      0.00  iostat
09:23:57 PM     0    204083      1.00      0.00  pidstat
09:23:57 PM     0    204084      5.00      0.00  bash
09:23:57 PM     0    204085      8.00      0.00  bash
09:23:57 PM     0    204086      4.00      0.00  bash
09:23:57 PM     0    204088     99.00      0.00  fio
09:23:57 PM     0    205093      1.00      0.00  kworker/5:2-mm_percpu_wq
09:23:57 PM     0    205562      2.00      0.00  sshd
09:23:57 PM   113    205594      3.00      0.00  sshd
09:23:57 PM     0    205627      1.00      0.00  sleep
09:23:57 PM     0    205638      1.00      0.00  sleep
09:23:57 PM     0    205639      1.00      0.00  sleep

09:23:57 PM   UID       PID   cswch/s nvcswch/s  Command
09:23:58 PM     0        16      1.00      0.00  ksoftirqd/0
09:23:58 PM     0        17     17.00      0.00  rcu_preempt
09:23:58 PM     0        36      2.00      0.00  ksoftirqd/3
09:23:58 PM     0        84      1.00      0.00  ksoftirqd/11
09:23:58 PM     0        95      2.00      0.00  kcompactd0
09:23:58 PM     0       453      1.00      0.00  multipathd
09:23:58 PM     0    180922      2.00      0.00  kworker/2:0-events
09:23:58 PM     0    186631      3.00      0.00  kworker/3:2-events
09:23:58 PM     0    186893      1.00      0.00  kworker/11:0-events
09:23:58 PM     0    189255      2.00      0.00  kworker/7:2-events
09:23:58 PM     0    189918      2.00      0.00  kworker/9:1-events
09:23:58 PM     0    199074      2.00      0.00  kworker/4:1-events
09:23:58 PM     0    200794      5.00      0.00  kworker/1:1-events
09:23:58 PM     0    202794      1.00      0.00  kworker/10:1-mm_percpu_wq
09:23:58 PM     0    203022      5.00      0.00  kworker/u24:3-edac-poller
09:23:58 PM     0    204082      1.00      0.00  iostat
09:23:58 PM     0    204083      1.00      0.00  pidstat
09:23:58 PM     0    204084      5.00      0.00  bash
09:23:58 PM     0    204085      8.00      0.00  bash
09:23:58 PM     0    204086      4.00      0.00  bash
09:23:58 PM     0    204088     99.00      0.00  fio
09:23:58 PM   113    205594      1.00      0.00  sshd
09:23:58 PM     0    205642      1.00      0.00  sleep
09:23:58 PM     0    205653      1.00      0.00  sleep
09:23:58 PM     0    205654      1.00      0.00  sleep

09:23:58 PM   UID       PID   cswch/s nvcswch/s  Command
09:23:59 PM     0        17     17.00      0.00  rcu_preempt
09:23:59 PM     0        18      1.00      0.00  migration/0
09:23:59 PM     0        23      1.00      0.00  migration/1
09:23:59 PM     0        29      1.00      0.00  migration/2
09:23:59 PM     0        35      1.00      0.00  migration/3
09:23:59 PM     0        36      2.00      0.00  ksoftirqd/3
09:23:59 PM     0        41      1.00      0.00  migration/4
09:23:59 PM     0        47      1.00      0.00  migration/5
09:23:59 PM     0        48      1.00      0.00  ksoftirqd/5
09:23:59 PM     0        53      1.00      0.00  migration/6
09:23:59 PM     0        59      1.00      0.00  migration/7
09:23:59 PM     0        60      1.00      0.00  ksoftirqd/7
09:23:59 PM     0        65      1.00      0.00  migration/8
09:23:59 PM     0        71      1.00      0.00  migration/9
09:23:59 PM     0        77      1.00      0.00  migration/10
09:23:59 PM     0        83      1.00      0.00  migration/11
09:23:59 PM     0        84      1.00      0.00  ksoftirqd/11
09:23:59 PM     0        95      2.00      0.00  kcompactd0
09:23:59 PM     0       453      1.00      0.00  multipathd
09:23:59 PM     0    180922      3.00      0.00  kworker/2:0-events
09:23:59 PM     0    186631      4.00      0.00  kworker/3:2-mm_percpu_wq
09:23:59 PM     0    186893      1.00      0.00  kworker/11:0-events
09:23:59 PM     0    189255      4.00      0.00  kworker/7:2-events
09:23:59 PM     0    197671      1.00      0.00  kworker/0:1-events
09:23:59 PM     0    199074      2.00      0.00  kworker/4:1-events
09:23:59 PM     0    200794      2.00      0.00  kworker/1:1-events
09:23:59 PM     0    204082      1.00      0.00  iostat
09:23:59 PM     0    204083      1.00      2.00  pidstat
09:23:59 PM     0    204084      5.00      0.00  bash
09:23:59 PM     0    204085      8.00      0.00  bash
09:23:59 PM     0    204086      4.00      0.00  bash
09:23:59 PM     0    204088     99.00      0.00  fio
09:23:59 PM     0    205093      1.00      0.00  kworker/5:2-mm_percpu_wq
09:23:59 PM     0    205657      1.00      0.00  sleep
09:23:59 PM     0    205668      1.00      0.00  sleep
09:23:59 PM     0    205669      1.00      0.00  sleep

09:23:59 PM   UID       PID   cswch/s nvcswch/s  Command
09:24:00 PM     0        17     24.00      0.00  rcu_preempt
09:24:00 PM     0        60      1.00      0.00  ksoftirqd/7
09:24:00 PM     0        78      2.00      0.00  ksoftirqd/10
09:24:00 PM     0        84      2.00      0.00  ksoftirqd/11
09:24:00 PM     0        95      2.00      0.00  kcompactd0
09:24:00 PM     0       453      1.00      0.00  multipathd
09:24:00 PM     0       562      3.00      0.00  jbd2/nvme1n1p3-8
09:24:00 PM     0    179405      1.00      0.00  kworker/6:1-mm_percpu_wq
09:24:00 PM     0    180922      2.00      0.00  kworker/2:0-events
09:24:00 PM     0    186631      2.00      0.00  kworker/3:2-events
09:24:00 PM     0    186893      3.00      0.00  kworker/11:0-events
09:24:00 PM     0    189255      4.00      0.00  kworker/7:2-events
09:24:00 PM     0    189918      2.00      0.00  kworker/9:1-events
09:24:00 PM     0    197671      2.00      0.00  kworker/0:1-events
09:24:00 PM     0    199074      1.00      0.00  kworker/4:1-mm_percpu_wq
09:24:00 PM     0    200794      2.00      0.00  kworker/1:1-events
09:24:00 PM     0    202794      4.00      0.00  kworker/10:1-events
09:24:00 PM     0    203022      2.00      0.00  kworker/u24:3-events_unbound
09:24:00 PM     0    204082      1.00      0.00  iostat
09:24:00 PM     0    204083      1.00      0.00  pidstat
09:24:00 PM     0    204084      5.00      0.00  bash
09:24:00 PM     0    204085      8.00      0.00  bash
09:24:00 PM     0    204086      4.00      0.00  bash
09:24:00 PM     0    204088     99.00      0.00  fio
09:24:00 PM     0    205093      1.00      0.00  kworker/5:2-events
09:24:00 PM     0    205562     34.00      0.00  sshd
09:24:00 PM   113    205594      4.00      0.00  sshd
09:24:00 PM     0    205672      1.00      0.00  sleep
09:24:00 PM     0    205683      1.00      0.00  sleep
09:24:00 PM     0    205684      1.00      1.00  sleep

09:24:00 PM   UID       PID   cswch/s nvcswch/s  Command
09:24:01 PM     0        16      1.00      0.00  ksoftirqd/0
09:24:01 PM     0        17     18.00      0.00  rcu_preempt
09:24:01 PM     0        35      1.00      0.00  migration/3
09:24:01 PM     0        60      1.00      0.00  ksoftirqd/7
09:24:01 PM     0        78      1.00      0.00  ksoftirqd/10
09:24:01 PM     0        95      2.00      0.00  kcompactd0
09:24:01 PM     0       172      1.00      0.00  kworker/3:1H-kblockd
09:24:01 PM     0       453      1.00      0.00  multipathd
09:24:01 PM     0    180922      2.00      0.00  kworker/2:0-events
09:24:01 PM     0    186893      2.00      0.00  kworker/11:0-events
09:24:01 PM     0    189255      6.00      0.00  kworker/7:2-mm_percpu_wq
09:24:01 PM     0    189918      1.00      0.00  kworker/9:1-events
09:24:01 PM     0    193064      1.00      0.00  kworker/u24:0-events_power_efficient
09:24:01 PM     0    197671      1.00      0.00  kworker/0:1-mm_percpu_wq
09:24:01 PM     0    199074      3.00      0.00  kworker/4:1-mm_percpu_wq
09:24:01 PM     0    200794      2.00      0.00  kworker/1:1-events
09:24:01 PM     0    202794      4.00      0.00  kworker/10:1-mm_percpu_wq
09:24:01 PM     0    203022      2.00      0.00  kworker/u24:3-events_power_efficient
09:24:01 PM     0    204082      1.00      0.00  iostat
09:24:01 PM     0    204083      1.00      0.00  pidstat
09:24:01 PM     0    204084      5.00      0.00  bash
09:24:01 PM     0    204085      8.00      0.00  bash
09:24:01 PM     0    204086      4.00      0.00  bash
09:24:01 PM     0    204088     99.00      0.00  fio
09:24:01 PM     0    205093      1.00      0.00  kworker/5:2-mm_percpu_wq
09:24:01 PM     0    205687      1.00      0.00  sleep
09:24:01 PM     0    205698      1.00      1.00  sleep
09:24:01 PM     0    205699      1.00      0.00  sleep

09:24:01 PM   UID       PID   cswch/s nvcswch/s  Command
09:24:02 PM     0         1      1.00      0.00  systemd
09:24:02 PM     0        17     29.00      0.00  rcu_preempt
09:24:02 PM     0        36      1.00      0.00  ksoftirqd/3
09:24:02 PM     0        60      3.00      0.00  ksoftirqd/7
09:24:02 PM     0        78      1.00      0.00  ksoftirqd/10
09:24:02 PM     0        95      2.00      0.00  kcompactd0
09:24:02 PM     0       415      6.00      0.00  systemd-journal
09:24:02 PM     0       453      1.00      0.00  multipathd
09:24:02 PM     0       769      1.00      0.00  cron
09:24:02 PM     0       773      1.00      0.00  sshd
09:24:02 PM     0    179405      1.00      0.00  kworker/6:1-mm_percpu_wq
09:24:02 PM     0    180922      3.00      0.00  kworker/2:0-events
09:24:02 PM     0    186631      6.00      0.00  kworker/3:2-events
09:24:02 PM     0    186893      2.00      0.00  kworker/11:0-events
09:24:02 PM     0    189255      2.00      0.00  kworker/7:2-events
09:24:02 PM     0    189918      1.00      0.00  kworker/9:1-mm_percpu_wq
09:24:02 PM     0    193064      2.00      0.00  kworker/u24:0-events_unbound
09:24:02 PM     0    199074      2.00      0.00  kworker/4:1-events
09:24:02 PM     0    200794      1.00      0.00  kworker/1:1-mm_percpu_wq
09:24:02 PM     0    202794      4.00      0.00  kworker/10:1-events
09:24:02 PM     0    204082      1.00      0.00  iostat
09:24:02 PM     0    204083      1.00      0.00  pidstat
09:24:02 PM     0    204084      5.00      0.00  bash
09:24:02 PM     0    204085      8.00      0.00  bash
09:24:02 PM     0    204086      4.00      0.00  bash
09:24:02 PM     0    204088     99.00      0.00  fio
09:24:02 PM     0    205702      1.00      0.00  sleep
09:24:02 PM     0    205713      1.00      0.00  sleep
09:24:02 PM     0    205714      1.00      0.00  sleep

09:24:02 PM   UID       PID   cswch/s nvcswch/s  Command
09:24:03 PM     0         1      3.00      0.00  systemd
09:24:03 PM     0        17     27.00      0.00  rcu_preempt
09:24:03 PM     0        18      1.00      0.00  migration/0
09:24:03 PM     0        23      1.00      0.00  migration/1
09:24:03 PM     0        24      1.00      0.00  ksoftirqd/1
09:24:03 PM     0        29      1.00      0.00  migration/2
09:24:03 PM     0        35      1.00      0.00  migration/3
09:24:03 PM     0        41      1.00      0.00  migration/4
09:24:03 PM     0        47      1.00      0.00  migration/5
09:24:03 PM     0        53      1.00      0.00  migration/6
09:24:03 PM     0        54      1.00      0.00  ksoftirqd/6
09:24:03 PM     0        59      1.00      0.00  migration/7
09:24:03 PM     0        60      1.00      0.00  ksoftirqd/7
09:24:03 PM     0        65      1.00      0.00  migration/8
09:24:03 PM     0        71      1.00      0.00  migration/9
09:24:03 PM     0        77      1.00      0.00  migration/10
09:24:03 PM     0        78      2.00      0.00  ksoftirqd/10
09:24:03 PM     0        83      1.00      0.00  migration/11
09:24:03 PM     0        95      2.00      0.00  kcompactd0
09:24:03 PM     0       415      3.00      0.00  systemd-journal
09:24:03 PM     0       453      1.00      0.00  multipathd
09:24:03 PM     0       773      3.00      0.00  sshd
09:24:03 PM     0     21554      1.00      0.00  packagekitd
09:24:03 PM     0    179405      3.00      0.00  kworker/6:1-events
09:24:03 PM     0    180922      2.00      0.00  kworker/2:0-events
09:24:03 PM     0    186631      2.00      0.00  kworker/3:2-mm_percpu_wq
09:24:03 PM     0    186893      2.00      0.00  kworker/11:0-mm_percpu_wq
09:24:03 PM     0    189255      4.00      0.00  kworker/7:2-events
09:24:03 PM     0    189918      1.00      0.00  kworker/9:1-mm_percpu_wq
09:24:03 PM     0    193064      2.00      0.00  kworker/u24:0-ipv6_addrconf
09:24:03 PM     0    197671      1.00      0.00  kworker/0:1-events
09:24:03 PM     0    199074      1.00      0.00  kworker/4:1-events
09:24:03 PM     0    200794      3.00      0.00  kworker/1:1-mm_percpu_wq
09:24:03 PM     0    202794      1.00      0.00  kworker/10:1-events
09:24:03 PM     0    203022      1.00      0.00  kworker/u24:3-events_power_efficient
09:24:03 PM     0    204082      1.00      0.00  iostat
09:24:03 PM     0    204083      1.00      2.00  pidstat
09:24:03 PM     0    204084      5.00      0.00  bash
09:24:03 PM     0    204085      7.00      0.00  bash
09:24:03 PM     0    204086      4.00      0.00  bash
09:24:03 PM     0    204088    100.00      0.00  fio
09:24:03 PM     0    205093      1.00      0.00  kworker/5:2-mm_percpu_wq
09:24:03 PM     0    205717      1.00      0.00  sleep
09:24:03 PM     0    205730      1.00      0.00  sleep
09:24:03 PM     0    205731      1.00      0.00  sleep

09:24:03 PM   UID       PID   cswch/s nvcswch/s  Command
09:24:04 PM     0        16      2.00      0.00  ksoftirqd/0
09:24:04 PM     0        17     16.00      0.00  rcu_preempt
09:24:04 PM     0        48      1.00      0.00  ksoftirqd/5
09:24:04 PM     0        60      2.00      0.00  ksoftirqd/7
09:24:04 PM     0        95      2.00      0.00  kcompactd0
09:24:04 PM     0       453      1.00      0.00  multipathd
09:24:04 PM     0    179405      2.00      0.00  kworker/6:1-events
09:24:04 PM     0    180922      3.00      0.00  kworker/2:0-events
09:24:04 PM     0    186631      2.00      0.00  kworker/3:2-events
09:24:04 PM     0    189255      4.00      0.00  kworker/7:2-events
09:24:04 PM     0    189918      1.00      0.00  kworker/9:1-events
09:24:04 PM     0    199074      1.00      0.00  kworker/4:1-mm_percpu_wq
09:24:04 PM     0    200794      4.00      0.00  kworker/1:1-events
09:24:04 PM     0    202794      1.00      0.00  kworker/10:1-mm_percpu_wq
09:24:04 PM     0    203022      4.00      0.00  kworker/u24:3-writeback
09:24:04 PM     0    204082      1.00      0.00  iostat
09:24:04 PM     0    204083      1.00      0.00  pidstat
09:24:04 PM     0    204084      5.00      0.00  bash
09:24:04 PM     0    204085      7.00      0.00  bash
09:24:04 PM     0    204086      4.00      0.00  bash
09:24:04 PM     0    204088     99.00      0.00  fio
09:24:04 PM     0    205734      1.00      0.00  sleep
09:24:04 PM     0    205744      1.00      0.00  sleep
09:24:04 PM     0    205746      1.00      0.00  sleep

09:24:04 PM   UID       PID   cswch/s nvcswch/s  Command
09:24:05 PM     0        17     21.00      0.00  rcu_preempt
09:24:05 PM     0        24      1.00      0.00  ksoftirqd/1
09:24:05 PM     0        95      2.00      0.00  kcompactd0
09:24:05 PM     0       453      1.00      0.00  multipathd
09:24:05 PM     0       562      3.00      0.00  jbd2/nvme1n1p3-8
09:24:05 PM     0    179405      1.00      0.00  kworker/6:1-events
09:24:05 PM     0    180922      3.00      0.00  kworker/2:0-events
09:24:05 PM     0    186631      1.00      0.00  kworker/3:2-mm_percpu_wq
09:24:05 PM     0    186893      2.00      0.00  kworker/11:0-mm_percpu_wq
09:24:05 PM     0    189255      1.00      0.00  kworker/7:2-events
09:24:05 PM     0    189918      2.00      0.00  kworker/9:1-events
09:24:05 PM     0    197671      1.00      0.00  kworker/0:1-mm_percpu_wq
09:24:05 PM     0    199074      3.00      0.00  kworker/4:1-mm_percpu_wq
09:24:05 PM     0    200794      3.00      0.00  kworker/1:1-events
09:24:05 PM     0    202794      1.00      0.00  kworker/10:1-mm_percpu_wq
09:24:05 PM     0    203022      4.00      0.00  kworker/u24:3-writeback
09:24:05 PM     0    204082      1.00      0.00  iostat
09:24:05 PM     0    204083      1.00      1.00  pidstat
09:24:05 PM     0    204084      5.00      0.00  bash
09:24:05 PM     0    204085      8.00      0.00  bash
09:24:05 PM     0    204086      4.00      0.00  bash
09:24:05 PM     0    204088     99.00      0.00  fio
09:24:05 PM     0    205093      2.00      0.00  kworker/5:2-mm_percpu_wq
09:24:05 PM     0    205749      1.00      0.00  sleep
09:24:05 PM     0    205760      1.00      0.00  sleep
09:24:05 PM     0    205761      1.00      0.00  sleep

09:24:05 PM   UID       PID   cswch/s nvcswch/s  Command
09:24:06 PM     0        16      1.00      0.00  ksoftirqd/0
09:24:06 PM     0        17     18.00      0.00  rcu_preempt
09:24:06 PM     0        35      1.00      0.00  migration/3
09:24:06 PM     0        36      1.00      0.00  ksoftirqd/3
09:24:06 PM     0        78      1.00      0.00  ksoftirqd/10
09:24:06 PM     0        95      2.00      0.00  kcompactd0
09:24:06 PM     0       453      1.00      0.00  multipathd
09:24:06 PM     0    179405      2.00      0.00  kworker/6:1-events
09:24:06 PM     0    180922      3.00      0.00  kworker/2:0-events
09:24:06 PM     0    186631      2.00      0.00  kworker/3:2-events
09:24:06 PM     0    186893      1.00      0.00  kworker/11:0-events
09:24:06 PM     0    189255      1.00      0.00  kworker/7:2-mm_percpu_wq
09:24:06 PM     0    193064      1.00      0.00  kworker/u24:0-ipv6_addrconf
09:24:06 PM     0    197671      1.00      0.00  kworker/0:1-events
09:24:06 PM     0    199074      2.00      0.00  kworker/4:1-events
09:24:06 PM     0    200794      4.00      0.00  kworker/1:1-events
09:24:06 PM     0    202794      3.00      0.00  kworker/10:1-events
09:24:06 PM     0    203022      2.00      0.00  kworker/u24:3-events_power_efficient
09:24:06 PM     0    204082      1.00      0.00  iostat
09:24:06 PM     0    204083      1.00      0.00  pidstat
09:24:06 PM     0    204084      5.00      0.00  bash
09:24:06 PM     0    204085      8.00      0.00  bash
09:24:06 PM     0    204086      4.00      0.00  bash
09:24:06 PM     0    204088     99.00      0.00  fio
09:24:06 PM     0    205764      1.00      0.00  sleep
09:24:06 PM     0    205774      1.00      0.00  sleep
09:24:06 PM     0    205776      1.00      0.00  sleep

09:24:06 PM   UID       PID   cswch/s nvcswch/s  Command
09:24:07 PM     0        16      1.00      0.00  ksoftirqd/0
09:24:07 PM     0        17     19.00      0.00  rcu_preempt
09:24:07 PM     0        18      1.00      0.00  migration/0
09:24:07 PM     0        23      1.00      0.00  migration/1
09:24:07 PM     0        24      1.00      0.00  ksoftirqd/1
09:24:07 PM     0        29      1.00      0.00  migration/2
09:24:07 PM     0        35      1.00      0.00  migration/3
09:24:07 PM     0        36      1.00      0.00  ksoftirqd/3
09:24:07 PM     0        41      1.00      0.00  migration/4
09:24:07 PM     0        47      1.00      0.00  migration/5
09:24:07 PM     0        53      1.00      0.00  migration/6
09:24:07 PM     0        59      1.00      0.00  migration/7
09:24:07 PM     0        60      1.00      0.00  ksoftirqd/7
09:24:07 PM     0        65      1.00      0.00  migration/8
09:24:07 PM     0        71      1.00      0.00  migration/9
09:24:07 PM     0        77      1.00      0.00  migration/10
09:24:07 PM     0        78      1.00      0.00  ksoftirqd/10
09:24:07 PM     0        83      1.00      0.00  migration/11
09:24:07 PM     0        84      1.00      0.00  ksoftirqd/11
09:24:07 PM     0        95      2.00      0.00  kcompactd0
09:24:07 PM     0       102      1.00      0.00  irq/9-acpi
09:24:07 PM     0       193      5.00      0.00  kworker/9:1H-kblockd
09:24:07 PM     0       359      3.00      0.00  jbd2/nvme1n1p2-8
09:24:07 PM     0       453      1.00      0.00  multipathd
09:24:07 PM     0    179405      1.00      0.00  kworker/6:1-mm_percpu_wq
09:24:07 PM     0    180922      2.00      0.00  kworker/2:0-events
09:24:07 PM     0    186631      6.00      0.00  kworker/3:2-events
09:24:07 PM     0    186893      2.00      0.00  kworker/11:0-events
09:24:07 PM     0    189255      1.00      0.00  kworker/7:2-events
09:24:07 PM     0    189918      3.00      0.00  kworker/9:1-mm_percpu_wq
09:24:07 PM     0    190951      1.00      0.00  kworker/10:0-i915-unordered
09:24:07 PM     0    193064      4.00      0.00  kworker/u24:0-events_unbound
09:24:07 PM     0    197671      2.00      0.00  kworker/0:1-events
09:24:07 PM     0    199074      1.00      0.00  kworker/4:1-events
09:24:07 PM     0    200794      2.00      0.00  kworker/1:1-mm_percpu_wq
09:24:07 PM     0    202794      9.00      0.00  kworker/10:1-mm_percpu_wq
09:24:07 PM     0    203022      7.00      0.00  kworker/u24:3-writeback
09:24:07 PM     0    204082      1.00      0.00  iostat
09:24:07 PM     0    204083      1.00      1.00  pidstat
09:24:07 PM     0    204084      5.00      0.00  bash
09:24:07 PM     0    204085      6.00      0.00  bash
09:24:07 PM     0    204086      4.00      0.00  bash
09:24:07 PM     0    204088     99.00      0.00  fio
09:24:07 PM     0    205093      1.00      0.00  kworker/5:2-mm_percpu_wq
09:24:07 PM     0    205779      1.00      0.00  sleep
09:24:07 PM     0    205789      1.00      0.00  sleep
09:24:07 PM     0    205791      1.00      0.00  sleep

09:24:07 PM   UID       PID   cswch/s nvcswch/s  Command
09:24:08 PM     0        16      1.00      0.00  ksoftirqd/0
09:24:08 PM     0        17     18.00      0.00  rcu_preempt
09:24:08 PM     0        24      1.00      0.00  ksoftirqd/1
09:24:08 PM     0        36      1.00      0.00  ksoftirqd/3
09:24:08 PM     0        72      1.00      0.00  ksoftirqd/9
09:24:08 PM     0        78      1.00      0.00  ksoftirqd/10
09:24:08 PM     0        83      1.00      0.00  migration/11
09:24:08 PM     0        95      2.00      0.00  kcompactd0
09:24:08 PM     0       195      1.00      0.00  kworker/6:1H-kblockd
09:24:08 PM     0       453      1.00      0.00  multipathd
09:24:08 PM     0    180922      1.00      0.00  kworker/2:0-events
09:24:08 PM     0    186631      3.00      0.00  kworker/3:2-events
09:24:08 PM     0    186893      1.00      0.00  kworker/11:0-mm_percpu_wq
09:24:08 PM     0    189255      1.00      0.00  kworker/7:2-mm_percpu_wq
09:24:08 PM     0    189918      1.00      0.00  kworker/9:1-events
09:24:08 PM     0    193064      3.00      0.00  kworker/u24:0-writeback
09:24:08 PM     0    197671      2.00      0.00  kworker/0:1-events
09:24:08 PM     0    199074      3.00      0.00  kworker/4:1-events
09:24:08 PM     0    202794      3.00      0.00  kworker/10:1-events
09:24:08 PM     0    204082      1.00      0.00  iostat
09:24:08 PM     0    204083      1.00      0.00  pidstat
09:24:08 PM     0    204084      5.00      0.00  bash
09:24:08 PM     0    204085      8.00      0.00  bash
09:24:08 PM     0    204086      4.00      0.00  bash
09:24:08 PM     0    204088     99.00      0.00  fio
09:24:08 PM     0    205794      1.00      0.00  sleep
09:24:08 PM     0    205805      1.00      1.00  sleep
09:24:08 PM     0    205806      1.00      0.00  sleep

09:24:08 PM   UID       PID   cswch/s nvcswch/s  Command
09:24:09 PM     0        17     21.00      0.00  rcu_preempt
09:24:09 PM     0        24      2.00      0.00  ksoftirqd/1
09:24:09 PM     0        42      1.00      0.00  ksoftirqd/4
09:24:09 PM     0        72      2.00      0.00  ksoftirqd/9
09:24:09 PM     0        84      1.00      0.00  ksoftirqd/11
09:24:09 PM     0        95      2.00      0.00  kcompactd0
09:24:09 PM     0       453      1.00      0.00  multipathd
09:24:09 PM     0    180922      2.00      0.00  kworker/2:0-events
09:24:09 PM     0    186631      2.00      0.00  kworker/3:2-mm_percpu_wq
09:24:09 PM     0    189255      1.00      0.00  kworker/7:2-events
09:24:09 PM     0    189918      3.00      0.00  kworker/9:1-events
09:24:09 PM     0    193064      1.00      0.00  kworker/u24:0-edac-poller
09:24:09 PM     0    197671      3.00      0.00  kworker/0:1-mm_percpu_wq
09:24:09 PM     0    199074      3.00      0.00  kworker/4:1-events
09:24:09 PM     0    200794      3.00      0.00  kworker/1:1-mm_percpu_wq
09:24:09 PM     0    202794      2.00      0.00  kworker/10:1-mm_percpu_wq
09:24:09 PM     0    204082      1.00      0.00  iostat
09:24:09 PM     0    204083      1.00      0.00  pidstat
09:24:09 PM     0    204084      5.00      0.00  bash
09:24:09 PM     0    204085      8.00      0.00  bash
09:24:09 PM     0    204086      4.00      0.00  bash
09:24:09 PM     0    204088     99.00      0.00  fio
09:24:09 PM     0    205093      1.00      0.00  kworker/5:2-mm_percpu_wq
09:24:09 PM     0    205809      1.00      0.00  sleep
09:24:09 PM     0    205820      1.00      0.00  sleep
09:24:09 PM     0    205821      1.00      0.00  sleep

09:24:09 PM   UID       PID   cswch/s nvcswch/s  Command
09:24:10 PM     0        17     20.00      0.00  rcu_preempt
09:24:10 PM     0        24      1.00      0.00  ksoftirqd/1
09:24:10 PM     0        36      2.00      0.00  ksoftirqd/3
09:24:10 PM     0        78      2.00      0.00  ksoftirqd/10
09:24:10 PM     0        95      2.00      0.00  kcompactd0
09:24:10 PM     0       191      1.00      0.00  kworker/1:1H-kblockd
09:24:10 PM     0       453      1.00      0.00  multipathd
09:24:10 PM     0       562      3.00      0.00  jbd2/nvme1n1p3-8
09:24:10 PM     0    179405      1.00      0.00  kworker/6:1-mm_percpu_wq
09:24:10 PM     0    180922      1.00      0.00  kworker/2:0-events
09:24:10 PM     0    186631      4.00      0.00  kworker/3:2-events
09:24:10 PM     0    186893      1.00      0.00  kworker/11:0-mm_percpu_wq
09:24:10 PM     0    189255      1.00      0.00  kworker/7:2-mm_percpu_wq
09:24:10 PM     0    189918      2.00      0.00  kworker/9:1-events
09:24:10 PM     0    193064      6.00      0.00  kworker/u24:0-edac-poller
09:24:10 PM     0    197671      1.00      0.00  kworker/0:1-events
09:24:10 PM     0    199074      1.00      0.00  kworker/4:1-mm_percpu_wq
09:24:10 PM     0    200794      1.00      0.00  kworker/1:1-events
09:24:10 PM     0    202794      1.00      0.00  kworker/10:1-events
09:24:10 PM     0    204082      1.00      0.00  iostat
09:24:10 PM     0    204083      1.00      0.00  pidstat
09:24:10 PM     0    204084      5.00      0.00  bash
09:24:10 PM     0    204085      7.00      0.00  bash
09:24:10 PM     0    204086      4.00      0.00  bash
09:24:10 PM     0    204088    100.00      0.00  fio
09:24:10 PM     0    205093      1.00      0.00  kworker/5:2-events
09:24:10 PM     0    205824      1.00      0.00  sleep
09:24:10 PM     0    205834      1.00      0.00  sleep
09:24:10 PM     0    205836      1.00      0.00  sleep

09:24:10 PM   UID       PID   cswch/s nvcswch/s  Command
09:24:11 PM     0        16      1.00      0.00  ksoftirqd/0
09:24:11 PM     0        17     20.00      0.00  rcu_preempt
09:24:11 PM     0        18      1.00      0.00  migration/0
09:24:11 PM     0        23      1.00      0.00  migration/1
09:24:11 PM     0        24      1.00      0.00  ksoftirqd/1
09:24:11 PM     0        29      1.00      0.00  migration/2
09:24:11 PM     0        35      1.00      0.00  migration/3
09:24:11 PM     0        41      1.00      0.00  migration/4
09:24:11 PM     0        47      1.00      0.00  migration/5
09:24:11 PM     0        53      1.00      0.00  migration/6
09:24:11 PM     0        59      1.00      0.00  migration/7
09:24:11 PM     0        65      1.00      0.00  migration/8
09:24:11 PM     0        71      1.00      0.00  migration/9
09:24:11 PM     0        72      2.00      0.00  ksoftirqd/9
09:24:11 PM     0        77      1.00      0.00  migration/10
09:24:11 PM     0        78      1.00      0.00  ksoftirqd/10
09:24:11 PM     0        83      1.00      0.00  migration/11
09:24:11 PM     0        95      2.00      0.00  kcompactd0
09:24:11 PM     0       453      1.00      0.00  multipathd
09:24:11 PM     0    180922      2.00      0.00  kworker/2:0-events
09:24:11 PM     0    186631      1.00      0.00  kworker/3:2-events
09:24:11 PM     0    189255      2.00      0.00  kworker/7:2-mm_percpu_wq
09:24:11 PM     0    189918      2.00      0.00  kworker/9:1-events
09:24:11 PM     0    193064      3.00      0.00  kworker/u24:0-events_power_efficient
09:24:11 PM     0    197671      2.00      0.00  kworker/0:1-mm_percpu_wq
09:24:11 PM     0    199074      1.00      0.00  kworker/4:1-events
09:24:11 PM     0    200794      5.00      0.00  kworker/1:1-mm_percpu_wq
09:24:11 PM     0    202794      3.00      0.00  kworker/10:1-events
09:24:11 PM     0    203022      2.00      0.00  kworker/u24:3-events_power_efficient
09:24:11 PM     0    204082      1.00      0.00  iostat
09:24:11 PM     0    204083      1.00      1.00  pidstat
09:24:11 PM     0    204084      5.00      0.00  bash
09:24:11 PM     0    204085      8.00      0.00  bash
09:24:11 PM     0    204086      4.00      0.00  bash
09:24:11 PM     0    204088     99.00      0.00  fio
09:24:11 PM     0    205093      1.00      0.00  kworker/5:2-mm_percpu_wq
09:24:11 PM     0    205839      1.00      0.00  sleep
09:24:11 PM     0    205850      1.00      0.00  sleep
09:24:11 PM     0    205851      1.00      0.00  sleep

09:24:11 PM   UID       PID   cswch/s nvcswch/s  Command
09:24:12 PM     0        17     22.00      0.00  rcu_preempt
09:24:12 PM     0        36      1.00      0.00  ksoftirqd/3
09:24:12 PM     0        72      1.00      0.00  ksoftirqd/9
09:24:12 PM     0        95      2.00      0.00  kcompactd0
09:24:12 PM     0       453      1.00      0.00  multipathd
09:24:12 PM     0    179405      1.00      0.00  kworker/6:1-mm_percpu_wq
09:24:12 PM     0    180922      1.00      0.00  kworker/2:0-events
09:24:12 PM     0    186631      4.00      0.00  kworker/3:2-events
09:24:12 PM     0    186893      1.00      0.00  kworker/11:0-mm_percpu_wq
09:24:12 PM     0    189255      1.00      0.00  kworker/7:2-events
09:24:12 PM     0    189918      2.00      0.00  kworker/9:1-events
09:24:12 PM     0    193064      1.00      0.00  kworker/u24:0-events_unbound
09:24:12 PM     0    197671      2.00      0.00  kworker/0:1-events
09:24:12 PM     0    199074      1.00      0.00  kworker/4:1-events
09:24:12 PM     0    202794      2.00      0.00  kworker/10:1-events
09:24:12 PM     0    203022      1.00      0.00  kworker/u24:3-events_power_efficient
09:24:12 PM     0    204082      1.00      0.00  iostat
09:24:12 PM     0    204083      1.00      0.00  pidstat
09:24:12 PM     0    204084      5.00      0.00  bash
09:24:12 PM     0    204085      8.00      0.00  bash
09:24:12 PM     0    204086      4.00      0.00  bash
09:24:12 PM     0    204088     99.00      0.00  fio
09:24:12 PM     0    205854      1.00      0.00  sleep
09:24:12 PM     0    205865      1.00      0.00  sleep
09:24:12 PM     0    205866      1.00      0.00  sleep

09:24:12 PM   UID       PID   cswch/s nvcswch/s  Command
09:24:13 PM     0         1      3.00      0.00  systemd
09:24:13 PM     0        17     46.00      0.00  rcu_preempt
09:24:13 PM     0        24      1.00      0.00  ksoftirqd/1
09:24:13 PM     0        35      1.00      0.00  migration/3
09:24:13 PM     0        42      1.00      0.00  ksoftirqd/4
09:24:13 PM     0        78      1.00      0.00  ksoftirqd/10
09:24:13 PM     0        84      1.00      0.00  ksoftirqd/11
09:24:13 PM     0        95      2.00      0.00  kcompactd0
09:24:13 PM     0       415      2.00      0.00  systemd-journal
09:24:13 PM     0       453      1.00      0.00  multipathd
09:24:13 PM     0       773      3.00      0.00  sshd
09:24:13 PM     0     21554      1.00      0.00  packagekitd
09:24:13 PM     0    179405      1.00      0.00  kworker/6:1-mm_percpu_wq
09:24:13 PM     0    180922      2.00      0.00  kworker/2:0-events
09:24:13 PM     0    186631      6.00      0.00  kworker/3:2-events
09:24:13 PM     0    186893      2.00      0.00  kworker/11:0-mm_percpu_wq
09:24:13 PM     0    189255      3.00      0.00  kworker/7:2-mm_percpu_wq
09:24:13 PM     0    189918      1.00      0.00  kworker/9:1-mm_percpu_wq
09:24:13 PM     0    193064      3.00      0.00  kworker/u24:0-edac-poller
09:24:13 PM     0    197671      2.00      0.00  kworker/0:1-events
09:24:13 PM     0    199074      2.00      0.00  kworker/4:1-mm_percpu_wq
09:24:13 PM     0    200794      3.00      0.00  kworker/1:1-events
09:24:13 PM     0    202794      1.00      0.00  kworker/10:1-events
09:24:13 PM     0    204082      1.00      0.00  iostat
09:24:13 PM     0    204083      1.00      0.00  pidstat
09:24:13 PM     0    204084      5.00      0.00  bash
09:24:13 PM     0    204085      8.00      0.00  bash
09:24:13 PM     0    204086      4.00      0.00  bash
09:24:13 PM     0    204088     99.00      0.00  fio
09:24:13 PM     0    205093      1.00      0.00  kworker/5:2-mm_percpu_wq
09:24:13 PM     0    205869      1.00      0.00  sleep
09:24:13 PM     0    205880      1.00      0.00  sleep
09:24:13 PM     0    205881      1.00      0.00  sleep

09:24:13 PM   UID       PID   cswch/s nvcswch/s  Command
09:24:14 PM     0        17     20.00      0.00  rcu_preempt
09:24:14 PM     0        23      1.00      0.00  migration/1
09:24:14 PM     0        36      2.00      0.00  ksoftirqd/3
09:24:14 PM     0        54      2.00      0.00  ksoftirqd/6
09:24:14 PM     0        84      1.00      0.00  ksoftirqd/11
09:24:14 PM     0        95      2.00      0.00  kcompactd0
09:24:14 PM     0       191      1.00      0.00  kworker/1:1H-kblockd
09:24:14 PM     0       415      1.00      0.00  systemd-journal
09:24:14 PM     0       453      1.00      0.00  multipathd
09:24:14 PM     0    180922      1.00      0.00  kworker/2:0-events
09:24:14 PM     0    186631      3.00      0.00  kworker/3:2-mm_percpu_wq
09:24:14 PM     0    186893      4.00      0.00  kworker/11:0-mm_percpu_wq
09:24:14 PM     0    189255      1.00      0.00  kworker/7:2-mm_percpu_wq
09:24:14 PM     0    189918      3.00      0.00  kworker/9:1-events
09:24:14 PM     0    193064      1.00      0.00  kworker/u24:0-events_unbound
09:24:14 PM     0    197671      1.00      0.00  kworker/0:1-mm_percpu_wq
09:24:14 PM     0    199074      2.00      0.00  kworker/4:1-mm_percpu_wq
09:24:14 PM     0    200794      2.00      0.00  kworker/1:1-events
09:24:14 PM     0    202794      2.00      0.00  kworker/10:1-events
09:24:14 PM     0    203022      1.00      0.00  kworker/u24:3-events_power_efficient
09:24:14 PM     0    204082      1.00      0.00  iostat
09:24:14 PM     0    204083      1.00      1.00  pidstat
09:24:14 PM     0    204084      5.00      0.00  bash
09:24:14 PM     0    204085      7.00      0.00  bash
09:24:14 PM     0    204086      4.00      0.00  bash
09:24:14 PM     0    204088    100.00      0.00  fio
09:24:14 PM     0    205093      1.00      0.00  kworker/5:2-mm_percpu_wq
09:24:14 PM     0    205886      1.00      0.00  sleep
09:24:14 PM     0    205897      1.00      0.00  sleep
09:24:14 PM     0    205898      1.00      0.00  sleep

09:24:14 PM   UID       PID   cswch/s nvcswch/s  Command
09:24:15 PM     0        16      1.00      0.00  ksoftirqd/0
09:24:15 PM     0        17     18.00      0.00  rcu_preempt
09:24:15 PM     0        18      1.00      0.00  migration/0
09:24:15 PM     0        23      1.00      0.00  migration/1
09:24:15 PM     0        29      1.00      0.00  migration/2
09:24:15 PM     0        35      1.00      0.00  migration/3
09:24:15 PM     0        41      1.00      0.00  migration/4
09:24:15 PM     0        47      1.00      0.00  migration/5
09:24:15 PM     0        53      1.00      0.00  migration/6
09:24:15 PM     0        54      1.00      0.00  ksoftirqd/6
09:24:15 PM     0        59      1.00      0.00  migration/7
09:24:15 PM     0        65      1.00      0.00  migration/8
09:24:15 PM     0        71      1.00      0.00  migration/9
09:24:15 PM     0        77      1.00      0.00  migration/10
09:24:15 PM     0        78      1.00      0.00  ksoftirqd/10
09:24:15 PM     0        83      1.00      0.00  migration/11
09:24:15 PM     0        95      2.00      0.00  kcompactd0
09:24:15 PM     0       172      1.00      0.00  kworker/3:1H-kblockd
09:24:15 PM     0       453      1.00      0.00  multipathd
09:24:15 PM     0       562      3.00      0.00  jbd2/nvme1n1p3-8
09:24:15 PM     0    179405      2.00      0.00  kworker/6:1-events
09:24:15 PM     0    180922      3.00      0.00  kworker/2:0-events
09:24:15 PM     0    186631      1.00      0.00  kworker/3:2-events
09:24:15 PM     0    186893      2.00      0.00  kworker/11:0-events
09:24:15 PM     0    189255      1.00      0.00  kworker/7:2-events
09:24:15 PM     0    189918      3.00      0.00  kworker/9:1-events
09:24:15 PM     0    193064      6.00      0.00  kworker/u24:0-writeback
09:24:15 PM     0    197671      1.00      0.00  kworker/0:1-events
09:24:15 PM     0    199074      2.00      0.00  kworker/4:1-events
09:24:15 PM     0    200794      5.00      0.00  kworker/1:1-mm_percpu_wq
09:24:15 PM     0    202794      2.00      0.00  kworker/10:1-events
09:24:15 PM     0    203022      2.00      0.00  kworker/u24:3-flush-259:1
09:24:15 PM     0    204082      1.00      0.00  iostat
09:24:15 PM     0    204083      1.00      0.00  pidstat
09:24:15 PM     0    204084      5.00      1.00  bash
09:24:15 PM     0    204085      8.00      0.00  bash
09:24:15 PM     0    204086      4.00      0.00  bash
09:24:15 PM     0    204088     99.00      0.00  fio
09:24:15 PM     0    205901      1.00      0.00  sleep
09:24:15 PM     0    205912      1.00      0.00  sleep
09:24:15 PM     0    205913      1.00      0.00  sleep

09:24:15 PM   UID       PID   cswch/s nvcswch/s  Command
09:24:16 PM     0        16      1.00      0.00  ksoftirqd/0
09:24:16 PM     0        17     20.00      0.00  rcu_preempt
09:24:16 PM     0        36      1.00      0.00  ksoftirqd/3
09:24:16 PM     0        78      1.00      0.00  ksoftirqd/10
09:24:16 PM     0        84      1.00      0.00  ksoftirqd/11
09:24:16 PM     0        95      1.00      0.00  kcompactd0
09:24:16 PM     0       453      1.00      0.00  multipathd
09:24:16 PM     0    179405      2.00      0.00  kworker/6:1-mm_percpu_wq
09:24:16 PM     0    180922      2.00      0.00  kworker/2:0-events
09:24:16 PM     0    186631      4.00      0.00  kworker/3:2-events
09:24:16 PM     0    186893      3.00      0.00  kworker/11:0-events
09:24:16 PM     0    189255      1.00      0.00  kworker/7:2-mm_percpu_wq
09:24:16 PM     0    189918      1.00      0.00  kworker/9:1-events
09:24:16 PM     0    193064      2.00      0.00  kworker/u24:0-events_power_efficient
09:24:16 PM     0    197671      3.00      0.00  kworker/0:1-events
09:24:16 PM     0    199074      2.00      0.00  kworker/4:1-mm_percpu_wq
09:24:16 PM     0    200794      3.00      0.00  kworker/1:1-mm_percpu_wq
09:24:16 PM     0    202794      1.00      0.00  kworker/10:1-mm_percpu_wq
09:24:16 PM     0    203022      2.00      0.00  kworker/u24:3-flush-259:1
09:24:16 PM     0    204082      1.00      0.00  iostat
09:24:16 PM     0    204083      1.00      0.00  pidstat
09:24:16 PM     0    204084      5.00      0.00  bash
09:24:16 PM     0    204085      6.00      1.00  bash
09:24:16 PM     0    204086      4.00      0.00  bash
09:24:16 PM     0    204088    100.00      0.00  fio
09:24:16 PM     0    205093      1.00      0.00  kworker/5:2-mm_percpu_wq
09:24:16 PM     0    205916      1.00      0.00  sleep
09:24:16 PM     0    205927      1.00      0.00  sleep
09:24:16 PM     0    205928      1.00      0.00  sleep

09:24:16 PM   UID       PID   cswch/s nvcswch/s  Command
09:24:17 PM     0        16      1.00      0.00  ksoftirqd/0
09:24:17 PM     0        17     24.00      0.00  rcu_preempt
09:24:17 PM     0        53      1.00      0.00  migration/6
09:24:17 PM     0        60      1.00      0.00  ksoftirqd/7
09:24:17 PM     0        78      1.00      0.00  ksoftirqd/10
09:24:17 PM     0        84      1.00      0.00  ksoftirqd/11
09:24:17 PM     0        95      2.00      0.00  kcompactd0
09:24:17 PM     0       102      1.00      0.00  irq/9-acpi
09:24:17 PM     0       453      1.00      0.00  multipathd
09:24:17 PM     0    179405      1.00      0.00  kworker/6:1-mm_percpu_wq
09:24:17 PM     0    180922      2.00      0.00  kworker/2:0-events
09:24:17 PM     0    186631      3.00      0.00  kworker/3:2-mm_percpu_wq
09:24:17 PM     0    186893      2.00      0.00  kworker/11:0-events
09:24:17 PM     0    189255      2.00      0.00  kworker/7:2-mm_percpu_wq
09:24:17 PM     0    189918      1.00      0.00  kworker/9:1-mm_percpu_wq
09:24:17 PM     0    190951      2.00      0.00  kworker/10:0+i915-unordered
09:24:17 PM     0    197671      6.00      0.00  kworker/0:1-mm_percpu_wq
09:24:17 PM     0    199074      3.00      0.00  kworker/4:1-mm_percpu_wq
09:24:17 PM     0    200794      3.00      0.00  kworker/1:1-mm_percpu_wq
09:24:17 PM     0    202794   1069.00      0.00  kworker/10:1+events
09:24:17 PM     0    203022      1.00      0.00  kworker/u24:3-edac-poller
09:24:17 PM     0    204082      1.00      0.00  iostat
09:24:17 PM     0    204083      1.00      0.00  pidstat
09:24:17 PM     0    204084      5.00      0.00  bash
09:24:17 PM     0    204085      7.00      0.00  bash
09:24:17 PM     0    204086      4.00      0.00  bash
09:24:17 PM     0    204088     99.00      0.00  fio
09:24:17 PM     0    205093      1.00      0.00  kworker/5:2-mm_percpu_wq
09:24:17 PM     0    205931      1.00      0.00  sleep
09:24:17 PM     0    205942      1.00      0.00  sleep
09:24:17 PM     0    205943      1.00      0.00  sleep

09:24:17 PM   UID       PID   cswch/s nvcswch/s  Command
09:24:18 PM     0        16      2.00      0.00  ksoftirqd/0
09:24:18 PM     0        17     21.00      0.00  rcu_preempt
09:24:18 PM     0        60      2.00      0.00  ksoftirqd/7
09:24:18 PM     0        84      1.00      0.00  ksoftirqd/11
09:24:18 PM     0        95      2.00      0.00  kcompactd0
09:24:18 PM     0       453      1.00      0.00  multipathd
09:24:18 PM     0    179405      1.00      0.00  kworker/6:1-mm_percpu_wq
09:24:18 PM     0    180922      1.00      0.00  kworker/2:0-events
09:24:18 PM     0    186631      5.00      0.00  kworker/3:2-events
09:24:18 PM     0    186893      4.00      0.00  kworker/11:0-events
09:24:18 PM     0    189255      4.00      0.00  kworker/7:2-events
09:24:18 PM     0    189918      1.00      0.00  kworker/9:1-mm_percpu_wq
09:24:18 PM     0    190951   1134.00      0.00  kworker/10:0-mm_percpu_wq
09:24:18 PM     0    197671      3.00      0.00  kworker/0:1-events
09:24:18 PM     0    199074      3.00      0.00  kworker/4:1-events
09:24:18 PM     0    202794     69.00      1.00  kworker/10:1-events
09:24:18 PM     0    203022      3.00      0.00  kworker/u24:3-events_unbound
09:24:18 PM     0    204082      1.00      0.00  iostat
09:24:18 PM     0    204083      1.00      1.00  pidstat
09:24:18 PM     0    204084      5.00      0.00  bash
09:24:18 PM     0    204085      7.00      0.00  bash
09:24:18 PM     0    204086      4.00      0.00  bash
09:24:18 PM     0    204088     99.00      0.00  fio
09:24:18 PM     0    205093      1.00      0.00  kworker/5:2-mm_percpu_wq
09:24:18 PM     0    205946      1.00      0.00  sleep
09:24:18 PM     0    205956      1.00      0.00  sleep
09:24:18 PM     0    205958      1.00      0.00  sleep

09:24:18 PM   UID       PID   cswch/s nvcswch/s  Command
09:24:19 PM     0        16      1.00      0.00  ksoftirqd/0
09:24:19 PM     0        17     19.00      0.00  rcu_preempt
09:24:19 PM     0        18      1.00      0.00  migration/0
09:24:19 PM     0        23      1.00      0.00  migration/1
09:24:19 PM     0        24      1.00      0.00  ksoftirqd/1
09:24:19 PM     0        29      1.00      0.00  migration/2
09:24:19 PM     0        35      1.00      0.00  migration/3
09:24:19 PM     0        41      1.00      0.00  migration/4
09:24:19 PM     0        47      1.00      0.00  migration/5
09:24:19 PM     0        53      1.00      0.00  migration/6
09:24:19 PM     0        59      1.00      0.00  migration/7
09:24:19 PM     0        60      2.00      0.00  ksoftirqd/7
09:24:19 PM     0        65      1.00      0.00  migration/8
09:24:19 PM     0        71      1.00      0.00  migration/9
09:24:19 PM     0        77      1.00      0.00  migration/10
09:24:19 PM     0        78      1.00      0.00  ksoftirqd/10
09:24:19 PM     0        83      1.00      0.00  migration/11
09:24:19 PM     0        95      2.00      0.00  kcompactd0
09:24:19 PM     0       189      4.00      0.00  kworker/4:1H-kblockd
09:24:19 PM     0       359      3.00      0.00  jbd2/nvme1n1p2-8
09:24:19 PM     0       453      1.00      0.00  multipathd
09:24:19 PM     0     88840      3.00      0.00  kworker/u24:1-edac-poller
09:24:19 PM     0    179405      1.00      0.00  kworker/6:1-mm_percpu_wq
09:24:19 PM     0    180922      2.00      0.00  kworker/2:0-events
09:24:19 PM     0    182585      1.00      0.00  kworker/8:1-mm_percpu_wq
09:24:19 PM     0    186631      2.00      0.00  kworker/3:2-events
09:24:19 PM     0    186893      2.00      0.00  kworker/11:0-events
09:24:19 PM     0    189255      4.00      0.00  kworker/7:2-events
09:24:19 PM     0    189918      1.00      0.00  kworker/9:1-mm_percpu_wq
09:24:19 PM     0    190951      1.00      0.00  kworker/10:0-mm_percpu_wq
09:24:19 PM     0    193064      8.00      0.00  kworker/u24:0-writeback
09:24:19 PM     0    197671      5.00      0.00  kworker/0:1-events
09:24:19 PM     0    199074      3.00      0.00  kworker/4:1-events
09:24:19 PM     0    200794      2.00      0.00  kworker/1:1-mm_percpu_wq
09:24:19 PM     0    203022      1.00      0.00  kworker/u24:3-flush-259:1
09:24:19 PM     0    204082      1.00      0.00  iostat
09:24:19 PM     0    204083      1.00      0.00  pidstat
09:24:19 PM     0    204084      5.00      0.00  bash
09:24:19 PM     0    204085      8.00      0.00  bash
09:24:19 PM     0    204086      4.00      0.00  bash
09:24:19 PM     0    204088    100.00      0.00  fio
09:24:19 PM     0    205093      1.00      0.00  kworker/5:2-mm_percpu_wq
09:24:19 PM     0    205961      1.00      0.00  sleep
09:24:19 PM     0    205972      1.00      0.00  sleep
09:24:19 PM     0    205973      1.00      0.00  sleep
