Linux 6.8.0-124-generic (cassandra-waf-rig) 	07/08/2026 	_x86_64_	(12 CPU)

09:17:50 PM   UID       PID   cswch/s nvcswch/s  Command
09:17:51 PM     0         1      2.97      0.00  systemd
09:17:51 PM     0        17     37.62      0.00  rcu_preempt
09:17:51 PM     0        23      1.98      0.00  migration/1
09:17:51 PM     0        24      0.99      0.00  ksoftirqd/1
09:17:51 PM     0        30      0.99      0.00  ksoftirqd/2
09:17:51 PM     0        35      0.99      0.00  migration/3
09:17:51 PM     0        36      0.99      0.00  ksoftirqd/3
09:17:51 PM     0        47      4.95      0.00  migration/5
09:17:51 PM     0        48      0.99      0.00  ksoftirqd/5
09:17:51 PM     0        59      0.99      0.00  migration/7
09:17:51 PM     0        71      2.97      0.00  migration/9
09:17:51 PM     0        72      0.99      0.00  ksoftirqd/9
09:17:51 PM     0        78      0.99      0.00  ksoftirqd/10
09:17:51 PM     0        84      0.99      0.00  ksoftirqd/11
09:17:51 PM     0        95      1.98      0.00  kcompactd0
09:17:51 PM     0       172      0.99      0.00  kworker/3:1H-kblockd
09:17:51 PM     0       453      0.99      0.00  multipathd
09:17:51 PM     0       562      2.97      0.00  jbd2/nvme1n1p3-8
09:17:51 PM     0     88840      0.99      0.00  kworker/u24:1-events_power_efficient
09:17:51 PM     0    143435      5.94      0.00  kworker/5:0-events
09:17:51 PM     0    179405      2.97      0.00  kworker/6:1-events
09:17:51 PM     0    180922      3.96      0.00  kworker/2:0-mm_percpu_wq
09:17:51 PM     0    182585      0.99      0.00  kworker/8:1-mm_percpu_wq
09:17:51 PM     0    185621      4.95      0.00  kworker/1:0-events
09:17:51 PM     0    186893      5.94      0.00  kworker/11:0-events
09:17:51 PM     0    189255      0.99      0.00  kworker/7:2-mm_percpu_wq
09:17:51 PM     0    189918      2.97      0.00  kworker/9:1-mm_percpu_wq
09:17:51 PM     0    190951      0.99      0.00  kworker/10:0-mm_percpu_wq
09:17:51 PM     0    197671      0.99      0.00  kworker/0:1-mm_percpu_wq
09:17:51 PM     0    198142      3.96      0.00  kworker/u24:2-events_power_efficient
09:17:51 PM     0    199074      3.96      0.00  kworker/4:1-mm_percpu_wq
09:17:51 PM     0    199741      2.97      0.00  kworker/3:1-mm_percpu_wq
09:17:51 PM     0    200292      0.99      0.00  iostat
09:17:51 PM     0    200293      0.99      0.00  pidstat
09:17:51 PM     0    200294      4.95      0.00  bash
09:17:51 PM     0    200295      6.93      0.00  bash
09:17:51 PM     0    200296      3.96      0.00  bash
09:17:51 PM     0    200298     91.09      0.99  fio
09:17:51 PM     0    200329      0.99      0.00  sleep

09:17:51 PM   UID       PID   cswch/s nvcswch/s  Command
09:17:52 PM     0        17     13.00      0.00  rcu_preempt
09:17:52 PM     0        24      2.00      0.00  ksoftirqd/1
09:17:52 PM     0        48      1.00      0.00  ksoftirqd/5
09:17:52 PM     0        95      2.00      0.00  kcompactd0
09:17:52 PM     0       453      1.00      0.00  multipathd
09:17:52 PM     0     88840      2.00      0.00  kworker/u24:1-events_unbound
09:17:52 PM     0    143435      4.00      0.00  kworker/5:0-mm_percpu_wq
09:17:52 PM     0    179405      2.00      0.00  kworker/6:1-events
09:17:52 PM     0    180922      2.00      0.00  kworker/2:0-events
09:17:52 PM     0    185621      3.00      0.00  kworker/1:0-events
09:17:52 PM     0    186893      1.00      0.00  kworker/11:0-events
09:17:52 PM     0    189255      1.00      0.00  kworker/7:2-events
09:17:52 PM     0    189918      1.00      0.00  kworker/9:1-events
09:17:52 PM     0    190951      1.00      0.00  kworker/10:0-mm_percpu_wq
09:17:52 PM     0    199074      2.00      0.00  kworker/4:1-events
09:17:52 PM     0    199741      1.00      0.00  kworker/3:1-events
09:17:52 PM     0    200292      1.00      0.00  iostat
09:17:52 PM     0    200293      1.00      0.00  pidstat
09:17:52 PM     0    200294      4.00      0.00  bash
09:17:52 PM     0    200295      6.00      0.00  bash
09:17:52 PM     0    200296      4.00      0.00  bash
09:17:52 PM     0    200298    100.00      0.00  fio
09:17:52 PM     0    200340      1.00      0.00  sleep
09:17:52 PM     0    200341      1.00      0.00  sleep
09:17:52 PM     0    200344      1.00      0.00  sleep

09:17:52 PM   UID       PID   cswch/s nvcswch/s  Command
09:17:53 PM     0        16      1.00      0.00  ksoftirqd/0
09:17:53 PM     0        17     17.00      0.00  rcu_preempt
09:17:53 PM     0        48      1.00      0.00  ksoftirqd/5
09:17:53 PM     0        95      2.00      0.00  kcompactd0
09:17:53 PM     0       191      1.00      0.00  kworker/1:1H-kblockd
09:17:53 PM     0       453      1.00      0.00  multipathd
09:17:53 PM     0     21554      1.00      0.00  packagekitd
09:17:53 PM     0     88840      5.00      0.00  kworker/u24:1-writeback
09:17:53 PM     0    143435      5.00      0.00  kworker/5:0-mm_percpu_wq
09:17:53 PM     0    179405      2.00      0.00  kworker/6:1-mm_percpu_wq
09:17:53 PM     0    180922      2.00      0.00  kworker/2:0-events
09:17:53 PM     0    185621      3.00      0.00  kworker/1:0-mm_percpu_wq
09:17:53 PM     0    186893      2.00      0.00  kworker/11:0-events
09:17:53 PM     0    189918      1.00      0.00  kworker/9:1-mm_percpu_wq
09:17:53 PM     0    190951      1.00      0.00  kworker/10:0-events
09:17:53 PM     0    197671      1.00      0.00  kworker/0:1-events
09:17:53 PM     0    198142      1.00      0.00  kworker/u24:2-ext4-rsv-conversion
09:17:53 PM     0    199074      3.00      0.00  kworker/4:1-mm_percpu_wq
09:17:53 PM     0    199741      1.00      0.00  kworker/3:1-events
09:17:53 PM     0    200292      1.00      0.00  iostat
09:17:53 PM     0    200293      1.00      0.00  pidstat
09:17:53 PM     0    200294      5.00      0.00  bash
09:17:53 PM     0    200295      7.00      0.00  bash
09:17:53 PM     0    200296      4.00      0.00  bash
09:17:53 PM     0    200298     99.00      0.00  fio
09:17:53 PM     0    200355      1.00      0.00  sleep
09:17:53 PM     0    200356      1.00      0.00  sleep

09:17:53 PM   UID       PID   cswch/s nvcswch/s  Command
09:17:54 PM     0        16      1.00      0.00  ksoftirqd/0
09:17:54 PM     0        17     15.00      0.00  rcu_preempt
09:17:54 PM     0        18      1.00      0.00  migration/0
09:17:54 PM     0        23      1.00      0.00  migration/1
09:17:54 PM     0        29      1.00      0.00  migration/2
09:17:54 PM     0        35      1.00      0.00  migration/3
09:17:54 PM     0        41      1.00      0.00  migration/4
09:17:54 PM     0        47      1.00      0.00  migration/5
09:17:54 PM     0        48      1.00      0.00  ksoftirqd/5
09:17:54 PM     0        53      1.00      0.00  migration/6
09:17:54 PM     0        59      1.00      0.00  migration/7
09:17:54 PM     0        65      1.00      0.00  migration/8
09:17:54 PM     0        71      1.00      0.00  migration/9
09:17:54 PM     0        72      1.00      0.00  ksoftirqd/9
09:17:54 PM     0        77      1.00      0.00  migration/10
09:17:54 PM     0        78      1.00      0.00  ksoftirqd/10
09:17:54 PM     0        83      1.00      0.00  migration/11
09:17:54 PM     0        95      2.00      0.00  kcompactd0
09:17:54 PM     0       453      1.00      0.00  multipathd
09:17:54 PM     0     88840      3.00      0.00  kworker/u24:1-ipv6_addrconf
09:17:54 PM     0    143435      2.00      0.00  kworker/5:0-events
09:17:54 PM     0    179405      1.00      0.00  kworker/6:1-mm_percpu_wq
09:17:54 PM     0    180922      1.00      0.00  kworker/2:0-events
09:17:54 PM     0    182585      1.00      0.00  kworker/8:1-mm_percpu_wq
09:17:54 PM     0    185621      1.00      0.00  kworker/1:0-events
09:17:54 PM     0    186893      1.00      0.00  kworker/11:0-mm_percpu_wq
09:17:54 PM     0    189255      2.00      0.00  kworker/7:2-events
09:17:54 PM     0    189918      1.00      0.00  kworker/9:1-events
09:17:54 PM     0    190951      5.00      0.00  kworker/10:0-mm_percpu_wq
09:17:54 PM     0    198142      1.00      0.00  kworker/u24:2-ext4-rsv-conversion
09:17:54 PM     0    199074      2.00      0.00  kworker/4:1-events
09:17:54 PM     0    199741      3.00      0.00  kworker/3:1-events
09:17:54 PM     0    200292      1.00      0.00  iostat
09:17:54 PM     0    200293      1.00      0.00  pidstat
09:17:54 PM     0    200294      5.00      0.00  bash
09:17:54 PM     0    200295      8.00      0.00  bash
09:17:54 PM     0    200296      4.00      0.00  bash
09:17:54 PM     0    200298     99.00      0.00  fio
09:17:54 PM     0    200370      1.00      0.00  sleep
09:17:54 PM     0    200371      1.00      0.00  sleep

09:17:54 PM   UID       PID   cswch/s nvcswch/s  Command
09:17:55 PM     0        16      1.00      0.00  ksoftirqd/0
09:17:55 PM     0        17     17.00      0.00  rcu_preempt
09:17:55 PM     0        18      1.00      0.00  migration/0
09:17:55 PM     0        48      1.00      0.00  ksoftirqd/5
09:17:55 PM     0        72      1.00      0.00  ksoftirqd/9
09:17:55 PM     0        78      1.00      0.00  ksoftirqd/10
09:17:55 PM     0        84      2.00      0.00  ksoftirqd/11
09:17:55 PM     0        95      2.00      0.00  kcompactd0
09:17:55 PM     0       453      1.00      0.00  multipathd
09:17:55 PM     0    143435      4.00      0.00  kworker/5:0-mm_percpu_wq
09:17:55 PM     0    179405      1.00      0.00  kworker/6:1-events
09:17:55 PM     0    180922      1.00      0.00  kworker/2:0-events
09:17:55 PM     0    185621      1.00      0.00  kworker/1:0-events
09:17:55 PM     0    186893      3.00      0.00  kworker/11:0-mm_percpu_wq
09:17:55 PM     0    189255      1.00      0.00  kworker/7:2-mm_percpu_wq
09:17:55 PM     0    190951      3.00      0.00  kworker/10:0-mm_percpu_wq
09:17:55 PM     0    197671      1.00      0.00  kworker/0:1-mm_percpu_wq
09:17:55 PM     0    198142      2.00      0.00  kworker/u24:2-flush-259:1
09:17:55 PM     0    199074      2.00      0.00  kworker/4:1-mm_percpu_wq
09:17:55 PM     0    199741      1.00      0.00  kworker/3:1-mm_percpu_wq
09:17:55 PM     0    200292      1.00      0.00  iostat
09:17:55 PM     0    200293      1.00      0.00  pidstat
09:17:55 PM     0    200294      5.00      0.00  bash
09:17:55 PM     0    200295      8.00      0.00  bash
09:17:55 PM     0    200298     99.00      0.00  fio
09:17:55 PM     0    200374      1.00      0.00  sleep
09:17:55 PM     0    200384      1.00      0.00  sleep
09:17:55 PM     0    200386      1.00      0.00  sleep

09:17:55 PM   UID       PID   cswch/s nvcswch/s  Command
09:17:56 PM     0        17     19.00      0.00  rcu_preempt
09:17:56 PM     0        48      1.00      0.00  ksoftirqd/5
09:17:56 PM     0        78      1.00      0.00  ksoftirqd/10
09:17:56 PM     0        84      1.00      0.00  ksoftirqd/11
09:17:56 PM     0        95      2.00      0.00  kcompactd0
09:17:56 PM     0       453      1.00      0.00  multipathd
09:17:56 PM     0       562      3.00      0.00  jbd2/nvme1n1p3-8
09:17:56 PM     0     88840      1.00      0.00  kworker/u24:1-events_unbound
09:17:56 PM     0    143435      3.00      0.00  kworker/5:0-events
09:17:56 PM     0    180922      4.00      0.00  kworker/2:0-events
09:17:56 PM     0    185621      3.00      0.00  kworker/1:0-events
09:17:56 PM     0    186893      3.00      0.00  kworker/11:0-events
09:17:56 PM     0    189255      2.00      0.00  kworker/7:2-events
09:17:56 PM     0    189918      2.00      0.00  kworker/9:1-events
09:17:56 PM     0    190951      2.00      0.00  kworker/10:0-events
09:17:56 PM     0    197671      3.00      0.00  kworker/0:1-events
09:17:56 PM     0    198142      3.00      0.00  kworker/u24:2-flush-259:1
09:17:56 PM     0    199074      2.00      0.00  kworker/4:1-events
09:17:56 PM     0    200292      1.00      0.00  iostat
09:17:56 PM     0    200293      1.00      0.00  pidstat
09:17:56 PM     0    200294      5.00      0.00  bash
09:17:56 PM     0    200295      8.00      0.00  bash
09:17:56 PM     0    200296      4.00      0.00  bash
09:17:56 PM     0    200298     99.00      0.00  fio
09:17:56 PM     0    200389      1.00      0.00  sleep
09:17:56 PM     0    200400      1.00      0.00  sleep
09:17:56 PM     0    200401      1.00      0.00  sleep

09:17:56 PM   UID       PID   cswch/s nvcswch/s  Command
09:17:57 PM     0        17     18.00      0.00  rcu_preempt
09:17:57 PM     0        36      1.00      0.00  ksoftirqd/3
09:17:57 PM     0        48      1.00      0.00  ksoftirqd/5
09:17:57 PM     0        78      2.00      0.00  ksoftirqd/10
09:17:57 PM     0        95      2.00      0.00  kcompactd0
09:17:57 PM     0       113      1.00      0.00  kworker/5:1H-kblockd
09:17:57 PM     0       453      1.00      0.00  multipathd
09:17:57 PM     0     88840      3.00      0.00  kworker/u24:1-events_power_efficient
09:17:57 PM     0    143435      5.00      0.00  kworker/5:0-mm_percpu_wq
09:17:57 PM     0    179405      2.00      0.00  kworker/6:1-events
09:17:57 PM     0    180922      1.00      0.00  kworker/2:0-events
09:17:57 PM     0    186893      1.00      0.00  kworker/11:0-mm_percpu_wq
09:17:57 PM     0    189255      1.00      0.00  kworker/7:2-events
09:17:57 PM     0    189918      1.00      0.00  kworker/9:1-mm_percpu_wq
09:17:57 PM     0    190951      4.00      0.00  kworker/10:0-mm_percpu_wq
09:17:57 PM     0    197671      1.00      0.00  kworker/0:1-events
09:17:57 PM     0    198142      1.00      0.00  kworker/u24:2-flush-259:1
09:17:57 PM     0    199074      3.00      0.00  kworker/4:1-mm_percpu_wq
09:17:57 PM     0    199741      1.00      0.00  kworker/3:1-mm_percpu_wq
09:17:57 PM     0    200292      1.00      0.00  iostat
09:17:57 PM     0    200293      1.00      1.00  pidstat
09:17:57 PM     0    200294      5.00      0.00  bash
09:17:57 PM     0    200295      8.00      0.00  bash
09:17:57 PM     0    200296      4.00      0.00  bash
09:17:57 PM     0    200298     99.00      0.00  fio
09:17:57 PM     0    200404      1.00      0.00  sleep
09:17:57 PM     0    200415      1.00      0.00  sleep
09:17:57 PM     0    200416      1.00      0.00  sleep

09:17:57 PM   UID       PID   cswch/s nvcswch/s  Command
09:17:58 PM     0        17     20.00      0.00  rcu_preempt
09:17:58 PM     0        18      1.00      0.00  migration/0
09:17:58 PM     0        23      1.00      0.00  migration/1
09:17:58 PM     0        29      1.00      0.00  migration/2
09:17:58 PM     0        35      1.00      0.00  migration/3
09:17:58 PM     0        36      1.00      0.00  ksoftirqd/3
09:17:58 PM     0        41      2.00      0.00  migration/4
09:17:58 PM     0        42      2.00      0.00  ksoftirqd/4
09:17:58 PM     0        47      1.00      0.00  migration/5
09:17:58 PM     0        53      1.00      0.00  migration/6
09:17:58 PM     0        59      1.00      0.00  migration/7
09:17:58 PM     0        65      1.00      0.00  migration/8
09:17:58 PM     0        71      1.00      0.00  migration/9
09:17:58 PM     0        77      1.00      0.00  migration/10
09:17:58 PM     0        83      1.00      0.00  migration/11
09:17:58 PM     0        95      2.00      0.00  kcompactd0
09:17:58 PM     0       453      1.00      0.00  multipathd
09:17:58 PM     0    143435      3.00      0.00  kworker/5:0-events
09:17:58 PM     0    179405      1.00      0.00  kworker/6:1-events
09:17:58 PM     0    180922      2.00      0.00  kworker/2:0-events
09:17:58 PM     0    185621      2.00      0.00  kworker/1:0-events
09:17:58 PM     0    189255      2.00      0.00  kworker/7:2-events
09:17:58 PM     0    190951      1.00      0.00  kworker/10:0-events
09:17:58 PM     0    198142      1.00      0.00  kworker/u24:2-edac-poller
09:17:58 PM     0    199074      4.00      0.00  kworker/4:1-events
09:17:58 PM     0    200292      1.00      0.00  iostat
09:17:58 PM     0    200293      1.00      0.00  pidstat
09:17:58 PM     0    200294      5.00      0.00  bash
09:17:58 PM     0    200295      8.00      0.00  bash
09:17:58 PM     0    200296      4.00      0.00  bash
09:17:58 PM     0    200298     99.00      0.00  fio
09:17:58 PM     0    200419      1.00      0.00  sleep
09:17:58 PM     0    200429      1.00      1.00  sleep
09:17:58 PM     0    200431      1.00      0.00  sleep

09:17:58 PM   UID       PID   cswch/s nvcswch/s  Command
09:17:59 PM     0         2      1.00      0.00  kthreadd
09:17:59 PM     0        17     17.00      0.00  rcu_preempt
09:17:59 PM     0        24      1.00      0.00  ksoftirqd/1
09:17:59 PM     0        36      1.00      0.00  ksoftirqd/3
09:17:59 PM     0        42      2.00      0.00  ksoftirqd/4
09:17:59 PM     0        48      3.00      0.00  ksoftirqd/5
09:17:59 PM     0        54      1.00      0.00  ksoftirqd/6
09:17:59 PM     0        95      2.00      0.00  kcompactd0
09:17:59 PM     0       102      1.00      0.00  irq/9-acpi
09:17:59 PM     0       453      1.00      0.00  multipathd
09:17:59 PM     0     88840      6.00      0.00  kworker/u24:1-writeback
09:17:59 PM     0    143435     10.00      0.00  kworker/5:0-pm
09:17:59 PM     0    179405      2.00      0.00  kworker/6:1-events
09:17:59 PM     0    186893      1.00      0.00  kworker/11:0-mm_percpu_wq
09:17:59 PM     0    189918      1.00      0.00  kworker/9:1-mm_percpu_wq
09:17:59 PM     0    190951      2.00      0.00  kworker/10:0-mm_percpu_wq
09:17:59 PM     0    195339      2.00      0.00  kworker/5:2-i915-unordered
09:17:59 PM     0    197671      2.00      0.00  kworker/0:1-mm_percpu_wq
09:17:59 PM     0    198142      1.00      0.00  kworker/u24:2-events_power_efficient
09:17:59 PM     0    199074      5.00      0.00  kworker/4:1-mm_percpu_wq
09:17:59 PM     0    199741      1.00      0.00  kworker/3:1-mm_percpu_wq
09:17:59 PM     0    200292      1.00      0.00  iostat
09:17:59 PM     0    200293      1.00      0.00  pidstat
09:17:59 PM     0    200294      5.00      0.00  bash
09:17:59 PM     0    200295      7.00      0.00  bash
09:17:59 PM     0    200296      4.00      0.00  bash
09:17:59 PM     0    200298     99.00      0.00  fio
09:17:59 PM     0    200434      1.00      0.00  sleep
09:17:59 PM     0    200444      1.00      0.00  sleep
09:17:59 PM     0    200446      1.00      0.00  sleep
09:17:59 PM     0    200447      2.00      0.00  kworker/5:1

09:17:59 PM   UID       PID   cswch/s nvcswch/s  Command
09:18:00 PM     0        16      1.00      0.00  ksoftirqd/0
09:18:00 PM     0        17     18.00      0.00  rcu_preempt
09:18:00 PM     0        24      4.00      0.00  ksoftirqd/1
09:18:00 PM     0        42      1.00      0.00  ksoftirqd/4
09:18:00 PM     0        54      1.00      0.00  ksoftirqd/6
09:18:00 PM     0        60      1.00      0.00  ksoftirqd/7
09:18:00 PM     0        78      1.00      0.00  ksoftirqd/10
09:18:00 PM     0        95      2.00      0.00  kcompactd0
09:18:00 PM     0       453      1.00      0.00  multipathd
09:18:00 PM     0     88840      1.00      0.00  kworker/u24:1-edac-poller
09:18:00 PM     0    143435      3.00      0.00  kworker/5:0-events
09:18:00 PM     0    179405      1.00      0.00  kworker/6:1-events
09:18:00 PM     0    180922      3.00      0.00  kworker/2:0-events
09:18:00 PM     0    185621      3.00      0.00  kworker/1:0-mm_percpu_wq
09:18:00 PM     0    186893      2.00      0.00  kworker/11:0-mm_percpu_wq
09:18:00 PM     0    189255      2.00      0.00  kworker/7:2-events
09:18:00 PM     0    190951      2.00      0.00  kworker/10:0-events
09:18:00 PM     0    197671      1.00      0.00  kworker/0:1-events
09:18:00 PM     0    199074      3.00      0.00  kworker/4:1-mm_percpu_wq
09:18:00 PM     0    199741      1.00      0.00  kworker/3:1-mm_percpu_wq
09:18:00 PM     0    200292      1.00      0.00  iostat
09:18:00 PM     0    200293      1.00      1.00  pidstat
09:18:00 PM     0    200294      5.00      0.00  bash
09:18:00 PM     0    200295      8.00      0.00  bash
09:18:00 PM     0    200296      4.00      0.00  bash
09:18:00 PM     0    200298    100.00      0.00  fio
09:18:00 PM     0    200450      1.00      0.00  sleep
09:18:00 PM     0    200460      1.00      0.00  sleep
09:18:00 PM     0    200462      1.00      0.00  sleep

09:18:00 PM   UID       PID   cswch/s nvcswch/s  Command
09:18:01 PM     0        17     18.00      0.00  rcu_preempt
09:18:01 PM     0        42      2.00      0.00  ksoftirqd/4
09:18:01 PM     0        54      1.00      0.00  ksoftirqd/6
09:18:01 PM     0        95      2.00      0.00  kcompactd0
09:18:01 PM     0       453      1.00      0.00  multipathd
09:18:01 PM     0       562      3.00      0.00  jbd2/nvme1n1p3-8
09:18:01 PM     0     88840      2.00      0.00  kworker/u24:1-edac-poller
09:18:01 PM     0    143435      1.00      0.00  kworker/5:0-events
09:18:01 PM     0    179405      3.00      0.00  kworker/6:1-events
09:18:01 PM     0    180922      1.00      0.00  kworker/2:0-events
09:18:01 PM     0    185621      1.00      0.00  kworker/1:0-events
09:18:01 PM     0    186893      1.00      0.00  kworker/11:0-events
09:18:01 PM     0    189918      1.00      0.00  kworker/9:1-mm_percpu_wq
09:18:01 PM     0    190951      1.00      0.00  kworker/10:0-mm_percpu_wq
09:18:01 PM     0    197671      1.00      0.00  kworker/0:1-events
09:18:01 PM     0    199074      4.00      0.00  kworker/4:1-events
09:18:01 PM     0    200292      1.00      0.00  iostat
09:18:01 PM     0    200293      1.00      0.00  pidstat
09:18:01 PM     0    200294      5.00      0.00  bash
09:18:01 PM     0    200295      6.00      0.00  bash
09:18:01 PM     0    200296      4.00      0.00  bash
09:18:01 PM     0    200298     99.00      0.00  fio
09:18:01 PM     0    200465      1.00      0.00  sleep
09:18:01 PM     0    200476      1.00      0.00  sleep
09:18:01 PM     0    200477      1.00      0.00  sleep

09:18:01 PM   UID       PID   cswch/s nvcswch/s  Command
09:18:02 PM     0        16      1.00      0.00  ksoftirqd/0
09:18:02 PM     0        17     19.00      0.00  rcu_preempt
09:18:02 PM     0        18      1.00      0.00  migration/0
09:18:02 PM     0        23      1.00      0.00  migration/1
09:18:02 PM     0        29      1.00      0.00  migration/2
09:18:02 PM     0        35      1.00      0.00  migration/3
09:18:02 PM     0        41      1.00      0.00  migration/4
09:18:02 PM     0        42      1.00      0.00  ksoftirqd/4
09:18:02 PM     0        47      1.00      0.00  migration/5
09:18:02 PM     0        48      1.00      0.00  ksoftirqd/5
09:18:02 PM     0        53      1.00      0.00  migration/6
09:18:02 PM     0        54      1.00      0.00  ksoftirqd/6
09:18:02 PM     0        59      1.00      0.00  migration/7
09:18:02 PM     0        60      1.00      0.00  ksoftirqd/7
09:18:02 PM     0        65      1.00      0.00  migration/8
09:18:02 PM     0        71      1.00      0.00  migration/9
09:18:02 PM     0        77      1.00      0.00  migration/10
09:18:02 PM     0        83      1.00      0.00  migration/11
09:18:02 PM     0        84      1.00      0.00  ksoftirqd/11
09:18:02 PM     0        95      2.00      0.00  kcompactd0
09:18:02 PM     0       453      1.00      0.00  multipathd
09:18:02 PM     0       769      1.00      0.00  cron
09:18:02 PM     0     88840      4.00      0.00  kworker/u24:1-events_power_efficient
09:18:02 PM     0    143435      2.00      0.00  kworker/5:0-mm_percpu_wq
09:18:02 PM     0    179405      1.00      0.00  kworker/6:1-events
09:18:02 PM     0    180922      2.00      0.00  kworker/2:0-events
09:18:02 PM     0    185621      3.00      0.00  kworker/1:0-mm_percpu_wq
09:18:02 PM     0    186893      4.00      0.00  kworker/11:0-mm_percpu_wq
09:18:02 PM     0    189255      2.00      0.00  kworker/7:2-events
09:18:02 PM     0    190951      2.00      0.00  kworker/10:0-events
09:18:02 PM     0    197671      3.00      0.00  kworker/0:1-mm_percpu_wq
09:18:02 PM     0    198142      1.00      0.00  kworker/u24:2-events_power_efficient
09:18:02 PM     0    199074      3.00      0.00  kworker/4:1-mm_percpu_wq
09:18:02 PM     0    199741      1.00      0.00  kworker/3:1-mm_percpu_wq
09:18:02 PM     0    200292      1.00      0.00  iostat
09:18:02 PM     0    200293      1.00      0.00  pidstat
09:18:02 PM     0    200294      5.00      0.00  bash
09:18:02 PM     0    200295      8.00      0.00  bash
09:18:02 PM     0    200296      4.00      0.00  bash
09:18:02 PM     0    200298     99.00      0.00  fio
09:18:02 PM     0    200480      1.00      0.00  sleep
09:18:02 PM     0    200491      1.00      0.00  sleep
09:18:02 PM     0    200492      1.00      0.00  sleep

09:18:02 PM   UID       PID   cswch/s nvcswch/s  Command
09:18:03 PM     0        17     21.00      0.00  rcu_preempt
09:18:03 PM     0        24      1.00      0.00  ksoftirqd/1
09:18:03 PM     0        42      1.00      0.00  ksoftirqd/4
09:18:03 PM     0        54      1.00      0.00  ksoftirqd/6
09:18:03 PM     0        95      2.00      0.00  kcompactd0
09:18:03 PM     0       453      1.00      0.00  multipathd
09:18:03 PM     0     21554      1.00      0.00  packagekitd
09:18:03 PM     0     88840      1.00      0.00  kworker/u24:1-events_power_efficient
09:18:03 PM     0    143435      1.00      0.00  kworker/5:0-events
09:18:03 PM     0    179405      3.00      0.00  kworker/6:1-events
09:18:03 PM     0    185621      1.00      0.00  kworker/1:0-events
09:18:03 PM     0    186893      2.00      0.00  kworker/11:0-events
09:18:03 PM     0    189918      1.00      0.00  kworker/9:1-mm_percpu_wq
09:18:03 PM     0    197671      1.00      0.00  kworker/0:1-events
09:18:03 PM     0    198142      1.00      0.00  kworker/u24:2-events_unbound
09:18:03 PM     0    199074      2.00      0.00  kworker/4:1-events
09:18:03 PM     0    199741      1.00      0.00  kworker/3:1-events
09:18:03 PM     0    200292      1.00      0.00  iostat
09:18:03 PM     0    200293      1.00      0.00  pidstat
09:18:03 PM     0    200294      5.00      0.00  bash
09:18:03 PM     0    200295      8.00      0.00  bash
09:18:03 PM     0    200296      4.00      0.00  bash
09:18:03 PM     0    200298     99.00      0.00  fio
09:18:03 PM     0    200495      1.00      0.00  sleep
09:18:03 PM     0    200506      1.00      0.00  sleep
09:18:03 PM     0    200507      1.00      0.00  sleep

09:18:03 PM   UID       PID   cswch/s nvcswch/s  Command
09:18:04 PM     0        17     19.00      0.00  rcu_preempt
09:18:04 PM     0        54      2.00      0.00  ksoftirqd/6
09:18:04 PM     0        60      1.00      0.00  ksoftirqd/7
09:18:04 PM     0        84      1.00      0.00  ksoftirqd/11
09:18:04 PM     0        95      2.00      0.00  kcompactd0
09:18:04 PM     0       453      1.00      0.00  multipathd
09:18:04 PM     0    143435      1.00      0.00  kworker/5:0-events
09:18:04 PM     0    179405      2.00      0.00  kworker/6:1-events
09:18:04 PM     0    180922      3.00      0.00  kworker/2:0-events
09:18:04 PM     0    185621      6.00      0.00  kworker/1:0-mm_percpu_wq
09:18:04 PM     0    186893      4.00      0.00  kworker/11:0-mm_percpu_wq
09:18:04 PM     0    189255      2.00      0.00  kworker/7:2-events
09:18:04 PM     0    190951      1.00      0.00  kworker/10:0-mm_percpu_wq
09:18:04 PM     0    197671      1.00      0.00  kworker/0:1-events
09:18:04 PM     0    198142      1.00      0.00  kworker/u24:2-edac-poller
09:18:04 PM     0    199074      1.00      0.00  kworker/4:1-mm_percpu_wq
09:18:04 PM     0    199741      1.00      0.00  kworker/3:1-mm_percpu_wq
09:18:04 PM     0    200292      1.00      0.00  iostat
09:18:04 PM     0    200293      1.00      0.00  pidstat
09:18:04 PM     0    200294      5.00      0.00  bash
09:18:04 PM     0    200295      7.00      0.00  bash
09:18:04 PM     0    200296      4.00      0.00  bash
09:18:04 PM     0    200298     99.00      0.00  fio
09:18:04 PM     0    200510      1.00      0.00  sleep
09:18:04 PM     0    200520      1.00      0.00  sleep
09:18:04 PM     0    200522      1.00      0.00  sleep

09:18:04 PM   UID       PID   cswch/s nvcswch/s  Command
09:18:05 PM     0        17     17.00      0.00  rcu_preempt
09:18:05 PM     0        48      1.00      0.00  ksoftirqd/5
09:18:05 PM     0        95      2.00      0.00  kcompactd0
09:18:05 PM     0       190      1.00      0.00  kworker/10:1H-kblockd
09:18:05 PM     0       453      1.00      0.00  multipathd
09:18:05 PM     0     88840      1.00      0.00  kworker/u24:1-events_power_efficient
09:18:05 PM     0    143435      3.00      0.00  kworker/5:0-events
09:18:05 PM     0    179405      2.00      0.00  kworker/6:1-events
09:18:05 PM     0    180922      3.00      0.00  kworker/2:0-events
09:18:05 PM     0    185621      1.00      0.00  kworker/1:0-events
09:18:05 PM     0    186893      2.00      0.00  kworker/11:0-events
09:18:05 PM     0    189255      1.00      0.00  kworker/7:2-mm_percpu_wq
09:18:05 PM     0    189918      1.00      0.00  kworker/9:1-mm_percpu_wq
09:18:05 PM     0    197671      1.00      0.00  kworker/0:1-events
09:18:05 PM     0    198142      4.00      0.00  kworker/u24:2-events_unbound
09:18:05 PM     0    199074      1.00      0.00  kworker/4:1-events
09:18:05 PM     0    200292      1.00      0.00  iostat
09:18:05 PM     0    200293      1.00      0.00  pidstat
09:18:05 PM     0    200294      5.00      0.00  bash
09:18:05 PM     0    200295      6.00      0.00  bash
09:18:05 PM     0    200296      4.00      0.00  bash
09:18:05 PM     0    200298     99.00      0.00  fio
09:18:05 PM     0    200525      1.00      0.00  sleep
09:18:05 PM     0    200535      1.00      0.00  sleep
09:18:05 PM     0    200537      1.00      0.00  sleep

09:18:05 PM   UID       PID   cswch/s nvcswch/s  Command
09:18:06 PM     0        16      1.00      0.00  ksoftirqd/0
09:18:06 PM     0        17     19.00      0.00  rcu_preempt
09:18:06 PM     0        18      1.00      0.00  migration/0
09:18:06 PM     0        23      1.00      0.00  migration/1
09:18:06 PM     0        29      1.00      0.00  migration/2
09:18:06 PM     0        35      1.00      0.00  migration/3
09:18:06 PM     0        41      1.00      0.00  migration/4
09:18:06 PM     0        42      1.00      0.00  ksoftirqd/4
09:18:06 PM     0        47      1.00      0.00  migration/5
09:18:06 PM     0        48      1.00      0.00  ksoftirqd/5
09:18:06 PM     0        53      1.00      0.00  migration/6
09:18:06 PM     0        59      1.00      0.00  migration/7
09:18:06 PM     0        60      1.00      0.00  ksoftirqd/7
09:18:06 PM     0        65      1.00      0.00  migration/8
09:18:06 PM     0        71      1.00      0.00  migration/9
09:18:06 PM     0        77      1.00      0.00  migration/10
09:18:06 PM     0        83      1.00      0.00  migration/11
09:18:06 PM     0        84      1.00      0.00  ksoftirqd/11
09:18:06 PM     0        95      2.00      0.00  kcompactd0
09:18:06 PM     0       453      1.00      0.00  multipathd
09:18:06 PM     0       562      3.00      0.00  jbd2/nvme1n1p3-8
09:18:06 PM     0    143435      2.00      0.00  kworker/5:0-mm_percpu_wq
09:18:06 PM     0    179405      1.00      0.00  kworker/6:1-events
09:18:06 PM     0    180922      3.00      0.00  kworker/2:0-events
09:18:06 PM     0    185621      3.00      0.00  kworker/1:0-mm_percpu_wq
09:18:06 PM     0    186893      4.00      0.00  kworker/11:0-mm_percpu_wq
09:18:06 PM     0    189255      2.00      0.00  kworker/7:2-mm_percpu_wq
09:18:06 PM     0    190951      1.00      0.00  kworker/10:0-mm_percpu_wq
09:18:06 PM     0    197671      2.00      0.00  kworker/0:1-mm_percpu_wq
09:18:06 PM     0    198142      1.00      0.00  kworker/u24:2-edac-poller
09:18:06 PM     0    199074      3.00      0.00  kworker/4:1-mm_percpu_wq
09:18:06 PM     0    199741      2.00      0.00  kworker/3:1-mm_percpu_wq
09:18:06 PM     0    200292      1.00      0.00  iostat
09:18:06 PM     0    200293      1.00      0.00  pidstat
09:18:06 PM     0    200294      5.00      0.00  bash
09:18:06 PM     0    200295      8.00      0.00  bash
09:18:06 PM     0    200296      4.00      0.00  bash
09:18:06 PM     0    200298     99.00      0.00  fio
09:18:06 PM     0    200540      1.00      0.00  sleep
09:18:06 PM     0    200551      1.00      0.00  sleep
09:18:06 PM     0    200552      1.00      0.00  sleep

09:18:06 PM   UID       PID   cswch/s nvcswch/s  Command
09:18:07 PM     0        16      1.00      0.00  ksoftirqd/0
09:18:07 PM     0        17     20.00      0.00  rcu_preempt
09:18:07 PM     0        48      2.00      0.00  ksoftirqd/5
09:18:07 PM     0        53      1.00      0.00  migration/6
09:18:07 PM     0        95      2.00      0.00  kcompactd0
09:18:07 PM     0       453      1.00      0.00  multipathd
09:18:07 PM     0     88840      1.00      0.00  kworker/u24:1-events_power_efficient
09:18:07 PM     0    143435      4.00      0.00  kworker/5:0-events
09:18:07 PM     0    179405      1.00      0.00  kworker/6:1-mm_percpu_wq
09:18:07 PM     0    185621      1.00      0.00  kworker/1:0-events
09:18:07 PM     0    186893      2.00      0.00  kworker/11:0-events
09:18:07 PM     0    189918      1.00      0.00  kworker/9:1-mm_percpu_wq
09:18:07 PM     0    197671      2.00      0.00  kworker/0:1-events
09:18:07 PM     0    198142      2.00      0.00  kworker/u24:2-events_unbound
09:18:07 PM     0    199074      3.00      0.00  kworker/4:1-events
09:18:07 PM     0    200292      1.00      0.00  iostat
09:18:07 PM     0    200293      1.00      0.00  pidstat
09:18:07 PM     0    200294      5.00      0.00  bash
09:18:07 PM     0    200295      6.00      0.00  bash
09:18:07 PM     0    200296      4.00      0.00  bash
09:18:07 PM     0    200298    100.00      0.00  fio
09:18:07 PM     0    200555      1.00      0.00  sleep
09:18:07 PM     0    200565      1.00      0.00  sleep
09:18:07 PM     0    200567      1.00      0.00  sleep

09:18:07 PM   UID       PID   cswch/s nvcswch/s  Command
09:18:08 PM     0        17     19.00      0.00  rcu_preempt
09:18:08 PM     0        42      1.00      0.00  ksoftirqd/4
09:18:08 PM     0        60      1.00      0.00  ksoftirqd/7
09:18:08 PM     0        72      1.00      0.00  ksoftirqd/9
09:18:08 PM     0        84      1.00      0.00  ksoftirqd/11
09:18:08 PM     0        95      2.00      0.00  kcompactd0
09:18:08 PM     0       453      1.00      0.00  multipathd
09:18:08 PM     0     88840      2.00      0.00  kworker/u24:1-edac-poller
09:18:08 PM     0    143435      1.00      0.00  kworker/5:0-events
09:18:08 PM     0    179405      1.00      0.00  kworker/6:1-events
09:18:08 PM     0    180922      2.00      0.00  kworker/2:0-events
09:18:08 PM     0    185621      5.00      0.00  kworker/1:0-mm_percpu_wq
09:18:08 PM     0    186893      4.00      0.00  kworker/11:0-mm_percpu_wq
09:18:08 PM     0    189255      2.00      0.00  kworker/7:2-events
09:18:08 PM     0    190951      1.00      0.00  kworker/10:0-mm_percpu_wq
09:18:08 PM     0    197671      1.00      0.00  kworker/0:1-events
09:18:08 PM     0    198142      1.00      0.00  kworker/u24:2-events_power_efficient
09:18:08 PM     0    199074      2.00      0.00  kworker/4:1-mm_percpu_wq
09:18:08 PM     0    199741      1.00      0.00  kworker/3:1-mm_percpu_wq
09:18:08 PM     0    200292      1.00      0.00  iostat
09:18:08 PM     0    200293      1.00      0.00  pidstat
09:18:08 PM     0    200294      5.00      0.00  bash
09:18:08 PM     0    200295      7.00      0.00  bash
09:18:08 PM     0    200296      4.00      0.00  bash
09:18:08 PM     0    200298     99.00      0.00  fio
09:18:08 PM     0    200570      1.00      0.00  sleep
09:18:08 PM     0    200580      1.00      0.00  sleep
09:18:08 PM     0    200582      1.00      0.00  sleep

09:18:08 PM   UID       PID   cswch/s nvcswch/s  Command
09:18:09 PM     0         1      1.00      0.00  systemd
09:18:09 PM     0        17     23.00      0.00  rcu_preempt
09:18:09 PM     0        24      1.00      0.00  ksoftirqd/1
09:18:09 PM     0        42      1.00      0.00  ksoftirqd/4
09:18:09 PM     0        48      1.00      0.00  ksoftirqd/5
09:18:09 PM     0        72      1.00      0.00  ksoftirqd/9
09:18:09 PM     0        95      2.00      0.00  kcompactd0
09:18:09 PM     0       102      1.00      0.00  irq/9-acpi
09:18:09 PM     0       453      1.00      0.00  multipathd
09:18:09 PM   101       608      1.00      0.00  systemd-network
09:18:09 PM     0     88840      2.00      0.00  kworker/u24:1-events_unbound
09:18:09 PM     0    143435    950.00      0.00  kworker/5:0+events
09:18:09 PM     0    179405      1.00      0.00  kworker/6:1-mm_percpu_wq
09:18:09 PM     0    182585      1.00      0.00  kworker/8:1-mm_percpu_wq
09:18:09 PM     0    185621      2.00      0.00  kworker/1:0-events
09:18:09 PM     0    186893      2.00      0.00  kworker/11:0-events
09:18:09 PM     0    189918      1.00      0.00  kworker/9:1-mm_percpu_wq
09:18:09 PM     0    197671      1.00      0.00  kworker/0:1-kacpi_notify
09:18:09 PM     0    199074      2.00      0.00  kworker/4:1-events
09:18:09 PM     0    199741      1.00      0.00  kworker/3:1-events
09:18:09 PM     0    200292      1.00      0.00  iostat
09:18:09 PM     0    200293      1.00      0.00  pidstat
09:18:09 PM     0    200294      5.00      0.00  bash
09:18:09 PM     0    200295      8.00      0.00  bash
09:18:09 PM     0    200296      4.00      0.00  bash
09:18:09 PM     0    200298     99.00      0.00  fio
09:18:09 PM     0    200447      1.00      0.00  kworker/5:1+i915-unordered
09:18:09 PM     0    200585      1.00      0.00  sleep
09:18:09 PM     0    200596      1.00      0.00  sleep
09:18:09 PM     0    200597      1.00      0.00  sleep

09:18:09 PM   UID       PID   cswch/s nvcswch/s  Command
09:18:10 PM     0        16      1.00      0.00  ksoftirqd/0
09:18:10 PM     0        17     19.00      0.00  rcu_preempt
09:18:10 PM     0        18      1.00      0.00  migration/0
09:18:10 PM     0        23      1.00      0.00  migration/1
09:18:10 PM     0        29      1.00      0.00  migration/2
09:18:10 PM     0        35      1.00      0.00  migration/3
09:18:10 PM     0        41      1.00      0.00  migration/4
09:18:10 PM     0        42      1.00      0.00  ksoftirqd/4
09:18:10 PM     0        47      1.00      0.00  migration/5
09:18:10 PM     0        48      2.00      0.00  ksoftirqd/5
09:18:10 PM     0        53      1.00      0.00  migration/6
09:18:10 PM     0        54      1.00      0.00  ksoftirqd/6
09:18:10 PM     0        59      1.00      0.00  migration/7
09:18:10 PM     0        60      2.00      0.00  ksoftirqd/7
09:18:10 PM     0        65      1.00      0.00  migration/8
09:18:10 PM     0        71      1.00      0.00  migration/9
09:18:10 PM     0        77      1.00      0.00  migration/10
09:18:10 PM     0        78      2.00      0.00  ksoftirqd/10
09:18:10 PM     0        83      1.00      0.00  migration/11
09:18:10 PM     0        95      2.00      0.00  kcompactd0
09:18:10 PM     0       453      1.00      0.00  multipathd
09:18:10 PM     0     88840      5.00      0.00  kworker/u24:1-events_unbound
09:18:10 PM     0    143435    194.00      0.00  kworker/5:0-mm_percpu_wq
09:18:10 PM     0    179405      1.00      0.00  kworker/6:1-events
09:18:10 PM     0    180922      2.00      0.00  kworker/2:0-events
09:18:10 PM     0    185621      5.00      0.00  kworker/1:0-events
09:18:10 PM     0    186893      1.00      0.00  kworker/11:0-mm_percpu_wq
09:18:10 PM     0    189255      2.00      0.00  kworker/7:2-events
09:18:10 PM     0    189918      1.00      0.00  kworker/9:1-mm_percpu_wq
09:18:10 PM     0    190951      2.00      0.00  kworker/10:0-mm_percpu_wq
09:18:10 PM     0    197671      3.00      0.00  kworker/0:1-mm_percpu_wq
09:18:10 PM     0    199074      2.00      0.00  kworker/4:1-mm_percpu_wq
09:18:10 PM     0    199741      3.00      0.00  kworker/3:1-mm_percpu_wq
09:18:10 PM     0    200292      1.00      0.00  iostat
09:18:10 PM     0    200293      1.00      0.00  pidstat
09:18:10 PM     0    200294      5.00      0.00  bash
09:18:10 PM     0    200295      8.00      0.00  bash
09:18:10 PM     0    200296      4.00      0.00  bash
09:18:10 PM     0    200298     99.00      0.00  fio
09:18:10 PM     0    200447   1131.00      0.00  kworker/5:1-i915-unordered
09:18:10 PM     0    200600      1.00      0.00  sleep
09:18:10 PM     0    200610      1.00      0.00  sleep
09:18:10 PM     0    200612      1.00      0.00  sleep

09:18:10 PM   UID       PID   cswch/s nvcswch/s  Command
09:18:11 PM     0        17     20.00      0.00  rcu_preempt
09:18:11 PM     0        42      1.00      0.00  ksoftirqd/4
09:18:11 PM     0        78      1.00      0.00  ksoftirqd/10
09:18:11 PM     0        95      2.00      0.00  kcompactd0
09:18:11 PM     0       359      3.00      0.00  jbd2/nvme1n1p2-8
09:18:11 PM     0       415      1.00      0.00  systemd-journal
09:18:11 PM     0       453      1.00      0.00  multipathd
09:18:11 PM     0       562      3.00      0.00  jbd2/nvme1n1p3-8
09:18:11 PM     0     88840      2.00      0.00  kworker/u24:1-events_unbound
09:18:11 PM     0    182585      1.00      0.00  kworker/8:1-events
09:18:11 PM     0    185621      2.00      0.00  kworker/1:0-mm_percpu_wq
09:18:11 PM     0    186893      2.00      0.00  kworker/11:0-events
09:18:11 PM     0    189255      1.00      0.00  kworker/7:2-events
09:18:11 PM     0    189918      2.00      0.00  kworker/9:1-mm_percpu_wq
09:18:11 PM     0    190951      2.00      0.00  kworker/10:0-events
09:18:11 PM     0    197671      2.00      0.00  kworker/0:1-mm_percpu_wq
09:18:11 PM     0    199074      3.00      0.00  kworker/4:1-events
09:18:11 PM     0    199741      3.00      0.00  kworker/3:1-mm_percpu_wq
09:18:11 PM     0    200292      1.00      0.00  iostat
09:18:11 PM     0    200293      1.00      0.00  pidstat
09:18:11 PM     0    200294      5.00      0.00  bash
09:18:11 PM     0    200295      8.00      0.00  bash
09:18:11 PM     0    200296      4.00      0.00  bash
09:18:11 PM     0    200298     99.00      0.00  fio
09:18:11 PM     0    200447      3.00      0.00  kworker/5:1-mm_percpu_wq
09:18:11 PM     0    200615      1.00      0.00  sleep
09:18:11 PM     0    200626      1.00      0.00  sleep
09:18:11 PM     0    200627      1.00      0.00  sleep

09:18:11 PM   UID       PID   cswch/s nvcswch/s  Command
09:18:12 PM     0        16      1.00      0.00  ksoftirqd/0
09:18:12 PM     0        17     22.00      0.00  rcu_preempt
09:18:12 PM     0        24      2.00      0.00  ksoftirqd/1
09:18:12 PM     0        42      1.00      0.00  ksoftirqd/4
09:18:12 PM     0        77      1.00      0.00  migration/10
09:18:12 PM     0        83      1.00      0.00  migration/11
09:18:12 PM     0        84      2.00      0.00  ksoftirqd/11
09:18:12 PM     0        95      2.00      0.00  kcompactd0
09:18:12 PM     0       453      1.00      0.00  multipathd
09:18:12 PM     0     88840      4.00      0.00  kworker/u24:1-edac-poller
09:18:12 PM     0    180922      3.00      0.00  kworker/2:0-events
09:18:12 PM     0    185621      3.00      0.00  kworker/1:0-events
09:18:12 PM     0    186893      2.00      0.00  kworker/11:0-events
09:18:12 PM     0    189255      2.00      0.00  kworker/7:2-events
09:18:12 PM     0    190951      1.00      0.00  kworker/10:0-mm_percpu_wq
09:18:12 PM     0    197671      1.00      0.00  kworker/0:1-events
09:18:12 PM     0    199074      6.00      0.00  kworker/4:1-events
09:18:12 PM     0    199741      1.00      0.00  kworker/3:1-events
09:18:12 PM     0    200292      1.00      0.00  iostat
09:18:12 PM     0    200293      1.00      0.00  pidstat
09:18:12 PM     0    200294      5.00      0.00  bash
09:18:12 PM     0    200295      7.00      0.00  bash
09:18:12 PM     0    200296      4.00      0.00  bash
09:18:12 PM     0    200298     99.00      0.00  fio
09:18:12 PM     0    200447      1.00      0.00  kworker/5:1-events
09:18:12 PM     0    200631      1.00      0.00  sleep
09:18:12 PM     0    200641      1.00      0.00  sleep
09:18:12 PM     0    200643      1.00      0.00  sleep

09:18:12 PM   UID       PID   cswch/s nvcswch/s  Command
09:18:13 PM     0        16      1.00      0.00  ksoftirqd/0
09:18:13 PM     0        17     19.00      0.00  rcu_preempt
09:18:13 PM     0        24      3.00      0.00  ksoftirqd/1
09:18:13 PM     0        42      1.00      0.00  ksoftirqd/4
09:18:13 PM     0        48      1.00      0.00  ksoftirqd/5
09:18:13 PM     0        54      1.00      0.00  ksoftirqd/6
09:18:13 PM     0        60      1.00      0.00  ksoftirqd/7
09:18:13 PM     0        95      2.00      0.00  kcompactd0
09:18:13 PM     0       172      1.00      0.00  kworker/3:1H-kblockd
09:18:13 PM     0       453      1.00      0.00  multipathd
09:18:13 PM     0     21554      1.00      0.00  packagekitd
09:18:13 PM     0     88840      1.00      0.00  kworker/u24:1-events_power_efficient
09:18:13 PM     0    179405      2.00      0.00  kworker/6:1-events
09:18:13 PM     0    180922      2.00      0.00  kworker/2:0-events
09:18:13 PM     0    185621      1.00      0.00  kworker/1:0-mm_percpu_wq
09:18:13 PM     0    186893      3.00      0.00  kworker/11:0-events
09:18:13 PM     0    189255      1.00      0.00  kworker/7:2-mm_percpu_wq
09:18:13 PM     0    189918      2.00      0.00  kworker/9:1-mm_percpu_wq
09:18:13 PM     0    190951      1.00      0.00  kworker/10:0-mm_percpu_wq
09:18:13 PM     0    197671      2.00      0.00  kworker/0:1-events
09:18:13 PM     0    198142      2.00      0.00  kworker/u24:2-edac-poller
09:18:13 PM     0    199074      4.00      0.00  kworker/4:1-mm_percpu_wq
09:18:13 PM     0    199741      1.00      0.00  kworker/3:1-mm_percpu_wq
09:18:13 PM     0    200292      1.00      0.00  iostat
09:18:13 PM     0    200293      1.00      0.00  pidstat
09:18:13 PM     0    200294      5.00      0.00  bash
09:18:13 PM     0    200295      8.00      0.00  bash
09:18:13 PM     0    200296      4.00      0.00  bash
09:18:13 PM     0    200298     99.00      0.00  fio
09:18:13 PM     0    200447      3.00      0.00  kworker/5:1-events
09:18:13 PM     0    200646      1.00      0.00  sleep
09:18:13 PM     0    200657      1.00      0.00  sleep
09:18:13 PM     0    200658      1.00      0.00  sleep

09:18:13 PM   UID       PID   cswch/s nvcswch/s  Command
09:18:14 PM     0        16      1.00      0.00  ksoftirqd/0
09:18:14 PM     0        17     22.00      0.00  rcu_preempt
09:18:14 PM     0        18      1.00      0.00  migration/0
09:18:14 PM     0        23      1.00      0.00  migration/1
09:18:14 PM     0        24      3.00      0.00  ksoftirqd/1
09:18:14 PM     0        29      1.00      0.00  migration/2
09:18:14 PM     0        35      1.00      0.00  migration/3
09:18:14 PM     0        41      1.00      0.00  migration/4
09:18:14 PM     0        47      1.00      0.00  migration/5
09:18:14 PM     0        53      1.00      0.00  migration/6
09:18:14 PM     0        54      1.00      0.00  ksoftirqd/6
09:18:14 PM     0        59      1.00      0.00  migration/7
09:18:14 PM     0        60      1.00      0.00  ksoftirqd/7
09:18:14 PM     0        65      1.00      0.00  migration/8
09:18:14 PM     0        71      1.00      0.00  migration/9
09:18:14 PM     0        77      1.00      0.00  migration/10
09:18:14 PM     0        83      1.00      0.00  migration/11
09:18:14 PM     0        84      1.00      0.00  ksoftirqd/11
09:18:14 PM     0        95      2.00      0.00  kcompactd0
09:18:14 PM     0       453      1.00      0.00  multipathd
09:18:14 PM   101       608      2.00      0.00  systemd-network
09:18:14 PM     0     88840      2.00      0.00  kworker/u24:1-edac-poller
09:18:14 PM     0    179405      2.00      0.00  kworker/6:1-mm_percpu_wq
09:18:14 PM     0    180922      2.00      0.00  kworker/2:0-events
09:18:14 PM     0    185621      1.00      0.00  kworker/1:0-events
09:18:14 PM     0    186893      4.00      0.00  kworker/11:0-events
09:18:14 PM     0    189255      1.00      0.00  kworker/7:2-events
09:18:14 PM     0    197671      1.00      0.00  kworker/0:1-events
09:18:14 PM     0    198142      2.00      0.00  kworker/u24:2-events_power_efficient
09:18:14 PM     0    199074      4.00      0.00  kworker/4:1-events
09:18:14 PM     0    200292      1.00      0.00  iostat
09:18:14 PM     0    200293      1.00      0.00  pidstat
09:18:14 PM     0    200294      5.00      0.00  bash
09:18:14 PM     0    200295      7.00      0.00  bash
09:18:14 PM     0    200296      4.00      0.00  bash
09:18:14 PM     0    200298    100.00      0.00  fio
09:18:14 PM     0    200447      2.00      0.00  kworker/5:1-events
09:18:14 PM     0    200661      1.00      0.00  sleep
09:18:14 PM     0    200672      1.00      0.00  sleep
09:18:14 PM     0    200673      1.00      0.00  sleep

09:18:14 PM   UID       PID   cswch/s nvcswch/s  Command
09:18:15 PM     0        16      1.00      0.00  ksoftirqd/0
09:18:15 PM     0        17     20.00      0.00  rcu_preempt
09:18:15 PM     0        24      2.00      0.00  ksoftirqd/1
09:18:15 PM     0        48      1.00      0.00  ksoftirqd/5
09:18:15 PM     0        54      1.00      0.00  ksoftirqd/6
09:18:15 PM     0        84      1.00      0.00  ksoftirqd/11
09:18:15 PM     0        95      2.00      0.00  kcompactd0
09:18:15 PM     0       453      1.00      0.00  multipathd
09:18:15 PM     0     88840      4.00      0.00  kworker/u24:1-edac-poller
09:18:15 PM     0    179405      1.00      0.00  kworker/6:1-events
09:18:15 PM     0    180922      1.00      0.00  kworker/2:0-events
09:18:15 PM     0    185621      3.00      0.00  kworker/1:0-mm_percpu_wq
09:18:15 PM     0    186893      2.00      0.00  kworker/11:0-events
09:18:15 PM     0    189255      1.00      0.00  kworker/7:2-mm_percpu_wq
09:18:15 PM     0    189918      1.00      0.00  kworker/9:1-mm_percpu_wq
09:18:15 PM     0    190951      1.00      0.00  kworker/10:0-mm_percpu_wq
09:18:15 PM     0    197671      2.00      0.00  kworker/0:1-mm_percpu_wq
09:18:15 PM     0    199074      3.00      0.00  kworker/4:1-mm_percpu_wq
09:18:15 PM     0    199741      1.00      0.00  kworker/3:1-mm_percpu_wq
09:18:15 PM     0    200292      1.00      0.00  iostat
09:18:15 PM     0    200293      1.00      1.00  pidstat
09:18:15 PM     0    200294      5.00      0.00  bash
09:18:15 PM     0    200295      8.00      0.00  bash
09:18:15 PM     0    200296      4.00      0.00  bash
09:18:15 PM     0    200298     99.00      0.00  fio
09:18:15 PM     0    200447      3.00      0.00  kworker/5:1-events
09:18:15 PM     0    200676      1.00      0.00  sleep
09:18:15 PM     0    200686      1.00      0.00  sleep
09:18:15 PM     0    200688      1.00      0.00  sleep

09:18:15 PM   UID       PID   cswch/s nvcswch/s  Command
09:18:16 PM     0        16      1.00      0.00  ksoftirqd/0
09:18:16 PM     0        17     21.00      0.00  rcu_preempt
09:18:16 PM     0        24      3.00      0.00  ksoftirqd/1
09:18:16 PM     0        54      1.00      0.00  ksoftirqd/6
09:18:16 PM     0        60      1.00      0.00  ksoftirqd/7
09:18:16 PM     0        78      1.00      0.00  ksoftirqd/10
09:18:16 PM     0        95      2.00      0.00  kcompactd0
09:18:16 PM     0       453      1.00      0.00  multipathd
09:18:16 PM     0       562      3.00      0.00  jbd2/nvme1n1p3-8
09:18:16 PM     0     88840      3.00      0.00  kworker/u24:1-flush-259:1
09:18:16 PM     0    179405      2.00      0.00  kworker/6:1-mm_percpu_wq
09:18:16 PM     0    180922      4.00      0.00  kworker/2:0-events
09:18:16 PM     0    182585      1.00      0.00  kworker/8:1-events
09:18:16 PM     0    185621      1.00      0.00  kworker/1:0-events
09:18:16 PM     0    186893      3.00      0.00  kworker/11:0-mm_percpu_wq
09:18:16 PM     0    189255      3.00      0.00  kworker/7:2-xfs-sync/nvme0n1p2
09:18:16 PM     0    190951      4.00      0.00  kworker/10:0-events
09:18:16 PM     0    197671      1.00      0.00  kworker/0:1-events
09:18:16 PM     0    198142      1.00      0.00  kworker/u24:2-flush-259:1
09:18:16 PM     0    199074      2.00      0.00  kworker/4:1-events
09:18:16 PM     0    200292      1.00      0.00  iostat
09:18:16 PM     0    200293      1.00      0.00  pidstat
09:18:16 PM     0    200294      5.00      0.00  bash
09:18:16 PM     0    200295      8.00      0.00  bash
09:18:16 PM     0    200296      4.00      0.00  bash
09:18:16 PM     0    200298     99.00      0.00  fio
09:18:16 PM     0    200447      1.00      0.00  kworker/5:1-events
09:18:16 PM     0    200691      1.00      0.00  sleep
09:18:16 PM     0    200701      1.00      0.00  sleep
09:18:16 PM     0    200703      1.00      0.00  sleep

09:18:16 PM   UID       PID   cswch/s nvcswch/s  Command
09:18:17 PM     0        17     19.00      0.00  rcu_preempt
09:18:17 PM     0        24      4.00      0.00  ksoftirqd/1
09:18:17 PM     0        42      1.00      0.00  ksoftirqd/4
09:18:17 PM     0        54      1.00      0.00  ksoftirqd/6
09:18:17 PM     0        60      1.00      0.00  ksoftirqd/7
09:18:17 PM     0        95      2.00      0.00  kcompactd0
09:18:17 PM     0       453      1.00      0.00  multipathd
09:18:17 PM     0     88840      2.00      0.00  kworker/u24:1-edac-poller
09:18:17 PM     0    179405      2.00      0.00  kworker/6:1-events
09:18:17 PM     0    180922      1.00      0.00  kworker/2:0-events
09:18:17 PM     0    185621      2.00      0.00  kworker/1:0-events
09:18:17 PM     0    186893      3.00      0.00  kworker/11:0-events
09:18:17 PM     0    189255      2.00      0.00  kworker/7:2-events
09:18:17 PM     0    189918      1.00      0.00  kworker/9:1-mm_percpu_wq
09:18:17 PM     0    190951      1.00      0.00  kworker/10:0-mm_percpu_wq
09:18:17 PM     0    197671      2.00      0.00  kworker/0:1-events
09:18:17 PM     0    199074      4.00      0.00  kworker/4:1-events
09:18:17 PM     0    199741      1.00      0.00  kworker/3:1-mm_percpu_wq
09:18:17 PM     0    200292      1.00      0.00  iostat
09:18:17 PM     0    200293      1.00      0.00  pidstat
09:18:17 PM     0    200294      5.00      0.00  bash
09:18:17 PM     0    200295      7.00      0.00  bash
09:18:17 PM     0    200296      4.00      0.00  bash
09:18:17 PM     0    200298     99.00      0.00  fio
09:18:17 PM     0    200447      2.00      0.00  kworker/5:1-mm_percpu_wq
09:18:17 PM     0    200706      1.00      0.00  sleep
09:18:17 PM     0    200716      1.00      0.00  sleep
09:18:17 PM     0    200718      1.00      0.00  sleep

09:18:17 PM   UID       PID   cswch/s nvcswch/s  Command
09:18:18 PM     0        17     20.00      0.00  rcu_preempt
09:18:18 PM     0        18      1.00      0.00  migration/0
09:18:18 PM     0        23      1.00      0.00  migration/1
09:18:18 PM     0        29      1.00      0.00  migration/2
09:18:18 PM     0        35      1.00      0.00  migration/3
09:18:18 PM     0        36      1.00      0.00  ksoftirqd/3
09:18:18 PM     0        41      1.00      0.00  migration/4
09:18:18 PM     0        47      1.00      0.00  migration/5
09:18:18 PM     0        53      1.00      0.00  migration/6
09:18:18 PM     0        59      1.00      0.00  migration/7
09:18:18 PM     0        65      1.00      0.00  migration/8
09:18:18 PM     0        71      1.00      0.00  migration/9
09:18:18 PM     0        77      1.00      0.00  migration/10
09:18:18 PM     0        83      1.00      0.00  migration/11
09:18:18 PM     0        84      1.00      0.00  ksoftirqd/11
09:18:18 PM     0        95      2.00      0.00  kcompactd0
09:18:18 PM     0       453      1.00      0.00  multipathd
09:18:18 PM     0     88840      2.00      0.00  kworker/u24:1-events_power_efficient
09:18:18 PM     0    180922      2.00      0.00  kworker/2:0-events
09:18:18 PM     0    185621      5.00      0.00  kworker/1:0-events
09:18:18 PM     0    186893      3.00      0.00  kworker/11:0-events
09:18:18 PM     0    189255      3.00      0.00  kworker/7:2-events
09:18:18 PM     0    189918      1.00      0.00  kworker/9:1-mm_percpu_wq
09:18:18 PM     0    190951      1.00      0.00  kworker/10:0-mm_percpu_wq
09:18:18 PM     0    193064      1.00      0.00  kworker/u24:0-flush-259:1
09:18:18 PM     0    197671      2.00      0.00  kworker/0:1-events
09:18:18 PM     0    198142      1.00      0.00  kworker/u24:2-events_power_efficient
09:18:18 PM     0    199074      3.00      0.00  kworker/4:1-events
09:18:18 PM     0    200292      1.00      0.00  iostat
09:18:18 PM     0    200293      1.00      0.00  pidstat
09:18:18 PM     0    200294      5.00      0.00  bash
09:18:18 PM     0    200295      7.00      0.00  bash
09:18:18 PM     0    200296      4.00      0.00  bash
09:18:18 PM     0    200298     99.00      0.00  fio
09:18:18 PM     0    200447      1.00      0.00  kworker/5:1-mm_percpu_wq
09:18:18 PM     0    200721      1.00      0.00  sleep
09:18:18 PM     0    200731      1.00      0.00  sleep
09:18:18 PM     0    200733      1.00      0.00  sleep

09:18:18 PM   UID       PID   cswch/s nvcswch/s  Command
09:18:19 PM     0        17     20.00      0.00  rcu_preempt
09:18:19 PM     0        59      1.00      0.00  migration/7
09:18:19 PM     0        60      1.00      0.00  ksoftirqd/7
09:18:19 PM     0        95      2.00      0.00  kcompactd0
09:18:19 PM     0       453      1.00      0.00  multipathd
09:18:19 PM     0    179405      2.00      0.00  kworker/6:1-events
09:18:19 PM     0    185621      1.00      0.00  kworker/1:0-mm_percpu_wq
09:18:19 PM     0    186893      3.00      0.00  kworker/11:0-events
09:18:19 PM     0    189255      2.00      0.00  kworker/7:2-events
09:18:19 PM     0    189918      1.00      0.00  kworker/9:1-mm_percpu_wq
09:18:19 PM     0    190951      1.00      0.00  kworker/10:0-mm_percpu_wq
09:18:19 PM     0    193064      1.00      0.00  kworker/u24:0-edac-poller
09:18:19 PM     0    197671      2.00      0.00  kworker/0:1-events
09:18:19 PM     0    199074      4.00      0.00  kworker/4:1-mm_percpu_wq
09:18:19 PM     0    199741      1.00      0.00  kworker/3:1-mm_percpu_wq
09:18:19 PM     0    200292      1.00      0.00  iostat
09:18:19 PM     0    200293      1.00      0.00  pidstat
09:18:19 PM     0    200294      5.00      0.00  bash
09:18:19 PM     0    200295      7.00      2.00  bash
09:18:19 PM     0    200296      4.00      0.00  bash
09:18:19 PM     0    200298     99.00      0.00  fio
09:18:19 PM     0    200447      2.00      0.00  kworker/5:1-mm_percpu_wq
09:18:19 PM     0    200736      1.00      0.00  sleep
09:18:19 PM     0    200747      1.00      0.00  sleep
09:18:19 PM     0    200748      1.00      0.00  sleep

09:18:19 PM   UID       PID   cswch/s nvcswch/s  Command
09:18:20 PM     0        17     21.00      0.00  rcu_preempt
09:18:20 PM     0        54      1.00      0.00  ksoftirqd/6
09:18:20 PM     0        84      2.00      0.00  ksoftirqd/11
09:18:20 PM     0        95      2.00      0.00  kcompactd0
09:18:20 PM     0       191      1.00      0.00  kworker/1:1H-events_highpri
09:18:20 PM     0       453      1.00      0.00  multipathd
09:18:20 PM     0    179405      2.00      0.00  kworker/6:1-events
09:18:20 PM     0    180922      3.00      0.00  kworker/2:0-events
09:18:20 PM     0    185621      3.00      0.00  kworker/1:0-events
09:18:20 PM     0    186893      4.00      0.00  kworker/11:0-events
09:18:20 PM     0    189255      4.00      0.00  kworker/7:2-events
09:18:20 PM     0    189918      1.00      0.00  kworker/9:1-mm_percpu_wq
09:18:20 PM     0    190951      1.00      0.00  kworker/10:0-mm_percpu_wq
09:18:20 PM     0    193064      2.00      0.00  kworker/u24:0-edac-poller
09:18:20 PM     0    197671      2.00      0.00  kworker/0:1-events
09:18:20 PM     0    199074      2.00      0.00  kworker/4:1-mm_percpu_wq
09:18:20 PM     0    199741      1.00      0.00  kworker/3:1-mm_percpu_wq
09:18:20 PM     0    200292      1.00      0.00  iostat
09:18:20 PM     0    200293      1.00      0.00  pidstat
09:18:20 PM     0    200294      5.00      0.00  bash
09:18:20 PM     0    200295      8.00      0.00  bash
09:18:20 PM     0    200296      4.00      0.00  bash
09:18:20 PM     0    200298     99.00      0.00  fio
09:18:20 PM     0    200447      3.00      0.00  kworker/5:1-events
09:18:20 PM     0    200751      1.00      0.00  sleep
09:18:20 PM     0    200761      1.00      0.00  sleep
09:18:20 PM     0    200763      1.00      0.00  sleep

09:18:20 PM   UID       PID   cswch/s nvcswch/s  Command
09:18:21 PM     0        16      1.00      0.00  ksoftirqd/0
09:18:21 PM     0        17     20.00      0.00  rcu_preempt
09:18:21 PM     0        54      2.00      0.00  ksoftirqd/6
09:18:21 PM     0        95      2.00      0.00  kcompactd0
09:18:21 PM     0       172      1.00      0.00  kworker/3:1H-kblockd
09:18:21 PM     0       453      1.00      0.00  multipathd
09:18:21 PM     0       562      3.00      0.00  jbd2/nvme1n1p3-8
09:18:21 PM     0    179405      3.00      0.00  kworker/6:1-events
09:18:21 PM     0    180922      1.00      0.00  kworker/2:0-events
09:18:21 PM     0    185621      1.00      0.00  kworker/1:0-events
09:18:21 PM     0    186893      1.00      0.00  kworker/11:0-mm_percpu_wq
09:18:21 PM     0    189255      2.00      0.00  kworker/7:2-mm_percpu_wq
09:18:21 PM     0    189918      1.00      0.00  kworker/9:1-mm_percpu_wq
09:18:21 PM     0    190951      2.00      0.00  kworker/10:0-mm_percpu_wq
09:18:21 PM     0    193064      4.00      0.00  kworker/u24:0-edac-poller
09:18:21 PM     0    197671      3.00      0.00  kworker/0:1-events
09:18:21 PM     0    199074      4.00      0.00  kworker/4:1-events
09:18:21 PM     0    199741      1.00      0.00  kworker/3:1-mm_percpu_wq
09:18:21 PM     0    200292      1.00      0.00  iostat
09:18:21 PM     0    200293      1.00      0.00  pidstat
09:18:21 PM     0    200294      5.00      0.00  bash
09:18:21 PM     0    200295      7.00      0.00  bash
09:18:21 PM     0    200296      4.00      0.00  bash
09:18:21 PM     0    200298    100.00      0.00  fio
09:18:21 PM     0    200447      4.00      0.00  kworker/5:1-events
09:18:21 PM     0    200766      1.00      0.00  sleep
09:18:21 PM     0    200777      1.00      0.00  sleep
09:18:21 PM     0    200778      1.00      0.00  sleep

09:18:21 PM   UID       PID   cswch/s nvcswch/s  Command
09:18:22 PM     0         2      1.00      0.00  kthreadd
09:18:22 PM     0        17     20.00      0.00  rcu_preempt
09:18:22 PM     0        18      1.00      0.00  migration/0
09:18:22 PM     0        23      1.00      0.00  migration/1
09:18:22 PM     0        29      1.00      0.00  migration/2
09:18:22 PM     0        35      1.00      0.00  migration/3
09:18:22 PM     0        41      1.00      0.00  migration/4
09:18:22 PM     0        42      1.00      0.00  ksoftirqd/4
09:18:22 PM     0        47      1.00      0.00  migration/5
09:18:22 PM     0        53      1.00      0.00  migration/6
09:18:22 PM     0        54      1.00      0.00  ksoftirqd/6
09:18:22 PM     0        59      2.00      0.00  migration/7
09:18:22 PM     0        65      1.00      0.00  migration/8
09:18:22 PM     0        71      1.00      0.00  migration/9
09:18:22 PM     0        77      1.00      0.00  migration/10
09:18:22 PM     0        78      1.00      0.00  ksoftirqd/10
09:18:22 PM     0        83      2.00      0.00  migration/11
09:18:22 PM     0        95      2.00      0.00  kcompactd0
09:18:22 PM     0       102      1.00      0.00  irq/9-acpi
09:18:22 PM     0       453      1.00      0.00  multipathd
09:18:22 PM     0     88840      1.00      0.00  kworker/u24:1-flush-259:1
09:18:22 PM     0    179405      4.00      0.00  kworker/6:1-events
09:18:22 PM     0    180922      1.00      0.00  kworker/2:0-events
09:18:22 PM     0    182585      2.00      0.00  kworker/8:1-events
09:18:22 PM     0    185621      8.00      0.00  kworker/1:0-pm
09:18:22 PM     0    186893      1.00      0.00  kworker/11:0-mm_percpu_wq
09:18:22 PM     0    189255      3.00      0.00  kworker/7:2-events
09:18:22 PM     0    189918      1.00      0.00  kworker/9:1-mm_percpu_wq
09:18:22 PM     0    190951      3.00      0.00  kworker/10:0-events
09:18:22 PM     0    193064      5.00      0.00  kworker/u24:0-edac-poller
09:18:22 PM     0    193891      2.00      0.00  kworker/1:2-i915-unordered
09:18:22 PM     0    197671      3.00      0.00  kworker/0:1-kacpi_notify
09:18:22 PM     0    199074      4.00      0.00  kworker/4:1-events
09:18:22 PM     0    199741      1.00      0.00  kworker/3:1-mm_percpu_wq
09:18:22 PM     0    200292      1.00      0.00  iostat
09:18:22 PM     0    200293      1.00      0.00  pidstat
09:18:22 PM     0    200294      5.00      0.00  bash
09:18:22 PM     0    200295      7.00      1.00  bash
09:18:22 PM     0    200296      4.00      0.00  bash
09:18:22 PM     0    200298     99.00      0.00  fio
09:18:22 PM     0    200447      1.00      0.00  kworker/5:1-events
09:18:22 PM     0    200781      1.00      0.00  sleep
09:18:22 PM     0    200792      1.00      1.00  sleep
09:18:22 PM     0    200793      1.00      0.00  sleep
09:18:22 PM     0    200794      2.00      0.00  kworker/1:1

09:18:22 PM   UID       PID   cswch/s nvcswch/s  Command
09:18:23 PM     0        16      1.00      0.00  ksoftirqd/0
09:18:23 PM     0        17     20.00      0.00  rcu_preempt
09:18:23 PM     0        24      1.00      0.00  ksoftirqd/1
09:18:23 PM     0        42      1.00      0.00  ksoftirqd/4
09:18:23 PM     0        84      1.00      0.00  ksoftirqd/11
09:18:23 PM     0        95      2.00      0.00  kcompactd0
09:18:23 PM     0       453      1.00      0.00  multipathd
09:18:23 PM     0     21554      1.00      0.00  packagekitd
09:18:23 PM     0    179405      2.00      0.00  kworker/6:1-events
09:18:23 PM     0    185621      2.00      0.00  kworker/1:0-events
09:18:23 PM     0    186893      2.00      0.00  kworker/11:0-mm_percpu_wq
09:18:23 PM     0    189255      2.00      0.00  kworker/7:2-events
09:18:23 PM     0    189918      1.00      0.00  kworker/9:1-mm_percpu_wq
09:18:23 PM     0    190951      3.00      0.00  kworker/10:0-events
09:18:23 PM     0    193064      1.00      0.00  kworker/u24:0-edac-poller
09:18:23 PM     0    197671      3.00      0.00  kworker/0:1-events
09:18:23 PM     0    199074      2.00      0.00  kworker/4:1-mm_percpu_wq
09:18:23 PM     0    199741      3.00      0.00  kworker/3:1-events
09:18:23 PM     0    200292      1.00      0.00  iostat
09:18:23 PM     0    200293      1.00      0.00  pidstat
09:18:23 PM     0    200294      5.00      0.00  bash
09:18:23 PM     0    200295      8.00      0.00  bash
09:18:23 PM     0    200296      4.00      0.00  bash
09:18:23 PM     0    200298     99.00      0.00  fio
09:18:23 PM     0    200447      2.00      0.00  kworker/5:1-events
09:18:23 PM     0    200797      1.00      0.00  sleep
09:18:23 PM     0    200808      1.00      0.00  sleep
09:18:23 PM     0    200809      1.00      0.00  sleep

09:18:23 PM   UID       PID   cswch/s nvcswch/s  Command
09:18:24 PM     0        17     26.00      0.00  rcu_preempt
09:18:24 PM     0        18      1.00      0.00  migration/0
09:18:24 PM     0        24      2.00      0.00  ksoftirqd/1
09:18:24 PM     0        54      2.00      0.00  ksoftirqd/6
09:18:24 PM     0        77      1.00      0.00  migration/10
09:18:24 PM     0        78      1.00      0.00  ksoftirqd/10
09:18:24 PM     0        83      1.00      0.00  migration/11
09:18:24 PM     0        95      2.00      0.00  kcompactd0
09:18:24 PM     0       453      1.00      0.00  multipathd
09:18:24 PM     0     88840      3.00      0.00  kworker/u24:1-edac-poller
09:18:24 PM     0    179405      2.00      0.00  kworker/6:1-events
09:18:24 PM     0    180922      2.00      0.00  kworker/2:0-events
09:18:24 PM     0    182585      1.00      0.00  kworker/8:1-mm_percpu_wq
09:18:24 PM     0    185621      3.00      0.00  kworker/1:0-events
09:18:24 PM     0    186893      2.00      0.00  kworker/11:0-mm_percpu_wq
09:18:24 PM     0    189255      2.00      0.00  kworker/7:2-events
09:18:24 PM     0    189918      1.00      0.00  kworker/9:1-mm_percpu_wq
09:18:24 PM     0    190951      5.00      0.00  kworker/10:0-events
09:18:24 PM     0    193064      1.00      0.00  kworker/u24:0-events_power_efficient
09:18:24 PM     0    197671      4.00      0.00  kworker/0:1-events
09:18:24 PM     0    199074      3.00      0.00  kworker/4:1-events
09:18:24 PM     0    199741      1.00      0.00  kworker/3:1-mm_percpu_wq
09:18:24 PM     0    200292      1.00      0.00  iostat
09:18:24 PM     0    200293      1.00      0.00  pidstat
09:18:24 PM     0    200294      5.00      0.00  bash
09:18:24 PM     0    200295      7.00      1.00  bash
09:18:24 PM     0    200296      4.00      0.00  bash
09:18:24 PM     0    200298     99.00      0.00  fio
09:18:24 PM     0    200447      2.00      0.00  kworker/5:1-events
09:18:24 PM     0    200812      1.00      0.00  sleep
09:18:24 PM     0    200823      1.00      0.00  sleep
09:18:24 PM     0    200824      1.00      0.00  sleep

09:18:24 PM   UID       PID   cswch/s nvcswch/s  Command
09:18:25 PM     0        16      2.00      0.00  ksoftirqd/0
09:18:25 PM     0        17     16.00      0.00  rcu_preempt
09:18:25 PM     0        24      1.00      0.00  ksoftirqd/1
09:18:25 PM     0        42      1.00      0.00  ksoftirqd/4
09:18:25 PM     0        95      2.00      0.00  kcompactd0
09:18:25 PM     0       453      1.00      0.00  multipathd
09:18:25 PM     0     88840      1.00      0.00  kworker/u24:1-edac-poller
09:18:25 PM     0    180922      1.00      0.00  kworker/2:0-events
09:18:25 PM     0    185621      2.00      0.00  kworker/1:0-events
09:18:25 PM     0    186893      3.00      0.00  kworker/11:0-events
09:18:25 PM     0    189255      1.00      0.00  kworker/7:2-mm_percpu_wq
09:18:25 PM     0    189918      1.00      0.00  kworker/9:1-mm_percpu_wq
09:18:25 PM     0    190951      3.00      0.00  kworker/10:0-events
09:18:25 PM     0    197671      2.00      0.00  kworker/0:1-events
09:18:25 PM     0    199074      2.00      0.00  kworker/4:1-mm_percpu_wq
09:18:25 PM     0    199741      1.00      0.00  kworker/3:1-mm_percpu_wq
09:18:25 PM     0    200292      1.00      0.00  iostat
09:18:25 PM     0    200293      1.00      0.00  pidstat
09:18:25 PM     0    200294      5.00      0.00  bash
09:18:25 PM     0    200295      7.00      0.00  bash
09:18:25 PM     0    200296      4.00      0.00  bash
09:18:25 PM     0    200298     99.00      0.00  fio
09:18:25 PM     0    200447      2.00      0.00  kworker/5:1-mm_percpu_wq
09:18:25 PM     0    200827      1.00      0.00  sleep
09:18:25 PM     0    200838      1.00      0.00  sleep
09:18:25 PM     0    200839      1.00      0.00  sleep

09:18:25 PM   UID       PID   cswch/s nvcswch/s  Command
09:18:26 PM     0        16      1.00      0.00  ksoftirqd/0
09:18:26 PM     0        17     18.00      0.00  rcu_preempt
09:18:26 PM     0        18      1.00      0.00  migration/0
09:18:26 PM     0        23      1.00      0.00  migration/1
09:18:26 PM     0        29      1.00      0.00  migration/2
09:18:26 PM     0        35      3.00      0.00  migration/3
09:18:26 PM     0        41      2.00      0.00  migration/4
09:18:26 PM     0        47      1.00      0.00  migration/5
09:18:26 PM     0        48      3.00      0.00  ksoftirqd/5
09:18:26 PM     0        53      1.00      0.00  migration/6
09:18:26 PM     0        59      1.00      0.00  migration/7
09:18:26 PM     0        65      1.00      0.00  migration/8
09:18:26 PM     0        71      1.00      0.00  migration/9
09:18:26 PM     0        77      1.00      0.00  migration/10
09:18:26 PM     0        83      1.00      0.00  migration/11
09:18:26 PM     0        95      2.00      0.00  kcompactd0
09:18:26 PM     0       453      1.00      0.00  multipathd
09:18:26 PM     0       562      3.00      0.00  jbd2/nvme1n1p3-8
09:18:26 PM     0     88840      2.00      0.00  kworker/u24:1-edac-poller
09:18:26 PM     0    179405      2.00      0.00  kworker/6:1-events
09:18:26 PM     0    180922      1.00      0.00  kworker/2:0-events
09:18:26 PM     0    182585      1.00      0.00  kworker/8:1-events
09:18:26 PM     0    185621      3.00      0.00  kworker/1:0-events
09:18:26 PM     0    186893      1.00      0.00  kworker/11:0-mm_percpu_wq
09:18:26 PM     0    189255      2.00      0.00  kworker/7:2-events
09:18:26 PM     0    189918      1.00      0.00  kworker/9:1-mm_percpu_wq
09:18:26 PM     0    190951      2.00      0.00  kworker/10:0-mm_percpu_wq
09:18:26 PM     0    197671      2.00      0.00  kworker/0:1-events
09:18:26 PM     0    199074      2.00      0.00  kworker/4:1-mm_percpu_wq
09:18:26 PM     0    199741      3.00      0.00  kworker/3:1-events
09:18:26 PM     0    200292      1.00      0.00  iostat
09:18:26 PM     0    200293      1.00      0.00  pidstat
09:18:26 PM     0    200294      5.00      0.00  bash
09:18:26 PM     0    200295      6.00      0.00  bash
09:18:26 PM     0    200296      4.00      0.00  bash
09:18:26 PM     0    200298     99.00      0.00  fio
09:18:26 PM     0    200447      3.00      0.00  kworker/5:1-events
09:18:26 PM     0    200842      1.00      0.00  sleep
09:18:26 PM     0    200852      1.00      0.00  sleep
09:18:26 PM     0    200854      1.00      0.00  sleep

09:18:26 PM   UID       PID   cswch/s nvcswch/s  Command
09:18:27 PM     0        17     22.00      0.00  rcu_preempt
09:18:27 PM     0        36      1.00      0.00  ksoftirqd/3
09:18:27 PM     0        42      1.00      0.00  ksoftirqd/4
09:18:27 PM     0        95      2.00      0.00  kcompactd0
09:18:27 PM     0       194      1.00      0.00  kworker/8:1H-kblockd
09:18:27 PM     0       453      1.00      0.00  multipathd
09:18:27 PM     0     88840      4.00      0.00  kworker/u24:1-edac-poller
09:18:27 PM     0    179405      2.00      0.00  kworker/6:1-events
09:18:27 PM     0    185621      1.00      0.00  kworker/1:0-mm_percpu_wq
09:18:27 PM     0    186893      1.00      0.00  kworker/11:0-mm_percpu_wq
09:18:27 PM     0    189255      2.00      0.00  kworker/7:2-events
09:18:27 PM     0    189918      1.00      0.00  kworker/9:1-mm_percpu_wq
09:18:27 PM     0    190951      2.00      0.00  kworker/10:0-mm_percpu_wq
09:18:27 PM     0    193064      1.00      0.00  kworker/u24:0-flush-259:1
09:18:27 PM     0    197671      1.00      0.00  kworker/0:1-events
09:18:27 PM     0    199074      2.00      0.00  kworker/4:1-mm_percpu_wq
09:18:27 PM     0    199741      2.00      0.00  kworker/3:1-events
09:18:27 PM     0    200292      1.00      0.00  iostat
09:18:27 PM     0    200293      1.00      0.00  pidstat
09:18:27 PM     0    200294      5.00      0.00  bash
09:18:27 PM     0    200295      7.00      0.00  bash
09:18:27 PM     0    200296      4.00      0.00  bash
09:18:27 PM     0    200298     99.00      0.00  fio
09:18:27 PM     0    200447      2.00      0.00  kworker/5:1-mm_percpu_wq
09:18:27 PM     0    200857      1.00      0.00  sleep
09:18:27 PM     0    200868      1.00      0.00  sleep
09:18:27 PM     0    200869      1.00      0.00  sleep

09:18:27 PM   UID       PID   cswch/s nvcswch/s  Command
09:18:28 PM     0        16      1.00      0.00  ksoftirqd/0
09:18:28 PM     0        17     22.00      0.00  rcu_preempt
09:18:28 PM     0        35      1.00      0.00  migration/3
09:18:28 PM     0        36      1.00      0.00  ksoftirqd/3
09:18:28 PM     0        60      1.00      0.00  ksoftirqd/7
09:18:28 PM     0        95      2.00      0.00  kcompactd0
09:18:28 PM     0       453      1.00      0.00  multipathd
09:18:28 PM     0     88840      1.00      0.00  kworker/u24:1-events_unbound
09:18:28 PM     0    179405      2.00      0.00  kworker/6:1-events
09:18:28 PM     0    180922      2.00      0.00  kworker/2:0-events
09:18:28 PM     0    182585      1.00      0.00  kworker/8:1-events
09:18:28 PM     0    185621      1.00      0.00  kworker/1:0-mm_percpu_wq
09:18:28 PM     0    186893      1.00      0.00  kworker/11:0-mm_percpu_wq
09:18:28 PM     0    189255      4.00      0.00  kworker/7:2-events
09:18:28 PM     0    189918      1.00      0.00  kworker/9:1-mm_percpu_wq
09:18:28 PM     0    190951      2.00      0.00  kworker/10:0-mm_percpu_wq
09:18:28 PM     0    193064      1.00      0.00  kworker/u24:0-flush-259:1
09:18:28 PM     0    197671      3.00      0.00  kworker/0:1-events
09:18:28 PM     0    199074      2.00      0.00  kworker/4:1-mm_percpu_wq
09:18:28 PM     0    199741      2.00      0.00  kworker/3:1-events
09:18:28 PM     0    200292      1.00      0.00  iostat
09:18:28 PM     0    200293      1.00      0.00  pidstat
09:18:28 PM     0    200294      5.00      0.00  bash
09:18:28 PM     0    200295      6.00      1.00  bash
09:18:28 PM     0    200296      4.00      0.00  bash
09:18:28 PM     0    200298    100.00      0.00  fio
09:18:28 PM     0    200447      1.00      0.00  kworker/5:1-mm_percpu_wq
09:18:28 PM     0    200872      1.00      0.00  sleep
09:18:28 PM     0    200882      1.00      0.00  sleep
09:18:28 PM     0    200884      1.00      0.00  sleep

09:18:28 PM   UID       PID   cswch/s nvcswch/s  Command
09:18:29 PM     0        16      1.00      0.00  ksoftirqd/0
09:18:29 PM     0        17     21.00      0.00  rcu_preempt
09:18:29 PM     0        24      2.00      0.00  ksoftirqd/1
09:18:29 PM     0        36      1.00      0.00  ksoftirqd/3
09:18:29 PM     0        42      1.00      0.00  ksoftirqd/4
09:18:29 PM     0        53      1.00      0.00  migration/6
09:18:29 PM     0        71      1.00      0.00  migration/9
09:18:29 PM     0        78      1.00      0.00  ksoftirqd/10
09:18:29 PM     0        95      2.00      0.00  kcompactd0
09:18:29 PM     0       453      1.00      0.00  multipathd
09:18:29 PM     0     88840      1.00      0.00  kworker/u24:1-events_power_efficient
09:18:29 PM     0    179405      2.00      0.00  kworker/6:1-events
09:18:29 PM     0    180922      1.00      0.00  kworker/2:0-events
09:18:29 PM     0    185621      3.00      0.00  kworker/1:0-events
09:18:29 PM     0    189255      2.00      0.00  kworker/7:2-events
09:18:29 PM     0    189918      1.00      0.00  kworker/9:1-mm_percpu_wq
09:18:29 PM     0    190951      3.00      0.00  kworker/10:0-events
09:18:29 PM     0    193064      2.00      0.00  kworker/u24:0-edac-poller
09:18:29 PM     0    197671      2.00      0.00  kworker/0:1-events
09:18:29 PM     0    199074      2.00      0.00  kworker/4:1-mm_percpu_wq
09:18:29 PM     0    199741      4.00      0.00  kworker/3:1-events
09:18:29 PM     0    200292      1.00      0.00  iostat
09:18:29 PM     0    200293      1.00      0.00  pidstat
09:18:29 PM     0    200294      5.00      0.00  bash
09:18:29 PM     0    200295      7.00      0.00  bash
09:18:29 PM     0    200296      4.00      0.00  bash
09:18:29 PM     0    200298     99.00      0.00  fio
09:18:29 PM     0    200447      2.00      0.00  kworker/5:1-mm_percpu_wq
09:18:29 PM     0    200887      1.00      0.00  sleep
09:18:29 PM     0    200897      1.00      0.00  sleep
09:18:29 PM     0    200899      1.00      0.00  sleep

09:18:29 PM   UID       PID   cswch/s nvcswch/s  Command
09:18:30 PM     0        17     25.00      0.00  rcu_preempt
09:18:30 PM     0        18      1.00      0.00  migration/0
09:18:30 PM     0        23      1.00      0.00  migration/1
09:18:30 PM     0        29      1.00      0.00  migration/2
09:18:30 PM     0        35      1.00      0.00  migration/3
09:18:30 PM     0        41      1.00      0.00  migration/4
09:18:30 PM     0        42      1.00      0.00  ksoftirqd/4
09:18:30 PM     0        47      1.00      0.00  migration/5
09:18:30 PM     0        48      1.00      0.00  ksoftirqd/5
09:18:30 PM     0        53      1.00      0.00  migration/6
09:18:30 PM     0        59      1.00      0.00  migration/7
09:18:30 PM     0        65      1.00      0.00  migration/8
09:18:30 PM     0        71      1.00      0.00  migration/9
09:18:30 PM     0        77      1.00      0.00  migration/10
09:18:30 PM     0        83      1.00      0.00  migration/11
09:18:30 PM     0        84      1.00      0.00  ksoftirqd/11
09:18:30 PM     0        95      2.00      0.00  kcompactd0
09:18:30 PM     0       453      1.00      0.00  multipathd
09:18:30 PM     0     88840      3.00      0.00  kworker/u24:1-events_unbound
09:18:30 PM     0    179405      1.00      0.00  kworker/6:1-mm_percpu_wq
09:18:30 PM     0    180922      1.00      0.00  kworker/2:0-events
09:18:30 PM     0    182585      1.00      0.00  kworker/8:1-events
09:18:30 PM     0    185621      5.00      0.00  kworker/1:0-events
09:18:30 PM     0    186893      2.00      0.00  kworker/11:0-events
09:18:30 PM     0    189255      4.00      0.00  kworker/7:2-events
09:18:30 PM     0    189918      1.00      0.00  kworker/9:1-mm_percpu_wq
09:18:30 PM     0    190951      2.00      0.00  kworker/10:0-mm_percpu_wq
09:18:30 PM     0    193064      1.00      0.00  kworker/u24:0-events_power_efficient
09:18:30 PM     0    197671      3.00      0.00  kworker/0:1-events
09:18:30 PM     0    199074      3.00      0.00  kworker/4:1-events
09:18:30 PM     0    199741      2.00      0.00  kworker/3:1-mm_percpu_wq
09:18:30 PM     0    200292      1.00      0.00  iostat
09:18:30 PM     0    200293      1.00      0.00  pidstat
09:18:30 PM     0    200294      5.00      0.00  bash
09:18:30 PM     0    200295      8.00      0.00  bash
09:18:30 PM     0    200296      4.00      0.00  bash
09:18:30 PM     0    200298     99.00      0.00  fio
09:18:30 PM     0    200447      3.00      0.00  kworker/5:1-events
09:18:30 PM     0    200902      1.00      0.00  sleep
09:18:30 PM     0    200913      1.00      0.00  sleep
09:18:30 PM     0    200914      1.00      0.00  sleep

09:18:30 PM   UID       PID   cswch/s nvcswch/s  Command
09:18:31 PM     0        16      2.00      0.00  ksoftirqd/0
09:18:31 PM     0        17     17.00      0.00  rcu_preempt
09:18:31 PM     0        36      1.00      0.00  ksoftirqd/3
09:18:31 PM     0        42      1.00      0.00  ksoftirqd/4
09:18:31 PM     0        60      2.00      0.00  ksoftirqd/7
09:18:31 PM     0        95      2.00      0.00  kcompactd0
09:18:31 PM     0       453      1.00      0.00  multipathd
09:18:31 PM     0       562      3.00      0.00  jbd2/nvme1n1p3-8
09:18:31 PM     0     88840      2.00      0.00  kworker/u24:1-edac-poller
09:18:31 PM     0    179405      1.00      0.00  kworker/6:1-mm_percpu_wq
09:18:31 PM     0    185621      4.00      0.00  kworker/1:0-events
09:18:31 PM     0    186893      3.00      0.00  kworker/11:0-events
09:18:31 PM     0    189255      4.00      0.00  kworker/7:2-events
09:18:31 PM     0    189918      1.00      0.00  kworker/9:1-mm_percpu_wq
09:18:31 PM     0    190951      3.00      0.00  kworker/10:0-events
09:18:31 PM     0    197671      1.00      0.00  kworker/0:1-events
09:18:31 PM     0    199074      2.00      0.00  kworker/4:1-mm_percpu_wq
09:18:31 PM     0    199741      3.00      0.00  kworker/3:1-events
09:18:31 PM     0    200292      1.00      0.00  iostat
09:18:31 PM     0    200293      1.00      0.00  pidstat
09:18:31 PM     0    200294      5.00      0.00  bash
09:18:31 PM     0    200295      8.00      0.00  bash
09:18:31 PM     0    200296      4.00      0.00  bash
09:18:31 PM     0    200298     99.00      0.00  fio
09:18:31 PM     0    200447      2.00      0.00  kworker/5:1-mm_percpu_wq
09:18:31 PM     0    200917      1.00      0.00  sleep
09:18:31 PM     0    200928      1.00      0.00  sleep
09:18:31 PM     0    200929      1.00      0.00  sleep

09:18:31 PM   UID       PID   cswch/s nvcswch/s  Command
09:18:32 PM     0        17     21.00      0.00  rcu_preempt
09:18:32 PM     0        23      1.00      0.00  migration/1
09:18:32 PM     0        24      2.00      0.00  ksoftirqd/1
09:18:32 PM     0        60      2.00      0.00  ksoftirqd/7
09:18:32 PM     0        78      1.00      0.00  ksoftirqd/10
09:18:32 PM     0        95      2.00      0.00  kcompactd0
09:18:32 PM     0       102      1.00      0.00  irq/9-acpi
09:18:32 PM     0       453      1.00      0.00  multipathd
09:18:32 PM     0     88840      1.00      0.00  kworker/u24:1-flush-259:1
09:18:32 PM     0    179405      1.00      0.00  kworker/6:1-mm_percpu_wq
09:18:32 PM     0    180922      2.00      0.00  kworker/2:0-events
09:18:32 PM     0    182585      1.00      0.00  kworker/8:1-events
09:18:32 PM     0    185621    813.00      0.00  kworker/1:0+events
09:18:32 PM     0    186893      3.00      0.00  kworker/11:0-events
09:18:32 PM     0    189255      4.00      0.00  kworker/7:2-events
09:18:32 PM     0    189918      1.00      0.00  kworker/9:1-mm_percpu_wq
09:18:32 PM     0    190951      3.00      0.00  kworker/10:0-mm_percpu_wq
09:18:32 PM     0    193064      5.00      0.00  kworker/u24:0-writeback
09:18:32 PM     0    197671      2.00      0.00  kworker/0:1-kacpi_notify
09:18:32 PM     0    199074      1.00      0.00  kworker/4:1-mm_percpu_wq
09:18:32 PM     0    199741      2.00      0.00  kworker/3:1-events
09:18:32 PM     0    200292      1.00      0.00  iostat
09:18:32 PM     0    200293      1.00      0.00  pidstat
09:18:32 PM     0    200294      5.00      0.00  bash
09:18:32 PM     0    200295      8.00      0.00  bash
09:18:32 PM     0    200296      4.00      0.00  bash
09:18:32 PM     0    200298     99.00      0.00  fio
09:18:32 PM     0    200447      2.00      0.00  kworker/5:1-events
09:18:32 PM     0    200794      1.00      0.00  kworker/1:1+i915-unordered
09:18:32 PM     0    200932      1.00      0.00  sleep
09:18:32 PM     0    200943      1.00      0.00  sleep
09:18:32 PM     0    200944      1.00      0.00  sleep

09:18:32 PM   UID       PID   cswch/s nvcswch/s  Command
09:18:33 PM     0        16      1.00      0.00  ksoftirqd/0
09:18:33 PM     0        17     15.00      0.00  rcu_preempt
09:18:33 PM     0        60      2.00      0.00  ksoftirqd/7
09:18:33 PM     0        84      1.00      0.00  ksoftirqd/11
09:18:33 PM     0        95      2.00      0.00  kcompactd0
09:18:33 PM     0       453      2.00      0.00  multipathd
09:18:33 PM     0     21554      1.00      0.00  packagekitd
09:18:33 PM     0     88840      1.00      0.00  kworker/u24:1-flush-259:1
09:18:33 PM     0    179405      1.00      0.00  kworker/6:1-mm_percpu_wq
09:18:33 PM     0    180922      1.00      0.00  kworker/2:0-events
09:18:33 PM     0    185621    329.00      0.00  kworker/1:0-mm_percpu_wq
09:18:33 PM     0    186893      3.00      0.00  kworker/11:0-events
09:18:33 PM     0    189255      3.00      0.00  kworker/7:2-events
09:18:33 PM     0    189918      2.00      0.00  kworker/9:1-events
09:18:33 PM     0    190951      3.00      0.00  kworker/10:0-mm_percpu_wq
09:18:33 PM     0    193064      2.00      0.00  kworker/u24:0-events_unbound
09:18:33 PM     0    197671      1.00      0.00  kworker/0:1-events
09:18:33 PM     0    199074      2.00      0.00  kworker/4:1-mm_percpu_wq
09:18:33 PM     0    199741      1.00      0.00  kworker/3:1-mm_percpu_wq
09:18:33 PM     0    200292      1.00      0.00  iostat
09:18:33 PM     0    200293      1.00      0.00  pidstat
09:18:33 PM     0    200294      5.00      0.00  bash
09:18:33 PM     0    200295      8.00      0.00  bash
09:18:33 PM     0    200296      4.00      0.00  bash
09:18:33 PM     0    200298     99.00      0.00  fio
09:18:33 PM     0    200447      3.00      0.00  kworker/5:1-events
09:18:33 PM     0    200794   1133.00      0.00  kworker/1:1-i915-unordered
09:18:33 PM     0    200947      1.00      0.00  sleep
09:18:33 PM     0    200958      1.00      0.00  sleep
09:18:33 PM     0    200959      1.00      0.00  sleep

09:18:33 PM   UID       PID   cswch/s nvcswch/s  Command
09:18:34 PM     0        16      1.00      0.00  ksoftirqd/0
09:18:34 PM     0        17     18.00      0.00  rcu_preempt
09:18:34 PM     0        18      1.00      0.00  migration/0
09:18:34 PM     0        23      1.00      0.00  migration/1
09:18:34 PM     0        24      1.00      0.00  ksoftirqd/1
09:18:34 PM     0        29      1.00      0.00  migration/2
09:18:34 PM     0        35      1.00      0.00  migration/3
09:18:34 PM     0        36      1.00      0.00  ksoftirqd/3
09:18:34 PM     0        41      1.00      0.00  migration/4
09:18:34 PM     0        47      1.00      0.00  migration/5
09:18:34 PM     0        53      1.00      0.00  migration/6
09:18:34 PM     0        59      1.00      0.00  migration/7
09:18:34 PM     0        65      1.00      0.00  migration/8
09:18:34 PM     0        71      1.00      0.00  migration/9
09:18:34 PM     0        72      1.00      0.00  ksoftirqd/9
09:18:34 PM     0        77      1.00      0.00  migration/10
09:18:34 PM     0        83      2.00      0.00  migration/11
09:18:34 PM     0        95      2.00      0.00  kcompactd0
09:18:34 PM     0       453      1.00      0.00  multipathd
09:18:34 PM     0    179405      2.00      0.00  kworker/6:1-events
09:18:34 PM     0    180922      1.00      0.00  kworker/2:0-events
09:18:34 PM     0    182585      1.00      0.00  kworker/8:1-events
09:18:34 PM     0    186893      3.00      0.00  kworker/11:0-events
09:18:34 PM     0    189255      2.00      0.00  kworker/7:2-events
09:18:34 PM     0    189918      1.00      0.00  kworker/9:1-mm_percpu_wq
09:18:34 PM     0    190951      1.00      0.00  kworker/10:0-mm_percpu_wq
09:18:34 PM     0    193064      1.00      0.00  kworker/u24:0-edac-poller
09:18:34 PM     0    197671      3.00      0.00  kworker/0:1-events
09:18:34 PM     0    199074      1.00      0.00  kworker/4:1-mm_percpu_wq
09:18:34 PM     0    199741      1.00      0.00  kworker/3:1-mm_percpu_wq
09:18:34 PM     0    200292      1.00      0.00  iostat
09:18:34 PM     0    200293      1.00      0.00  pidstat
09:18:34 PM     0    200294      5.00      0.00  bash
09:18:34 PM     0    200295      6.00      0.00  bash
09:18:34 PM     0    200296      4.00      0.00  bash
09:18:34 PM     0    200298    100.00      0.00  fio
09:18:34 PM     0    200447      2.00      0.00  kworker/5:1-events
09:18:34 PM     0    200794      2.00      0.00  kworker/1:1-events
09:18:34 PM     0    200962      1.00      0.00  sleep
09:18:34 PM     0    200972      1.00      0.00  sleep
09:18:34 PM     0    200974      1.00      0.00  sleep

09:18:34 PM   UID       PID   cswch/s nvcswch/s  Command
09:18:35 PM     0        16      1.00      0.00  ksoftirqd/0
09:18:35 PM     0        17     15.00      0.00  rcu_preempt
09:18:35 PM     0        24      3.00      0.00  ksoftirqd/1
09:18:35 PM     0        36      2.00      0.00  ksoftirqd/3
09:18:35 PM     0        41      1.00      0.00  migration/4
09:18:35 PM     0        48      2.00      0.00  ksoftirqd/5
09:18:35 PM     0        95      2.00      0.00  kcompactd0
09:18:35 PM     0       453      1.00      0.00  multipathd
09:18:35 PM     0     88840      2.00      0.00  kworker/u24:1-flush-259:1
09:18:35 PM     0    179405      1.00      0.00  kworker/6:1-events
09:18:35 PM     0    180922      1.00      0.00  kworker/2:0-events
09:18:35 PM     0    186893      1.00      0.00  kworker/11:0-events
09:18:35 PM     0    190951      1.00      0.00  kworker/10:0-events
09:18:35 PM     0    193064      2.00      0.00  kworker/u24:0-events_power_efficient
09:18:35 PM     0    197671      2.00      0.00  kworker/0:1-events
09:18:35 PM     0    199074      2.00      0.00  kworker/4:1-mm_percpu_wq
09:18:35 PM     0    199741      4.00      0.00  kworker/3:1-events
09:18:35 PM     0    200292      1.00      0.00  iostat
09:18:35 PM     0    200293      1.00      0.00  pidstat
09:18:35 PM     0    200294      5.00      0.00  bash
09:18:35 PM     0    200295      6.00      0.00  bash
09:18:35 PM     0    200296      4.00      0.00  bash
09:18:35 PM     0    200298     99.00      0.00  fio
09:18:35 PM     0    200447      3.00      0.00  kworker/5:1-events
09:18:35 PM     0    200794      3.00      0.00  kworker/1:1-events
09:18:35 PM     0    200977      1.00      0.00  sleep
09:18:35 PM     0    200987      1.00      0.00  sleep
09:18:35 PM     0    200989      1.00      0.00  sleep

09:18:35 PM   UID       PID   cswch/s nvcswch/s  Command
09:18:36 PM     0        17     23.00      0.00  rcu_preempt
09:18:36 PM     0        24      1.00      0.00  ksoftirqd/1
09:18:36 PM     0        36      2.00      0.00  ksoftirqd/3
09:18:36 PM     0        60      1.00      0.00  ksoftirqd/7
09:18:36 PM     0        95      2.00      0.00  kcompactd0
09:18:36 PM     0       453      1.00      0.00  multipathd
09:18:36 PM     0       562      3.00      0.00  jbd2/nvme1n1p3-8
09:18:36 PM     0     88840      1.00      0.00  kworker/u24:1-edac-poller
09:18:36 PM     0    179405      2.00      0.00  kworker/6:1-events
09:18:36 PM     0    180922      3.00      0.00  kworker/2:0-events
09:18:36 PM     0    182585      1.00      0.00  kworker/8:1-events
09:18:36 PM     0    186893      2.00      0.00  kworker/11:0-events
09:18:36 PM     0    189255      3.00      0.00  kworker/7:2-events
09:18:36 PM     0    190951      3.00      0.00  kworker/10:0-events
09:18:36 PM     0    197671      1.00      0.00  kworker/0:1-events
09:18:36 PM     0    199074      2.00      0.00  kworker/4:1-events
09:18:36 PM     0    199741      1.00      0.00  kworker/3:1-events
09:18:36 PM     0    200292      1.00      0.00  iostat
09:18:36 PM     0    200293      1.00      0.00  pidstat
09:18:36 PM     0    200294      5.00      0.00  bash
09:18:36 PM     0    200295      8.00      0.00  bash
09:18:36 PM     0    200296      4.00      0.00  bash
09:18:36 PM     0    200298     99.00      0.00  fio
09:18:36 PM     0    200447      2.00      0.00  kworker/5:1-mm_percpu_wq
09:18:36 PM     0    200794      3.00      0.00  kworker/1:1-events
09:18:36 PM     0    200992      1.00      0.00  sleep
09:18:36 PM     0    201003      1.00      0.00  sleep
09:18:36 PM     0    201004      1.00      0.00  sleep

09:18:36 PM   UID       PID   cswch/s nvcswch/s  Command
09:18:37 PM     0         1      1.00      0.00  systemd
09:18:37 PM     0        17     22.00      0.00  rcu_preempt
09:18:37 PM     0        35      1.00      0.00  migration/3
09:18:37 PM     0        48      1.00      0.00  ksoftirqd/5
09:18:37 PM     0        60      1.00      0.00  ksoftirqd/7
09:18:37 PM     0        72      1.00      0.00  ksoftirqd/9
09:18:37 PM     0        95      2.00      0.00  kcompactd0
09:18:37 PM     0       453      1.00      0.00  multipathd
09:18:37 PM   102       621      1.00      0.00  systemd-resolve
09:18:37 PM     0       643      1.00      0.00  systemd-logind
09:18:37 PM     0     88840      3.00      0.00  kworker/u24:1-events_unbound
09:18:37 PM     0    180922      1.00      0.00  kworker/2:0-events
09:18:37 PM     0    186893      2.00      0.00  kworker/11:0-events
09:18:37 PM     0    189255      3.00      0.00  kworker/7:2-events
09:18:37 PM     0    189918      1.00      0.00  kworker/9:1-mm_percpu_wq
09:18:37 PM     0    190951      1.00      0.00  kworker/10:0-mm_percpu_wq
09:18:37 PM     0    197671      1.00      0.00  kworker/0:1-mm_percpu_wq
09:18:37 PM     0    199074      2.00      0.00  kworker/4:1-mm_percpu_wq
09:18:37 PM     0    199741      2.00      0.00  kworker/3:1-mm_percpu_wq
09:18:37 PM     0    200292      1.00      0.00  iostat
09:18:37 PM     0    200293      1.00      0.00  pidstat
09:18:37 PM     0    200294      5.00      0.00  bash
09:18:37 PM     0    200295      6.00      1.00  bash
09:18:37 PM     0    200296      4.00      0.00  bash
09:18:37 PM     0    200298     99.00      0.00  fio
09:18:37 PM     0    200447      4.00      0.00  kworker/5:1-events
09:18:37 PM     0    200794      2.00      0.00  kworker/1:1-events
09:18:37 PM     0    201007      1.00      0.00  sleep
09:18:37 PM     0    201017      1.00      0.00  sleep
09:18:37 PM     0    201019      1.00      0.00  sleep

09:18:37 PM   UID       PID   cswch/s nvcswch/s  Command
09:18:38 PM     0        16      1.00      0.00  ksoftirqd/0
09:18:38 PM     0        17     19.00      0.00  rcu_preempt
09:18:38 PM     0        18      1.00      0.00  migration/0
09:18:38 PM     0        23      1.00      0.00  migration/1
09:18:38 PM     0        24      2.00      0.00  ksoftirqd/1
09:18:38 PM     0        29      1.00      0.00  migration/2
09:18:38 PM     0        35      1.00      0.00  migration/3
09:18:38 PM     0        36      1.00      1.00  ksoftirqd/3
09:18:38 PM     0        41      1.00      0.00  migration/4
09:18:38 PM     0        47      1.00      0.00  migration/5
09:18:38 PM     0        48      1.00      0.00  ksoftirqd/5
09:18:38 PM     0        53      1.00      0.00  migration/6
09:18:38 PM     0        59      1.00      0.00  migration/7
09:18:38 PM     0        65      1.00      0.00  migration/8
09:18:38 PM     0        71      1.00      0.00  migration/9
09:18:38 PM     0        72      1.00      0.00  ksoftirqd/9
09:18:38 PM     0        77      1.00      0.00  migration/10
09:18:38 PM     0        83      1.00      0.00  migration/11
09:18:38 PM     0        84      1.00      0.00  ksoftirqd/11
09:18:38 PM     0        95      2.00      0.00  kcompactd0
09:18:38 PM     0       172      1.00      0.00  kworker/3:1H-kblockd
09:18:38 PM     0       453      1.00      0.00  multipathd
09:18:38 PM     0     88840      4.00      0.00  kworker/u24:1-writeback
09:18:38 PM     0    179405      1.00      0.00  kworker/6:1-mm_percpu_wq
09:18:38 PM     0    180922      2.00      0.00  kworker/2:0-events
09:18:38 PM     0    182585      1.00      0.00  kworker/8:1-events
09:18:38 PM     0    186893      2.00      0.00  kworker/11:0-events
09:18:38 PM     0    189255      2.00      0.00  kworker/7:2-events
09:18:38 PM     0    189918      1.00      0.00  kworker/9:1-mm_percpu_wq
09:18:38 PM     0    190951      1.00      0.00  kworker/10:0-events
09:18:38 PM     0    199074      1.00      0.00  kworker/4:1-events
09:18:38 PM     0    199741      2.00      0.00  kworker/3:1-events
09:18:38 PM     0    200292      1.00      0.00  iostat
09:18:38 PM     0    200293      1.00      0.00  pidstat
09:18:38 PM     0    200294      5.00      0.00  bash
09:18:38 PM     0    200295      6.00      0.00  bash
09:18:38 PM     0    200296      4.00      0.00  bash
09:18:38 PM     0    200298     99.00      0.00  fio
09:18:38 PM     0    200447      3.00      0.00  kworker/5:1-events
09:18:38 PM     0    200794      3.00      0.00  kworker/1:1-events
09:18:38 PM     0    201022      1.00      0.00  sleep
09:18:38 PM     0    201032      1.00      0.00  sleep
09:18:38 PM     0    201034      1.00      0.00  sleep

09:18:38 PM   UID       PID   cswch/s nvcswch/s  Command
09:18:39 PM     0        16      1.00      0.00  ksoftirqd/0
09:18:39 PM     0        17     19.00      0.00  rcu_preempt
09:18:39 PM     0        24      1.00      0.00  ksoftirqd/1
09:18:39 PM     0        36      1.00      0.00  ksoftirqd/3
09:18:39 PM     0        42      1.00      0.00  ksoftirqd/4
09:18:39 PM     0        54      1.00      0.00  ksoftirqd/6
09:18:39 PM     0        84      1.00      0.00  ksoftirqd/11
09:18:39 PM     0        95      2.00      0.00  kcompactd0
09:18:39 PM     0       453      1.00      0.00  multipathd
09:18:39 PM   101       608      1.00      0.00  systemd-network
09:18:39 PM     0     88840      2.00      0.00  kworker/u24:1-events_unbound
09:18:39 PM     0    180922      1.00      0.00  kworker/2:0-events
09:18:39 PM     0    186893      2.00      0.00  kworker/11:0-events
09:18:39 PM     0    189255      1.00      0.00  kworker/7:2-mm_percpu_wq
09:18:39 PM     0    189918      2.00      0.00  kworker/9:1-events
09:18:39 PM     0    190951      1.00      0.00  kworker/10:0-mm_percpu_wq
09:18:39 PM     0    197671      2.00      0.00  kworker/0:1-events
09:18:39 PM     0    199074      2.00      0.00  kworker/4:1-mm_percpu_wq
09:18:39 PM     0    199741      4.00      0.00  kworker/3:1-events
09:18:39 PM     0    200292      1.00      0.00  iostat
09:18:39 PM     0    200293      1.00      0.00  pidstat
09:18:39 PM     0    200294      5.00      0.00  bash
09:18:39 PM     0    200295      8.00      0.00  bash
09:18:39 PM     0    200296      4.00      0.00  bash
09:18:39 PM     0    200298     99.00      0.00  fio
09:18:39 PM     0    200447      2.00      0.00  kworker/5:1-events
09:18:39 PM     0    200794      3.00      0.00  kworker/1:1-events
09:18:39 PM     0    201037      1.00      0.00  sleep
09:18:39 PM     0    201047      1.00      0.00  sleep
09:18:39 PM     0    201049      1.00      0.00  sleep

09:18:39 PM   UID       PID   cswch/s nvcswch/s  Command
09:18:40 PM     0        16      1.00      0.00  ksoftirqd/0
09:18:40 PM     0        17     22.00      0.00  rcu_preempt
09:18:40 PM     0        36      1.00      0.00  ksoftirqd/3
09:18:40 PM     0        42      1.00      0.00  ksoftirqd/4
09:18:40 PM     0        95      2.00      0.00  kcompactd0
09:18:40 PM     0       453      1.00      0.00  multipathd
09:18:40 PM     0     88840      2.00      0.00  kworker/u24:1-events_power_efficient
09:18:40 PM     0    179405      1.00      0.00  kworker/6:1-mm_percpu_wq
09:18:40 PM     0    180922      2.00      0.00  kworker/2:0-events
09:18:40 PM     0    182585      1.00      0.00  kworker/8:1-events
09:18:40 PM     0    186893      2.00      0.00  kworker/11:0-mm_percpu_wq
09:18:40 PM     0    189255      1.00      0.00  kworker/7:2-events
09:18:40 PM     0    189918      1.00      0.00  kworker/9:1-mm_percpu_wq
09:18:40 PM     0    190951      1.00      0.00  kworker/10:0-events
09:18:40 PM     0    193064      1.00      0.00  kworker/u24:0-events_power_efficient
09:18:40 PM     0    197671      4.00      0.00  kworker/0:1-events
09:18:40 PM     0    199074      1.00      0.00  kworker/4:1-events
09:18:40 PM     0    199741      2.00      0.00  kworker/3:1-events
09:18:40 PM     0    200292      1.00      0.00  iostat
09:18:40 PM     0    200293      1.00      0.00  pidstat
09:18:40 PM     0    200294      5.00      0.00  bash
09:18:40 PM     0    200295      8.00      0.00  bash
09:18:40 PM     0    200296      4.00      0.00  bash
09:18:40 PM     0    200298     99.00      0.00  fio
09:18:40 PM     0    200447      2.00      0.00  kworker/5:1-events
09:18:40 PM     0    200794      2.00      0.00  kworker/1:1-events
09:18:40 PM     0    201052      1.00      0.00  sleep
09:18:40 PM     0    201063      1.00      0.00  sleep
09:18:40 PM     0    201064      1.00      0.00  sleep

09:18:40 PM   UID       PID   cswch/s nvcswch/s  Command
09:18:41 PM     0        17     20.00      0.00  rcu_preempt
09:18:41 PM     0        36      1.00      0.00  ksoftirqd/3
09:18:41 PM     0        42      1.00      0.00  ksoftirqd/4
09:18:41 PM     0        60      1.00      0.00  ksoftirqd/7
09:18:41 PM     0        78      1.00      0.00  ksoftirqd/10
09:18:41 PM     0        95      2.00      0.00  kcompactd0
09:18:41 PM     0       453      1.00      0.00  multipathd
09:18:41 PM     0       562      3.00      0.00  jbd2/nvme1n1p3-8
09:18:41 PM     0    180922      2.00      0.00  kworker/2:0-events
09:18:41 PM     0    182585      1.00      0.00  kworker/8:1-events
09:18:41 PM     0    189255      2.00      0.00  kworker/7:2-mm_percpu_wq
09:18:41 PM     0    190951      2.00      0.00  kworker/10:0-events
09:18:41 PM     0    193064      2.00      0.00  kworker/u24:0-events_unbound
09:18:41 PM     0    197671      1.00      0.00  kworker/0:1-mm_percpu_wq
09:18:41 PM     0    199074      3.00      0.00  kworker/4:1-mm_percpu_wq
09:18:41 PM     0    199741      5.00      0.00  kworker/3:1-events
09:18:41 PM     0    200292      1.00      0.00  iostat
09:18:41 PM     0    200293      1.00      0.00  pidstat
09:18:41 PM     0    200294      5.00      0.00  bash
09:18:41 PM     0    200295      8.00      0.00  bash
09:18:41 PM     0    200296      4.00      0.00  bash
09:18:41 PM     0    200298    100.00      0.00  fio
09:18:41 PM     0    200447      2.00      0.00  kworker/5:1-events
09:18:41 PM     0    200794      2.00      0.00  kworker/1:1-events
09:18:41 PM     0    201067      1.00      0.00  sleep
09:18:41 PM     0    201078      1.00      0.00  sleep
09:18:41 PM     0    201079      1.00      0.00  sleep

09:18:41 PM   UID       PID   cswch/s nvcswch/s  Command
09:18:42 PM     0        17     22.00      0.00  rcu_preempt
09:18:42 PM     0        18      1.00      0.00  migration/0
09:18:42 PM     0        23      1.00      0.00  migration/1
09:18:42 PM     0        24      4.00      0.00  ksoftirqd/1
09:18:42 PM     0        29      1.00      0.00  migration/2
09:18:42 PM     0        35      1.00      0.00  migration/3
09:18:42 PM     0        36      1.00      0.00  ksoftirqd/3
09:18:42 PM     0        41      1.00      0.00  migration/4
09:18:42 PM     0        47      1.00      0.00  migration/5
09:18:42 PM     0        53      1.00      0.00  migration/6
09:18:42 PM     0        59      1.00      0.00  migration/7
09:18:42 PM     0        60      1.00      0.00  ksoftirqd/7
09:18:42 PM     0        65      1.00      0.00  migration/8
09:18:42 PM     0        71      1.00      0.00  migration/9
09:18:42 PM     0        77      1.00      0.00  migration/10
09:18:42 PM     0        83      1.00      0.00  migration/11
09:18:42 PM     0        84      1.00      0.00  ksoftirqd/11
09:18:42 PM     0        95      1.00      0.00  kcompactd0
09:18:42 PM     0       453      1.00      0.00  multipathd
09:18:42 PM     0     88840      1.00      0.00  kworker/u24:1-events_power_efficient
09:18:42 PM     0    179405      1.00      0.00  kworker/6:1-mm_percpu_wq
09:18:42 PM     0    180922      1.00      0.00  kworker/2:0-events
09:18:42 PM     0    182585      1.00      0.00  kworker/8:1-events
09:18:42 PM     0    186893      2.00      0.00  kworker/11:0-events
09:18:42 PM     0    189255      1.00      0.00  kworker/7:2-events
09:18:42 PM     0    189918      1.00      0.00  kworker/9:1-mm_percpu_wq
09:18:42 PM     0    190951      2.00      0.00  kworker/10:0-events
09:18:42 PM     0    193064      3.00      0.00  kworker/u24:0-writeback
09:18:42 PM     0    197671      1.00      0.00  kworker/0:1-events
09:18:42 PM     0    199074      2.00      0.00  kworker/4:1-events
09:18:42 PM     0    199741      2.00      0.00  kworker/3:1-events
09:18:42 PM     0    200292      1.00      0.00  iostat
09:18:42 PM     0    200293      1.00      0.00  pidstat
09:18:42 PM     0    200294      5.00      0.00  bash
09:18:42 PM     0    200295      8.00      0.00  bash
09:18:42 PM     0    200296      4.00      0.00  bash
09:18:42 PM     0    200298     99.00      0.00  fio
09:18:42 PM     0    200447      3.00      0.00  kworker/5:1-events
09:18:42 PM     0    200794      4.00      0.00  kworker/1:1-events
09:18:42 PM     0    201082      1.00      0.00  sleep
09:18:42 PM     0    201093      1.00      0.00  sleep
09:18:42 PM     0    201094      1.00      0.00  sleep

09:18:42 PM   UID       PID   cswch/s nvcswch/s  Command
09:18:43 PM     0        17     20.00      0.00  rcu_preempt
09:18:43 PM     0        24      2.00      0.00  ksoftirqd/1
09:18:43 PM     0        36      1.00      0.00  ksoftirqd/3
09:18:43 PM     0        42      1.00      0.00  ksoftirqd/4
09:18:43 PM     0        95      2.00      0.00  kcompactd0
09:18:43 PM     0       453      1.00      0.00  multipathd
09:18:43 PM     0     21554      1.00      0.00  packagekitd
09:18:43 PM     0    186893      2.00      0.00  kworker/11:0-events
09:18:43 PM     0    189255      1.00      0.00  kworker/7:2-mm_percpu_wq
09:18:43 PM     0    190951      1.00      0.00  kworker/10:0-mm_percpu_wq
09:18:43 PM     0    193064      1.00      0.00  kworker/u24:0-edac-poller
09:18:43 PM     0    197671      2.00      0.00  kworker/0:1-events
09:18:43 PM     0    199074      2.00      0.00  kworker/4:1-mm_percpu_wq
09:18:43 PM     0    199741      3.00      0.00  kworker/3:1-events
09:18:43 PM     0    200292      1.00      0.00  iostat
09:18:43 PM     0    200293      1.00      0.00  pidstat
09:18:43 PM     0    200294      5.00      0.00  bash
09:18:43 PM     0    200295      8.00      0.00  bash
09:18:43 PM     0    200296      4.00      0.00  bash
09:18:43 PM     0    200298     99.00      0.00  fio
09:18:43 PM     0    200447      1.00      0.00  kworker/5:1-events
09:18:43 PM     0    200794      5.00      0.00  kworker/1:1-events
09:18:43 PM     0    201097      1.00      0.00  sleep
09:18:43 PM     0    201108      1.00      0.00  sleep
09:18:43 PM     0    201109      1.00      0.00  sleep

09:18:43 PM   UID       PID   cswch/s nvcswch/s  Command
09:18:44 PM     0        17     24.00      0.00  rcu_preempt
09:18:44 PM     0        24      1.00      0.00  ksoftirqd/1
09:18:44 PM     0        42      1.00      0.00  ksoftirqd/4
09:18:44 PM     0        48      1.00      0.00  ksoftirqd/5
09:18:44 PM     0        84      1.00      0.00  ksoftirqd/11
09:18:44 PM     0        95      2.00      0.00  kcompactd0
09:18:44 PM     0       102      1.00      0.00  irq/9-acpi
09:18:44 PM     0       190      1.00      0.00  kworker/10:1H-kblockd
09:18:44 PM     0       453      1.00      0.00  multipathd
09:18:44 PM     0    179405      1.00      0.00  kworker/6:1-mm_percpu_wq
09:18:44 PM     0    180922      2.00      0.00  kworker/2:0-events
09:18:44 PM     0    182585      1.00      0.00  kworker/8:1-events
09:18:44 PM     0    186631      1.00      0.00  kworker/3:2-i915-unordered
09:18:44 PM     0    186893      2.00      0.00  kworker/11:0-events
09:18:44 PM     0    189255      1.00      0.00  kworker/7:2-events
09:18:44 PM     0    189918      1.00      0.00  kworker/9:1-mm_percpu_wq
09:18:44 PM     0    190951      1.00      0.00  kworker/10:0-events
09:18:44 PM     0    193064      5.00      0.00  kworker/u24:0-edac-poller
09:18:44 PM     0    197671      2.00      0.00  kworker/0:1-events
09:18:44 PM     0    199074      1.00      0.00  kworker/4:1-events
09:18:44 PM     0    199741      7.00      0.00  kworker/3:1-pm
09:18:44 PM     0    200292      1.00      0.00  iostat
09:18:44 PM     0    200293      1.00      0.00  pidstat
09:18:44 PM     0    200294      5.00      0.00  bash
09:18:44 PM     0    200295      6.00      0.00  bash
09:18:44 PM     0    200296      4.00      0.00  bash
09:18:44 PM     0    200298     99.00      0.00  fio
09:18:44 PM     0    200447      4.00      0.00  kworker/5:1-events
09:18:44 PM     0    200794      4.00      0.00  kworker/1:1-events
09:18:44 PM     0    201112      1.00      0.00  sleep
09:18:44 PM     0    201122      1.00      0.00  sleep
09:18:44 PM     0    201124      1.00      0.00  sleep

09:18:44 PM   UID       PID   cswch/s nvcswch/s  Command
09:18:45 PM     0        17     23.00      0.00  rcu_preempt
09:18:45 PM     0        24      1.00      0.00  ksoftirqd/1
09:18:45 PM     0        41      1.00      0.00  migration/4
09:18:45 PM     0        48      1.00      0.00  ksoftirqd/5
09:18:45 PM     0        60      1.00      0.00  ksoftirqd/7
09:18:45 PM     0        78      1.00      0.00  ksoftirqd/10
09:18:45 PM     0        84      1.00      0.00  ksoftirqd/11
09:18:45 PM     0        95      2.00      0.00  kcompactd0
09:18:45 PM     0       453      1.00      0.00  multipathd
09:18:45 PM   101       608      2.00      0.00  systemd-network
09:18:45 PM     0     88840      1.00      0.00  kworker/u24:1-events_power_efficient
09:18:45 PM     0    180922      2.00      0.00  kworker/2:0-events
09:18:45 PM     0    182585      1.00      0.00  kworker/8:1-mm_percpu_wq
09:18:45 PM     0    186893      3.00      0.00  kworker/11:0-events
09:18:45 PM     0    189255      2.00      0.00  kworker/7:2-events
09:18:45 PM     0    190951      3.00      0.00  kworker/10:0-events
09:18:45 PM     0    193064      2.00      0.00  kworker/u24:0-events_power_efficient
09:18:45 PM     0    197671      2.00      0.00  kworker/0:1-events
09:18:45 PM     0    199074      3.00      0.00  kworker/4:1-mm_percpu_wq
09:18:45 PM     0    199741      2.00      0.00  kworker/3:1-events
09:18:45 PM     0    200292      1.00      0.00  iostat
09:18:45 PM     0    200293      1.00      0.00  pidstat
09:18:45 PM     0    200294      5.00      0.00  bash
09:18:45 PM     0    200295      8.00      0.00  bash
09:18:45 PM     0    200296      4.00      0.00  bash
09:18:45 PM     0    200298     99.00      0.00  fio
09:18:45 PM     0    200447      4.00      0.00  kworker/5:1-events
09:18:45 PM     0    200794      4.00      0.00  kworker/1:1-events
09:18:45 PM     0    201127      1.00      0.00  sleep
09:18:45 PM     0    201138      1.00      0.00  sleep
09:18:45 PM     0    201139      1.00      0.00  sleep

09:18:45 PM   UID       PID   cswch/s nvcswch/s  Command
09:18:46 PM     0        16      1.00      0.00  ksoftirqd/0
09:18:46 PM     0        17     23.00      0.00  rcu_preempt
09:18:46 PM     0        18      1.00      0.00  migration/0
09:18:46 PM     0        23      1.00      0.00  migration/1
09:18:46 PM     0        29      1.00      0.00  migration/2
09:18:46 PM     0        35      1.00      0.00  migration/3
09:18:46 PM     0        41      1.00      0.00  migration/4
09:18:46 PM     0        42      1.00      0.00  ksoftirqd/4
09:18:46 PM     0        47      1.00      0.00  migration/5
09:18:46 PM     0        53      1.00      0.00  migration/6
09:18:46 PM     0        59      1.00      0.00  migration/7
09:18:46 PM     0        60      1.00      0.00  ksoftirqd/7
09:18:46 PM     0        65      1.00      0.00  migration/8
09:18:46 PM     0        71      1.00      0.00  migration/9
09:18:46 PM     0        77      1.00      0.00  migration/10
09:18:46 PM     0        83      1.00      0.00  migration/11
09:18:46 PM     0        84      1.00      0.00  ksoftirqd/11
09:18:46 PM     0        95      2.00      0.00  kcompactd0
09:18:46 PM     0       453      1.00      0.00  multipathd
09:18:46 PM     0     88840      2.00      0.00  kworker/u24:1-events_power_efficient
09:18:46 PM     0    179405      1.00      0.00  kworker/6:1-mm_percpu_wq
09:18:46 PM     0    180922      2.00      0.00  kworker/2:0-events
09:18:46 PM     0    182585      1.00      0.00  kworker/8:1-events
09:18:46 PM     0    186893      2.00      0.00  kworker/11:0-events
09:18:46 PM     0    189255      2.00      0.00  kworker/7:2-events
09:18:46 PM     0    189918      1.00      0.00  kworker/9:1-mm_percpu_wq
09:18:46 PM     0    190951      2.00      0.00  kworker/10:0-events
09:18:46 PM     0    193064      2.00      0.00  kworker/u24:0-events_power_efficient
09:18:46 PM     0    197671      3.00      0.00  kworker/0:1-events
09:18:46 PM     0    199074      2.00      0.00  kworker/4:1-events
09:18:46 PM     0    200292      1.00      0.00  iostat
09:18:46 PM     0    200293      1.00      0.00  pidstat
09:18:46 PM     0    200294      5.00      0.00  bash
09:18:46 PM     0    200295      7.00      0.00  bash
09:18:46 PM     0    200296      4.00      0.00  bash
09:18:46 PM     0    200298     99.00      0.00  fio
09:18:46 PM     0    200447      1.00      0.00  kworker/5:1-events
09:18:46 PM     0    200794      2.00      0.00  kworker/1:1-events
09:18:46 PM     0    201142      1.00      0.00  sleep
09:18:46 PM     0    201152      1.00      0.00  sleep
09:18:46 PM     0    201154      1.00      0.00  sleep

09:18:46 PM   UID       PID   cswch/s nvcswch/s  Command
09:18:47 PM     0        17     24.00      0.00  rcu_preempt
09:18:47 PM     0        47      1.00      0.00  migration/5
09:18:47 PM     0        83      1.00      0.00  migration/11
09:18:47 PM     0        84      2.00      0.00  ksoftirqd/11
09:18:47 PM     0        95      2.00      0.00  kcompactd0
09:18:47 PM     0       453      1.00      0.00  multipathd
09:18:47 PM     0       562      3.00      0.00  jbd2/nvme1n1p3-8
09:18:47 PM     0    179405      2.00      0.00  kworker/6:1-mm_percpu_wq
09:18:47 PM     0    182585      1.00      0.00  kworker/8:1-events
09:18:47 PM     0    186893      3.00      0.00  kworker/11:0-events
09:18:47 PM     0    189255      3.00      0.00  kworker/7:2-mm_percpu_wq
09:18:47 PM     0    190951      1.00      0.00  kworker/10:0-mm_percpu_wq
09:18:47 PM     0    193064      1.00      0.00  kworker/u24:0-edac-poller
09:18:47 PM     0    197671      1.00      0.00  kworker/0:1-mm_percpu_wq
09:18:47 PM     0    199074      4.00      0.00  kworker/4:1-events
09:18:47 PM     0    199741      1.00      0.00  kworker/3:1-mm_percpu_wq
09:18:47 PM     0    200292      1.00      0.00  iostat
09:18:47 PM     0    200293      1.00      0.00  pidstat
09:18:47 PM     0    200294      5.00      0.00  bash
09:18:47 PM     0    200295      6.00      0.00  bash
09:18:47 PM     0    200296      4.00      0.00  bash
09:18:47 PM     0    200298     99.00      0.00  fio
09:18:47 PM     0    200447      5.00      0.00  kworker/5:1-mm_percpu_wq
09:18:47 PM     0    200794      2.00      0.00  kworker/1:1-events
09:18:47 PM     0    201157      1.00      0.00  sleep
09:18:47 PM     0    201168      1.00      1.00  sleep
09:18:47 PM     0    201169      1.00      0.00  sleep

09:18:47 PM   UID       PID   cswch/s nvcswch/s  Command
09:18:48 PM     0        16      1.00      0.00  ksoftirqd/0
09:18:48 PM     0        17     28.00      0.00  rcu_preempt
09:18:48 PM     0        36      1.00      0.00  ksoftirqd/3
09:18:48 PM     0        48      1.00      0.00  ksoftirqd/5
09:18:48 PM     0        84      1.00      0.00  ksoftirqd/11
09:18:48 PM     0        95      2.00      0.00  kcompactd0
09:18:48 PM     0       453      1.00      0.00  multipathd
09:18:48 PM     0    179405      1.00      0.00  kworker/6:1-mm_percpu_wq
09:18:48 PM     0    180922      2.00      0.00  kworker/2:0-events
09:18:48 PM     0    182585      2.00      0.00  kworker/8:1-events
09:18:48 PM     0    186893      5.00      0.00  kworker/11:0-events
09:18:48 PM     0    189255      2.00      0.00  kworker/7:2-events
09:18:48 PM     0    189918      1.00      0.00  kworker/9:1-mm_percpu_wq
09:18:48 PM     0    190951      2.00      0.00  kworker/10:0-events
09:18:48 PM     0    193064      2.00      0.00  kworker/u24:0-events_unbound
09:18:48 PM     0    199074      2.00      0.00  kworker/4:1-events
09:18:48 PM     0    200292      1.00      0.00  iostat
09:18:48 PM     0    200293      1.00      0.00  pidstat
09:18:48 PM     0    200294      5.00      0.00  bash
09:18:48 PM     0    200295      7.00      0.00  bash
09:18:48 PM     0    200296      4.00      0.00  bash
09:18:48 PM     0    200298     99.00      0.00  fio
09:18:48 PM     0    200447      1.00      0.00  kworker/5:1-events
09:18:48 PM     0    200794      2.00      0.00  kworker/1:1-events
09:18:48 PM     0    201172      1.00      0.00  sleep
09:18:48 PM     0    201182      1.00      0.00  sleep
09:18:48 PM     0    201184      1.00      0.00  sleep

09:18:48 PM   UID       PID   cswch/s nvcswch/s  Command
09:18:49 PM     0        17     24.00      0.00  rcu_preempt
09:18:49 PM     0        23      1.00      0.00  migration/1
09:18:49 PM     0        35      1.00      0.00  migration/3
09:18:49 PM     0        48      1.00      0.00  ksoftirqd/5
09:18:49 PM     0        78      1.00      0.00  ksoftirqd/10
09:18:49 PM     0        83      1.00      0.00  migration/11
09:18:49 PM     0        95      2.00      0.00  kcompactd0
09:18:49 PM     0       453      1.00      0.00  multipathd
09:18:49 PM     0    180922      1.00      0.00  kworker/2:0-events
09:18:49 PM     0    182585      1.00      0.00  kworker/8:1-mm_percpu_wq
09:18:49 PM     0    186893      1.00      0.00  kworker/11:0-events
09:18:49 PM     0    189255      1.00      0.00  kworker/7:2-mm_percpu_wq
09:18:49 PM     0    190951      2.00      0.00  kworker/10:0-mm_percpu_wq
09:18:49 PM     0    193064      4.00      0.00  kworker/u24:0-writeback
09:18:49 PM     0    197671      2.00      0.00  kworker/0:1-events
09:18:49 PM     0    199074      2.00      0.00  kworker/4:1-mm_percpu_wq
09:18:49 PM     0    199741      2.00      0.00  kworker/3:1-mm_percpu_wq
09:18:49 PM     0    200292      1.00      0.00  iostat
09:18:49 PM     0    200293      1.00      0.00  pidstat
09:18:49 PM     0    200294      5.00      0.00  bash
09:18:49 PM     0    200295      7.00      0.00  bash
09:18:49 PM     0    200296      4.00      0.00  bash
09:18:49 PM     0    200298    100.00      0.00  fio
09:18:49 PM     0    200447      5.00      0.00  kworker/5:1-events
09:18:49 PM     0    200794      1.00      0.00  kworker/1:1-mm_percpu_wq
09:18:49 PM     0    201187      1.00      0.00  sleep
09:18:49 PM     0    201198      1.00      0.00  sleep
09:18:49 PM     0    201199      1.00      0.00  sleep

09:18:49 PM   UID       PID   cswch/s nvcswch/s  Command
09:18:50 PM     0        16      1.00      0.00  ksoftirqd/0
09:18:50 PM     0        17     19.00      0.00  rcu_preempt
09:18:50 PM     0        18      1.00      0.00  migration/0
09:18:50 PM     0        23      1.00      0.00  migration/1
09:18:50 PM     0        24      1.00      0.00  ksoftirqd/1
09:18:50 PM     0        29      1.00      0.00  migration/2
09:18:50 PM     0        35      1.00      0.00  migration/3
09:18:50 PM     0        41      1.00      0.00  migration/4
09:18:50 PM     0        42      1.00      0.00  ksoftirqd/4
09:18:50 PM     0        47      1.00      0.00  migration/5
09:18:50 PM     0        53      1.00      0.00  migration/6
09:18:50 PM     0        59      1.00      0.00  migration/7
09:18:50 PM     0        65      1.00      0.00  migration/8
09:18:50 PM     0        71      1.00      0.00  migration/9
09:18:50 PM     0        72      1.00      0.00  ksoftirqd/9
09:18:50 PM     0        77      1.00      0.00  migration/10
09:18:50 PM     0        83      1.00      0.00  migration/11
09:18:50 PM     0        95      2.00      0.00  kcompactd0
09:18:50 PM     0       453      1.00      0.00  multipathd
09:18:50 PM     0    179405      1.00      0.00  kworker/6:1-mm_percpu_wq
09:18:50 PM     0    180922      1.00      0.00  kworker/2:0-events
09:18:50 PM     0    182585      1.00      0.00  kworker/8:1-events
09:18:50 PM     0    186893      1.00      0.00  kworker/11:0-mm_percpu_wq
09:18:50 PM     0    189255      3.00      0.00  kworker/7:2-events
09:18:50 PM     0    189918      1.00      0.00  kworker/9:1-mm_percpu_wq
09:18:50 PM     0    193064      1.00      0.00  kworker/u24:0-edac-poller
09:18:50 PM     0    197671      2.00      0.00  kworker/0:1-events
09:18:50 PM     0    199074      1.00      0.00  kworker/4:1-events
09:18:50 PM     0    200292      1.00      0.00  iostat
09:18:50 PM     0    200293      1.00      0.00  pidstat
09:18:50 PM     0    200294      5.00      0.00  bash
09:18:50 PM     0    200295      6.00      0.00  bash
09:18:50 PM     0    200296      4.00      0.00  bash
09:18:50 PM     0    200298     99.00      0.00  fio
09:18:50 PM     0    200447      2.00      0.00  kworker/5:1-events
09:18:50 PM     0    200794      4.00      0.00  kworker/1:1-events
09:18:50 PM     0    201202      1.00      0.00  sleep
09:18:50 PM     0    201212      1.00      0.00  sleep
09:18:50 PM     0    201214      1.00      0.00  sleep

09:18:50 PM   UID       PID   cswch/s nvcswch/s  Command
09:18:51 PM     0        16      1.00      0.00  ksoftirqd/0
09:18:51 PM     0        17     18.00      0.00  rcu_preempt
09:18:51 PM     0        23      1.00      0.00  migration/1
09:18:51 PM     0        36      1.00      0.00  ksoftirqd/3
09:18:51 PM     0        54      1.00      0.00  ksoftirqd/6
09:18:51 PM     0        60      1.00      0.00  ksoftirqd/7
09:18:51 PM     0        78      1.00      0.00  ksoftirqd/10
09:18:51 PM     0        95      2.00      0.00  kcompactd0
09:18:51 PM     0       453      1.00      0.00  multipathd
09:18:51 PM     0     88840      2.00      0.00  kworker/u24:1-events_power_efficient
09:18:51 PM     0    182585      1.00      0.00  kworker/8:1-mm_percpu_wq
09:18:51 PM     0    189255      3.00      0.00  kworker/7:2-events
09:18:51 PM     0    189918      1.00      0.00  kworker/9:1-mm_percpu_wq
09:18:51 PM     0    190951      1.00      0.00  kworker/10:0-mm_percpu_wq
09:18:51 PM     0    193064      2.00      0.00  kworker/u24:0-events_power_efficient
09:18:51 PM     0    197671      3.00      0.00  kworker/0:1-events
09:18:51 PM     0    199074      2.00      0.00  kworker/4:1-mm_percpu_wq
09:18:51 PM     0    199741      1.00      0.00  kworker/3:1-mm_percpu_wq
09:18:51 PM     0    200292      1.00      0.00  iostat
09:18:51 PM     0    200293      1.00      0.00  pidstat
09:18:51 PM     0    200294      5.00      0.00  bash
09:18:51 PM     0    200295      8.00      0.00  bash
09:18:51 PM     0    200296      4.00      0.00  bash
09:18:51 PM     0    200298     99.00      0.00  fio
09:18:51 PM     0    200447      4.00      0.00  kworker/5:1-events
09:18:51 PM     0    200794      1.00      0.00  kworker/1:1-mm_percpu_wq
09:18:51 PM     0    201217      1.00      0.00  sleep
09:18:51 PM     0    201228      1.00      0.00  sleep
09:18:51 PM     0    201229      1.00      0.00  sleep

09:18:51 PM   UID       PID   cswch/s nvcswch/s  Command
09:18:52 PM     0        17     21.00      0.00  rcu_preempt
09:18:52 PM     0        24      1.00      0.00  ksoftirqd/1
09:18:52 PM     0        48      1.00      0.00  ksoftirqd/5
09:18:52 PM     0        95      2.00      0.00  kcompactd0
09:18:52 PM     0       453      1.00      0.00  multipathd
09:18:52 PM     0       562      3.00      0.00  jbd2/nvme1n1p3-8
09:18:52 PM     0     88840      3.00      0.00  kworker/u24:1-edac-poller
09:18:52 PM     0    179405      1.00      0.00  kworker/6:1-mm_percpu_wq
09:18:52 PM     0    180922      2.00      0.00  kworker/2:0-events
09:18:52 PM     0    182585      1.00      0.00  kworker/8:1-events
09:18:52 PM     0    186893      2.00      0.00  kworker/11:0-events
09:18:52 PM     0    189255      2.00      0.00  kworker/7:2-events
09:18:52 PM     0    189918      1.00      0.00  kworker/9:1-events
09:18:52 PM     0    199074      2.00      0.00  kworker/4:1-events
09:18:52 PM     0    199741      1.00      0.00  kworker/3:1-events
09:18:52 PM     0    200292      1.00      0.00  iostat
09:18:52 PM     0    200293      1.00      0.00  pidstat
09:18:52 PM     0    200294      5.00      0.00  bash
09:18:52 PM     0    200295      6.00      0.00  bash
09:18:52 PM     0    200296      4.00      0.00  bash
09:18:52 PM     0    200298     99.00      0.00  fio
09:18:52 PM     0    200447      2.00      0.00  kworker/5:1-events
09:18:52 PM     0    200794      4.00      0.00  kworker/1:1-events
09:18:52 PM     0    201232      1.00      0.00  sleep
09:18:52 PM     0    201242      1.00      0.00  sleep
09:18:52 PM     0    201244      1.00      0.00  sleep

09:18:52 PM   UID       PID   cswch/s nvcswch/s  Command
09:18:53 PM     0        17     24.00      0.00  rcu_preempt
09:18:53 PM     0        48      1.00      0.00  ksoftirqd/5
09:18:53 PM     0        53      1.00      0.00  migration/6
09:18:53 PM     0        54      1.00      0.00  ksoftirqd/6
09:18:53 PM     0        95      2.00      0.00  kcompactd0
09:18:53 PM     0       172      1.00      0.00  kworker/3:1H-kblockd
09:18:53 PM     0       453      1.00      0.00  multipathd
09:18:53 PM     0     21554      1.00      0.00  packagekitd
09:18:53 PM     0     88840      1.00      0.00  kworker/u24:1-edac-poller
09:18:53 PM     0    179405      1.00      0.00  kworker/6:1-events
09:18:53 PM     0    180922      1.00      0.00  kworker/2:0-events
09:18:53 PM     0    186893      1.00      0.00  kworker/11:0-events
09:18:53 PM     0    189255      2.00      0.00  kworker/7:2-events
09:18:53 PM     0    189918      2.00      0.00  kworker/9:1-mm_percpu_wq
09:18:53 PM     0    190951      3.00      0.00  kworker/10:0-mm_percpu_wq
09:18:53 PM     0    197671      1.00      0.00  kworker/0:1-mm_percpu_wq
09:18:53 PM     0    199074      2.00      0.00  kworker/4:1-mm_percpu_wq
09:18:53 PM     0    199741      3.00      0.00  kworker/3:1-events
09:18:53 PM     0    200292      1.00      0.00  iostat
09:18:53 PM     0    200293      1.00      0.00  pidstat
09:18:53 PM     0    200294      5.00      0.00  bash
09:18:53 PM     0    200295      6.00      0.00  bash
09:18:53 PM     0    200296      4.00      0.00  bash
09:18:53 PM     0    200298     99.00      0.00  fio
09:18:53 PM     0    200447      5.00      0.00  kworker/5:1-mm_percpu_wq
09:18:53 PM     0    200794      3.00      0.00  kworker/1:1-events
09:18:53 PM     0    201247      1.00      0.00  sleep
09:18:53 PM     0    201258      1.00      1.00  sleep
09:18:53 PM     0    201259      1.00      0.00  sleep

09:18:53 PM   UID       PID   cswch/s nvcswch/s  Command
09:18:54 PM     0        17     19.00      0.00  rcu_preempt
09:18:54 PM     0        18      1.00      0.00  migration/0
09:18:54 PM     0        23      1.00      0.00  migration/1
09:18:54 PM     0        29      1.00      0.00  migration/2
09:18:54 PM     0        35      3.00      0.00  migration/3
09:18:54 PM     0        36      1.00      0.00  ksoftirqd/3
09:18:54 PM     0        41      1.00      0.00  migration/4
09:18:54 PM     0        42      1.00      0.00  ksoftirqd/4
09:18:54 PM     0        47      1.00      0.00  migration/5
09:18:54 PM     0        53      1.00      0.00  migration/6
09:18:54 PM     0        59      1.00      0.00  migration/7
09:18:54 PM     0        65      1.00      0.00  migration/8
09:18:54 PM     0        71      1.00      0.00  migration/9
09:18:54 PM     0        72      1.00      0.00  ksoftirqd/9
09:18:54 PM     0        77      1.00      0.00  migration/10
09:18:54 PM     0        78      1.00      0.00  ksoftirqd/10
09:18:54 PM     0        83      1.00      0.00  migration/11
09:18:54 PM     0        95      2.00      0.00  kcompactd0
09:18:54 PM     0       102      1.00      0.00  irq/9-acpi
09:18:54 PM     0       453      1.00      0.00  multipathd
09:18:54 PM     0     88840      2.00      0.00  kworker/u24:1-edac-poller
09:18:54 PM     0    179405      3.00      0.00  kworker/6:1-events
09:18:54 PM     0    180922      1.00      0.00  kworker/2:0-events
09:18:54 PM     0    182585      1.00      0.00  kworker/8:1-events
09:18:54 PM     0    186631   1134.00      0.00  kworker/3:2-i915-unordered
09:18:54 PM     0    186893      3.00      0.00  kworker/11:0-events
09:18:54 PM     0    189255      1.00      0.00  kworker/7:2-events
09:18:54 PM     0    189918      1.00      0.00  kworker/9:1-events
09:18:54 PM     0    190951      3.00      0.00  kworker/10:0-events
09:18:54 PM     0    197671      1.00      0.00  kworker/0:1-kacpi_notify
09:18:54 PM     0    199074      1.00      0.00  kworker/4:1-events
09:18:54 PM     0    199741   1139.00      1.00  kworker/3:1-events
09:18:54 PM     0    200292      1.00      0.00  iostat
09:18:54 PM     0    200293      1.00      0.00  pidstat
09:18:54 PM     0    200294      5.00      0.00  bash
09:18:54 PM     0    200295      8.00      0.00  bash
09:18:54 PM     0    200296      4.00      0.00  bash
09:18:54 PM     0    200298     99.00      0.00  fio
09:18:54 PM     0    200794      3.00      0.00  kworker/1:1-events
09:18:54 PM     0    201262      1.00      0.00  sleep
09:18:54 PM     0    201272      1.00      1.00  sleep
09:18:54 PM     0    201274      1.00      0.00  sleep

09:18:54 PM   UID       PID   cswch/s nvcswch/s  Command
09:18:55 PM     0        16      1.00      0.00  ksoftirqd/0
09:18:55 PM     0        17     19.00      0.00  rcu_preempt
09:18:55 PM     0        23      1.00      0.00  migration/1
09:18:55 PM     0        24      1.00      0.00  ksoftirqd/1
09:18:55 PM     0        35      1.00      0.00  migration/3
09:18:55 PM     0        36      1.00      0.00  ksoftirqd/3
09:18:55 PM     0        42      1.00      0.00  ksoftirqd/4
09:18:55 PM     0        60      1.00      0.00  ksoftirqd/7
09:18:55 PM     0        72      1.00      0.00  ksoftirqd/9
09:18:55 PM     0        95      2.00      0.00  kcompactd0
09:18:55 PM     0       453      1.00      0.00  multipathd
09:18:55 PM     0     88840      5.00      0.00  kworker/u24:1-edac-poller
09:18:55 PM     0    179405      3.00      0.00  kworker/6:1-events
09:18:55 PM     0    180922      1.00      0.00  kworker/2:0-events
09:18:55 PM     0    186631      3.00      0.00  kworker/3:2-events
09:18:55 PM     0    186893      1.00      0.00  kworker/11:0-mm_percpu_wq
09:18:55 PM     0    189255      1.00      0.00  kworker/7:2-mm_percpu_wq
09:18:55 PM     0    189918      4.00      0.00  kworker/9:1-events
09:18:55 PM     0    190951      1.00      0.00  kworker/10:0-mm_percpu_wq
09:18:55 PM     0    197671      1.00      0.00  kworker/0:1-events
09:18:55 PM     0    199074      2.00      0.00  kworker/4:1-mm_percpu_wq
09:18:55 PM     0    200292      1.00      0.00  iostat
09:18:55 PM     0    200293      1.00      0.00  pidstat
09:18:55 PM     0    200294      5.00      0.00  bash
09:18:55 PM     0    200295      7.00      0.00  bash
09:18:55 PM     0    200296      4.00      0.00  bash
09:18:55 PM     0    200298    100.00      0.00  fio
09:18:55 PM     0    200447      3.00      0.00  kworker/5:1-mm_percpu_wq
09:18:55 PM     0    200794      3.00      0.00  kworker/1:1-events
09:18:55 PM     0    201277      1.00      0.00  sleep
09:18:55 PM     0    201288      1.00      0.00  sleep
09:18:55 PM     0    201289      1.00      0.00  sleep

09:18:55 PM   UID       PID   cswch/s nvcswch/s  Command
09:18:56 PM     0        17     21.00      0.00  rcu_preempt
09:18:56 PM     0        18      1.00      0.00  migration/0
09:18:56 PM     0        48      1.00      0.00  ksoftirqd/5
09:18:56 PM     0        95      2.00      0.00  kcompactd0
09:18:56 PM     0       453      1.00      0.00  multipathd
09:18:56 PM     0     88840      2.00      0.00  kworker/u24:1-edac-poller
09:18:56 PM     0    180922      3.00      0.00  kworker/2:0-events
09:18:56 PM     0    182585      1.00      0.00  kworker/8:1-events
09:18:56 PM     0    186631      1.00      0.00  kworker/3:2-events
09:18:56 PM     0    189255      1.00      0.00  kworker/7:2-events
09:18:56 PM     0    189918      3.00      0.00  kworker/9:1-events
09:18:56 PM     0    199074      2.00      0.00  kworker/4:1-events
09:18:56 PM     0    200292      1.00      0.00  iostat
09:18:56 PM     0    200293      1.00      0.00  pidstat
09:18:56 PM     0    200294      5.00      0.00  bash
09:18:56 PM     0    200295      8.00      0.00  bash
09:18:56 PM     0    200296      4.00      0.00  bash
09:18:56 PM     0    200298     99.00      0.00  fio
09:18:56 PM     0    200447      1.00      0.00  kworker/5:1-events
09:18:56 PM     0    200794      2.00      0.00  kworker/1:1-events
09:18:56 PM     0    201292      1.00      0.00  sleep
09:18:56 PM     0    201302      1.00      1.00  sleep
09:18:56 PM     0    201304      1.00      0.00  sleep

09:18:56 PM   UID       PID   cswch/s nvcswch/s  Command
09:18:57 PM     0        16      2.00      0.00  ksoftirqd/0
09:18:57 PM     0        17     18.00      0.00  rcu_preempt
09:18:57 PM     0        24      2.00      0.00  ksoftirqd/1
09:18:57 PM     0        36      1.00      0.00  ksoftirqd/3
09:18:57 PM     0        54      1.00      0.00  ksoftirqd/6
09:18:57 PM     0        77      1.00      0.00  migration/10
09:18:57 PM     0        95      2.00      0.00  kcompactd0
09:18:57 PM     0       453      1.00      0.00  multipathd
09:18:57 PM     0       562      3.00      0.00  jbd2/nvme1n1p3-8
09:18:57 PM     0     88840      1.00      0.00  kworker/u24:1-edac-poller
09:18:57 PM     0    179405      2.00      0.00  kworker/6:1-events
09:18:57 PM     0    180922      1.00      0.00  kworker/2:0-events
09:18:57 PM     0    186631      5.00      0.00  kworker/3:2-events
09:18:57 PM     0    186893      1.00      0.00  kworker/11:0-mm_percpu_wq
09:18:57 PM     0    189255      2.00      0.00  kworker/7:2-mm_percpu_wq
09:18:57 PM     0    189918      3.00      0.00  kworker/9:1-events
09:18:57 PM     0    190951      1.00      0.00  kworker/10:0-mm_percpu_wq
09:18:57 PM     0    197671      2.00      0.00  kworker/0:1-mm_percpu_wq
09:18:57 PM     0    199074      5.00      0.00  kworker/4:1-events
09:18:57 PM     0    200292      1.00      0.00  iostat
09:18:57 PM     0    200293      1.00      0.00  pidstat
09:18:57 PM     0    200294      5.00      0.00  bash
09:18:57 PM     0    200295      8.00      0.00  bash
09:18:57 PM     0    200296      4.00      0.00  bash
09:18:57 PM     0    200298     99.00      0.00  fio
09:18:57 PM     0    200447      3.00      0.00  kworker/5:1-events
09:18:57 PM     0    200794      3.00      0.00  kworker/1:1-events
09:18:57 PM     0    201307      1.00      0.00  sleep
09:18:57 PM     0    201318      1.00      0.00  sleep
09:18:57 PM     0    201319      1.00      0.00  sleep

09:18:57 PM   UID       PID   cswch/s nvcswch/s  Command
09:18:58 PM     0        17     22.00      0.00  rcu_preempt
09:18:58 PM     0        18      1.00      0.00  migration/0
09:18:58 PM     0        23      1.00      0.00  migration/1
09:18:58 PM     0        29      1.00      0.00  migration/2
09:18:58 PM     0        35      1.00      0.00  migration/3
09:18:58 PM     0        36      1.00      0.00  ksoftirqd/3
09:18:58 PM     0        41      1.00      0.00  migration/4
09:18:58 PM     0        42      1.00      0.00  ksoftirqd/4
09:18:58 PM     0        47      1.00      0.00  migration/5
09:18:58 PM     0        53      1.00      0.00  migration/6
09:18:58 PM     0        54      1.00      0.00  ksoftirqd/6
09:18:58 PM     0        59      1.00      0.00  migration/7
09:18:58 PM     0        65      1.00      0.00  migration/8
09:18:58 PM     0        71      1.00      0.00  migration/9
09:18:58 PM     0        72      1.00      0.00  ksoftirqd/9
09:18:58 PM     0        77      1.00      0.00  migration/10
09:18:58 PM     0        78      1.00      0.00  ksoftirqd/10
09:18:58 PM     0        83      1.00      0.00  migration/11
09:18:58 PM     0        84      1.00      0.00  ksoftirqd/11
09:18:58 PM     0        95      2.00      0.00  kcompactd0
09:18:58 PM     0       453      1.00      0.00  multipathd
09:18:58 PM     0     88840      2.00      0.00  kworker/u24:1-events_power_efficient
09:18:58 PM     0    180922      1.00      0.00  kworker/2:0-events
09:18:58 PM     0    182585      1.00      0.00  kworker/8:1-events
09:18:58 PM     0    186631      2.00      0.00  kworker/3:2-events
09:18:58 PM     0    189255      1.00      0.00  kworker/7:2-events
09:18:58 PM     0    189918      1.00      0.00  kworker/9:1-events
09:18:58 PM     0    190951      4.00      0.00  kworker/10:0-events
09:18:58 PM     0    193064      2.00      0.00  kworker/u24:0-events_unbound
09:18:58 PM     0    199074      4.00      0.00  kworker/4:1-events
09:18:58 PM     0    200292      1.00      0.00  iostat
09:18:58 PM     0    200293      1.00      0.00  pidstat
09:18:58 PM     0    200294      5.00      0.00  bash
09:18:58 PM     0    200295      7.00      0.00  bash
09:18:58 PM     0    200296      4.00      0.00  bash
09:18:58 PM     0    200298     99.00      0.00  fio
09:18:58 PM     0    200794      4.00      0.00  kworker/1:1-events
09:18:58 PM     0    201322      1.00      0.00  sleep
09:18:58 PM     0    201332      1.00      0.00  sleep
09:18:58 PM     0    201334      1.00      0.00  sleep

09:18:58 PM   UID       PID   cswch/s nvcswch/s  Command
09:18:59 PM     0        16      1.00      0.00  ksoftirqd/0
09:18:59 PM     0        17     19.00      0.00  rcu_preempt
09:18:59 PM     0        18      1.00      0.00  migration/0
09:18:59 PM     0        24      3.00      0.00  ksoftirqd/1
09:18:59 PM     0        36      1.00      0.00  ksoftirqd/3
09:18:59 PM     0        78      1.00      0.00  ksoftirqd/10
09:18:59 PM     0        84      1.00      0.00  ksoftirqd/11
09:18:59 PM     0        95      2.00      0.00  kcompactd0
09:18:59 PM     0       453      1.00      0.00  multipathd
09:18:59 PM     0    179405      1.00      0.00  kworker/6:1-mm_percpu_wq
09:18:59 PM     0    186631      2.00      0.00  kworker/3:2-mm_percpu_wq
09:18:59 PM     0    186893      2.00      0.00  kworker/11:0-events
09:18:59 PM     0    189255      2.00      0.00  kworker/7:2-mm_percpu_wq
09:18:59 PM     0    189918      1.00      0.00  kworker/9:1-mm_percpu_wq
09:18:59 PM     0    190951      3.00      0.00  kworker/10:0-events
09:18:59 PM     0    193064      1.00      0.00  kworker/u24:0-edac-poller
09:18:59 PM     0    197671      1.00      0.00  kworker/0:1-events
09:18:59 PM     0    199074      4.00      0.00  kworker/4:1-events
09:18:59 PM     0    200292      1.00      0.00  iostat
09:18:59 PM     0    200293      1.00      0.00  pidstat
09:18:59 PM     0    200294      5.00      0.00  bash
09:18:59 PM     0    200295      8.00      0.00  bash
09:18:59 PM     0    200296      4.00      0.00  bash
09:18:59 PM     0    200298     99.00      0.00  fio
09:18:59 PM     0    200447      3.00      0.00  kworker/5:1-events
09:18:59 PM     0    200794      3.00      0.00  kworker/1:1-events
09:18:59 PM     0    201337      1.00      0.00  sleep
09:18:59 PM     0    201348      1.00      0.00  sleep
09:18:59 PM     0    201349      1.00      0.00  sleep

09:18:59 PM   UID       PID   cswch/s nvcswch/s  Command
09:19:00 PM     0        16      1.00      0.00  ksoftirqd/0
09:19:00 PM     0        17     17.00      0.00  rcu_preempt
09:19:00 PM     0        48      1.00      0.00  ksoftirqd/5
09:19:00 PM     0        78      1.00      0.00  ksoftirqd/10
09:19:00 PM     0        95      2.00      0.00  kcompactd0
09:19:00 PM     0       453      1.00      0.00  multipathd
09:19:00 PM     0     88840      2.00      0.00  kworker/u24:1-events_power_efficient
09:19:00 PM     0    179405      2.00      0.00  kworker/6:1-events
09:19:00 PM     0    180922      2.00      0.00  kworker/2:0-events
09:19:00 PM     0    182585      1.00      0.00  kworker/8:1-events
09:19:00 PM     0    186631      1.00      0.00  kworker/3:2-events
09:19:00 PM     0    189255      1.00      0.00  kworker/7:2-events
09:19:00 PM     0    190951      2.00      0.00  kworker/10:0-events
09:19:00 PM     0    193064      4.00      0.00  kworker/u24:0-events_power_efficient
09:19:00 PM     0    199074      2.00      0.00  kworker/4:1-events
09:19:00 PM     0    200292      1.00      0.00  iostat
09:19:00 PM     0    200293      1.00      0.00  pidstat
09:19:00 PM     0    200294      5.00      0.00  bash
09:19:00 PM     0    200295      6.00      0.00  bash
09:19:00 PM     0    200296      4.00      0.00  bash
09:19:00 PM     0    200298     99.00      0.00  fio
09:19:00 PM     0    200794      4.00      0.00  kworker/1:1-events
09:19:00 PM     0    201352      1.00      0.00  sleep
09:19:00 PM     0    201362      1.00      0.00  sleep
09:19:00 PM     0    201364      1.00      0.00  sleep

09:19:00 PM   UID       PID   cswch/s nvcswch/s  Command
09:19:01 PM     0        16      1.00      0.00  ksoftirqd/0
09:19:01 PM     0        17     12.00      0.00  rcu_preempt
09:19:01 PM     0        35      1.00      0.00  migration/3
09:19:01 PM     0        95      2.00      0.00  kcompactd0
09:19:01 PM     0       193      1.00      0.00  kworker/9:1H-kblockd
09:19:01 PM     0       453      1.00      0.00  multipathd
09:19:01 PM     0     88840      2.00      0.00  kworker/u24:1-edac-poller
09:19:01 PM     0    179405      1.00      0.00  kworker/6:1-mm_percpu_wq
09:19:01 PM     0    180922      1.00      0.00  kworker/2:0-events
09:19:01 PM     0    182585      1.00      0.00  kworker/8:1-mm_percpu_wq
09:19:01 PM     0    186631      2.00      0.00  kworker/3:2-mm_percpu_wq
09:19:01 PM     0    186893      1.00      0.00  kworker/11:0-mm_percpu_wq
09:19:01 PM     0    189255      1.00      0.00  kworker/7:2-mm_percpu_wq
09:19:01 PM     0    189918      3.00      0.00  kworker/9:1-mm_percpu_wq
09:19:01 PM     0    190951      3.00      0.00  kworker/10:0-mm_percpu_wq
09:19:01 PM     0    197671      1.00      0.00  kworker/0:1-mm_percpu_wq
09:19:01 PM     0    199074      1.00      0.00  kworker/4:1-events
09:19:01 PM     0    200292      1.00      0.00  iostat
09:19:01 PM     0    200293      1.00      0.00  pidstat
09:19:01 PM     0    200294      5.00      0.00  bash
09:19:01 PM     0    200295      8.00      0.00  bash
09:19:01 PM     0    200296      4.00      0.00  bash
09:19:01 PM     0    200298     99.00      0.00  fio
09:19:01 PM     0    200447      3.00      0.00  kworker/5:1-mm_percpu_wq
09:19:01 PM     0    200794      1.00      0.00  kworker/1:1-mm_percpu_wq
09:19:01 PM     0    201367      1.00      0.00  sleep
09:19:01 PM     0    201378      1.00      0.00  sleep
09:19:01 PM     0    201379      1.00      0.00  sleep

09:19:01 PM   UID       PID   cswch/s nvcswch/s  Command
09:19:02 PM     0        17     17.00      0.00  rcu_preempt
09:19:02 PM     0        18      1.00      0.00  migration/0
09:19:02 PM     0        23      1.00      0.00  migration/1
09:19:02 PM     0        29      1.00      0.00  migration/2
09:19:02 PM     0        35      1.00      0.00  migration/3
09:19:02 PM     0        41      1.00      0.00  migration/4
09:19:02 PM     0        47      1.00      0.00  migration/5
09:19:02 PM     0        53      1.00      0.00  migration/6
09:19:02 PM     0        59      1.00      0.00  migration/7
09:19:02 PM     0        65      1.00      0.00  migration/8
09:19:02 PM     0        71      1.00      0.00  migration/9
09:19:02 PM     0        77      1.00      0.00  migration/10
09:19:02 PM     0        83      1.00      0.00  migration/11
09:19:02 PM     0        84      1.00      0.00  ksoftirqd/11
09:19:02 PM     0        95      2.00      0.00  kcompactd0
09:19:02 PM     0       453      1.00      0.00  multipathd
09:19:02 PM     0       562      3.00      0.00  jbd2/nvme1n1p3-8
09:19:02 PM     0       769      1.00      0.00  cron
09:19:02 PM     0     88840      3.00      0.00  kworker/u24:1-edac-poller
09:19:02 PM     0    179405      1.00      0.00  kworker/6:1-events
09:19:02 PM     0    180922      1.00      0.00  kworker/2:0-events
09:19:02 PM     0    182585      1.00      0.00  kworker/8:1-events
09:19:02 PM     0    186631      1.00      0.00  kworker/3:2-events
09:19:02 PM     0    186893      1.00      0.00  kworker/11:0-events
09:19:02 PM     0    189255      1.00      0.00  kworker/7:2-events
09:19:02 PM     0    190951      1.00      0.00  kworker/10:0-events
09:19:02 PM     0    199074      1.00      0.00  kworker/4:1-mm_percpu_wq
09:19:02 PM     0    200292      1.00      0.00  iostat
09:19:02 PM     0    200293      1.00      0.00  pidstat
09:19:02 PM     0    200294      1.00      0.00  bash
09:19:02 PM     0    200295      3.00      0.00  bash
09:19:02 PM     0    200296      4.00      0.00  bash
09:19:02 PM     0    200298    100.00      0.00  fio
09:19:02 PM     0    200447      1.00      0.00  kworker/5:1-events
09:19:02 PM     0    200794      3.00      0.00  kworker/1:1-events
09:19:02 PM     0    201382      1.00      0.00  sleep

09:19:02 PM   UID       PID   cswch/s nvcswch/s  Command
09:19:03 PM     0        17     19.00      0.00  rcu_preempt
09:19:03 PM     0        24      2.00      0.00  ksoftirqd/1
09:19:03 PM     0        78      1.00      0.00  ksoftirqd/10
09:19:03 PM     0        95      2.00      0.00  kcompactd0
09:19:03 PM     0       453      1.00      0.00  multipathd
09:19:03 PM     0     21554      1.00      0.00  packagekitd
09:19:03 PM     0     88840      1.00      0.00  kworker/u24:1-events_power_efficient
09:19:03 PM     0    179405      2.00      0.00  kworker/6:1-mm_percpu_wq
09:19:03 PM     0    186893      1.00      0.00  kworker/11:0-mm_percpu_wq
09:19:03 PM     0    189255      1.00      0.00  kworker/7:2-events
09:19:03 PM     0    190951      5.00      0.00  kworker/10:0-events
09:19:03 PM     0    193064      1.00      0.00  kworker/u24:0-events_power_efficient
09:19:03 PM     0    197671      1.00      0.00  kworker/0:1-events
09:19:03 PM     0    199074      3.00      0.00  kworker/4:1-mm_percpu_wq
09:19:03 PM     0    200292      1.00      0.00  iostat
09:19:03 PM     0    200293      1.00      0.00  pidstat
09:19:03 PM     0    200294      4.00      0.00  bash
09:19:03 PM     0    200295      5.00      0.00  bash
09:19:03 PM     0    200296      4.00      0.00  bash
09:19:03 PM     0    200298     99.00      0.00  fio
09:19:03 PM     0    200447      5.00      0.00  kworker/5:1-mm_percpu_wq
09:19:03 PM     0    200794      3.00      0.00  kworker/1:1-events
09:19:03 PM     0    201393      1.00      0.00  sleep
09:19:03 PM     0    201394      1.00      0.00  sleep
09:19:03 PM     0    201397      1.00      0.00  sleep

09:19:03 PM   UID       PID   cswch/s nvcswch/s  Command
09:19:04 PM     0        16      1.00      0.00  ksoftirqd/0
09:19:04 PM     0        17     16.00      0.00  rcu_preempt
09:19:04 PM     0        36      1.00      0.00  ksoftirqd/3
09:19:04 PM     0        42      1.00      0.00  ksoftirqd/4
09:19:04 PM     0        78      1.00      0.00  ksoftirqd/10
09:19:04 PM     0        84      2.00      0.00  ksoftirqd/11
09:19:04 PM     0        95      2.00      0.00  kcompactd0
09:19:04 PM     0       453      1.00      0.00  multipathd
09:19:04 PM     0    180922      3.00      0.00  kworker/2:0-events
09:19:04 PM     0    182585      1.00      0.00  kworker/8:1-mm_percpu_wq
09:19:04 PM     0    186631      2.00      0.00  kworker/3:2-events
09:19:04 PM     0    186893      3.00      0.00  kworker/11:0-mm_percpu_wq
09:19:04 PM     0    189255      3.00      0.00  kworker/7:2-mm_percpu_wq
09:19:04 PM     0    189918      1.00      0.00  kworker/9:1-mm_percpu_wq
09:19:04 PM     0    190951      3.00      0.00  kworker/10:0-mm_percpu_wq
09:19:04 PM     0    193064      2.00      0.00  kworker/u24:0-edac-poller
09:19:04 PM     0    197671      1.00      0.00  kworker/0:1-mm_percpu_wq
09:19:04 PM     0    199074      4.00      0.00  kworker/4:1-mm_percpu_wq
09:19:04 PM     0    200292      1.00      0.00  iostat
09:19:04 PM     0    200293      1.00      0.00  pidstat
09:19:04 PM     0    200294      5.00      0.00  bash
09:19:04 PM     0    200295      6.00      0.00  bash
09:19:04 PM     0    200296      4.00      0.00  bash
09:19:04 PM     0    200298     99.00      0.00  fio
09:19:04 PM     0    200447      1.00      0.00  kworker/5:1-events
09:19:04 PM     0    200794      2.00      0.00  kworker/1:1-events
09:19:04 PM     0    201407      1.00      0.00  sleep
09:19:04 PM     0    201409      1.00      0.00  sleep
09:19:04 PM     0    201412      1.00      0.00  sleep

09:19:04 PM   UID       PID   cswch/s nvcswch/s  Command
09:19:05 PM     0        16      1.00      0.00  ksoftirqd/0
09:19:05 PM     0        17     20.00      0.00  rcu_preempt
09:19:05 PM     0        24      1.00      0.00  ksoftirqd/1
09:19:05 PM     0        36      1.00      0.00  ksoftirqd/3
09:19:05 PM     0        48      1.00      0.00  ksoftirqd/5
09:19:05 PM     0        84      1.00      0.00  ksoftirqd/11
09:19:05 PM     0        95      2.00      0.00  kcompactd0
09:19:05 PM     0       453      1.00      0.00  multipathd
09:19:05 PM     0    179405      1.00      0.00  kworker/6:1-mm_percpu_wq
09:19:05 PM     0    180922      3.00      0.00  kworker/2:0-events
09:19:05 PM     0    186631      5.00      0.00  kworker/3:2-mm_percpu_wq
09:19:05 PM     0    186893      2.00      0.00  kworker/11:0-events
09:19:05 PM     0    189918      1.00      0.00  kworker/9:1-events
09:19:05 PM     0    193064      1.00      0.00  kworker/u24:0-edac-poller
09:19:05 PM     0    199074      2.00      0.00  kworker/4:1-events
09:19:05 PM     0    200292      1.00      0.00  iostat
09:19:05 PM     0    200293      1.00      0.00  pidstat
09:19:05 PM     0    200294      5.00      0.00  bash
09:19:05 PM     0    200295      8.00      0.00  bash
09:19:05 PM     0    200296      4.00      0.00  bash
09:19:05 PM     0    200298     99.00      0.00  fio
09:19:05 PM     0    200447      3.00      0.00  kworker/5:1-mm_percpu_wq
09:19:05 PM     0    200794      3.00      0.00  kworker/1:1-events
09:19:05 PM     0    201422      1.00      0.00  sleep
09:19:05 PM     0    201424      1.00      0.00  sleep
09:19:05 PM     0    201427      1.00      0.00  sleep

09:19:05 PM   UID       PID   cswch/s nvcswch/s  Command
09:19:06 PM     0        17     18.00      0.00  rcu_preempt
09:19:06 PM     0        18      1.00      0.00  migration/0
09:19:06 PM     0        23      1.00      0.00  migration/1
09:19:06 PM     0        24      1.00      0.00  ksoftirqd/1
09:19:06 PM     0        29      1.00      0.00  migration/2
09:19:06 PM     0        35      1.00      0.00  migration/3
09:19:06 PM     0        41      1.00      0.00  migration/4
09:19:06 PM     0        47      1.00      0.00  migration/5
09:19:06 PM     0        53      1.00      0.00  migration/6
09:19:06 PM     0        59      1.00      0.00  migration/7
09:19:06 PM     0        65      1.00      0.00  migration/8
09:19:06 PM     0        71      1.00      0.00  migration/9
09:19:06 PM     0        77      1.00      0.00  migration/10
09:19:06 PM     0        78      1.00      0.00  ksoftirqd/10
09:19:06 PM     0        83      1.00      0.00  migration/11
09:19:06 PM     0        95      2.00      0.00  kcompactd0
09:19:06 PM     0       102      1.00      0.00  irq/9-acpi
09:19:06 PM     0       453      1.00      0.00  multipathd
09:19:06 PM     0    180922      2.00      0.00  kworker/2:0-events
09:19:06 PM     0    182585      1.00      0.00  kworker/8:1-events
09:19:06 PM     0    186631      3.00      0.00  kworker/3:2-mm_percpu_wq
09:19:06 PM     0    186893      1.00      0.00  kworker/11:0-events
09:19:06 PM     0    189255      2.00      0.00  kworker/7:2-events
09:19:06 PM     0    189918     10.00      0.00  kworker/9:1-mm_percpu_wq
09:19:06 PM     0    190951      2.00      0.00  kworker/10:0-events
09:19:06 PM     0    193064      5.00      0.00  kworker/u24:0-edac-poller
09:19:06 PM     0    197671      2.00      0.00  kworker/0:1-events
09:19:06 PM     0    198726      1.00      0.00  kworker/9:0-i915-unordered
09:19:06 PM     0    199074      4.00      0.00  kworker/4:1-mm_percpu_wq
09:19:06 PM     0    200292      1.00      0.00  iostat
09:19:06 PM     0    200293      1.00      0.00  pidstat
09:19:06 PM     0    200294      5.00      0.00  bash
09:19:06 PM     0    200295      8.00      0.00  bash
09:19:06 PM     0    200296      4.00      0.00  bash
09:19:06 PM     0    200298     99.00      0.00  fio
09:19:06 PM     0    200447      3.00      0.00  kworker/5:1-mm_percpu_wq
09:19:06 PM     0    200794      4.00      0.00  kworker/1:1-events
09:19:06 PM     0    201438      1.00      0.00  sleep
09:19:06 PM     0    201439      1.00      0.00  sleep
09:19:06 PM     0    201442      1.00      0.00  sleep

09:19:06 PM   UID       PID   cswch/s nvcswch/s  Command
09:19:07 PM     0        16      1.00      0.00  ksoftirqd/0
09:19:07 PM     0        17     22.00      0.00  rcu_preempt
09:19:07 PM     0        24      1.00      0.00  ksoftirqd/1
09:19:07 PM     0        48      1.00      0.00  ksoftirqd/5
09:19:07 PM     0        72      1.00      0.00  ksoftirqd/9
09:19:07 PM     0        83      1.00      0.00  migration/11
09:19:07 PM     0        84      1.00      0.00  ksoftirqd/11
09:19:07 PM     0        95      2.00      0.00  kcompactd0
09:19:07 PM     0       453      1.00      0.00  multipathd
09:19:07 PM     0       562      3.00      0.00  jbd2/nvme1n1p3-8
09:19:07 PM     0    186631      1.00      0.00  kworker/3:2-events
09:19:07 PM     0    186893      2.00      0.00  kworker/11:0-events
09:19:07 PM     0    189918      1.00      0.00  kworker/9:1-events
09:19:07 PM     0    190951      2.00      0.00  kworker/10:0-events
09:19:07 PM     0    193064      1.00      0.00  kworker/u24:0-edac-poller
09:19:07 PM     0    199074      1.00      0.00  kworker/4:1-events
09:19:07 PM     0    200292      1.00      0.00  iostat
09:19:07 PM     0    200293      1.00      0.00  pidstat
09:19:07 PM     0    200294      5.00      0.00  bash
09:19:07 PM     0    200295      8.00      0.00  bash
09:19:07 PM     0    200296      4.00      0.00  bash
09:19:07 PM     0    200298     99.00      0.00  fio
09:19:07 PM     0    200447      2.00      0.00  kworker/5:1-events
09:19:07 PM     0    200794      4.00      0.00  kworker/1:1-events
09:19:07 PM     0    201453      1.00      0.00  sleep
09:19:07 PM     0    201454      1.00      0.00  sleep
09:19:07 PM     0    201457      1.00      0.00  sleep

09:19:07 PM   UID       PID   cswch/s nvcswch/s  Command
09:19:08 PM     0        16      1.00      0.00  ksoftirqd/0
09:19:08 PM     0        17     21.00      0.00  rcu_preempt
09:19:08 PM     0        23      1.00      0.00  migration/1
09:19:08 PM     0        47      1.00      0.00  migration/5
09:19:08 PM     0        78      1.00      0.00  ksoftirqd/10
09:19:08 PM     0        84      2.00      0.00  ksoftirqd/11
09:19:08 PM     0        90      1.00      0.00  khungtaskd
09:19:08 PM     0        95      2.00      0.00  kcompactd0
09:19:08 PM     0       191      1.00      0.00  kworker/1:1H-kblockd
09:19:08 PM     0       453      1.00      0.00  multipathd
09:19:08 PM     0     88840      1.00      0.00  kworker/u24:1-events_power_efficient
09:19:08 PM     0    179405      2.00      0.00  kworker/6:1-events
09:19:08 PM     0    180922      2.00      0.00  kworker/2:0-events
09:19:08 PM     0    182585      1.00      0.00  kworker/8:1-events
09:19:08 PM     0    186631      2.00      0.00  kworker/3:2-mm_percpu_wq
09:19:08 PM     0    186893      2.00      0.00  kworker/11:0-events
09:19:08 PM     0    189255      3.00      0.00  kworker/7:2-mm_percpu_wq
09:19:08 PM     0    190951      1.00      0.00  kworker/10:0-events
09:19:08 PM     0    193064      1.00      0.00  kworker/u24:0-events_unbound
09:19:08 PM     0    197671      1.00      0.00  kworker/0:1-mm_percpu_wq
09:19:08 PM     0    199074      3.00      0.00  kworker/4:1-mm_percpu_wq
09:19:08 PM     0    200292      1.00      0.00  iostat
09:19:08 PM     0    200293      1.00      1.00  pidstat
09:19:08 PM     0    200294      5.00      0.00  bash
09:19:08 PM     0    200295      7.00      0.00  bash
09:19:08 PM     0    200296      4.00      0.00  bash
09:19:08 PM     0    200298     99.00      0.00  fio
09:19:08 PM     0    200447      2.00      0.00  kworker/5:1-mm_percpu_wq
09:19:08 PM     0    200794      2.00      0.00  kworker/1:1-events
09:19:08 PM     0    201468      1.00      0.00  sleep
09:19:08 PM     0    201469      1.00      0.00  sleep
09:19:08 PM     0    201472      1.00      0.00  sleep

09:19:08 PM   UID       PID   cswch/s nvcswch/s  Command
09:19:09 PM     0         1      1.00      0.00  systemd
09:19:09 PM     0        16      1.00      0.00  ksoftirqd/0
09:19:09 PM     0        17     24.00      0.00  rcu_preempt
09:19:09 PM     0        36      1.00      0.00  ksoftirqd/3
09:19:09 PM     0        48      1.00      0.00  ksoftirqd/5
09:19:09 PM     0        71      1.00      0.00  migration/9
09:19:09 PM     0        72      2.00      0.00  ksoftirqd/9
09:19:09 PM     0        95      2.00      0.00  kcompactd0
09:19:09 PM     0       453      1.00      0.00  multipathd
09:19:09 PM   101       608      1.00      0.00  systemd-network
09:19:09 PM     0     88840      2.00      0.00  kworker/u24:1-edac-poller
09:19:09 PM     0    179405      2.00      0.00  kworker/6:1-mm_percpu_wq
09:19:09 PM     0    180922      1.00      0.00  kworker/2:0-events
09:19:09 PM     0    186631      1.00      0.00  kworker/3:2-events
09:19:09 PM     0    186893      1.00      0.00  kworker/11:0-mm_percpu_wq
09:19:09 PM     0    189918      3.00      0.00  kworker/9:1-events
09:19:09 PM     0    190951      2.00      0.00  kworker/10:0-events
09:19:09 PM     0    193064      1.00      0.00  kworker/u24:0-events_power_efficient
09:19:09 PM     0    197671      1.00      0.00  kworker/0:1-events
09:19:09 PM     0    199074      3.00      0.00  kworker/4:1-events
09:19:09 PM     0    200292      1.00      0.00  iostat
09:19:09 PM     0    200293      1.00      0.00  pidstat
09:19:09 PM     0    200294      5.00      0.00  bash
09:19:09 PM     0    200295      6.00      0.00  bash
09:19:09 PM     0    200296      4.00      0.00  bash
09:19:09 PM     0    200298    100.00      0.00  fio
09:19:09 PM     0    200447      4.00      0.00  kworker/5:1-events
09:19:09 PM     0    200794      1.00      0.00  kworker/1:1-events
09:19:09 PM     0    201482      1.00      0.00  sleep
09:19:09 PM     0    201484      1.00      0.00  sleep
09:19:09 PM     0    201487      1.00      0.00  sleep

09:19:09 PM   UID       PID   cswch/s nvcswch/s  Command
09:19:10 PM     0        17     20.00      0.00  rcu_preempt
09:19:10 PM     0        18      1.00      0.00  migration/0
09:19:10 PM     0        23      1.00      0.00  migration/1
09:19:10 PM     0        29      1.00      0.00  migration/2
09:19:10 PM     0        35      1.00      0.00  migration/3
09:19:10 PM     0        41      1.00      0.00  migration/4
09:19:10 PM     0        47      1.00      0.00  migration/5
09:19:10 PM     0        53      1.00      0.00  migration/6
09:19:10 PM     0        59      1.00      0.00  migration/7
09:19:10 PM     0        60      1.00      0.00  ksoftirqd/7
09:19:10 PM     0        65      1.00      0.00  migration/8
09:19:10 PM     0        71      1.00      0.00  migration/9
09:19:10 PM     0        77      1.00      0.00  migration/10
09:19:10 PM     0        78      2.00      0.00  ksoftirqd/10
09:19:10 PM     0        83      1.00      0.00  migration/11
09:19:10 PM     0        84      1.00      0.00  ksoftirqd/11
09:19:10 PM     0        95      2.00      0.00  kcompactd0
09:19:10 PM     0       453      1.00      0.00  multipathd
09:19:10 PM     0     88840      1.00      0.00  kworker/u24:1-edac-poller
09:19:10 PM     0    180922      1.00      0.00  kworker/2:0-events
09:19:10 PM     0    182585      1.00      0.00  kworker/8:1-events
09:19:10 PM     0    186631      3.00      0.00  kworker/3:2-mm_percpu_wq
09:19:10 PM     0    186893      1.00      0.00  kworker/11:0-events
09:19:10 PM     0    189255      4.00      0.00  kworker/7:2-events
09:19:10 PM     0    189918      1.00      0.00  kworker/9:1-events
09:19:10 PM     0    197671      1.00      0.00  kworker/0:1-mm_percpu_wq
09:19:10 PM     0    199074      3.00      0.00  kworker/4:1-mm_percpu_wq
09:19:10 PM     0    200292      1.00      0.00  iostat
09:19:10 PM     0    200293      1.00      0.00  pidstat
09:19:10 PM     0    200294      5.00      0.00  bash
09:19:10 PM     0    200295      6.00      0.00  bash
09:19:10 PM     0    200296      4.00      0.00  bash
09:19:10 PM     0    200298     99.00      0.00  fio
09:19:10 PM     0    200447      2.00      0.00  kworker/5:1-mm_percpu_wq
09:19:10 PM     0    200794      5.00      0.00  kworker/1:1-events
09:19:10 PM     0    201497      1.00      0.00  sleep
09:19:10 PM     0    201499      1.00      0.00  sleep
09:19:10 PM     0    201502      1.00      0.00  sleep

09:19:10 PM   UID       PID   cswch/s nvcswch/s  Command
09:19:11 PM     0        17     18.00      0.00  rcu_preempt
09:19:11 PM     0        24      2.00      0.00  ksoftirqd/1
09:19:11 PM     0        36      1.00      0.00  ksoftirqd/3
09:19:11 PM     0        41      1.00      0.00  migration/4
09:19:11 PM     0        71      1.00      0.00  migration/9
09:19:11 PM     0        84      1.00      0.00  ksoftirqd/11
09:19:11 PM     0        95      2.00      0.00  kcompactd0
09:19:11 PM     0       453      1.00      0.00  multipathd
09:19:11 PM     0     88840      5.00      0.00  kworker/u24:1-edac-poller
09:19:11 PM     0    179405      1.00      0.00  kworker/6:1-mm_percpu_wq
09:19:11 PM     0    182585      1.00      0.00  kworker/8:1-events
09:19:11 PM     0    186631      1.00      0.00  kworker/3:2-events
09:19:11 PM     0    186893      2.00      0.00  kworker/11:0-events
09:19:11 PM     0    189918      2.00      0.00  kworker/9:1-events
09:19:11 PM     0    190951      4.00      0.00  kworker/10:0-events
09:19:11 PM     0    199074      2.00      0.00  kworker/4:1-events
09:19:11 PM     0    200292      1.00      0.00  iostat
09:19:11 PM     0    200293      1.00      0.00  pidstat
09:19:11 PM     0    200294      5.00      0.00  bash
09:19:11 PM     0    200295      7.00      0.00  bash
09:19:11 PM     0    200296      4.00      0.00  bash
09:19:11 PM     0    200298     99.00      0.00  fio
09:19:11 PM     0    200447      1.00      0.00  kworker/5:1-events
09:19:11 PM     0    200794      3.00      0.00  kworker/1:1-events
09:19:11 PM     0    201512      1.00      0.00  sleep
09:19:11 PM     0    201514      1.00      0.00  sleep
09:19:11 PM     0    201517      1.00      0.00  sleep

09:19:11 PM   UID       PID   cswch/s nvcswch/s  Command
09:19:12 PM     0        17     20.00      0.00  rcu_preempt
09:19:12 PM     0        42      1.00      0.00  ksoftirqd/4
09:19:12 PM     0        53      2.00      0.00  migration/6
09:19:12 PM     0        54      1.00      0.00  ksoftirqd/6
09:19:12 PM     0        78      1.00      0.00  ksoftirqd/10
09:19:12 PM     0        84      1.00      0.00  ksoftirqd/11
09:19:12 PM     0        95      2.00      0.00  kcompactd0
09:19:12 PM     0       453      1.00      0.00  multipathd
09:19:12 PM     0       562      3.00      0.00  jbd2/nvme1n1p3-8
09:19:12 PM     0     88840      3.00      0.00  kworker/u24:1-edac-poller
09:19:12 PM     0    179405      1.00      0.00  kworker/6:1-mm_percpu_wq
09:19:12 PM     0    180922      2.00      0.00  kworker/2:0-events
09:19:12 PM     0    182585      1.00      0.00  kworker/8:1-events
09:19:12 PM     0    186631      1.00      0.00  kworker/3:2-mm_percpu_wq
09:19:12 PM     0    186893      3.00      0.00  kworker/11:0-events
09:19:12 PM     0    189255      2.00      0.00  kworker/7:2-mm_percpu_wq
09:19:12 PM     0    189918      1.00      0.00  kworker/9:1-mm_percpu_wq
09:19:12 PM     0    190951      3.00      0.00  kworker/10:0-mm_percpu_wq
09:19:12 PM     0    197671      1.00      0.00  kworker/0:1-events
09:19:12 PM     0    199074      2.00      0.00  kworker/4:1-mm_percpu_wq
09:19:12 PM     0    200292      1.00      0.00  iostat
09:19:12 PM     0    200293      1.00      0.00  pidstat
09:19:12 PM     0    200294      5.00      0.00  bash
09:19:12 PM     0    200295      8.00      0.00  bash
09:19:12 PM     0    200296      4.00      0.00  bash
09:19:12 PM     0    200298     99.00      0.00  fio
09:19:12 PM     0    200447      4.00      0.00  kworker/5:1-mm_percpu_wq
09:19:12 PM     0    200794      3.00      0.00  kworker/1:1-mm_percpu_wq
09:19:12 PM     0    201527      1.00      1.00  sleep
09:19:12 PM     0    201529      1.00      1.00  sleep
09:19:12 PM     0    201532      1.00      0.00  sleep

09:19:12 PM   UID       PID   cswch/s nvcswch/s  Command
09:19:13 PM     0        17     20.00      0.00  rcu_preempt
09:19:13 PM     0        24      2.00      0.00  ksoftirqd/1
09:19:13 PM     0        48      1.00      0.00  ksoftirqd/5
09:19:13 PM     0        72      1.00      0.00  ksoftirqd/9
09:19:13 PM     0        78      1.00      0.00  ksoftirqd/10
09:19:13 PM     0        95      2.00      0.00  kcompactd0
09:19:13 PM     0       453      1.00      0.00  multipathd
09:19:13 PM     0     21554      1.00      0.00  packagekitd
09:19:13 PM     0     88840      2.00      0.00  kworker/u24:1-edac-poller
09:19:13 PM     0    179405      1.00      0.00  kworker/6:1-mm_percpu_wq
09:19:13 PM     0    180922      1.00      0.00  kworker/2:0-events
09:19:13 PM     0    186893      2.00      0.00  kworker/11:0-events
09:19:13 PM     0    189255      1.00      0.00  kworker/7:2-events
09:19:13 PM     0    190951      2.00      0.00  kworker/10:0-events
09:19:13 PM     0    199074      2.00      0.00  kworker/4:1-events
09:19:13 PM     0    200292      1.00      0.00  iostat
09:19:13 PM     0    200293      1.00      0.00  pidstat
09:19:13 PM     0    200294      5.00      0.00  bash
09:19:13 PM     0    200295      8.00      0.00  bash
09:19:13 PM     0    200296      4.00      0.00  bash
09:19:13 PM     0    200298     99.00      0.00  fio
09:19:13 PM     0    200447      2.00      0.00  kworker/5:1-events
09:19:13 PM     0    200794      3.00      0.00  kworker/1:1-events
09:19:13 PM     0    201543      1.00      0.00  sleep
09:19:13 PM     0    201544      1.00      0.00  sleep
09:19:13 PM     0    201547      1.00      0.00  sleep

09:19:13 PM   UID       PID   cswch/s nvcswch/s  Command
09:19:14 PM     0        17     25.00      0.00  rcu_preempt
09:19:14 PM     0        18      1.00      0.00  migration/0
09:19:14 PM     0        23      1.00      0.00  migration/1
09:19:14 PM     0        24      1.00      0.00  ksoftirqd/1
09:19:14 PM     0        29      1.00      0.00  migration/2
09:19:14 PM     0        35      2.00      0.00  migration/3
09:19:14 PM     0        41      1.00      0.00  migration/4
09:19:14 PM     0        42      2.00      1.00  ksoftirqd/4
09:19:14 PM     0        47      1.00      0.00  migration/5
09:19:14 PM     0        53      1.00      0.00  migration/6
09:19:14 PM     0        59      1.00      0.00  migration/7
09:19:14 PM     0        65      1.00      0.00  migration/8
09:19:14 PM     0        71      1.00      0.00  migration/9
09:19:14 PM     0        77      2.00      0.00  migration/10
09:19:14 PM     0        78      1.00      0.00  ksoftirqd/10
09:19:14 PM     0        83      1.00      0.00  migration/11
09:19:14 PM     0        84      1.00      0.00  ksoftirqd/11
09:19:14 PM     0        95      2.00      0.00  kcompactd0
09:19:14 PM     0       453      1.00      0.00  multipathd
09:19:14 PM     0     88840      1.00      0.00  kworker/u24:1-events_power_efficient
09:19:14 PM     0    180922      1.00      0.00  kworker/2:0-events
09:19:14 PM     0    182585      1.00      0.00  kworker/8:1-events
09:19:14 PM     0    186631      3.00      0.00  kworker/3:2-mm_percpu_wq
09:19:14 PM     0    186893      3.00      0.00  kworker/11:0-events
09:19:14 PM     0    189255      3.00      0.00  kworker/7:2-mm_percpu_wq
09:19:14 PM     0    190951      5.00      0.00  kworker/10:0-mm_percpu_wq
09:19:14 PM     0    193064      2.00      0.00  kworker/u24:0-edac-poller
09:19:14 PM     0    197671      1.00      0.00  kworker/0:1-mm_percpu_wq
09:19:14 PM     0    199074      4.00      0.00  kworker/4:1-mm_percpu_wq
09:19:14 PM     0    200292      1.00      0.00  iostat
09:19:14 PM     0    200293      1.00      1.00  pidstat
09:19:14 PM     0    200294      5.00      0.00  bash
09:19:14 PM     0    200295      7.00      0.00  bash
09:19:14 PM     0    200296      4.00      0.00  bash
09:19:14 PM     0    200298    100.00      0.00  fio
09:19:14 PM     0    200447      1.00      0.00  kworker/5:1-mm_percpu_wq
09:19:14 PM     0    200794      3.00      0.00  kworker/1:1-mm_percpu_wq
09:19:14 PM     0    201558      1.00      1.00  sleep
09:19:14 PM     0    201559      1.00      0.00  sleep
09:19:14 PM     0    201562      1.00      0.00  sleep

09:19:14 PM   UID       PID   cswch/s nvcswch/s  Command
09:19:15 PM     0        16      1.00      0.00  ksoftirqd/0
09:19:15 PM     0        17     18.00      0.00  rcu_preempt
09:19:15 PM     0        24      1.00      0.00  ksoftirqd/1
09:19:15 PM     0        42      1.00      0.00  ksoftirqd/4
09:19:15 PM     0        54      1.00      0.00  ksoftirqd/6
09:19:15 PM     0        60      1.00      0.00  ksoftirqd/7
09:19:15 PM     0        78      2.00      1.00  ksoftirqd/10
09:19:15 PM     0        95      2.00      0.00  kcompactd0
09:19:15 PM     0       453      1.00      0.00  multipathd
09:19:15 PM     0    180922      1.00      0.00  kworker/2:0-events
09:19:15 PM     0    186893      4.00      0.00  kworker/11:0-events
09:19:15 PM     0    189255      1.00      0.00  kworker/7:2-events
09:19:15 PM     0    189918      1.00      0.00  kworker/9:1-mm_percpu_wq
09:19:15 PM     0    190951      3.00      0.00  kworker/10:0-events
09:19:15 PM     0    193064      1.00      0.00  kworker/u24:0-events_unbound
09:19:15 PM     0    197671      1.00      0.00  kworker/0:1-events
09:19:15 PM     0    199074      3.00      0.00  kworker/4:1-events
09:19:15 PM     0    200292      1.00      0.00  iostat
09:19:15 PM     0    200293      1.00      0.00  pidstat
09:19:15 PM     0    200294      5.00      0.00  bash
09:19:15 PM     0    200295      8.00      0.00  bash
09:19:15 PM     0    200296      4.00      0.00  bash
09:19:15 PM     0    200298     99.00      0.00  fio
09:19:15 PM     0    200447      1.00      0.00  kworker/5:1-events
09:19:15 PM     0    200794      1.00      0.00  kworker/1:1-events
09:19:15 PM     0    201573      1.00      0.00  sleep
09:19:15 PM     0    201574      1.00      0.00  sleep
09:19:15 PM     0    201577      1.00      0.00  sleep

09:19:15 PM   UID       PID   cswch/s nvcswch/s  Command
09:19:16 PM     0        16      1.00      0.00  ksoftirqd/0
09:19:16 PM     0        17     18.00      0.00  rcu_preempt
09:19:16 PM     0        42      1.00      0.00  ksoftirqd/4
09:19:16 PM     0        53      1.00      0.00  migration/6
09:19:16 PM     0        60      2.00      0.00  ksoftirqd/7
09:19:16 PM     0        78      1.00      0.00  ksoftirqd/10
09:19:16 PM     0        95      2.00      0.00  kcompactd0
09:19:16 PM     0       102      1.00      0.00  irq/9-acpi
09:19:16 PM     0       453      1.00      0.00  multipathd
09:19:16 PM     0     88840      2.00      0.00  kworker/u24:1-writeback
09:19:16 PM     0    179405      2.00      0.00  kworker/6:1-events
09:19:16 PM     0    180922      3.00      0.00  kworker/2:0-events
09:19:16 PM     0    182585      1.00      0.00  kworker/8:1-events
09:19:16 PM     0    186631      1.00      0.00  kworker/3:2-mm_percpu_wq
09:19:16 PM     0    186893      2.00      0.00  kworker/11:0-mm_percpu_wq
09:19:16 PM     0    189255      4.00      0.00  kworker/7:2-mm_percpu_wq
09:19:16 PM     0    189918    705.00      0.00  kworker/9:1+events
09:19:16 PM     0    190951      4.00      0.00  kworker/10:0-mm_percpu_wq
09:19:16 PM     0    193064      4.00      0.00  kworker/u24:0-events_power_efficient
09:19:16 PM     0    197671      2.00      0.00  kworker/0:1-events
09:19:16 PM     0    198726      2.00      0.00  kworker/9:0+i915-unordered
09:19:16 PM     0    199074      2.00      0.00  kworker/4:1-mm_percpu_wq
09:19:16 PM     0    200292      1.00      0.00  iostat
09:19:16 PM     0    200293      1.00      0.00  pidstat
09:19:16 PM     0    200294      5.00      0.00  bash
09:19:16 PM     0    200295      8.00      0.00  bash
09:19:16 PM     0    200296      4.00      0.00  bash
09:19:16 PM     0    200298    100.00      0.00  fio
09:19:16 PM     0    200447      2.00      0.00  kworker/5:1-mm_percpu_wq
09:19:16 PM     0    200794      3.00      0.00  kworker/1:1-mm_percpu_wq
09:19:16 PM     0    201588      1.00      0.00  sleep
09:19:16 PM     0    201589      1.00      0.00  sleep
09:19:16 PM     0    201592      1.00      0.00  sleep

09:19:16 PM   UID       PID   cswch/s nvcswch/s  Command
09:19:17 PM     0        16      1.00      0.00  ksoftirqd/0
09:19:17 PM     0        17     18.00      0.00  rcu_preempt
09:19:17 PM     0        36      1.00      0.00  ksoftirqd/3
09:19:17 PM     0        48      1.00      0.00  ksoftirqd/5
09:19:17 PM     0        60      1.00      0.00  ksoftirqd/7
09:19:17 PM     0        71      1.00      0.00  migration/9
09:19:17 PM     0        72      1.00      0.00  ksoftirqd/9
09:19:17 PM     0        84      1.00      0.00  ksoftirqd/11
09:19:17 PM     0        95      2.00      0.00  kcompactd0
09:19:17 PM     0       195      1.00      0.00  kworker/6:1H-kblockd
09:19:17 PM     0       453      1.00      0.00  multipathd
09:19:17 PM     0       562      3.00      0.00  jbd2/nvme1n1p3-8
09:19:17 PM     0     88840      3.00      0.00  kworker/u24:1-events_unbound
09:19:17 PM     0    179405      2.00      0.00  kworker/6:1-mm_percpu_wq
09:19:17 PM     0    180922      1.00      0.00  kworker/2:0-events
09:19:17 PM     0    186631      2.00      0.00  kworker/3:2-events
09:19:17 PM     0    186893      1.00      0.00  kworker/11:0-events
09:19:17 PM     0    189255      3.00      0.00  kworker/7:2-xfs-sync/nvme0n1p2
09:19:17 PM     0    189918    434.00      1.00  kworker/9:1-events
09:19:17 PM     0    198726   1133.00      0.00  kworker/9:0-i915-unordered
09:19:17 PM     0    199074      1.00      0.00  kworker/4:1-events
09:19:17 PM     0    200292      1.00      0.00  iostat
09:19:17 PM     0    200293      1.00      0.00  pidstat
09:19:17 PM     0    200294      5.00      0.00  bash
09:19:17 PM     0    200295      6.00      0.00  bash
09:19:17 PM     0    200296      5.00      0.00  bash
09:19:17 PM     0    200298     99.00      0.00  fio
09:19:17 PM     0    200447      2.00      0.00  kworker/5:1-events
09:19:17 PM     0    200794      3.00      0.00  kworker/1:1-events
09:19:17 PM     0    201602      1.00      0.00  sleep
09:19:17 PM     0    201604      1.00      0.00  sleep
09:19:17 PM     0    201607      1.00      0.00  sleep

09:19:17 PM   UID       PID   cswch/s nvcswch/s  Command
09:19:18 PM     0        17     14.00      0.00  rcu_preempt
09:19:18 PM     0        18      1.00      0.00  migration/0
09:19:18 PM     0        23      1.00      0.00  migration/1
09:19:18 PM     0        24      1.00      0.00  ksoftirqd/1
09:19:18 PM     0        29      1.00      0.00  migration/2
09:19:18 PM     0        35      1.00      0.00  migration/3
09:19:18 PM     0        41      1.00      0.00  migration/4
09:19:18 PM     0        42      1.00      0.00  ksoftirqd/4
09:19:18 PM     0        47      1.00      0.00  migration/5
09:19:18 PM     0        53      1.00      0.00  migration/6
09:19:18 PM     0        59      2.00      0.00  migration/7
09:19:18 PM     0        60      2.00      0.00  ksoftirqd/7
09:19:18 PM     0        65      1.00      0.00  migration/8
09:19:18 PM     0        71      1.00      0.00  migration/9
09:19:18 PM     0        77      1.00      0.00  migration/10
09:19:18 PM     0        83      1.00      0.00  migration/11
09:19:18 PM     0        95      2.00      0.00  kcompactd0
09:19:18 PM     0       453      1.00      0.00  multipathd
09:19:18 PM     0     88840      1.00      0.00  kworker/u24:1-edac-poller
09:19:18 PM     0    180922      2.00      0.00  kworker/2:0-events
09:19:18 PM     0    182585      1.00      0.00  kworker/8:1-events
09:19:18 PM     0    186631      1.00      0.00  kworker/3:2-mm_percpu_wq
09:19:18 PM     0    186893      3.00      0.00  kworker/11:0-mm_percpu_wq
09:19:18 PM     0    189255      3.00      0.00  kworker/7:2-mm_percpu_wq
09:19:18 PM     0    190951      2.00      0.00  kworker/10:0-mm_percpu_wq
09:19:18 PM     0    197671      1.00      0.00  kworker/0:1-mm_percpu_wq
09:19:18 PM     0    198726      2.00      0.00  kworker/9:0-mm_percpu_wq
09:19:18 PM     0    199074      5.00      0.00  kworker/4:1-mm_percpu_wq
09:19:18 PM     0    200292      1.00      0.00  iostat
09:19:18 PM     0    200293      1.00      0.00  pidstat
09:19:18 PM     0    200294      5.00      0.00  bash
09:19:18 PM     0    200295      6.00      0.00  bash
09:19:18 PM     0    200296      4.00      0.00  bash
09:19:18 PM     0    200298     99.00      0.00  fio
09:19:18 PM     0    200447      2.00      0.00  kworker/5:1-mm_percpu_wq
09:19:18 PM     0    200794      2.00      0.00  kworker/1:1-mm_percpu_wq
09:19:18 PM     0    201617      1.00      1.00  sleep
09:19:18 PM     0    201619      1.00      0.00  sleep
09:19:18 PM     0    201622      1.00      0.00  sleep

09:19:18 PM   UID       PID   cswch/s nvcswch/s  Command
09:19:19 PM     0        17     12.00      0.00  rcu_preempt
09:19:19 PM     0        24      1.00      0.00  ksoftirqd/1
09:19:19 PM     0        47      1.00      0.00  migration/5
09:19:19 PM     0        48      2.00      0.00  ksoftirqd/5
09:19:19 PM     0        72      1.00      0.00  ksoftirqd/9
09:19:19 PM     0        95      2.00      0.00  kcompactd0
09:19:19 PM     0       453      1.00      0.00  multipathd
09:19:19 PM   101       608      2.00      0.00  systemd-network
09:19:19 PM     0     88840      1.00      0.00  kworker/u24:1-edac-poller
09:19:19 PM     0    179405      2.00      0.00  kworker/6:1-events
09:19:19 PM     0    189255      1.00      0.00  kworker/7:2-events
09:19:19 PM     0    190951      1.00      0.00  kworker/10:0-events
09:19:19 PM     0    199074      3.00      0.00  kworker/4:1-events
09:19:19 PM     0    200292      1.00      0.00  iostat
09:19:19 PM     0    200293      1.00      0.00  pidstat
09:19:19 PM     0    200294      5.00      0.00  bash
09:19:19 PM     0    200295      7.00      0.00  bash
09:19:19 PM     0    200296      4.00      0.00  bash
09:19:19 PM     0    200298    100.00      0.00  fio
09:19:19 PM     0    200447      2.00      0.00  kworker/5:1-events
09:19:19 PM     0    200794      3.00      0.00  kworker/1:1-events
09:19:19 PM     0    201633      1.00      1.00  sleep
09:19:19 PM     0    201634      1.00      0.00  sleep
09:19:19 PM     0    201637      1.00      0.00  sleep

09:19:19 PM   UID       PID   cswch/s nvcswch/s  Command
09:19:20 PM     0        17     12.00      0.00  rcu_preempt
09:19:20 PM     0        24      1.00      0.00  ksoftirqd/1
09:19:20 PM     0        42      1.00      0.00  ksoftirqd/4
09:19:20 PM     0        48      2.00      0.00  ksoftirqd/5
09:19:20 PM     0        95      2.00      0.00  kcompactd0
09:19:20 PM     0       453      1.00      0.00  multipathd
09:19:20 PM     0     88840      1.00      0.00  kworker/u24:1-events_unbound
09:19:20 PM     0    180922      2.00      0.00  kworker/2:0-events
09:19:20 PM     0    182585      1.00      0.00  kworker/8:1-events
09:19:20 PM     0    186893      1.00      0.00  kworker/11:0-events
09:19:20 PM     0    189255      4.00      0.00  kworker/7:2-mm_percpu_wq
09:19:20 PM     0    190951      2.00      0.00  kworker/10:0-mm_percpu_wq
09:19:20 PM     0    193064      1.00      0.00  kworker/u24:0-events_power_efficient
09:19:20 PM     0    197671      1.00      0.00  kworker/0:1-events
09:19:20 PM     0    198142      1.00      0.00  kworker/u24:2-events_power_efficient
09:19:20 PM     0    199074      3.00      0.00  kworker/4:1-mm_percpu_wq
09:19:20 PM     0    200292      1.00      0.00  iostat
09:19:20 PM     0    200293      1.00      0.00  pidstat
09:19:20 PM     0    200294      5.00      0.00  bash
09:19:20 PM     0    200295      8.00      0.00  bash
09:19:20 PM     0    200296      4.00      0.00  bash
09:19:20 PM     0    200298     99.00      0.00  fio
09:19:20 PM     0    200447      3.00      0.00  kworker/5:1-mm_percpu_wq
09:19:20 PM     0    200794      3.00      0.00  kworker/1:1-mm_percpu_wq
09:19:20 PM     0    201649      1.00      0.00  sleep
09:19:20 PM     0    201651      1.00      0.00  sleep
09:19:20 PM     0    201652      1.00      0.00  sleep

09:19:20 PM   UID       PID   cswch/s nvcswch/s  Command
09:19:21 PM     0        17     13.00      0.00  rcu_preempt
09:19:21 PM     0        18      1.00      0.00  migration/0
09:19:21 PM     0        24      1.00      0.00  ksoftirqd/1
09:19:21 PM     0        42      2.00      0.00  ksoftirqd/4
09:19:21 PM     0        48      1.00      0.00  ksoftirqd/5
09:19:21 PM     0        54      1.00      0.00  ksoftirqd/6
09:19:21 PM     0        71      1.00      0.00  migration/9
09:19:21 PM     0        95      2.00      0.00  kcompactd0
09:19:21 PM     0       453      1.00      0.00  multipathd
09:19:21 PM     0    179405      2.00      0.00  kworker/6:1-events
09:19:21 PM     0    180922      1.00      0.00  kworker/2:0-events
09:19:21 PM     0    182585      1.00      0.00  kworker/8:1-events
09:19:21 PM     0    186631      1.00      0.00  kworker/3:2-mm_percpu_wq
09:19:21 PM     0    186893      2.00      0.00  kworker/11:0-events
09:19:21 PM     0    190951      1.00      0.00  kworker/10:0-events
09:19:21 PM     0    197671      1.00      0.00  kworker/0:1-events
09:19:21 PM     0    198142      1.00      0.00  kworker/u24:2-edac-poller
09:19:21 PM     0    198726      1.00      0.00  kworker/9:0-mm_percpu_wq
09:19:21 PM     0    199074      5.00      0.00  kworker/4:1-events
09:19:21 PM     0    200292      1.00      0.00  iostat
09:19:21 PM     0    200293      1.00      0.00  pidstat
09:19:21 PM     0    200294      5.00      0.00  bash
09:19:21 PM     0    200295      7.00      0.00  bash
09:19:21 PM     0    200296      4.00      0.00  bash
09:19:21 PM     0    200298    100.00      0.00  fio
09:19:21 PM     0    200447      3.00      0.00  kworker/5:1-events
09:19:21 PM     0    200794      2.00      0.00  kworker/1:1-events
09:19:21 PM     0    201655      1.00      0.00  sleep
09:19:21 PM     0    201665      1.00      1.00  sleep
09:19:21 PM     0    201667      1.00      0.00  sleep

09:19:21 PM   UID       PID   cswch/s nvcswch/s  Command
09:19:22 PM     0        17     16.00      0.00  rcu_preempt
09:19:22 PM     0        18      1.00      0.00  migration/0
09:19:22 PM     0        23      1.00      0.00  migration/1
09:19:22 PM     0        29      1.00      0.00  migration/2
09:19:22 PM     0        35      1.00      0.00  migration/3
09:19:22 PM     0        41      1.00      0.00  migration/4
09:19:22 PM     0        47      1.00      0.00  migration/5
09:19:22 PM     0        53      1.00      0.00  migration/6
09:19:22 PM     0        54      1.00      0.00  ksoftirqd/6
09:19:22 PM     0        59      1.00      0.00  migration/7
09:19:22 PM     0        60      1.00      0.00  ksoftirqd/7
09:19:22 PM     0        65      1.00      0.00  migration/8
09:19:22 PM     0        71      1.00      0.00  migration/9
09:19:22 PM     0        72      1.00      0.00  ksoftirqd/9
09:19:22 PM     0        77      1.00      0.00  migration/10
09:19:22 PM     0        83      1.00      0.00  migration/11
09:19:22 PM     0        95      2.00      0.00  kcompactd0
09:19:22 PM     0       195      2.00      0.00  kworker/6:1H-kblockd
09:19:22 PM     0       453      1.00      0.00  multipathd
09:19:22 PM     0       562      3.00      0.00  jbd2/nvme1n1p3-8
09:19:22 PM     0     88840      4.00      0.00  kworker/u24:1-ext4-rsv-conversion
09:19:22 PM     0    179405      2.00      0.00  kworker/6:1-mm_percpu_wq
09:19:22 PM     0    180922      2.00      0.00  kworker/2:0-events
09:19:22 PM     0    182585      1.00      0.00  kworker/8:1-events
09:19:22 PM     0    186631      1.00      0.00  kworker/3:2-events
09:19:22 PM     0    186893      2.00      0.00  kworker/11:0-mm_percpu_wq
09:19:22 PM     0    189255      4.00      0.00  kworker/7:2-events
09:19:22 PM     0    190951      2.00      0.00  kworker/10:0-mm_percpu_wq
09:19:22 PM     0    197671      1.00      0.00  kworker/0:1-mm_percpu_wq
09:19:22 PM     0    198142      5.00      0.00  kworker/u24:2-writeback
09:19:22 PM     0    199074      2.00      0.00  kworker/4:1-mm_percpu_wq
09:19:22 PM     0    200292      1.00      0.00  iostat
09:19:22 PM     0    200293      1.00      0.00  pidstat
09:19:22 PM     0    200294      5.00      1.00  bash
09:19:22 PM     0    200295      7.00      0.00  bash
09:19:22 PM     0    200296      4.00      0.00  bash
09:19:22 PM     0    200298     99.00      0.00  fio
09:19:22 PM     0    200447      1.00      0.00  kworker/5:1-mm_percpu_wq
09:19:22 PM     0    200794      3.00      0.00  kworker/1:1-events
09:19:22 PM     0    201670      1.00      0.00  sleep
09:19:22 PM     0    201680      1.00      0.00  sleep
09:19:22 PM     0    201682      1.00      0.00  sleep

09:19:22 PM   UID       PID   cswch/s nvcswch/s  Command
09:19:23 PM     0        17     19.00      0.00  rcu_preempt
09:19:23 PM     0        60      2.00      0.00  ksoftirqd/7
09:19:23 PM     0        78      1.00      0.00  ksoftirqd/10
09:19:23 PM     0        95      2.00      0.00  kcompactd0
09:19:23 PM     0       453      1.00      0.00  multipathd
09:19:23 PM     0     21554      1.00      0.00  packagekitd
09:19:23 PM     0     88840      1.00      0.00  kworker/u24:1-edac-poller
09:19:23 PM     0    179405      4.00      0.00  kworker/6:1-events
09:19:23 PM     0    186631      2.00      0.00  kworker/3:2-events
09:19:23 PM     0    186893      2.00      0.00  kworker/11:0-mm_percpu_wq
09:19:23 PM     0    189255      3.00      0.00  kworker/7:2-mm_percpu_wq
09:19:23 PM     0    190951      1.00      0.00  kworker/10:0-events
09:19:23 PM     0    197671      1.00      0.00  kworker/0:1-mm_percpu_wq
09:19:23 PM     0    198726      1.00      0.00  kworker/9:0-mm_percpu_wq
09:19:23 PM     0    199074      1.00      0.00  kworker/4:1-events
09:19:23 PM     0    200292      1.00      0.00  iostat
09:19:23 PM     0    200293      1.00      0.00  pidstat
09:19:23 PM     0    200294      5.00      0.00  bash
09:19:23 PM     0    200295      8.00      0.00  bash
09:19:23 PM     0    200296      4.00      0.00  bash
09:19:23 PM     0    200298     99.00      0.00  fio
09:19:23 PM     0    200447      3.00      0.00  kworker/5:1-mm_percpu_wq
09:19:23 PM     0    200794      1.00      0.00  kworker/1:1-events
09:19:23 PM     0    201685      1.00      0.00  sleep
09:19:23 PM     0    201696      1.00      0.00  sleep
09:19:23 PM     0    201697      1.00      0.00  sleep

09:19:23 PM   UID       PID   cswch/s nvcswch/s  Command
09:19:24 PM     0        17     18.00      0.00  rcu_preempt
09:19:24 PM     0        24      1.00      0.00  ksoftirqd/1
09:19:24 PM     0        42      1.00      0.00  ksoftirqd/4
09:19:24 PM     0        47      1.00      0.00  migration/5
09:19:24 PM     0        48      1.00      0.00  ksoftirqd/5
09:19:24 PM     0        72      1.00      0.00  ksoftirqd/9
09:19:24 PM     0        95      2.00      0.00  kcompactd0
09:19:24 PM     0       453      1.00      0.00  multipathd
09:19:24 PM     0     88840      2.00      0.00  kworker/u24:1-events_unbound
09:19:24 PM     0    179405      1.00      0.00  kworker/6:1-mm_percpu_wq
09:19:24 PM     0    180922      2.00      0.00  kworker/2:0-events
09:19:24 PM     0    182585      1.00      0.00  kworker/8:1-events
09:19:24 PM     0    186631      2.00      0.00  kworker/3:2-events
09:19:24 PM     0    186893      1.00      0.00  kworker/11:0-events
09:19:24 PM     0    189255      4.00      0.00  kworker/7:2-events
09:19:24 PM     0    190951      1.00      0.00  kworker/10:0-mm_percpu_wq
09:19:24 PM     0    198726      1.00      0.00  kworker/9:0-mm_percpu_wq
09:19:24 PM     0    199074      3.00      0.00  kworker/4:1-events
09:19:24 PM     0    200292      1.00      0.00  iostat
09:19:24 PM     0    200293      1.00      0.00  pidstat
09:19:24 PM     0    200294      5.00      0.00  bash
09:19:24 PM     0    200295      8.00      0.00  bash
09:19:24 PM     0    200296      4.00      0.00  bash
09:19:24 PM     0    200298     99.00      0.00  fio
09:19:24 PM     0    200447      1.00      0.00  kworker/5:1-events
09:19:24 PM     0    200794      4.00      0.00  kworker/1:1-events
09:19:24 PM     0    201700      1.00      0.00  sleep
09:19:24 PM     0    201711      1.00      0.00  sleep
09:19:24 PM     0    201712      1.00      0.00  sleep

09:19:24 PM   UID       PID   cswch/s nvcswch/s  Command
09:19:25 PM     0        17     18.00      0.00  rcu_preempt
09:19:25 PM     0        24      1.00      0.00  ksoftirqd/1
09:19:25 PM     0        42      1.00      0.00  ksoftirqd/4
09:19:25 PM     0        48      1.00      0.00  ksoftirqd/5
09:19:25 PM     0        54      1.00      0.00  ksoftirqd/6
09:19:25 PM     0        84      1.00      0.00  ksoftirqd/11
09:19:25 PM     0        95      2.00      0.00  kcompactd0
09:19:25 PM     0       453      1.00      0.00  multipathd
09:19:25 PM     0     88840      1.00      0.00  kworker/u24:1-edac-poller
09:19:25 PM     0    180922      2.00      0.00  kworker/2:0-events
09:19:25 PM     0    186631      1.00      0.00  kworker/3:2-mm_percpu_wq
09:19:25 PM     0    186893      1.00      0.00  kworker/11:0-events
09:19:25 PM     0    189255      1.00      0.00  kworker/7:2-events
09:19:25 PM     0    190951      1.00      0.00  kworker/10:0-events
09:19:25 PM     0    197671      1.00      0.00  kworker/0:1-events
09:19:25 PM     0    198726      1.00      0.00  kworker/9:0-mm_percpu_wq
09:19:25 PM     0    199074      3.00      0.00  kworker/4:1-mm_percpu_wq
09:19:25 PM     0    200292      1.00      0.00  iostat
09:19:25 PM     0    200293      1.00      0.00  pidstat
09:19:25 PM     0    200294      5.00      0.00  bash
09:19:25 PM     0    200295      6.00      0.00  bash
09:19:25 PM     0    200296      4.00      0.00  bash
09:19:25 PM     0    200298     99.00      0.00  fio
09:19:25 PM     0    200447      3.00      0.00  kworker/5:1-mm_percpu_wq
09:19:25 PM     0    200794      3.00      0.00  kworker/1:1-events
09:19:25 PM     0    201715      1.00      0.00  sleep
09:19:25 PM     0    201725      1.00      0.00  sleep
09:19:25 PM     0    201727      1.00      0.00  sleep

09:19:25 PM   UID       PID   cswch/s nvcswch/s  Command
09:19:26 PM     0        16      1.00      0.00  ksoftirqd/0
09:19:26 PM     0        17     22.00      0.00  rcu_preempt
09:19:26 PM     0        18      1.00      0.00  migration/0
09:19:26 PM     0        23      1.00      0.00  migration/1
09:19:26 PM     0        24      2.00      0.00  ksoftirqd/1
09:19:26 PM     0        29      1.00      0.00  migration/2
09:19:26 PM     0        35      1.00      0.00  migration/3
09:19:26 PM     0        41      1.00      0.00  migration/4
09:19:26 PM     0        47      1.00      0.00  migration/5
09:19:26 PM     0        53      1.00      0.00  migration/6
09:19:26 PM     0        59      1.00      0.00  migration/7
09:19:26 PM     0        65      1.00      0.00  migration/8
09:19:26 PM     0        71      1.00      0.00  migration/9
09:19:26 PM     0        77      1.00      0.00  migration/10
09:19:26 PM     0        83      1.00      0.00  migration/11
09:19:26 PM     0        95      2.00      0.00  kcompactd0
09:19:26 PM     0       453      1.00      0.00  multipathd
09:19:26 PM     0     88840      2.00      0.00  kworker/u24:1-events_power_efficient
09:19:26 PM     0    179405      1.00      0.00  kworker/6:1-mm_percpu_wq
09:19:26 PM     0    180922      2.00      0.00  kworker/2:0-events
09:19:26 PM     0    182585      1.00      0.00  kworker/8:1-events
09:19:26 PM     0    186631      1.00      0.00  kworker/3:2-events
09:19:26 PM     0    186893      1.00      0.00  kworker/11:0-mm_percpu_wq
09:19:26 PM     0    189255      2.00      0.00  kworker/7:2-events
09:19:26 PM     0    190951      2.00      0.00  kworker/10:0-events
09:19:26 PM     0    197671      2.00      0.00  kworker/0:1-events
09:19:26 PM     0    198142      1.00      0.00  kworker/u24:2-writeback
09:19:26 PM     0    198726      1.00      0.00  kworker/9:0-events
09:19:26 PM     0    199074      1.00      0.00  kworker/4:1-events
09:19:26 PM     0    200292      1.00      0.00  iostat
09:19:26 PM     0    200293      1.00      0.00  pidstat
09:19:26 PM     0    200294      5.00      0.00  bash
09:19:26 PM     0    200295      8.00      0.00  bash
09:19:26 PM     0    200296      4.00      0.00  bash
09:19:26 PM     0    200298    100.00      0.00  fio
09:19:26 PM     0    200447      1.00      0.00  kworker/5:1-events
09:19:26 PM     0    200794      5.00      0.00  kworker/1:1-events
09:19:26 PM     0    201730      1.00      0.00  sleep
09:19:26 PM     0    201741      1.00      0.00  sleep
09:19:26 PM     0    201742      1.00      0.00  sleep

09:19:26 PM   UID       PID   cswch/s nvcswch/s  Command
09:19:27 PM     0         1      1.00      0.00  systemd
09:19:27 PM     0        16      1.00      0.00  ksoftirqd/0
09:19:27 PM     0        17     24.00      0.00  rcu_preempt
09:19:27 PM     0        24      1.00      0.00  ksoftirqd/1
09:19:27 PM     0        48      1.00      0.00  ksoftirqd/5
09:19:27 PM     0        72      1.00      0.00  ksoftirqd/9
09:19:27 PM     0        84      1.00      0.00  ksoftirqd/11
09:19:27 PM     0        95      2.00      0.00  kcompactd0
09:19:27 PM     0       415      1.00      0.00  systemd-journal
09:19:27 PM     0       453      1.00      0.00  multipathd
09:19:27 PM     0       562      3.00      0.00  jbd2/nvme1n1p3-8
09:19:27 PM     0     88840      1.00      0.00  kworker/u24:1-events_power_efficient
09:19:27 PM     0    179405      1.00      0.00  kworker/6:1-mm_percpu_wq
09:19:27 PM     0    186631      2.00      0.00  kworker/3:2-mm_percpu_wq
09:19:27 PM     0    186893      3.00      0.00  kworker/11:0-events
09:19:27 PM     0    189255      2.00      0.00  kworker/7:2-mm_percpu_wq
09:19:27 PM     0    190951      1.00      0.00  kworker/10:0-mm_percpu_wq
09:19:27 PM     0    197671      1.00      0.00  kworker/0:1-mm_percpu_wq
09:19:27 PM     0    198142      1.00      0.00  kworker/u24:2-events_unbound
09:19:27 PM     0    198726      4.00      0.00  kworker/9:0-events
09:19:27 PM     0    199074      2.00      0.00  kworker/4:1-mm_percpu_wq
09:19:27 PM     0    200292      1.00      0.00  iostat
09:19:27 PM     0    200293      1.00      0.00  pidstat
09:19:27 PM     0    200294      5.00      0.00  bash
09:19:27 PM     0    200295      7.00      0.00  bash
09:19:27 PM     0    200296      4.00      0.00  bash
09:19:27 PM     0    200298     99.00      0.00  fio
09:19:27 PM     0    200447      4.00      0.00  kworker/5:1-events
09:19:27 PM     0    200794      3.00      0.00  kworker/1:1-events
09:19:27 PM     0    201745      1.00      0.00  sleep
09:19:27 PM     0    201756      1.00      0.00  sleep
09:19:27 PM     0    201757      1.00      0.00  sleep

09:19:27 PM   UID       PID   cswch/s nvcswch/s  Command
09:19:28 PM     0         2      1.00      0.00  kthreadd
09:19:28 PM     0        17     22.00      0.00  rcu_preempt
09:19:28 PM     0        24      1.00      0.00  ksoftirqd/1
09:19:28 PM     0        36      1.00      0.00  ksoftirqd/3
09:19:28 PM     0        42      1.00      0.00  ksoftirqd/4
09:19:28 PM     0        53      1.00      0.00  migration/6
09:19:28 PM     0        95      2.00      0.00  kcompactd0
09:19:28 PM     0       102      1.00      0.00  irq/9-acpi
09:19:28 PM     0       191      1.00      0.00  kworker/1:1H-kblockd
09:19:28 PM     0       453      1.00      0.00  multipathd
09:19:28 PM     0    159909      2.00      0.00  kworker/6:2-i915-unordered
09:19:28 PM     0    179405      7.00      0.00  kworker/6:1-mm_percpu_wq
09:19:28 PM     0    180922      2.00      0.00  kworker/2:0-events
09:19:28 PM     0    182585      1.00      0.00  kworker/8:1-events
09:19:28 PM     0    186631      3.00      0.00  kworker/3:2-events
09:19:28 PM     0    189255      3.00      0.00  kworker/7:2-events
09:19:28 PM     0    190951      2.00      0.00  kworker/10:0-events
09:19:28 PM     0    197671      1.00      0.00  kworker/0:1-kacpi_notify
09:19:28 PM     0    198142      4.00      0.00  kworker/u24:2-edac-poller
09:19:28 PM     0    198726      1.00      0.00  kworker/9:0-mm_percpu_wq
09:19:28 PM     0    199074      1.00      0.00  kworker/4:1-events
09:19:28 PM     0    200292      1.00      0.00  iostat
09:19:28 PM     0    200293      1.00      0.00  pidstat
09:19:28 PM     0    200294      5.00      0.00  bash
09:19:28 PM     0    200295      7.00      0.00  bash
09:19:28 PM     0    200296      4.00      0.00  bash
09:19:28 PM     0    200298    100.00      0.00  fio
09:19:28 PM     0    200447      1.00      0.00  kworker/5:1-mm_percpu_wq
09:19:28 PM     0    200794      3.00      0.00  kworker/1:1-events
09:19:28 PM     0    201760      1.00      0.00  sleep
09:19:28 PM     0    201768      3.00      0.00  kworker/6:0
09:19:28 PM     0    201772      1.00      0.00  sleep
09:19:28 PM     0    201773      1.00      0.00  sleep

09:19:28 PM   UID       PID   cswch/s nvcswch/s  Command
09:19:29 PM     0        17     21.00      0.00  rcu_preempt
09:19:29 PM     0        24      1.00      0.00  ksoftirqd/1
09:19:29 PM     0        53      1.00      0.00  migration/6
09:19:29 PM     0        60      1.00      0.00  ksoftirqd/7
09:19:29 PM     0        95      2.00      0.00  kcompactd0
09:19:29 PM     0       453      1.00      0.00  multipathd
09:19:29 PM     0     88840      1.00      0.00  kworker/u24:1-events_power_efficient
09:19:29 PM     0    180922      2.00      0.00  kworker/2:0-events
09:19:29 PM     0    186631      2.00      0.00  kworker/3:2-mm_percpu_wq
09:19:29 PM     0    189255      4.00      0.00  kworker/7:2-events
09:19:29 PM     0    190951      1.00      0.00  kworker/10:0-mm_percpu_wq
09:19:29 PM     0    197671      1.00      0.00  kworker/0:1-events
09:19:29 PM     0    198142      1.00      0.00  kworker/u24:2-events_unbound
09:19:29 PM     0    198726      3.00      0.00  kworker/9:0-events
09:19:29 PM     0    199074      3.00      0.00  kworker/4:1-events
09:19:29 PM     0    200292      1.00      0.00  iostat
09:19:29 PM     0    200293      1.00      0.00  pidstat
09:19:29 PM     0    200294      5.00      0.00  bash
09:19:29 PM     0    200295      8.00      0.00  bash
09:19:29 PM     0    200296      4.00      0.00  bash
09:19:29 PM     0    200298     99.00      0.00  fio
09:19:29 PM     0    200447      4.00      0.00  kworker/5:1-events
09:19:29 PM     0    200794      2.00      0.00  kworker/1:1-events
09:19:29 PM     0    201768      1.00      0.00  kworker/6:0-mm_percpu_wq
09:19:29 PM     0    201776      1.00      0.00  sleep
09:19:29 PM     0    201787      1.00      1.00  sleep
09:19:29 PM     0    201788      1.00      0.00  sleep

09:19:29 PM   UID       PID   cswch/s nvcswch/s  Command
09:19:30 PM     0        17     19.00      0.00  rcu_preempt
09:19:30 PM     0        18      1.00      0.00  migration/0
09:19:30 PM     0        23      2.00      0.00  migration/1
09:19:30 PM     0        24      1.00      0.00  ksoftirqd/1
09:19:30 PM     0        29      1.00      0.00  migration/2
09:19:30 PM     0        35      1.00      0.00  migration/3
09:19:30 PM     0        41      1.00      0.00  migration/4
09:19:30 PM     0        42      1.00      0.00  ksoftirqd/4
09:19:30 PM     0        47      1.00      0.00  migration/5
09:19:30 PM     0        53      2.00      0.00  migration/6
09:19:30 PM     0        59      1.00      0.00  migration/7
09:19:30 PM     0        60      2.00      0.00  ksoftirqd/7
09:19:30 PM     0        65      1.00      0.00  migration/8
09:19:30 PM     0        71      1.00      0.00  migration/9
09:19:30 PM     0        72      2.00      0.00  ksoftirqd/9
09:19:30 PM     0        77      2.00      0.00  migration/10
09:19:30 PM     0        83      1.00      0.00  migration/11
09:19:30 PM     0        95      2.00      0.00  kcompactd0
09:19:30 PM     0       453      1.00      0.00  multipathd
09:19:30 PM     0    180922      1.00      0.00  kworker/2:0-events
09:19:30 PM     0    182585      1.00      0.00  kworker/8:1-events
09:19:30 PM     0    186631      1.00      0.00  kworker/3:2-mm_percpu_wq
09:19:30 PM     0    186893      2.00      0.00  kworker/11:0-events
09:19:30 PM     0    189255      4.00      0.00  kworker/7:2-events
09:19:30 PM     0    190951      1.00      0.00  kworker/10:0-mm_percpu_wq
09:19:30 PM     0    197671      1.00      0.00  kworker/0:1-mm_percpu_wq
09:19:30 PM     0    198142      1.00      0.00  kworker/u24:2-edac-poller
09:19:30 PM     0    198726      3.00      0.00  kworker/9:0-events
09:19:30 PM     0    199074      2.00      0.00  kworker/4:1-mm_percpu_wq
09:19:30 PM     0    200292      1.00      0.00  iostat
09:19:30 PM     0    200293      1.00      0.00  pidstat
09:19:30 PM     0    200294      5.00      0.00  bash
09:19:30 PM     0    200295      8.00      0.00  bash
09:19:30 PM     0    200296      4.00      0.00  bash
09:19:30 PM     0    200298    100.00      0.00  fio
09:19:30 PM     0    200447      3.00      0.00  kworker/5:1-events
09:19:30 PM     0    200794      4.00      0.00  kworker/1:1-events
09:19:30 PM     0    201768      1.00      0.00  kworker/6:0-mm_percpu_wq
09:19:30 PM     0    201791      1.00      0.00  sleep
09:19:30 PM     0    201801      1.00      0.00  sleep
09:19:30 PM     0    201803      1.00      0.00  sleep

09:19:30 PM   UID       PID   cswch/s nvcswch/s  Command
09:19:31 PM     0        17     22.00      0.00  rcu_preempt
09:19:31 PM     0        36      1.00      0.00  ksoftirqd/3
09:19:31 PM     0        48      2.00      0.00  ksoftirqd/5
09:19:31 PM     0        54      1.00      0.00  ksoftirqd/6
09:19:31 PM     0        95      2.00      0.00  kcompactd0
09:19:31 PM     0       453      1.00      0.00  multipathd
09:19:31 PM     0     88840      1.00      0.00  kworker/u24:1-events_power_efficient
09:19:31 PM     0    186631      1.00      0.00  kworker/3:2-mm_percpu_wq
09:19:31 PM     0    189255      1.00      0.00  kworker/7:2-mm_percpu_wq
09:19:31 PM     0    190951      1.00      0.00  kworker/10:0-mm_percpu_wq
09:19:31 PM     0    197671      1.00      0.00  kworker/0:1-events
09:19:31 PM     0    198142      1.00      0.00  kworker/u24:2-events_unbound
09:19:31 PM     0    198726      5.00      0.00  kworker/9:0-events
09:19:31 PM     0    199074      2.00      0.00  kworker/4:1-mm_percpu_wq
09:19:31 PM     0    200292      1.00      0.00  iostat
09:19:31 PM     0    200293      1.00      0.00  pidstat
09:19:31 PM     0    200294      5.00      0.00  bash
09:19:31 PM     0    200295      8.00      0.00  bash
09:19:31 PM     0    200296      4.00      0.00  bash
09:19:31 PM     0    200298     99.00      0.00  fio
09:19:31 PM     0    200447      4.00      0.00  kworker/5:1-events
09:19:31 PM     0    200794      2.00      0.00  kworker/1:1-mm_percpu_wq
09:19:31 PM     0    201768      2.00      0.00  kworker/6:0-events
09:19:31 PM     0    201806      1.00      0.00  sleep
09:19:31 PM     0    201816      1.00      0.00  sleep
09:19:31 PM     0    201818      1.00      0.00  sleep

09:19:31 PM   UID       PID   cswch/s nvcswch/s  Command
09:19:32 PM     0        16      1.00      0.00  ksoftirqd/0
09:19:32 PM     0        17     21.00      0.00  rcu_preempt
09:19:32 PM     0        24      1.00      0.00  ksoftirqd/1
09:19:32 PM     0        48      1.00      0.00  ksoftirqd/5
09:19:32 PM     0        60      1.00      0.00  ksoftirqd/7
09:19:32 PM     0        95      2.00      0.00  kcompactd0
09:19:32 PM     0       453      1.00      0.00  multipathd
09:19:32 PM     0       562      3.00      0.00  jbd2/nvme1n1p3-8
09:19:32 PM     0     88840      3.00      0.00  kworker/u24:1-writeback
09:19:32 PM     0    180922      2.00      0.00  kworker/2:0-events
09:19:32 PM     0    182585      1.00      0.00  kworker/8:1-events
09:19:32 PM     0    186631      1.00      0.00  kworker/3:2-mm_percpu_wq
09:19:32 PM     0    189255      4.00      0.00  kworker/7:2-events
09:19:32 PM     0    190951      1.00      0.00  kworker/10:0-mm_percpu_wq
09:19:32 PM     0    197671      3.00      0.00  kworker/0:1-mm_percpu_wq
09:19:32 PM     0    198142      2.00      0.00  kworker/u24:2-events_power_efficient
09:19:32 PM     0    198726      2.00      0.00  kworker/9:0-events
09:19:32 PM     0    199074      2.00      0.00  kworker/4:1-mm_percpu_wq
09:19:32 PM     0    200292      1.00      0.00  iostat
09:19:32 PM     0    200293      1.00      0.00  pidstat
09:19:32 PM     0    200294      5.00      0.00  bash
09:19:32 PM     0    200295      8.00      0.00  bash
09:19:32 PM     0    200296      4.00      0.00  bash
09:19:32 PM     0    200298     99.00      0.00  fio
09:19:32 PM     0    200447      4.00      0.00  kworker/5:1-events
09:19:32 PM     0    200794      5.00      0.00  kworker/1:1-events
09:19:32 PM     0    201768      1.00      0.00  kworker/6:0-mm_percpu_wq
09:19:32 PM     0    201821      1.00      0.00  sleep
09:19:32 PM     0    201832      1.00      0.00  sleep
09:19:32 PM     0    201833      1.00      0.00  sleep

09:19:32 PM   UID       PID   cswch/s nvcswch/s  Command
09:19:33 PM     0        17     21.00      0.00  rcu_preempt
09:19:33 PM     0        24      2.00      1.00  ksoftirqd/1
09:19:33 PM     0        42      1.00      0.00  ksoftirqd/4
09:19:33 PM     0        47      1.00      0.00  migration/5
09:19:33 PM     0        48      2.00      0.00  ksoftirqd/5
09:19:33 PM     0        60      1.00      0.00  ksoftirqd/7
09:19:33 PM     0        72      1.00      0.00  ksoftirqd/9
09:19:33 PM     0        77      1.00      0.00  migration/10
09:19:33 PM     0        84      1.00      0.00  ksoftirqd/11
09:19:33 PM     0        95      2.00      0.00  kcompactd0
09:19:33 PM     0       453      1.00      0.00  multipathd
09:19:33 PM     0     21554      1.00      0.00  packagekitd
09:19:33 PM     0     88840      6.00      0.00  kworker/u24:1-writeback
09:19:33 PM     0    180922      1.00      0.00  kworker/2:0-events
09:19:33 PM     0    186631      1.00      0.00  kworker/3:2-events
09:19:33 PM     0    186893      3.00      0.00  kworker/11:0-events
09:19:33 PM     0    189255      4.00      0.00  kworker/7:2-events
09:19:33 PM     0    190951      1.00      0.00  kworker/10:0-mm_percpu_wq
09:19:33 PM     0    197671      1.00      0.00  kworker/0:1-events
09:19:33 PM     0    198142      1.00      0.00  kworker/u24:2-events_power_efficient
09:19:33 PM     0    198726      4.00      0.00  kworker/9:0-events
09:19:33 PM     0    199074      2.00      0.00  kworker/4:1-mm_percpu_wq
09:19:33 PM     0    200292      1.00      0.00  iostat
09:19:33 PM     0    200293      1.00      0.00  pidstat
09:19:33 PM     0    200294      5.00      0.00  bash
09:19:33 PM     0    200295      7.00      0.00  bash
09:19:33 PM     0    200296      4.00      0.00  bash
09:19:33 PM     0    200298    100.00      0.00  fio
09:19:33 PM     0    200447      2.00      0.00  kworker/5:1-mm_percpu_wq
09:19:33 PM     0    200794      4.00      0.00  kworker/1:1-events
09:19:33 PM     0    201768      1.00      0.00  kworker/6:0-mm_percpu_wq
09:19:33 PM     0    201836      1.00      0.00  sleep
09:19:33 PM     0    201846      1.00      1.00  sleep
09:19:33 PM     0    201848      1.00      0.00  sleep

09:19:33 PM   UID       PID   cswch/s nvcswch/s  Command
09:19:34 PM     0        17     19.00      0.00  rcu_preempt
09:19:34 PM     0        18      1.00      0.00  migration/0
09:19:34 PM     0        23      1.00      0.00  migration/1
09:19:34 PM     0        24      1.00      0.00  ksoftirqd/1
09:19:34 PM     0        29      1.00      0.00  migration/2
09:19:34 PM     0        35      2.00      0.00  migration/3
09:19:34 PM     0        36      1.00      0.00  ksoftirqd/3
09:19:34 PM     0        41      1.00      0.00  migration/4
09:19:34 PM     0        47      1.00      0.00  migration/5
09:19:34 PM     0        53      1.00      0.00  migration/6
09:19:34 PM     0        59      1.00      0.00  migration/7
09:19:34 PM     0        60      1.00      0.00  ksoftirqd/7
09:19:34 PM     0        65      1.00      0.00  migration/8
09:19:34 PM     0        71      1.00      0.00  migration/9
09:19:34 PM     0        77      1.00      0.00  migration/10
09:19:34 PM     0        83      1.00      0.00  migration/11
09:19:34 PM     0        95      2.00      0.00  kcompactd0
09:19:34 PM     0       453      1.00      0.00  multipathd
09:19:34 PM     0     88840      1.00      0.00  kworker/u24:1-edac-poller
09:19:34 PM     0    180922      1.00      0.00  kworker/2:0-events
09:19:34 PM     0    182585      1.00      0.00  kworker/8:1-events
09:19:34 PM     0    186631      3.00      0.00  kworker/3:2-events
09:19:34 PM     0    186893      2.00      0.00  kworker/11:0-events
09:19:34 PM     0    189255      4.00      0.00  kworker/7:2-events
09:19:34 PM     0    190951      1.00      0.00  kworker/10:0-mm_percpu_wq
09:19:34 PM     0    197671      1.00      0.00  kworker/0:1-mm_percpu_wq
09:19:34 PM     0    198726      1.00      0.00  kworker/9:0-mm_percpu_wq
09:19:34 PM     0    199074      1.00      0.00  kworker/4:1-mm_percpu_wq
09:19:34 PM     0    200292      1.00      0.00  iostat
09:19:34 PM     0    200293      1.00      0.00  pidstat
09:19:34 PM     0    200294      5.00      0.00  bash
09:19:34 PM     0    200295      8.00      0.00  bash
09:19:34 PM     0    200296      4.00      0.00  bash
09:19:34 PM     0    200298     99.00      0.00  fio
09:19:34 PM     0    200447      3.00      0.00  kworker/5:1-events
09:19:34 PM     0    200794      4.00      0.00  kworker/1:1-events
09:19:34 PM     0    201768      1.00      0.00  kworker/6:0-mm_percpu_wq
09:19:34 PM     0    201851      1.00      0.00  sleep
09:19:34 PM     0    201862      1.00      0.00  sleep
09:19:34 PM     0    201863      1.00      0.00  sleep

09:19:34 PM   UID       PID   cswch/s nvcswch/s  Command
09:19:35 PM     0        17     16.00      0.00  rcu_preempt
09:19:35 PM     0        36      1.00      0.00  ksoftirqd/3
09:19:35 PM     0        48      1.00      0.00  ksoftirqd/5
09:19:35 PM     0        54      1.00      0.00  ksoftirqd/6
09:19:35 PM     0        60      2.00      0.00  ksoftirqd/7
09:19:35 PM     0        95      2.00      0.00  kcompactd0
09:19:35 PM     0       453      1.00      0.00  multipathd
09:19:35 PM     0     88840      1.00      0.00  kworker/u24:1-edac-poller
09:19:35 PM     0    180922      1.00      0.00  kworker/2:0-events
09:19:35 PM     0    186631      4.00      0.00  kworker/3:2-events
09:19:35 PM     0    186893      2.00      0.00  kworker/11:0-events
09:19:35 PM     0    189255      3.00      0.00  kworker/7:2-events
09:19:35 PM     0    190951      1.00      0.00  kworker/10:0-mm_percpu_wq
09:19:35 PM     0    197671      1.00      0.00  kworker/0:1-events
09:19:35 PM     0    198726      2.00      0.00  kworker/9:0-mm_percpu_wq
09:19:35 PM     0    199074      3.00      0.00  kworker/4:1-events
09:19:35 PM     0    200292      1.00      0.00  iostat
09:19:35 PM     0    200293      1.00      0.00  pidstat
09:19:35 PM     0    200294      5.00      0.00  bash
09:19:35 PM     0    200295      6.00      0.00  bash
09:19:35 PM     0    200296      4.00      0.00  bash
09:19:35 PM     0    200298    100.00      0.00  fio
09:19:35 PM     0    200447      5.00      0.00  kworker/5:1-events
09:19:35 PM     0    200794      3.00      0.00  kworker/1:1-events
09:19:35 PM     0    201768      1.00      0.00  kworker/6:0-mm_percpu_wq
09:19:35 PM     0    201866      1.00      0.00  sleep
09:19:35 PM     0    201876      1.00      0.00  sleep
09:19:35 PM     0    201878      1.00      0.00  sleep

09:19:35 PM   UID       PID   cswch/s nvcswch/s  Command
09:19:36 PM     0        17     17.00      0.00  rcu_preempt
09:19:36 PM     0        24      3.00      0.00  ksoftirqd/1
09:19:36 PM     0        35      2.00      0.00  migration/3
09:19:36 PM     0        36      1.00      0.00  ksoftirqd/3
09:19:36 PM     0        42      1.00      0.00  ksoftirqd/4
09:19:36 PM     0        48      1.00      0.00  ksoftirqd/5
09:19:36 PM     0        53      1.00      0.00  migration/6
09:19:36 PM     0        59      2.00      0.00  migration/7
09:19:36 PM     0        95      2.00      0.00  kcompactd0
09:19:36 PM     0       453      1.00      0.00  multipathd
09:19:36 PM     0     88840      2.00      0.00  kworker/u24:1-edac-poller
09:19:36 PM     0    180922      3.00      0.00  kworker/2:0-events
09:19:36 PM     0    186631      5.00      0.00  kworker/3:2-events
09:19:36 PM     0    189255      2.00      0.00  kworker/7:2-events
09:19:36 PM     0    190951      1.00      0.00  kworker/10:0-mm_percpu_wq
09:19:36 PM     0    197671      2.00      0.00  kworker/0:1-events
09:19:36 PM     0    198726      2.00      0.00  kworker/9:0-events
09:19:36 PM     0    199074      2.00      0.00  kworker/4:1-events
09:19:36 PM     0    200292      1.00      0.00  iostat
09:19:36 PM     0    200293      1.00      0.00  pidstat
09:19:36 PM     0    200294      5.00      0.00  bash
09:19:36 PM     0    200295      7.00      0.00  bash
09:19:36 PM     0    200296      4.00      0.00  bash
09:19:36 PM     0    200298     99.00      0.00  fio
09:19:36 PM     0    200447      2.00      0.00  kworker/5:1-events
09:19:36 PM     0    200794      5.00      0.00  kworker/1:1-events
09:19:36 PM     0    201768      1.00      0.00  kworker/6:0-mm_percpu_wq
09:19:36 PM     0    201881      1.00      0.00  sleep
09:19:36 PM     0    201891      1.00      0.00  sleep
09:19:36 PM     0    201893      1.00      0.00  sleep

09:19:36 PM   UID       PID   cswch/s nvcswch/s  Command
09:19:37 PM     0         1      1.00      0.00  systemd
09:19:37 PM     0        17     25.00      0.00  rcu_preempt
09:19:37 PM     0        24      1.00      0.00  ksoftirqd/1
09:19:37 PM     0        36      1.00      0.00  ksoftirqd/3
09:19:37 PM     0        48      1.00      0.00  ksoftirqd/5
09:19:37 PM     0        72      1.00      0.00  ksoftirqd/9
09:19:37 PM     0        84      1.00      0.00  ksoftirqd/11
09:19:37 PM     0        95      2.00      0.00  kcompactd0
09:19:37 PM     0       453      1.00      0.00  multipathd
09:19:37 PM     0       463      1.00      0.00  systemd-udevd
09:19:37 PM     0       562      3.00      0.00  jbd2/nvme1n1p3-8
09:19:37 PM   104       622      1.00      0.00  systemd-timesyn
09:19:37 PM     0     88840      2.00      0.00  kworker/u24:1-events_power_efficient
09:19:37 PM     0    180922      1.00      0.00  kworker/2:0-events
09:19:37 PM     0    186893      2.00      0.00  kworker/11:0-events
09:19:37 PM     0    189255      1.00      0.00  kworker/7:2-mm_percpu_wq
09:19:37 PM     0    190951      1.00      0.00  kworker/10:0-mm_percpu_wq
09:19:37 PM     0    197671      3.00      0.00  kworker/0:1-events
09:19:37 PM     0    198142      1.00      0.00  kworker/u24:2-events_power_efficient
09:19:37 PM     0    198726      3.00      0.00  kworker/9:0-events
09:19:37 PM     0    199074      3.00      0.00  kworker/4:1-mm_percpu_wq
09:19:37 PM     0    200292      1.00      0.00  iostat
09:19:37 PM     0    200293      1.00      0.00  pidstat
09:19:37 PM     0    200294      5.00      1.00  bash
09:19:37 PM     0    200295      8.00      0.00  bash
09:19:37 PM     0    200296      4.00      0.00  bash
09:19:37 PM     0    200298     99.00      0.00  fio
09:19:37 PM     0    200447      5.00      0.00  kworker/5:1-events
09:19:37 PM     0    200794      4.00      0.00  kworker/1:1-events
09:19:37 PM     0    201768      1.00      0.00  kworker/6:0-mm_percpu_wq
09:19:37 PM     0    201896      1.00      0.00  sleep
09:19:37 PM     0    201907      1.00      0.00  sleep
09:19:37 PM     0    201908      1.00      0.00  sleep

09:19:37 PM   UID       PID   cswch/s nvcswch/s  Command
09:19:38 PM     0        17     22.00      0.00  rcu_preempt
09:19:38 PM     0        18      1.00      0.00  migration/0
09:19:38 PM     0        23      2.00      0.00  migration/1
09:19:38 PM     0        24      1.00      0.00  ksoftirqd/1
09:19:38 PM     0        29      1.00      0.00  migration/2
09:19:38 PM     0        35      1.00      0.00  migration/3
09:19:38 PM     0        41      1.00      0.00  migration/4
09:19:38 PM     0        47      1.00      0.00  migration/5
09:19:38 PM     0        53      1.00      0.00  migration/6
09:19:38 PM     0        54      1.00      0.00  ksoftirqd/6
09:19:38 PM     0        59      1.00      0.00  migration/7
09:19:38 PM     0        60      1.00      0.00  ksoftirqd/7
09:19:38 PM     0        65      1.00      0.00  migration/8
09:19:38 PM     0        71      1.00      0.00  migration/9
09:19:38 PM     0        77      2.00      0.00  migration/10
09:19:38 PM     0        83      1.00      0.00  migration/11
09:19:38 PM     0        84      2.00      0.00  ksoftirqd/11
09:19:38 PM     0        95      2.00      0.00  kcompactd0
09:19:38 PM     0       102      1.00      0.00  irq/9-acpi
09:19:38 PM     0       191      1.00      0.00  kworker/1:1H-kblockd
09:19:38 PM     0       453      1.00      0.00  multipathd
09:19:38 PM     0    179405      1.00      0.00  kworker/6:1+i915-unordered
09:19:38 PM     0    180922      1.00      0.00  kworker/2:0-events
09:19:38 PM     0    186631      2.00      0.00  kworker/3:2-events
09:19:38 PM     0    186893      3.00      0.00  kworker/11:0-events
09:19:38 PM     0    189255      5.00      0.00  kworker/7:2-events
09:19:38 PM     0    190951      1.00      0.00  kworker/10:0-mm_percpu_wq
09:19:38 PM     0    197671      3.00      0.00  kworker/0:1-kacpi_notify
09:19:38 PM     0    198142      2.00      0.00  kworker/u24:2-edac-poller
09:19:38 PM     0    198726      1.00      0.00  kworker/9:0-mm_percpu_wq
09:19:38 PM     0    199074      1.00      0.00  kworker/4:1-mm_percpu_wq
09:19:38 PM     0    200292      1.00      0.00  iostat
09:19:38 PM     0    200293      1.00      0.00  pidstat
09:19:38 PM     0    200294      5.00      0.00  bash
09:19:38 PM     0    200295      7.00      0.00  bash
09:19:38 PM     0    200296      4.00      0.00  bash
09:19:38 PM     0    200298    100.00      0.00  fio
09:19:38 PM     0    200447      1.00      0.00  kworker/5:1-mm_percpu_wq
09:19:38 PM     0    200794      3.00      0.00  kworker/1:1-events
09:19:38 PM     0    201768    656.00      0.00  kworker/6:0+events
09:19:38 PM     0    201911      1.00      0.00  sleep
09:19:38 PM     0    201921      1.00      0.00  sleep
09:19:38 PM     0    201923      1.00      0.00  sleep

09:19:38 PM   UID       PID   cswch/s nvcswch/s  Command
09:19:39 PM     0        17     17.00      0.00  rcu_preempt
09:19:39 PM     0        24      3.00      0.00  ksoftirqd/1
09:19:39 PM     0        36      1.00      0.00  ksoftirqd/3
09:19:39 PM     0        60      1.00      0.00  ksoftirqd/7
09:19:39 PM     0        72      2.00      0.00  ksoftirqd/9
09:19:39 PM     0        95      2.00      0.00  kcompactd0
09:19:39 PM     0       453      1.00      0.00  multipathd
09:19:39 PM     0    179405   1133.00      0.00  kworker/6:1-i915-unordered
09:19:39 PM     0    180922      1.00      0.00  kworker/2:0-events
09:19:39 PM     0    186631      2.00      0.00  kworker/3:2-events
09:19:39 PM     0    186893      2.00      0.00  kworker/11:0-events
09:19:39 PM     0    189255      3.00      0.00  kworker/7:2-events
09:19:39 PM     0    190951      1.00      0.00  kworker/10:0-mm_percpu_wq
09:19:39 PM     0    197671      1.00      0.00  kworker/0:1-mm_percpu_wq
09:19:39 PM     0    198142      5.00      0.00  kworker/u24:2-events_unbound
09:19:39 PM     0    198726      3.00      0.00  kworker/9:0-events
09:19:39 PM     0    199074      2.00      0.00  kworker/4:1-mm_percpu_wq
09:19:39 PM     0    200292      1.00      0.00  iostat
09:19:39 PM     0    200293      1.00      0.00  pidstat
09:19:39 PM     0    200294      5.00      0.00  bash
09:19:39 PM     0    200295      6.00      0.00  bash
09:19:39 PM     0    200296      4.00      0.00  bash
09:19:39 PM     0    200298     99.00      0.00  fio
09:19:39 PM     0    200447      4.00      0.00  kworker/5:1-events
09:19:39 PM     0    200794      5.00      0.00  kworker/1:1-events
09:19:39 PM     0    201768    485.00      1.00  kworker/6:0-mm_percpu_wq
09:19:39 PM     0    201926      1.00      0.00  sleep
09:19:39 PM     0    201937      1.00      0.00  sleep
09:19:39 PM     0    201938      1.00      0.00  sleep

09:19:39 PM   UID       PID   cswch/s nvcswch/s  Command
09:19:40 PM     0        17     21.00      0.00  rcu_preempt
09:19:40 PM     0        24      2.00      0.00  ksoftirqd/1
09:19:40 PM     0        36      1.00      0.00  ksoftirqd/3
09:19:40 PM     0        78      1.00      0.00  ksoftirqd/10
09:19:40 PM     0        84      1.00      0.00  ksoftirqd/11
09:19:40 PM     0        95      2.00      0.00  kcompactd0
09:19:40 PM     0       453      1.00      0.00  multipathd
09:19:40 PM     0     88840      1.00      0.00  kworker/u24:1-events_power_efficient
09:19:40 PM     0    179405      2.00      0.00  kworker/6:1-events
09:19:40 PM     0    180922      3.00      0.00  kworker/2:0-events
09:19:40 PM     0    186631      4.00      0.00  kworker/3:2-events
09:19:40 PM     0    186893      2.00      0.00  kworker/11:0-events
09:19:40 PM     0    189255      3.00      0.00  kworker/7:2-events
09:19:40 PM     0    190951      1.00      0.00  kworker/10:0-mm_percpu_wq
09:19:40 PM     0    197671      1.00      0.00  kworker/0:1-events
09:19:40 PM     0    198142      1.00      0.00  kworker/u24:2-events_unbound
09:19:40 PM     0    198726      2.00      0.00  kworker/9:0-events
09:19:40 PM     0    199074      1.00      0.00  kworker/4:1-mm_percpu_wq
09:19:40 PM     0    200292      1.00      0.00  iostat
09:19:40 PM     0    200293      1.00      0.00  pidstat
09:19:40 PM     0    200294      5.00      0.00  bash
09:19:40 PM     0    200295      6.00      0.00  bash
09:19:40 PM     0    200296      4.00      0.00  bash
09:19:40 PM     0    200298    100.00      0.00  fio
09:19:40 PM     0    200447      1.00      0.00  kworker/5:1-mm_percpu_wq
09:19:40 PM     0    200794      4.00      0.00  kworker/1:1-events
09:19:40 PM     0    201941      1.00      0.00  sleep
09:19:40 PM     0    201952      1.00      0.00  sleep
09:19:40 PM     0    201953      1.00      0.00  sleep

09:19:40 PM   UID       PID   cswch/s nvcswch/s  Command
09:19:41 PM     0        17     20.00      0.00  rcu_preempt
09:19:41 PM     0        23      1.00      0.00  migration/1
09:19:41 PM     0        24      2.00      0.00  ksoftirqd/1
09:19:41 PM     0        36      2.00      0.00  ksoftirqd/3
09:19:41 PM     0        54      1.00      0.00  ksoftirqd/6
09:19:41 PM     0        72      1.00      0.00  ksoftirqd/9
09:19:41 PM     0        95      2.00      0.00  kcompactd0
09:19:41 PM     0       453      1.00      0.00  multipathd
09:19:41 PM     0    179405      2.00      0.00  kworker/6:1-events
09:19:41 PM     0    180922      2.00      0.00  kworker/2:0-events
09:19:41 PM     0    186631      2.00      0.00  kworker/3:2-events
09:19:41 PM     0    186893      3.00      0.00  kworker/11:0-events
09:19:41 PM     0    190951      1.00      0.00  kworker/10:0-mm_percpu_wq
09:19:41 PM     0    197671      1.00      0.00  kworker/0:1-mm_percpu_wq
09:19:41 PM     0    198142      1.00      0.00  kworker/u24:2-edac-poller
09:19:41 PM     0    198726      5.00      0.00  kworker/9:0-events
09:19:41 PM     0    199074      2.00      0.00  kworker/4:1-mm_percpu_wq
09:19:41 PM     0    200292      1.00      0.00  iostat
09:19:41 PM     0    200293      1.00      0.00  pidstat
09:19:41 PM     0    200294      5.00      0.00  bash
09:19:41 PM     0    200295      7.00      1.00  bash
09:19:41 PM     0    200296      4.00      0.00  bash
09:19:41 PM     0    200298     99.00      0.00  fio
09:19:41 PM     0    200447      2.00      0.00  kworker/5:1-mm_percpu_wq
09:19:41 PM     0    200794      2.00      0.00  kworker/1:1-events
09:19:41 PM     0    201956      1.00      0.00  sleep
09:19:41 PM     0    201967      1.00      0.00  sleep
09:19:41 PM     0    201968      1.00      0.00  sleep

09:19:41 PM   UID       PID   cswch/s nvcswch/s  Command
09:19:42 PM     0        17     21.00      0.00  rcu_preempt
09:19:42 PM     0        18      1.00      0.00  migration/0
09:19:42 PM     0        23      2.00      0.00  migration/1
09:19:42 PM     0        24      1.00      0.00  ksoftirqd/1
09:19:42 PM     0        29      1.00      0.00  migration/2
09:19:42 PM     0        35      1.00      0.00  migration/3
09:19:42 PM     0        36      1.00      0.00  ksoftirqd/3
09:19:42 PM     0        41      1.00      0.00  migration/4
09:19:42 PM     0        47      1.00      0.00  migration/5
09:19:42 PM     0        53      1.00      0.00  migration/6
09:19:42 PM     0        59      1.00      0.00  migration/7
09:19:42 PM     0        65      1.00      0.00  migration/8
09:19:42 PM     0        71      1.00      0.00  migration/9
09:19:42 PM     0        72      1.00      0.00  ksoftirqd/9
09:19:42 PM     0        77      1.00      0.00  migration/10
09:19:42 PM     0        78      1.00      0.00  ksoftirqd/10
09:19:42 PM     0        83      1.00      0.00  migration/11
09:19:42 PM     0        95      2.00      0.00  kcompactd0
09:19:42 PM     0       453      1.00      0.00  multipathd
09:19:42 PM     0       562      3.00      0.00  jbd2/nvme1n1p3-8
09:19:42 PM     0     88840      1.00      0.00  kworker/u24:1-events_power_efficient
09:19:42 PM     0    179405      2.00      0.00  kworker/6:1-events
09:19:42 PM     0    180922      1.00      0.00  kworker/2:0-events
09:19:42 PM     0    186631      4.00      0.00  kworker/3:2-events
09:19:42 PM     0    189255      2.00      0.00  kworker/7:2-events
09:19:42 PM     0    190951      1.00      0.00  kworker/10:0-mm_percpu_wq
09:19:42 PM     0    197671      3.00      0.00  kworker/0:1-events
09:19:42 PM     0    198142      3.00      0.00  kworker/u24:2-events_unbound
09:19:42 PM     0    198726      3.00      0.00  kworker/9:0-events
09:19:42 PM     0    199074      2.00      0.00  kworker/4:1-events
09:19:42 PM     0    200292      1.00      0.00  iostat
09:19:42 PM     0    200293      1.00      0.00  pidstat
09:19:42 PM     0    200294      5.00      0.00  bash
09:19:42 PM     0    200295      7.00      0.00  bash
09:19:42 PM     0    200296      4.00      0.00  bash
09:19:42 PM     0    200298     99.00      0.00  fio
09:19:42 PM     0    200447      1.00      0.00  kworker/5:1-mm_percpu_wq
09:19:42 PM     0    200794      4.00      0.00  kworker/1:1-events
09:19:42 PM     0    201971      1.00      0.00  sleep
09:19:42 PM     0    201982      1.00      0.00  sleep
09:19:42 PM     0    201983      1.00      0.00  sleep

09:19:42 PM   UID       PID   cswch/s nvcswch/s  Command
09:19:43 PM     0        16      2.00      0.00  ksoftirqd/0
09:19:43 PM     0        17     19.00      0.00  rcu_preempt
09:19:43 PM     0        72      1.00      0.00  ksoftirqd/9
09:19:43 PM     0        78      1.00      0.00  ksoftirqd/10
09:19:43 PM     0        95      2.00      0.00  kcompactd0
09:19:43 PM     0       453      1.00      0.00  multipathd
09:19:43 PM     0     21554      1.00      0.00  packagekitd
09:19:43 PM     0     88840      1.00      0.00  kworker/u24:1-events_power_efficient
09:19:43 PM     0    179405      2.00      0.00  kworker/6:1-events
09:19:43 PM     0    186631      3.00      0.00  kworker/3:2-events
09:19:43 PM     0    186893      1.00      0.00  kworker/11:0-mm_percpu_wq
09:19:43 PM     0    189255      1.00      0.00  kworker/7:2-events
09:19:43 PM     0    190951      1.00      0.00  kworker/10:0-mm_percpu_wq
09:19:43 PM     0    197671      1.00      0.00  kworker/0:1-mm_percpu_wq
09:19:43 PM     0    198142      2.00      0.00  kworker/u24:2-edac-poller
09:19:43 PM     0    198726      3.00      0.00  kworker/9:0-events
09:19:43 PM     0    199074      2.00      0.00  kworker/4:1-mm_percpu_wq
09:19:43 PM     0    200292      1.00      0.00  iostat
09:19:43 PM     0    200293      1.00      0.00  pidstat
09:19:43 PM     0    200294      5.00      0.00  bash
09:19:43 PM     0    200295      8.00      0.00  bash
09:19:43 PM     0    200296      4.00      0.00  bash
09:19:43 PM     0    200298    100.00      0.00  fio
09:19:43 PM     0    200447      3.00      0.00  kworker/5:1-events
09:19:43 PM     0    200794      3.00      0.00  kworker/1:1-mm_percpu_wq
09:19:43 PM     0    201986      1.00      0.00  sleep
09:19:43 PM     0    201997      1.00      0.00  sleep
09:19:43 PM     0    201998      1.00      0.00  sleep

09:19:43 PM   UID       PID   cswch/s nvcswch/s  Command
09:19:44 PM     0        17     21.00      0.00  rcu_preempt
09:19:44 PM     0        42      1.00      0.00  ksoftirqd/4
09:19:44 PM     0        72      1.00      0.00  ksoftirqd/9
09:19:44 PM     0        77      1.00      0.00  migration/10
09:19:44 PM     0        95      2.00      0.00  kcompactd0
09:19:44 PM     0       453      1.00      0.00  multipathd
09:19:44 PM     0     88840      1.00      0.00  kworker/u24:1-events_power_efficient
09:19:44 PM     0    179405      1.00      0.00  kworker/6:1-mm_percpu_wq
09:19:44 PM     0    180922      2.00      0.00  kworker/2:0-events
09:19:44 PM     0    186631      2.00      0.00  kworker/3:2-events
09:19:44 PM     0    186893      1.00      0.00  kworker/11:0-events
09:19:44 PM     0    189255      4.00      0.00  kworker/7:2-events
09:19:44 PM     0    197671      1.00      0.00  kworker/0:1-events
09:19:44 PM     0    198142      3.00      0.00  kworker/u24:2-ext4-rsv-conversion
09:19:44 PM     0    198726      4.00      0.00  kworker/9:0-events
09:19:44 PM     0    199074      2.00      0.00  kworker/4:1-mm_percpu_wq
09:19:44 PM     0    200292      1.00      0.00  iostat
09:19:44 PM     0    200293      1.00      0.00  pidstat
09:19:44 PM     0    200294      5.00      0.00  bash
09:19:44 PM     0    200295      7.00      0.00  bash
09:19:44 PM     0    200296      4.00      0.00  bash
09:19:44 PM     0    200298     99.00      0.00  fio
09:19:44 PM     0    200447      1.00      0.00  kworker/5:1-mm_percpu_wq
09:19:44 PM     0    200794      3.00      0.00  kworker/1:1-events
09:19:44 PM     0    202001      1.00      0.00  sleep
09:19:44 PM     0    202011      1.00      1.00  sleep
09:19:44 PM     0    202013      1.00      0.00  sleep

09:19:44 PM   UID       PID   cswch/s nvcswch/s  Command
09:19:45 PM     0        17     20.00      0.00  rcu_preempt
09:19:45 PM     0        42      1.00      0.00  ksoftirqd/4
09:19:45 PM     0        54      1.00      0.00  ksoftirqd/6
09:19:45 PM     0        72      1.00      0.00  ksoftirqd/9
09:19:45 PM     0        95      1.00      0.00  kcompactd0
09:19:45 PM     0       113      1.00      0.00  kworker/5:1H-kblockd
09:19:45 PM     0       453      1.00      0.00  multipathd
09:19:45 PM     0    180922      2.00      0.00  kworker/2:0-events
09:19:45 PM     0    186631      3.00      0.00  kworker/3:2-events
09:19:45 PM     0    186893      2.00      0.00  kworker/11:0-events
09:19:45 PM     0    189255      2.00      0.00  kworker/7:2-events
09:19:45 PM     0    190951      4.00      0.00  kworker/10:0-events
09:19:45 PM     0    197671      1.00      0.00  kworker/0:1-mm_percpu_wq
09:19:45 PM     0    198142      3.00      0.00  kworker/u24:2-edac-poller
09:19:45 PM     0    198726      4.00      0.00  kworker/9:0-events
09:19:45 PM     0    199074      4.00      0.00  kworker/4:1-events
09:19:45 PM     0    200292      1.00      0.00  iostat
09:19:45 PM     0    200293      1.00      0.00  pidstat
09:19:45 PM     0    200294      5.00      0.00  bash
09:19:45 PM     0    200295      7.00      0.00  bash
09:19:45 PM     0    200296      4.00      0.00  bash
09:19:45 PM     0    200298    100.00      0.00  fio
09:19:45 PM     0    200447      2.00      0.00  kworker/5:1-mm_percpu_wq
09:19:45 PM     0    200794      3.00      0.00  kworker/1:1-events
09:19:45 PM     0    202016      1.00      0.00  sleep
09:19:45 PM     0    202026      1.00      0.00  sleep
09:19:45 PM     0    202028      1.00      0.00  sleep

09:19:45 PM   UID       PID   cswch/s nvcswch/s  Command
09:19:46 PM     0        17     19.00      0.00  rcu_preempt
09:19:46 PM     0        18      1.00      0.00  migration/0
09:19:46 PM     0        23      1.00      0.00  migration/1
09:19:46 PM     0        29      1.00      0.00  migration/2
09:19:46 PM     0        35      1.00      0.00  migration/3
09:19:46 PM     0        36      1.00      0.00  ksoftirqd/3
09:19:46 PM     0        41      1.00      0.00  migration/4
09:19:46 PM     0        47      1.00      0.00  migration/5
09:19:46 PM     0        53      1.00      0.00  migration/6
09:19:46 PM     0        54      1.00      0.00  ksoftirqd/6
09:19:46 PM     0        59      1.00      0.00  migration/7
09:19:46 PM     0        65      1.00      0.00  migration/8
09:19:46 PM     0        71      1.00      0.00  migration/9
09:19:46 PM     0        77      1.00      0.00  migration/10
09:19:46 PM     0        78      1.00      0.00  ksoftirqd/10
09:19:46 PM     0        83      1.00      0.00  migration/11
09:19:46 PM     0        95      2.00      0.00  kcompactd0
09:19:46 PM     0       453      1.00      0.00  multipathd
09:19:46 PM   101       608      1.00      0.00  systemd-network
09:19:46 PM     0     88840      1.00      0.00  kworker/u24:1-events_power_efficient
09:19:46 PM     0    179405      2.00      0.00  kworker/6:1-events
09:19:46 PM     0    180922      2.00      0.00  kworker/2:0-events
09:19:46 PM     0    186631      3.00      0.00  kworker/3:2-events
09:19:46 PM     0    189255      3.00      0.00  kworker/7:2-events
09:19:46 PM     0    190951      2.00      0.00  kworker/10:0-events
09:19:46 PM     0    197671      1.00      0.00  kworker/0:1-events
09:19:46 PM     0    198142      1.00      0.00  kworker/u24:2-events_unbound
09:19:46 PM     0    198726      2.00      0.00  kworker/9:0-events
09:19:46 PM     0    199074      2.00      0.00  kworker/4:1-events
09:19:46 PM     0    200292      1.00      0.00  iostat
09:19:46 PM     0    200293      1.00      0.00  pidstat
09:19:46 PM     0    200294      5.00      0.00  bash
09:19:46 PM     0    200295      8.00      0.00  bash
09:19:46 PM     0    200296      4.00      0.00  bash
09:19:46 PM     0    200298     99.00      0.00  fio
09:19:46 PM     0    200794      1.00      0.00  kworker/1:1-events
09:19:46 PM     0    202031      1.00      0.00  sleep
09:19:46 PM     0    202042      1.00      0.00  sleep
09:19:46 PM     0    202043      1.00      0.00  sleep

09:19:46 PM   UID       PID   cswch/s nvcswch/s  Command
09:19:47 PM     0        17     19.00      0.00  rcu_preempt
09:19:47 PM     0        36      1.00      0.00  ksoftirqd/3
09:19:47 PM     0        48      1.00      0.00  ksoftirqd/5
09:19:47 PM     0        60      1.00      0.00  ksoftirqd/7
09:19:47 PM     0        77      1.00      0.00  migration/10
09:19:47 PM     0        83      1.00      0.00  migration/11
09:19:47 PM     0        95      2.00      0.00  kcompactd0
09:19:47 PM     0       453      1.00      0.00  multipathd
09:19:47 PM     0       562      3.00      0.00  jbd2/nvme1n1p3-8
09:19:47 PM     0     88840      2.00      0.00  kworker/u24:1-edac-poller
09:19:47 PM     0    186631      3.00      0.00  kworker/3:2-events
09:19:47 PM     0    189255      3.00      0.00  kworker/7:2-mm_percpu_wq
09:19:47 PM     0    190951      2.00      0.00  kworker/10:0-events
09:19:47 PM     0    197671      1.00      0.00  kworker/0:1-events
09:19:47 PM     0    198142      1.00      0.00  kworker/u24:2-events_power_efficient
09:19:47 PM     0    198726      2.00      0.00  kworker/9:0-events
09:19:47 PM     0    199074      3.00      0.00  kworker/4:1-mm_percpu_wq
09:19:47 PM     0    200292      1.00      0.00  iostat
09:19:47 PM     0    200293      1.00      0.00  pidstat
09:19:47 PM     0    200294      5.00      0.00  bash
09:19:47 PM     0    200295      6.00      0.00  bash
09:19:47 PM     0    200296      4.00      0.00  bash
09:19:47 PM     0    200298     99.00      0.00  fio
09:19:47 PM     0    200447      3.00      0.00  kworker/5:1-events
09:19:47 PM     0    202046      1.00      0.00  sleep
09:19:47 PM     0    202056      1.00      0.00  sleep
09:19:47 PM     0    202058      1.00      0.00  sleep

09:19:47 PM   UID       PID   cswch/s nvcswch/s  Command
09:19:48 PM     0        17     20.00      0.00  rcu_preempt
09:19:48 PM     0        23      1.00      0.00  migration/1
09:19:48 PM     0        60      2.00      0.00  ksoftirqd/7
09:19:48 PM     0        83      1.00      0.00  migration/11
09:19:48 PM     0        95      2.00      0.00  kcompactd0
09:19:48 PM     0       453      1.00      0.00  multipathd
09:19:48 PM     0     88840      1.00      0.00  kworker/u24:1-events_power_efficient
09:19:48 PM     0    179405      1.00      0.00  kworker/6:1-mm_percpu_wq
09:19:48 PM     0    180922      2.00      0.00  kworker/2:0-events
09:19:48 PM     0    182585      1.00      0.00  kworker/8:1-events
09:19:48 PM     0    186631      3.00      0.00  kworker/3:2-events
09:19:48 PM     0    186893      1.00      0.00  kworker/11:0-mm_percpu_wq
09:19:48 PM     0    189255      2.00      0.00  kworker/7:2-events
09:19:48 PM     0    190951      1.00      0.00  kworker/10:0-events
09:19:48 PM     0    197671      3.00      0.00  kworker/0:1-events
09:19:48 PM     0    198142      2.00      0.00  kworker/u24:2-edac-poller
09:19:48 PM     0    198726      1.00      0.00  kworker/9:0-mm_percpu_wq
09:19:48 PM     0    199074      1.00      0.00  kworker/4:1-events
09:19:48 PM     0    200292      1.00      0.00  iostat
09:19:48 PM     0    200293      1.00      0.00  pidstat
09:19:48 PM     0    200294      5.00      0.00  bash
09:19:48 PM     0    200295      8.00      0.00  bash
09:19:48 PM     0    200296      4.00      0.00  bash
09:19:48 PM     0    200298    100.00      0.00  fio
09:19:48 PM     0    200794      2.00      0.00  kworker/1:1-events
09:19:48 PM     0    202061      1.00      0.00  sleep
09:19:48 PM     0    202072      1.00      0.00  sleep
09:19:48 PM     0    202073      1.00      0.00  sleep

09:19:48 PM   UID       PID   cswch/s nvcswch/s  Command
09:19:49 PM     0        17     22.00      0.00  rcu_preempt
09:19:49 PM     0        48      1.00      0.00  ksoftirqd/5
09:19:49 PM     0        60      2.00      0.00  ksoftirqd/7
09:19:49 PM     0        95      2.00      0.00  kcompactd0
09:19:49 PM     0       453      1.00      0.00  multipathd
09:19:49 PM     0    179405      1.00      0.00  kworker/6:1-events
09:19:49 PM     0    180922      2.00      0.00  kworker/2:0-events
09:19:49 PM     0    186631      2.00      0.00  kworker/3:2-mm_percpu_wq
09:19:49 PM     0    189255      4.00      0.00  kworker/7:2-events
09:19:49 PM     0    190951      2.00      0.00  kworker/10:0-events
09:19:49 PM     0    197671      1.00      0.00  kworker/0:1-mm_percpu_wq
09:19:49 PM     0    198142      2.00      0.00  kworker/u24:2-edac-poller
09:19:49 PM     0    199074      3.00      0.00  kworker/4:1-mm_percpu_wq
09:19:49 PM     0    200292      1.00      0.00  iostat
09:19:49 PM     0    200293      1.00      0.00  pidstat
09:19:49 PM     0    200294      5.00      0.00  bash
09:19:49 PM     0    200295      7.00      0.00  bash
09:19:49 PM     0    200296      4.00      0.00  bash
09:19:49 PM     0    200298     99.00      0.00  fio
09:19:49 PM     0    200447      1.00      0.00  kworker/5:1-mm_percpu_wq
09:19:49 PM     0    200794      3.00      0.00  kworker/1:1-events
09:19:49 PM     0    202076      1.00      0.00  sleep
09:19:49 PM     0    202086      1.00      0.00  sleep
09:19:49 PM     0    202088      1.00      0.00  sleep

09:19:49 PM   UID       PID   cswch/s nvcswch/s  Command
09:19:50 PM     0        17     19.00      0.00  rcu_preempt
09:19:50 PM     0        18      1.00      0.00  migration/0
09:19:50 PM     0        23      1.00      0.00  migration/1
09:19:50 PM     0        29      1.00      0.00  migration/2
09:19:50 PM     0        35      1.00      0.00  migration/3
09:19:50 PM     0        41      1.00      0.00  migration/4
09:19:50 PM     0        47      1.00      0.00  migration/5
09:19:50 PM     0        48      1.00      0.00  ksoftirqd/5
09:19:50 PM     0        53      1.00      0.00  migration/6
09:19:50 PM     0        59      1.00      0.00  migration/7
09:19:50 PM     0        60      1.00      0.00  ksoftirqd/7
09:19:50 PM     0        65      1.00      0.00  migration/8
09:19:50 PM     0        71      1.00      0.00  migration/9
09:19:50 PM     0        72      1.00      0.00  ksoftirqd/9
09:19:50 PM     0        77      1.00      0.00  migration/10
09:19:50 PM     0        83      1.00      0.00  migration/11
09:19:50 PM     0        95      2.00      0.00  kcompactd0
09:19:50 PM     0       453      1.00      0.00  multipathd
09:19:50 PM     0    179405      1.00      0.00  kworker/6:1-mm_percpu_wq
09:19:50 PM     0    180922      1.00      0.00  kworker/2:0-events
09:19:50 PM     0    186631      3.00      0.00  kworker/3:2-events
09:19:50 PM     0    189255      3.00      0.00  kworker/7:2-events
09:19:50 PM     0    197671      1.00      0.00  kworker/0:1-events
09:19:50 PM     0    198142      4.00      0.00  kworker/u24:2-edac-poller
09:19:50 PM     0    198726      1.00      0.00  kworker/9:0-mm_percpu_wq
09:19:50 PM     0    199074      2.00      0.00  kworker/4:1-events
09:19:50 PM     0    200292      1.00      0.00  iostat
09:19:50 PM     0    200293      1.00      0.00  pidstat
09:19:50 PM     0    200294      5.00      0.00  bash
09:19:50 PM     0    200295      8.00      0.00  bash
09:19:50 PM     0    200296      4.00      0.00  bash
09:19:50 PM     0    200298    100.00      0.00  fio
09:19:50 PM     0    200447      3.00      0.00  kworker/5:1-events
09:19:50 PM     0    200794      2.00      0.00  kworker/1:1-events
09:19:50 PM     0    202091      1.00      0.00  sleep
09:19:50 PM     0    202101      1.00      0.00  sleep
09:19:50 PM     0    202103      1.00      0.00  sleep

09:19:50 PM   UID       PID   cswch/s nvcswch/s  Command
09:19:51 PM     0        17     24.00      0.00  rcu_preempt
09:19:51 PM     0        24      1.00      0.00  ksoftirqd/1
09:19:51 PM     0        60      2.00      0.00  ksoftirqd/7
09:19:51 PM     0        84      1.00      0.00  ksoftirqd/11
09:19:51 PM     0        95      2.00      0.00  kcompactd0
09:19:51 PM     0       453      1.00      0.00  multipathd
09:19:51 PM     0    180922      1.00      0.00  kworker/2:0-events
09:19:51 PM     0    186631      3.00      0.00  kworker/3:2-events
09:19:51 PM     0    186893      2.00      0.00  kworker/11:0-events
09:19:51 PM     0    189255      4.00      0.00  kworker/7:2-events
09:19:51 PM     0    190951      1.00      0.00  kworker/10:0-mm_percpu_wq
09:19:51 PM     0    197671      1.00      0.00  kworker/0:1-mm_percpu_wq
09:19:51 PM     0    198142      2.00      0.00  kworker/u24:2-edac-poller
09:19:51 PM     0    199074      4.00      0.00  kworker/4:1-events
09:19:51 PM     0    200292      1.00      0.00  iostat
09:19:51 PM     0    200293      1.00      0.00  pidstat
09:19:51 PM     0    200294      5.00      0.00  bash
09:19:51 PM     0    200295      8.00      0.00  bash
09:19:51 PM     0    200296      4.00      0.00  bash
09:19:51 PM     0    200298     99.00      0.00  fio
09:19:51 PM     0    200447      4.00      0.00  kworker/5:1-events
09:19:51 PM     0    200794      2.00      0.00  kworker/1:1-events
09:19:51 PM     0    202106      1.00      0.00  sleep
09:19:51 PM     0    202117      1.00      0.00  sleep
09:19:51 PM     0    202118      1.00      0.00  sleep

09:19:51 PM   UID       PID   cswch/s nvcswch/s  Command
09:19:52 PM     0        16      1.00      0.00  ksoftirqd/0
09:19:52 PM     0        17     22.00      0.00  rcu_preempt
09:19:52 PM     0        53      1.00      0.00  migration/6
09:19:52 PM     0        60      1.00      0.00  ksoftirqd/7
09:19:52 PM     0        95      2.00      0.00  kcompactd0
09:19:52 PM     0       102      1.00      0.00  irq/9-acpi
09:19:52 PM     0       453      1.00      0.00  multipathd
09:19:52 PM     0       562      3.00      0.00  jbd2/nvme1n1p3-8
09:19:52 PM     0    143435      1.00      0.00  kworker/5:0-i915-unordered
09:19:52 PM     0    179405      1.00      0.00  kworker/6:1-mm_percpu_wq
09:19:52 PM     0    180922      2.00      0.00  kworker/2:0-events
09:19:52 PM     0    186631      2.00      0.00  kworker/3:2-events
09:19:52 PM     0    186893      1.00      0.00  kworker/11:0-events
09:19:52 PM     0    189255      5.00      0.00  kworker/7:2-events
09:19:52 PM     0    190951      1.00      0.00  kworker/10:0-events
09:19:52 PM     0    197671      2.00      0.00  kworker/0:1-events
09:19:52 PM     0    198142      3.00      0.00  kworker/u24:2-edac-poller
09:19:52 PM     0    198726      1.00      0.00  kworker/9:0-mm_percpu_wq
09:19:52 PM     0    199074      2.00      0.00  kworker/4:1-events
09:19:52 PM     0    200292      1.00      0.00  iostat
09:19:52 PM     0    200293      1.00      0.00  pidstat
09:19:52 PM     0    200294      5.00      0.00  bash
09:19:52 PM     0    200295      6.00      0.00  bash
09:19:52 PM     0    200296      4.00      0.00  bash
09:19:52 PM     0    200298     99.00      0.00  fio
09:19:52 PM     0    200447      7.00      0.00  kworker/5:1-pm
09:19:52 PM     0    200794      1.00      0.00  kworker/1:1-events
09:19:52 PM     0    202121      1.00      0.00  sleep
09:19:52 PM     0    202131      1.00      0.00  sleep
09:19:52 PM     0    202133      1.00      0.00  sleep

09:19:52 PM   UID       PID   cswch/s nvcswch/s  Command
09:19:53 PM     0        16      1.00      0.00  ksoftirqd/0
09:19:53 PM     0        17     22.00      0.00  rcu_preempt
09:19:53 PM     0        36      1.00      0.00  ksoftirqd/3
09:19:53 PM     0        42      3.00      0.00  ksoftirqd/4
09:19:53 PM     0        78      1.00      0.00  ksoftirqd/10
09:19:53 PM     0        95      2.00      0.00  kcompactd0
09:19:53 PM     0       191      1.00      0.00  kworker/1:1H-kblockd
09:19:53 PM     0       453      1.00      0.00  multipathd
09:19:53 PM     0     21554      1.00      0.00  packagekitd
09:19:53 PM     0     88840      3.00      0.00  kworker/u24:1-edac-poller
09:19:53 PM     0    179405      1.00      0.00  kworker/6:1-events
09:19:53 PM     0    180922      2.00      0.00  kworker/2:0-events
09:19:53 PM     0    182585      1.00      0.00  kworker/8:1-mm_percpu_wq
09:19:53 PM     0    186631      4.00      0.00  kworker/3:2-events
09:19:53 PM     0    186893      1.00      0.00  kworker/11:0-mm_percpu_wq
09:19:53 PM     0    189255      2.00      0.00  kworker/7:2-mm_percpu_wq
09:19:53 PM     0    190951      2.00      0.00  kworker/10:0-events
09:19:53 PM     0    197671      2.00      0.00  kworker/0:1-events
09:19:53 PM     0    198142      1.00      0.00  kworker/u24:2-events_power_efficient
09:19:53 PM     0    198726      1.00      0.00  kworker/9:0-mm_percpu_wq
09:19:53 PM     0    199074      2.00      0.00  kworker/4:1-mm_percpu_wq
09:19:53 PM     0    200292      1.00      0.00  iostat
09:19:53 PM     0    200293      1.00      0.00  pidstat
09:19:53 PM     0    200294      5.00      0.00  bash
09:19:53 PM     0    200295      7.00      0.00  bash
09:19:53 PM     0    200296      4.00      0.00  bash
09:19:53 PM     0    200298    100.00      0.00  fio
09:19:53 PM     0    200794      3.00      0.00  kworker/1:1-events
09:19:53 PM     0    202136      1.00      0.00  sleep
09:19:53 PM     0    202146      1.00      0.00  sleep
09:19:53 PM     0    202148      1.00      0.00  sleep

09:19:53 PM   UID       PID   cswch/s nvcswch/s  Command
09:19:54 PM     0        17     16.00      0.00  rcu_preempt
09:19:54 PM     0        18      1.00      0.00  migration/0
09:19:54 PM     0        23      1.00      0.00  migration/1
09:19:54 PM     0        24      2.00      0.00  ksoftirqd/1
09:19:54 PM     0        29      1.00      0.00  migration/2
09:19:54 PM     0        35      1.00      0.00  migration/3
09:19:54 PM     0        41      1.00      0.00  migration/4
09:19:54 PM     0        47      1.00      0.00  migration/5
09:19:54 PM     0        53      1.00      0.00  migration/6
09:19:54 PM     0        59      1.00      0.00  migration/7
09:19:54 PM     0        65      1.00      0.00  migration/8
09:19:54 PM     0        71      1.00      0.00  migration/9
09:19:54 PM     0        77      1.00      0.00  migration/10
09:19:54 PM     0        78      1.00      0.00  ksoftirqd/10
09:19:54 PM     0        83      1.00      0.00  migration/11
09:19:54 PM     0        84      1.00      0.00  ksoftirqd/11
09:19:54 PM     0        95      2.00      0.00  kcompactd0
09:19:54 PM     0       453      1.00      0.00  multipathd
09:19:54 PM   101       608      2.00      0.00  systemd-network
09:19:54 PM     0     88840      1.00      0.00  kworker/u24:1-edac-poller
09:19:54 PM     0    179405      2.00      0.00  kworker/6:1-events
09:19:54 PM     0    180922      1.00      0.00  kworker/2:0-events
09:19:54 PM     0    186631      2.00      0.00  kworker/3:2-events
09:19:54 PM     0    186893      1.00      0.00  kworker/11:0-events
09:19:54 PM     0    189255      1.00      0.00  kworker/7:2-events
09:19:54 PM     0    190951      1.00      0.00  kworker/10:0-mm_percpu_wq
09:19:54 PM     0    197671      1.00      0.00  kworker/0:1-events
09:19:54 PM     0    198726      2.00      0.00  kworker/9:0-events
09:19:54 PM     0    199074      2.00      0.00  kworker/4:1-events
09:19:54 PM     0    200292      1.00      0.00  iostat
09:19:54 PM     0    200293      1.00      0.00  pidstat
09:19:54 PM     0    200294      5.00      0.00  bash
09:19:54 PM     0    200295      7.00      0.00  bash
09:19:54 PM     0    200296      4.00      0.00  bash
09:19:54 PM     0    200298     99.00      0.00  fio
09:19:54 PM     0    200447      2.00      0.00  kworker/5:1-events
09:19:54 PM     0    200794      3.00      0.00  kworker/1:1-events
09:19:54 PM     0    202151      1.00      0.00  sleep
09:19:54 PM     0    202161      1.00      0.00  sleep
09:19:54 PM     0    202163      1.00      0.00  sleep

09:19:54 PM   UID       PID   cswch/s nvcswch/s  Command
09:19:55 PM     0        16      1.00      0.00  ksoftirqd/0
09:19:55 PM     0        17     21.00      0.00  rcu_preempt
09:19:55 PM     0        54      1.00      0.00  ksoftirqd/6
09:19:55 PM     0        72      1.00      0.00  ksoftirqd/9
09:19:55 PM     0        78      1.00      0.00  ksoftirqd/10
09:19:55 PM     0        83      1.00      0.00  migration/11
09:19:55 PM     0        95      2.00      0.00  kcompactd0
09:19:55 PM     0       453      1.00      0.00  multipathd
09:19:55 PM     0     88840      5.00      0.00  kworker/u24:1-edac-poller
09:19:55 PM     0    179405      1.00      0.00  kworker/6:1-events
09:19:55 PM     0    180922      3.00      0.00  kworker/2:0-events
09:19:55 PM     0    182585      1.00      0.00  kworker/8:1-mm_percpu_wq
09:19:55 PM     0    186631      2.00      0.00  kworker/3:2-mm_percpu_wq
09:19:55 PM     0    186893      1.00      0.00  kworker/11:0-mm_percpu_wq
09:19:55 PM     0    189255      1.00      0.00  kworker/7:2-mm_percpu_wq
09:19:55 PM     0    197671      1.00      0.00  kworker/0:1-mm_percpu_wq
09:19:55 PM     0    198726      4.00      0.00  kworker/9:0-events
09:19:55 PM     0    199074      4.00      0.00  kworker/4:1-events
09:19:55 PM     0    200292      1.00      0.00  iostat
09:19:55 PM     0    200293      1.00      0.00  pidstat
09:19:55 PM     0    200294      5.00      0.00  bash
09:19:55 PM     0    200295      8.00      0.00  bash
09:19:55 PM     0    200296      4.00      0.00  bash
09:19:55 PM     0    200298    100.00      0.00  fio
09:19:55 PM     0    200447      1.00      0.00  kworker/5:1-events
09:19:55 PM     0    200794      3.00      0.00  kworker/1:1-events
09:19:55 PM     0    202166      1.00      0.00  sleep
09:19:55 PM     0    202176      1.00      0.00  sleep
09:19:55 PM     0    202178      1.00      0.00  sleep
