Linux 6.8.0-124-generic (cassandra-waf-rig) 	07/08/2026 	_x86_64_	(12 CPU)

08:19:15 PM   UID       PID   cswch/s nvcswch/s  Command
08:19:16 PM     0         1      2.97      0.00  systemd
08:19:16 PM     0        17     49.50      0.00  rcu_preempt
08:19:16 PM     0        24      3.96      0.00  ksoftirqd/1
08:19:16 PM     0        29      3.96      0.00  migration/2
08:19:16 PM     0        30      3.96      0.00  ksoftirqd/2
08:19:16 PM     0        36      4.95      0.00  ksoftirqd/3
08:19:16 PM     0        42      1.98      0.00  ksoftirqd/4
08:19:16 PM     0        47      0.99      0.00  migration/5
08:19:16 PM     0        48      2.97      0.00  ksoftirqd/5
08:19:16 PM     0        54      1.98      0.00  ksoftirqd/6
08:19:16 PM     0        59      0.99      0.00  migration/7
08:19:16 PM     0        60      0.99      0.00  ksoftirqd/7
08:19:16 PM     0        66      2.97      0.00  ksoftirqd/8
08:19:16 PM     0        71      1.98      0.00  migration/9
08:19:16 PM     0        77      4.95      0.00  migration/10
08:19:16 PM     0        78      0.99      0.00  ksoftirqd/10
08:19:16 PM     0        83      0.99      0.00  migration/11
08:19:16 PM     0        95      1.98      0.00  kcompactd0
08:19:16 PM     0       187      0.99      0.00  kworker/0:1H-kblockd
08:19:16 PM     0       415      5.94      0.00  systemd-journal
08:19:16 PM     0       453      0.99      0.00  multipathd
08:19:16 PM     0       773      2.97      0.00  sshd
08:19:16 PM     0     88171      1.98      0.00  kworker/u24:55-edac-poller
08:19:16 PM     0     88759      3.96      0.00  kworker/2:1-events
08:19:16 PM     0     98256      0.99      0.00  kworker/u24:2-events_power_efficient
08:19:16 PM     0    112707      1.98      0.00  kworker/3:0-mm_percpu_wq
08:19:16 PM     0    118120      1.98      0.00  kworker/9:2-mm_percpu_wq
08:19:16 PM     0    123430      2.97      0.00  kworker/6:0-events
08:19:16 PM     0    132616      0.99      0.00  kworker/7:0-events
08:19:16 PM     0    133744      4.95      0.00  kworker/4:1-events
08:19:16 PM     0    137207      2.97      0.00  kworker/0:2-mm_percpu_wq
08:19:16 PM     0    140699      3.96      0.00  kworker/1:0-events
08:19:16 PM     0    143435      0.99      0.00  kworker/5:0-mm_percpu_wq
08:19:16 PM     0    143767      3.96      0.00  kworker/8:0-events
08:19:16 PM     0    146022      1.98      0.00  kworker/11:1-events
08:19:16 PM     0    147677      3.96      0.00  kworker/10:1-mm_percpu_wq
08:19:16 PM     0    149033      0.99      0.00  iostat
08:19:16 PM     0    149034      0.99      0.00  pidstat
08:19:16 PM     0    149035      4.95      0.00  bash
08:19:16 PM     0    149036      7.92      0.00  bash
08:19:16 PM     0    149037      3.96      0.00  bash
08:19:16 PM     0    149039    245.54      1.98  fio
08:19:16 PM     0    149121      0.99      0.99  sleep

08:19:16 PM   UID       PID   cswch/s nvcswch/s  Command
08:19:17 PM     0        16      2.00      0.00  ksoftirqd/0
08:19:17 PM     0        17     12.00      0.00  rcu_preempt
08:19:17 PM     0        23      1.00      0.00  migration/1
08:19:17 PM     0        24      1.00      0.00  ksoftirqd/1
08:19:17 PM     0        29      3.00      0.00  migration/2
08:19:17 PM     0        30      1.00      0.00  ksoftirqd/2
08:19:17 PM     0        36      4.00      0.00  ksoftirqd/3
08:19:17 PM     0        41      1.00      0.00  migration/4
08:19:17 PM     0        42      2.00      0.00  ksoftirqd/4
08:19:17 PM     0        47      1.00      0.00  migration/5
08:19:17 PM     0        48      4.00      0.00  ksoftirqd/5
08:19:17 PM     0        54      1.00      0.00  ksoftirqd/6
08:19:17 PM     0        60      3.00      0.00  ksoftirqd/7
08:19:17 PM     0        65      1.00      0.00  migration/8
08:19:17 PM     0        66      3.00      0.00  ksoftirqd/8
08:19:17 PM     0        71      1.00      0.00  migration/9
08:19:17 PM     0        72      3.00      0.00  ksoftirqd/9
08:19:17 PM     0        78      1.00      0.00  ksoftirqd/10
08:19:17 PM     0        83      1.00      0.00  migration/11
08:19:17 PM     0        84      4.00      0.00  ksoftirqd/11
08:19:17 PM     0        95      2.00      0.00  kcompactd0
08:19:17 PM     0       415      1.00      0.00  systemd-journal
08:19:17 PM     0       453      1.00      0.00  multipathd
08:19:17 PM     0     88171      1.00      0.00  kworker/u24:55-edac-poller
08:19:17 PM     0     88759      3.00      0.00  kworker/2:1-mm_percpu_wq
08:19:17 PM     0    112707      3.00      0.00  kworker/3:0-mm_percpu_wq
08:19:17 PM     0    118120      3.00      0.00  kworker/9:2-mm_percpu_wq
08:19:17 PM     0    123430      6.00      0.00  kworker/6:0-events
08:19:17 PM     0    132616      1.00      0.00  kworker/7:0-mm_percpu_wq
08:19:17 PM     0    133744      4.00      0.00  kworker/4:1-events
08:19:17 PM     0    137207      3.00      0.00  kworker/0:2-events
08:19:17 PM     0    140699      3.00      0.00  kworker/1:0-events
08:19:17 PM     0    143435      2.00      0.00  kworker/5:0-events
08:19:17 PM     0    143767      3.00      0.00  kworker/8:0-mm_percpu_wq
08:19:17 PM     0    146022      2.00      0.00  kworker/11:1-mm_percpu_wq
08:19:17 PM     0    147677      1.00      0.00  kworker/10:1-mm_percpu_wq
08:19:17 PM     0    149033      1.00      0.00  iostat
08:19:17 PM     0    149034      1.00      0.00  pidstat
08:19:17 PM     0    149035      4.00      0.00  bash
08:19:17 PM     0    149036      5.00      0.00  bash
08:19:17 PM     0    149037      4.00      0.00  bash
08:19:17 PM     0    149039    100.00      0.00  fio
08:19:17 PM     0    149132      1.00      0.00  sleep
08:19:17 PM     0    149133      1.00      0.00  sleep

08:19:17 PM   UID       PID   cswch/s nvcswch/s  Command
08:19:18 PM     0        16      4.00      0.00  ksoftirqd/0
08:19:18 PM     0        17     23.00      0.00  rcu_preempt
08:19:18 PM     0        18      1.00      0.00  migration/0
08:19:18 PM     0        23      1.00      0.00  migration/1
08:19:18 PM     0        24      1.00      0.00  ksoftirqd/1
08:19:18 PM     0        29      1.00      0.00  migration/2
08:19:18 PM     0        30      2.00      0.00  ksoftirqd/2
08:19:18 PM     0        35      1.00      0.00  migration/3
08:19:18 PM     0        36      2.00      0.00  ksoftirqd/3
08:19:18 PM     0        41      1.00      0.00  migration/4
08:19:18 PM     0        42      1.00      0.00  ksoftirqd/4
08:19:18 PM     0        47      1.00      0.00  migration/5
08:19:18 PM     0        48      3.00      0.00  ksoftirqd/5
08:19:18 PM     0        53      2.00      0.00  migration/6
08:19:18 PM     0        59      2.00      0.00  migration/7
08:19:18 PM     0        60      2.00      0.00  ksoftirqd/7
08:19:18 PM     0        65      1.00      0.00  migration/8
08:19:18 PM     0        66      3.00      0.00  ksoftirqd/8
08:19:18 PM     0        71      2.00      0.00  migration/9
08:19:18 PM     0        72      2.00      0.00  ksoftirqd/9
08:19:18 PM     0        77      2.00      0.00  migration/10
08:19:18 PM     0        78      1.00      0.00  ksoftirqd/10
08:19:18 PM     0        83      1.00      0.00  migration/11
08:19:18 PM     0        84      2.00      0.00  ksoftirqd/11
08:19:18 PM     0        95      2.00      0.00  kcompactd0
08:19:18 PM     0       453      2.00      0.00  multipathd
08:19:18 PM     0     88171      2.00      0.00  kworker/u24:55-edac-poller
08:19:18 PM     0     88759      3.00      0.00  kworker/2:1-events
08:19:18 PM     0    112707      3.00      0.00  kworker/3:0-events
08:19:18 PM     0    118120      1.00      0.00  kworker/9:2-mm_percpu_wq
08:19:18 PM     0    123430      3.00      0.00  kworker/6:0-events
08:19:18 PM     0    132616      2.00      0.00  kworker/7:0-events
08:19:18 PM     0    133744      3.00      0.00  kworker/4:1-mm_percpu_wq
08:19:18 PM     0    137207      4.00      0.00  kworker/0:2-events
08:19:18 PM     0    140699      4.00      0.00  kworker/1:0-events
08:19:18 PM     0    143435      4.00      0.00  kworker/5:0-events
08:19:18 PM     0    143767      2.00      0.00  kworker/8:0-events
08:19:18 PM     0    146022      3.00      0.00  kworker/11:1-mm_percpu_wq
08:19:18 PM     0    147677      3.00      0.00  kworker/10:1-events
08:19:18 PM     0    149033      1.00      0.00  iostat
08:19:18 PM     0    149034      1.00      0.00  pidstat
08:19:18 PM     0    149035      5.00      0.00  bash
08:19:18 PM     0    149036      8.00      0.00  bash
08:19:18 PM     0    149037      4.00      0.00  bash
08:19:18 PM     0    149039     99.00      0.00  fio
08:19:18 PM     0    149147      1.00      0.00  sleep
08:19:18 PM     0    149148      1.00      0.00  sleep

08:19:18 PM   UID       PID   cswch/s nvcswch/s  Command
08:19:19 PM     0        16      3.00      0.00  ksoftirqd/0
08:19:19 PM     0        17     20.00      0.00  rcu_preempt
08:19:19 PM     0        18      1.00      0.00  migration/0
08:19:19 PM     0        23      1.00      0.00  migration/1
08:19:19 PM     0        24      2.00      0.00  ksoftirqd/1
08:19:19 PM     0        30      2.00      0.00  ksoftirqd/2
08:19:19 PM     0        35      1.00      0.00  migration/3
08:19:19 PM     0        36      2.00      0.00  ksoftirqd/3
08:19:19 PM     0        42      2.00      0.00  ksoftirqd/4
08:19:19 PM     0        48      3.00      0.00  ksoftirqd/5
08:19:19 PM     0        53      1.00      0.00  migration/6
08:19:19 PM     0        54      1.00      0.00  ksoftirqd/6
08:19:19 PM     0        59      1.00      0.00  migration/7
08:19:19 PM     0        66      6.00      0.00  ksoftirqd/8
08:19:19 PM     0        72      4.00      0.00  ksoftirqd/9
08:19:19 PM     0        77      2.00      0.00  migration/10
08:19:19 PM     0        78      1.00      0.00  ksoftirqd/10
08:19:19 PM     0        84      3.00      0.00  ksoftirqd/11
08:19:19 PM     0        95      2.00      0.00  kcompactd0
08:19:19 PM     0       113      2.00      0.00  kworker/5:1H-kblockd
08:19:19 PM     0       172      1.00      0.00  kworker/3:1H-kblockd
08:19:19 PM     0       189      2.00      0.00  kworker/4:1H-kblockd
08:19:19 PM     0       359      3.00      0.00  jbd2/nvme1n1p2-8
08:19:19 PM     0       453      1.00      0.00  multipathd
08:19:19 PM     0     88171     10.00      0.00  kworker/u24:55-edac-poller
08:19:19 PM     0     88759      1.00      0.00  kworker/2:1-mm_percpu_wq
08:19:19 PM     0     98256      1.00      0.00  kworker/u24:2-flush-259:1
08:19:19 PM     0    112707      3.00      0.00  kworker/3:0-mm_percpu_wq
08:19:19 PM     0    118120      2.00      0.00  kworker/9:2-mm_percpu_wq
08:19:19 PM     0    123430      4.00      0.00  kworker/6:0-mm_percpu_wq
08:19:19 PM     0    132616      3.00      0.00  kworker/7:0-events
08:19:19 PM     0    133744      4.00      0.00  kworker/4:1-events
08:19:19 PM     0    137207      3.00      0.00  kworker/0:2-events
08:19:19 PM     0    140699      4.00      0.00  kworker/1:0-events
08:19:19 PM     0    143435      1.00      0.00  kworker/5:0-mm_percpu_wq
08:19:19 PM     0    143767      2.00      0.00  kworker/8:0-mm_percpu_wq
08:19:19 PM     0    146022      5.00      0.00  kworker/11:1-mm_percpu_wq
08:19:19 PM     0    147677      3.00      0.00  kworker/10:1-events
08:19:19 PM     0    149033      1.00      0.00  iostat
08:19:19 PM     0    149034      1.00      0.00  pidstat
08:19:19 PM     0    149035      5.00      0.00  bash
08:19:19 PM     0    149036      7.00      0.00  bash
08:19:19 PM     0    149037      3.00      0.00  bash
08:19:19 PM     0    149039     99.00      0.00  fio
08:19:19 PM     0    149162      1.00      0.00  sleep
08:19:19 PM     0    149163      1.00      0.00  sleep

08:19:19 PM   UID       PID   cswch/s nvcswch/s  Command
08:19:20 PM     0        16      1.00      0.00  ksoftirqd/0
08:19:20 PM     0        17     20.00      0.00  rcu_preempt
08:19:20 PM     0        23      1.00      0.00  migration/1
08:19:20 PM     0        24      3.00      0.00  ksoftirqd/1
08:19:20 PM     0        30      5.00      0.00  ksoftirqd/2
08:19:20 PM     0        36      4.00      0.00  ksoftirqd/3
08:19:20 PM     0        41      2.00      0.00  migration/4
08:19:20 PM     0        42      2.00      0.00  ksoftirqd/4
08:19:20 PM     0        48      4.00      0.00  ksoftirqd/5
08:19:20 PM     0        54      1.00      0.00  ksoftirqd/6
08:19:20 PM     0        60      1.00      0.00  ksoftirqd/7
08:19:20 PM     0        65      1.00      0.00  migration/8
08:19:20 PM     0        66      1.00      0.00  ksoftirqd/8
08:19:20 PM     0        72      1.00      0.00  ksoftirqd/9
08:19:20 PM     0        78      3.00      0.00  ksoftirqd/10
08:19:20 PM     0        83      1.00      0.00  migration/11
08:19:20 PM     0        84      1.00      0.00  ksoftirqd/11
08:19:20 PM     0        95      2.00      0.00  kcompactd0
08:19:20 PM     0       453      1.00      0.00  multipathd
08:19:20 PM     0       562      3.00      0.00  jbd2/nvme1n1p3-8
08:19:20 PM     0     88171      2.00      0.00  kworker/u24:55-edac-poller
08:19:20 PM     0     88759      5.00      0.00  kworker/2:1-events
08:19:20 PM     0    112707      2.00      0.00  kworker/3:0-events
08:19:20 PM     0    118120      3.00      0.00  kworker/9:2-mm_percpu_wq
08:19:20 PM     0    123430      5.00      0.00  kworker/6:0-events
08:19:20 PM     0    132616      5.00      0.00  kworker/7:0-events
08:19:20 PM     0    133744      2.00      0.00  kworker/4:1-events
08:19:20 PM     0    137207      4.00      0.00  kworker/0:2-mm_percpu_wq
08:19:20 PM     0    140699      1.00      0.00  kworker/1:0-mm_percpu_wq
08:19:20 PM     0    143435      1.00      0.00  kworker/5:0-mm_percpu_wq
08:19:20 PM     0    143767      2.00      0.00  kworker/8:0-mm_percpu_wq
08:19:20 PM     0    146022      2.00      0.00  kworker/11:1-mm_percpu_wq
08:19:20 PM     0    147677      2.00      0.00  kworker/10:1-mm_percpu_wq
08:19:20 PM     0    149033      1.00      0.00  iostat
08:19:20 PM     0    149034      1.00      0.00  pidstat
08:19:20 PM     0    149035      5.00      0.00  bash
08:19:20 PM     0    149036      7.00      0.00  bash
08:19:20 PM     0    149037      1.00      0.00  bash
08:19:20 PM     0    149039    100.00      0.00  fio
08:19:20 PM     0    149166      1.00      1.00  sleep
08:19:20 PM     0    149177      1.00      0.00  sleep
08:19:20 PM     0    149178      1.00      0.00  sleep

08:19:20 PM   UID       PID   cswch/s nvcswch/s  Command
08:19:21 PM     0        17     24.00      0.00  rcu_preempt
08:19:21 PM     0        18      1.00      0.00  migration/0
08:19:21 PM     0        24      2.00      0.00  ksoftirqd/1
08:19:21 PM     0        36      3.00      0.00  ksoftirqd/3
08:19:21 PM     0        42      2.00      0.00  ksoftirqd/4
08:19:21 PM     0        48      3.00      0.00  ksoftirqd/5
08:19:21 PM     0        53      1.00      0.00  migration/6
08:19:21 PM     0        54      1.00      0.00  ksoftirqd/6
08:19:21 PM     0        59      1.00      0.00  migration/7
08:19:21 PM     0        65      1.00      0.00  migration/8
08:19:21 PM     0        66      3.00      0.00  ksoftirqd/8
08:19:21 PM     0        71      1.00      0.00  migration/9
08:19:21 PM     0        72      3.00      0.00  ksoftirqd/9
08:19:21 PM     0        78      2.00      0.00  ksoftirqd/10
08:19:21 PM     0        83      1.00      0.00  migration/11
08:19:21 PM     0        84      1.00      0.00  ksoftirqd/11
08:19:21 PM     0        95      2.00      0.00  kcompactd0
08:19:21 PM     0       190      1.00      0.00  kworker/10:1H-kblockd
08:19:21 PM     0       453      2.00      0.00  multipathd
08:19:21 PM     0     88171      5.00      0.00  kworker/u24:55-events_power_efficient
08:19:21 PM     0     88759      3.00      0.00  kworker/2:1-events
08:19:21 PM     0     98256      2.00      0.00  kworker/u24:2-edac-poller
08:19:21 PM     0    112707      2.00      0.00  kworker/3:0-mm_percpu_wq
08:19:21 PM     0    118120      4.00      0.00  kworker/9:2-mm_percpu_wq
08:19:21 PM     0    123430      7.00      0.00  kworker/6:0-events
08:19:21 PM     0    132616      2.00      0.00  kworker/7:0-mm_percpu_wq
08:19:21 PM     0    133744      3.00      0.00  kworker/4:1-events
08:19:21 PM     0    137207      5.00      0.00  kworker/0:2-events
08:19:21 PM     0    140699      3.00      0.00  kworker/1:0-events
08:19:21 PM     0    143435      2.00      0.00  kworker/5:0-events
08:19:21 PM     0    143767      2.00      0.00  kworker/8:0-events
08:19:21 PM     0    146022      4.00      0.00  kworker/11:1-events
08:19:21 PM     0    147677      4.00      0.00  kworker/10:1-mm_percpu_wq
08:19:21 PM     0    149033      1.00      0.00  iostat
08:19:21 PM     0    149034      1.00      0.00  pidstat
08:19:21 PM     0    149035      5.00      0.00  bash
08:19:21 PM     0    149036      8.00      0.00  bash
08:19:21 PM     0    149037      4.00      0.00  bash
08:19:21 PM     0    149039     99.00      0.00  fio
08:19:21 PM     0    149181      1.00      0.00  sleep
08:19:21 PM     0    149191      1.00      0.00  sleep
08:19:21 PM     0    149193      1.00      0.00  sleep

08:19:21 PM   UID       PID   cswch/s nvcswch/s  Command
08:19:22 PM     0        16      3.00      0.00  ksoftirqd/0
08:19:22 PM     0        17     21.00      0.00  rcu_preempt
08:19:22 PM     0        18      2.00      0.00  migration/0
08:19:22 PM     0        23      1.00      0.00  migration/1
08:19:22 PM     0        24      2.00      0.00  ksoftirqd/1
08:19:22 PM     0        29      1.00      0.00  migration/2
08:19:22 PM     0        30      4.00      0.00  ksoftirqd/2
08:19:22 PM     0        35      2.00      0.00  migration/3
08:19:22 PM     0        36      3.00      0.00  ksoftirqd/3
08:19:22 PM     0        41      1.00      0.00  migration/4
08:19:22 PM     0        42      6.00      0.00  ksoftirqd/4
08:19:22 PM     0        47      1.00      0.00  migration/5
08:19:22 PM     0        48      2.00      0.00  ksoftirqd/5
08:19:22 PM     0        53      1.00      0.00  migration/6
08:19:22 PM     0        59      1.00      0.00  migration/7
08:19:22 PM     0        60      2.00      0.00  ksoftirqd/7
08:19:22 PM     0        65      1.00      0.00  migration/8
08:19:22 PM     0        66      1.00      0.00  ksoftirqd/8
08:19:22 PM     0        71      1.00      0.00  migration/9
08:19:22 PM     0        72      2.00      0.00  ksoftirqd/9
08:19:22 PM     0        77      1.00      0.00  migration/10
08:19:22 PM     0        78      1.00      0.00  ksoftirqd/10
08:19:22 PM     0        83      1.00      0.00  migration/11
08:19:22 PM     0        84      2.00      0.00  ksoftirqd/11
08:19:22 PM     0        95      2.00      0.00  kcompactd0
08:19:22 PM     0       195      1.00      0.00  kworker/6:1H-kblockd
08:19:22 PM     0       453      1.00      0.00  multipathd
08:19:22 PM     0     88759      2.00      0.00  kworker/2:1-mm_percpu_wq
08:19:22 PM     0     98256      3.00      0.00  kworker/u24:2-writeback
08:19:22 PM     0    112707      2.00      0.00  kworker/3:0-mm_percpu_wq
08:19:22 PM     0    118120      1.00      0.00  kworker/9:2-mm_percpu_wq
08:19:22 PM     0    123430      6.00      0.00  kworker/6:0-events
08:19:22 PM     0    132616      2.00      0.00  kworker/7:0-xfs-sync/nvme0n1p2
08:19:22 PM     0    133744      2.00      0.00  kworker/4:1-mm_percpu_wq
08:19:22 PM     0    137207      2.00      0.00  kworker/0:2-mm_percpu_wq
08:19:22 PM     0    140699      2.00      0.00  kworker/1:0-mm_percpu_wq
08:19:22 PM     0    143435      4.00      0.00  kworker/5:0-events
08:19:22 PM     0    143767      3.00      0.00  kworker/8:0-mm_percpu_wq
08:19:22 PM     0    146022      2.00      0.00  kworker/11:1-mm_percpu_wq
08:19:22 PM     0    147677      1.00      0.00  kworker/10:1-mm_percpu_wq
08:19:22 PM     0    149033      1.00      0.00  iostat
08:19:22 PM     0    149034      1.00      0.00  pidstat
08:19:22 PM     0    149035      5.00      0.00  bash
08:19:22 PM     0    149036      6.00      0.00  bash
08:19:22 PM     0    149037      4.00      0.00  bash
08:19:22 PM     0    149039    100.00      0.00  fio
08:19:22 PM     0    149196      1.00      0.00  sleep
08:19:22 PM     0    149207      1.00      0.00  sleep
08:19:22 PM     0    149208      1.00      0.00  sleep

08:19:22 PM   UID       PID   cswch/s nvcswch/s  Command
08:19:23 PM     0        16      1.00      0.00  ksoftirqd/0
08:19:23 PM     0        17     20.00      0.00  rcu_preempt
08:19:23 PM     0        24      2.00      0.00  ksoftirqd/1
08:19:23 PM     0        30      2.00      0.00  ksoftirqd/2
08:19:23 PM     0        36      5.00      0.00  ksoftirqd/3
08:19:23 PM     0        42      1.00      0.00  ksoftirqd/4
08:19:23 PM     0        47      1.00      0.00  migration/5
08:19:23 PM     0        48      2.00      0.00  ksoftirqd/5
08:19:23 PM     0        54      2.00      0.00  ksoftirqd/6
08:19:23 PM     0        60      3.00      0.00  ksoftirqd/7
08:19:23 PM     0        65      2.00      0.00  migration/8
08:19:23 PM     0        72      4.00      1.00  ksoftirqd/9
08:19:23 PM     0        78      2.00      0.00  ksoftirqd/10
08:19:23 PM     0        83      1.00      0.00  migration/11
08:19:23 PM     0        84      4.00      0.00  ksoftirqd/11
08:19:23 PM     0        95      2.00      0.00  kcompactd0
08:19:23 PM     0       453      3.00      0.00  multipathd
08:19:23 PM     0     21554      1.00      0.00  packagekitd
08:19:23 PM     0     88759      3.00      0.00  kworker/2:1-mm_percpu_wq
08:19:23 PM     0     98256      1.00      0.00  kworker/u24:2-edac-poller
08:19:23 PM     0    112707      1.00      0.00  kworker/3:0-mm_percpu_wq
08:19:23 PM     0    118120      3.00      0.00  kworker/9:2-mm_percpu_wq
08:19:23 PM     0    123430      5.00      0.00  kworker/6:0-events
08:19:23 PM     0    132616      2.00      0.00  kworker/7:0-events
08:19:23 PM     0    133744      5.00      0.00  kworker/4:1-events
08:19:23 PM     0    137207      3.00      0.00  kworker/0:2-events
08:19:23 PM     0    140699      2.00      0.00  kworker/1:0-mm_percpu_wq
08:19:23 PM     0    143435      1.00      0.00  kworker/5:0-mm_percpu_wq
08:19:23 PM     0    143767      2.00      0.00  kworker/8:0-mm_percpu_wq
08:19:23 PM     0    146022      6.00      0.00  kworker/11:1-mm_percpu_wq
08:19:23 PM     0    147677      1.00      0.00  kworker/10:1-mm_percpu_wq
08:19:23 PM     0    149033      1.00      0.00  iostat
08:19:23 PM     0    149034      1.00      0.00  pidstat
08:19:23 PM     0    149035      5.00      0.00  bash
08:19:23 PM     0    149036      7.00      0.00  bash
08:19:23 PM     0    149037      4.00      0.00  bash
08:19:23 PM     0    149039     99.00      0.00  fio
08:19:23 PM     0    149211      1.00      0.00  sleep
08:19:23 PM     0    149222      1.00      1.00  sleep
08:19:23 PM     0    149223      1.00      1.00  sleep

08:19:23 PM   UID       PID   cswch/s nvcswch/s  Command
08:19:24 PM     0        16      1.00      0.00  ksoftirqd/0
08:19:24 PM     0        17     20.00      0.00  rcu_preempt
08:19:24 PM     0        24      1.00      0.00  ksoftirqd/1
08:19:24 PM     0        29      1.00      0.00  migration/2
08:19:24 PM     0        35      1.00      0.00  migration/3
08:19:24 PM     0        36      3.00      0.00  ksoftirqd/3
08:19:24 PM     0        42      1.00      0.00  ksoftirqd/4
08:19:24 PM     0        53      1.00      0.00  migration/6
08:19:24 PM     0        54      1.00      0.00  ksoftirqd/6
08:19:24 PM     0        59      1.00      0.00  migration/7
08:19:24 PM     0        60      4.00      0.00  ksoftirqd/7
08:19:24 PM     0        66      2.00      0.00  ksoftirqd/8
08:19:24 PM     0        72      3.00      0.00  ksoftirqd/9
08:19:24 PM     0        78      3.00      0.00  ksoftirqd/10
08:19:24 PM     0        95      2.00      0.00  kcompactd0
08:19:24 PM     0       453      1.00      0.00  multipathd
08:19:24 PM     0     88759      2.00      0.00  kworker/2:1-mm_percpu_wq
08:19:24 PM     0     98256      3.00      0.00  kworker/u24:2-flush-259:1
08:19:24 PM     0    112707      2.00      0.00  kworker/3:0-mm_percpu_wq
08:19:24 PM     0    118120      3.00      0.00  kworker/9:2-events
08:19:24 PM     0    123430      4.00      0.00  kworker/6:0-events
08:19:24 PM     0    132616      2.00      0.00  kworker/7:0-mm_percpu_wq
08:19:24 PM     0    133744      1.00      0.00  kworker/4:1-mm_percpu_wq
08:19:24 PM     0    137207      6.00      0.00  kworker/0:2-events
08:19:24 PM     0    140699      5.00      0.00  kworker/1:0-events
08:19:24 PM     0    143435      2.00      0.00  kworker/5:0-events
08:19:24 PM     0    143767      2.00      0.00  kworker/8:0-mm_percpu_wq
08:19:24 PM     0    146022      6.00      0.00  kworker/11:1-mm_percpu_wq
08:19:24 PM     0    147677      2.00      0.00  kworker/10:1-mm_percpu_wq
08:19:24 PM     0    149033      1.00      0.00  iostat
08:19:24 PM     0    149034      1.00      0.00  pidstat
08:19:24 PM     0    149035      5.00      0.00  bash
08:19:24 PM     0    149036      8.00      0.00  bash
08:19:24 PM     0    149037      4.00      0.00  bash
08:19:24 PM     0    149039    100.00      0.00  fio
08:19:24 PM     0    149226      1.00      0.00  sleep
08:19:24 PM     0    149237      1.00      0.00  sleep
08:19:24 PM     0    149238      1.00      0.00  sleep

08:19:24 PM   UID       PID   cswch/s nvcswch/s  Command
08:19:25 PM     0        16      3.00      0.00  ksoftirqd/0
08:19:25 PM     0        17     18.00      0.00  rcu_preempt
08:19:25 PM     0        24      1.00      0.00  ksoftirqd/1
08:19:25 PM     0        30      2.00      0.00  ksoftirqd/2
08:19:25 PM     0        35      1.00      0.00  migration/3
08:19:25 PM     0        36      1.00      0.00  ksoftirqd/3
08:19:25 PM     0        41      1.00      0.00  migration/4
08:19:25 PM     0        42      2.00      0.00  ksoftirqd/4
08:19:25 PM     0        47      1.00      0.00  migration/5
08:19:25 PM     0        48      2.00      0.00  ksoftirqd/5
08:19:25 PM     0        65      1.00      0.00  migration/8
08:19:25 PM     0        66      3.00      0.00  ksoftirqd/8
08:19:25 PM     0        71      1.00      0.00  migration/9
08:19:25 PM     0        72      2.00      0.00  ksoftirqd/9
08:19:25 PM     0        78      2.00      0.00  ksoftirqd/10
08:19:25 PM     0        84      2.00      0.00  ksoftirqd/11
08:19:25 PM     0        95      2.00      0.00  kcompactd0
08:19:25 PM     0       453      1.00      0.00  multipathd
08:19:25 PM     0     88759      3.00      0.00  kworker/2:1-events
08:19:25 PM     0     98256      1.00      0.00  kworker/u24:2-edac-poller
08:19:25 PM     0    112707      3.00      0.00  kworker/3:0-events
08:19:25 PM     0    118120      2.00      0.00  kworker/9:2-mm_percpu_wq
08:19:25 PM     0    123430      6.00      0.00  kworker/6:0-events
08:19:25 PM     0    132616      1.00      0.00  kworker/7:0-mm_percpu_wq
08:19:25 PM     0    133744      1.00      0.00  kworker/4:1-mm_percpu_wq
08:19:25 PM     0    137207      2.00      0.00  kworker/0:2-events
08:19:25 PM     0    140699      7.00      0.00  kworker/1:0-events
08:19:25 PM     0    143435      1.00      0.00  kworker/5:0-mm_percpu_wq
08:19:25 PM     0    143767      3.00      0.00  kworker/8:0-mm_percpu_wq
08:19:25 PM     0    146022      3.00      0.00  kworker/11:1-events
08:19:25 PM     0    147677      2.00      0.00  kworker/10:1-mm_percpu_wq
08:19:25 PM     0    149033      1.00      0.00  iostat
08:19:25 PM     0    149034      1.00      0.00  pidstat
08:19:25 PM     0    149035      5.00      0.00  bash
08:19:25 PM     0    149036      7.00      0.00  bash
08:19:25 PM     0    149037      4.00      0.00  bash
08:19:25 PM     0    149039     99.00      0.00  fio
08:19:25 PM     0    149241      1.00      0.00  sleep
08:19:25 PM     0    149252      1.00      1.00  sleep
08:19:25 PM     0    149253      1.00      1.00  sleep

08:19:25 PM   UID       PID   cswch/s nvcswch/s  Command
08:19:26 PM     0         2      1.00      0.00  kthreadd
08:19:26 PM     0        16      2.00      0.00  ksoftirqd/0
08:19:26 PM     0        17     20.00      0.00  rcu_preempt
08:19:26 PM     0        18      1.00      0.00  migration/0
08:19:26 PM     0        23      1.00      0.00  migration/1
08:19:26 PM     0        24      4.00      0.00  ksoftirqd/1
08:19:26 PM     0        29      1.00      0.00  migration/2
08:19:26 PM     0        30      3.00      0.00  ksoftirqd/2
08:19:26 PM     0        35      1.00      0.00  migration/3
08:19:26 PM     0        36      2.00      0.00  ksoftirqd/3
08:19:26 PM     0        41      2.00      0.00  migration/4
08:19:26 PM     0        42      6.00      0.00  ksoftirqd/4
08:19:26 PM     0        47      1.00      0.00  migration/5
08:19:26 PM     0        53      2.00      0.00  migration/6
08:19:26 PM     0        59      1.00      0.00  migration/7
08:19:26 PM     0        60      3.00      0.00  ksoftirqd/7
08:19:26 PM     0        65      2.00      0.00  migration/8
08:19:26 PM     0        66      3.00      0.00  ksoftirqd/8
08:19:26 PM     0        71      1.00      0.00  migration/9
08:19:26 PM     0        72      1.00      0.00  ksoftirqd/9
08:19:26 PM     0        77      2.00      0.00  migration/10
08:19:26 PM     0        83      2.00      0.00  migration/11
08:19:26 PM     0        84      2.00      0.00  ksoftirqd/11
08:19:26 PM     0        95      2.00      0.00  kcompactd0
08:19:26 PM     0       102      1.00      0.00  irq/9-acpi
08:19:26 PM     0       453      2.00      0.00  multipathd
08:19:26 PM     0       562      3.00      0.00  jbd2/nvme1n1p3-8
08:19:26 PM     0     87175      2.00      0.00  kworker/2:2-i915-unordered
08:19:26 PM     0     88171      1.00      0.00  kworker/u24:55-events_power_efficient
08:19:26 PM     0     88759      9.00      0.00  kworker/2:1-events
08:19:26 PM     0     98256      3.00      0.00  kworker/u24:2-events_power_efficient
08:19:26 PM     0    112707      3.00      0.00  kworker/3:0-mm_percpu_wq
08:19:26 PM     0    118120      2.00      0.00  kworker/9:2-mm_percpu_wq
08:19:26 PM     0    123430      1.00      0.00  kworker/6:0-mm_percpu_wq
08:19:26 PM     0    132616      1.00      0.00  kworker/7:0-mm_percpu_wq
08:19:26 PM     0    133744      2.00      1.00  kworker/4:1-events
08:19:26 PM     0    137207      7.00      0.00  kworker/0:2-events
08:19:26 PM     0    140699      3.00      0.00  kworker/1:0-events
08:19:26 PM     0    143435      2.00      0.00  kworker/5:0-mm_percpu_wq
08:19:26 PM     0    143767      4.00      0.00  kworker/8:0-mm_percpu_wq
08:19:26 PM     0    146022      2.00      0.00  kworker/11:1-mm_percpu_wq
08:19:26 PM     0    147677      2.00      0.00  kworker/10:1-mm_percpu_wq
08:19:26 PM     0    149033      1.00      0.00  iostat
08:19:26 PM     0    149034      1.00      0.00  pidstat
08:19:26 PM     0    149035      5.00      0.00  bash
08:19:26 PM     0    149036      7.00      0.00  bash
08:19:26 PM     0    149037      4.00      0.00  bash
08:19:26 PM     0    149039     99.00      0.00  fio
08:19:26 PM     0    149256      1.00      0.00  sleep
08:19:26 PM     0    149267      1.00      1.00  sleep
08:19:26 PM     0    149268      1.00      0.00  sleep
08:19:26 PM     0    149269      2.00      0.00  kworker/2:0

08:19:26 PM   UID       PID   cswch/s nvcswch/s  Command
08:19:27 PM     0        16      4.00      0.00  ksoftirqd/0
08:19:27 PM     0        17     18.00      0.00  rcu_preempt
08:19:27 PM     0        18      2.00      0.00  migration/0
08:19:27 PM     0        24      1.00      0.00  ksoftirqd/1
08:19:27 PM     0        30      2.00      0.00  ksoftirqd/2
08:19:27 PM     0        36      3.00      0.00  ksoftirqd/3
08:19:27 PM     0        42      2.00      0.00  ksoftirqd/4
08:19:27 PM     0        48      5.00      0.00  ksoftirqd/5
08:19:27 PM     0        54      2.00      0.00  ksoftirqd/6
08:19:27 PM     0        66      3.00      0.00  ksoftirqd/8
08:19:27 PM     0        71      1.00      0.00  migration/9
08:19:27 PM     0        72      2.00      0.00  ksoftirqd/9
08:19:27 PM     0        78      2.00      0.00  ksoftirqd/10
08:19:27 PM     0        84      4.00      0.00  ksoftirqd/11
08:19:27 PM     0        95      1.00      0.00  kcompactd0
08:19:27 PM     0       191      1.00      0.00  kworker/1:1H-kblockd
08:19:27 PM     0       453      1.00      0.00  multipathd
08:19:27 PM     0     88171      5.00      0.00  kworker/u24:55-writeback
08:19:27 PM     0     88759      2.00      0.00  kworker/2:1-events
08:19:27 PM     0     98256      2.00      0.00  kworker/u24:2-events_power_efficient
08:19:27 PM     0    112707      3.00      0.00  kworker/3:0-mm_percpu_wq
08:19:27 PM     0    118120      2.00      0.00  kworker/9:2-events
08:19:27 PM     0    123430      3.00      0.00  kworker/6:0-mm_percpu_wq
08:19:27 PM     0    132616      2.00      0.00  kworker/7:0-mm_percpu_wq
08:19:27 PM     0    133744      3.00      0.00  kworker/4:1-mm_percpu_wq
08:19:27 PM     0    137207      4.00      0.00  kworker/0:2-events
08:19:27 PM     0    140699      5.00      0.00  kworker/1:0-mm_percpu_wq
08:19:27 PM     0    143435      2.00      0.00  kworker/5:0-events
08:19:27 PM     0    143767      1.00      0.00  kworker/8:0-mm_percpu_wq
08:19:27 PM     0    146022      1.00      0.00  kworker/11:1-mm_percpu_wq
08:19:27 PM     0    147677      5.00      0.00  kworker/10:1-events
08:19:27 PM     0    149033      1.00      0.00  iostat
08:19:27 PM     0    149034      1.00      0.00  pidstat
08:19:27 PM     0    149035      5.00      0.00  bash
08:19:27 PM     0    149036      6.00      0.00  bash
08:19:27 PM     0    149037      4.00      0.00  bash
08:19:27 PM     0    149039    100.00      0.00  fio
08:19:27 PM     0    149272      1.00      0.00  sleep
08:19:27 PM     0    149282      1.00      1.00  sleep
08:19:27 PM     0    149284      1.00      0.00  sleep

08:19:27 PM   UID       PID   cswch/s nvcswch/s  Command
08:19:28 PM     0        16      8.00      0.00  ksoftirqd/0
08:19:28 PM     0        17     19.00      0.00  rcu_preempt
08:19:28 PM     0        24      3.00      0.00  ksoftirqd/1
08:19:28 PM     0        30      3.00      0.00  ksoftirqd/2
08:19:28 PM     0        35      1.00      0.00  migration/3
08:19:28 PM     0        36      1.00      0.00  ksoftirqd/3
08:19:28 PM     0        47      1.00      0.00  migration/5
08:19:28 PM     0        48      2.00      0.00  ksoftirqd/5
08:19:28 PM     0        54      1.00      0.00  ksoftirqd/6
08:19:28 PM     0        60      1.00      0.00  ksoftirqd/7
08:19:28 PM     0        65      1.00      0.00  migration/8
08:19:28 PM     0        66      3.00      0.00  ksoftirqd/8
08:19:28 PM     0        72      3.00      0.00  ksoftirqd/9
08:19:28 PM     0        78      5.00      0.00  ksoftirqd/10
08:19:28 PM     0        84      3.00      0.00  ksoftirqd/11
08:19:28 PM     0        95      2.00      0.00  kcompactd0
08:19:28 PM     0       188      1.00      0.00  kworker/2:1H-kblockd
08:19:28 PM     0       192      1.00      0.00  kworker/7:1H-kblockd
08:19:28 PM     0       453      1.00      0.00  multipathd
08:19:28 PM     0     88171      2.00      0.00  kworker/u24:55-events_unbound
08:19:28 PM     0     88759      3.00      0.00  kworker/2:1-events
08:19:28 PM     0    112707      3.00      0.00  kworker/3:0-events
08:19:28 PM     0    118120      2.00      0.00  kworker/9:2-mm_percpu_wq
08:19:28 PM     0    123430      4.00      0.00  kworker/6:0-mm_percpu_wq
08:19:28 PM     0    132616      3.00      0.00  kworker/7:0-mm_percpu_wq
08:19:28 PM     0    133744      1.00      0.00  kworker/4:1-mm_percpu_wq
08:19:28 PM     0    137207      5.00      0.00  kworker/0:2-mm_percpu_wq
08:19:28 PM     0    140699      2.00      0.00  kworker/1:0-mm_percpu_wq
08:19:28 PM     0    143435      1.00      0.00  kworker/5:0-mm_percpu_wq
08:19:28 PM     0    143767      3.00      0.00  kworker/8:0-events
08:19:28 PM     0    146022      2.00      0.00  kworker/11:1-mm_percpu_wq
08:19:28 PM     0    147677      2.00      0.00  kworker/10:1-events
08:19:28 PM     0    149033      1.00      0.00  iostat
08:19:28 PM     0    149034      1.00      0.00  pidstat
08:19:28 PM     0    149035      5.00      0.00  bash
08:19:28 PM     0    149036      6.00      0.00  bash
08:19:28 PM     0    149037      4.00      0.00  bash
08:19:28 PM     0    149039     99.00      0.00  fio
08:19:28 PM     0    149287      1.00      0.00  sleep
08:19:28 PM     0    149298      1.00      0.00  sleep
08:19:28 PM     0    149299      1.00      0.00  sleep

08:19:28 PM   UID       PID   cswch/s nvcswch/s  Command
08:19:29 PM     0        16      2.00      0.00  ksoftirqd/0
08:19:29 PM     0        17     18.00      0.00  rcu_preempt
08:19:29 PM     0        23      2.00      0.00  migration/1
08:19:29 PM     0        24      4.00      0.00  ksoftirqd/1
08:19:29 PM     0        30      2.00      0.00  ksoftirqd/2
08:19:29 PM     0        36      2.00      0.00  ksoftirqd/3
08:19:29 PM     0        42      6.00      0.00  ksoftirqd/4
08:19:29 PM     0        47      1.00      0.00  migration/5
08:19:29 PM     0        48      3.00      0.00  ksoftirqd/5
08:19:29 PM     0        54      2.00      0.00  ksoftirqd/6
08:19:29 PM     0        59      1.00      0.00  migration/7
08:19:29 PM     0        65      1.00      0.00  migration/8
08:19:29 PM     0        66      2.00      0.00  ksoftirqd/8
08:19:29 PM     0        72      1.00      0.00  ksoftirqd/9
08:19:29 PM     0        84      2.00      0.00  ksoftirqd/11
08:19:29 PM     0        95      2.00      0.00  kcompactd0
08:19:29 PM     0       453      1.00      0.00  multipathd
08:19:29 PM     0     88171      3.00      0.00  kworker/u24:55-writeback
08:19:29 PM     0     88759      3.00      0.00  kworker/2:1-mm_percpu_wq
08:19:29 PM     0    112707      2.00      0.00  kworker/3:0-mm_percpu_wq
08:19:29 PM     0    118120      1.00      0.00  kworker/9:2-mm_percpu_wq
08:19:29 PM     0    123430      4.00      0.00  kworker/6:0-events
08:19:29 PM     0    132616      1.00      0.00  kworker/7:0-mm_percpu_wq
08:19:29 PM     0    133744      3.00      0.00  kworker/4:1-mm_percpu_wq
08:19:29 PM     0    137207      3.00      0.00  kworker/0:2-events
08:19:29 PM     0    140699      5.00      0.00  kworker/1:0-mm_percpu_wq
08:19:29 PM     0    143435      5.00      0.00  kworker/5:0-events
08:19:29 PM     0    143767      2.00      0.00  kworker/8:0-mm_percpu_wq
08:19:29 PM     0    146022      2.00      0.00  kworker/11:1-mm_percpu_wq
08:19:29 PM     0    147677      3.00      0.00  kworker/10:1-events
08:19:29 PM     0    149033      1.00      0.00  iostat
08:19:29 PM     0    149034      1.00      0.00  pidstat
08:19:29 PM     0    149035      5.00      0.00  bash
08:19:29 PM     0    149036      7.00      0.00  bash
08:19:29 PM     0    149037      4.00      0.00  bash
08:19:29 PM     0    149039    100.00      0.00  fio
08:19:29 PM     0    149302      1.00      0.00  sleep
08:19:29 PM     0    149313      1.00      0.00  sleep
08:19:29 PM     0    149314      1.00      0.00  sleep

08:19:29 PM   UID       PID   cswch/s nvcswch/s  Command
08:19:30 PM     0        16      2.00      0.00  ksoftirqd/0
08:19:30 PM     0        17     20.00      0.00  rcu_preempt
08:19:30 PM     0        18      1.00      0.00  migration/0
08:19:30 PM     0        23      2.00      0.00  migration/1
08:19:30 PM     0        24      3.00      0.00  ksoftirqd/1
08:19:30 PM     0        29      1.00      0.00  migration/2
08:19:30 PM     0        30      1.00      0.00  ksoftirqd/2
08:19:30 PM     0        35      1.00      0.00  migration/3
08:19:30 PM     0        36      4.00      0.00  ksoftirqd/3
08:19:30 PM     0        41      2.00      0.00  migration/4
08:19:30 PM     0        42      3.00      0.00  ksoftirqd/4
08:19:30 PM     0        47      1.00      0.00  migration/5
08:19:30 PM     0        48      5.00      0.00  ksoftirqd/5
08:19:30 PM     0        53      1.00      0.00  migration/6
08:19:30 PM     0        59      2.00      0.00  migration/7
08:19:30 PM     0        60      3.00      0.00  ksoftirqd/7
08:19:30 PM     0        65      1.00      0.00  migration/8
08:19:30 PM     0        66      1.00      0.00  ksoftirqd/8
08:19:30 PM     0        71      1.00      0.00  migration/9
08:19:30 PM     0        72      4.00      0.00  ksoftirqd/9
08:19:30 PM     0        77      3.00      0.00  migration/10
08:19:30 PM     0        83      1.00      0.00  migration/11
08:19:30 PM     0        84      3.00      0.00  ksoftirqd/11
08:19:30 PM     0        95      2.00      0.00  kcompactd0
08:19:30 PM     0       453      2.00      0.00  multipathd
08:19:30 PM     0     88171      2.00      0.00  kworker/u24:55-events_unbound
08:19:30 PM     0     88759      1.00      0.00  kworker/2:1-mm_percpu_wq
08:19:30 PM     0    112707      1.00      0.00  kworker/3:0-mm_percpu_wq
08:19:30 PM     0    118120      1.00      0.00  kworker/9:2-mm_percpu_wq
08:19:30 PM     0    123430      8.00      0.00  kworker/6:0-events
08:19:30 PM     0    132616      2.00      0.00  kworker/7:0-events
08:19:30 PM     0    133744      3.00      0.00  kworker/4:1-events
08:19:30 PM     0    137207      3.00      0.00  kworker/0:2-mm_percpu_wq
08:19:30 PM     0    140699      1.00      0.00  kworker/1:0-mm_percpu_wq
08:19:30 PM     0    143435      5.00      0.00  kworker/5:0-mm_percpu_wq
08:19:30 PM     0    143767      3.00      0.00  kworker/8:0-mm_percpu_wq
08:19:30 PM     0    146022      3.00      0.00  kworker/11:1-mm_percpu_wq
08:19:30 PM     0    147677      1.00      0.00  kworker/10:1-mm_percpu_wq
08:19:30 PM     0    149033      1.00      0.00  iostat
08:19:30 PM     0    149034      1.00      0.00  pidstat
08:19:30 PM     0    149035      5.00      0.00  bash
08:19:30 PM     0    149036      6.00      0.00  bash
08:19:30 PM     0    149037      4.00      0.00  bash
08:19:30 PM     0    149039     99.00      0.00  fio
08:19:30 PM     0    149317      1.00      0.00  sleep
08:19:30 PM     0    149328      1.00      0.00  sleep
08:19:30 PM     0    149329      1.00      1.00  sleep

08:19:30 PM   UID       PID   cswch/s nvcswch/s  Command
08:19:31 PM     0        16      3.00      0.00  ksoftirqd/0
08:19:31 PM     0        17     17.00      0.00  rcu_preempt
08:19:31 PM     0        18      1.00      0.00  migration/0
08:19:31 PM     0        30      1.00      0.00  ksoftirqd/2
08:19:31 PM     0        35      1.00      0.00  migration/3
08:19:31 PM     0        36      4.00      0.00  ksoftirqd/3
08:19:31 PM     0        42      1.00      1.00  ksoftirqd/4
08:19:31 PM     0        47      2.00      0.00  migration/5
08:19:31 PM     0        48      2.00      0.00  ksoftirqd/5
08:19:31 PM     0        54      1.00      0.00  ksoftirqd/6
08:19:31 PM     0        60      4.00      0.00  ksoftirqd/7
08:19:31 PM     0        65      1.00      0.00  migration/8
08:19:31 PM     0        66      4.00      0.00  ksoftirqd/8
08:19:31 PM     0        72      2.00      0.00  ksoftirqd/9
08:19:31 PM     0        78      3.00      0.00  ksoftirqd/10
08:19:31 PM     0        84      2.00      0.00  ksoftirqd/11
08:19:31 PM     0        95      2.00      0.00  kcompactd0
08:19:31 PM     0       453      2.00      0.00  multipathd
08:19:31 PM     0       562      3.00      0.00  jbd2/nvme1n1p3-8
08:19:31 PM     0     88171      2.00      0.00  kworker/u24:55-events_power_efficient
08:19:31 PM     0     88759      2.00      0.00  kworker/2:1-mm_percpu_wq
08:19:31 PM     0     98256      1.00      0.00  kworker/u24:2-events_power_efficient
08:19:31 PM     0    112707      3.00      0.00  kworker/3:0-mm_percpu_wq
08:19:31 PM     0    118120      1.00      0.00  kworker/9:2-mm_percpu_wq
08:19:31 PM     0    123430      5.00      0.00  kworker/6:0-events
08:19:31 PM     0    132616      3.00      0.00  kworker/7:0-mm_percpu_wq
08:19:31 PM     0    133744      4.00      0.00  kworker/4:1-events
08:19:31 PM     0    137207      2.00      0.00  kworker/0:2-events
08:19:31 PM     0    140699      4.00      0.00  kworker/1:0-events
08:19:31 PM     0    143435      1.00      0.00  kworker/5:0-mm_percpu_wq
08:19:31 PM     0    143767      2.00      0.00  kworker/8:0-mm_percpu_wq
08:19:31 PM     0    146022      2.00      0.00  kworker/11:1-mm_percpu_wq
08:19:31 PM     0    147677      3.00      0.00  kworker/10:1-mm_percpu_wq
08:19:31 PM     0    149033      1.00      0.00  iostat
08:19:31 PM     0    149034      1.00      0.00  pidstat
08:19:31 PM     0    149035      5.00      0.00  bash
08:19:31 PM     0    149036      7.00      0.00  bash
08:19:31 PM     0    149037      4.00      0.00  bash
08:19:31 PM     0    149039     99.00      0.00  fio
08:19:31 PM     0    149332      1.00      0.00  sleep
08:19:31 PM     0    149342      1.00      0.00  sleep
08:19:31 PM     0    149344      1.00      0.00  sleep

08:19:31 PM   UID       PID   cswch/s nvcswch/s  Command
08:19:32 PM     0        16      2.00      0.00  ksoftirqd/0
08:19:32 PM     0        17     19.00      0.00  rcu_preempt
08:19:32 PM     0        23      1.00      0.00  migration/1
08:19:32 PM     0        24      4.00      0.00  ksoftirqd/1
08:19:32 PM     0        30      1.00      0.00  ksoftirqd/2
08:19:32 PM     0        36      3.00      0.00  ksoftirqd/3
08:19:32 PM     0        42      3.00      0.00  ksoftirqd/4
08:19:32 PM     0        48      2.00      0.00  ksoftirqd/5
08:19:32 PM     0        54      2.00      0.00  ksoftirqd/6
08:19:32 PM     0        60      2.00      0.00  ksoftirqd/7
08:19:32 PM     0        66      3.00      0.00  ksoftirqd/8
08:19:32 PM     0        72      3.00      0.00  ksoftirqd/9
08:19:32 PM     0        77      1.00      0.00  migration/10
08:19:32 PM     0        78      2.00      0.00  ksoftirqd/10
08:19:32 PM     0        84      2.00      0.00  ksoftirqd/11
08:19:32 PM     0        95      2.00      0.00  kcompactd0
08:19:32 PM     0       453      1.00      0.00  multipathd
08:19:32 PM     0     88759      2.00      0.00  kworker/2:1-events
08:19:32 PM     0     98256      2.00      0.00  kworker/u24:2-events_unbound
08:19:32 PM     0    112707      4.00      0.00  kworker/3:0-mm_percpu_wq
08:19:32 PM     0    118120      1.00      0.00  kworker/9:2-mm_percpu_wq
08:19:32 PM     0    123430      4.00      0.00  kworker/6:0-mm_percpu_wq
08:19:32 PM     0    132616      1.00      0.00  kworker/7:0-mm_percpu_wq
08:19:32 PM     0    133744      5.00      0.00  kworker/4:1-events
08:19:32 PM     0    137207      3.00      0.00  kworker/0:2-events
08:19:32 PM     0    140699      4.00      0.00  kworker/1:0-mm_percpu_wq
08:19:32 PM     0    143435      2.00      0.00  kworker/5:0-mm_percpu_wq
08:19:32 PM     0    143767      2.00      0.00  kworker/8:0-mm_percpu_wq
08:19:32 PM     0    146022      3.00      0.00  kworker/11:1-events
08:19:32 PM     0    147677      2.00      0.00  kworker/10:1-mm_percpu_wq
08:19:32 PM     0    149033      1.00      0.00  iostat
08:19:32 PM     0    149034      1.00      0.00  pidstat
08:19:32 PM     0    149035      5.00      0.00  bash
08:19:32 PM     0    149036      6.00      0.00  bash
08:19:32 PM     0    149037      4.00      0.00  bash
08:19:32 PM     0    149039    100.00      0.00  fio
08:19:32 PM     0    149347      1.00      0.00  sleep
08:19:32 PM     0    149358      1.00      0.00  sleep
08:19:32 PM     0    149359      1.00      1.00  sleep

08:19:32 PM   UID       PID   cswch/s nvcswch/s  Command
08:19:33 PM     0        16      3.00      0.00  ksoftirqd/0
08:19:33 PM     0        17     16.00      0.00  rcu_preempt
08:19:33 PM     0        24      2.00      0.00  ksoftirqd/1
08:19:33 PM     0        30      1.00      0.00  ksoftirqd/2
08:19:33 PM     0        36      3.00      0.00  ksoftirqd/3
08:19:33 PM     0        42      2.00      0.00  ksoftirqd/4
08:19:33 PM     0        48      4.00      0.00  ksoftirqd/5
08:19:33 PM     0        54      2.00      0.00  ksoftirqd/6
08:19:33 PM     0        59      1.00      0.00  migration/7
08:19:33 PM     0        72      2.00      0.00  ksoftirqd/9
08:19:33 PM     0        77      2.00      0.00  migration/10
08:19:33 PM     0        83      1.00      0.00  migration/11
08:19:33 PM     0        84      2.00      0.00  ksoftirqd/11
08:19:33 PM     0        95      2.00      0.00  kcompactd0
08:19:33 PM     0       453      2.00      0.00  multipathd
08:19:33 PM     0     21554      1.00      0.00  packagekitd
08:19:33 PM     0     88759      3.00      0.00  kworker/2:1-mm_percpu_wq
08:19:33 PM     0     98256      4.00      0.00  kworker/u24:2-edac-poller
08:19:33 PM     0    112707      3.00      0.00  kworker/3:0-mm_percpu_wq
08:19:33 PM     0    118120      2.00      0.00  kworker/9:2-mm_percpu_wq
08:19:33 PM     0    123430      7.00      0.00  kworker/6:0-events
08:19:33 PM     0    132616      2.00      0.00  kworker/7:0-events
08:19:33 PM     0    133744      3.00      0.00  kworker/4:1-mm_percpu_wq
08:19:33 PM     0    137207      1.00      0.00  kworker/0:2-mm_percpu_wq
08:19:33 PM     0    140699      4.00      0.00  kworker/1:0-events
08:19:33 PM     0    143435      2.00      0.00  kworker/5:0-mm_percpu_wq
08:19:33 PM     0    143767      4.00      0.00  kworker/8:0-mm_percpu_wq
08:19:33 PM     0    146022      1.00      0.00  kworker/11:1-mm_percpu_wq
08:19:33 PM     0    147677      2.00      0.00  kworker/10:1-mm_percpu_wq
08:19:33 PM     0    149033      1.00      0.00  iostat
08:19:33 PM     0    149034      1.00      0.00  pidstat
08:19:33 PM     0    149035      5.00      0.00  bash
08:19:33 PM     0    149036      8.00      0.00  bash
08:19:33 PM     0    149037      4.00      0.00  bash
08:19:33 PM     0    149039     99.00      0.00  fio
08:19:33 PM     0    149362      1.00      0.00  sleep
08:19:33 PM     0    149372      1.00      0.00  sleep
08:19:33 PM     0    149374      1.00      1.00  sleep

08:19:33 PM   UID       PID   cswch/s nvcswch/s  Command
08:19:34 PM     0        16      5.00      0.00  ksoftirqd/0
08:19:34 PM     0        17     18.00      0.00  rcu_preempt
08:19:34 PM     0        18      1.00      0.00  migration/0
08:19:34 PM     0        23      1.00      0.00  migration/1
08:19:34 PM     0        24      3.00      0.00  ksoftirqd/1
08:19:34 PM     0        29      1.00      0.00  migration/2
08:19:34 PM     0        30      2.00      0.00  ksoftirqd/2
08:19:34 PM     0        35      1.00      0.00  migration/3
08:19:34 PM     0        41      1.00      0.00  migration/4
08:19:34 PM     0        42      2.00      0.00  ksoftirqd/4
08:19:34 PM     0        47      1.00      0.00  migration/5
08:19:34 PM     0        48      1.00      0.00  ksoftirqd/5
08:19:34 PM     0        53      2.00      0.00  migration/6
08:19:34 PM     0        54      2.00      0.00  ksoftirqd/6
08:19:34 PM     0        59      2.00      0.00  migration/7
08:19:34 PM     0        60      1.00      0.00  ksoftirqd/7
08:19:34 PM     0        65      1.00      0.00  migration/8
08:19:34 PM     0        66      4.00      0.00  ksoftirqd/8
08:19:34 PM     0        71      1.00      0.00  migration/9
08:19:34 PM     0        72      1.00      0.00  ksoftirqd/9
08:19:34 PM     0        77      1.00      0.00  migration/10
08:19:34 PM     0        78      3.00      0.00  ksoftirqd/10
08:19:34 PM     0        83      2.00      0.00  migration/11
08:19:34 PM     0        84      4.00      0.00  ksoftirqd/11
08:19:34 PM     0        95      2.00      0.00  kcompactd0
08:19:34 PM     0       187      1.00      0.00  kworker/0:1H-kblockd
08:19:34 PM     0       453      1.00      0.00  multipathd
08:19:34 PM     0     88759      3.00      0.00  kworker/2:1-events
08:19:34 PM     0     98256      2.00      0.00  kworker/u24:2-events_unbound
08:19:34 PM     0    112707      4.00      0.00  kworker/3:0-mm_percpu_wq
08:19:34 PM     0    118120      2.00      0.00  kworker/9:2-mm_percpu_wq
08:19:34 PM     0    123430      5.00      0.00  kworker/6:0-mm_percpu_wq
08:19:34 PM     0    132616      1.00      0.00  kworker/7:0-mm_percpu_wq
08:19:34 PM     0    133744      5.00      0.00  kworker/4:1-events
08:19:34 PM     0    137207      1.00      0.00  kworker/0:2-events
08:19:34 PM     0    140699      2.00      0.00  kworker/1:0-events
08:19:34 PM     0    143435      1.00      0.00  kworker/5:0-mm_percpu_wq
08:19:34 PM     0    143767      3.00      0.00  kworker/8:0-mm_percpu_wq
08:19:34 PM     0    146022      2.00      0.00  kworker/11:1-mm_percpu_wq
08:19:34 PM     0    147677      1.00      0.00  kworker/10:1-mm_percpu_wq
08:19:34 PM     0    149033      1.00      0.00  iostat
08:19:34 PM     0    149034      1.00      0.00  pidstat
08:19:34 PM     0    149035      5.00      0.00  bash
08:19:34 PM     0    149036      7.00      0.00  bash
08:19:34 PM     0    149037      4.00      0.00  bash
08:19:34 PM     0    149039    100.00      0.00  fio
08:19:34 PM     0    149377      1.00      0.00  sleep
08:19:34 PM     0    149388      1.00      1.00  sleep
08:19:34 PM     0    149389      1.00      0.00  sleep

08:19:34 PM   UID       PID   cswch/s nvcswch/s  Command
08:19:35 PM     0        16      1.00      0.00  ksoftirqd/0
08:19:35 PM     0        17     19.00      0.00  rcu_preempt
08:19:35 PM     0        23      1.00      0.00  migration/1
08:19:35 PM     0        24      3.00      0.00  ksoftirqd/1
08:19:35 PM     0        29      1.00      0.00  migration/2
08:19:35 PM     0        30      1.00      0.00  ksoftirqd/2
08:19:35 PM     0        36      3.00      0.00  ksoftirqd/3
08:19:35 PM     0        42      2.00      0.00  ksoftirqd/4
08:19:35 PM     0        48      6.00      0.00  ksoftirqd/5
08:19:35 PM     0        54      1.00      0.00  ksoftirqd/6
08:19:35 PM     0        60      2.00      0.00  ksoftirqd/7
08:19:35 PM     0        66      2.00      0.00  ksoftirqd/8
08:19:35 PM     0        72      3.00      0.00  ksoftirqd/9
08:19:35 PM     0        77      1.00      0.00  migration/10
08:19:35 PM     0        78      2.00      0.00  ksoftirqd/10
08:19:35 PM     0        84      2.00      0.00  ksoftirqd/11
08:19:35 PM     0        95      2.00      0.00  kcompactd0
08:19:35 PM     0       187      1.00      0.00  kworker/0:1H-kblockd
08:19:35 PM     0       453      2.00      0.00  multipathd
08:19:35 PM   101       608      1.00      0.00  systemd-network
08:19:35 PM     0     88759      3.00      0.00  kworker/2:1-events
08:19:35 PM     0     98256      1.00      0.00  kworker/u24:2-edac-poller
08:19:35 PM     0    112707      1.00      0.00  kworker/3:0-mm_percpu_wq
08:19:35 PM     0    118120      2.00      0.00  kworker/9:2-mm_percpu_wq
08:19:35 PM     0    123430      6.00      0.00  kworker/6:0-mm_percpu_wq
08:19:35 PM     0    132616      1.00      0.00  kworker/7:0-mm_percpu_wq
08:19:35 PM     0    133744      1.00      0.00  kworker/4:1-mm_percpu_wq
08:19:35 PM     0    137207      4.00      0.00  kworker/0:2-mm_percpu_wq
08:19:35 PM     0    140699      3.00      0.00  kworker/1:0-events
08:19:35 PM     0    143435      4.00      0.00  kworker/5:0-events
08:19:35 PM     0    143767      3.00      0.00  kworker/8:0-mm_percpu_wq
08:19:35 PM     0    146022      1.00      0.00  kworker/11:1-mm_percpu_wq
08:19:35 PM     0    147677      2.00      0.00  kworker/10:1-events
08:19:35 PM     0    149033      1.00      0.00  iostat
08:19:35 PM     0    149034      1.00      0.00  pidstat
08:19:35 PM     0    149035      5.00      0.00  bash
08:19:35 PM     0    149036      8.00      0.00  bash
08:19:35 PM     0    149037      4.00      0.00  bash
08:19:35 PM     0    149039     99.00      0.00  fio
08:19:35 PM     0    149392      1.00      0.00  sleep
08:19:35 PM     0    149403      1.00      0.00  sleep
08:19:35 PM     0    149404      1.00      0.00  sleep

08:19:35 PM   UID       PID   cswch/s nvcswch/s  Command
08:19:36 PM     0        16      1.00      0.00  ksoftirqd/0
08:19:36 PM     0        17     22.00      0.00  rcu_preempt
08:19:36 PM     0        18      1.00      0.00  migration/0
08:19:36 PM     0        23      1.00      0.00  migration/1
08:19:36 PM     0        24      2.00      0.00  ksoftirqd/1
08:19:36 PM     0        29      1.00      0.00  migration/2
08:19:36 PM     0        36      3.00      0.00  ksoftirqd/3
08:19:36 PM     0        48      4.00      0.00  ksoftirqd/5
08:19:36 PM     0        59      1.00      0.00  migration/7
08:19:36 PM     0        60      3.00      0.00  ksoftirqd/7
08:19:36 PM     0        65      3.00      0.00  migration/8
08:19:36 PM     0        66      2.00      0.00  ksoftirqd/8
08:19:36 PM     0        72      4.00      0.00  ksoftirqd/9
08:19:36 PM     0        78      3.00      0.00  ksoftirqd/10
08:19:36 PM     0        84      2.00      0.00  ksoftirqd/11
08:19:36 PM     0        95      2.00      0.00  kcompactd0
08:19:36 PM     0       102      1.00      0.00  irq/9-acpi
08:19:36 PM     0       453      1.00      0.00  multipathd
08:19:36 PM     0       562      3.00      0.00  jbd2/nvme1n1p3-8
08:19:36 PM     0     88759   1140.00      0.00  kworker/2:1-events
08:19:36 PM     0     98256      4.00      0.00  kworker/u24:2-events_unbound
08:19:36 PM     0    112707      3.00      0.00  kworker/3:0-events
08:19:36 PM     0    118120      4.00      0.00  kworker/9:2-mm_percpu_wq
08:19:36 PM     0    123430      5.00      0.00  kworker/6:0-events
08:19:36 PM     0    132616      2.00      0.00  kworker/7:0-events
08:19:36 PM     0    133744      1.00      0.00  kworker/4:1-mm_percpu_wq
08:19:36 PM     0    137207      3.00      0.00  kworker/0:2-kacpi_notify
08:19:36 PM     0    140699      2.00      0.00  kworker/1:0-events
08:19:36 PM     0    143435      7.00      0.00  kworker/5:0-events
08:19:36 PM     0    143767      2.00      0.00  kworker/8:0-mm_percpu_wq
08:19:36 PM     0    146022      4.00      0.00  kworker/11:1-mm_percpu_wq
08:19:36 PM     0    147677      1.00      0.00  kworker/10:1-mm_percpu_wq
08:19:36 PM     0    149033      1.00      0.00  iostat
08:19:36 PM     0    149034      1.00      0.00  pidstat
08:19:36 PM     0    149035      5.00      0.00  bash
08:19:36 PM     0    149036      8.00      0.00  bash
08:19:36 PM     0    149037      4.00      0.00  bash
08:19:36 PM     0    149039    100.00      0.00  fio
08:19:36 PM     0    149269    189.00      0.00  kworker/2:0+i915-unordered
08:19:36 PM     0    149407      1.00      0.00  sleep
08:19:36 PM     0    149417      1.00      1.00  sleep
08:19:36 PM     0    149419      1.00      1.00  sleep

08:19:36 PM   UID       PID   cswch/s nvcswch/s  Command
08:19:37 PM     0        16      1.00      0.00  ksoftirqd/0
08:19:37 PM     0        17     19.00      0.00  rcu_preempt
08:19:37 PM     0        23      1.00      0.00  migration/1
08:19:37 PM     0        24      2.00      0.00  ksoftirqd/1
08:19:37 PM     0        29      2.00      0.00  migration/2
08:19:37 PM     0        36      3.00      0.00  ksoftirqd/3
08:19:37 PM     0        42      2.00      0.00  ksoftirqd/4
08:19:37 PM     0        48      4.00      0.00  ksoftirqd/5
08:19:37 PM     0        53      1.00      0.00  migration/6
08:19:37 PM     0        59      3.00      0.00  migration/7
08:19:37 PM     0        60      2.00      0.00  ksoftirqd/7
08:19:37 PM     0        66      4.00      0.00  ksoftirqd/8
08:19:37 PM     0        72      2.00      0.00  ksoftirqd/9
08:19:37 PM     0        78      4.00      0.00  ksoftirqd/10
08:19:37 PM     0        95      2.00      0.00  kcompactd0
08:19:37 PM     0       453      1.00      0.00  multipathd
08:19:37 PM     0     88171      3.00      0.00  kworker/u24:55-events_unbound
08:19:37 PM     0     98256      1.00      0.00  kworker/u24:2-events_power_efficient
08:19:37 PM     0    112707      1.00      0.00  kworker/3:0-mm_percpu_wq
08:19:37 PM     0    118120      2.00      0.00  kworker/9:2-mm_percpu_wq
08:19:37 PM     0    123430      7.00      0.00  kworker/6:0-events
08:19:37 PM     0    132616      3.00      0.00  kworker/7:0-mm_percpu_wq
08:19:37 PM     0    133744      2.00      0.00  kworker/4:1-mm_percpu_wq
08:19:37 PM     0    137207      2.00      0.00  kworker/0:2-mm_percpu_wq
08:19:37 PM     0    140699      3.00      0.00  kworker/1:0-mm_percpu_wq
08:19:37 PM     0    143435      4.00      0.00  kworker/5:0-events
08:19:37 PM     0    143767      2.00      0.00  kworker/8:0-mm_percpu_wq
08:19:37 PM     0    146022      3.00      0.00  kworker/11:1-events
08:19:37 PM     0    147677      2.00      0.00  kworker/10:1-mm_percpu_wq
08:19:37 PM     0    149033      1.00      0.00  iostat
08:19:37 PM     0    149034      1.00      0.00  pidstat
08:19:37 PM     0    149035      5.00      0.00  bash
08:19:37 PM     0    149036      6.00      0.00  bash
08:19:37 PM     0    149037      4.00      0.00  bash
08:19:37 PM     0    149039     99.00      0.00  fio
08:19:37 PM     0    149269    947.00      0.00  kworker/2:0-mm_percpu_wq
08:19:37 PM     0    149422      1.00      0.00  sleep
08:19:37 PM     0    149432      1.00      1.00  sleep
08:19:37 PM     0    149434      1.00      0.00  sleep

08:19:37 PM   UID       PID   cswch/s nvcswch/s  Command
08:19:38 PM     0         1      1.00      0.00  systemd
08:19:38 PM     0        16      2.00      0.00  ksoftirqd/0
08:19:38 PM     0        17     24.00      0.00  rcu_preempt
08:19:38 PM     0        18      1.00      0.00  migration/0
08:19:38 PM     0        23      1.00      0.00  migration/1
08:19:38 PM     0        24      4.00      0.00  ksoftirqd/1
08:19:38 PM     0        29      1.00      0.00  migration/2
08:19:38 PM     0        30      4.00      0.00  ksoftirqd/2
08:19:38 PM     0        35      2.00      0.00  migration/3
08:19:38 PM     0        41      1.00      0.00  migration/4
08:19:38 PM     0        42      1.00      0.00  ksoftirqd/4
08:19:38 PM     0        47      1.00      0.00  migration/5
08:19:38 PM     0        53      1.00      0.00  migration/6
08:19:38 PM     0        59      1.00      0.00  migration/7
08:19:38 PM     0        60      2.00      0.00  ksoftirqd/7
08:19:38 PM     0        65      1.00      0.00  migration/8
08:19:38 PM     0        66      2.00      0.00  ksoftirqd/8
08:19:38 PM     0        71      1.00      0.00  migration/9
08:19:38 PM     0        72      2.00      0.00  ksoftirqd/9
08:19:38 PM     0        77      2.00      0.00  migration/10
08:19:38 PM     0        78      4.00      0.00  ksoftirqd/10
08:19:38 PM     0        83      1.00      0.00  migration/11
08:19:38 PM     0        95      2.00      0.00  kcompactd0
08:19:38 PM     0       172      1.00      0.00  kworker/3:1H-kblockd
08:19:38 PM     0       453      2.00      0.00  multipathd
08:19:38 PM     0       463      1.00      0.00  systemd-udevd
08:19:38 PM     0     88171      6.00      0.00  kworker/u24:55-events_unbound
08:19:38 PM     0    112707      3.00      0.00  kworker/3:0-mm_percpu_wq
08:19:38 PM     0    118120      2.00      0.00  kworker/9:2-mm_percpu_wq
08:19:38 PM     0    123430      5.00      0.00  kworker/6:0-events
08:19:38 PM     0    132616      1.00      0.00  kworker/7:0-mm_percpu_wq
08:19:38 PM     0    133744      3.00      0.00  kworker/4:1-events
08:19:38 PM     0    137207      1.00      0.00  kworker/0:2-events
08:19:38 PM     0    140699      4.00      0.00  kworker/1:0-events
08:19:38 PM     0    143435      4.00      0.00  kworker/5:0-mm_percpu_wq
08:19:38 PM     0    143767      1.00      0.00  kworker/8:0-mm_percpu_wq
08:19:38 PM     0    146022      1.00      0.00  kworker/11:1-mm_percpu_wq
08:19:38 PM     0    147677      5.00      0.00  kworker/10:1-mm_percpu_wq
08:19:38 PM     0    149033      1.00      0.00  iostat
08:19:38 PM     0    149034      1.00      0.00  pidstat
08:19:38 PM     0    149035      5.00      0.00  bash
08:19:38 PM     0    149036      7.00      0.00  bash
08:19:38 PM     0    149037      4.00      0.00  bash
08:19:38 PM     0    149039     99.00      0.00  fio
08:19:38 PM     0    149269      2.00      0.00  kworker/2:0-mm_percpu_wq
08:19:38 PM     0    149437      1.00      0.00  sleep
08:19:38 PM     0    149448      1.00      0.00  sleep
08:19:38 PM     0    149449      1.00      0.00  sleep

08:19:38 PM   UID       PID   cswch/s nvcswch/s  Command
08:19:39 PM     0        16      2.00      0.00  ksoftirqd/0
08:19:39 PM     0        17     18.00      0.00  rcu_preempt
08:19:39 PM     0        18      1.00      0.00  migration/0
08:19:39 PM     0        23      1.00      0.00  migration/1
08:19:39 PM     0        24      2.00      0.00  ksoftirqd/1
08:19:39 PM     0        30      2.00      0.00  ksoftirqd/2
08:19:39 PM     0        36      2.00      0.00  ksoftirqd/3
08:19:39 PM     0        42      1.00      0.00  ksoftirqd/4
08:19:39 PM     0        48      3.00      0.00  ksoftirqd/5
08:19:39 PM     0        53      1.00      0.00  migration/6
08:19:39 PM     0        60      1.00      0.00  ksoftirqd/7
08:19:39 PM     0        65      1.00      0.00  migration/8
08:19:39 PM     0        72      1.00      0.00  ksoftirqd/9
08:19:39 PM     0        77      2.00      0.00  migration/10
08:19:39 PM     0        78      2.00      1.00  ksoftirqd/10
08:19:39 PM     0        84      7.00      0.00  ksoftirqd/11
08:19:39 PM     0        95      2.00      0.00  kcompactd0
08:19:39 PM     0       453      2.00      0.00  multipathd
08:19:39 PM     0     88171      1.00      0.00  kworker/u24:55-edac-poller
08:19:39 PM     0    112707      3.00      0.00  kworker/3:0-events
08:19:39 PM     0    118120      3.00      0.00  kworker/9:2-mm_percpu_wq
08:19:39 PM     0    123430      5.00      0.00  kworker/6:0-events
08:19:39 PM     0    132616      1.00      0.00  kworker/7:0-mm_percpu_wq
08:19:39 PM     0    133744      3.00      0.00  kworker/4:1-mm_percpu_wq
08:19:39 PM     0    137207      3.00      0.00  kworker/0:2-events
08:19:39 PM     0    140699      3.00      0.00  kworker/1:0-events
08:19:39 PM     0    143435      2.00      0.00  kworker/5:0-mm_percpu_wq
08:19:39 PM     0    143767      2.00      0.00  kworker/8:0-events
08:19:39 PM     0    146022      2.00      0.00  kworker/11:1-mm_percpu_wq
08:19:39 PM     0    147677      5.00      0.00  kworker/10:1-events
08:19:39 PM     0    149033      1.00      0.00  iostat
08:19:39 PM     0    149034      1.00      0.00  pidstat
08:19:39 PM     0    149035      5.00      0.00  bash
08:19:39 PM     0    149036      7.00      0.00  bash
08:19:39 PM     0    149037      4.00      0.00  bash
08:19:39 PM     0    149039    100.00      0.00  fio
08:19:39 PM     0    149269      4.00      0.00  kworker/2:0-events
08:19:39 PM     0    149452      1.00      0.00  sleep
08:19:39 PM     0    149462      1.00      0.00  sleep
08:19:39 PM     0    149464      1.00      1.00  sleep

08:19:39 PM   UID       PID   cswch/s nvcswch/s  Command
08:19:40 PM     0        16      1.00      0.00  ksoftirqd/0
08:19:40 PM     0        17     17.00      0.00  rcu_preempt
08:19:40 PM     0        23      1.00      0.00  migration/1
08:19:40 PM     0        24      2.00      0.00  ksoftirqd/1
08:19:40 PM     0        36      1.00      0.00  ksoftirqd/3
08:19:40 PM     0        42      2.00      0.00  ksoftirqd/4
08:19:40 PM     0        48      5.00      0.00  ksoftirqd/5
08:19:40 PM     0        53      1.00      0.00  migration/6
08:19:40 PM     0        54      2.00      0.00  ksoftirqd/6
08:19:40 PM     0        60      3.00      0.00  ksoftirqd/7
08:19:40 PM     0        65      1.00      0.00  migration/8
08:19:40 PM     0        66      4.00      0.00  ksoftirqd/8
08:19:40 PM     0        71      1.00      0.00  migration/9
08:19:40 PM     0        78      1.00      0.00  ksoftirqd/10
08:19:40 PM     0        84      1.00      0.00  ksoftirqd/11
08:19:40 PM     0        95      2.00      0.00  kcompactd0
08:19:40 PM     0       191      1.00      0.00  kworker/1:1H-kblockd
08:19:40 PM     0       453      1.00      0.00  multipathd
08:19:40 PM     0     88171      2.00      0.00  kworker/u24:55-events_unbound
08:19:40 PM     0    112707      2.00      0.00  kworker/3:0-mm_percpu_wq
08:19:40 PM     0    118120      3.00      0.00  kworker/9:2-events
08:19:40 PM     0    123430      6.00      0.00  kworker/6:0-events
08:19:40 PM     0    132616      3.00      0.00  kworker/7:0-mm_percpu_wq
08:19:40 PM     0    133744      3.00      0.00  kworker/4:1-mm_percpu_wq
08:19:40 PM     0    137207      5.00      0.00  kworker/0:2-events
08:19:40 PM     0    140699      2.00      0.00  kworker/1:0-events
08:19:40 PM     0    143435      5.00      0.00  kworker/5:0-events
08:19:40 PM     0    143767      2.00      0.00  kworker/8:0-mm_percpu_wq
08:19:40 PM     0    146022      1.00      0.00  kworker/11:1-mm_percpu_wq
08:19:40 PM     0    147677      1.00      0.00  kworker/10:1-mm_percpu_wq
08:19:40 PM     0    149033      1.00      0.00  iostat
08:19:40 PM     0    149034      1.00      0.00  pidstat
08:19:40 PM     0    149035      5.00      0.00  bash
08:19:40 PM     0    149036      8.00      0.00  bash
08:19:40 PM     0    149037      4.00      0.00  bash
08:19:40 PM     0    149039     99.00      0.00  fio
08:19:40 PM     0    149269      2.00      0.00  kworker/2:0-events
08:19:40 PM     0    149467      1.00      0.00  sleep
08:19:40 PM     0    149477      1.00      0.00  sleep
08:19:40 PM     0    149479      1.00      0.00  sleep

08:19:40 PM   UID       PID   cswch/s nvcswch/s  Command
08:19:41 PM     0        16      3.00      0.00  ksoftirqd/0
08:19:41 PM     0        17     16.00      0.00  rcu_preempt
08:19:41 PM     0        24      3.00      0.00  ksoftirqd/1
08:19:41 PM     0        30      2.00      0.00  ksoftirqd/2
08:19:41 PM     0        36      1.00      0.00  ksoftirqd/3
08:19:41 PM     0        42      1.00      0.00  ksoftirqd/4
08:19:41 PM     0        47      1.00      0.00  migration/5
08:19:41 PM     0        60      2.00      0.00  ksoftirqd/7
08:19:41 PM     0        66      2.00      0.00  ksoftirqd/8
08:19:41 PM     0        72      3.00      0.00  ksoftirqd/9
08:19:41 PM     0        95      2.00      0.00  kcompactd0
08:19:41 PM     0       453      2.00      0.00  multipathd
08:19:41 PM     0       562      3.00      0.00  jbd2/nvme1n1p3-8
08:19:41 PM     0     88171      1.00      0.00  kworker/u24:55-edac-poller
08:19:41 PM     0    112707      5.00      0.00  kworker/3:0-events
08:19:41 PM     0    118120      2.00      0.00  kworker/9:2-events
08:19:41 PM     0    123430      5.00      0.00  kworker/6:0-events
08:19:41 PM     0    132616      1.00      0.00  kworker/7:0-mm_percpu_wq
08:19:41 PM     0    133744      1.00      0.00  kworker/4:1-mm_percpu_wq
08:19:41 PM     0    137207      5.00      0.00  kworker/0:2-events
08:19:41 PM     0    140699      4.00      0.00  kworker/1:0-mm_percpu_wq
08:19:41 PM     0    143435      3.00      0.00  kworker/5:0-mm_percpu_wq
08:19:41 PM     0    143767      1.00      0.00  kworker/8:0-mm_percpu_wq
08:19:41 PM     0    146022      3.00      0.00  kworker/11:1-events
08:19:41 PM     0    147677      2.00      0.00  kworker/10:1-mm_percpu_wq
08:19:41 PM     0    149033      1.00      0.00  iostat
08:19:41 PM     0    149034      1.00      0.00  pidstat
08:19:41 PM     0    149035      5.00      0.00  bash
08:19:41 PM     0    149036      7.00      0.00  bash
08:19:41 PM     0    149037      4.00      0.00  bash
08:19:41 PM     0    149039    100.00      0.00  fio
08:19:41 PM     0    149269      1.00      0.00  kworker/2:0-mm_percpu_wq
08:19:41 PM     0    149482      1.00      0.00  sleep
08:19:41 PM     0    149493      1.00      0.00  sleep
08:19:41 PM     0    149494      1.00      0.00  sleep

08:19:41 PM   UID       PID   cswch/s nvcswch/s  Command
08:19:42 PM     0        16      2.00      0.00  ksoftirqd/0
08:19:42 PM     0        17     23.00      0.00  rcu_preempt
08:19:42 PM     0        18      1.00      0.00  migration/0
08:19:42 PM     0        23      1.00      0.00  migration/1
08:19:42 PM     0        24      3.00      0.00  ksoftirqd/1
08:19:42 PM     0        29      1.00      0.00  migration/2
08:19:42 PM     0        30      4.00      0.00  ksoftirqd/2
08:19:42 PM     0        35      1.00      0.00  migration/3
08:19:42 PM     0        36      1.00      0.00  ksoftirqd/3
08:19:42 PM     0        41      1.00      0.00  migration/4
08:19:42 PM     0        42      3.00      0.00  ksoftirqd/4
08:19:42 PM     0        47      2.00      0.00  migration/5
08:19:42 PM     0        48      1.00      0.00  ksoftirqd/5
08:19:42 PM     0        53      1.00      0.00  migration/6
08:19:42 PM     0        54      1.00      0.00  ksoftirqd/6
08:19:42 PM     0        59      1.00      0.00  migration/7
08:19:42 PM     0        60      2.00      0.00  ksoftirqd/7
08:19:42 PM     0        65      1.00      0.00  migration/8
08:19:42 PM     0        66      1.00      0.00  ksoftirqd/8
08:19:42 PM     0        71      4.00      0.00  migration/9
08:19:42 PM     0        77      1.00      0.00  migration/10
08:19:42 PM     0        78      2.00      0.00  ksoftirqd/10
08:19:42 PM     0        83      1.00      0.00  migration/11
08:19:42 PM     0        84      1.00      0.00  ksoftirqd/11
08:19:42 PM     0        95      2.00      0.00  kcompactd0
08:19:42 PM     0       193      1.00      0.00  kworker/9:1H-kblockd
08:19:42 PM     0       453      1.00      0.00  multipathd
08:19:42 PM     0     88171      2.00      0.00  kworker/u24:55-events_power_efficient
08:19:42 PM     0     98256      4.00      0.00  kworker/u24:2-events_power_efficient
08:19:42 PM     0    112707      4.00      0.00  kworker/3:0-mm_percpu_wq
08:19:42 PM     0    118120      3.00      0.00  kworker/9:2-mm_percpu_wq
08:19:42 PM     0    123430      4.00      0.00  kworker/6:0-mm_percpu_wq
08:19:42 PM     0    132616      2.00      0.00  kworker/7:0-mm_percpu_wq
08:19:42 PM     0    133744      4.00      0.00  kworker/4:1-events
08:19:42 PM     0    137207      4.00      0.00  kworker/0:2-events
08:19:42 PM     0    140699      4.00      0.00  kworker/1:0-events
08:19:42 PM     0    143435      1.00      0.00  kworker/5:0-mm_percpu_wq
08:19:42 PM     0    143767      1.00      0.00  kworker/8:0-mm_percpu_wq
08:19:42 PM     0    146022      1.00      0.00  kworker/11:1-mm_percpu_wq
08:19:42 PM     0    147677      2.00      0.00  kworker/10:1-events
08:19:42 PM     0    149033      1.00      0.00  iostat
08:19:42 PM     0    149034      1.00      0.00  pidstat
08:19:42 PM     0    149035      5.00      0.00  bash
08:19:42 PM     0    149036      7.00      0.00  bash
08:19:42 PM     0    149037      4.00      0.00  bash
08:19:42 PM     0    149039     99.00      0.00  fio
08:19:42 PM     0    149269      2.00      0.00  kworker/2:0-mm_percpu_wq
08:19:42 PM     0    149497      1.00      0.00  sleep
08:19:42 PM     0    149508      1.00      0.00  sleep
08:19:42 PM     0    149509      1.00      0.00  sleep

08:19:42 PM   UID       PID   cswch/s nvcswch/s  Command
08:19:43 PM     0        16      2.00      0.00  ksoftirqd/0
08:19:43 PM     0        17     21.00      0.00  rcu_preempt
08:19:43 PM     0        24      2.00      0.00  ksoftirqd/1
08:19:43 PM     0        30      2.00      0.00  ksoftirqd/2
08:19:43 PM     0        36      4.00      0.00  ksoftirqd/3
08:19:43 PM     0        41      1.00      0.00  migration/4
08:19:43 PM     0        42      1.00      0.00  ksoftirqd/4
08:19:43 PM     0        47      1.00      0.00  migration/5
08:19:43 PM     0        48      2.00      0.00  ksoftirqd/5
08:19:43 PM     0        53      1.00      0.00  migration/6
08:19:43 PM     0        60      2.00      0.00  ksoftirqd/7
08:19:43 PM     0        72      4.00      0.00  ksoftirqd/9
08:19:43 PM     0        78      2.00      0.00  ksoftirqd/10
08:19:43 PM     0        83      1.00      0.00  migration/11
08:19:43 PM     0        84      3.00      0.00  ksoftirqd/11
08:19:43 PM     0        95      2.00      0.00  kcompactd0
08:19:43 PM     0       191      1.00      0.00  kworker/1:1H-kblockd
08:19:43 PM     0       359      3.00      0.00  jbd2/nvme1n1p2-8
08:19:43 PM     0       415      1.00      0.00  systemd-journal
08:19:43 PM     0       453      1.00      0.00  multipathd
08:19:43 PM     0     21554      1.00      0.00  packagekitd
08:19:43 PM     0     88171      6.00      0.00  kworker/u24:55-writeback
08:19:43 PM     0     98256      1.00      0.00  kworker/u24:2-ext4-rsv-conversion
08:19:43 PM     0    112707      2.00      0.00  kworker/3:0-events
08:19:43 PM     0    118120      1.00      0.00  kworker/9:2-mm_percpu_wq
08:19:43 PM     0    123430      3.00      0.00  kworker/6:0-mm_percpu_wq
08:19:43 PM     0    132616      1.00      0.00  kworker/7:0-mm_percpu_wq
08:19:43 PM     0    133744      2.00      0.00  kworker/4:1-mm_percpu_wq
08:19:43 PM     0    137207      7.00      0.00  kworker/0:2-mm_percpu_wq
08:19:43 PM     0    140699      4.00      0.00  kworker/1:0-events
08:19:43 PM     0    143435      2.00      0.00  kworker/5:0-events
08:19:43 PM     0    143767      4.00      0.00  kworker/8:0-events
08:19:43 PM     0    146022      4.00      0.00  kworker/11:1-mm_percpu_wq
08:19:43 PM     0    147677      1.00      0.00  kworker/10:1-mm_percpu_wq
08:19:43 PM     0    149033      1.00      0.00  iostat
08:19:43 PM     0    149034      1.00      0.00  pidstat
08:19:43 PM     0    149035      5.00      0.00  bash
08:19:43 PM     0    149036      8.00      0.00  bash
08:19:43 PM     0    149037      4.00      0.00  bash
08:19:43 PM     0    149039     99.00      0.00  fio
08:19:43 PM     0    149269      2.00      0.00  kworker/2:0-events
08:19:43 PM     0    149512      1.00      0.00  sleep
08:19:43 PM     0    149523      1.00      0.00  sleep
08:19:43 PM     0    149524      1.00      0.00  sleep

08:19:43 PM   UID       PID   cswch/s nvcswch/s  Command
08:19:44 PM     0        16      3.00      0.00  ksoftirqd/0
08:19:44 PM     0        17     18.00      0.00  rcu_preempt
08:19:44 PM     0        18      1.00      0.00  migration/0
08:19:44 PM     0        24      1.00      0.00  ksoftirqd/1
08:19:44 PM     0        30      1.00      0.00  ksoftirqd/2
08:19:44 PM     0        36      3.00      0.00  ksoftirqd/3
08:19:44 PM     0        42      2.00      0.00  ksoftirqd/4
08:19:44 PM     0        47      1.00      0.00  migration/5
08:19:44 PM     0        48      6.00      0.00  ksoftirqd/5
08:19:44 PM     0        60      3.00      0.00  ksoftirqd/7
08:19:44 PM     0        66      4.00      0.00  ksoftirqd/8
08:19:44 PM     0        72      4.00      0.00  ksoftirqd/9
08:19:44 PM     0        77      2.00      0.00  migration/10
08:19:44 PM     0        78      6.00      0.00  ksoftirqd/10
08:19:44 PM     0        84      1.00      0.00  ksoftirqd/11
08:19:44 PM     0        95      2.00      0.00  kcompactd0
08:19:44 PM     0       453      2.00      0.00  multipathd
08:19:44 PM     0     88171      2.00      0.00  kworker/u24:55-events_unbound
08:19:44 PM     0    112707      1.00      0.00  kworker/3:0-mm_percpu_wq
08:19:44 PM     0    118120      2.00      0.00  kworker/9:2-mm_percpu_wq
08:19:44 PM     0    123430      5.00      0.00  kworker/6:0-events
08:19:44 PM     0    132616      3.00      0.00  kworker/7:0-mm_percpu_wq
08:19:44 PM     0    133744      3.00      0.00  kworker/4:1-mm_percpu_wq
08:19:44 PM     0    137207      2.00      0.00  kworker/0:2-events
08:19:44 PM     0    140699      2.00      0.00  kworker/1:0-events
08:19:44 PM     0    143435      3.00      0.00  kworker/5:0-events
08:19:44 PM     0    143767      3.00      0.00  kworker/8:0-mm_percpu_wq
08:19:44 PM     0    146022      3.00      0.00  kworker/11:1-events
08:19:44 PM     0    147677      3.00      0.00  kworker/10:1-mm_percpu_wq
08:19:44 PM     0    149033      1.00      0.00  iostat
08:19:44 PM     0    149034      1.00      0.00  pidstat
08:19:44 PM     0    149035      5.00      0.00  bash
08:19:44 PM     0    149036      7.00      0.00  bash
08:19:44 PM     0    149037      4.00      0.00  bash
08:19:44 PM     0    149039    100.00      0.00  fio
08:19:44 PM     0    149269      2.00      0.00  kworker/2:0-events
08:19:44 PM     0    149528      1.00      1.00  sleep
08:19:44 PM     0    149538      1.00      0.00  sleep
08:19:44 PM     0    149540      1.00      0.00  sleep

08:19:44 PM   UID       PID   cswch/s nvcswch/s  Command
08:19:45 PM     0        16      1.00      0.00  ksoftirqd/0
08:19:45 PM     0        17     22.00      0.00  rcu_preempt
08:19:45 PM     0        23      1.00      0.00  migration/1
08:19:45 PM     0        30      3.00      0.00  ksoftirqd/2
08:19:45 PM     0        36      6.00      0.00  ksoftirqd/3
08:19:45 PM     0        42      2.00      0.00  ksoftirqd/4
08:19:45 PM     0        48      3.00      0.00  ksoftirqd/5
08:19:45 PM     0        54      1.00      0.00  ksoftirqd/6
08:19:45 PM     0        60      3.00      0.00  ksoftirqd/7
08:19:45 PM     0        65      1.00      0.00  migration/8
08:19:45 PM     0        66      5.00      2.00  ksoftirqd/8
08:19:45 PM     0        72      3.00      0.00  ksoftirqd/9
08:19:45 PM     0        77      2.00      0.00  migration/10
08:19:45 PM     0        83      2.00      0.00  migration/11
08:19:45 PM     0        90      1.00      0.00  khungtaskd
08:19:45 PM     0        95      2.00      0.00  kcompactd0
08:19:45 PM     0       453      2.00      0.00  multipathd
08:19:45 PM     0     88171      2.00      0.00  kworker/u24:55-edac-poller
08:19:45 PM     0    112707      2.00      0.00  kworker/3:0-mm_percpu_wq
08:19:45 PM     0    118120      2.00      0.00  kworker/9:2-events
08:19:45 PM     0    123430      5.00      0.00  kworker/6:0-events
08:19:45 PM     0    132616      2.00      0.00  kworker/7:0-events
08:19:45 PM     0    133744      3.00      0.00  kworker/4:1-events
08:19:45 PM     0    137207      3.00      0.00  kworker/0:2-events
08:19:45 PM     0    140699      2.00      0.00  kworker/1:0-mm_percpu_wq
08:19:45 PM     0    143435      1.00      0.00  kworker/5:0-mm_percpu_wq
08:19:45 PM     0    143767      6.00      0.00  kworker/8:0-events
08:19:45 PM     0    146022      2.00      0.00  kworker/11:1-mm_percpu_wq
08:19:45 PM     0    147677      3.00      0.00  kworker/10:1-events
08:19:45 PM     0    149033      1.00      0.00  iostat
08:19:45 PM     0    149034      1.00      0.00  pidstat
08:19:45 PM     0    149035      5.00      0.00  bash
08:19:45 PM     0    149036      7.00      0.00  bash
08:19:45 PM     0    149037      4.00      0.00  bash
08:19:45 PM     0    149039     99.00      0.00  fio
08:19:45 PM     0    149269      2.00      0.00  kworker/2:0-events
08:19:45 PM     0    149543      1.00      0.00  sleep
08:19:45 PM     0    149553      1.00      1.00  sleep
08:19:45 PM     0    149555      1.00      1.00  sleep

08:19:45 PM   UID       PID   cswch/s nvcswch/s  Command
08:19:46 PM     0        16      1.00      0.00  ksoftirqd/0
08:19:46 PM     0        17     20.00      0.00  rcu_preempt
08:19:46 PM     0        18      1.00      0.00  migration/0
08:19:46 PM     0        23      1.00      0.00  migration/1
08:19:46 PM     0        24      1.00      0.00  ksoftirqd/1
08:19:46 PM     0        29      1.00      0.00  migration/2
08:19:46 PM     0        30      1.00      0.00  ksoftirqd/2
08:19:46 PM     0        35      1.00      0.00  migration/3
08:19:46 PM     0        36      2.00      0.00  ksoftirqd/3
08:19:46 PM     0        41      2.00      0.00  migration/4
08:19:46 PM     0        42      1.00      0.00  ksoftirqd/4
08:19:46 PM     0        47      2.00      0.00  migration/5
08:19:46 PM     0        48      2.00      0.00  ksoftirqd/5
08:19:46 PM     0        53      1.00      0.00  migration/6
08:19:46 PM     0        54      2.00      0.00  ksoftirqd/6
08:19:46 PM     0        59      1.00      0.00  migration/7
08:19:46 PM     0        60      4.00      0.00  ksoftirqd/7
08:19:46 PM     0        65      1.00      0.00  migration/8
08:19:46 PM     0        66      2.00      0.00  ksoftirqd/8
08:19:46 PM     0        71      4.00      0.00  migration/9
08:19:46 PM     0        72      2.00      0.00  ksoftirqd/9
08:19:46 PM     0        77      1.00      0.00  migration/10
08:19:46 PM     0        78      1.00      0.00  ksoftirqd/10
08:19:46 PM     0        83      1.00      0.00  migration/11
08:19:46 PM     0        84      2.00      0.00  ksoftirqd/11
08:19:46 PM     0        95      2.00      0.00  kcompactd0
08:19:46 PM     0       195      1.00      0.00  kworker/6:1H-kblockd
08:19:46 PM     0       453      1.00      0.00  multipathd
08:19:46 PM     0       562      4.00      0.00  jbd2/nvme1n1p3-8
08:19:46 PM     0     88171      4.00      0.00  kworker/u24:55-events_unbound
08:19:46 PM     0    112707      2.00      0.00  kworker/3:0-events
08:19:46 PM     0    118120      2.00      0.00  kworker/9:2-mm_percpu_wq
08:19:46 PM     0    123430      6.00      0.00  kworker/6:0-events
08:19:46 PM     0    132616      1.00      0.00  kworker/7:0-mm_percpu_wq
08:19:46 PM     0    133744      1.00      0.00  kworker/4:1-mm_percpu_wq
08:19:46 PM     0    137207      4.00      0.00  kworker/0:2-events
08:19:46 PM     0    140699      5.00      0.00  kworker/1:0-events
08:19:46 PM     0    143435      4.00      0.00  kworker/5:0-events
08:19:46 PM     0    143767      2.00      0.00  kworker/8:0-events
08:19:46 PM     0    146022      1.00      0.00  kworker/11:1-mm_percpu_wq
08:19:46 PM     0    147677      1.00      0.00  kworker/10:1-mm_percpu_wq
08:19:46 PM     0    149033      1.00      0.00  iostat
08:19:46 PM     0    149034      1.00      0.00  pidstat
08:19:46 PM     0    149035      5.00      0.00  bash
08:19:46 PM     0    149036      6.00      0.00  bash
08:19:46 PM     0    149037      4.00      0.00  bash
08:19:46 PM     0    149039    100.00      0.00  fio
08:19:46 PM     0    149269      1.00      0.00  kworker/2:0-mm_percpu_wq
08:19:46 PM     0    149558      1.00      0.00  sleep
08:19:46 PM     0    149569      1.00      1.00  sleep
08:19:46 PM     0    149570      1.00      1.00  sleep

08:19:46 PM   UID       PID   cswch/s nvcswch/s  Command
08:19:47 PM     0        16      1.00      0.00  ksoftirqd/0
08:19:47 PM     0        17     18.00      0.00  rcu_preempt
08:19:47 PM     0        18      1.00      0.00  migration/0
08:19:47 PM     0        24      3.00      0.00  ksoftirqd/1
08:19:47 PM     0        30      1.00      0.00  ksoftirqd/2
08:19:47 PM     0        36      1.00      0.00  ksoftirqd/3
08:19:47 PM     0        41      1.00      0.00  migration/4
08:19:47 PM     0        42      4.00      0.00  ksoftirqd/4
08:19:47 PM     0        48      3.00      0.00  ksoftirqd/5
08:19:47 PM     0        53      1.00      0.00  migration/6
08:19:47 PM     0        54      1.00      0.00  ksoftirqd/6
08:19:47 PM     0        59      1.00      0.00  migration/7
08:19:47 PM     0        60      4.00      0.00  ksoftirqd/7
08:19:47 PM     0        65      1.00      0.00  migration/8
08:19:47 PM     0        66      5.00      0.00  ksoftirqd/8
08:19:47 PM     0        71      1.00      0.00  migration/9
08:19:47 PM     0        72      4.00      0.00  ksoftirqd/9
08:19:47 PM     0        77      1.00      0.00  migration/10
08:19:47 PM     0        78      1.00      0.00  ksoftirqd/10
08:19:47 PM     0        84      5.00      0.00  ksoftirqd/11
08:19:47 PM     0        95      2.00      0.00  kcompactd0
08:19:47 PM     0       453      1.00      0.00  multipathd
08:19:47 PM   101       608      2.00      0.00  systemd-network
08:19:47 PM     0     88171      1.00      0.00  kworker/u24:55-events_power_efficient
08:19:47 PM     0     98256      2.00      0.00  kworker/u24:2-edac-poller
08:19:47 PM     0    112707      2.00      0.00  kworker/3:0-mm_percpu_wq
08:19:47 PM     0    118120      1.00      0.00  kworker/9:2-mm_percpu_wq
08:19:47 PM     0    123430      5.00      0.00  kworker/6:0-events
08:19:47 PM     0    132616      4.00      0.00  kworker/7:0-events
08:19:47 PM     0    133744      1.00      0.00  kworker/4:1-mm_percpu_wq
08:19:47 PM     0    137207      5.00      0.00  kworker/0:2-events
08:19:47 PM     0    140699      4.00      0.00  kworker/1:0-events
08:19:47 PM     0    143435      2.00      0.00  kworker/5:0-events
08:19:47 PM     0    143767      4.00      0.00  kworker/8:0-events
08:19:47 PM     0    146022      2.00      0.00  kworker/11:1-events
08:19:47 PM     0    147677      2.00      0.00  kworker/10:1-mm_percpu_wq
08:19:47 PM     0    149033      1.00      0.00  iostat
08:19:47 PM     0    149034      1.00      0.00  pidstat
08:19:47 PM     0    149035      5.00      0.00  bash
08:19:47 PM     0    149036      8.00      0.00  bash
08:19:47 PM     0    149037      4.00      0.00  bash
08:19:47 PM     0    149039     99.00      0.00  fio
08:19:47 PM     0    149269      7.00      0.00  kworker/2:0-events
08:19:47 PM     0    149573      1.00      0.00  sleep
08:19:47 PM     0    149584      1.00      1.00  sleep
08:19:47 PM     0    149585      1.00      1.00  sleep

08:19:47 PM   UID       PID   cswch/s nvcswch/s  Command
08:19:48 PM     0        17     19.00      0.00  rcu_preempt
08:19:48 PM     0        18      1.00      0.00  migration/0
08:19:48 PM     0        23      1.00      0.00  migration/1
08:19:48 PM     0        24      3.00      0.00  ksoftirqd/1
08:19:48 PM     0        29      1.00      0.00  migration/2
08:19:48 PM     0        30      2.00      0.00  ksoftirqd/2
08:19:48 PM     0        41      1.00      0.00  migration/4
08:19:48 PM     0        42      3.00      0.00  ksoftirqd/4
08:19:48 PM     0        48      4.00      0.00  ksoftirqd/5
08:19:48 PM     0        54      1.00      0.00  ksoftirqd/6
08:19:48 PM     0        59      2.00      0.00  migration/7
08:19:48 PM     0        60      3.00      0.00  ksoftirqd/7
08:19:48 PM     0        66      4.00      1.00  ksoftirqd/8
08:19:48 PM     0        72      3.00      0.00  ksoftirqd/9
08:19:48 PM     0        78      3.00      0.00  ksoftirqd/10
08:19:48 PM     0        84      1.00      0.00  ksoftirqd/11
08:19:48 PM     0        95      2.00      0.00  kcompactd0
08:19:48 PM     0       453      2.00      0.00  multipathd
08:19:48 PM     0     98256      3.00      0.00  kworker/u24:2-flush-259:1
08:19:48 PM     0    112707      2.00      0.00  kworker/3:0-mm_percpu_wq
08:19:48 PM     0    118120      3.00      0.00  kworker/9:2-mm_percpu_wq
08:19:48 PM     0    123430      5.00      0.00  kworker/6:0-mm_percpu_wq
08:19:48 PM     0    132616      2.00      0.00  kworker/7:0-events
08:19:48 PM     0    133744      1.00      0.00  kworker/4:1-mm_percpu_wq
08:19:48 PM     0    137207      1.00      0.00  kworker/0:2-events
08:19:48 PM     0    140699      4.00      0.00  kworker/1:0-events
08:19:48 PM     0    143435      3.00      0.00  kworker/5:0-events
08:19:48 PM     0    143767      2.00      0.00  kworker/8:0-events
08:19:48 PM     0    146022      2.00      0.00  kworker/11:1-events
08:19:48 PM     0    147677      2.00      0.00  kworker/10:1-events
08:19:48 PM     0    149033      1.00      0.00  iostat
08:19:48 PM     0    149034      1.00      0.00  pidstat
08:19:48 PM     0    149035      5.00      0.00  bash
08:19:48 PM     0    149036      7.00      0.00  bash
08:19:48 PM     0    149037      4.00      0.00  bash
08:19:48 PM     0    149039     99.00      0.00  fio
08:19:48 PM     0    149269      2.00      0.00  kworker/2:0-events
08:19:48 PM     0    149588      1.00      0.00  sleep
08:19:48 PM     0    149598      1.00      1.00  sleep
08:19:48 PM     0    149600      1.00      0.00  sleep

08:19:48 PM   UID       PID   cswch/s nvcswch/s  Command
08:19:49 PM     0        17     19.00      0.00  rcu_preempt
08:19:49 PM     0        18      1.00      0.00  migration/0
08:19:49 PM     0        24      3.00      0.00  ksoftirqd/1
08:19:49 PM     0        29      1.00      0.00  migration/2
08:19:49 PM     0        30      5.00      0.00  ksoftirqd/2
08:19:49 PM     0        42      4.00      0.00  ksoftirqd/4
08:19:49 PM     0        48      3.00      0.00  ksoftirqd/5
08:19:49 PM     0        54      1.00      0.00  ksoftirqd/6
08:19:49 PM     0        60      3.00      0.00  ksoftirqd/7
08:19:49 PM     0        65      1.00      0.00  migration/8
08:19:49 PM     0        71      1.00      0.00  migration/9
08:19:49 PM     0        72      2.00      0.00  ksoftirqd/9
08:19:49 PM     0        78      6.00      0.00  ksoftirqd/10
08:19:49 PM     0        83      1.00      0.00  migration/11
08:19:49 PM     0        84      3.00      0.00  ksoftirqd/11
08:19:49 PM     0        95      2.00      0.00  kcompactd0
08:19:49 PM     0       102      1.00      0.00  irq/9-acpi
08:19:49 PM     0       187      2.00      0.00  kworker/0:1H-kblockd
08:19:49 PM     0       195      1.00      0.00  kworker/6:1H-kblockd
08:19:49 PM     0       453      1.00      0.00  multipathd
08:19:49 PM     0     88171      1.00      0.00  kworker/u24:55-ext4-rsv-conversion
08:19:49 PM     0     98256      5.00      0.00  kworker/u24:2-edac-poller
08:19:49 PM     0    112707     10.00      0.00  kworker/3:0-events
08:19:49 PM     0    118120      1.00      0.00  kworker/9:2-mm_percpu_wq
08:19:49 PM     0    123430      4.00      0.00  kworker/6:0-events
08:19:49 PM     0    132616      2.00      0.00  kworker/7:0-mm_percpu_wq
08:19:49 PM     0    133744      1.00      0.00  kworker/4:1-mm_percpu_wq
08:19:49 PM     0    136508      1.00      0.00  kworker/3:2-i915-unordered
08:19:49 PM     0    137207      4.00      0.00  kworker/0:2-events
08:19:49 PM     0    140699      6.00      0.00  kworker/1:0-events
08:19:49 PM     0    143435      2.00      0.00  kworker/5:0-events
08:19:49 PM     0    143767      4.00      0.00  kworker/8:0-events
08:19:49 PM     0    146022      2.00      0.00  kworker/11:1-events
08:19:49 PM     0    147677      2.00      0.00  kworker/10:1-events
08:19:49 PM     0    149033      1.00      0.00  iostat
08:19:49 PM     0    149034      1.00      0.00  pidstat
08:19:49 PM     0    149035      5.00      0.00  bash
08:19:49 PM     0    149036      6.00      0.00  bash
08:19:49 PM     0    149037      4.00      0.00  bash
08:19:49 PM     0    149039    100.00      0.00  fio
08:19:49 PM     0    149269      5.00      0.00  kworker/2:0-events
08:19:49 PM     0    149603      1.00      0.00  sleep
08:19:49 PM     0    149613      1.00      1.00  sleep
08:19:49 PM     0    149615      1.00      0.00  sleep

08:19:49 PM   UID       PID   cswch/s nvcswch/s  Command
08:19:50 PM     0        16      1.00      0.00  ksoftirqd/0
08:19:50 PM     0        17     25.00      0.00  rcu_preempt
08:19:50 PM     0        18      1.00      0.00  migration/0
08:19:50 PM     0        23      2.00      0.00  migration/1
08:19:50 PM     0        29      1.00      0.00  migration/2
08:19:50 PM     0        30      6.00      0.00  ksoftirqd/2
08:19:50 PM     0        35      3.00      0.00  migration/3
08:19:50 PM     0        36      2.00      0.00  ksoftirqd/3
08:19:50 PM     0        41      1.00      0.00  migration/4
08:19:50 PM     0        42      2.00      0.00  ksoftirqd/4
08:19:50 PM     0        47      1.00      0.00  migration/5
08:19:50 PM     0        53      1.00      0.00  migration/6
08:19:50 PM     0        54      1.00      0.00  ksoftirqd/6
08:19:50 PM     0        59      1.00      0.00  migration/7
08:19:50 PM     0        60      1.00      0.00  ksoftirqd/7
08:19:50 PM     0        65      2.00      0.00  migration/8
08:19:50 PM     0        66      1.00      0.00  ksoftirqd/8
08:19:50 PM     0        71      2.00      0.00  migration/9
08:19:50 PM     0        72      2.00      0.00  ksoftirqd/9
08:19:50 PM     0        77      1.00      0.00  migration/10
08:19:50 PM     0        78      3.00      0.00  ksoftirqd/10
08:19:50 PM     0        83      1.00      0.00  migration/11
08:19:50 PM     0        84      3.00      0.00  ksoftirqd/11
08:19:50 PM     0        95      2.00      0.00  kcompactd0
08:19:50 PM     0       453      2.00      0.00  multipathd
08:19:50 PM     0     98256      2.00      0.00  kworker/u24:2-events_unbound
08:19:50 PM     0    112707      2.00      0.00  kworker/3:0-mm_percpu_wq
08:19:50 PM     0    118120      4.00      0.00  kworker/9:2-events
08:19:50 PM     0    123430      3.00      0.00  kworker/6:0-events
08:19:50 PM     0    132616      3.00      0.00  kworker/7:0-events
08:19:50 PM     0    133744      2.00      0.00  kworker/4:1-events
08:19:50 PM     0    137207      4.00      0.00  kworker/0:2-events
08:19:50 PM     0    140699      6.00      0.00  kworker/1:0-events
08:19:50 PM     0    143435      1.00      0.00  kworker/5:0-mm_percpu_wq
08:19:50 PM     0    143767      1.00      0.00  kworker/8:0-mm_percpu_wq
08:19:50 PM     0    146022      1.00      0.00  kworker/11:1-mm_percpu_wq
08:19:50 PM     0    147677      1.00      0.00  kworker/10:1-mm_percpu_wq
08:19:50 PM     0    149033      1.00      0.00  iostat
08:19:50 PM     0    149034      1.00      0.00  pidstat
08:19:50 PM     0    149035      5.00      0.00  bash
08:19:50 PM     0    149036      7.00      0.00  bash
08:19:50 PM     0    149037      4.00      0.00  bash
08:19:50 PM     0    149039     99.00      0.00  fio
08:19:50 PM     0    149269      4.00      0.00  kworker/2:0-events
08:19:50 PM     0    149618      1.00      1.00  sleep
08:19:50 PM     0    149629      1.00      0.00  sleep
08:19:50 PM     0    149630      1.00      0.00  sleep

08:19:50 PM   UID       PID   cswch/s nvcswch/s  Command
08:19:51 PM     0        16      8.00      0.00  ksoftirqd/0
08:19:51 PM     0        17     18.00      0.00  rcu_preempt
08:19:51 PM     0        23      1.00      0.00  migration/1
08:19:51 PM     0        24      2.00      0.00  ksoftirqd/1
08:19:51 PM     0        30      2.00      0.00  ksoftirqd/2
08:19:51 PM     0        36      4.00      0.00  ksoftirqd/3
08:19:51 PM     0        42      2.00      0.00  ksoftirqd/4
08:19:51 PM     0        48      2.00      0.00  ksoftirqd/5
08:19:51 PM     0        53      1.00      0.00  migration/6
08:19:51 PM     0        54      1.00      0.00  ksoftirqd/6
08:19:51 PM     0        59      1.00      0.00  migration/7
08:19:51 PM     0        60      3.00      0.00  ksoftirqd/7
08:19:51 PM     0        66      6.00      0.00  ksoftirqd/8
08:19:51 PM     0        71      2.00      0.00  migration/9
08:19:51 PM     0        72      1.00      0.00  ksoftirqd/9
08:19:51 PM     0        77      1.00      0.00  migration/10
08:19:51 PM     0        83      1.00      0.00  migration/11
08:19:51 PM     0        84      3.00      0.00  ksoftirqd/11
08:19:51 PM     0        95      2.00      0.00  kcompactd0
08:19:51 PM     0       453      1.00      0.00  multipathd
08:19:51 PM     0       562      3.00      0.00  jbd2/nvme1n1p3-8
08:19:51 PM     0     98256      1.00      0.00  kworker/u24:2-edac-poller
08:19:51 PM     0    112707      3.00      0.00  kworker/3:0-events
08:19:51 PM     0    118120      2.00      0.00  kworker/9:2-mm_percpu_wq
08:19:51 PM     0    123430      5.00      0.00  kworker/6:0-events
08:19:51 PM     0    132616      3.00      0.00  kworker/7:0-mm_percpu_wq
08:19:51 PM     0    133744      2.00      0.00  kworker/4:1-events
08:19:51 PM     0    137207      4.00      0.00  kworker/0:2-events
08:19:51 PM     0    140699      5.00      0.00  kworker/1:0-events
08:19:51 PM     0    143435      1.00      0.00  kworker/5:0-mm_percpu_wq
08:19:51 PM     0    143767      2.00      0.00  kworker/8:0-mm_percpu_wq
08:19:51 PM     0    146022      3.00      0.00  kworker/11:1-mm_percpu_wq
08:19:51 PM     0    147677      2.00      0.00  kworker/10:1-events
08:19:51 PM     0    149033      1.00      0.00  iostat
08:19:51 PM     0    149034      1.00      0.00  pidstat
08:19:51 PM     0    149035      5.00      0.00  bash
08:19:51 PM     0    149036      8.00      0.00  bash
08:19:51 PM     0    149037      4.00      0.00  bash
08:19:51 PM     0    149039    100.00      0.00  fio
08:19:51 PM     0    149269      2.00      0.00  kworker/2:0-events
08:19:51 PM     0    149633      1.00      1.00  sleep
08:19:51 PM     0    149644      1.00      1.00  sleep
08:19:51 PM     0    149645      1.00      1.00  sleep

08:19:51 PM   UID       PID   cswch/s nvcswch/s  Command
08:19:52 PM     0        16      1.00      0.00  ksoftirqd/0
08:19:52 PM     0        17     21.00      0.00  rcu_preempt
08:19:52 PM     0        18      1.00      0.00  migration/0
08:19:52 PM     0        24      4.00      0.00  ksoftirqd/1
08:19:52 PM     0        30      3.00      0.00  ksoftirqd/2
08:19:52 PM     0        35      1.00      0.00  migration/3
08:19:52 PM     0        36      2.00      0.00  ksoftirqd/3
08:19:52 PM     0        41      1.00      0.00  migration/4
08:19:52 PM     0        42      1.00      0.00  ksoftirqd/4
08:19:52 PM     0        48      3.00      0.00  ksoftirqd/5
08:19:52 PM     0        54      1.00      0.00  ksoftirqd/6
08:19:52 PM     0        60      4.00      0.00  ksoftirqd/7
08:19:52 PM     0        66      2.00      0.00  ksoftirqd/8
08:19:52 PM     0        72      1.00      0.00  ksoftirqd/9
08:19:52 PM     0        83      1.00      0.00  migration/11
08:19:52 PM     0        84      2.00      0.00  ksoftirqd/11
08:19:52 PM     0        95      2.00      0.00  kcompactd0
08:19:52 PM     0       191      1.00      0.00  kworker/1:1H-kblockd
08:19:52 PM     0       453      2.00      0.00  multipathd
08:19:52 PM     0     88171      3.00      0.00  kworker/u24:55-events_unbound
08:19:52 PM     0     98256      1.00      0.00  kworker/u24:2-events_power_efficient
08:19:52 PM     0    112707      3.00      0.00  kworker/3:0-events
08:19:52 PM     0    118120      1.00      0.00  kworker/9:2-mm_percpu_wq
08:19:52 PM     0    123430      3.00      0.00  kworker/6:0-events
08:19:52 PM     0    132616      3.00      0.00  kworker/7:0-xfs-sync/nvme0n1p2
08:19:52 PM     0    133744      3.00      0.00  kworker/4:1-events
08:19:52 PM     0    137207      3.00      0.00  kworker/0:2-events
08:19:52 PM     0    140699      4.00      0.00  kworker/1:0-events
08:19:52 PM     0    143435      2.00      0.00  kworker/5:0-events
08:19:52 PM     0    143767      4.00      0.00  kworker/8:0-events
08:19:52 PM     0    146022      3.00      0.00  kworker/11:1-events
08:19:52 PM     0    147677      2.00      0.00  kworker/10:1-events
08:19:52 PM     0    149033      1.00      0.00  iostat
08:19:52 PM     0    149034      1.00      0.00  pidstat
08:19:52 PM     0    149035      5.00      0.00  bash
08:19:52 PM     0    149036      6.00      0.00  bash
08:19:52 PM     0    149037      4.00      0.00  bash
08:19:52 PM     0    149039     99.00      0.00  fio
08:19:52 PM     0    149269      2.00      0.00  kworker/2:0-events
08:19:52 PM     0    149648      1.00      0.00  sleep
08:19:52 PM     0    149659      1.00      1.00  sleep
08:19:52 PM     0    149660      1.00      0.00  sleep

08:19:52 PM   UID       PID   cswch/s nvcswch/s  Command
08:19:53 PM     0        16      2.00      0.00  ksoftirqd/0
08:19:53 PM     0        17     19.00      0.00  rcu_preempt
08:19:53 PM     0        24      2.00      0.00  ksoftirqd/1
08:19:53 PM     0        29      1.00      0.00  migration/2
08:19:53 PM     0        30      1.00      0.00  ksoftirqd/2
08:19:53 PM     0        36      1.00      0.00  ksoftirqd/3
08:19:53 PM     0        41      2.00      0.00  migration/4
08:19:53 PM     0        42      2.00      0.00  ksoftirqd/4
08:19:53 PM     0        47      1.00      0.00  migration/5
08:19:53 PM     0        48      1.00      0.00  ksoftirqd/5
08:19:53 PM     0        54      2.00      0.00  ksoftirqd/6
08:19:53 PM     0        59      1.00      0.00  migration/7
08:19:53 PM     0        60      4.00      0.00  ksoftirqd/7
08:19:53 PM     0        65      1.00      0.00  migration/8
08:19:53 PM     0        66      1.00      1.00  ksoftirqd/8
08:19:53 PM     0        72      2.00      0.00  ksoftirqd/9
08:19:53 PM     0        78      1.00      0.00  ksoftirqd/10
08:19:53 PM     0        83      1.00      0.00  migration/11
08:19:53 PM     0        84      4.00      0.00  ksoftirqd/11
08:19:53 PM     0        95      2.00      0.00  kcompactd0
08:19:53 PM     0       453      2.00      0.00  multipathd
08:19:53 PM     0     21554      1.00      0.00  packagekitd
08:19:53 PM     0     88171      2.00      0.00  kworker/u24:55-flush-259:1
08:19:53 PM     0    112707      2.00      0.00  kworker/3:0-mm_percpu_wq
08:19:53 PM     0    118120      3.00      0.00  kworker/9:2-events
08:19:53 PM     0    123430      6.00      0.00  kworker/6:0-events
08:19:53 PM     0    132616      1.00      0.00  kworker/7:0-mm_percpu_wq
08:19:53 PM     0    133744      2.00      0.00  kworker/4:1-events
08:19:53 PM     0    137207      2.00      0.00  kworker/0:2-mm_percpu_wq
08:19:53 PM     0    140699      4.00      0.00  kworker/1:0-events
08:19:53 PM     0    143435      1.00      0.00  kworker/5:0-mm_percpu_wq
08:19:53 PM     0    143767      3.00      0.00  kworker/8:0-events
08:19:53 PM     0    146022      4.00      0.00  kworker/11:1-events
08:19:53 PM     0    147677      1.00      0.00  kworker/10:1-mm_percpu_wq
08:19:53 PM     0    149033      1.00      0.00  iostat
08:19:53 PM     0    149034      1.00      0.00  pidstat
08:19:53 PM     0    149035      5.00      0.00  bash
08:19:53 PM     0    149036      6.00      0.00  bash
08:19:53 PM     0    149037      4.00      0.00  bash
08:19:53 PM     0    149039    100.00      0.00  fio
08:19:53 PM     0    149269      6.00      0.00  kworker/2:0-events
08:19:53 PM     0    149663      1.00      1.00  sleep
08:19:53 PM     0    149674      1.00      0.00  sleep
08:19:53 PM     0    149675      1.00      0.00  sleep

08:19:53 PM   UID       PID   cswch/s nvcswch/s  Command
08:19:54 PM     0        16      2.00      0.00  ksoftirqd/0
08:19:54 PM     0        17     20.00      0.00  rcu_preempt
08:19:54 PM     0        18      2.00      0.00  migration/0
08:19:54 PM     0        23      1.00      0.00  migration/1
08:19:54 PM     0        24      3.00      0.00  ksoftirqd/1
08:19:54 PM     0        29      1.00      0.00  migration/2
08:19:54 PM     0        30      3.00      0.00  ksoftirqd/2
08:19:54 PM     0        35      3.00      0.00  migration/3
08:19:54 PM     0        36      1.00      0.00  ksoftirqd/3
08:19:54 PM     0        41      1.00      0.00  migration/4
08:19:54 PM     0        42      3.00      0.00  ksoftirqd/4
08:19:54 PM     0        47      1.00      0.00  migration/5
08:19:54 PM     0        48      2.00      0.00  ksoftirqd/5
08:19:54 PM     0        53      1.00      0.00  migration/6
08:19:54 PM     0        54      2.00      0.00  ksoftirqd/6
08:19:54 PM     0        59      2.00      0.00  migration/7
08:19:54 PM     0        65      2.00      0.00  migration/8
08:19:54 PM     0        66      2.00      0.00  ksoftirqd/8
08:19:54 PM     0        71      1.00      0.00  migration/9
08:19:54 PM     0        72      4.00      0.00  ksoftirqd/9
08:19:54 PM     0        77      2.00      0.00  migration/10
08:19:54 PM     0        78      2.00      0.00  ksoftirqd/10
08:19:54 PM     0        83      1.00      0.00  migration/11
08:19:54 PM     0        84      1.00      0.00  ksoftirqd/11
08:19:54 PM     0        95      2.00      0.00  kcompactd0
08:19:54 PM     0       453      1.00      0.00  multipathd
08:19:54 PM     0     88171      2.00      0.00  kworker/u24:55-events_unbound
08:19:54 PM     0    112707      3.00      0.00  kworker/3:0-events
08:19:54 PM     0    118120      1.00      0.00  kworker/9:2-mm_percpu_wq
08:19:54 PM     0    123430      2.00      0.00  kworker/6:0-mm_percpu_wq
08:19:54 PM     0    132616      3.00      0.00  kworker/7:0-events
08:19:54 PM     0    133744      4.00      0.00  kworker/4:1-mm_percpu_wq
08:19:54 PM     0    137207      2.00      0.00  kworker/0:2-events
08:19:54 PM     0    140699      3.00      0.00  kworker/1:0-events
08:19:54 PM     0    143435      1.00      0.00  kworker/5:0-mm_percpu_wq
08:19:54 PM     0    143767      2.00      0.00  kworker/8:0-events
08:19:54 PM     0    146022      3.00      0.00  kworker/11:1-events
08:19:54 PM     0    147677      2.00      0.00  kworker/10:1-events
08:19:54 PM     0    149033      1.00      0.00  iostat
08:19:54 PM     0    149034      1.00      0.00  pidstat
08:19:54 PM     0    149035      5.00      0.00  bash
08:19:54 PM     0    149036      8.00      0.00  bash
08:19:54 PM     0    149037      4.00      0.00  bash
08:19:54 PM     0    149039     99.00      0.00  fio
08:19:54 PM     0    149269      1.00      0.00  kworker/2:0-mm_percpu_wq
08:19:54 PM     0    149678      1.00      1.00  sleep
08:19:54 PM     0    149689      1.00      0.00  sleep
08:19:54 PM     0    149690      1.00      1.00  sleep

08:19:54 PM   UID       PID   cswch/s nvcswch/s  Command
08:19:55 PM     0        16      2.00      0.00  ksoftirqd/0
08:19:55 PM     0        17     16.00      0.00  rcu_preempt
08:19:55 PM     0        23      1.00      0.00  migration/1
08:19:55 PM     0        24      1.00      0.00  ksoftirqd/1
08:19:55 PM     0        36      3.00      0.00  ksoftirqd/3
08:19:55 PM     0        42      2.00      0.00  ksoftirqd/4
08:19:55 PM     0        48      3.00      0.00  ksoftirqd/5
08:19:55 PM     0        54      2.00      0.00  ksoftirqd/6
08:19:55 PM     0        60      2.00      0.00  ksoftirqd/7
08:19:55 PM     0        66      2.00      0.00  ksoftirqd/8
08:19:55 PM     0        72      2.00      0.00  ksoftirqd/9
08:19:55 PM     0        77      1.00      0.00  migration/10
08:19:55 PM     0        78      2.00      0.00  ksoftirqd/10
08:19:55 PM     0        84      4.00      0.00  ksoftirqd/11
08:19:55 PM     0        95      2.00      0.00  kcompactd0
08:19:55 PM     0       453      1.00      0.00  multipathd
08:19:55 PM     0     88171      4.00      0.00  kworker/u24:55-edac-poller
08:19:55 PM     0    112707      3.00      0.00  kworker/3:0-events
08:19:55 PM     0    118120      7.00      0.00  kworker/9:2-events
08:19:55 PM     0    123430      3.00      0.00  kworker/6:0-mm_percpu_wq
08:19:55 PM     0    132616      2.00      0.00  kworker/7:0-mm_percpu_wq
08:19:55 PM     0    133744      1.00      0.00  kworker/4:1-mm_percpu_wq
08:19:55 PM     0    137207      4.00      0.00  kworker/0:2-events
08:19:55 PM     0    140699      4.00      0.00  kworker/1:0-events
08:19:55 PM     0    143435      3.00      0.00  kworker/5:0-events
08:19:55 PM     0    143767      1.00      0.00  kworker/8:0-mm_percpu_wq
08:19:55 PM     0    146022      3.00      0.00  kworker/11:1-events
08:19:55 PM     0    147677      4.00      0.00  kworker/10:1-events
08:19:55 PM     0    149033      1.00      0.00  iostat
08:19:55 PM     0    149034      1.00      0.00  pidstat
08:19:55 PM     0    149035      5.00      0.00  bash
08:19:55 PM     0    149036      7.00      0.00  bash
08:19:55 PM     0    149037      4.00      0.00  bash
08:19:55 PM     0    149039     99.00      0.00  fio
08:19:55 PM     0    149269      1.00      0.00  kworker/2:0-mm_percpu_wq
08:19:55 PM     0    149693      1.00      0.00  sleep
08:19:55 PM     0    149704      1.00      0.00  sleep
08:19:55 PM     0    149705      1.00      0.00  sleep

08:19:55 PM   UID       PID   cswch/s nvcswch/s  Command
08:19:56 PM     0        16      3.00      0.00  ksoftirqd/0
08:19:56 PM     0        17     20.00      0.00  rcu_preempt
08:19:56 PM     0        18      1.00      0.00  migration/0
08:19:56 PM     0        24      1.00      0.00  ksoftirqd/1
08:19:56 PM     0        35      1.00      0.00  migration/3
08:19:56 PM     0        36      4.00      0.00  ksoftirqd/3
08:19:56 PM     0        42      1.00      0.00  ksoftirqd/4
08:19:56 PM     0        48      3.00      0.00  ksoftirqd/5
08:19:56 PM     0        53      1.00      0.00  migration/6
08:19:56 PM     0        54      2.00      0.00  ksoftirqd/6
08:19:56 PM     0        60      2.00      0.00  ksoftirqd/7
08:19:56 PM     0        65      1.00      0.00  migration/8
08:19:56 PM     0        66      1.00      0.00  ksoftirqd/8
08:19:56 PM     0        71      1.00      0.00  migration/9
08:19:56 PM     0        72      1.00      0.00  ksoftirqd/9
08:19:56 PM     0        78      3.00      0.00  ksoftirqd/10
08:19:56 PM     0        83      1.00      0.00  migration/11
08:19:56 PM     0        84      5.00      0.00  ksoftirqd/11
08:19:56 PM     0        95      2.00      0.00  kcompactd0
08:19:56 PM     0       453      1.00      0.00  multipathd
08:19:56 PM     0       562      3.00      0.00  jbd2/nvme1n1p3-8
08:19:56 PM     0     88171      4.00      0.00  kworker/u24:55-events_unbound
08:19:56 PM     0    112707      4.00      0.00  kworker/3:0-events
08:19:56 PM     0    118120      1.00      0.00  kworker/9:2-mm_percpu_wq
08:19:56 PM     0    123430      4.00      0.00  kworker/6:0-events
08:19:56 PM     0    132616      3.00      0.00  kworker/7:0-events
08:19:56 PM     0    133744      2.00      0.00  kworker/4:1-events
08:19:56 PM     0    137207      4.00      0.00  kworker/0:2-events
08:19:56 PM     0    140699      3.00      0.00  kworker/1:0-events
08:19:56 PM     0    143435      2.00      0.00  kworker/5:0-events
08:19:56 PM     0    143767      3.00      0.00  kworker/8:0-events
08:19:56 PM     0    146022      3.00      0.00  kworker/11:1-events
08:19:56 PM     0    147677      1.00      0.00  kworker/10:1-mm_percpu_wq
08:19:56 PM     0    149033      1.00      0.00  iostat
08:19:56 PM     0    149034      1.00      0.00  pidstat
08:19:56 PM     0    149035      5.00      0.00  bash
08:19:56 PM     0    149036      8.00      0.00  bash
08:19:56 PM     0    149037      4.00      0.00  bash
08:19:56 PM     0    149039    100.00      0.00  fio
08:19:56 PM     0    149269      2.00      0.00  kworker/2:0-mm_percpu_wq
08:19:56 PM     0    149708      1.00      0.00  sleep
08:19:56 PM     0    149719      1.00      1.00  sleep
08:19:56 PM     0    149720      1.00      0.00  sleep

08:19:56 PM   UID       PID   cswch/s nvcswch/s  Command
08:19:57 PM     0        16      1.00      0.00  ksoftirqd/0
08:19:57 PM     0        17     23.00      0.00  rcu_preempt
08:19:57 PM     0        24      2.00      0.00  ksoftirqd/1
08:19:57 PM     0        29      1.00      0.00  migration/2
08:19:57 PM     0        30      2.00      0.00  ksoftirqd/2
08:19:57 PM     0        35      2.00      0.00  migration/3
08:19:57 PM     0        36      1.00      0.00  ksoftirqd/3
08:19:57 PM     0        42      2.00      0.00  ksoftirqd/4
08:19:57 PM     0        47      2.00      0.00  migration/5
08:19:57 PM     0        48      2.00      0.00  ksoftirqd/5
08:19:57 PM     0        54      2.00      0.00  ksoftirqd/6
08:19:57 PM     0        60      2.00      0.00  ksoftirqd/7
08:19:57 PM     0        66      2.00      0.00  ksoftirqd/8
08:19:57 PM     0        72      1.00      0.00  ksoftirqd/9
08:19:57 PM     0        77      1.00      0.00  migration/10
08:19:57 PM     0        78      2.00      0.00  ksoftirqd/10
08:19:57 PM     0        84      2.00      0.00  ksoftirqd/11
08:19:57 PM     0        95      2.00      0.00  kcompactd0
08:19:57 PM     0       194      1.00      0.00  kworker/8:1H-kblockd
08:19:57 PM     0       453      2.00      0.00  multipathd
08:19:57 PM     0     88171      1.00      0.00  kworker/u24:55-events_power_efficient
08:19:57 PM     0     98256      2.00      0.00  kworker/u24:2-edac-poller
08:19:57 PM     0    112707      3.00      0.00  kworker/3:0-events
08:19:57 PM     0    118120      3.00      0.00  kworker/9:2-events
08:19:57 PM     0    123430      2.00      0.00  kworker/6:0-mm_percpu_wq
08:19:57 PM     0    132616      1.00      0.00  kworker/7:0-mm_percpu_wq
08:19:57 PM     0    133744      1.00      0.00  kworker/4:1-mm_percpu_wq
08:19:57 PM     0    137207      3.00      0.00  kworker/0:2-events
08:19:57 PM     0    140699      4.00      0.00  kworker/1:0-events
08:19:57 PM     0    143435      4.00      0.00  kworker/5:0-events
08:19:57 PM     0    143767      1.00      0.00  kworker/8:0-mm_percpu_wq
08:19:57 PM     0    146022      2.00      0.00  kworker/11:1-mm_percpu_wq
08:19:57 PM     0    147677      3.00      0.00  kworker/10:1-events
08:19:57 PM     0    149033      1.00      0.00  iostat
08:19:57 PM     0    149034      1.00      0.00  pidstat
08:19:57 PM     0    149035      5.00      0.00  bash
08:19:57 PM     0    149036      7.00      0.00  bash
08:19:57 PM     0    149037      4.00      0.00  bash
08:19:57 PM     0    149039     99.00      0.00  fio
08:19:57 PM     0    149269      2.00      0.00  kworker/2:0-mm_percpu_wq
08:19:57 PM     0    149723      1.00      0.00  sleep
08:19:57 PM     0    149733      1.00      1.00  sleep
08:19:57 PM     0    149735      1.00      0.00  sleep

08:19:57 PM   UID       PID   cswch/s nvcswch/s  Command
08:19:58 PM     0        16      3.00      0.00  ksoftirqd/0
08:19:58 PM     0        17     16.00      0.00  rcu_preempt
08:19:58 PM     0        18      2.00      0.00  migration/0
08:19:58 PM     0        23      2.00      0.00  migration/1
08:19:58 PM     0        24      3.00      0.00  ksoftirqd/1
08:19:58 PM     0        29      2.00      0.00  migration/2
08:19:58 PM     0        35      2.00      0.00  migration/3
08:19:58 PM     0        36      1.00      0.00  ksoftirqd/3
08:19:58 PM     0        41      1.00      0.00  migration/4
08:19:58 PM     0        42      2.00      0.00  ksoftirqd/4
08:19:58 PM     0        47      1.00      0.00  migration/5
08:19:58 PM     0        48      1.00      0.00  ksoftirqd/5
08:19:58 PM     0        53      2.00      0.00  migration/6
08:19:58 PM     0        54      2.00      0.00  ksoftirqd/6
08:19:58 PM     0        59      2.00      0.00  migration/7
08:19:58 PM     0        60      4.00      0.00  ksoftirqd/7
08:19:58 PM     0        65      1.00      0.00  migration/8
08:19:58 PM     0        66      2.00      0.00  ksoftirqd/8
08:19:58 PM     0        71      2.00      0.00  migration/9
08:19:58 PM     0        72      1.00      0.00  ksoftirqd/9
08:19:58 PM     0        77      1.00      0.00  migration/10
08:19:58 PM     0        83      2.00      0.00  migration/11
08:19:58 PM     0        84      2.00      0.00  ksoftirqd/11
08:19:58 PM     0        95      2.00      0.00  kcompactd0
08:19:58 PM     0       453      2.00      0.00  multipathd
08:19:58 PM     0     88171      3.00      0.00  kworker/u24:55-events_unbound
08:19:58 PM     0     98256      1.00      0.00  kworker/u24:2-events_power_efficient
08:19:58 PM     0    112707      1.00      0.00  kworker/3:0-mm_percpu_wq
08:19:58 PM     0    118120      3.00      0.00  kworker/9:2-events
08:19:58 PM     0    123430      3.00      0.00  kworker/6:0-events
08:19:58 PM     0    132616      2.00      0.00  kworker/7:0-events
08:19:58 PM     0    133744      3.00      0.00  kworker/4:1-events
08:19:58 PM     0    137207      7.00      0.00  kworker/0:2-events
08:19:58 PM     0    140699      3.00      0.00  kworker/1:0-events
08:19:58 PM     0    143435      1.00      0.00  kworker/5:0-mm_percpu_wq
08:19:58 PM     0    143767      3.00      0.00  kworker/8:0-events
08:19:58 PM     0    146022      3.00      0.00  kworker/11:1-events
08:19:58 PM     0    147677      1.00      0.00  kworker/10:1-mm_percpu_wq
08:19:58 PM     0    149033      1.00      0.00  iostat
08:19:58 PM     0    149034      1.00      0.00  pidstat
08:19:58 PM     0    149035      5.00      0.00  bash
08:19:58 PM     0    149036      6.00      0.00  bash
08:19:58 PM     0    149037      4.00      0.00  bash
08:19:58 PM     0    149039    100.00      0.00  fio
08:19:58 PM     0    149269      2.00      0.00  kworker/2:0-mm_percpu_wq
08:19:58 PM     0    149738      1.00      0.00  sleep
08:19:58 PM     0    149749      1.00      1.00  sleep
08:19:58 PM     0    149750      1.00      1.00  sleep

08:19:58 PM   UID       PID   cswch/s nvcswch/s  Command
08:19:59 PM     0        16      2.00      0.00  ksoftirqd/0
08:19:59 PM     0        17     22.00      0.00  rcu_preempt
08:19:59 PM     0        23      1.00      0.00  migration/1
08:19:59 PM     0        24      2.00      0.00  ksoftirqd/1
08:19:59 PM     0        30      1.00      0.00  ksoftirqd/2
08:19:59 PM     0        36      3.00      0.00  ksoftirqd/3
08:19:59 PM     0        42      2.00      0.00  ksoftirqd/4
08:19:59 PM     0        47      1.00      0.00  migration/5
08:19:59 PM     0        48      1.00      0.00  ksoftirqd/5
08:19:59 PM     0        53      1.00      0.00  migration/6
08:19:59 PM     0        54      2.00      0.00  ksoftirqd/6
08:19:59 PM     0        60      6.00      0.00  ksoftirqd/7
08:19:59 PM     0        66      2.00      0.00  ksoftirqd/8
08:19:59 PM     0        78      4.00      0.00  ksoftirqd/10
08:19:59 PM     0        84      2.00      0.00  ksoftirqd/11
08:19:59 PM     0        95      2.00      0.00  kcompactd0
08:19:59 PM     0       192      1.00      0.00  kworker/7:1H-kblockd
08:19:59 PM     0       453      3.00      0.00  multipathd
08:19:59 PM     0     88171      2.00      0.00  kworker/u24:55-edac-poller
08:19:59 PM     0    112707      2.00      0.00  kworker/3:0-events
08:19:59 PM     0    118120      4.00      0.00  kworker/9:2-events
08:19:59 PM     0    123430      5.00      0.00  kworker/6:0-events
08:19:59 PM     0    132616      2.00      0.00  kworker/7:0-events
08:19:59 PM     0    133744      2.00      0.00  kworker/4:1-mm_percpu_wq
08:19:59 PM     0    137207      4.00      0.00  kworker/0:2-mm_percpu_wq
08:19:59 PM     0    140699      5.00      0.00  kworker/1:0-events
08:19:59 PM     0    143435      2.00      0.00  kworker/5:0-mm_percpu_wq
08:19:59 PM     0    143767      5.00      0.00  kworker/8:0-events
08:19:59 PM     0    146022      1.00      0.00  kworker/11:1-mm_percpu_wq
08:19:59 PM     0    147677      2.00      0.00  kworker/10:1-mm_percpu_wq
08:19:59 PM     0    149033      1.00      0.00  iostat
08:19:59 PM     0    149034      1.00      0.00  pidstat
08:19:59 PM     0    149035      5.00      0.00  bash
08:19:59 PM     0    149036      8.00      0.00  bash
08:19:59 PM     0    149037      4.00      0.00  bash
08:19:59 PM     0    149039     99.00      0.00  fio
08:19:59 PM     0    149269      1.00      0.00  kworker/2:0-mm_percpu_wq
08:19:59 PM     0    149753      1.00      1.00  sleep
08:19:59 PM     0    149763      1.00      0.00  sleep
08:19:59 PM     0    149765      1.00      0.00  sleep

08:19:59 PM   UID       PID   cswch/s nvcswch/s  Command
08:20:00 PM     0        16      1.00      0.00  ksoftirqd/0
08:20:00 PM     0        17     20.00      0.00  rcu_preempt
08:20:00 PM     0        23      1.00      0.00  migration/1
08:20:00 PM     0        24      2.00      0.00  ksoftirqd/1
08:20:00 PM     0        30      3.00      0.00  ksoftirqd/2
08:20:00 PM     0        35      1.00      0.00  migration/3
08:20:00 PM     0        42      4.00      0.00  ksoftirqd/4
08:20:00 PM     0        47      1.00      0.00  migration/5
08:20:00 PM     0        48      1.00      0.00  ksoftirqd/5
08:20:00 PM     0        60      3.00      1.00  ksoftirqd/7
08:20:00 PM     0        65      1.00      0.00  migration/8
08:20:00 PM     0        72      2.00      0.00  ksoftirqd/9
08:20:00 PM     0        78      4.00      0.00  ksoftirqd/10
08:20:00 PM     0        84      2.00      0.00  ksoftirqd/11
08:20:00 PM     0        95      2.00      0.00  kcompactd0
08:20:00 PM     0       102      1.00      0.00  irq/9-acpi
08:20:00 PM     0       453      2.00      0.00  multipathd
08:20:00 PM     0     88171      5.00      0.00  kworker/u24:55-events_unbound
08:20:00 PM     0    112707   1140.00      1.00  kworker/3:0-mm_percpu_wq
08:20:00 PM     0    118120      3.00      0.00  kworker/9:2-events
08:20:00 PM     0    123430      2.00      0.00  kworker/6:0-mm_percpu_wq
08:20:00 PM     0    132616      3.00      0.00  kworker/7:0-events
08:20:00 PM     0    133744      2.00      0.00  kworker/4:1-mm_percpu_wq
08:20:00 PM     0    136508   1135.00      0.00  kworker/3:2-events
08:20:00 PM     0    137207      5.00      0.00  kworker/0:2-events
08:20:00 PM     0    140699      2.00      0.00  kworker/1:0-events
08:20:00 PM     0    143435      1.00      0.00  kworker/5:0-mm_percpu_wq
08:20:00 PM     0    143767      2.00      0.00  kworker/8:0-mm_percpu_wq
08:20:00 PM     0    146022      3.00      0.00  kworker/11:1-events
08:20:00 PM     0    147677      1.00      0.00  kworker/10:1-mm_percpu_wq
08:20:00 PM     0    148887      1.00      0.00  kworker/3:3-events
08:20:00 PM     0    149033      1.00      0.00  iostat
08:20:00 PM     0    149034      1.00      0.00  pidstat
08:20:00 PM     0    149035      5.00      0.00  bash
08:20:00 PM     0    149036      6.00      0.00  bash
08:20:00 PM     0    149037      4.00      0.00  bash
08:20:00 PM     0    149039     99.00      0.00  fio
08:20:00 PM     0    149269      4.00      0.00  kworker/2:0-events
08:20:00 PM     0    149768      1.00      1.00  sleep
08:20:00 PM     0    149778      1.00      0.00  sleep
08:20:00 PM     0    149780      1.00      0.00  sleep

08:20:00 PM   UID       PID   cswch/s nvcswch/s  Command
08:20:01 PM     0        16      2.00      0.00  ksoftirqd/0
08:20:01 PM     0        17     29.00      0.00  rcu_preempt
08:20:01 PM     0        24      1.00      0.00  ksoftirqd/1
08:20:01 PM     0        30      3.00      0.00  ksoftirqd/2
08:20:01 PM     0        36      3.00      0.00  ksoftirqd/3
08:20:01 PM     0        41      1.00      0.00  migration/4
08:20:01 PM     0        42      3.00      0.00  ksoftirqd/4
08:20:01 PM     0        47      1.00      0.00  migration/5
08:20:01 PM     0        48      2.00      0.00  ksoftirqd/5
08:20:01 PM     0        54      3.00      0.00  ksoftirqd/6
08:20:01 PM     0        59      2.00      0.00  migration/7
08:20:01 PM     0        60      4.00      0.00  ksoftirqd/7
08:20:01 PM     0        65      1.00      0.00  migration/8
08:20:01 PM     0        66      2.00      0.00  ksoftirqd/8
08:20:01 PM     0        72      1.00      0.00  ksoftirqd/9
08:20:01 PM     0        78      1.00      0.00  ksoftirqd/10
08:20:01 PM     0        83      1.00      0.00  migration/11
08:20:01 PM     0        84      3.00      0.00  ksoftirqd/11
08:20:01 PM     0        95      2.00      0.00  kcompactd0
08:20:01 PM     0       359      3.00      0.00  jbd2/nvme1n1p2-8
08:20:01 PM     0       415      3.00      0.00  systemd-journal
08:20:01 PM     0       453      2.00      0.00  multipathd
08:20:01 PM     0       562      3.00      0.00  jbd2/nvme1n1p3-8
08:20:01 PM     0       773      3.00      0.00  sshd
08:20:01 PM     0     88171      2.00      0.00  kworker/u24:55-edac-poller
08:20:01 PM     0    118120      2.00      0.00  kworker/9:2-mm_percpu_wq
08:20:01 PM     0    123430      6.00      0.00  kworker/6:0-events
08:20:01 PM     0    132616      4.00      0.00  kworker/7:0-events
08:20:01 PM     0    133744      2.00      0.00  kworker/4:1-events
08:20:01 PM     0    136508      2.00      0.00  kworker/3:2-events
08:20:01 PM     0    137207      3.00      0.00  kworker/0:2-events
08:20:01 PM     0    140699      6.00      0.00  kworker/1:0-events
08:20:01 PM     0    143435      4.00      0.00  kworker/5:0-events
08:20:01 PM     0    143767      1.00      0.00  kworker/8:0-mm_percpu_wq
08:20:01 PM     0    146022      4.00      0.00  kworker/11:1-mm_percpu_wq
08:20:01 PM     0    147677      3.00      0.00  kworker/10:1-mm_percpu_wq
08:20:01 PM     0    149033      1.00      0.00  iostat
08:20:01 PM     0    149034      1.00      0.00  pidstat
08:20:01 PM     0    149035      5.00      0.00  bash
08:20:01 PM     0    149036      8.00      0.00  bash
08:20:01 PM     0    149037      5.00      0.00  bash
08:20:01 PM     0    149039    100.00      0.00  fio
08:20:01 PM     0    149269      1.00      0.00  kworker/2:0-mm_percpu_wq
08:20:01 PM     0    149783      1.00      1.00  sleep
08:20:01 PM     0    149795      1.00      0.00  sleep
08:20:01 PM     0    149796      1.00      1.00  sleep

08:20:01 PM   UID       PID   cswch/s nvcswch/s  Command
08:20:02 PM     0        16      2.00      0.00  ksoftirqd/0
08:20:02 PM     0        17     19.00      0.00  rcu_preempt
08:20:02 PM     0        18      1.00      0.00  migration/0
08:20:02 PM     0        23      1.00      0.00  migration/1
08:20:02 PM     0        24      1.00      0.00  ksoftirqd/1
08:20:02 PM     0        29      2.00      0.00  migration/2
08:20:02 PM     0        35      2.00      0.00  migration/3
08:20:02 PM     0        36      1.00      0.00  ksoftirqd/3
08:20:02 PM     0        41      2.00      0.00  migration/4
08:20:02 PM     0        42      2.00      0.00  ksoftirqd/4
08:20:02 PM     0        47      1.00      0.00  migration/5
08:20:02 PM     0        48      1.00      0.00  ksoftirqd/5
08:20:02 PM     0        53      1.00      0.00  migration/6
08:20:02 PM     0        54      2.00      0.00  ksoftirqd/6
08:20:02 PM     0        59      2.00      0.00  migration/7
08:20:02 PM     0        60      3.00      0.00  ksoftirqd/7
08:20:02 PM     0        65      2.00      0.00  migration/8
08:20:02 PM     0        66      1.00      0.00  ksoftirqd/8
08:20:02 PM     0        71      2.00      0.00  migration/9
08:20:02 PM     0        72      5.00      0.00  ksoftirqd/9
08:20:02 PM     0        77      1.00      0.00  migration/10
08:20:02 PM     0        78      4.00      0.00  ksoftirqd/10
08:20:02 PM     0        83      1.00      0.00  migration/11
08:20:02 PM     0        84      4.00      0.00  ksoftirqd/11
08:20:02 PM     0        95      2.00      0.00  kcompactd0
08:20:02 PM     0       415      1.00      0.00  systemd-journal
08:20:02 PM     0       453      2.00      0.00  multipathd
08:20:02 PM     0       769      3.00      0.00  cron
08:20:02 PM     0     88171      2.00      0.00  kworker/u24:55-events_power_efficient
08:20:02 PM     0     98256      2.00      0.00  kworker/u24:2-edac-poller
08:20:02 PM     0    118120      2.00      0.00  kworker/9:2-mm_percpu_wq
08:20:02 PM     0    123430      4.00      0.00  kworker/6:0-events
08:20:02 PM     0    132616      8.00      0.00  kworker/7:0-events
08:20:02 PM     0    133744      2.00      0.00  kworker/4:1-mm_percpu_wq
08:20:02 PM     0    136508      3.00      0.00  kworker/3:2-events
08:20:02 PM     0    137207      5.00      0.00  kworker/0:2-events
08:20:02 PM     0    140699      1.00      0.00  kworker/1:0-mm_percpu_wq
08:20:02 PM     0    143435      2.00      0.00  kworker/5:0-events
08:20:02 PM     0    143767      1.00      0.00  kworker/8:0-mm_percpu_wq
08:20:02 PM     0    146022      2.00      0.00  kworker/11:1-events
08:20:02 PM     0    147677      2.00      0.00  kworker/10:1-events
08:20:02 PM     0    149033      1.00      0.00  iostat
08:20:02 PM     0    149034      1.00      0.00  pidstat
08:20:02 PM     0    149035      5.00      0.00  bash
08:20:02 PM     0    149036      7.00      0.00  bash
08:20:02 PM     0    149037      4.00      0.00  bash
08:20:02 PM     0    149039     99.00      0.00  fio
08:20:02 PM     0    149269      2.00      0.00  kworker/2:0-events
08:20:02 PM     0    149799      1.00      0.00  sleep
08:20:02 PM     0    149810      1.00      1.00  sleep
08:20:02 PM     0    149811      1.00      0.00  sleep

08:20:02 PM   UID       PID   cswch/s nvcswch/s  Command
08:20:03 PM     0        16      3.00      0.00  ksoftirqd/0
08:20:03 PM     0        17     16.00      0.00  rcu_preempt
08:20:03 PM     0        24      1.00      0.00  ksoftirqd/1
08:20:03 PM     0        30      3.00      0.00  ksoftirqd/2
08:20:03 PM     0        36      1.00      0.00  ksoftirqd/3
08:20:03 PM     0        42      3.00      0.00  ksoftirqd/4
08:20:03 PM     0        47      1.00      0.00  migration/5
08:20:03 PM     0        48      2.00      0.00  ksoftirqd/5
08:20:03 PM     0        53      1.00      0.00  migration/6
08:20:03 PM     0        54      2.00      0.00  ksoftirqd/6
08:20:03 PM     0        60      2.00      0.00  ksoftirqd/7
08:20:03 PM     0        65      1.00      0.00  migration/8
08:20:03 PM     0        66      7.00      0.00  ksoftirqd/8
08:20:03 PM     0        72      2.00      0.00  ksoftirqd/9
08:20:03 PM     0        78      4.00      0.00  ksoftirqd/10
08:20:03 PM     0        83      2.00      0.00  migration/11
08:20:03 PM     0        84      1.00      0.00  ksoftirqd/11
08:20:03 PM     0        95      2.00      0.00  kcompactd0
08:20:03 PM     0       453      1.00      0.00  multipathd
08:20:03 PM     0     21554      1.00      0.00  packagekitd
08:20:03 PM     0     98256      2.00      0.00  kworker/u24:2-edac-poller
08:20:03 PM     0    118120      2.00      0.00  kworker/9:2-events
08:20:03 PM     0    123430      7.00      0.00  kworker/6:0-events
08:20:03 PM     0    132616      3.00      0.00  kworker/7:0-events
08:20:03 PM     0    133744      1.00      0.00  kworker/4:1-mm_percpu_wq
08:20:03 PM     0    136508      3.00      0.00  kworker/3:2-mm_percpu_wq
08:20:03 PM     0    137207      2.00      0.00  kworker/0:2-events
08:20:03 PM     0    140699      3.00      0.00  kworker/1:0-events
08:20:03 PM     0    143435      2.00      0.00  kworker/5:0-mm_percpu_wq
08:20:03 PM     0    143767      2.00      0.00  kworker/8:0-mm_percpu_wq
08:20:03 PM     0    146022      3.00      0.00  kworker/11:1-events
08:20:03 PM     0    147677      4.00      0.00  kworker/10:1-events
08:20:03 PM     0    149033      1.00      0.00  iostat
08:20:03 PM     0    149034      1.00      0.00  pidstat
08:20:03 PM     0    149035      5.00      0.00  bash
08:20:03 PM     0    149036      6.00      0.00  bash
08:20:03 PM     0    149037      4.00      0.00  bash
08:20:03 PM     0    149039    100.00      0.00  fio
08:20:03 PM     0    149269      3.00      0.00  kworker/2:0-events
08:20:03 PM     0    149814      1.00      1.00  sleep
08:20:03 PM     0    149824      1.00      0.00  sleep
08:20:03 PM     0    149826      1.00      0.00  sleep

08:20:03 PM   UID       PID   cswch/s nvcswch/s  Command
08:20:04 PM     0        16      1.00      0.00  ksoftirqd/0
08:20:04 PM     0        17     18.00      0.00  rcu_preempt
08:20:04 PM     0        18      1.00      0.00  migration/0
08:20:04 PM     0        24      3.00      0.00  ksoftirqd/1
08:20:04 PM     0        30      2.00      0.00  ksoftirqd/2
08:20:04 PM     0        36      1.00      0.00  ksoftirqd/3
08:20:04 PM     0        41      1.00      0.00  migration/4
08:20:04 PM     0        42      2.00      0.00  ksoftirqd/4
08:20:04 PM     0        47      1.00      0.00  migration/5
08:20:04 PM     0        48      4.00      0.00  ksoftirqd/5
08:20:04 PM     0        54      1.00      0.00  ksoftirqd/6
08:20:04 PM     0        59      2.00      0.00  migration/7
08:20:04 PM     0        60      2.00      0.00  ksoftirqd/7
08:20:04 PM     0        66      2.00      0.00  ksoftirqd/8
08:20:04 PM     0        72      2.00      0.00  ksoftirqd/9
08:20:04 PM     0        77      1.00      0.00  migration/10
08:20:04 PM     0        78      3.00      0.00  ksoftirqd/10
08:20:04 PM     0        95      2.00      0.00  kcompactd0
08:20:04 PM     0       172      4.00      0.00  kworker/3:1H-kblockd
08:20:04 PM     0       453      1.00      0.00  multipathd
08:20:04 PM     0     88171      1.00      0.00  kworker/u24:55-events_power_efficient
08:20:04 PM     0     98256      6.00      0.00  kworker/u24:2-writeback
08:20:04 PM     0    118120      3.00      0.00  kworker/9:2-mm_percpu_wq
08:20:04 PM     0    123430      6.00      0.00  kworker/6:0-events
08:20:04 PM     0    132616      4.00      0.00  kworker/7:0-events
08:20:04 PM     0    133744      2.00      0.00  kworker/4:1-mm_percpu_wq
08:20:04 PM     0    136508      4.00      0.00  kworker/3:2-events
08:20:04 PM     0    137207      3.00      0.00  kworker/0:2-events
08:20:04 PM     0    140699      3.00      0.00  kworker/1:0-events
08:20:04 PM     0    143435      1.00      0.00  kworker/5:0-mm_percpu_wq
08:20:04 PM     0    143767      1.00      0.00  kworker/8:0-mm_percpu_wq
08:20:04 PM     0    146022      2.00      0.00  kworker/11:1-events
08:20:04 PM     0    147677      6.00      0.00  kworker/10:1-events
08:20:04 PM     0    149033      1.00      0.00  iostat
08:20:04 PM     0    149034      1.00      0.00  pidstat
08:20:04 PM     0    149035      5.00      0.00  bash
08:20:04 PM     0    149036      6.00      0.00  bash
08:20:04 PM     0    149037      4.00      0.00  bash
08:20:04 PM     0    149039     99.00      0.00  fio
08:20:04 PM     0    149269      3.00      0.00  kworker/2:0-mm_percpu_wq
08:20:04 PM     0    149829      1.00      1.00  sleep
08:20:04 PM     0    149839      2.00      1.00  sleep
08:20:04 PM     0    149841      1.00      0.00  sleep

08:20:04 PM   UID       PID   cswch/s nvcswch/s  Command
08:20:05 PM     0        16      4.00      0.00  ksoftirqd/0
08:20:05 PM     0        17     15.00      0.00  rcu_preempt
08:20:05 PM     0        23      1.00      0.00  migration/1
08:20:05 PM     0        24      1.00      0.00  ksoftirqd/1
08:20:05 PM     0        30      2.00      0.00  ksoftirqd/2
08:20:05 PM     0        35      1.00      0.00  migration/3
08:20:05 PM     0        36      1.00      0.00  ksoftirqd/3
08:20:05 PM     0        42      2.00      0.00  ksoftirqd/4
08:20:05 PM     0        48      1.00      0.00  ksoftirqd/5
08:20:05 PM     0        54      2.00      0.00  ksoftirqd/6
08:20:05 PM     0        60      1.00      0.00  ksoftirqd/7
08:20:05 PM     0        66      1.00      0.00  ksoftirqd/8
08:20:05 PM     0        72      2.00      0.00  ksoftirqd/9
08:20:05 PM     0        83      1.00      0.00  migration/11
08:20:05 PM     0        95      2.00      0.00  kcompactd0
08:20:05 PM     0       113      1.00      0.00  kworker/5:1H-kblockd
08:20:05 PM     0       453      1.00      0.00  multipathd
08:20:05 PM     0     98256      2.00      0.00  kworker/u24:2-events_unbound
08:20:05 PM     0    118120      1.00      0.00  kworker/9:2-mm_percpu_wq
08:20:05 PM     0    123430      8.00      0.00  kworker/6:0-events
08:20:05 PM     0    132616      1.00      0.00  kworker/7:0-mm_percpu_wq
08:20:05 PM     0    133744      1.00      0.00  kworker/4:1-mm_percpu_wq
08:20:05 PM     0    136508      1.00      0.00  kworker/3:2-mm_percpu_wq
08:20:05 PM     0    137207      4.00      0.00  kworker/0:2-events
08:20:05 PM     0    140699      4.00      0.00  kworker/1:0-mm_percpu_wq
08:20:05 PM     0    143435      2.00      0.00  kworker/5:0-events
08:20:05 PM     0    143767      1.00      0.00  kworker/8:0-mm_percpu_wq
08:20:05 PM     0    146022      2.00      0.00  kworker/11:1-mm_percpu_wq
08:20:05 PM     0    147677      2.00      0.00  kworker/10:1-mm_percpu_wq
08:20:05 PM     0    149033      1.00      0.00  iostat
08:20:05 PM     0    149034      1.00      0.00  pidstat
08:20:05 PM     0    149035      5.00      0.00  bash
08:20:05 PM     0    149036      6.00      0.00  bash
08:20:05 PM     0    149037      4.00      0.00  bash
08:20:05 PM     0    149039    100.00      0.00  fio
08:20:05 PM     0    149269      3.00      0.00  kworker/2:0-events
08:20:05 PM     0    149844      1.00      0.00  sleep

08:20:05 PM   UID       PID   cswch/s nvcswch/s  Command
08:20:06 PM     0        16      1.00      0.00  ksoftirqd/0
08:20:06 PM     0        17     15.00      0.00  rcu_preempt
08:20:06 PM     0        18      1.00      0.00  migration/0
08:20:06 PM     0        23      1.00      0.00  migration/1
08:20:06 PM     0        24      4.00      0.00  ksoftirqd/1
08:20:06 PM     0        29      1.00      0.00  migration/2
08:20:06 PM     0        30      1.00      0.00  ksoftirqd/2
08:20:06 PM     0        35      1.00      0.00  migration/3
08:20:06 PM     0        36      4.00      0.00  ksoftirqd/3
08:20:06 PM     0        41      1.00      0.00  migration/4
08:20:06 PM     0        42      1.00      0.00  ksoftirqd/4
08:20:06 PM     0        47      1.00      0.00  migration/5
08:20:06 PM     0        48      1.00      0.00  ksoftirqd/5
08:20:06 PM     0        53      1.00      0.00  migration/6
08:20:06 PM     0        59      1.00      0.00  migration/7
08:20:06 PM     0        60      2.00      0.00  ksoftirqd/7
08:20:06 PM     0        65      1.00      0.00  migration/8
08:20:06 PM     0        66      2.00      0.00  ksoftirqd/8
08:20:06 PM     0        71      1.00      0.00  migration/9
08:20:06 PM     0        72      1.00      0.00  ksoftirqd/9
08:20:06 PM     0        77      1.00      0.00  migration/10
08:20:06 PM     0        78      2.00      0.00  ksoftirqd/10
08:20:06 PM     0        83      1.00      0.00  migration/11
08:20:06 PM     0        95      2.00      0.00  kcompactd0
08:20:06 PM     0       172      1.00      0.00  kworker/3:1H-kblockd
08:20:06 PM     0       189      1.00      0.00  kworker/4:1H-kblockd
08:20:06 PM     0       453      1.00      0.00  multipathd
08:20:06 PM     0       562      3.00      0.00  jbd2/nvme1n1p3-8
08:20:06 PM     0     88171      2.00      0.00  kworker/u24:55-flush-259:1
08:20:06 PM     0     98256      5.00      0.00  kworker/u24:2-writeback
08:20:06 PM     0    118120      1.00      0.00  kworker/9:2-mm_percpu_wq
08:20:06 PM     0    123430      5.00      0.00  kworker/6:0-events
08:20:06 PM     0    132616      1.00      0.00  kworker/7:0-mm_percpu_wq
08:20:06 PM     0    133744      4.00      0.00  kworker/4:1-mm_percpu_wq
08:20:06 PM     0    136508      4.00      0.00  kworker/3:2-events
08:20:06 PM     0    137207      3.00      0.00  kworker/0:2-events
08:20:06 PM     0    140699      3.00      0.00  kworker/1:0-events
08:20:06 PM     0    143435      3.00      0.00  kworker/5:0-mm_percpu_wq
08:20:06 PM     0    143767      2.00      0.00  kworker/8:0-mm_percpu_wq
08:20:06 PM     0    146022      1.00      0.00  kworker/11:1-mm_percpu_wq
08:20:06 PM     0    147677      4.00      0.00  kworker/10:1-events
08:20:06 PM     0    149033      1.00      0.00  iostat
08:20:06 PM     0    149034      1.00      0.00  pidstat
08:20:06 PM     0    149035      1.00      0.00  bash
08:20:06 PM     0    149036      3.00      0.00  bash
08:20:06 PM     0    149037      4.00      0.00  bash
08:20:06 PM     0    149039     99.00      0.00  fio
08:20:06 PM     0    149269      3.00      0.00  kworker/2:0-events
08:20:06 PM     0    149859      1.00      0.00  sleep

08:20:06 PM   UID       PID   cswch/s nvcswch/s  Command
08:20:07 PM     0        16      2.00      0.00  ksoftirqd/0
08:20:07 PM     0        17     19.00      0.00  rcu_preempt
08:20:07 PM     0        24      4.00      0.00  ksoftirqd/1
08:20:07 PM     0        29      2.00      0.00  migration/2
08:20:07 PM     0        30      1.00      0.00  ksoftirqd/2
08:20:07 PM     0        35      1.00      0.00  migration/3
08:20:07 PM     0        41      1.00      0.00  migration/4
08:20:07 PM     0        42      3.00      0.00  ksoftirqd/4
08:20:07 PM     0        48      3.00      0.00  ksoftirqd/5
08:20:07 PM     0        54      1.00      0.00  ksoftirqd/6
08:20:07 PM     0        66      2.00      0.00  ksoftirqd/8
08:20:07 PM     0        72      4.00      0.00  ksoftirqd/9
08:20:07 PM     0        77      1.00      0.00  migration/10
08:20:07 PM     0        78      7.00      0.00  ksoftirqd/10
08:20:07 PM     0        83      1.00      0.00  migration/11
08:20:07 PM     0        95      2.00      0.00  kcompactd0
08:20:07 PM     0       359      3.00      0.00  jbd2/nvme1n1p2-8
08:20:07 PM     0       453      1.00      0.00  multipathd
08:20:07 PM     0     88171      5.00      0.00  kworker/u24:55-events_power_efficient
08:20:07 PM     0     98256      1.00      0.00  kworker/u24:2-writeback
08:20:07 PM     0    118120      2.00      0.00  kworker/9:2-mm_percpu_wq
08:20:07 PM     0    123430      7.00      0.00  kworker/6:0-events
08:20:07 PM     0    132616      1.00      0.00  kworker/7:0-mm_percpu_wq
08:20:07 PM     0    133744      2.00      0.00  kworker/4:1-mm_percpu_wq
08:20:07 PM     0    136508      1.00      0.00  kworker/3:2-mm_percpu_wq
08:20:07 PM     0    137207      5.00      0.00  kworker/0:2-events
08:20:07 PM     0    140699      3.00      0.00  kworker/1:0-events
08:20:07 PM     0    143435      4.00      0.00  kworker/5:0-mm_percpu_wq
08:20:07 PM     0    143767      2.00      0.00  kworker/8:0-events
08:20:07 PM     0    146022      1.00      0.00  kworker/11:1-mm_percpu_wq
08:20:07 PM     0    147677      3.00      0.00  kworker/10:1-mm_percpu_wq
08:20:07 PM     0    149033      1.00      0.00  iostat
08:20:07 PM     0    149034      1.00      0.00  pidstat
08:20:07 PM     0    149035      4.00      0.00  bash
08:20:07 PM     0    149036      3.00      0.00  bash
08:20:07 PM     0    149037      4.00      0.00  bash
08:20:07 PM     0    149039     99.00      0.00  fio
08:20:07 PM     0    149269      1.00      0.00  kworker/2:0-mm_percpu_wq
08:20:07 PM     0    149870      1.00      1.00  sleep
08:20:07 PM     0    149871      1.00      0.00  sleep
08:20:07 PM     0    149874      1.00      0.00  sleep

08:20:07 PM   UID       PID   cswch/s nvcswch/s  Command
08:20:08 PM     0        16      1.00      0.00  ksoftirqd/0
08:20:08 PM     0        17     23.00      0.00  rcu_preempt
08:20:08 PM     0        24      1.00      0.00  ksoftirqd/1
08:20:08 PM     0        30      2.00      0.00  ksoftirqd/2
08:20:08 PM     0        35      1.00      0.00  migration/3
08:20:08 PM     0        36      4.00      0.00  ksoftirqd/3
08:20:08 PM     0        42      3.00      0.00  ksoftirqd/4
08:20:08 PM     0        48      1.00      0.00  ksoftirqd/5
08:20:08 PM     0        53      1.00      0.00  migration/6
08:20:08 PM     0        54      1.00      0.00  ksoftirqd/6
08:20:08 PM     0        60      2.00      0.00  ksoftirqd/7
08:20:08 PM     0        65      1.00      0.00  migration/8
08:20:08 PM     0        66      3.00      0.00  ksoftirqd/8
08:20:08 PM     0        72      2.00      0.00  ksoftirqd/9
08:20:08 PM     0        77      1.00      0.00  migration/10
08:20:08 PM     0        78      2.00      0.00  ksoftirqd/10
08:20:08 PM     0        83      1.00      0.00  migration/11
08:20:08 PM     0        84      2.00      0.00  ksoftirqd/11
08:20:08 PM     0        95      2.00      0.00  kcompactd0
08:20:08 PM     0       453      1.00      0.00  multipathd
08:20:08 PM     0     98256      1.00      0.00  kworker/u24:2-edac-poller
08:20:08 PM     0    118120      3.00      0.00  kworker/9:2-events
08:20:08 PM     0    123430      5.00      0.00  kworker/6:0-events
08:20:08 PM     0    132616      4.00      0.00  kworker/7:0-events
08:20:08 PM     0    133744      2.00      0.00  kworker/4:1-events
08:20:08 PM     0    136508      3.00      0.00  kworker/3:2-mm_percpu_wq
08:20:08 PM     0    137207      3.00      0.00  kworker/0:2-events
08:20:08 PM     0    140699      2.00      0.00  kworker/1:0-mm_percpu_wq
08:20:08 PM     0    143435      2.00      0.00  kworker/5:0-mm_percpu_wq
08:20:08 PM     0    143767      3.00      0.00  kworker/8:0-mm_percpu_wq
08:20:08 PM     0    146022      3.00      0.00  kworker/11:1-mm_percpu_wq
08:20:08 PM     0    147677      2.00      0.00  kworker/10:1-mm_percpu_wq
08:20:08 PM     0    149033      1.00      0.00  iostat
08:20:08 PM     0    149034      1.00      0.00  pidstat
08:20:08 PM     0    149035      5.00      0.00  bash
08:20:08 PM     0    149036      7.00      0.00  bash
08:20:08 PM     0    149037      4.00      0.00  bash
08:20:08 PM     0    149039    100.00      0.00  fio
08:20:08 PM     0    149269      2.00      0.00  kworker/2:0-mm_percpu_wq
08:20:08 PM     0    149885      1.00      1.00  sleep
08:20:08 PM     0    149886      1.00      0.00  sleep
08:20:08 PM     0    149889      1.00      1.00  sleep

08:20:08 PM   UID       PID   cswch/s nvcswch/s  Command
08:20:09 PM     0        16      3.00      0.00  ksoftirqd/0
08:20:09 PM     0        17     22.00      0.00  rcu_preempt
08:20:09 PM     0        18      1.00      0.00  migration/0
08:20:09 PM     0        24      4.00      0.00  ksoftirqd/1
08:20:09 PM     0        30      1.00      0.00  ksoftirqd/2
08:20:09 PM     0        36      2.00      0.00  ksoftirqd/3
08:20:09 PM     0        42      5.00      0.00  ksoftirqd/4
08:20:09 PM     0        48      4.00      0.00  ksoftirqd/5
08:20:09 PM     0        54      1.00      0.00  ksoftirqd/6
08:20:09 PM     0        60      1.00      0.00  ksoftirqd/7
08:20:09 PM     0        66      2.00      0.00  ksoftirqd/8
08:20:09 PM     0        71      1.00      0.00  migration/9
08:20:09 PM     0        72      1.00      0.00  ksoftirqd/9
08:20:09 PM     0        78      3.00      0.00  ksoftirqd/10
08:20:09 PM     0        83      1.00      0.00  migration/11
08:20:09 PM     0        95      2.00      0.00  kcompactd0
08:20:09 PM     0       453      2.00      0.00  multipathd
08:20:09 PM     0     98256      3.00      0.00  kworker/u24:2-events_unbound
08:20:09 PM     0    118120      2.00      0.00  kworker/9:2-mm_percpu_wq
08:20:09 PM     0    123430      3.00      0.00  kworker/6:0-mm_percpu_wq
08:20:09 PM     0    132616      1.00      0.00  kworker/7:0-mm_percpu_wq
08:20:09 PM     0    133744      2.00      0.00  kworker/4:1-mm_percpu_wq
08:20:09 PM     0    136508      2.00      0.00  kworker/3:2-mm_percpu_wq
08:20:09 PM     0    137207      5.00      0.00  kworker/0:2-events
08:20:09 PM     0    140699      4.00      0.00  kworker/1:0-events
08:20:09 PM     0    143435      1.00      0.00  kworker/5:0-mm_percpu_wq
08:20:09 PM     0    143767      2.00      0.00  kworker/8:0-events
08:20:09 PM     0    146022      4.00      0.00  kworker/11:1-mm_percpu_wq
08:20:09 PM     0    147677      4.00      0.00  kworker/10:1-events
08:20:09 PM     0    149033      1.00      0.00  iostat
08:20:09 PM     0    149034      1.00      0.00  pidstat
08:20:09 PM     0    149035      5.00      0.00  bash
08:20:09 PM     0    149036      8.00      0.00  bash
08:20:09 PM     0    149037      4.00      0.00  bash
08:20:09 PM     0    149039     99.00      0.00  fio
08:20:09 PM     0    149269      3.00      0.00  kworker/2:0-mm_percpu_wq
08:20:09 PM     0    149900      1.00      0.00  sleep
08:20:09 PM     0    149901      1.00      0.00  sleep
08:20:09 PM     0    149904      1.00      0.00  sleep

08:20:09 PM   UID       PID   cswch/s nvcswch/s  Command
08:20:10 PM     0        16      2.00      0.00  ksoftirqd/0
08:20:10 PM     0        17     20.00      0.00  rcu_preempt
08:20:10 PM     0        18      1.00      0.00  migration/0
08:20:10 PM     0        23      1.00      0.00  migration/1
08:20:10 PM     0        24      2.00      0.00  ksoftirqd/1
08:20:10 PM     0        29      2.00      0.00  migration/2
08:20:10 PM     0        30      2.00      0.00  ksoftirqd/2
08:20:10 PM     0        35      2.00      0.00  migration/3
08:20:10 PM     0        41      1.00      0.00  migration/4
08:20:10 PM     0        42      2.00      0.00  ksoftirqd/4
08:20:10 PM     0        47      2.00      0.00  migration/5
08:20:10 PM     0        48      1.00      0.00  ksoftirqd/5
08:20:10 PM     0        53      1.00      0.00  migration/6
08:20:10 PM     0        54      1.00      0.00  ksoftirqd/6
08:20:10 PM     0        59      2.00      0.00  migration/7
08:20:10 PM     0        60      1.00      0.00  ksoftirqd/7
08:20:10 PM     0        65      1.00      0.00  migration/8
08:20:10 PM     0        66      2.00      0.00  ksoftirqd/8
08:20:10 PM     0        71      2.00      0.00  migration/9
08:20:10 PM     0        72      3.00      0.00  ksoftirqd/9
08:20:10 PM     0        77      2.00      0.00  migration/10
08:20:10 PM     0        78      1.00      0.00  ksoftirqd/10
08:20:10 PM     0        83      2.00      0.00  migration/11
08:20:10 PM     0        84      2.00      0.00  ksoftirqd/11
08:20:10 PM     0        95      2.00      0.00  kcompactd0
08:20:10 PM     0       453      1.00      0.00  multipathd
08:20:10 PM     0     98256      1.00      0.00  kworker/u24:2-edac-poller
08:20:10 PM     0    118120      2.00      0.00  kworker/9:2-mm_percpu_wq
08:20:10 PM     0    123430      3.00      0.00  kworker/6:0-mm_percpu_wq
08:20:10 PM     0    132616      2.00      0.00  kworker/7:0-mm_percpu_wq
08:20:10 PM     0    133744      5.00      0.00  kworker/4:1-events
08:20:10 PM     0    136508      2.00      0.00  kworker/3:2-events
08:20:10 PM     0    137207      4.00      0.00  kworker/0:2-events
08:20:10 PM     0    140699      2.00      0.00  kworker/1:0-mm_percpu_wq
08:20:10 PM     0    143435      3.00      0.00  kworker/5:0-events
08:20:10 PM     0    143767      4.00      0.00  kworker/8:0-mm_percpu_wq
08:20:10 PM     0    146022      2.00      0.00  kworker/11:1-mm_percpu_wq
08:20:10 PM     0    147677      3.00      0.00  kworker/10:1-mm_percpu_wq
08:20:10 PM     0    149033      1.00      0.00  iostat
08:20:10 PM     0    149034      1.00      0.00  pidstat
08:20:10 PM     0    149035      5.00      0.00  bash
08:20:10 PM     0    149036      5.00      0.00  bash
08:20:10 PM     0    149037      4.00      0.00  bash
08:20:10 PM     0    149039    100.00      0.00  fio
08:20:10 PM     0    149269      3.00      0.00  kworker/2:0-mm_percpu_wq
08:20:10 PM     0    149915      1.00      1.00  sleep
08:20:10 PM     0    149916      2.00      1.00  sleep
08:20:10 PM     0    149919      1.00      1.00  sleep

08:20:10 PM   UID       PID   cswch/s nvcswch/s  Command
08:20:11 PM     0         1      4.00      0.00  systemd
08:20:11 PM     0        16      1.00      0.00  ksoftirqd/0
08:20:11 PM     0        17     39.00      0.00  rcu_preempt
08:20:11 PM     0        18      1.00      0.00  migration/0
08:20:11 PM     0        24      2.00      1.00  ksoftirqd/1
08:20:11 PM     0        29      1.00      0.00  migration/2
08:20:11 PM     0        30      2.00      0.00  ksoftirqd/2
08:20:11 PM     0        35      1.00      0.00  migration/3
08:20:11 PM     0        36      3.00      0.00  ksoftirqd/3
08:20:11 PM     0        42      4.00      0.00  ksoftirqd/4
08:20:11 PM     0        48      1.00      0.00  ksoftirqd/5
08:20:11 PM     0        54      1.00      0.00  ksoftirqd/6
08:20:11 PM     0        60      5.00      0.00  ksoftirqd/7
08:20:11 PM     0        66      4.00      0.00  ksoftirqd/8
08:20:11 PM     0        72      3.00      0.00  ksoftirqd/9
08:20:11 PM     0        77      1.00      0.00  migration/10
08:20:11 PM     0        78      2.00      0.00  ksoftirqd/10
08:20:11 PM     0        83      1.00      0.00  migration/11
08:20:11 PM     0        84      3.00      0.00  ksoftirqd/11
08:20:11 PM     0        95      2.00      0.00  kcompactd0
08:20:11 PM     0       192      1.00      0.00  kworker/7:1H-kblockd
08:20:11 PM     0       415      2.00      0.00  systemd-journal
08:20:11 PM     0       453      1.00      0.00  multipathd
08:20:11 PM     0       562      3.00      0.00  jbd2/nvme1n1p3-8
08:20:11 PM     0       773      3.00      0.00  sshd
08:20:11 PM     0     98256      2.00      0.00  kworker/u24:2-events_unbound
08:20:11 PM     0    118120      2.00      0.00  kworker/9:2-mm_percpu_wq
08:20:11 PM     0    123430      8.00      0.00  kworker/6:0-events
08:20:11 PM     0    132616      2.00      0.00  kworker/7:0-mm_percpu_wq
08:20:11 PM     0    133744      1.00      0.00  kworker/4:1-mm_percpu_wq
08:20:11 PM     0    136508      1.00      0.00  kworker/3:2-mm_percpu_wq
08:20:11 PM     0    137207      2.00      0.00  kworker/0:2-mm_percpu_wq
08:20:11 PM     0    140699      2.00      0.00  kworker/1:0-mm_percpu_wq
08:20:11 PM     0    143435      1.00      0.00  kworker/5:0-mm_percpu_wq
08:20:11 PM     0    143767      3.00      0.00  kworker/8:0-mm_percpu_wq
08:20:11 PM     0    146022      2.00      0.00  kworker/11:1-events
08:20:11 PM     0    147677      2.00      0.00  kworker/10:1-mm_percpu_wq
08:20:11 PM     0    149033      1.00      0.00  iostat
08:20:11 PM     0    149034      1.00      0.00  pidstat
08:20:11 PM     0    149035      5.00      0.00  bash
08:20:11 PM     0    149036      8.00      0.00  bash
08:20:11 PM     0    149037      4.00      0.00  bash
08:20:11 PM     0    149039     99.00      0.00  fio
08:20:11 PM     0    149269      8.00      0.00  kworker/2:0-events
08:20:11 PM     0    149930      1.00      1.00  sleep
08:20:11 PM     0    149931      1.00      0.00  sleep
08:20:11 PM     0    149934      1.00      0.00  sleep

08:20:11 PM   UID       PID   cswch/s nvcswch/s  Command
08:20:12 PM     0        16      1.00      0.00  ksoftirqd/0
08:20:12 PM     0        17     19.00      0.00  rcu_preempt
08:20:12 PM     0        30      3.00      0.00  ksoftirqd/2
08:20:12 PM     0        36      2.00      0.00  ksoftirqd/3
08:20:12 PM     0        41      2.00      0.00  migration/4
08:20:12 PM     0        42      1.00      0.00  ksoftirqd/4
08:20:12 PM     0        48      1.00      0.00  ksoftirqd/5
08:20:12 PM     0        54      1.00      0.00  ksoftirqd/6
08:20:12 PM     0        60      4.00      0.00  ksoftirqd/7
08:20:12 PM     0        65      2.00      0.00  migration/8
08:20:12 PM     0        66      2.00      0.00  ksoftirqd/8
08:20:12 PM     0        72      2.00      0.00  ksoftirqd/9
08:20:12 PM     0        78      1.00      0.00  ksoftirqd/10
08:20:12 PM     0        84      1.00      0.00  ksoftirqd/11
08:20:12 PM     0        95      2.00      0.00  kcompactd0
08:20:12 PM     0       195      1.00      0.00  kworker/6:1H-kblockd
08:20:12 PM     0       415      1.00      0.00  systemd-journal
08:20:12 PM     0       453      2.00      0.00  multipathd
08:20:12 PM     0     88171      1.00      0.00  kworker/u24:55-events_power_efficient
08:20:12 PM     0     88840      1.00      0.00  kworker/u24:1-flush-259:1
08:20:12 PM     0     98256      5.00      0.00  kworker/u24:2-flush-259:1
08:20:12 PM     0    118120      3.00      0.00  kworker/9:2-events
08:20:12 PM     0    123430      3.00      0.00  kworker/6:0-events
08:20:12 PM     0    132616      2.00      0.00  kworker/7:0-mm_percpu_wq
08:20:12 PM     0    133744      3.00      0.00  kworker/4:1-events
08:20:12 PM     0    136508      2.00      0.00  kworker/3:2-mm_percpu_wq
08:20:12 PM     0    137207      4.00      0.00  kworker/0:2-events
08:20:12 PM     0    140699      4.00      0.00  kworker/1:0-events
08:20:12 PM     0    143435      3.00      0.00  kworker/5:0-mm_percpu_wq
08:20:12 PM     0    143767      1.00      0.00  kworker/8:0-mm_percpu_wq
08:20:12 PM     0    146022      2.00      0.00  kworker/11:1-mm_percpu_wq
08:20:12 PM     0    147677      4.00      0.00  kworker/10:1-events
08:20:12 PM     0    149033      1.00      0.00  iostat
08:20:12 PM     0    149034      1.00      0.00  pidstat
08:20:12 PM     0    149035      5.00      0.00  bash
08:20:12 PM     0    149036      7.00      0.00  bash
08:20:12 PM     0    149037      4.00      0.00  bash
08:20:12 PM     0    149039     99.00      0.00  fio
08:20:12 PM     0    149269      2.00      0.00  kworker/2:0-mm_percpu_wq
08:20:12 PM     0    149946      1.00      0.00  sleep
08:20:12 PM     0    149948      1.00      0.00  sleep
08:20:12 PM     0    149951      1.00      0.00  sleep

08:20:12 PM   UID       PID   cswch/s nvcswch/s  Command
08:20:13 PM     0        17     23.00      0.00  rcu_preempt
08:20:13 PM     0        24      2.00      0.00  ksoftirqd/1
08:20:13 PM     0        30      3.00      0.00  ksoftirqd/2
08:20:13 PM     0        35      1.00      0.00  migration/3
08:20:13 PM     0        36      3.00      0.00  ksoftirqd/3
08:20:13 PM     0        48      5.00      0.00  ksoftirqd/5
08:20:13 PM     0        54      1.00      0.00  ksoftirqd/6
08:20:13 PM     0        60      1.00      0.00  ksoftirqd/7
08:20:13 PM     0        65      1.00      0.00  migration/8
08:20:13 PM     0        66      4.00      0.00  ksoftirqd/8
08:20:13 PM     0        71      1.00      0.00  migration/9
08:20:13 PM     0        78      4.00      0.00  ksoftirqd/10
08:20:13 PM     0        84      2.00      0.00  ksoftirqd/11
08:20:13 PM     0        95      2.00      0.00  kcompactd0
08:20:13 PM     0       102      1.00      0.00  irq/9-acpi
08:20:13 PM     0       453      2.00      0.00  multipathd
08:20:13 PM     0     21554      1.00      0.00  packagekitd
08:20:13 PM     0     88840      1.00      0.00  kworker/u24:1-flush-259:1
08:20:13 PM     0     98256      4.00      0.00  kworker/u24:2-events_power_efficient
08:20:13 PM     0    112707      1.00      0.00  kworker/3:0-i915-unordered
08:20:13 PM     0    118120      2.00      0.00  kworker/9:2-events
08:20:13 PM     0    123430      5.00      0.00  kworker/6:0-events
08:20:13 PM     0    132616      1.00      0.00  kworker/7:0-mm_percpu_wq
08:20:13 PM     0    133744      1.00      0.00  kworker/4:1-mm_percpu_wq
08:20:13 PM     0    136508     10.00      0.00  kworker/3:2-mm_percpu_wq
08:20:13 PM     0    137207      5.00      0.00  kworker/0:2-events
08:20:13 PM     0    140699      4.00      0.00  kworker/1:0-events
08:20:13 PM     0    143435      1.00      0.00  kworker/5:0-mm_percpu_wq
08:20:13 PM     0    143767      3.00      0.00  kworker/8:0-events
08:20:13 PM     0    146022      3.00      0.00  kworker/11:1-events
08:20:13 PM     0    147677      3.00      0.00  kworker/10:1-events
08:20:13 PM     0    149033      1.00      0.00  iostat
08:20:13 PM     0    149034      1.00      0.00  pidstat
08:20:13 PM     0    149035      5.00      0.00  bash
08:20:13 PM     0    149036      8.00      0.00  bash
08:20:13 PM     0    149037      4.00      0.00  bash
08:20:13 PM     0    149039    100.00      0.00  fio
08:20:13 PM     0    149269      3.00      0.00  kworker/2:0-events
08:20:13 PM     0    149962      1.00      1.00  sleep
08:20:13 PM     0    149963      1.00      0.00  sleep
08:20:13 PM     0    149966      1.00      0.00  sleep

08:20:13 PM   UID       PID   cswch/s nvcswch/s  Command
08:20:14 PM     0        16      2.00      0.00  ksoftirqd/0
08:20:14 PM     0        17     17.00      0.00  rcu_preempt
08:20:14 PM     0        18      1.00      0.00  migration/0
08:20:14 PM     0        23      1.00      0.00  migration/1
08:20:14 PM     0        24      4.00      0.00  ksoftirqd/1
08:20:14 PM     0        29      2.00      0.00  migration/2
08:20:14 PM     0        30      2.00      0.00  ksoftirqd/2
08:20:14 PM     0        35      1.00      0.00  migration/3
08:20:14 PM     0        36      2.00      0.00  ksoftirqd/3
08:20:14 PM     0        41      1.00      0.00  migration/4
08:20:14 PM     0        42      5.00      0.00  ksoftirqd/4
08:20:14 PM     0        47      2.00      0.00  migration/5
08:20:14 PM     0        48      2.00      0.00  ksoftirqd/5
08:20:14 PM     0        53      1.00      0.00  migration/6
08:20:14 PM     0        54      2.00      0.00  ksoftirqd/6
08:20:14 PM     0        59      1.00      0.00  migration/7
08:20:14 PM     0        60      3.00      0.00  ksoftirqd/7
08:20:14 PM     0        65      2.00      0.00  migration/8
08:20:14 PM     0        66      2.00      0.00  ksoftirqd/8
08:20:14 PM     0        71      1.00      0.00  migration/9
08:20:14 PM     0        72      2.00      0.00  ksoftirqd/9
08:20:14 PM     0        77      1.00      0.00  migration/10
08:20:14 PM     0        78      1.00      0.00  ksoftirqd/10
08:20:14 PM     0        83      3.00      0.00  migration/11
08:20:14 PM     0        95      2.00      0.00  kcompactd0
08:20:14 PM     0       453      1.00      0.00  multipathd
08:20:14 PM     0     88840      1.00      0.00  kworker/u24:1-edac-poller
08:20:14 PM     0    118120      3.00      0.00  kworker/9:2-events
08:20:14 PM     0    123430      4.00      0.00  kworker/6:0-events
08:20:14 PM     0    132616      1.00      0.00  kworker/7:0-mm_percpu_wq
08:20:14 PM     0    133744      3.00      0.00  kworker/4:1-mm_percpu_wq
08:20:14 PM     0    136508      2.00      0.00  kworker/3:2-events
08:20:14 PM     0    137207      1.00      0.00  kworker/0:2-events
08:20:14 PM     0    140699      6.00      0.00  kworker/1:0-mm_percpu_wq
08:20:14 PM     0    143435      2.00      0.00  kworker/5:0-events
08:20:14 PM     0    143767      2.00      0.00  kworker/8:0-mm_percpu_wq
08:20:14 PM     0    146022      5.00      0.00  kworker/11:1-events
08:20:14 PM     0    147677      2.00      0.00  kworker/10:1-mm_percpu_wq
08:20:14 PM     0    149033      1.00      0.00  iostat
08:20:14 PM     0    149034      1.00      0.00  pidstat
08:20:14 PM     0    149035      5.00      0.00  bash
08:20:14 PM     0    149036      7.00      0.00  bash
08:20:14 PM     0    149037      4.00      0.00  bash
08:20:14 PM     0    149039     99.00      0.00  fio
08:20:14 PM     0    149269      3.00      0.00  kworker/2:0-mm_percpu_wq
08:20:14 PM     0    149977      1.00      0.00  sleep
08:20:14 PM     0    149978      1.00      0.00  sleep
08:20:14 PM     0    149981      1.00      0.00  sleep

08:20:14 PM   UID       PID   cswch/s nvcswch/s  Command
08:20:15 PM     0        16      3.00      0.00  ksoftirqd/0
08:20:15 PM     0        17     11.00      0.00  rcu_preempt
08:20:15 PM     0        29      1.00      0.00  migration/2
08:20:15 PM     0        30      4.00      0.00  ksoftirqd/2
08:20:15 PM     0        36      2.00      0.00  ksoftirqd/3
08:20:15 PM     0        42      6.00      0.00  ksoftirqd/4
08:20:15 PM     0        48      4.00      0.00  ksoftirqd/5
08:20:15 PM     0        53      1.00      0.00  migration/6
08:20:15 PM     0        59      1.00      0.00  migration/7
08:20:15 PM     0        60      1.00      0.00  ksoftirqd/7
08:20:15 PM     0        65      1.00      0.00  migration/8
08:20:15 PM     0        66      1.00      0.00  ksoftirqd/8
08:20:15 PM     0        78      1.00      0.00  ksoftirqd/10
08:20:15 PM     0        84      5.00      0.00  ksoftirqd/11
08:20:15 PM     0        95      2.00      0.00  kcompactd0
08:20:15 PM     0       453      1.00      0.00  multipathd
08:20:15 PM     0     88840      2.00      0.00  kworker/u24:1-events_unbound
08:20:15 PM     0    118120      1.00      0.00  kworker/9:2-mm_percpu_wq
08:20:15 PM     0    123430      4.00      0.00  kworker/6:0-mm_percpu_wq
08:20:15 PM     0    132616      2.00      0.00  kworker/7:0-events
08:20:15 PM     0    133744      2.00      0.00  kworker/4:1-mm_percpu_wq
08:20:15 PM     0    136508      2.00      0.00  kworker/3:2-events
08:20:15 PM     0    137207      3.00      0.00  kworker/0:2-events
08:20:15 PM     0    140699      4.00      0.00  kworker/1:0-mm_percpu_wq
08:20:15 PM     0    143435      2.00      0.00  kworker/5:0-mm_percpu_wq
08:20:15 PM     0    143767      1.00      0.00  kworker/8:0-mm_percpu_wq
08:20:15 PM     0    146022      4.00      0.00  kworker/11:1-events
08:20:15 PM     0    147677      1.00      0.00  kworker/10:1-mm_percpu_wq
08:20:15 PM     0    149033      1.00      0.00  iostat
08:20:15 PM     0    149034      1.00      0.00  pidstat
08:20:15 PM     0    149035      5.00      0.00  bash
08:20:15 PM     0    149036      7.00      0.00  bash
08:20:15 PM     0    149037      4.00      0.00  bash
08:20:15 PM     0    149039    100.00      0.00  fio
08:20:15 PM     0    149269      4.00      0.00  kworker/2:0-mm_percpu_wq
08:20:15 PM     0    149993      1.00      0.00  sleep
08:20:15 PM     0    149995      1.00      0.00  sleep
08:20:15 PM     0    149996      1.00      1.00  sleep

08:20:15 PM   UID       PID   cswch/s nvcswch/s  Command
08:20:16 PM     0        16      2.00      0.00  ksoftirqd/0
08:20:16 PM     0        17     13.00      0.00  rcu_preempt
08:20:16 PM     0        18      1.00      0.00  migration/0
08:20:16 PM     0        23      2.00      0.00  migration/1
08:20:16 PM     0        24      1.00      0.00  ksoftirqd/1
08:20:16 PM     0        30      4.00      0.00  ksoftirqd/2
08:20:16 PM     0        36      3.00      0.00  ksoftirqd/3
08:20:16 PM     0        41      1.00      0.00  migration/4
08:20:16 PM     0        42      2.00      0.00  ksoftirqd/4
08:20:16 PM     0        47      2.00      0.00  migration/5
08:20:16 PM     0        48      5.00      0.00  ksoftirqd/5
08:20:16 PM     0        60      4.00      0.00  ksoftirqd/7
08:20:16 PM     0        66      1.00      0.00  ksoftirqd/8
08:20:16 PM     0        72      2.00      0.00  ksoftirqd/9
08:20:16 PM     0        78      3.00      0.00  ksoftirqd/10
08:20:16 PM     0        84      4.00      0.00  ksoftirqd/11
08:20:16 PM     0        95      2.00      0.00  kcompactd0
08:20:16 PM     0       453      1.00      0.00  multipathd
08:20:16 PM     0       562      3.00      0.00  jbd2/nvme1n1p3-8
08:20:16 PM     0     88840      1.00      0.00  kworker/u24:1-edac-poller
08:20:16 PM     0    118120      1.00      0.00  kworker/9:2-mm_percpu_wq
08:20:16 PM     0    123430      3.00      0.00  kworker/6:0-mm_percpu_wq
08:20:16 PM     0    132616      3.00      0.00  kworker/7:0-mm_percpu_wq
08:20:16 PM     0    133744      4.00      0.00  kworker/4:1-events
08:20:16 PM     0    136508      2.00      0.00  kworker/3:2-events
08:20:16 PM     0    137207      4.00      0.00  kworker/0:2-events
08:20:16 PM     0    140699      2.00      0.00  kworker/1:0-mm_percpu_wq
08:20:16 PM     0    143435      4.00      0.00  kworker/5:0-mm_percpu_wq
08:20:16 PM     0    143767      1.00      0.00  kworker/8:0-mm_percpu_wq
08:20:16 PM     0    146022      1.00      0.00  kworker/11:1-mm_percpu_wq
08:20:16 PM     0    147677      3.00      0.00  kworker/10:1-events
08:20:16 PM     0    149033      1.00      0.00  iostat
08:20:16 PM     0    149034      1.00      0.00  pidstat
08:20:16 PM     0    149035      5.00      0.00  bash
08:20:16 PM     0    149036      7.00      0.00  bash
08:20:16 PM     0    149037      4.00      0.00  bash
08:20:16 PM     0    149039     99.00      0.00  fio
08:20:16 PM     0    149269      4.00      0.00  kworker/2:0-mm_percpu_wq
08:20:16 PM     0    150000      1.00      0.00  sleep
08:20:16 PM     0    150010      1.00      0.00  sleep
08:20:16 PM     0    150011      1.00      0.00  sleep

08:20:16 PM   UID       PID   cswch/s nvcswch/s  Command
08:20:17 PM     0        16      1.00      0.00  ksoftirqd/0
08:20:17 PM     0        17     26.00      0.00  rcu_preempt
08:20:17 PM     0        23      1.00      0.00  migration/1
08:20:17 PM     0        24      1.00      0.00  ksoftirqd/1
08:20:17 PM     0        29      1.00      0.00  migration/2
08:20:17 PM     0        30      4.00      0.00  ksoftirqd/2
08:20:17 PM     0        36      2.00      0.00  ksoftirqd/3
08:20:17 PM     0        42      2.00      0.00  ksoftirqd/4
08:20:17 PM     0        48      2.00      0.00  ksoftirqd/5
08:20:17 PM     0        54      2.00      0.00  ksoftirqd/6
08:20:17 PM     0        59      1.00      0.00  migration/7
08:20:17 PM     0        60      2.00      0.00  ksoftirqd/7
08:20:17 PM     0        65      1.00      0.00  migration/8
08:20:17 PM     0        66      1.00      0.00  ksoftirqd/8
08:20:17 PM     0        72      1.00      0.00  ksoftirqd/9
08:20:17 PM     0        78      3.00      0.00  ksoftirqd/10
08:20:17 PM     0        84      5.00      0.00  ksoftirqd/11
08:20:17 PM     0        95      2.00      0.00  kcompactd0
08:20:17 PM     0       113      4.00      0.00  kworker/5:1H-kblockd
08:20:17 PM     0       176      1.00      0.00  kworker/11:1H-kblockd
08:20:17 PM     0       189      1.00      0.00  kworker/4:1H-kblockd
08:20:17 PM     0       453      2.00      0.00  multipathd
08:20:17 PM     0     88171      8.00      0.00  kworker/u24:55-writeback
08:20:17 PM     0     88840      1.00      0.00  kworker/u24:1-flush-259:1
08:20:17 PM     0     98256      4.00      0.00  kworker/u24:2-events_unbound
08:20:17 PM     0    118120      3.00      0.00  kworker/9:2-mm_percpu_wq
08:20:17 PM     0    123430      7.00      0.00  kworker/6:0-mm_percpu_wq
08:20:17 PM     0    132616      1.00      0.00  kworker/7:0-mm_percpu_wq
08:20:17 PM     0    133744      2.00      0.00  kworker/4:1-events
08:20:17 PM     0    136508      1.00      0.00  kworker/3:2-mm_percpu_wq
08:20:17 PM     0    137207      4.00      0.00  kworker/0:2-events
08:20:17 PM     0    140699      5.00      0.00  kworker/1:0-events
08:20:17 PM     0    143435      4.00      0.00  kworker/5:0-mm_percpu_wq
08:20:17 PM     0    143767      5.00      0.00  kworker/8:0-events
08:20:17 PM     0    146022      2.00      0.00  kworker/11:1-mm_percpu_wq
08:20:17 PM     0    147677      3.00      0.00  kworker/10:1-events
08:20:17 PM     0    149033      1.00      0.00  iostat
08:20:17 PM     0    149034      1.00      0.00  pidstat
08:20:17 PM     0    149035      5.00      0.00  bash
08:20:17 PM     0    149036      7.00      0.00  bash
08:20:17 PM     0    149037      4.00      0.00  bash
08:20:17 PM     0    149039    100.00      0.00  fio
08:20:17 PM     0    149269      3.00      0.00  kworker/2:0-mm_percpu_wq
08:20:17 PM     0    150014      1.00      0.00  sleep
08:20:17 PM     0    150024      1.00      0.00  sleep
08:20:17 PM     0    150026      1.00      0.00  sleep

08:20:17 PM   UID       PID   cswch/s nvcswch/s  Command
08:20:18 PM     0        16      4.00      0.00  ksoftirqd/0
08:20:18 PM     0        17     22.00      0.00  rcu_preempt
08:20:18 PM     0        18      1.00      0.00  migration/0
08:20:18 PM     0        23      1.00      0.00  migration/1
08:20:18 PM     0        24      1.00      0.00  ksoftirqd/1
08:20:18 PM     0        29      3.00      0.00  migration/2
08:20:18 PM     0        30      3.00      0.00  ksoftirqd/2
08:20:18 PM     0        35      1.00      0.00  migration/3
08:20:18 PM     0        36      3.00      0.00  ksoftirqd/3
08:20:18 PM     0        41      2.00      0.00  migration/4
08:20:18 PM     0        42      4.00      0.00  ksoftirqd/4
08:20:18 PM     0        47      2.00      0.00  migration/5
08:20:18 PM     0        48      1.00      0.00  ksoftirqd/5
08:20:18 PM     0        53      1.00      0.00  migration/6
08:20:18 PM     0        54      2.00      0.00  ksoftirqd/6
08:20:18 PM     0        59      1.00      0.00  migration/7
08:20:18 PM     0        60      4.00      0.00  ksoftirqd/7
08:20:18 PM     0        65      1.00      0.00  migration/8
08:20:18 PM     0        66      2.00      0.00  ksoftirqd/8
08:20:18 PM     0        71      2.00      0.00  migration/9
08:20:18 PM     0        72      1.00      0.00  ksoftirqd/9
08:20:18 PM     0        77      2.00      0.00  migration/10
08:20:18 PM     0        83      2.00      0.00  migration/11
08:20:18 PM     0        84      1.00      0.00  ksoftirqd/11
08:20:18 PM     0        95      2.00      0.00  kcompactd0
08:20:18 PM     0       189      1.00      0.00  kworker/4:1H-kblockd
08:20:18 PM     0       192      2.00      0.00  kworker/7:1H-kblockd
08:20:18 PM     0       359      3.00      0.00  jbd2/nvme1n1p2-8
08:20:18 PM     0       453      1.00      0.00  multipathd
08:20:18 PM     0     88171      1.00      0.00  kworker/u24:55-events_power_efficient
08:20:18 PM     0     88840      2.00      0.00  kworker/u24:1-ext4-rsv-conversion
08:20:18 PM     0     98256      5.00      0.00  kworker/u24:2-edac-poller
08:20:18 PM     0    118120      2.00      0.00  kworker/9:2-mm_percpu_wq
08:20:18 PM     0    123430      2.00      0.00  kworker/6:0-events
08:20:18 PM     0    132616      1.00      0.00  kworker/7:0-mm_percpu_wq
08:20:18 PM     0    133744      5.00      0.00  kworker/4:1-events
08:20:18 PM     0    136508      1.00      0.00  kworker/3:2-mm_percpu_wq
08:20:18 PM     0    137207      7.00      0.00  kworker/0:2-events
08:20:18 PM     0    140699      2.00      0.00  kworker/1:0-mm_percpu_wq
08:20:18 PM     0    143435      1.00      0.00  kworker/5:0-mm_percpu_wq
08:20:18 PM     0    143767      2.00      0.00  kworker/8:0-mm_percpu_wq
08:20:18 PM     0    146022      1.00      0.00  kworker/11:1-mm_percpu_wq
08:20:18 PM     0    147677      2.00      0.00  kworker/10:1-mm_percpu_wq
08:20:18 PM     0    149033      1.00      0.00  iostat
08:20:18 PM     0    149034      1.00      0.00  pidstat
08:20:18 PM     0    149035      5.00      0.00  bash
08:20:18 PM     0    149036      7.00      0.00  bash
08:20:18 PM     0    149037      4.00      0.00  bash
08:20:18 PM     0    149039     99.00      0.00  fio
08:20:18 PM     0    149269      6.00      0.00  kworker/2:0-events
08:20:18 PM     0    150029      1.00      1.00  sleep
08:20:18 PM     0    150039      1.00      1.00  sleep
08:20:18 PM     0    150041      1.00      1.00  sleep

08:20:18 PM   UID       PID   cswch/s nvcswch/s  Command
08:20:19 PM     0        16      2.00      0.00  ksoftirqd/0
08:20:19 PM     0        17     20.00      0.00  rcu_preempt
08:20:19 PM     0        24      2.00      0.00  ksoftirqd/1
08:20:19 PM     0        30      7.00      0.00  ksoftirqd/2
08:20:19 PM     0        36      5.00      0.00  ksoftirqd/3
08:20:19 PM     0        42      4.00      1.00  ksoftirqd/4
08:20:19 PM     0        48      1.00      0.00  ksoftirqd/5
08:20:19 PM     0        53      2.00      0.00  migration/6
08:20:19 PM     0        54      1.00      0.00  ksoftirqd/6
08:20:19 PM     0        59      1.00      0.00  migration/7
08:20:19 PM     0        60      1.00      0.00  ksoftirqd/7
08:20:19 PM     0        66      1.00      0.00  ksoftirqd/8
08:20:19 PM     0        72      4.00      0.00  ksoftirqd/9
08:20:19 PM     0        77      1.00      0.00  migration/10
08:20:19 PM     0        78      1.00      0.00  ksoftirqd/10
08:20:19 PM     0        84      2.00      0.00  ksoftirqd/11
08:20:19 PM     0        95      2.00      0.00  kcompactd0
08:20:19 PM     0       453      1.00      0.00  multipathd
08:20:19 PM     0     98256      2.00      0.00  kworker/u24:2-events_unbound
08:20:19 PM     0    118120      3.00      0.00  kworker/9:2-events
08:20:19 PM     0    123430      9.00      0.00  kworker/6:0-events
08:20:19 PM     0    132616      1.00      0.00  kworker/7:0-mm_percpu_wq
08:20:19 PM     0    133744      3.00      0.00  kworker/4:1-mm_percpu_wq
08:20:19 PM     0    136508      2.00      0.00  kworker/3:2-mm_percpu_wq
08:20:19 PM     0    137207      1.00      0.00  kworker/0:2-events
08:20:19 PM     0    140699      3.00      0.00  kworker/1:0-mm_percpu_wq
08:20:19 PM     0    143435      1.00      0.00  kworker/5:0-mm_percpu_wq
08:20:19 PM     0    143767      2.00      0.00  kworker/8:0-mm_percpu_wq
08:20:19 PM     0    146022      2.00      0.00  kworker/11:1-events
08:20:19 PM     0    147677      2.00      0.00  kworker/10:1-mm_percpu_wq
08:20:19 PM     0    149033      1.00      0.00  iostat
08:20:19 PM     0    149034      1.00      0.00  pidstat
08:20:19 PM     0    149035      5.00      0.00  bash
08:20:19 PM     0    149036      7.00      0.00  bash
08:20:19 PM     0    149037      4.00      0.00  bash
08:20:19 PM     0    149039     99.00      0.00  fio
08:20:19 PM     0    149269      1.00      0.00  kworker/2:0-mm_percpu_wq
08:20:19 PM     0    150044      1.00      0.00  sleep
08:20:19 PM     0    150055      1.00      0.00  sleep
08:20:19 PM     0    150056      1.00      0.00  sleep

08:20:19 PM   UID       PID   cswch/s nvcswch/s  Command
08:20:20 PM     0        16      2.00      0.00  ksoftirqd/0
08:20:20 PM     0        17     19.00      0.00  rcu_preempt
08:20:20 PM     0        24      1.00      0.00  ksoftirqd/1
08:20:20 PM     0        29      1.00      0.00  migration/2
08:20:20 PM     0        30      1.00      0.00  ksoftirqd/2
08:20:20 PM     0        36      2.00      0.00  ksoftirqd/3
08:20:20 PM     0        42      5.00      0.00  ksoftirqd/4
08:20:20 PM     0        48      3.00      0.00  ksoftirqd/5
08:20:20 PM     0        54      1.00      0.00  ksoftirqd/6
08:20:20 PM     0        60      2.00      0.00  ksoftirqd/7
08:20:20 PM     0        72      1.00      0.00  ksoftirqd/9
08:20:20 PM     0        78      2.00      0.00  ksoftirqd/10
08:20:20 PM     0        84      1.00      0.00  ksoftirqd/11
08:20:20 PM     0        95      2.00      0.00  kcompactd0
08:20:20 PM     0       453      1.00      0.00  multipathd
08:20:20 PM     0     98256      1.00      0.00  kworker/u24:2-edac-poller
08:20:20 PM     0    118120      1.00      0.00  kworker/9:2-mm_percpu_wq
08:20:20 PM     0    123430      5.00      0.00  kworker/6:0-events
08:20:20 PM     0    132616      1.00      0.00  kworker/7:0-mm_percpu_wq
08:20:20 PM     0    133744      2.00      0.00  kworker/4:1-mm_percpu_wq
08:20:20 PM     0    136508      2.00      0.00  kworker/3:2-events
08:20:20 PM     0    137207      3.00      0.00  kworker/0:2-mm_percpu_wq
08:20:20 PM     0    140699      3.00      0.00  kworker/1:0-mm_percpu_wq
08:20:20 PM     0    143435      1.00      0.00  kworker/5:0-mm_percpu_wq
08:20:20 PM     0    143767      1.00      0.00  kworker/8:0-mm_percpu_wq
08:20:20 PM     0    146022      2.00      0.00  kworker/11:1-events
08:20:20 PM     0    147677      4.00      0.00  kworker/10:1-mm_percpu_wq
08:20:20 PM     0    149033      1.00      0.00  iostat
08:20:20 PM     0    149034      1.00      0.00  pidstat
08:20:20 PM     0    149035      5.00      0.00  bash
08:20:20 PM     0    149036      8.00      0.00  bash
08:20:20 PM     0    149037      4.00      0.00  bash
08:20:20 PM     0    149039    100.00      0.00  fio
08:20:20 PM     0    149269      7.00      0.00  kworker/2:0-mm_percpu_wq
08:20:20 PM     0    150059      1.00      0.00  sleep
08:20:20 PM     0    150070      1.00      1.00  sleep
08:20:20 PM     0    150071      1.00      0.00  sleep

08:20:20 PM   UID       PID   cswch/s nvcswch/s  Command
08:20:21 PM     0        16      4.00      0.00  ksoftirqd/0
08:20:21 PM     0        17     20.00      0.00  rcu_preempt
08:20:21 PM     0        18      1.00      0.00  migration/0
08:20:21 PM     0        24      3.00      0.00  ksoftirqd/1
08:20:21 PM     0        30      3.00      0.00  ksoftirqd/2
08:20:21 PM     0        36      2.00      0.00  ksoftirqd/3
08:20:21 PM     0        42      1.00      0.00  ksoftirqd/4
08:20:21 PM     0        53      1.00      0.00  migration/6
08:20:21 PM     0        54      1.00      0.00  ksoftirqd/6
08:20:21 PM     0        59      1.00      0.00  migration/7
08:20:21 PM     0        66      1.00      0.00  ksoftirqd/8
08:20:21 PM     0        72      4.00      0.00  ksoftirqd/9
08:20:21 PM     0        78      1.00      0.00  ksoftirqd/10
08:20:21 PM     0        84      1.00      0.00  ksoftirqd/11
08:20:21 PM     0        95      2.00      0.00  kcompactd0
08:20:21 PM     0       453      1.00      0.00  multipathd
08:20:21 PM     0       562      3.00      0.00  jbd2/nvme1n1p3-8
08:20:21 PM     0     98256      4.00      0.00  kworker/u24:2-writeback
08:20:21 PM     0    118120      3.00      0.00  kworker/9:2-events
08:20:21 PM     0    123430      5.00      0.00  kworker/6:0-mm_percpu_wq
08:20:21 PM     0    132616      2.00      0.00  kworker/7:0-events
08:20:21 PM     0    133744      3.00      0.00  kworker/4:1-events
08:20:21 PM     0    136508      3.00      0.00  kworker/3:2-events
08:20:21 PM     0    137207      6.00      0.00  kworker/0:2-events
08:20:21 PM     0    140699      2.00      0.00  kworker/1:0-mm_percpu_wq
08:20:21 PM     0    143435      2.00      0.00  kworker/5:0-mm_percpu_wq
08:20:21 PM     0    143767      1.00      0.00  kworker/8:0-mm_percpu_wq
08:20:21 PM     0    146022      1.00      0.00  kworker/11:1-mm_percpu_wq
08:20:21 PM     0    147677      2.00      0.00  kworker/10:1-mm_percpu_wq
08:20:21 PM     0    149033      1.00      0.00  iostat
08:20:21 PM     0    149034      1.00      0.00  pidstat
08:20:21 PM     0    149035      5.00      0.00  bash
08:20:21 PM     0    149036      7.00      0.00  bash
08:20:21 PM     0    149037      4.00      0.00  bash
08:20:21 PM     0    149039     99.00      0.00  fio
08:20:21 PM     0    149269      1.00      0.00  kworker/2:0-mm_percpu_wq
08:20:21 PM     0    150074      1.00      0.00  sleep
08:20:21 PM     0    150085      1.00      0.00  sleep
08:20:21 PM     0    150086      1.00      0.00  sleep

08:20:21 PM   UID       PID   cswch/s nvcswch/s  Command
08:20:22 PM     0        16      2.00      0.00  ksoftirqd/0
08:20:22 PM     0        17     20.00      0.00  rcu_preempt
08:20:22 PM     0        18      1.00      0.00  migration/0
08:20:22 PM     0        23      2.00      0.00  migration/1
08:20:22 PM     0        24      2.00      0.00  ksoftirqd/1
08:20:22 PM     0        29      1.00      0.00  migration/2
08:20:22 PM     0        30      3.00      0.00  ksoftirqd/2
08:20:22 PM     0        35      3.00      0.00  migration/3
08:20:22 PM     0        36      1.00      0.00  ksoftirqd/3
08:20:22 PM     0        41      1.00      0.00  migration/4
08:20:22 PM     0        47      1.00      0.00  migration/5
08:20:22 PM     0        48      6.00      1.00  ksoftirqd/5
08:20:22 PM     0        53      2.00      0.00  migration/6
08:20:22 PM     0        54      1.00      0.00  ksoftirqd/6
08:20:22 PM     0        59      3.00      0.00  migration/7
08:20:22 PM     0        60      3.00      0.00  ksoftirqd/7
08:20:22 PM     0        65      1.00      0.00  migration/8
08:20:22 PM     0        66      2.00      0.00  ksoftirqd/8
08:20:22 PM     0        71      1.00      0.00  migration/9
08:20:22 PM     0        72      2.00      0.00  ksoftirqd/9
08:20:22 PM     0        77      1.00      0.00  migration/10
08:20:22 PM     0        78      1.00      0.00  ksoftirqd/10
08:20:22 PM     0        83      1.00      0.00  migration/11
08:20:22 PM     0        84      3.00      0.00  ksoftirqd/11
08:20:22 PM     0        95      2.00      0.00  kcompactd0
08:20:22 PM     0       453      1.00      0.00  multipathd
08:20:22 PM     0     98256      1.00      0.00  kworker/u24:2-edac-poller
08:20:22 PM     0    118120      1.00      0.00  kworker/9:2-mm_percpu_wq
08:20:22 PM     0    123430      4.00      0.00  kworker/6:0-events
08:20:22 PM     0    132616      2.00      0.00  kworker/7:0-mm_percpu_wq
08:20:22 PM     0    133744      3.00      0.00  kworker/4:1-events
08:20:22 PM     0    136508      1.00      0.00  kworker/3:2-mm_percpu_wq
08:20:22 PM     0    137207      4.00      0.00  kworker/0:2-events
08:20:22 PM     0    140699      5.00      1.00  kworker/1:0-events
08:20:22 PM     0    143435      4.00      0.00  kworker/5:0-mm_percpu_wq
08:20:22 PM     0    143767      1.00      0.00  kworker/8:0-mm_percpu_wq
08:20:22 PM     0    146022      1.00      0.00  kworker/11:1-mm_percpu_wq
08:20:22 PM     0    147677      2.00      0.00  kworker/10:1-mm_percpu_wq
08:20:22 PM     0    149033      1.00      0.00  iostat
08:20:22 PM     0    149034      1.00      0.00  pidstat
08:20:22 PM     0    149035      5.00      0.00  bash
08:20:22 PM     0    149036      7.00      0.00  bash
08:20:22 PM     0    149037      4.00      0.00  bash
08:20:22 PM     0    149039    100.00      0.00  fio
08:20:22 PM     0    149269      3.00      0.00  kworker/2:0-mm_percpu_wq
08:20:22 PM     0    150089      1.00      1.00  sleep
08:20:22 PM     0    150100      1.00      0.00  sleep
08:20:22 PM     0    150101      1.00      1.00  sleep

08:20:22 PM   UID       PID   cswch/s nvcswch/s  Command
08:20:23 PM     0        16      2.00      0.00  ksoftirqd/0
08:20:23 PM     0        17     22.00      0.00  rcu_preempt
08:20:23 PM     0        18      1.00      0.00  migration/0
08:20:23 PM     0        23      1.00      0.00  migration/1
08:20:23 PM     0        24      3.00      0.00  ksoftirqd/1
08:20:23 PM     0        29      1.00      0.00  migration/2
08:20:23 PM     0        30      2.00      0.00  ksoftirqd/2
08:20:23 PM     0        35      1.00      0.00  migration/3
08:20:23 PM     0        36      1.00      0.00  ksoftirqd/3
08:20:23 PM     0        42      2.00      0.00  ksoftirqd/4
08:20:23 PM     0        47      1.00      0.00  migration/5
08:20:23 PM     0        48      4.00      0.00  ksoftirqd/5
08:20:23 PM     0        60      5.00      0.00  ksoftirqd/7
08:20:23 PM     0        65      1.00      0.00  migration/8
08:20:23 PM     0        66      2.00      0.00  ksoftirqd/8
08:20:23 PM     0        72      1.00      0.00  ksoftirqd/9
08:20:23 PM     0        78      2.00      0.00  ksoftirqd/10
08:20:23 PM     0        83      1.00      0.00  migration/11
08:20:23 PM     0        84      1.00      0.00  ksoftirqd/11
08:20:23 PM     0        95      2.00      0.00  kcompactd0
08:20:23 PM     0       102      1.00      0.00  irq/9-acpi
08:20:23 PM     0       188      1.00      0.00  kworker/2:1H-kblockd
08:20:23 PM     0       453      2.00      0.00  multipathd
08:20:23 PM     0     21554      1.00      0.00  packagekitd
08:20:23 PM     0     88840      6.00      0.00  kworker/u24:1-writeback
08:20:23 PM     0     98256      1.00      0.00  kworker/u24:2-events_power_efficient
08:20:23 PM     0    112707      1.00      0.00  kworker/3:0+i915-unordered
08:20:23 PM     0    118120      1.00      0.00  kworker/9:2-mm_percpu_wq
08:20:23 PM     0    123430      4.00      0.00  kworker/6:0-events
08:20:23 PM     0    132616      5.00      0.00  kworker/7:0-mm_percpu_wq
08:20:23 PM     0    133744      5.00      0.00  kworker/4:1-events
08:20:23 PM     0    136508   1058.00      0.00  kworker/3:2+events
08:20:23 PM     0    137207      4.00      0.00  kworker/0:2-events
08:20:23 PM     0    140699      3.00      0.00  kworker/1:0-events
08:20:23 PM     0    143435      3.00      0.00  kworker/5:0-mm_percpu_wq
08:20:23 PM     0    143767      1.00      0.00  kworker/8:0-mm_percpu_wq
08:20:23 PM     0    146022      1.00      0.00  kworker/11:1-mm_percpu_wq
08:20:23 PM     0    147677      1.00      0.00  kworker/10:1-mm_percpu_wq
08:20:23 PM     0    149033      1.00      0.00  iostat
08:20:23 PM     0    149034      1.00      0.00  pidstat
08:20:23 PM     0    149035      5.00      0.00  bash
08:20:23 PM     0    149036      7.00      0.00  bash
08:20:23 PM     0    149037      4.00      0.00  bash
08:20:23 PM     0    149039     99.00      0.00  fio
08:20:23 PM     0    149269      3.00      0.00  kworker/2:0-mm_percpu_wq
08:20:23 PM     0    150104      1.00      0.00  sleep
08:20:23 PM     0    150114      1.00      0.00  sleep
08:20:23 PM     0    150116      1.00      1.00  sleep

08:20:23 PM   UID       PID   cswch/s nvcswch/s  Command
08:20:24 PM     0        16      2.00      0.00  ksoftirqd/0
08:20:24 PM     0        17     19.00      0.00  rcu_preempt
08:20:24 PM     0        24      3.00      1.00  ksoftirqd/1
08:20:24 PM     0        30      2.00      0.00  ksoftirqd/2
08:20:24 PM     0        35      2.00      0.00  migration/3
08:20:24 PM     0        36      2.00      0.00  ksoftirqd/3
08:20:24 PM     0        41      1.00      0.00  migration/4
08:20:24 PM     0        42      1.00      0.00  ksoftirqd/4
08:20:24 PM     0        47      1.00      0.00  migration/5
08:20:24 PM     0        48      6.00      0.00  ksoftirqd/5
08:20:24 PM     0        60      4.00      0.00  ksoftirqd/7
08:20:24 PM     0        66      1.00      0.00  ksoftirqd/8
08:20:24 PM     0        72      2.00      0.00  ksoftirqd/9
08:20:24 PM     0        78      2.00      0.00  ksoftirqd/10
08:20:24 PM     0        83      1.00      0.00  migration/11
08:20:24 PM     0        84      3.00      0.00  ksoftirqd/11
08:20:24 PM     0        95      2.00      0.00  kcompactd0
08:20:24 PM     0       453      1.00      0.00  multipathd
08:20:24 PM     0     88840      2.00      0.00  kworker/u24:1-events_unbound
08:20:24 PM     0    112707   1135.00      0.00  kworker/3:0-events
08:20:24 PM     0    118120      1.00      0.00  kworker/9:2-mm_percpu_wq
08:20:24 PM     0    123430      5.00      0.00  kworker/6:0-events
08:20:24 PM     0    132616      1.00      0.00  kworker/7:0-mm_percpu_wq
08:20:24 PM     0    133744      2.00      0.00  kworker/4:1-events
08:20:24 PM     0    136508     85.00      0.00  kworker/3:2-events
08:20:24 PM     0    137207      3.00      0.00  kworker/0:2-mm_percpu_wq
08:20:24 PM     0    140699      7.00      0.00  kworker/1:0-events
08:20:24 PM     0    143435      3.00      0.00  kworker/5:0-mm_percpu_wq
08:20:24 PM     0    143767      1.00      0.00  kworker/8:0-mm_percpu_wq
08:20:24 PM     0    146022      1.00      0.00  kworker/11:1-mm_percpu_wq
08:20:24 PM     0    147677      2.00      0.00  kworker/10:1-events
08:20:24 PM     0    149033      1.00      0.00  iostat
08:20:24 PM     0    149034      1.00      0.00  pidstat
08:20:24 PM     0    149035      5.00      0.00  bash
08:20:24 PM     0    149036      7.00      0.00  bash
08:20:24 PM     0    149037      4.00      0.00  bash
08:20:24 PM     0    149039     99.00      0.00  fio
08:20:24 PM     0    149269      3.00      0.00  kworker/2:0-mm_percpu_wq
08:20:24 PM     0    150119      1.00      0.00  sleep
08:20:24 PM     0    150129      1.00      0.00  sleep
08:20:24 PM     0    150131      1.00      1.00  sleep

08:20:24 PM   UID       PID   cswch/s nvcswch/s  Command
08:20:25 PM     0        16      1.00      0.00  ksoftirqd/0
08:20:25 PM     0        17     20.00      0.00  rcu_preempt
08:20:25 PM     0        18      1.00      0.00  migration/0
08:20:25 PM     0        24      1.00      0.00  ksoftirqd/1
08:20:25 PM     0        29      2.00      0.00  migration/2
08:20:25 PM     0        30      2.00      0.00  ksoftirqd/2
08:20:25 PM     0        36      6.00      0.00  ksoftirqd/3
08:20:25 PM     0        41      2.00      0.00  migration/4
08:20:25 PM     0        42      2.00      0.00  ksoftirqd/4
08:20:25 PM     0        48      2.00      0.00  ksoftirqd/5
08:20:25 PM     0        54      1.00      0.00  ksoftirqd/6
08:20:25 PM     0        60      2.00      0.00  ksoftirqd/7
08:20:25 PM     0        66      1.00      0.00  ksoftirqd/8
08:20:25 PM     0        72      1.00      0.00  ksoftirqd/9
08:20:25 PM     0        83      1.00      0.00  migration/11
08:20:25 PM     0        84      4.00      1.00  ksoftirqd/11
08:20:25 PM     0        95      2.00      0.00  kcompactd0
08:20:25 PM     0       453      2.00      0.00  multipathd
08:20:25 PM     0     88840      2.00      0.00  kworker/u24:1-events_unbound
08:20:25 PM     0    112707      6.00      0.00  kworker/3:0-events
08:20:25 PM     0    118120      1.00      0.00  kworker/9:2-mm_percpu_wq
08:20:25 PM     0    123430      4.00      0.00  kworker/6:0-mm_percpu_wq
08:20:25 PM     0    132616      3.00      0.00  kworker/7:0-mm_percpu_wq
08:20:25 PM     0    133744      4.00      0.00  kworker/4:1-mm_percpu_wq
08:20:25 PM     0    137207      3.00      0.00  kworker/0:2-events
08:20:25 PM     0    140699      2.00      0.00  kworker/1:0-mm_percpu_wq
08:20:25 PM     0    143435      3.00      0.00  kworker/5:0-mm_percpu_wq
08:20:25 PM     0    143767      1.00      0.00  kworker/8:0-mm_percpu_wq
08:20:25 PM     0    146022      4.00      0.00  kworker/11:1-mm_percpu_wq
08:20:25 PM     0    147677      1.00      0.00  kworker/10:1-mm_percpu_wq
08:20:25 PM     0    149033      1.00      0.00  iostat
08:20:25 PM     0    149034      1.00      0.00  pidstat
08:20:25 PM     0    149035      5.00      0.00  bash
08:20:25 PM     0    149036      7.00      0.00  bash
08:20:25 PM     0    149037      4.00      0.00  bash
08:20:25 PM     0    149039    100.00      0.00  fio
08:20:25 PM     0    149269      3.00      0.00  kworker/2:0-events
08:20:25 PM     0    150134      1.00      0.00  sleep
08:20:25 PM     0    150144      1.00      1.00  sleep
08:20:25 PM     0    150146      1.00      0.00  sleep

08:20:25 PM   UID       PID   cswch/s nvcswch/s  Command
08:20:26 PM     0        16      3.00      0.00  ksoftirqd/0
08:20:26 PM     0        17     19.00      0.00  rcu_preempt
08:20:26 PM     0        18      2.00      0.00  migration/0
08:20:26 PM     0        23      1.00      0.00  migration/1
08:20:26 PM     0        29      1.00      0.00  migration/2
08:20:26 PM     0        30      1.00      0.00  ksoftirqd/2
08:20:26 PM     0        35      1.00      0.00  migration/3
08:20:26 PM     0        36      8.00      0.00  ksoftirqd/3
08:20:26 PM     0        41      1.00      0.00  migration/4
08:20:26 PM     0        47      1.00      0.00  migration/5
08:20:26 PM     0        48      1.00      0.00  ksoftirqd/5
08:20:26 PM     0        53      2.00      0.00  migration/6
08:20:26 PM     0        59      1.00      0.00  migration/7
08:20:26 PM     0        60      4.00      0.00  ksoftirqd/7
08:20:26 PM     0        65      1.00      0.00  migration/8
08:20:26 PM     0        66      2.00      0.00  ksoftirqd/8
08:20:26 PM     0        71      1.00      0.00  migration/9
08:20:26 PM     0        72      2.00      0.00  ksoftirqd/9
08:20:26 PM     0        77      2.00      0.00  migration/10
08:20:26 PM     0        78      2.00      0.00  ksoftirqd/10
08:20:26 PM     0        83      1.00      0.00  migration/11
08:20:26 PM     0        84      2.00      0.00  ksoftirqd/11
08:20:26 PM     0        95      2.00      0.00  kcompactd0
08:20:26 PM     0       453      2.00      0.00  multipathd
08:20:26 PM     0       562      3.00      0.00  jbd2/nvme1n1p3-8
08:20:26 PM     0     88840      1.00      0.00  kworker/u24:1-edac-poller
08:20:26 PM     0    112707      2.00      0.00  kworker/3:0-mm_percpu_wq
08:20:26 PM     0    118120      2.00      0.00  kworker/9:2-events
08:20:26 PM     0    123430      8.00      0.00  kworker/6:0-events
08:20:26 PM     0    132616      2.00      0.00  kworker/7:0-mm_percpu_wq
08:20:26 PM     0    133744      3.00      0.00  kworker/4:1-events
08:20:26 PM     0    137207      2.00      0.00  kworker/0:2-events
08:20:26 PM     0    140699      2.00      0.00  kworker/1:0-events
08:20:26 PM     0    143435      3.00      0.00  kworker/5:0-events
08:20:26 PM     0    143767      3.00      0.00  kworker/8:0-events
08:20:26 PM     0    146022      3.00      0.00  kworker/11:1-mm_percpu_wq
08:20:26 PM     0    147677      2.00      0.00  kworker/10:1-mm_percpu_wq
08:20:26 PM     0    149033      1.00      0.00  iostat
08:20:26 PM     0    149034      1.00      0.00  pidstat
08:20:26 PM     0    149035      5.00      0.00  bash
08:20:26 PM     0    149036      7.00      0.00  bash
08:20:26 PM     0    149037      4.00      0.00  bash
08:20:26 PM     0    149039     99.00      0.00  fio
08:20:26 PM     0    149269      1.00      0.00  kworker/2:0-mm_percpu_wq
08:20:26 PM     0    150149      1.00      0.00  sleep
08:20:26 PM     0    150159      1.00      1.00  sleep
08:20:26 PM     0    150161      1.00      0.00  sleep

08:20:26 PM   UID       PID   cswch/s nvcswch/s  Command
08:20:27 PM     0        16      3.00      0.00  ksoftirqd/0
08:20:27 PM     0        17     20.00      0.00  rcu_preempt
08:20:27 PM     0        29      1.00      0.00  migration/2
08:20:27 PM     0        30      3.00      0.00  ksoftirqd/2
08:20:27 PM     0        35      1.00      0.00  migration/3
08:20:27 PM     0        36      1.00      0.00  ksoftirqd/3
08:20:27 PM     0        41      1.00      0.00  migration/4
08:20:27 PM     0        42      6.00      0.00  ksoftirqd/4
08:20:27 PM     0        48      3.00      0.00  ksoftirqd/5
08:20:27 PM     0        54      2.00      0.00  ksoftirqd/6
08:20:27 PM     0        59      1.00      0.00  migration/7
08:20:27 PM     0        60      2.00      0.00  ksoftirqd/7
08:20:27 PM     0        66      2.00      1.00  ksoftirqd/8
08:20:27 PM     0        72      4.00      0.00  ksoftirqd/9
08:20:27 PM     0        78      2.00      0.00  ksoftirqd/10
08:20:27 PM     0        95      2.00      0.00  kcompactd0
08:20:27 PM     0       113      1.00      0.00  kworker/5:1H-kblockd
08:20:27 PM     0       453      2.00      0.00  multipathd
08:20:27 PM     0     88840      2.00      0.00  kworker/u24:1-events_unbound
08:20:27 PM     0    112707      4.00      0.00  kworker/3:0-events
08:20:27 PM     0    118120      1.00      0.00  kworker/9:2-mm_percpu_wq
08:20:27 PM     0    123430      4.00      0.00  kworker/6:0-events
08:20:27 PM     0    132616      1.00      0.00  kworker/7:0-mm_percpu_wq
08:20:27 PM     0    133744      4.00      0.00  kworker/4:1-events
08:20:27 PM     0    137207      3.00      0.00  kworker/0:2-events
08:20:27 PM     0    140699      2.00      0.00  kworker/1:0-mm_percpu_wq
08:20:27 PM     0    143435      2.00      0.00  kworker/5:0-events
08:20:27 PM     0    143767      4.00      0.00  kworker/8:0-events
08:20:27 PM     0    146022      2.00      0.00  kworker/11:1-events
08:20:27 PM     0    147677      3.00      0.00  kworker/10:1-mm_percpu_wq
08:20:27 PM     0    149033      1.00      0.00  iostat
08:20:27 PM     0    149034      1.00      0.00  pidstat
08:20:27 PM     0    149035      5.00      0.00  bash
08:20:27 PM     0    149036      7.00      0.00  bash
08:20:27 PM     0    149037      4.00      0.00  bash
08:20:27 PM     0    149039    100.00      0.00  fio
08:20:27 PM     0    149269      2.00      0.00  kworker/2:0-mm_percpu_wq
08:20:27 PM     0    150164      1.00      0.00  sleep
08:20:27 PM     0    150174      1.00      0.00  sleep
08:20:27 PM     0    150176      1.00      0.00  sleep

08:20:27 PM   UID       PID   cswch/s nvcswch/s  Command
08:20:28 PM     0        16      3.00      0.00  ksoftirqd/0
08:20:28 PM     0        17     18.00      0.00  rcu_preempt
08:20:28 PM     0        23      1.00      0.00  migration/1
08:20:28 PM     0        24      2.00      0.00  ksoftirqd/1
08:20:28 PM     0        29      1.00      0.00  migration/2
08:20:28 PM     0        36      1.00      0.00  ksoftirqd/3
08:20:28 PM     0        42      2.00      0.00  ksoftirqd/4
08:20:28 PM     0        48      5.00      0.00  ksoftirqd/5
08:20:28 PM     0        60      6.00      0.00  ksoftirqd/7
08:20:28 PM     0        66      2.00      0.00  ksoftirqd/8
08:20:28 PM     0        71      1.00      0.00  migration/9
08:20:28 PM     0        72      2.00      0.00  ksoftirqd/9
08:20:28 PM     0        78      2.00      0.00  ksoftirqd/10
08:20:28 PM     0        83      1.00      0.00  migration/11
08:20:28 PM     0        95      2.00      0.00  kcompactd0
08:20:28 PM     0       453      2.00      0.00  multipathd
08:20:28 PM     0     88840      2.00      0.00  kworker/u24:1-events_power_efficient
08:20:28 PM     0     98256      3.00      0.00  kworker/u24:2-events_power_efficient
08:20:28 PM     0    112707      3.00      0.00  kworker/3:0-mm_percpu_wq
08:20:28 PM     0    118120      2.00      0.00  kworker/9:2-mm_percpu_wq
08:20:28 PM     0    123430      7.00      0.00  kworker/6:0-events
08:20:28 PM     0    132616      3.00      0.00  kworker/7:0-events
08:20:28 PM     0    133744      5.00      0.00  kworker/4:1-events
08:20:28 PM     0    137207      3.00      0.00  kworker/0:2-mm_percpu_wq
08:20:28 PM     0    140699      3.00      0.00  kworker/1:0-events
08:20:28 PM     0    143435      1.00      0.00  kworker/5:0-mm_percpu_wq
08:20:28 PM     0    143767      1.00      0.00  kworker/8:0-mm_percpu_wq
08:20:28 PM     0    146022      1.00      0.00  kworker/11:1-mm_percpu_wq
08:20:28 PM     0    147677      1.00      0.00  kworker/10:1-mm_percpu_wq
08:20:28 PM     0    149033      1.00      0.00  iostat
08:20:28 PM     0    149034      1.00      0.00  pidstat
08:20:28 PM     0    149035      5.00      0.00  bash
08:20:28 PM     0    149036      7.00      0.00  bash
08:20:28 PM     0    149037      4.00      0.00  bash
08:20:28 PM     0    149039     99.00      0.00  fio
08:20:28 PM     0    149269      2.00      0.00  kworker/2:0-mm_percpu_wq
08:20:28 PM     0    150179      1.00      0.00  sleep
08:20:28 PM     0    150190      1.00      0.00  sleep
08:20:28 PM     0    150191      1.00      0.00  sleep

08:20:28 PM   UID       PID   cswch/s nvcswch/s  Command
08:20:29 PM     0        16      4.00      0.00  ksoftirqd/0
08:20:29 PM     0        17     21.00      0.00  rcu_preempt
08:20:29 PM     0        18      1.00      0.00  migration/0
08:20:29 PM     0        24      2.00      0.00  ksoftirqd/1
08:20:29 PM     0        30      2.00      0.00  ksoftirqd/2
08:20:29 PM     0        35      1.00      0.00  migration/3
08:20:29 PM     0        36      2.00      0.00  ksoftirqd/3
08:20:29 PM     0        41      1.00      0.00  migration/4
08:20:29 PM     0        42      2.00      0.00  ksoftirqd/4
08:20:29 PM     0        48      4.00      0.00  ksoftirqd/5
08:20:29 PM     0        54      1.00      0.00  ksoftirqd/6
08:20:29 PM     0        60      4.00      0.00  ksoftirqd/7
08:20:29 PM     0        66      1.00      0.00  ksoftirqd/8
08:20:29 PM     0        71      1.00      0.00  migration/9
08:20:29 PM     0        84      2.00      0.00  ksoftirqd/11
08:20:29 PM     0        95      2.00      0.00  kcompactd0
08:20:29 PM     0       193      1.00      0.00  kworker/9:1H-kblockd
08:20:29 PM     0       453      1.00      0.00  multipathd
08:20:29 PM     0     88840      5.00      0.00  kworker/u24:1-events_unbound
08:20:29 PM     0    112707      5.00      0.00  kworker/3:0-events
08:20:29 PM     0    118120      3.00      0.00  kworker/9:2-mm_percpu_wq
08:20:29 PM     0    123430      4.00      0.00  kworker/6:0-events
08:20:29 PM     0    132616      3.00      0.00  kworker/7:0-mm_percpu_wq
08:20:29 PM     0    133744      5.00      0.00  kworker/4:1-events
08:20:29 PM     0    137207      3.00      0.00  kworker/0:2-events
08:20:29 PM     0    140699      3.00      0.00  kworker/1:0-mm_percpu_wq
08:20:29 PM     0    143435      2.00      0.00  kworker/5:0-events
08:20:29 PM     0    143767      2.00      0.00  kworker/8:0-events
08:20:29 PM     0    146022      1.00      0.00  kworker/11:1-mm_percpu_wq
08:20:29 PM     0    147677      2.00      0.00  kworker/10:1-mm_percpu_wq
08:20:29 PM     0    149033      1.00      0.00  iostat
08:20:29 PM     0    149034      1.00      0.00  pidstat
08:20:29 PM     0    149035      5.00      0.00  bash
08:20:29 PM     0    149036      6.00      0.00  bash
08:20:29 PM     0    149037      4.00      0.00  bash
08:20:29 PM     0    149039     99.00      0.00  fio
08:20:29 PM     0    149269      1.00      0.00  kworker/2:0-mm_percpu_wq
08:20:29 PM     0    150194      1.00      0.00  sleep
08:20:29 PM     0    150205      1.00      0.00  sleep
08:20:29 PM     0    150206      1.00      0.00  sleep

08:20:29 PM   UID       PID   cswch/s nvcswch/s  Command
08:20:30 PM     0         1      1.00      0.00  systemd
08:20:30 PM     0        16      3.00      0.00  ksoftirqd/0
08:20:30 PM     0        17     23.00      0.00  rcu_preempt
08:20:30 PM     0        18      2.00      0.00  migration/0
08:20:30 PM     0        23      1.00      0.00  migration/1
08:20:30 PM     0        24      2.00      0.00  ksoftirqd/1
08:20:30 PM     0        29      3.00      0.00  migration/2
08:20:30 PM     0        30      3.00      0.00  ksoftirqd/2
08:20:30 PM     0        35      3.00      0.00  migration/3
08:20:30 PM     0        36      5.00      0.00  ksoftirqd/3
08:20:30 PM     0        41      1.00      0.00  migration/4
08:20:30 PM     0        42      1.00      0.00  ksoftirqd/4
08:20:30 PM     0        47      1.00      0.00  migration/5
08:20:30 PM     0        48      2.00      0.00  ksoftirqd/5
08:20:30 PM     0        53      1.00      0.00  migration/6
08:20:30 PM     0        59      1.00      0.00  migration/7
08:20:30 PM     0        60      2.00      0.00  ksoftirqd/7
08:20:30 PM     0        65      2.00      0.00  migration/8
08:20:30 PM     0        66      2.00      0.00  ksoftirqd/8
08:20:30 PM     0        71      1.00      0.00  migration/9
08:20:30 PM     0        77      1.00      0.00  migration/10
08:20:30 PM     0        83      1.00      0.00  migration/11
08:20:30 PM     0        84      2.00      0.00  ksoftirqd/11
08:20:30 PM     0        95      1.00      0.00  kcompactd0
08:20:30 PM     0       453      1.00      0.00  multipathd
08:20:30 PM   101       608      1.00      0.00  systemd-network
08:20:30 PM     0     88840      1.00      0.00  kworker/u24:1-edac-poller
08:20:30 PM     0    112707      2.00      0.00  kworker/3:0-mm_percpu_wq
08:20:30 PM     0    118120      1.00      0.00  kworker/9:2-mm_percpu_wq
08:20:30 PM     0    123430      3.00      0.00  kworker/6:0-mm_percpu_wq
08:20:30 PM     0    132616      1.00      0.00  kworker/7:0-mm_percpu_wq
08:20:30 PM     0    133744      1.00      0.00  kworker/4:1-mm_percpu_wq
08:20:30 PM     0    137207      4.00      0.00  kworker/0:2-events
08:20:30 PM     0    140699      4.00      0.00  kworker/1:0-events
08:20:30 PM     0    143435      2.00      0.00  kworker/5:0-events
08:20:30 PM     0    143767      2.00      0.00  kworker/8:0-mm_percpu_wq
08:20:30 PM     0    146022      2.00      0.00  kworker/11:1-mm_percpu_wq
08:20:30 PM     0    147677      1.00      0.00  kworker/10:1-mm_percpu_wq
08:20:30 PM     0    149033      1.00      0.00  iostat
08:20:30 PM     0    149034      1.00      0.00  pidstat
08:20:30 PM     0    149035      5.00      0.00  bash
08:20:30 PM     0    149036      7.00      0.00  bash
08:20:30 PM     0    149037      4.00      0.00  bash
08:20:30 PM     0    149039    100.00      0.00  fio
08:20:30 PM     0    149269      4.00      0.00  kworker/2:0-events
08:20:30 PM     0    150209      1.00      0.00  sleep
08:20:30 PM     0    150220      1.00      0.00  sleep
08:20:30 PM     0    150221      1.00      0.00  sleep

08:20:30 PM   UID       PID   cswch/s nvcswch/s  Command
08:20:31 PM     0        16      4.00      0.00  ksoftirqd/0
08:20:31 PM     0        17     18.00      0.00  rcu_preempt
08:20:31 PM     0        24      4.00      1.00  ksoftirqd/1
08:20:31 PM     0        30      5.00      0.00  ksoftirqd/2
08:20:31 PM     0        36      4.00      0.00  ksoftirqd/3
08:20:31 PM     0        42      4.00      0.00  ksoftirqd/4
08:20:31 PM     0        48      1.00      0.00  ksoftirqd/5
08:20:31 PM     0        54      2.00      0.00  ksoftirqd/6
08:20:31 PM     0        59      1.00      0.00  migration/7
08:20:31 PM     0        60      2.00      0.00  ksoftirqd/7
08:20:31 PM     0        66      2.00      0.00  ksoftirqd/8
08:20:31 PM     0        71      1.00      0.00  migration/9
08:20:31 PM     0        72      2.00      0.00  ksoftirqd/9
08:20:31 PM     0        78      2.00      0.00  ksoftirqd/10
08:20:31 PM     0        83      1.00      0.00  migration/11
08:20:31 PM     0        84      1.00      0.00  ksoftirqd/11
08:20:31 PM     0        95      2.00      0.00  kcompactd0
08:20:31 PM     0       453      1.00      0.00  multipathd
08:20:31 PM     0       562      3.00      0.00  jbd2/nvme1n1p3-8
08:20:31 PM     0     88840      4.00      0.00  kworker/u24:1-events_unbound
08:20:31 PM     0    112707      2.00      0.00  kworker/3:0-mm_percpu_wq
08:20:31 PM     0    118120      2.00      0.00  kworker/9:2-mm_percpu_wq
08:20:31 PM     0    123430      3.00      0.00  kworker/6:0-mm_percpu_wq
08:20:31 PM     0    132616      2.00      0.00  kworker/7:0-events
08:20:31 PM     0    133744      3.00      0.00  kworker/4:1-events
08:20:31 PM     0    137207      3.00      0.00  kworker/0:2-events
08:20:31 PM     0    140699      4.00      0.00  kworker/1:0-mm_percpu_wq
08:20:31 PM     0    143435      3.00      0.00  kworker/5:0-mm_percpu_wq
08:20:31 PM     0    143767      1.00      0.00  kworker/8:0-mm_percpu_wq
08:20:31 PM     0    146022      2.00      0.00  kworker/11:1-mm_percpu_wq
08:20:31 PM     0    147677      3.00      0.00  kworker/10:1-events
08:20:31 PM     0    149033      1.00      0.00  iostat
08:20:31 PM     0    149034      1.00      0.00  pidstat
08:20:31 PM     0    149035      5.00      0.00  bash
08:20:31 PM     0    149036      8.00      0.00  bash
08:20:31 PM     0    149037      4.00      0.00  bash
08:20:31 PM     0    149039     99.00      0.00  fio
08:20:31 PM     0    149269      3.00      0.00  kworker/2:0-events
08:20:31 PM     0    150224      1.00      0.00  sleep
08:20:31 PM     0    150235      1.00      0.00  sleep
08:20:31 PM     0    150236      1.00      0.00  sleep

08:20:31 PM   UID       PID   cswch/s nvcswch/s  Command
08:20:32 PM     0        16      2.00      0.00  ksoftirqd/0
08:20:32 PM     0        17     21.00      0.00  rcu_preempt
08:20:32 PM     0        24      1.00      0.00  ksoftirqd/1
08:20:32 PM     0        30      1.00      0.00  ksoftirqd/2
08:20:32 PM     0        36      1.00      0.00  ksoftirqd/3
08:20:32 PM     0        48      1.00      0.00  ksoftirqd/5
08:20:32 PM     0        54      1.00      0.00  ksoftirqd/6
08:20:32 PM     0        59      1.00      0.00  migration/7
08:20:32 PM     0        60      1.00      0.00  ksoftirqd/7
08:20:32 PM     0        66      1.00      0.00  ksoftirqd/8
08:20:32 PM     0        72      3.00      0.00  ksoftirqd/9
08:20:32 PM     0        77      1.00      0.00  migration/10
08:20:32 PM     0        78      7.00      0.00  ksoftirqd/10
08:20:32 PM     0        84      2.00      0.00  ksoftirqd/11
08:20:32 PM     0        95      2.00      0.00  kcompactd0
08:20:32 PM     0       453      1.00      0.00  multipathd
08:20:32 PM     0     88840      1.00      0.00  kworker/u24:1-edac-poller
08:20:32 PM     0    112707      3.00      0.00  kworker/3:0-mm_percpu_wq
08:20:32 PM     0    118120      1.00      0.00  kworker/9:2-mm_percpu_wq
08:20:32 PM     0    123430      2.00      0.00  kworker/6:0-events
08:20:32 PM     0    132616      3.00      0.00  kworker/7:0-mm_percpu_wq
08:20:32 PM     0    133744      3.00      0.00  kworker/4:1-events
08:20:32 PM     0    137207      3.00      0.00  kworker/0:2-events
08:20:32 PM     0    140699      3.00      0.00  kworker/1:0-events
08:20:32 PM     0    143435      7.00      0.00  kworker/5:0-events
08:20:32 PM     0    143767      1.00      0.00  kworker/8:0-mm_percpu_wq
08:20:32 PM     0    146022      3.00      0.00  kworker/11:1-mm_percpu_wq
08:20:32 PM     0    147677      2.00      0.00  kworker/10:1-mm_percpu_wq
08:20:32 PM     0    149033      1.00      0.00  iostat
08:20:32 PM     0    149034      1.00      0.00  pidstat
08:20:32 PM     0    149035      5.00      0.00  bash
08:20:32 PM     0    149036      7.00      0.00  bash
08:20:32 PM     0    149037      4.00      0.00  bash
08:20:32 PM     0    149039    100.00      0.00  fio
08:20:32 PM     0    149269      2.00      0.00  kworker/2:0-events
08:20:32 PM     0    150239      1.00      0.00  sleep
08:20:32 PM     0    150249      1.00      0.00  sleep
08:20:32 PM     0    150251      1.00      0.00  sleep

08:20:32 PM   UID       PID   cswch/s nvcswch/s  Command
08:20:33 PM     0        16      2.00      0.00  ksoftirqd/0
08:20:33 PM     0        17     23.00      0.00  rcu_preempt
08:20:33 PM     0        24      2.00      0.00  ksoftirqd/1
08:20:33 PM     0        30      3.00      0.00  ksoftirqd/2
08:20:33 PM     0        36      3.00      0.00  ksoftirqd/3
08:20:33 PM     0        41      1.00      0.00  migration/4
08:20:33 PM     0        42      1.00      0.00  ksoftirqd/4
08:20:33 PM     0        48      1.00      0.00  ksoftirqd/5
08:20:33 PM     0        54      2.00      0.00  ksoftirqd/6
08:20:33 PM     0        59      2.00      0.00  migration/7
08:20:33 PM     0        60      1.00      0.00  ksoftirqd/7
08:20:33 PM     0        65      1.00      0.00  migration/8
08:20:33 PM     0        66      2.00      0.00  ksoftirqd/8
08:20:33 PM     0        72      2.00      0.00  ksoftirqd/9
08:20:33 PM     0        78      3.00      0.00  ksoftirqd/10
08:20:33 PM     0        84      2.00      0.00  ksoftirqd/11
08:20:33 PM     0        95      2.00      0.00  kcompactd0
08:20:33 PM     0       453      2.00      0.00  multipathd
08:20:33 PM     0     21554      1.00      0.00  packagekitd
08:20:33 PM     0     88840      1.00      0.00  kworker/u24:1-events_power_efficient
08:20:33 PM     0     98256      3.00      0.00  kworker/u24:2-events_unbound
08:20:33 PM     0    112707      2.00      0.00  kworker/3:0-events
08:20:33 PM     0    118120      1.00      0.00  kworker/9:2-mm_percpu_wq
08:20:33 PM     0    123430      3.00      0.00  kworker/6:0-events
08:20:33 PM     0    132616      3.00      0.00  kworker/7:0-events
08:20:33 PM     0    133744      2.00      0.00  kworker/4:1-mm_percpu_wq
08:20:33 PM     0    137207      5.00      0.00  kworker/0:2-events
08:20:33 PM     0    140699      3.00      0.00  kworker/1:0-mm_percpu_wq
08:20:33 PM     0    143435      5.00      0.00  kworker/5:0-mm_percpu_wq
08:20:33 PM     0    143767      1.00      0.00  kworker/8:0-mm_percpu_wq
08:20:33 PM     0    146022      2.00      0.00  kworker/11:1-mm_percpu_wq
08:20:33 PM     0    147677      5.00      0.00  kworker/10:1-events
08:20:33 PM     0    149033      1.00      0.00  iostat
08:20:33 PM     0    149034      1.00      0.00  pidstat
08:20:33 PM     0    149035      5.00      0.00  bash
08:20:33 PM     0    149036      8.00      0.00  bash
08:20:33 PM     0    149037      4.00      0.00  bash
08:20:33 PM     0    149039     99.00      0.00  fio
08:20:33 PM     0    149269      1.00      0.00  kworker/2:0-mm_percpu_wq
08:20:33 PM     0    150254      1.00      0.00  sleep
08:20:33 PM     0    150264      1.00      0.00  sleep
08:20:33 PM     0    150266      1.00      0.00  sleep

08:20:33 PM   UID       PID   cswch/s nvcswch/s  Command
08:20:34 PM     0        16      4.00      0.00  ksoftirqd/0
08:20:34 PM     0        17     20.00      0.00  rcu_preempt
08:20:34 PM     0        18      1.00      0.00  migration/0
08:20:34 PM     0        23      2.00      0.00  migration/1
08:20:34 PM     0        24      3.00      0.00  ksoftirqd/1
08:20:34 PM     0        29      2.00      0.00  migration/2
08:20:34 PM     0        30      3.00      0.00  ksoftirqd/2
08:20:34 PM     0        35      1.00      0.00  migration/3
08:20:34 PM     0        36      1.00      0.00  ksoftirqd/3
08:20:34 PM     0        41      1.00      0.00  migration/4
08:20:34 PM     0        42      1.00      0.00  ksoftirqd/4
08:20:34 PM     0        47      1.00      0.00  migration/5
08:20:34 PM     0        53      3.00      0.00  migration/6
08:20:34 PM     0        54      2.00      0.00  ksoftirqd/6
08:20:34 PM     0        59      1.00      0.00  migration/7
08:20:34 PM     0        60      4.00      0.00  ksoftirqd/7
08:20:34 PM     0        65      1.00      0.00  migration/8
08:20:34 PM     0        71      2.00      0.00  migration/9
08:20:34 PM     0        72      1.00      0.00  ksoftirqd/9
08:20:34 PM     0        77      2.00      0.00  migration/10
08:20:34 PM     0        78      1.00      0.00  ksoftirqd/10
08:20:34 PM     0        83      1.00      0.00  migration/11
08:20:34 PM     0        84      2.00      0.00  ksoftirqd/11
08:20:34 PM     0        95      2.00      0.00  kcompactd0
08:20:34 PM     0       193      1.00      0.00  kworker/9:1H-kblockd
08:20:34 PM     0       453      2.00      0.00  multipathd
08:20:34 PM     0     98256      6.00      0.00  kworker/u24:2-ext4-rsv-conversion
08:20:34 PM     0    112707      3.00      0.00  kworker/3:0-events
08:20:34 PM     0    118120      1.00      0.00  kworker/9:2-mm_percpu_wq
08:20:34 PM     0    123430      2.00      0.00  kworker/6:0-mm_percpu_wq
08:20:34 PM     0    132616      2.00      0.00  kworker/7:0-mm_percpu_wq
08:20:34 PM     0    133744      3.00      0.00  kworker/4:1-events
08:20:34 PM     0    137207      2.00      0.00  kworker/0:2-mm_percpu_wq
08:20:34 PM     0    140699      4.00      0.00  kworker/1:0-events
08:20:34 PM     0    143435      4.00      0.00  kworker/5:0-events
08:20:34 PM     0    143767      2.00      0.00  kworker/8:0-events
08:20:34 PM     0    146022      2.00      0.00  kworker/11:1-mm_percpu_wq
08:20:34 PM     0    147677      3.00      0.00  kworker/10:1-events
08:20:34 PM     0    149033      1.00      0.00  iostat
08:20:34 PM     0    149034      1.00      0.00  pidstat
08:20:34 PM     0    149035      5.00      0.00  bash
08:20:34 PM     0    149036      7.00      0.00  bash
08:20:34 PM     0    149037      4.00      0.00  bash
08:20:34 PM     0    149039    100.00      0.00  fio
08:20:34 PM     0    149269      2.00      0.00  kworker/2:0-mm_percpu_wq
08:20:34 PM     0    150269      1.00      0.00  sleep
08:20:34 PM     0    150280      1.00      0.00  sleep
08:20:34 PM     0    150281      1.00      1.00  sleep

08:20:34 PM   UID       PID   cswch/s nvcswch/s  Command
08:20:35 PM     0        16      3.00      0.00  ksoftirqd/0
08:20:35 PM     0        17     22.00      0.00  rcu_preempt
08:20:35 PM     0        23      1.00      0.00  migration/1
08:20:35 PM     0        24      2.00      0.00  ksoftirqd/1
08:20:35 PM     0        30      6.00      0.00  ksoftirqd/2
08:20:35 PM     0        36      2.00      0.00  ksoftirqd/3
08:20:35 PM     0        42      1.00      0.00  ksoftirqd/4
08:20:35 PM     0        48      1.00      0.00  ksoftirqd/5
08:20:35 PM     0        54      3.00      0.00  ksoftirqd/6
08:20:35 PM     0        60      3.00      0.00  ksoftirqd/7
08:20:35 PM     0        66      2.00      0.00  ksoftirqd/8
08:20:35 PM     0        72      1.00      0.00  ksoftirqd/9
08:20:35 PM     0        77      4.00      0.00  migration/10
08:20:35 PM     0        78      3.00      0.00  ksoftirqd/10
08:20:35 PM     0        84      2.00      0.00  ksoftirqd/11
08:20:35 PM     0        95      2.00      0.00  kcompactd0
08:20:35 PM     0       176      1.00      0.00  kworker/11:1H-kblockd
08:20:35 PM     0       191      1.00      0.00  kworker/1:1H-kblockd
08:20:35 PM     0       453      1.00      0.00  multipathd
08:20:35 PM     0     98256      3.00      0.00  kworker/u24:2-events_unbound
08:20:35 PM     0    112707      2.00      0.00  kworker/3:0-events
08:20:35 PM     0    118120      2.00      0.00  kworker/9:2-mm_percpu_wq
08:20:35 PM     0    123430      2.00      0.00  kworker/6:0-mm_percpu_wq
08:20:35 PM     0    132616      3.00      0.00  kworker/7:0-events
08:20:35 PM     0    133744      3.00      0.00  kworker/4:1-events
08:20:35 PM     0    137207      5.00      0.00  kworker/0:2-events
08:20:35 PM     0    140699      3.00      0.00  kworker/1:0-mm_percpu_wq
08:20:35 PM     0    143435      8.00      0.00  kworker/5:0-events
08:20:35 PM     0    143767      1.00      0.00  kworker/8:0-mm_percpu_wq
08:20:35 PM     0    146022      2.00      0.00  kworker/11:1-mm_percpu_wq
08:20:35 PM     0    147677      2.00      0.00  kworker/10:1-events
08:20:35 PM     0    149033      1.00      0.00  iostat
08:20:35 PM     0    149034      1.00      0.00  pidstat
08:20:35 PM     0    149035      5.00      0.00  bash
08:20:35 PM     0    149036      7.00      0.00  bash
08:20:35 PM     0    149037      4.00      0.00  bash
08:20:35 PM     0    149039     99.00      0.00  fio
08:20:35 PM     0    149269      3.00      1.00  kworker/2:0-events
08:20:35 PM     0    150284      1.00      1.00  sleep
08:20:35 PM     0    150295      1.00      1.00  sleep
08:20:35 PM     0    150296      1.00      1.00  sleep

08:20:35 PM   UID       PID   cswch/s nvcswch/s  Command
08:20:36 PM     0        16      8.00      0.00  ksoftirqd/0
08:20:36 PM     0        17     20.00      0.00  rcu_preempt
08:20:36 PM     0        24      2.00      0.00  ksoftirqd/1
08:20:36 PM     0        29      1.00      0.00  migration/2
08:20:36 PM     0        30      2.00      0.00  ksoftirqd/2
08:20:36 PM     0        36      1.00      0.00  ksoftirqd/3
08:20:36 PM     0        42      1.00      0.00  ksoftirqd/4
08:20:36 PM     0        47      1.00      0.00  migration/5
08:20:36 PM     0        53      1.00      0.00  migration/6
08:20:36 PM     0        54      2.00      0.00  ksoftirqd/6
08:20:36 PM     0        60      3.00      0.00  ksoftirqd/7
08:20:36 PM     0        65      1.00      0.00  migration/8
08:20:36 PM     0        66      3.00      0.00  ksoftirqd/8
08:20:36 PM     0        72      2.00      0.00  ksoftirqd/9
08:20:36 PM     0        78      2.00      0.00  ksoftirqd/10
08:20:36 PM     0        84      4.00      0.00  ksoftirqd/11
08:20:36 PM     0        95      2.00      0.00  kcompactd0
08:20:36 PM     0       102      1.00      0.00  irq/9-acpi
08:20:36 PM     0       453      1.00      0.00  multipathd
08:20:36 PM     0       562      3.00      0.00  jbd2/nvme1n1p3-8
08:20:36 PM     0     98256      1.00      0.00  kworker/u24:2-edac-poller
08:20:36 PM     0    112707      2.00      0.00  kworker/3:0-events
08:20:36 PM     0    118120     10.00      0.00  kworker/9:2-pm
08:20:36 PM     0    123430      3.00      0.00  kworker/6:0-events
08:20:36 PM     0    132616      4.00      0.00  kworker/7:0-events
08:20:36 PM     0    133744      2.00      0.00  kworker/4:1-events
08:20:36 PM     0    137207      3.00      0.00  kworker/0:2-kacpi_notify
08:20:36 PM     0    140699      2.00      0.00  kworker/1:0-mm_percpu_wq
08:20:36 PM     0    141884      1.00      0.00  kworker/9:0-i915-unordered
08:20:36 PM     0    143435      3.00      0.00  kworker/5:0-mm_percpu_wq
08:20:36 PM     0    143767      3.00      0.00  kworker/8:0-events
08:20:36 PM     0    146022      3.00      0.00  kworker/11:1-events
08:20:36 PM     0    147677      1.00      0.00  kworker/10:1-mm_percpu_wq
08:20:36 PM     0    149033      1.00      0.00  iostat
08:20:36 PM     0    149034      1.00      0.00  pidstat
08:20:36 PM     0    149035      5.00      0.00  bash
08:20:36 PM     0    149036      8.00      0.00  bash
08:20:36 PM     0    149037      4.00      0.00  bash
08:20:36 PM     0    149039     99.00      0.00  fio
08:20:36 PM     0    149269      2.00      0.00  kworker/2:0-events
08:20:36 PM     0    150299      1.00      0.00  sleep
08:20:36 PM     0    150310      1.00      0.00  sleep
08:20:36 PM     0    150311      1.00      0.00  sleep

08:20:36 PM   UID       PID   cswch/s nvcswch/s  Command
08:20:37 PM     0        16      3.00      0.00  ksoftirqd/0
08:20:37 PM     0        17     19.00      0.00  rcu_preempt
08:20:37 PM     0        23      1.00      0.00  migration/1
08:20:37 PM     0        24      3.00      0.00  ksoftirqd/1
08:20:37 PM     0        30      5.00      0.00  ksoftirqd/2
08:20:37 PM     0        36      4.00      0.00  ksoftirqd/3
08:20:37 PM     0        42      1.00      0.00  ksoftirqd/4
08:20:37 PM     0        48      2.00      0.00  ksoftirqd/5
08:20:37 PM     0        54      3.00      0.00  ksoftirqd/6
08:20:37 PM     0        59      1.00      0.00  migration/7
08:20:37 PM     0        60      2.00      0.00  ksoftirqd/7
08:20:37 PM     0        65      1.00      0.00  migration/8
08:20:37 PM     0        66      1.00      0.00  ksoftirqd/8
08:20:37 PM     0        72      1.00      0.00  ksoftirqd/9
08:20:37 PM     0        78      2.00      0.00  ksoftirqd/10
08:20:37 PM     0        83      1.00      0.00  migration/11
08:20:37 PM     0        84      4.00      0.00  ksoftirqd/11
08:20:37 PM     0        95      2.00      0.00  kcompactd0
08:20:37 PM     0       453      1.00      0.00  multipathd
08:20:37 PM     0     98256      2.00      0.00  kworker/u24:2-events_unbound
08:20:37 PM     0    112707      2.00      0.00  kworker/3:0-events
08:20:37 PM     0    118120      1.00      0.00  kworker/9:2-mm_percpu_wq
08:20:37 PM     0    123430      3.00      0.00  kworker/6:0-events
08:20:37 PM     0    132616      2.00      0.00  kworker/7:0-mm_percpu_wq
08:20:37 PM     0    133744      1.00      0.00  kworker/4:1-mm_percpu_wq
08:20:37 PM     0    137207      1.00      0.00  kworker/0:2-events
08:20:37 PM     0    140699      7.00      0.00  kworker/1:0-events
08:20:37 PM     0    143435      4.00      0.00  kworker/5:0-events
08:20:37 PM     0    143767      5.00      0.00  kworker/8:0-events
08:20:37 PM     0    146022      3.00      0.00  kworker/11:1-events
08:20:37 PM     0    147677      1.00      0.00  kworker/10:1-mm_percpu_wq
08:20:37 PM     0    149033      1.00      0.00  iostat
08:20:37 PM     0    149034      1.00      0.00  pidstat
08:20:37 PM     0    149035      5.00      0.00  bash
08:20:37 PM     0    149036      8.00      0.00  bash
08:20:37 PM     0    149037      4.00      0.00  bash
08:20:37 PM     0    149039    100.00      0.00  fio
08:20:37 PM     0    149269      2.00      0.00  kworker/2:0-mm_percpu_wq
08:20:37 PM     0    150314      1.00      0.00  sleep
08:20:37 PM     0    150325      1.00      0.00  sleep
08:20:37 PM     0    150326      1.00      0.00  sleep

08:20:37 PM   UID       PID   cswch/s nvcswch/s  Command
08:20:38 PM     0         1      1.00      0.00  systemd
08:20:38 PM     0        16      1.00      0.00  ksoftirqd/0
08:20:38 PM     0        17     21.00      0.00  rcu_preempt
08:20:38 PM     0        18      1.00      0.00  migration/0
08:20:38 PM     0        23      2.00      0.00  migration/1
08:20:38 PM     0        24      4.00      0.00  ksoftirqd/1
08:20:38 PM     0        29      1.00      0.00  migration/2
08:20:38 PM     0        30      5.00      0.00  ksoftirqd/2
08:20:38 PM     0        35      1.00      0.00  migration/3
08:20:38 PM     0        41      1.00      0.00  migration/4
08:20:38 PM     0        42      4.00      0.00  ksoftirqd/4
08:20:38 PM     0        47      1.00      0.00  migration/5
08:20:38 PM     0        48      1.00      0.00  ksoftirqd/5
08:20:38 PM     0        53      1.00      0.00  migration/6
08:20:38 PM     0        54      1.00      0.00  ksoftirqd/6
08:20:38 PM     0        59      2.00      0.00  migration/7
08:20:38 PM     0        60      1.00      0.00  ksoftirqd/7
08:20:38 PM     0        65      2.00      0.00  migration/8
08:20:38 PM     0        66      4.00      0.00  ksoftirqd/8
08:20:38 PM     0        71      1.00      0.00  migration/9
08:20:38 PM     0        72      2.00      0.00  ksoftirqd/9
08:20:38 PM     0        77      3.00      0.00  migration/10
08:20:38 PM     0        78      4.00      0.00  ksoftirqd/10
08:20:38 PM     0        83      1.00      0.00  migration/11
08:20:38 PM     0        84      1.00      0.00  ksoftirqd/11
08:20:38 PM     0        95      2.00      0.00  kcompactd0
08:20:38 PM     0       415      1.00      0.00  systemd-journal
08:20:38 PM     0       453      2.00      0.00  multipathd
08:20:38 PM   102       621      1.00      0.00  systemd-resolve
08:20:38 PM   104       622      1.00      0.00  systemd-timesyn
08:20:38 PM     0       643      1.00      1.00  systemd-logind
08:20:38 PM     0     88840      2.00      0.00  kworker/u24:1-edac-poller
08:20:38 PM     0     98256      1.00      0.00  kworker/u24:2-events_power_efficient
08:20:38 PM     0    112707      1.00      0.00  kworker/3:0-mm_percpu_wq
08:20:38 PM     0    118120      2.00      0.00  kworker/9:2-events
08:20:38 PM     0    123430      1.00      0.00  kworker/6:0-mm_percpu_wq
08:20:38 PM     0    132616      2.00      0.00  kworker/7:0-mm_percpu_wq
08:20:38 PM     0    133744      5.00      0.00  kworker/4:1-events
08:20:38 PM     0    137207      4.00      0.00  kworker/0:2-mm_percpu_wq
08:20:38 PM     0    140699      2.00      0.00  kworker/1:0-events
08:20:38 PM     0    143435      4.00      0.00  kworker/5:0-events
08:20:38 PM     0    143767      1.00      0.00  kworker/8:0-mm_percpu_wq
08:20:38 PM     0    146022      4.00      0.00  kworker/11:1-events
08:20:38 PM     0    147677      2.00      0.00  kworker/10:1-mm_percpu_wq
08:20:38 PM     0    149033      1.00      0.00  iostat
08:20:38 PM     0    149034      1.00      0.00  pidstat
08:20:38 PM     0    149035      5.00      0.00  bash
08:20:38 PM     0    149036      8.00      0.00  bash
08:20:38 PM     0    149037      4.00      0.00  bash
08:20:38 PM     0    149039     99.00      0.00  fio
08:20:38 PM     0    149269      5.00      0.00  kworker/2:0-events
08:20:38 PM     0    150329      1.00      0.00  sleep
08:20:38 PM     0    150340      1.00      1.00  sleep
08:20:38 PM     0    150341      1.00      1.00  sleep

08:20:38 PM   UID       PID   cswch/s nvcswch/s  Command
08:20:39 PM     0        16      1.00      0.00  ksoftirqd/0
08:20:39 PM     0        17     18.00      0.00  rcu_preempt
08:20:39 PM     0        23      1.00      0.00  migration/1
08:20:39 PM     0        24      2.00      0.00  ksoftirqd/1
08:20:39 PM     0        30      3.00      0.00  ksoftirqd/2
08:20:39 PM     0        36      2.00      0.00  ksoftirqd/3
08:20:39 PM     0        42      4.00      0.00  ksoftirqd/4
08:20:39 PM     0        48      1.00      0.00  ksoftirqd/5
08:20:39 PM     0        54      3.00      0.00  ksoftirqd/6
08:20:39 PM     0        59      1.00      0.00  migration/7
08:20:39 PM     0        72      5.00      0.00  ksoftirqd/9
08:20:39 PM     0        77      1.00      0.00  migration/10
08:20:39 PM     0        78      2.00      0.00  ksoftirqd/10
08:20:39 PM     0        84      3.00      0.00  ksoftirqd/11
08:20:39 PM     0        95      2.00      0.00  kcompactd0
08:20:39 PM     0       453      2.00      0.00  multipathd
08:20:39 PM     0     88840      2.00      0.00  kworker/u24:1-events_unbound
08:20:39 PM     0    112707      2.00      0.00  kworker/3:0-mm_percpu_wq
08:20:39 PM     0    118120      3.00      0.00  kworker/9:2-events
08:20:39 PM     0    123430      2.00      0.00  kworker/6:0-mm_percpu_wq
08:20:39 PM     0    132616      2.00      0.00  kworker/7:0-events
08:20:39 PM     0    133744      3.00      0.00  kworker/4:1-events
08:20:39 PM     0    137207      3.00      0.00  kworker/0:2-events
08:20:39 PM     0    140699      6.00      0.00  kworker/1:0-events
08:20:39 PM     0    143435      3.00      0.00  kworker/5:0-mm_percpu_wq
08:20:39 PM     0    143767      2.00      0.00  kworker/8:0-mm_percpu_wq
08:20:39 PM     0    146022      5.00      0.00  kworker/11:1-events
08:20:39 PM     0    147677      2.00      0.00  kworker/10:1-events
08:20:39 PM     0    149033      1.00      0.00  iostat
08:20:39 PM     0    149034      1.00      0.00  pidstat
08:20:39 PM     0    149035      5.00      0.00  bash
08:20:39 PM     0    149036      7.00      0.00  bash
08:20:39 PM     0    149037      4.00      0.00  bash
08:20:39 PM     0    149039    100.00      0.00  fio
08:20:39 PM     0    149269      3.00      0.00  kworker/2:0-events
08:20:39 PM     0    150344      1.00      0.00  sleep
08:20:39 PM     0    150355      1.00      0.00  sleep
08:20:39 PM     0    150356      1.00      0.00  sleep

08:20:39 PM   UID       PID   cswch/s nvcswch/s  Command
08:20:40 PM     0        16      3.00      0.00  ksoftirqd/0
08:20:40 PM     0        17     19.00      0.00  rcu_preempt
08:20:40 PM     0        23      1.00      0.00  migration/1
08:20:40 PM     0        24      2.00      0.00  ksoftirqd/1
08:20:40 PM     0        30      4.00      0.00  ksoftirqd/2
08:20:40 PM     0        36      1.00      0.00  ksoftirqd/3
08:20:40 PM     0        41      2.00      0.00  migration/4
08:20:40 PM     0        47      1.00      0.00  migration/5
08:20:40 PM     0        54      2.00      0.00  ksoftirqd/6
08:20:40 PM     0        60      3.00      0.00  ksoftirqd/7
08:20:40 PM     0        66      2.00      0.00  ksoftirqd/8
08:20:40 PM     0        72      2.00      0.00  ksoftirqd/9
08:20:40 PM     0        78      3.00      0.00  ksoftirqd/10
08:20:40 PM     0        84      1.00      0.00  ksoftirqd/11
08:20:40 PM     0        95      2.00      0.00  kcompactd0
08:20:40 PM     0       453      1.00      0.00  multipathd
08:20:40 PM     0     88840      4.00      0.00  kworker/u24:1-edac-poller
08:20:40 PM     0    112707      4.00      0.00  kworker/3:0-events
08:20:40 PM     0    118120      4.00      0.00  kworker/9:2-mm_percpu_wq
08:20:40 PM     0    123430      2.00      0.00  kworker/6:0-events
08:20:40 PM     0    132616      5.00      0.00  kworker/7:0-events
08:20:40 PM     0    133744      2.00      0.00  kworker/4:1-mm_percpu_wq
08:20:40 PM     0    137207      1.00      0.00  kworker/0:2-mm_percpu_wq
08:20:40 PM     0    140699      4.00      0.00  kworker/1:0-mm_percpu_wq
08:20:40 PM     0    143435      5.00      0.00  kworker/5:0-events
08:20:40 PM     0    143767      3.00      0.00  kworker/8:0-events
08:20:40 PM     0    146022      2.00      0.00  kworker/11:1-mm_percpu_wq
08:20:40 PM     0    147677      1.00      0.00  kworker/10:1-mm_percpu_wq
08:20:40 PM     0    149033      1.00      0.00  iostat
08:20:40 PM     0    149034      1.00      0.00  pidstat
08:20:40 PM     0    149035      5.00      0.00  bash
08:20:40 PM     0    149036      8.00      0.00  bash
08:20:40 PM     0    149037      4.00      0.00  bash
08:20:40 PM     0    149039     99.00      0.00  fio
08:20:40 PM     0    149269      2.00      0.00  kworker/2:0-mm_percpu_wq
08:20:40 PM     0    150359      1.00      0.00  sleep
08:20:40 PM     0    150370      1.00      0.00  sleep
08:20:40 PM     0    150371      1.00      0.00  sleep

08:20:40 PM   UID       PID   cswch/s nvcswch/s  Command
08:20:41 PM     0        16      4.00      0.00  ksoftirqd/0
08:20:41 PM     0        17     18.00      0.00  rcu_preempt
08:20:41 PM     0        24      2.00      0.00  ksoftirqd/1
08:20:41 PM     0        30      3.00      0.00  ksoftirqd/2
08:20:41 PM     0        36      4.00      0.00  ksoftirqd/3
08:20:41 PM     0        42      3.00      0.00  ksoftirqd/4
08:20:41 PM     0        47      1.00      0.00  migration/5
08:20:41 PM     0        48      1.00      0.00  ksoftirqd/5
08:20:41 PM     0        54      4.00      1.00  ksoftirqd/6
08:20:41 PM     0        66      3.00      0.00  ksoftirqd/8
08:20:41 PM     0        72      1.00      0.00  ksoftirqd/9
08:20:41 PM     0        78      3.00      0.00  ksoftirqd/10
08:20:41 PM     0        83      1.00      0.00  migration/11
08:20:41 PM     0        95      2.00      0.00  kcompactd0
08:20:41 PM     0       453      2.00      0.00  multipathd
08:20:41 PM     0       562      3.00      0.00  jbd2/nvme1n1p3-8
08:20:41 PM     0     88840      4.00      0.00  kworker/u24:1-events_unbound
08:20:41 PM     0    112707      2.00      0.00  kworker/3:0-mm_percpu_wq
08:20:41 PM     0    118120      2.00      0.00  kworker/9:2-mm_percpu_wq
08:20:41 PM     0    123430      4.00      0.00  kworker/6:0-events
08:20:41 PM     0    132616      2.00      0.00  kworker/7:0-mm_percpu_wq
08:20:41 PM     0    133744      2.00      0.00  kworker/4:1-mm_percpu_wq
08:20:41 PM     0    137207      3.00      0.00  kworker/0:2-events
08:20:41 PM     0    140699      4.00      0.00  kworker/1:0-events
08:20:41 PM     0    143435      6.00      0.00  kworker/5:0-events
08:20:41 PM     0    143767      4.00      0.00  kworker/8:0-events
08:20:41 PM     0    146022      1.00      0.00  kworker/11:1-mm_percpu_wq
08:20:41 PM     0    147677      1.00      0.00  kworker/10:1-mm_percpu_wq
08:20:41 PM     0    149033      1.00      0.00  iostat
08:20:41 PM     0    149034      1.00      0.00  pidstat
08:20:41 PM     0    149035      5.00      0.00  bash
08:20:41 PM     0    149036      8.00      0.00  bash
08:20:41 PM     0    149037      4.00      0.00  bash
08:20:41 PM     0    149039     99.00      0.00  fio
08:20:41 PM     0    149269      5.00      0.00  kworker/2:0-events
08:20:41 PM     0    150374      1.00      0.00  sleep
08:20:41 PM     0    150385      1.00      1.00  sleep
08:20:41 PM     0    150386      1.00      0.00  sleep

08:20:41 PM   UID       PID   cswch/s nvcswch/s  Command
08:20:42 PM     0        16      5.00      0.00  ksoftirqd/0
08:20:42 PM     0        17     27.00      0.00  rcu_preempt
08:20:42 PM     0        18      1.00      0.00  migration/0
08:20:42 PM     0        23      2.00      0.00  migration/1
08:20:42 PM     0        24      2.00      1.00  ksoftirqd/1
08:20:42 PM     0        29      1.00      0.00  migration/2
08:20:42 PM     0        30      1.00      0.00  ksoftirqd/2
08:20:42 PM     0        35      2.00      0.00  migration/3
08:20:42 PM     0        41      1.00      0.00  migration/4
08:20:42 PM     0        47      1.00      0.00  migration/5
08:20:42 PM     0        48      2.00      0.00  ksoftirqd/5
08:20:42 PM     0        53      1.00      0.00  migration/6
08:20:42 PM     0        54      1.00      0.00  ksoftirqd/6
08:20:42 PM     0        59      1.00      0.00  migration/7
08:20:42 PM     0        60      1.00      0.00  ksoftirqd/7
08:20:42 PM     0        65      3.00      0.00  migration/8
08:20:42 PM     0        66      2.00      0.00  ksoftirqd/8
08:20:42 PM     0        71      2.00      0.00  migration/9
08:20:42 PM     0        72      5.00      0.00  ksoftirqd/9
08:20:42 PM     0        77      1.00      0.00  migration/10
08:20:42 PM     0        78      4.00      0.00  ksoftirqd/10
08:20:42 PM     0        83      1.00      0.00  migration/11
08:20:42 PM     0        84      2.00      0.00  ksoftirqd/11
08:20:42 PM     0        95      2.00      0.00  kcompactd0
08:20:42 PM     0       172      1.00      0.00  kworker/3:1H-kblockd
08:20:42 PM     0       195      1.00      0.00  kworker/6:1H-kblockd
08:20:42 PM     0       453      2.00      0.00  multipathd
08:20:42 PM     0       773      1.00      0.00  sshd
08:20:42 PM     0     88840      1.00      0.00  kworker/u24:1-edac-poller
08:20:42 PM     0    112707      1.00      0.00  kworker/3:0-mm_percpu_wq
08:20:42 PM     0    118120      1.00      0.00  kworker/9:2-mm_percpu_wq
08:20:42 PM     0    123430      3.00      0.00  kworker/6:0-mm_percpu_wq
08:20:42 PM     0    132616      1.00      0.00  kworker/7:0-mm_percpu_wq
08:20:42 PM     0    133744      2.00      0.00  kworker/4:1-events
08:20:42 PM     0    137207      4.00      0.00  kworker/0:2-events
08:20:42 PM     0    140699      3.00      0.00  kworker/1:0-events
08:20:42 PM     0    143435      8.00      0.00  kworker/5:0-events
08:20:42 PM     0    143767      2.00      0.00  kworker/8:0-events
08:20:42 PM     0    146022      2.00      0.00  kworker/11:1-mm_percpu_wq
08:20:42 PM     0    147677      2.00      0.00  kworker/10:1-events
08:20:42 PM     0    149033      1.00      0.00  iostat
08:20:42 PM     0    149034      1.00      0.00  pidstat
08:20:42 PM     0    149035      5.00      0.00  bash
08:20:42 PM     0    149036      8.00      0.00  bash
08:20:42 PM     0    149037      4.00      0.00  bash
08:20:42 PM     0    149039    100.00      0.00  fio
08:20:42 PM     0    149269      3.00      0.00  kworker/2:0-events
08:20:42 PM     0    150389      1.00      0.00  sleep
08:20:42 PM     0    150400      1.00      1.00  sleep
08:20:42 PM     0    150401      1.00      1.00  sleep

08:20:42 PM   UID       PID   cswch/s nvcswch/s  Command
08:20:43 PM     0        16      1.00      0.00  ksoftirqd/0
08:20:43 PM     0        17     20.00      0.00  rcu_preempt
08:20:43 PM     0        24      1.00      0.00  ksoftirqd/1
08:20:43 PM     0        30      1.00      0.00  ksoftirqd/2
08:20:43 PM     0        36      5.00      0.00  ksoftirqd/3
08:20:43 PM     0        42      1.00      0.00  ksoftirqd/4
08:20:43 PM     0        48      2.00      0.00  ksoftirqd/5
08:20:43 PM     0        54      3.00      0.00  ksoftirqd/6
08:20:43 PM     0        66      3.00      0.00  ksoftirqd/8
08:20:43 PM     0        71      1.00      0.00  migration/9
08:20:43 PM     0        72      3.00      0.00  ksoftirqd/9
08:20:43 PM     0        77      1.00      0.00  migration/10
08:20:43 PM     0        78      1.00      0.00  ksoftirqd/10
08:20:43 PM     0        83      1.00      0.00  migration/11
08:20:43 PM     0        84      3.00      0.00  ksoftirqd/11
08:20:43 PM     0        95      2.00      0.00  kcompactd0
08:20:43 PM     0       453      2.00      0.00  multipathd
08:20:43 PM     0     21554      1.00      0.00  packagekitd
08:20:43 PM     0     88840      1.00      0.00  kworker/u24:1-events_power_efficient
08:20:43 PM     0     98256      2.00      0.00  kworker/u24:2-edac-poller
08:20:43 PM     0    112707      3.00      0.00  kworker/3:0-events
08:20:43 PM     0    118120      2.00      0.00  kworker/9:2-events
08:20:43 PM     0    123430      2.00      0.00  kworker/6:0-mm_percpu_wq
08:20:43 PM     0    132616      1.00      0.00  kworker/7:0-mm_percpu_wq
08:20:43 PM     0    133744      3.00      0.00  kworker/4:1-events
08:20:43 PM     0    137207      4.00      0.00  kworker/0:2-events
08:20:43 PM     0    140699      3.00      0.00  kworker/1:0-mm_percpu_wq
08:20:43 PM     0    143435      5.00      0.00  kworker/5:0-events
08:20:43 PM     0    143767      2.00      0.00  kworker/8:0-mm_percpu_wq
08:20:43 PM     0    146022      5.00      0.00  kworker/11:1-events
08:20:43 PM     0    147677      2.00      0.00  kworker/10:1-events
08:20:43 PM     0    149033      1.00      0.00  iostat
08:20:43 PM     0    149034      1.00      0.00  pidstat
08:20:43 PM     0    149035      5.00      0.00  bash
08:20:43 PM     0    149036      8.00      0.00  bash
08:20:43 PM     0    149037      4.00      0.00  bash
08:20:43 PM     0    149039     99.00      0.00  fio
08:20:43 PM     0    149269      1.00      0.00  kworker/2:0-mm_percpu_wq
08:20:43 PM     0    150404      1.00      0.00  sleep
08:20:43 PM     0    150414      1.00      0.00  sleep
08:20:43 PM     0    150416      1.00      0.00  sleep

08:20:43 PM   UID       PID   cswch/s nvcswch/s  Command
08:20:44 PM     0        16      3.00      0.00  ksoftirqd/0
08:20:44 PM     0        17     18.00      0.00  rcu_preempt
08:20:44 PM     0        18      2.00      0.00  migration/0
08:20:44 PM     0        23      1.00      0.00  migration/1
08:20:44 PM     0        24      5.00      0.00  ksoftirqd/1
08:20:44 PM     0        30      1.00      0.00  ksoftirqd/2
08:20:44 PM     0        35      2.00      0.00  migration/3
08:20:44 PM     0        36      1.00      0.00  ksoftirqd/3
08:20:44 PM     0        42      1.00      0.00  ksoftirqd/4
08:20:44 PM     0        48      1.00      0.00  ksoftirqd/5
08:20:44 PM     0        54      1.00      0.00  ksoftirqd/6
08:20:44 PM     0        60      3.00      0.00  ksoftirqd/7
08:20:44 PM     0        66      1.00      0.00  ksoftirqd/8
08:20:44 PM     0        72      1.00      0.00  ksoftirqd/9
08:20:44 PM     0        77      1.00      0.00  migration/10
08:20:44 PM     0        78      3.00      0.00  ksoftirqd/10
08:20:44 PM     0        84      1.00      0.00  ksoftirqd/11
08:20:44 PM     0        95      2.00      0.00  kcompactd0
08:20:44 PM     0       453      2.00      0.00  multipathd
08:20:44 PM     0     88840      2.00      0.00  kworker/u24:1-edac-poller
08:20:44 PM     0     98256      2.00      0.00  kworker/u24:2-events_power_efficient
08:20:44 PM     0    112707      2.00      0.00  kworker/3:0-events
08:20:44 PM     0    118120      2.00      0.00  kworker/9:2-events
08:20:44 PM     0    123430      1.00      0.00  kworker/6:0-mm_percpu_wq
08:20:44 PM     0    132616      4.00      0.00  kworker/7:0-events
08:20:44 PM     0    133744      3.00      0.00  kworker/4:1-mm_percpu_wq
08:20:44 PM     0    137207      2.00      0.00  kworker/0:2-mm_percpu_wq
08:20:44 PM     0    140699      4.00      0.00  kworker/1:0-events
08:20:44 PM     0    143435      7.00      0.00  kworker/5:0-events
08:20:44 PM     0    143767      1.00      0.00  kworker/8:0-mm_percpu_wq
08:20:44 PM     0    146022      4.00      0.00  kworker/11:1-events
08:20:44 PM     0    147677      3.00      0.00  kworker/10:1-events
08:20:44 PM     0    149033      1.00      0.00  iostat
08:20:44 PM     0    149034      1.00      0.00  pidstat
08:20:44 PM     0    149035      5.00      0.00  bash
08:20:44 PM     0    149036      8.00      0.00  bash
08:20:44 PM     0    149037      4.00      0.00  bash
08:20:44 PM     0    149039    100.00      0.00  fio
08:20:44 PM     0    149269      2.00      0.00  kworker/2:0-events
08:20:44 PM     0    150419      1.00      1.00  sleep
08:20:44 PM     0    150429      1.00      0.00  sleep
08:20:44 PM     0    150431      1.00      1.00  sleep

08:20:44 PM   UID       PID   cswch/s nvcswch/s  Command
08:20:45 PM     0        16      4.00      0.00  ksoftirqd/0
08:20:45 PM     0        17     22.00      0.00  rcu_preempt
08:20:45 PM     0        30      1.00      0.00  ksoftirqd/2
08:20:45 PM     0        35      1.00      0.00  migration/3
08:20:45 PM     0        36      1.00      0.00  ksoftirqd/3
08:20:45 PM     0        41      1.00      0.00  migration/4
08:20:45 PM     0        42      7.00      0.00  ksoftirqd/4
08:20:45 PM     0        48      1.00      0.00  ksoftirqd/5
08:20:45 PM     0        53      1.00      0.00  migration/6
08:20:45 PM     0        54      2.00      0.00  ksoftirqd/6
08:20:45 PM     0        59      1.00      0.00  migration/7
08:20:45 PM     0        66      1.00      0.00  ksoftirqd/8
08:20:45 PM     0        72      2.00      0.00  ksoftirqd/9
08:20:45 PM     0        78      6.00      0.00  ksoftirqd/10
08:20:45 PM     0        83      2.00      0.00  migration/11
08:20:45 PM     0        84      3.00      0.00  ksoftirqd/11
08:20:45 PM     0        95      2.00      0.00  kcompactd0
08:20:45 PM     0       453      1.00      0.00  multipathd
08:20:45 PM     0     88840      4.00      0.00  kworker/u24:1-edac-poller
08:20:45 PM     0    112707      1.00      0.00  kworker/3:0-mm_percpu_wq
08:20:45 PM     0    118120      1.00      0.00  kworker/9:2-mm_percpu_wq
08:20:45 PM     0    123430      3.00      0.00  kworker/6:0-events
08:20:45 PM     0    132616      4.00      0.00  kworker/7:0-events
08:20:45 PM     0    133744      3.00      0.00  kworker/4:1-events
08:20:45 PM     0    137207     10.00      0.00  kworker/0:2-events
08:20:45 PM     0    140699      4.00      0.00  kworker/1:0-events
08:20:45 PM     0    143435      1.00      0.00  kworker/5:0-mm_percpu_wq
08:20:45 PM     0    143767      2.00      0.00  kworker/8:0-events
08:20:45 PM     0    146022      3.00      0.00  kworker/11:1-events
08:20:45 PM     0    147677      5.00      0.00  kworker/10:1-events
08:20:45 PM     0    149033      1.00      0.00  iostat
08:20:45 PM     0    149034      1.00      0.00  pidstat
08:20:45 PM     0    149035      5.00      0.00  bash
08:20:45 PM     0    149036      6.00      0.00  bash
08:20:45 PM     0    149037      4.00      0.00  bash
08:20:45 PM     0    149039     99.00      0.00  fio
08:20:45 PM     0    149269      2.00      0.00  kworker/2:0-events
08:20:45 PM     0    150434      1.00      0.00  sleep
08:20:45 PM     0    150445      1.00      0.00  sleep
08:20:45 PM     0    150446      1.00      0.00  sleep

08:20:45 PM   UID       PID   cswch/s nvcswch/s  Command
08:20:46 PM     0        16      3.00      0.00  ksoftirqd/0
08:20:46 PM     0        17     25.00      0.00  rcu_preempt
08:20:46 PM     0        18      1.00      0.00  migration/0
08:20:46 PM     0        23      2.00      0.00  migration/1
08:20:46 PM     0        29      1.00      0.00  migration/2
08:20:46 PM     0        35      1.00      0.00  migration/3
08:20:46 PM     0        36      6.00      0.00  ksoftirqd/3
08:20:46 PM     0        41      1.00      0.00  migration/4
08:20:46 PM     0        42      3.00      0.00  ksoftirqd/4
08:20:46 PM     0        47      1.00      0.00  migration/5
08:20:46 PM     0        48      2.00      0.00  ksoftirqd/5
08:20:46 PM     0        53      1.00      0.00  migration/6
08:20:46 PM     0        59      1.00      0.00  migration/7
08:20:46 PM     0        60      4.00      0.00  ksoftirqd/7
08:20:46 PM     0        65      1.00      0.00  migration/8
08:20:46 PM     0        66      1.00      0.00  ksoftirqd/8
08:20:46 PM     0        71      2.00      0.00  migration/9
08:20:46 PM     0        72      1.00      0.00  ksoftirqd/9
08:20:46 PM     0        77      1.00      0.00  migration/10
08:20:46 PM     0        78      2.00      0.00  ksoftirqd/10
08:20:46 PM     0        83      2.00      0.00  migration/11
08:20:46 PM     0        95      2.00      0.00  kcompactd0
08:20:46 PM     0       453      1.00      0.00  multipathd
08:20:46 PM     0       562      3.00      0.00  jbd2/nvme1n1p3-8
08:20:46 PM     0     88840      3.00      0.00  kworker/u24:1-edac-poller
08:20:46 PM     0    112707      3.00      0.00  kworker/3:0-events
08:20:46 PM     0    118120      1.00      0.00  kworker/9:2-mm_percpu_wq
08:20:46 PM     0    123430      2.00      0.00  kworker/6:0-mm_percpu_wq
08:20:46 PM     0    132616      2.00      0.00  kworker/7:0-mm_percpu_wq
08:20:46 PM     0    133744      4.00      0.00  kworker/4:1-mm_percpu_wq
08:20:46 PM     0    137207      4.00      0.00  kworker/0:2-events
08:20:46 PM     0    140699      3.00      0.00  kworker/1:0-events
08:20:46 PM     0    143435      1.00      0.00  kworker/5:0-mm_percpu_wq
08:20:46 PM     0    143767      3.00      0.00  kworker/8:0-events
08:20:46 PM     0    146022      2.00      0.00  kworker/11:1-events
08:20:46 PM     0    147677      2.00      0.00  kworker/10:1-events
08:20:46 PM     0    149033      1.00      0.00  iostat
08:20:46 PM     0    149034      1.00      0.00  pidstat
08:20:46 PM     0    149035      5.00      0.00  bash
08:20:46 PM     0    149036      8.00      0.00  bash
08:20:46 PM     0    149037      4.00      0.00  bash
08:20:46 PM     0    149039    100.00      0.00  fio
08:20:46 PM     0    149269      4.00      0.00  kworker/2:0-events
08:20:46 PM     0    150449      1.00      0.00  sleep
08:20:46 PM     0    150460      1.00      0.00  sleep
08:20:46 PM     0    150461      1.00      0.00  sleep

08:20:46 PM   UID       PID   cswch/s nvcswch/s  Command
08:20:47 PM     0         2      1.00      0.00  kthreadd
08:20:47 PM     0        16      2.00      0.00  ksoftirqd/0
08:20:47 PM     0        17     23.00      0.00  rcu_preempt
08:20:47 PM     0        23      1.00      0.00  migration/1
08:20:47 PM     0        24      2.00      0.00  ksoftirqd/1
08:20:47 PM     0        35      2.00      0.00  migration/3
08:20:47 PM     0        36      2.00      0.00  ksoftirqd/3
08:20:47 PM     0        42      4.00      0.00  ksoftirqd/4
08:20:47 PM     0        47      1.00      0.00  migration/5
08:20:47 PM     0        48      4.00      0.00  ksoftirqd/5
08:20:47 PM     0        53      1.00      0.00  migration/6
08:20:47 PM     0        54      3.00      0.00  ksoftirqd/6
08:20:47 PM     0        65      1.00      0.00  migration/8
08:20:47 PM     0        66      1.00      0.00  ksoftirqd/8
08:20:47 PM     0        71      1.00      0.00  migration/9
08:20:47 PM     0        72      1.00      0.00  ksoftirqd/9
08:20:47 PM     0        78      1.00      0.00  ksoftirqd/10
08:20:47 PM     0        84      3.00      0.00  ksoftirqd/11
08:20:47 PM     0        95      2.00      0.00  kcompactd0
08:20:47 PM     0       102      1.00      0.00  irq/9-acpi
08:20:47 PM     0       453      2.00      0.00  multipathd
08:20:47 PM   101       608      2.00      0.00  systemd-network
08:20:47 PM     0    112707      4.00      0.00  kworker/3:0-events
08:20:47 PM     0    118120   1139.00      1.00  kworker/9:2-events
08:20:47 PM     0    123430      4.00      0.00  kworker/6:0-events
08:20:47 PM     0    132616      2.00      0.00  kworker/7:0-mm_percpu_wq
08:20:47 PM     0    133744      1.00      0.00  kworker/4:1-mm_percpu_wq
08:20:47 PM     0    137207      6.00      0.00  kworker/0:2-events
08:20:47 PM     0    140699      3.00      0.00  kworker/1:0-events
08:20:47 PM     0    141884   1134.00      0.00  kworker/9:0-i915-unordered
08:20:47 PM     0    143435      4.00      0.00  kworker/5:0-events
08:20:47 PM     0    143767      4.00      0.00  kworker/8:0-events
08:20:47 PM     0    145855      2.00      0.00  kworker/9:3-mm_percpu_wq
08:20:47 PM     0    146022      3.00      0.00  kworker/11:1-events
08:20:47 PM     0    147677      1.00      0.00  kworker/10:1-mm_percpu_wq
08:20:47 PM     0    149033      1.00      0.00  iostat
08:20:47 PM     0    149034      1.00      0.00  pidstat
08:20:47 PM     0    149035      5.00      0.00  bash
08:20:47 PM     0    149036      7.00      0.00  bash
08:20:47 PM     0    149037      4.00      0.00  bash
08:20:47 PM     0    149039     99.00      0.00  fio
08:20:47 PM     0    149269      4.00      0.00  kworker/2:0-events
08:20:47 PM     0    150464      1.00      0.00  sleep
08:20:47 PM     0    150465      2.00      0.00  kworker/9:1
08:20:47 PM     0    150475      1.00      1.00  sleep
08:20:47 PM     0    150477      1.00      1.00  sleep

08:20:47 PM   UID       PID   cswch/s nvcswch/s  Command
08:20:48 PM     0        16      3.00      0.00  ksoftirqd/0
08:20:48 PM     0        17     20.00      0.00  rcu_preempt
08:20:48 PM     0        24      3.00      0.00  ksoftirqd/1
08:20:48 PM     0        29      1.00      0.00  migration/2
08:20:48 PM     0        30      1.00      0.00  ksoftirqd/2
08:20:48 PM     0        35      1.00      0.00  migration/3
08:20:48 PM     0        36      2.00      0.00  ksoftirqd/3
08:20:48 PM     0        42      2.00      0.00  ksoftirqd/4
08:20:48 PM     0        48      2.00      0.00  ksoftirqd/5
08:20:48 PM     0        54      4.00      0.00  ksoftirqd/6
08:20:48 PM     0        60      3.00      0.00  ksoftirqd/7
08:20:48 PM     0        65      1.00      0.00  migration/8
08:20:48 PM     0        66      5.00      0.00  ksoftirqd/8
08:20:48 PM     0        71      1.00      0.00  migration/9
08:20:48 PM     0        72      3.00      0.00  ksoftirqd/9
08:20:48 PM     0        78      2.00      0.00  ksoftirqd/10
08:20:48 PM     0        95      2.00      0.00  kcompactd0
08:20:48 PM     0       188      1.00      0.00  kworker/2:1H-kblockd
08:20:48 PM     0       453      2.00      0.00  multipathd
08:20:48 PM     0     88840      4.00      0.00  kworker/u24:1-events_power_efficient
08:20:48 PM     0     98256      1.00      0.00  kworker/u24:2-events_power_efficient
08:20:48 PM     0    112707      4.00      0.00  kworker/3:0-events
08:20:48 PM     0    123430      1.00      0.00  kworker/6:0-mm_percpu_wq
08:20:48 PM     0    132616      2.00      0.00  kworker/7:0-events
08:20:48 PM     0    133744      3.00      0.00  kworker/4:1-events
08:20:48 PM     0    137207      5.00      0.00  kworker/0:2-events
08:20:48 PM     0    140699      2.00      0.00  kworker/1:0-mm_percpu_wq
08:20:48 PM     0    141884      1.00      0.00  kworker/9:0-mm_percpu_wq
08:20:48 PM     0    143435      3.00      0.00  kworker/5:0-events
08:20:48 PM     0    143767      1.00      0.00  kworker/8:0-mm_percpu_wq
08:20:48 PM     0    146022      3.00      0.00  kworker/11:1-mm_percpu_wq
08:20:48 PM     0    147677      1.00      0.00  kworker/10:1-mm_percpu_wq
08:20:48 PM     0    149033      1.00      0.00  iostat
08:20:48 PM     0    149034      1.00      0.00  pidstat
08:20:48 PM     0    149035      5.00      0.00  bash
08:20:48 PM     0    149036      8.00      0.00  bash
08:20:48 PM     0    149037      4.00      0.00  bash
08:20:48 PM     0    149039     99.00      0.00  fio
08:20:48 PM     0    149269      5.00      0.00  kworker/2:0-events
08:20:48 PM     0    150480      1.00      0.00  sleep
08:20:48 PM     0    150491      1.00      1.00  sleep
08:20:48 PM     0    150492      1.00      1.00  sleep

08:20:48 PM   UID       PID   cswch/s nvcswch/s  Command
08:20:49 PM     0        16      5.00      0.00  ksoftirqd/0
08:20:49 PM     0        17     21.00      0.00  rcu_preempt
08:20:49 PM     0        24      2.00      0.00  ksoftirqd/1
08:20:49 PM     0        29      1.00      0.00  migration/2
08:20:49 PM     0        30      1.00      0.00  ksoftirqd/2
08:20:49 PM     0        36      2.00      0.00  ksoftirqd/3
08:20:49 PM     0        42      2.00      0.00  ksoftirqd/4
08:20:49 PM     0        47      1.00      0.00  migration/5
08:20:49 PM     0        48      1.00      0.00  ksoftirqd/5
08:20:49 PM     0        54      3.00      0.00  ksoftirqd/6
08:20:49 PM     0        60      3.00      0.00  ksoftirqd/7
08:20:49 PM     0        66      2.00      0.00  ksoftirqd/8
08:20:49 PM     0        71      2.00      0.00  migration/9
08:20:49 PM     0        72      3.00      0.00  ksoftirqd/9
08:20:49 PM     0        77      1.00      0.00  migration/10
08:20:49 PM     0        78      1.00      0.00  ksoftirqd/10
08:20:49 PM     0        84      1.00      0.00  ksoftirqd/11
08:20:49 PM     0        95      2.00      0.00  kcompactd0
08:20:49 PM     0       453      2.00      0.00  multipathd
08:20:49 PM     0     98256      1.00      0.00  kworker/u24:2-edac-poller
08:20:49 PM     0    112707      3.00      0.00  kworker/3:0-events
08:20:49 PM     0    123430      3.00      0.00  kworker/6:0-events
08:20:49 PM     0    132616      3.00      0.00  kworker/7:0-events
08:20:49 PM     0    133744      1.00      0.00  kworker/4:1-mm_percpu_wq
08:20:49 PM     0    137207      4.00      0.00  kworker/0:2-events
08:20:49 PM     0    140699      4.00      0.00  kworker/1:0-events
08:20:49 PM     0    141884      2.00      0.00  kworker/9:0-mm_percpu_wq
08:20:49 PM     0    143435      2.00      0.00  kworker/5:0-mm_percpu_wq
08:20:49 PM     0    143767      3.00      0.00  kworker/8:0-events
08:20:49 PM     0    146022      5.00      0.00  kworker/11:1-events
08:20:49 PM     0    147677      4.00      0.00  kworker/10:1-events
08:20:49 PM     0    149033      1.00      0.00  iostat
08:20:49 PM     0    149034      1.00      0.00  pidstat
08:20:49 PM     0    149035      5.00      0.00  bash
08:20:49 PM     0    149036      8.00      0.00  bash
08:20:49 PM     0    149037      4.00      0.00  bash
08:20:49 PM     0    149039    100.00      0.00  fio
08:20:49 PM     0    149269      2.00      0.00  kworker/2:0-events
08:20:49 PM     0    150495      1.00      0.00  sleep
08:20:49 PM     0    150506      1.00      1.00  sleep
08:20:49 PM     0    150507      1.00      1.00  sleep

08:20:49 PM   UID       PID   cswch/s nvcswch/s  Command
08:20:50 PM     0        16      2.00      0.00  ksoftirqd/0
08:20:50 PM     0        17     18.00      0.00  rcu_preempt
08:20:50 PM     0        18      2.00      0.00  migration/0
08:20:50 PM     0        23      1.00      0.00  migration/1
08:20:50 PM     0        24      4.00      0.00  ksoftirqd/1
08:20:50 PM     0        29      2.00      0.00  migration/2
08:20:50 PM     0        35      1.00      0.00  migration/3
08:20:50 PM     0        36      2.00      0.00  ksoftirqd/3
08:20:50 PM     0        41      1.00      0.00  migration/4
08:20:50 PM     0        42      3.00      0.00  ksoftirqd/4
08:20:50 PM     0        47      2.00      0.00  migration/5
08:20:50 PM     0        48      4.00      0.00  ksoftirqd/5
08:20:50 PM     0        53      1.00      0.00  migration/6
08:20:50 PM     0        54      2.00      0.00  ksoftirqd/6
08:20:50 PM     0        59      1.00      0.00  migration/7
08:20:50 PM     0        60      2.00      0.00  ksoftirqd/7
08:20:50 PM     0        65      1.00      0.00  migration/8
08:20:50 PM     0        66      2.00      0.00  ksoftirqd/8
08:20:50 PM     0        71      2.00      0.00  migration/9
08:20:50 PM     0        72      3.00      0.00  ksoftirqd/9
08:20:50 PM     0        77      1.00      0.00  migration/10
08:20:50 PM     0        78      2.00      0.00  ksoftirqd/10
08:20:50 PM     0        83      1.00      0.00  migration/11
08:20:50 PM     0        84      2.00      0.00  ksoftirqd/11
08:20:50 PM     0        95      2.00      0.00  kcompactd0
08:20:50 PM     0       453      1.00      0.00  multipathd
08:20:50 PM     0     98256      4.00      0.00  kworker/u24:2-ext4-rsv-conversion
08:20:50 PM     0    112707      2.00      0.00  kworker/3:0-events
08:20:50 PM     0    123430      3.00      0.00  kworker/6:0-events
08:20:50 PM     0    132616      4.00      0.00  kworker/7:0-events
08:20:50 PM     0    133744      3.00      0.00  kworker/4:1-events
08:20:50 PM     0    137207      3.00      0.00  kworker/0:2-events
08:20:50 PM     0    140699      5.00      0.00  kworker/1:0-events
08:20:50 PM     0    141884      1.00      0.00  kworker/9:0-mm_percpu_wq
08:20:50 PM     0    143435      1.00      0.00  kworker/5:0-mm_percpu_wq
08:20:50 PM     0    143767      4.00      0.00  kworker/8:0-events
08:20:50 PM     0    146022      1.00      0.00  kworker/11:1-mm_percpu_wq
08:20:50 PM     0    147677      3.00      0.00  kworker/10:1-events
08:20:50 PM     0    149033      1.00      0.00  iostat
08:20:50 PM     0    149034      1.00      0.00  pidstat
08:20:50 PM     0    149035      5.00      0.00  bash
08:20:50 PM     0    149036      8.00      0.00  bash
08:20:50 PM     0    149037      4.00      0.00  bash
08:20:50 PM     0    149039     99.00      0.00  fio
08:20:50 PM     0    149269      3.00      0.00  kworker/2:0-mm_percpu_wq
08:20:50 PM     0    150510      1.00      0.00  sleep
08:20:50 PM     0    150521      1.00      1.00  sleep
08:20:50 PM     0    150522      1.00      0.00  sleep

08:20:50 PM   UID       PID   cswch/s nvcswch/s  Command
08:20:51 PM     0        16      4.00      0.00  ksoftirqd/0
08:20:51 PM     0        17     19.00      0.00  rcu_preempt
08:20:51 PM     0        18      1.00      0.00  migration/0
08:20:51 PM     0        24      3.00      0.00  ksoftirqd/1
08:20:51 PM     0        35      1.00      0.00  migration/3
08:20:51 PM     0        36      1.00      1.00  ksoftirqd/3
08:20:51 PM     0        42      2.00      0.00  ksoftirqd/4
08:20:51 PM     0        48      3.00      0.00  ksoftirqd/5
08:20:51 PM     0        53      3.00      0.00  migration/6
08:20:51 PM     0        54      2.00      0.00  ksoftirqd/6
08:20:51 PM     0        59      1.00      0.00  migration/7
08:20:51 PM     0        60      1.00      0.00  ksoftirqd/7
08:20:51 PM     0        66      2.00      0.00  ksoftirqd/8
08:20:51 PM     0        72      4.00      0.00  ksoftirqd/9
08:20:51 PM     0        77      1.00      0.00  migration/10
08:20:51 PM     0        78      2.00      0.00  ksoftirqd/10
08:20:51 PM     0        84      3.00      0.00  ksoftirqd/11
08:20:51 PM     0        95      2.00      0.00  kcompactd0
08:20:51 PM     0       191      1.00      0.00  kworker/1:1H-kblockd
08:20:51 PM     0       453      1.00      0.00  multipathd
08:20:51 PM     0       562      4.00      0.00  jbd2/nvme1n1p3-8
08:20:51 PM     0     98256      4.00      0.00  kworker/u24:2-writeback
08:20:51 PM     0    112707      4.00      0.00  kworker/3:0-events
08:20:51 PM     0    123430      4.00      0.00  kworker/6:0-events
08:20:51 PM     0    132616      2.00      0.00  kworker/7:0-events
08:20:51 PM     0    133744      1.00      0.00  kworker/4:1-mm_percpu_wq
08:20:51 PM     0    137207      4.00      0.00  kworker/0:2-events
08:20:51 PM     0    140699      4.00      0.00  kworker/1:0-events
08:20:51 PM     0    141884      2.00      0.00  kworker/9:0-mm_percpu_wq
08:20:51 PM     0    143435      1.00      0.00  kworker/5:0-mm_percpu_wq
08:20:51 PM     0    143767      5.00      0.00  kworker/8:0-events
08:20:51 PM     0    146022      3.00      0.00  kworker/11:1-events
08:20:51 PM     0    147677      2.00      0.00  kworker/10:1-mm_percpu_wq
08:20:51 PM     0    149033      1.00      0.00  iostat
08:20:51 PM     0    149034      1.00      0.00  pidstat
08:20:51 PM     0    149035      5.00      0.00  bash
08:20:51 PM     0    149036      8.00      0.00  bash
08:20:51 PM     0    149037      4.00      0.00  bash
08:20:51 PM     0    149039    100.00      0.00  fio
08:20:51 PM     0    149269      3.00      0.00  kworker/2:0-events
08:20:51 PM     0    150525      1.00      0.00  sleep
08:20:51 PM     0    150535      1.00      1.00  sleep
08:20:51 PM     0    150537      1.00      0.00  sleep

08:20:51 PM   UID       PID   cswch/s nvcswch/s  Command
08:20:52 PM     0        16      1.00      0.00  ksoftirqd/0
08:20:52 PM     0        17     17.00      0.00  rcu_preempt
08:20:52 PM     0        24      3.00      0.00  ksoftirqd/1
08:20:52 PM     0        35      1.00      0.00  migration/3
08:20:52 PM     0        36      2.00      0.00  ksoftirqd/3
08:20:52 PM     0        42      1.00      0.00  ksoftirqd/4
08:20:52 PM     0        47      1.00      0.00  migration/5
08:20:52 PM     0        48      2.00      0.00  ksoftirqd/5
08:20:52 PM     0        54      4.00      0.00  ksoftirqd/6
08:20:52 PM     0        60      1.00      0.00  ksoftirqd/7
08:20:52 PM     0        65      2.00      0.00  migration/8
08:20:52 PM     0        66      4.00      0.00  ksoftirqd/8
08:20:52 PM     0        71      1.00      0.00  migration/9
08:20:52 PM     0        72      2.00      0.00  ksoftirqd/9
08:20:52 PM     0        77      2.00      0.00  migration/10
08:20:52 PM     0        78      2.00      0.00  ksoftirqd/10
08:20:52 PM     0        95      2.00      0.00  kcompactd0
08:20:52 PM     0       453      2.00      0.00  multipathd
08:20:52 PM     0     98256      2.00      0.00  kworker/u24:2-events_unbound
08:20:52 PM     0    112707      3.00      0.00  kworker/3:0-events
08:20:52 PM     0    123430      3.00      0.00  kworker/6:0-mm_percpu_wq
08:20:52 PM     0    132616      2.00      0.00  kworker/7:0-mm_percpu_wq
08:20:52 PM     0    133744      2.00      0.00  kworker/4:1-mm_percpu_wq
08:20:52 PM     0    137207      1.00      0.00  kworker/0:2-mm_percpu_wq
08:20:52 PM     0    140699      1.00      0.00  kworker/1:0-mm_percpu_wq
08:20:52 PM     0    141884      2.00      0.00  kworker/9:0-events
08:20:52 PM     0    143435      4.00      0.00  kworker/5:0-events
08:20:52 PM     0    143767      2.00      0.00  kworker/8:0-events
08:20:52 PM     0    146022      1.00      0.00  kworker/11:1-mm_percpu_wq
08:20:52 PM     0    147677      2.00      0.00  kworker/10:1-events
08:20:52 PM     0    149033      1.00      0.00  iostat
08:20:52 PM     0    149034      1.00      0.00  pidstat
08:20:52 PM     0    149035      5.00      0.00  bash
08:20:52 PM     0    149036      6.00      0.00  bash
08:20:52 PM     0    149037      4.00      0.00  bash
08:20:52 PM     0    149039     99.00      0.00  fio
08:20:52 PM     0    149269      7.00      0.00  kworker/2:0-events
08:20:52 PM     0    150540      1.00      1.00  sleep
08:20:52 PM     0    150551      1.00      0.00  sleep
08:20:52 PM     0    150552      1.00      0.00  sleep

08:20:52 PM   UID       PID   cswch/s nvcswch/s  Command
08:20:53 PM     0        17     19.00      0.00  rcu_preempt
08:20:53 PM     0        23      1.00      0.00  migration/1
08:20:53 PM     0        24      3.00      0.00  ksoftirqd/1
08:20:53 PM     0        36      2.00      0.00  ksoftirqd/3
08:20:53 PM     0        42      1.00      0.00  ksoftirqd/4
08:20:53 PM     0        47      1.00      0.00  migration/5
08:20:53 PM     0        48      4.00      0.00  ksoftirqd/5
08:20:53 PM     0        53      2.00      0.00  migration/6
08:20:53 PM     0        54      1.00      0.00  ksoftirqd/6
08:20:53 PM     0        59      1.00      0.00  migration/7
08:20:53 PM     0        60      2.00      0.00  ksoftirqd/7
08:20:53 PM     0        66      3.00      0.00  ksoftirqd/8
08:20:53 PM     0        72      2.00      0.00  ksoftirqd/9
08:20:53 PM     0        78      2.00      0.00  ksoftirqd/10
08:20:53 PM     0        84      2.00      0.00  ksoftirqd/11
08:20:53 PM     0        95      2.00      0.00  kcompactd0
08:20:53 PM     0       453      2.00      0.00  multipathd
08:20:53 PM     0     21554      1.00      0.00  packagekitd
08:20:53 PM     0     88840      1.00      0.00  kworker/u24:1-events_power_efficient
08:20:53 PM     0     98256      2.00      0.00  kworker/u24:2-events_power_efficient
08:20:53 PM     0    112707      2.00      0.00  kworker/3:0-events
08:20:53 PM     0    123430      2.00      0.00  kworker/6:0-mm_percpu_wq
08:20:53 PM     0    132616      4.00      0.00  kworker/7:0-events
08:20:53 PM     0    133744      3.00      0.00  kworker/4:1-events
08:20:53 PM     0    137207      5.00      0.00  kworker/0:2-events
08:20:53 PM     0    140699      4.00      0.00  kworker/1:0-events
08:20:53 PM     0    141884      1.00      0.00  kworker/9:0-mm_percpu_wq
08:20:53 PM     0    143435      2.00      0.00  kworker/5:0-events
08:20:53 PM     0    143767      2.00      0.00  kworker/8:0-mm_percpu_wq
08:20:53 PM     0    146022      2.00      0.00  kworker/11:1-events
08:20:53 PM     0    147677      2.00      0.00  kworker/10:1-mm_percpu_wq
08:20:53 PM     0    149033      1.00      0.00  iostat
08:20:53 PM     0    149034      1.00      0.00  pidstat
08:20:53 PM     0    149035      5.00      0.00  bash
08:20:53 PM     0    149036      7.00      0.00  bash
08:20:53 PM     0    149037      4.00      0.00  bash
08:20:53 PM     0    149039     99.00      0.00  fio
08:20:53 PM     0    149269      5.00      0.00  kworker/2:0-events
08:20:53 PM     0    150555      1.00      0.00  sleep
08:20:53 PM     0    150565      1.00      0.00  sleep
08:20:53 PM     0    150567      1.00      1.00  sleep

08:20:53 PM   UID       PID   cswch/s nvcswch/s  Command
08:20:54 PM     0        16      3.00      0.00  ksoftirqd/0
08:20:54 PM     0        17     13.00      0.00  rcu_preempt
08:20:54 PM     0        18      1.00      0.00  migration/0
08:20:54 PM     0        23      1.00      0.00  migration/1
08:20:54 PM     0        24      1.00      0.00  ksoftirqd/1
08:20:54 PM     0        29      1.00      0.00  migration/2
08:20:54 PM     0        35      1.00      0.00  migration/3
08:20:54 PM     0        36      1.00      0.00  ksoftirqd/3
08:20:54 PM     0        41      1.00      0.00  migration/4
08:20:54 PM     0        42      2.00      0.00  ksoftirqd/4
08:20:54 PM     0        47      1.00      0.00  migration/5
08:20:54 PM     0        53      1.00      0.00  migration/6
08:20:54 PM     0        54      2.00      0.00  ksoftirqd/6
08:20:54 PM     0        59      1.00      0.00  migration/7
08:20:54 PM     0        60      3.00      0.00  ksoftirqd/7
08:20:54 PM     0        65      2.00      0.00  migration/8
08:20:54 PM     0        66      1.00      0.00  ksoftirqd/8
08:20:54 PM     0        71      1.00      0.00  migration/9
08:20:54 PM     0        72      3.00      0.00  ksoftirqd/9
08:20:54 PM     0        77      2.00      0.00  migration/10
08:20:54 PM     0        83      2.00      0.00  migration/11
08:20:54 PM     0        84      1.00      0.00  ksoftirqd/11
08:20:54 PM     0        95      2.00      0.00  kcompactd0
08:20:54 PM     0       191      1.00      0.00  kworker/1:1H-kblockd
08:20:54 PM     0       453      2.00      0.00  multipathd
08:20:54 PM   106       639      1.00      0.00  rsyslogd
08:20:54 PM     0     88840      2.00      0.00  kworker/u24:1-events_unbound
08:20:54 PM     0    112707      3.00      0.00  kworker/3:0-mm_percpu_wq
08:20:54 PM     0    123430      2.00      0.00  kworker/6:0-events
08:20:54 PM     0    132616      1.00      0.00  kworker/7:0-mm_percpu_wq
08:20:54 PM     0    133744      2.00      0.00  kworker/4:1-mm_percpu_wq
08:20:54 PM     0    137207      1.00      0.00  kworker/0:2-mm_percpu_wq
08:20:54 PM     0    140699      4.00      0.00  kworker/1:0-events
08:20:54 PM     0    141884      2.00      0.00  kworker/9:0-events
08:20:54 PM     0    143435      3.00      0.00  kworker/5:0-events
08:20:54 PM     0    143767      2.00      0.00  kworker/8:0-events
08:20:54 PM     0    146022      1.00      0.00  kworker/11:1-mm_percpu_wq
08:20:54 PM     0    147677      1.00      0.00  kworker/10:1-mm_percpu_wq
08:20:54 PM     0    149033      1.00      0.00  iostat
08:20:54 PM     0    149034      1.00      0.00  pidstat
08:20:54 PM     0    149035      3.00      0.00  bash
08:20:54 PM     0    149036      8.00      0.00  bash
08:20:54 PM     0    149037      4.00      0.00  bash
08:20:54 PM     0    149039    100.00      0.00  fio
08:20:54 PM     0    149269      2.00      0.00  kworker/2:0-mm_percpu_wq
08:20:54 PM     0    150570      1.00      0.00  sleep

08:20:54 PM   UID       PID   cswch/s nvcswch/s  Command
08:20:55 PM     0        16      4.00      0.00  ksoftirqd/0
08:20:55 PM     0        17     21.00      0.00  rcu_preempt
08:20:55 PM     0        18      1.00      0.00  migration/0
08:20:55 PM     0        23      1.00      0.00  migration/1
08:20:55 PM     0        24      2.00      0.00  ksoftirqd/1
08:20:55 PM     0        36      1.00      0.00  ksoftirqd/3
08:20:55 PM     0        42      1.00      0.00  ksoftirqd/4
08:20:55 PM     0        48      4.00      0.00  ksoftirqd/5
08:20:55 PM     0        53      1.00      0.00  migration/6
08:20:55 PM     0        60      4.00      0.00  ksoftirqd/7
08:20:55 PM     0        66      1.00      0.00  ksoftirqd/8
08:20:55 PM     0        71      1.00      0.00  migration/9
08:20:55 PM     0        72      2.00      0.00  ksoftirqd/9
08:20:55 PM     0        77      1.00      0.00  migration/10
08:20:55 PM     0        78      4.00      0.00  ksoftirqd/10
08:20:55 PM     0        84      1.00      0.00  ksoftirqd/11
08:20:55 PM     0        95      2.00      0.00  kcompactd0
08:20:55 PM     0       453      1.00      0.00  multipathd
08:20:55 PM     0     88840      3.00      0.00  kworker/u24:1-ext4-rsv-conversion
08:20:55 PM     0    112707      1.00      0.00  kworker/3:0-mm_percpu_wq
08:20:55 PM     0    123430      3.00      0.00  kworker/6:0-mm_percpu_wq
08:20:55 PM     0    132616      1.00      0.00  kworker/7:0-mm_percpu_wq
08:20:55 PM     0    133744      1.00      0.00  kworker/4:1-mm_percpu_wq
08:20:55 PM     0    137207      4.00      0.00  kworker/0:2-events
08:20:55 PM     0    140699      6.00      0.00  kworker/1:0-events
08:20:55 PM     0    141884      4.00      0.00  kworker/9:0-events
08:20:55 PM     0    143435      4.00      0.00  kworker/5:0-events
08:20:55 PM     0    143767      2.00      0.00  kworker/8:0-events
08:20:55 PM     0    146022      3.00      0.00  kworker/11:1-events
08:20:55 PM     0    147677      1.00      0.00  kworker/10:1-mm_percpu_wq
08:20:55 PM     0    149033      1.00      0.00  iostat
08:20:55 PM     0    149034      1.00      0.00  pidstat
08:20:55 PM     0    149035      2.00      0.00  bash
08:20:55 PM     0    149037      4.00      0.00  bash
08:20:55 PM     0    149039     99.00      0.00  fio
08:20:55 PM     0    149269      6.00      0.00  kworker/2:0-events
08:20:55 PM     0    150580      1.00      0.00  sleep
08:20:55 PM     0    150582      1.00      1.00  sleep
08:20:55 PM     0    150585      1.00      1.00  sleep

08:20:55 PM   UID       PID   cswch/s nvcswch/s  Command
08:20:56 PM     0        16      2.00      0.00  ksoftirqd/0
08:20:56 PM     0        17     20.00      0.00  rcu_preempt
08:20:56 PM     0        18      1.00      0.00  migration/0
08:20:56 PM     0        24      2.00      0.00  ksoftirqd/1
08:20:56 PM     0        30      1.00      0.00  ksoftirqd/2
08:20:56 PM     0        36      4.00      0.00  ksoftirqd/3
08:20:56 PM     0        42      3.00      0.00  ksoftirqd/4
08:20:56 PM     0        48      5.00      0.00  ksoftirqd/5
08:20:56 PM     0        53      1.00      0.00  migration/6
08:20:56 PM     0        54      3.00      0.00  ksoftirqd/6
08:20:56 PM     0        60      4.00      0.00  ksoftirqd/7
08:20:56 PM     0        65      2.00      0.00  migration/8
08:20:56 PM     0        66      2.00      0.00  ksoftirqd/8
08:20:56 PM     0        72      2.00      0.00  ksoftirqd/9
08:20:56 PM     0        77      1.00      0.00  migration/10
08:20:56 PM     0        78      3.00      0.00  ksoftirqd/10
08:20:56 PM     0        83      1.00      0.00  migration/11
08:20:56 PM     0        84      1.00      0.00  ksoftirqd/11
08:20:56 PM     0        95      2.00      0.00  kcompactd0
08:20:56 PM     0       453      2.00      0.00  multipathd
08:20:56 PM     0       562      3.00      0.00  jbd2/nvme1n1p3-8
08:20:56 PM     0     88840      3.00      0.00  kworker/u24:1-events_unbound
08:20:56 PM     0    112707      1.00      0.00  kworker/3:0-mm_percpu_wq
08:20:56 PM     0    123430      2.00      0.00  kworker/6:0-mm_percpu_wq
08:20:56 PM     0    132616      3.00      0.00  kworker/7:0-events
08:20:56 PM     0    133744      2.00      0.00  kworker/4:1-mm_percpu_wq
08:20:56 PM     0    137207      4.00      0.00  kworker/0:2-events
08:20:56 PM     0    140699      3.00      0.00  kworker/1:0-events
08:20:56 PM     0    141884      3.00      0.00  kworker/9:0-events
08:20:56 PM     0    143435      4.00      0.00  kworker/5:0-events
08:20:56 PM     0    143767      3.00      0.00  kworker/8:0-mm_percpu_wq
08:20:56 PM     0    146022      1.00      0.00  kworker/11:1-mm_percpu_wq
08:20:56 PM     0    147677      1.00      0.00  kworker/10:1-mm_percpu_wq
08:20:56 PM     0    149033      1.00      0.00  iostat
08:20:56 PM     0    149034      1.00      0.00  pidstat
08:20:56 PM     0    149035      5.00      0.00  bash
08:20:56 PM     0    149036      7.00      0.00  bash
08:20:56 PM     0    149037      4.00      0.00  bash
08:20:56 PM     0    149039    100.00      0.00  fio
08:20:56 PM     0    149269      4.00      0.00  kworker/2:0-events
08:20:56 PM     0    150596      1.00      1.00  sleep
08:20:56 PM     0    150597      1.00      0.00  sleep
08:20:56 PM     0    150600      1.00      0.00  sleep

08:20:56 PM   UID       PID   cswch/s nvcswch/s  Command
08:20:57 PM     0        16      3.00      0.00  ksoftirqd/0
08:20:57 PM     0        17     22.00      0.00  rcu_preempt
08:20:57 PM     0        24      3.00      0.00  ksoftirqd/1
08:20:57 PM     0        30      1.00      0.00  ksoftirqd/2
08:20:57 PM     0        36      1.00      0.00  ksoftirqd/3
08:20:57 PM     0        41      1.00      0.00  migration/4
08:20:57 PM     0        42      1.00      0.00  ksoftirqd/4
08:20:57 PM     0        47      1.00      0.00  migration/5
08:20:57 PM     0        48      1.00      0.00  ksoftirqd/5
08:20:57 PM     0        53      1.00      0.00  migration/6
08:20:57 PM     0        54      2.00      0.00  ksoftirqd/6
08:20:57 PM     0        60      3.00      0.00  ksoftirqd/7
08:20:57 PM     0        66      3.00      0.00  ksoftirqd/8
08:20:57 PM     0        72      2.00      0.00  ksoftirqd/9
08:20:57 PM     0        78      3.00      0.00  ksoftirqd/10
08:20:57 PM     0        83      1.00      0.00  migration/11
08:20:57 PM     0        84      1.00      0.00  ksoftirqd/11
08:20:57 PM     0        95      2.00      0.00  kcompactd0
08:20:57 PM     0       453      2.00      0.00  multipathd
08:20:57 PM     0     88840      1.00      0.00  kworker/u24:1-edac-poller
08:20:57 PM     0    112707      1.00      0.00  kworker/3:0-mm_percpu_wq
08:20:57 PM     0    123430      5.00      0.00  kworker/6:0-events
08:20:57 PM     0    132616      1.00      0.00  kworker/7:0-mm_percpu_wq
08:20:57 PM     0    133744      4.00      0.00  kworker/4:1-mm_percpu_wq
08:20:57 PM     0    137207      2.00      0.00  kworker/0:2-events
08:20:57 PM     0    140699      6.00      0.00  kworker/1:0-events
08:20:57 PM     0    141884      3.00      0.00  kworker/9:0-events
08:20:57 PM     0    143435      3.00      0.00  kworker/5:0-events
08:20:57 PM     0    143767      1.00      0.00  kworker/8:0-mm_percpu_wq
08:20:57 PM     0    146022      3.00      0.00  kworker/11:1-events
08:20:57 PM     0    147677      2.00      0.00  kworker/10:1-events
08:20:57 PM     0    149033      1.00      0.00  iostat
08:20:57 PM     0    149034      1.00      0.00  pidstat
08:20:57 PM     0    149035      5.00      0.00  bash
08:20:57 PM     0    149036      7.00      0.00  bash
08:20:57 PM     0    149037      4.00      0.00  bash
08:20:57 PM     0    149039     99.00      0.00  fio
08:20:57 PM     0    149269      6.00      0.00  kworker/2:0-mm_percpu_wq
08:20:57 PM     0    150610      1.00      0.00  sleep
08:20:57 PM     0    150612      1.00      0.00  sleep
08:20:57 PM     0    150615      1.00      0.00  sleep

08:20:57 PM   UID       PID   cswch/s nvcswch/s  Command
08:20:58 PM     0        17     20.00      0.00  rcu_preempt
08:20:58 PM     0        18      2.00      0.00  migration/0
08:20:58 PM     0        23      3.00      0.00  migration/1
08:20:58 PM     0        24      1.00      0.00  ksoftirqd/1
08:20:58 PM     0        29      1.00      0.00  migration/2
08:20:58 PM     0        35      2.00      0.00  migration/3
08:20:58 PM     0        36      2.00      0.00  ksoftirqd/3
08:20:58 PM     0        41      2.00      0.00  migration/4
08:20:58 PM     0        47      2.00      0.00  migration/5
08:20:58 PM     0        48      3.00      0.00  ksoftirqd/5
08:20:58 PM     0        53      1.00      0.00  migration/6
08:20:58 PM     0        54      3.00      0.00  ksoftirqd/6
08:20:58 PM     0        59      1.00      0.00  migration/7
08:20:58 PM     0        65      1.00      0.00  migration/8
08:20:58 PM     0        66      2.00      0.00  ksoftirqd/8
08:20:58 PM     0        71      1.00      0.00  migration/9
08:20:58 PM     0        72      2.00      0.00  ksoftirqd/9
08:20:58 PM     0        77      1.00      0.00  migration/10
08:20:58 PM     0        78      2.00      0.00  ksoftirqd/10
08:20:58 PM     0        83      1.00      0.00  migration/11
08:20:58 PM     0        84      2.00      0.00  ksoftirqd/11
08:20:58 PM     0        95      2.00      0.00  kcompactd0
08:20:58 PM     0       453      1.00      0.00  multipathd
08:20:58 PM     0     88840      2.00      0.00  kworker/u24:1-events_unbound
08:20:58 PM     0    112707      3.00      0.00  kworker/3:0-events
08:20:58 PM     0    123430      3.00      0.00  kworker/6:0-mm_percpu_wq
08:20:58 PM     0    132616      3.00      0.00  kworker/7:0-mm_percpu_wq
08:20:58 PM     0    133744      2.00      0.00  kworker/4:1-mm_percpu_wq
08:20:58 PM     0    137207      2.00      0.00  kworker/0:2-mm_percpu_wq
08:20:58 PM     0    140699      3.00      0.00  kworker/1:0-events
08:20:58 PM     0    141884      2.00      0.00  kworker/9:0-mm_percpu_wq
08:20:58 PM     0    143435      2.00      0.00  kworker/5:0-mm_percpu_wq
08:20:58 PM     0    143767      1.00      0.00  kworker/8:0-mm_percpu_wq
08:20:58 PM     0    146022      1.00      0.00  kworker/11:1-mm_percpu_wq
08:20:58 PM     0    147677      1.00      0.00  kworker/10:1-mm_percpu_wq
08:20:58 PM     0    149033      1.00      0.00  iostat
08:20:58 PM     0    149034      1.00      0.00  pidstat
08:20:58 PM     0    149035      5.00      0.00  bash
08:20:58 PM     0    149036      7.00      0.00  bash
08:20:58 PM     0    149037      4.00      0.00  bash
08:20:58 PM     0    149039    100.00      0.00  fio
08:20:58 PM     0    149269      6.00      0.00  kworker/2:0-events
08:20:58 PM     0    150626      1.00      1.00  sleep
08:20:58 PM     0    150627      1.00      1.00  sleep
08:20:58 PM     0    150630      1.00      0.00  sleep

08:20:58 PM   UID       PID   cswch/s nvcswch/s  Command
08:20:59 PM     0        16      3.00      0.00  ksoftirqd/0
08:20:59 PM     0        17     18.00      0.00  rcu_preempt
08:20:59 PM     0        18      1.00      0.00  migration/0
08:20:59 PM     0        23      1.00      0.00  migration/1
08:20:59 PM     0        30      2.00      0.00  ksoftirqd/2
08:20:59 PM     0        35      1.00      0.00  migration/3
08:20:59 PM     0        36      2.00      0.00  ksoftirqd/3
08:20:59 PM     0        42      4.00      0.00  ksoftirqd/4
08:20:59 PM     0        48      2.00      0.00  ksoftirqd/5
08:20:59 PM     0        54      2.00      0.00  ksoftirqd/6
08:20:59 PM     0        59      1.00      0.00  migration/7
08:20:59 PM     0        60      2.00      0.00  ksoftirqd/7
08:20:59 PM     0        66      3.00      0.00  ksoftirqd/8
08:20:59 PM     0        72      5.00      1.00  ksoftirqd/9
08:20:59 PM     0        78      2.00      0.00  ksoftirqd/10
08:20:59 PM     0        83      1.00      0.00  migration/11
08:20:59 PM     0        84      1.00      0.00  ksoftirqd/11
08:20:59 PM     0        95      2.00      0.00  kcompactd0
08:20:59 PM     0       453      1.00      0.00  multipathd
08:20:59 PM     0     88840      2.00      0.00  kworker/u24:1-events_power_efficient
08:20:59 PM     0     98256      3.00      0.00  kworker/u24:2-events_power_efficient
08:20:59 PM     0    112707      2.00      0.00  kworker/3:0-mm_percpu_wq
08:20:59 PM     0    123430      2.00      0.00  kworker/6:0-mm_percpu_wq
08:20:59 PM     0    132616      2.00      0.00  kworker/7:0-mm_percpu_wq
08:20:59 PM     0    133744      4.00      0.00  kworker/4:1-events
08:20:59 PM     0    137207      7.00      0.00  kworker/0:2-events
08:20:59 PM     0    140699      2.00      0.00  kworker/1:0-mm_percpu_wq
08:20:59 PM     0    141884      3.00      0.00  kworker/9:0-mm_percpu_wq
08:20:59 PM     0    143435      1.00      0.00  kworker/5:0-mm_percpu_wq
08:20:59 PM     0    143767      2.00      0.00  kworker/8:0-events
08:20:59 PM     0    146022      3.00      0.00  kworker/11:1-mm_percpu_wq
08:20:59 PM     0    147677      1.00      0.00  kworker/10:1-mm_percpu_wq
08:20:59 PM     0    149033      1.00      0.00  iostat
08:20:59 PM     0    149034      1.00      0.00  pidstat
08:20:59 PM     0    149035      5.00      0.00  bash
08:20:59 PM     0    149036      7.00      0.00  bash
08:20:59 PM     0    149037      4.00      0.00  bash
08:20:59 PM     0    149039     99.00      0.00  fio
08:20:59 PM     0    149269      4.00      0.00  kworker/2:0-mm_percpu_wq
08:20:59 PM     0    150640      1.00      0.00  sleep
08:20:59 PM     0    150642      1.00      1.00  sleep
08:20:59 PM     0    150645      1.00      1.00  sleep

08:20:59 PM   UID       PID   cswch/s nvcswch/s  Command
08:21:00 PM     0         2      1.00      0.00  kthreadd
08:21:00 PM     0        16      5.00      1.00  ksoftirqd/0
08:21:00 PM     0        17     24.00      0.00  rcu_preempt
08:21:00 PM     0        23      1.00      0.00  migration/1
08:21:00 PM     0        24      3.00      0.00  ksoftirqd/1
08:21:00 PM     0        29      1.00      0.00  migration/2
08:21:00 PM     0        30      2.00      0.00  ksoftirqd/2
08:21:00 PM     0        36      2.00      0.00  ksoftirqd/3
08:21:00 PM     0        47      2.00      0.00  migration/5
08:21:00 PM     0        48      3.00      0.00  ksoftirqd/5
08:21:00 PM     0        53      1.00      0.00  migration/6
08:21:00 PM     0        54      2.00      0.00  ksoftirqd/6
08:21:00 PM     0        60      2.00      0.00  ksoftirqd/7
08:21:00 PM     0        65      1.00      0.00  migration/8
08:21:00 PM     0        71      1.00      0.00  migration/9
08:21:00 PM     0        72      2.00      0.00  ksoftirqd/9
08:21:00 PM     0        77      1.00      0.00  migration/10
08:21:00 PM     0        78      2.00      0.00  ksoftirqd/10
08:21:00 PM     0        84      3.00      0.00  ksoftirqd/11
08:21:00 PM     0        95      2.00      0.00  kcompactd0
08:21:00 PM     0       102      1.00      0.00  irq/9-acpi
08:21:00 PM     0       187      1.00      0.00  kworker/0:1H-kblockd
08:21:00 PM     0       453      2.00      0.00  multipathd
08:21:00 PM     0     88840      2.00      0.00  kworker/u24:1-events_unbound
08:21:00 PM     0    107898      2.00      0.00  kworker/1:1-i915-unordered
08:21:00 PM     0    112707      2.00      0.00  kworker/3:0-mm_percpu_wq
08:21:00 PM     0    123430      3.00      0.00  kworker/6:0-mm_percpu_wq
08:21:00 PM     0    132616      1.00      0.00  kworker/7:0-mm_percpu_wq
08:21:00 PM     0    133744      2.00      0.00  kworker/4:1-events
08:21:00 PM     0    137207      6.00      0.00  kworker/0:2-mm_percpu_wq
08:21:00 PM     0    140699      8.00      0.00  kworker/1:0-mm_percpu_wq
08:21:00 PM     0    141884      3.00      0.00  kworker/9:0-mm_percpu_wq
08:21:00 PM     0    143435      2.00      0.00  kworker/5:0-events
08:21:00 PM     0    143767      1.00      0.00  kworker/8:0-mm_percpu_wq
08:21:00 PM     0    146022      4.00      0.00  kworker/11:1-events
08:21:00 PM     0    147677      2.00      0.00  kworker/10:1-mm_percpu_wq
08:21:00 PM     0    149033      1.00      0.00  iostat
08:21:00 PM     0    149034      1.00      0.00  pidstat
08:21:00 PM     0    149035      5.00      0.00  bash
08:21:00 PM     0    149036      8.00      0.00  bash
08:21:00 PM     0    149037      4.00      0.00  bash
08:21:00 PM     0    149039     99.00      0.00  fio
08:21:00 PM     0    149269      5.00      0.00  kworker/2:0-events
08:21:00 PM     0    150656      1.00      1.00  sleep
08:21:00 PM     0    150657      1.00      0.00  sleep
08:21:00 PM     0    150660      1.00      1.00  sleep
08:21:00 PM     0    150661      2.00      0.00  kworker/1:2

08:21:00 PM   UID       PID   cswch/s nvcswch/s  Command
08:21:01 PM     0        16      5.00      0.00  ksoftirqd/0
08:21:01 PM     0        17     20.00      0.00  rcu_preempt
08:21:01 PM     0        23      1.00      0.00  migration/1
08:21:01 PM     0        24      1.00      0.00  ksoftirqd/1
08:21:01 PM     0        35      1.00      0.00  migration/3
08:21:01 PM     0        42      1.00      0.00  ksoftirqd/4
08:21:01 PM     0        47      1.00      0.00  migration/5
08:21:01 PM     0        48      3.00      0.00  ksoftirqd/5
08:21:01 PM     0        53      2.00      0.00  migration/6
08:21:01 PM     0        54      2.00      0.00  ksoftirqd/6
08:21:01 PM     0        60      2.00      0.00  ksoftirqd/7
08:21:01 PM     0        66      4.00      0.00  ksoftirqd/8
08:21:01 PM     0        72      2.00      0.00  ksoftirqd/9
08:21:01 PM     0        78      4.00      0.00  ksoftirqd/10
08:21:01 PM     0        84      2.00      0.00  ksoftirqd/11
08:21:01 PM     0        95      2.00      0.00  kcompactd0
08:21:01 PM     0       453      2.00      0.00  multipathd
08:21:01 PM     0       562      4.00      0.00  jbd2/nvme1n1p3-8
08:21:01 PM     0     88840      6.00      0.00  kworker/u24:1-writeback
08:21:01 PM     0    112707      2.00      0.00  kworker/3:0-mm_percpu_wq
08:21:01 PM     0    123430      4.00      0.00  kworker/6:0-mm_percpu_wq
08:21:01 PM     0    132616      1.00      0.00  kworker/7:0-mm_percpu_wq
08:21:01 PM     0    133744      3.00      0.00  kworker/4:1-events
08:21:01 PM     0    137207      4.00      0.00  kworker/0:2-events
08:21:01 PM     0    140699      4.00      0.00  kworker/1:0-events
08:21:01 PM     0    141884      2.00      0.00  kworker/9:0-events
08:21:01 PM     0    143435      1.00      0.00  kworker/5:0-mm_percpu_wq
08:21:01 PM     0    143767      2.00      0.00  kworker/8:0-mm_percpu_wq
08:21:01 PM     0    146022      4.00      0.00  kworker/11:1-events
08:21:01 PM     0    147677      1.00      0.00  kworker/10:1-mm_percpu_wq
08:21:01 PM     0    149033      1.00      0.00  iostat
08:21:01 PM     0    149034      1.00      0.00  pidstat
08:21:01 PM     0    149035      5.00      0.00  bash
08:21:01 PM     0    149036      7.00      0.00  bash
08:21:01 PM     0    149037      4.00      0.00  bash
08:21:01 PM     0    149039    100.00      0.00  fio
08:21:01 PM     0    149269      4.00      0.00  kworker/2:0-mm_percpu_wq
08:21:01 PM     0    150671      1.00      1.00  sleep
08:21:01 PM     0    150673      1.00      0.00  sleep
08:21:01 PM     0    150676      1.00      0.00  sleep

08:21:01 PM   UID       PID   cswch/s nvcswch/s  Command
08:21:02 PM     0        16      2.00      0.00  ksoftirqd/0
08:21:02 PM     0        17     19.00      0.00  rcu_preempt
08:21:02 PM     0        18      2.00      0.00  migration/0
08:21:02 PM     0        23      1.00      0.00  migration/1
08:21:02 PM     0        24      6.00      0.00  ksoftirqd/1
08:21:02 PM     0        29      2.00      0.00  migration/2
08:21:02 PM     0        35      1.00      0.00  migration/3
08:21:02 PM     0        36      1.00      0.00  ksoftirqd/3
08:21:02 PM     0        41      1.00      0.00  migration/4
08:21:02 PM     0        47      1.00      0.00  migration/5
08:21:02 PM     0        48      3.00      0.00  ksoftirqd/5
08:21:02 PM     0        53      2.00      0.00  migration/6
08:21:02 PM     0        54      1.00      0.00  ksoftirqd/6
08:21:02 PM     0        59      1.00      0.00  migration/7
08:21:02 PM     0        60      4.00      0.00  ksoftirqd/7
08:21:02 PM     0        65      1.00      0.00  migration/8
08:21:02 PM     0        66      2.00      0.00  ksoftirqd/8
08:21:02 PM     0        71      1.00      0.00  migration/9
08:21:02 PM     0        72      2.00      0.00  ksoftirqd/9
08:21:02 PM     0        77      1.00      0.00  migration/10
08:21:02 PM     0        78      3.00      0.00  ksoftirqd/10
08:21:02 PM     0        83      2.00      0.00  migration/11
08:21:02 PM     0        84      3.00      0.00  ksoftirqd/11
08:21:02 PM     0        95      2.00      0.00  kcompactd0
08:21:02 PM     0       189      1.00      0.00  kworker/4:1H-kblockd
08:21:02 PM     0       453      2.00      0.00  multipathd
08:21:02 PM     0       769      1.00      0.00  cron
08:21:02 PM     0     88840      2.00      0.00  kworker/u24:1-events_unbound
08:21:02 PM     0    112707      2.00      0.00  kworker/3:0-mm_percpu_wq
08:21:02 PM     0    123430      1.00      0.00  kworker/6:0-mm_percpu_wq
08:21:02 PM     0    132616      2.00      0.00  kworker/7:0-events
08:21:02 PM     0    133744      1.00      0.00  kworker/4:1-mm_percpu_wq
08:21:02 PM     0    137207      6.00      0.00  kworker/0:2-events
08:21:02 PM     0    140699      2.00      0.00  kworker/1:0-mm_percpu_wq
08:21:02 PM     0    141884      2.00      0.00  kworker/9:0-mm_percpu_wq
08:21:02 PM     0    143435      1.00      0.00  kworker/5:0-mm_percpu_wq
08:21:02 PM     0    143767      4.00      0.00  kworker/8:0-events
08:21:02 PM     0    146022      5.00      0.00  kworker/11:1-mm_percpu_wq
08:21:02 PM     0    147677      1.00      0.00  kworker/10:1-mm_percpu_wq
08:21:02 PM     0    149033      1.00      0.00  iostat
08:21:02 PM     0    149034      1.00      0.00  pidstat
08:21:02 PM     0    149035      5.00      0.00  bash
08:21:02 PM     0    149036      7.00      0.00  bash
08:21:02 PM     0    149037      4.00      0.00  bash
08:21:02 PM     0    149039     99.00      0.00  fio
08:21:02 PM     0    149269      3.00      0.00  kworker/2:0-mm_percpu_wq
08:21:02 PM     0    150686      1.00      1.00  sleep
08:21:02 PM     0    150688      1.00      0.00  sleep
08:21:02 PM     0    150691      1.00      0.00  sleep

08:21:02 PM   UID       PID   cswch/s nvcswch/s  Command
08:21:03 PM     0        16      2.00      0.00  ksoftirqd/0
08:21:03 PM     0        17     22.00      0.00  rcu_preempt
08:21:03 PM     0        24      3.00      0.00  ksoftirqd/1
08:21:03 PM     0        29      1.00      0.00  migration/2
08:21:03 PM     0        30      1.00      0.00  ksoftirqd/2
08:21:03 PM     0        36      1.00      1.00  ksoftirqd/3
08:21:03 PM     0        41      2.00      0.00  migration/4
08:21:03 PM     0        42      2.00      0.00  ksoftirqd/4
08:21:03 PM     0        47      2.00      0.00  migration/5
08:21:03 PM     0        48      1.00      0.00  ksoftirqd/5
08:21:03 PM     0        54      4.00      0.00  ksoftirqd/6
08:21:03 PM     0        59      1.00      0.00  migration/7
08:21:03 PM     0        65      1.00      0.00  migration/8
08:21:03 PM     0        66      1.00      0.00  ksoftirqd/8
08:21:03 PM     0        72      1.00      0.00  ksoftirqd/9
08:21:03 PM     0        84      4.00      0.00  ksoftirqd/11
08:21:03 PM     0        95      2.00      0.00  kcompactd0
08:21:03 PM     0       453      1.00      0.00  multipathd
08:21:03 PM     0     21554      1.00      0.00  packagekitd
08:21:03 PM     0     88840      1.00      0.00  kworker/u24:1-edac-poller
08:21:03 PM     0    112707      2.00      0.00  kworker/3:0-mm_percpu_wq
08:21:03 PM     0    123430      4.00      0.00  kworker/6:0-events
08:21:03 PM     0    132616      1.00      0.00  kworker/7:0-mm_percpu_wq
08:21:03 PM     0    133744      1.00      0.00  kworker/4:1-mm_percpu_wq
08:21:03 PM     0    137207      4.00      0.00  kworker/0:2-events
08:21:03 PM     0    140699      2.00      0.00  kworker/1:0-mm_percpu_wq
08:21:03 PM     0    141884      4.00      0.00  kworker/9:0-mm_percpu_wq
08:21:03 PM     0    143435      1.00      0.00  kworker/5:0-mm_percpu_wq
08:21:03 PM     0    143767      3.00      0.00  kworker/8:0-mm_percpu_wq
08:21:03 PM     0    146022      3.00      0.00  kworker/11:1-mm_percpu_wq
08:21:03 PM     0    147677      2.00      0.00  kworker/10:1-mm_percpu_wq
08:21:03 PM     0    149033      1.00      0.00  iostat
08:21:03 PM     0    149034      1.00      0.00  pidstat
08:21:03 PM     0    149035      5.00      0.00  bash
08:21:03 PM     0    149036      8.00      0.00  bash
08:21:03 PM     0    149037      4.00      0.00  bash
08:21:03 PM     0    149039    100.00      0.00  fio
08:21:03 PM     0    149269      4.00      0.00  kworker/2:0-events
08:21:03 PM     0    150702      1.00      0.00  sleep
08:21:03 PM     0    150703      1.00      1.00  sleep
08:21:03 PM     0    150706      1.00      0.00  sleep

08:21:03 PM   UID       PID   cswch/s nvcswch/s  Command
08:21:04 PM     0        16      1.00      0.00  ksoftirqd/0
08:21:04 PM     0        17     25.00      0.00  rcu_preempt
08:21:04 PM     0        24      2.00      0.00  ksoftirqd/1
08:21:04 PM     0        30      2.00      0.00  ksoftirqd/2
08:21:04 PM     0        36      2.00      0.00  ksoftirqd/3
08:21:04 PM     0        42      2.00      0.00  ksoftirqd/4
08:21:04 PM     0        47      1.00      0.00  migration/5
08:21:04 PM     0        48      3.00      0.00  ksoftirqd/5
08:21:04 PM     0        54      7.00      0.00  ksoftirqd/6
08:21:04 PM     0        59      1.00      0.00  migration/7
08:21:04 PM     0        60      2.00      0.00  ksoftirqd/7
08:21:04 PM     0        65      1.00      0.00  migration/8
08:21:04 PM     0        66      2.00      0.00  ksoftirqd/8
08:21:04 PM     0        71      1.00      0.00  migration/9
08:21:04 PM     0        72      3.00      0.00  ksoftirqd/9
08:21:04 PM     0        78      5.00      0.00  ksoftirqd/10
08:21:04 PM     0        84      2.00      0.00  ksoftirqd/11
08:21:04 PM     0        95      2.00      0.00  kcompactd0
08:21:04 PM     0       453      1.00      0.00  multipathd
08:21:04 PM     0     88840      1.00      0.00  kworker/u24:1-events_power_efficient
08:21:04 PM     0     98256      3.00      0.00  kworker/u24:2-events_unbound
08:21:04 PM     0    112707      3.00      0.00  kworker/3:0-events
08:21:04 PM     0    123430      1.00      0.00  kworker/6:0-mm_percpu_wq
08:21:04 PM     0    132616      3.00      0.00  kworker/7:0-mm_percpu_wq
08:21:04 PM     0    133744      4.00      0.00  kworker/4:1-events
08:21:04 PM     0    137207      4.00      0.00  kworker/0:2-events
08:21:04 PM     0    140699      5.00      0.00  kworker/1:0-events
08:21:04 PM     0    141884      5.00      0.00  kworker/9:0-events
08:21:04 PM     0    143435      3.00      0.00  kworker/5:0-mm_percpu_wq
08:21:04 PM     0    143767      2.00      0.00  kworker/8:0-events
08:21:04 PM     0    146022      2.00      0.00  kworker/11:1-mm_percpu_wq
08:21:04 PM     0    147677      2.00      0.00  kworker/10:1-mm_percpu_wq
08:21:04 PM     0    149033      1.00      0.00  iostat
08:21:04 PM     0    149034      1.00      0.00  pidstat
08:21:04 PM     0    149035      5.00      0.00  bash
08:21:04 PM     0    149036      7.00      0.00  bash
08:21:04 PM     0    149037      4.00      0.00  bash
08:21:04 PM     0    149039     99.00      0.00  fio
08:21:04 PM     0    149269      3.00      0.00  kworker/2:0-mm_percpu_wq
08:21:04 PM     0    150717      1.00      0.00  sleep
08:21:04 PM     0    150718      1.00      0.00  sleep
08:21:04 PM     0    150721      1.00      0.00  sleep

08:21:04 PM   UID       PID   cswch/s nvcswch/s  Command
08:21:05 PM     0        16      8.00      0.00  ksoftirqd/0
08:21:05 PM     0        17     21.00      0.00  rcu_preempt
08:21:05 PM     0        23      1.00      0.00  migration/1
08:21:05 PM     0        24      3.00      0.00  ksoftirqd/1
08:21:05 PM     0        36      2.00      0.00  ksoftirqd/3
08:21:05 PM     0        42      4.00      0.00  ksoftirqd/4
08:21:05 PM     0        48      3.00      0.00  ksoftirqd/5
08:21:05 PM     0        59      1.00      0.00  migration/7
08:21:05 PM     0        60      2.00      0.00  ksoftirqd/7
08:21:05 PM     0        65      1.00      0.00  migration/8
08:21:05 PM     0        66      1.00      0.00  ksoftirqd/8
08:21:05 PM     0        77      1.00      0.00  migration/10
08:21:05 PM     0        78      1.00      0.00  ksoftirqd/10
08:21:05 PM     0        84      2.00      0.00  ksoftirqd/11
08:21:05 PM     0        95      2.00      0.00  kcompactd0
08:21:05 PM     0       453      2.00      0.00  multipathd
08:21:05 PM     0     98256      1.00      0.00  kworker/u24:2-edac-poller
08:21:05 PM     0    112707      2.00      0.00  kworker/3:0-mm_percpu_wq
08:21:05 PM     0    123430      4.00      0.00  kworker/6:0-events
08:21:05 PM     0    132616      1.00      0.00  kworker/7:0-mm_percpu_wq
08:21:05 PM     0    133744      1.00      0.00  kworker/4:1-mm_percpu_wq
08:21:05 PM     0    137207      2.00      0.00  kworker/0:2-events
08:21:05 PM     0    140699      5.00      0.00  kworker/1:0-mm_percpu_wq
08:21:05 PM     0    141884      4.00      0.00  kworker/9:0-mm_percpu_wq
08:21:05 PM     0    143435      1.00      0.00  kworker/5:0-mm_percpu_wq
08:21:05 PM     0    143767      2.00      0.00  kworker/8:0-mm_percpu_wq
08:21:05 PM     0    146022      2.00      0.00  kworker/11:1-events
08:21:05 PM     0    147677      4.00      0.00  kworker/10:1-events
08:21:05 PM     0    149033      1.00      0.00  iostat
08:21:05 PM     0    149034      1.00      0.00  pidstat
08:21:05 PM     0    149035      5.00      0.00  bash
08:21:05 PM     0    149036      6.00      0.00  bash
08:21:05 PM     0    149037      4.00      0.00  bash
08:21:05 PM     0    149039     99.00      0.00  fio
08:21:05 PM     0    149269      5.00      0.00  kworker/2:0-events
08:21:05 PM     0    150732      1.00      0.00  sleep
08:21:05 PM     0    150733      1.00      0.00  sleep
08:21:05 PM     0    150736      1.00      0.00  sleep

08:21:05 PM   UID       PID   cswch/s nvcswch/s  Command
08:21:06 PM     0        16      2.00      0.00  ksoftirqd/0
08:21:06 PM     0        17     21.00      0.00  rcu_preempt
08:21:06 PM     0        18      1.00      0.00  migration/0
08:21:06 PM     0        23      1.00      0.00  migration/1
08:21:06 PM     0        24      7.00      0.00  ksoftirqd/1
08:21:06 PM     0        29      1.00      0.00  migration/2
08:21:06 PM     0        35      1.00      0.00  migration/3
08:21:06 PM     0        41      1.00      0.00  migration/4
08:21:06 PM     0        42      1.00      0.00  ksoftirqd/4
08:21:06 PM     0        47      1.00      0.00  migration/5
08:21:06 PM     0        48      2.00      0.00  ksoftirqd/5
08:21:06 PM     0        53      1.00      0.00  migration/6
08:21:06 PM     0        54      3.00      0.00  ksoftirqd/6
08:21:06 PM     0        59      2.00      0.00  migration/7
08:21:06 PM     0        60      1.00      0.00  ksoftirqd/7
08:21:06 PM     0        65      1.00      0.00  migration/8
08:21:06 PM     0        66      1.00      0.00  ksoftirqd/8
08:21:06 PM     0        71      1.00      0.00  migration/9
08:21:06 PM     0        72      2.00      0.00  ksoftirqd/9
08:21:06 PM     0        77      1.00      0.00  migration/10
08:21:06 PM     0        78      1.00      0.00  ksoftirqd/10
08:21:06 PM     0        83      1.00      0.00  migration/11
08:21:06 PM     0        84      1.00      0.00  ksoftirqd/11
08:21:06 PM     0        95      2.00      0.00  kcompactd0
08:21:06 PM     0       188      1.00      0.00  kworker/2:1H-kblockd
08:21:06 PM     0       453      1.00      0.00  multipathd
08:21:06 PM     0       562      3.00      0.00  jbd2/nvme1n1p3-8
08:21:06 PM   101       608      1.00      0.00  systemd-network
08:21:06 PM     0     98256      5.00      0.00  kworker/u24:2-events_unbound
08:21:06 PM     0    112707      3.00      0.00  kworker/3:0-events
08:21:06 PM     0    123430      4.00      0.00  kworker/6:0-mm_percpu_wq
08:21:06 PM     0    132616      1.00      0.00  kworker/7:0-mm_percpu_wq
08:21:06 PM     0    133744      1.00      0.00  kworker/4:1-mm_percpu_wq
08:21:06 PM     0    137207      1.00      0.00  kworker/0:2-mm_percpu_wq
08:21:06 PM     0    140699      7.00      0.00  kworker/1:0-events
08:21:06 PM     0    141884      3.00      0.00  kworker/9:0-mm_percpu_wq
08:21:06 PM     0    143435      1.00      0.00  kworker/5:0-mm_percpu_wq
08:21:06 PM     0    143767      3.00      0.00  kworker/8:0-events
08:21:06 PM     0    146022      1.00      0.00  kworker/11:1-mm_percpu_wq
08:21:06 PM     0    147677      4.00      0.00  kworker/10:1-events
08:21:06 PM     0    149033      1.00      0.00  iostat
08:21:06 PM     0    149034      1.00      0.00  pidstat
08:21:06 PM     0    149035      5.00      0.00  bash
08:21:06 PM     0    149036      7.00      0.00  bash
08:21:06 PM     0    149037      4.00      0.00  bash
08:21:06 PM     0    149039    100.00      0.00  fio
08:21:06 PM     0    149269      5.00      0.00  kworker/2:0-events
08:21:06 PM     0    150747      1.00      0.00  sleep
08:21:06 PM     0    150748      1.00      0.00  sleep
08:21:06 PM     0    150751      1.00      0.00  sleep

08:21:06 PM   UID       PID   cswch/s nvcswch/s  Command
08:21:07 PM     0        16      2.00      0.00  ksoftirqd/0
08:21:07 PM     0        17     24.00      0.00  rcu_preempt
08:21:07 PM     0        24      4.00      0.00  ksoftirqd/1
08:21:07 PM     0        29      1.00      0.00  migration/2
08:21:07 PM     0        30      1.00      0.00  ksoftirqd/2
08:21:07 PM     0        36      3.00      0.00  ksoftirqd/3
08:21:07 PM     0        41      1.00      0.00  migration/4
08:21:07 PM     0        42      4.00      0.00  ksoftirqd/4
08:21:07 PM     0        54      2.00      0.00  ksoftirqd/6
08:21:07 PM     0        60      4.00      0.00  ksoftirqd/7
08:21:07 PM     0        66      2.00      0.00  ksoftirqd/8
08:21:07 PM     0        72      1.00      0.00  ksoftirqd/9
08:21:07 PM     0        78      1.00      0.00  ksoftirqd/10
08:21:07 PM     0        83      1.00      0.00  migration/11
08:21:07 PM     0        84      1.00      0.00  ksoftirqd/11
08:21:07 PM     0        95      2.00      0.00  kcompactd0
08:21:07 PM     0       453      2.00      0.00  multipathd
08:21:07 PM     0     98256      1.00      0.00  kworker/u24:2-edac-poller
08:21:07 PM     0    112707      3.00      0.00  kworker/3:0-events
08:21:07 PM     0    123430      3.00      0.00  kworker/6:0-mm_percpu_wq
08:21:07 PM     0    132616      2.00      0.00  kworker/7:0-mm_percpu_wq
08:21:07 PM     0    133744      3.00      0.00  kworker/4:1-events
08:21:07 PM     0    137207      3.00      0.00  kworker/0:2-events
08:21:07 PM     0    140699      6.00      0.00  kworker/1:0-events
08:21:07 PM     0    141884      1.00      0.00  kworker/9:0-mm_percpu_wq
08:21:07 PM     0    143435      1.00      0.00  kworker/5:0-mm_percpu_wq
08:21:07 PM     0    143767      3.00      0.00  kworker/8:0-events
08:21:07 PM     0    146022      3.00      0.00  kworker/11:1-mm_percpu_wq
08:21:07 PM     0    147677      1.00      0.00  kworker/10:1-mm_percpu_wq
08:21:07 PM     0    149033      1.00      0.00  iostat
08:21:07 PM     0    149034      1.00      0.00  pidstat
08:21:07 PM     0    149035      5.00      0.00  bash
08:21:07 PM     0    149036      8.00      0.00  bash
08:21:07 PM     0    149037      4.00      0.00  bash
08:21:07 PM     0    149039     99.00      0.00  fio
08:21:07 PM     0    149269      3.00      0.00  kworker/2:0-mm_percpu_wq
08:21:07 PM     0    150762      1.00      0.00  sleep
08:21:07 PM     0    150763      1.00      0.00  sleep
08:21:07 PM     0    150766      1.00      0.00  sleep

08:21:07 PM   UID       PID   cswch/s nvcswch/s  Command
08:21:08 PM     0        16      4.00      0.00  ksoftirqd/0
08:21:08 PM     0        17     17.00      0.00  rcu_preempt
08:21:08 PM     0        24      6.00      0.00  ksoftirqd/1
08:21:08 PM     0        29      1.00      0.00  migration/2
08:21:08 PM     0        30      1.00      0.00  ksoftirqd/2
08:21:08 PM     0        35      1.00      0.00  migration/3
08:21:08 PM     0        36      3.00      0.00  ksoftirqd/3
08:21:08 PM     0        42      4.00      0.00  ksoftirqd/4
08:21:08 PM     0        48      3.00      0.00  ksoftirqd/5
08:21:08 PM     0        60      4.00      0.00  ksoftirqd/7
08:21:08 PM     0        66      1.00      0.00  ksoftirqd/8
08:21:08 PM     0        71      2.00      0.00  migration/9
08:21:08 PM     0        72      3.00      0.00  ksoftirqd/9
08:21:08 PM     0        77      3.00      0.00  migration/10
08:21:08 PM     0        78      2.00      0.00  ksoftirqd/10
08:21:08 PM     0        84      3.00      0.00  ksoftirqd/11
08:21:08 PM     0        95      2.00      0.00  kcompactd0
08:21:08 PM     0       453      2.00      0.00  multipathd
08:21:08 PM     0     98256      2.00      0.00  kworker/u24:2-events_unbound
08:21:08 PM     0    112707      3.00      0.00  kworker/3:0-mm_percpu_wq
08:21:08 PM     0    123430      3.00      0.00  kworker/6:0-mm_percpu_wq
08:21:08 PM     0    132616      2.00      0.00  kworker/7:0-mm_percpu_wq
08:21:08 PM     0    133744      2.00      0.00  kworker/4:1-mm_percpu_wq
08:21:08 PM     0    137207      3.00      0.00  kworker/0:2-mm_percpu_wq
08:21:08 PM     0    140699      3.00      0.00  kworker/1:0-events
08:21:08 PM     0    141884      1.00      0.00  kworker/9:0-mm_percpu_wq
08:21:08 PM     0    143435      3.00      0.00  kworker/5:0-mm_percpu_wq
08:21:08 PM     0    143767      3.00      0.00  kworker/8:0-events
08:21:08 PM     0    146022      1.00      0.00  kworker/11:1-mm_percpu_wq
08:21:08 PM     0    147677      3.00      0.00  kworker/10:1-events
08:21:08 PM     0    149033      1.00      0.00  iostat
08:21:08 PM     0    149034      1.00      0.00  pidstat
08:21:08 PM     0    149035      5.00      0.00  bash
08:21:08 PM     0    149036      8.00      0.00  bash
08:21:08 PM     0    149037      4.00      0.00  bash
08:21:08 PM     0    149039    100.00      0.00  fio
08:21:08 PM     0    149269      6.00      0.00  kworker/2:0-events
08:21:08 PM     0    150777      1.00      0.00  sleep
08:21:08 PM     0    150778      1.00      1.00  sleep
08:21:08 PM     0    150781      1.00      0.00  sleep

08:21:08 PM   UID       PID   cswch/s nvcswch/s  Command
08:21:09 PM     0        16      2.00      0.00  ksoftirqd/0
08:21:09 PM     0        17     23.00      0.00  rcu_preempt
08:21:09 PM     0        24      4.00      0.00  ksoftirqd/1
08:21:09 PM     0        29      1.00      0.00  migration/2
08:21:09 PM     0        36      2.00      0.00  ksoftirqd/3
08:21:09 PM     0        42      1.00      0.00  ksoftirqd/4
08:21:09 PM     0        48      3.00      0.00  ksoftirqd/5
08:21:09 PM     0        54      1.00      0.00  ksoftirqd/6
08:21:09 PM     0        59      1.00      0.00  migration/7
08:21:09 PM     0        60      4.00      0.00  ksoftirqd/7
08:21:09 PM     0        66      3.00      1.00  ksoftirqd/8
08:21:09 PM     0        71      1.00      0.00  migration/9
08:21:09 PM     0        72      5.00      0.00  ksoftirqd/9
08:21:09 PM     0        77      1.00      0.00  migration/10
08:21:09 PM     0        78      3.00      0.00  ksoftirqd/10
08:21:09 PM     0        83      1.00      0.00  migration/11
08:21:09 PM     0        84      3.00      0.00  ksoftirqd/11
08:21:09 PM     0        95      2.00      0.00  kcompactd0
08:21:09 PM     0       453      1.00      0.00  multipathd
08:21:09 PM     0     88840      2.00      0.00  kworker/u24:1-edac-poller
08:21:09 PM     0     98256      1.00      0.00  kworker/u24:2-events_power_efficient
08:21:09 PM     0    112707      3.00      0.00  kworker/3:0-events
08:21:09 PM     0    123430      2.00      0.00  kworker/6:0-mm_percpu_wq
08:21:09 PM     0    132616      1.00      0.00  kworker/7:0-mm_percpu_wq
08:21:09 PM     0    133744      2.00      0.00  kworker/4:1-mm_percpu_wq
08:21:09 PM     0    137207      5.00      0.00  kworker/0:2-events
08:21:09 PM     0    140699      5.00      0.00  kworker/1:0-events
08:21:09 PM     0    141884      1.00      0.00  kworker/9:0-mm_percpu_wq
08:21:09 PM     0    143435      2.00      0.00  kworker/5:0-mm_percpu_wq
08:21:09 PM     0    143767      4.00      0.00  kworker/8:0-events
08:21:09 PM     0    146022      1.00      0.00  kworker/11:1-mm_percpu_wq
08:21:09 PM     0    147677      3.00      0.00  kworker/10:1-mm_percpu_wq
08:21:09 PM     0    149033      1.00      0.00  iostat
08:21:09 PM     0    149034      1.00      0.00  pidstat
08:21:09 PM     0    149035      5.00      0.00  bash
08:21:09 PM     0    149036      7.00      0.00  bash
08:21:09 PM     0    149037      4.00      0.00  bash
08:21:09 PM     0    149039     99.00      0.00  fio
08:21:09 PM     0    149269      5.00      0.00  kworker/2:0-events
08:21:09 PM     0    150792      1.00      0.00  sleep
08:21:09 PM     0    150793      1.00      0.00  sleep
08:21:09 PM     0    150796      1.00      0.00  sleep

08:21:09 PM   UID       PID   cswch/s nvcswch/s  Command
08:21:10 PM     0        16      2.00      0.00  ksoftirqd/0
08:21:10 PM     0        17     18.00      0.00  rcu_preempt
08:21:10 PM     0        18      1.00      0.00  migration/0
08:21:10 PM     0        23      1.00      0.00  migration/1
08:21:10 PM     0        24      1.00      0.00  ksoftirqd/1
08:21:10 PM     0        29      1.00      0.00  migration/2
08:21:10 PM     0        30      1.00      0.00  ksoftirqd/2
08:21:10 PM     0        35      2.00      0.00  migration/3
08:21:10 PM     0        36      2.00      0.00  ksoftirqd/3
08:21:10 PM     0        41      1.00      0.00  migration/4
08:21:10 PM     0        42      3.00      0.00  ksoftirqd/4
08:21:10 PM     0        47      1.00      0.00  migration/5
08:21:10 PM     0        48      2.00      0.00  ksoftirqd/5
08:21:10 PM     0        53      1.00      0.00  migration/6
08:21:10 PM     0        59      2.00      0.00  migration/7
08:21:10 PM     0        60      1.00      0.00  ksoftirqd/7
08:21:10 PM     0        65      1.00      0.00  migration/8
08:21:10 PM     0        66      2.00      0.00  ksoftirqd/8
08:21:10 PM     0        71      2.00      0.00  migration/9
08:21:10 PM     0        72      3.00      0.00  ksoftirqd/9
08:21:10 PM     0        77      2.00      0.00  migration/10
08:21:10 PM     0        83      2.00      0.00  migration/11
08:21:10 PM     0        84      2.00      0.00  ksoftirqd/11
08:21:10 PM     0        95      2.00      0.00  kcompactd0
08:21:10 PM     0       102      1.00      0.00  irq/9-acpi
08:21:10 PM     0       453      1.00      0.00  multipathd
08:21:10 PM     0     88840      2.00      0.00  kworker/u24:1-events_unbound
08:21:10 PM     0    112707      2.00      0.00  kworker/3:0-mm_percpu_wq
08:21:10 PM     0    123430      2.00      0.00  kworker/6:0-mm_percpu_wq
08:21:10 PM     0    132616      3.00      0.00  kworker/7:0-events
08:21:10 PM     0    133744      2.00      0.00  kworker/4:1-mm_percpu_wq
08:21:10 PM     0    137207      5.00      0.00  kworker/0:2-kacpi_notify
08:21:10 PM     0    140699    686.00      0.00  kworker/1:0+events
08:21:10 PM     0    141884      1.00      0.00  kworker/9:0-mm_percpu_wq
08:21:10 PM     0    143435      3.00      0.00  kworker/5:0-events
08:21:10 PM     0    143767      3.00      0.00  kworker/8:0-mm_percpu_wq
08:21:10 PM     0    146022      2.00      0.00  kworker/11:1-mm_percpu_wq
08:21:10 PM     0    147677      2.00      0.00  kworker/10:1-mm_percpu_wq
08:21:10 PM     0    149033      1.00      0.00  iostat
08:21:10 PM     0    149034      1.00      0.00  pidstat
08:21:10 PM     0    149035      5.00      0.00  bash
08:21:10 PM     0    149036      6.00      0.00  bash
08:21:10 PM     0    149037      4.00      0.00  bash
08:21:10 PM     0    149039    100.00      0.00  fio
08:21:10 PM     0    149269      6.00      0.00  kworker/2:0-events
08:21:10 PM     0    150661      1.00      0.00  kworker/1:2+i915-unordered
08:21:10 PM     0    150806      1.00      0.00  sleep
08:21:10 PM     0    150808      1.00      0.00  sleep
08:21:10 PM     0    150811      1.00      0.00  sleep

08:21:10 PM   UID       PID   cswch/s nvcswch/s  Command
08:21:11 PM     0         2      1.00      0.00  kthreadd
08:21:11 PM     0        16      1.00      0.00  ksoftirqd/0
08:21:11 PM     0        17     19.00      0.00  rcu_preempt
08:21:11 PM     0        18      1.00      0.00  migration/0
08:21:11 PM     0        24      1.00      0.00  ksoftirqd/1
08:21:11 PM     0        30      1.00      0.00  ksoftirqd/2
08:21:11 PM     0        36      3.00      0.00  ksoftirqd/3
08:21:11 PM     0        41      2.00      0.00  migration/4
08:21:11 PM     0        42      2.00      0.00  ksoftirqd/4
08:21:11 PM     0        48      3.00      0.00  ksoftirqd/5
08:21:11 PM     0        54      1.00      0.00  ksoftirqd/6
08:21:11 PM     0        60      2.00      0.00  ksoftirqd/7
08:21:11 PM     0        66      2.00      0.00  ksoftirqd/8
08:21:11 PM     0        72      1.00      0.00  ksoftirqd/9
08:21:11 PM     0        77      3.00      0.00  migration/10
08:21:11 PM     0        78      4.00      1.00  ksoftirqd/10
08:21:11 PM     0        95      2.00      0.00  kcompactd0
08:21:11 PM     0       453      2.00      0.00  multipathd
08:21:11 PM     0       562      3.00      0.00  jbd2/nvme1n1p3-8
08:21:11 PM     0     88840      1.00      0.00  kworker/u24:1-events_unbound
08:21:11 PM     0     98256      6.00      0.00  kworker/u24:2-flush-259:1
08:21:11 PM     0    107898      2.00      0.00  kworker/1:1-events
08:21:11 PM     0    112707      2.00      0.00  kworker/3:0-mm_percpu_wq
08:21:11 PM     0    123430      3.00      0.00  kworker/6:0-mm_percpu_wq
08:21:11 PM     0    132616      1.00      0.00  kworker/7:0-mm_percpu_wq
08:21:11 PM     0    133744      2.00      0.00  kworker/4:1-mm_percpu_wq
08:21:11 PM     0    137207      2.00      0.00  kworker/0:2-events
08:21:11 PM     0    140699    457.00      1.00  kworker/1:0-events
08:21:11 PM     0    141884      2.00      0.00  kworker/9:0-mm_percpu_wq
08:21:11 PM     0    143435      3.00      0.00  kworker/5:0-events
08:21:11 PM     0    143767      2.00      0.00  kworker/8:0-events
08:21:11 PM     0    146022      3.00      0.00  kworker/11:1-events
08:21:11 PM     0    147677      4.00      0.00  kworker/10:1-mm_percpu_wq
08:21:11 PM     0    149033      1.00      0.00  iostat
08:21:11 PM     0    149034      1.00      0.00  pidstat
08:21:11 PM     0    149035      5.00      0.00  bash
08:21:11 PM     0    149036      8.00      0.00  bash
08:21:11 PM     0    149037      4.00      0.00  bash
08:21:11 PM     0    149039     99.00      0.00  fio
08:21:11 PM     0    149269      4.00      0.00  kworker/2:0-events
08:21:11 PM     0    150661   1134.00      0.00  kworker/1:2-events
08:21:11 PM     0    150812      2.00      0.00  kworker/1:3
08:21:11 PM     0    150823      1.00      0.00  sleep
08:21:11 PM     0    150824      1.00      0.00  sleep
08:21:11 PM     0    150827      1.00      2.00  sleep

08:21:11 PM   UID       PID   cswch/s nvcswch/s  Command
08:21:12 PM     0        16      2.00      0.00  ksoftirqd/0
08:21:12 PM     0        17     19.00      0.00  rcu_preempt
08:21:12 PM     0        23      1.00      0.00  migration/1
08:21:12 PM     0        24      3.00      0.00  ksoftirqd/1
08:21:12 PM     0        29      1.00      0.00  migration/2
08:21:12 PM     0        30      2.00      0.00  ksoftirqd/2
08:21:12 PM     0        36      3.00      0.00  ksoftirqd/3
08:21:12 PM     0        42      2.00      0.00  ksoftirqd/4
08:21:12 PM     0        47      2.00      0.00  migration/5
08:21:12 PM     0        48      3.00      0.00  ksoftirqd/5
08:21:12 PM     0        66      7.00      0.00  ksoftirqd/8
08:21:12 PM     0        71      1.00      0.00  migration/9
08:21:12 PM     0        72      1.00      0.00  ksoftirqd/9
08:21:12 PM     0        78      1.00      0.00  ksoftirqd/10
08:21:12 PM     0        84      3.00      0.00  ksoftirqd/11
08:21:12 PM     0        95      2.00      0.00  kcompactd0
08:21:12 PM     0       113      1.00      0.00  kworker/5:1H-kblockd
08:21:12 PM     0       188      1.00      0.00  kworker/2:1H-kblockd
08:21:12 PM     0       453      1.00      0.00  multipathd
08:21:12 PM   101       608      2.00      0.00  systemd-network
08:21:12 PM     0     98256      3.00      0.00  kworker/u24:2-events_unbound
08:21:12 PM     0    112707      3.00      0.00  kworker/3:0-mm_percpu_wq
08:21:12 PM     0    123430      1.00      0.00  kworker/6:0-mm_percpu_wq
08:21:12 PM     0    132616      2.00      0.00  kworker/7:0-mm_percpu_wq
08:21:12 PM     0    133744      3.00      0.00  kworker/4:1-mm_percpu_wq
08:21:12 PM     0    137207      3.00      0.00  kworker/0:2-mm_percpu_wq
08:21:12 PM     0    141884      1.00      0.00  kworker/9:0-mm_percpu_wq
08:21:12 PM     0    143435      4.00      0.00  kworker/5:0-events
08:21:12 PM     0    143767      3.00      0.00  kworker/8:0-events
08:21:12 PM     0    146022      3.00      0.00  kworker/11:1-mm_percpu_wq
08:21:12 PM     0    147677      1.00      0.00  kworker/10:1-mm_percpu_wq
08:21:12 PM     0    149033      1.00      0.00  iostat
08:21:12 PM     0    149034      1.00      0.00  pidstat
08:21:12 PM     0    149035      5.00      0.00  bash
08:21:12 PM     0    149036      8.00      0.00  bash
08:21:12 PM     0    149037      4.00      0.00  bash
08:21:12 PM     0    149039     99.00      0.00  fio
08:21:12 PM     0    149269      5.00      0.00  kworker/2:0-events
08:21:12 PM     0    150661      3.00      0.00  kworker/1:2-events
08:21:12 PM     0    150837      1.00      0.00  sleep
08:21:12 PM     0    150839      1.00      0.00  sleep
08:21:12 PM     0    150842      1.00      0.00  sleep

08:21:12 PM   UID       PID   cswch/s nvcswch/s  Command
08:21:13 PM     0        16      4.00      0.00  ksoftirqd/0
08:21:13 PM     0        17     13.00      0.00  rcu_preempt
08:21:13 PM     0        18      1.00      0.00  migration/0
08:21:13 PM     0        23      1.00      0.00  migration/1
08:21:13 PM     0        24      2.00      0.00  ksoftirqd/1
08:21:13 PM     0        30      2.00      0.00  ksoftirqd/2
08:21:13 PM     0        35      2.00      0.00  migration/3
08:21:13 PM     0        36      3.00      0.00  ksoftirqd/3
08:21:13 PM     0        42      3.00      0.00  ksoftirqd/4
08:21:13 PM     0        48      3.00      0.00  ksoftirqd/5
08:21:13 PM     0        53      1.00      0.00  migration/6
08:21:13 PM     0        54      1.00      0.00  ksoftirqd/6
08:21:13 PM     0        60      1.00      0.00  ksoftirqd/7
08:21:13 PM     0        66      2.00      0.00  ksoftirqd/8
08:21:13 PM     0        71      1.00      0.00  migration/9
08:21:13 PM     0        78      2.00      0.00  ksoftirqd/10
08:21:13 PM     0        83      1.00      0.00  migration/11
08:21:13 PM     0        84      1.00      0.00  ksoftirqd/11
08:21:13 PM     0        95      2.00      0.00  kcompactd0
08:21:13 PM     0       453      2.00      0.00  multipathd
08:21:13 PM     0     21554      1.00      0.00  packagekitd
08:21:13 PM     0     98256      1.00      0.00  kworker/u24:2-edac-poller
08:21:13 PM     0    112707      3.00      0.00  kworker/3:0-mm_percpu_wq
08:21:13 PM     0    123430      3.00      0.00  kworker/6:0-mm_percpu_wq
08:21:13 PM     0    132616      3.00      0.00  kworker/7:0-events
08:21:13 PM     0    133744      5.00      0.00  kworker/4:1-mm_percpu_wq
08:21:13 PM     0    137207      3.00      0.00  kworker/0:2-events
08:21:13 PM     0    141884      2.00      0.00  kworker/9:0-mm_percpu_wq
08:21:13 PM     0    143435      1.00      0.00  kworker/5:0-mm_percpu_wq
08:21:13 PM     0    143767      1.00      0.00  kworker/8:0-mm_percpu_wq
08:21:13 PM     0    146022      1.00      0.00  kworker/11:1-mm_percpu_wq
08:21:13 PM     0    147677      2.00      0.00  kworker/10:1-events
08:21:13 PM     0    149033      1.00      0.00  iostat
08:21:13 PM     0    149034      1.00      0.00  pidstat
08:21:13 PM     0    149035      5.00      0.00  bash
08:21:13 PM     0    149036      7.00      0.00  bash
08:21:13 PM     0    149037      4.00      0.00  bash
08:21:13 PM     0    149039    100.00      0.00  fio
08:21:13 PM     0    149269      4.00      0.00  kworker/2:0-events
08:21:13 PM     0    150661      4.00      0.00  kworker/1:2-events
08:21:13 PM     0    150854      1.00      1.00  sleep
08:21:13 PM     0    150855      1.00      1.00  sleep
08:21:13 PM     0    150857      1.00      0.00  sleep

08:21:13 PM   UID       PID   cswch/s nvcswch/s  Command
08:21:14 PM     0        16      1.00      0.00  ksoftirqd/0
08:21:14 PM     0        17     14.00      0.00  rcu_preempt
08:21:14 PM     0        18      1.00      0.00  migration/0
08:21:14 PM     0        23      1.00      0.00  migration/1
08:21:14 PM     0        24      3.00      1.00  ksoftirqd/1
08:21:14 PM     0        29      1.00      0.00  migration/2
08:21:14 PM     0        30      1.00      0.00  ksoftirqd/2
08:21:14 PM     0        35      1.00      0.00  migration/3
08:21:14 PM     0        36      1.00      0.00  ksoftirqd/3
08:21:14 PM     0        41      1.00      0.00  migration/4
08:21:14 PM     0        47      2.00      0.00  migration/5
08:21:14 PM     0        48      4.00      0.00  ksoftirqd/5
08:21:14 PM     0        53      3.00      0.00  migration/6
08:21:14 PM     0        54      1.00      0.00  ksoftirqd/6
08:21:14 PM     0        59      1.00      0.00  migration/7
08:21:14 PM     0        60      2.00      0.00  ksoftirqd/7
08:21:14 PM     0        65      1.00      0.00  migration/8
08:21:14 PM     0        66      6.00      0.00  ksoftirqd/8
08:21:14 PM     0        71      1.00      0.00  migration/9
08:21:14 PM     0        72      6.00      0.00  ksoftirqd/9
08:21:14 PM     0        77      2.00      0.00  migration/10
08:21:14 PM     0        83      1.00      0.00  migration/11
08:21:14 PM     0        84      1.00      0.00  ksoftirqd/11
08:21:14 PM     0        95      2.00      0.00  kcompactd0
08:21:14 PM     0       453      2.00      0.00  multipathd
08:21:14 PM     0     88840      4.00      0.00  kworker/u24:1-events_power_efficient
08:21:14 PM     0     98256      2.00      0.00  kworker/u24:2-events_power_efficient
08:21:14 PM     0    112707      1.00      0.00  kworker/3:0-mm_percpu_wq
08:21:14 PM     0    123430      3.00      0.00  kworker/6:0-mm_percpu_wq
08:21:14 PM     0    132616      2.00      0.00  kworker/7:0-mm_percpu_wq
08:21:14 PM     0    133744      3.00      0.00  kworker/4:1-events
08:21:14 PM     0    137207      2.00      0.00  kworker/0:2-events
08:21:14 PM     0    141884      2.00      0.00  kworker/9:0-mm_percpu_wq
08:21:14 PM     0    143435      2.00      0.00  kworker/5:0-mm_percpu_wq
08:21:14 PM     0    143767      2.00      0.00  kworker/8:0-mm_percpu_wq
08:21:14 PM     0    146022      3.00      0.00  kworker/11:1-events
08:21:14 PM     0    147677      3.00      0.00  kworker/10:1-mm_percpu_wq
08:21:14 PM     0    149033      1.00      0.00  iostat
08:21:14 PM     0    149034      1.00      0.00  pidstat
08:21:14 PM     0    149035      5.00      0.00  bash
08:21:14 PM     0    149036      6.00      0.00  bash
08:21:14 PM     0    149037      4.00      0.00  bash
08:21:14 PM     0    149039     99.00      0.00  fio
08:21:14 PM     0    149269      5.00      0.00  kworker/2:0-events
08:21:14 PM     0    150661      5.00      0.00  kworker/1:2-mm_percpu_wq
08:21:14 PM     0    150860      1.00      0.00  sleep
08:21:14 PM     0    150870      1.00      0.00  sleep
08:21:14 PM     0    150872      1.00      1.00  sleep

08:21:14 PM   UID       PID   cswch/s nvcswch/s  Command
08:21:15 PM     0        16      2.00      0.00  ksoftirqd/0
08:21:15 PM     0        17     18.00      0.00  rcu_preempt
08:21:15 PM     0        23      1.00      0.00  migration/1
08:21:15 PM     0        24      5.00      0.00  ksoftirqd/1
08:21:15 PM     0        36      1.00      0.00  ksoftirqd/3
08:21:15 PM     0        42      2.00      0.00  ksoftirqd/4
08:21:15 PM     0        47      2.00      0.00  migration/5
08:21:15 PM     0        48      3.00      0.00  ksoftirqd/5
08:21:15 PM     0        53      1.00      0.00  migration/6
08:21:15 PM     0        54      3.00      0.00  ksoftirqd/6
08:21:15 PM     0        60      2.00      0.00  ksoftirqd/7
08:21:15 PM     0        66      1.00      0.00  ksoftirqd/8
08:21:15 PM     0        72      4.00      0.00  ksoftirqd/9
08:21:15 PM     0        78      3.00      0.00  ksoftirqd/10
08:21:15 PM     0        84      3.00      0.00  ksoftirqd/11
08:21:15 PM     0        95      2.00      0.00  kcompactd0
08:21:15 PM     0       453      1.00      0.00  multipathd
08:21:15 PM     0     98256      1.00      0.00  kworker/u24:2-edac-poller
08:21:15 PM     0    112707      3.00      0.00  kworker/3:0-events
08:21:15 PM     0    123430      4.00      0.00  kworker/6:0-mm_percpu_wq
08:21:15 PM     0    132616      3.00      0.00  kworker/7:0-events
08:21:15 PM     0    133744      5.00      0.00  kworker/4:1-events
08:21:15 PM     0    137207      3.00      0.00  kworker/0:2-events
08:21:15 PM     0    141884      1.00      0.00  kworker/9:0-mm_percpu_wq
08:21:15 PM     0    143435      3.00      0.00  kworker/5:0-mm_percpu_wq
08:21:15 PM     0    143767      1.00      0.00  kworker/8:0-mm_percpu_wq
08:21:15 PM     0    146022      2.00      0.00  kworker/11:1-mm_percpu_wq
08:21:15 PM     0    147677      2.00      0.00  kworker/10:1-events
08:21:15 PM     0    149033      1.00      0.00  iostat
08:21:15 PM     0    149034      1.00      0.00  pidstat
08:21:15 PM     0    149035      5.00      0.00  bash
08:21:15 PM     0    149036      7.00      0.00  bash
08:21:15 PM     0    149037      4.00      0.00  bash
08:21:15 PM     0    149039     99.00      0.00  fio
08:21:15 PM     0    149269      3.00      0.00  kworker/2:0-mm_percpu_wq
08:21:15 PM     0    150661      4.00      0.00  kworker/1:2-mm_percpu_wq
08:21:15 PM     0    150875      1.00      0.00  sleep
08:21:15 PM     0    150886      1.00      0.00  sleep
08:21:15 PM     0    150887      1.00      1.00  sleep

08:21:15 PM   UID       PID   cswch/s nvcswch/s  Command
08:21:16 PM     0        17     20.00      0.00  rcu_preempt
08:21:16 PM     0        24      4.00      0.00  ksoftirqd/1
08:21:16 PM     0        35      1.00      0.00  migration/3
08:21:16 PM     0        36      1.00      0.00  ksoftirqd/3
08:21:16 PM     0        41      1.00      0.00  migration/4
08:21:16 PM     0        42      6.00      1.00  ksoftirqd/4
08:21:16 PM     0        47      1.00      0.00  migration/5
08:21:16 PM     0        48      2.00      0.00  ksoftirqd/5
08:21:16 PM     0        54      3.00      0.00  ksoftirqd/6
08:21:16 PM     0        60      2.00      0.00  ksoftirqd/7
08:21:16 PM     0        66      3.00      0.00  ksoftirqd/8
08:21:16 PM     0        71      1.00      0.00  migration/9
08:21:16 PM     0        72      2.00      0.00  ksoftirqd/9
08:21:16 PM     0        77      1.00      0.00  migration/10
08:21:16 PM     0        78      4.00      0.00  ksoftirqd/10
08:21:16 PM     0        95      2.00      0.00  kcompactd0
08:21:16 PM     0       453      2.00      0.00  multipathd
08:21:16 PM     0       562      3.00      0.00  jbd2/nvme1n1p3-8
08:21:16 PM     0     98256      5.00      0.00  kworker/u24:2-events_unbound
08:21:16 PM     0    112707      2.00      0.00  kworker/3:0-mm_percpu_wq
08:21:16 PM     0    123430      3.00      0.00  kworker/6:0-events
08:21:16 PM     0    132616      2.00      0.00  kworker/7:0-events
08:21:16 PM     0    133744      3.00      0.00  kworker/4:1-events
08:21:16 PM     0    137207      1.00      0.00  kworker/0:2-mm_percpu_wq
08:21:16 PM     0    141884      3.00      0.00  kworker/9:0-mm_percpu_wq
08:21:16 PM     0    143435      2.00      0.00  kworker/5:0-mm_percpu_wq
08:21:16 PM     0    143767      2.00      0.00  kworker/8:0-mm_percpu_wq
08:21:16 PM     0    146022      2.00      0.00  kworker/11:1-events
08:21:16 PM     0    147677      5.00      0.00  kworker/10:1-events
08:21:16 PM     0    149033      1.00      0.00  iostat
08:21:16 PM     0    149034      1.00      0.00  pidstat
08:21:16 PM     0    149035      5.00      0.00  bash
08:21:16 PM     0    149036      7.00      0.00  bash
08:21:16 PM     0    149037      4.00      0.00  bash
08:21:16 PM     0    149039    100.00      0.00  fio
08:21:16 PM     0    149269      5.00      0.00  kworker/2:0-mm_percpu_wq
08:21:16 PM     0    150661      4.00      0.00  kworker/1:2-events
08:21:16 PM     0    150890      1.00      0.00  sleep
08:21:16 PM     0    150900      1.00      1.00  sleep
08:21:16 PM     0    150902      1.00      0.00  sleep

08:21:16 PM   UID       PID   cswch/s nvcswch/s  Command
08:21:17 PM     0        16      2.00      0.00  ksoftirqd/0
08:21:17 PM     0        17     18.00      0.00  rcu_preempt
08:21:17 PM     0        24      1.00      0.00  ksoftirqd/1
08:21:17 PM     0        30      2.00      0.00  ksoftirqd/2
08:21:17 PM     0        36      6.00      0.00  ksoftirqd/3
08:21:17 PM     0        48      3.00      0.00  ksoftirqd/5
08:21:17 PM     0        59      2.00      0.00  migration/7
08:21:17 PM     0        60      2.00      0.00  ksoftirqd/7
08:21:17 PM     0        66      2.00      0.00  ksoftirqd/8
08:21:17 PM     0        71      1.00      0.00  migration/9
08:21:17 PM     0        72      1.00      0.00  ksoftirqd/9
08:21:17 PM     0        78      3.00      0.00  ksoftirqd/10
08:21:17 PM     0        84      1.00      0.00  ksoftirqd/11
08:21:17 PM     0        95      2.00      0.00  kcompactd0
08:21:17 PM     0       453      1.00      0.00  multipathd
08:21:17 PM     0     98256      1.00      0.00  kworker/u24:2-edac-poller
08:21:17 PM     0    112707      4.00      0.00  kworker/3:0-mm_percpu_wq
08:21:17 PM     0    123430      2.00      0.00  kworker/6:0-mm_percpu_wq
08:21:17 PM     0    132616      1.00      0.00  kworker/7:0-mm_percpu_wq
08:21:17 PM     0    133744      5.00      0.00  kworker/4:1-events
08:21:17 PM     0    137207      3.00      0.00  kworker/0:2-events
08:21:17 PM     0    141884      2.00      0.00  kworker/9:0-mm_percpu_wq
08:21:17 PM     0    143435      1.00      0.00  kworker/5:0-mm_percpu_wq
08:21:17 PM     0    143767      1.00      0.00  kworker/8:0-mm_percpu_wq
08:21:17 PM     0    146022      3.00      0.00  kworker/11:1-mm_percpu_wq
08:21:17 PM     0    147677      2.00      0.00  kworker/10:1-mm_percpu_wq
08:21:17 PM     0    149033      1.00      0.00  iostat
08:21:17 PM     0    149034      1.00      0.00  pidstat
08:21:17 PM     0    149035      5.00      0.00  bash
08:21:17 PM     0    149036      6.00      0.00  bash
08:21:17 PM     0    149037      4.00      0.00  bash
08:21:17 PM     0    149039     99.00      0.00  fio
08:21:17 PM     0    149269      5.00      0.00  kworker/2:0-events
08:21:17 PM     0    150661      5.00      0.00  kworker/1:2-events
08:21:17 PM     0    150905      1.00      0.00  sleep
08:21:17 PM     0    150915      1.00      1.00  sleep
08:21:17 PM     0    150917      1.00      0.00  sleep

08:21:17 PM   UID       PID   cswch/s nvcswch/s  Command
08:21:18 PM     0        16      2.00      0.00  ksoftirqd/0
08:21:18 PM     0        17     19.00      0.00  rcu_preempt
08:21:18 PM     0        18      1.00      0.00  migration/0
08:21:18 PM     0        23      1.00      0.00  migration/1
08:21:18 PM     0        24      5.00      0.00  ksoftirqd/1
08:21:18 PM     0        29      1.00      0.00  migration/2
08:21:18 PM     0        30      1.00      0.00  ksoftirqd/2
08:21:18 PM     0        35      1.00      0.00  migration/3
08:21:18 PM     0        41      1.00      0.00  migration/4
08:21:18 PM     0        42      1.00      0.00  ksoftirqd/4
08:21:18 PM     0        47      2.00      0.00  migration/5
08:21:18 PM     0        48      1.00      0.00  ksoftirqd/5
08:21:18 PM     0        53      2.00      0.00  migration/6
08:21:18 PM     0        54      2.00      0.00  ksoftirqd/6
08:21:18 PM     0        59      2.00      0.00  migration/7
08:21:18 PM     0        65      1.00      0.00  migration/8
08:21:18 PM     0        66      2.00      0.00  ksoftirqd/8
08:21:18 PM     0        71      1.00      0.00  migration/9
08:21:18 PM     0        72      3.00      0.00  ksoftirqd/9
08:21:18 PM     0        77      1.00      0.00  migration/10
08:21:18 PM     0        78      1.00      0.00  ksoftirqd/10
08:21:18 PM     0        83      1.00      0.00  migration/11
08:21:18 PM     0        84      1.00      0.00  ksoftirqd/11
08:21:18 PM     0        95      2.00      0.00  kcompactd0
08:21:18 PM     0       189      1.00      0.00  kworker/4:1H-kblockd
08:21:18 PM     0       453      1.00      0.00  multipathd
08:21:18 PM     0     98256      2.00      0.00  kworker/u24:2-events_unbound
08:21:18 PM     0    112707      3.00      0.00  kworker/3:0-events
08:21:18 PM     0    123430      1.00      0.00  kworker/6:0-mm_percpu_wq
08:21:18 PM     0    132616      1.00      0.00  kworker/7:0-mm_percpu_wq
08:21:18 PM     0    133744      5.00      0.00  kworker/4:1-events
08:21:18 PM     0    137207      4.00      0.00  kworker/0:2-events
08:21:18 PM     0    141884      3.00      0.00  kworker/9:0-mm_percpu_wq
08:21:18 PM     0    143435      1.00      0.00  kworker/5:0-mm_percpu_wq
08:21:18 PM     0    143767      1.00      0.00  kworker/8:0-mm_percpu_wq
08:21:18 PM     0    146022      1.00      0.00  kworker/11:1-mm_percpu_wq
08:21:18 PM     0    147677      3.00      0.00  kworker/10:1-mm_percpu_wq
08:21:18 PM     0    149033      1.00      0.00  iostat
08:21:18 PM     0    149034      1.00      0.00  pidstat
08:21:18 PM     0    149035      5.00      0.00  bash
08:21:18 PM     0    149036      7.00      0.00  bash
08:21:18 PM     0    149037      4.00      0.00  bash
08:21:18 PM     0    149039    100.00      0.00  fio
08:21:18 PM     0    149269      5.00      0.00  kworker/2:0-events
08:21:18 PM     0    150661      5.00      0.00  kworker/1:2-events
08:21:18 PM     0    150920      1.00      0.00  sleep
08:21:18 PM     0    150930      1.00      0.00  sleep
08:21:18 PM     0    150932      1.00      0.00  sleep

08:21:18 PM   UID       PID   cswch/s nvcswch/s  Command
08:21:19 PM     0        16      4.00      0.00  ksoftirqd/0
08:21:19 PM     0        17     18.00      0.00  rcu_preempt
08:21:19 PM     0        18      1.00      0.00  migration/0
08:21:19 PM     0        23      1.00      0.00  migration/1
08:21:19 PM     0        24      6.00      0.00  ksoftirqd/1
08:21:19 PM     0        36      1.00      0.00  ksoftirqd/3
08:21:19 PM     0        42      4.00      0.00  ksoftirqd/4
08:21:19 PM     0        48      2.00      0.00  ksoftirqd/5
08:21:19 PM     0        53      1.00      0.00  migration/6
08:21:19 PM     0        54      2.00      0.00  ksoftirqd/6
08:21:19 PM     0        60      3.00      0.00  ksoftirqd/7
08:21:19 PM     0        66      3.00      0.00  ksoftirqd/8
08:21:19 PM     0        72      2.00      0.00  ksoftirqd/9
08:21:19 PM     0        78      2.00      0.00  ksoftirqd/10
08:21:19 PM     0        84      2.00      0.00  ksoftirqd/11
08:21:19 PM     0        95      2.00      0.00  kcompactd0
08:21:19 PM     0       453      2.00      0.00  multipathd
08:21:19 PM     0     88840      2.00      0.00  kworker/u24:1-edac-poller
08:21:19 PM     0     98256      1.00      0.00  kworker/u24:2-events_power_efficient
08:21:19 PM     0    112707      2.00      0.00  kworker/3:0-mm_percpu_wq
08:21:19 PM     0    123430      3.00      0.00  kworker/6:0-mm_percpu_wq
08:21:19 PM     0    132616      1.00      0.00  kworker/7:0-mm_percpu_wq
08:21:19 PM     0    133744      2.00      0.00  kworker/4:1-events
08:21:19 PM     0    137207      4.00      0.00  kworker/0:2-events
08:21:19 PM     0    141884      2.00      0.00  kworker/9:0-events
08:21:19 PM     0    143435      3.00      0.00  kworker/5:0-mm_percpu_wq
08:21:19 PM     0    143767      2.00      0.00  kworker/8:0-events
08:21:19 PM     0    146022      2.00      0.00  kworker/11:1-mm_percpu_wq
08:21:19 PM     0    147677      1.00      0.00  kworker/10:1-mm_percpu_wq
08:21:19 PM     0    149033      1.00      0.00  iostat
08:21:19 PM     0    149034      1.00      0.00  pidstat
08:21:19 PM     0    149035      5.00      0.00  bash
08:21:19 PM     0    149036      7.00      0.00  bash
08:21:19 PM     0    149037      4.00      0.00  bash
08:21:19 PM     0    149039     99.00      0.00  fio
08:21:19 PM     0    149269      6.00      0.00  kworker/2:0-events
08:21:19 PM     0    150661      4.00      0.00  kworker/1:2-mm_percpu_wq
08:21:19 PM     0    150935      1.00      0.00  sleep
08:21:19 PM     0    150946      1.00      1.00  sleep
08:21:19 PM     0    150947      1.00      0.00  sleep

08:21:19 PM   UID       PID   cswch/s nvcswch/s  Command
08:21:20 PM     0        17     21.00      0.00  rcu_preempt
08:21:20 PM     0        23      1.00      0.00  migration/1
08:21:20 PM     0        24      4.00      0.00  ksoftirqd/1
08:21:20 PM     0        30      1.00      0.00  ksoftirqd/2
08:21:20 PM     0        41      1.00      0.00  migration/4
08:21:20 PM     0        48      5.00      0.00  ksoftirqd/5
08:21:20 PM     0        54      3.00      0.00  ksoftirqd/6
08:21:20 PM     0        59      1.00      0.00  migration/7
08:21:20 PM     0        60      3.00      0.00  ksoftirqd/7
08:21:20 PM     0        65      1.00      0.00  migration/8
08:21:20 PM     0        66      2.00      0.00  ksoftirqd/8
08:21:20 PM     0        72      1.00      0.00  ksoftirqd/9
08:21:20 PM     0        78      6.00      0.00  ksoftirqd/10
08:21:20 PM     0        84      3.00      0.00  ksoftirqd/11
08:21:20 PM     0        95      2.00      0.00  kcompactd0
08:21:20 PM     0       453      1.00      0.00  multipathd
08:21:20 PM     0     88840      2.00      0.00  kworker/u24:1-events_unbound
08:21:20 PM     0    112707      2.00      0.00  kworker/3:0-events
08:21:20 PM     0    123430      2.00      0.00  kworker/6:0-mm_percpu_wq
08:21:20 PM     0    132616      2.00      0.00  kworker/7:0-mm_percpu_wq
08:21:20 PM     0    133744      2.00      0.00  kworker/4:1-mm_percpu_wq
08:21:20 PM     0    137207      7.00      0.00  kworker/0:2-events
08:21:20 PM     0    141884      1.00      0.00  kworker/9:0-mm_percpu_wq
08:21:20 PM     0    143435      5.00      0.00  kworker/5:0-events
08:21:20 PM     0    143767      1.00      0.00  kworker/8:0-mm_percpu_wq
08:21:20 PM     0    146022      5.00      0.00  kworker/11:1-mm_percpu_wq
08:21:20 PM     0    147677      3.00      0.00  kworker/10:1-mm_percpu_wq
08:21:20 PM     0    149033      1.00      0.00  iostat
08:21:20 PM     0    149034      1.00      0.00  pidstat
08:21:20 PM     0    149035      5.00      0.00  bash
08:21:20 PM     0    149036      6.00      0.00  bash
08:21:20 PM     0    149037      4.00      0.00  bash
08:21:20 PM     0    149039    100.00      0.00  fio
08:21:20 PM     0    149269      2.00      0.00  kworker/2:0-mm_percpu_wq
08:21:20 PM     0    150661      1.00      0.00  kworker/1:2-mm_percpu_wq
08:21:20 PM     0    150950      1.00      1.00  sleep
08:21:20 PM     0    150960      1.00      0.00  sleep
08:21:20 PM     0    150962      1.00      1.00  sleep
