Linux 6.8.0-124-generic (cassandra-waf-rig) 	07/08/2026 	_x86_64_	(12 CPU)

07:41:02 PM   UID       PID   cswch/s nvcswch/s  Command
07:41:03 PM     0         1      0.99      0.00  systemd
07:41:03 PM     0        17     44.55      0.00  rcu_preempt
07:41:03 PM     0        24      0.99      0.00  ksoftirqd/1
07:41:03 PM     0        30      0.99      0.00  ksoftirqd/2
07:41:03 PM     0        35      0.99      0.00  migration/3
07:41:03 PM     0        47      2.97      0.00  migration/5
07:41:03 PM     0        54      0.99      0.00  ksoftirqd/6
07:41:03 PM     0        59      1.98      0.00  migration/7
07:41:03 PM     0        65      5.94      0.00  migration/8
07:41:03 PM     0        71      0.99      0.00  migration/9
07:41:03 PM     0        84      0.99      0.00  ksoftirqd/11
07:41:03 PM     0        95      1.98      0.00  kcompactd0
07:41:03 PM     0       188      0.99      0.00  kworker/2:1H-kblockd
07:41:03 PM     0       415      5.94      0.00  systemd-journal
07:41:03 PM     0       453      0.99      0.00  multipathd
07:41:03 PM     0       773      2.97      0.00  sshd
07:41:03 PM     0     21554      0.99      0.00  packagekitd
07:41:03 PM     0     84845      2.97      0.00  kworker/3:1-mm_percpu_wq
07:41:03 PM     0     87189      1.98      0.00  kworker/0:0-events
07:41:03 PM     0     88171      1.98      0.00  kworker/u24:55-events_unbound
07:41:03 PM     0     88669      2.97      0.00  kworker/11:1-mm_percpu_wq
07:41:03 PM     0     88734      4.95      0.00  kworker/7:1-mm_percpu_wq
07:41:03 PM     0     88741      0.99      0.00  kworker/6:2-mm_percpu_wq
07:41:03 PM     0     88759     11.88      0.00  kworker/2:1-events
07:41:03 PM     0     91504      0.99      0.00  kworker/4:1-mm_percpu_wq
07:41:03 PM     0     93573      6.93      0.00  kworker/5:1-events
07:41:03 PM     0    105570      0.99      0.00  kworker/9:1-mm_percpu_wq
07:41:03 PM     0    106241      3.96      0.00  kworker/10:2-events
07:41:03 PM     0    109444      0.99      0.00  kworker/8:2-events
07:41:03 PM     0    113933      4.95      0.00  kworker/1:2-events
07:41:03 PM     0    114647      0.99      0.00  iostat
07:41:03 PM     0    114648      0.99      0.00  pidstat
07:41:03 PM     0    114649      4.95      0.00  bash
07:41:03 PM     0    114650      5.94      0.99  bash
07:41:03 PM     0    114651      3.96      0.00  bash
07:41:03 PM     0    114653    189.11      0.00  fio
07:41:03 PM     0    114686      0.99      0.00  sleep

07:41:03 PM   UID       PID   cswch/s nvcswch/s  Command
07:41:04 PM     0        17     12.00      0.00  rcu_preempt
07:41:04 PM     0        24      1.00      0.00  ksoftirqd/1
07:41:04 PM     0        72      1.00      0.00  ksoftirqd/9
07:41:04 PM     0        77      1.00      0.00  migration/10
07:41:04 PM     0        78      1.00      0.00  ksoftirqd/10
07:41:04 PM     0        95      2.00      0.00  kcompactd0
07:41:04 PM     0       453      1.00      0.00  multipathd
07:41:04 PM     0     84845      1.00      0.00  kworker/3:1-mm_percpu_wq
07:41:04 PM     0     87189      1.00      0.00  kworker/0:0-mm_percpu_wq
07:41:04 PM     0     88171      1.00      0.00  kworker/u24:55-edac-poller
07:41:04 PM     0     88669      2.00      0.00  kworker/11:1-mm_percpu_wq
07:41:04 PM     0     88734      1.00      0.00  kworker/7:1-events
07:41:04 PM     0     88741      1.00      0.00  kworker/6:2-mm_percpu_wq
07:41:04 PM     0     88759     10.00      0.00  kworker/2:1-mm_percpu_wq
07:41:04 PM     0     91504      1.00      0.00  kworker/4:1-events
07:41:04 PM     0     93573      1.00      0.00  kworker/5:1-events
07:41:04 PM     0    105570      2.00      0.00  kworker/9:1-events
07:41:04 PM     0    106241      4.00      0.00  kworker/10:2-events
07:41:04 PM     0    109444      1.00      0.00  kworker/8:2-mm_percpu_wq
07:41:04 PM     0    113933      3.00      0.00  kworker/1:2-events
07:41:04 PM     0    114647      1.00      0.00  iostat
07:41:04 PM     0    114648      1.00      0.00  pidstat
07:41:04 PM     0    114649      4.00      0.00  bash
07:41:04 PM     0    114650      4.00      0.00  bash
07:41:04 PM     0    114651      4.00      1.00  bash
07:41:04 PM     0    114653     99.00      0.00  fio
07:41:04 PM     0    114697      1.00      0.00  sleep
07:41:04 PM     0    114698      1.00      0.00  sleep
07:41:04 PM     0    114701      1.00      0.00  sleep

07:41:04 PM   UID       PID   cswch/s nvcswch/s  Command
07:41:05 PM     0        17     19.00      0.00  rcu_preempt
07:41:05 PM     0        54      1.00      0.00  ksoftirqd/6
07:41:05 PM     0        60      1.00      0.00  ksoftirqd/7
07:41:05 PM     0        72      1.00      0.00  ksoftirqd/9
07:41:05 PM     0        95      2.00      0.00  kcompactd0
07:41:05 PM     0       453      1.00      0.00  multipathd
07:41:05 PM     0     84845      3.00      0.00  kworker/3:1-mm_percpu_wq
07:41:05 PM     0     87189      3.00      0.00  kworker/0:0-mm_percpu_wq
07:41:05 PM     0     88171      1.00      0.00  kworker/u24:55-events_power_efficient
07:41:05 PM     0     88669      2.00      0.00  kworker/11:1-mm_percpu_wq
07:41:05 PM     0     88734      3.00      0.00  kworker/7:1-mm_percpu_wq
07:41:05 PM     0     88741      1.00      0.00  kworker/6:2-mm_percpu_wq
07:41:05 PM     0     88759     13.00      0.00  kworker/2:1-events
07:41:05 PM     0     88840      2.00      0.00  kworker/u24:1-edac-poller
07:41:05 PM     0     91504      2.00      0.00  kworker/4:1-mm_percpu_wq
07:41:05 PM     0     93573      2.00      0.00  kworker/5:1-events
07:41:05 PM     0    105570      4.00      0.00  kworker/9:1-events
07:41:05 PM     0    106241      1.00      0.00  kworker/10:2-events
07:41:05 PM     0    109444      1.00      0.00  kworker/8:2-events
07:41:05 PM     0    113933      5.00      0.00  kworker/1:2-events
07:41:05 PM     0    114647      1.00      0.00  iostat
07:41:05 PM     0    114648      1.00      0.00  pidstat
07:41:05 PM     0    114649      5.00      0.00  bash
07:41:05 PM     0    114650      8.00      0.00  bash
07:41:05 PM     0    114651      4.00      0.00  bash
07:41:05 PM     0    114653    100.00      0.00  fio
07:41:05 PM     0    114712      1.00      0.00  sleep
07:41:05 PM     0    114713      1.00      0.00  sleep

07:41:05 PM   UID       PID   cswch/s nvcswch/s  Command
07:41:06 PM     0        17     17.00      0.00  rcu_preempt
07:41:06 PM     0        18      1.00      0.00  migration/0
07:41:06 PM     0        23      1.00      0.00  migration/1
07:41:06 PM     0        29      1.00      0.00  migration/2
07:41:06 PM     0        35      1.00      0.00  migration/3
07:41:06 PM     0        41      1.00      0.00  migration/4
07:41:06 PM     0        47      1.00      0.00  migration/5
07:41:06 PM     0        53      1.00      0.00  migration/6
07:41:06 PM     0        59      1.00      0.00  migration/7
07:41:06 PM     0        60      1.00      0.00  ksoftirqd/7
07:41:06 PM     0        65      1.00      0.00  migration/8
07:41:06 PM     0        71      1.00      0.00  migration/9
07:41:06 PM     0        77      1.00      0.00  migration/10
07:41:06 PM     0        83      1.00      0.00  migration/11
07:41:06 PM     0        84      1.00      0.00  ksoftirqd/11
07:41:06 PM     0        95      2.00      0.00  kcompactd0
07:41:06 PM     0       113      3.00      0.00  kworker/5:1H-kblockd
07:41:06 PM     0       191      3.00      0.00  kworker/1:1H-kblockd
07:41:06 PM     0       453      1.00      0.00  multipathd
07:41:06 PM     0     84845      1.00      0.00  kworker/3:1-mm_percpu_wq
07:41:06 PM     0     87189      1.00      0.00  kworker/0:0-events
07:41:06 PM     0     88171      8.00      0.00  kworker/u24:55-writeback
07:41:06 PM     0     88669      4.00      0.00  kworker/11:1-events
07:41:06 PM     0     88734      4.00      0.00  kworker/7:1-mm_percpu_wq
07:41:06 PM     0     88741      1.00      0.00  kworker/6:2-mm_percpu_wq
07:41:06 PM     0     88759     12.00      0.00  kworker/2:1-mm_percpu_wq
07:41:06 PM     0     88840      4.00      0.00  kworker/u24:1-edac-poller
07:41:06 PM     0     91504      1.00      0.00  kworker/4:1-mm_percpu_wq
07:41:06 PM     0     93573      3.00      0.00  kworker/5:1-mm_percpu_wq
07:41:06 PM     0     98256      1.00      0.00  kworker/u24:2-events_power_efficient
07:41:06 PM     0    105570      4.00      0.00  kworker/9:1-events
07:41:06 PM     0    106241      2.00      0.00  kworker/10:2-events
07:41:06 PM     0    113933      2.00      0.00  kworker/1:2-mm_percpu_wq
07:41:06 PM     0    114647      1.00      0.00  iostat
07:41:06 PM     0    114648      1.00      0.00  pidstat
07:41:06 PM     0    114649      5.00      0.00  bash
07:41:06 PM     0    114650      8.00      0.00  bash
07:41:06 PM     0    114651      4.00      0.00  bash
07:41:06 PM     0    114653     99.00      0.00  fio
07:41:06 PM     0    114727      1.00      0.00  sleep
07:41:06 PM     0    114728      1.00      0.00  sleep

07:41:06 PM   UID       PID   cswch/s nvcswch/s  Command
07:41:07 PM     0        16      1.00      0.00  ksoftirqd/0
07:41:07 PM     0        17     17.00      0.00  rcu_preempt
07:41:07 PM     0        24      1.00      0.00  ksoftirqd/1
07:41:07 PM     0        42      1.00      0.00  ksoftirqd/4
07:41:07 PM     0        54      1.00      0.00  ksoftirqd/6
07:41:07 PM     0        72      1.00      0.00  ksoftirqd/9
07:41:07 PM     0        95      2.00      0.00  kcompactd0
07:41:07 PM     0       194      1.00      0.00  kworker/8:1H-kblockd
07:41:07 PM     0       359      3.00      0.00  jbd2/nvme1n1p2-8
07:41:07 PM     0       453      1.00      0.00  multipathd
07:41:07 PM     0       562      3.00      0.00  jbd2/nvme1n1p3-8
07:41:07 PM     0     84845      3.00      0.00  kworker/3:1-mm_percpu_wq
07:41:07 PM     0     87189      1.00      0.00  kworker/0:0-mm_percpu_wq
07:41:07 PM     0     88669      1.00      0.00  kworker/11:1-mm_percpu_wq
07:41:07 PM     0     88734      3.00      0.00  kworker/7:1-mm_percpu_wq
07:41:07 PM     0     88759     14.00      0.00  kworker/2:1-mm_percpu_wq
07:41:07 PM     0     88840      1.00      0.00  kworker/u24:1-edac-poller
07:41:07 PM     0     91504      4.00      0.00  kworker/4:1-mm_percpu_wq
07:41:07 PM     0     93573      2.00      0.00  kworker/5:1-events
07:41:07 PM     0    105570      1.00      0.00  kworker/9:1-mm_percpu_wq
07:41:07 PM     0    113933      4.00      0.00  kworker/1:2-mm_percpu_wq
07:41:07 PM     0    114647      1.00      0.00  iostat
07:41:07 PM     0    114648      1.00      0.00  pidstat
07:41:07 PM     0    114649      5.00      0.00  bash
07:41:07 PM     0    114650      8.00      0.00  bash
07:41:07 PM     0    114651      3.00      0.00  bash
07:41:07 PM     0    114653     99.00      0.00  fio
07:41:07 PM     0    114742      1.00      0.00  sleep
07:41:07 PM     0    114743      1.00      0.00  sleep

07:41:07 PM   UID       PID   cswch/s nvcswch/s  Command
07:41:08 PM     0        17     19.00      0.00  rcu_preempt
07:41:08 PM     0        48      2.00      0.00  ksoftirqd/5
07:41:08 PM     0        95      2.00      0.00  kcompactd0
07:41:08 PM     0       453      1.00      0.00  multipathd
07:41:08 PM   101       608      1.00      0.00  systemd-network
07:41:08 PM     0     87189      2.00      0.00  kworker/0:0-events
07:41:08 PM     0     88171      2.00      0.00  kworker/u24:55-edac-poller
07:41:08 PM     0     88669      4.00      0.00  kworker/11:1-events
07:41:08 PM     0     88734      2.00      0.00  kworker/7:1-mm_percpu_wq
07:41:08 PM     0     88741      2.00      0.00  kworker/6:2-events
07:41:08 PM     0     88759     12.00      0.00  kworker/2:1-events
07:41:08 PM     0     88840      1.00      0.00  kworker/u24:1-flush-259:1
07:41:08 PM     0     91504      3.00      0.00  kworker/4:1-events
07:41:08 PM     0     93573      2.00      0.00  kworker/5:1-events
07:41:08 PM     0    105570      1.00      0.00  kworker/9:1-mm_percpu_wq
07:41:08 PM     0    106241      2.00      0.00  kworker/10:2-events
07:41:08 PM     0    113933      4.00      0.00  kworker/1:2-mm_percpu_wq
07:41:08 PM     0    114647      1.00      0.00  iostat
07:41:08 PM     0    114648      1.00      0.00  pidstat
07:41:08 PM     0    114649      5.00      0.00  bash
07:41:08 PM     0    114650      8.00      0.00  bash
07:41:08 PM     0    114651      1.00      0.00  bash
07:41:08 PM     0    114653     99.00      0.00  fio
07:41:08 PM     0    114746      1.00      0.00  sleep
07:41:08 PM     0    114756      1.00      0.00  sleep
07:41:08 PM     0    114758      1.00      0.00  sleep

07:41:08 PM   UID       PID   cswch/s nvcswch/s  Command
07:41:09 PM     0        17     22.00      0.00  rcu_preempt
07:41:09 PM     0        24      1.00      0.00  ksoftirqd/1
07:41:09 PM     0        60      1.00      0.00  ksoftirqd/7
07:41:09 PM     0        95      2.00      0.00  kcompactd0
07:41:09 PM     0       189      1.00      0.00  kworker/4:1H-kblockd
07:41:09 PM     0       453      1.00      0.00  multipathd
07:41:09 PM     0       773      2.00      0.00  sshd
07:41:09 PM     0     84845      4.00      0.00  kworker/3:1-mm_percpu_wq
07:41:09 PM     0     87189      1.00      0.00  kworker/0:0-mm_percpu_wq
07:41:09 PM     0     88171      1.00      0.00  kworker/u24:55-edac-poller
07:41:09 PM     0     88669      2.00      0.00  kworker/11:1-events
07:41:09 PM     0     88734      1.00      0.00  kworker/7:1-events
07:41:09 PM     0     88741      2.00      0.00  kworker/6:2-mm_percpu_wq
07:41:09 PM     0     88759     12.00      0.00  kworker/2:1-mm_percpu_wq
07:41:09 PM     0     91504      3.00      0.00  kworker/4:1-mm_percpu_wq
07:41:09 PM     0     93573      3.00      0.00  kworker/5:1-events
07:41:09 PM     0    105570      2.00      0.00  kworker/9:1-events
07:41:09 PM     0    106241      3.00      0.00  kworker/10:2-events
07:41:09 PM     0    113933      4.00      0.00  kworker/1:2-events
07:41:09 PM     0    114647      1.00      0.00  iostat
07:41:09 PM     0    114648      1.00      1.00  pidstat
07:41:09 PM     0    114649      5.00      0.00  bash
07:41:09 PM     0    114650      6.00      0.00  bash
07:41:09 PM     0    114651      4.00      0.00  bash
07:41:09 PM     0    114653     99.00      0.00  fio
07:41:09 PM     0    114761      1.00      0.00  sleep
07:41:09 PM     0    114772      1.00      0.00  sleep
07:41:09 PM     0    114773      1.00      0.00  sleep

07:41:09 PM   UID       PID   cswch/s nvcswch/s  Command
07:41:10 PM     0         1      1.00      0.00  systemd
07:41:10 PM     0        17     41.00      0.00  rcu_preempt
07:41:10 PM     0        18      1.00      0.00  migration/0
07:41:10 PM     0        23      1.00      0.00  migration/1
07:41:10 PM     0        29      1.00      0.00  migration/2
07:41:10 PM     0        35      1.00      0.00  migration/3
07:41:10 PM     0        36      1.00      0.00  ksoftirqd/3
07:41:10 PM     0        41      1.00      0.00  migration/4
07:41:10 PM     0        42      1.00      0.00  ksoftirqd/4
07:41:10 PM     0        47      1.00      0.00  migration/5
07:41:10 PM     0        53      1.00      0.00  migration/6
07:41:10 PM     0        54      1.00      0.00  ksoftirqd/6
07:41:10 PM     0        59      1.00      0.00  migration/7
07:41:10 PM     0        65      1.00      0.00  migration/8
07:41:10 PM     0        71      2.00      0.00  migration/9
07:41:10 PM     0        77      1.00      0.00  migration/10
07:41:10 PM     0        78      1.00      0.00  ksoftirqd/10
07:41:10 PM     0        83      1.00      0.00  migration/11
07:41:10 PM     0        95      2.00      0.00  kcompactd0
07:41:10 PM     0       415      2.00      0.00  systemd-journal
07:41:10 PM     0       453      1.00      0.00  multipathd
07:41:10 PM     0       773      1.00      0.00  sshd
07:41:10 PM     0     84845      1.00      0.00  kworker/3:1-events
07:41:10 PM     0     87189      1.00      0.00  kworker/0:0-events
07:41:10 PM     0     88171      2.00      0.00  kworker/u24:55-edac-poller
07:41:10 PM     0     88669      5.00      0.00  kworker/11:1-events
07:41:10 PM     0     88734      2.00      0.00  kworker/7:1-events
07:41:10 PM     0     88741      1.00      0.00  kworker/6:2-mm_percpu_wq
07:41:10 PM     0     88759     12.00      0.00  kworker/2:1-events
07:41:10 PM     0     91504      2.00      0.00  kworker/4:1-events
07:41:10 PM     0    105570      2.00      0.00  kworker/9:1-events
07:41:10 PM     0    106241      2.00      0.00  kworker/10:2-events
07:41:10 PM     0    109444      1.00      0.00  kworker/8:2-mm_percpu_wq
07:41:10 PM     0    113933      5.00      0.00  kworker/1:2-mm_percpu_wq
07:41:10 PM     0    114647      1.00      1.00  iostat
07:41:10 PM     0    114648      1.00      0.00  pidstat
07:41:10 PM     0    114649      5.00      0.00  bash
07:41:10 PM     0    114650      8.00      0.00  bash
07:41:10 PM     0    114651      4.00      0.00  bash
07:41:10 PM     0    114653     99.00      0.00  fio
07:41:10 PM     0    114778      1.00      0.00  sleep
07:41:10 PM     0    114789      1.00      0.00  sleep
07:41:10 PM     0    114790      1.00      0.00  sleep

07:41:10 PM   UID       PID   cswch/s nvcswch/s  Command
07:41:11 PM     0        16      1.00      0.00  ksoftirqd/0
07:41:11 PM     0        17     20.00      0.00  rcu_preempt
07:41:11 PM     0        24      1.00      0.00  ksoftirqd/1
07:41:11 PM     0        36      1.00      0.00  ksoftirqd/3
07:41:11 PM     0        42      1.00      0.00  ksoftirqd/4
07:41:11 PM     0        54      1.00      0.00  ksoftirqd/6
07:41:11 PM     0        78      1.00      0.00  ksoftirqd/10
07:41:11 PM     0        84      3.00      0.00  ksoftirqd/11
07:41:11 PM     0        95      2.00      0.00  kcompactd0
07:41:11 PM     0       453      1.00      0.00  multipathd
07:41:11 PM     0     84845      3.00      0.00  kworker/3:1-events
07:41:11 PM     0     87189      3.00      0.00  kworker/0:0-events
07:41:11 PM     0     88171      1.00      0.00  kworker/u24:55-flush-259:1
07:41:11 PM     0     88669      5.00      0.00  kworker/11:1-events
07:41:11 PM     0     88734      3.00      0.00  kworker/7:1-mm_percpu_wq
07:41:11 PM     0     88741      1.00      0.00  kworker/6:2-events
07:41:11 PM     0     88759     12.00      0.00  kworker/2:1-mm_percpu_wq
07:41:11 PM     0     88840      1.00      0.00  kworker/u24:1-events_power_efficient
07:41:11 PM     0     91504      4.00      0.00  kworker/4:1-mm_percpu_wq
07:41:11 PM     0     93573      1.00      0.00  kworker/5:1-mm_percpu_wq
07:41:11 PM     0     98256      3.00      0.00  kworker/u24:2-edac-poller
07:41:11 PM     0    105570      2.00      0.00  kworker/9:1-events
07:41:11 PM     0    106241      1.00      0.00  kworker/10:2-mm_percpu_wq
07:41:11 PM     0    113933      3.00      0.00  kworker/1:2-mm_percpu_wq
07:41:11 PM     0    114647      1.00      0.00  iostat
07:41:11 PM     0    114648      1.00      1.00  pidstat
07:41:11 PM     0    114649      5.00      0.00  bash
07:41:11 PM     0    114650      7.00      0.00  bash
07:41:11 PM     0    114651      4.00      0.00  bash
07:41:11 PM     0    114653     99.00      0.00  fio
07:41:11 PM     0    114793      1.00      0.00  sleep
07:41:11 PM     0    114804      1.00      0.00  sleep
07:41:11 PM     0    114805      1.00      0.00  sleep

07:41:11 PM   UID       PID   cswch/s nvcswch/s  Command
07:41:12 PM     0        17     18.00      0.00  rcu_preempt
07:41:12 PM     0        24      1.00      0.00  ksoftirqd/1
07:41:12 PM     0        36      1.00      0.00  ksoftirqd/3
07:41:12 PM     0        48      1.00      0.00  ksoftirqd/5
07:41:12 PM     0        54      2.00      0.00  ksoftirqd/6
07:41:12 PM     0        84      3.00      0.00  ksoftirqd/11
07:41:12 PM     0        95      2.00      0.00  kcompactd0
07:41:12 PM     0       102      1.00      0.00  irq/9-acpi
07:41:12 PM     0       453      1.00      0.00  multipathd
07:41:12 PM     0     84845      1.00      0.00  kworker/3:1-mm_percpu_wq
07:41:12 PM     0     87189      3.00      0.00  kworker/0:0-events
07:41:12 PM     0     88222      1.00      0.00  kworker/4:3-i915-unordered
07:41:12 PM     0     88669      6.00      0.00  kworker/11:1-events
07:41:12 PM     0     88734      2.00      0.00  kworker/7:1-mm_percpu_wq
07:41:12 PM     0     88741      2.00      0.00  kworker/6:2-events
07:41:12 PM     0     88759     11.00      0.00  kworker/2:1-mm_percpu_wq
07:41:12 PM     0     91504     10.00      0.00  kworker/4:1-pm
07:41:12 PM     0     93573      3.00      0.00  kworker/5:1-mm_percpu_wq
07:41:12 PM     0     98256      2.00      0.00  kworker/u24:2-edac-poller
07:41:12 PM     0    105570      1.00      0.00  kworker/9:1-mm_percpu_wq
07:41:12 PM     0    106241      1.00      0.00  kworker/10:2-mm_percpu_wq
07:41:12 PM     0    109444      1.00      0.00  kworker/8:2-mm_percpu_wq
07:41:12 PM     0    113933      2.00      0.00  kworker/1:2-mm_percpu_wq
07:41:12 PM     0    114647      1.00      0.00  iostat
07:41:12 PM     0    114648      1.00      0.00  pidstat
07:41:12 PM     0    114649      5.00      0.00  bash
07:41:12 PM     0    114650      6.00      0.00  bash
07:41:12 PM     0    114651      4.00      0.00  bash
07:41:12 PM     0    114653     99.00      0.00  fio
07:41:12 PM     0    114808      1.00      0.00  sleep
07:41:12 PM     0    114818      1.00      0.00  sleep
07:41:12 PM     0    114820      1.00      0.00  sleep

07:41:12 PM   UID       PID   cswch/s nvcswch/s  Command
07:41:13 PM     0        16      1.00      0.00  ksoftirqd/0
07:41:13 PM     0        17     20.00      0.00  rcu_preempt
07:41:13 PM     0        72      1.00      0.00  ksoftirqd/9
07:41:13 PM     0        84      1.00      0.00  ksoftirqd/11
07:41:13 PM     0        95      2.00      0.00  kcompactd0
07:41:13 PM     0       187      1.00      0.00  kworker/0:1H-kblockd
07:41:13 PM     0       453      1.00      0.00  multipathd
07:41:13 PM     0       562      3.00      0.00  jbd2/nvme1n1p3-8
07:41:13 PM     0     21554      1.00      0.00  packagekitd
07:41:13 PM     0     84845      3.00      0.00  kworker/3:1-events
07:41:13 PM     0     87189      1.00      0.00  kworker/0:0-mm_percpu_wq
07:41:13 PM     0     88669      2.00      0.00  kworker/11:1-events
07:41:13 PM     0     88734      2.00      0.00  kworker/7:1-mm_percpu_wq
07:41:13 PM     0     88741      2.00      0.00  kworker/6:2-events
07:41:13 PM     0     88759     13.00      0.00  kworker/2:1-events
07:41:13 PM     0     91504      3.00      0.00  kworker/4:1-mm_percpu_wq
07:41:13 PM     0     93573      1.00      0.00  kworker/5:1-events
07:41:13 PM     0     98256      2.00      0.00  kworker/u24:2-edac-poller
07:41:13 PM     0    105570      4.00      0.00  kworker/9:1-events
07:41:13 PM     0    106241      1.00      0.00  kworker/10:2-mm_percpu_wq
07:41:13 PM     0    113933      2.00      0.00  kworker/1:2-events
07:41:13 PM     0    114647      1.00      0.00  iostat
07:41:13 PM     0    114648      1.00      0.00  pidstat
07:41:13 PM     0    114649      5.00      0.00  bash
07:41:13 PM     0    114650      8.00      0.00  bash
07:41:13 PM     0    114651      4.00      0.00  bash
07:41:13 PM     0    114653    100.00      0.00  fio
07:41:13 PM     0    114823      1.00      0.00  sleep
07:41:13 PM     0    114834      1.00      0.00  sleep
07:41:13 PM     0    114835      1.00      0.00  sleep

07:41:13 PM   UID       PID   cswch/s nvcswch/s  Command
07:41:14 PM     0        17     17.00      0.00  rcu_preempt
07:41:14 PM     0        18      1.00      0.00  migration/0
07:41:14 PM     0        23      1.00      0.00  migration/1
07:41:14 PM     0        24      1.00      0.00  ksoftirqd/1
07:41:14 PM     0        29      1.00      0.00  migration/2
07:41:14 PM     0        35      1.00      0.00  migration/3
07:41:14 PM     0        41      1.00      0.00  migration/4
07:41:14 PM     0        42      1.00      0.00  ksoftirqd/4
07:41:14 PM     0        47      1.00      0.00  migration/5
07:41:14 PM     0        48      1.00      0.00  ksoftirqd/5
07:41:14 PM     0        53      1.00      0.00  migration/6
07:41:14 PM     0        59      1.00      0.00  migration/7
07:41:14 PM     0        65      1.00      0.00  migration/8
07:41:14 PM     0        71      2.00      0.00  migration/9
07:41:14 PM     0        77      1.00      0.00  migration/10
07:41:14 PM     0        78      1.00      0.00  ksoftirqd/10
07:41:14 PM     0        83      1.00      0.00  migration/11
07:41:14 PM     0        95      2.00      0.00  kcompactd0
07:41:14 PM     0       453      1.00      0.00  multipathd
07:41:14 PM     0     84845      2.00      0.00  kworker/3:1-events
07:41:14 PM     0     87189      1.00      0.00  kworker/0:0-events
07:41:14 PM     0     88171      1.00      0.00  kworker/u24:55-flush-259:1
07:41:14 PM     0     88669      2.00      0.00  kworker/11:1-events
07:41:14 PM     0     88734      2.00      0.00  kworker/7:1-mm_percpu_wq
07:41:14 PM     0     88741      1.00      0.00  kworker/6:2-mm_percpu_wq
07:41:14 PM     0     88759     11.00      0.00  kworker/2:1-mm_percpu_wq
07:41:14 PM     0     91504      1.00      0.00  kworker/4:1-events
07:41:14 PM     0     93573      4.00      0.00  kworker/5:1-events
07:41:14 PM     0     98256      2.00      0.00  kworker/u24:2-events_unbound
07:41:14 PM     0    105570      1.00      0.00  kworker/9:1-mm_percpu_wq
07:41:14 PM     0    106241      1.00      0.00  kworker/10:2-mm_percpu_wq
07:41:14 PM     0    113933      2.00      0.00  kworker/1:2-events
07:41:14 PM     0    114647      1.00      0.00  iostat
07:41:14 PM     0    114648      1.00      0.00  pidstat
07:41:14 PM     0    114649      5.00      0.00  bash
07:41:14 PM     0    114650      7.00      0.00  bash
07:41:14 PM     0    114651      4.00      0.00  bash
07:41:14 PM     0    114653     99.00      0.00  fio
07:41:14 PM     0    114838      1.00      0.00  sleep
07:41:14 PM     0    114849      1.00      0.00  sleep
07:41:14 PM     0    114850      1.00      0.00  sleep

07:41:14 PM   UID       PID   cswch/s nvcswch/s  Command
07:41:15 PM     0        17     20.00      0.00  rcu_preempt
07:41:15 PM     0        42      1.00      0.00  ksoftirqd/4
07:41:15 PM     0        48      1.00      0.00  ksoftirqd/5
07:41:15 PM     0        54      1.00      0.00  ksoftirqd/6
07:41:15 PM     0        72      1.00      0.00  ksoftirqd/9
07:41:15 PM     0        95      2.00      0.00  kcompactd0
07:41:15 PM     0       188      1.00      0.00  kworker/2:1H-kblockd
07:41:15 PM     0       191      4.00      0.00  kworker/1:1H-kblockd
07:41:15 PM     0       359      3.00      0.00  jbd2/nvme1n1p2-8
07:41:15 PM     0       453      1.00      0.00  multipathd
07:41:15 PM     0     84845      3.00      0.00  kworker/3:1-events
07:41:15 PM     0     87189      1.00      0.00  kworker/0:0-mm_percpu_wq
07:41:15 PM     0     88171      9.00      0.00  kworker/u24:55-writeback
07:41:15 PM     0     88669      1.00      0.00  kworker/11:1-events
07:41:15 PM     0     88734      2.00      0.00  kworker/7:1-mm_percpu_wq
07:41:15 PM     0     88741      1.00      0.00  kworker/6:2-mm_percpu_wq
07:41:15 PM     0     88759     15.00      0.00  kworker/2:1-mm_percpu_wq
07:41:15 PM     0     91504      4.00      0.00  kworker/4:1-mm_percpu_wq
07:41:15 PM     0     93573      1.00      0.00  kworker/5:1-mm_percpu_wq
07:41:15 PM     0     98256      4.00      0.00  kworker/u24:2-edac-poller
07:41:15 PM     0    105570      2.00      0.00  kworker/9:1-events
07:41:15 PM     0    106241      2.00      0.00  kworker/10:2-mm_percpu_wq
07:41:15 PM     0    113933      2.00      0.00  kworker/1:2-events
07:41:15 PM     0    114647      1.00      0.00  iostat
07:41:15 PM     0    114648      1.00      0.00  pidstat
07:41:15 PM     0    114649      5.00      0.00  bash
07:41:15 PM     0    114650      6.00      1.00  bash
07:41:15 PM     0    114651      4.00      0.00  bash
07:41:15 PM     0    114653     99.00      0.00  fio
07:41:15 PM     0    114853      1.00      0.00  sleep
07:41:15 PM     0    114864      1.00      0.00  sleep
07:41:15 PM     0    114865      1.00      0.00  sleep

07:41:15 PM   UID       PID   cswch/s nvcswch/s  Command
07:41:16 PM     0        17     18.00      0.00  rcu_preempt
07:41:16 PM     0        24      1.00      1.00  ksoftirqd/1
07:41:16 PM     0        48      3.00      0.00  ksoftirqd/5
07:41:16 PM     0        78      1.00      0.00  ksoftirqd/10
07:41:16 PM     0        95      2.00      0.00  kcompactd0
07:41:16 PM     0       453      1.00      0.00  multipathd
07:41:16 PM     0     84845      1.00      0.00  kworker/3:1-mm_percpu_wq
07:41:16 PM     0     87189      1.00      0.00  kworker/0:0-events
07:41:16 PM     0     88171      1.00      0.00  kworker/u24:55-writeback
07:41:16 PM     0     88669      2.00      0.00  kworker/11:1-events
07:41:16 PM     0     88734      2.00      0.00  kworker/7:1-mm_percpu_wq
07:41:16 PM     0     88759     11.00      0.00  kworker/2:1-events
07:41:16 PM     0     91504      1.00      0.00  kworker/4:1-mm_percpu_wq
07:41:16 PM     0     93573      5.00      0.00  kworker/5:1-events
07:41:16 PM     0     98256      1.00      0.00  kworker/u24:2-events_unbound
07:41:16 PM     0    105570      2.00      0.00  kworker/9:1-mm_percpu_wq
07:41:16 PM     0    106241      3.00      0.00  kworker/10:2-mm_percpu_wq
07:41:16 PM     0    113933      4.00      0.00  kworker/1:2-mm_percpu_wq
07:41:16 PM     0    114647      1.00      0.00  iostat
07:41:16 PM     0    114648      1.00      0.00  pidstat
07:41:16 PM     0    114649      5.00      0.00  bash
07:41:16 PM     0    114650      8.00      0.00  bash
07:41:16 PM     0    114651      4.00      0.00  bash
07:41:16 PM     0    114653     99.00      0.00  fio
07:41:16 PM     0    114868      1.00      0.00  sleep
07:41:16 PM     0    114878      1.00      0.00  sleep
07:41:16 PM     0    114880      1.00      0.00  sleep

07:41:16 PM   UID       PID   cswch/s nvcswch/s  Command
07:41:17 PM     0        17     19.00      0.00  rcu_preempt
07:41:17 PM     0        36      1.00      0.00  ksoftirqd/3
07:41:17 PM     0        48      1.00      0.00  ksoftirqd/5
07:41:17 PM     0        78      1.00      0.00  ksoftirqd/10
07:41:17 PM     0        95      2.00      0.00  kcompactd0
07:41:17 PM     0       453      1.00      0.00  multipathd
07:41:17 PM     0     84845      4.00      0.00  kworker/3:1-events
07:41:17 PM     0     87189      2.00      0.00  kworker/0:0-mm_percpu_wq
07:41:17 PM     0     88171      2.00      0.00  kworker/u24:55-edac-poller
07:41:17 PM     0     88669      3.00      0.00  kworker/11:1-events
07:41:17 PM     0     88734      1.00      0.00  kworker/7:1-mm_percpu_wq
07:41:17 PM     0     88741      2.00      0.00  kworker/6:2-events
07:41:17 PM     0     88759     13.00      0.00  kworker/2:1-mm_percpu_wq
07:41:17 PM     0     91504      1.00      0.00  kworker/4:1-mm_percpu_wq
07:41:17 PM     0     93573      4.00      0.00  kworker/5:1-events
07:41:17 PM     0     98256      1.00      0.00  kworker/u24:2-events_power_efficient
07:41:17 PM     0    106241      2.00      0.00  kworker/10:2-events
07:41:17 PM     0    113933      2.00      0.00  kworker/1:2-events
07:41:17 PM     0    114647      1.00      0.00  iostat
07:41:17 PM     0    114648      1.00      0.00  pidstat
07:41:17 PM     0    114649      5.00      0.00  bash
07:41:17 PM     0    114650      8.00      0.00  bash
07:41:17 PM     0    114651      4.00      0.00  bash
07:41:17 PM     0    114653     99.00      0.00  fio
07:41:17 PM     0    114883      1.00      0.00  sleep
07:41:17 PM     0    114894      1.00      0.00  sleep
07:41:17 PM     0    114895      1.00      0.00  sleep

07:41:17 PM   UID       PID   cswch/s nvcswch/s  Command
07:41:18 PM     0        17     17.00      0.00  rcu_preempt
07:41:18 PM     0        18      1.00      0.00  migration/0
07:41:18 PM     0        23      1.00      0.00  migration/1
07:41:18 PM     0        24      1.00      0.00  ksoftirqd/1
07:41:18 PM     0        29      1.00      0.00  migration/2
07:41:18 PM     0        35      1.00      0.00  migration/3
07:41:18 PM     0        41      1.00      0.00  migration/4
07:41:18 PM     0        47      1.00      0.00  migration/5
07:41:18 PM     0        53      1.00      0.00  migration/6
07:41:18 PM     0        54      1.00      0.00  ksoftirqd/6
07:41:18 PM     0        59      1.00      0.00  migration/7
07:41:18 PM     0        60      1.00      0.00  ksoftirqd/7
07:41:18 PM     0        65      1.00      0.00  migration/8
07:41:18 PM     0        71      1.00      0.00  migration/9
07:41:18 PM     0        77      2.00      0.00  migration/10
07:41:18 PM     0        83      1.00      0.00  migration/11
07:41:18 PM     0        84      1.00      0.00  ksoftirqd/11
07:41:18 PM     0        95      2.00      0.00  kcompactd0
07:41:18 PM     0       453      1.00      0.00  multipathd
07:41:18 PM     0       562      3.00      0.00  jbd2/nvme1n1p3-8
07:41:18 PM     0     84845      1.00      0.00  kworker/3:1-mm_percpu_wq
07:41:18 PM     0     87189      2.00      0.00  kworker/0:0-events
07:41:18 PM     0     88171      4.00      0.00  kworker/u24:55-edac-poller
07:41:18 PM     0     88669      4.00      0.00  kworker/11:1-events
07:41:18 PM     0     88734      2.00      0.00  kworker/7:1-mm_percpu_wq
07:41:18 PM     0     88741      1.00      0.00  kworker/6:2-events
07:41:18 PM     0     88759     11.00      0.00  kworker/2:1-events
07:41:18 PM     0     91504      1.00      0.00  kworker/4:1-mm_percpu_wq
07:41:18 PM     0    105570      2.00      0.00  kworker/9:1-mm_percpu_wq
07:41:18 PM     0    106241      4.00      0.00  kworker/10:2-events
07:41:18 PM     0    113933      2.00      0.00  kworker/1:2-events
07:41:18 PM     0    114647      1.00      0.00  iostat
07:41:18 PM     0    114648      1.00      0.00  pidstat
07:41:18 PM     0    114649      5.00      0.00  bash
07:41:18 PM     0    114650      8.00      0.00  bash
07:41:18 PM     0    114651      4.00      0.00  bash
07:41:18 PM     0    114653     99.00      0.00  fio
07:41:18 PM     0    114898      1.00      0.00  sleep
07:41:18 PM     0    114909      1.00      0.00  sleep
07:41:18 PM     0    114910      1.00      0.00  sleep

07:41:18 PM   UID       PID   cswch/s nvcswch/s  Command
07:41:19 PM     0        17     17.00      0.00  rcu_preempt
07:41:19 PM     0        35      1.00      0.00  migration/3
07:41:19 PM     0        48      2.00      0.00  ksoftirqd/5
07:41:19 PM     0        72      1.00      0.00  ksoftirqd/9
07:41:19 PM     0        95      2.00      0.00  kcompactd0
07:41:19 PM     0       453      1.00      0.00  multipathd
07:41:19 PM     0     84845      3.00      0.00  kworker/3:1-events
07:41:19 PM     0     87189      1.00      0.00  kworker/0:0-mm_percpu_wq
07:41:19 PM     0     88171      2.00      0.00  kworker/u24:55-edac-poller
07:41:19 PM     0     88669      2.00      0.00  kworker/11:1-events
07:41:19 PM     0     88734      2.00      0.00  kworker/7:1-mm_percpu_wq
07:41:19 PM     0     88741      1.00      0.00  kworker/6:2-mm_percpu_wq
07:41:19 PM     0     88759     11.00      0.00  kworker/2:1-mm_percpu_wq
07:41:19 PM     0     91504      1.00      0.00  kworker/4:1-mm_percpu_wq
07:41:19 PM     0     93573      5.00      0.00  kworker/5:1-events
07:41:19 PM     0    106241      1.00      0.00  kworker/10:2-mm_percpu_wq
07:41:19 PM     0    113933      2.00      0.00  kworker/1:2-events
07:41:19 PM     0    114647      1.00      0.00  iostat
07:41:19 PM     0    114648      1.00      0.00  pidstat
07:41:19 PM     0    114649      5.00      0.00  bash
07:41:19 PM     0    114650      6.00      0.00  bash
07:41:19 PM     0    114651      4.00      0.00  bash
07:41:19 PM     0    114653     99.00      0.00  fio
07:41:19 PM     0    114913      1.00      0.00  sleep
07:41:19 PM     0    114924      1.00      1.00  sleep
07:41:19 PM     0    114925      1.00      0.00  sleep

07:41:19 PM   UID       PID   cswch/s nvcswch/s  Command
07:41:20 PM     0        17     20.00      0.00  rcu_preempt
07:41:20 PM     0        36      1.00      0.00  ksoftirqd/3
07:41:20 PM     0        72      1.00      0.00  ksoftirqd/9
07:41:20 PM     0        95      2.00      0.00  kcompactd0
07:41:20 PM     0       453      1.00      0.00  multipathd
07:41:20 PM     0     84845      1.00      0.00  kworker/3:1-mm_percpu_wq
07:41:20 PM     0     87189      1.00      0.00  kworker/0:0-events
07:41:20 PM     0     88171      1.00      0.00  kworker/u24:55-edac-poller
07:41:20 PM     0     88669      1.00      0.00  kworker/11:1-events
07:41:20 PM     0     88734      2.00      0.00  kworker/7:1-mm_percpu_wq
07:41:20 PM     0     88759     11.00      0.00  kworker/2:1-mm_percpu_wq
07:41:20 PM     0     91504      4.00      0.00  kworker/4:1-mm_percpu_wq
07:41:20 PM     0     93573      2.00      0.00  kworker/5:1-events
07:41:20 PM     0    105570      3.00      0.00  kworker/9:1-events
07:41:20 PM     0    114647      1.00      0.00  iostat
07:41:20 PM     0    114648      1.00      0.00  pidstat
07:41:20 PM     0    114649      5.00      0.00  bash
07:41:20 PM     0    114650      7.00      0.00  bash
07:41:20 PM     0    114651      4.00      0.00  bash
07:41:20 PM     0    114653    100.00      0.00  fio
07:41:20 PM     0    114928      1.00      0.00  sleep
07:41:20 PM     0    114938      1.00      0.00  sleep
07:41:20 PM     0    114940      1.00      0.00  sleep

07:41:20 PM   UID       PID   cswch/s nvcswch/s  Command
07:41:21 PM     0         1      3.00      0.00  systemd
07:41:21 PM     0        17     35.00      0.00  rcu_preempt
07:41:21 PM     0        24      1.00      0.00  ksoftirqd/1
07:41:21 PM     0        36      2.00      0.00  ksoftirqd/3
07:41:21 PM     0        42      1.00      0.00  ksoftirqd/4
07:41:21 PM     0        60      1.00      0.00  ksoftirqd/7
07:41:21 PM     0        83      1.00      0.00  migration/11
07:41:21 PM     0        95      2.00      0.00  kcompactd0
07:41:21 PM     0       188      1.00      0.00  kworker/2:1H-kblockd
07:41:21 PM     0       190      1.00      0.00  kworker/10:1H-kblockd
07:41:21 PM     0       359      3.00      0.00  jbd2/nvme1n1p2-8
07:41:21 PM     0       415      1.00      0.00  systemd-journal
07:41:21 PM     0       453      1.00      0.00  multipathd
07:41:21 PM     0       773      2.00      0.00  sshd
07:41:21 PM     0     84845      4.00      0.00  kworker/3:1-mm_percpu_wq
07:41:21 PM     0     87189      1.00      0.00  kworker/0:0-mm_percpu_wq
07:41:21 PM     0     88171      2.00      0.00  kworker/u24:55-edac-poller
07:41:21 PM     0     88669      3.00      0.00  kworker/11:1-mm_percpu_wq
07:41:21 PM     0     88734      1.00      0.00  kworker/7:1-events
07:41:21 PM     0     88741      1.00      0.00  kworker/6:2-mm_percpu_wq
07:41:21 PM     0     88759     13.00      0.00  kworker/2:1-events
07:41:21 PM     0     91504      3.00      0.00  kworker/4:1-mm_percpu_wq
07:41:21 PM     0     93573      2.00      0.00  kworker/5:1-events
07:41:21 PM     0    105570      1.00      0.00  kworker/9:1-events
07:41:21 PM     0    106241      2.00      0.00  kworker/10:2-mm_percpu_wq
07:41:21 PM     0    113933      8.00      0.00  kworker/1:2-mm_percpu_wq
07:41:21 PM     0    114647      1.00      0.00  iostat
07:41:21 PM     0    114648      1.00      0.00  pidstat
07:41:21 PM     0    114649      5.00      0.00  bash
07:41:21 PM     0    114650      7.00      0.00  bash
07:41:21 PM     0    114651      4.00      0.00  bash
07:41:21 PM     0    114653     99.00      0.00  fio
07:41:21 PM     0    114943      1.00      0.00  sleep
07:41:21 PM     0    114954      1.00      0.00  sleep
07:41:21 PM     0    114955      1.00      0.00  sleep
07:41:21 PM     0    114956     11.00      0.00  sshd
07:41:21 PM   113    114957     11.00      0.00  sshd

07:41:21 PM   UID       PID   cswch/s nvcswch/s  Command
07:41:22 PM     0         1      1.00      0.00  systemd
07:41:22 PM     0        17     23.00      0.00  rcu_preempt
07:41:22 PM     0        18      1.00      0.00  migration/0
07:41:22 PM     0        23      1.00      0.00  migration/1
07:41:22 PM     0        29      1.00      0.00  migration/2
07:41:22 PM     0        35      1.00      0.00  migration/3
07:41:22 PM     0        36      1.00      0.00  ksoftirqd/3
07:41:22 PM     0        41      1.00      0.00  migration/4
07:41:22 PM     0        47      1.00      0.00  migration/5
07:41:22 PM     0        53      1.00      0.00  migration/6
07:41:22 PM     0        59      1.00      0.00  migration/7
07:41:22 PM     0        65      1.00      0.00  migration/8
07:41:22 PM     0        71      1.00      0.00  migration/9
07:41:22 PM     0        72      1.00      0.00  ksoftirqd/9
07:41:22 PM     0        77      1.00      0.00  migration/10
07:41:22 PM     0        83      1.00      0.00  migration/11
07:41:22 PM     0        95      2.00      0.00  kcompactd0
07:41:22 PM     0       415      2.00      0.00  systemd-journal
07:41:22 PM     0       453      1.00      0.00  multipathd
07:41:22 PM     0       773      1.00      0.00  sshd
07:41:22 PM     0     87189      2.00      0.00  kworker/0:0-events
07:41:22 PM     0     88171      1.00      0.00  kworker/u24:55-events_power_efficient
07:41:22 PM     0     88669      3.00      0.00  kworker/11:1-mm_percpu_wq
07:41:22 PM     0     88734      4.00      0.00  kworker/7:1-mm_percpu_wq
07:41:22 PM     0     88759     11.00      0.00  kworker/2:1-mm_percpu_wq
07:41:22 PM     0     91504      2.00      0.00  kworker/4:1-mm_percpu_wq
07:41:22 PM     0     93573      1.00      0.00  kworker/5:1-mm_percpu_wq
07:41:22 PM     0     98256      2.00      0.00  kworker/u24:2-edac-poller
07:41:22 PM     0    105570      3.00      0.00  kworker/9:1-mm_percpu_wq
07:41:22 PM     0    106241      2.00      0.00  kworker/10:2-events
07:41:22 PM     0    109444      1.00      0.00  kworker/8:2-mm_percpu_wq
07:41:22 PM     0    114647      1.00      0.00  iostat
07:41:22 PM     0    114648      1.00      0.00  pidstat
07:41:22 PM     0    114649      5.00      0.00  bash
07:41:22 PM     0    114650      8.00      0.00  bash
07:41:22 PM     0    114651      4.00      0.00  bash
07:41:22 PM     0    114653     99.00      0.00  fio
07:41:22 PM     0    114960      1.00      0.00  sleep
07:41:22 PM     0    114971      1.00      0.00  sleep
07:41:22 PM     0    114972      1.00      0.00  sleep

07:41:22 PM   UID       PID   cswch/s nvcswch/s  Command
07:41:23 PM     0        16      1.00      0.00  ksoftirqd/0
07:41:23 PM     0        17     18.00      0.00  rcu_preempt
07:41:23 PM     0        24      1.00      0.00  ksoftirqd/1
07:41:23 PM     0        36      1.00      0.00  ksoftirqd/3
07:41:23 PM     0        42      2.00      0.00  ksoftirqd/4
07:41:23 PM     0        60      1.00      0.00  ksoftirqd/7
07:41:23 PM     0        95      2.00      0.00  kcompactd0
07:41:23 PM     0       102      1.00      0.00  irq/9-acpi
07:41:23 PM     0       453      2.00      0.00  multipathd
07:41:23 PM     0       562      3.00      0.00  jbd2/nvme1n1p3-8
07:41:23 PM     0     21554      1.00      0.00  packagekitd
07:41:23 PM     0     84845      3.00      0.00  kworker/3:1-events
07:41:23 PM     0     87189      5.00      0.00  kworker/0:0-mm_percpu_wq
07:41:23 PM     0     88222   1133.00      0.00  kworker/4:3-i915-unordered
07:41:23 PM     0     88669      2.00      0.00  kworker/11:1-mm_percpu_wq
07:41:23 PM     0     88734      4.00      0.00  kworker/7:1-mm_percpu_wq
07:41:23 PM     0     88741      1.00      0.00  kworker/6:2-mm_percpu_wq
07:41:23 PM     0     88759     13.00      0.00  kworker/2:1-mm_percpu_wq
07:41:23 PM     0     91504   1141.00      1.00  kworker/4:1-mm_percpu_wq
07:41:23 PM     0     93573      1.00      0.00  kworker/5:1-mm_percpu_wq
07:41:23 PM     0     98256      4.00      0.00  kworker/u24:2-events_unbound
07:41:23 PM     0    106241      2.00      0.00  kworker/10:2-mm_percpu_wq
07:41:23 PM     0    112224      1.00      0.00  kworker/4:2-events
07:41:23 PM     0    113933      5.00      0.00  kworker/1:2-mm_percpu_wq
07:41:23 PM     0    114647      1.00      0.00  iostat
07:41:23 PM     0    114648      1.00      0.00  pidstat
07:41:23 PM     0    114649      5.00      0.00  bash
07:41:23 PM     0    114650      8.00      0.00  bash
07:41:23 PM     0    114651      4.00      0.00  bash
07:41:23 PM     0    114653     99.00      0.00  fio
07:41:23 PM     0    114975      1.00      0.00  sleep
07:41:23 PM     0    114985      1.00      0.00  sleep
07:41:23 PM     0    114987      1.00      0.00  sleep

07:41:23 PM   UID       PID   cswch/s nvcswch/s  Command
07:41:24 PM     0        16      1.00      0.00  ksoftirqd/0
07:41:24 PM     0        17     18.00      0.00  rcu_preempt
07:41:24 PM     0        60      1.00      0.00  ksoftirqd/7
07:41:24 PM     0        72      1.00      0.00  ksoftirqd/9
07:41:24 PM     0        78      1.00      0.00  ksoftirqd/10
07:41:24 PM     0        95      2.00      0.00  kcompactd0
07:41:24 PM     0       453      1.00      0.00  multipathd
07:41:24 PM     0     84845      1.00      0.00  kworker/3:1-mm_percpu_wq
07:41:24 PM     0     87189      3.00      0.00  kworker/0:0-events
07:41:24 PM     0     88222      1.00      0.00  kworker/4:3-events
07:41:24 PM     0     88734      3.00      0.00  kworker/7:1-mm_percpu_wq
07:41:24 PM     0     88741      1.00      0.00  kworker/6:2-mm_percpu_wq
07:41:24 PM     0     88759     11.00      0.00  kworker/2:1-mm_percpu_wq
07:41:24 PM     0     93573      1.00      0.00  kworker/5:1-events
07:41:24 PM     0     98256      1.00      0.00  kworker/u24:2-edac-poller
07:41:24 PM     0    105570      3.00      0.00  kworker/9:1-mm_percpu_wq
07:41:24 PM     0    106241      1.00      0.00  kworker/10:2-mm_percpu_wq
07:41:24 PM     0    109444      1.00      0.00  kworker/8:2-mm_percpu_wq
07:41:24 PM     0    113933      3.00      0.00  kworker/1:2-events
07:41:24 PM     0    114647      1.00      0.00  iostat
07:41:24 PM     0    114648      1.00      1.00  pidstat
07:41:24 PM     0    114649      5.00      0.00  bash
07:41:24 PM     0    114650      8.00      0.00  bash
07:41:24 PM     0    114651      4.00      0.00  bash
07:41:24 PM     0    114653     99.00      0.00  fio
07:41:24 PM     0    114990      1.00      0.00  sleep
07:41:24 PM     0    115001      1.00      0.00  sleep
07:41:24 PM     0    115002      1.00      0.00  sleep

07:41:24 PM   UID       PID   cswch/s nvcswch/s  Command
07:41:25 PM     0        17     18.00      0.00  rcu_preempt
07:41:25 PM     0        48      1.00      0.00  ksoftirqd/5
07:41:25 PM     0        54      1.00      0.00  ksoftirqd/6
07:41:25 PM     0        60      2.00      0.00  ksoftirqd/7
07:41:25 PM     0        78      1.00      0.00  ksoftirqd/10
07:41:25 PM     0        95      2.00      0.00  kcompactd0
07:41:25 PM     0       453      1.00      0.00  multipathd
07:41:25 PM     0     84845      3.00      0.00  kworker/3:1-events
07:41:25 PM     0     87189      2.00      0.00  kworker/0:0-mm_percpu_wq
07:41:25 PM     0     88222      3.00      0.00  kworker/4:3-mm_percpu_wq
07:41:25 PM     0     88669      2.00      0.00  kworker/11:1-mm_percpu_wq
07:41:25 PM     0     88734      3.00      0.00  kworker/7:1-mm_percpu_wq
07:41:25 PM     0     88759     15.00      0.00  kworker/2:1-mm_percpu_wq
07:41:25 PM     0     93573      4.00      0.00  kworker/5:1-events
07:41:25 PM     0     98256      1.00      0.00  kworker/u24:2-events_unbound
07:41:25 PM     0    105570      1.00      0.00  kworker/9:1-events
07:41:25 PM     0    106241      2.00      0.00  kworker/10:2-mm_percpu_wq
07:41:25 PM     0    113933      2.00      0.00  kworker/1:2-events
07:41:25 PM     0    114647      1.00      0.00  iostat
07:41:25 PM     0    114648      1.00      1.00  pidstat
07:41:25 PM     0    114649      5.00      0.00  bash
07:41:25 PM     0    114650      8.00      0.00  bash
07:41:25 PM     0    114651      4.00      0.00  bash
07:41:25 PM     0    114653    100.00      0.00  fio
07:41:25 PM     0    115005      1.00      0.00  sleep
07:41:25 PM     0    115016      1.00      0.00  sleep
07:41:25 PM     0    115017      1.00      0.00  sleep

07:41:25 PM   UID       PID   cswch/s nvcswch/s  Command
07:41:26 PM     0        17     19.00      0.00  rcu_preempt
07:41:26 PM     0        18      1.00      0.00  migration/0
07:41:26 PM     0        23      1.00      0.00  migration/1
07:41:26 PM     0        29      1.00      0.00  migration/2
07:41:26 PM     0        35      1.00      0.00  migration/3
07:41:26 PM     0        36      1.00      0.00  ksoftirqd/3
07:41:26 PM     0        41      1.00      0.00  migration/4
07:41:26 PM     0        47      1.00      0.00  migration/5
07:41:26 PM     0        53      1.00      0.00  migration/6
07:41:26 PM     0        59      1.00      0.00  migration/7
07:41:26 PM     0        60      1.00      0.00  ksoftirqd/7
07:41:26 PM     0        65      1.00      0.00  migration/8
07:41:26 PM     0        71      1.00      0.00  migration/9
07:41:26 PM     0        77      1.00      0.00  migration/10
07:41:26 PM     0        78      1.00      0.00  ksoftirqd/10
07:41:26 PM     0        83      1.00      0.00  migration/11
07:41:26 PM     0        84      1.00      0.00  ksoftirqd/11
07:41:26 PM     0        95      2.00      0.00  kcompactd0
07:41:26 PM     0       453      1.00      0.00  multipathd
07:41:26 PM     0     84845      2.00      0.00  kworker/3:1-events
07:41:26 PM     0     87189      2.00      0.00  kworker/0:0-events
07:41:26 PM     0     88222      3.00      0.00  kworker/4:3-mm_percpu_wq
07:41:26 PM     0     88669      1.00      0.00  kworker/11:1-events
07:41:26 PM     0     88734      1.00      0.00  kworker/7:1-mm_percpu_wq
07:41:26 PM     0     88741      1.00      0.00  kworker/6:2-mm_percpu_wq
07:41:26 PM     0     88759     11.00      0.00  kworker/2:1-events
07:41:26 PM     0     93573      2.00      0.00  kworker/5:1-events
07:41:26 PM     0     98256      3.00      0.00  kworker/u24:2-writeback
07:41:26 PM     0    106241      1.00      0.00  kworker/10:2-events
07:41:26 PM     0    113933      4.00      0.00  kworker/1:2-events
07:41:26 PM     0    114647      1.00      0.00  iostat
07:41:26 PM     0    114648      1.00      1.00  pidstat
07:41:26 PM     0    114649      5.00      1.00  bash
07:41:26 PM     0    114650      7.00      0.00  bash
07:41:26 PM     0    114651      4.00      0.00  bash
07:41:26 PM     0    114653     99.00      0.00  fio
07:41:26 PM     0    115020      1.00      0.00  sleep
07:41:26 PM     0    115031      1.00      0.00  sleep
07:41:26 PM     0    115032      1.00      0.00  sleep

07:41:26 PM   UID       PID   cswch/s nvcswch/s  Command
07:41:27 PM     0         2      1.00      0.00  kthreadd
07:41:27 PM     0        17     18.00      0.00  rcu_preempt
07:41:27 PM     0        72      1.00      0.00  ksoftirqd/9
07:41:27 PM     0        77      1.00      0.00  migration/10
07:41:27 PM     0        84      1.00      0.00  ksoftirqd/11
07:41:27 PM     0        95      2.00      0.00  kcompactd0
07:41:27 PM     0       188      1.00      0.00  kworker/2:1H-kblockd
07:41:27 PM     0       191      4.00      0.00  kworker/1:1H-kblockd
07:41:27 PM     0       453      1.00      0.00  multipathd
07:41:27 PM     0     84845      2.00      0.00  kworker/3:1-events
07:41:27 PM     0     87189      2.00      0.00  kworker/0:0-mm_percpu_wq
07:41:27 PM     0     88171      7.00      0.00  kworker/u24:55-events_power_efficient
07:41:27 PM     0     88222      2.00      0.00  kworker/4:3-mm_percpu_wq
07:41:27 PM     0     88669      3.00      0.00  kworker/11:1-mm_percpu_wq
07:41:27 PM     0     88734      1.00      0.00  kworker/7:1-mm_percpu_wq
07:41:27 PM     0     88741      1.00      0.00  kworker/6:2-events
07:41:27 PM     0     88759     12.00      0.00  kworker/2:1-mm_percpu_wq
07:41:27 PM     0     88840      2.00      0.00  kworker/u24:1-events_power_efficient
07:41:27 PM     0     93573      5.00      0.00  kworker/5:1-mm_percpu_wq
07:41:27 PM     0     98256      3.00      0.00  kworker/u24:2-flush-259:1
07:41:27 PM     0    105570      4.00      0.00  kworker/9:1-mm_percpu_wq
07:41:27 PM     0    106241      4.00      0.00  kworker/10:2-events
07:41:27 PM     0    113933      2.00      0.00  kworker/1:2-events
07:41:27 PM     0    114647      1.00      0.00  iostat
07:41:27 PM     0    114648      1.00      1.00  pidstat
07:41:27 PM     0    114649      5.00      0.00  bash
07:41:27 PM     0    114650      8.00      0.00  bash
07:41:27 PM     0    114651      4.00      0.00  bash
07:41:27 PM     0    114653     99.00      0.00  fio
07:41:27 PM     0    115035      1.00      0.00  sleep
07:41:27 PM     0    115036      5.00      0.00  kworker/u24:0-writeback
07:41:27 PM     0    115047      1.00      0.00  sleep
07:41:27 PM     0    115048      1.00      0.00  sleep

07:41:27 PM   UID       PID   cswch/s nvcswch/s  Command
07:41:28 PM     0        16      1.00      0.00  ksoftirqd/0
07:41:28 PM     0        17     19.00      0.00  rcu_preempt
07:41:28 PM     0        24      1.00      0.00  ksoftirqd/1
07:41:28 PM     0        48      2.00      0.00  ksoftirqd/5
07:41:28 PM     0        78      1.00      0.00  ksoftirqd/10
07:41:28 PM     0        84      1.00      0.00  ksoftirqd/11
07:41:28 PM     0        95      2.00      0.00  kcompactd0
07:41:28 PM     0       172      1.00      0.00  kworker/3:1H-kblockd
07:41:28 PM     0       359      3.00      0.00  jbd2/nvme1n1p2-8
07:41:28 PM     0       453      1.00      0.00  multipathd
07:41:28 PM     0       562      3.00      0.00  jbd2/nvme1n1p3-8
07:41:28 PM     0     84845      2.00      0.00  kworker/3:1-mm_percpu_wq
07:41:28 PM     0     87189      1.00      0.00  kworker/0:0-events
07:41:28 PM     0     88171      2.00      0.00  kworker/u24:55-flush-259:1
07:41:28 PM     0     88222      1.00      0.00  kworker/4:3-mm_percpu_wq
07:41:28 PM     0     88669      3.00      0.00  kworker/11:1-events
07:41:28 PM     0     88734      2.00      0.00  kworker/7:1-mm_percpu_wq
07:41:28 PM     0     88741      2.00      0.00  kworker/6:2-events
07:41:28 PM     0     88759     10.00      0.00  kworker/2:1-mm_percpu_wq
07:41:28 PM     0     93573      3.00      0.00  kworker/5:1-events
07:41:28 PM     0    106241      4.00      0.00  kworker/10:2-mm_percpu_wq
07:41:28 PM     0    114647      1.00      0.00  iostat
07:41:28 PM     0    114648      1.00      1.00  pidstat
07:41:28 PM     0    114649      5.00      0.00  bash
07:41:28 PM     0    114650      6.00      0.00  bash
07:41:28 PM     0    114651      4.00      0.00  bash
07:41:28 PM     0    114653     99.00      0.00  fio
07:41:28 PM     0    115051      1.00      0.00  sleep
07:41:28 PM     0    115062      1.00      0.00  sleep
07:41:28 PM     0    115063      1.00      0.00  sleep

07:41:28 PM   UID       PID   cswch/s nvcswch/s  Command
07:41:29 PM     0        17     16.00      0.00  rcu_preempt
07:41:29 PM     0        48      2.00      0.00  ksoftirqd/5
07:41:29 PM     0        54      1.00      0.00  ksoftirqd/6
07:41:29 PM     0        78      2.00      0.00  ksoftirqd/10
07:41:29 PM     0        83      1.00      0.00  migration/11
07:41:29 PM     0        95      2.00      0.00  kcompactd0
07:41:29 PM     0       453      1.00      0.00  multipathd
07:41:29 PM     0     84845      1.00      0.00  kworker/3:1-events
07:41:29 PM     0     87189      2.00      0.00  kworker/0:0-mm_percpu_wq
07:41:29 PM     0     88171      2.00      0.00  kworker/u24:55-events_unbound
07:41:29 PM     0     88222      1.00      0.00  kworker/4:3-mm_percpu_wq
07:41:29 PM     0     88669      1.00      0.00  kworker/11:1-mm_percpu_wq
07:41:29 PM     0     88734      3.00      0.00  kworker/7:1-mm_percpu_wq
07:41:29 PM     0     88741      2.00      0.00  kworker/6:2-events
07:41:29 PM     0     88759     13.00      0.00  kworker/2:1-events
07:41:29 PM     0     93573      5.00      0.00  kworker/5:1-events
07:41:29 PM     0    105570      3.00      0.00  kworker/9:1-mm_percpu_wq
07:41:29 PM     0    106241      2.00      0.00  kworker/10:2-events
07:41:29 PM     0    113933      4.00      0.00  kworker/1:2-mm_percpu_wq
07:41:29 PM     0    114647      1.00      0.00  iostat
07:41:29 PM     0    114648      1.00      1.00  pidstat
07:41:29 PM     0    114649      5.00      0.00  bash
07:41:29 PM     0    114650      8.00      0.00  bash
07:41:29 PM     0    114651      4.00      0.00  bash
07:41:29 PM     0    114653     99.00      0.00  fio
07:41:29 PM     0    115066      1.00      0.00  sleep
07:41:29 PM     0    115077      1.00      0.00  sleep
07:41:29 PM     0    115078      1.00      0.00  sleep

07:41:29 PM   UID       PID   cswch/s nvcswch/s  Command
07:41:30 PM     0        17     22.00      0.00  rcu_preempt
07:41:30 PM     0        18      1.00      0.00  migration/0
07:41:30 PM     0        23      1.00      0.00  migration/1
07:41:30 PM     0        29      1.00      0.00  migration/2
07:41:30 PM     0        35      1.00      0.00  migration/3
07:41:30 PM     0        41      1.00      0.00  migration/4
07:41:30 PM     0        47      1.00      0.00  migration/5
07:41:30 PM     0        53      1.00      0.00  migration/6
07:41:30 PM     0        54      1.00      0.00  ksoftirqd/6
07:41:30 PM     0        59      1.00      0.00  migration/7
07:41:30 PM     0        60      2.00      0.00  ksoftirqd/7
07:41:30 PM     0        65      1.00      0.00  migration/8
07:41:30 PM     0        71      1.00      0.00  migration/9
07:41:30 PM     0        72      2.00      0.00  ksoftirqd/9
07:41:30 PM     0        77      1.00      0.00  migration/10
07:41:30 PM     0        78      1.00      0.00  ksoftirqd/10
07:41:30 PM     0        83      1.00      0.00  migration/11
07:41:30 PM     0        84      1.00      0.00  ksoftirqd/11
07:41:30 PM     0        95      2.00      0.00  kcompactd0
07:41:30 PM     0       453      1.00      0.00  multipathd
07:41:30 PM     0     84845      1.00      0.00  kworker/3:1-mm_percpu_wq
07:41:30 PM     0     87189      1.00      0.00  kworker/0:0-events
07:41:30 PM     0     88171      2.00      0.00  kworker/u24:55-events_power_efficient
07:41:30 PM     0     88222      1.00      0.00  kworker/4:3-mm_percpu_wq
07:41:30 PM     0     88669      2.00      0.00  kworker/11:1-events
07:41:30 PM     0     88734      3.00      0.00  kworker/7:1-mm_percpu_wq
07:41:30 PM     0     88741      1.00      0.00  kworker/6:2-events
07:41:30 PM     0     88759     11.00      0.00  kworker/2:1-mm_percpu_wq
07:41:30 PM     0     93573      4.00      0.00  kworker/5:1-events
07:41:30 PM     0    105570      1.00      0.00  kworker/9:1-events
07:41:30 PM     0    106241      2.00      0.00  kworker/10:2-events
07:41:30 PM     0    113933      1.00      0.00  kworker/1:2-events
07:41:30 PM     0    114647      1.00      0.00  iostat
07:41:30 PM     0    114648      1.00      1.00  pidstat
07:41:30 PM     0    114649      5.00      0.00  bash
07:41:30 PM     0    114650      8.00      0.00  bash
07:41:30 PM     0    114651      4.00      0.00  bash
07:41:30 PM     0    114653     99.00      0.00  fio
07:41:30 PM     0    115036      2.00      0.00  kworker/u24:0-events_unbound
07:41:30 PM     0    115081      1.00      0.00  sleep
07:41:30 PM     0    115092      1.00      0.00  sleep
07:41:30 PM     0    115093      1.00      0.00  sleep

07:41:30 PM   UID       PID   cswch/s nvcswch/s  Command
07:41:31 PM     0        17     19.00      0.00  rcu_preempt
07:41:31 PM     0        54      2.00      1.00  ksoftirqd/6
07:41:31 PM     0        72      1.00      0.00  ksoftirqd/9
07:41:31 PM     0        84      3.00      0.00  ksoftirqd/11
07:41:31 PM     0        95      2.00      0.00  kcompactd0
07:41:31 PM     0       453      1.00      0.00  multipathd
07:41:31 PM     0     84845      2.00      0.00  kworker/3:1-events
07:41:31 PM     0     87189      2.00      0.00  kworker/0:0-mm_percpu_wq
07:41:31 PM     0     88222      2.00      0.00  kworker/4:3-events
07:41:31 PM     0     88669      4.00      0.00  kworker/11:1-events
07:41:31 PM     0     88734      1.00      0.00  kworker/7:1-mm_percpu_wq
07:41:31 PM     0     88741      4.00      0.00  kworker/6:2-events
07:41:31 PM     0     88759     14.00      0.00  kworker/2:1-events
07:41:31 PM     0     93573      2.00      0.00  kworker/5:1-events
07:41:31 PM     0    105570      2.00      0.00  kworker/9:1-mm_percpu_wq
07:41:31 PM     0    106241      1.00      0.00  kworker/10:2-mm_percpu_wq
07:41:31 PM     0    113933      5.00      0.00  kworker/1:2-mm_percpu_wq
07:41:31 PM     0    114647      1.00      0.00  iostat
07:41:31 PM     0    114648      1.00      1.00  pidstat
07:41:31 PM     0    114649      5.00      0.00  bash
07:41:31 PM     0    114650      8.00      0.00  bash
07:41:31 PM     0    114651      4.00      0.00  bash
07:41:31 PM     0    114653     99.00      0.00  fio
07:41:31 PM     0    115036      2.00      0.00  kworker/u24:0-events_unbound
07:41:31 PM     0    115096      1.00      0.00  sleep
07:41:31 PM     0    115107      1.00      0.00  sleep
07:41:31 PM     0    115108      1.00      0.00  sleep

07:41:31 PM   UID       PID   cswch/s nvcswch/s  Command
07:41:32 PM     0        17     17.00      0.00  rcu_preempt
07:41:32 PM     0        18      1.00      0.00  migration/0
07:41:32 PM     0        60      1.00      0.00  ksoftirqd/7
07:41:32 PM     0        72      1.00      0.00  ksoftirqd/9
07:41:32 PM     0        77      1.00      0.00  migration/10
07:41:32 PM     0        84      1.00      0.00  ksoftirqd/11
07:41:32 PM     0        95      2.00      0.00  kcompactd0
07:41:32 PM     0       453      1.00      0.00  multipathd
07:41:32 PM     0     21554      1.00      0.00  packagekitd
07:41:32 PM     0     84845      1.00      0.00  kworker/3:1-mm_percpu_wq
07:41:32 PM     0     87189      1.00      0.00  kworker/0:0-events
07:41:32 PM     0     88171      1.00      0.00  kworker/u24:55-events_power_efficient
07:41:32 PM     0     88222      1.00      0.00  kworker/4:3-mm_percpu_wq
07:41:32 PM     0     88669      4.00      0.00  kworker/11:1-events
07:41:32 PM     0     88734      2.00      0.00  kworker/7:1-mm_percpu_wq
07:41:32 PM     0     88741      1.00      0.00  kworker/6:2-events
07:41:32 PM     0     88759     10.00      0.00  kworker/2:1-mm_percpu_wq
07:41:32 PM     0     93573      1.00      0.00  kworker/5:1-events
07:41:32 PM     0    105570      3.00      0.00  kworker/9:1-events
07:41:32 PM     0    106241      1.00      0.00  kworker/10:2-mm_percpu_wq
07:41:32 PM     0    113933      3.00      0.00  kworker/1:2-mm_percpu_wq
07:41:32 PM     0    114647      1.00      0.00  iostat
07:41:32 PM     0    114648      1.00      1.00  pidstat
07:41:32 PM     0    114649      5.00      0.00  bash
07:41:32 PM     0    114650      8.00      0.00  bash
07:41:32 PM     0    114651      4.00      0.00  bash
07:41:32 PM     0    114653    100.00      0.00  fio
07:41:32 PM     0    115036      2.00      0.00  kworker/u24:0-events_power_efficient
07:41:32 PM     0    115111      1.00      0.00  sleep
07:41:32 PM     0    115121      1.00      0.00  sleep
07:41:32 PM     0    115123      1.00      0.00  sleep

07:41:32 PM   UID       PID   cswch/s nvcswch/s  Command
07:41:33 PM     0        16      1.00      0.00  ksoftirqd/0
07:41:33 PM     0        17     16.00      0.00  rcu_preempt
07:41:33 PM     0        48      1.00      0.00  ksoftirqd/5
07:41:33 PM     0        84      1.00      0.00  ksoftirqd/11
07:41:33 PM     0        95      2.00      0.00  kcompactd0
07:41:33 PM     0       188      1.00      0.00  kworker/2:1H-kblockd
07:41:33 PM     0       453      1.00      0.00  multipathd
07:41:33 PM     0       562      3.00      0.00  jbd2/nvme1n1p3-8
07:41:33 PM     0     84845      2.00      0.00  kworker/3:1-events
07:41:33 PM     0     87189      3.00      0.00  kworker/0:0-mm_percpu_wq
07:41:33 PM     0     88171      5.00      0.00  kworker/u24:55-ext4-rsv-conversion
07:41:33 PM     0     88222      2.00      0.00  kworker/4:3-mm_percpu_wq
07:41:33 PM     0     88669      3.00      0.00  kworker/11:1-events
07:41:33 PM     0     88734      1.00      0.00  kworker/7:1-mm_percpu_wq
07:41:33 PM     0     88741      1.00      0.00  kworker/6:2-mm_percpu_wq
07:41:33 PM     0     88759     13.00      0.00  kworker/2:1-mm_percpu_wq
07:41:33 PM     0     93573      3.00      0.00  kworker/5:1-events
07:41:33 PM     0    105570      2.00      0.00  kworker/9:1-mm_percpu_wq
07:41:33 PM     0    113933      4.00      0.00  kworker/1:2-mm_percpu_wq
07:41:33 PM     0    114647      1.00      0.00  iostat
07:41:33 PM     0    114648      1.00      0.00  pidstat
07:41:33 PM     0    114649      5.00      0.00  bash
07:41:33 PM     0    114650      7.00      0.00  bash
07:41:33 PM     0    114651      4.00      0.00  bash
07:41:33 PM     0    114653     99.00      0.00  fio
07:41:33 PM     0    115126      1.00      0.00  sleep
07:41:33 PM     0    115137      1.00      0.00  sleep
07:41:33 PM     0    115138      1.00      0.00  sleep

07:41:33 PM   UID       PID   cswch/s nvcswch/s  Command
07:41:34 PM     0         2      1.00      0.00  kthreadd
07:41:34 PM     0        16      1.00      0.00  ksoftirqd/0
07:41:34 PM     0        17     18.00      0.00  rcu_preempt
07:41:34 PM     0        18      1.00      0.00  migration/0
07:41:34 PM     0        23      1.00      0.00  migration/1
07:41:34 PM     0        24      1.00      0.00  ksoftirqd/1
07:41:34 PM     0        29      1.00      0.00  migration/2
07:41:34 PM     0        35      1.00      0.00  migration/3
07:41:34 PM     0        36      1.00      0.00  ksoftirqd/3
07:41:34 PM     0        41      1.00      0.00  migration/4
07:41:34 PM     0        47      1.00      0.00  migration/5
07:41:34 PM     0        53      1.00      0.00  migration/6
07:41:34 PM     0        59      1.00      0.00  migration/7
07:41:34 PM     0        60      1.00      0.00  ksoftirqd/7
07:41:34 PM     0        65      1.00      0.00  migration/8
07:41:34 PM     0        71      1.00      0.00  migration/9
07:41:34 PM     0        72      1.00      0.00  ksoftirqd/9
07:41:34 PM     0        77      1.00      0.00  migration/10
07:41:34 PM     0        83      1.00      0.00  migration/11
07:41:34 PM     0        84      2.00      0.00  ksoftirqd/11
07:41:34 PM     0        95      2.00      0.00  kcompactd0
07:41:34 PM     0       102      1.00      0.00  irq/9-acpi
07:41:34 PM     0       187      1.00      0.00  kworker/0:1H-kblockd
07:41:34 PM     0       453      1.00      0.00  multipathd
07:41:34 PM     0     84845      1.00      0.00  kworker/3:1-mm_percpu_wq
07:41:34 PM     0     87189      4.00      0.00  kworker/0:0-events
07:41:34 PM     0     88171      3.00      0.00  kworker/u24:55-edac-poller
07:41:34 PM     0     88222      1.00      0.00  kworker/4:3-mm_percpu_wq
07:41:34 PM     0     88669      3.00      0.00  kworker/11:1-events
07:41:34 PM     0     88734      1.00      0.00  kworker/7:1-mm_percpu_wq
07:41:34 PM     0     88741      2.00      0.00  kworker/6:2-events
07:41:34 PM     0     88759     12.00      0.00  kworker/2:1-events
07:41:34 PM     0     93573      3.00      0.00  kworker/5:1-events
07:41:34 PM     0     97923      2.00      0.00  kworker/10:1-mm_percpu_wq
07:41:34 PM     0    106241      8.00      0.00  kworker/10:2-mm_percpu_wq
07:41:34 PM     0    113933      1.00      0.00  kworker/1:2-mm_percpu_wq
07:41:34 PM     0    114647      1.00      0.00  iostat
07:41:34 PM     0    114648      1.00      1.00  pidstat
07:41:34 PM     0    114649      5.00      0.00  bash
07:41:34 PM     0    114650      8.00      0.00  bash
07:41:34 PM     0    114651      4.00      0.00  bash
07:41:34 PM     0    114653     99.00      0.00  fio
07:41:34 PM     0    115141      1.00      0.00  sleep
07:41:34 PM     0    115142      3.00      0.00  kworker/10:0-i915-unordered
07:41:34 PM     0    115153      1.00      0.00  sleep
07:41:34 PM     0    115154      1.00      0.00  sleep

07:41:34 PM   UID       PID   cswch/s nvcswch/s  Command
07:41:35 PM     0        17     17.00      0.00  rcu_preempt
07:41:35 PM     0        95      2.00      0.00  kcompactd0
07:41:35 PM     0       453      1.00      0.00  multipathd
07:41:35 PM     0     84845      2.00      0.00  kworker/3:1-events
07:41:35 PM     0     87189      2.00      0.00  kworker/0:0-mm_percpu_wq
07:41:35 PM     0     88171      1.00      0.00  kworker/u24:55-edac-poller
07:41:35 PM     0     88222      3.00      0.00  kworker/4:3-mm_percpu_wq
07:41:35 PM     0     88669      2.00      0.00  kworker/11:1-events
07:41:35 PM     0     88734      1.00      0.00  kworker/7:1-events
07:41:35 PM     0     88741      1.00      0.00  kworker/6:2-events
07:41:35 PM     0     88759     13.00      0.00  kworker/2:1-mm_percpu_wq
07:41:35 PM     0     93573      1.00      0.00  kworker/5:1-mm_percpu_wq
07:41:35 PM     0    105570      3.00      0.00  kworker/9:1-mm_percpu_wq
07:41:35 PM     0    113933      3.00      0.00  kworker/1:2-mm_percpu_wq
07:41:35 PM     0    114647      1.00      0.00  iostat
07:41:35 PM     0    114648      1.00      1.00  pidstat
07:41:35 PM     0    114649      4.00      0.00  bash
07:41:35 PM     0    114650      8.00      0.00  bash
07:41:35 PM     0    114651      4.00      0.00  bash
07:41:35 PM     0    114653     99.00      0.00  fio
07:41:35 PM     0    115157      1.00      0.00  sleep
07:41:35 PM     0    115168      1.00      0.00  sleep
07:41:35 PM     0    115169      1.00      0.00  sleep

07:41:35 PM   UID       PID   cswch/s nvcswch/s  Command
07:41:36 PM     0        17     17.00      0.00  rcu_preempt
07:41:36 PM     0        24      1.00      0.00  ksoftirqd/1
07:41:36 PM     0        42      2.00      0.00  ksoftirqd/4
07:41:36 PM     0        72      1.00      0.00  ksoftirqd/9
07:41:36 PM     0        84      1.00      0.00  ksoftirqd/11
07:41:36 PM     0        95      2.00      0.00  kcompactd0
07:41:36 PM     0       453      1.00      0.00  multipathd
07:41:36 PM     0     84845      1.00      0.00  kworker/3:1-mm_percpu_wq
07:41:36 PM     0     87189      1.00      0.00  kworker/0:0-events
07:41:36 PM     0     88171      1.00      0.00  kworker/u24:55-events_unbound
07:41:36 PM     0     88222      4.00      0.00  kworker/4:3-mm_percpu_wq
07:41:36 PM     0     88669      4.00      0.00  kworker/11:1-events
07:41:36 PM     0     88734      3.00      0.00  kworker/7:1-xfs-sync/nvme0n1p2
07:41:36 PM     0     88741      1.00      0.00  kworker/6:2-mm_percpu_wq
07:41:36 PM     0     88759     12.00      0.00  kworker/2:1-events
07:41:36 PM     0    105570      1.00      0.00  kworker/9:1-events
07:41:36 PM     0    106241      3.00      0.00  kworker/10:2-mm_percpu_wq
07:41:36 PM     0    113933      1.00      0.00  kworker/1:2-events
07:41:36 PM     0    114647      1.00      0.00  iostat
07:41:36 PM     0    114648      1.00      1.00  pidstat
07:41:36 PM     0    114649      5.00      0.00  bash
07:41:36 PM     0    114650      7.00      0.00  bash
07:41:36 PM     0    114651      4.00      0.00  bash
07:41:36 PM     0    114653     99.00      0.00  fio
07:41:36 PM     0    115036      1.00      0.00  kworker/u24:0-events_power_efficient
07:41:36 PM     0    115172      1.00      0.00  sleep
07:41:36 PM     0    115183      1.00      0.00  sleep
07:41:36 PM     0    115184      1.00      0.00  sleep

07:41:36 PM   UID       PID   cswch/s nvcswch/s  Command
07:41:37 PM     0         1      1.00      0.00  systemd
07:41:37 PM     0        16      1.00      0.00  ksoftirqd/0
07:41:37 PM     0        17     22.00      0.00  rcu_preempt
07:41:37 PM     0        36      1.00      0.00  ksoftirqd/3
07:41:37 PM     0        42      1.00      0.00  ksoftirqd/4
07:41:37 PM     0        48      1.00      0.00  ksoftirqd/5
07:41:37 PM     0        95      2.00      0.00  kcompactd0
07:41:37 PM     0       453      1.00      0.00  multipathd
07:41:37 PM     0       463      1.00      0.00  systemd-udevd
07:41:37 PM     0       643      1.00      0.00  systemd-logind
07:41:37 PM     0     84845      2.00      0.00  kworker/3:1-events
07:41:37 PM     0     87189      3.00      0.00  kworker/0:0-mm_percpu_wq
07:41:37 PM     0     88222      7.00      0.00  kworker/4:3-mm_percpu_wq
07:41:37 PM     0     88669      2.00      0.00  kworker/11:1-mm_percpu_wq
07:41:37 PM     0     88734      2.00      0.00  kworker/7:1-mm_percpu_wq
07:41:37 PM     0     88741      1.00      0.00  kworker/6:2-events
07:41:37 PM     0     88759     12.00      0.00  kworker/2:1-mm_percpu_wq
07:41:37 PM     0     93573      1.00      0.00  kworker/5:1-mm_percpu_wq
07:41:37 PM     0    105570      2.00      0.00  kworker/9:1-events
07:41:37 PM     0    113933      4.00      0.00  kworker/1:2-mm_percpu_wq
07:41:37 PM     0    114647      1.00      0.00  iostat
07:41:37 PM     0    114648      1.00      1.00  pidstat
07:41:37 PM     0    114649      5.00      0.00  bash
07:41:37 PM     0    114650      8.00      0.00  bash
07:41:37 PM     0    114651      4.00      0.00  bash
07:41:37 PM     0    114653     99.00      0.00  fio
07:41:37 PM     0    115036      1.00      0.00  kworker/u24:0-edac-poller
07:41:37 PM     0    115187      1.00      0.00  sleep
07:41:37 PM     0    115198      1.00      0.00  sleep
07:41:37 PM     0    115199      1.00      0.00  sleep

07:41:37 PM   UID       PID   cswch/s nvcswch/s  Command
07:41:38 PM     0        16      1.00      0.00  ksoftirqd/0
07:41:38 PM     0        17     17.00      0.00  rcu_preempt
07:41:38 PM     0        18      1.00      0.00  migration/0
07:41:38 PM     0        23      1.00      0.00  migration/1
07:41:38 PM     0        29      1.00      0.00  migration/2
07:41:38 PM     0        35      1.00      0.00  migration/3
07:41:38 PM     0        41      2.00      0.00  migration/4
07:41:38 PM     0        42      1.00      0.00  ksoftirqd/4
07:41:38 PM     0        47      1.00      0.00  migration/5
07:41:38 PM     0        48      1.00      0.00  ksoftirqd/5
07:41:38 PM     0        53      1.00      0.00  migration/6
07:41:38 PM     0        59      1.00      0.00  migration/7
07:41:38 PM     0        65      1.00      0.00  migration/8
07:41:38 PM     0        71      1.00      0.00  migration/9
07:41:38 PM     0        77      1.00      0.00  migration/10
07:41:38 PM     0        83      1.00      0.00  migration/11
07:41:38 PM     0        95      2.00      0.00  kcompactd0
07:41:38 PM     0       453      1.00      0.00  multipathd
07:41:38 PM     0       562      3.00      0.00  jbd2/nvme1n1p3-8
07:41:38 PM     0     84845      1.00      0.00  kworker/3:1-mm_percpu_wq
07:41:38 PM     0     87189      3.00      0.00  kworker/0:0-events
07:41:38 PM     0     88171      3.00      0.00  kworker/u24:55-events_unbound
07:41:38 PM     0     88222      2.00      0.00  kworker/4:3-mm_percpu_wq
07:41:38 PM     0     88734      2.00      0.00  kworker/7:1-mm_percpu_wq
07:41:38 PM     0     88741      2.00      0.00  kworker/6:2-events
07:41:38 PM     0     88759     11.00      0.00  kworker/2:1-mm_percpu_wq
07:41:38 PM     0    105570      1.00      0.00  kworker/9:1-events
07:41:38 PM     0    106241      3.00      0.00  kworker/10:2-events
07:41:38 PM     0    113933      1.00      0.00  kworker/1:2-events
07:41:38 PM     0    114647      1.00      0.00  iostat
07:41:38 PM     0    114648      1.00      0.00  pidstat
07:41:38 PM     0    114649      5.00      0.00  bash
07:41:38 PM     0    114650      6.00      0.00  bash
07:41:38 PM     0    114651      4.00      0.00  bash
07:41:38 PM     0    114653     99.00      0.00  fio
07:41:38 PM     0    115036      1.00      0.00  kworker/u24:0-events_power_efficient
07:41:38 PM     0    115202      1.00      0.00  sleep
07:41:38 PM     0    115213      1.00      1.00  sleep
07:41:38 PM     0    115214      1.00      0.00  sleep

07:41:38 PM   UID       PID   cswch/s nvcswch/s  Command
07:41:39 PM     0        16      1.00      0.00  ksoftirqd/0
07:41:39 PM     0        17     21.00      0.00  rcu_preempt
07:41:39 PM     0        24      1.00      0.00  ksoftirqd/1
07:41:39 PM     0        35      1.00      0.00  migration/3
07:41:39 PM     0        36      1.00      0.00  ksoftirqd/3
07:41:39 PM     0        42      1.00      0.00  ksoftirqd/4
07:41:39 PM     0        54      1.00      0.00  ksoftirqd/6
07:41:39 PM     0        77      1.00      0.00  migration/10
07:41:39 PM     0        95      2.00      0.00  kcompactd0
07:41:39 PM     0       453      1.00      0.00  multipathd
07:41:39 PM     0     84845      2.00      0.00  kworker/3:1-events
07:41:39 PM     0     87189      3.00      0.00  kworker/0:0-mm_percpu_wq
07:41:39 PM     0     88171      1.00      0.00  kworker/u24:55-flush-259:1
07:41:39 PM     0     88222      3.00      0.00  kworker/4:3-mm_percpu_wq
07:41:39 PM     0     88669      2.00      0.00  kworker/11:1-mm_percpu_wq
07:41:39 PM     0     88734      2.00      0.00  kworker/7:1-mm_percpu_wq
07:41:39 PM     0     88741      2.00      0.00  kworker/6:2-events
07:41:39 PM     0     88759     15.00      0.00  kworker/2:1-events
07:41:39 PM     0     93573      1.00      0.00  kworker/5:1-mm_percpu_wq
07:41:39 PM     0    106241      5.00      0.00  kworker/10:2-mm_percpu_wq
07:41:39 PM     0    113933      3.00      0.00  kworker/1:2-mm_percpu_wq
07:41:39 PM     0    114647      1.00      0.00  iostat
07:41:39 PM     0    114648      1.00      0.00  pidstat
07:41:39 PM     0    114649      5.00      0.00  bash
07:41:39 PM     0    114650      7.00      0.00  bash
07:41:39 PM     0    114651      4.00      0.00  bash
07:41:39 PM     0    114653    100.00      0.00  fio
07:41:39 PM     0    115036      3.00      0.00  kworker/u24:0-edac-poller
07:41:39 PM     0    115217      1.00      0.00  sleep
07:41:39 PM     0    115228      1.00      0.00  sleep
07:41:39 PM     0    115229      1.00      0.00  sleep

07:41:39 PM   UID       PID   cswch/s nvcswch/s  Command
07:41:40 PM     0        16      1.00      0.00  ksoftirqd/0
07:41:40 PM     0        17     18.00      0.00  rcu_preempt
07:41:40 PM     0        24      1.00      0.00  ksoftirqd/1
07:41:40 PM     0        36      1.00      0.00  ksoftirqd/3
07:41:40 PM     0        48      1.00      0.00  ksoftirqd/5
07:41:40 PM     0        54      1.00      0.00  ksoftirqd/6
07:41:40 PM     0        78      1.00      0.00  ksoftirqd/10
07:41:40 PM     0        95      2.00      0.00  kcompactd0
07:41:40 PM     0       188      1.00      0.00  kworker/2:1H-kblockd
07:41:40 PM     0       453      1.00      0.00  multipathd
07:41:40 PM     0     84845      1.00      0.00  kworker/3:1-mm_percpu_wq
07:41:40 PM     0     87189      4.00      0.00  kworker/0:0-events
07:41:40 PM     0     88222      1.00      0.00  kworker/4:3-mm_percpu_wq
07:41:40 PM     0     88734      1.00      0.00  kworker/7:1-mm_percpu_wq
07:41:40 PM     0     88741      2.00      0.00  kworker/6:2-events
07:41:40 PM     0     88759     11.00      0.00  kworker/2:1-mm_percpu_wq
07:41:40 PM     0     93573      1.00      0.00  kworker/5:1-mm_percpu_wq
07:41:40 PM     0    105570      3.00      0.00  kworker/9:1-events
07:41:40 PM     0    106241      4.00      0.00  kworker/10:2-mm_percpu_wq
07:41:40 PM     0    113933      1.00      0.00  kworker/1:2-mm_percpu_wq
07:41:40 PM     0    114647      1.00      0.00  iostat
07:41:40 PM     0    114648      1.00      0.00  pidstat
07:41:40 PM     0    114649      5.00      0.00  bash
07:41:40 PM     0    114650      8.00      0.00  bash
07:41:40 PM     0    114651      4.00      0.00  bash
07:41:40 PM     0    114653     99.00      0.00  fio
07:41:40 PM     0    115036      2.00      0.00  kworker/u24:0-events_unbound
07:41:40 PM     0    115232      1.00      0.00  sleep
07:41:40 PM     0    115243      1.00      0.00  sleep
07:41:40 PM     0    115244      1.00      0.00  sleep

07:41:40 PM   UID       PID   cswch/s nvcswch/s  Command
07:41:41 PM     0        17     16.00      0.00  rcu_preempt
07:41:41 PM     0        42      2.00      0.00  ksoftirqd/4
07:41:41 PM     0        48      2.00      0.00  ksoftirqd/5
07:41:41 PM     0        95      2.00      0.00  kcompactd0
07:41:41 PM     0       453      1.00      0.00  multipathd
07:41:41 PM     0     84845      2.00      0.00  kworker/3:1-events
07:41:41 PM     0     87189      2.00      0.00  kworker/0:0-mm_percpu_wq
07:41:41 PM     0     88222      2.00      0.00  kworker/4:3-mm_percpu_wq
07:41:41 PM     0     88669      1.00      0.00  kworker/11:1-mm_percpu_wq
07:41:41 PM     0     88734      1.00      0.00  kworker/7:1-mm_percpu_wq
07:41:41 PM     0     88741      1.00      0.00  kworker/6:2-mm_percpu_wq
07:41:41 PM     0     88759     15.00      0.00  kworker/2:1-events
07:41:41 PM     0     93573      4.00      0.00  kworker/5:1-events
07:41:41 PM     0    105570      1.00      0.00  kworker/9:1-events
07:41:41 PM     0    106241      1.00      0.00  kworker/10:2-events
07:41:41 PM     0    113933      3.00      0.00  kworker/1:2-mm_percpu_wq
07:41:41 PM     0    114647      1.00      0.00  iostat
07:41:41 PM     0    114648      1.00      0.00  pidstat
07:41:41 PM     0    114649      5.00      0.00  bash
07:41:41 PM     0    114650      7.00      1.00  bash
07:41:41 PM     0    114651      4.00      0.00  bash
07:41:41 PM     0    114653     99.00      0.00  fio
07:41:41 PM     0    115036      1.00      0.00  kworker/u24:0-edac-poller
07:41:41 PM     0    115247      1.00      0.00  sleep
07:41:41 PM     0    115258      1.00      0.00  sleep
07:41:41 PM     0    115259      1.00      0.00  sleep

07:41:41 PM   UID       PID   cswch/s nvcswch/s  Command
07:41:42 PM     0        16      1.00      0.00  ksoftirqd/0
07:41:42 PM     0        17     21.00      0.00  rcu_preempt
07:41:42 PM     0        18      1.00      0.00  migration/0
07:41:42 PM     0        23      1.00      0.00  migration/1
07:41:42 PM     0        24      2.00      0.00  ksoftirqd/1
07:41:42 PM     0        29      1.00      0.00  migration/2
07:41:42 PM     0        35      1.00      0.00  migration/3
07:41:42 PM     0        36      1.00      0.00  ksoftirqd/3
07:41:42 PM     0        41      1.00      0.00  migration/4
07:41:42 PM     0        42      1.00      0.00  ksoftirqd/4
07:41:42 PM     0        47      1.00      0.00  migration/5
07:41:42 PM     0        53      1.00      0.00  migration/6
07:41:42 PM     0        59      1.00      0.00  migration/7
07:41:42 PM     0        65      1.00      0.00  migration/8
07:41:42 PM     0        71      1.00      0.00  migration/9
07:41:42 PM     0        77      1.00      0.00  migration/10
07:41:42 PM     0        78      1.00      0.00  ksoftirqd/10
07:41:42 PM     0        83      1.00      0.00  migration/11
07:41:42 PM     0        84      1.00      0.00  ksoftirqd/11
07:41:42 PM     0        95      2.00      0.00  kcompactd0
07:41:42 PM     0       453      1.00      0.00  multipathd
07:41:42 PM     0     21554      1.00      0.00  packagekitd
07:41:42 PM     0     84845      2.00      0.00  kworker/3:1-events
07:41:42 PM     0     87189      2.00      0.00  kworker/0:0-events
07:41:42 PM     0     88222      3.00      0.00  kworker/4:3-mm_percpu_wq
07:41:42 PM     0     88759     12.00      0.00  kworker/2:1-events
07:41:42 PM     0     93573      4.00      0.00  kworker/5:1-events
07:41:42 PM     0    105570      3.00      0.00  kworker/9:1-mm_percpu_wq
07:41:42 PM     0    106241      3.00      0.00  kworker/10:2-mm_percpu_wq
07:41:42 PM     0    113933      3.00      0.00  kworker/1:2-events
07:41:42 PM     0    114647      1.00      0.00  iostat
07:41:42 PM     0    114648      1.00      0.00  pidstat
07:41:42 PM     0    114649      5.00      0.00  bash
07:41:42 PM     0    114650      7.00      0.00  bash
07:41:42 PM     0    114651      4.00      0.00  bash
07:41:42 PM     0    114653     99.00      0.00  fio
07:41:42 PM     0    115036      1.00      0.00  kworker/u24:0-edac-poller
07:41:42 PM     0    115262      1.00      0.00  sleep
07:41:42 PM     0    115273      1.00      1.00  sleep
07:41:42 PM     0    115274      1.00      0.00  sleep

07:41:42 PM   UID       PID   cswch/s nvcswch/s  Command
07:41:43 PM     0         1      1.00      0.00  systemd
07:41:43 PM     0        17     39.00      0.00  rcu_preempt
07:41:43 PM     0        24      1.00      0.00  ksoftirqd/1
07:41:43 PM     0        48      1.00      0.00  ksoftirqd/5
07:41:43 PM     0        54      1.00      0.00  ksoftirqd/6
07:41:43 PM     0        95      2.00      0.00  kcompactd0
07:41:43 PM     0       415      2.00      0.00  systemd-journal
07:41:43 PM     0       453      1.00      0.00  multipathd
07:41:43 PM     0       562      3.00      0.00  jbd2/nvme1n1p3-8
07:41:43 PM     0       773      3.00      0.00  sshd
07:41:43 PM     0     84845      2.00      0.00  kworker/3:1-events
07:41:43 PM     0     87189      2.00      0.00  kworker/0:0-mm_percpu_wq
07:41:43 PM     0     88171      3.00      0.00  kworker/u24:55-edac-poller
07:41:43 PM     0     88222      1.00      0.00  kworker/4:3-mm_percpu_wq
07:41:43 PM     0     88669      3.00      0.00  kworker/11:1-mm_percpu_wq
07:41:43 PM     0     88734      1.00      0.00  kworker/7:1-mm_percpu_wq
07:41:43 PM     0     88741      1.00      0.00  kworker/6:2-mm_percpu_wq
07:41:43 PM     0     88759     11.00      0.00  kworker/2:1-mm_percpu_wq
07:41:43 PM     0     93573      3.00      0.00  kworker/5:1-events
07:41:43 PM     0    106241      3.00      0.00  kworker/10:2-events
07:41:43 PM     0    109444      1.00      0.00  kworker/8:2-mm_percpu_wq
07:41:43 PM     0    113933      5.00      0.00  kworker/1:2-mm_percpu_wq
07:41:43 PM     0    114647      1.00      0.00  iostat
07:41:43 PM     0    114648      1.00      0.00  pidstat
07:41:43 PM     0    114649      5.00      0.00  bash
07:41:43 PM     0    114650      8.00      0.00  bash
07:41:43 PM     0    114651      4.00      0.00  bash
07:41:43 PM     0    114653     99.00      0.00  fio
07:41:43 PM     0    115036      2.00      0.00  kworker/u24:0-events_power_efficient
07:41:43 PM     0    115277      1.00      0.00  sleep
07:41:43 PM     0    115290      1.00      0.00  sleep
07:41:43 PM     0    115291      1.00      0.00  sleep

07:41:43 PM   UID       PID   cswch/s nvcswch/s  Command
07:41:44 PM     0         2      1.00      0.00  kthreadd
07:41:44 PM     0        17     17.00      0.00  rcu_preempt
07:41:44 PM     0        24      2.00      0.00  ksoftirqd/1
07:41:44 PM     0        36      1.00      0.00  ksoftirqd/3
07:41:44 PM     0        48      3.00      0.00  ksoftirqd/5
07:41:44 PM     0        78      1.00      1.00  ksoftirqd/10
07:41:44 PM     0        95      2.00      0.00  kcompactd0
07:41:44 PM     0       102      1.00      0.00  irq/9-acpi
07:41:44 PM     0       195      1.00      0.00  kworker/6:1H-kblockd
07:41:44 PM     0       453      2.00      0.00  multipathd
07:41:44 PM     0     84845      2.00      0.00  kworker/3:1-mm_percpu_wq
07:41:44 PM     0     87189      3.00      0.00  kworker/0:0-events
07:41:44 PM     0     88171      2.00      0.00  kworker/u24:55-edac-poller
07:41:44 PM     0     88222      1.00      0.00  kworker/4:3-mm_percpu_wq
07:41:44 PM     0     88669      1.00      0.00  kworker/11:1-mm_percpu_wq
07:41:44 PM     0     88734      2.00      0.00  kworker/7:1-mm_percpu_wq
07:41:44 PM     0     88741      1.00      0.00  kworker/6:2-mm_percpu_wq
07:41:44 PM     0     88759     11.00      0.00  kworker/2:1-events
07:41:44 PM     0     93573      5.00      0.00  kworker/5:1-mm_percpu_wq
07:41:44 PM     0     97923      2.00      0.00  kworker/10:1-mm_percpu_wq
07:41:44 PM     0    105570      2.00      0.00  kworker/9:1-events
07:41:44 PM     0    106241   1009.00      0.00  kworker/10:2+events
07:41:44 PM     0    109444      1.00      0.00  kworker/8:2-mm_percpu_wq
07:41:44 PM     0    113933      2.00      0.00  kworker/1:2-mm_percpu_wq
07:41:44 PM     0    114647      1.00      0.00  iostat
07:41:44 PM     0    114648      1.00      0.00  pidstat
07:41:44 PM     0    114649      5.00      0.00  bash
07:41:44 PM     0    114650      8.00      0.00  bash
07:41:44 PM     0    114651      4.00      0.00  bash
07:41:44 PM     0    114653    100.00      0.00  fio
07:41:44 PM     0    115142      1.00      0.00  kworker/10:0+i915-unordered
07:41:44 PM     0    115294      1.00      0.00  sleep
07:41:44 PM     0    115305      1.00      0.00  sleep
07:41:44 PM     0    115306      1.00      0.00  sleep
07:41:44 PM     0    115307      2.00      0.00  kworker/10:3

07:41:44 PM   UID       PID   cswch/s nvcswch/s  Command
07:41:45 PM     0        17     20.00      0.00  rcu_preempt
07:41:45 PM     0        24      1.00      0.00  ksoftirqd/1
07:41:45 PM     0        36      1.00      0.00  ksoftirqd/3
07:41:45 PM     0        48      2.00      0.00  ksoftirqd/5
07:41:45 PM     0        60      1.00      0.00  ksoftirqd/7
07:41:45 PM     0        95      2.00      0.00  kcompactd0
07:41:45 PM     0       453      1.00      0.00  multipathd
07:41:45 PM     0     84845      1.00      0.00  kworker/3:1-events
07:41:45 PM     0     87189      3.00      0.00  kworker/0:0-mm_percpu_wq
07:41:45 PM     0     88171      3.00      0.00  kworker/u24:55-events_unbound
07:41:45 PM     0     88222      1.00      0.00  kworker/4:3-mm_percpu_wq
07:41:45 PM     0     88669      3.00      0.00  kworker/11:1-mm_percpu_wq
07:41:45 PM     0     88734      2.00      0.00  kworker/7:1-mm_percpu_wq
07:41:45 PM     0     88759     14.00      0.00  kworker/2:1-mm_percpu_wq
07:41:45 PM     0     93573      3.00      0.00  kworker/5:1-mm_percpu_wq
07:41:45 PM     0    105570      1.00      0.00  kworker/9:1-events
07:41:45 PM     0    106241    133.00      1.00  kworker/10:2-events
07:41:45 PM     0    113933      4.00      0.00  kworker/1:2-mm_percpu_wq
07:41:45 PM     0    114647      1.00      0.00  iostat
07:41:45 PM     0    114648      1.00      0.00  pidstat
07:41:45 PM     0    114649      5.00      0.00  bash
07:41:45 PM     0    114650      8.00      0.00  bash
07:41:45 PM     0    114651      4.00      0.00  bash
07:41:45 PM     0    114653     99.00      0.00  fio
07:41:45 PM     0    115142   1135.00      0.00  kworker/10:0-mm_percpu_wq
07:41:45 PM     0    115310      1.00      0.00  sleep
07:41:45 PM     0    115321      1.00      0.00  sleep
07:41:45 PM     0    115322      1.00      0.00  sleep

07:41:45 PM   UID       PID   cswch/s nvcswch/s  Command
07:41:46 PM     0        17     17.00      0.00  rcu_preempt
07:41:46 PM     0        18      1.00      0.00  migration/0
07:41:46 PM     0        23      1.00      0.00  migration/1
07:41:46 PM     0        29      1.00      0.00  migration/2
07:41:46 PM     0        35      1.00      0.00  migration/3
07:41:46 PM     0        36      1.00      0.00  ksoftirqd/3
07:41:46 PM     0        41      1.00      0.00  migration/4
07:41:46 PM     0        42      1.00      0.00  ksoftirqd/4
07:41:46 PM     0        47      1.00      0.00  migration/5
07:41:46 PM     0        53      1.00      0.00  migration/6
07:41:46 PM     0        54      1.00      0.00  ksoftirqd/6
07:41:46 PM     0        59      1.00      0.00  migration/7
07:41:46 PM     0        65      1.00      0.00  migration/8
07:41:46 PM     0        71      2.00      0.00  migration/9
07:41:46 PM     0        77      1.00      0.00  migration/10
07:41:46 PM     0        83      1.00      0.00  migration/11
07:41:46 PM     0        95      2.00      0.00  kcompactd0
07:41:46 PM     0       188      1.00      0.00  kworker/2:1H-kblockd
07:41:46 PM     0       453      1.00      0.00  multipathd
07:41:46 PM     0     84845      1.00      0.00  kworker/3:1-mm_percpu_wq
07:41:46 PM     0     87189      4.00      0.00  kworker/0:0-events
07:41:46 PM     0     88171      1.00      0.00  kworker/u24:55-events_power_efficient
07:41:46 PM     0     88222      2.00      0.00  kworker/4:3-mm_percpu_wq
07:41:46 PM     0     88669      1.00      0.00  kworker/11:1-events
07:41:46 PM     0     88734      2.00      0.00  kworker/7:1-mm_percpu_wq
07:41:46 PM     0     88741      1.00      0.00  kworker/6:2-mm_percpu_wq
07:41:46 PM     0     88759     13.00      0.00  kworker/2:1-events
07:41:46 PM     0     93573      1.00      0.00  kworker/5:1-events
07:41:46 PM     0    105570      1.00      0.00  kworker/9:1-mm_percpu_wq
07:41:46 PM     0    113933      2.00      0.00  kworker/1:2-mm_percpu_wq
07:41:46 PM     0    114647      1.00      0.00  iostat
07:41:46 PM     0    114648      1.00      0.00  pidstat
07:41:46 PM     0    114649      5.00      0.00  bash
07:41:46 PM     0    114650      6.00      0.00  bash
07:41:46 PM     0    114651      4.00      1.00  bash
07:41:46 PM     0    114653     99.00      0.00  fio
07:41:46 PM     0    115036      2.00      0.00  kworker/u24:0-edac-poller
07:41:46 PM     0    115142      1.00      0.00  kworker/10:0-events
07:41:46 PM     0    115325      1.00      0.00  sleep
07:41:46 PM     0    115335      1.00      0.00  sleep
07:41:46 PM     0    115337      1.00      0.00  sleep

07:41:46 PM   UID       PID   cswch/s nvcswch/s  Command
07:41:47 PM     0        17     20.00      0.00  rcu_preempt
07:41:47 PM     0        42      1.00      0.00  ksoftirqd/4
07:41:47 PM     0        48      1.00      0.00  ksoftirqd/5
07:41:47 PM     0        54      1.00      0.00  ksoftirqd/6
07:41:47 PM     0        60      1.00      0.00  ksoftirqd/7
07:41:47 PM     0        84      1.00      0.00  ksoftirqd/11
07:41:47 PM     0        95      2.00      0.00  kcompactd0
07:41:47 PM     0       453      1.00      0.00  multipathd
07:41:47 PM     0     84845      2.00      0.00  kworker/3:1-events
07:41:47 PM     0     87189      1.00      0.00  kworker/0:0-events
07:41:47 PM     0     88222      3.00      0.00  kworker/4:3-mm_percpu_wq
07:41:47 PM     0     88669      2.00      0.00  kworker/11:1-events
07:41:47 PM     0     88734      1.00      0.00  kworker/7:1-events
07:41:47 PM     0     88741      1.00      0.00  kworker/6:2-events
07:41:47 PM     0     88759     14.00      0.00  kworker/2:1-events
07:41:47 PM     0     93573      4.00      0.00  kworker/5:1-events
07:41:47 PM     0    105570      1.00      0.00  kworker/9:1-events
07:41:47 PM     0    113933      3.00      0.00  kworker/1:2-mm_percpu_wq
07:41:47 PM     0    114647      1.00      0.00  iostat
07:41:47 PM     0    114648      1.00      0.00  pidstat
07:41:47 PM     0    114649      5.00      0.00  bash
07:41:47 PM     0    114650      7.00      0.00  bash
07:41:47 PM     0    114651      4.00      0.00  bash
07:41:47 PM     0    114653     99.00      0.00  fio
07:41:47 PM     0    115036      2.00      0.00  kworker/u24:0-events_unbound
07:41:47 PM     0    115142      3.00      0.00  kworker/10:0-mm_percpu_wq
07:41:47 PM     0    115340      1.00      0.00  sleep
07:41:47 PM     0    115351      1.00      0.00  sleep
07:41:47 PM     0    115352      1.00      0.00  sleep

07:41:47 PM   UID       PID   cswch/s nvcswch/s  Command
07:41:48 PM     0        17     21.00      0.00  rcu_preempt
07:41:48 PM     0        48      1.00      0.00  ksoftirqd/5
07:41:48 PM     0        60      1.00      0.00  ksoftirqd/7
07:41:48 PM     0        95      2.00      0.00  kcompactd0
07:41:48 PM     0       192      3.00      0.00  kworker/7:1H-kblockd
07:41:48 PM     0       453      1.00      0.00  multipathd
07:41:48 PM     0       562      3.00      0.00  jbd2/nvme1n1p3-8
07:41:48 PM     0     84845      1.00      0.00  kworker/3:1-mm_percpu_wq
07:41:48 PM     0     87189      1.00      0.00  kworker/0:0-mm_percpu_wq
07:41:48 PM     0     88171      2.00      0.00  kworker/u24:55-flush-259:1
07:41:48 PM     0     88222      1.00      0.00  kworker/4:3-mm_percpu_wq
07:41:48 PM     0     88669      3.00      0.00  kworker/11:1-events
07:41:48 PM     0     88734      4.00      0.00  kworker/7:1-mm_percpu_wq
07:41:48 PM     0     88741      3.00      0.00  kworker/6:2-events
07:41:48 PM     0     88759      9.00      0.00  kworker/2:1-mm_percpu_wq
07:41:48 PM     0     93573      3.00      0.00  kworker/5:1-mm_percpu_wq
07:41:48 PM     0    113933      1.00      0.00  kworker/1:2-events
07:41:48 PM     0    114647      1.00      0.00  iostat
07:41:48 PM     0    114648      1.00      1.00  pidstat
07:41:48 PM     0    114649      5.00      0.00  bash
07:41:48 PM     0    114650      8.00      0.00  bash
07:41:48 PM     0    114651      4.00      0.00  bash
07:41:48 PM     0    114653     99.00      0.00  fio
07:41:48 PM     0    115036      5.00      0.00  kworker/u24:0-flush-259:1
07:41:48 PM     0    115355      1.00      0.00  sleep
07:41:48 PM     0    115365      1.00      0.00  sleep
07:41:48 PM     0    115367      1.00      0.00  sleep

07:41:48 PM   UID       PID   cswch/s nvcswch/s  Command
07:41:49 PM     0        17     22.00      0.00  rcu_preempt
07:41:49 PM     0        24      1.00      0.00  ksoftirqd/1
07:41:49 PM     0        36      2.00      0.00  ksoftirqd/3
07:41:49 PM     0        42      1.00      0.00  ksoftirqd/4
07:41:49 PM     0        71      1.00      0.00  migration/9
07:41:49 PM     0        95      2.00      0.00  kcompactd0
07:41:49 PM     0       359      3.00      0.00  jbd2/nvme1n1p2-8
07:41:49 PM     0       453      1.00      0.00  multipathd
07:41:49 PM     0     84845      3.00      0.00  kworker/3:1-events
07:41:49 PM     0     87189      2.00      0.00  kworker/0:0-events
07:41:49 PM     0     88171      4.00      0.00  kworker/u24:55-events_unbound
07:41:49 PM     0     88222      2.00      0.00  kworker/4:3-mm_percpu_wq
07:41:49 PM     0     88669      2.00      0.00  kworker/11:1-events
07:41:49 PM     0     88734      2.00      0.00  kworker/7:1-mm_percpu_wq
07:41:49 PM     0     88741      2.00      0.00  kworker/6:2-events
07:41:49 PM     0     88759     14.00      0.00  kworker/2:1-events
07:41:49 PM     0    105570      1.00      0.00  kworker/9:1-mm_percpu_wq
07:41:49 PM     0    113933      5.00      0.00  kworker/1:2-mm_percpu_wq
07:41:49 PM     0    114647      1.00      0.00  iostat
07:41:49 PM     0    114648      1.00      1.00  pidstat
07:41:49 PM     0    114649      5.00      0.00  bash
07:41:49 PM     0    114650      7.00      0.00  bash
07:41:49 PM     0    114651      4.00      0.00  bash
07:41:49 PM     0    114653     99.00      0.00  fio
07:41:49 PM     0    115036      1.00      0.00  kworker/u24:0-writeback
07:41:49 PM     0    115142      2.00      0.00  kworker/10:0-mm_percpu_wq
07:41:49 PM     0    115370      1.00      0.00  sleep
07:41:49 PM     0    115381      1.00      0.00  sleep
07:41:49 PM     0    115382      1.00      0.00  sleep

07:41:49 PM   UID       PID   cswch/s nvcswch/s  Command
07:41:50 PM     0        16      1.00      0.00  ksoftirqd/0
07:41:50 PM     0        17     23.00      0.00  rcu_preempt
07:41:50 PM     0        18      1.00      0.00  migration/0
07:41:50 PM     0        23      1.00      0.00  migration/1
07:41:50 PM     0        24      1.00      0.00  ksoftirqd/1
07:41:50 PM     0        29      1.00      0.00  migration/2
07:41:50 PM     0        35      1.00      0.00  migration/3
07:41:50 PM     0        36      1.00      0.00  ksoftirqd/3
07:41:50 PM     0        41      1.00      0.00  migration/4
07:41:50 PM     0        47      1.00      0.00  migration/5
07:41:50 PM     0        53      1.00      0.00  migration/6
07:41:50 PM     0        59      1.00      0.00  migration/7
07:41:50 PM     0        65      1.00      0.00  migration/8
07:41:50 PM     0        71      1.00      0.00  migration/9
07:41:50 PM     0        77      1.00      0.00  migration/10
07:41:50 PM     0        78      1.00      0.00  ksoftirqd/10
07:41:50 PM     0        83      1.00      0.00  migration/11
07:41:50 PM     0        95      2.00      0.00  kcompactd0
07:41:50 PM     0       453      1.00      0.00  multipathd
07:41:50 PM     0     84845      1.00      0.00  kworker/3:1-mm_percpu_wq
07:41:50 PM     0     87189      3.00      0.00  kworker/0:0-mm_percpu_wq
07:41:50 PM     0     88171      1.00      0.00  kworker/u24:55-edac-poller
07:41:50 PM     0     88222      1.00      0.00  kworker/4:3-mm_percpu_wq
07:41:50 PM     0     88734      2.00      0.00  kworker/7:1-mm_percpu_wq
07:41:50 PM     0     88741      1.00      0.00  kworker/6:2-events
07:41:50 PM     0     88759     11.00      0.00  kworker/2:1-mm_percpu_wq
07:41:50 PM     0     93573      2.00      0.00  kworker/5:1-mm_percpu_wq
07:41:50 PM     0    113933      4.00      0.00  kworker/1:2-events
07:41:50 PM     0    114647      1.00      0.00  iostat
07:41:50 PM     0    114648      1.00      0.00  pidstat
07:41:50 PM     0    114649      5.00      0.00  bash
07:41:50 PM     0    114650      7.00      0.00  bash
07:41:50 PM     0    114651      4.00      0.00  bash
07:41:50 PM     0    114653     99.00      0.00  fio
07:41:50 PM     0    115142      2.00      0.00  kworker/10:0-events
07:41:50 PM     0    115385      1.00      0.00  sleep
07:41:50 PM     0    115396      1.00      0.00  sleep
07:41:50 PM     0    115397      1.00      0.00  sleep

07:41:50 PM   UID       PID   cswch/s nvcswch/s  Command
07:41:51 PM     0        16      2.00      0.00  ksoftirqd/0
07:41:51 PM     0        17     18.00      0.00  rcu_preempt
07:41:51 PM     0        24      1.00      0.00  ksoftirqd/1
07:41:51 PM     0        36      1.00      0.00  ksoftirqd/3
07:41:51 PM     0        53      1.00      0.00  migration/6
07:41:51 PM     0        77      1.00      0.00  migration/10
07:41:51 PM     0        95      2.00      0.00  kcompactd0
07:41:51 PM     0       453      1.00      0.00  multipathd
07:41:51 PM     0     84845      2.00      0.00  kworker/3:1-events
07:41:51 PM     0     87189      3.00      0.00  kworker/0:0-events
07:41:51 PM     0     88171      1.00      0.00  kworker/u24:55-edac-poller
07:41:51 PM     0     88222      1.00      0.00  kworker/4:3-mm_percpu_wq
07:41:51 PM     0     88669      1.00      0.00  kworker/11:1-mm_percpu_wq
07:41:51 PM     0     88734      2.00      0.00  kworker/7:1-mm_percpu_wq
07:41:51 PM     0     88741      1.00      0.00  kworker/6:2-mm_percpu_wq
07:41:51 PM     0     88759     12.00      0.00  kworker/2:1-events
07:41:51 PM     0    105570      2.00      0.00  kworker/9:1-events
07:41:51 PM     0    113933      6.00      0.00  kworker/1:2-mm_percpu_wq
07:41:51 PM     0    114647      1.00      0.00  iostat
07:41:51 PM     0    114648      1.00      0.00  pidstat
07:41:51 PM     0    114649      5.00      0.00  bash
07:41:51 PM     0    114650      7.00      0.00  bash
07:41:51 PM     0    114651      4.00      0.00  bash
07:41:51 PM     0    114653     99.00      0.00  fio
07:41:51 PM     0    115142      4.00      0.00  kworker/10:0-events
07:41:51 PM     0    115400      1.00      0.00  sleep
07:41:51 PM     0    115411      1.00      0.00  sleep
07:41:51 PM     0    115412      1.00      0.00  sleep

07:41:51 PM   UID       PID   cswch/s nvcswch/s  Command
07:41:52 PM     0        16      1.00      0.00  ksoftirqd/0
07:41:52 PM     0        17     18.00      0.00  rcu_preempt
07:41:52 PM     0        36      1.00      0.00  ksoftirqd/3
07:41:52 PM     0        48      1.00      0.00  ksoftirqd/5
07:41:52 PM     0        78      1.00      0.00  ksoftirqd/10
07:41:52 PM     0        95      2.00      0.00  kcompactd0
07:41:52 PM     0       188      1.00      0.00  kworker/2:1H-kblockd
07:41:52 PM     0       453      1.00      0.00  multipathd
07:41:52 PM     0     21554      1.00      0.00  packagekitd
07:41:52 PM     0     84845      1.00      0.00  kworker/3:1-mm_percpu_wq
07:41:52 PM     0     87189      4.00      0.00  kworker/0:0-mm_percpu_wq
07:41:52 PM     0     88171      2.00      0.00  kworker/u24:55-edac-poller
07:41:52 PM     0     88222      1.00      0.00  kworker/4:3-mm_percpu_wq
07:41:52 PM     0     88734      3.00      0.00  kworker/7:1-mm_percpu_wq
07:41:52 PM     0     88741      1.00      0.00  kworker/6:2-events
07:41:52 PM     0     88759     11.00      0.00  kworker/2:1-events
07:41:52 PM     0     93573      2.00      0.00  kworker/5:1-mm_percpu_wq
07:41:52 PM     0    105570      1.00      0.00  kworker/9:1-events
07:41:52 PM     0    113933      1.00      0.00  kworker/1:2-events
07:41:52 PM     0    114647      1.00      0.00  iostat
07:41:52 PM     0    114648      1.00      1.00  pidstat
07:41:52 PM     0    114649      5.00      0.00  bash
07:41:52 PM     0    114650      7.00      0.00  bash
07:41:52 PM     0    114651      4.00      0.00  bash
07:41:52 PM     0    114653    100.00      0.00  fio
07:41:52 PM     0    115142      4.00      0.00  kworker/10:0-events
07:41:52 PM     0    115415      1.00      0.00  sleep
07:41:52 PM     0    115426      1.00      0.00  sleep
07:41:52 PM     0    115427      1.00      0.00  sleep

07:41:52 PM   UID       PID   cswch/s nvcswch/s  Command
07:41:53 PM     0        16      1.00      0.00  ksoftirqd/0
07:41:53 PM     0        17     18.00      0.00  rcu_preempt
07:41:53 PM     0        54      1.00      0.00  ksoftirqd/6
07:41:53 PM     0        72      1.00      0.00  ksoftirqd/9
07:41:53 PM     0        95      2.00      0.00  kcompactd0
07:41:53 PM     0       453      1.00      0.00  multipathd
07:41:53 PM     0       562      3.00      0.00  jbd2/nvme1n1p3-8
07:41:53 PM     0     84845      2.00      0.00  kworker/3:1-events
07:41:53 PM     0     87189      3.00      0.00  kworker/0:0-events
07:41:53 PM     0     88171      4.00      0.00  kworker/u24:55-events_power_efficient
07:41:53 PM     0     88222      2.00      0.00  kworker/4:3-mm_percpu_wq
07:41:53 PM     0     88669      1.00      0.00  kworker/11:1-mm_percpu_wq
07:41:53 PM     0     88734      2.00      0.00  kworker/7:1-mm_percpu_wq
07:41:53 PM     0     88741      2.00      0.00  kworker/6:2-events
07:41:53 PM     0     88759     11.00      0.00  kworker/2:1-mm_percpu_wq
07:41:53 PM     0     93573      1.00      0.00  kworker/5:1-mm_percpu_wq
07:41:53 PM     0    105570      3.00      0.00  kworker/9:1-events
07:41:53 PM     0    113933      3.00      0.00  kworker/1:2-events
07:41:53 PM     0    114647      1.00      0.00  iostat
07:41:53 PM     0    114648      1.00      0.00  pidstat
07:41:53 PM     0    114649      5.00      0.00  bash
07:41:53 PM     0    114650      8.00      0.00  bash
07:41:53 PM     0    114651      4.00      0.00  bash
07:41:53 PM     0    114653     99.00      0.00  fio
07:41:53 PM     0    115036      1.00      0.00  kworker/u24:0-writeback
07:41:53 PM     0    115430      1.00      0.00  sleep
07:41:53 PM     0    115441      1.00      0.00  sleep
07:41:53 PM     0    115442      1.00      0.00  sleep

07:41:53 PM   UID       PID   cswch/s nvcswch/s  Command
07:41:54 PM     0        16      1.00      0.00  ksoftirqd/0
07:41:54 PM     0        17     19.00      0.00  rcu_preempt
07:41:54 PM     0        18      1.00      0.00  migration/0
07:41:54 PM     0        23      1.00      0.00  migration/1
07:41:54 PM     0        29      1.00      0.00  migration/2
07:41:54 PM     0        35      1.00      0.00  migration/3
07:41:54 PM     0        41      1.00      0.00  migration/4
07:41:54 PM     0        42      2.00      0.00  ksoftirqd/4
07:41:54 PM     0        47      1.00      0.00  migration/5
07:41:54 PM     0        53      1.00      0.00  migration/6
07:41:54 PM     0        59      1.00      0.00  migration/7
07:41:54 PM     0        60      1.00      0.00  ksoftirqd/7
07:41:54 PM     0        65      1.00      0.00  migration/8
07:41:54 PM     0        71      1.00      0.00  migration/9
07:41:54 PM     0        72      1.00      0.00  ksoftirqd/9
07:41:54 PM     0        77      1.00      0.00  migration/10
07:41:54 PM     0        83      1.00      0.00  migration/11
07:41:54 PM     0        95      2.00      0.00  kcompactd0
07:41:54 PM     0       195      1.00      0.00  kworker/6:1H-kblockd
07:41:54 PM     0       453      1.00      0.00  multipathd
07:41:54 PM     0     84845      1.00      0.00  kworker/3:1-mm_percpu_wq
07:41:54 PM     0     87189      3.00      0.00  kworker/0:0-mm_percpu_wq
07:41:54 PM     0     88171      1.00      0.00  kworker/u24:55-events_power_efficient
07:41:54 PM     0     88222      2.00      0.00  kworker/4:3-mm_percpu_wq
07:41:54 PM     0     88734      2.00      0.00  kworker/7:1-mm_percpu_wq
07:41:54 PM     0     88741      2.00      0.00  kworker/6:2-events
07:41:54 PM     0     88759     12.00      0.00  kworker/2:1-events
07:41:54 PM     0     93573      1.00      0.00  kworker/5:1-mm_percpu_wq
07:41:54 PM     0    105570      2.00      0.00  kworker/9:1-events
07:41:54 PM     0    113933      1.00      0.00  kworker/1:2-mm_percpu_wq
07:41:54 PM     0    114647      1.00      0.00  iostat
07:41:54 PM     0    114648      1.00      1.00  pidstat
07:41:54 PM     0    114649      5.00      0.00  bash
07:41:54 PM     0    114650      7.00      0.00  bash
07:41:54 PM     0    114651      4.00      0.00  bash
07:41:54 PM     0    114653     99.00      0.00  fio
07:41:54 PM     0    115036      2.00      0.00  kworker/u24:0-edac-poller
07:41:54 PM     0    115142      3.00      0.00  kworker/10:0-events
07:41:54 PM     0    115445      1.00      0.00  sleep
07:41:54 PM     0    115456      1.00      0.00  sleep
07:41:54 PM     0    115457      1.00      0.00  sleep

07:41:54 PM   UID       PID   cswch/s nvcswch/s  Command
07:41:55 PM     0        16      1.00      0.00  ksoftirqd/0
07:41:55 PM     0        17     21.00      0.00  rcu_preempt
07:41:55 PM     0        36      1.00      0.00  ksoftirqd/3
07:41:55 PM     0        42      2.00      0.00  ksoftirqd/4
07:41:55 PM     0        95      2.00      0.00  kcompactd0
07:41:55 PM     0       453      1.00      0.00  multipathd
07:41:55 PM     0     84845      3.00      0.00  kworker/3:1-mm_percpu_wq
07:41:55 PM     0     87189      3.00      0.00  kworker/0:0-events
07:41:55 PM     0     88222      5.00      0.00  kworker/4:3-mm_percpu_wq
07:41:55 PM     0     88669      1.00      0.00  kworker/11:1-mm_percpu_wq
07:41:55 PM     0     88734      2.00      0.00  kworker/7:1-mm_percpu_wq
07:41:55 PM     0     88741      1.00      0.00  kworker/6:2-events
07:41:55 PM     0     88759     15.00      0.00  kworker/2:1-events
07:41:55 PM     0    105570      2.00      0.00  kworker/9:1-events
07:41:55 PM     0    113933      5.00      0.00  kworker/1:2-events
07:41:55 PM     0    114647      1.00      0.00  iostat
07:41:55 PM     0    114648      1.00      0.00  pidstat
07:41:55 PM     0    114649      5.00      0.00  bash
07:41:55 PM     0    114650      8.00      0.00  bash
07:41:55 PM     0    114651      4.00      0.00  bash
07:41:55 PM     0    114653     99.00      0.00  fio
07:41:55 PM     0    115036      1.00      0.00  kworker/u24:0-edac-poller
07:41:55 PM     0    115142      2.00      0.00  kworker/10:0-mm_percpu_wq
07:41:55 PM     0    115460      1.00      0.00  sleep
07:41:55 PM     0    115471      1.00      0.00  sleep
07:41:55 PM     0    115472      1.00      0.00  sleep

07:41:55 PM   UID       PID   cswch/s nvcswch/s  Command
07:41:56 PM     0        16      1.00      0.00  ksoftirqd/0
07:41:56 PM     0        17     20.00      0.00  rcu_preempt
07:41:56 PM     0        24      1.00      0.00  ksoftirqd/1
07:41:56 PM     0        48      1.00      0.00  ksoftirqd/5
07:41:56 PM     0        95      2.00      0.00  kcompactd0
07:41:56 PM     0       453      1.00      0.00  multipathd
07:41:56 PM     0     84845      1.00      0.00  kworker/3:1-mm_percpu_wq
07:41:56 PM     0     87189      3.00      0.00  kworker/0:0-mm_percpu_wq
07:41:56 PM     0     88222      2.00      0.00  kworker/4:3-mm_percpu_wq
07:41:56 PM     0     88734      2.00      0.00  kworker/7:1-mm_percpu_wq
07:41:56 PM     0     88741      2.00      0.00  kworker/6:2-events
07:41:56 PM     0     88759     10.00      0.00  kworker/2:1-events
07:41:56 PM     0     93573      1.00      0.00  kworker/5:1-mm_percpu_wq
07:41:56 PM     0    105570      1.00      0.00  kworker/9:1-events
07:41:56 PM     0    113933      2.00      0.00  kworker/1:2-mm_percpu_wq
07:41:56 PM     0    114647      1.00      0.00  iostat
07:41:56 PM     0    114648      1.00      1.00  pidstat
07:41:56 PM     0    114649      5.00      0.00  bash
07:41:56 PM     0    114650      8.00      0.00  bash
07:41:56 PM     0    114651      4.00      0.00  bash
07:41:56 PM     0    114653     99.00      0.00  fio
07:41:56 PM     0    115036      2.00      0.00  kworker/u24:0-edac-poller
07:41:56 PM     0    115142      2.00      0.00  kworker/10:0-mm_percpu_wq
07:41:56 PM     0    115475      1.00      0.00  sleep
07:41:56 PM     0    115486      1.00      0.00  sleep
07:41:56 PM     0    115487      1.00      0.00  sleep

07:41:56 PM   UID       PID   cswch/s nvcswch/s  Command
07:41:57 PM     0        16      1.00      0.00  ksoftirqd/0
07:41:57 PM     0        17     21.00      0.00  rcu_preempt
07:41:57 PM     0        24      1.00      0.00  ksoftirqd/1
07:41:57 PM     0        42      1.00      0.00  ksoftirqd/4
07:41:57 PM     0        48      1.00      0.00  ksoftirqd/5
07:41:57 PM     0        95      1.00      0.00  kcompactd0
07:41:57 PM     0       102      1.00      0.00  irq/9-acpi
07:41:57 PM     0       453      2.00      0.00  multipathd
07:41:57 PM     0     84845      1.00      0.00  kworker/3:1-events
07:41:57 PM     0     87189      4.00      0.00  kworker/0:0-events
07:41:57 PM     0     88222      2.00      0.00  kworker/4:3-mm_percpu_wq
07:41:57 PM     0     88669      1.00      0.00  kworker/11:1-mm_percpu_wq
07:41:57 PM     0     88734      2.00      0.00  kworker/7:1-mm_percpu_wq
07:41:57 PM     0     88741      1.00      0.00  kworker/6:2-events
07:41:57 PM     0     88759     13.00      0.00  kworker/2:1-events
07:41:57 PM     0     93573      6.00      0.00  kworker/5:1+pm
07:41:57 PM     0    105570      2.00      0.00  kworker/9:1-events
07:41:57 PM     0    111013      2.00      0.00  kworker/5:0-i915-unordered
07:41:57 PM     0    113933      4.00      0.00  kworker/1:2-mm_percpu_wq
07:41:57 PM     0    114647      1.00      0.00  iostat
07:41:57 PM     0    114648      1.00      1.00  pidstat
07:41:57 PM     0    114649      5.00      0.00  bash
07:41:57 PM     0    114650      8.00      0.00  bash
07:41:57 PM     0    114651      4.00      0.00  bash
07:41:57 PM     0    114653     99.00      0.00  fio
07:41:57 PM     0    115036      1.00      0.00  kworker/u24:0-edac-poller
07:41:57 PM     0    115142      1.00      0.00  kworker/10:0-events
07:41:57 PM     0    115490      1.00      0.00  sleep
07:41:57 PM     0    115501      1.00      0.00  sleep
07:41:57 PM     0    115502      1.00      0.00  sleep

07:41:57 PM   UID       PID   cswch/s nvcswch/s  Command
07:41:58 PM     0        16      1.00      0.00  ksoftirqd/0
07:41:58 PM     0        17     19.00      0.00  rcu_preempt
07:41:58 PM     0        18      1.00      0.00  migration/0
07:41:58 PM     0        23      1.00      0.00  migration/1
07:41:58 PM     0        29      1.00      0.00  migration/2
07:41:58 PM     0        35      1.00      0.00  migration/3
07:41:58 PM     0        41      1.00      0.00  migration/4
07:41:58 PM     0        47      1.00      0.00  migration/5
07:41:58 PM     0        53      1.00      0.00  migration/6
07:41:58 PM     0        59      1.00      0.00  migration/7
07:41:58 PM     0        65      1.00      0.00  migration/8
07:41:58 PM     0        71      1.00      0.00  migration/9
07:41:58 PM     0        77      1.00      0.00  migration/10
07:41:58 PM     0        78      1.00      0.00  ksoftirqd/10
07:41:58 PM     0        83      1.00      0.00  migration/11
07:41:58 PM     0        84      1.00      0.00  ksoftirqd/11
07:41:58 PM     0        95      2.00      0.00  kcompactd0
07:41:58 PM     0       188      1.00      0.00  kworker/2:1H-kblockd
07:41:58 PM     0       453      1.00      0.00  multipathd
07:41:58 PM     0       562      3.00      0.00  jbd2/nvme1n1p3-8
07:41:58 PM     0     84845      1.00      0.00  kworker/3:1-mm_percpu_wq
07:41:58 PM     0     87189      5.00      0.00  kworker/0:0-mm_percpu_wq
07:41:58 PM     0     88222      2.00      0.00  kworker/4:3-mm_percpu_wq
07:41:58 PM     0     88669      1.00      0.00  kworker/11:1-events
07:41:58 PM     0     88734      1.00      0.00  kworker/7:1-mm_percpu_wq
07:41:58 PM     0     88741      2.00      0.00  kworker/6:2-events
07:41:58 PM     0     88759     10.00      0.00  kworker/2:1-mm_percpu_wq
07:41:58 PM     0     93573      2.00      0.00  kworker/5:1-mm_percpu_wq
07:41:58 PM     0    113933      4.00      0.00  kworker/1:2-mm_percpu_wq
07:41:58 PM     0    114647      1.00      0.00  iostat
07:41:58 PM     0    114648      1.00      0.00  pidstat
07:41:58 PM     0    114649      5.00      0.00  bash
07:41:58 PM     0    114650      7.00      0.00  bash
07:41:58 PM     0    114651      4.00      0.00  bash
07:41:58 PM     0    114653     99.00      0.00  fio
07:41:58 PM     0    115036      2.00      0.00  kworker/u24:0-edac-poller
07:41:58 PM     0    115142      3.00      0.00  kworker/10:0-mm_percpu_wq
07:41:58 PM     0    115505      1.00      0.00  sleep
07:41:58 PM     0    115516      1.00      0.00  sleep
07:41:58 PM     0    115517      1.00      0.00  sleep

07:41:58 PM   UID       PID   cswch/s nvcswch/s  Command
07:41:59 PM     0        16      2.00      0.00  ksoftirqd/0
07:41:59 PM     0        17     19.00      0.00  rcu_preempt
07:41:59 PM     0        42      1.00      0.00  ksoftirqd/4
07:41:59 PM     0        72      1.00      0.00  ksoftirqd/9
07:41:59 PM     0        84      1.00      0.00  ksoftirqd/11
07:41:59 PM     0        95      2.00      0.00  kcompactd0
07:41:59 PM     0       453      1.00      0.00  multipathd
07:41:59 PM     0     84845      2.00      0.00  kworker/3:1-events
07:41:59 PM     0     87189      3.00      0.00  kworker/0:0-events
07:41:59 PM     0     88171      3.00      0.00  kworker/u24:55-edac-poller
07:41:59 PM     0     88222      2.00      0.00  kworker/4:3-mm_percpu_wq
07:41:59 PM     0     88669      2.00      0.00  kworker/11:1-events
07:41:59 PM     0     88734      1.00      0.00  kworker/7:1-mm_percpu_wq
07:41:59 PM     0     88741      1.00      0.00  kworker/6:2-mm_percpu_wq
07:41:59 PM     0     88759     13.00      0.00  kworker/2:1-events
07:41:59 PM     0     93573      2.00      0.00  kworker/5:1-events
07:41:59 PM     0    105570      3.00      0.00  kworker/9:1-mm_percpu_wq
07:41:59 PM     0    113933      3.00      0.00  kworker/1:2-mm_percpu_wq
07:41:59 PM     0    114647      1.00      0.00  iostat
07:41:59 PM     0    114648      1.00      0.00  pidstat
07:41:59 PM     0    114649      5.00      0.00  bash
07:41:59 PM     0    114650      6.00      0.00  bash
07:41:59 PM     0    114651      4.00      0.00  bash
07:41:59 PM     0    114653    100.00      0.00  fio
07:41:59 PM     0    115036      1.00      0.00  kworker/u24:0-events_power_efficient
07:41:59 PM     0    115142      1.00      0.00  kworker/10:0-events
07:41:59 PM     0    115520      1.00      0.00  sleep
07:41:59 PM     0    115530      1.00      0.00  sleep
07:41:59 PM     0    115532      1.00      0.00  sleep

07:41:59 PM   UID       PID   cswch/s nvcswch/s  Command
07:42:00 PM     0        16      1.00      0.00  ksoftirqd/0
07:42:00 PM     0        17     21.00      0.00  rcu_preempt
07:42:00 PM     0        54      1.00      0.00  ksoftirqd/6
07:42:00 PM     0        71      1.00      0.00  migration/9
07:42:00 PM     0        78      1.00      0.00  ksoftirqd/10
07:42:00 PM     0        84      2.00      0.00  ksoftirqd/11
07:42:00 PM     0        95      2.00      0.00  kcompactd0
07:42:00 PM     0       453      1.00      0.00  multipathd
07:42:00 PM     0     84845      2.00      0.00  kworker/3:1-events
07:42:00 PM     0     87189      1.00      0.00  kworker/0:0-mm_percpu_wq
07:42:00 PM     0     88171      1.00      0.00  kworker/u24:55-edac-poller
07:42:00 PM     0     88222      1.00      0.00  kworker/4:3-mm_percpu_wq
07:42:00 PM     0     88669      3.00      0.00  kworker/11:1-events
07:42:00 PM     0     88734      2.00      0.00  kworker/7:1-mm_percpu_wq
07:42:00 PM     0     88741      1.00      0.00  kworker/6:2-events
07:42:00 PM     0     88759     11.00      0.00  kworker/2:1-events
07:42:00 PM     0    105570      1.00      0.00  kworker/9:1-events
07:42:00 PM     0    113933      3.00      0.00  kworker/1:2-mm_percpu_wq
07:42:00 PM     0    114647      1.00      0.00  iostat
07:42:00 PM     0    114648      1.00      1.00  pidstat
07:42:00 PM     0    114649      5.00      0.00  bash
07:42:00 PM     0    114650      8.00      0.00  bash
07:42:00 PM     0    114651      4.00      0.00  bash
07:42:00 PM     0    114653     99.00      0.00  fio
07:42:00 PM     0    115142      3.00      0.00  kworker/10:0-mm_percpu_wq
07:42:00 PM     0    115535      1.00      0.00  sleep
07:42:00 PM     0    115546      1.00      0.00  sleep
07:42:00 PM     0    115547      1.00      0.00  sleep

07:42:00 PM   UID       PID   cswch/s nvcswch/s  Command
07:42:01 PM     0        16      1.00      0.00  ksoftirqd/0
07:42:01 PM     0        17     23.00      0.00  rcu_preempt
07:42:01 PM     0        36      1.00      0.00  ksoftirqd/3
07:42:01 PM     0        78      2.00      0.00  ksoftirqd/10
07:42:01 PM     0        95      2.00      0.00  kcompactd0
07:42:01 PM     0       453      1.00      0.00  multipathd
07:42:01 PM     0       769      1.00      0.00  cron
07:42:01 PM     0     84845      2.00      0.00  kworker/3:1-events
07:42:01 PM     0     87189      1.00      0.00  kworker/0:0-events
07:42:01 PM     0     88171      2.00      0.00  kworker/u24:55-edac-poller
07:42:01 PM     0     88222      2.00      0.00  kworker/4:3-mm_percpu_wq
07:42:01 PM     0     88669      3.00      0.00  kworker/11:1-events
07:42:01 PM     0     88734      1.00      0.00  kworker/7:1-mm_percpu_wq
07:42:01 PM     0     88741      2.00      0.00  kworker/6:2-events
07:42:01 PM     0     88759     11.00      0.00  kworker/2:1-events
07:42:01 PM     0     88840      1.00      0.00  kworker/u24:1-events_power_efficient
07:42:01 PM     0     93573      1.00      0.00  kworker/5:1-mm_percpu_wq
07:42:01 PM     0    105570      2.00      0.00  kworker/9:1-events
07:42:01 PM     0    113933      5.00      0.00  kworker/1:2-events
07:42:01 PM     0    114647      1.00      0.00  iostat
07:42:01 PM     0    114648      1.00      0.00  pidstat
07:42:01 PM     0    114649      5.00      0.00  bash
07:42:01 PM     0    114650      8.00      0.00  bash
07:42:01 PM     0    114651      4.00      0.00  bash
07:42:01 PM     0    114653     99.00      0.00  fio
07:42:01 PM     0    115036      1.00      0.00  kworker/u24:0-events_power_efficient
07:42:01 PM     0    115142      2.00      0.00  kworker/10:0-events
07:42:01 PM     0    115550      1.00      0.00  sleep
07:42:01 PM     0    115561      1.00      0.00  sleep
07:42:01 PM     0    115562      1.00      0.00  sleep

07:42:01 PM   UID       PID   cswch/s nvcswch/s  Command
07:42:02 PM     0        17     20.00      0.00  rcu_preempt
07:42:02 PM     0        18      2.00      0.00  migration/0
07:42:02 PM     0        23      1.00      0.00  migration/1
07:42:02 PM     0        29      1.00      0.00  migration/2
07:42:02 PM     0        35      1.00      0.00  migration/3
07:42:02 PM     0        41      1.00      0.00  migration/4
07:42:02 PM     0        47      1.00      0.00  migration/5
07:42:02 PM     0        53      1.00      0.00  migration/6
07:42:02 PM     0        54      1.00      0.00  ksoftirqd/6
07:42:02 PM     0        59      1.00      0.00  migration/7
07:42:02 PM     0        65      1.00      0.00  migration/8
07:42:02 PM     0        71      1.00      0.00  migration/9
07:42:02 PM     0        77      1.00      0.00  migration/10
07:42:02 PM     0        78      3.00      0.00  ksoftirqd/10
07:42:02 PM     0        83      1.00      0.00  migration/11
07:42:02 PM     0        95      2.00      0.00  kcompactd0
07:42:02 PM     0       453      1.00      0.00  multipathd
07:42:02 PM     0     21554      1.00      0.00  packagekitd
07:42:02 PM     0     84845      2.00      0.00  kworker/3:1-mm_percpu_wq
07:42:02 PM     0     87189      3.00      0.00  kworker/0:0-mm_percpu_wq
07:42:02 PM     0     88171      1.00      0.00  kworker/u24:55-edac-poller
07:42:02 PM     0     88222      1.00      0.00  kworker/4:3-mm_percpu_wq
07:42:02 PM     0     88669      3.00      0.00  kworker/11:1-events
07:42:02 PM     0     88734      1.00      0.00  kworker/7:1-mm_percpu_wq
07:42:02 PM     0     88759     12.00      0.00  kworker/2:1-events
07:42:02 PM     0    105570      1.00      0.00  kworker/9:1-events
07:42:02 PM     0    113933      2.00      0.00  kworker/1:2-mm_percpu_wq
07:42:02 PM     0    114647      1.00      0.00  iostat
07:42:02 PM     0    114648      1.00      1.00  pidstat
07:42:02 PM     0    114649      5.00      0.00  bash
07:42:02 PM     0    114650      6.00      0.00  bash
07:42:02 PM     0    114651      4.00      0.00  bash
07:42:02 PM     0    114653     99.00      0.00  fio
07:42:02 PM     0    115142      4.00      0.00  kworker/10:0-events
07:42:02 PM     0    115565      1.00      0.00  sleep
07:42:02 PM     0    115575      1.00      0.00  sleep
07:42:02 PM     0    115577      1.00      0.00  sleep

07:42:02 PM   UID       PID   cswch/s nvcswch/s  Command
07:42:03 PM     0        16      2.00      0.00  ksoftirqd/0
07:42:03 PM     0        17     17.00      0.00  rcu_preempt
07:42:03 PM     0        83      1.00      0.00  migration/11
07:42:03 PM     0        84      2.00      0.00  ksoftirqd/11
07:42:03 PM     0        95      2.00      0.00  kcompactd0
07:42:03 PM     0       453      1.00      0.00  multipathd
07:42:03 PM     0       562      3.00      0.00  jbd2/nvme1n1p3-8
07:42:03 PM     0     84845      1.00      0.00  kworker/3:1-events
07:42:03 PM     0     87189      3.00      0.00  kworker/0:0-events
07:42:03 PM     0     88171      4.00      0.00  kworker/u24:55-edac-poller
07:42:03 PM     0     88222      1.00      0.00  kworker/4:3-mm_percpu_wq
07:42:03 PM     0     88669      3.00      0.00  kworker/11:1-events
07:42:03 PM     0     88734      1.00      0.00  kworker/7:1-mm_percpu_wq
07:42:03 PM     0     88741      1.00      0.00  kworker/6:2-mm_percpu_wq
07:42:03 PM     0     88759     13.00      0.00  kworker/2:1-mm_percpu_wq
07:42:03 PM     0     93573      3.00      0.00  kworker/5:1-events
07:42:03 PM     0    105570      2.00      0.00  kworker/9:1-events
07:42:03 PM     0    113933      2.00      0.00  kworker/1:2-events
07:42:03 PM     0    114647      1.00      0.00  iostat
07:42:03 PM     0    114648      1.00      0.00  pidstat
07:42:03 PM     0    114649      5.00      0.00  bash
07:42:03 PM     0    114650      7.00      0.00  bash
07:42:03 PM     0    114651      4.00      0.00  bash
07:42:03 PM     0    114653     99.00      0.00  fio
07:42:03 PM     0    115142      3.00      0.00  kworker/10:0-events
07:42:03 PM     0    115580      1.00      0.00  sleep
07:42:03 PM     0    115591      1.00      0.00  sleep
07:42:03 PM     0    115592      1.00      0.00  sleep

07:42:03 PM   UID       PID   cswch/s nvcswch/s  Command
07:42:04 PM     0        16      2.00      0.00  ksoftirqd/0
07:42:04 PM     0        17     17.00      0.00  rcu_preempt
07:42:04 PM     0        36      1.00      0.00  ksoftirqd/3
07:42:04 PM     0        48      1.00      0.00  ksoftirqd/5
07:42:04 PM     0        84      1.00      0.00  ksoftirqd/11
07:42:04 PM     0        95      2.00      0.00  kcompactd0
07:42:04 PM     0       187      2.00      0.00  kworker/0:1H-kblockd
07:42:04 PM     0       188      1.00      0.00  kworker/2:1H-kblockd
07:42:04 PM     0       195      1.00      0.00  kworker/6:1H-kblockd
07:42:04 PM     0       453      1.00      0.00  multipathd
07:42:04 PM     0     84845      1.00      0.00  kworker/3:1-mm_percpu_wq
07:42:04 PM     0     87189      4.00      0.00  kworker/0:0-mm_percpu_wq
07:42:04 PM     0     88171      4.00      0.00  kworker/u24:55-edac-poller
07:42:04 PM     0     88222      1.00      0.00  kworker/4:3-mm_percpu_wq
07:42:04 PM     0     88669      3.00      0.00  kworker/11:1-events
07:42:04 PM     0     88734      1.00      0.00  kworker/7:1-mm_percpu_wq
07:42:04 PM     0     88759     12.00      0.00  kworker/2:1-events
07:42:04 PM     0     88840      4.00      0.00  kworker/u24:1-ext4-rsv-conversion
07:42:04 PM     0     93573      3.00      0.00  kworker/5:1-mm_percpu_wq
07:42:04 PM     0    105570      1.00      0.00  kworker/9:1-events
07:42:04 PM     0    113933      2.00      0.00  kworker/1:2-mm_percpu_wq
07:42:04 PM     0    114647      1.00      0.00  iostat
07:42:04 PM     0    114648      1.00      0.00  pidstat
07:42:04 PM     0    114649      5.00      0.00  bash
07:42:04 PM     0    114650      8.00      0.00  bash
07:42:04 PM     0    114651      4.00      0.00  bash
07:42:04 PM     0    114653     99.00      0.00  fio
07:42:04 PM     0    115142      2.00      0.00  kworker/10:0-events
07:42:04 PM     0    115595      1.00      0.00  sleep
07:42:04 PM     0    115606      1.00      0.00  sleep
07:42:04 PM     0    115607      1.00      0.00  sleep

07:42:04 PM   UID       PID   cswch/s nvcswch/s  Command
07:42:05 PM     0        17     18.00      0.00  rcu_preempt
07:42:05 PM     0        36      1.00      0.00  ksoftirqd/3
07:42:05 PM     0        48      1.00      0.00  ksoftirqd/5
07:42:05 PM     0        78      1.00      0.00  ksoftirqd/10
07:42:05 PM     0        84      1.00      0.00  ksoftirqd/11
07:42:05 PM     0        95      2.00      0.00  kcompactd0
07:42:05 PM     0       453      1.00      0.00  multipathd
07:42:05 PM     0     84845      2.00      0.00  kworker/3:1-events
07:42:05 PM     0     87189      2.00      0.00  kworker/0:0-events
07:42:05 PM     0     88171      2.00      0.00  kworker/u24:55-events_unbound
07:42:05 PM     0     88222      1.00      0.00  kworker/4:3-mm_percpu_wq
07:42:05 PM     0     88669      2.00      0.00  kworker/11:1-events
07:42:05 PM     0     88734      1.00      0.00  kworker/7:1-mm_percpu_wq
07:42:05 PM     0     88759     14.00      0.00  kworker/2:1-events
07:42:05 PM     0     93573      4.00      0.00  kworker/5:1-mm_percpu_wq
07:42:05 PM     0    105570      2.00      0.00  kworker/9:1-events
07:42:05 PM     0    113933      3.00      0.00  kworker/1:2-mm_percpu_wq
07:42:05 PM     0    114647      1.00      0.00  iostat
07:42:05 PM     0    114648      1.00      1.00  pidstat
07:42:05 PM     0    114649      5.00      0.00  bash
07:42:05 PM     0    114650      8.00      0.00  bash
07:42:05 PM     0    114651      4.00      0.00  bash
07:42:05 PM     0    114653     99.00      0.00  fio
07:42:05 PM     0    115142      2.00      0.00  kworker/10:0-events
07:42:05 PM     0    115610      1.00      0.00  sleep
07:42:05 PM     0    115621      1.00      0.00  sleep
07:42:05 PM     0    115622      1.00      0.00  sleep

07:42:05 PM   UID       PID   cswch/s nvcswch/s  Command
07:42:06 PM     0        16      1.00      0.00  ksoftirqd/0
07:42:06 PM     0        17     21.00      0.00  rcu_preempt
07:42:06 PM     0        18      1.00      0.00  migration/0
07:42:06 PM     0        23      1.00      0.00  migration/1
07:42:06 PM     0        29      1.00      0.00  migration/2
07:42:06 PM     0        35      1.00      0.00  migration/3
07:42:06 PM     0        41      1.00      0.00  migration/4
07:42:06 PM     0        47      1.00      0.00  migration/5
07:42:06 PM     0        53      1.00      0.00  migration/6
07:42:06 PM     0        59      1.00      0.00  migration/7
07:42:06 PM     0        65      1.00      0.00  migration/8
07:42:06 PM     0        71      1.00      0.00  migration/9
07:42:06 PM     0        72      1.00      0.00  ksoftirqd/9
07:42:06 PM     0        77      1.00      0.00  migration/10
07:42:06 PM     0        83      1.00      0.00  migration/11
07:42:06 PM     0        84      1.00      0.00  ksoftirqd/11
07:42:06 PM     0        95      2.00      0.00  kcompactd0
07:42:06 PM     0       453      1.00      0.00  multipathd
07:42:06 PM     0     84845      1.00      0.00  kworker/3:1-mm_percpu_wq
07:42:06 PM     0     87189      2.00      0.00  kworker/0:0-mm_percpu_wq
07:42:06 PM     0     88171      1.00      0.00  kworker/u24:55-edac-poller
07:42:06 PM     0     88222      1.00      0.00  kworker/4:3-mm_percpu_wq
07:42:06 PM     0     88669      3.00      0.00  kworker/11:1-events
07:42:06 PM     0     88734      2.00      0.00  kworker/7:1-mm_percpu_wq
07:42:06 PM     0     88741      1.00      0.00  kworker/6:2-mm_percpu_wq
07:42:06 PM     0     88759     11.00      0.00  kworker/2:1-events
07:42:06 PM     0     93573      1.00      0.00  kworker/5:1-mm_percpu_wq
07:42:06 PM     0    105570      2.00      0.00  kworker/9:1-events
07:42:06 PM     0    113933      3.00      0.00  kworker/1:2-mm_percpu_wq
07:42:06 PM     0    114647      1.00      0.00  iostat
07:42:06 PM     0    114648      1.00      0.00  pidstat
07:42:06 PM     0    114649      5.00      0.00  bash
07:42:06 PM     0    114650      5.00      0.00  bash
07:42:06 PM     0    114651      4.00      0.00  bash
07:42:06 PM     0    114653    100.00      0.00  fio
07:42:06 PM     0    115142      2.00      0.00  kworker/10:0-mm_percpu_wq
07:42:06 PM     0    115625      1.00      0.00  sleep
07:42:06 PM     0    115635      1.00      0.00  sleep
07:42:06 PM     0    115637      1.00      0.00  sleep

07:42:06 PM   UID       PID   cswch/s nvcswch/s  Command
07:42:07 PM     0        16      1.00      0.00  ksoftirqd/0
07:42:07 PM     0        17     21.00      0.00  rcu_preempt
07:42:07 PM     0        36      3.00      0.00  ksoftirqd/3
07:42:07 PM     0        42      1.00      0.00  ksoftirqd/4
07:42:07 PM     0        48      1.00      0.00  ksoftirqd/5
07:42:07 PM     0        72      1.00      0.00  ksoftirqd/9
07:42:07 PM     0        95      2.00      0.00  kcompactd0
07:42:07 PM     0       453      1.00      0.00  multipathd
07:42:07 PM     0     84845      1.00      0.00  kworker/3:1-events
07:42:07 PM     0     87189      3.00      0.00  kworker/0:0-events
07:42:07 PM     0     88171      1.00      0.00  kworker/u24:55-edac-poller
07:42:07 PM     0     88222      1.00      0.00  kworker/4:3-mm_percpu_wq
07:42:07 PM     0     88669      2.00      0.00  kworker/11:1-events
07:42:07 PM     0     88734      1.00      0.00  kworker/7:1-mm_percpu_wq
07:42:07 PM     0     88741      1.00      0.00  kworker/6:2-events
07:42:07 PM     0     88759     13.00      0.00  kworker/2:1-events
07:42:07 PM     0     93573      4.00      0.00  kworker/5:1-mm_percpu_wq
07:42:07 PM     0    105570      2.00      0.00  kworker/9:1-events
07:42:07 PM     0    113933      4.00      0.00  kworker/1:2-events
07:42:07 PM     0    114647      1.00      0.00  iostat
07:42:07 PM     0    114648      1.00      0.00  pidstat
07:42:07 PM     0    114649      5.00      0.00  bash
07:42:07 PM     0    114650      8.00      0.00  bash
07:42:07 PM     0    114651      4.00      0.00  bash
07:42:07 PM     0    114653     99.00      0.00  fio
07:42:07 PM     0    115142      1.00      0.00  kworker/10:0-events
07:42:07 PM     0    115640      1.00      0.00  sleep
07:42:07 PM     0    115651      1.00      0.00  sleep
07:42:07 PM     0    115652      1.00      0.00  sleep

07:42:07 PM   UID       PID   cswch/s nvcswch/s  Command
07:42:08 PM     0        16      2.00      0.00  ksoftirqd/0
07:42:08 PM     0        17     16.00      0.00  rcu_preempt
07:42:08 PM     0        24      1.00      0.00  ksoftirqd/1
07:42:08 PM     0        42      1.00      0.00  ksoftirqd/4
07:42:08 PM     0        47      1.00      0.00  migration/5
07:42:08 PM     0        48      1.00      0.00  ksoftirqd/5
07:42:08 PM     0        54      1.00      0.00  ksoftirqd/6
07:42:08 PM     0        72      1.00      0.00  ksoftirqd/9
07:42:08 PM     0        95      2.00      0.00  kcompactd0
07:42:08 PM     0       102      1.00      0.00  irq/9-acpi
07:42:08 PM     0       453      1.00      0.00  multipathd
07:42:08 PM     0       562      3.00      0.00  jbd2/nvme1n1p3-8
07:42:08 PM     0     84845      1.00      0.00  kworker/3:1-mm_percpu_wq
07:42:08 PM     0     87189      4.00      0.00  kworker/0:0-mm_percpu_wq
07:42:08 PM     0     88171      1.00      0.00  kworker/u24:55-events_unbound
07:42:08 PM     0     88222      1.00      0.00  kworker/4:3-mm_percpu_wq
07:42:08 PM     0     88669      2.00      0.00  kworker/11:1-events
07:42:08 PM     0     88734      1.00      0.00  kworker/7:1-mm_percpu_wq
07:42:08 PM     0     88741      2.00      0.00  kworker/6:2-events
07:42:08 PM     0     88759     11.00      0.00  kworker/2:1-events
07:42:08 PM     0     93573   1140.00      1.00  kworker/5:1-mm_percpu_wq
07:42:08 PM     0    105570      3.00      0.00  kworker/9:1-events
07:42:08 PM     0    111013   1134.00      0.00  kworker/5:0-i915-unordered
07:42:08 PM     0    113933      3.00      0.00  kworker/1:2-events
07:42:08 PM     0    114647      1.00      0.00  iostat
07:42:08 PM     0    114648      1.00      0.00  pidstat
07:42:08 PM     0    114649      5.00      0.00  bash
07:42:08 PM     0    114650      8.00      0.00  bash
07:42:08 PM     0    114651      4.00      0.00  bash
07:42:08 PM     0    114653     99.00      0.00  fio
07:42:08 PM     0    115142      3.00      0.00  kworker/10:0-mm_percpu_wq
07:42:08 PM     0    115655      1.00      0.00  sleep
07:42:08 PM     0    115665      1.00      0.00  sleep
07:42:08 PM     0    115667      1.00      0.00  sleep

07:42:08 PM   UID       PID   cswch/s nvcswch/s  Command
07:42:09 PM     0        17     16.00      0.00  rcu_preempt
07:42:09 PM     0        24      3.00      0.00  ksoftirqd/1
07:42:09 PM     0        36      1.00      0.00  ksoftirqd/3
07:42:09 PM     0        42      1.00      0.00  ksoftirqd/4
07:42:09 PM     0        48      1.00      0.00  ksoftirqd/5
07:42:09 PM     0        54      1.00      0.00  ksoftirqd/6
07:42:09 PM     0        72      1.00      0.00  ksoftirqd/9
07:42:09 PM     0        95      2.00      0.00  kcompactd0
07:42:09 PM     0       453      1.00      0.00  multipathd
07:42:09 PM     0     84845      2.00      0.00  kworker/3:1-mm_percpu_wq
07:42:09 PM     0     87189      1.00      0.00  kworker/0:0-events
07:42:09 PM     0     88171      3.00      0.00  kworker/u24:55-events_power_efficient
07:42:09 PM     0     88222      1.00      0.00  kworker/4:3-mm_percpu_wq
07:42:09 PM     0     88734      1.00      0.00  kworker/7:1-mm_percpu_wq
07:42:09 PM     0     88741      2.00      0.00  kworker/6:2-events
07:42:09 PM     0     88759     12.00      0.00  kworker/2:1-events
07:42:09 PM     0     88840      1.00      0.00  kworker/u24:1-ext4-rsv-conversion
07:42:09 PM     0    105570      1.00      0.00  kworker/9:1-events
07:42:09 PM     0    111013      1.00      0.00  kworker/5:0-mm_percpu_wq
07:42:09 PM     0    113933      6.00      0.00  kworker/1:2-events
07:42:09 PM     0    114647      1.00      0.00  iostat
07:42:09 PM     0    114648      1.00      0.00  pidstat
07:42:09 PM     0    114649      5.00      0.00  bash
07:42:09 PM     0    114650      6.00      0.00  bash
07:42:09 PM     0    114651      4.00      0.00  bash
07:42:09 PM     0    114653     99.00      0.00  fio
07:42:09 PM     0    115142      2.00      0.00  kworker/10:0-events
07:42:09 PM     0    115670      1.00      0.00  sleep
07:42:09 PM     0    115680      1.00      0.00  sleep
07:42:09 PM     0    115682      1.00      0.00  sleep

07:42:09 PM   UID       PID   cswch/s nvcswch/s  Command
07:42:10 PM     0        17     17.00      0.00  rcu_preempt
07:42:10 PM     0        18      1.00      0.00  migration/0
07:42:10 PM     0        23      1.00      0.00  migration/1
07:42:10 PM     0        29      1.00      0.00  migration/2
07:42:10 PM     0        35      1.00      0.00  migration/3
07:42:10 PM     0        41      1.00      0.00  migration/4
07:42:10 PM     0        42      1.00      0.00  ksoftirqd/4
07:42:10 PM     0        47      1.00      0.00  migration/5
07:42:10 PM     0        53      1.00      0.00  migration/6
07:42:10 PM     0        54      1.00      0.00  ksoftirqd/6
07:42:10 PM     0        59      1.00      0.00  migration/7
07:42:10 PM     0        60      1.00      0.00  ksoftirqd/7
07:42:10 PM     0        65      1.00      0.00  migration/8
07:42:10 PM     0        71      1.00      0.00  migration/9
07:42:10 PM     0        72      2.00      0.00  ksoftirqd/9
07:42:10 PM     0        77      1.00      0.00  migration/10
07:42:10 PM     0        83      1.00      0.00  migration/11
07:42:10 PM     0        84      1.00      0.00  ksoftirqd/11
07:42:10 PM     0        95      2.00      0.00  kcompactd0
07:42:10 PM     0       187      1.00      0.00  kworker/0:1H-kblockd
07:42:10 PM     0       188      1.00      0.00  kworker/2:1H-kblockd
07:42:10 PM     0       453      1.00      0.00  multipathd
07:42:10 PM     0     84845      1.00      0.00  kworker/3:1-events
07:42:10 PM     0     87189      2.00      0.00  kworker/0:0-mm_percpu_wq
07:42:10 PM     0     88222      1.00      0.00  kworker/4:3-mm_percpu_wq
07:42:10 PM     0     88669      3.00      0.00  kworker/11:1-events
07:42:10 PM     0     88741      2.00      0.00  kworker/6:2-events
07:42:10 PM     0     88759     12.00      0.00  kworker/2:1-events
07:42:10 PM     0     88840      3.00      0.00  kworker/u24:1-events_unbound
07:42:10 PM     0    105570      2.00      0.00  kworker/9:1-events
07:42:10 PM     0    111013      1.00      0.00  kworker/5:0-mm_percpu_wq
07:42:10 PM     0    113933      2.00      0.00  kworker/1:2-mm_percpu_wq
07:42:10 PM     0    114647      1.00      0.00  iostat
07:42:10 PM     0    114648      1.00      0.00  pidstat
07:42:10 PM     0    114649      5.00      0.00  bash
07:42:10 PM     0    114650      8.00      0.00  bash
07:42:10 PM     0    114651      4.00      0.00  bash
07:42:10 PM     0    114653     99.00      0.00  fio
07:42:10 PM     0    115142      1.00      0.00  kworker/10:0-events
07:42:10 PM     0    115685      1.00      0.00  sleep
07:42:10 PM     0    115696      1.00      0.00  sleep
07:42:10 PM     0    115697      1.00      0.00  sleep

07:42:10 PM   UID       PID   cswch/s nvcswch/s  Command
07:42:11 PM     0        16      1.00      0.00  ksoftirqd/0
07:42:11 PM     0        17     20.00      0.00  rcu_preempt
07:42:11 PM     0        24      1.00      0.00  ksoftirqd/1
07:42:11 PM     0        47      1.00      0.00  migration/5
07:42:11 PM     0        48      1.00      0.00  ksoftirqd/5
07:42:11 PM     0        95      2.00      0.00  kcompactd0
07:42:11 PM     0       453      1.00      0.00  multipathd
07:42:11 PM     0     84845      2.00      0.00  kworker/3:1-events
07:42:11 PM     0     87189      3.00      0.00  kworker/0:0-events
07:42:11 PM     0     88222      2.00      0.00  kworker/4:3-mm_percpu_wq
07:42:11 PM     0     88669      2.00      0.00  kworker/11:1-events
07:42:11 PM     0     88734      2.00      0.00  kworker/7:1-mm_percpu_wq
07:42:11 PM     0     88741      2.00      0.00  kworker/6:2-events
07:42:11 PM     0     88759     11.00      0.00  kworker/2:1-mm_percpu_wq
07:42:11 PM     0     88840      1.00      0.00  kworker/u24:1-edac-poller
07:42:11 PM     0    105570      2.00      0.00  kworker/9:1-events
07:42:11 PM     0    111013      2.00      0.00  kworker/5:0-mm_percpu_wq
07:42:11 PM     0    113933      6.00      0.00  kworker/1:2-events
07:42:11 PM     0    114647      1.00      0.00  iostat
07:42:11 PM     0    114648      1.00      0.00  pidstat
07:42:11 PM     0    114649      5.00      0.00  bash
07:42:11 PM     0    114650      6.00      0.00  bash
07:42:11 PM     0    114651      4.00      0.00  bash
07:42:11 PM     0    114653    100.00      0.00  fio
07:42:11 PM     0    115142      2.00      0.00  kworker/10:0-events
07:42:11 PM     0    115700      1.00      0.00  sleep
07:42:11 PM     0    115711      1.00      0.00  sleep
07:42:11 PM     0    115712      1.00      0.00  sleep

07:42:11 PM   UID       PID   cswch/s nvcswch/s  Command
07:42:12 PM     0        17     18.00      0.00  rcu_preempt
07:42:12 PM     0        36      1.00      0.00  ksoftirqd/3
07:42:12 PM     0        41      1.00      0.00  migration/4
07:42:12 PM     0        77      1.00      0.00  migration/10
07:42:12 PM     0        78      1.00      0.00  ksoftirqd/10
07:42:12 PM     0        95      2.00      0.00  kcompactd0
07:42:12 PM     0       453      1.00      0.00  multipathd
07:42:12 PM     0     21554      1.00      0.00  packagekitd
07:42:12 PM     0     84845      1.00      0.00  kworker/3:1-mm_percpu_wq
07:42:12 PM     0     87189      2.00      0.00  kworker/0:0-mm_percpu_wq
07:42:12 PM     0     88222      1.00      0.00  kworker/4:3-mm_percpu_wq
07:42:12 PM     0     88669      3.00      0.00  kworker/11:1-events
07:42:12 PM     0     88734      1.00      0.00  kworker/7:1-mm_percpu_wq
07:42:12 PM     0     88741      2.00      0.00  kworker/6:2-events
07:42:12 PM     0     88759     11.00      0.00  kworker/2:1-events
07:42:12 PM     0     88840      2.00      0.00  kworker/u24:1-events_unbound
07:42:12 PM     0    105570      2.00      0.00  kworker/9:1-events
07:42:12 PM     0    111013      1.00      0.00  kworker/5:0-mm_percpu_wq
07:42:12 PM     0    113933      1.00      0.00  kworker/1:2-mm_percpu_wq
07:42:12 PM     0    114647      1.00      0.00  iostat
07:42:12 PM     0    114648      1.00      0.00  pidstat
07:42:12 PM     0    114649      5.00      0.00  bash
07:42:12 PM     0    114650      7.00      0.00  bash
07:42:12 PM     0    114651      4.00      0.00  bash
07:42:12 PM     0    114653     99.00      0.00  fio
07:42:12 PM     0    115142      3.00      0.00  kworker/10:0-events
07:42:12 PM     0    115715      1.00      0.00  sleep
07:42:12 PM     0    115725      1.00      0.00  sleep
07:42:12 PM     0    115727      1.00      0.00  sleep

07:42:12 PM   UID       PID   cswch/s nvcswch/s  Command
07:42:13 PM     0        16      1.00      0.00  ksoftirqd/0
07:42:13 PM     0        17     20.00      0.00  rcu_preempt
07:42:13 PM     0        36      1.00      0.00  ksoftirqd/3
07:42:13 PM     0        84      1.00      0.00  ksoftirqd/11
07:42:13 PM     0        95      2.00      0.00  kcompactd0
07:42:13 PM     0       453      1.00      0.00  multipathd
07:42:13 PM     0       562      3.00      0.00  jbd2/nvme1n1p3-8
07:42:13 PM     0     84845      2.00      0.00  kworker/3:1-mm_percpu_wq
07:42:13 PM     0     87189      2.00      0.00  kworker/0:0-events
07:42:13 PM     0     88222      1.00      0.00  kworker/4:3-mm_percpu_wq
07:42:13 PM     0     88669      3.00      0.00  kworker/11:1-events
07:42:13 PM     0     88734      1.00      0.00  kworker/7:1-mm_percpu_wq
07:42:13 PM     0     88759     12.00      0.00  kworker/2:1-events
07:42:13 PM     0     88840      3.00      0.00  kworker/u24:1-writeback
07:42:13 PM     0    105570      2.00      0.00  kworker/9:1-events
07:42:13 PM     0    111013      1.00      0.00  kworker/5:0-mm_percpu_wq
07:42:13 PM     0    113933      4.00      0.00  kworker/1:2-mm_percpu_wq
07:42:13 PM     0    114647      1.00      0.00  iostat
07:42:13 PM     0    114648      1.00      0.00  pidstat
07:42:13 PM     0    114649      5.00      0.00  bash
07:42:13 PM     0    114650      8.00      0.00  bash
07:42:13 PM     0    114651      4.00      0.00  bash
07:42:13 PM     0    114653     99.00      0.00  fio
07:42:13 PM     0    115142      3.00      0.00  kworker/10:0-events
07:42:13 PM     0    115730      1.00      0.00  sleep
07:42:13 PM     0    115741      1.00      0.00  sleep
07:42:13 PM     0    115742      1.00      0.00  sleep

07:42:13 PM   UID       PID   cswch/s nvcswch/s  Command
07:42:14 PM     0        16      2.00      0.00  ksoftirqd/0
07:42:14 PM     0        17     21.00      0.00  rcu_preempt
07:42:14 PM     0        18      1.00      0.00  migration/0
07:42:14 PM     0        23      1.00      0.00  migration/1
07:42:14 PM     0        24      1.00      0.00  ksoftirqd/1
07:42:14 PM     0        29      1.00      0.00  migration/2
07:42:14 PM     0        35      1.00      0.00  migration/3
07:42:14 PM     0        41      1.00      0.00  migration/4
07:42:14 PM     0        42      2.00      1.00  ksoftirqd/4
07:42:14 PM     0        47      1.00      0.00  migration/5
07:42:14 PM     0        53      2.00      0.00  migration/6
07:42:14 PM     0        59      1.00      0.00  migration/7
07:42:14 PM     0        65      1.00      0.00  migration/8
07:42:14 PM     0        71      1.00      0.00  migration/9
07:42:14 PM     0        72      1.00      0.00  ksoftirqd/9
07:42:14 PM     0        77      1.00      0.00  migration/10
07:42:14 PM     0        83      1.00      0.00  migration/11
07:42:14 PM     0        95      2.00      0.00  kcompactd0
07:42:14 PM     0       453      1.00      0.00  multipathd
07:42:14 PM     0     84845      1.00      0.00  kworker/3:1-mm_percpu_wq
07:42:14 PM     0     87189      2.00      0.00  kworker/0:0-events
07:42:14 PM     0     88171      2.00      0.00  kworker/u24:55-events_unbound
07:42:14 PM     0     88222      3.00      0.00  kworker/4:3-events
07:42:14 PM     0     88669      2.00      0.00  kworker/11:1-events
07:42:14 PM     0     88734      1.00      0.00  kworker/7:1-mm_percpu_wq
07:42:14 PM     0     88741      2.00      0.00  kworker/6:2-events
07:42:14 PM     0     88759     11.00      0.00  kworker/2:1-events
07:42:14 PM     0     88840      2.00      0.00  kworker/u24:1-events_power_efficient
07:42:14 PM     0    105570      3.00      0.00  kworker/9:1-events
07:42:14 PM     0    111013      1.00      0.00  kworker/5:0-mm_percpu_wq
07:42:14 PM     0    113933      1.00      0.00  kworker/1:2-mm_percpu_wq
07:42:14 PM     0    114647      1.00      0.00  iostat
07:42:14 PM     0    114648      1.00      0.00  pidstat
07:42:14 PM     0    114649      5.00      0.00  bash
07:42:14 PM     0    114650      7.00      1.00  bash
07:42:14 PM     0    114651      4.00      0.00  bash
07:42:14 PM     0    114653    100.00      0.00  fio
07:42:14 PM     0    115142      2.00      0.00  kworker/10:0-events
07:42:14 PM     0    115745      1.00      0.00  sleep
07:42:14 PM     0    115755      1.00      0.00  sleep
07:42:14 PM     0    115757      1.00      0.00  sleep

07:42:14 PM   UID       PID   cswch/s nvcswch/s  Command
07:42:15 PM     0        16      1.00      0.00  ksoftirqd/0
07:42:15 PM     0        17     14.00      0.00  rcu_preempt
07:42:15 PM     0        36      1.00      0.00  ksoftirqd/3
07:42:15 PM     0        42      1.00      0.00  ksoftirqd/4
07:42:15 PM     0        60      1.00      0.00  ksoftirqd/7
07:42:15 PM     0        83      1.00      0.00  migration/11
07:42:15 PM     0        95      2.00      0.00  kcompactd0
07:42:15 PM     0       453      1.00      0.00  multipathd
07:42:15 PM     0     84845      2.00      0.00  kworker/3:1-mm_percpu_wq
07:42:15 PM     0     87189      2.00      0.00  kworker/0:0-events
07:42:15 PM     0     88171      3.00      0.00  kworker/u24:55-events_unbound
07:42:15 PM     0     88222      3.00      0.00  kworker/4:3-mm_percpu_wq
07:42:15 PM     0     88669      2.00      0.00  kworker/11:1-mm_percpu_wq
07:42:15 PM     0     88734      2.00      0.00  kworker/7:1-mm_percpu_wq
07:42:15 PM     0     88741      3.00      0.00  kworker/6:2-events
07:42:15 PM     0     88759     13.00      0.00  kworker/2:1-events
07:42:15 PM     0    111013      1.00      0.00  kworker/5:0-mm_percpu_wq
07:42:15 PM     0    113933      3.00      0.00  kworker/1:2-mm_percpu_wq
07:42:15 PM     0    114647      1.00      0.00  iostat
07:42:15 PM     0    114648      1.00      0.00  pidstat
07:42:15 PM     0    114649      5.00      0.00  bash
07:42:15 PM     0    114650      7.00      0.00  bash
07:42:15 PM     0    114651      4.00      0.00  bash
07:42:15 PM     0    114653     99.00      0.00  fio
07:42:15 PM     0    115142      2.00      0.00  kworker/10:0-events
07:42:15 PM     0    115760      1.00      0.00  sleep
07:42:15 PM     0    115770      1.00      1.00  sleep
07:42:15 PM     0    115772      1.00      0.00  sleep

07:42:15 PM   UID       PID   cswch/s nvcswch/s  Command
07:42:16 PM     0        17     21.00      0.00  rcu_preempt
07:42:16 PM     0        78      1.00      0.00  ksoftirqd/10
07:42:16 PM     0        95      2.00      0.00  kcompactd0
07:42:16 PM     0       188      1.00      0.00  kworker/2:1H-kblockd
07:42:16 PM     0       359      3.00      0.00  jbd2/nvme1n1p2-8
07:42:16 PM     0       415      1.00      0.00  systemd-journal
07:42:16 PM     0       453      1.00      0.00  multipathd
07:42:16 PM     0     84845      1.00      0.00  kworker/3:1-mm_percpu_wq
07:42:16 PM     0     87189      3.00      0.00  kworker/0:0-mm_percpu_wq
07:42:16 PM     0     88171      3.00      0.00  kworker/u24:55-events_power_efficient
07:42:16 PM     0     88222      1.00      0.00  kworker/4:3-mm_percpu_wq
07:42:16 PM     0     88669      1.00      0.00  kworker/11:1-mm_percpu_wq
07:42:16 PM     0     88734      1.00      0.00  kworker/7:1-mm_percpu_wq
07:42:16 PM     0     88759     10.00      0.00  kworker/2:1-mm_percpu_wq
07:42:16 PM     0     88840      1.00      0.00  kworker/u24:1-events_power_efficient
07:42:16 PM     0    105570      1.00      0.00  kworker/9:1-mm_percpu_wq
07:42:16 PM     0    111013      4.00      0.00  kworker/5:0-events
07:42:16 PM     0    113933      2.00      0.00  kworker/1:2-events
07:42:16 PM     0    114647      1.00      0.00  iostat
07:42:16 PM     0    114648      1.00      0.00  pidstat
07:42:16 PM     0    114649      5.00      0.00  bash
07:42:16 PM     0    114650      8.00      0.00  bash
07:42:16 PM     0    114651      4.00      0.00  bash
07:42:16 PM     0    114653    100.00      0.00  fio
07:42:16 PM     0    115142      1.00      0.00  kworker/10:0-mm_percpu_wq
07:42:16 PM     0    115776      1.00      0.00  sleep

07:42:16 PM   UID       PID   cswch/s nvcswch/s  Command
07:42:17 PM     0        17     22.00      0.00  rcu_preempt
07:42:17 PM     0        48      2.00      0.00  ksoftirqd/5
07:42:17 PM     0        72      1.00      0.00  ksoftirqd/9
07:42:17 PM     0        95      2.00      0.00  kcompactd0
07:42:17 PM     0       453      1.00      0.00  multipathd
07:42:17 PM     0     84845      2.00      0.00  kworker/3:1-mm_percpu_wq
07:42:17 PM     0     87189      2.00      0.00  kworker/0:0-mm_percpu_wq
07:42:17 PM     0     88222      1.00      0.00  kworker/4:3-mm_percpu_wq
07:42:17 PM     0     88669      1.00      0.00  kworker/11:1-events
07:42:17 PM     0     88734      2.00      0.00  kworker/7:1-mm_percpu_wq
07:42:17 PM     0     88759     13.00      0.00  kworker/2:1-events
07:42:17 PM     0     88840      2.00      0.00  kworker/u24:1-edac-poller
07:42:17 PM     0    105570      1.00      0.00  kworker/9:1-events
07:42:17 PM     0    109444      2.00      0.00  kworker/8:2-mm_percpu_wq
07:42:17 PM     0    111013      2.00      0.00  kworker/5:0-mm_percpu_wq
07:42:17 PM     0    113933      3.00      0.00  kworker/1:2-mm_percpu_wq
07:42:17 PM     0    114647      1.00      0.00  iostat
07:42:17 PM     0    114648      1.00      0.00  pidstat
07:42:17 PM     0    114651      4.00      0.00  bash
07:42:17 PM     0    114653     99.00      0.00  fio
07:42:17 PM     0    115142      3.00      0.00  kworker/10:0-mm_percpu_wq
07:42:17 PM     0    115788      1.00      0.00  sleep
07:42:17 PM     0    115791      1.00      0.00  sleep

07:42:17 PM   UID       PID   cswch/s nvcswch/s  Command
07:42:18 PM     0        17     18.00      0.00  rcu_preempt
07:42:18 PM     0        18      1.00      0.00  migration/0
07:42:18 PM     0        23      1.00      0.00  migration/1
07:42:18 PM     0        29      1.00      0.00  migration/2
07:42:18 PM     0        35      1.00      0.00  migration/3
07:42:18 PM     0        41      1.00      0.00  migration/4
07:42:18 PM     0        42      1.00      0.00  ksoftirqd/4
07:42:18 PM     0        47      1.00      0.00  migration/5
07:42:18 PM     0        48      2.00      0.00  ksoftirqd/5
07:42:18 PM     0        53      1.00      0.00  migration/6
07:42:18 PM     0        59      1.00      0.00  migration/7
07:42:18 PM     0        65      1.00      0.00  migration/8
07:42:18 PM     0        71      1.00      0.00  migration/9
07:42:18 PM     0        77      1.00      0.00  migration/10
07:42:18 PM     0        83      1.00      0.00  migration/11
07:42:18 PM     0        84      1.00      0.00  ksoftirqd/11
07:42:18 PM     0        95      2.00      0.00  kcompactd0
07:42:18 PM     0       453      1.00      0.00  multipathd
07:42:18 PM     0       562      3.00      0.00  jbd2/nvme1n1p3-8
07:42:18 PM     0     84845      1.00      0.00  kworker/3:1-mm_percpu_wq
07:42:18 PM     0     87189      3.00      0.00  kworker/0:0-events
07:42:18 PM     0     88222      1.00      0.00  kworker/4:3-mm_percpu_wq
07:42:18 PM     0     88669      2.00      0.00  kworker/11:1-events
07:42:18 PM     0     88734      1.00      0.00  kworker/7:1-mm_percpu_wq
07:42:18 PM     0     88741      1.00      0.00  kworker/6:2-mm_percpu_wq
07:42:18 PM     0     88759     13.00      0.00  kworker/2:1-events
07:42:18 PM     0     88840      1.00      0.00  kworker/u24:1-edac-poller
07:42:18 PM     0    105570      2.00      0.00  kworker/9:1-events
07:42:18 PM     0    111013      4.00      0.00  kworker/5:0-events
07:42:18 PM     0    113933      1.00      0.00  kworker/1:2-events
07:42:18 PM     0    114647      1.00      0.00  iostat
07:42:18 PM     0    114648      1.00      0.00  pidstat
07:42:18 PM     0    114649      5.00      0.00  bash
07:42:18 PM     0    114650      8.00      0.00  bash
07:42:18 PM     0    114651      4.00      0.00  bash
07:42:18 PM     0    114653     99.00      0.00  fio
07:42:18 PM     0    115142      2.00      0.00  kworker/10:0-mm_percpu_wq
07:42:18 PM     0    115802      1.00      0.00  sleep
07:42:18 PM     0    115803      1.00      0.00  sleep
07:42:18 PM     0    115806      1.00      0.00  sleep

07:42:18 PM   UID       PID   cswch/s nvcswch/s  Command
07:42:19 PM     0        17     20.00      0.00  rcu_preempt
07:42:19 PM     0        24      1.00      0.00  ksoftirqd/1
07:42:19 PM     0        48      2.00      0.00  ksoftirqd/5
07:42:19 PM     0        78      2.00      0.00  ksoftirqd/10
07:42:19 PM     0        95      2.00      0.00  kcompactd0
07:42:19 PM     0       195      1.00      0.00  kworker/6:1H-kblockd
07:42:19 PM     0       453      1.00      0.00  multipathd
07:42:19 PM     0     84845      1.00      0.00  kworker/3:1-events
07:42:19 PM     0     87189      1.00      0.00  kworker/0:0-mm_percpu_wq
07:42:19 PM     0     88171      1.00      0.00  kworker/u24:55-events_power_efficient
07:42:19 PM     0     88222      1.00      0.00  kworker/4:3-mm_percpu_wq
07:42:19 PM     0     88669      3.00      0.00  kworker/11:1-mm_percpu_wq
07:42:19 PM     0     88734      1.00      0.00  kworker/7:1-mm_percpu_wq
07:42:19 PM     0     88741      1.00      0.00  kworker/6:2-mm_percpu_wq
07:42:19 PM     0     88759     13.00      0.00  kworker/2:1-mm_percpu_wq
07:42:19 PM     0     88840      1.00      0.00  kworker/u24:1-events_unbound
07:42:19 PM     0    105570      2.00      0.00  kworker/9:1-events
07:42:19 PM     0    109444      1.00      0.00  kworker/8:2-mm_percpu_wq
07:42:19 PM     0    111013      6.00      0.00  kworker/5:0-mm_percpu_wq
07:42:19 PM     0    113933      5.00      0.00  kworker/1:2-events
07:42:19 PM     0    114647      1.00      0.00  iostat
07:42:19 PM     0    114648      1.00      0.00  pidstat
07:42:19 PM     0    114649      5.00      0.00  bash
07:42:19 PM     0    114650      8.00      0.00  bash
07:42:19 PM     0    114651      4.00      0.00  bash
07:42:19 PM     0    114653    100.00      0.00  fio
07:42:19 PM     0    115142      1.00      0.00  kworker/10:0-events
07:42:19 PM     0    115817      1.00      0.00  sleep
07:42:19 PM     0    115818      1.00      0.00  sleep
07:42:19 PM     0    115821      1.00      0.00  sleep

07:42:19 PM   UID       PID   cswch/s nvcswch/s  Command
07:42:20 PM     0        17     20.00      0.00  rcu_preempt
07:42:20 PM     0        35      1.00      0.00  migration/3
07:42:20 PM     0        42      1.00      0.00  ksoftirqd/4
07:42:20 PM     0        78      2.00      0.00  ksoftirqd/10
07:42:20 PM     0        84      1.00      0.00  ksoftirqd/11
07:42:20 PM     0        95      2.00      0.00  kcompactd0
07:42:20 PM     0       189      1.00      0.00  kworker/4:1H-events_highpri
07:42:20 PM     0       453      1.00      0.00  multipathd
07:42:20 PM     0     84845      1.00      0.00  kworker/3:1-mm_percpu_wq
07:42:20 PM     0     87189      1.00      0.00  kworker/0:0-events
07:42:20 PM     0     88171      1.00      0.00  kworker/u24:55-events_power_efficient
07:42:20 PM     0     88222      3.00      0.00  kworker/4:3-mm_percpu_wq
07:42:20 PM     0     88669      3.00      0.00  kworker/11:1-events
07:42:20 PM     0     88734      1.00      0.00  kworker/7:1-mm_percpu_wq
07:42:20 PM     0     88741      1.00      0.00  kworker/6:2-mm_percpu_wq
07:42:20 PM     0     88759     11.00      0.00  kworker/2:1-events
07:42:20 PM     0     88840      3.00      0.00  kworker/u24:1-flush-259:1
07:42:20 PM     0    105570      2.00      0.00  kworker/9:1-events
07:42:20 PM     0    111013      1.00      0.00  kworker/5:0-events
07:42:20 PM     0    113933      2.00      0.00  kworker/1:2-events
07:42:20 PM     0    114647      1.00      0.00  iostat
07:42:20 PM     0    114648      1.00      0.00  pidstat
07:42:20 PM     0    114649      5.00      0.00  bash
07:42:20 PM     0    114650      8.00      0.00  bash
07:42:20 PM     0    114651      4.00      0.00  bash
07:42:20 PM     0    114653     99.00      0.00  fio
07:42:20 PM     0    115142      6.00      0.00  kworker/10:0-mm_percpu_wq
07:42:20 PM     0    115832      1.00      0.00  sleep
07:42:20 PM     0    115833      1.00      0.00  sleep
07:42:20 PM     0    115836      1.00      0.00  sleep

07:42:20 PM   UID       PID   cswch/s nvcswch/s  Command
07:42:21 PM     0         1      1.00      0.00  systemd
07:42:21 PM     0        16      1.00      0.00  ksoftirqd/0
07:42:21 PM     0        17     20.00      0.00  rcu_preempt
07:42:21 PM     0        48      1.00      0.00  ksoftirqd/5
07:42:21 PM     0        84      1.00      0.00  ksoftirqd/11
07:42:21 PM     0        95      2.00      0.00  kcompactd0
07:42:21 PM     0       102      1.00      0.00  irq/9-acpi
07:42:21 PM     0       453      2.00      0.00  multipathd
07:42:21 PM   101       608      1.00      0.00  systemd-network
07:42:21 PM     0     84845      3.00      0.00  kworker/3:1-events
07:42:21 PM     0     87189      4.00      0.00  kworker/0:0-mm_percpu_wq
07:42:21 PM     0     88171      3.00      0.00  kworker/u24:55-writeback
07:42:21 PM     0     88222      2.00      0.00  kworker/4:3-mm_percpu_wq
07:42:21 PM     0     88669      2.00      0.00  kworker/11:1-events
07:42:21 PM     0     88734      1.00      0.00  kworker/7:1-mm_percpu_wq
07:42:21 PM     0     88741      1.00      0.00  kworker/6:2-mm_percpu_wq
07:42:21 PM     0     88759     13.00      0.00  kworker/2:1-events
07:42:21 PM     0     88840      2.00      0.00  kworker/u24:1-flush-259:1
07:42:21 PM     0    105570      2.00      0.00  kworker/9:1-events
07:42:21 PM     0    107898      2.00      0.00  kworker/1:1-i915-unordered
07:42:21 PM     0    111013      2.00      0.00  kworker/5:0-events
07:42:21 PM     0    113933     11.00      0.00  kworker/1:2-mm_percpu_wq
07:42:21 PM     0    114647      1.00      0.00  iostat
07:42:21 PM     0    114648      1.00      0.00  pidstat
07:42:21 PM     0    114649      5.00      0.00  bash
07:42:21 PM     0    114650      8.00      0.00  bash
07:42:21 PM     0    114651      4.00      0.00  bash
07:42:21 PM     0    114653    100.00      0.00  fio
07:42:21 PM     0    115847      1.00      0.00  sleep
07:42:21 PM     0    115848      1.00      0.00  sleep
07:42:21 PM     0    115851      1.00      0.00  sleep

07:42:21 PM   UID       PID   cswch/s nvcswch/s  Command
07:42:22 PM     0        17     18.00      0.00  rcu_preempt
07:42:22 PM     0        18      1.00      0.00  migration/0
07:42:22 PM     0        23      1.00      0.00  migration/1
07:42:22 PM     0        29      1.00      0.00  migration/2
07:42:22 PM     0        35      1.00      0.00  migration/3
07:42:22 PM     0        36      1.00      0.00  ksoftirqd/3
07:42:22 PM     0        41      1.00      0.00  migration/4
07:42:22 PM     0        42      1.00      0.00  ksoftirqd/4
07:42:22 PM     0        47      1.00      0.00  migration/5
07:42:22 PM     0        48      1.00      0.00  ksoftirqd/5
07:42:22 PM     0        53      1.00      0.00  migration/6
07:42:22 PM     0        59      1.00      0.00  migration/7
07:42:22 PM     0        65      1.00      0.00  migration/8
07:42:22 PM     0        71      1.00      0.00  migration/9
07:42:22 PM     0        77      1.00      0.00  migration/10
07:42:22 PM     0        83      1.00      0.00  migration/11
07:42:22 PM     0        84      1.00      0.00  ksoftirqd/11
07:42:22 PM     0        95      2.00      0.00  kcompactd0
07:42:22 PM     0       453      1.00      0.00  multipathd
07:42:22 PM     0     21554      1.00      0.00  packagekitd
07:42:22 PM     0     84845      1.00      0.00  kworker/3:1-mm_percpu_wq
07:42:22 PM     0     87189      3.00      0.00  kworker/0:0-events
07:42:22 PM     0     88171      1.00      0.00  kworker/u24:55-edac-poller
07:42:22 PM     0     88222      2.00      0.00  kworker/4:3-mm_percpu_wq
07:42:22 PM     0     88669      3.00      0.00  kworker/11:1-events
07:42:22 PM     0     88734      1.00      0.00  kworker/7:1-mm_percpu_wq
07:42:22 PM     0     88741      1.00      0.00  kworker/6:2-mm_percpu_wq
07:42:22 PM     0     88759     11.00      0.00  kworker/2:1-events
07:42:22 PM     0    105570      3.00      0.00  kworker/9:1-events
07:42:22 PM     0    111013      3.00      0.00  kworker/5:0-events
07:42:22 PM     0    113933      3.00      0.00  kworker/1:2-events
07:42:22 PM     0    114647      1.00      0.00  iostat
07:42:22 PM     0    114648      1.00      0.00  pidstat
07:42:22 PM     0    114649      5.00      0.00  bash
07:42:22 PM     0    114650      8.00      0.00  bash
07:42:22 PM     0    114651      4.00      0.00  bash
07:42:22 PM     0    114653     99.00      0.00  fio
07:42:22 PM     0    115142      1.00      0.00  kworker/10:0-mm_percpu_wq
07:42:22 PM     0    115862      1.00      0.00  sleep
07:42:22 PM     0    115863      1.00      0.00  sleep
07:42:22 PM     0    115866      1.00      0.00  sleep

07:42:22 PM   UID       PID   cswch/s nvcswch/s  Command
07:42:23 PM     0        16      1.00      0.00  ksoftirqd/0
07:42:23 PM     0        17     22.00      0.00  rcu_preempt
07:42:23 PM     0        53      1.00      0.00  migration/6
07:42:23 PM     0        54      1.00      1.00  ksoftirqd/6
07:42:23 PM     0        72      1.00      0.00  ksoftirqd/9
07:42:23 PM     0        78      1.00      0.00  ksoftirqd/10
07:42:23 PM     0        95      2.00      0.00  kcompactd0
07:42:23 PM     0       188      1.00      0.00  kworker/2:1H-kblockd
07:42:23 PM     0       453      1.00      0.00  multipathd
07:42:23 PM     0       562      3.00      0.00  jbd2/nvme1n1p3-8
07:42:23 PM     0     84845      3.00      0.00  kworker/3:1-events
07:42:23 PM     0     87189      1.00      0.00  kworker/0:0-events
07:42:23 PM     0     88171      2.00      0.00  kworker/u24:55-events_unbound
07:42:23 PM     0     88222      4.00      0.00  kworker/4:3-mm_percpu_wq
07:42:23 PM     0     88669      3.00      0.00  kworker/11:1-events
07:42:23 PM     0     88734      1.00      0.00  kworker/7:1-mm_percpu_wq
07:42:23 PM     0     88741      4.00      0.00  kworker/6:2-events
07:42:23 PM     0     88759     12.00      0.00  kworker/2:1-events
07:42:23 PM     0    105570      3.00      0.00  kworker/9:1-events
07:42:23 PM     0    111013      1.00      0.00  kworker/5:0-mm_percpu_wq
07:42:23 PM     0    113933      4.00      0.00  kworker/1:2-mm_percpu_wq
07:42:23 PM     0    114647      1.00      0.00  iostat
07:42:23 PM     0    114648      1.00      0.00  pidstat
07:42:23 PM     0    114649      5.00      0.00  bash
07:42:23 PM     0    114650      7.00      0.00  bash
07:42:23 PM     0    114651      4.00      0.00  bash
07:42:23 PM     0    114653     99.00      0.00  fio
07:42:23 PM     0    115142      1.00      0.00  kworker/10:0-mm_percpu_wq
07:42:23 PM     0    115876      1.00      1.00  sleep
07:42:23 PM     0    115878      1.00      0.00  sleep
07:42:23 PM     0    115881      1.00      0.00  sleep

07:42:23 PM   UID       PID   cswch/s nvcswch/s  Command
07:42:24 PM     0        17     21.00      0.00  rcu_preempt
07:42:24 PM     0        48      2.00      0.00  ksoftirqd/5
07:42:24 PM     0        60      1.00      0.00  ksoftirqd/7
07:42:24 PM     0        72      1.00      0.00  ksoftirqd/9
07:42:24 PM     0        95      2.00      0.00  kcompactd0
07:42:24 PM     0       453      1.00      0.00  multipathd
07:42:24 PM     0     84845      1.00      0.00  kworker/3:1-mm_percpu_wq
07:42:24 PM     0     87189      2.00      0.00  kworker/0:0-mm_percpu_wq
07:42:24 PM     0     88171      1.00      0.00  kworker/u24:55-edac-poller
07:42:24 PM     0     88222      1.00      0.00  kworker/4:3-mm_percpu_wq
07:42:24 PM     0     88669      2.00      0.00  kworker/11:1-events
07:42:24 PM     0     88734      1.00      0.00  kworker/7:1-mm_percpu_wq
07:42:24 PM     0     88759     10.00      0.00  kworker/2:1-mm_percpu_wq
07:42:24 PM     0    105570      2.00      0.00  kworker/9:1-events
07:42:24 PM     0    111013      4.00      0.00  kworker/5:0-events
07:42:24 PM     0    113933      1.00      0.00  kworker/1:2-mm_percpu_wq
07:42:24 PM     0    114647      1.00      0.00  iostat
07:42:24 PM     0    114648      1.00      0.00  pidstat
07:42:24 PM     0    114649      5.00      1.00  bash
07:42:24 PM     0    114650      8.00      0.00  bash
07:42:24 PM     0    114651      4.00      0.00  bash
07:42:24 PM     0    114653    100.00      0.00  fio
07:42:24 PM     0    115142      2.00      0.00  kworker/10:0-mm_percpu_wq
07:42:24 PM     0    115892      1.00      0.00  sleep
07:42:24 PM     0    115893      1.00      0.00  sleep
07:42:24 PM     0    115896      1.00      0.00  sleep

07:42:24 PM   UID       PID   cswch/s nvcswch/s  Command
07:42:25 PM     0        16      1.00      0.00  ksoftirqd/0
07:42:25 PM     0        17     17.00      0.00  rcu_preempt
07:42:25 PM     0        24      1.00      0.00  ksoftirqd/1
07:42:25 PM     0        48      2.00      0.00  ksoftirqd/5
07:42:25 PM     0        84      1.00      0.00  ksoftirqd/11
07:42:25 PM     0        95      2.00      0.00  kcompactd0
07:42:25 PM     0       453      1.00      0.00  multipathd
07:42:25 PM     0     84845      2.00      0.00  kworker/3:1-events
07:42:25 PM     0     87189      5.00      0.00  kworker/0:0-events
07:42:25 PM     0     88171      1.00      0.00  kworker/u24:55-events_power_efficient
07:42:25 PM     0     88222      2.00      0.00  kworker/4:3-mm_percpu_wq
07:42:25 PM     0     88669      3.00      0.00  kworker/11:1-events
07:42:25 PM     0     88734      2.00      0.00  kworker/7:1-mm_percpu_wq
07:42:25 PM     0     88759     14.00      0.00  kworker/2:1-events
07:42:25 PM     0     88840      3.00      0.00  kworker/u24:1-flush-259:1
07:42:25 PM     0    105570      2.00      0.00  kworker/9:1-events
07:42:25 PM     0    111013      3.00      0.00  kworker/5:0-events
07:42:25 PM     0    113933      2.00      0.00  kworker/1:2-events
07:42:25 PM     0    114647      1.00      0.00  iostat
07:42:25 PM     0    114648      1.00      1.00  pidstat
07:42:25 PM     0    114649      5.00      0.00  bash
07:42:25 PM     0    114650      8.00      0.00  bash
07:42:25 PM     0    114651      4.00      0.00  bash
07:42:25 PM     0    114653     99.00      0.00  fio
07:42:25 PM     0    115907      1.00      0.00  sleep
07:42:25 PM     0    115908      1.00      0.00  sleep
07:42:25 PM     0    115911      1.00      0.00  sleep

07:42:25 PM   UID       PID   cswch/s nvcswch/s  Command
07:42:26 PM     0        16      2.00      0.00  ksoftirqd/0
07:42:26 PM     0        17     15.00      0.00  rcu_preempt
07:42:26 PM     0        18      1.00      0.00  migration/0
07:42:26 PM     0        23      1.00      0.00  migration/1
07:42:26 PM     0        24      2.00      0.00  ksoftirqd/1
07:42:26 PM     0        29      1.00      0.00  migration/2
07:42:26 PM     0        35      1.00      0.00  migration/3
07:42:26 PM     0        41      1.00      0.00  migration/4
07:42:26 PM     0        42      1.00      0.00  ksoftirqd/4
07:42:26 PM     0        47      2.00      0.00  migration/5
07:42:26 PM     0        48      1.00      0.00  ksoftirqd/5
07:42:26 PM     0        53      1.00      0.00  migration/6
07:42:26 PM     0        59      1.00      0.00  migration/7
07:42:26 PM     0        60      1.00      0.00  ksoftirqd/7
07:42:26 PM     0        65      1.00      0.00  migration/8
07:42:26 PM     0        71      2.00      0.00  migration/9
07:42:26 PM     0        77      1.00      0.00  migration/10
07:42:26 PM     0        83      1.00      0.00  migration/11
07:42:26 PM     0        84      1.00      0.00  ksoftirqd/11
07:42:26 PM     0        95      2.00      0.00  kcompactd0
07:42:26 PM     0       453      1.00      0.00  multipathd
07:42:26 PM     0     84845      1.00      0.00  kworker/3:1-mm_percpu_wq
07:42:26 PM     0     87189      3.00      0.00  kworker/0:0-mm_percpu_wq
07:42:26 PM     0     88222      1.00      0.00  kworker/4:3-mm_percpu_wq
07:42:26 PM     0     88669      2.00      0.00  kworker/11:1-events
07:42:26 PM     0     88734      3.00      0.00  kworker/7:1-mm_percpu_wq
07:42:26 PM     0     88759     12.00      0.00  kworker/2:1-events
07:42:26 PM     0     88840      3.00      0.00  kworker/u24:1-flush-259:1
07:42:26 PM     0    105570      1.00      0.00  kworker/9:1-mm_percpu_wq
07:42:26 PM     0    111013      3.00      0.00  kworker/5:0-events
07:42:26 PM     0    113933      2.00      0.00  kworker/1:2-events
07:42:26 PM     0    114647      1.00      0.00  iostat
07:42:26 PM     0    114648      1.00      0.00  pidstat
07:42:26 PM     0    114649      5.00      0.00  bash
07:42:26 PM     0    114650      8.00      0.00  bash
07:42:26 PM     0    114651      4.00      0.00  bash
07:42:26 PM     0    114653    100.00      0.00  fio
07:42:26 PM     0    115142      1.00      0.00  kworker/10:0-mm_percpu_wq
07:42:26 PM     0    115922      1.00      0.00  sleep
07:42:26 PM     0    115923      1.00      0.00  sleep
07:42:26 PM     0    115926      1.00      0.00  sleep

07:42:26 PM   UID       PID   cswch/s nvcswch/s  Command
07:42:27 PM     0        16      2.00      0.00  ksoftirqd/0
07:42:27 PM     0        17     18.00      0.00  rcu_preempt
07:42:27 PM     0        18      1.00      0.00  migration/0
07:42:27 PM     0        24      1.00      0.00  ksoftirqd/1
07:42:27 PM     0        36      1.00      0.00  ksoftirqd/3
07:42:27 PM     0        42      1.00      0.00  ksoftirqd/4
07:42:27 PM     0        48      3.00      0.00  ksoftirqd/5
07:42:27 PM     0        95      2.00      0.00  kcompactd0
07:42:27 PM     0       187      1.00      0.00  kworker/0:1H-kblockd
07:42:27 PM     0       453      1.00      0.00  multipathd
07:42:27 PM     0     84845      3.00      0.00  kworker/3:1-events
07:42:27 PM     0     87189      3.00      0.00  kworker/0:0-events
07:42:27 PM     0     88222      1.00      0.00  kworker/4:3-mm_percpu_wq
07:42:27 PM     0     88669      2.00      0.00  kworker/11:1-events
07:42:27 PM     0     88734      3.00      0.00  kworker/7:1-mm_percpu_wq
07:42:27 PM     0     88759     12.00      0.00  kworker/2:1-mm_percpu_wq
07:42:27 PM     0     88840      1.00      0.00  kworker/u24:1-edac-poller
07:42:27 PM     0    105570      1.00      0.00  kworker/9:1-mm_percpu_wq
07:42:27 PM     0    111013      5.00      0.00  kworker/5:0-events
07:42:27 PM     0    113933      3.00      0.00  kworker/1:2-events
07:42:27 PM     0    114647      1.00      0.00  iostat
07:42:27 PM     0    114648      1.00      0.00  pidstat
07:42:27 PM     0    114649      5.00      0.00  bash
07:42:27 PM     0    114650      7.00      0.00  bash
07:42:27 PM     0    114651      4.00      0.00  bash
07:42:27 PM     0    114653     99.00      0.00  fio
07:42:27 PM     0    115142      2.00      0.00  kworker/10:0-events
07:42:27 PM     0    115937      1.00      0.00  sleep
07:42:27 PM     0    115938      1.00      0.00  sleep
07:42:27 PM     0    115941      1.00      0.00  sleep

07:42:27 PM   UID       PID   cswch/s nvcswch/s  Command
07:42:28 PM     0        16      1.00      0.00  ksoftirqd/0
07:42:28 PM     0        17     17.00      0.00  rcu_preempt
07:42:28 PM     0        35      1.00      0.00  migration/3
07:42:28 PM     0        48      2.00      0.00  ksoftirqd/5
07:42:28 PM     0        60      2.00      0.00  ksoftirqd/7
07:42:28 PM     0        72      1.00      0.00  ksoftirqd/9
07:42:28 PM     0        95      2.00      0.00  kcompactd0
07:42:28 PM     0       453      1.00      0.00  multipathd
07:42:28 PM     0       562      3.00      0.00  jbd2/nvme1n1p3-8
07:42:28 PM     0     84845      1.00      0.00  kworker/3:1-mm_percpu_wq
07:42:28 PM     0     87189      4.00      0.00  kworker/0:0-mm_percpu_wq
07:42:28 PM     0     88222      1.00      0.00  kworker/4:3-mm_percpu_wq
07:42:28 PM     0     88669      1.00      0.00  kworker/11:1-events
07:42:28 PM     0     88734      2.00      0.00  kworker/7:1-mm_percpu_wq
07:42:28 PM     0     88741      1.00      0.00  kworker/6:2-mm_percpu_wq
07:42:28 PM     0     88759     11.00      0.00  kworker/2:1-events
07:42:28 PM     0     88840      4.00      0.00  kworker/u24:1-edac-poller
07:42:28 PM     0    105570      1.00      0.00  kworker/9:1-events
07:42:28 PM     0    111013      6.00      0.00  kworker/5:0-events
07:42:28 PM     0    113933      1.00      0.00  kworker/1:2-mm_percpu_wq
07:42:28 PM     0    114647      1.00      0.00  iostat
07:42:28 PM     0    114648      1.00      1.00  pidstat
07:42:28 PM     0    114649      5.00      0.00  bash
07:42:28 PM     0    114650      7.00      0.00  bash
07:42:28 PM     0    114651      4.00      0.00  bash
07:42:28 PM     0    114653    100.00      0.00  fio
07:42:28 PM     0    115142      1.00      0.00  kworker/10:0-mm_percpu_wq
07:42:28 PM     0    115952      1.00      0.00  sleep
07:42:28 PM     0    115953      1.00      0.00  sleep
07:42:28 PM     0    115956      1.00      0.00  sleep

07:42:28 PM   UID       PID   cswch/s nvcswch/s  Command
07:42:29 PM     0        17     20.00      0.00  rcu_preempt
07:42:29 PM     0        48      1.00      0.00  ksoftirqd/5
07:42:29 PM     0        60      1.00      0.00  ksoftirqd/7
07:42:29 PM     0        71      1.00      0.00  migration/9
07:42:29 PM     0        95      2.00      0.00  kcompactd0
07:42:29 PM     0       188      1.00      0.00  kworker/2:1H-kblockd
07:42:29 PM     0       453      1.00      0.00  multipathd
07:42:29 PM     0     84845      2.00      0.00  kworker/3:1-events
07:42:29 PM     0     87189      1.00      0.00  kworker/0:0-events
07:42:29 PM     0     88222      1.00      0.00  kworker/4:3-mm_percpu_wq
07:42:29 PM     0     88669      2.00      0.00  kworker/11:1-events
07:42:29 PM     0     88734      3.00      0.00  kworker/7:1-mm_percpu_wq
07:42:29 PM     0     88759     12.00      0.00  kworker/2:1-mm_percpu_wq
07:42:29 PM     0     88840      1.00      0.00  kworker/u24:1-edac-poller
07:42:29 PM     0    105570      1.00      0.00  kworker/9:1-mm_percpu_wq
07:42:29 PM     0    111013      5.00      0.00  kworker/5:0-events
07:42:29 PM     0    113933      4.00      0.00  kworker/1:2-events
07:42:29 PM     0    114647      1.00      0.00  iostat
07:42:29 PM     0    114648      1.00      1.00  pidstat
07:42:29 PM     0    114649      5.00      0.00  bash
07:42:29 PM     0    114650      6.00      0.00  bash
07:42:29 PM     0    114651      4.00      0.00  bash
07:42:29 PM     0    114653     99.00      0.00  fio
07:42:29 PM     0    115967      1.00      0.00  sleep
07:42:29 PM     0    115968      1.00      0.00  sleep
07:42:29 PM     0    115971      1.00      0.00  sleep

07:42:29 PM   UID       PID   cswch/s nvcswch/s  Command
07:42:30 PM     0        17     22.00      0.00  rcu_preempt
07:42:30 PM     0        18      1.00      0.00  migration/0
07:42:30 PM     0        23      1.00      0.00  migration/1
07:42:30 PM     0        29      1.00      0.00  migration/2
07:42:30 PM     0        35      1.00      0.00  migration/3
07:42:30 PM     0        36      1.00      0.00  ksoftirqd/3
07:42:30 PM     0        41      1.00      0.00  migration/4
07:42:30 PM     0        47      1.00      0.00  migration/5
07:42:30 PM     0        48      1.00      0.00  ksoftirqd/5
07:42:30 PM     0        53      1.00      0.00  migration/6
07:42:30 PM     0        59      1.00      0.00  migration/7
07:42:30 PM     0        60      1.00      0.00  ksoftirqd/7
07:42:30 PM     0        65      1.00      0.00  migration/8
07:42:30 PM     0        71      1.00      0.00  migration/9
07:42:30 PM     0        77      1.00      0.00  migration/10
07:42:30 PM     0        78      1.00      0.00  ksoftirqd/10
07:42:30 PM     0        83      1.00      0.00  migration/11
07:42:30 PM     0        95      2.00      0.00  kcompactd0
07:42:30 PM     0       453      1.00      0.00  multipathd
07:42:30 PM     0       773      2.00      0.00  sshd
07:42:30 PM     0     84845      1.00      0.00  kworker/3:1-mm_percpu_wq
07:42:30 PM     0     87189      3.00      0.00  kworker/0:0-mm_percpu_wq
07:42:30 PM     0     88171      2.00      0.00  kworker/u24:55-flush-259:1
07:42:30 PM     0     88222      5.00      0.00  kworker/4:3-mm_percpu_wq
07:42:30 PM     0     88734      2.00      0.00  kworker/7:1-mm_percpu_wq
07:42:30 PM     0     88741      1.00      0.00  kworker/6:2-mm_percpu_wq
07:42:30 PM     0     88759     12.00      0.00  kworker/2:1-events
07:42:30 PM     0     88840      2.00      0.00  kworker/u24:1-events_power_efficient
07:42:30 PM     0    113933      2.00      0.00  kworker/1:2-mm_percpu_wq
07:42:30 PM     0    114647      1.00      0.00  iostat
07:42:30 PM     0    114648      1.00      0.00  pidstat
07:42:30 PM     0    114649      5.00      0.00  bash
07:42:30 PM     0    114650      7.00      0.00  bash
07:42:30 PM     0    114651      4.00      0.00  bash
07:42:30 PM     0    114653     99.00      0.00  fio
07:42:30 PM     0    115142      2.00      0.00  kworker/10:0-events
07:42:30 PM     0    115982      1.00      0.00  sleep
07:42:30 PM     0    115983      1.00      0.00  sleep
07:42:30 PM     0    115986      1.00      0.00  sleep
07:42:30 PM     0    115987      1.00      1.00  sshd
07:42:30 PM   113    115988      1.00      0.00  sshd

07:42:30 PM   UID       PID   cswch/s nvcswch/s  Command
07:42:31 PM     0         1      4.00      0.00  systemd
07:42:31 PM     0         2      1.00      0.00  kthreadd
07:42:31 PM     0        17     26.00      0.00  rcu_preempt
07:42:31 PM     0        48      1.00      0.00  ksoftirqd/5
07:42:31 PM     0        54      1.00      0.00  ksoftirqd/6
07:42:31 PM     0        71      1.00      0.00  migration/9
07:42:31 PM     0        78      1.00      0.00  ksoftirqd/10
07:42:31 PM     0        95      2.00      0.00  kcompactd0
07:42:31 PM     0       102      1.00      0.00  irq/9-acpi
07:42:31 PM     0       172      4.00      0.00  kworker/3:1H-kblockd
07:42:31 PM     0       359      3.00      0.00  jbd2/nvme1n1p2-8
07:42:31 PM     0       415      5.00      0.00  systemd-journal
07:42:31 PM     0       453      2.00      0.00  multipathd
07:42:31 PM     0       773      1.00      0.00  sshd
07:42:31 PM     0     84845      2.00      0.00  kworker/3:1-mm_percpu_wq
07:42:31 PM     0     87189      4.00      0.00  kworker/0:0-events
07:42:31 PM     0     88171      8.00      0.00  kworker/u24:55-ext4-rsv-conversion
07:42:31 PM     0     88222      2.00      0.00  kworker/4:3-mm_percpu_wq
07:42:31 PM     0     88669      2.00      0.00  kworker/11:1-events
07:42:31 PM     0     88734      1.00      0.00  kworker/7:1-mm_percpu_wq
07:42:31 PM     0     88741      1.00      0.00  kworker/6:2-mm_percpu_wq
07:42:31 PM     0     88759     15.00      0.00  kworker/2:1-events
07:42:31 PM     0    101778      2.00      0.00  kworker/1:0-events
07:42:31 PM     0    105570      1.00      0.00  kworker/9:1-mm_percpu_wq
07:42:31 PM     0    107898   1133.00      0.00  kworker/1:1+i915-unordered
07:42:31 PM     0    109444      2.00      0.00  kworker/8:2-mm_percpu_wq
07:42:31 PM     0    111013      1.00      0.00  kworker/5:0-mm_percpu_wq
07:42:31 PM     0    113933   1141.00      1.00  kworker/1:2-mm_percpu_wq
07:42:31 PM     0    114647      1.00      0.00  iostat
07:42:31 PM     0    114648      1.00      0.00  pidstat
07:42:31 PM     0    114649      5.00      0.00  bash
07:42:31 PM     0    114650      7.00      1.00  bash
07:42:31 PM     0    114651      4.00      0.00  bash
07:42:31 PM     0    114653    100.00      0.00  fio
07:42:31 PM     0    115142      3.00      0.00  kworker/10:0-mm_percpu_wq
07:42:31 PM     0    115999      1.00      0.00  sleep
07:42:31 PM     0    116000      1.00      0.00  sleep
07:42:31 PM     0    116003      1.00      0.00  sleep
07:42:31 PM     0    116004      2.00      0.00  kworker/1:3

07:42:31 PM   UID       PID   cswch/s nvcswch/s  Command
07:42:32 PM     0        17     17.00      0.00  rcu_preempt
07:42:32 PM     0        41      1.00      0.00  migration/4
07:42:32 PM     0        42      1.00      0.00  ksoftirqd/4
07:42:32 PM     0        54      1.00      0.00  ksoftirqd/6
07:42:32 PM     0        60      3.00      0.00  ksoftirqd/7
07:42:32 PM     0        72      2.00      0.00  ksoftirqd/9
07:42:32 PM     0        95      2.00      0.00  kcompactd0
07:42:32 PM     0       453      1.00      0.00  multipathd
07:42:32 PM     0     21554      1.00      0.00  packagekitd
07:42:32 PM     0     87189      2.00      0.00  kworker/0:0-mm_percpu_wq
07:42:32 PM     0     88171      3.00      0.00  kworker/u24:55-events_power_efficient
07:42:32 PM     0     88222      4.00      0.00  kworker/4:3-mm_percpu_wq
07:42:32 PM     0     88734      1.00      0.00  kworker/7:1-mm_percpu_wq
07:42:32 PM     0     88759     10.00      0.00  kworker/2:1-mm_percpu_wq
07:42:32 PM     0     88840      3.00      0.00  kworker/u24:1-edac-poller
07:42:32 PM     0    105570      3.00      0.00  kworker/9:1-events
07:42:32 PM     0    107898      1.00      0.00  kworker/1:1-i915-unordered
07:42:32 PM     0    114647      1.00      0.00  iostat
07:42:32 PM     0    114648      1.00      1.00  pidstat
07:42:32 PM     0    114649      5.00      0.00  bash
07:42:32 PM     0    114650      7.00      0.00  bash
07:42:32 PM     0    114651      4.00      0.00  bash
07:42:32 PM     0    114653     99.00      0.00  fio
07:42:32 PM     0    116014      1.00      1.00  sleep
07:42:32 PM     0    116016      1.00      0.00  sleep
07:42:32 PM     0    116019      1.00      0.00  sleep

07:42:32 PM   UID       PID   cswch/s nvcswch/s  Command
07:42:33 PM     0        17     14.00      0.00  rcu_preempt
07:42:33 PM     0        24      1.00      1.00  ksoftirqd/1
07:42:33 PM     0        54      1.00      0.00  ksoftirqd/6
07:42:33 PM     0        60      2.00      0.00  ksoftirqd/7
07:42:33 PM     0        95      2.00      0.00  kcompactd0
07:42:33 PM     0       453      1.00      0.00  multipathd
07:42:33 PM     0       562      3.00      0.00  jbd2/nvme1n1p3-8
07:42:33 PM     0     84845      3.00      0.00  kworker/3:1-events
07:42:33 PM     0     87189      2.00      0.00  kworker/0:0-events
07:42:33 PM     0     88222      3.00      0.00  kworker/4:3-mm_percpu_wq
07:42:33 PM     0     88669      1.00      0.00  kworker/11:1-mm_percpu_wq
07:42:33 PM     0     88734      4.00      0.00  kworker/7:1-mm_percpu_wq
07:42:33 PM     0     88741      1.00      0.00  kworker/6:2-mm_percpu_wq
07:42:33 PM     0     88759     13.00      0.00  kworker/2:1-events
07:42:33 PM     0     88840      2.00      0.00  kworker/u24:1-edac-poller
07:42:33 PM     0    105570      1.00      0.00  kworker/9:1-mm_percpu_wq
07:42:33 PM     0    107898      5.00      0.00  kworker/1:1-mm_percpu_wq
07:42:33 PM     0    109444      1.00      0.00  kworker/8:2-mm_percpu_wq
07:42:33 PM     0    111013      1.00      0.00  kworker/5:0-mm_percpu_wq
07:42:33 PM     0    114647      1.00      0.00  iostat
07:42:33 PM     0    114648      1.00      0.00  pidstat
07:42:33 PM     0    114649      5.00      1.00  bash
07:42:33 PM     0    114650      8.00      1.00  bash
07:42:33 PM     0    114651      4.00      0.00  bash
07:42:33 PM     0    114653    100.00      0.00  fio
07:42:33 PM     0    115142      2.00      0.00  kworker/10:0-mm_percpu_wq
07:42:33 PM     0    116030      1.00      0.00  sleep
07:42:33 PM     0    116031      1.00      0.00  sleep
07:42:33 PM     0    116034      1.00      0.00  sleep

07:42:33 PM   UID       PID   cswch/s nvcswch/s  Command
07:42:34 PM     0        17     14.00      0.00  rcu_preempt
07:42:34 PM     0        18      1.00      0.00  migration/0
07:42:34 PM     0        23      2.00      0.00  migration/1
07:42:34 PM     0        29      1.00      0.00  migration/2
07:42:34 PM     0        35      1.00      0.00  migration/3
07:42:34 PM     0        41      1.00      0.00  migration/4
07:42:34 PM     0        42      2.00      0.00  ksoftirqd/4
07:42:34 PM     0        47      1.00      0.00  migration/5
07:42:34 PM     0        53      1.00      0.00  migration/6
07:42:34 PM     0        59      1.00      0.00  migration/7
07:42:34 PM     0        65      1.00      0.00  migration/8
07:42:34 PM     0        71      1.00      0.00  migration/9
07:42:34 PM     0        77      1.00      0.00  migration/10
07:42:34 PM     0        78      1.00      0.00  ksoftirqd/10
07:42:34 PM     0        83      1.00      0.00  migration/11
07:42:34 PM     0        95      2.00      0.00  kcompactd0
07:42:34 PM     0       113      1.00      0.00  kworker/5:1H-kblockd
07:42:34 PM     0       453      1.00      0.00  multipathd
07:42:34 PM     0     84845      2.00      0.00  kworker/3:1-events
07:42:34 PM     0     87189      2.00      0.00  kworker/0:0-mm_percpu_wq
07:42:34 PM     0     88222      4.00      0.00  kworker/4:3-mm_percpu_wq
07:42:34 PM     0     88734      1.00      0.00  kworker/7:1-mm_percpu_wq
07:42:34 PM     0     88741      1.00      0.00  kworker/6:2-events
07:42:34 PM     0     88759     12.00      0.00  kworker/2:1-events
07:42:34 PM     0     88840      2.00      0.00  kworker/u24:1-edac-poller
07:42:34 PM     0    109444      1.00      0.00  kworker/8:2-mm_percpu_wq
07:42:34 PM     0    111013      2.00      0.00  kworker/5:0-events
07:42:34 PM     0    114647      1.00      0.00  iostat
07:42:34 PM     0    114648      1.00      1.00  pidstat
07:42:34 PM     0    114649      5.00      0.00  bash
07:42:34 PM     0    114650      8.00      0.00  bash
07:42:34 PM     0    114651      4.00      0.00  bash
07:42:34 PM     0    114653     99.00      0.00  fio
07:42:34 PM     0    115142      2.00      0.00  kworker/10:0-events
07:42:34 PM     0    116047      1.00      0.00  sleep
07:42:34 PM     0    116048      1.00      0.00  sleep
07:42:34 PM     0    116049      1.00      0.00  sleep

07:42:34 PM   UID       PID   cswch/s nvcswch/s  Command
07:42:35 PM     0        17     13.00      0.00  rcu_preempt
07:42:35 PM     0        35      1.00      0.00  migration/3
07:42:35 PM     0        42      2.00      1.00  ksoftirqd/4
07:42:35 PM     0        48      1.00      0.00  ksoftirqd/5
07:42:35 PM     0        54      1.00      0.00  ksoftirqd/6
07:42:35 PM     0        72      1.00      0.00  ksoftirqd/9
07:42:35 PM     0        77      1.00      0.00  migration/10
07:42:35 PM     0        84      1.00      0.00  ksoftirqd/11
07:42:35 PM     0        95      2.00      0.00  kcompactd0
07:42:35 PM     0       176      1.00      0.00  kworker/11:1H-kblockd
07:42:35 PM     0       188      1.00      0.00  kworker/2:1H-kblockd
07:42:35 PM     0       453      1.00      0.00  multipathd
07:42:35 PM     0     84845      2.00      0.00  kworker/3:1-events
07:42:35 PM     0     87189      2.00      0.00  kworker/0:0-events
07:42:35 PM     0     88171      1.00      0.00  kworker/u24:55-events_power_efficient
07:42:35 PM     0     88222      5.00      0.00  kworker/4:3-events
07:42:35 PM     0     88669      3.00      0.00  kworker/11:1-events
07:42:35 PM     0     88734      3.00      0.00  kworker/7:1-mm_percpu_wq
07:42:35 PM     0     88741      2.00      0.00  kworker/6:2-events
07:42:35 PM     0     88759     12.00      0.00  kworker/2:1-mm_percpu_wq
07:42:35 PM     0     88840      5.00      0.00  kworker/u24:1-events_power_efficient
07:42:35 PM     0    105570      2.00      0.00  kworker/9:1-events
07:42:35 PM     0    107898      4.00      0.00  kworker/1:1-mm_percpu_wq
07:42:35 PM     0    111013      3.00      0.00  kworker/5:0-events
07:42:35 PM     0    114647      1.00      0.00  iostat
07:42:35 PM     0    114648      1.00      1.00  pidstat
07:42:35 PM     0    114649      5.00      0.00  bash
07:42:35 PM     0    114650      7.00      0.00  bash
07:42:35 PM     0    114651      4.00      0.00  bash
07:42:35 PM     0    114653     99.00      0.00  fio
07:42:35 PM     0    115142      1.00      0.00  kworker/10:0-mm_percpu_wq
07:42:35 PM     0    116061      1.00      0.00  sleep
07:42:35 PM     0    116062      1.00      0.00  sleep
07:42:35 PM     0    116064      1.00      0.00  sleep

07:42:35 PM   UID       PID   cswch/s nvcswch/s  Command
07:42:36 PM     0        17     17.00      0.00  rcu_preempt
07:42:36 PM     0        36      1.00      0.00  ksoftirqd/3
07:42:36 PM     0        47      1.00      0.00  migration/5
07:42:36 PM     0        48      2.00      0.00  ksoftirqd/5
07:42:36 PM     0        53      1.00      0.00  migration/6
07:42:36 PM     0        71      1.00      0.00  migration/9
07:42:36 PM     0        95      2.00      0.00  kcompactd0
07:42:36 PM     0       176      1.00      0.00  kworker/11:1H-kblockd
07:42:36 PM     0       359      3.00      0.00  jbd2/nvme1n1p2-8
07:42:36 PM     0       453      1.00      0.00  multipathd
07:42:36 PM   101       608      2.00      0.00  systemd-network
07:42:36 PM     0     84845      3.00      0.00  kworker/3:1-events
07:42:36 PM     0     87189      2.00      0.00  kworker/0:0-mm_percpu_wq
07:42:36 PM     0     88171      4.00      0.00  kworker/u24:55-edac-poller
07:42:36 PM     0     88222      4.00      0.00  kworker/4:3-mm_percpu_wq
07:42:36 PM     0     88669      1.00      0.00  kworker/11:1-mm_percpu_wq
07:42:36 PM     0     88734      3.00      0.00  kworker/7:1-mm_percpu_wq
07:42:36 PM     0     88741      1.00      0.00  kworker/6:2-events
07:42:36 PM     0     88759     11.00      0.00  kworker/2:1-events
07:42:36 PM     0     88840      6.00      0.00  kworker/u24:1-writeback
07:42:36 PM     0    109444      1.00      0.00  kworker/8:2-mm_percpu_wq
07:42:36 PM     0    111013      2.00      0.00  kworker/5:0-events
07:42:36 PM     0    114647      1.00      0.00  iostat
07:42:36 PM     0    114648      1.00      0.00  pidstat
07:42:36 PM     0    114649      5.00      0.00  bash
07:42:36 PM     0    114650      8.00      0.00  bash
07:42:36 PM     0    114651      4.00      0.00  bash
07:42:36 PM     0    114653    100.00      0.00  fio
07:42:36 PM     0    115036      1.00      0.00  kworker/u24:0-flush-259:1
07:42:36 PM     0    115142      2.00      0.00  kworker/10:0-events
07:42:36 PM     0    116067      1.00      0.00  sleep
07:42:36 PM     0    116078      1.00      1.00  sleep
07:42:36 PM     0    116079      1.00      0.00  sleep

07:42:36 PM   UID       PID   cswch/s nvcswch/s  Command
07:42:37 PM     0         1      1.00      0.00  systemd
07:42:37 PM     0        17     22.00      0.00  rcu_preempt
07:42:37 PM     0        24      1.00      0.00  ksoftirqd/1
07:42:37 PM     0        42      1.00      0.00  ksoftirqd/4
07:42:37 PM     0        48      1.00      0.00  ksoftirqd/5
07:42:37 PM     0        54      1.00      0.00  ksoftirqd/6
07:42:37 PM     0        95      2.00      0.00  kcompactd0
07:42:37 PM     0       453      1.00      0.00  multipathd
07:42:37 PM   102       621      1.00      0.00  systemd-resolve
07:42:37 PM   104       622      1.00      0.00  systemd-timesyn
07:42:37 PM     0     84845      4.00      0.00  kworker/3:1-events
07:42:37 PM     0     87189      2.00      0.00  kworker/0:0-events
07:42:37 PM     0     88171      1.00      0.00  kworker/u24:55-edac-poller
07:42:37 PM     0     88222      4.00      0.00  kworker/4:3-mm_percpu_wq
07:42:37 PM     0     88669      1.00      0.00  kworker/11:1-mm_percpu_wq
07:42:37 PM     0     88734      2.00      0.00  kworker/7:1-mm_percpu_wq
07:42:37 PM     0     88741      3.00      0.00  kworker/6:2-events
07:42:37 PM     0     88759     12.00      0.00  kworker/2:1-mm_percpu_wq
07:42:37 PM     0    105570      2.00      0.00  kworker/9:1-events
07:42:37 PM     0    107898      3.00      0.00  kworker/1:1-mm_percpu_wq
07:42:37 PM     0    111013      4.00      0.00  kworker/5:0-events
07:42:37 PM     0    114647      1.00      0.00  iostat
07:42:37 PM     0    114648      1.00      0.00  pidstat
07:42:37 PM     0    114649      5.00      0.00  bash
07:42:37 PM     0    114650      8.00      0.00  bash
07:42:37 PM     0    114651      4.00      0.00  bash
07:42:37 PM     0    114653     99.00      0.00  fio
07:42:37 PM     0    116082      1.00      0.00  sleep
07:42:37 PM     0    116093      1.00      0.00  sleep
07:42:37 PM     0    116094      1.00      0.00  sleep

07:42:37 PM   UID       PID   cswch/s nvcswch/s  Command
07:42:38 PM     0        17     19.00      0.00  rcu_preempt
07:42:38 PM     0        18      1.00      0.00  migration/0
07:42:38 PM     0        23      1.00      0.00  migration/1
07:42:38 PM     0        29      1.00      0.00  migration/2
07:42:38 PM     0        35      1.00      0.00  migration/3
07:42:38 PM     0        36      1.00      0.00  ksoftirqd/3
07:42:38 PM     0        41      1.00      0.00  migration/4
07:42:38 PM     0        47      1.00      0.00  migration/5
07:42:38 PM     0        48      2.00      0.00  ksoftirqd/5
07:42:38 PM     0        53      1.00      0.00  migration/6
07:42:38 PM     0        54      1.00      0.00  ksoftirqd/6
07:42:38 PM     0        59      1.00      0.00  migration/7
07:42:38 PM     0        65      1.00      0.00  migration/8
07:42:38 PM     0        71      1.00      0.00  migration/9
07:42:38 PM     0        77      1.00      0.00  migration/10
07:42:38 PM     0        78      1.00      0.00  ksoftirqd/10
07:42:38 PM     0        83      1.00      0.00  migration/11
07:42:38 PM     0        95      2.00      0.00  kcompactd0
07:42:38 PM     0       453      1.00      0.00  multipathd
07:42:38 PM     0       562      3.00      0.00  jbd2/nvme1n1p3-8
07:42:38 PM     0     84845      3.00      0.00  kworker/3:1-events
07:42:38 PM     0     87189      2.00      0.00  kworker/0:0-mm_percpu_wq
07:42:38 PM     0     88171      1.00      0.00  kworker/u24:55-edac-poller
07:42:38 PM     0     88222      3.00      0.00  kworker/4:3-mm_percpu_wq
07:42:38 PM     0     88734      2.00      0.00  kworker/7:1-mm_percpu_wq
07:42:38 PM     0     88741      1.00      0.00  kworker/6:2-events
07:42:38 PM     0     88759     12.00      0.00  kworker/2:1-events
07:42:38 PM     0    105570      2.00      0.00  kworker/9:1-events
07:42:38 PM     0    109444      2.00      0.00  kworker/8:2-mm_percpu_wq
07:42:38 PM     0    111013      1.00      0.00  kworker/5:0-events
07:42:38 PM     0    114647      1.00      0.00  iostat
07:42:38 PM     0    114648      1.00      0.00  pidstat
07:42:38 PM     0    114649      5.00      0.00  bash
07:42:38 PM     0    114650      6.00      0.00  bash
07:42:38 PM     0    114651      4.00      0.00  bash
07:42:38 PM     0    114653    100.00      0.00  fio
07:42:38 PM     0    115142      1.00      0.00  kworker/10:0-mm_percpu_wq
07:42:38 PM     0    116097      1.00      0.00  sleep
07:42:38 PM     0    116107      1.00      0.00  sleep
07:42:38 PM     0    116109      1.00      0.00  sleep

07:42:38 PM   UID       PID   cswch/s nvcswch/s  Command
07:42:39 PM     0        16      1.00      0.00  ksoftirqd/0
07:42:39 PM     0        17     22.00      0.00  rcu_preempt
07:42:39 PM     0        35      1.00      0.00  migration/3
07:42:39 PM     0        36      1.00      0.00  ksoftirqd/3
07:42:39 PM     0        48      1.00      0.00  ksoftirqd/5
07:42:39 PM     0        78      1.00      0.00  ksoftirqd/10
07:42:39 PM     0        95      2.00      0.00  kcompactd0
07:42:39 PM     0       453      1.00      0.00  multipathd
07:42:39 PM     0     84845      5.00      0.00  kworker/3:1-events
07:42:39 PM     0     87189      4.00      0.00  kworker/0:0-events
07:42:39 PM     0     88171      1.00      0.00  kworker/u24:55-edac-poller
07:42:39 PM     0     88222      3.00      0.00  kworker/4:3-mm_percpu_wq
07:42:39 PM     0     88734      2.00      0.00  kworker/7:1-mm_percpu_wq
07:42:39 PM     0     88741      1.00      0.00  kworker/6:2-mm_percpu_wq
07:42:39 PM     0     88759     13.00      0.00  kworker/2:1-events
07:42:39 PM     0    105570      2.00      0.00  kworker/9:1-events
07:42:39 PM     0    107898      3.00      0.00  kworker/1:1-mm_percpu_wq
07:42:39 PM     0    111013      4.00      0.00  kworker/5:0-events
07:42:39 PM     0    114647      1.00      0.00  iostat
07:42:39 PM     0    114648      1.00      1.00  pidstat
07:42:39 PM     0    114649      5.00      0.00  bash
07:42:39 PM     0    114650      7.00      0.00  bash
07:42:39 PM     0    114651      4.00      0.00  bash
07:42:39 PM     0    114653     99.00      0.00  fio
07:42:39 PM     0    115142      1.00      0.00  kworker/10:0-events
07:42:39 PM     0    116112      1.00      0.00  sleep
07:42:39 PM     0    116123      1.00      0.00  sleep
07:42:39 PM     0    116124      1.00      0.00  sleep

07:42:39 PM   UID       PID   cswch/s nvcswch/s  Command
07:42:40 PM     0        17     19.00      0.00  rcu_preempt
07:42:40 PM     0        36      1.00      0.00  ksoftirqd/3
07:42:40 PM     0        77      1.00      0.00  migration/10
07:42:40 PM     0        78      1.00      0.00  ksoftirqd/10
07:42:40 PM     0        95      2.00      0.00  kcompactd0
07:42:40 PM     0       453      1.00      0.00  multipathd
07:42:40 PM     0     84845      3.00      0.00  kworker/3:1-events
07:42:40 PM     0     87189      3.00      0.00  kworker/0:0-mm_percpu_wq
07:42:40 PM     0     88171      2.00      0.00  kworker/u24:55-edac-poller
07:42:40 PM     0     88222      3.00      0.00  kworker/4:3-mm_percpu_wq
07:42:40 PM     0     88669      2.00      0.00  kworker/11:1-events
07:42:40 PM     0     88734      2.00      0.00  kworker/7:1-mm_percpu_wq
07:42:40 PM     0     88759     11.00      0.00  kworker/2:1-mm_percpu_wq
07:42:40 PM     0    105570      2.00      0.00  kworker/9:1-events
07:42:40 PM     0    109444      1.00      0.00  kworker/8:2-mm_percpu_wq
07:42:40 PM     0    111013      1.00      0.00  kworker/5:0-events
07:42:40 PM     0    114647      1.00      0.00  iostat
07:42:40 PM     0    114648      1.00      0.00  pidstat
07:42:40 PM     0    114649      5.00      0.00  bash
07:42:40 PM     0    114650      8.00      0.00  bash
07:42:40 PM     0    114651      4.00      0.00  bash
07:42:40 PM     0    114653    100.00      0.00  fio
07:42:40 PM     0    115142      4.00      0.00  kworker/10:0-events
07:42:40 PM     0    116127      1.00      0.00  sleep
07:42:40 PM     0    116137      1.00      0.00  sleep
07:42:40 PM     0    116139      1.00      0.00  sleep

07:42:40 PM   UID       PID   cswch/s nvcswch/s  Command
07:42:41 PM     0        17     22.00      0.00  rcu_preempt
07:42:41 PM     0        36      1.00      0.00  ksoftirqd/3
07:42:41 PM     0        72      2.00      0.00  ksoftirqd/9
07:42:41 PM     0        95      2.00      0.00  kcompactd0
07:42:41 PM     0       113      1.00      0.00  kworker/5:1H-kblockd
07:42:41 PM     0       188      1.00      0.00  kworker/2:1H-kblockd
07:42:41 PM     0       453      1.00      0.00  multipathd
07:42:41 PM     0     84845      3.00      0.00  kworker/3:1-events
07:42:41 PM     0     87189      2.00      0.00  kworker/0:0-mm_percpu_wq
07:42:41 PM     0     88171      5.00      0.00  kworker/u24:55-events_power_efficient
07:42:41 PM     0     88222      2.00      0.00  kworker/4:3-mm_percpu_wq
07:42:41 PM     0     88669      1.00      0.00  kworker/11:1-events
07:42:41 PM     0     88734      2.00      0.00  kworker/7:1-mm_percpu_wq
07:42:41 PM     0     88741      2.00      0.00  kworker/6:2-events
07:42:41 PM     0     88759     14.00      0.00  kworker/2:1-events
07:42:41 PM     0     88840      4.00      0.00  kworker/u24:1-edac-poller
07:42:41 PM     0    105570      4.00      0.00  kworker/9:1-events
07:42:41 PM     0    107898      3.00      0.00  kworker/1:1-mm_percpu_wq
07:42:41 PM     0    109444      1.00      0.00  kworker/8:2-mm_percpu_wq
07:42:41 PM     0    111013      5.00      0.00  kworker/5:0-mm_percpu_wq
07:42:41 PM     0    114647      1.00      0.00  iostat
07:42:41 PM     0    114648      1.00      0.00  pidstat
07:42:41 PM     0    114649      5.00      0.00  bash
07:42:41 PM     0    114650      7.00      0.00  bash
07:42:41 PM     0    114651      4.00      0.00  bash
07:42:41 PM     0    114653     99.00      0.00  fio
07:42:41 PM     0    115142      1.00      0.00  kworker/10:0-events
07:42:41 PM     0    116142      1.00      0.00  sleep
07:42:41 PM     0    116153      1.00      0.00  sleep
07:42:41 PM     0    116154      1.00      0.00  sleep

07:42:41 PM   UID       PID   cswch/s nvcswch/s  Command
07:42:42 PM     0        17     22.00      0.00  rcu_preempt
07:42:42 PM     0        18      1.00      0.00  migration/0
07:42:42 PM     0        23      1.00      0.00  migration/1
07:42:42 PM     0        24      1.00      0.00  ksoftirqd/1
07:42:42 PM     0        29      1.00      0.00  migration/2
07:42:42 PM     0        35      1.00      0.00  migration/3
07:42:42 PM     0        41      2.00      0.00  migration/4
07:42:42 PM     0        42      1.00      0.00  ksoftirqd/4
07:42:42 PM     0        47      1.00      0.00  migration/5
07:42:42 PM     0        53      1.00      0.00  migration/6
07:42:42 PM     0        59      1.00      0.00  migration/7
07:42:42 PM     0        65      1.00      0.00  migration/8
07:42:42 PM     0        71      1.00      0.00  migration/9
07:42:42 PM     0        77      1.00      0.00  migration/10
07:42:42 PM     0        78      1.00      0.00  ksoftirqd/10
07:42:42 PM     0        83      1.00      0.00  migration/11
07:42:42 PM     0        95      2.00      0.00  kcompactd0
07:42:42 PM     0       176      1.00      0.00  kworker/11:1H-kblockd
07:42:42 PM     0       359      3.00      0.00  jbd2/nvme1n1p2-8
07:42:42 PM     0       453      1.00      0.00  multipathd
07:42:42 PM     0     21554      1.00      0.00  packagekitd
07:42:42 PM     0     87189      2.00      0.00  kworker/0:0-events
07:42:42 PM     0     88222      4.00      0.00  kworker/4:3-mm_percpu_wq
07:42:42 PM     0     88669      2.00      0.00  kworker/11:1-mm_percpu_wq
07:42:42 PM     0     88741      2.00      0.00  kworker/6:2-events
07:42:42 PM     0     88759     11.00      0.00  kworker/2:1-mm_percpu_wq
07:42:42 PM     0     88840      2.00      0.00  kworker/u24:1-edac-poller
07:42:42 PM     0    105570      2.00      0.00  kworker/9:1-events
07:42:42 PM     0    107898      4.00      0.00  kworker/1:1-events
07:42:42 PM     0    109444      1.00      0.00  kworker/8:2-mm_percpu_wq
07:42:42 PM     0    111013      2.00      0.00  kworker/5:0-mm_percpu_wq
07:42:42 PM     0    114647      1.00      0.00  iostat
07:42:42 PM     0    114648      1.00      0.00  pidstat
07:42:42 PM     0    114649      5.00      0.00  bash
07:42:42 PM     0    114650      8.00      0.00  bash
07:42:42 PM     0    114651      4.00      0.00  bash
07:42:42 PM     0    114653     99.00      0.00  fio
07:42:42 PM     0    115142      2.00      0.00  kworker/10:0-events
07:42:42 PM     0    116157      1.00      0.00  sleep
07:42:42 PM     0    116168      1.00      0.00  sleep
07:42:42 PM     0    116169      1.00      0.00  sleep

07:42:42 PM   UID       PID   cswch/s nvcswch/s  Command
07:42:43 PM     0        16      1.00      0.00  ksoftirqd/0
07:42:43 PM     0        17     20.00      0.00  rcu_preempt
07:42:43 PM     0        35      1.00      0.00  migration/3
07:42:43 PM     0        36      2.00      1.00  ksoftirqd/3
07:42:43 PM     0        48      1.00      0.00  ksoftirqd/5
07:42:43 PM     0        60      1.00      0.00  ksoftirqd/7
07:42:43 PM     0        78      2.00      0.00  ksoftirqd/10
07:42:43 PM     0        95      2.00      0.00  kcompactd0
07:42:43 PM     0       102      1.00      0.00  irq/9-acpi
07:42:43 PM     0       453      1.00      0.00  multipathd
07:42:43 PM     0       562      3.00      0.00  jbd2/nvme1n1p3-8
07:42:43 PM     0     84845     12.00      0.00  kworker/3:1-pm
07:42:43 PM     0     87189      4.00      0.00  kworker/0:0-mm_percpu_wq
07:42:43 PM     0     88222      2.00      0.00  kworker/4:3-mm_percpu_wq
07:42:43 PM     0     88734      2.00      0.00  kworker/7:1-mm_percpu_wq
07:42:43 PM     0     88741      2.00      0.00  kworker/6:2-events
07:42:43 PM     0     88759     13.00      0.00  kworker/2:1-mm_percpu_wq
07:42:43 PM     0     88840      1.00      0.00  kworker/u24:1-edac-poller
07:42:43 PM     0    107898      3.00      0.00  kworker/1:1-mm_percpu_wq
07:42:43 PM     0    111013      3.00      0.00  kworker/5:0-mm_percpu_wq
07:42:43 PM     0    112707      2.00      0.00  kworker/3:0-i915-unordered
07:42:43 PM     0    114647      1.00      0.00  iostat
07:42:43 PM     0    114648      1.00      0.00  pidstat
07:42:43 PM     0    114649      5.00      0.00  bash
07:42:43 PM     0    114650      8.00      0.00  bash
07:42:43 PM     0    114651      4.00      0.00  bash
07:42:43 PM     0    114653    100.00      0.00  fio
07:42:43 PM     0    115142      2.00      0.00  kworker/10:0-events
07:42:43 PM     0    116172      1.00      0.00  sleep
07:42:43 PM     0    116183      1.00      0.00  sleep
07:42:43 PM     0    116184      1.00      0.00  sleep

07:42:43 PM   UID       PID   cswch/s nvcswch/s  Command
07:42:44 PM     0        16      1.00      0.00  ksoftirqd/0
07:42:44 PM     0        17     21.00      0.00  rcu_preempt
07:42:44 PM     0        48      1.00      0.00  ksoftirqd/5
07:42:44 PM     0        54      1.00      0.00  ksoftirqd/6
07:42:44 PM     0        60      1.00      0.00  ksoftirqd/7
07:42:44 PM     0        78      1.00      0.00  ksoftirqd/10
07:42:44 PM     0        95      2.00      0.00  kcompactd0
07:42:44 PM     0       453      1.00      0.00  multipathd
07:42:44 PM     0     84845      1.00      0.00  kworker/3:1-events
07:42:44 PM     0     87189      3.00      0.00  kworker/0:0-events
07:42:44 PM     0     88171      1.00      0.00  kworker/u24:55-events_power_efficient
07:42:44 PM     0     88222      2.00      0.00  kworker/4:3-mm_percpu_wq
07:42:44 PM     0     88669      1.00      0.00  kworker/11:1-mm_percpu_wq
07:42:44 PM     0     88734      2.00      0.00  kworker/7:1-events
07:42:44 PM     0     88741      1.00      0.00  kworker/6:2-events
07:42:44 PM     0     88759     11.00      0.00  kworker/2:1-events
07:42:44 PM     0     88840      1.00      0.00  kworker/u24:1-events_unbound
07:42:44 PM     0    105570      2.00      0.00  kworker/9:1-events
07:42:44 PM     0    109444      1.00      0.00  kworker/8:2-mm_percpu_wq
07:42:44 PM     0    111013      3.00      0.00  kworker/5:0-mm_percpu_wq
07:42:44 PM     0    114647      1.00      0.00  iostat
07:42:44 PM     0    114648      1.00      0.00  pidstat
07:42:44 PM     0    114649      5.00      0.00  bash
07:42:44 PM     0    114650      8.00      0.00  bash
07:42:44 PM     0    114651      4.00      0.00  bash
07:42:44 PM     0    114653     99.00      0.00  fio
07:42:44 PM     0    115142      3.00      0.00  kworker/10:0-events
07:42:44 PM     0    116187      1.00      0.00  sleep
07:42:44 PM     0    116198      1.00      0.00  sleep
07:42:44 PM     0    116199      1.00      0.00  sleep

07:42:44 PM   UID       PID   cswch/s nvcswch/s  Command
07:42:45 PM     0        16      1.00      0.00  ksoftirqd/0
07:42:45 PM     0        17     18.00      0.00  rcu_preempt
07:42:45 PM     0        42      1.00      0.00  ksoftirqd/4
07:42:45 PM     0        54      1.00      0.00  ksoftirqd/6
07:42:45 PM     0        78      1.00      0.00  ksoftirqd/10
07:42:45 PM     0        95      2.00      0.00  kcompactd0
07:42:45 PM     0       453      2.00      0.00  multipathd
07:42:45 PM     0     84845      2.00      0.00  kworker/3:1-events
07:42:45 PM     0     87189      3.00      0.00  kworker/0:0-mm_percpu_wq
07:42:45 PM     0     88222      3.00      0.00  kworker/4:3-mm_percpu_wq
07:42:45 PM     0     88669      1.00      0.00  kworker/11:1-mm_percpu_wq
07:42:45 PM     0     88734      2.00      0.00  kworker/7:1-events
07:42:45 PM     0     88741      2.00      0.00  kworker/6:2-events
07:42:45 PM     0     88759     12.00      0.00  kworker/2:1-mm_percpu_wq
07:42:45 PM     0     88840      1.00      0.00  kworker/u24:1-edac-poller
07:42:45 PM     0    105570      2.00      0.00  kworker/9:1-events
07:42:45 PM     0    107898      3.00      0.00  kworker/1:1-mm_percpu_wq
07:42:45 PM     0    111013      2.00      0.00  kworker/5:0-events
07:42:45 PM     0    114647      1.00      0.00  iostat
07:42:45 PM     0    114648      1.00      0.00  pidstat
07:42:45 PM     0    114649      5.00      0.00  bash
07:42:45 PM     0    114650      8.00      0.00  bash
07:42:45 PM     0    114651      4.00      0.00  bash
07:42:45 PM     0    114653    100.00      0.00  fio
07:42:45 PM     0    115142      1.00      0.00  kworker/10:0-events
07:42:45 PM     0    116202      1.00      0.00  sleep
07:42:45 PM     0    116213      1.00      0.00  sleep
07:42:45 PM     0    116214      1.00      0.00  sleep

07:42:45 PM   UID       PID   cswch/s nvcswch/s  Command
07:42:46 PM     0        16      1.00      0.00  ksoftirqd/0
07:42:46 PM     0        17     20.00      0.00  rcu_preempt
07:42:46 PM     0        18      1.00      0.00  migration/0
07:42:46 PM     0        23      1.00      0.00  migration/1
07:42:46 PM     0        29      1.00      0.00  migration/2
07:42:46 PM     0        35      1.00      0.00  migration/3
07:42:46 PM     0        41      1.00      0.00  migration/4
07:42:46 PM     0        42      1.00      0.00  ksoftirqd/4
07:42:46 PM     0        47      1.00      0.00  migration/5
07:42:46 PM     0        48      1.00      0.00  ksoftirqd/5
07:42:46 PM     0        53      1.00      0.00  migration/6
07:42:46 PM     0        59      1.00      0.00  migration/7
07:42:46 PM     0        65      1.00      0.00  migration/8
07:42:46 PM     0        71      1.00      0.00  migration/9
07:42:46 PM     0        77      2.00      0.00  migration/10
07:42:46 PM     0        83      1.00      0.00  migration/11
07:42:46 PM     0        95      2.00      0.00  kcompactd0
07:42:46 PM     0       453      1.00      0.00  multipathd
07:42:46 PM     0     87189      7.00      0.00  kworker/0:0-events
07:42:46 PM     0     88171      2.00      0.00  kworker/u24:55-events_power_efficient
07:42:46 PM     0     88222      2.00      0.00  kworker/4:3-mm_percpu_wq
07:42:46 PM     0     88669      1.00      0.00  kworker/11:1-mm_percpu_wq
07:42:46 PM     0     88734      1.00      0.00  kworker/7:1-events
07:42:46 PM     0     88741      1.00      0.00  kworker/6:2-events
07:42:46 PM     0     88759     12.00      0.00  kworker/2:1-events
07:42:46 PM     0     88840      5.00      0.00  kworker/u24:1-events_unbound
07:42:46 PM     0    105570      3.00      0.00  kworker/9:1-events
07:42:46 PM     0    109444      2.00      0.00  kworker/8:2-mm_percpu_wq
07:42:46 PM     0    111013      4.00      0.00  kworker/5:0-mm_percpu_wq
07:42:46 PM     0    114647      1.00      0.00  iostat
07:42:46 PM     0    114648      1.00      0.00  pidstat
07:42:46 PM     0    114649      5.00      0.00  bash
07:42:46 PM     0    114650      8.00      0.00  bash
07:42:46 PM     0    114651      4.00      0.00  bash
07:42:46 PM     0    114653     99.00      0.00  fio
07:42:46 PM     0    115142      2.00      0.00  kworker/10:0-events
07:42:46 PM     0    116217      1.00      0.00  sleep
07:42:46 PM     0    116228      1.00      0.00  sleep
07:42:46 PM     0    116229      1.00      0.00  sleep

07:42:46 PM   UID       PID   cswch/s nvcswch/s  Command
07:42:47 PM     0        17     21.00      0.00  rcu_preempt
07:42:47 PM     0        42      1.00      0.00  ksoftirqd/4
07:42:47 PM     0        48      1.00      0.00  ksoftirqd/5
07:42:47 PM     0        72      2.00      0.00  ksoftirqd/9
07:42:47 PM     0        84      1.00      0.00  ksoftirqd/11
07:42:47 PM     0        95      2.00      0.00  kcompactd0
07:42:47 PM     0       188      1.00      0.00  kworker/2:1H-kblockd
07:42:47 PM     0       453      1.00      0.00  multipathd
07:42:47 PM     0     84845      3.00      0.00  kworker/3:1-events
07:42:47 PM     0     87189      1.00      0.00  kworker/0:0-mm_percpu_wq
07:42:47 PM     0     88222      4.00      0.00  kworker/4:3-mm_percpu_wq
07:42:47 PM     0     88669      3.00      0.00  kworker/11:1-mm_percpu_wq
07:42:47 PM     0     88734      2.00      0.00  kworker/7:1-events
07:42:47 PM     0     88741      2.00      0.00  kworker/6:2-events
07:42:47 PM     0     88759     13.00      0.00  kworker/2:1-events
07:42:47 PM     0     88840      3.00      0.00  kworker/u24:1-edac-poller
07:42:47 PM     0    105570      3.00      0.00  kworker/9:1-events
07:42:47 PM     0    107898      3.00      0.00  kworker/1:1-mm_percpu_wq
07:42:47 PM     0    111013      1.00      0.00  kworker/5:0-events
07:42:47 PM     0    114647      1.00      0.00  iostat
07:42:47 PM     0    114648      1.00      1.00  pidstat
07:42:47 PM     0    114649      5.00      0.00  bash
07:42:47 PM     0    114650      8.00      0.00  bash
07:42:47 PM     0    114651      4.00      0.00  bash
07:42:47 PM     0    114653     99.00      0.00  fio
07:42:47 PM     0    116232      1.00      0.00  sleep
07:42:47 PM     0    116243      1.00      0.00  sleep
07:42:47 PM     0    116244      1.00      0.00  sleep

07:42:47 PM   UID       PID   cswch/s nvcswch/s  Command
07:42:48 PM     0        17     20.00      0.00  rcu_preempt
07:42:48 PM     0        36      2.00      0.00  ksoftirqd/3
07:42:48 PM     0        42      1.00      0.00  ksoftirqd/4
07:42:48 PM     0        54      1.00      0.00  ksoftirqd/6
07:42:48 PM     0        78      1.00      0.00  ksoftirqd/10
07:42:48 PM     0        84      1.00      0.00  ksoftirqd/11
07:42:48 PM     0        95      2.00      0.00  kcompactd0
07:42:48 PM     0       113      1.00      0.00  kworker/5:1H-kblockd
07:42:48 PM     0       453      2.00      0.00  multipathd
07:42:48 PM     0       562      3.00      0.00  jbd2/nvme1n1p3-8
07:42:48 PM     0     84845      5.00      0.00  kworker/3:1-events
07:42:48 PM     0     87189      1.00      0.00  kworker/0:0-events
07:42:48 PM     0     88171      2.00      0.00  kworker/u24:55-edac-poller
07:42:48 PM     0     88222      4.00      0.00  kworker/4:3-mm_percpu_wq
07:42:48 PM     0     88669      3.00      0.00  kworker/11:1-mm_percpu_wq
07:42:48 PM     0     88734      1.00      0.00  kworker/7:1-events
07:42:48 PM     0     88741      1.00      0.00  kworker/6:2-events
07:42:48 PM     0     88759     10.00      0.00  kworker/2:1-mm_percpu_wq
07:42:48 PM     0     88840      1.00      0.00  kworker/u24:1-events_power_efficient
07:42:48 PM     0    105570      2.00      0.00  kworker/9:1-events
07:42:48 PM     0    107898      2.00      0.00  kworker/1:1-events
07:42:48 PM     0    109444      2.00      0.00  kworker/8:2-mm_percpu_wq
07:42:48 PM     0    111013      2.00      0.00  kworker/5:0-mm_percpu_wq
07:42:48 PM     0    114647      1.00      0.00  iostat
07:42:48 PM     0    114648      1.00      0.00  pidstat
07:42:48 PM     0    114649      5.00      0.00  bash
07:42:48 PM     0    114650      7.00      0.00  bash
07:42:48 PM     0    114651      4.00      0.00  bash
07:42:48 PM     0    114653    100.00      0.00  fio
07:42:48 PM     0    115142      2.00      0.00  kworker/10:0-events
07:42:48 PM     0    116247      1.00      0.00  sleep
07:42:48 PM     0    116257      1.00      0.00  sleep
07:42:48 PM     0    116259      1.00      0.00  sleep

07:42:48 PM   UID       PID   cswch/s nvcswch/s  Command
07:42:49 PM     0         1      4.00      0.00  systemd
07:42:49 PM     0        17     31.00      0.00  rcu_preempt
07:42:49 PM     0        35      1.00      0.00  migration/3
07:42:49 PM     0        36      1.00      0.00  ksoftirqd/3
07:42:49 PM     0        42      1.00      0.00  ksoftirqd/4
07:42:49 PM     0        48      1.00      0.00  ksoftirqd/5
07:42:49 PM     0        60      1.00      0.00  ksoftirqd/7
07:42:49 PM     0        78      2.00      0.00  ksoftirqd/10
07:42:49 PM     0        84      1.00      0.00  ksoftirqd/11
07:42:49 PM     0        95      2.00      0.00  kcompactd0
07:42:49 PM     0       415      3.00      0.00  systemd-journal
07:42:49 PM     0       453      1.00      0.00  multipathd
07:42:49 PM     0       773      3.00      0.00  sshd
07:42:49 PM     0     84845      4.00      0.00  kworker/3:1-events
07:42:49 PM     0     87189      1.00      0.00  kworker/0:0-mm_percpu_wq
07:42:49 PM     0     88171      2.00      0.00  kworker/u24:55-edac-poller
07:42:49 PM     0     88222      5.00      0.00  kworker/4:3-mm_percpu_wq
07:42:49 PM     0     88669      2.00      0.00  kworker/11:1-events
07:42:49 PM     0     88734      2.00      0.00  kworker/7:1-mm_percpu_wq
07:42:49 PM     0     88741      2.00      0.00  kworker/6:2-events
07:42:49 PM     0     88759     14.00      0.00  kworker/2:1-events
07:42:49 PM     0    107898      3.00      0.00  kworker/1:1-mm_percpu_wq
07:42:49 PM     0    111013      4.00      0.00  kworker/5:0-mm_percpu_wq
07:42:49 PM     0    114647      1.00      0.00  iostat
07:42:49 PM     0    114648      1.00      0.00  pidstat
07:42:49 PM     0    114649      5.00      0.00  bash
07:42:49 PM     0    114650      8.00      0.00  bash
07:42:49 PM     0    114651      4.00      0.00  bash
07:42:49 PM     0    114653     99.00      0.00  fio
07:42:49 PM     0    115142      3.00      0.00  kworker/10:0-events
07:42:49 PM     0    116264      1.00      0.00  sleep
07:42:49 PM     0    116275      1.00      1.00  sleep
07:42:49 PM     0    116276      1.00      0.00  sleep

07:42:49 PM   UID       PID   cswch/s nvcswch/s  Command
07:42:50 PM     0        17     19.00      0.00  rcu_preempt
07:42:50 PM     0        18      1.00      0.00  migration/0
07:42:50 PM     0        23      1.00      0.00  migration/1
07:42:50 PM     0        29      1.00      0.00  migration/2
07:42:50 PM     0        35      1.00      0.00  migration/3
07:42:50 PM     0        36      4.00      0.00  ksoftirqd/3
07:42:50 PM     0        41      1.00      0.00  migration/4
07:42:50 PM     0        42      1.00      0.00  ksoftirqd/4
07:42:50 PM     0        47      1.00      0.00  migration/5
07:42:50 PM     0        53      1.00      0.00  migration/6
07:42:50 PM     0        59      1.00      0.00  migration/7
07:42:50 PM     0        65      1.00      0.00  migration/8
07:42:50 PM     0        71      2.00      0.00  migration/9
07:42:50 PM     0        77      1.00      0.00  migration/10
07:42:50 PM     0        83      1.00      0.00  migration/11
07:42:50 PM     0        84      1.00      0.00  ksoftirqd/11
07:42:50 PM     0        95      2.00      0.00  kcompactd0
07:42:50 PM     0       453      1.00      0.00  multipathd
07:42:50 PM     0     84845      6.00      0.00  kworker/3:1-events
07:42:50 PM     0     87189      1.00      0.00  kworker/0:0-events
07:42:50 PM     0     88222      1.00      0.00  kworker/4:3-mm_percpu_wq
07:42:50 PM     0     88669      2.00      0.00  kworker/11:1-events
07:42:50 PM     0     88734      1.00      0.00  kworker/7:1-events
07:42:50 PM     0     88741      1.00      0.00  kworker/6:2-events
07:42:50 PM     0     88759     11.00      0.00  kworker/2:1-mm_percpu_wq
07:42:50 PM     0    105570      1.00      0.00  kworker/9:1-mm_percpu_wq
07:42:50 PM     0    109444      2.00      0.00  kworker/8:2-mm_percpu_wq
07:42:50 PM     0    111013      2.00      0.00  kworker/5:0-mm_percpu_wq
07:42:50 PM     0    114647      1.00      0.00  iostat
07:42:50 PM     0    114648      1.00      1.00  pidstat
07:42:50 PM     0    114649      5.00      0.00  bash
07:42:50 PM     0    114650      6.00      0.00  bash
07:42:50 PM     0    114651      4.00      0.00  bash
07:42:50 PM     0    114653    100.00      0.00  fio
07:42:50 PM     0    115142      1.00      0.00  kworker/10:0-mm_percpu_wq
07:42:50 PM     0    116279      1.00      0.00  sleep
07:42:50 PM     0    116289      1.00      0.00  sleep
07:42:50 PM     0    116291      1.00      0.00  sleep

07:42:50 PM   UID       PID   cswch/s nvcswch/s  Command
07:42:51 PM     0        16      1.00      0.00  ksoftirqd/0
07:42:51 PM     0        17     18.00      0.00  rcu_preempt
07:42:51 PM     0        48      2.00      0.00  ksoftirqd/5
07:42:51 PM     0        60      1.00      0.00  ksoftirqd/7
07:42:51 PM     0        72      1.00      0.00  ksoftirqd/9
07:42:51 PM     0        95      2.00      0.00  kcompactd0
07:42:51 PM     0       453      1.00      0.00  multipathd
07:42:51 PM     0     84845      3.00      0.00  kworker/3:1-events
07:42:51 PM     0     87189      4.00      0.00  kworker/0:0-mm_percpu_wq
07:42:51 PM     0     88171      2.00      0.00  kworker/u24:55-events_unbound
07:42:51 PM     0     88222      1.00      0.00  kworker/4:3-mm_percpu_wq
07:42:51 PM     0     88734      3.00      0.00  kworker/7:1-mm_percpu_wq
07:42:51 PM     0     88741      2.00      0.00  kworker/6:2-events
07:42:51 PM     0     88759     14.00      0.00  kworker/2:1-mm_percpu_wq
07:42:51 PM     0    105570      1.00      0.00  kworker/9:1-events
07:42:51 PM     0    107898      3.00      0.00  kworker/1:1-mm_percpu_wq
07:42:51 PM     0    109444      1.00      0.00  kworker/8:2-mm_percpu_wq
07:42:51 PM     0    111013      3.00      0.00  kworker/5:0-events
07:42:51 PM     0    114647      1.00      0.00  iostat
07:42:51 PM     0    114648      1.00      1.00  pidstat
07:42:51 PM     0    114649      5.00      0.00  bash
07:42:51 PM     0    114650      8.00      0.00  bash
07:42:51 PM     0    114651      4.00      0.00  bash
07:42:51 PM     0    114653     99.00      0.00  fio
07:42:51 PM     0    115142      3.00      0.00  kworker/10:0-events
07:42:51 PM     0    116294      1.00      0.00  sleep
07:42:51 PM     0    116305      1.00      0.00  sleep
07:42:51 PM     0    116306      1.00      0.00  sleep

07:42:51 PM   UID       PID   cswch/s nvcswch/s  Command
07:42:52 PM     0        16      1.00      0.00  ksoftirqd/0
07:42:52 PM     0        17     20.00      0.00  rcu_preempt
07:42:52 PM     0        36      1.00      0.00  ksoftirqd/3
07:42:52 PM     0        48      2.00      0.00  ksoftirqd/5
07:42:52 PM     0        54      1.00      0.00  ksoftirqd/6
07:42:52 PM     0        71      1.00      0.00  migration/9
07:42:52 PM     0        90      1.00      0.00  khungtaskd
07:42:52 PM     0        95      2.00      0.00  kcompactd0
07:42:52 PM     0       194      3.00      0.00  kworker/8:1H-kblockd
07:42:52 PM     0       453      2.00      0.00  multipathd
07:42:52 PM     0     21554      1.00      0.00  packagekitd
07:42:52 PM     0     84845      4.00      0.00  kworker/3:1-mm_percpu_wq
07:42:52 PM     0     87189      5.00      0.00  kworker/0:0-events
07:42:52 PM     0     88171      5.00      0.00  kworker/u24:55-ext4-rsv-conversion
07:42:52 PM     0     88222      1.00      0.00  kworker/4:3-mm_percpu_wq
07:42:52 PM     0     88669      2.00      0.00  kworker/11:1-events
07:42:52 PM     0     88734      1.00      0.00  kworker/7:1-events
07:42:52 PM     0     88741      1.00      0.00  kworker/6:2-events
07:42:52 PM     0     88759     12.00      0.00  kworker/2:1-events
07:42:52 PM     0     88840      3.00      0.00  kworker/u24:1-writeback
07:42:52 PM     0    105570      2.00      0.00  kworker/9:1-events
07:42:52 PM     0    109444      1.00      0.00  kworker/8:2-mm_percpu_wq
07:42:52 PM     0    111013      7.00      0.00  kworker/5:0-mm_percpu_wq
07:42:52 PM     0    114647      1.00      0.00  iostat
07:42:52 PM     0    114648      1.00      1.00  pidstat
07:42:52 PM     0    114649      5.00      0.00  bash
07:42:52 PM     0    114650      7.00      0.00  bash
07:42:52 PM     0    114651      4.00      0.00  bash
07:42:52 PM     0    114653    100.00      0.00  fio
07:42:52 PM     0    115142      2.00      0.00  kworker/10:0-events
07:42:52 PM     0    116309      1.00      0.00  sleep
07:42:52 PM     0    116319      1.00      0.00  sleep
07:42:52 PM     0    116321      1.00      0.00  sleep

07:42:52 PM   UID       PID   cswch/s nvcswch/s  Command
07:42:53 PM     0         2      1.00      0.00  kthreadd
07:42:53 PM     0        17     19.00      0.00  rcu_preempt
07:42:53 PM     0        24      1.00      0.00  ksoftirqd/1
07:42:53 PM     0        54      2.00      0.00  ksoftirqd/6
07:42:53 PM     0        72      1.00      0.00  ksoftirqd/9
07:42:53 PM     0        95      2.00      0.00  kcompactd0
07:42:53 PM     0       102      1.00      0.00  irq/9-acpi
07:42:53 PM     0       188      1.00      0.00  kworker/2:1H-kblockd
07:42:53 PM     0       453      1.00      0.00  multipathd
07:42:53 PM     0       562      3.00      0.00  jbd2/nvme1n1p3-8
07:42:53 PM     0     84845    593.00      0.00  kworker/3:1+events
07:42:53 PM     0     87189      4.00      0.00  kworker/0:0-mm_percpu_wq
07:42:53 PM     0     88222      1.00      0.00  kworker/4:3-mm_percpu_wq
07:42:53 PM     0     88669      2.00      0.00  kworker/11:1-mm_percpu_wq
07:42:53 PM     0     88734      3.00      0.00  kworker/7:1-mm_percpu_wq
07:42:53 PM     0     88741      4.00      0.00  kworker/6:2-events
07:42:53 PM     0     88759     12.00      0.00  kworker/2:1-mm_percpu_wq
07:42:53 PM     0     88840      4.00      0.00  kworker/u24:1-writeback
07:42:53 PM     0    104972      2.00      0.00  kworker/3:2-mm_percpu_wq
07:42:53 PM     0    105570      4.00      0.00  kworker/9:1-mm_percpu_wq
07:42:53 PM     0    107898      4.00      0.00  kworker/1:1-mm_percpu_wq
07:42:53 PM     0    109444      1.00      0.00  kworker/8:2-mm_percpu_wq
07:42:53 PM     0    111013      2.00      0.00  kworker/5:0-mm_percpu_wq
07:42:53 PM     0    112707      1.00      0.00  kworker/3:0+i915-unordered
07:42:53 PM     0    114647      1.00      0.00  iostat
07:42:53 PM     0    114648      1.00      0.00  pidstat
07:42:53 PM     0    114649      5.00      0.00  bash
07:42:53 PM     0    114650      7.00      0.00  bash
07:42:53 PM     0    114651      4.00      0.00  bash
07:42:53 PM     0    114653     99.00      0.00  fio
07:42:53 PM     0    115142      2.00      0.00  kworker/10:0-mm_percpu_wq
07:42:53 PM     0    116324      1.00      0.00  sleep
07:42:53 PM     0    116335      1.00      0.00  sleep
07:42:53 PM     0    116336      1.00      0.00  sleep
07:42:53 PM     0    116337      2.00      0.00  kworker/3:3

07:42:53 PM   UID       PID   cswch/s nvcswch/s  Command
07:42:54 PM     0        16      1.00      0.00  ksoftirqd/0
07:42:54 PM     0        17     25.00      0.00  rcu_preempt
07:42:54 PM     0        18      1.00      0.00  migration/0
07:42:54 PM     0        23      1.00      0.00  migration/1
07:42:54 PM     0        29      1.00      0.00  migration/2
07:42:54 PM     0        35      2.00      0.00  migration/3
07:42:54 PM     0        41      1.00      0.00  migration/4
07:42:54 PM     0        47      1.00      0.00  migration/5
07:42:54 PM     0        48      2.00      0.00  ksoftirqd/5
07:42:54 PM     0        53      1.00      0.00  migration/6
07:42:54 PM     0        59      1.00      0.00  migration/7
07:42:54 PM     0        60      1.00      0.00  ksoftirqd/7
07:42:54 PM     0        65      1.00      0.00  migration/8
07:42:54 PM     0        71      1.00      0.00  migration/9
07:42:54 PM     0        72      1.00      0.00  ksoftirqd/9
07:42:54 PM     0        77      1.00      0.00  migration/10
07:42:54 PM     0        78      1.00      0.00  ksoftirqd/10
07:42:54 PM     0        83      1.00      0.00  migration/11
07:42:54 PM     0        84      1.00      0.00  ksoftirqd/11
07:42:54 PM     0        95      2.00      0.00  kcompactd0
07:42:54 PM     0       113      1.00      0.00  kworker/5:1H-kblockd
07:42:54 PM     0       194      5.00      0.00  kworker/8:1H-kblockd
07:42:54 PM     0       195      1.00      0.00  kworker/6:1H-kblockd
07:42:54 PM     0       453      1.00      0.00  multipathd
07:42:54 PM     0     84845    548.00      1.00  kworker/3:1-events
07:42:54 PM     0     87189      1.00      0.00  kworker/0:0-events
07:42:54 PM     0     88171      8.00      0.00  kworker/u24:55-writeback
07:42:54 PM     0     88222      2.00      0.00  kworker/4:3-mm_percpu_wq
07:42:54 PM     0     88669      5.00      0.00  kworker/11:1-mm_percpu_wq
07:42:54 PM     0     88734      2.00      0.00  kworker/7:1-events
07:42:54 PM     0     88741      1.00      0.00  kworker/6:2-events
07:42:54 PM     0     88759     13.00      0.00  kworker/2:1-events
07:42:54 PM     0     88840      4.00      0.00  kworker/u24:1-events_unbound
07:42:54 PM     0    105570      2.00      0.00  kworker/9:1-mm_percpu_wq
07:42:54 PM     0    109444      1.00      0.00  kworker/8:2-mm_percpu_wq
07:42:54 PM     0    111013      4.00      0.00  kworker/5:0-mm_percpu_wq
07:42:54 PM     0    112707   1134.00      0.00  kworker/3:0-mm_percpu_wq
07:42:54 PM     0    114647      1.00      0.00  iostat
07:42:54 PM     0    114648      1.00      1.00  pidstat
07:42:54 PM     0    114649      5.00      0.00  bash
07:42:54 PM     0    114650      7.00      0.00  bash
07:42:54 PM     0    114651      4.00      0.00  bash
07:42:54 PM     0    114653     99.00      0.00  fio
07:42:54 PM     0    115036      1.00      0.00  kworker/u24:0-flush-259:1
07:42:54 PM     0    115142      3.00      0.00  kworker/10:0-mm_percpu_wq
07:42:54 PM     0    116340      1.00      0.00  sleep
07:42:54 PM     0    116351      1.00      0.00  sleep
07:42:54 PM     0    116352      1.00      0.00  sleep

07:42:54 PM   UID       PID   cswch/s nvcswch/s  Command
07:42:55 PM     0        16      1.00      0.00  ksoftirqd/0
07:42:55 PM     0        17     23.00      0.00  rcu_preempt
07:42:55 PM     0        78      1.00      0.00  ksoftirqd/10
07:42:55 PM     0        84      1.00      0.00  ksoftirqd/11
07:42:55 PM     0        95      2.00      0.00  kcompactd0
07:42:55 PM     0       359      3.00      0.00  jbd2/nvme1n1p2-8
07:42:55 PM     0       453      1.00      0.00  multipathd
07:42:55 PM     0     87189      2.00      0.00  kworker/0:0-mm_percpu_wq
07:42:55 PM     0     88222      1.00      0.00  kworker/4:3-mm_percpu_wq
07:42:55 PM     0     88669      3.00      0.00  kworker/11:1-events
07:42:55 PM     0     88734      4.00      0.00  kworker/7:1-mm_percpu_wq
07:42:55 PM     0     88741      2.00      0.00  kworker/6:2-events
07:42:55 PM     0     88759     12.00      0.00  kworker/2:1-mm_percpu_wq
07:42:55 PM     0     88840      2.00      0.00  kworker/u24:1-events_unbound
07:42:55 PM     0    107898      3.00      0.00  kworker/1:1-mm_percpu_wq
07:42:55 PM     0    109444      1.00      0.00  kworker/8:2-mm_percpu_wq
07:42:55 PM     0    111013      1.00      0.00  kworker/5:0-events
07:42:55 PM     0    112707      2.00      0.00  kworker/3:0-events
07:42:55 PM     0    114647      1.00      0.00  iostat
07:42:55 PM     0    114648      1.00      0.00  pidstat
07:42:55 PM     0    114649      5.00      0.00  bash
07:42:55 PM     0    114650      8.00      0.00  bash
07:42:55 PM     0    114651      4.00      0.00  bash
07:42:55 PM     0    114653    100.00      0.00  fio
07:42:55 PM     0    115142      3.00      0.00  kworker/10:0-events
07:42:55 PM     0    116355      1.00      0.00  sleep
07:42:55 PM     0    116360      1.00      0.00  sleep
07:42:55 PM     0    116367      1.00      0.00  sleep

07:42:55 PM   UID       PID   cswch/s nvcswch/s  Command
07:42:56 PM     0        16      1.00      0.00  ksoftirqd/0
07:42:56 PM     0        17     22.00      0.00  rcu_preempt
07:42:56 PM     0        36      1.00      0.00  ksoftirqd/3
07:42:56 PM     0        84      1.00      0.00  ksoftirqd/11
07:42:56 PM     0        95      2.00      0.00  kcompactd0
07:42:56 PM     0       453      1.00      0.00  multipathd
07:42:56 PM     0     87189      5.00      0.00  kworker/0:0-events
07:42:56 PM     0     88222      2.00      0.00  kworker/4:3-mm_percpu_wq
07:42:56 PM     0     88669      4.00      0.00  kworker/11:1-mm_percpu_wq
07:42:56 PM     0     88734      3.00      0.00  kworker/7:1-mm_percpu_wq
07:42:56 PM     0     88759     11.00      0.00  kworker/2:1-mm_percpu_wq
07:42:56 PM     0     88840      1.00      0.00  kworker/u24:1-edac-poller
07:42:56 PM     0    105570      1.00      0.00  kworker/9:1-mm_percpu_wq
07:42:56 PM     0    109444      1.00      0.00  kworker/8:2-mm_percpu_wq
07:42:56 PM     0    112707      3.00      0.00  kworker/3:0-events
07:42:56 PM     0    114647      1.00      0.00  iostat
07:42:56 PM     0    114648      1.00      0.00  pidstat
07:42:56 PM     0    114649      5.00      0.00  bash
07:42:56 PM     0    114650      8.00      0.00  bash
07:42:56 PM     0    114651      4.00      0.00  bash
07:42:56 PM     0    114653     99.00      0.00  fio
07:42:56 PM     0    115142      3.00      0.00  kworker/10:0-events
07:42:56 PM     0    116370      1.00      0.00  sleep
07:42:56 PM     0    116375      1.00      0.00  sleep
07:42:56 PM     0    116382      1.00      0.00  sleep

07:42:56 PM   UID       PID   cswch/s nvcswch/s  Command
07:42:57 PM     0        17     25.00      0.00  rcu_preempt
07:42:57 PM     0        36      1.00      0.00  ksoftirqd/3
07:42:57 PM     0        42      1.00      0.00  ksoftirqd/4
07:42:57 PM     0        84      1.00      0.00  ksoftirqd/11
07:42:57 PM     0        95      2.00      0.00  kcompactd0
07:42:57 PM     0       453      1.00      0.00  multipathd
07:42:57 PM     0     87189      3.00      0.00  kworker/0:0-mm_percpu_wq
07:42:57 PM     0     88171      3.00      0.00  kworker/u24:55-writeback
07:42:57 PM     0     88222      4.00      0.00  kworker/4:3-mm_percpu_wq
07:42:57 PM     0     88669      2.00      0.00  kworker/11:1-events
07:42:57 PM     0     88734      3.00      0.00  kworker/7:1-mm_percpu_wq
07:42:57 PM     0     88759     13.00      0.00  kworker/2:1-events
07:42:57 PM     0     88840      5.00      0.00  kworker/u24:1-events_power_efficient
07:42:57 PM     0    107898      3.00      0.00  kworker/1:1-mm_percpu_wq
07:42:57 PM     0    109444      1.00      0.00  kworker/8:2-mm_percpu_wq
07:42:57 PM     0    111013      1.00      0.00  kworker/5:0-mm_percpu_wq
07:42:57 PM     0    112707      5.00      0.00  kworker/3:0-events
07:42:57 PM     0    114647      1.00      0.00  iostat
07:42:57 PM     0    114648      1.00      0.00  pidstat
07:42:57 PM     0    114649      5.00      0.00  bash
07:42:57 PM     0    114650      8.00      0.00  bash
07:42:57 PM     0    114651      4.00      0.00  bash
07:42:57 PM     0    114653    100.00      0.00  fio
07:42:57 PM     0    116385      1.00      0.00  sleep
07:42:57 PM     0    116390      1.00      0.00  sleep
07:42:57 PM     0    116397      1.00      0.00  sleep

07:42:57 PM   UID       PID   cswch/s nvcswch/s  Command
07:42:58 PM     0        17     30.00      0.00  rcu_preempt
07:42:58 PM     0        18      1.00      0.00  migration/0
07:42:58 PM     0        23      1.00      0.00  migration/1
07:42:58 PM     0        29      1.00      0.00  migration/2
07:42:58 PM     0        35      1.00      0.00  migration/3
07:42:58 PM     0        41      1.00      0.00  migration/4
07:42:58 PM     0        42      2.00      0.00  ksoftirqd/4
07:42:58 PM     0        47      1.00      0.00  migration/5
07:42:58 PM     0        53      1.00      0.00  migration/6
07:42:58 PM     0        59      1.00      0.00  migration/7
07:42:58 PM     0        65      1.00      0.00  migration/8
07:42:58 PM     0        71      1.00      0.00  migration/9
07:42:58 PM     0        72      1.00      0.00  ksoftirqd/9
07:42:58 PM     0        77      1.00      0.00  migration/10
07:42:58 PM     0        83      1.00      0.00  migration/11
07:42:58 PM     0        84      1.00      0.00  ksoftirqd/11
07:42:58 PM     0        95      2.00      0.00  kcompactd0
07:42:58 PM     0       453      1.00      0.00  multipathd
07:42:58 PM     0       562      3.00      0.00  jbd2/nvme1n1p3-8
07:42:58 PM     0     87189      2.00      0.00  kworker/0:0-events
07:42:58 PM     0     88171      1.00      0.00  kworker/u24:55-edac-poller
07:42:58 PM     0     88222      4.00      0.00  kworker/4:3-mm_percpu_wq
07:42:58 PM     0     88669      6.00      0.00  kworker/11:1-mm_percpu_wq
07:42:58 PM     0     88734      3.00      0.00  kworker/7:1-mm_percpu_wq
07:42:58 PM     0     88741      1.00      0.00  kworker/6:2-mm_percpu_wq
07:42:58 PM     0     88759     10.00      0.00  kworker/2:1-mm_percpu_wq
07:42:58 PM     0    105570      3.00      0.00  kworker/9:1-mm_percpu_wq
07:42:58 PM     0    107898      2.00      0.00  kworker/1:1-events
07:42:58 PM     0    109444      1.00      0.00  kworker/8:2-mm_percpu_wq
07:42:58 PM     0    114647      1.00      0.00  iostat
07:42:58 PM     0    114648      1.00      0.00  pidstat
07:42:58 PM     0    114649      5.00      0.00  bash
07:42:58 PM     0    114650      8.00      0.00  bash
07:42:58 PM     0    114651      4.00      0.00  bash
07:42:58 PM     0    114653     99.00      0.00  fio
07:42:58 PM     0    115142      3.00      0.00  kworker/10:0-mm_percpu_wq
07:42:58 PM     0    116400      1.00      0.00  sleep
07:42:58 PM     0    116405      1.00      0.00  sleep
07:42:58 PM     0    116412      1.00      0.00  sleep

07:42:58 PM   UID       PID   cswch/s nvcswch/s  Command
07:42:59 PM     0        16      1.00      0.00  ksoftirqd/0
07:42:59 PM     0        17     26.00      0.00  rcu_preempt
07:42:59 PM     0        84      2.00      0.00  ksoftirqd/11
07:42:59 PM     0        95      2.00      0.00  kcompactd0
07:42:59 PM     0       188      1.00      0.00  kworker/2:1H-kblockd
07:42:59 PM     0       453      1.00      0.00  multipathd
07:42:59 PM     0     87189      3.00      0.00  kworker/0:0-mm_percpu_wq
07:42:59 PM     0     88171      2.00      0.00  kworker/u24:55-events_unbound
07:42:59 PM     0     88222      3.00      0.00  kworker/4:3-mm_percpu_wq
07:42:59 PM     0     88669      3.00      0.00  kworker/11:1-events
07:42:59 PM     0     88734      3.00      0.00  kworker/7:1-mm_percpu_wq
07:42:59 PM     0     88741      1.00      0.00  kworker/6:2-events
07:42:59 PM     0     88759     13.00      0.00  kworker/2:1-mm_percpu_wq
07:42:59 PM     0    105570      4.00      0.00  kworker/9:1-events
07:42:59 PM     0    107898      3.00      0.00  kworker/1:1-mm_percpu_wq
07:42:59 PM     0    109444      1.00      0.00  kworker/8:2-mm_percpu_wq
07:42:59 PM     0    111013      1.00      0.00  kworker/5:0-events
07:42:59 PM     0    112707      2.00      0.00  kworker/3:0-mm_percpu_wq
07:42:59 PM     0    114647      1.00      0.00  iostat
07:42:59 PM     0    114648      1.00      0.00  pidstat
07:42:59 PM     0    114649      5.00      0.00  bash
07:42:59 PM     0    114650      8.00      0.00  bash
07:42:59 PM     0    114651      4.00      0.00  bash
07:42:59 PM     0    114653     99.00      0.00  fio
07:42:59 PM     0    116415      1.00      0.00  sleep
07:42:59 PM     0    116420      1.00      0.00  sleep
07:42:59 PM     0    116427      1.00      0.00  sleep

07:42:59 PM   UID       PID   cswch/s nvcswch/s  Command
07:43:00 PM     0        16      1.00      0.00  ksoftirqd/0
07:43:00 PM     0        17     22.00      0.00  rcu_preempt
07:43:00 PM     0        36      2.00      0.00  ksoftirqd/3
07:43:00 PM     0        84      1.00      0.00  ksoftirqd/11
07:43:00 PM     0        95      2.00      0.00  kcompactd0
07:43:00 PM     0       176      1.00      0.00  kworker/11:1H-kblockd
07:43:00 PM     0       453      1.00      0.00  multipathd
07:43:00 PM     0     87189      3.00      0.00  kworker/0:0-events
07:43:00 PM     0     88171      3.00      0.00  kworker/u24:55-writeback
07:43:00 PM     0     88669      6.00      0.00  kworker/11:1-mm_percpu_wq
07:43:00 PM     0     88734      2.00      0.00  kworker/7:1-events
07:43:00 PM     0     88759     11.00      0.00  kworker/2:1-events
07:43:00 PM     0    105570      2.00      0.00  kworker/9:1-events
07:43:00 PM     0    109444      1.00      0.00  kworker/8:2-mm_percpu_wq
07:43:00 PM     0    112707      1.00      0.00  kworker/3:0-events
07:43:00 PM     0    114647      1.00      0.00  iostat
07:43:00 PM     0    114648      1.00      1.00  pidstat
07:43:00 PM     0    114649      5.00      0.00  bash
07:43:00 PM     0    114650      8.00      0.00  bash
07:43:00 PM     0    114651      4.00      0.00  bash
07:43:00 PM     0    114653     99.00      0.00  fio
07:43:00 PM     0    115142      4.00      0.00  kworker/10:0-events
07:43:00 PM     0    116430      1.00      0.00  sleep
07:43:00 PM     0    116435      1.00      0.00  sleep
07:43:00 PM     0    116442      1.00      0.00  sleep

07:43:00 PM   UID       PID   cswch/s nvcswch/s  Command
07:43:01 PM     0        17     24.00      0.00  rcu_preempt
07:43:01 PM     0        78      3.00      0.00  ksoftirqd/10
07:43:01 PM     0        84      1.00      0.00  ksoftirqd/11
07:43:01 PM     0        95      1.00      0.00  kcompactd0
07:43:01 PM     0       453      1.00      0.00  multipathd
07:43:01 PM     0       769      1.00      0.00  cron
07:43:01 PM     0     87189      3.00      0.00  kworker/0:0-mm_percpu_wq
07:43:01 PM     0     88171      1.00      0.00  kworker/u24:55-edac-poller
07:43:01 PM     0     88222      1.00      0.00  kworker/4:3-events
07:43:01 PM     0     88669      1.00      0.00  kworker/11:1-events
07:43:01 PM     0     88734      4.00      0.00  kworker/7:1-mm_percpu_wq
07:43:01 PM     0     88759     12.00      0.00  kworker/2:1-mm_percpu_wq
07:43:01 PM     0    105570      2.00      0.00  kworker/9:1-events
07:43:01 PM     0    107898      4.00      0.00  kworker/1:1-mm_percpu_wq
07:43:01 PM     0    112707      3.00      0.00  kworker/3:0-mm_percpu_wq
07:43:01 PM     0    114647      1.00      0.00  iostat
07:43:01 PM     0    114648      1.00      1.00  pidstat
07:43:01 PM     0    114649      5.00      0.00  bash
07:43:01 PM     0    114650      8.00      0.00  bash
07:43:01 PM     0    114651      4.00      0.00  bash
07:43:01 PM     0    114653     99.00      0.00  fio
07:43:01 PM     0    115142      5.00      0.00  kworker/10:0-events
07:43:01 PM     0    116445      1.00      0.00  sleep
07:43:01 PM     0    116450      1.00      0.00  sleep
07:43:01 PM     0    116457      1.00      0.00  sleep

07:43:01 PM   UID       PID   cswch/s nvcswch/s  Command
07:43:02 PM     0        17     24.00      0.00  rcu_preempt
07:43:02 PM     0        18      1.00      0.00  migration/0
07:43:02 PM     0        23      1.00      0.00  migration/1
07:43:02 PM     0        29      1.00      0.00  migration/2
07:43:02 PM     0        35      1.00      0.00  migration/3
07:43:02 PM     0        36      2.00      0.00  ksoftirqd/3
07:43:02 PM     0        41      1.00      0.00  migration/4
07:43:02 PM     0        47      1.00      0.00  migration/5
07:43:02 PM     0        53      1.00      0.00  migration/6
07:43:02 PM     0        59      1.00      0.00  migration/7
07:43:02 PM     0        65      1.00      0.00  migration/8
07:43:02 PM     0        71      1.00      0.00  migration/9
07:43:02 PM     0        72      1.00      0.00  ksoftirqd/9
07:43:02 PM     0        77      1.00      0.00  migration/10
07:43:02 PM     0        78      1.00      0.00  ksoftirqd/10
07:43:02 PM     0        83      1.00      0.00  migration/11
07:43:02 PM     0        84      2.00      0.00  ksoftirqd/11
07:43:02 PM     0        95      2.00      0.00  kcompactd0
07:43:02 PM     0       453      1.00      0.00  multipathd
07:43:02 PM     0     21554      1.00      0.00  packagekitd
07:43:02 PM     0     87189      3.00      0.00  kworker/0:0-events
07:43:02 PM     0     88171      2.00      0.00  kworker/u24:55-events_power_efficient
07:43:02 PM     0     88669      5.00      0.00  kworker/11:1-mm_percpu_wq
07:43:02 PM     0     88734      1.00      0.00  kworker/7:1-events
07:43:02 PM     0     88759     13.00      0.00  kworker/2:1-events
07:43:02 PM     0     88840      2.00      0.00  kworker/u24:1-events_power_efficient
07:43:02 PM     0    105570      3.00      0.00  kworker/9:1-mm_percpu_wq
07:43:02 PM     0    107898      1.00      0.00  kworker/1:1-mm_percpu_wq
07:43:02 PM     0    109444      2.00      0.00  kworker/8:2-mm_percpu_wq
07:43:02 PM     0    112707      3.00      0.00  kworker/3:0-events
07:43:02 PM     0    114647      1.00      0.00  iostat
07:43:02 PM     0    114648      1.00      1.00  pidstat
07:43:02 PM     0    114649      5.00      0.00  bash
07:43:02 PM     0    114650      8.00      0.00  bash
07:43:02 PM     0    114651      4.00      0.00  bash
07:43:02 PM     0    114653     99.00      0.00  fio
07:43:02 PM     0    115142      3.00      0.00  kworker/10:0-events
07:43:02 PM     0    116460      1.00      0.00  sleep
07:43:02 PM     0    116465      1.00      0.00  sleep
07:43:02 PM     0    116472      1.00      0.00  sleep

07:43:02 PM   UID       PID   cswch/s nvcswch/s  Command
07:43:03 PM     0        16      1.00      0.00  ksoftirqd/0
07:43:03 PM     0        17     30.00      0.00  rcu_preempt
07:43:03 PM     0        72      3.00      0.00  ksoftirqd/9
07:43:03 PM     0        95      2.00      0.00  kcompactd0
07:43:03 PM     0       453      1.00      0.00  multipathd
07:43:03 PM     0       562      3.00      0.00  jbd2/nvme1n1p3-8
07:43:03 PM     0       773      2.00      0.00  sshd
07:43:03 PM     0     87189      4.00      0.00  kworker/0:0-mm_percpu_wq
07:43:03 PM     0     88171      1.00      0.00  kworker/u24:55-events_power_efficient
07:43:03 PM     0     88222      4.00      0.00  kworker/4:3-mm_percpu_wq
07:43:03 PM     0     88669      1.00      0.00  kworker/11:1-events
07:43:03 PM     0     88734      4.00      0.00  kworker/7:1-mm_percpu_wq
07:43:03 PM     0     88741      1.00      0.00  kworker/6:2-mm_percpu_wq
07:43:03 PM     0     88759     13.00      0.00  kworker/2:1-mm_percpu_wq
07:43:03 PM     0     88840      5.00      0.00  kworker/u24:1-events_power_efficient
07:43:03 PM     0    105570      2.00      0.00  kworker/9:1-events
07:43:03 PM     0    107898      3.00      0.00  kworker/1:1-mm_percpu_wq
07:43:03 PM     0    112707      4.00      0.00  kworker/3:0-mm_percpu_wq
07:43:03 PM     0    114647      1.00      0.00  iostat
07:43:03 PM     0    114648      1.00      0.00  pidstat
07:43:03 PM     0    114649      5.00      0.00  bash
07:43:03 PM     0    114650      8.00      0.00  bash
07:43:03 PM     0    114651      4.00      0.00  bash
07:43:03 PM     0    114653    100.00      0.00  fio
07:43:03 PM     0    116475      1.00      0.00  sleep
07:43:03 PM     0    116476      1.00      0.00  sshd
07:43:03 PM   113    116477      2.00      0.00  sshd
07:43:03 PM     0    116482      1.00      0.00  sleep
07:43:03 PM     0    116489      1.00      0.00  sleep

07:43:03 PM   UID       PID   cswch/s nvcswch/s  Command
07:43:04 PM     0         1      3.00      0.00  systemd
07:43:04 PM     0        16      1.00      0.00  ksoftirqd/0
07:43:04 PM     0        17     35.00      0.00  rcu_preempt
07:43:04 PM     0        36      1.00      0.00  ksoftirqd/3
07:43:04 PM     0        42      3.00      0.00  ksoftirqd/4
07:43:04 PM     0        54      1.00      0.00  ksoftirqd/6
07:43:04 PM     0        84      1.00      0.00  ksoftirqd/11
07:43:04 PM     0        95      2.00      0.00  kcompactd0
07:43:04 PM     0       415      3.00      0.00  systemd-journal
07:43:04 PM     0       453      1.00      0.00  multipathd
07:43:04 PM     0       773      1.00      0.00  sshd
07:43:04 PM     0     87189      3.00      0.00  kworker/0:0-events
07:43:04 PM     0     88171      1.00      0.00  kworker/u24:55-events_unbound
07:43:04 PM     0     88222      4.00      0.00  kworker/4:3-events
07:43:04 PM     0     88669      6.00      0.00  kworker/11:1-events
07:43:04 PM     0     88734      1.00      0.00  kworker/7:1-events
07:43:04 PM     0     88741      1.00      0.00  kworker/6:2-events
07:43:04 PM     0     88759     11.00      0.00  kworker/2:1-mm_percpu_wq
07:43:04 PM     0     88840      1.00      0.00  kworker/u24:1-edac-poller
07:43:04 PM     0    105570      3.00      0.00  kworker/9:1-events
07:43:04 PM     0    107898      3.00      0.00  kworker/1:1-mm_percpu_wq
07:43:04 PM     0    109444      2.00      0.00  kworker/8:2-mm_percpu_wq
07:43:04 PM     0    111013      1.00      0.00  kworker/5:0-mm_percpu_wq
07:43:04 PM     0    112707      2.00      0.00  kworker/3:0-events
07:43:04 PM     0    114647      1.00      0.00  iostat
07:43:04 PM     0    114648      1.00      0.00  pidstat
07:43:04 PM     0    114649      5.00      0.00  bash
07:43:04 PM     0    114650      8.00      0.00  bash
07:43:04 PM     0    114651      4.00      0.00  bash
07:43:04 PM     0    114653     99.00      0.00  fio
07:43:04 PM     0    115142      1.00      0.00  kworker/10:0-mm_percpu_wq
07:43:04 PM     0    116492      1.00      0.00  sleep
07:43:04 PM     0    116497      1.00      0.00  sleep
07:43:04 PM     0    116504      1.00      0.00  sleep

07:43:04 PM   UID       PID   cswch/s nvcswch/s  Command
07:43:05 PM     0        17     22.00      0.00  rcu_preempt
07:43:05 PM     0        36      3.00      0.00  ksoftirqd/3
07:43:05 PM     0        48      1.00      0.00  ksoftirqd/5
07:43:05 PM     0        95      2.00      0.00  kcompactd0
07:43:05 PM     0       453      1.00      0.00  multipathd
07:43:05 PM     0     87189      4.00      0.00  kworker/0:0-mm_percpu_wq
07:43:05 PM     0     88171      1.00      0.00  kworker/u24:55-edac-poller
07:43:05 PM     0     88222      2.00      0.00  kworker/4:3-events
07:43:05 PM     0     88734      2.00      0.00  kworker/7:1-events
07:43:05 PM     0     88741      2.00      0.00  kworker/6:2-events
07:43:05 PM     0     88759     15.00      0.00  kworker/2:1-events
07:43:05 PM     0    107898      3.00      0.00  kworker/1:1-mm_percpu_wq
07:43:05 PM     0    111013      2.00      0.00  kworker/5:0-events
07:43:05 PM     0    112707      6.00      0.00  kworker/3:0-events
07:43:05 PM     0    114647      1.00      0.00  iostat
07:43:05 PM     0    114648      1.00      0.00  pidstat
07:43:05 PM     0    114649      5.00      0.00  bash
07:43:05 PM     0    114650      8.00      0.00  bash
07:43:05 PM     0    114651      4.00      0.00  bash
07:43:05 PM     0    114653     99.00      0.00  fio
07:43:05 PM     0    115142      3.00      0.00  kworker/10:0-events
07:43:05 PM     0    116507      1.00      0.00  sleep
07:43:05 PM     0    116512      1.00      0.00  sleep
07:43:05 PM     0    116519      1.00      0.00  sleep

07:43:05 PM   UID       PID   cswch/s nvcswch/s  Command
07:43:06 PM     0         2      1.00      0.00  kthreadd
07:43:06 PM     0        17     27.00      0.00  rcu_preempt
07:43:06 PM     0        18      1.00      0.00  migration/0
07:43:06 PM     0        23      1.00      0.00  migration/1
07:43:06 PM     0        29      1.00      0.00  migration/2
07:43:06 PM     0        35      1.00      0.00  migration/3
07:43:06 PM     0        36      1.00      0.00  ksoftirqd/3
07:43:06 PM     0        41      1.00      0.00  migration/4
07:43:06 PM     0        42      1.00      0.00  ksoftirqd/4
07:43:06 PM     0        47      1.00      0.00  migration/5
07:43:06 PM     0        53      1.00      0.00  migration/6
07:43:06 PM     0        59      1.00      0.00  migration/7
07:43:06 PM     0        65      1.00      0.00  migration/8
07:43:06 PM     0        71      1.00      0.00  migration/9
07:43:06 PM     0        72      1.00      0.00  ksoftirqd/9
07:43:06 PM     0        77      1.00      0.00  migration/10
07:43:06 PM     0        78      2.00      0.00  ksoftirqd/10
07:43:06 PM     0        83      1.00      0.00  migration/11
07:43:06 PM     0        95      2.00      0.00  kcompactd0
07:43:06 PM     0       102      1.00      0.00  irq/9-acpi
07:43:06 PM     0       188      1.00      0.00  kworker/2:1H-kblockd
07:43:06 PM     0       193      1.00      0.00  kworker/9:1H-kblockd
07:43:06 PM     0       453      1.00      0.00  multipathd
07:43:06 PM     0     87189      5.00      0.00  kworker/0:0-events
07:43:06 PM     0     88171      1.00      0.00  kworker/u24:55-events_unbound
07:43:06 PM     0     88222      1.00      0.00  kworker/4:3-events
07:43:06 PM     0     88669     10.00      0.00  kworker/11:1-mm_percpu_wq
07:43:06 PM     0     88734      1.00      0.00  kworker/7:1-events
07:43:06 PM     0     88759     11.00      0.00  kworker/2:1-mm_percpu_wq
07:43:06 PM     0     88840      1.00      0.00  kworker/u24:1-edac-poller
07:43:06 PM     0    105570      2.00      0.00  kworker/9:1-events
07:43:06 PM     0    105890      2.00      0.00  kworker/11:0-mm_percpu_wq
07:43:06 PM     0    109444      2.00      0.00  kworker/8:2-mm_percpu_wq
07:43:06 PM     0    112707      3.00      0.00  kworker/3:0-events
07:43:06 PM     0    114647      1.00      0.00  iostat
07:43:06 PM     0    114648      1.00      0.00  pidstat
07:43:06 PM     0    114649      5.00      0.00  bash
07:43:06 PM     0    114650      8.00      0.00  bash
07:43:06 PM     0    114651      4.00      0.00  bash
07:43:06 PM     0    114653     99.00      0.00  fio
07:43:06 PM     0    115142      5.00      0.00  kworker/10:0-events
07:43:06 PM     0    116522      1.00      0.00  sleep
07:43:06 PM     0    116523      3.00      0.00  kworker/11:2-i915-unordered
07:43:06 PM     0    116528      1.00      0.00  sleep
07:43:06 PM     0    116535      1.00      0.00  sleep

07:43:06 PM   UID       PID   cswch/s nvcswch/s  Command
07:43:07 PM     0        16      1.00      0.00  ksoftirqd/0
07:43:07 PM     0        17     27.00      0.00  rcu_preempt
07:43:07 PM     0        41      1.00      0.00  migration/4
07:43:07 PM     0        78      1.00      0.00  ksoftirqd/10
07:43:07 PM     0        95      2.00      0.00  kcompactd0
07:43:07 PM     0       453      1.00      0.00  multipathd
07:43:07 PM     0     87189      2.00      0.00  kworker/0:0-mm_percpu_wq
07:43:07 PM     0     88171      2.00      0.00  kworker/u24:55-events_power_efficient
07:43:07 PM     0     88222      3.00      0.00  kworker/4:3-events
07:43:07 PM     0     88669      3.00      0.00  kworker/11:1-events
07:43:07 PM     0     88734      3.00      0.00  kworker/7:1-mm_percpu_wq
07:43:07 PM     0     88741      1.00      0.00  kworker/6:2-mm_percpu_wq
07:43:07 PM     0     88759     12.00      0.00  kworker/2:1-mm_percpu_wq
07:43:07 PM     0     88840      1.00      0.00  kworker/u24:1-edac-poller
07:43:07 PM     0    105570      1.00      0.00  kworker/9:1-events
07:43:07 PM     0    107898      3.00      0.00  kworker/1:1-mm_percpu_wq
07:43:07 PM     0    112707      3.00      0.00  kworker/3:0-events
07:43:07 PM     0    114647      1.00      0.00  iostat
07:43:07 PM     0    114648      1.00      0.00  pidstat
07:43:07 PM     0    114649      5.00      0.00  bash
07:43:07 PM     0    114650      8.00      0.00  bash
07:43:07 PM     0    114651      4.00      0.00  bash
07:43:07 PM     0    114653    100.00      0.00  fio
07:43:07 PM     0    115142      4.00      0.00  kworker/10:0-events
07:43:07 PM     0    116538      1.00      0.00  sleep
07:43:07 PM     0    116543      1.00      0.00  sleep
07:43:07 PM     0    116550      1.00      0.00  sleep
