java/lang/Thread.run;java/util/concurrent/ThreadPoolExecutor$Worker.run;java/util/concurrent/ThreadPoolExecutor.runWorker;java/util/concurrent/FutureTask.run;java/util/concurrent/Executors$RunnableAdapter.call;java/util/concurrent/FutureTask.run;org/openjdk/jmh/runner/BenchmarkHandler$BenchmarkTask.call;org/openjdk/jmh/runner/BenchmarkHandler$BenchmarkTask.call;java/lang/reflect/Method.invoke;jdk/internal/reflect/DelegatingMethodAccessorImpl.invoke;jdk/internal/reflect/NativeMethodAccessorImpl.invoke;jdk/internal/reflect/NativeMethodAccessorImpl.invoke0;org/apache/cassandra/test/microbench/uring/jmh_generated/UringRawReadBench_read_jmhTest.read_Throughput;org/apache/cassandra/test/microbench/uring/jmh_generated/UringRawReadBench_read_jmhTest.read_thrpt_jmhStub;org/apache/cassandra/test/microbench/uring/UringRawReadBench.read;org/apache/cassandra/io/uring/UringRing.prepareRead;asm_exc_page_fault_[k];exc_page_fault_[k];do_user_addr_fault_[k];handle_mm_fault_[k];__handle_mm_fault_[k];handle_pte_fault_[k];do_anonymous_page_[k];__mem_cgroup_charge_[k];__rcu_read_unlock_[k] 1
java/lang/Thread.run;java/util/concurrent/ThreadPoolExecutor$Worker.run;java/util/concurrent/ThreadPoolExecutor.runWorker;java/util/concurrent/FutureTask.run;java/util/concurrent/Executors$RunnableAdapter.call;java/util/concurrent/FutureTask.run;org/openjdk/jmh/runner/BenchmarkHandler$BenchmarkTask.call;org/openjdk/jmh/runner/BenchmarkHandler$BenchmarkTask.call;java/lang/reflect/Method.invoke;jdk/internal/reflect/DelegatingMethodAccessorImpl.invoke;jdk/internal/reflect/NativeMethodAccessorImpl.invoke;jdk/internal/reflect/NativeMethodAccessorImpl.invoke0;org/apache/cassandra/test/microbench/uring/jmh_generated/UringRawReadBench_read_jmhTest.read_Throughput;org/apache/cassandra/test/microbench/uring/jmh_generated/UringRawReadBench_read_jmhTest.read_thrpt_jmhStub;org/apache/cassandra/test/microbench/uring/UringRawReadBench.read;org/apache/cassandra/io/uring/UringRing.submit;org/apache/cassandra/io/uring/UringRing.enter;org/apache/cassandra/io/uring/UringNative.ioUringEnter;org/apache/cassandra/io/uring/UringNative.syscall;[unknown];syscall;entry_SYSCALL_64_after_hwframe_[k];do_syscall_64_[k];x64_sys_call_[k];__x64_sys_io_uring_enter_[k];__do_sys_io_uring_enter_[k];io_submit_sqes_[k];blk_finish_plug_[k];__blk_flush_plug_[k];blk_mq_flush_plug_list_[k];blk_mq_flush_plug_list.part.0_[k];nvme_prep_rq.part.0?[nvme]_[k] 1
java/lang/Thread.run;java/util/concurrent/ThreadPoolExecutor$Worker.run;java/util/concurrent/ThreadPoolExecutor.runWorker;java/util/concurrent/FutureTask.run;java/util/concurrent/Executors$RunnableAdapter.call;java/util/concurrent/FutureTask.run;org/openjdk/jmh/runner/BenchmarkHandler$BenchmarkTask.call;org/openjdk/jmh/runner/BenchmarkHandler$BenchmarkTask.call;java/lang/reflect/Method.invoke;jdk/internal/reflect/DelegatingMethodAccessorImpl.invoke;jdk/internal/reflect/NativeMethodAccessorImpl.invoke;jdk/internal/reflect/NativeMethodAccessorImpl.invoke0;org/apache/cassandra/test/microbench/uring/jmh_generated/UringRawReadBench_read_jmhTest.read_Throughput;org/apache/cassandra/test/microbench/uring/jmh_generated/UringRawReadBench_read_jmhTest.read_thrpt_jmhStub;org/apache/cassandra/test/microbench/uring/UringRawReadBench.read;org/apache/cassandra/io/uring/UringRing.submit;org/apache/cassandra/io/uring/UringRing.enter;org/apache/cassandra/io/uring/UringNative.ioUringEnter;org/apache/cassandra/io/uring/UringNative.syscall;/root/.cache/JNA/temp/jna18280739141362750566.tmp;/root/.cache/JNA/temp/jna18280739141362750566.tmp;__errno_location@plt 3
java/lang/Thread.run;java/util/concurrent/ThreadPoolExecutor$Worker.run;java/util/concurrent/ThreadPoolExecutor.runWorker;java/util/concurrent/FutureTask.run;java/util/concurrent/Executors$RunnableAdapter.call;java/util/concurrent/FutureTask.run;org/openjdk/jmh/runner/BenchmarkHandler$BenchmarkTask.call;org/openjdk/jmh/runner/BenchmarkHandler$BenchmarkTask.call;java/lang/reflect/Method.invoke;jdk/internal/reflect/DelegatingMethodAccessorImpl.invoke;jdk/internal/reflect/NativeMethodAccessorImpl.invoke;jdk/internal/reflect/NativeMethodAccessorImpl.invoke0;org/apache/cassandra/test/microbench/uring/jmh_generated/UringRawReadBench_read_jmhTest.read_Throughput;org/apache/cassandra/test/microbench/uring/jmh_generated/UringRawReadBench_read_jmhTest.read_thrpt_jmhStub;org/apache/cassandra/test/microbench/uring/UringRawReadBench.read;org/apache/cassandra/io/uring/UringRing.submit;org/apache/cassandra/io/uring/UringRing.enter;org/apache/cassandra/io/uring/UringNative.ioUringEnter;org/apache/cassandra/io/uring/UringNative.syscall;[unknown];syscall;entry_SYSCALL_64_after_hwframe_[k];do_syscall_64_[k];x64_sys_call_[k];__x64_sys_io_uring_enter_[k];__do_sys_io_uring_enter_[k];io_submit_sqes_[k];io_issue_sqe_[k];io_read_[k];__io_read_[k];ext4_file_read_iter_[k];iomap_dio_rw_[k];__iomap_dio_rw_[k];iomap_dio_bio_iter_[k];iomap_dio_submit_bio_[k];submit_bio_[k];submit_bio_noacct_[k];submit_bio_noacct_nocheck_[k];__submit_bio_[k];blk_mq_submit_bio_[k];ktime_get_[k] 2
java/lang/Thread.run;java/util/concurrent/ThreadPoolExecutor$Worker.run;java/util/concurrent/ThreadPoolExecutor.runWorker;java/util/concurrent/FutureTask.run;java/util/concurrent/Executors$RunnableAdapter.call;java/util/concurrent/FutureTask.run;org/openjdk/jmh/runner/BenchmarkHandler$BenchmarkTask.call;org/openjdk/jmh/runner/BenchmarkHandler$BenchmarkTask.call;java/lang/reflect/Method.invoke;jdk/internal/reflect/DelegatingMethodAccessorImpl.invoke;jdk/internal/reflect/NativeMethodAccessorImpl.invoke;jdk/internal/reflect/NativeMethodAccessorImpl.invoke0;org/apache/cassandra/test/microbench/uring/jmh_generated/UringRawReadBench_read_jmhTest.read_Throughput;org/apache/cassandra/test/microbench/uring/jmh_generated/UringRawReadBench_read_jmhTest.read_thrpt_jmhStub;org/apache/cassandra/test/microbench/uring/UringRawReadBench.read;org/apache/cassandra/io/uring/UringRing.submit;org/apache/cassandra/io/uring/UringRing.enter;org/apache/cassandra/io/uring/UringNative.ioUringEnter;org/apache/cassandra/io/uring/UringNative.syscall;[unknown];syscall;entry_SYSCALL_64_after_hwframe_[k];do_syscall_64_[k];x64_sys_call_[k];__x64_sys_io_uring_enter_[k];__do_sys_io_uring_enter_[k];io_submit_sqes_[k];io_issue_sqe_[k];io_read_[k];__io_read_[k];ext4_file_read_iter_[k];iomap_dio_rw_[k];__iomap_dio_rw_[k];iomap_dio_bio_iter_[k];iomap_dio_submit_bio_[k];submit_bio_[k];submit_bio_noacct_[k];submit_bio_noacct_nocheck_[k];__submit_bio_[k];blk_mq_submit_bio_[k];__blk_mq_alloc_requests_[k];blk_mq_rq_ctx_init.isra.0_[k] 1
java/lang/Thread.run;java/util/concurrent/ThreadPoolExecutor$Worker.run;java/util/concurrent/ThreadPoolExecutor.runWorker;java/util/concurrent/FutureTask.run;java/util/concurrent/Executors$RunnableAdapter.call;java/util/concurrent/FutureTask.run;org/openjdk/jmh/runner/BenchmarkHandler$BenchmarkTask.call;org/openjdk/jmh/runner/BenchmarkHandler$BenchmarkTask.call;java/lang/reflect/Method.invoke;jdk/internal/reflect/DelegatingMethodAccessorImpl.invoke;jdk/internal/reflect/NativeMethodAccessorImpl.invoke;jdk/internal/reflect/NativeMethodAccessorImpl.invoke0;org/apache/cassandra/test/microbench/uring/jmh_generated/UringRawReadBench_read_jmhTest.read_Throughput;org/apache/cassandra/test/microbench/uring/jmh_generated/UringRawReadBench_read_jmhTest.read_thrpt_jmhStub;org/apache/cassandra/test/microbench/uring/UringRawReadBench.read;org/apache/cassandra/io/uring/UringRing.submit;org/apache/cassandra/io/uring/UringRing.enter;org/apache/cassandra/io/uring/UringNative.ioUringEnter;org/apache/cassandra/io/uring/UringNative.syscall;[unknown];syscall;entry_SYSCALL_64_after_hwframe_[k];do_syscall_64_[k];x64_sys_call_[k];__x64_sys_io_uring_enter_[k];__do_sys_io_uring_enter_[k];io_submit_sqes_[k];io_issue_sqe_[k];io_read_[k];__io_read_[k];ext4_file_read_iter_[k];iomap_dio_rw_[k];__iomap_dio_rw_[k];iomap_dio_bio_iter_[k];iomap_dio_submit_bio_[k];submit_bio_[k];submit_bio_noacct_[k];submit_bio_noacct_nocheck_[k];__submit_bio_[k];blk_mq_submit_bio_[k];blk_add_rq_to_plug_[k];blk_mq_flush_plug_list.part.0_[k];nvme_queue_rqs?[nvme]_[k];nvme_setup_cmd?[nvme_core]_[k];nvme_setup_rw?[nvme_core]_[k] 3
java/lang/Thread.run;java/util/concurrent/ThreadPoolExecutor$Worker.run;java/util/concurrent/ThreadPoolExecutor.runWorker;java/util/concurrent/FutureTask.run;java/util/concurrent/Executors$RunnableAdapter.call;java/util/concurrent/FutureTask.run;org/openjdk/jmh/runner/BenchmarkHandler$BenchmarkTask.call;org/openjdk/jmh/runner/BenchmarkHandler$BenchmarkTask.call;java/lang/reflect/Method.invoke;jdk/internal/reflect/DelegatingMethodAccessorImpl.invoke;jdk/internal/reflect/NativeMethodAccessorImpl.invoke;jdk/internal/reflect/NativeMethodAccessorImpl.invoke0;org/apache/cassandra/test/microbench/uring/jmh_generated/UringRawReadBench_read_jmhTest.read_Throughput;org/apache/cassandra/test/microbench/uring/jmh_generated/UringRawReadBench_read_jmhTest.read_thrpt_jmhStub;org/apache/cassandra/test/microbench/uring/UringRawReadBench.read;org/apache/cassandra/io/uring/UringRing.submit;org/apache/cassandra/io/uring/UringRing.enter;org/apache/cassandra/io/uring/UringNative.ioUringEnter;org/apache/cassandra/io/uring/UringNative.syscall;[unknown];/root/.cache/JNA/temp/jna18280739141362750566.tmp 4
java/lang/Thread.run;java/util/concurrent/ThreadPoolExecutor$Worker.run;java/util/concurrent/ThreadPoolExecutor.runWorker;java/util/concurrent/FutureTask.run;java/util/concurrent/Executors$RunnableAdapter.call;java/util/concurrent/FutureTask.run;org/openjdk/jmh/runner/BenchmarkHandler$BenchmarkTask.call;org/openjdk/jmh/runner/BenchmarkHandler$BenchmarkTask.call;java/lang/reflect/Method.invoke;jdk/internal/reflect/DelegatingMethodAccessorImpl.invoke;jdk/internal/reflect/NativeMethodAccessorImpl.invoke;jdk/internal/reflect/NativeMethodAccessorImpl.invoke0;org/apache/cassandra/test/microbench/uring/jmh_generated/UringRawReadBench_read_jmhTest.read_Throughput;org/apache/cassandra/test/microbench/uring/jmh_generated/UringRawReadBench_read_jmhTest.read_thrpt_jmhStub;org/apache/cassandra/test/microbench/uring/UringRawReadBench.read;org/apache/cassandra/io/uring/UringRing.submit;org/apache/cassandra/io/uring/UringRing.enter;org/apache/cassandra/io/uring/UringNative.ioUringEnter;org/apache/cassandra/io/uring/UringNative.syscall;[unknown];syscall;entry_SYSCALL_64_after_hwframe_[k];do_syscall_64_[k];x64_sys_call_[k];__x64_sys_io_uring_enter_[k];__do_sys_io_uring_enter_[k];io_submit_sqes_[k];io_issue_sqe_[k];io_read_[k];__io_read_[k];ext4_file_read_iter_[k];iomap_dio_rw_[k];__iomap_dio_rw_[k];iomap_dio_bio_iter_[k];iomap_dio_submit_bio_[k];submit_bio_[k];submit_bio_noacct_[k];submit_bio_noacct_nocheck_[k];__submit_bio_[k];blk_mq_submit_bio_[k];blk_mq_attempt_bio_merge_[k];blk_attempt_plug_merge_[k] 5
java/lang/Thread.run;java/util/concurrent/ThreadPoolExecutor$Worker.run;java/util/concurrent/ThreadPoolExecutor.runWorker;java/util/concurrent/FutureTask.run;java/util/concurrent/Executors$RunnableAdapter.call;java/util/concurrent/FutureTask.run;org/openjdk/jmh/runner/BenchmarkHandler$BenchmarkTask.call;org/openjdk/jmh/runner/BenchmarkHandler$BenchmarkTask.call;java/lang/reflect/Method.invoke;jdk/internal/reflect/DelegatingMethodAccessorImpl.invoke;jdk/internal/reflect/NativeMethodAccessorImpl.invoke;jdk/internal/reflect/NativeMethodAccessorImpl.invoke0;org/apache/cassandra/test/microbench/uring/jmh_generated/UringRawReadBench_read_jmhTest.read_Throughput;org/apache/cassandra/test/microbench/uring/jmh_generated/UringRawReadBench_read_jmhTest.read_thrpt_jmhStub;org/apache/cassandra/test/microbench/uring/UringRawReadBench.read;org/apache/cassandra/io/uring/UringRing.awaitCompletions;org/apache/cassandra/io/uring/UringRing.enter;org/apache/cassandra/io/uring/UringNative.ioUringEnter;org/apache/cassandra/io/uring/UringNative.syscall;[unknown];syscall;entry_SYSCALL_64_after_hwframe_[k];do_syscall_64_[k];syscall_exit_to_user_mode_[k];__rseq_handle_notify_resume_[k];rseq_update_cpu_node_id_[k] 1
java/lang/Thread.run;java/util/concurrent/ThreadPoolExecutor$Worker.run;java/util/concurrent/ThreadPoolExecutor.runWorker;java/util/concurrent/FutureTask.run;java/util/concurrent/Executors$RunnableAdapter.call;java/util/concurrent/FutureTask.run;org/openjdk/jmh/runner/BenchmarkHandler$BenchmarkTask.call;org/openjdk/jmh/runner/BenchmarkHandler$BenchmarkTask.call;java/lang/reflect/Method.invoke;jdk/internal/reflect/DelegatingMethodAccessorImpl.invoke;jdk/internal/reflect/NativeMethodAccessorImpl.invoke;jdk/internal/reflect/NativeMethodAccessorImpl.invoke0;org/apache/cassandra/test/microbench/uring/jmh_generated/UringRawReadBench_read_jmhTest.read_Throughput;org/apache/cassandra/test/microbench/uring/jmh_generated/UringRawReadBench_read_jmhTest.read_thrpt_jmhStub;org/apache/cassandra/test/microbench/uring/UringRawReadBench.read;org/apache/cassandra/io/uring/UringRing.submit;org/apache/cassandra/io/uring/UringRing.enter;org/apache/cassandra/io/uring/UringNative.ioUringEnter;org/apache/cassandra/io/uring/UringNative.syscall;[unknown];syscall;entry_SYSCALL_64_after_hwframe_[k];do_syscall_64_[k];x64_sys_call_[k];__x64_sys_io_uring_enter_[k];__do_sys_io_uring_enter_[k];io_submit_sqes_[k];blk_finish_plug_[k];__blk_flush_plug_[k];blk_mq_flush_plug_list_[k];blk_mq_flush_plug_list.part.0_[k];nvme_queue_rqs?[nvme]_[k];nvme_prep_rq.part.0?[nvme]_[k];nvme_map_data?[nvme]_[k];dma_map_page_attrs_[k];iommu_dma_map_page_[k];__iommu_dma_map_[k];iommu_map_[k];intel_iommu_iotlb_sync_map_[k];xa_find_[k];xas_find_[k] 1
java/lang/Thread.run;java/util/concurrent/ThreadPoolExecutor$Worker.run;java/util/concurrent/ThreadPoolExecutor.runWorker;java/util/concurrent/FutureTask.run;java/util/concurrent/Executors$RunnableAdapter.call;java/util/concurrent/FutureTask.run;org/openjdk/jmh/runner/BenchmarkHandler$BenchmarkTask.call;org/openjdk/jmh/runner/BenchmarkHandler$BenchmarkTask.call;java/lang/reflect/Method.invoke;jdk/internal/reflect/DelegatingMethodAccessorImpl.invoke;jdk/internal/reflect/NativeMethodAccessorImpl.invoke;jdk/internal/reflect/NativeMethodAccessorImpl.invoke0;org/apache/cassandra/test/microbench/uring/jmh_generated/UringRawReadBench_read_jmhTest.read_Throughput;org/apache/cassandra/test/microbench/uring/jmh_generated/UringRawReadBench_read_jmhTest.read_thrpt_jmhStub;org/apache/cassandra/test/microbench/uring/UringRawReadBench.read;org/apache/cassandra/io/uring/UringRing.submit;org/apache/cassandra/io/uring/UringRing.enter;org/apache/cassandra/io/uring/UringNative.ioUringEnter;org/apache/cassandra/io/uring/UringNative.syscall;[unknown];syscall;entry_SYSCALL_64_after_hwframe_[k];do_syscall_64_[k];x64_sys_call_[k];__x64_sys_io_uring_enter_[k];__do_sys_io_uring_enter_[k];io_submit_sqes_[k];blk_finish_plug_[k];__blk_flush_plug_[k];blk_mq_flush_plug_list_[k];blk_mq_flush_plug_list.part.0_[k];nvme_queue_rqs?[nvme]_[k];nvme_prep_rq.part.0?[nvme]_[k];nvme_map_data?[nvme]_[k];dma_map_page_attrs_[k];iommu_dma_map_page_[k];__iommu_dma_map_[k];intel_iommu_iotlb_sync_map_[k] 1
java/lang/Thread.run;java/util/concurrent/ThreadPoolExecutor$Worker.run;java/util/concurrent/ThreadPoolExecutor.runWorker;java/util/concurrent/FutureTask.run;java/util/concurrent/Executors$RunnableAdapter.call;java/util/concurrent/FutureTask.run;org/openjdk/jmh/runner/BenchmarkHandler$BenchmarkTask.call;org/openjdk/jmh/runner/BenchmarkHandler$BenchmarkTask.call;java/lang/reflect/Method.invoke;jdk/internal/reflect/DelegatingMethodAccessorImpl.invoke;jdk/internal/reflect/NativeMethodAccessorImpl.invoke;jdk/internal/reflect/NativeMethodAccessorImpl.invoke0;org/apache/cassandra/test/microbench/uring/jmh_generated/UringRawReadBench_read_jmhTest.read_Throughput;org/apache/cassandra/test/microbench/uring/jmh_generated/UringRawReadBench_read_jmhTest.read_thrpt_jmhStub;org/apache/cassandra/test/microbench/uring/UringRawReadBench.read;org/apache/cassandra/io/uring/UringRing.submit;org/apache/cassandra/io/uring/UringRing.enter;org/apache/cassandra/io/uring/UringNative.ioUringEnter;org/apache/cassandra/io/uring/UringNative.syscall;[unknown];syscall;entry_SYSCALL_64_after_hwframe_[k];do_syscall_64_[k];x64_sys_call_[k];__x64_sys_io_uring_enter_[k];__do_sys_io_uring_enter_[k];io_submit_sqes_[k];blk_finish_plug_[k];__blk_flush_plug_[k];blk_mq_flush_plug_list_[k];blk_mq_flush_plug_list.part.0_[k];nvme_queue_rqs?[nvme]_[k];nvme_prep_rq.part.0?[nvme]_[k];nvme_map_data?[nvme]_[k];dma_map_page_attrs_[k];iommu_dma_map_page_[k];__iommu_dma_map_[k];iommu_map_[k] 2
java/lang/Thread.run;java/util/concurrent/ThreadPoolExecutor$Worker.run;java/util/concurrent/ThreadPoolExecutor.runWorker;java/util/concurrent/FutureTask.run;java/util/concurrent/Executors$RunnableAdapter.call;java/util/concurrent/FutureTask.run;org/openjdk/jmh/runner/BenchmarkHandler$BenchmarkTask.call;org/openjdk/jmh/runner/BenchmarkHandler$BenchmarkTask.call;java/lang/reflect/Method.invoke;jdk/internal/reflect/DelegatingMethodAccessorImpl.invoke;jdk/internal/reflect/NativeMethodAccessorImpl.invoke;jdk/internal/reflect/NativeMethodAccessorImpl.invoke0;org/apache/cassandra/test/microbench/uring/jmh_generated/UringRawReadBench_read_jmhTest.read_Throughput;org/apache/cassandra/test/microbench/uring/jmh_generated/UringRawReadBench_read_jmhTest.read_thrpt_jmhStub;org/apache/cassandra/test/microbench/uring/UringRawReadBench.read;org/apache/cassandra/io/uring/UringRing.awaitCompletions;org/apache/cassandra/io/uring/UringRing.enter;org/apache/cassandra/io/uring/UringNative.ioUringEnter;org/apache/cassandra/io/uring/UringNative.syscall;[unknown];syscall;entry_SYSCALL_64_after_hwframe_[k];do_syscall_64_[k];x64_sys_call_[k];__x64_sys_io_uring_enter_[k];__do_sys_io_uring_enter_[k];io_cqring_wait_[k];__schedule_[k] 1
java/lang/Thread.run;java/util/concurrent/ThreadPoolExecutor$Worker.run;java/util/concurrent/ThreadPoolExecutor.runWorker;java/util/concurrent/FutureTask.run;java/util/concurrent/Executors$RunnableAdapter.call;java/util/concurrent/FutureTask.run;org/openjdk/jmh/runner/BenchmarkHandler$BenchmarkTask.call;org/openjdk/jmh/runner/BenchmarkHandler$BenchmarkTask.call;java/lang/reflect/Method.invoke;jdk/internal/reflect/DelegatingMethodAccessorImpl.invoke;jdk/internal/reflect/NativeMethodAccessorImpl.invoke;jdk/internal/reflect/NativeMethodAccessorImpl.invoke0;org/apache/cassandra/test/microbench/uring/jmh_generated/UringRawReadBench_read_jmhTest.read_Throughput;org/apache/cassandra/test/microbench/uring/jmh_generated/UringRawReadBench_read_jmhTest.read_thrpt_jmhStub;org/apache/cassandra/test/microbench/uring/UringRawReadBench.read;java/util/HashMap.put;java/util/HashMap.putVal 2
java/lang/Thread.run;java/util/concurrent/ThreadPoolExecutor$Worker.run;java/util/concurrent/ThreadPoolExecutor.runWorker;java/util/concurrent/FutureTask.run;java/util/concurrent/Executors$RunnableAdapter.call;java/util/concurrent/FutureTask.run;org/openjdk/jmh/runner/BenchmarkHandler$BenchmarkTask.call;org/openjdk/jmh/runner/BenchmarkHandler$BenchmarkTask.call;java/lang/reflect/Method.invoke;jdk/internal/reflect/DelegatingMethodAccessorImpl.invoke;jdk/internal/reflect/NativeMethodAccessorImpl.invoke;jdk/internal/reflect/NativeMethodAccessorImpl.invoke0;org/apache/cassandra/test/microbench/uring/jmh_generated/UringRawReadBench_read_jmhTest.read_Throughput;org/apache/cassandra/test/microbench/uring/jmh_generated/UringRawReadBench_read_jmhTest.read_thrpt_jmhStub;org/apache/cassandra/test/microbench/uring/UringRawReadBench.read;org/apache/cassandra/io/uring/UringRing.submit;org/apache/cassandra/io/uring/UringRing.enter;org/apache/cassandra/io/uring/UringNative.ioUringEnter;org/apache/cassandra/io/uring/UringNative.syscall;[unknown];syscall;entry_SYSCALL_64_after_hwframe_[k];do_syscall_64_[k];x64_sys_call_[k];__x64_sys_io_uring_enter_[k];__do_sys_io_uring_enter_[k];io_submit_sqes_[k];io_issue_sqe_[k];io_read_[k];__io_read_[k];ext4_file_read_iter_[k];iomap_dio_rw_[k];__iomap_dio_rw_[k];iomap_dio_bio_iter_[k];iomap_dio_submit_bio_[k];submit_bio_[k];submit_bio_noacct_[k];submit_bio_noacct_nocheck_[k];__submit_bio_[k];blk_mq_submit_bio_[k] 16
java/lang/Thread.run;java/util/concurrent/ThreadPoolExecutor$Worker.run;java/util/concurrent/ThreadPoolExecutor.runWorker;java/util/concurrent/FutureTask.run;java/util/concurrent/Executors$RunnableAdapter.call;java/util/concurrent/FutureTask.run;org/openjdk/jmh/runner/BenchmarkHandler$BenchmarkTask.call;org/openjdk/jmh/runner/BenchmarkHandler$BenchmarkTask.call;java/lang/reflect/Method.invoke;jdk/internal/reflect/DelegatingMethodAccessorImpl.invoke;jdk/internal/reflect/NativeMethodAccessorImpl.invoke;jdk/internal/reflect/NativeMethodAccessorImpl.invoke0;org/apache/cassandra/test/microbench/uring/jmh_generated/UringRawReadBench_read_jmhTest.read_Throughput;org/apache/cassandra/test/microbench/uring/jmh_generated/UringRawReadBench_read_jmhTest.read_thrpt_jmhStub;org/apache/cassandra/test/microbench/uring/UringRawReadBench.read;org/apache/cassandra/io/uring/UringRing.submit;org/apache/cassandra/io/uring/UringRing.enter;org/apache/cassandra/io/uring/UringNative.ioUringEnter;org/apache/cassandra/io/uring/UringNative.syscall;[unknown];syscall;entry_SYSCALL_64_after_hwframe_[k];do_syscall_64_[k];x64_sys_call_[k];__x64_sys_io_uring_enter_[k];__do_sys_io_uring_enter_[k];io_submit_sqes_[k];blk_finish_plug_[k];__blk_flush_plug_[k];blk_mq_flush_plug_list_[k];blk_mq_flush_plug_list.part.0_[k];nvme_queue_rqs?[nvme]_[k];nvme_prep_rq.part.0?[nvme]_[k];nvme_map_data?[nvme]_[k];dma_map_page_attrs_[k];iommu_dma_map_page_[k];__iommu_dma_map_[k];iommu_map_[k];intel_iommu_iotlb_sync_map_[k];xa_find_after_[k];xas_find_[k];xas_load_[k];xas_descend_[k] 1
java/lang/Thread.run;java/util/concurrent/ThreadPoolExecutor$Worker.run;java/util/concurrent/ThreadPoolExecutor.runWorker;java/util/concurrent/FutureTask.run;java/util/concurrent/Executors$RunnableAdapter.call;java/util/concurrent/FutureTask.run;org/openjdk/jmh/runner/BenchmarkHandler$BenchmarkTask.call;org/openjdk/jmh/runner/BenchmarkHandler$BenchmarkTask.call;java/lang/reflect/Method.invoke;jdk/internal/reflect/DelegatingMethodAccessorImpl.invoke;jdk/internal/reflect/NativeMethodAccessorImpl.invoke;jdk/internal/reflect/NativeMethodAccessorImpl.invoke0;org/apache/cassandra/test/microbench/uring/jmh_generated/UringRawReadBench_read_jmhTest.read_Throughput;org/apache/cassandra/test/microbench/uring/jmh_generated/UringRawReadBench_read_jmhTest.read_thrpt_jmhStub;org/apache/cassandra/test/microbench/uring/UringRawReadBench.read;org/apache/cassandra/io/uring/UringRing.submit;org/apache/cassandra/io/uring/UringRing.enter;org/apache/cassandra/io/uring/UringNative.ioUringEnter;org/apache/cassandra/io/uring/UringNative.syscall;[unknown];syscall;entry_SYSCALL_64_after_hwframe_[k];do_syscall_64_[k];x64_sys_call_[k];__x64_sys_io_uring_enter_[k];__do_sys_io_uring_enter_[k];io_submit_sqes_[k];io_issue_sqe_[k];io_read_[k];__io_read_[k];ext4_file_read_iter_[k];iomap_dio_rw_[k];iomap_iter_[k] 2
java/lang/Thread.run;java/util/concurrent/ThreadPoolExecutor$Worker.run;java/util/concurrent/ThreadPoolExecutor.runWorker;java/util/concurrent/FutureTask.run;java/util/concurrent/Executors$RunnableAdapter.call;java/util/concurrent/FutureTask.run;org/openjdk/jmh/runner/BenchmarkHandler$BenchmarkTask.call;org/openjdk/jmh/runner/BenchmarkHandler$BenchmarkTask.call;java/lang/reflect/Method.invoke;jdk/internal/reflect/DelegatingMethodAccessorImpl.invoke;jdk/internal/reflect/NativeMethodAccessorImpl.invoke;jdk/internal/reflect/NativeMethodAccessorImpl.invoke0;org/apache/cassandra/test/microbench/uring/jmh_generated/UringRawReadBench_read_jmhTest.read_Throughput;org/apache/cassandra/test/microbench/uring/jmh_generated/UringRawReadBench_read_jmhTest.read_thrpt_jmhStub;org/apache/cassandra/test/microbench/uring/UringRawReadBench.read;org/apache/cassandra/io/uring/UringRing.prepareRead;asm_exc_page_fault_[k];exc_page_fault_[k];do_user_addr_fault_[k] 1
java/lang/Thread.run;java/util/concurrent/ThreadPoolExecutor$Worker.run;java/util/concurrent/ThreadPoolExecutor.runWorker;java/util/concurrent/FutureTask.run;java/util/concurrent/Executors$RunnableAdapter.call;java/util/concurrent/FutureTask.run;org/openjdk/jmh/runner/BenchmarkHandler$BenchmarkTask.call;org/openjdk/jmh/runner/BenchmarkHandler$BenchmarkTask.call;java/lang/reflect/Method.invoke;jdk/internal/reflect/DelegatingMethodAccessorImpl.invoke;jdk/internal/reflect/NativeMethodAccessorImpl.invoke;jdk/internal/reflect/NativeMethodAccessorImpl.invoke0;org/apache/cassandra/test/microbench/uring/jmh_generated/UringRawReadBench_read_jmhTest.read_Throughput;org/apache/cassandra/test/microbench/uring/jmh_generated/UringRawReadBench_read_jmhTest.read_thrpt_jmhStub;org/apache/cassandra/test/microbench/uring/UringRawReadBench.read;java/util/ArrayDeque.poll;java/util/ArrayDeque.pollFirst 4
java/lang/Thread.run;java/util/concurrent/ThreadPoolExecutor$Worker.run;java/util/concurrent/ThreadPoolExecutor.runWorker;java/util/concurrent/FutureTask.run;java/util/concurrent/Executors$RunnableAdapter.call;java/util/concurrent/FutureTask.run;org/openjdk/jmh/runner/BenchmarkHandler$BenchmarkTask.call;org/openjdk/jmh/runner/BenchmarkHandler$BenchmarkTask.call;java/lang/reflect/Method.invoke;jdk/internal/reflect/DelegatingMethodAccessorImpl.invoke;jdk/internal/reflect/NativeMethodAccessorImpl.invoke;jdk/internal/reflect/NativeMethodAccessorImpl.invoke0;org/apache/cassandra/test/microbench/uring/jmh_generated/UringRawReadBench_read_jmhTest.read_Throughput;org/apache/cassandra/test/microbench/uring/jmh_generated/UringRawReadBench_read_jmhTest.read_thrpt_jmhStub;org/apache/cassandra/test/microbench/uring/UringRawReadBench.read;org/apache/cassandra/io/uring/UringRing.awaitCompletions;org/apache/cassandra/io/uring/UringRing.enter;org/apache/cassandra/io/uring/UringNative.ioUringEnter;org/apache/cassandra/io/uring/UringNative.syscall;[unknown];syscall;entry_SYSCALL_64_after_hwframe_[k];do_syscall_64_[k];x64_sys_call_[k];__x64_sys_io_uring_enter_[k];__do_sys_io_uring_enter_[k];io_cqring_wait_[k];mutex_unlock_[k] 1
java/lang/Thread.run;java/util/concurrent/ThreadPoolExecutor$Worker.run;java/util/concurrent/ThreadPoolExecutor.runWorker;java/util/concurrent/FutureTask.run;java/util/concurrent/Executors$RunnableAdapter.call;java/util/concurrent/FutureTask.run;org/openjdk/jmh/runner/BenchmarkHandler$BenchmarkTask.call;org/openjdk/jmh/runner/BenchmarkHandler$BenchmarkTask.call;java/lang/reflect/Method.invoke;jdk/internal/reflect/DelegatingMethodAccessorImpl.invoke;jdk/internal/reflect/NativeMethodAccessorImpl.invoke;jdk/internal/reflect/NativeMethodAccessorImpl.invoke0;org/apache/cassandra/test/microbench/uring/jmh_generated/UringRawReadBench_read_jmhTest.read_Throughput;org/apache/cassandra/test/microbench/uring/jmh_generated/UringRawReadBench_read_jmhTest.read_thrpt_jmhStub;org/apache/cassandra/test/microbench/uring/UringRawReadBench.read;org/apache/cassandra/io/uring/UringRing.awaitCompletions;org/apache/cassandra/io/uring/UringRing.enter;org/apache/cassandra/io/uring/UringNative.ioUringEnter;org/apache/cassandra/io/uring/UringNative.syscall;/root/.cache/JNA/temp/jna18280739141362750566.tmp;/root/.cache/JNA/temp/jna18280739141362750566.tmp;/root/.cache/JNA/temp/jna18280739141362750566.tmp;ffi_call;/root/.cache/JNA/temp/jna18280739141362750566.tmp;/root/.cache/JNA/temp/jna18280739141362750566.tmp;/root/.cache/JNA/temp/jna18280739141362750566.tmp 3
java/lang/Thread.run;java/util/concurrent/ThreadPoolExecutor$Worker.run;java/util/concurrent/ThreadPoolExecutor.runWorker;java/util/concurrent/FutureTask.run;java/util/concurrent/Executors$RunnableAdapter.call;java/util/concurrent/FutureTask.run;org/openjdk/jmh/runner/BenchmarkHandler$BenchmarkTask.call;org/openjdk/jmh/runner/BenchmarkHandler$BenchmarkTask.call;java/lang/reflect/Method.invoke;jdk/internal/reflect/DelegatingMethodAccessorImpl.invoke;jdk/internal/reflect/NativeMethodAccessorImpl.invoke;jdk/internal/reflect/NativeMethodAccessorImpl.invoke0;org/apache/cassandra/test/microbench/uring/jmh_generated/UringRawReadBench_read_jmhTest.read_Throughput;org/apache/cassandra/test/microbench/uring/jmh_generated/UringRawReadBench_read_jmhTest.read_thrpt_jmhStub;org/apache/cassandra/test/microbench/uring/UringRawReadBench.read;org/apache/cassandra/io/uring/UringRing.submit;org/apache/cassandra/io/uring/UringRing.enter;org/apache/cassandra/io/uring/UringNative.ioUringEnter;org/apache/cassandra/io/uring/UringNative.syscall;/root/.cache/JNA/temp/jna18280739141362750566.tmp;/root/.cache/JNA/temp/jna18280739141362750566.tmp;/root/.cache/JNA/temp/jna18280739141362750566.tmp;/root/.cache/JNA/temp/jna18280739141362750566.tmp 10
java/lang/Thread.run;java/util/concurrent/ThreadPoolExecutor$Worker.run;java/util/concurrent/ThreadPoolExecutor.runWorker;java/util/concurrent/FutureTask.run;java/util/concurrent/Executors$RunnableAdapter.call;java/util/concurrent/FutureTask.run;org/openjdk/jmh/runner/BenchmarkHandler$BenchmarkTask.call;org/openjdk/jmh/runner/BenchmarkHandler$BenchmarkTask.call;java/lang/reflect/Method.invoke;jdk/internal/reflect/DelegatingMethodAccessorImpl.invoke;jdk/internal/reflect/NativeMethodAccessorImpl.invoke;jdk/internal/reflect/NativeMethodAccessorImpl.invoke0;org/apache/cassandra/test/microbench/uring/jmh_generated/UringRawReadBench_read_jmhTest.read_Throughput;org/apache/cassandra/test/microbench/uring/jmh_generated/UringRawReadBench_read_jmhTest.read_thrpt_jmhStub;org/apache/cassandra/test/microbench/uring/UringRawReadBench.read;org/apache/cassandra/io/uring/UringRing.submit;org/apache/cassandra/io/uring/UringRing.enter;org/apache/cassandra/io/uring/UringNative.ioUringEnter;org/apache/cassandra/io/uring/UringNative.syscall;[unknown];syscall;entry_SYSCALL_64_after_hwframe_[k];do_syscall_64_[k];x64_sys_call_[k];__x64_sys_io_uring_enter_[k];__do_sys_io_uring_enter_[k];io_submit_sqes_[k];io_issue_sqe_[k];io_read_[k];__io_read_[k];rw_verify_area_[k];security_file_permission_[k];apparmor_file_permission_[k];__rcu_read_lock_[k] 1
java/lang/Thread.run;java/util/concurrent/ThreadPoolExecutor$Worker.run;java/util/concurrent/ThreadPoolExecutor.runWorker;java/util/concurrent/FutureTask.run;java/util/concurrent/Executors$RunnableAdapter.call;java/util/concurrent/FutureTask.run;org/openjdk/jmh/runner/BenchmarkHandler$BenchmarkTask.call;org/openjdk/jmh/runner/BenchmarkHandler$BenchmarkTask.call;java/lang/reflect/Method.invoke;jdk/internal/reflect/DelegatingMethodAccessorImpl.invoke;jdk/internal/reflect/NativeMethodAccessorImpl.invoke;jdk/internal/reflect/NativeMethodAccessorImpl.invoke0;org/apache/cassandra/test/microbench/uring/jmh_generated/UringRawReadBench_read_jmhTest.read_Throughput;org/apache/cassandra/test/microbench/uring/jmh_generated/UringRawReadBench_read_jmhTest.read_thrpt_jmhStub;org/apache/cassandra/test/microbench/uring/UringRawReadBench.read;org/apache/cassandra/io/uring/UringRing.submit;org/apache/cassandra/io/uring/UringRing.enter;org/apache/cassandra/io/uring/UringNative.ioUringEnter;org/apache/cassandra/io/uring/UringNative.syscall;[unknown];syscall;entry_SYSCALL_64_after_hwframe_[k];do_syscall_64_[k];x64_sys_call_[k];__x64_sys_io_uring_enter_[k];__do_sys_io_uring_enter_[k];io_submit_sqes_[k];io_issue_sqe_[k];io_read_[k];__io_read_[k];ext4_file_read_iter_[k];iomap_dio_rw_[k];__iomap_dio_rw_[k];iomap_dio_bio_iter_[k];iomap_dio_submit_bio_[k];submit_bio_[k];submit_bio_noacct_[k];submit_bio_noacct_nocheck_[k];__submit_bio_[k];blk_mq_submit_bio_[k];blk_mq_attempt_bio_merge_[k];blk_mq_sched_bio_merge_[k] 4
java/lang/Thread.run;java/util/concurrent/ThreadPoolExecutor$Worker.run;java/util/concurrent/ThreadPoolExecutor.runWorker;java/util/concurrent/FutureTask.run;java/util/concurrent/Executors$RunnableAdapter.call;java/util/concurrent/FutureTask.run;org/openjdk/jmh/runner/BenchmarkHandler$BenchmarkTask.call;org/openjdk/jmh/runner/BenchmarkHandler$BenchmarkTask.call;java/lang/reflect/Method.invoke;jdk/internal/reflect/DelegatingMethodAccessorImpl.invoke;jdk/internal/reflect/NativeMethodAccessorImpl.invoke;jdk/internal/reflect/NativeMethodAccessorImpl.invoke0;org/apache/cassandra/test/microbench/uring/jmh_generated/UringRawReadBench_read_jmhTest.read_Throughput;org/apache/cassandra/test/microbench/uring/jmh_generated/UringRawReadBench_read_jmhTest.read_thrpt_jmhStub;org/apache/cassandra/test/microbench/uring/UringRawReadBench.read;org/apache/cassandra/io/uring/UringRing.submit;org/apache/cassandra/io/uring/UringRing.enter;org/apache/cassandra/io/uring/UringNative.ioUringEnter;org/apache/cassandra/io/uring/UringNative.syscall;[unknown];syscall;entry_SYSCALL_64_after_hwframe_[k];do_syscall_64_[k];x64_sys_call_[k];__x64_sys_io_uring_enter_[k];__do_sys_io_uring_enter_[k];io_submit_sqes_[k];blk_finish_plug_[k];__blk_flush_plug_[k];blk_mq_flush_plug_list_[k];blk_mq_flush_plug_list.part.0_[k];nvme_queue_rqs?[nvme]_[k];nvme_prep_rq.part.0?[nvme]_[k];nvme_map_data?[nvme]_[k];dma_map_page_attrs_[k];iommu_dma_map_page_[k];__iommu_dma_map_[k];iommu_map_[k];intel_iommu_iotlb_sync_map_[k];xa_find_[k];xas_find_[k];xas_load_[k];xas_descend_[k] 1
java/lang/Thread.run;java/util/concurrent/ThreadPoolExecutor$Worker.run;java/util/concurrent/ThreadPoolExecutor.runWorker;java/util/concurrent/FutureTask.run;java/util/concurrent/Executors$RunnableAdapter.call;java/util/concurrent/FutureTask.run;org/openjdk/jmh/runner/BenchmarkHandler$BenchmarkTask.call;org/openjdk/jmh/runner/BenchmarkHandler$BenchmarkTask.call;java/lang/reflect/Method.invoke;jdk/internal/reflect/DelegatingMethodAccessorImpl.invoke;jdk/internal/reflect/NativeMethodAccessorImpl.invoke;jdk/internal/reflect/NativeMethodAccessorImpl.invoke0;org/apache/cassandra/test/microbench/uring/jmh_generated/UringRawReadBench_read_jmhTest.read_Throughput;org/apache/cassandra/test/microbench/uring/jmh_generated/UringRawReadBench_read_jmhTest.read_thrpt_jmhStub;org/apache/cassandra/test/microbench/uring/UringRawReadBench.read;org/apache/cassandra/io/uring/UringRing.submit;org/apache/cassandra/io/uring/UringRing.enter;org/apache/cassandra/io/uring/UringNative.ioUringEnter;org/apache/cassandra/io/uring/UringNative.syscall;[unknown];syscall;entry_SYSCALL_64_after_hwframe_[k];do_syscall_64_[k];x64_sys_call_[k];__x64_sys_io_uring_enter_[k];__do_sys_io_uring_enter_[k];io_submit_sqes_[k];io_issue_sqe_[k];io_read_[k];__io_read_[k];ext4_dio_alignment_[k] 1
java/lang/Thread.run;java/util/concurrent/ThreadPoolExecutor$Worker.run;java/util/concurrent/ThreadPoolExecutor.runWorker;java/util/concurrent/FutureTask.run;java/util/concurrent/Executors$RunnableAdapter.call;java/util/concurrent/FutureTask.run;org/openjdk/jmh/runner/BenchmarkHandler$BenchmarkTask.call;org/openjdk/jmh/runner/BenchmarkHandler$BenchmarkTask.call;java/lang/reflect/Method.invoke;jdk/internal/reflect/DelegatingMethodAccessorImpl.invoke;jdk/internal/reflect/NativeMethodAccessorImpl.invoke;jdk/internal/reflect/NativeMethodAccessorImpl.invoke0;org/apache/cassandra/test/microbench/uring/jmh_generated/UringRawReadBench_read_jmhTest.read_Throughput;org/apache/cassandra/test/microbench/uring/jmh_generated/UringRawReadBench_read_jmhTest.read_thrpt_jmhStub;org/apache/cassandra/test/microbench/uring/UringRawReadBench.read;org/apache/cassandra/io/uring/UringRing.submit;org/apache/cassandra/io/uring/UringRing.enter;org/apache/cassandra/io/uring/UringNative.ioUringEnter;org/apache/cassandra/io/uring/UringNative.syscall;[unknown];syscall;entry_SYSCALL_64_after_hwframe_[k];do_syscall_64_[k];x64_sys_call_[k];__x64_sys_io_uring_enter_[k];__do_sys_io_uring_enter_[k];io_submit_sqes_[k];io_issue_sqe_[k];io_read_[k];__io_read_[k];ext4_file_read_iter_[k];iomap_dio_rw_[k];__iomap_dio_rw_[k];iov_iter_is_aligned_[k] 1
java/lang/Thread.run;java/util/concurrent/ThreadPoolExecutor$Worker.run;java/util/concurrent/ThreadPoolExecutor.runWorker;java/util/concurrent/FutureTask.run;java/util/concurrent/Executors$RunnableAdapter.call;java/util/concurrent/FutureTask.run;org/openjdk/jmh/runner/BenchmarkHandler$BenchmarkTask.call;org/openjdk/jmh/runner/BenchmarkHandler$BenchmarkTask.call;java/lang/reflect/Method.invoke;jdk/internal/reflect/DelegatingMethodAccessorImpl.invoke;jdk/internal/reflect/NativeMethodAccessorImpl.invoke;jdk/internal/reflect/NativeMethodAccessorImpl.invoke0;org/apache/cassandra/test/microbench/uring/jmh_generated/UringRawReadBench_read_jmhTest.read_Throughput;org/apache/cassandra/test/microbench/uring/jmh_generated/UringRawReadBench_read_jmhTest.read_thrpt_jmhStub;org/apache/cassandra/test/microbench/uring/UringRawReadBench.read;org/apache/cassandra/io/uring/UringRing.submit;org/apache/cassandra/io/uring/UringRing.enter;org/apache/cassandra/io/uring/UringNative.ioUringEnter;org/apache/cassandra/io/uring/UringNative.syscall;/root/.cache/JNA/temp/jna18280739141362750566.tmp;/root/.cache/JNA/temp/jna18280739141362750566.tmp;/root/.cache/JNA/temp/jna18280739141362750566.tmp 30
java/lang/Thread.run;java/util/concurrent/ThreadPoolExecutor$Worker.run;java/util/concurrent/ThreadPoolExecutor.runWorker;java/util/concurrent/FutureTask.run;java/util/concurrent/Executors$RunnableAdapter.call;java/util/concurrent/FutureTask.run;org/openjdk/jmh/runner/BenchmarkHandler$BenchmarkTask.call;org/openjdk/jmh/runner/BenchmarkHandler$BenchmarkTask.call;java/lang/reflect/Method.invoke;jdk/internal/reflect/DelegatingMethodAccessorImpl.invoke;jdk/internal/reflect/NativeMethodAccessorImpl.invoke;jdk/internal/reflect/NativeMethodAccessorImpl.invoke0;org/apache/cassandra/test/microbench/uring/jmh_generated/UringRawReadBench_read_jmhTest.read_Throughput;org/apache/cassandra/test/microbench/uring/jmh_generated/UringRawReadBench_read_jmhTest.read_thrpt_jmhStub;org/apache/cassandra/test/microbench/uring/UringRawReadBench.read;org/apache/cassandra/io/uring/UringRing.submit;org/apache/cassandra/io/uring/UringRing.enter;org/apache/cassandra/io/uring/UringNative.ioUringEnter;org/apache/cassandra/io/uring/UringNative.syscall;[unknown];syscall;entry_SYSCALL_64_after_hwframe_[k];do_syscall_64_[k] 77
java/lang/Thread.run;java/util/concurrent/ThreadPoolExecutor$Worker.run;java/util/concurrent/ThreadPoolExecutor.runWorker;java/util/concurrent/FutureTask.run;java/util/concurrent/Executors$RunnableAdapter.call;java/util/concurrent/FutureTask.run;org/openjdk/jmh/runner/BenchmarkHandler$BenchmarkTask.call;org/openjdk/jmh/runner/BenchmarkHandler$BenchmarkTask.call;java/lang/reflect/Method.invoke;jdk/internal/reflect/DelegatingMethodAccessorImpl.invoke;jdk/internal/reflect/NativeMethodAccessorImpl.invoke;jdk/internal/reflect/NativeMethodAccessorImpl.invoke0;org/apache/cassandra/test/microbench/uring/jmh_generated/UringRawReadBench_read_jmhTest.read_Throughput;org/apache/cassandra/test/microbench/uring/jmh_generated/UringRawReadBench_read_jmhTest.read_thrpt_jmhStub;org/apache/cassandra/test/microbench/uring/UringRawReadBench.read;org/apache/cassandra/io/uring/UringRing.awaitCompletions;org/apache/cassandra/io/uring/UringRing.enter;org/apache/cassandra/io/uring/UringNative.ioUringEnter;org/apache/cassandra/io/uring/UringNative.syscall;[unknown];syscall;entry_SYSCALL_64_after_hwframe_[k];do_syscall_64_[k];x64_sys_call_[k];__x64_sys_io_uring_enter_[k];__do_sys_io_uring_enter_[k];io_cqring_wait_[k];io_run_local_work_[k];__io_run_local_work_[k];io_req_task_complete_[k] 1
java/lang/Thread.run;java/util/concurrent/ThreadPoolExecutor$Worker.run;java/util/concurrent/ThreadPoolExecutor.runWorker;java/util/concurrent/FutureTask.run;java/util/concurrent/Executors$RunnableAdapter.call;java/util/concurrent/FutureTask.run;org/openjdk/jmh/runner/BenchmarkHandler$BenchmarkTask.call;org/openjdk/jmh/runner/BenchmarkHandler$BenchmarkTask.call;java/lang/reflect/Method.invoke;jdk/internal/reflect/DelegatingMethodAccessorImpl.invoke;jdk/internal/reflect/NativeMethodAccessorImpl.invoke;jdk/internal/reflect/NativeMethodAccessorImpl.invoke0;org/apache/cassandra/test/microbench/uring/jmh_generated/UringRawReadBench_read_jmhTest.read_Throughput;org/apache/cassandra/test/microbench/uring/jmh_generated/UringRawReadBench_read_jmhTest.read_thrpt_jmhStub;org/apache/cassandra/test/microbench/uring/UringRawReadBench.read;org/apache/cassandra/io/uring/UringRing.submit;org/apache/cassandra/io/uring/UringRing.enter;org/apache/cassandra/io/uring/UringNative.ioUringEnter;org/apache/cassandra/io/uring/UringNative.syscall;[unknown];syscall;entry_SYSCALL_64_after_hwframe_[k];do_syscall_64_[k];x64_sys_call_[k];__x64_sys_io_uring_enter_[k];__do_sys_io_uring_enter_[k];io_submit_sqes_[k];io_issue_sqe_[k];io_read_[k];__io_read_[k];ext4_file_read_iter_[k];iomap_dio_rw_[k];__iomap_dio_rw_[k];bio_set_pages_dirty_[k] 1
java/lang/Thread.run;java/util/concurrent/ThreadPoolExecutor$Worker.run;java/util/concurrent/ThreadPoolExecutor.runWorker;java/util/concurrent/FutureTask.run;java/util/concurrent/Executors$RunnableAdapter.call;java/util/concurrent/FutureTask.run;org/openjdk/jmh/runner/BenchmarkHandler$BenchmarkTask.call;org/openjdk/jmh/runner/BenchmarkHandler$BenchmarkTask.call;java/lang/reflect/Method.invoke;jdk/internal/reflect/DelegatingMethodAccessorImpl.invoke;jdk/internal/reflect/NativeMethodAccessorImpl.invoke;jdk/internal/reflect/NativeMethodAccessorImpl.invoke0;org/apache/cassandra/test/microbench/uring/jmh_generated/UringRawReadBench_read_jmhTest.read_Throughput;org/apache/cassandra/test/microbench/uring/jmh_generated/UringRawReadBench_read_jmhTest.read_thrpt_jmhStub;org/apache/cassandra/test/microbench/uring/UringRawReadBench.read;org/apache/cassandra/io/uring/UringRing.submit;org/apache/cassandra/io/uring/UringRing.enter;org/apache/cassandra/io/uring/UringNative.ioUringEnter;org/apache/cassandra/io/uring/UringNative.syscall;[unknown];syscall;entry_SYSCALL_64_after_hwframe_[k];do_syscall_64_[k];x64_sys_call_[k];__x64_sys_io_uring_enter_[k];__do_sys_io_uring_enter_[k];io_submit_sqes_[k];blk_finish_plug_[k];__blk_flush_plug_[k];blk_mq_flush_plug_list_[k];blk_mq_flush_plug_list.part.0_[k];nvme_queue_rqs?[nvme]_[k];nvme_prep_rq.part.0?[nvme]_[k];nvme_map_data?[nvme]_[k];dma_map_page_attrs_[k];iommu_dma_map_page_[k];__iommu_dma_map_[k];iommu_map_[k];__iommu_map_[k];__domain_mapping_[k] 1
java/lang/Thread.run;java/util/concurrent/ThreadPoolExecutor$Worker.run;java/util/concurrent/ThreadPoolExecutor.runWorker;java/util/concurrent/FutureTask.run;java/util/concurrent/Executors$RunnableAdapter.call;java/util/concurrent/FutureTask.run;org/openjdk/jmh/runner/BenchmarkHandler$BenchmarkTask.call;org/openjdk/jmh/runner/BenchmarkHandler$BenchmarkTask.call;java/lang/reflect/Method.invoke;jdk/internal/reflect/DelegatingMethodAccessorImpl.invoke;jdk/internal/reflect/NativeMethodAccessorImpl.invoke;jdk/internal/reflect/NativeMethodAccessorImpl.invoke0;org/apache/cassandra/test/microbench/uring/jmh_generated/UringRawReadBench_read_jmhTest.read_Throughput;org/apache/cassandra/test/microbench/uring/jmh_generated/UringRawReadBench_read_jmhTest.read_thrpt_jmhStub;org/apache/cassandra/test/microbench/uring/UringRawReadBench.read;org/apache/cassandra/io/uring/UringRing.submit;org/apache/cassandra/io/uring/UringRing.enter;org/apache/cassandra/io/uring/UringNative.ioUringEnter;org/apache/cassandra/io/uring/UringNative.syscall;[unknown];syscall;entry_SYSCALL_64_after_hwframe_[k];do_syscall_64_[k];x64_sys_call_[k];__x64_sys_io_uring_enter_[k];__do_sys_io_uring_enter_[k];io_submit_sqes_[k];io_issue_sqe_[k];io_read_[k];__io_read_[k];ext4_file_read_iter_[k];iomap_dio_rw_[k];__iomap_dio_rw_[k];iomap_dio_bio_iter_[k];bio_iov_iter_get_pages_[k];__bio_iov_iter_get_pages_[k] 8
java/lang/Thread.run;java/util/concurrent/ThreadPoolExecutor$Worker.run;java/util/concurrent/ThreadPoolExecutor.runWorker;java/util/concurrent/FutureTask.run;java/util/concurrent/Executors$RunnableAdapter.call;java/util/concurrent/FutureTask.run;org/openjdk/jmh/runner/BenchmarkHandler$BenchmarkTask.call;org/openjdk/jmh/runner/BenchmarkHandler$BenchmarkTask.call;java/lang/reflect/Method.invoke;jdk/internal/reflect/DelegatingMethodAccessorImpl.invoke;jdk/internal/reflect/NativeMethodAccessorImpl.invoke;jdk/internal/reflect/NativeMethodAccessorImpl.invoke0;org/apache/cassandra/test/microbench/uring/jmh_generated/UringRawReadBench_read_jmhTest.read_Throughput;org/apache/cassandra/test/microbench/uring/jmh_generated/UringRawReadBench_read_jmhTest.read_thrpt_jmhStub;org/apache/cassandra/test/microbench/uring/UringRawReadBench.read;org/apache/cassandra/io/uring/UringRing.awaitCompletions;org/apache/cassandra/io/uring/UringRing.drainCompletions;org/apache/cassandra/io/uring/UringRing.complete;org/apache/cassandra/test/microbench/uring/UringRawReadBench$$Lambda$253.0x000071a1d0140e70.onComplete;org/apache/cassandra/test/microbench/uring/UringRawReadBench.lambda$read$0 2
java/lang/Thread.run;java/util/concurrent/ThreadPoolExecutor$Worker.run;java/util/concurrent/ThreadPoolExecutor.runWorker;java/util/concurrent/FutureTask.run;java/util/concurrent/Executors$RunnableAdapter.call;java/util/concurrent/FutureTask.run;org/openjdk/jmh/runner/BenchmarkHandler$BenchmarkTask.call;org/openjdk/jmh/runner/BenchmarkHandler$BenchmarkTask.call;java/lang/reflect/Method.invoke;jdk/internal/reflect/DelegatingMethodAccessorImpl.invoke;jdk/internal/reflect/NativeMethodAccessorImpl.invoke;jdk/internal/reflect/NativeMethodAccessorImpl.invoke0;org/apache/cassandra/test/microbench/uring/jmh_generated/UringRawReadBench_read_jmhTest.read_Throughput;org/apache/cassandra/test/microbench/uring/jmh_generated/UringRawReadBench_read_jmhTest.read_thrpt_jmhStub;org/apache/cassandra/test/microbench/uring/UringRawReadBench.read;org/apache/cassandra/io/uring/UringRing.submit;org/apache/cassandra/io/uring/UringRing.enter;org/apache/cassandra/io/uring/UringNative.ioUringEnter;org/apache/cassandra/io/uring/UringNative.syscall;[unknown];syscall;entry_SYSCALL_64_after_hwframe_[k];do_syscall_64_[k];x64_sys_call_[k];__x64_sys_io_uring_enter_[k];__do_sys_io_uring_enter_[k];io_submit_sqes_[k];io_issue_sqe_[k];io_read_[k];__io_read_[k];ext4_file_read_iter_[k];iomap_dio_rw_[k];__iomap_dio_rw_[k];kmalloc_trace_[k];___slab_alloc_[k] 1
java/lang/Thread.run;java/util/concurrent/ThreadPoolExecutor$Worker.run;java/util/concurrent/ThreadPoolExecutor.runWorker;java/util/concurrent/FutureTask.run;java/util/concurrent/Executors$RunnableAdapter.call;java/util/concurrent/FutureTask.run;org/openjdk/jmh/runner/BenchmarkHandler$BenchmarkTask.call;org/openjdk/jmh/runner/BenchmarkHandler$BenchmarkTask.call;java/lang/reflect/Method.invoke;jdk/internal/reflect/DelegatingMethodAccessorImpl.invoke;jdk/internal/reflect/NativeMethodAccessorImpl.invoke;jdk/internal/reflect/NativeMethodAccessorImpl.invoke0;org/apache/cassandra/test/microbench/uring/jmh_generated/UringRawReadBench_read_jmhTest.read_Throughput;org/apache/cassandra/test/microbench/uring/jmh_generated/UringRawReadBench_read_jmhTest.read_thrpt_jmhStub;org/apache/cassandra/test/microbench/uring/UringRawReadBench.read;org/apache/cassandra/io/uring/UringRing.submit;org/apache/cassandra/io/uring/UringRing.enter;org/apache/cassandra/io/uring/UringNative.ioUringEnter;org/apache/cassandra/io/uring/UringNative.syscall;[unknown];syscall;entry_SYSCALL_64_after_hwframe_[k];do_syscall_64_[k];x64_sys_call_[k];__x64_sys_io_uring_enter_[k];__do_sys_io_uring_enter_[k];io_submit_sqes_[k];io_issue_sqe_[k];io_read_[k];__io_read_[k];ext4_file_read_iter_[k];iomap_dio_rw_[k];__iomap_dio_rw_[k];iomap_dio_bio_iter_[k];iomap_dio_submit_bio_[k];submit_bio_[k];submit_bio_noacct_[k];submit_bio_noacct_nocheck_[k];__submit_bio_[k];blk_mq_submit_bio_[k];blk_add_rq_to_plug_[k];blk_mq_flush_plug_list.part.0_[k];nvme_queue_rqs?[nvme]_[k];nvme_prep_rq.part.0?[nvme]_[k];nvme_map_data?[nvme]_[k];dma_map_page_attrs_[k];iommu_dma_map_page_[k];__iommu_dma_map_[k];iommu_map_[k];intel_iommu_iotlb_sync_map_[k];xa_find_after_[k] 3
java/lang/Thread.run;java/util/concurrent/ThreadPoolExecutor$Worker.run;java/util/concurrent/ThreadPoolExecutor.runWorker;java/util/concurrent/FutureTask.run;java/util/concurrent/Executors$RunnableAdapter.call;java/util/concurrent/FutureTask.run;org/openjdk/jmh/runner/BenchmarkHandler$BenchmarkTask.call;org/openjdk/jmh/runner/BenchmarkHandler$BenchmarkTask.call;java/lang/reflect/Method.invoke;jdk/internal/reflect/DelegatingMethodAccessorImpl.invoke;jdk/internal/reflect/NativeMethodAccessorImpl.invoke;jdk/internal/reflect/NativeMethodAccessorImpl.invoke0;org/apache/cassandra/test/microbench/uring/jmh_generated/UringRawReadBench_read_jmhTest.read_Throughput;org/apache/cassandra/test/microbench/uring/jmh_generated/UringRawReadBench_read_jmhTest.read_thrpt_jmhStub;org/apache/cassandra/test/microbench/uring/UringRawReadBench.read;org/apache/cassandra/io/uring/UringRing.submit;org/apache/cassandra/io/uring/UringRing.enter;org/apache/cassandra/io/uring/UringNative.ioUringEnter;org/apache/cassandra/io/uring/UringNative.syscall;[unknown];syscall;entry_SYSCALL_64_after_hwframe_[k];do_syscall_64_[k];x64_sys_call_[k];__x64_sys_io_uring_enter_[k];__do_sys_io_uring_enter_[k];io_submit_sqes_[k];io_issue_sqe_[k];io_read_[k];__io_read_[k];ext4_file_read_iter_[k];iomap_dio_rw_[k];__iomap_dio_rw_[k];iomap_dio_bio_iter_[k];iomap_dio_submit_bio_[k];submit_bio_[k];submit_bio_noacct_[k];submit_bio_noacct_nocheck_[k];__submit_bio_[k];blk_mq_submit_bio_[k];blk_account_io_start_[k] 2
java/lang/Thread.run;java/util/concurrent/ThreadPoolExecutor$Worker.run;java/util/concurrent/ThreadPoolExecutor.runWorker;java/util/concurrent/FutureTask.run;java/util/concurrent/Executors$RunnableAdapter.call;java/util/concurrent/FutureTask.run;org/openjdk/jmh/runner/BenchmarkHandler$BenchmarkTask.call;org/openjdk/jmh/runner/BenchmarkHandler$BenchmarkTask.call;java/lang/reflect/Method.invoke;jdk/internal/reflect/DelegatingMethodAccessorImpl.invoke;jdk/internal/reflect/NativeMethodAccessorImpl.invoke;jdk/internal/reflect/NativeMethodAccessorImpl.invoke0;org/apache/cassandra/test/microbench/uring/jmh_generated/UringRawReadBench_read_jmhTest.read_Throughput;org/apache/cassandra/test/microbench/uring/jmh_generated/UringRawReadBench_read_jmhTest.read_thrpt_jmhStub;org/apache/cassandra/test/microbench/uring/UringRawReadBench.read;org/apache/cassandra/io/uring/UringRing.submit;org/apache/cassandra/io/uring/UringRing.enter;org/apache/cassandra/io/uring/UringNative.ioUringEnter;org/apache/cassandra/io/uring/UringNative.syscall;[unknown];syscall;entry_SYSCALL_64_after_hwframe_[k];do_syscall_64_[k];x64_sys_call_[k];__x64_sys_io_uring_enter_[k];fput_[k] 1
java/lang/Thread.run;java/util/concurrent/ThreadPoolExecutor$Worker.run;java/util/concurrent/ThreadPoolExecutor.runWorker;java/util/concurrent/FutureTask.run;java/util/concurrent/Executors$RunnableAdapter.call;java/util/concurrent/FutureTask.run;org/openjdk/jmh/runner/BenchmarkHandler$BenchmarkTask.call;org/openjdk/jmh/runner/BenchmarkHandler$BenchmarkTask.call;java/lang/reflect/Method.invoke;jdk/internal/reflect/DelegatingMethodAccessorImpl.invoke;jdk/internal/reflect/NativeMethodAccessorImpl.invoke;jdk/internal/reflect/NativeMethodAccessorImpl.invoke0;org/apache/cassandra/test/microbench/uring/jmh_generated/UringRawReadBench_read_jmhTest.read_Throughput;org/apache/cassandra/test/microbench/uring/jmh_generated/UringRawReadBench_read_jmhTest.read_thrpt_jmhStub;org/apache/cassandra/test/microbench/uring/UringRawReadBench.read;org/apache/cassandra/io/uring/UringRing.submit;org/apache/cassandra/io/uring/UringRing.enter;org/apache/cassandra/io/uring/UringNative.ioUringEnter;org/apache/cassandra/io/uring/UringNative.syscall;[unknown];syscall;entry_SYSCALL_64_after_hwframe_[k];do_syscall_64_[k];x64_sys_call_[k];__x64_sys_io_uring_enter_[k];__do_sys_io_uring_enter_[k];io_submit_sqes_[k];io_issue_sqe_[k];io_read_[k];__io_read_[k];ext4_file_read_iter_[k];iomap_dio_rw_[k];__iomap_dio_rw_[k];iomap_dio_bio_iter_[k];iomap_dio_submit_bio_[k];submit_bio_[k];submit_bio_noacct_[k];submit_bio_noacct_nocheck_[k];__submit_bio_[k];blk_mq_submit_bio_[k];blk_mq_attempt_bio_merge_[k];blk_attempt_plug_merge_[k];bio_crypt_rq_ctx_compatible_[k] 1
java/lang/Thread.run;java/util/concurrent/ThreadPoolExecutor$Worker.run;java/util/concurrent/ThreadPoolExecutor.runWorker;java/util/concurrent/FutureTask.run;java/util/concurrent/Executors$RunnableAdapter.call;java/util/concurrent/FutureTask.run;org/openjdk/jmh/runner/BenchmarkHandler$BenchmarkTask.call;org/openjdk/jmh/runner/BenchmarkHandler$BenchmarkTask.call;java/lang/reflect/Method.invoke;jdk/internal/reflect/DelegatingMethodAccessorImpl.invoke;jdk/internal/reflect/NativeMethodAccessorImpl.invoke;jdk/internal/reflect/NativeMethodAccessorImpl.invoke0;org/apache/cassandra/test/microbench/uring/jmh_generated/UringRawReadBench_read_jmhTest.read_Throughput;org/apache/cassandra/test/microbench/uring/jmh_generated/UringRawReadBench_read_jmhTest.read_thrpt_jmhStub;org/apache/cassandra/test/microbench/uring/UringRawReadBench.read;org/apache/cassandra/io/uring/UringRing.submit;org/apache/cassandra/io/uring/UringRing.enter;org/apache/cassandra/io/uring/UringNative.ioUringEnter;org/apache/cassandra/io/uring/UringNative.syscall;/root/.cache/JNA/temp/jna18280739141362750566.tmp;/root/.cache/JNA/temp/jna18280739141362750566.tmp;/root/.cache/JNA/temp/jna18280739141362750566.tmp;ffi_call 4
java/lang/Thread.run;java/util/concurrent/ThreadPoolExecutor$Worker.run;java/util/concurrent/ThreadPoolExecutor.runWorker;java/util/concurrent/FutureTask.run;java/util/concurrent/Executors$RunnableAdapter.call;java/util/concurrent/FutureTask.run;org/openjdk/jmh/runner/BenchmarkHandler$BenchmarkTask.call;org/openjdk/jmh/runner/BenchmarkHandler$BenchmarkTask.call;java/lang/reflect/Method.invoke;jdk/internal/reflect/DelegatingMethodAccessorImpl.invoke;jdk/internal/reflect/NativeMethodAccessorImpl.invoke;jdk/internal/reflect/NativeMethodAccessorImpl.invoke0;org/apache/cassandra/test/microbench/uring/jmh_generated/UringRawReadBench_read_jmhTest.read_Throughput;org/apache/cassandra/test/microbench/uring/jmh_generated/UringRawReadBench_read_jmhTest.read_thrpt_jmhStub;org/apache/cassandra/test/microbench/uring/UringRawReadBench.read;org/apache/cassandra/io/uring/UringRing.awaitCompletions;org/apache/cassandra/io/uring/UringRing.enter;org/apache/cassandra/io/uring/UringNative.ioUringEnter;org/apache/cassandra/io/uring/UringNative.syscall;[unknown];syscall;entry_SYSCALL_64_after_hwframe_[k];do_syscall_64_[k] 51
java/lang/Thread.run;java/util/concurrent/ThreadPoolExecutor$Worker.run;java/util/concurrent/ThreadPoolExecutor.runWorker;java/util/concurrent/FutureTask.run;java/util/concurrent/Executors$RunnableAdapter.call;java/util/concurrent/FutureTask.run;org/openjdk/jmh/runner/BenchmarkHandler$BenchmarkTask.call;org/openjdk/jmh/runner/BenchmarkHandler$BenchmarkTask.call;java/lang/reflect/Method.invoke;jdk/internal/reflect/DelegatingMethodAccessorImpl.invoke;jdk/internal/reflect/NativeMethodAccessorImpl.invoke;jdk/internal/reflect/NativeMethodAccessorImpl.invoke0;org/apache/cassandra/test/microbench/uring/jmh_generated/UringRawReadBench_read_jmhTest.read_Throughput;org/apache/cassandra/test/microbench/uring/jmh_generated/UringRawReadBench_read_jmhTest.read_thrpt_jmhStub;org/apache/cassandra/test/microbench/uring/UringRawReadBench.read;org/apache/cassandra/io/uring/UringRing.submit;org/apache/cassandra/io/uring/UringRing.enter;org/apache/cassandra/io/uring/UringNative.ioUringEnter;org/apache/cassandra/io/uring/UringNative.syscall;[unknown];syscall;entry_SYSCALL_64_after_hwframe_[k];do_syscall_64_[k];x64_sys_call_[k];__x64_sys_io_uring_enter_[k];__do_sys_io_uring_enter_[k];io_submit_sqes_[k];io_issue_sqe_[k];io_read_[k];__io_read_[k];ext4_file_read_iter_[k];iomap_dio_rw_[k];__iomap_dio_rw_[k];iomap_dio_bio_iter_[k];iomap_dio_alloc_bio.isra.0_[k];bio_alloc_bioset_[k];__rcu_read_lock_[k] 1
java/lang/Thread.run;java/util/concurrent/ThreadPoolExecutor$Worker.run;java/util/concurrent/ThreadPoolExecutor.runWorker;java/util/concurrent/FutureTask.run;java/util/concurrent/Executors$RunnableAdapter.call;java/util/concurrent/FutureTask.run;org/openjdk/jmh/runner/BenchmarkHandler$BenchmarkTask.call;org/openjdk/jmh/runner/BenchmarkHandler$BenchmarkTask.call;java/lang/reflect/Method.invoke;jdk/internal/reflect/DelegatingMethodAccessorImpl.invoke;jdk/internal/reflect/NativeMethodAccessorImpl.invoke;jdk/internal/reflect/NativeMethodAccessorImpl.invoke0;org/apache/cassandra/test/microbench/uring/jmh_generated/UringRawReadBench_read_jmhTest.read_Throughput;org/apache/cassandra/test/microbench/uring/jmh_generated/UringRawReadBench_read_jmhTest.read_thrpt_jmhStub;org/apache/cassandra/test/microbench/uring/UringRawReadBench.read;org/apache/cassandra/io/uring/UringRing.submit;org/apache/cassandra/io/uring/UringRing.enter;org/apache/cassandra/io/uring/UringNative.ioUringEnter;org/apache/cassandra/io/uring/UringNative.syscall;[unknown];syscall;entry_SYSCALL_64_after_hwframe_[k];do_syscall_64_[k];x64_sys_call_[k];__x64_sys_io_uring_enter_[k];__do_sys_io_uring_enter_[k];io_submit_sqes_[k];blk_finish_plug_[k];__blk_flush_plug_[k];blk_mq_flush_plug_list_[k];blk_mq_flush_plug_list.part.0_[k];nvme_queue_rqs?[nvme]_[k];nvme_prep_rq.part.0?[nvme]_[k];blk_add_timer_[k] 2
java/lang/Thread.run;java/util/concurrent/ThreadPoolExecutor$Worker.run;java/util/concurrent/ThreadPoolExecutor.runWorker;java/util/concurrent/FutureTask.run;java/util/concurrent/Executors$RunnableAdapter.call;java/util/concurrent/FutureTask.run;org/openjdk/jmh/runner/BenchmarkHandler$BenchmarkTask.call;org/openjdk/jmh/runner/BenchmarkHandler$BenchmarkTask.call;java/lang/reflect/Method.invoke;jdk/internal/reflect/DelegatingMethodAccessorImpl.invoke;jdk/internal/reflect/NativeMethodAccessorImpl.invoke;jdk/internal/reflect/NativeMethodAccessorImpl.invoke0;org/apache/cassandra/test/microbench/uring/jmh_generated/UringRawReadBench_read_jmhTest.read_Throughput;org/apache/cassandra/test/microbench/uring/jmh_generated/UringRawReadBench_read_jmhTest.read_thrpt_jmhStub;org/apache/cassandra/test/microbench/uring/UringRawReadBench.read;org/apache/cassandra/io/uring/UringRing.submit;org/apache/cassandra/io/uring/UringRing.enter;org/apache/cassandra/io/uring/UringNative.ioUringEnter;org/apache/cassandra/io/uring/UringNative.syscall;[unknown];syscall;entry_SYSCALL_64_after_hwframe_[k];do_syscall_64_[k];x64_sys_call_[k];__x64_sys_io_uring_enter_[k];__do_sys_io_uring_enter_[k];io_submit_sqes_[k];blk_finish_plug_[k];__blk_flush_plug_[k];blk_mq_flush_plug_list_[k];blk_mq_flush_plug_list.part.0_[k];nvme_queue_rqs?[nvme]_[k];nvme_prep_rq.part.0?[nvme]_[k];nvme_map_data?[nvme]_[k];dma_map_page_attrs_[k];iommu_dma_map_page_[k];__iommu_dma_map_[k];iommu_map_[k];__iommu_map_[k];iommu_pgsize_[k] 1
java/lang/Thread.run;java/util/concurrent/ThreadPoolExecutor$Worker.run;java/util/concurrent/ThreadPoolExecutor.runWorker;java/util/concurrent/FutureTask.run;java/util/concurrent/Executors$RunnableAdapter.call;java/util/concurrent/FutureTask.run;org/openjdk/jmh/runner/BenchmarkHandler$BenchmarkTask.call;org/openjdk/jmh/runner/BenchmarkHandler$BenchmarkTask.call;java/lang/reflect/Method.invoke;jdk/internal/reflect/DelegatingMethodAccessorImpl.invoke;jdk/internal/reflect/NativeMethodAccessorImpl.invoke;jdk/internal/reflect/NativeMethodAccessorImpl.invoke0;org/apache/cassandra/test/microbench/uring/jmh_generated/UringRawReadBench_read_jmhTest.read_Throughput;org/apache/cassandra/test/microbench/uring/jmh_generated/UringRawReadBench_read_jmhTest.read_thrpt_jmhStub;org/apache/cassandra/test/microbench/uring/UringRawReadBench.read;org/apache/cassandra/io/uring/UringRing.submit;org/apache/cassandra/io/uring/UringRing.enter;org/apache/cassandra/io/uring/UringNative.ioUringEnter;org/apache/cassandra/io/uring/UringNative.syscall;[unknown];syscall;entry_SYSCALL_64_after_hwframe_[k];do_syscall_64_[k];x64_sys_call_[k];__x64_sys_io_uring_enter_[k];__do_sys_io_uring_enter_[k];io_submit_sqes_[k];io_issue_sqe_[k];io_read_[k];__io_read_[k];ext4_file_read_iter_[k];iomap_dio_rw_[k];__iomap_dio_rw_[k];iomap_dio_bio_iter_[k];bio_iov_iter_get_pages_[k];__bio_iov_iter_get_pages_[k];__bio_add_page_[k] 2
java/lang/Thread.run;java/util/concurrent/ThreadPoolExecutor$Worker.run;java/util/concurrent/ThreadPoolExecutor.runWorker;java/util/concurrent/FutureTask.run;java/util/concurrent/Executors$RunnableAdapter.call;java/util/concurrent/FutureTask.run;org/openjdk/jmh/runner/BenchmarkHandler$BenchmarkTask.call;org/openjdk/jmh/runner/BenchmarkHandler$BenchmarkTask.call;java/lang/reflect/Method.invoke;jdk/internal/reflect/DelegatingMethodAccessorImpl.invoke;jdk/internal/reflect/NativeMethodAccessorImpl.invoke;jdk/internal/reflect/NativeMethodAccessorImpl.invoke0;org/apache/cassandra/test/microbench/uring/jmh_generated/UringRawReadBench_read_jmhTest.read_Throughput;org/apache/cassandra/test/microbench/uring/jmh_generated/UringRawReadBench_read_jmhTest.read_thrpt_jmhStub;org/apache/cassandra/test/microbench/uring/UringRawReadBench.read;org/apache/cassandra/io/uring/UringRing.submit;org/apache/cassandra/io/uring/UringRing.enter;org/apache/cassandra/io/uring/UringNative.ioUringEnter;org/apache/cassandra/io/uring/UringNative.syscall;[unknown];syscall;entry_SYSCALL_64_after_hwframe_[k];do_syscall_64_[k];x64_sys_call_[k];__x64_sys_io_uring_enter_[k];__do_sys_io_uring_enter_[k];io_submit_sqes_[k];io_issue_sqe_[k];io_read_[k];__io_read_[k];ext4_file_read_iter_[k];iomap_dio_rw_[k];__iomap_dio_rw_[k];iomap_dio_bio_iter_[k];iomap_dio_submit_bio_[k];submit_bio_[k];submit_bio_noacct_[k];submit_bio_noacct_nocheck_[k];__submit_bio_[k];blk_mq_submit_bio_[k];__blk_mq_alloc_requests_[k];blk_mq_get_tag_[k] 2
java/lang/Thread.run;java/util/concurrent/ThreadPoolExecutor$Worker.run;java/util/concurrent/ThreadPoolExecutor.runWorker;java/util/concurrent/FutureTask.run;java/util/concurrent/Executors$RunnableAdapter.call;java/util/concurrent/FutureTask.run;org/openjdk/jmh/runner/BenchmarkHandler$BenchmarkTask.call;org/openjdk/jmh/runner/BenchmarkHandler$BenchmarkTask.call;java/lang/reflect/Method.invoke;jdk/internal/reflect/DelegatingMethodAccessorImpl.invoke;jdk/internal/reflect/NativeMethodAccessorImpl.invoke;jdk/internal/reflect/NativeMethodAccessorImpl.invoke0;org/apache/cassandra/test/microbench/uring/jmh_generated/UringRawReadBench_read_jmhTest.read_Throughput;org/apache/cassandra/test/microbench/uring/jmh_generated/UringRawReadBench_read_jmhTest.read_thrpt_jmhStub;org/apache/cassandra/test/microbench/uring/UringRawReadBench.read;org/apache/cassandra/io/uring/UringRing.submit;org/apache/cassandra/io/uring/UringRing.enter;org/apache/cassandra/io/uring/UringNative.ioUringEnter;org/apache/cassandra/io/uring/UringNative.syscall;[unknown];syscall;entry_SYSCALL_64_after_hwframe_[k];do_syscall_64_[k];x64_sys_call_[k];__x64_sys_io_uring_enter_[k];__do_sys_io_uring_enter_[k];io_submit_sqes_[k];io_issue_sqe_[k];io_read_[k];__io_read_[k];ext4_file_read_iter_[k];iomap_dio_rw_[k];__iomap_dio_rw_[k];iomap_dio_bio_iter_[k];iomap_dio_submit_bio_[k];submit_bio_[k];submit_bio_noacct_[k];submit_bio_noacct_nocheck_[k];__submit_bio_[k];blk_mq_submit_bio_[k];blk_add_rq_to_plug_[k];blk_mq_flush_plug_list.part.0_[k];nvme_queue_rqs?[nvme]_[k];nvme_prep_rq.part.0?[nvme]_[k];nvme_map_data?[nvme]_[k];dma_map_page_attrs_[k];iommu_dma_map_page_[k];__iommu_dma_map_[k];iommu_map_[k];intel_iommu_iotlb_sync_map_[k];xa_find_after_[k];xas_move_index_[k] 9
java/lang/Thread.run;java/util/concurrent/ThreadPoolExecutor$Worker.run;java/util/concurrent/ThreadPoolExecutor.runWorker;java/util/concurrent/FutureTask.run;java/util/concurrent/Executors$RunnableAdapter.call;java/util/concurrent/FutureTask.run;org/openjdk/jmh/runner/BenchmarkHandler$BenchmarkTask.call;org/openjdk/jmh/runner/BenchmarkHandler$BenchmarkTask.call;java/lang/reflect/Method.invoke;jdk/internal/reflect/DelegatingMethodAccessorImpl.invoke;jdk/internal/reflect/NativeMethodAccessorImpl.invoke;jdk/internal/reflect/NativeMethodAccessorImpl.invoke0;org/apache/cassandra/test/microbench/uring/jmh_generated/UringRawReadBench_read_jmhTest.read_Throughput;org/apache/cassandra/test/microbench/uring/jmh_generated/UringRawReadBench_read_jmhTest.read_thrpt_jmhStub;org/apache/cassandra/test/microbench/uring/UringRawReadBench.read;org/apache/cassandra/io/uring/UringRing.submit;org/apache/cassandra/io/uring/UringRing.enter;org/apache/cassandra/io/uring/UringNative.ioUringEnter;org/apache/cassandra/io/uring/UringNative.syscall;[unknown];syscall;entry_SYSCALL_64_after_hwframe_[k];do_syscall_64_[k];x64_sys_call_[k];__x64_sys_io_uring_enter_[k];__do_sys_io_uring_enter_[k];io_submit_sqes_[k];io_issue_sqe_[k];io_file_get_normal_[k];__rcu_read_lock_[k] 1
java/lang/Thread.run;java/util/concurrent/ThreadPoolExecutor$Worker.run;java/util/concurrent/ThreadPoolExecutor.runWorker;java/util/concurrent/FutureTask.run;java/util/concurrent/Executors$RunnableAdapter.call;java/util/concurrent/FutureTask.run;org/openjdk/jmh/runner/BenchmarkHandler$BenchmarkTask.call;org/openjdk/jmh/runner/BenchmarkHandler$BenchmarkTask.call;java/lang/reflect/Method.invoke;jdk/internal/reflect/DelegatingMethodAccessorImpl.invoke;jdk/internal/reflect/NativeMethodAccessorImpl.invoke;jdk/internal/reflect/NativeMethodAccessorImpl.invoke0;org/apache/cassandra/test/microbench/uring/jmh_generated/UringRawReadBench_read_jmhTest.read_Throughput;org/apache/cassandra/test/microbench/uring/jmh_generated/UringRawReadBench_read_jmhTest.read_thrpt_jmhStub;org/apache/cassandra/test/microbench/uring/UringRawReadBench.read;org/apache/cassandra/io/uring/UringRing.submit;org/apache/cassandra/io/uring/UringRing.enter;org/apache/cassandra/io/uring/UringNative.ioUringEnter;org/apache/cassandra/io/uring/UringNative.syscall;[unknown];syscall;entry_SYSCALL_64_after_hwframe_[k];do_syscall_64_[k];x64_sys_call_[k];__x64_sys_io_uring_enter_[k];__do_sys_io_uring_enter_[k];io_submit_sqes_[k];io_issue_sqe_[k];io_read_[k];__io_read_[k];ext4_file_read_iter_[k];iomap_dio_rw_[k];__iomap_dio_rw_[k];iomap_dio_bio_iter_[k];bio_iov_iter_get_pages_[k];__bio_iov_iter_get_pages_[k];iov_iter_extract_pages_[k];pin_user_pages_fast_[k];internal_get_user_pages_fast_[k] 2
java/lang/Thread.run;java/util/concurrent/ThreadPoolExecutor$Worker.run;java/util/concurrent/ThreadPoolExecutor.runWorker;java/util/concurrent/FutureTask.run;java/util/concurrent/Executors$RunnableAdapter.call;java/util/concurrent/FutureTask.run;org/openjdk/jmh/runner/BenchmarkHandler$BenchmarkTask.call;org/openjdk/jmh/runner/BenchmarkHandler$BenchmarkTask.call;java/lang/reflect/Method.invoke;jdk/internal/reflect/DelegatingMethodAccessorImpl.invoke;jdk/internal/reflect/NativeMethodAccessorImpl.invoke;jdk/internal/reflect/NativeMethodAccessorImpl.invoke0;org/apache/cassandra/test/microbench/uring/jmh_generated/UringRawReadBench_read_jmhTest.read_Throughput;org/apache/cassandra/test/microbench/uring/jmh_generated/UringRawReadBench_read_jmhTest.read_thrpt_jmhStub;org/apache/cassandra/test/microbench/uring/UringRawReadBench.read;org/apache/cassandra/io/uring/UringRing.submit;org/apache/cassandra/io/uring/UringRing.enter;org/apache/cassandra/io/uring/UringNative.ioUringEnter;org/apache/cassandra/io/uring/UringNative.syscall;/root/.cache/JNA/temp/jna18280739141362750566.tmp;/root/.cache/JNA/temp/jna18280739141362750566.tmp;/usr/lib/x86_64-linux-gnu/libc.so.6 4
java/lang/Thread.run;java/util/concurrent/ThreadPoolExecutor$Worker.run;java/util/concurrent/ThreadPoolExecutor.runWorker;java/util/concurrent/FutureTask.run;java/util/concurrent/Executors$RunnableAdapter.call;java/util/concurrent/FutureTask.run;org/openjdk/jmh/runner/BenchmarkHandler$BenchmarkTask.call;org/openjdk/jmh/runner/BenchmarkHandler$BenchmarkTask.call;java/lang/reflect/Method.invoke;jdk/internal/reflect/DelegatingMethodAccessorImpl.invoke;jdk/internal/reflect/NativeMethodAccessorImpl.invoke;jdk/internal/reflect/NativeMethodAccessorImpl.invoke0;org/apache/cassandra/test/microbench/uring/jmh_generated/UringRawReadBench_read_jmhTest.read_Throughput;org/apache/cassandra/test/microbench/uring/jmh_generated/UringRawReadBench_read_jmhTest.read_thrpt_jmhStub;org/apache/cassandra/test/microbench/uring/UringRawReadBench.read;org/apache/cassandra/io/uring/UringRing.submit;org/apache/cassandra/io/uring/UringRing.enter;org/apache/cassandra/io/uring/UringNative.ioUringEnter;org/apache/cassandra/io/uring/UringNative.syscall;[unknown];syscall;entry_SYSCALL_64_after_hwframe_[k];do_syscall_64_[k];x64_sys_call_[k];__x64_sys_io_uring_enter_[k];__do_sys_io_uring_enter_[k];io_submit_sqes_[k];io_issue_sqe_[k];io_read_[k];__io_read_[k];ext4_file_read_iter_[k];iomap_dio_rw_[k];__iomap_dio_rw_[k];iomap_iter_[k];ext4_iomap_begin_[k];ext4_map_blocks_[k];ext4_es_lookup_extent_[k];percpu_counter_add_batch_[k] 1
java/lang/Thread.run;java/util/concurrent/ThreadPoolExecutor$Worker.run;java/util/concurrent/ThreadPoolExecutor.runWorker;java/util/concurrent/FutureTask.run;java/util/concurrent/Executors$RunnableAdapter.call;java/util/concurrent/FutureTask.run;org/openjdk/jmh/runner/BenchmarkHandler$BenchmarkTask.call;org/openjdk/jmh/runner/BenchmarkHandler$BenchmarkTask.call;java/lang/reflect/Method.invoke;jdk/internal/reflect/DelegatingMethodAccessorImpl.invoke;jdk/internal/reflect/NativeMethodAccessorImpl.invoke;jdk/internal/reflect/NativeMethodAccessorImpl.invoke0;org/apache/cassandra/test/microbench/uring/jmh_generated/UringRawReadBench_read_jmhTest.read_Throughput;org/apache/cassandra/test/microbench/uring/jmh_generated/UringRawReadBench_read_jmhTest.read_thrpt_jmhStub;org/apache/cassandra/test/microbench/uring/UringRawReadBench.read;org/apache/cassandra/io/uring/UringRing.submit;org/apache/cassandra/io/uring/UringRing.enter;org/apache/cassandra/io/uring/UringNative.ioUringEnter;org/apache/cassandra/io/uring/UringNative.syscall;[unknown];syscall;entry_SYSCALL_64_after_hwframe_[k];do_syscall_64_[k];x64_sys_call_[k];__x64_sys_io_uring_enter_[k];__do_sys_io_uring_enter_[k];io_submit_sqes_[k];blk_finish_plug_[k];__blk_flush_plug_[k];blk_mq_flush_plug_list_[k];blk_mq_flush_plug_list.part.0_[k];nvme_queue_rqs?[nvme]_[k];nvme_prep_rq.part.0?[nvme]_[k];nvme_map_data?[nvme]_[k];dma_map_page_attrs_[k];iommu_dma_map_page_[k];__iommu_dma_map_[k];iommu_dma_alloc_iova_[k];alloc_iova_fast_[k];_raw_spin_unlock_irqrestore_[k] 2
java/lang/Thread.run;java/util/concurrent/ThreadPoolExecutor$Worker.run;java/util/concurrent/ThreadPoolExecutor.runWorker;java/util/concurrent/FutureTask.run;java/util/concurrent/Executors$RunnableAdapter.call;java/util/concurrent/FutureTask.run;org/openjdk/jmh/runner/BenchmarkHandler$BenchmarkTask.call;org/openjdk/jmh/runner/BenchmarkHandler$BenchmarkTask.call;java/lang/reflect/Method.invoke;jdk/internal/reflect/DelegatingMethodAccessorImpl.invoke;jdk/internal/reflect/NativeMethodAccessorImpl.invoke;jdk/internal/reflect/NativeMethodAccessorImpl.invoke0;org/apache/cassandra/test/microbench/uring/jmh_generated/UringRawReadBench_read_jmhTest.read_Throughput;org/apache/cassandra/test/microbench/uring/jmh_generated/UringRawReadBench_read_jmhTest.read_thrpt_jmhStub;org/apache/cassandra/test/microbench/uring/UringRawReadBench.read;org/apache/cassandra/io/uring/UringRing.submit;org/apache/cassandra/io/uring/UringRing.enter;org/apache/cassandra/io/uring/UringNative.ioUringEnter;org/apache/cassandra/io/uring/UringNative.syscall;[unknown];syscall;entry_SYSCALL_64_after_hwframe_[k];do_syscall_64_[k];x64_sys_call_[k];__x64_sys_io_uring_enter_[k];__do_sys_io_uring_enter_[k];io_submit_sqes_[k];io_issue_sqe_[k];io_read_[k];__io_read_[k];ext4_file_read_iter_[k];iomap_dio_rw_[k];__iomap_dio_rw_[k];iomap_dio_bio_iter_[k];iomap_dio_submit_bio_[k];submit_bio_[k];submit_bio_noacct_[k];submit_bio_noacct_nocheck_[k];__submit_bio_[k];blk_mq_submit_bio_[k];blk_mq_attempt_bio_merge_[k];blk_attempt_bio_merge.part.0_[k] 1
java/lang/Thread.run;java/util/concurrent/ThreadPoolExecutor$Worker.run;java/util/concurrent/ThreadPoolExecutor.runWorker;java/util/concurrent/FutureTask.run;java/util/concurrent/Executors$RunnableAdapter.call;java/util/concurrent/FutureTask.run;org/openjdk/jmh/runner/BenchmarkHandler$BenchmarkTask.call;org/openjdk/jmh/runner/BenchmarkHandler$BenchmarkTask.call;java/lang/reflect/Method.invoke;jdk/internal/reflect/DelegatingMethodAccessorImpl.invoke;jdk/internal/reflect/NativeMethodAccessorImpl.invoke;jdk/internal/reflect/NativeMethodAccessorImpl.invoke0;org/apache/cassandra/test/microbench/uring/jmh_generated/UringRawReadBench_read_jmhTest.read_Throughput;org/apache/cassandra/test/microbench/uring/jmh_generated/UringRawReadBench_read_jmhTest.read_thrpt_jmhStub;org/apache/cassandra/test/microbench/uring/UringRawReadBench.read;org/apache/cassandra/io/uring/UringRing.awaitCompletions;org/apache/cassandra/io/uring/UringRing.drainCompletions;org/apache/cassandra/io/uring/UringRing.complete;org/apache/cassandra/test/microbench/uring/UringRawReadBench$$Lambda$253.0x000071a1d0140e70.onComplete;org/apache/cassandra/test/microbench/uring/UringRawReadBench.lambda$read$0;java/util/HashMap.remove;java/util/HashMap.removeNode;java/lang/Long.equals 2
java/lang/Thread.run;java/util/concurrent/ThreadPoolExecutor$Worker.run;java/util/concurrent/ThreadPoolExecutor.runWorker;java/util/concurrent/FutureTask.run;java/util/concurrent/Executors$RunnableAdapter.call;java/util/concurrent/FutureTask.run;org/openjdk/jmh/runner/BenchmarkHandler$BenchmarkTask.call;org/openjdk/jmh/runner/BenchmarkHandler$BenchmarkTask.call;java/lang/reflect/Method.invoke;jdk/internal/reflect/DelegatingMethodAccessorImpl.invoke;jdk/internal/reflect/NativeMethodAccessorImpl.invoke;jdk/internal/reflect/NativeMethodAccessorImpl.invoke0;org/apache/cassandra/test/microbench/uring/jmh_generated/UringRawReadBench_read_jmhTest.read_Throughput;org/apache/cassandra/test/microbench/uring/jmh_generated/UringRawReadBench_read_jmhTest.read_thrpt_jmhStub;org/apache/cassandra/test/microbench/uring/UringRawReadBench.read;org/apache/cassandra/io/uring/UringRing.submit;org/apache/cassandra/io/uring/UringRing.enter;org/apache/cassandra/io/uring/UringNative.ioUringEnter;org/apache/cassandra/io/uring/UringNative.syscall;[unknown];syscall;entry_SYSCALL_64_after_hwframe_[k];do_syscall_64_[k];x64_sys_call_[k];__x64_sys_io_uring_enter_[k];__do_sys_io_uring_enter_[k];io_submit_sqes_[k];io_issue_sqe_[k];io_read_[k];__io_read_[k];ext4_file_read_iter_[k];iomap_dio_rw_[k];__iomap_dio_rw_[k];iomap_dio_bio_iter_[k];iomap_dio_submit_bio_[k];submit_bio_[k];submit_bio_noacct_[k];submit_bio_noacct_nocheck_[k];__submit_bio_[k];blk_mq_submit_bio_[k];blk_add_rq_to_plug_[k];blk_mq_flush_plug_list.part.0_[k];nvme_queue_rqs?[nvme]_[k];nvme_prep_rq.part.0?[nvme]_[k];nvme_map_data?[nvme]_[k];dma_map_page_attrs_[k];iommu_dma_map_page_[k];__iommu_dma_map_[k];iommu_dma_alloc_iova_[k];alloc_iova_fast_[k];_raw_spin_lock_irqsave_[k];__raw_spin_lock_irqsave_[k] 1
java/lang/Thread.run;java/util/concurrent/ThreadPoolExecutor$Worker.run;java/util/concurrent/ThreadPoolExecutor.runWorker;java/util/concurrent/FutureTask.run;java/util/concurrent/Executors$RunnableAdapter.call;java/util/concurrent/FutureTask.run;org/openjdk/jmh/runner/BenchmarkHandler$BenchmarkTask.call;org/openjdk/jmh/runner/BenchmarkHandler$BenchmarkTask.call;java/lang/reflect/Method.invoke;jdk/internal/reflect/DelegatingMethodAccessorImpl.invoke;jdk/internal/reflect/NativeMethodAccessorImpl.invoke;jdk/internal/reflect/NativeMethodAccessorImpl.invoke0;org/apache/cassandra/test/microbench/uring/jmh_generated/UringRawReadBench_read_jmhTest.read_Throughput;org/apache/cassandra/test/microbench/uring/jmh_generated/UringRawReadBench_read_jmhTest.read_thrpt_jmhStub;org/apache/cassandra/test/microbench/uring/UringRawReadBench.read;org/apache/cassandra/io/uring/UringRing.submit;org/apache/cassandra/io/uring/UringRing.enter;org/apache/cassandra/io/uring/UringNative.ioUringEnter;org/apache/cassandra/io/uring/UringNative.syscall;[unknown];syscall;entry_SYSCALL_64_after_hwframe_[k];do_syscall_64_[k];x64_sys_call_[k];__x64_sys_io_uring_enter_[k];__do_sys_io_uring_enter_[k];io_submit_sqes_[k];io_issue_sqe_[k];io_read_[k];__io_read_[k];ext4_file_read_iter_[k];iomap_dio_rw_[k];__iomap_dio_rw_[k];iomap_dio_bio_iter_[k];iomap_dio_submit_bio_[k];submit_bio_[k];submit_bio_noacct_[k];submit_bio_noacct_nocheck_[k];__submit_bio_[k];blk_mq_submit_bio_[k];blk_mq_rq_ctx_init.isra.0_[k] 1
java/lang/Thread.run;java/util/concurrent/ThreadPoolExecutor$Worker.run;java/util/concurrent/ThreadPoolExecutor.runWorker;java/util/concurrent/FutureTask.run;java/util/concurrent/Executors$RunnableAdapter.call;java/util/concurrent/FutureTask.run;org/openjdk/jmh/runner/BenchmarkHandler$BenchmarkTask.call;org/openjdk/jmh/runner/BenchmarkHandler$BenchmarkTask.call;java/lang/reflect/Method.invoke;jdk/internal/reflect/DelegatingMethodAccessorImpl.invoke;jdk/internal/reflect/NativeMethodAccessorImpl.invoke;jdk/internal/reflect/NativeMethodAccessorImpl.invoke0;org/apache/cassandra/test/microbench/uring/jmh_generated/UringRawReadBench_read_jmhTest.read_Throughput;org/apache/cassandra/test/microbench/uring/jmh_generated/UringRawReadBench_read_jmhTest.read_thrpt_jmhStub;org/apache/cassandra/test/microbench/uring/UringRawReadBench.read;org/apache/cassandra/io/uring/UringRing.submit;org/apache/cassandra/io/uring/UringRing.enter;org/apache/cassandra/io/uring/UringNative.ioUringEnter;org/apache/cassandra/io/uring/UringNative.syscall;[unknown];syscall;entry_SYSCALL_64_after_hwframe_[k];do_syscall_64_[k];x64_sys_call_[k];__x64_sys_io_uring_enter_[k];__do_sys_io_uring_enter_[k];io_submit_sqes_[k];io_issue_sqe_[k];io_read_[k];__io_read_[k];ext4_file_read_iter_[k];iomap_dio_rw_[k];__iomap_dio_rw_[k];iomap_dio_bio_iter_[k];__bio_iov_iter_get_pages_[k] 1
java/lang/Thread.run;java/util/concurrent/ThreadPoolExecutor$Worker.run;java/util/concurrent/ThreadPoolExecutor.runWorker;java/util/concurrent/FutureTask.run;java/util/concurrent/Executors$RunnableAdapter.call;java/util/concurrent/FutureTask.run;org/openjdk/jmh/runner/BenchmarkHandler$BenchmarkTask.call;org/openjdk/jmh/runner/BenchmarkHandler$BenchmarkTask.call;java/lang/reflect/Method.invoke;jdk/internal/reflect/DelegatingMethodAccessorImpl.invoke;jdk/internal/reflect/NativeMethodAccessorImpl.invoke;jdk/internal/reflect/NativeMethodAccessorImpl.invoke0;org/apache/cassandra/test/microbench/uring/jmh_generated/UringRawReadBench_read_jmhTest.read_Throughput;org/apache/cassandra/test/microbench/uring/jmh_generated/UringRawReadBench_read_jmhTest.read_thrpt_jmhStub;org/apache/cassandra/test/microbench/uring/UringRawReadBench.read;org/apache/cassandra/io/uring/UringRing.submit;org/apache/cassandra/io/uring/UringRing.enter;org/apache/cassandra/io/uring/UringNative.ioUringEnter;org/apache/cassandra/io/uring/UringNative.syscall;[unknown];syscall;entry_SYSCALL_64_after_hwframe_[k];do_syscall_64_[k];x64_sys_call_[k];__x64_sys_io_uring_enter_[k];__do_sys_io_uring_enter_[k];io_submit_sqes_[k];io_issue_sqe_[k];io_read_[k];__io_read_[k];ext4_file_read_iter_[k];iomap_dio_rw_[k];__iomap_dio_rw_[k];iomap_dio_bio_iter_[k];iomap_dio_submit_bio_[k];submit_bio_[k];submit_bio_noacct_[k];submit_bio_noacct_nocheck_[k];__submit_bio_[k];blk_mq_submit_bio_[k];blk_add_rq_to_plug_[k];blk_mq_flush_plug_list.part.0_[k];nvme_queue_rqs?[nvme]_[k];nvme_prep_rq.part.0?[nvme]_[k];nvme_map_data?[nvme]_[k];dma_map_page_attrs_[k];iommu_dma_map_page_[k];__iommu_dma_map_[k];iommu_map_[k];intel_iommu_iotlb_sync_map_[k];xa_find_after_[k];xas_find_[k];xas_move_index_[k] 39
java/lang/Thread.run;java/util/concurrent/ThreadPoolExecutor$Worker.run;java/util/concurrent/ThreadPoolExecutor.runWorker;java/util/concurrent/FutureTask.run;java/util/concurrent/Executors$RunnableAdapter.call;java/util/concurrent/FutureTask.run;org/openjdk/jmh/runner/BenchmarkHandler$BenchmarkTask.call;org/openjdk/jmh/runner/BenchmarkHandler$BenchmarkTask.call;java/lang/reflect/Method.invoke;jdk/internal/reflect/DelegatingMethodAccessorImpl.invoke;jdk/internal/reflect/NativeMethodAccessorImpl.invoke;jdk/internal/reflect/NativeMethodAccessorImpl.invoke0;org/apache/cassandra/test/microbench/uring/jmh_generated/UringRawReadBench_read_jmhTest.read_Throughput;org/apache/cassandra/test/microbench/uring/jmh_generated/UringRawReadBench_read_jmhTest.read_thrpt_jmhStub;org/apache/cassandra/test/microbench/uring/UringRawReadBench.read;org/apache/cassandra/io/uring/UringRing.submit;org/apache/cassandra/io/uring/UringRing.enter;org/apache/cassandra/io/uring/UringNative.ioUringEnter;org/apache/cassandra/io/uring/UringNative.syscall;[unknown];syscall;entry_SYSCALL_64_after_hwframe_[k];do_syscall_64_[k];x64_sys_call_[k];__x64_sys_io_uring_enter_[k];__do_sys_io_uring_enter_[k];io_submit_sqes_[k];io_issue_sqe_[k];io_read_[k];__io_read_[k];ext4_file_read_iter_[k];ext4_dio_alignment_[k];ext4_inode_journal_mode_[k] 1
java/lang/Thread.run;java/util/concurrent/ThreadPoolExecutor$Worker.run;java/util/concurrent/ThreadPoolExecutor.runWorker;java/util/concurrent/FutureTask.run;java/util/concurrent/Executors$RunnableAdapter.call;java/util/concurrent/FutureTask.run;org/openjdk/jmh/runner/BenchmarkHandler$BenchmarkTask.call;org/openjdk/jmh/runner/BenchmarkHandler$BenchmarkTask.call;java/lang/reflect/Method.invoke;jdk/internal/reflect/DelegatingMethodAccessorImpl.invoke;jdk/internal/reflect/NativeMethodAccessorImpl.invoke;jdk/internal/reflect/NativeMethodAccessorImpl.invoke0;org/apache/cassandra/test/microbench/uring/jmh_generated/UringRawReadBench_read_jmhTest.read_Throughput;org/apache/cassandra/test/microbench/uring/jmh_generated/UringRawReadBench_read_jmhTest.read_thrpt_jmhStub;org/apache/cassandra/test/microbench/uring/UringRawReadBench.read;org/apache/cassandra/io/uring/UringRing.submit;org/apache/cassandra/io/uring/UringRing.enter;org/apache/cassandra/io/uring/UringNative.ioUringEnter;org/apache/cassandra/io/uring/UringNative.syscall;[unknown];syscall;entry_SYSCALL_64_after_hwframe_[k];do_syscall_64_[k];x64_sys_call_[k];__x64_sys_io_uring_enter_[k];__do_sys_io_uring_enter_[k];io_submit_sqes_[k];io_issue_sqe_[k];io_read_[k];__io_read_[k];ext4_file_read_iter_[k];iomap_dio_rw_[k];__iomap_dio_rw_[k];iomap_dio_bio_iter_[k];iomap_dio_submit_bio_[k];submit_bio_[k];submit_bio_noacct_[k];submit_bio_noacct_nocheck_[k];__submit_bio_[k];blk_mq_submit_bio_[k];__blk_mq_alloc_requests_[k];read_tsc_[k] 3
java/lang/Thread.run;java/util/concurrent/ThreadPoolExecutor$Worker.run;java/util/concurrent/ThreadPoolExecutor.runWorker;java/util/concurrent/FutureTask.run;java/util/concurrent/Executors$RunnableAdapter.call;java/util/concurrent/FutureTask.run;org/openjdk/jmh/runner/BenchmarkHandler$BenchmarkTask.call;org/openjdk/jmh/runner/BenchmarkHandler$BenchmarkTask.call;java/lang/reflect/Method.invoke;jdk/internal/reflect/DelegatingMethodAccessorImpl.invoke;jdk/internal/reflect/NativeMethodAccessorImpl.invoke;jdk/internal/reflect/NativeMethodAccessorImpl.invoke0;org/apache/cassandra/test/microbench/uring/jmh_generated/UringRawReadBench_read_jmhTest.read_Throughput;org/apache/cassandra/test/microbench/uring/jmh_generated/UringRawReadBench_read_jmhTest.read_thrpt_jmhStub;org/apache/cassandra/test/microbench/uring/UringRawReadBench.read;org/apache/cassandra/io/uring/UringRing.submit;org/apache/cassandra/io/uring/UringRing.enter;org/apache/cassandra/io/uring/UringNative.ioUringEnter;org/apache/cassandra/io/uring/UringNative.syscall;[unknown];syscall;entry_SYSCALL_64_after_hwframe_[k];do_syscall_64_[k];x64_sys_call_[k];__x64_sys_io_uring_enter_[k];__do_sys_io_uring_enter_[k];io_submit_sqes_[k];io_issue_sqe_[k];io_read_[k];__io_read_[k];ext4_file_read_iter_[k];iomap_dio_rw_[k];__iomap_dio_rw_[k];iomap_dio_bio_iter_[k];iomap_dio_submit_bio_[k];submit_bio_[k];submit_bio_noacct_[k];submit_bio_noacct_nocheck_[k];__submit_bio_[k];blk_mq_submit_bio_[k];blk_add_rq_to_plug_[k];blk_mq_flush_plug_list.part.0_[k];nvme_queue_rqs?[nvme]_[k];nvme_prep_rq.part.0?[nvme]_[k];nvme_map_data?[nvme]_[k];dma_map_page_attrs_[k];iommu_dma_map_page_[k];__iommu_dma_map_[k];iommu_map_[k];intel_iommu_iotlb_sync_map_[k];__rcu_read_unlock_[k] 3
java/lang/Thread.run;java/util/concurrent/ThreadPoolExecutor$Worker.run;java/util/concurrent/ThreadPoolExecutor.runWorker;java/util/concurrent/FutureTask.run;java/util/concurrent/Executors$RunnableAdapter.call;java/util/concurrent/FutureTask.run;org/openjdk/jmh/runner/BenchmarkHandler$BenchmarkTask.call;org/openjdk/jmh/runner/BenchmarkHandler$BenchmarkTask.call;java/lang/reflect/Method.invoke;jdk/internal/reflect/DelegatingMethodAccessorImpl.invoke;jdk/internal/reflect/NativeMethodAccessorImpl.invoke;jdk/internal/reflect/NativeMethodAccessorImpl.invoke0;org/apache/cassandra/test/microbench/uring/jmh_generated/UringRawReadBench_read_jmhTest.read_Throughput;org/apache/cassandra/test/microbench/uring/jmh_generated/UringRawReadBench_read_jmhTest.read_thrpt_jmhStub;org/apache/cassandra/test/microbench/uring/UringRawReadBench.read;org/apache/cassandra/io/uring/UringRing.submit;org/apache/cassandra/io/uring/UringRing.enter;org/apache/cassandra/io/uring/UringNative.ioUringEnter;org/apache/cassandra/io/uring/UringNative.syscall;/root/.cache/JNA/temp/jna18280739141362750566.tmp;/root/.cache/JNA/temp/jna18280739141362750566.tmp;/root/.cache/JNA/temp/jna18280739141362750566.tmp;ffi_call;/usr/lib/x86_64-linux-gnu/libc.so.6 9
java/lang/Thread.run;java/util/concurrent/ThreadPoolExecutor$Worker.run;java/util/concurrent/ThreadPoolExecutor.runWorker;java/util/concurrent/FutureTask.run;java/util/concurrent/Executors$RunnableAdapter.call;java/util/concurrent/FutureTask.run;org/openjdk/jmh/runner/BenchmarkHandler$BenchmarkTask.call;org/openjdk/jmh/runner/BenchmarkHandler$BenchmarkTask.call;java/lang/reflect/Method.invoke;jdk/internal/reflect/DelegatingMethodAccessorImpl.invoke;jdk/internal/reflect/NativeMethodAccessorImpl.invoke;jdk/internal/reflect/NativeMethodAccessorImpl.invoke0;org/apache/cassandra/test/microbench/uring/jmh_generated/UringRawReadBench_read_jmhTest.read_Throughput;org/apache/cassandra/test/microbench/uring/jmh_generated/UringRawReadBench_read_jmhTest.read_thrpt_jmhStub;org/apache/cassandra/test/microbench/uring/UringRawReadBench.read;java/lang/invoke/Invokers$Holder.linkToTargetMethod;java/lang/invoke/DirectMethodHandle$Holder.newInvokeSpecial;java/lang/invoke/DirectMethodHandle.allocateInstance 1
java/lang/Thread.run;java/util/concurrent/ThreadPoolExecutor$Worker.run;java/util/concurrent/ThreadPoolExecutor.runWorker;java/util/concurrent/FutureTask.run;java/util/concurrent/Executors$RunnableAdapter.call;java/util/concurrent/FutureTask.run;org/openjdk/jmh/runner/BenchmarkHandler$BenchmarkTask.call;org/openjdk/jmh/runner/BenchmarkHandler$BenchmarkTask.call;java/lang/reflect/Method.invoke;jdk/internal/reflect/DelegatingMethodAccessorImpl.invoke;jdk/internal/reflect/NativeMethodAccessorImpl.invoke;jdk/internal/reflect/NativeMethodAccessorImpl.invoke0;org/apache/cassandra/test/microbench/uring/jmh_generated/UringRawReadBench_read_jmhTest.read_Throughput;org/apache/cassandra/test/microbench/uring/jmh_generated/UringRawReadBench_read_jmhTest.read_thrpt_jmhStub;org/apache/cassandra/test/microbench/uring/UringRawReadBench.read;org/apache/cassandra/io/uring/UringRing.awaitCompletions;org/apache/cassandra/io/uring/UringRing.drainCompletions 1
java/lang/Thread.run;java/util/concurrent/ThreadPoolExecutor$Worker.run;java/util/concurrent/ThreadPoolExecutor.runWorker;java/util/concurrent/FutureTask.run;java/util/concurrent/Executors$RunnableAdapter.call;java/util/concurrent/FutureTask.run;org/openjdk/jmh/runner/BenchmarkHandler$BenchmarkTask.call;org/openjdk/jmh/runner/BenchmarkHandler$BenchmarkTask.call;java/lang/reflect/Method.invoke;jdk/internal/reflect/DelegatingMethodAccessorImpl.invoke;jdk/internal/reflect/NativeMethodAccessorImpl.invoke;jdk/internal/reflect/NativeMethodAccessorImpl.invoke0;org/apache/cassandra/test/microbench/uring/jmh_generated/UringRawReadBench_read_jmhTest.read_Throughput;org/apache/cassandra/test/microbench/uring/jmh_generated/UringRawReadBench_read_jmhTest.read_thrpt_jmhStub;org/apache/cassandra/test/microbench/uring/UringRawReadBench.read;org/apache/cassandra/io/uring/UringRing.submit;org/apache/cassandra/io/uring/UringRing.enter;org/apache/cassandra/io/uring/UringNative.ioUringEnter;org/apache/cassandra/io/uring/UringNative.syscall;[unknown];syscall;entry_SYSCALL_64_after_hwframe_[k];do_syscall_64_[k];x64_sys_call_[k];__x64_sys_io_uring_enter_[k];__do_sys_io_uring_enter_[k];io_submit_sqes_[k];io_issue_sqe_[k];io_read_[k];__io_read_[k];ext4_file_read_iter_[k];iomap_dio_rw_[k];__iomap_dio_rw_[k];iomap_dio_bio_iter_[k];iomap_dio_submit_bio_[k];submit_bio_[k];submit_bio_noacct_[k];submit_bio_noacct_nocheck_[k];__submit_bio_[k];blk_mq_submit_bio_[k];update_io_ticks_[k] 1
java/lang/Thread.run;java/util/concurrent/ThreadPoolExecutor$Worker.run;java/util/concurrent/ThreadPoolExecutor.runWorker;java/util/concurrent/FutureTask.run;java/util/concurrent/Executors$RunnableAdapter.call;java/util/concurrent/FutureTask.run;org/openjdk/jmh/runner/BenchmarkHandler$BenchmarkTask.call;org/openjdk/jmh/runner/BenchmarkHandler$BenchmarkTask.call;java/lang/reflect/Method.invoke;jdk/internal/reflect/DelegatingMethodAccessorImpl.invoke;jdk/internal/reflect/NativeMethodAccessorImpl.invoke;jdk/internal/reflect/NativeMethodAccessorImpl.invoke0;org/apache/cassandra/test/microbench/uring/jmh_generated/UringRawReadBench_read_jmhTest.read_Throughput;org/apache/cassandra/test/microbench/uring/jmh_generated/UringRawReadBench_read_jmhTest.read_thrpt_jmhStub;org/apache/cassandra/test/microbench/uring/UringRawReadBench.read;org/apache/cassandra/io/uring/UringRing.submit;org/apache/cassandra/io/uring/UringRing.enter;org/apache/cassandra/io/uring/UringNative.ioUringEnter;org/apache/cassandra/io/uring/UringNative.syscall;[unknown];syscall;entry_SYSCALL_64_after_hwframe_[k];do_syscall_64_[k];x64_sys_call_[k];__x64_sys_io_uring_enter_[k];__do_sys_io_uring_enter_[k];io_submit_sqes_[k];io_issue_sqe_[k];io_read_[k];__io_read_[k];ext4_file_read_iter_[k];iomap_dio_rw_[k];__iomap_dio_rw_[k];iomap_dio_bio_iter_[k];bio_iov_iter_get_pages_[k];__bio_iov_iter_get_pages_[k];iov_iter_extract_pages_[k] 3
java/lang/Thread.run;java/util/concurrent/ThreadPoolExecutor$Worker.run;java/util/concurrent/ThreadPoolExecutor.runWorker;java/util/concurrent/FutureTask.run;java/util/concurrent/Executors$RunnableAdapter.call;java/util/concurrent/FutureTask.run;org/openjdk/jmh/runner/BenchmarkHandler$BenchmarkTask.call;org/openjdk/jmh/runner/BenchmarkHandler$BenchmarkTask.call;java/lang/reflect/Method.invoke;jdk/internal/reflect/DelegatingMethodAccessorImpl.invoke;jdk/internal/reflect/NativeMethodAccessorImpl.invoke;jdk/internal/reflect/NativeMethodAccessorImpl.invoke0;org/apache/cassandra/test/microbench/uring/jmh_generated/UringRawReadBench_read_jmhTest.read_Throughput;org/apache/cassandra/test/microbench/uring/jmh_generated/UringRawReadBench_read_jmhTest.read_thrpt_jmhStub;org/apache/cassandra/test/microbench/uring/UringRawReadBench.read;org/apache/cassandra/io/uring/UringRing.submit;org/apache/cassandra/io/uring/UringRing.enter;org/apache/cassandra/io/uring/UringNative.ioUringEnter;org/apache/cassandra/io/uring/UringNative.syscall;[unknown];syscall;entry_SYSCALL_64_after_hwframe_[k];do_syscall_64_[k];x64_sys_call_[k];__x64_sys_io_uring_enter_[k];__do_sys_io_uring_enter_[k];io_submit_sqes_[k];io_issue_sqe_[k];io_read_[k];__io_read_[k];rw_verify_area_[k];security_file_permission_[k] 2
java/lang/Thread.run;java/util/concurrent/ThreadPoolExecutor$Worker.run;java/util/concurrent/ThreadPoolExecutor.runWorker;java/util/concurrent/FutureTask.run;java/util/concurrent/Executors$RunnableAdapter.call;java/util/concurrent/FutureTask.run;org/openjdk/jmh/runner/BenchmarkHandler$BenchmarkTask.call;org/openjdk/jmh/runner/BenchmarkHandler$BenchmarkTask.call;java/lang/reflect/Method.invoke;jdk/internal/reflect/DelegatingMethodAccessorImpl.invoke;jdk/internal/reflect/NativeMethodAccessorImpl.invoke;jdk/internal/reflect/NativeMethodAccessorImpl.invoke0;org/apache/cassandra/test/microbench/uring/jmh_generated/UringRawReadBench_read_jmhTest.read_Throughput;org/apache/cassandra/test/microbench/uring/jmh_generated/UringRawReadBench_read_jmhTest.read_thrpt_jmhStub;org/apache/cassandra/test/microbench/uring/UringRawReadBench.read;org/apache/cassandra/io/uring/UringRing.prepareRead;org/apache/cassandra/io/uring/UringRing.enqueueSqe;sun/misc/Unsafe.putInt;jdk/internal/misc/Unsafe.putInt 1
java/lang/Thread.run;java/util/concurrent/ThreadPoolExecutor$Worker.run;java/util/concurrent/ThreadPoolExecutor.runWorker;java/util/concurrent/FutureTask.run;java/util/concurrent/Executors$RunnableAdapter.call;java/util/concurrent/FutureTask.run;org/openjdk/jmh/runner/BenchmarkHandler$BenchmarkTask.call;org/openjdk/jmh/runner/BenchmarkHandler$BenchmarkTask.call;java/lang/reflect/Method.invoke;jdk/internal/reflect/DelegatingMethodAccessorImpl.invoke;jdk/internal/reflect/NativeMethodAccessorImpl.invoke;jdk/internal/reflect/NativeMethodAccessorImpl.invoke0;org/apache/cassandra/test/microbench/uring/jmh_generated/UringRawReadBench_read_jmhTest.read_Throughput;org/apache/cassandra/test/microbench/uring/jmh_generated/UringRawReadBench_read_jmhTest.read_thrpt_jmhStub;org/apache/cassandra/test/microbench/uring/UringRawReadBench.read;org/apache/cassandra/io/uring/UringRing.awaitCompletions;org/apache/cassandra/io/uring/UringRing.enter;org/apache/cassandra/io/uring/UringNative.ioUringEnter;org/apache/cassandra/io/uring/UringNative.syscall;[unknown];syscall;entry_SYSCALL_64_after_hwframe_[k];do_syscall_64_[k];x64_sys_call_[k];__x64_sys_io_uring_enter_[k];__do_sys_io_uring_enter_[k];io_cqring_wait_[k] 8
java/lang/Thread.run;java/util/concurrent/ThreadPoolExecutor$Worker.run;java/util/concurrent/ThreadPoolExecutor.runWorker;java/util/concurrent/FutureTask.run;java/util/concurrent/Executors$RunnableAdapter.call;java/util/concurrent/FutureTask.run;org/openjdk/jmh/runner/BenchmarkHandler$BenchmarkTask.call;org/openjdk/jmh/runner/BenchmarkHandler$BenchmarkTask.call;java/lang/reflect/Method.invoke;jdk/internal/reflect/DelegatingMethodAccessorImpl.invoke;jdk/internal/reflect/NativeMethodAccessorImpl.invoke;jdk/internal/reflect/NativeMethodAccessorImpl.invoke0;org/apache/cassandra/test/microbench/uring/jmh_generated/UringRawReadBench_read_jmhTest.read_Throughput;org/apache/cassandra/test/microbench/uring/jmh_generated/UringRawReadBench_read_jmhTest.read_thrpt_jmhStub;org/apache/cassandra/test/microbench/uring/UringRawReadBench.read;org/apache/cassandra/io/uring/UringRing.awaitCompletions;org/apache/cassandra/io/uring/UringRing.enter;org/apache/cassandra/io/uring/UringNative.ioUringEnter;org/apache/cassandra/io/uring/UringNative.syscall;/root/.cache/JNA/temp/jna18280739141362750566.tmp;/root/.cache/JNA/temp/jna18280739141362750566.tmp;/root/.cache/JNA/temp/jna18280739141362750566.tmp 24
java/lang/Thread.run;java/util/concurrent/ThreadPoolExecutor$Worker.run;java/util/concurrent/ThreadPoolExecutor.runWorker;java/util/concurrent/FutureTask.run;java/util/concurrent/Executors$RunnableAdapter.call;java/util/concurrent/FutureTask.run;org/openjdk/jmh/runner/BenchmarkHandler$BenchmarkTask.call;org/openjdk/jmh/runner/BenchmarkHandler$BenchmarkTask.call;java/lang/reflect/Method.invoke;jdk/internal/reflect/DelegatingMethodAccessorImpl.invoke;jdk/internal/reflect/NativeMethodAccessorImpl.invoke;jdk/internal/reflect/NativeMethodAccessorImpl.invoke0;org/apache/cassandra/test/microbench/uring/jmh_generated/UringRawReadBench_read_jmhTest.read_Throughput;org/apache/cassandra/test/microbench/uring/jmh_generated/UringRawReadBench_read_jmhTest.read_thrpt_jmhStub;org/apache/cassandra/test/microbench/uring/UringRawReadBench.read;org/apache/cassandra/io/uring/UringRing.submit;org/apache/cassandra/io/uring/UringRing.enter;org/apache/cassandra/io/uring/UringNative.ioUringEnter;org/apache/cassandra/io/uring/UringNative.syscall;[unknown];syscall;entry_SYSCALL_64_after_hwframe_[k];do_syscall_64_[k];x64_sys_call_[k];__x64_sys_io_uring_enter_[k];__do_sys_io_uring_enter_[k];io_submit_sqes_[k];blk_finish_plug_[k];__blk_flush_plug_[k];blk_mq_flush_plug_list_[k];blk_mq_flush_plug_list.part.0_[k];nvme_queue_rqs?[nvme]_[k];nvme_prep_rq.part.0?[nvme]_[k];nvme_map_data?[nvme]_[k];dma_map_page_attrs_[k];iommu_dma_map_page_[k];__iommu_dma_map_[k];iommu_dma_alloc_iova_[k] 1
java/lang/Thread.run;java/util/concurrent/ThreadPoolExecutor$Worker.run;java/util/concurrent/ThreadPoolExecutor.runWorker;java/util/concurrent/FutureTask.run;java/util/concurrent/Executors$RunnableAdapter.call;java/util/concurrent/FutureTask.run;org/openjdk/jmh/runner/BenchmarkHandler$BenchmarkTask.call;org/openjdk/jmh/runner/BenchmarkHandler$BenchmarkTask.call;java/lang/reflect/Method.invoke;jdk/internal/reflect/DelegatingMethodAccessorImpl.invoke;jdk/internal/reflect/NativeMethodAccessorImpl.invoke;jdk/internal/reflect/NativeMethodAccessorImpl.invoke0;org/apache/cassandra/test/microbench/uring/jmh_generated/UringRawReadBench_read_jmhTest.read_Throughput;org/apache/cassandra/test/microbench/uring/jmh_generated/UringRawReadBench_read_jmhTest.read_thrpt_jmhStub;org/apache/cassandra/test/microbench/uring/UringRawReadBench.read;org/apache/cassandra/io/uring/UringRing.submit;org/apache/cassandra/io/uring/UringRing.enter;org/apache/cassandra/io/uring/UringNative.ioUringEnter;org/apache/cassandra/io/uring/UringNative.syscall;[unknown];syscall;entry_SYSCALL_64_after_hwframe_[k];do_syscall_64_[k];x64_sys_call_[k];__x64_sys_io_uring_enter_[k];__do_sys_io_uring_enter_[k];io_submit_sqes_[k];io_issue_sqe_[k];io_read_[k];__io_read_[k];ext4_file_read_iter_[k];iomap_dio_rw_[k];__iomap_dio_rw_[k];iomap_iter_[k];ext4_iomap_begin_[k];ext4_map_blocks_[k];__check_block_validity.constprop.0_[k];ext4_inode_block_valid_[k];ext4_sb_block_valid_[k] 8
java/lang/Thread.run;java/util/concurrent/ThreadPoolExecutor$Worker.run;java/util/concurrent/ThreadPoolExecutor.runWorker;java/util/concurrent/FutureTask.run;java/util/concurrent/Executors$RunnableAdapter.call;java/util/concurrent/FutureTask.run;org/openjdk/jmh/runner/BenchmarkHandler$BenchmarkTask.call;org/openjdk/jmh/runner/BenchmarkHandler$BenchmarkTask.call;java/lang/reflect/Method.invoke;jdk/internal/reflect/DelegatingMethodAccessorImpl.invoke;jdk/internal/reflect/NativeMethodAccessorImpl.invoke;jdk/internal/reflect/NativeMethodAccessorImpl.invoke0;org/apache/cassandra/test/microbench/uring/jmh_generated/UringRawReadBench_read_jmhTest.read_Throughput;org/apache/cassandra/test/microbench/uring/jmh_generated/UringRawReadBench_read_jmhTest.read_thrpt_jmhStub;org/apache/cassandra/test/microbench/uring/UringRawReadBench.read;org/apache/cassandra/io/uring/UringRing.submit;org/apache/cassandra/io/uring/UringRing.enter;org/apache/cassandra/io/uring/UringNative.ioUringEnter;org/apache/cassandra/io/uring/UringNative.syscall;[unknown];syscall;entry_SYSCALL_64_after_hwframe_[k];do_syscall_64_[k];x64_sys_call_[k];__x64_sys_io_uring_enter_[k];__do_sys_io_uring_enter_[k];io_submit_sqes_[k];io_issue_sqe_[k];io_read_[k];__io_read_[k];ext4_file_read_iter_[k];iomap_dio_rw_[k];__iomap_dio_rw_[k];iomap_dio_bio_iter_[k];iomap_dio_submit_bio_[k];submit_bio_[k];submit_bio_noacct_[k];submit_bio_noacct_nocheck_[k];__submit_bio_[k];blk_mq_submit_bio_[k];blk_add_rq_to_plug_[k];blk_mq_flush_plug_list.part.0_[k];nvme_queue_rqs?[nvme]_[k];nvme_prep_rq.part.0?[nvme]_[k];nvme_map_data?[nvme]_[k];dma_map_page_attrs_[k];iommu_dma_map_page_[k];__iommu_dma_map_[k];iommu_map_[k];intel_iommu_iotlb_sync_map_[k];xa_find_[k];xas_find_[k] 1
java/lang/Thread.run;java/util/concurrent/ThreadPoolExecutor$Worker.run;java/util/concurrent/ThreadPoolExecutor.runWorker;java/util/concurrent/FutureTask.run;java/util/concurrent/Executors$RunnableAdapter.call;java/util/concurrent/FutureTask.run;org/openjdk/jmh/runner/BenchmarkHandler$BenchmarkTask.call;org/openjdk/jmh/runner/BenchmarkHandler$BenchmarkTask.call;java/lang/reflect/Method.invoke;jdk/internal/reflect/DelegatingMethodAccessorImpl.invoke;jdk/internal/reflect/NativeMethodAccessorImpl.invoke;jdk/internal/reflect/NativeMethodAccessorImpl.invoke0;org/apache/cassandra/test/microbench/uring/jmh_generated/UringRawReadBench_read_jmhTest.read_Throughput;org/apache/cassandra/test/microbench/uring/jmh_generated/UringRawReadBench_read_jmhTest.read_thrpt_jmhStub;org/apache/cassandra/test/microbench/uring/UringRawReadBench.read;org/apache/cassandra/io/uring/UringRing.submit;org/apache/cassandra/io/uring/UringRing.enter;org/apache/cassandra/io/uring/UringNative.ioUringEnter;org/apache/cassandra/io/uring/UringNative.syscall;[unknown];syscall;entry_SYSCALL_64_after_hwframe_[k];do_syscall_64_[k];x64_sys_call_[k];__x64_sys_io_uring_enter_[k];__do_sys_io_uring_enter_[k];io_submit_sqes_[k];blk_finish_plug_[k];__blk_flush_plug_[k];blk_mq_flush_plug_list_[k];blk_mq_flush_plug_list.part.0_[k];nvme_queue_rqs?[nvme]_[k];nvme_prep_rq.part.0?[nvme]_[k];nvme_map_data?[nvme]_[k];dma_map_page_attrs_[k];iommu_dma_map_page_[k];__iommu_dma_map_[k];iommu_map_[k];intel_iommu_iotlb_sync_map_[k];xa_find_after_[k];xas_find_[k] 46
java/lang/Thread.run;java/util/concurrent/ThreadPoolExecutor$Worker.run;java/util/concurrent/ThreadPoolExecutor.runWorker;java/util/concurrent/FutureTask.run;java/util/concurrent/Executors$RunnableAdapter.call;java/util/concurrent/FutureTask.run;org/openjdk/jmh/runner/BenchmarkHandler$BenchmarkTask.call;org/openjdk/jmh/runner/BenchmarkHandler$BenchmarkTask.call;java/lang/reflect/Method.invoke;jdk/internal/reflect/DelegatingMethodAccessorImpl.invoke;jdk/internal/reflect/NativeMethodAccessorImpl.invoke;jdk/internal/reflect/NativeMethodAccessorImpl.invoke0;org/apache/cassandra/test/microbench/uring/jmh_generated/UringRawReadBench_read_jmhTest.read_Throughput;org/apache/cassandra/test/microbench/uring/jmh_generated/UringRawReadBench_read_jmhTest.read_thrpt_jmhStub;org/apache/cassandra/test/microbench/uring/UringRawReadBench.read;org/apache/cassandra/io/uring/UringRing.submit;org/apache/cassandra/io/uring/UringRing.enter;org/apache/cassandra/io/uring/UringNative.ioUringEnter;org/apache/cassandra/io/uring/UringNative.syscall;[unknown];syscall;entry_SYSCALL_64_after_hwframe_[k];do_syscall_64_[k];x64_sys_call_[k];__x64_sys_io_uring_enter_[k];__do_sys_io_uring_enter_[k];io_submit_sqes_[k];io_issue_sqe_[k];io_read_[k];__io_read_[k] 7
java/lang/Thread.run;java/util/concurrent/ThreadPoolExecutor$Worker.run;java/util/concurrent/ThreadPoolExecutor.runWorker;java/util/concurrent/FutureTask.run;java/util/concurrent/Executors$RunnableAdapter.call;java/util/concurrent/FutureTask.run;org/openjdk/jmh/runner/BenchmarkHandler$BenchmarkTask.call;org/openjdk/jmh/runner/BenchmarkHandler$BenchmarkTask.call;java/lang/reflect/Method.invoke;jdk/internal/reflect/DelegatingMethodAccessorImpl.invoke;jdk/internal/reflect/NativeMethodAccessorImpl.invoke;jdk/internal/reflect/NativeMethodAccessorImpl.invoke0;org/apache/cassandra/test/microbench/uring/jmh_generated/UringRawReadBench_read_jmhTest.read_Throughput;org/apache/cassandra/test/microbench/uring/jmh_generated/UringRawReadBench_read_jmhTest.read_thrpt_jmhStub;org/apache/cassandra/test/microbench/uring/UringRawReadBench.read;org/apache/cassandra/io/uring/UringRing.submit;org/apache/cassandra/io/uring/UringRing.enter;org/apache/cassandra/io/uring/UringNative.ioUringEnter;org/apache/cassandra/io/uring/UringNative.syscall;/root/.cache/JNA/temp/jna18280739141362750566.tmp;/root/.cache/JNA/temp/jna18280739141362750566.tmp;jni_ExceptionCheck 2
java/lang/Thread.run;java/util/concurrent/ThreadPoolExecutor$Worker.run;java/util/concurrent/ThreadPoolExecutor.runWorker;java/util/concurrent/FutureTask.run;java/util/concurrent/Executors$RunnableAdapter.call;java/util/concurrent/FutureTask.run;org/openjdk/jmh/runner/BenchmarkHandler$BenchmarkTask.call;org/openjdk/jmh/runner/BenchmarkHandler$BenchmarkTask.call;java/lang/reflect/Method.invoke;jdk/internal/reflect/DelegatingMethodAccessorImpl.invoke;jdk/internal/reflect/NativeMethodAccessorImpl.invoke;jdk/internal/reflect/NativeMethodAccessorImpl.invoke0;org/apache/cassandra/test/microbench/uring/jmh_generated/UringRawReadBench_read_jmhTest.read_Throughput;org/apache/cassandra/test/microbench/uring/jmh_generated/UringRawReadBench_read_jmhTest.read_thrpt_jmhStub;org/apache/cassandra/test/microbench/uring/UringRawReadBench.read;org/apache/cassandra/io/uring/UringRing.submit;org/apache/cassandra/io/uring/UringRing.enter;org/apache/cassandra/io/uring/UringNative.ioUringEnter;org/apache/cassandra/io/uring/UringNative.syscall;[unknown];syscall;entry_SYSCALL_64_after_hwframe_[k];do_syscall_64_[k];x64_sys_call_[k];__x64_sys_io_uring_enter_[k];__do_sys_io_uring_enter_[k];io_submit_sqes_[k];io_issue_sqe_[k];io_read_[k];__io_read_[k];ext4_file_read_iter_[k];iomap_dio_rw_[k];__iomap_dio_rw_[k];iomap_iter_[k];ext4_iomap_begin_[k];ext4_map_blocks_[k];__check_block_validity.constprop.0_[k];ext4_sb_block_valid_[k] 1
java/lang/Thread.run;java/util/concurrent/ThreadPoolExecutor$Worker.run;java/util/concurrent/ThreadPoolExecutor.runWorker;java/util/concurrent/FutureTask.run;java/util/concurrent/Executors$RunnableAdapter.call;java/util/concurrent/FutureTask.run;org/openjdk/jmh/runner/BenchmarkHandler$BenchmarkTask.call;org/openjdk/jmh/runner/BenchmarkHandler$BenchmarkTask.call;java/lang/reflect/Method.invoke;jdk/internal/reflect/DelegatingMethodAccessorImpl.invoke;jdk/internal/reflect/NativeMethodAccessorImpl.invoke;jdk/internal/reflect/NativeMethodAccessorImpl.invoke0;org/apache/cassandra/test/microbench/uring/jmh_generated/UringRawReadBench_read_jmhTest.read_Throughput;org/apache/cassandra/test/microbench/uring/jmh_generated/UringRawReadBench_read_jmhTest.read_thrpt_jmhStub;org/apache/cassandra/test/microbench/uring/UringRawReadBench.read;org/apache/cassandra/io/uring/UringRing.submit;org/apache/cassandra/io/uring/UringRing.enter;org/apache/cassandra/io/uring/UringNative.ioUringEnter;org/apache/cassandra/io/uring/UringNative.syscall;[unknown];syscall;entry_SYSCALL_64_after_hwframe_[k];do_syscall_64_[k];x64_sys_call_[k];__x64_sys_io_uring_enter_[k];__do_sys_io_uring_enter_[k];io_submit_sqes_[k];io_issue_sqe_[k];io_read_[k];__io_read_[k];ext4_file_read_iter_[k];iomap_dio_rw_[k];__iomap_dio_rw_[k];iomap_iter_[k];ext4_iomap_begin_[k];ext4_set_iomap_[k];jbd2_transaction_committed_[k] 2
java/lang/Thread.run;java/util/concurrent/ThreadPoolExecutor$Worker.run;java/util/concurrent/ThreadPoolExecutor.runWorker;java/util/concurrent/FutureTask.run;java/util/concurrent/Executors$RunnableAdapter.call;java/util/concurrent/FutureTask.run;org/openjdk/jmh/runner/BenchmarkHandler$BenchmarkTask.call;org/openjdk/jmh/runner/BenchmarkHandler$BenchmarkTask.call;java/lang/reflect/Method.invoke;jdk/internal/reflect/DelegatingMethodAccessorImpl.invoke;jdk/internal/reflect/NativeMethodAccessorImpl.invoke;jdk/internal/reflect/NativeMethodAccessorImpl.invoke0;org/apache/cassandra/test/microbench/uring/jmh_generated/UringRawReadBench_read_jmhTest.read_Throughput;org/apache/cassandra/test/microbench/uring/jmh_generated/UringRawReadBench_read_jmhTest.read_thrpt_jmhStub;org/apache/cassandra/test/microbench/uring/UringRawReadBench.read;org/apache/cassandra/io/uring/UringRing.submit;org/apache/cassandra/io/uring/UringRing.enter;org/apache/cassandra/io/uring/UringNative.ioUringEnter;org/apache/cassandra/io/uring/UringNative.syscall;[unknown];syscall;entry_SYSCALL_64_after_hwframe_[k];do_syscall_64_[k];x64_sys_call_[k];__x64_sys_io_uring_enter_[k];__do_sys_io_uring_enter_[k];io_submit_sqes_[k];io_issue_sqe_[k];io_read_[k];__io_read_[k];ext4_file_read_iter_[k];iomap_dio_rw_[k];__iomap_dio_rw_[k];iomap_dio_bio_iter_[k];iomap_dio_submit_bio_[k];submit_bio_[k];submit_bio_noacct_[k];submit_bio_noacct_nocheck_[k];__submit_bio_[k];blk_mq_submit_bio_[k];blk_mq_attempt_bio_merge_[k];blk_attempt_plug_merge_[k];blk_attempt_bio_merge.part.0_[k] 1
java/lang/Thread.run;java/util/concurrent/ThreadPoolExecutor$Worker.run;java/util/concurrent/ThreadPoolExecutor.runWorker;java/util/concurrent/FutureTask.run;java/util/concurrent/Executors$RunnableAdapter.call;java/util/concurrent/FutureTask.run;org/openjdk/jmh/runner/BenchmarkHandler$BenchmarkTask.call;org/openjdk/jmh/runner/BenchmarkHandler$BenchmarkTask.call;java/lang/reflect/Method.invoke;jdk/internal/reflect/DelegatingMethodAccessorImpl.invoke;jdk/internal/reflect/NativeMethodAccessorImpl.invoke;jdk/internal/reflect/NativeMethodAccessorImpl.invoke0;org/apache/cassandra/test/microbench/uring/jmh_generated/UringRawReadBench_read_jmhTest.read_Throughput;org/apache/cassandra/test/microbench/uring/jmh_generated/UringRawReadBench_read_jmhTest.read_thrpt_jmhStub;org/apache/cassandra/test/microbench/uring/UringRawReadBench.read;java/lang/Long.valueOf;asm_exc_page_fault_[k];exc_page_fault_[k];do_user_addr_fault_[k];handle_mm_fault_[k];__handle_mm_fault_[k];handle_pte_fault_[k];do_anonymous_page_[k];alloc_anon_folio_[k];vma_alloc_folio_[k];alloc_pages_mpol_[k];__alloc_pages_[k] 1
java/lang/Thread.run;java/util/concurrent/ThreadPoolExecutor$Worker.run;java/util/concurrent/ThreadPoolExecutor.runWorker;java/util/concurrent/FutureTask.run;java/util/concurrent/Executors$RunnableAdapter.call;java/util/concurrent/FutureTask.run;org/openjdk/jmh/runner/BenchmarkHandler$BenchmarkTask.call;org/openjdk/jmh/runner/BenchmarkHandler$BenchmarkTask.call;java/lang/reflect/Method.invoke;jdk/internal/reflect/DelegatingMethodAccessorImpl.invoke;jdk/internal/reflect/NativeMethodAccessorImpl.invoke;jdk/internal/reflect/NativeMethodAccessorImpl.invoke0;org/apache/cassandra/test/microbench/uring/jmh_generated/UringRawReadBench_read_jmhTest.read_Throughput;org/apache/cassandra/test/microbench/uring/jmh_generated/UringRawReadBench_read_jmhTest.read_thrpt_jmhStub;org/apache/cassandra/test/microbench/uring/UringRawReadBench.read;org/apache/cassandra/io/uring/UringRing.awaitCompletions;org/apache/cassandra/io/uring/UringRing.drainCompletions;org/apache/cassandra/io/uring/UringRing.complete 9
java/lang/Thread.run;java/util/concurrent/ThreadPoolExecutor$Worker.run;java/util/concurrent/ThreadPoolExecutor.runWorker;java/util/concurrent/FutureTask.run;java/util/concurrent/Executors$RunnableAdapter.call;java/util/concurrent/FutureTask.run;org/openjdk/jmh/runner/BenchmarkHandler$BenchmarkTask.call;org/openjdk/jmh/runner/BenchmarkHandler$BenchmarkTask.call;java/lang/reflect/Method.invoke;jdk/internal/reflect/DelegatingMethodAccessorImpl.invoke;jdk/internal/reflect/NativeMethodAccessorImpl.invoke;jdk/internal/reflect/NativeMethodAccessorImpl.invoke0;org/apache/cassandra/test/microbench/uring/jmh_generated/UringRawReadBench_read_jmhTest.read_Throughput;org/apache/cassandra/test/microbench/uring/jmh_generated/UringRawReadBench_read_jmhTest.read_thrpt_jmhStub;org/apache/cassandra/test/microbench/uring/UringRawReadBench.read;org/apache/cassandra/io/uring/UringRing.submit;org/apache/cassandra/io/uring/UringRing.enter;org/apache/cassandra/io/uring/UringNative.ioUringEnter;org/apache/cassandra/io/uring/UringNative.syscall;[unknown];syscall;entry_SYSCALL_64_after_hwframe_[k];do_syscall_64_[k];x64_sys_call_[k];__x64_sys_io_uring_enter_[k];__do_sys_io_uring_enter_[k];io_submit_sqes_[k];io_issue_sqe_[k];io_read_[k];__io_read_[k];ext4_file_read_iter_[k];iomap_dio_rw_[k];__iomap_dio_rw_[k];iomap_dio_bio_iter_[k];iomap_dio_submit_bio_[k];submit_bio_[k];submit_bio_noacct_[k];submit_bio_noacct_nocheck_[k];__submit_bio_[k];blk_mq_submit_bio_[k];blk_add_rq_to_plug_[k];blk_mq_flush_plug_list.part.0_[k];nvme_queue_rqs?[nvme]_[k];nvme_prep_rq.part.0?[nvme]_[k];nvme_map_data?[nvme]_[k];dma_map_page_attrs_[k];iommu_dma_map_page_[k];__iommu_dma_map_[k];iommu_map_[k];intel_iommu_iotlb_sync_map_[k];xa_find_[k];xas_find_[k];xas_move_index_[k] 1
java/lang/Thread.run;java/util/concurrent/ThreadPoolExecutor$Worker.run;java/util/concurrent/ThreadPoolExecutor.runWorker;java/util/concurrent/FutureTask.run;java/util/concurrent/Executors$RunnableAdapter.call;java/util/concurrent/FutureTask.run;org/openjdk/jmh/runner/BenchmarkHandler$BenchmarkTask.call;org/openjdk/jmh/runner/BenchmarkHandler$BenchmarkTask.call;java/lang/reflect/Method.invoke;jdk/internal/reflect/DelegatingMethodAccessorImpl.invoke;jdk/internal/reflect/NativeMethodAccessorImpl.invoke;jdk/internal/reflect/NativeMethodAccessorImpl.invoke0;org/apache/cassandra/test/microbench/uring/jmh_generated/UringRawReadBench_read_jmhTest.read_Throughput;org/apache/cassandra/test/microbench/uring/jmh_generated/UringRawReadBench_read_jmhTest.read_thrpt_jmhStub;org/apache/cassandra/test/microbench/uring/UringRawReadBench.read;org/apache/cassandra/io/uring/UringRing.prepareRead;org/apache/cassandra/io/uring/UringRing.checkBatchPreconditions;org/apache/cassandra/io/uring/UringRing.checkCapacity;org/apache/cassandra/io/uring/UringRing.slotIndex 2
java/lang/Thread.run;java/util/concurrent/ThreadPoolExecutor$Worker.run;java/util/concurrent/ThreadPoolExecutor.runWorker;java/util/concurrent/FutureTask.run;java/util/concurrent/Executors$RunnableAdapter.call;java/util/concurrent/FutureTask.run;org/openjdk/jmh/runner/BenchmarkHandler$BenchmarkTask.call;org/openjdk/jmh/runner/BenchmarkHandler$BenchmarkTask.call;java/lang/reflect/Method.invoke;jdk/internal/reflect/DelegatingMethodAccessorImpl.invoke;jdk/internal/reflect/NativeMethodAccessorImpl.invoke;jdk/internal/reflect/NativeMethodAccessorImpl.invoke0;org/apache/cassandra/test/microbench/uring/jmh_generated/UringRawReadBench_read_jmhTest.read_Throughput;org/apache/cassandra/test/microbench/uring/jmh_generated/UringRawReadBench_read_jmhTest.read_thrpt_jmhStub;org/apache/cassandra/test/microbench/uring/UringRawReadBench.read;org/apache/cassandra/io/uring/UringRing.submit;org/apache/cassandra/io/uring/UringRing.enter;org/apache/cassandra/io/uring/UringNative.ioUringEnter;org/apache/cassandra/io/uring/UringNative.syscall;[unknown];syscall;entry_SYSCALL_64_after_hwframe_[k];do_syscall_64_[k];x64_sys_call_[k];__x64_sys_io_uring_enter_[k];__do_sys_io_uring_enter_[k];io_submit_sqes_[k];io_issue_sqe_[k];io_read_[k];__io_read_[k];ext4_file_read_iter_[k];iomap_dio_rw_[k];__iomap_dio_rw_[k];iomap_dio_bio_iter_[k];bio_iov_iter_get_pages_[k];__bio_iov_iter_get_pages_[k];iov_iter_extract_pages_[k];pin_user_pages_fast_[k] 1
java/lang/Thread.run;java/util/concurrent/ThreadPoolExecutor$Worker.run;java/util/concurrent/ThreadPoolExecutor.runWorker;java/util/concurrent/FutureTask.run;java/util/concurrent/Executors$RunnableAdapter.call;java/util/concurrent/FutureTask.run;org/openjdk/jmh/runner/BenchmarkHandler$BenchmarkTask.call;org/openjdk/jmh/runner/BenchmarkHandler$BenchmarkTask.call;java/lang/reflect/Method.invoke;jdk/internal/reflect/DelegatingMethodAccessorImpl.invoke;jdk/internal/reflect/NativeMethodAccessorImpl.invoke;jdk/internal/reflect/NativeMethodAccessorImpl.invoke0;org/apache/cassandra/test/microbench/uring/jmh_generated/UringRawReadBench_read_jmhTest.read_Throughput;org/apache/cassandra/test/microbench/uring/jmh_generated/UringRawReadBench_read_jmhTest.read_thrpt_jmhStub;org/apache/cassandra/test/microbench/uring/UringRawReadBench.read;org/apache/cassandra/io/uring/UringRing.submit;org/apache/cassandra/io/uring/UringRing.enter;org/apache/cassandra/io/uring/UringNative.ioUringEnter;org/apache/cassandra/io/uring/UringNative.syscall;[unknown];syscall;entry_SYSCALL_64_after_hwframe_[k];do_syscall_64_[k];x64_sys_call_[k];__x64_sys_io_uring_enter_[k];__do_sys_io_uring_enter_[k];io_submit_sqes_[k];blk_finish_plug_[k];__blk_flush_plug_[k];blk_mq_flush_plug_list_[k];blk_mq_flush_plug_list.part.0_[k];nvme_queue_rqs?[nvme]_[k];nvme_prep_rq.part.0?[nvme]_[k];nvme_map_data?[nvme]_[k];dma_map_page_attrs_[k];iommu_dma_map_page_[k];__iommu_dma_map_[k];iommu_map_[k];intel_iommu_iotlb_sync_map_[k];xa_find_after_[k];xas_find_[k];xas_load_[k] 4
java/lang/Thread.run;java/util/concurrent/ThreadPoolExecutor$Worker.run;java/util/concurrent/ThreadPoolExecutor.runWorker;java/util/concurrent/FutureTask.run;java/util/concurrent/Executors$RunnableAdapter.call;java/util/concurrent/FutureTask.run;org/openjdk/jmh/runner/BenchmarkHandler$BenchmarkTask.call;org/openjdk/jmh/runner/BenchmarkHandler$BenchmarkTask.call;java/lang/reflect/Method.invoke;jdk/internal/reflect/DelegatingMethodAccessorImpl.invoke;jdk/internal/reflect/NativeMethodAccessorImpl.invoke;jdk/internal/reflect/NativeMethodAccessorImpl.invoke0;org/apache/cassandra/test/microbench/uring/jmh_generated/UringRawReadBench_read_jmhTest.read_Throughput;org/apache/cassandra/test/microbench/uring/jmh_generated/UringRawReadBench_read_jmhTest.read_thrpt_jmhStub;org/apache/cassandra/test/microbench/uring/UringRawReadBench.read;org/apache/cassandra/io/uring/UringRing.submit;org/apache/cassandra/io/uring/UringRing.enter;org/apache/cassandra/io/uring/UringNative.ioUringEnter;org/apache/cassandra/io/uring/UringNative.syscall;/root/.cache/JNA/temp/jna18280739141362750566.tmp;/root/.cache/JNA/temp/jna18280739141362750566.tmp;/root/.cache/JNA/temp/jna18280739141362750566.tmp;ffi_call;/root/.cache/JNA/temp/jna18280739141362750566.tmp 31
java/lang/Thread.run;java/util/concurrent/ThreadPoolExecutor$Worker.run;java/util/concurrent/ThreadPoolExecutor.runWorker;java/util/concurrent/FutureTask.run;java/util/concurrent/Executors$RunnableAdapter.call;java/util/concurrent/FutureTask.run;org/openjdk/jmh/runner/BenchmarkHandler$BenchmarkTask.call;org/openjdk/jmh/runner/BenchmarkHandler$BenchmarkTask.call;java/lang/reflect/Method.invoke;jdk/internal/reflect/DelegatingMethodAccessorImpl.invoke;jdk/internal/reflect/NativeMethodAccessorImpl.invoke;jdk/internal/reflect/NativeMethodAccessorImpl.invoke0;org/apache/cassandra/test/microbench/uring/jmh_generated/UringRawReadBench_read_jmhTest.read_Throughput;org/apache/cassandra/test/microbench/uring/jmh_generated/UringRawReadBench_read_jmhTest.read_thrpt_jmhStub;org/apache/cassandra/test/microbench/uring/UringRawReadBench.read;java/util/HashMap.put;java/util/HashMap.putVal;java/util/HashMap.newNode;asm_exc_page_fault_[k];exc_page_fault_[k];do_user_addr_fault_[k];handle_mm_fault_[k];__handle_mm_fault_[k];handle_pte_fault_[k];do_anonymous_page_[k];folio_add_lru_vma_[k];folio_add_lru_[k] 1
java/lang/Thread.run;java/util/concurrent/ThreadPoolExecutor$Worker.run;java/util/concurrent/ThreadPoolExecutor.runWorker;java/util/concurrent/FutureTask.run;java/util/concurrent/Executors$RunnableAdapter.call;java/util/concurrent/FutureTask.run;org/openjdk/jmh/runner/BenchmarkHandler$BenchmarkTask.call;org/openjdk/jmh/runner/BenchmarkHandler$BenchmarkTask.call;java/lang/reflect/Method.invoke;jdk/internal/reflect/DelegatingMethodAccessorImpl.invoke;jdk/internal/reflect/NativeMethodAccessorImpl.invoke;jdk/internal/reflect/NativeMethodAccessorImpl.invoke0;org/apache/cassandra/test/microbench/uring/jmh_generated/UringRawReadBench_read_jmhTest.read_Throughput;org/apache/cassandra/test/microbench/uring/jmh_generated/UringRawReadBench_read_jmhTest.read_thrpt_jmhStub;org/apache/cassandra/test/microbench/uring/UringRawReadBench.read;org/apache/cassandra/io/uring/UringRing.submit;org/apache/cassandra/io/uring/UringRing.enter;org/apache/cassandra/io/uring/UringNative.ioUringEnter;org/apache/cassandra/io/uring/UringNative.syscall;[unknown];syscall;entry_SYSCALL_64_after_hwframe_[k];do_syscall_64_[k];x64_sys_call_[k];__x64_sys_io_uring_enter_[k];__do_sys_io_uring_enter_[k];io_submit_sqes_[k];blk_finish_plug_[k];__blk_flush_plug_[k];blk_mq_flush_plug_list_[k];blk_mq_flush_plug_list.part.0_[k];nvme_queue_rqs?[nvme]_[k];nvme_prep_rq.part.0?[nvme]_[k];blk_mq_start_request_[k];ktime_get_[k] 2
java/lang/Thread.run;java/util/concurrent/ThreadPoolExecutor$Worker.run;java/util/concurrent/ThreadPoolExecutor.runWorker;java/util/concurrent/FutureTask.run;java/util/concurrent/Executors$RunnableAdapter.call;java/util/concurrent/FutureTask.run;org/openjdk/jmh/runner/BenchmarkHandler$BenchmarkTask.call;org/openjdk/jmh/runner/BenchmarkHandler$BenchmarkTask.call;java/lang/reflect/Method.invoke;jdk/internal/reflect/DelegatingMethodAccessorImpl.invoke;jdk/internal/reflect/NativeMethodAccessorImpl.invoke;jdk/internal/reflect/NativeMethodAccessorImpl.invoke0;org/apache/cassandra/test/microbench/uring/jmh_generated/UringRawReadBench_read_jmhTest.read_Throughput;org/apache/cassandra/test/microbench/uring/jmh_generated/UringRawReadBench_read_jmhTest.read_thrpt_jmhStub;org/apache/cassandra/test/microbench/uring/UringRawReadBench.read;org/apache/cassandra/io/uring/UringRing.submit;org/apache/cassandra/io/uring/UringRing.enter;org/apache/cassandra/io/uring/UringNative.ioUringEnter;org/apache/cassandra/io/uring/UringNative.syscall;[unknown];syscall;entry_SYSCALL_64_after_hwframe_[k];do_syscall_64_[k];x64_sys_call_[k];__x64_sys_io_uring_enter_[k];__do_sys_io_uring_enter_[k];io_submit_sqes_[k];io_issue_sqe_[k];io_read_[k];__io_read_[k];ext4_file_read_iter_[k];iomap_dio_rw_[k];__iomap_dio_rw_[k];iomap_dio_bio_iter_[k];iomap_dio_alloc_bio.isra.0_[k];bio_alloc_bioset_[k];bio_associate_blkg_[k];bio_associate_blkg_from_css_[k] 5
java/lang/Thread.run;java/util/concurrent/ThreadPoolExecutor$Worker.run;java/util/concurrent/ThreadPoolExecutor.runWorker;java/util/concurrent/FutureTask.run;java/util/concurrent/Executors$RunnableAdapter.call;java/util/concurrent/FutureTask.run;org/openjdk/jmh/runner/BenchmarkHandler$BenchmarkTask.call;org/openjdk/jmh/runner/BenchmarkHandler$BenchmarkTask.call;java/lang/reflect/Method.invoke;jdk/internal/reflect/DelegatingMethodAccessorImpl.invoke;jdk/internal/reflect/NativeMethodAccessorImpl.invoke;jdk/internal/reflect/NativeMethodAccessorImpl.invoke0;org/apache/cassandra/test/microbench/uring/jmh_generated/UringRawReadBench_read_jmhTest.read_Throughput;org/apache/cassandra/test/microbench/uring/jmh_generated/UringRawReadBench_read_jmhTest.read_thrpt_jmhStub;org/apache/cassandra/test/microbench/uring/UringRawReadBench.read;org/apache/cassandra/io/uring/UringRing.submit;org/apache/cassandra/io/uring/UringRing.enter;org/apache/cassandra/io/uring/UringNative.ioUringEnter;org/apache/cassandra/io/uring/UringNative.syscall;[unknown];syscall;entry_SYSCALL_64_after_hwframe_[k];do_syscall_64_[k];x64_sys_call_[k];__x64_sys_io_uring_enter_[k];__do_sys_io_uring_enter_[k];io_submit_sqes_[k];io_issue_sqe_[k];io_read_[k];__io_read_[k];ext4_file_read_iter_[k];iomap_dio_rw_[k];__iomap_dio_rw_[k];iomap_dio_bio_iter_[k];iomap_dio_submit_bio_[k];submit_bio_[k];submit_bio_noacct_[k];submit_bio_noacct_nocheck_[k];__submit_bio_[k];blk_mq_submit_bio_[k];blk_add_rq_to_plug_[k];blk_mq_flush_plug_list.part.0_[k];nvme_queue_rqs?[nvme]_[k];nvme_prep_rq.part.0?[nvme]_[k];nvme_map_data?[nvme]_[k];dma_map_page_attrs_[k];iommu_dma_map_page_[k];__iommu_dma_map_[k];iommu_map_[k];intel_iommu_iotlb_sync_map_[k];xa_find_after_[k];xas_find_[k] 38
java/lang/Thread.run;java/util/concurrent/ThreadPoolExecutor$Worker.run;java/util/concurrent/ThreadPoolExecutor.runWorker;java/util/concurrent/FutureTask.run;java/util/concurrent/Executors$RunnableAdapter.call;java/util/concurrent/FutureTask.run;org/openjdk/jmh/runner/BenchmarkHandler$BenchmarkTask.call;org/openjdk/jmh/runner/BenchmarkHandler$BenchmarkTask.call;java/lang/reflect/Method.invoke;jdk/internal/reflect/DelegatingMethodAccessorImpl.invoke;jdk/internal/reflect/NativeMethodAccessorImpl.invoke;jdk/internal/reflect/NativeMethodAccessorImpl.invoke0;org/apache/cassandra/test/microbench/uring/jmh_generated/UringRawReadBench_read_jmhTest.read_Throughput;org/apache/cassandra/test/microbench/uring/jmh_generated/UringRawReadBench_read_jmhTest.read_thrpt_jmhStub;org/apache/cassandra/test/microbench/uring/UringRawReadBench.read;org/apache/cassandra/io/uring/UringRing.submit;org/apache/cassandra/io/uring/UringRing.enter;org/apache/cassandra/io/uring/UringNative.ioUringEnter;org/apache/cassandra/io/uring/UringNative.syscall;[unknown];syscall;entry_SYSCALL_64_after_hwframe_[k];do_syscall_64_[k];x64_sys_call_[k] 1
/usr/lib/x86_64-linux-gnu/libc.so.6;thread_native_entry(Thread*);Thread::call_run();JavaThread::thread_main_inner();CompileBroker::compiler_thread_loop();CompileBroker::invoke_compiler_on_method(CompileTask*);C2Compiler::compile_method(ciEnv*, ciMethod*, int, bool, DirectiveSet*);Compile::Compile(ciEnv*, ciMethod*, int, bool, bool, bool, bool, bool, DirectiveSet*);Compile::Optimize();PhaseIdealLoop::optimize(PhaseIterGVN&, LoopOptsMode);PhaseIdealLoop::build_and_optimize();PhaseIdealLoop::build_loop_late(VectorSet&, Node_List&, Node_Stack&);PhaseIdealLoop::get_loop(Node*) const 1
java/lang/Thread.run;java/util/concurrent/ThreadPoolExecutor$Worker.run;java/util/concurrent/ThreadPoolExecutor.runWorker;java/util/concurrent/FutureTask.run;java/util/concurrent/Executors$RunnableAdapter.call;java/util/concurrent/FutureTask.run;org/openjdk/jmh/runner/BenchmarkHandler$BenchmarkTask.call;org/openjdk/jmh/runner/BenchmarkHandler$BenchmarkTask.call;java/lang/reflect/Method.invoke;jdk/internal/reflect/DelegatingMethodAccessorImpl.invoke;jdk/internal/reflect/NativeMethodAccessorImpl.invoke;jdk/internal/reflect/NativeMethodAccessorImpl.invoke0;org/apache/cassandra/test/microbench/uring/jmh_generated/UringRawReadBench_read_jmhTest.read_Throughput;org/apache/cassandra/test/microbench/uring/jmh_generated/UringRawReadBench_read_jmhTest.read_thrpt_jmhStub;org/apache/cassandra/test/microbench/uring/UringRawReadBench.read;org/apache/cassandra/io/uring/UringRing.awaitCompletions;org/apache/cassandra/io/uring/UringRing.enter;org/apache/cassandra/io/uring/UringNative.ioUringEnter;org/apache/cassandra/io/uring/UringNative.syscall;/root/.cache/JNA/temp/jna18280739141362750566.tmp;/root/.cache/JNA/temp/jna18280739141362750566.tmp;/root/.cache/JNA/temp/jna18280739141362750566.tmp;ffi_call;/root/.cache/JNA/temp/jna18280739141362750566.tmp 12
java/lang/Thread.run;java/util/concurrent/ThreadPoolExecutor$Worker.run;java/util/concurrent/ThreadPoolExecutor.runWorker;java/util/concurrent/FutureTask.run;java/util/concurrent/Executors$RunnableAdapter.call;java/util/concurrent/FutureTask.run;org/openjdk/jmh/runner/BenchmarkHandler$BenchmarkTask.call;org/openjdk/jmh/runner/BenchmarkHandler$BenchmarkTask.call;java/lang/reflect/Method.invoke;jdk/internal/reflect/DelegatingMethodAccessorImpl.invoke;jdk/internal/reflect/NativeMethodAccessorImpl.invoke;jdk/internal/reflect/NativeMethodAccessorImpl.invoke0;org/apache/cassandra/test/microbench/uring/jmh_generated/UringRawReadBench_read_jmhTest.read_Throughput;org/apache/cassandra/test/microbench/uring/jmh_generated/UringRawReadBench_read_jmhTest.read_thrpt_jmhStub;org/apache/cassandra/test/microbench/uring/UringRawReadBench.read;org/apache/cassandra/io/uring/UringRing.submit;org/apache/cassandra/io/uring/UringRing.enter;org/apache/cassandra/io/uring/UringNative.ioUringEnter;org/apache/cassandra/io/uring/UringNative.syscall;[unknown];syscall;entry_SYSCALL_64_after_hwframe_[k];do_syscall_64_[k];x64_sys_call_[k];__x64_sys_io_uring_enter_[k];__do_sys_io_uring_enter_[k];io_submit_sqes_[k];io_issue_sqe_[k];io_read_[k];__io_read_[k];ext4_file_read_iter_[k];iomap_dio_rw_[k];__iomap_dio_rw_[k];iomap_dio_bio_iter_[k];iomap_dio_submit_bio_[k];submit_bio_[k];submit_bio_noacct_[k];submit_bio_noacct_nocheck_[k];__submit_bio_[k];blk_mq_submit_bio_[k];blk_mq_get_tag_[k] 1
java/lang/Thread.run;java/util/concurrent/ThreadPoolExecutor$Worker.run;java/util/concurrent/ThreadPoolExecutor.runWorker;java/util/concurrent/FutureTask.run;java/util/concurrent/Executors$RunnableAdapter.call;java/util/concurrent/FutureTask.run;org/openjdk/jmh/runner/BenchmarkHandler$BenchmarkTask.call;org/openjdk/jmh/runner/BenchmarkHandler$BenchmarkTask.call;java/lang/reflect/Method.invoke;jdk/internal/reflect/DelegatingMethodAccessorImpl.invoke;jdk/internal/reflect/NativeMethodAccessorImpl.invoke;jdk/internal/reflect/NativeMethodAccessorImpl.invoke0;org/apache/cassandra/test/microbench/uring/jmh_generated/UringRawReadBench_read_jmhTest.read_Throughput;org/apache/cassandra/test/microbench/uring/jmh_generated/UringRawReadBench_read_jmhTest.read_thrpt_jmhStub;org/apache/cassandra/test/microbench/uring/UringRawReadBench.read;org/apache/cassandra/io/uring/UringRing.awaitCompletions;org/apache/cassandra/io/uring/UringRing.enter;org/apache/cassandra/io/uring/UringNative.ioUringEnter;org/apache/cassandra/io/uring/UringNative.syscall;/root/.cache/JNA/temp/jna18280739141362750566.tmp;/root/.cache/JNA/temp/jna18280739141362750566.tmp;/root/.cache/JNA/temp/jna18280739141362750566.tmp;/root/.cache/JNA/temp/jna18280739141362750566.tmp 4
java/lang/Thread.run;java/util/concurrent/ThreadPoolExecutor$Worker.run;java/util/concurrent/ThreadPoolExecutor.runWorker;java/util/concurrent/FutureTask.run;java/util/concurrent/Executors$RunnableAdapter.call;java/util/concurrent/FutureTask.run;org/openjdk/jmh/runner/BenchmarkHandler$BenchmarkTask.call;org/openjdk/jmh/runner/BenchmarkHandler$BenchmarkTask.call;java/lang/reflect/Method.invoke;jdk/internal/reflect/DelegatingMethodAccessorImpl.invoke;jdk/internal/reflect/NativeMethodAccessorImpl.invoke;jdk/internal/reflect/NativeMethodAccessorImpl.invoke0;org/apache/cassandra/test/microbench/uring/jmh_generated/UringRawReadBench_read_jmhTest.read_Throughput;org/apache/cassandra/test/microbench/uring/jmh_generated/UringRawReadBench_read_jmhTest.read_thrpt_jmhStub;org/apache/cassandra/test/microbench/uring/UringRawReadBench.read;org/apache/cassandra/io/uring/UringRing.submit;org/apache/cassandra/io/uring/UringRing.enter;org/apache/cassandra/io/uring/UringNative.ioUringEnter;org/apache/cassandra/io/uring/UringNative.syscall;[unknown];syscall;entry_SYSCALL_64_after_hwframe_[k];do_syscall_64_[k];x64_sys_call_[k];__x64_sys_io_uring_enter_[k];__do_sys_io_uring_enter_[k];io_submit_sqes_[k];io_issue_sqe_[k];io_read_[k];__io_read_[k];ext4_file_read_iter_[k];iomap_dio_rw_[k];__iomap_dio_rw_[k];iomap_dio_bio_iter_[k] 17
java/lang/Thread.run;java/util/concurrent/ThreadPoolExecutor$Worker.run;java/util/concurrent/ThreadPoolExecutor.runWorker;java/util/concurrent/FutureTask.run;java/util/concurrent/Executors$RunnableAdapter.call;java/util/concurrent/FutureTask.run;org/openjdk/jmh/runner/BenchmarkHandler$BenchmarkTask.call;org/openjdk/jmh/runner/BenchmarkHandler$BenchmarkTask.call;java/lang/reflect/Method.invoke;jdk/internal/reflect/DelegatingMethodAccessorImpl.invoke;jdk/internal/reflect/NativeMethodAccessorImpl.invoke;jdk/internal/reflect/NativeMethodAccessorImpl.invoke0;org/apache/cassandra/test/microbench/uring/jmh_generated/UringRawReadBench_read_jmhTest.read_Throughput;org/apache/cassandra/test/microbench/uring/jmh_generated/UringRawReadBench_read_jmhTest.read_thrpt_jmhStub;org/apache/cassandra/test/microbench/uring/UringRawReadBench.read;org/apache/cassandra/io/uring/UringRing.submit;org/apache/cassandra/io/uring/UringRing.enter;org/apache/cassandra/io/uring/UringNative.ioUringEnter;org/apache/cassandra/io/uring/UringNative.syscall;[unknown];syscall;entry_SYSCALL_64_after_hwframe_[k];do_syscall_64_[k];x64_sys_call_[k];__x64_sys_io_uring_enter_[k];__do_sys_io_uring_enter_[k];io_submit_sqes_[k];io_issue_sqe_[k];io_read_[k];__io_read_[k];rw_verify_area_[k];security_file_permission_[k];apparmor_file_permission_[k];aa_file_perm_[k] 1
java/lang/Thread.run;java/util/concurrent/ThreadPoolExecutor$Worker.run;java/util/concurrent/ThreadPoolExecutor.runWorker;java/util/concurrent/FutureTask.run;java/util/concurrent/Executors$RunnableAdapter.call;java/util/concurrent/FutureTask.run;org/openjdk/jmh/runner/BenchmarkHandler$BenchmarkTask.call;org/openjdk/jmh/runner/BenchmarkHandler$BenchmarkTask.call;java/lang/reflect/Method.invoke;jdk/internal/reflect/DelegatingMethodAccessorImpl.invoke;jdk/internal/reflect/NativeMethodAccessorImpl.invoke;jdk/internal/reflect/NativeMethodAccessorImpl.invoke0;org/apache/cassandra/test/microbench/uring/jmh_generated/UringRawReadBench_read_jmhTest.read_Throughput;org/apache/cassandra/test/microbench/uring/jmh_generated/UringRawReadBench_read_jmhTest.read_thrpt_jmhStub;org/apache/cassandra/test/microbench/uring/UringRawReadBench.read;org/apache/cassandra/io/uring/UringRing.submit;org/apache/cassandra/io/uring/UringRing.enter;org/apache/cassandra/io/uring/UringNative.ioUringEnter;org/apache/cassandra/io/uring/UringNative.syscall;[unknown];syscall;entry_SYSCALL_64_after_hwframe_[k];do_syscall_64_[k];x64_sys_call_[k];__x64_sys_io_uring_enter_[k];__do_sys_io_uring_enter_[k];io_submit_sqes_[k];io_issue_sqe_[k];io_read_[k];__io_read_[k];ext4_file_read_iter_[k] 8
java/lang/Thread.run;java/util/concurrent/ThreadPoolExecutor$Worker.run;java/util/concurrent/ThreadPoolExecutor.runWorker;java/util/concurrent/FutureTask.run;java/util/concurrent/Executors$RunnableAdapter.call;java/util/concurrent/FutureTask.run;org/openjdk/jmh/runner/BenchmarkHandler$BenchmarkTask.call;org/openjdk/jmh/runner/BenchmarkHandler$BenchmarkTask.call;java/lang/reflect/Method.invoke;jdk/internal/reflect/DelegatingMethodAccessorImpl.invoke;jdk/internal/reflect/NativeMethodAccessorImpl.invoke;jdk/internal/reflect/NativeMethodAccessorImpl.invoke0;org/apache/cassandra/test/microbench/uring/jmh_generated/UringRawReadBench_read_jmhTest.read_Throughput;org/apache/cassandra/test/microbench/uring/jmh_generated/UringRawReadBench_read_jmhTest.read_thrpt_jmhStub;org/apache/cassandra/test/microbench/uring/UringRawReadBench.read;org/apache/cassandra/test/microbench/uring/UringRawReadBench.nextOffset;java/util/Random.nextLong;java/util/Random.next;java/util/concurrent/atomic/AtomicLong.compareAndSet 1
java/lang/Thread.run;java/util/concurrent/ThreadPoolExecutor$Worker.run;java/util/concurrent/ThreadPoolExecutor.runWorker;java/util/concurrent/FutureTask.run;java/util/concurrent/Executors$RunnableAdapter.call;java/util/concurrent/FutureTask.run;org/openjdk/jmh/runner/BenchmarkHandler$BenchmarkTask.call;org/openjdk/jmh/runner/BenchmarkHandler$BenchmarkTask.call;java/lang/reflect/Method.invoke;jdk/internal/reflect/DelegatingMethodAccessorImpl.invoke;jdk/internal/reflect/NativeMethodAccessorImpl.invoke;jdk/internal/reflect/NativeMethodAccessorImpl.invoke0;org/apache/cassandra/test/microbench/uring/jmh_generated/UringRawReadBench_read_jmhTest.read_Throughput;org/apache/cassandra/test/microbench/uring/jmh_generated/UringRawReadBench_read_jmhTest.read_thrpt_jmhStub;org/apache/cassandra/test/microbench/uring/UringRawReadBench.read;org/apache/cassandra/io/uring/UringRing.submit;org/apache/cassandra/io/uring/UringRing.enter;org/apache/cassandra/io/uring/UringNative.ioUringEnter;org/apache/cassandra/io/uring/UringNative.syscall;[unknown];syscall;entry_SYSCALL_64_after_hwframe_[k];do_syscall_64_[k];x64_sys_call_[k];__x64_sys_io_uring_enter_[k];__do_sys_io_uring_enter_[k];io_submit_sqes_[k];io_issue_sqe_[k];io_read_[k];__io_read_[k];ext4_file_read_iter_[k];iomap_dio_rw_[k];__iomap_dio_rw_[k];iomap_dio_bio_iter_[k];folio_unlock_[k] 5
java/lang/Thread.run;java/util/concurrent/ThreadPoolExecutor$Worker.run;java/util/concurrent/ThreadPoolExecutor.runWorker;java/util/concurrent/FutureTask.run;java/util/concurrent/Executors$RunnableAdapter.call;java/util/concurrent/FutureTask.run;org/openjdk/jmh/runner/BenchmarkHandler$BenchmarkTask.call;org/openjdk/jmh/runner/BenchmarkHandler$BenchmarkTask.call;java/lang/reflect/Method.invoke;jdk/internal/reflect/DelegatingMethodAccessorImpl.invoke;jdk/internal/reflect/NativeMethodAccessorImpl.invoke;jdk/internal/reflect/NativeMethodAccessorImpl.invoke0;org/apache/cassandra/test/microbench/uring/jmh_generated/UringRawReadBench_read_jmhTest.read_Throughput;org/apache/cassandra/test/microbench/uring/jmh_generated/UringRawReadBench_read_jmhTest.read_thrpt_jmhStub;org/apache/cassandra/test/microbench/uring/UringRawReadBench.read;org/apache/cassandra/io/uring/UringRing.submit;org/apache/cassandra/io/uring/UringRing.enter;org/apache/cassandra/io/uring/UringNative.ioUringEnter;org/apache/cassandra/io/uring/UringNative.syscall;[unknown];syscall;entry_SYSCALL_64_after_hwframe_[k];do_syscall_64_[k];x64_sys_call_[k];__x64_sys_io_uring_enter_[k];__do_sys_io_uring_enter_[k];io_submit_sqes_[k];io_issue_sqe_[k];io_read_[k];__io_read_[k];ext4_file_read_iter_[k];iomap_dio_rw_[k];__iomap_dio_rw_[k];iomap_dio_bio_iter_[k];iomap_dio_submit_bio_[k];submit_bio_[k];submit_bio_noacct_[k];submit_bio_noacct_nocheck_[k];__submit_bio_[k];blk_mq_submit_bio_[k];blk_add_rq_to_plug_[k];blk_mq_flush_plug_list.part.0_[k];nvme_queue_rqs?[nvme]_[k] 4
java/lang/Thread.run;java/util/concurrent/ThreadPoolExecutor$Worker.run;java/util/concurrent/ThreadPoolExecutor.runWorker;java/util/concurrent/FutureTask.run;java/util/concurrent/Executors$RunnableAdapter.call;java/util/concurrent/FutureTask.run;org/openjdk/jmh/runner/BenchmarkHandler$BenchmarkTask.call;org/openjdk/jmh/runner/BenchmarkHandler$BenchmarkTask.call;java/lang/reflect/Method.invoke;jdk/internal/reflect/DelegatingMethodAccessorImpl.invoke;jdk/internal/reflect/NativeMethodAccessorImpl.invoke;jdk/internal/reflect/NativeMethodAccessorImpl.invoke0;org/apache/cassandra/test/microbench/uring/jmh_generated/UringRawReadBench_read_jmhTest.read_Throughput;org/apache/cassandra/test/microbench/uring/jmh_generated/UringRawReadBench_read_jmhTest.read_thrpt_jmhStub;org/apache/cassandra/test/microbench/uring/UringRawReadBench.read;org/apache/cassandra/io/uring/UringRing.submit;org/apache/cassandra/io/uring/UringRing.enter;org/apache/cassandra/io/uring/UringNative.ioUringEnter;org/apache/cassandra/io/uring/UringNative.syscall;[unknown];syscall;entry_SYSCALL_64_after_hwframe_[k];do_syscall_64_[k];x64_sys_call_[k];__x64_sys_io_uring_enter_[k];__do_sys_io_uring_enter_[k];io_submit_sqes_[k];blk_finish_plug_[k];__blk_flush_plug_[k];blk_mq_flush_plug_list_[k];blk_mq_flush_plug_list.part.0_[k];nvme_queue_rqs?[nvme]_[k];nvme_prep_rq.part.0?[nvme]_[k];nvme_map_data?[nvme]_[k];dma_map_page_attrs_[k];iommu_dma_map_page_[k];__iommu_dma_map_[k];iommu_map_[k];intel_iommu_iotlb_sync_map_[k];xa_find_[k] 2
java/lang/Thread.run;java/util/concurrent/ThreadPoolExecutor$Worker.run;java/util/concurrent/ThreadPoolExecutor.runWorker;java/util/concurrent/FutureTask.run;java/util/concurrent/Executors$RunnableAdapter.call;java/util/concurrent/FutureTask.run;org/openjdk/jmh/runner/BenchmarkHandler$BenchmarkTask.call;org/openjdk/jmh/runner/BenchmarkHandler$BenchmarkTask.call;java/lang/reflect/Method.invoke;jdk/internal/reflect/DelegatingMethodAccessorImpl.invoke;jdk/internal/reflect/NativeMethodAccessorImpl.invoke;jdk/internal/reflect/NativeMethodAccessorImpl.invoke0;org/apache/cassandra/test/microbench/uring/jmh_generated/UringRawReadBench_read_jmhTest.read_Throughput;org/apache/cassandra/test/microbench/uring/jmh_generated/UringRawReadBench_read_jmhTest.read_thrpt_jmhStub;org/apache/cassandra/test/microbench/uring/UringRawReadBench.read;org/apache/cassandra/io/uring/UringRing.submit;org/apache/cassandra/io/uring/UringRing.enter;org/apache/cassandra/io/uring/UringNative.ioUringEnter;org/apache/cassandra/io/uring/UringNative.syscall;[unknown];syscall;entry_SYSCALL_64_after_hwframe_[k];do_syscall_64_[k];x64_sys_call_[k];__x64_sys_io_uring_enter_[k];__do_sys_io_uring_enter_[k];io_submit_sqes_[k];io_issue_sqe_[k];io_read_[k];__io_read_[k];ext4_file_read_iter_[k];iomap_dio_rw_[k];__iomap_dio_rw_[k];iomap_dio_bio_iter_[k];iomap_dio_submit_bio_[k];submit_bio_[k];submit_bio_noacct_[k];submit_bio_noacct_nocheck_[k];__submit_bio_[k];blk_mq_submit_bio_[k];blk_add_rq_to_plug_[k];blk_mq_flush_plug_list.part.0_[k];nvme_queue_rqs?[nvme]_[k];nvme_prep_rq.part.0?[nvme]_[k];nvme_map_data?[nvme]_[k];dma_map_page_attrs_[k];iommu_dma_map_page_[k] 3
java/lang/Thread.run;java/util/concurrent/ThreadPoolExecutor$Worker.run;java/util/concurrent/ThreadPoolExecutor.runWorker;java/util/concurrent/FutureTask.run;java/util/concurrent/Executors$RunnableAdapter.call;java/util/concurrent/FutureTask.run;org/openjdk/jmh/runner/BenchmarkHandler$BenchmarkTask.call;org/openjdk/jmh/runner/BenchmarkHandler$BenchmarkTask.call;java/lang/reflect/Method.invoke;jdk/internal/reflect/DelegatingMethodAccessorImpl.invoke;jdk/internal/reflect/NativeMethodAccessorImpl.invoke;jdk/internal/reflect/NativeMethodAccessorImpl.invoke0;org/apache/cassandra/test/microbench/uring/jmh_generated/UringRawReadBench_read_jmhTest.read_Throughput;org/apache/cassandra/test/microbench/uring/jmh_generated/UringRawReadBench_read_jmhTest.read_thrpt_jmhStub;org/apache/cassandra/test/microbench/uring/UringRawReadBench.read;org/apache/cassandra/io/uring/UringRing.submit;org/apache/cassandra/io/uring/UringRing.enter;org/apache/cassandra/io/uring/UringNative.ioUringEnter;org/apache/cassandra/io/uring/UringNative.syscall;[unknown];syscall;entry_SYSCALL_64_after_hwframe_[k];do_syscall_64_[k];x64_sys_call_[k];__x64_sys_io_uring_enter_[k];__do_sys_io_uring_enter_[k];io_submit_sqes_[k];io_issue_sqe_[k];io_read_[k];__io_read_[k];ext4_file_read_iter_[k];iomap_dio_rw_[k];__iomap_dio_rw_[k];iomap_iter_[k];ext4_iomap_begin_[k];ext4_set_iomap_[k];_raw_read_lock_[k] 1
java/lang/Thread.run;java/util/concurrent/ThreadPoolExecutor$Worker.run;java/util/concurrent/ThreadPoolExecutor.runWorker;java/util/concurrent/FutureTask.run;java/util/concurrent/Executors$RunnableAdapter.call;java/util/concurrent/FutureTask.run;org/openjdk/jmh/runner/BenchmarkHandler$BenchmarkTask.call;org/openjdk/jmh/runner/BenchmarkHandler$BenchmarkTask.call;java/lang/reflect/Method.invoke;jdk/internal/reflect/DelegatingMethodAccessorImpl.invoke;jdk/internal/reflect/NativeMethodAccessorImpl.invoke;jdk/internal/reflect/NativeMethodAccessorImpl.invoke0;org/apache/cassandra/test/microbench/uring/jmh_generated/UringRawReadBench_read_jmhTest.read_Throughput;org/apache/cassandra/test/microbench/uring/jmh_generated/UringRawReadBench_read_jmhTest.read_thrpt_jmhStub;org/apache/cassandra/test/microbench/uring/UringRawReadBench.read;org/apache/cassandra/io/uring/UringRing.submit;org/apache/cassandra/io/uring/UringRing.enter;org/apache/cassandra/io/uring/UringNative.ioUringEnter;org/apache/cassandra/io/uring/UringNative.syscall;[unknown];syscall;entry_SYSCALL_64_after_hwframe_[k];do_syscall_64_[k];x64_sys_call_[k];__x64_sys_io_uring_enter_[k];__do_sys_io_uring_enter_[k];io_submit_sqes_[k];io_issue_sqe_[k];io_read_[k];__io_read_[k];ext4_file_read_iter_[k];iomap_dio_rw_[k];__iomap_dio_rw_[k];iomap_dio_bio_iter_[k];iomap_dio_submit_bio_[k];submit_bio_[k];submit_bio_noacct_[k];submit_bio_noacct_nocheck_[k];__submit_bio_[k];blk_mq_submit_bio_[k];blk_add_rq_to_plug_[k];blk_mq_flush_plug_list.part.0_[k];nvme_queue_rqs?[nvme]_[k];nvme_prep_rq.part.0?[nvme]_[k];nvme_map_data?[nvme]_[k];dma_map_page_attrs_[k];iommu_dma_map_page_[k];__iommu_dma_map_[k];iommu_dma_alloc_iova_[k] 2
java/lang/Thread.run;java/util/concurrent/ThreadPoolExecutor$Worker.run;java/util/concurrent/ThreadPoolExecutor.runWorker;java/util/concurrent/FutureTask.run;java/util/concurrent/Executors$RunnableAdapter.call;java/util/concurrent/FutureTask.run;org/openjdk/jmh/runner/BenchmarkHandler$BenchmarkTask.call;org/openjdk/jmh/runner/BenchmarkHandler$BenchmarkTask.call;java/lang/reflect/Method.invoke;jdk/internal/reflect/DelegatingMethodAccessorImpl.invoke;jdk/internal/reflect/NativeMethodAccessorImpl.invoke;jdk/internal/reflect/NativeMethodAccessorImpl.invoke0;org/apache/cassandra/test/microbench/uring/jmh_generated/UringRawReadBench_read_jmhTest.read_Throughput;org/apache/cassandra/test/microbench/uring/jmh_generated/UringRawReadBench_read_jmhTest.read_thrpt_jmhStub;org/apache/cassandra/test/microbench/uring/UringRawReadBench.read;org/apache/cassandra/io/uring/UringRing.submit;org/apache/cassandra/io/uring/UringRing.enter;org/apache/cassandra/io/uring/UringNative.ioUringEnter;org/apache/cassandra/io/uring/UringNative.syscall;[unknown];syscall;entry_SYSCALL_64_after_hwframe_[k];do_syscall_64_[k];x64_sys_call_[k];__x64_sys_io_uring_enter_[k];__do_sys_io_uring_enter_[k];io_submit_sqes_[k];io_issue_sqe_[k];io_read_[k];__io_read_[k];ext4_file_read_iter_[k];iomap_dio_rw_[k];__iomap_dio_rw_[k];iomap_dio_bio_iter_[k];iomap_dio_submit_bio_[k];submit_bio_[k];submit_bio_noacct_[k];submit_bio_noacct_nocheck_[k];__submit_bio_[k];blk_mq_submit_bio_[k];wbt_wait_[k] 2
java/lang/Thread.run;java/util/concurrent/ThreadPoolExecutor$Worker.run;java/util/concurrent/ThreadPoolExecutor.runWorker;java/util/concurrent/FutureTask.run;java/util/concurrent/Executors$RunnableAdapter.call;java/util/concurrent/FutureTask.run;org/openjdk/jmh/runner/BenchmarkHandler$BenchmarkTask.call;org/openjdk/jmh/runner/BenchmarkHandler$BenchmarkTask.call;java/lang/reflect/Method.invoke;jdk/internal/reflect/DelegatingMethodAccessorImpl.invoke;jdk/internal/reflect/NativeMethodAccessorImpl.invoke;jdk/internal/reflect/NativeMethodAccessorImpl.invoke0;org/apache/cassandra/test/microbench/uring/jmh_generated/UringRawReadBench_read_jmhTest.read_Throughput;org/apache/cassandra/test/microbench/uring/jmh_generated/UringRawReadBench_read_jmhTest.read_thrpt_jmhStub;org/apache/cassandra/test/microbench/uring/UringRawReadBench.read;org/apache/cassandra/io/uring/UringRing.submit;org/apache/cassandra/io/uring/UringRing.enter;org/apache/cassandra/io/uring/UringNative.ioUringEnter;org/apache/cassandra/io/uring/UringNative.syscall;[unknown];syscall;entry_SYSCALL_64_after_hwframe_[k];do_syscall_64_[k];x64_sys_call_[k];__x64_sys_io_uring_enter_[k];__do_sys_io_uring_enter_[k];fget_[k] 7
java/lang/Thread.run;java/util/concurrent/ThreadPoolExecutor$Worker.run;java/util/concurrent/ThreadPoolExecutor.runWorker;java/util/concurrent/FutureTask.run;java/util/concurrent/Executors$RunnableAdapter.call;java/util/concurrent/FutureTask.run;org/openjdk/jmh/runner/BenchmarkHandler$BenchmarkTask.call;org/openjdk/jmh/runner/BenchmarkHandler$BenchmarkTask.call;java/lang/reflect/Method.invoke;jdk/internal/reflect/DelegatingMethodAccessorImpl.invoke;jdk/internal/reflect/NativeMethodAccessorImpl.invoke;jdk/internal/reflect/NativeMethodAccessorImpl.invoke0;org/apache/cassandra/test/microbench/uring/jmh_generated/UringRawReadBench_read_jmhTest.read_Throughput;org/apache/cassandra/test/microbench/uring/jmh_generated/UringRawReadBench_read_jmhTest.read_thrpt_jmhStub;org/apache/cassandra/test/microbench/uring/UringRawReadBench.read;org/apache/cassandra/io/uring/UringRing.prepareRead;org/apache/cassandra/io/uring/UringRing.enqueueSqe;sun/misc/Unsafe.setMemory;jdk/internal/misc/Unsafe.setMemory;jdk/internal/misc/Unsafe.setMemory;jdk/internal/misc/Unsafe.setMemory0;Copy::fill_to_memory_atomic(void*, unsigned long, unsigned char) 1
java/lang/Thread.run;java/util/concurrent/ThreadPoolExecutor$Worker.run;java/util/concurrent/ThreadPoolExecutor.runWorker;java/util/concurrent/FutureTask.run;java/util/concurrent/Executors$RunnableAdapter.call;java/util/concurrent/FutureTask.run;org/openjdk/jmh/runner/BenchmarkHandler$BenchmarkTask.call;org/openjdk/jmh/runner/BenchmarkHandler$BenchmarkTask.call;java/lang/reflect/Method.invoke;jdk/internal/reflect/DelegatingMethodAccessorImpl.invoke;jdk/internal/reflect/NativeMethodAccessorImpl.invoke;jdk/internal/reflect/NativeMethodAccessorImpl.invoke0;org/apache/cassandra/test/microbench/uring/jmh_generated/UringRawReadBench_read_jmhTest.read_Throughput;org/apache/cassandra/test/microbench/uring/jmh_generated/UringRawReadBench_read_jmhTest.read_thrpt_jmhStub;org/apache/cassandra/test/microbench/uring/UringRawReadBench.read;org/apache/cassandra/io/uring/UringRing.awaitCompletions;org/apache/cassandra/io/uring/UringRing.enter;org/apache/cassandra/io/uring/UringNative.ioUringEnter;org/apache/cassandra/io/uring/UringNative.syscall;[unknown];syscall;entry_SYSCALL_64_after_hwframe_[k];do_syscall_64_[k];x64_sys_call_[k];__x64_sys_io_uring_enter_[k];__do_sys_io_uring_enter_[k];io_cqring_wait_[k];schedule_[k];__schedule_[k] 1
java/lang/Thread.run;java/util/concurrent/ThreadPoolExecutor$Worker.run;java/util/concurrent/ThreadPoolExecutor.runWorker;java/util/concurrent/FutureTask.run;java/util/concurrent/Executors$RunnableAdapter.call;java/util/concurrent/FutureTask.run;org/openjdk/jmh/runner/BenchmarkHandler$BenchmarkTask.call;org/openjdk/jmh/runner/BenchmarkHandler$BenchmarkTask.call;java/lang/reflect/Method.invoke;jdk/internal/reflect/DelegatingMethodAccessorImpl.invoke;jdk/internal/reflect/NativeMethodAccessorImpl.invoke;jdk/internal/reflect/NativeMethodAccessorImpl.invoke0;org/apache/cassandra/test/microbench/uring/jmh_generated/UringRawReadBench_read_jmhTest.read_Throughput;org/apache/cassandra/test/microbench/uring/jmh_generated/UringRawReadBench_read_jmhTest.read_thrpt_jmhStub;org/apache/cassandra/test/microbench/uring/UringRawReadBench.read;org/apache/cassandra/io/uring/UringRing.awaitCompletions;org/apache/cassandra/io/uring/UringRing.enter;org/apache/cassandra/io/uring/UringNative.ioUringEnter;org/apache/cassandra/io/uring/UringNative.syscall;/root/.cache/JNA/temp/jna18280739141362750566.tmp;/root/.cache/JNA/temp/jna18280739141362750566.tmp;__errno_location@plt 1
java/lang/Thread.run;java/util/concurrent/ThreadPoolExecutor$Worker.run;java/util/concurrent/ThreadPoolExecutor.runWorker;java/util/concurrent/FutureTask.run;java/util/concurrent/Executors$RunnableAdapter.call;java/util/concurrent/FutureTask.run;org/openjdk/jmh/runner/BenchmarkHandler$BenchmarkTask.call;org/openjdk/jmh/runner/BenchmarkHandler$BenchmarkTask.call;java/lang/reflect/Method.invoke;jdk/internal/reflect/DelegatingMethodAccessorImpl.invoke;jdk/internal/reflect/NativeMethodAccessorImpl.invoke;jdk/internal/reflect/NativeMethodAccessorImpl.invoke0;org/apache/cassandra/test/microbench/uring/jmh_generated/UringRawReadBench_read_jmhTest.read_Throughput;org/apache/cassandra/test/microbench/uring/jmh_generated/UringRawReadBench_read_jmhTest.read_thrpt_jmhStub;org/apache/cassandra/test/microbench/uring/UringRawReadBench.read;org/apache/cassandra/io/uring/UringRing.awaitCompletions;org/apache/cassandra/io/uring/UringRing.enter;org/apache/cassandra/io/uring/UringNative.ioUringEnter;org/apache/cassandra/io/uring/UringNative.syscall;/root/.cache/JNA/temp/jna18280739141362750566.tmp;/root/.cache/JNA/temp/jna18280739141362750566.tmp;/usr/lib/x86_64-linux-gnu/libc.so.6 2
java/lang/Thread.run;java/util/concurrent/ThreadPoolExecutor$Worker.run;java/util/concurrent/ThreadPoolExecutor.runWorker;java/util/concurrent/FutureTask.run;java/util/concurrent/Executors$RunnableAdapter.call;java/util/concurrent/FutureTask.run;org/openjdk/jmh/runner/BenchmarkHandler$BenchmarkTask.call;org/openjdk/jmh/runner/BenchmarkHandler$BenchmarkTask.call;java/lang/reflect/Method.invoke;jdk/internal/reflect/DelegatingMethodAccessorImpl.invoke;jdk/internal/reflect/NativeMethodAccessorImpl.invoke;jdk/internal/reflect/NativeMethodAccessorImpl.invoke0;org/apache/cassandra/test/microbench/uring/jmh_generated/UringRawReadBench_read_jmhTest.read_Throughput;org/apache/cassandra/test/microbench/uring/jmh_generated/UringRawReadBench_read_jmhTest.read_thrpt_jmhStub;org/apache/cassandra/test/microbench/uring/UringRawReadBench.read;org/apache/cassandra/io/uring/UringRing.submit;org/apache/cassandra/io/uring/UringRing.enter;org/apache/cassandra/io/uring/UringNative.ioUringEnter;org/apache/cassandra/io/uring/UringNative.syscall;[unknown];syscall;entry_SYSCALL_64_after_hwframe_[k];do_syscall_64_[k];x64_sys_call_[k];__x64_sys_io_uring_enter_[k];__do_sys_io_uring_enter_[k];io_submit_sqes_[k];io_issue_sqe_[k];io_read_[k];__io_read_[k];ext4_file_read_iter_[k];iomap_dio_rw_[k];__iomap_dio_rw_[k];iomap_dio_bio_iter_[k];iomap_dio_submit_bio_[k];submit_bio_[k];submit_bio_noacct_[k];submit_bio_noacct_nocheck_[k];__submit_bio_[k];blk_mq_submit_bio_[k];wbt_track_[k] 3
java/lang/Thread.run;java/util/concurrent/ThreadPoolExecutor$Worker.run;java/util/concurrent/ThreadPoolExecutor.runWorker;java/util/concurrent/FutureTask.run;java/util/concurrent/Executors$RunnableAdapter.call;java/util/concurrent/FutureTask.run;org/openjdk/jmh/runner/BenchmarkHandler$BenchmarkTask.call;org/openjdk/jmh/runner/BenchmarkHandler$BenchmarkTask.call;java/lang/reflect/Method.invoke;jdk/internal/reflect/DelegatingMethodAccessorImpl.invoke;jdk/internal/reflect/NativeMethodAccessorImpl.invoke;jdk/internal/reflect/NativeMethodAccessorImpl.invoke0;org/apache/cassandra/test/microbench/uring/jmh_generated/UringRawReadBench_read_jmhTest.read_Throughput;org/apache/cassandra/test/microbench/uring/jmh_generated/UringRawReadBench_read_jmhTest.read_thrpt_jmhStub;org/apache/cassandra/test/microbench/uring/UringRawReadBench.read;org/apache/cassandra/io/uring/UringRing.submit;org/apache/cassandra/io/uring/UringRing.enter;org/apache/cassandra/io/uring/UringNative.ioUringEnter;org/apache/cassandra/io/uring/UringNative.syscall;/root/.cache/JNA/temp/jna18280739141362750566.tmp;/root/.cache/JNA/temp/jna18280739141362750566.tmp;/root/.cache/JNA/temp/jna18280739141362750566.tmp;JNA_set_last_error;/root/.cache/JNA/temp/jna18280739141362750566.tmp 3
java/lang/Thread.run;java/util/concurrent/ThreadPoolExecutor$Worker.run;java/util/concurrent/ThreadPoolExecutor.runWorker;java/util/concurrent/FutureTask.run;java/util/concurrent/Executors$RunnableAdapter.call;java/util/concurrent/FutureTask.run;org/openjdk/jmh/runner/BenchmarkHandler$BenchmarkTask.call;org/openjdk/jmh/runner/BenchmarkHandler$BenchmarkTask.call;java/lang/reflect/Method.invoke;jdk/internal/reflect/DelegatingMethodAccessorImpl.invoke;jdk/internal/reflect/NativeMethodAccessorImpl.invoke;jdk/internal/reflect/NativeMethodAccessorImpl.invoke0;org/apache/cassandra/test/microbench/uring/jmh_generated/UringRawReadBench_read_jmhTest.read_Throughput;org/apache/cassandra/test/microbench/uring/jmh_generated/UringRawReadBench_read_jmhTest.read_thrpt_jmhStub;org/apache/cassandra/test/microbench/uring/UringRawReadBench.read;org/apache/cassandra/io/uring/UringRing.submit;org/apache/cassandra/io/uring/UringRing.enter;org/apache/cassandra/io/uring/UringNative.ioUringEnter;org/apache/cassandra/io/uring/UringNative.syscall;[unknown];syscall;entry_SYSCALL_64_after_hwframe_[k];do_syscall_64_[k];x64_sys_call_[k];__x64_sys_io_uring_enter_[k];__do_sys_io_uring_enter_[k];io_submit_sqes_[k];io_issue_sqe_[k];io_read_[k];__io_read_[k];ext4_file_read_iter_[k];iomap_dio_rw_[k];__iomap_dio_rw_[k];iomap_dio_bio_iter_[k];iomap_dio_submit_bio_[k];submit_bio_[k];submit_bio_noacct_[k];submit_bio_noacct_nocheck_[k];__submit_bio_[k];blk_mq_submit_bio_[k];blk_add_rq_to_plug_[k];blk_mq_flush_plug_list.part.0_[k];nvme_queue_rqs?[nvme]_[k];nvme_prep_rq.part.0?[nvme]_[k];nvme_map_data?[nvme]_[k];dma_map_page_attrs_[k];iommu_dma_map_page_[k];__iommu_dma_map_[k];iommu_map_[k];__iommu_map_[k];intel_iommu_map_pages_[k];__domain_mapping_[k];clflush_cache_range_[k] 23
java/lang/Thread.run;java/util/concurrent/ThreadPoolExecutor$Worker.run;java/util/concurrent/ThreadPoolExecutor.runWorker;java/util/concurrent/FutureTask.run;java/util/concurrent/Executors$RunnableAdapter.call;java/util/concurrent/FutureTask.run;org/openjdk/jmh/runner/BenchmarkHandler$BenchmarkTask.call;org/openjdk/jmh/runner/BenchmarkHandler$BenchmarkTask.call;java/lang/reflect/Method.invoke;jdk/internal/reflect/DelegatingMethodAccessorImpl.invoke;jdk/internal/reflect/NativeMethodAccessorImpl.invoke;jdk/internal/reflect/NativeMethodAccessorImpl.invoke0;org/apache/cassandra/test/microbench/uring/jmh_generated/UringRawReadBench_read_jmhTest.read_Throughput;org/apache/cassandra/test/microbench/uring/jmh_generated/UringRawReadBench_read_jmhTest.read_thrpt_jmhStub;org/apache/cassandra/test/microbench/uring/UringRawReadBench.read;org/apache/cassandra/io/uring/UringRing.submit;org/apache/cassandra/io/uring/UringRing.enter;org/apache/cassandra/io/uring/UringNative.ioUringEnter;org/apache/cassandra/io/uring/UringNative.syscall;[unknown];syscall;entry_SYSCALL_64_after_hwframe_[k];do_syscall_64_[k];x64_sys_call_[k];__x64_sys_io_uring_enter_[k];__do_sys_io_uring_enter_[k];io_submit_sqes_[k];io_issue_sqe_[k];io_read_[k];__io_read_[k];ext4_file_read_iter_[k];iomap_dio_rw_[k];__iomap_dio_rw_[k];iomap_dio_bio_iter_[k];bio_first_folio_[k] 1
java/lang/Thread.run;java/util/concurrent/ThreadPoolExecutor$Worker.run;java/util/concurrent/ThreadPoolExecutor.runWorker;java/util/concurrent/FutureTask.run;java/util/concurrent/Executors$RunnableAdapter.call;java/util/concurrent/FutureTask.run;org/openjdk/jmh/runner/BenchmarkHandler$BenchmarkTask.call;org/openjdk/jmh/runner/BenchmarkHandler$BenchmarkTask.call;java/lang/reflect/Method.invoke;jdk/internal/reflect/DelegatingMethodAccessorImpl.invoke;jdk/internal/reflect/NativeMethodAccessorImpl.invoke;jdk/internal/reflect/NativeMethodAccessorImpl.invoke0;org/apache/cassandra/test/microbench/uring/jmh_generated/UringRawReadBench_read_jmhTest.read_Throughput;org/apache/cassandra/test/microbench/uring/jmh_generated/UringRawReadBench_read_jmhTest.read_thrpt_jmhStub;org/apache/cassandra/test/microbench/uring/UringRawReadBench.read;org/apache/cassandra/io/uring/UringRing.submit;org/apache/cassandra/io/uring/UringRing.enter;org/apache/cassandra/io/uring/UringNative.ioUringEnter;org/apache/cassandra/io/uring/UringNative.syscall;[unknown];syscall;entry_SYSCALL_64_after_hwframe_[k];do_syscall_64_[k];x64_sys_call_[k];__x64_sys_io_uring_enter_[k];__do_sys_io_uring_enter_[k];io_submit_sqes_[k];io_issue_sqe_[k];io_read_[k];__io_read_[k];ext4_file_read_iter_[k];iomap_dio_rw_[k];__iomap_dio_rw_[k];iomap_dio_bio_iter_[k];iomap_dio_submit_bio_[k];submit_bio_[k];submit_bio_noacct_[k];submit_bio_noacct_nocheck_[k];__submit_bio_[k];blk_mq_submit_bio_[k];__rq_qos_throttle_[k];wbt_wait_[k];bio_to_wbt_flags_[k] 3
java/lang/Thread.run;java/util/concurrent/ThreadPoolExecutor$Worker.run;java/util/concurrent/ThreadPoolExecutor.runWorker;java/util/concurrent/FutureTask.run;java/util/concurrent/Executors$RunnableAdapter.call;java/util/concurrent/FutureTask.run;org/openjdk/jmh/runner/BenchmarkHandler$BenchmarkTask.call;org/openjdk/jmh/runner/BenchmarkHandler$BenchmarkTask.call;java/lang/reflect/Method.invoke;jdk/internal/reflect/DelegatingMethodAccessorImpl.invoke;jdk/internal/reflect/NativeMethodAccessorImpl.invoke;jdk/internal/reflect/NativeMethodAccessorImpl.invoke0;org/apache/cassandra/test/microbench/uring/jmh_generated/UringRawReadBench_read_jmhTest.read_Throughput;org/apache/cassandra/test/microbench/uring/jmh_generated/UringRawReadBench_read_jmhTest.read_thrpt_jmhStub;org/apache/cassandra/test/microbench/uring/UringRawReadBench.read;org/apache/cassandra/io/uring/UringRing.submit;org/apache/cassandra/io/uring/UringRing.enter;org/apache/cassandra/io/uring/UringNative.ioUringEnter;org/apache/cassandra/io/uring/UringNative.syscall;[unknown];syscall;entry_SYSCALL_64_after_hwframe_[k];do_syscall_64_[k];x64_sys_call_[k];__x64_sys_io_uring_enter_[k];__do_sys_io_uring_enter_[k];io_submit_sqes_[k];io_issue_sqe_[k];io_read_[k];__io_read_[k];down_read_trylock_[k] 1
java/lang/Thread.run;java/util/concurrent/ThreadPoolExecutor$Worker.run;java/util/concurrent/ThreadPoolExecutor.runWorker;java/util/concurrent/FutureTask.run;java/util/concurrent/Executors$RunnableAdapter.call;java/util/concurrent/FutureTask.run;org/openjdk/jmh/runner/BenchmarkHandler$BenchmarkTask.call;org/openjdk/jmh/runner/BenchmarkHandler$BenchmarkTask.call;java/lang/reflect/Method.invoke;jdk/internal/reflect/DelegatingMethodAccessorImpl.invoke;jdk/internal/reflect/NativeMethodAccessorImpl.invoke;jdk/internal/reflect/NativeMethodAccessorImpl.invoke0;org/apache/cassandra/test/microbench/uring/jmh_generated/UringRawReadBench_read_jmhTest.read_Throughput;org/apache/cassandra/test/microbench/uring/jmh_generated/UringRawReadBench_read_jmhTest.read_thrpt_jmhStub;org/apache/cassandra/test/microbench/uring/UringRawReadBench.read;org/apache/cassandra/io/uring/UringRing.submit;org/apache/cassandra/io/uring/UringRing.enter;org/apache/cassandra/io/uring/UringNative.ioUringEnter;org/apache/cassandra/io/uring/UringNative.syscall;[unknown];syscall;entry_SYSCALL_64_after_hwframe_[k];do_syscall_64_[k];x64_sys_call_[k];__x64_sys_io_uring_enter_[k];__do_sys_io_uring_enter_[k];io_submit_sqes_[k];io_issue_sqe_[k];io_read_[k];__io_read_[k];ext4_file_read_iter_[k];iomap_dio_rw_[k];__iomap_dio_rw_[k];iomap_dio_bio_iter_[k];iomap_dio_submit_bio_[k];submit_bio_[k];submit_bio_noacct_[k];submit_bio_noacct_nocheck_[k];__submit_bio_[k];blk_mq_submit_bio_[k];blk_add_rq_to_plug_[k];blk_mq_flush_plug_list.part.0_[k];nvme_queue_rqs?[nvme]_[k];nvme_prep_rq.part.0?[nvme]_[k];dma_map_page_attrs_[k] 3
java/lang/Thread.run;java/util/concurrent/ThreadPoolExecutor$Worker.run;java/util/concurrent/ThreadPoolExecutor.runWorker;java/util/concurrent/FutureTask.run;java/util/concurrent/Executors$RunnableAdapter.call;java/util/concurrent/FutureTask.run;org/openjdk/jmh/runner/BenchmarkHandler$BenchmarkTask.call;org/openjdk/jmh/runner/BenchmarkHandler$BenchmarkTask.call;java/lang/reflect/Method.invoke;jdk/internal/reflect/DelegatingMethodAccessorImpl.invoke;jdk/internal/reflect/NativeMethodAccessorImpl.invoke;jdk/internal/reflect/NativeMethodAccessorImpl.invoke0;org/apache/cassandra/test/microbench/uring/jmh_generated/UringRawReadBench_read_jmhTest.read_Throughput;org/apache/cassandra/test/microbench/uring/jmh_generated/UringRawReadBench_read_jmhTest.read_thrpt_jmhStub;org/apache/cassandra/test/microbench/uring/UringRawReadBench.read;org/apache/cassandra/io/uring/UringRing.submit;org/apache/cassandra/io/uring/UringRing.enter;org/apache/cassandra/io/uring/UringNative.ioUringEnter;org/apache/cassandra/io/uring/UringNative.syscall;[unknown];syscall;entry_SYSCALL_64_after_hwframe_[k];do_syscall_64_[k];x64_sys_call_[k];__x64_sys_io_uring_enter_[k];__do_sys_io_uring_enter_[k];io_submit_sqes_[k];io_issue_sqe_[k];io_read_[k];__io_read_[k];ext4_file_read_iter_[k];iomap_dio_rw_[k];__iomap_dio_rw_[k];iomap_iter_advance_[k] 8
java/lang/Thread.run;java/util/concurrent/ThreadPoolExecutor$Worker.run;java/util/concurrent/ThreadPoolExecutor.runWorker;java/util/concurrent/FutureTask.run;java/util/concurrent/Executors$RunnableAdapter.call;java/util/concurrent/FutureTask.run;org/openjdk/jmh/runner/BenchmarkHandler$BenchmarkTask.call;org/openjdk/jmh/runner/BenchmarkHandler$BenchmarkTask.call;java/lang/reflect/Method.invoke;jdk/internal/reflect/DelegatingMethodAccessorImpl.invoke;jdk/internal/reflect/NativeMethodAccessorImpl.invoke;jdk/internal/reflect/NativeMethodAccessorImpl.invoke0;org/apache/cassandra/test/microbench/uring/jmh_generated/UringRawReadBench_read_jmhTest.read_Throughput;org/apache/cassandra/test/microbench/uring/jmh_generated/UringRawReadBench_read_jmhTest.read_thrpt_jmhStub;org/apache/cassandra/test/microbench/uring/UringRawReadBench.read;org/apache/cassandra/io/uring/UringRing.submit;org/apache/cassandra/io/uring/UringRing.enter;org/apache/cassandra/io/uring/UringNative.ioUringEnter;org/apache/cassandra/io/uring/UringNative.syscall;[unknown];syscall;entry_SYSCALL_64_after_hwframe_[k];do_syscall_64_[k];x64_sys_call_[k];__x64_sys_io_uring_enter_[k];__do_sys_io_uring_enter_[k];io_submit_sqes_[k];io_issue_sqe_[k];io_read_[k];__io_read_[k];ext4_file_read_iter_[k];iomap_dio_rw_[k];__iomap_dio_rw_[k];iomap_dio_bio_iter_[k];iomap_dio_submit_bio_[k];submit_bio_[k] 1
java/lang/Thread.run;java/util/concurrent/ThreadPoolExecutor$Worker.run;java/util/concurrent/ThreadPoolExecutor.runWorker;java/util/concurrent/FutureTask.run;java/util/concurrent/Executors$RunnableAdapter.call;java/util/concurrent/FutureTask.run;org/openjdk/jmh/runner/BenchmarkHandler$BenchmarkTask.call;org/openjdk/jmh/runner/BenchmarkHandler$BenchmarkTask.call;java/lang/reflect/Method.invoke;jdk/internal/reflect/DelegatingMethodAccessorImpl.invoke;jdk/internal/reflect/NativeMethodAccessorImpl.invoke;jdk/internal/reflect/NativeMethodAccessorImpl.invoke0;org/apache/cassandra/test/microbench/uring/jmh_generated/UringRawReadBench_read_jmhTest.read_Throughput;org/apache/cassandra/test/microbench/uring/jmh_generated/UringRawReadBench_read_jmhTest.read_thrpt_jmhStub;org/apache/cassandra/test/microbench/uring/UringRawReadBench.read;org/apache/cassandra/io/uring/UringRing.submit;org/apache/cassandra/io/uring/UringRing.enter;org/apache/cassandra/io/uring/UringNative.ioUringEnter;org/apache/cassandra/io/uring/UringNative.syscall;[unknown];syscall;entry_SYSCALL_64_after_hwframe_[k];do_syscall_64_[k];x64_sys_call_[k];__x64_sys_io_uring_enter_[k];__do_sys_io_uring_enter_[k];io_submit_sqes_[k];io_issue_sqe_[k];io_read_[k];__io_read_[k];ext4_file_read_iter_[k];iomap_dio_rw_[k];__iomap_dio_rw_[k];iomap_dio_bio_iter_[k];iomap_dio_submit_bio_[k];submit_bio_[k];submit_bio_noacct_[k];submit_bio_noacct_nocheck_[k];__submit_bio_[k];blk_mq_submit_bio_[k];__blk_mq_alloc_requests_[k];blk_mq_get_tag_[k];__blk_mq_get_tag_[k];__sbitmap_queue_get_[k];sbitmap_get_[k];sbitmap_find_bit_[k] 5
java/lang/Thread.run;java/util/concurrent/ThreadPoolExecutor$Worker.run;java/util/concurrent/ThreadPoolExecutor.runWorker;java/util/concurrent/FutureTask.run;java/util/concurrent/Executors$RunnableAdapter.call;java/util/concurrent/FutureTask.run;org/openjdk/jmh/runner/BenchmarkHandler$BenchmarkTask.call;org/openjdk/jmh/runner/BenchmarkHandler$BenchmarkTask.call;java/lang/reflect/Method.invoke;jdk/internal/reflect/DelegatingMethodAccessorImpl.invoke;jdk/internal/reflect/NativeMethodAccessorImpl.invoke;jdk/internal/reflect/NativeMethodAccessorImpl.invoke0;org/apache/cassandra/test/microbench/uring/jmh_generated/UringRawReadBench_read_jmhTest.read_Throughput;org/apache/cassandra/test/microbench/uring/jmh_generated/UringRawReadBench_read_jmhTest.read_thrpt_jmhStub;org/apache/cassandra/test/microbench/uring/UringRawReadBench.read;org/apache/cassandra/io/uring/UringRing.awaitCompletions;org/apache/cassandra/io/uring/UringRing.drainCompletions;org/apache/cassandra/io/uring/UringRing.complete;org/apache/cassandra/test/microbench/uring/UringRawReadBench$$Lambda$253.0x000071a1d0140e70.onComplete;org/apache/cassandra/test/microbench/uring/UringRawReadBench.lambda$read$0 16
java/lang/Thread.run;java/util/concurrent/ThreadPoolExecutor$Worker.run;java/util/concurrent/ThreadPoolExecutor.runWorker;java/util/concurrent/FutureTask.run;java/util/concurrent/Executors$RunnableAdapter.call;java/util/concurrent/FutureTask.run;org/openjdk/jmh/runner/BenchmarkHandler$BenchmarkTask.call;org/openjdk/jmh/runner/BenchmarkHandler$BenchmarkTask.call;java/lang/reflect/Method.invoke;jdk/internal/reflect/DelegatingMethodAccessorImpl.invoke;jdk/internal/reflect/NativeMethodAccessorImpl.invoke;jdk/internal/reflect/NativeMethodAccessorImpl.invoke0;org/apache/cassandra/test/microbench/uring/jmh_generated/UringRawReadBench_read_jmhTest.read_Throughput;org/apache/cassandra/test/microbench/uring/jmh_generated/UringRawReadBench_read_jmhTest.read_thrpt_jmhStub;org/apache/cassandra/test/microbench/uring/UringRawReadBench.read;org/apache/cassandra/io/uring/UringRing.submit;org/apache/cassandra/io/uring/UringRing.enter;org/apache/cassandra/io/uring/UringNative.ioUringEnter;org/apache/cassandra/io/uring/UringNative.syscall;[unknown];syscall;entry_SYSCALL_64_after_hwframe_[k];do_syscall_64_[k];x64_sys_call_[k];__x64_sys_io_uring_enter_[k];__do_sys_io_uring_enter_[k];io_submit_sqes_[k];blk_finish_plug_[k];__blk_flush_plug_[k];blk_mq_flush_plug_list_[k];blk_mq_flush_plug_list.part.0_[k];nvme_queue_rqs?[nvme]_[k];nvme_prep_rq.part.0?[nvme]_[k];nvme_map_data?[nvme]_[k];dma_map_page_attrs_[k];iommu_dma_map_page_[k];__iommu_dma_map_[k];iommu_map_[k];xa_find_after_[k] 1
java/lang/Thread.run;java/util/concurrent/ThreadPoolExecutor$Worker.run;java/util/concurrent/ThreadPoolExecutor.runWorker;java/util/concurrent/FutureTask.run;java/util/concurrent/Executors$RunnableAdapter.call;java/util/concurrent/FutureTask.run;org/openjdk/jmh/runner/BenchmarkHandler$BenchmarkTask.call;org/openjdk/jmh/runner/BenchmarkHandler$BenchmarkTask.call;java/lang/reflect/Method.invoke;jdk/internal/reflect/DelegatingMethodAccessorImpl.invoke;jdk/internal/reflect/NativeMethodAccessorImpl.invoke;jdk/internal/reflect/NativeMethodAccessorImpl.invoke0;org/apache/cassandra/test/microbench/uring/jmh_generated/UringRawReadBench_read_jmhTest.read_Throughput;org/apache/cassandra/test/microbench/uring/jmh_generated/UringRawReadBench_read_jmhTest.read_thrpt_jmhStub;org/apache/cassandra/test/microbench/uring/UringRawReadBench.read;org/apache/cassandra/io/uring/UringRing.submit;org/apache/cassandra/io/uring/UringRing.enter;org/apache/cassandra/io/uring/UringNative.ioUringEnter;org/apache/cassandra/io/uring/UringNative.syscall;[unknown];syscall;entry_SYSCALL_64_after_hwframe_[k];do_syscall_64_[k];x64_sys_call_[k];__x64_sys_io_uring_enter_[k];__do_sys_io_uring_enter_[k];io_submit_sqes_[k];blk_finish_plug_[k];__blk_flush_plug_[k];blk_mq_flush_plug_list_[k];blk_mq_flush_plug_list.part.0_[k];nvme_queue_rqs?[nvme]_[k];nvme_prep_rq.part.0?[nvme]_[k];nvme_map_data?[nvme]_[k];dma_map_page_attrs_[k];iommu_dma_map_page_[k];__iommu_dma_map_[k];iommu_map_[k];intel_iommu_iotlb_sync_map_[k];xa_find_after_[k];xas_find_[k];xas_move_index_[k] 34
java/lang/Thread.run;java/util/concurrent/ThreadPoolExecutor$Worker.run;java/util/concurrent/ThreadPoolExecutor.runWorker;java/util/concurrent/FutureTask.run;java/util/concurrent/Executors$RunnableAdapter.call;java/util/concurrent/FutureTask.run;org/openjdk/jmh/runner/BenchmarkHandler$BenchmarkTask.call;org/openjdk/jmh/runner/BenchmarkHandler$BenchmarkTask.call;java/lang/reflect/Method.invoke;jdk/internal/reflect/DelegatingMethodAccessorImpl.invoke;jdk/internal/reflect/NativeMethodAccessorImpl.invoke;jdk/internal/reflect/NativeMethodAccessorImpl.invoke0;org/apache/cassandra/test/microbench/uring/jmh_generated/UringRawReadBench_read_jmhTest.read_Throughput;org/apache/cassandra/test/microbench/uring/jmh_generated/UringRawReadBench_read_jmhTest.read_thrpt_jmhStub;org/apache/cassandra/test/microbench/uring/UringRawReadBench.read;org/apache/cassandra/io/uring/UringRing.submit;org/apache/cassandra/io/uring/UringRing.enter;org/apache/cassandra/io/uring/UringNative.ioUringEnter;org/apache/cassandra/io/uring/UringNative.syscall;[unknown];syscall;entry_SYSCALL_64_after_hwframe_[k];do_syscall_64_[k];x64_sys_call_[k];__x64_sys_io_uring_enter_[k];__do_sys_io_uring_enter_[k];io_submit_sqes_[k];blk_finish_plug_[k];__blk_flush_plug_[k];blk_mq_flush_plug_list_[k];blk_mq_flush_plug_list.part.0_[k];nvme_queue_rqs?[nvme]_[k];nvme_prep_rq.part.0?[nvme]_[k];nvme_map_data?[nvme]_[k];dma_map_page_attrs_[k];iommu_dma_map_page_[k];__iommu_dma_map_[k];iommu_map_[k];intel_iommu_iotlb_sync_map_[k];xa_find_after_[k];xas_move_index_[k] 11
java/lang/Thread.run;java/util/concurrent/ThreadPoolExecutor$Worker.run;java/util/concurrent/ThreadPoolExecutor.runWorker;java/util/concurrent/FutureTask.run;java/util/concurrent/Executors$RunnableAdapter.call;java/util/concurrent/FutureTask.run;org/openjdk/jmh/runner/BenchmarkHandler$BenchmarkTask.call;org/openjdk/jmh/runner/BenchmarkHandler$BenchmarkTask.call;java/lang/reflect/Method.invoke;jdk/internal/reflect/DelegatingMethodAccessorImpl.invoke;jdk/internal/reflect/NativeMethodAccessorImpl.invoke;jdk/internal/reflect/NativeMethodAccessorImpl.invoke0;org/apache/cassandra/test/microbench/uring/jmh_generated/UringRawReadBench_read_jmhTest.read_Throughput;org/apache/cassandra/test/microbench/uring/jmh_generated/UringRawReadBench_read_jmhTest.read_thrpt_jmhStub;org/apache/cassandra/test/microbench/uring/UringRawReadBench.read;org/apache/cassandra/io/uring/UringRing.submit;org/apache/cassandra/io/uring/UringRing.enter;org/apache/cassandra/io/uring/UringNative.ioUringEnter;org/apache/cassandra/io/uring/UringNative.syscall;[unknown];syscall;entry_SYSCALL_64_after_hwframe_[k];do_syscall_64_[k];x64_sys_call_[k];__x64_sys_io_uring_enter_[k];__do_sys_io_uring_enter_[k];io_submit_sqes_[k];io_issue_sqe_[k];io_read_[k];__io_read_[k];ext4_file_read_iter_[k];iomap_dio_rw_[k];iomap_dio_bio_iter_[k] 1
java/lang/Thread.run;java/util/concurrent/ThreadPoolExecutor$Worker.run;java/util/concurrent/ThreadPoolExecutor.runWorker;java/util/concurrent/FutureTask.run;java/util/concurrent/Executors$RunnableAdapter.call;java/util/concurrent/FutureTask.run;org/openjdk/jmh/runner/BenchmarkHandler$BenchmarkTask.call;org/openjdk/jmh/runner/BenchmarkHandler$BenchmarkTask.call;java/lang/reflect/Method.invoke;jdk/internal/reflect/DelegatingMethodAccessorImpl.invoke;jdk/internal/reflect/NativeMethodAccessorImpl.invoke;jdk/internal/reflect/NativeMethodAccessorImpl.invoke0;org/apache/cassandra/test/microbench/uring/jmh_generated/UringRawReadBench_read_jmhTest.read_Throughput;org/apache/cassandra/test/microbench/uring/jmh_generated/UringRawReadBench_read_jmhTest.read_thrpt_jmhStub;org/apache/cassandra/test/microbench/uring/UringRawReadBench.read;org/apache/cassandra/io/uring/UringRing.submit;org/apache/cassandra/io/uring/UringRing.enter;org/apache/cassandra/io/uring/UringNative.ioUringEnter;org/apache/cassandra/io/uring/UringNative.syscall;/root/.cache/JNA/temp/jna18280739141362750566.tmp;/root/.cache/JNA/temp/jna18280739141362750566.tmp;/root/.cache/JNA/temp/jna18280739141362750566.tmp;ffi_call;/root/.cache/JNA/temp/jna18280739141362750566.tmp;/root/.cache/JNA/temp/jna18280739141362750566.tmp 18
java/lang/Thread.run;java/util/concurrent/ThreadPoolExecutor$Worker.run;java/util/concurrent/ThreadPoolExecutor.runWorker;java/util/concurrent/FutureTask.run;java/util/concurrent/Executors$RunnableAdapter.call;java/util/concurrent/FutureTask.run;org/openjdk/jmh/runner/BenchmarkHandler$BenchmarkTask.call;org/openjdk/jmh/runner/BenchmarkHandler$BenchmarkTask.call;java/lang/reflect/Method.invoke;jdk/internal/reflect/DelegatingMethodAccessorImpl.invoke;jdk/internal/reflect/NativeMethodAccessorImpl.invoke;jdk/internal/reflect/NativeMethodAccessorImpl.invoke0;org/apache/cassandra/test/microbench/uring/jmh_generated/UringRawReadBench_read_jmhTest.read_Throughput;org/apache/cassandra/test/microbench/uring/jmh_generated/UringRawReadBench_read_jmhTest.read_thrpt_jmhStub;org/apache/cassandra/test/microbench/uring/UringRawReadBench.read;org/apache/cassandra/io/uring/UringRing.submit;org/apache/cassandra/io/uring/UringRing.enter;org/apache/cassandra/io/uring/UringNative.ioUringEnter;org/apache/cassandra/io/uring/UringNative.syscall;[unknown];syscall;entry_SYSCALL_64_after_hwframe_[k];do_syscall_64_[k];x64_sys_call_[k];__x64_sys_io_uring_enter_[k];__do_sys_io_uring_enter_[k];io_submit_sqes_[k];blk_finish_plug_[k];__blk_flush_plug_[k];blk_mq_flush_plug_list_[k];blk_mq_flush_plug_list.part.0_[k];nvme_queue_rqs?[nvme]_[k];nvme_prep_rq.part.0?[nvme]_[k];nvme_map_data?[nvme]_[k];dma_map_page_attrs_[k];iommu_dma_map_page_[k];__iommu_dma_map_[k];iommu_map_[k];__iommu_map_[k];intel_iommu_map_pages_[k];__domain_mapping_[k];clflush_cache_range_[k] 17
java/lang/Thread.run;java/util/concurrent/ThreadPoolExecutor$Worker.run;java/util/concurrent/ThreadPoolExecutor.runWorker;java/util/concurrent/FutureTask.run;java/util/concurrent/Executors$RunnableAdapter.call;java/util/concurrent/FutureTask.run;org/openjdk/jmh/runner/BenchmarkHandler$BenchmarkTask.call;org/openjdk/jmh/runner/BenchmarkHandler$BenchmarkTask.call;java/lang/reflect/Method.invoke;jdk/internal/reflect/DelegatingMethodAccessorImpl.invoke;jdk/internal/reflect/NativeMethodAccessorImpl.invoke;jdk/internal/reflect/NativeMethodAccessorImpl.invoke0;org/apache/cassandra/test/microbench/uring/jmh_generated/UringRawReadBench_read_jmhTest.read_Throughput;org/apache/cassandra/test/microbench/uring/jmh_generated/UringRawReadBench_read_jmhTest.read_thrpt_jmhStub;org/apache/cassandra/test/microbench/uring/UringRawReadBench.read;org/apache/cassandra/io/uring/UringRing.awaitCompletions;org/apache/cassandra/io/uring/UringRing.enter;org/apache/cassandra/io/uring/UringNative.ioUringEnter;org/apache/cassandra/io/uring/UringNative.syscall;[unknown];/root/.cache/JNA/temp/jna18280739141362750566.tmp 2
java/lang/Thread.run;java/util/concurrent/ThreadPoolExecutor$Worker.run;java/util/concurrent/ThreadPoolExecutor.runWorker;java/util/concurrent/FutureTask.run;java/util/concurrent/Executors$RunnableAdapter.call;java/util/concurrent/FutureTask.run;org/openjdk/jmh/runner/BenchmarkHandler$BenchmarkTask.call;org/openjdk/jmh/runner/BenchmarkHandler$BenchmarkTask.call;java/lang/reflect/Method.invoke;jdk/internal/reflect/DelegatingMethodAccessorImpl.invoke;jdk/internal/reflect/NativeMethodAccessorImpl.invoke;jdk/internal/reflect/NativeMethodAccessorImpl.invoke0;org/apache/cassandra/test/microbench/uring/jmh_generated/UringRawReadBench_read_jmhTest.read_Throughput;org/apache/cassandra/test/microbench/uring/jmh_generated/UringRawReadBench_read_jmhTest.read_thrpt_jmhStub;org/apache/cassandra/test/microbench/uring/UringRawReadBench.read;org/apache/cassandra/io/uring/UringRing.submit;org/apache/cassandra/io/uring/UringRing.enter;org/apache/cassandra/io/uring/UringNative.ioUringEnter;org/apache/cassandra/io/uring/UringNative.syscall;[unknown];syscall;entry_SYSCALL_64_after_hwframe_[k];do_syscall_64_[k];x64_sys_call_[k];__x64_sys_io_uring_enter_[k];__do_sys_io_uring_enter_[k];io_submit_sqes_[k];io_issue_sqe_[k];io_read_[k];__io_read_[k];ext4_file_read_iter_[k];iomap_dio_rw_[k];__iomap_dio_rw_[k];iomap_iter_[k];ext4_iomap_begin_[k] 4
java/lang/Thread.run;java/util/concurrent/ThreadPoolExecutor$Worker.run;java/util/concurrent/ThreadPoolExecutor.runWorker;java/util/concurrent/FutureTask.run;java/util/concurrent/Executors$RunnableAdapter.call;java/util/concurrent/FutureTask.run;org/openjdk/jmh/runner/BenchmarkHandler$BenchmarkTask.call;org/openjdk/jmh/runner/BenchmarkHandler$BenchmarkTask.call;java/lang/reflect/Method.invoke;jdk/internal/reflect/DelegatingMethodAccessorImpl.invoke;jdk/internal/reflect/NativeMethodAccessorImpl.invoke;jdk/internal/reflect/NativeMethodAccessorImpl.invoke0;org/apache/cassandra/test/microbench/uring/jmh_generated/UringRawReadBench_read_jmhTest.read_Throughput;org/apache/cassandra/test/microbench/uring/jmh_generated/UringRawReadBench_read_jmhTest.read_thrpt_jmhStub;org/apache/cassandra/test/microbench/uring/UringRawReadBench.read;org/apache/cassandra/io/uring/UringRing.submit;org/apache/cassandra/io/uring/UringRing.enter;org/apache/cassandra/io/uring/UringNative.ioUringEnter;org/apache/cassandra/io/uring/UringNative.syscall;[unknown];syscall;entry_SYSCALL_64_after_hwframe_[k];do_syscall_64_[k];x64_sys_call_[k];__x64_sys_io_uring_enter_[k];__do_sys_io_uring_enter_[k];io_submit_sqes_[k];blk_finish_plug_[k];__blk_flush_plug_[k];blk_mq_flush_plug_list_[k];blk_mq_flush_plug_list.part.0_[k];nvme_queue_rqs?[nvme]_[k] 3
java/lang/Thread.run;java/util/concurrent/ThreadPoolExecutor$Worker.run;java/util/concurrent/ThreadPoolExecutor.runWorker;java/util/concurrent/FutureTask.run;java/util/concurrent/Executors$RunnableAdapter.call;java/util/concurrent/FutureTask.run;org/openjdk/jmh/runner/BenchmarkHandler$BenchmarkTask.call;org/openjdk/jmh/runner/BenchmarkHandler$BenchmarkTask.call;java/lang/reflect/Method.invoke;jdk/internal/reflect/DelegatingMethodAccessorImpl.invoke;jdk/internal/reflect/NativeMethodAccessorImpl.invoke;jdk/internal/reflect/NativeMethodAccessorImpl.invoke0;org/apache/cassandra/test/microbench/uring/jmh_generated/UringRawReadBench_read_jmhTest.read_Throughput;org/apache/cassandra/test/microbench/uring/jmh_generated/UringRawReadBench_read_jmhTest.read_thrpt_jmhStub;org/apache/cassandra/test/microbench/uring/UringRawReadBench.read;org/apache/cassandra/io/uring/UringRing.awaitCompletions;org/apache/cassandra/io/uring/UringRing.enter;org/apache/cassandra/io/uring/UringNative.ioUringEnter;org/apache/cassandra/io/uring/UringNative.syscall;[unknown];syscall;entry_SYSCALL_64_after_hwframe_[k];do_syscall_64_[k];x64_sys_call_[k];__x64_sys_io_uring_enter_[k];__do_sys_io_uring_enter_[k];io_cqring_wait_[k];io_run_task_work_[k] 1
java/lang/Thread.run;java/util/concurrent/ThreadPoolExecutor$Worker.run;java/util/concurrent/ThreadPoolExecutor.runWorker;java/util/concurrent/FutureTask.run;java/util/concurrent/Executors$RunnableAdapter.call;java/util/concurrent/FutureTask.run;org/openjdk/jmh/runner/BenchmarkHandler$BenchmarkTask.call;org/openjdk/jmh/runner/BenchmarkHandler$BenchmarkTask.call;java/lang/reflect/Method.invoke;jdk/internal/reflect/DelegatingMethodAccessorImpl.invoke;jdk/internal/reflect/NativeMethodAccessorImpl.invoke;jdk/internal/reflect/NativeMethodAccessorImpl.invoke0;org/apache/cassandra/test/microbench/uring/jmh_generated/UringRawReadBench_read_jmhTest.read_Throughput;org/apache/cassandra/test/microbench/uring/jmh_generated/UringRawReadBench_read_jmhTest.read_thrpt_jmhStub;org/apache/cassandra/test/microbench/uring/UringRawReadBench.read;org/apache/cassandra/test/microbench/uring/UringRawReadBench.nextOffset;java/util/Random.nextLong;java/util/Random.next;java/util/concurrent/atomic/AtomicLong.compareAndSet 3
java/lang/Thread.run;java/util/concurrent/ThreadPoolExecutor$Worker.run;java/util/concurrent/ThreadPoolExecutor.runWorker;java/util/concurrent/FutureTask.run;java/util/concurrent/Executors$RunnableAdapter.call;java/util/concurrent/FutureTask.run;org/openjdk/jmh/runner/BenchmarkHandler$BenchmarkTask.call;org/openjdk/jmh/runner/BenchmarkHandler$BenchmarkTask.call;java/lang/reflect/Method.invoke;jdk/internal/reflect/DelegatingMethodAccessorImpl.invoke;jdk/internal/reflect/NativeMethodAccessorImpl.invoke;jdk/internal/reflect/NativeMethodAccessorImpl.invoke0;org/apache/cassandra/test/microbench/uring/jmh_generated/UringRawReadBench_read_jmhTest.read_Throughput;org/apache/cassandra/test/microbench/uring/jmh_generated/UringRawReadBench_read_jmhTest.read_thrpt_jmhStub;org/apache/cassandra/test/microbench/uring/UringRawReadBench.read;org/apache/cassandra/io/uring/UringRing.submit;org/apache/cassandra/io/uring/UringRing.enter;org/apache/cassandra/io/uring/UringNative.ioUringEnter;org/apache/cassandra/io/uring/UringNative.syscall;[unknown];syscall;entry_SYSCALL_64_after_hwframe_[k];do_syscall_64_[k];x64_sys_call_[k];__x64_sys_io_uring_enter_[k];__do_sys_io_uring_enter_[k];io_submit_sqes_[k];io_issue_sqe_[k];io_read_[k];__io_read_[k];ext4_file_read_iter_[k];iomap_dio_rw_[k];__iomap_dio_rw_[k];iomap_dio_bio_iter_[k];iomap_dio_submit_bio_[k];submit_bio_[k];submit_bio_noacct_[k];submit_bio_noacct_nocheck_[k];__submit_bio_[k];blk_mq_submit_bio_[k];blk_add_rq_to_plug_[k];blk_mq_flush_plug_list.part.0_[k];nvme_queue_rqs?[nvme]_[k];nvme_prep_rq.part.0?[nvme]_[k];nvme_map_data?[nvme]_[k];dma_map_page_attrs_[k];iommu_dma_map_page_[k];__iommu_dma_map_[k];iommu_map_[k];intel_iommu_map_pages_[k] 3
java/lang/Thread.run;java/util/concurrent/ThreadPoolExecutor$Worker.run;java/util/concurrent/ThreadPoolExecutor.runWorker;java/util/concurrent/FutureTask.run;java/util/concurrent/Executors$RunnableAdapter.call;java/util/concurrent/FutureTask.run;org/openjdk/jmh/runner/BenchmarkHandler$BenchmarkTask.call;org/openjdk/jmh/runner/BenchmarkHandler$BenchmarkTask.call;java/lang/reflect/Method.invoke;jdk/internal/reflect/DelegatingMethodAccessorImpl.invoke;jdk/internal/reflect/NativeMethodAccessorImpl.invoke;jdk/internal/reflect/NativeMethodAccessorImpl.invoke0;org/apache/cassandra/test/microbench/uring/jmh_generated/UringRawReadBench_read_jmhTest.read_Throughput;org/apache/cassandra/test/microbench/uring/jmh_generated/UringRawReadBench_read_jmhTest.read_thrpt_jmhStub;org/apache/cassandra/test/microbench/uring/UringRawReadBench.read;org/apache/cassandra/io/uring/UringRing.submit;org/apache/cassandra/io/uring/UringRing.enter;org/apache/cassandra/io/uring/UringNative.ioUringEnter;org/apache/cassandra/io/uring/UringNative.syscall;[unknown];syscall;entry_SYSCALL_64_after_hwframe_[k];do_syscall_64_[k];x64_sys_call_[k];__x64_sys_io_uring_enter_[k];__do_sys_io_uring_enter_[k];io_submit_sqes_[k];io_issue_sqe_[k];io_read_[k];__io_read_[k];ext4_file_read_iter_[k];iomap_dio_rw_[k];__iomap_dio_rw_[k];iomap_dio_bio_iter_[k];iomap_dio_submit_bio_[k];submit_bio_[k];submit_bio_noacct_[k];submit_bio_noacct_nocheck_[k];__submit_bio_[k];blk_mq_submit_bio_[k];__rcu_read_lock_[k] 1
java/lang/Thread.run;java/util/concurrent/ThreadPoolExecutor$Worker.run;java/util/concurrent/ThreadPoolExecutor.runWorker;java/util/concurrent/FutureTask.run;java/util/concurrent/Executors$RunnableAdapter.call;java/util/concurrent/FutureTask.run;org/openjdk/jmh/runner/BenchmarkHandler$BenchmarkTask.call;org/openjdk/jmh/runner/BenchmarkHandler$BenchmarkTask.call;java/lang/reflect/Method.invoke;jdk/internal/reflect/DelegatingMethodAccessorImpl.invoke;jdk/internal/reflect/NativeMethodAccessorImpl.invoke;jdk/internal/reflect/NativeMethodAccessorImpl.invoke0;org/apache/cassandra/test/microbench/uring/jmh_generated/UringRawReadBench_read_jmhTest.read_Throughput;org/apache/cassandra/test/microbench/uring/jmh_generated/UringRawReadBench_read_jmhTest.read_thrpt_jmhStub;org/apache/cassandra/test/microbench/uring/UringRawReadBench.read;java/lang/Long.valueOf 2
java/lang/Thread.run;java/util/concurrent/ThreadPoolExecutor$Worker.run;java/util/concurrent/ThreadPoolExecutor.runWorker;java/util/concurrent/FutureTask.run;java/util/concurrent/Executors$RunnableAdapter.call;java/util/concurrent/FutureTask.run;org/openjdk/jmh/runner/BenchmarkHandler$BenchmarkTask.call;org/openjdk/jmh/runner/BenchmarkHandler$BenchmarkTask.call;java/lang/reflect/Method.invoke;jdk/internal/reflect/DelegatingMethodAccessorImpl.invoke;jdk/internal/reflect/NativeMethodAccessorImpl.invoke;jdk/internal/reflect/NativeMethodAccessorImpl.invoke0;org/apache/cassandra/test/microbench/uring/jmh_generated/UringRawReadBench_read_jmhTest.read_Throughput;org/apache/cassandra/test/microbench/uring/jmh_generated/UringRawReadBench_read_jmhTest.read_thrpt_jmhStub;org/apache/cassandra/test/microbench/uring/UringRawReadBench.read;org/apache/cassandra/io/uring/UringRing.submit;org/apache/cassandra/io/uring/UringRing.enter;org/apache/cassandra/io/uring/UringNative.ioUringEnter;org/apache/cassandra/io/uring/UringNative.syscall;[unknown];syscall;entry_SYSCALL_64_after_hwframe_[k];do_syscall_64_[k];x64_sys_call_[k];__x64_sys_io_uring_enter_[k];__do_sys_io_uring_enter_[k];io_submit_sqes_[k];blk_finish_plug_[k];__blk_flush_plug_[k];blk_mq_flush_plug_list_[k];blk_mq_flush_plug_list.part.0_[k];nvme_queue_rqs?[nvme]_[k];nvme_prep_rq.part.0?[nvme]_[k];nvme_map_data?[nvme]_[k];iommu_dma_map_page_[k] 1
java/lang/Thread.run;java/util/concurrent/ThreadPoolExecutor$Worker.run;java/util/concurrent/ThreadPoolExecutor.runWorker;java/util/concurrent/FutureTask.run;java/util/concurrent/Executors$RunnableAdapter.call;java/util/concurrent/FutureTask.run;org/openjdk/jmh/runner/BenchmarkHandler$BenchmarkTask.call;org/openjdk/jmh/runner/BenchmarkHandler$BenchmarkTask.call;java/lang/reflect/Method.invoke;jdk/internal/reflect/DelegatingMethodAccessorImpl.invoke;jdk/internal/reflect/NativeMethodAccessorImpl.invoke;jdk/internal/reflect/NativeMethodAccessorImpl.invoke0;org/apache/cassandra/test/microbench/uring/jmh_generated/UringRawReadBench_read_jmhTest.read_Throughput;org/apache/cassandra/test/microbench/uring/jmh_generated/UringRawReadBench_read_jmhTest.read_thrpt_jmhStub;org/apache/cassandra/test/microbench/uring/UringRawReadBench.read;org/apache/cassandra/io/uring/UringRing.submit;org/apache/cassandra/io/uring/UringRing.enter;org/apache/cassandra/io/uring/UringNative.ioUringEnter;org/apache/cassandra/io/uring/UringNative.syscall;[unknown];syscall;entry_SYSCALL_64_after_hwframe_[k];do_syscall_64_[k];x64_sys_call_[k];__x64_sys_io_uring_enter_[k];__do_sys_io_uring_enter_[k];io_submit_sqes_[k];io_issue_sqe_[k];io_read_[k];__io_read_[k];io_rw_init_file_[k];io_file_get_flags_[k] 1
java/lang/Thread.run;java/util/concurrent/ThreadPoolExecutor$Worker.run;java/util/concurrent/ThreadPoolExecutor.runWorker;java/util/concurrent/FutureTask.run;java/util/concurrent/Executors$RunnableAdapter.call;java/util/concurrent/FutureTask.run;org/openjdk/jmh/runner/BenchmarkHandler$BenchmarkTask.call;org/openjdk/jmh/runner/BenchmarkHandler$BenchmarkTask.call;java/lang/reflect/Method.invoke;jdk/internal/reflect/DelegatingMethodAccessorImpl.invoke;jdk/internal/reflect/NativeMethodAccessorImpl.invoke;jdk/internal/reflect/NativeMethodAccessorImpl.invoke0;org/apache/cassandra/test/microbench/uring/jmh_generated/UringRawReadBench_read_jmhTest.read_Throughput;org/apache/cassandra/test/microbench/uring/jmh_generated/UringRawReadBench_read_jmhTest.read_thrpt_jmhStub;org/apache/cassandra/test/microbench/uring/UringRawReadBench.read;org/apache/cassandra/io/uring/UringRing.submit;org/apache/cassandra/io/uring/UringRing.enter;org/apache/cassandra/io/uring/UringNative.ioUringEnter;org/apache/cassandra/io/uring/UringNative.syscall;/root/.cache/JNA/temp/jna18280739141362750566.tmp;/root/.cache/JNA/temp/jna18280739141362750566.tmp;/root/.cache/JNA/temp/jna18280739141362750566.tmp;JNA_set_last_error;pthread_getspecific@plt 1
java/lang/Thread.run;java/util/concurrent/ThreadPoolExecutor$Worker.run;java/util/concurrent/ThreadPoolExecutor.runWorker;java/util/concurrent/FutureTask.run;java/util/concurrent/Executors$RunnableAdapter.call;java/util/concurrent/FutureTask.run;org/openjdk/jmh/runner/BenchmarkHandler$BenchmarkTask.call;org/openjdk/jmh/runner/BenchmarkHandler$BenchmarkTask.call;java/lang/reflect/Method.invoke;jdk/internal/reflect/DelegatingMethodAccessorImpl.invoke;jdk/internal/reflect/NativeMethodAccessorImpl.invoke;jdk/internal/reflect/NativeMethodAccessorImpl.invoke0;org/apache/cassandra/test/microbench/uring/jmh_generated/UringRawReadBench_read_jmhTest.read_Throughput;org/apache/cassandra/test/microbench/uring/jmh_generated/UringRawReadBench_read_jmhTest.read_thrpt_jmhStub;org/apache/cassandra/test/microbench/uring/UringRawReadBench.read;org/apache/cassandra/io/uring/UringRing.submit;org/apache/cassandra/io/uring/UringRing.enter;org/apache/cassandra/io/uring/UringNative.ioUringEnter;org/apache/cassandra/io/uring/UringNative.syscall;[unknown];syscall;entry_SYSCALL_64_after_hwframe_[k];do_syscall_64_[k];x64_sys_call_[k];__x64_sys_io_uring_enter_[k];__do_sys_io_uring_enter_[k];io_submit_sqes_[k];io_issue_sqe_[k];io_read_[k];__io_read_[k];ext4_file_read_iter_[k];iomap_dio_rw_[k];__iomap_dio_rw_[k];iomap_dio_bio_iter_[k];iomap_dio_submit_bio_[k];blkcg_set_ioprio_[k] 1
java/lang/Thread.run;java/util/concurrent/ThreadPoolExecutor$Worker.run;java/util/concurrent/ThreadPoolExecutor.runWorker;java/util/concurrent/FutureTask.run;java/util/concurrent/Executors$RunnableAdapter.call;java/util/concurrent/FutureTask.run;org/openjdk/jmh/runner/BenchmarkHandler$BenchmarkTask.call;org/openjdk/jmh/runner/BenchmarkHandler$BenchmarkTask.call;java/lang/reflect/Method.invoke;jdk/internal/reflect/DelegatingMethodAccessorImpl.invoke;jdk/internal/reflect/NativeMethodAccessorImpl.invoke;jdk/internal/reflect/NativeMethodAccessorImpl.invoke0;org/apache/cassandra/test/microbench/uring/jmh_generated/UringRawReadBench_read_jmhTest.read_Throughput;org/apache/cassandra/test/microbench/uring/jmh_generated/UringRawReadBench_read_jmhTest.read_thrpt_jmhStub;org/apache/cassandra/test/microbench/uring/UringRawReadBench.read;org/apache/cassandra/io/uring/UringRing.submit;org/apache/cassandra/io/uring/UringRing.enter;org/apache/cassandra/io/uring/UringNative.ioUringEnter;org/apache/cassandra/io/uring/UringNative.syscall;[unknown];syscall;entry_SYSCALL_64_after_hwframe_[k];do_syscall_64_[k];x64_sys_call_[k];__x64_sys_io_uring_enter_[k];__do_sys_io_uring_enter_[k];io_submit_sqes_[k];io_issue_sqe_[k];io_read_[k];__io_read_[k];security_file_permission_[k] 1
java/lang/Thread.run;java/util/concurrent/ThreadPoolExecutor$Worker.run;java/util/concurrent/ThreadPoolExecutor.runWorker;java/util/concurrent/FutureTask.run;java/util/concurrent/Executors$RunnableAdapter.call;java/util/concurrent/FutureTask.run;org/openjdk/jmh/runner/BenchmarkHandler$BenchmarkTask.call;org/openjdk/jmh/runner/BenchmarkHandler$BenchmarkTask.call;java/lang/reflect/Method.invoke;jdk/internal/reflect/DelegatingMethodAccessorImpl.invoke;jdk/internal/reflect/NativeMethodAccessorImpl.invoke;jdk/internal/reflect/NativeMethodAccessorImpl.invoke0;org/apache/cassandra/test/microbench/uring/jmh_generated/UringRawReadBench_read_jmhTest.read_Throughput;org/apache/cassandra/test/microbench/uring/jmh_generated/UringRawReadBench_read_jmhTest.read_thrpt_jmhStub;org/apache/cassandra/test/microbench/uring/UringRawReadBench.read;org/apache/cassandra/io/uring/UringRing.submit;org/apache/cassandra/io/uring/UringRing.enter;org/apache/cassandra/io/uring/UringNative.ioUringEnter;org/apache/cassandra/io/uring/UringNative.syscall;[unknown];syscall;entry_SYSCALL_64_after_hwframe_[k];do_syscall_64_[k];x64_sys_call_[k];__x64_sys_io_uring_enter_[k];__do_sys_io_uring_enter_[k];io_submit_sqes_[k];io_issue_sqe_[k];io_read_[k];__io_read_[k];rw_verify_area_[k] 4
java/lang/Thread.run;java/util/concurrent/ThreadPoolExecutor$Worker.run;java/util/concurrent/ThreadPoolExecutor.runWorker;java/util/concurrent/FutureTask.run;java/util/concurrent/Executors$RunnableAdapter.call;java/util/concurrent/FutureTask.run;org/openjdk/jmh/runner/BenchmarkHandler$BenchmarkTask.call;org/openjdk/jmh/runner/BenchmarkHandler$BenchmarkTask.call;java/lang/reflect/Method.invoke;jdk/internal/reflect/DelegatingMethodAccessorImpl.invoke;jdk/internal/reflect/NativeMethodAccessorImpl.invoke;jdk/internal/reflect/NativeMethodAccessorImpl.invoke0;org/apache/cassandra/test/microbench/uring/jmh_generated/UringRawReadBench_read_jmhTest.read_Throughput;org/apache/cassandra/test/microbench/uring/jmh_generated/UringRawReadBench_read_jmhTest.read_thrpt_jmhStub;org/apache/cassandra/test/microbench/uring/UringRawReadBench.read;org/apache/cassandra/io/uring/UringRing.awaitCompletions;org/apache/cassandra/io/uring/UringRing.enter;org/apache/cassandra/io/uring/UringNative.ioUringEnter;org/apache/cassandra/io/uring/UringNative.syscall;/root/.cache/JNA/temp/jna18280739141362750566.tmp;/root/.cache/JNA/temp/jna18280739141362750566.tmp;/root/.cache/JNA/temp/jna18280739141362750566.tmp;JNA_set_last_error;pthread_getspecific 4
java/lang/Thread.run;java/util/concurrent/ThreadPoolExecutor$Worker.run;java/util/concurrent/ThreadPoolExecutor.runWorker;java/util/concurrent/FutureTask.run;java/util/concurrent/Executors$RunnableAdapter.call;java/util/concurrent/FutureTask.run;org/openjdk/jmh/runner/BenchmarkHandler$BenchmarkTask.call;org/openjdk/jmh/runner/BenchmarkHandler$BenchmarkTask.call;java/lang/reflect/Method.invoke;jdk/internal/reflect/DelegatingMethodAccessorImpl.invoke;jdk/internal/reflect/NativeMethodAccessorImpl.invoke;jdk/internal/reflect/NativeMethodAccessorImpl.invoke0;org/apache/cassandra/test/microbench/uring/jmh_generated/UringRawReadBench_read_jmhTest.read_Throughput;org/apache/cassandra/test/microbench/uring/jmh_generated/UringRawReadBench_read_jmhTest.read_thrpt_jmhStub;org/apache/cassandra/test/microbench/uring/UringRawReadBench.read;org/apache/cassandra/io/uring/UringRing.submit;org/apache/cassandra/io/uring/UringRing.enter;org/apache/cassandra/io/uring/UringNative.ioUringEnter;org/apache/cassandra/io/uring/UringNative.syscall;/root/.cache/JNA/temp/jna18280739141362750566.tmp;/root/.cache/JNA/temp/jna18280739141362750566.tmp;__errno_location 2
java/lang/Thread.run;java/util/concurrent/ThreadPoolExecutor$Worker.run;java/util/concurrent/ThreadPoolExecutor.runWorker;java/util/concurrent/FutureTask.run;java/util/concurrent/Executors$RunnableAdapter.call;java/util/concurrent/FutureTask.run;org/openjdk/jmh/runner/BenchmarkHandler$BenchmarkTask.call;org/openjdk/jmh/runner/BenchmarkHandler$BenchmarkTask.call;java/lang/reflect/Method.invoke;jdk/internal/reflect/DelegatingMethodAccessorImpl.invoke;jdk/internal/reflect/NativeMethodAccessorImpl.invoke;jdk/internal/reflect/NativeMethodAccessorImpl.invoke0;org/apache/cassandra/test/microbench/uring/jmh_generated/UringRawReadBench_read_jmhTest.read_Throughput;org/apache/cassandra/test/microbench/uring/jmh_generated/UringRawReadBench_read_jmhTest.read_thrpt_jmhStub;org/apache/cassandra/test/microbench/uring/UringRawReadBench.read;org/apache/cassandra/io/uring/UringRing.submit;org/apache/cassandra/io/uring/UringRing.enter;org/apache/cassandra/io/uring/UringNative.ioUringEnter;org/apache/cassandra/io/uring/UringNative.syscall;[unknown];syscall;entry_SYSCALL_64_after_hwframe_[k];do_syscall_64_[k];x64_sys_call_[k];__x64_sys_io_uring_enter_[k];__do_sys_io_uring_enter_[k];io_submit_sqes_[k];blk_finish_plug_[k];__blk_flush_plug_[k];blk_mq_flush_plug_list_[k];blk_mq_flush_plug_list.part.0_[k];nvme_queue_rqs?[nvme]_[k];nvme_prep_rq.part.0?[nvme]_[k];nvme_map_data?[nvme]_[k];dma_map_page_attrs_[k];iommu_dma_map_page_[k];__iommu_dma_map_[k];iommu_map_[k];intel_iommu_iotlb_sync_map_[k] 3
java/lang/Thread.run;java/util/concurrent/ThreadPoolExecutor$Worker.run;java/util/concurrent/ThreadPoolExecutor.runWorker;java/util/concurrent/FutureTask.run;java/util/concurrent/Executors$RunnableAdapter.call;java/util/concurrent/FutureTask.run;org/openjdk/jmh/runner/BenchmarkHandler$BenchmarkTask.call;org/openjdk/jmh/runner/BenchmarkHandler$BenchmarkTask.call;java/lang/reflect/Method.invoke;jdk/internal/reflect/DelegatingMethodAccessorImpl.invoke;jdk/internal/reflect/NativeMethodAccessorImpl.invoke;jdk/internal/reflect/NativeMethodAccessorImpl.invoke0;org/apache/cassandra/test/microbench/uring/jmh_generated/UringRawReadBench_read_jmhTest.read_Throughput;org/apache/cassandra/test/microbench/uring/jmh_generated/UringRawReadBench_read_jmhTest.read_thrpt_jmhStub;org/apache/cassandra/test/microbench/uring/UringRawReadBench.read;org/apache/cassandra/io/uring/UringRing.submit;org/apache/cassandra/io/uring/UringRing.enter;org/apache/cassandra/io/uring/UringNative.ioUringEnter;org/apache/cassandra/io/uring/UringNative.syscall;[unknown];syscall;entry_SYSCALL_64_after_hwframe_[k];do_syscall_64_[k];x64_sys_call_[k];__x64_sys_io_uring_enter_[k];__do_sys_io_uring_enter_[k];io_submit_sqes_[k];io_issue_sqe_[k];io_read_[k];__io_read_[k];ext4_file_read_iter_[k];iomap_dio_rw_[k];__iomap_dio_rw_[k];iomap_dio_bio_iter_[k];iomap_dio_submit_bio_[k];submit_bio_[k];submit_bio_noacct_[k];submit_bio_noacct_nocheck_[k];__submit_bio_[k];blk_mq_submit_bio_[k];blk_add_rq_to_plug_[k];blk_mq_flush_plug_list.part.0_[k];nvme_queue_rqs?[nvme]_[k];nvme_prep_rq.part.0?[nvme]_[k];nvme_map_data?[nvme]_[k];dma_map_page_attrs_[k];iommu_dma_map_page_[k];__iommu_dma_map_[k];iommu_map_[k];__iommu_map_[k];intel_iommu_map_pages_[k] 1
java/lang/Thread.run;java/util/concurrent/ThreadPoolExecutor$Worker.run;java/util/concurrent/ThreadPoolExecutor.runWorker;java/util/concurrent/FutureTask.run;java/util/concurrent/Executors$RunnableAdapter.call;java/util/concurrent/FutureTask.run;org/openjdk/jmh/runner/BenchmarkHandler$BenchmarkTask.call;org/openjdk/jmh/runner/BenchmarkHandler$BenchmarkTask.call;java/lang/reflect/Method.invoke;jdk/internal/reflect/DelegatingMethodAccessorImpl.invoke;jdk/internal/reflect/NativeMethodAccessorImpl.invoke;jdk/internal/reflect/NativeMethodAccessorImpl.invoke0;org/apache/cassandra/test/microbench/uring/jmh_generated/UringRawReadBench_read_jmhTest.read_Throughput;org/apache/cassandra/test/microbench/uring/jmh_generated/UringRawReadBench_read_jmhTest.read_thrpt_jmhStub;org/apache/cassandra/test/microbench/uring/UringRawReadBench.read;org/apache/cassandra/io/uring/UringRing.submit;org/apache/cassandra/io/uring/UringRing.enter;org/apache/cassandra/io/uring/UringNative.ioUringEnter;org/apache/cassandra/io/uring/UringNative.syscall;[unknown];syscall;entry_SYSCALL_64_after_hwframe_[k];do_syscall_64_[k];x64_sys_call_[k];__x64_sys_io_uring_enter_[k];__do_sys_io_uring_enter_[k];io_submit_sqes_[k];io_issue_sqe_[k];io_read_[k];__io_read_[k];ext4_file_read_iter_[k];iomap_dio_rw_[k];__iomap_dio_rw_[k];iomap_iter_[k];ext4_iomap_begin_[k];ext4_map_blocks_[k];_raw_read_lock_[k] 2
java/lang/Thread.run;java/util/concurrent/ThreadPoolExecutor$Worker.run;java/util/concurrent/ThreadPoolExecutor.runWorker;java/util/concurrent/FutureTask.run;java/util/concurrent/Executors$RunnableAdapter.call;java/util/concurrent/FutureTask.run;org/openjdk/jmh/runner/BenchmarkHandler$BenchmarkTask.call;org/openjdk/jmh/runner/BenchmarkHandler$BenchmarkTask.call;java/lang/reflect/Method.invoke;jdk/internal/reflect/DelegatingMethodAccessorImpl.invoke;jdk/internal/reflect/NativeMethodAccessorImpl.invoke;jdk/internal/reflect/NativeMethodAccessorImpl.invoke0;org/apache/cassandra/test/microbench/uring/jmh_generated/UringRawReadBench_read_jmhTest.read_Throughput;org/apache/cassandra/test/microbench/uring/jmh_generated/UringRawReadBench_read_jmhTest.read_thrpt_jmhStub;org/apache/cassandra/test/microbench/uring/UringRawReadBench.read;org/apache/cassandra/io/uring/UringRing.submit;org/apache/cassandra/io/uring/UringRing.enter;org/apache/cassandra/io/uring/UringNative.ioUringEnter;org/apache/cassandra/io/uring/UringNative.syscall;[unknown];syscall;entry_SYSCALL_64_after_hwframe_[k];do_syscall_64_[k];x64_sys_call_[k];__x64_sys_io_uring_enter_[k];__do_sys_io_uring_enter_[k];io_submit_sqes_[k];io_issue_sqe_[k];io_read_[k];__io_read_[k];io_file_get_flags_[k] 2
java/lang/Thread.run;java/util/concurrent/ThreadPoolExecutor$Worker.run;java/util/concurrent/ThreadPoolExecutor.runWorker;java/util/concurrent/FutureTask.run;java/util/concurrent/Executors$RunnableAdapter.call;java/util/concurrent/FutureTask.run;org/openjdk/jmh/runner/BenchmarkHandler$BenchmarkTask.call;org/openjdk/jmh/runner/BenchmarkHandler$BenchmarkTask.call;java/lang/reflect/Method.invoke;jdk/internal/reflect/DelegatingMethodAccessorImpl.invoke;jdk/internal/reflect/NativeMethodAccessorImpl.invoke;jdk/internal/reflect/NativeMethodAccessorImpl.invoke0;org/apache/cassandra/test/microbench/uring/jmh_generated/UringRawReadBench_read_jmhTest.read_Throughput;org/apache/cassandra/test/microbench/uring/jmh_generated/UringRawReadBench_read_jmhTest.read_thrpt_jmhStub;org/apache/cassandra/test/microbench/uring/UringRawReadBench.read;org/apache/cassandra/io/uring/UringRing.submit;org/apache/cassandra/io/uring/UringRing.enter;org/apache/cassandra/io/uring/UringNative.ioUringEnter;org/apache/cassandra/io/uring/UringNative.syscall;[unknown];syscall;entry_SYSCALL_64_after_hwframe_[k];do_syscall_64_[k];x64_sys_call_[k];__x64_sys_io_uring_enter_[k];__do_sys_io_uring_enter_[k];io_submit_sqes_[k];io_issue_sqe_[k];io_file_get_normal_[k];fget_[k] 3
java/lang/Thread.run;java/util/concurrent/ThreadPoolExecutor$Worker.run;java/util/concurrent/ThreadPoolExecutor.runWorker;java/util/concurrent/FutureTask.run;java/util/concurrent/Executors$RunnableAdapter.call;java/util/concurrent/FutureTask.run;org/openjdk/jmh/runner/BenchmarkHandler$BenchmarkTask.call;org/openjdk/jmh/runner/BenchmarkHandler$BenchmarkTask.call;java/lang/reflect/Method.invoke;jdk/internal/reflect/DelegatingMethodAccessorImpl.invoke;jdk/internal/reflect/NativeMethodAccessorImpl.invoke;jdk/internal/reflect/NativeMethodAccessorImpl.invoke0;org/apache/cassandra/test/microbench/uring/jmh_generated/UringRawReadBench_read_jmhTest.read_Throughput;org/apache/cassandra/test/microbench/uring/jmh_generated/UringRawReadBench_read_jmhTest.read_thrpt_jmhStub;org/apache/cassandra/test/microbench/uring/UringRawReadBench.read;org/apache/cassandra/io/uring/UringRing.submit;org/apache/cassandra/io/uring/UringRing.enter;org/apache/cassandra/io/uring/UringNative.ioUringEnter;org/apache/cassandra/io/uring/UringNative.syscall;/root/.cache/JNA/temp/jna18280739141362750566.tmp;/root/.cache/JNA/temp/jna18280739141362750566.tmp;/root/.cache/JNA/temp/jna18280739141362750566.tmp;ffi_call;/root/.cache/JNA/temp/jna18280739141362750566.tmp;/root/.cache/JNA/temp/jna18280739141362750566.tmp;/root/.cache/JNA/temp/jna18280739141362750566.tmp 16
java/lang/Thread.run;java/util/concurrent/ThreadPoolExecutor$Worker.run;java/util/concurrent/ThreadPoolExecutor.runWorker;java/util/concurrent/FutureTask.run;java/util/concurrent/Executors$RunnableAdapter.call;java/util/concurrent/FutureTask.run;org/openjdk/jmh/runner/BenchmarkHandler$BenchmarkTask.call;org/openjdk/jmh/runner/BenchmarkHandler$BenchmarkTask.call;java/lang/reflect/Method.invoke;jdk/internal/reflect/DelegatingMethodAccessorImpl.invoke;jdk/internal/reflect/NativeMethodAccessorImpl.invoke;jdk/internal/reflect/NativeMethodAccessorImpl.invoke0;org/apache/cassandra/test/microbench/uring/jmh_generated/UringRawReadBench_read_jmhTest.read_Throughput;org/apache/cassandra/test/microbench/uring/jmh_generated/UringRawReadBench_read_jmhTest.read_thrpt_jmhStub;org/apache/cassandra/test/microbench/uring/UringRawReadBench.read;org/apache/cassandra/io/uring/UringRing.submit;org/apache/cassandra/io/uring/UringRing.enter;org/apache/cassandra/io/uring/UringNative.ioUringEnter;org/apache/cassandra/io/uring/UringNative.syscall;[unknown];syscall;entry_SYSCALL_64_after_hwframe_[k];do_syscall_64_[k];x64_sys_call_[k];__x64_sys_io_uring_enter_[k];__do_sys_io_uring_enter_[k];io_submit_sqes_[k];io_issue_sqe_[k];io_read_[k];__io_read_[k];ext4_file_read_iter_[k];iomap_dio_rw_[k];__iomap_dio_rw_[k];iomap_dio_bio_iter_[k];bio_alloc_bioset_[k] 1
java/lang/Thread.run;java/util/concurrent/ThreadPoolExecutor$Worker.run;java/util/concurrent/ThreadPoolExecutor.runWorker;java/util/concurrent/FutureTask.run;java/util/concurrent/Executors$RunnableAdapter.call;java/util/concurrent/FutureTask.run;org/openjdk/jmh/runner/BenchmarkHandler$BenchmarkTask.call;org/openjdk/jmh/runner/BenchmarkHandler$BenchmarkTask.call;java/lang/reflect/Method.invoke;jdk/internal/reflect/DelegatingMethodAccessorImpl.invoke;jdk/internal/reflect/NativeMethodAccessorImpl.invoke;jdk/internal/reflect/NativeMethodAccessorImpl.invoke0;org/apache/cassandra/test/microbench/uring/jmh_generated/UringRawReadBench_read_jmhTest.read_Throughput;org/apache/cassandra/test/microbench/uring/jmh_generated/UringRawReadBench_read_jmhTest.read_thrpt_jmhStub;org/apache/cassandra/test/microbench/uring/UringRawReadBench.read;org/apache/cassandra/io/uring/UringRing.awaitCompletions;org/apache/cassandra/io/uring/UringRing.enter;org/apache/cassandra/io/uring/UringNative.ioUringEnter;org/apache/cassandra/io/uring/UringNative.syscall;/root/.cache/JNA/temp/jna18280739141362750566.tmp;/root/.cache/JNA/temp/jna18280739141362750566.tmp;JNA_set_last_error 1
java/lang/Thread.run;java/util/concurrent/ThreadPoolExecutor$Worker.run;java/util/concurrent/ThreadPoolExecutor.runWorker;java/util/concurrent/FutureTask.run;java/util/concurrent/Executors$RunnableAdapter.call;java/util/concurrent/FutureTask.run;org/openjdk/jmh/runner/BenchmarkHandler$BenchmarkTask.call;org/openjdk/jmh/runner/BenchmarkHandler$BenchmarkTask.call;java/lang/reflect/Method.invoke;jdk/internal/reflect/DelegatingMethodAccessorImpl.invoke;jdk/internal/reflect/NativeMethodAccessorImpl.invoke;jdk/internal/reflect/NativeMethodAccessorImpl.invoke0;org/apache/cassandra/test/microbench/uring/jmh_generated/UringRawReadBench_read_jmhTest.read_Throughput;org/apache/cassandra/test/microbench/uring/jmh_generated/UringRawReadBench_read_jmhTest.read_thrpt_jmhStub;org/apache/cassandra/test/microbench/uring/UringRawReadBench.read;org/apache/cassandra/io/uring/UringRing.submit;org/apache/cassandra/io/uring/UringRing.enter;org/apache/cassandra/io/uring/UringNative.ioUringEnter;org/apache/cassandra/io/uring/UringNative.syscall;[unknown];syscall;entry_SYSCALL_64_after_hwframe_[k];do_syscall_64_[k];x64_sys_call_[k];__x64_sys_io_uring_enter_[k];__do_sys_io_uring_enter_[k];io_submit_sqes_[k];io_issue_sqe_[k];io_read_[k];__io_read_[k];ext4_file_read_iter_[k];iomap_dio_rw_[k];__iomap_dio_rw_[k];iomap_dio_bio_iter_[k];iomap_dio_submit_bio_[k];submit_bio_[k];submit_bio_noacct_[k];submit_bio_noacct_nocheck_[k];__submit_bio_[k];blk_mq_submit_bio_[k];blk_add_rq_to_plug_[k];blk_mq_flush_plug_list.part.0_[k];nvme_queue_rqs?[nvme]_[k];nvme_prep_rq.part.0?[nvme]_[k];nvme_map_data?[nvme]_[k];dma_map_page_attrs_[k];iommu_dma_map_page_[k];__iommu_dma_map_[k];iommu_dma_alloc_iova_[k];alloc_iova_fast_[k] 1
java/lang/Thread.run;java/util/concurrent/ThreadPoolExecutor$Worker.run;java/util/concurrent/ThreadPoolExecutor.runWorker;java/util/concurrent/FutureTask.run;java/util/concurrent/Executors$RunnableAdapter.call;java/util/concurrent/FutureTask.run;org/openjdk/jmh/runner/BenchmarkHandler$BenchmarkTask.call;org/openjdk/jmh/runner/BenchmarkHandler$BenchmarkTask.call;java/lang/reflect/Method.invoke;jdk/internal/reflect/DelegatingMethodAccessorImpl.invoke;jdk/internal/reflect/NativeMethodAccessorImpl.invoke;jdk/internal/reflect/NativeMethodAccessorImpl.invoke0;org/apache/cassandra/test/microbench/uring/jmh_generated/UringRawReadBench_read_jmhTest.read_Throughput;org/apache/cassandra/test/microbench/uring/jmh_generated/UringRawReadBench_read_jmhTest.read_thrpt_jmhStub;org/apache/cassandra/test/microbench/uring/UringRawReadBench.read;org/apache/cassandra/io/uring/UringRing.submit;org/apache/cassandra/io/uring/UringRing.enter;org/apache/cassandra/io/uring/UringNative.ioUringEnter;org/apache/cassandra/io/uring/UringNative.syscall;[unknown];syscall;entry_SYSCALL_64_after_hwframe_[k];do_syscall_64_[k];x64_sys_call_[k];__x64_sys_io_uring_enter_[k];__do_sys_io_uring_enter_[k];io_submit_sqes_[k];io_issue_sqe_[k];io_read_[k];__io_read_[k];ext4_file_read_iter_[k];iomap_dio_rw_[k];__iomap_dio_rw_[k];iomap_dio_bio_iter_[k];iomap_dio_submit_bio_[k];submit_bio_[k];submit_bio_noacct_[k];should_fail_bio_[k] 1
java/lang/Thread.run;java/util/concurrent/ThreadPoolExecutor$Worker.run;java/util/concurrent/ThreadPoolExecutor.runWorker;java/util/concurrent/FutureTask.run;java/util/concurrent/Executors$RunnableAdapter.call;java/util/concurrent/FutureTask.run;org/openjdk/jmh/runner/BenchmarkHandler$BenchmarkTask.call;org/openjdk/jmh/runner/BenchmarkHandler$BenchmarkTask.call;java/lang/reflect/Method.invoke;jdk/internal/reflect/DelegatingMethodAccessorImpl.invoke;jdk/internal/reflect/NativeMethodAccessorImpl.invoke;jdk/internal/reflect/NativeMethodAccessorImpl.invoke0;org/apache/cassandra/test/microbench/uring/jmh_generated/UringRawReadBench_read_jmhTest.read_Throughput;org/apache/cassandra/test/microbench/uring/jmh_generated/UringRawReadBench_read_jmhTest.read_thrpt_jmhStub;org/apache/cassandra/test/microbench/uring/UringRawReadBench.read;org/apache/cassandra/io/uring/UringRing.awaitCompletions;org/apache/cassandra/io/uring/UringRing.enter;org/apache/cassandra/io/uring/UringNative.ioUringEnter;org/apache/cassandra/io/uring/UringNative.syscall;/root/.cache/JNA/temp/jna18280739141362750566.tmp 1
java/lang/Thread.run;java/util/concurrent/ThreadPoolExecutor$Worker.run;java/util/concurrent/ThreadPoolExecutor.runWorker;java/util/concurrent/FutureTask.run;java/util/concurrent/Executors$RunnableAdapter.call;java/util/concurrent/FutureTask.run;org/openjdk/jmh/runner/BenchmarkHandler$BenchmarkTask.call;org/openjdk/jmh/runner/BenchmarkHandler$BenchmarkTask.call;java/lang/reflect/Method.invoke;jdk/internal/reflect/DelegatingMethodAccessorImpl.invoke;jdk/internal/reflect/NativeMethodAccessorImpl.invoke;jdk/internal/reflect/NativeMethodAccessorImpl.invoke0;org/apache/cassandra/test/microbench/uring/jmh_generated/UringRawReadBench_read_jmhTest.read_Throughput;org/apache/cassandra/test/microbench/uring/jmh_generated/UringRawReadBench_read_jmhTest.read_thrpt_jmhStub;org/apache/cassandra/test/microbench/uring/UringRawReadBench.read;org/apache/cassandra/io/uring/UringRing.submit;org/apache/cassandra/io/uring/UringRing.enter;org/apache/cassandra/io/uring/UringNative.ioUringEnter;org/apache/cassandra/io/uring/UringNative.syscall;[unknown];syscall;entry_SYSCALL_64_after_hwframe_[k];do_syscall_64_[k];x64_sys_call_[k];__x64_sys_io_uring_enter_[k];__do_sys_io_uring_enter_[k];io_submit_sqes_[k];io_issue_sqe_[k];io_read_[k];__io_read_[k];ext4_file_read_iter_[k];iomap_dio_rw_[k];__iomap_dio_rw_[k];iomap_dio_bio_iter_[k];iomap_dio_submit_bio_[k];submit_bio_[k];submit_bio_noacct_[k];submit_bio_noacct_nocheck_[k];__submit_bio_[k];blk_mq_submit_bio_[k];blk_add_rq_to_plug_[k];blk_mq_flush_plug_list.part.0_[k];nvme_queue_rqs?[nvme]_[k];nvme_prep_rq.part.0?[nvme]_[k];blk_mq_start_request_[k];ktime_get_[k] 3
java/lang/Thread.run;java/util/concurrent/ThreadPoolExecutor$Worker.run;java/util/concurrent/ThreadPoolExecutor.runWorker;java/util/concurrent/FutureTask.run;java/util/concurrent/Executors$RunnableAdapter.call;java/util/concurrent/FutureTask.run;org/openjdk/jmh/runner/BenchmarkHandler$BenchmarkTask.call;org/openjdk/jmh/runner/BenchmarkHandler$BenchmarkTask.call;java/lang/reflect/Method.invoke;jdk/internal/reflect/DelegatingMethodAccessorImpl.invoke;jdk/internal/reflect/NativeMethodAccessorImpl.invoke;jdk/internal/reflect/NativeMethodAccessorImpl.invoke0;org/apache/cassandra/test/microbench/uring/jmh_generated/UringRawReadBench_read_jmhTest.read_Throughput;org/apache/cassandra/test/microbench/uring/UringRawReadBench.perIteration;org/apache/cassandra/test/microbench/uring/UringRawReadBench.dropCaches;java/nio/file/Files.write;java/nio/channels/Channels$1.write;java/nio/channels/Channels.writeFully;java/nio/channels/Channels.writeFullyImpl;sun/nio/ch/FileChannelImpl.write;sun/nio/ch/IOUtil.write;sun/nio/ch/IOUtil.write;sun/nio/ch/IOUtil.writeFromNativeBuffer;sun/nio/ch/FileDispatcherImpl.write;sun/nio/ch/FileDispatcherImpl.write0;__write;entry_SYSCALL_64_after_hwframe_[k];do_syscall_64_[k];x64_sys_call_[k];__x64_sys_write_[k];ksys_write_[k];vfs_write_[k];proc_sys_write_[k];proc_sys_call_handler_[k];drop_caches_sysctl_handler_[k];iterate_supers_[k];drop_pagecache_sb_[k];invalidate_mapping_pages_[k];mapping_try_invalidate_[k];deactivate_file_folio_[k];folio_batch_move_lru_[k];release_pages_[k] 1
java/lang/Thread.run;java/util/concurrent/ThreadPoolExecutor$Worker.run;java/util/concurrent/ThreadPoolExecutor.runWorker;java/util/concurrent/FutureTask.run;java/util/concurrent/Executors$RunnableAdapter.call;java/util/concurrent/FutureTask.run;org/openjdk/jmh/runner/BenchmarkHandler$BenchmarkTask.call;org/openjdk/jmh/runner/BenchmarkHandler$BenchmarkTask.call;java/lang/reflect/Method.invoke;jdk/internal/reflect/DelegatingMethodAccessorImpl.invoke;jdk/internal/reflect/NativeMethodAccessorImpl.invoke;jdk/internal/reflect/NativeMethodAccessorImpl.invoke0;org/apache/cassandra/test/microbench/uring/jmh_generated/UringRawReadBench_read_jmhTest.read_Throughput;org/apache/cassandra/test/microbench/uring/jmh_generated/UringRawReadBench_read_jmhTest.read_thrpt_jmhStub;org/apache/cassandra/test/microbench/uring/UringRawReadBench.read;org/apache/cassandra/io/uring/UringRing.awaitCompletions;org/apache/cassandra/io/uring/UringRing.enter;org/apache/cassandra/io/uring/UringNative.ioUringEnter;org/apache/cassandra/io/uring/UringNative.syscall;[unknown];syscall;entry_SYSCALL_64_after_hwframe_[k];do_syscall_64_[k];x64_sys_call_[k];__x64_sys_io_uring_enter_[k];__do_sys_io_uring_enter_[k];io_cqring_wait_[k];io_run_local_work_[k];io_req_rw_complete_[k] 1
java/lang/Thread.run;java/util/concurrent/ThreadPoolExecutor$Worker.run;java/util/concurrent/ThreadPoolExecutor.runWorker;java/util/concurrent/FutureTask.run;java/util/concurrent/Executors$RunnableAdapter.call;java/util/concurrent/FutureTask.run;org/openjdk/jmh/runner/BenchmarkHandler$BenchmarkTask.call;org/openjdk/jmh/runner/BenchmarkHandler$BenchmarkTask.call;java/lang/reflect/Method.invoke;jdk/internal/reflect/DelegatingMethodAccessorImpl.invoke;jdk/internal/reflect/NativeMethodAccessorImpl.invoke;jdk/internal/reflect/NativeMethodAccessorImpl.invoke0;org/apache/cassandra/test/microbench/uring/jmh_generated/UringRawReadBench_read_jmhTest.read_Throughput;org/apache/cassandra/test/microbench/uring/jmh_generated/UringRawReadBench_read_jmhTest.read_thrpt_jmhStub;org/apache/cassandra/test/microbench/uring/UringRawReadBench.read;org/apache/cassandra/io/uring/UringRing.awaitCompletions;org/apache/cassandra/io/uring/UringRing.drainCompletions;org/apache/cassandra/io/uring/UringRing.complete 1
java/lang/Thread.run;java/util/concurrent/ThreadPoolExecutor$Worker.run;java/util/concurrent/ThreadPoolExecutor.runWorker;java/util/concurrent/FutureTask.run;java/util/concurrent/Executors$RunnableAdapter.call;java/util/concurrent/FutureTask.run;org/openjdk/jmh/runner/BenchmarkHandler$BenchmarkTask.call;org/openjdk/jmh/runner/BenchmarkHandler$BenchmarkTask.call;java/lang/reflect/Method.invoke;jdk/internal/reflect/DelegatingMethodAccessorImpl.invoke;jdk/internal/reflect/NativeMethodAccessorImpl.invoke;jdk/internal/reflect/NativeMethodAccessorImpl.invoke0;org/apache/cassandra/test/microbench/uring/jmh_generated/UringRawReadBench_read_jmhTest.read_Throughput;org/apache/cassandra/test/microbench/uring/jmh_generated/UringRawReadBench_read_jmhTest.read_thrpt_jmhStub;org/apache/cassandra/test/microbench/uring/UringRawReadBench.read;org/apache/cassandra/io/uring/UringRing.submit;org/apache/cassandra/io/uring/UringRing.enter;org/apache/cassandra/io/uring/UringNative.ioUringEnter;org/apache/cassandra/io/uring/UringNative.syscall;[unknown];syscall;entry_SYSCALL_64_after_hwframe_[k];do_syscall_64_[k];x64_sys_call_[k];__x64_sys_io_uring_enter_[k];__do_sys_io_uring_enter_[k];io_submit_sqes_[k];io_issue_sqe_[k];io_read_[k];__io_read_[k];ext4_file_read_iter_[k];iomap_dio_rw_[k];__iomap_dio_rw_[k];iomap_dio_bio_iter_[k];iomap_dio_submit_bio_[k];submit_bio_[k];submit_bio_noacct_[k];submit_bio_noacct_nocheck_[k];__submit_bio_[k];blk_mq_submit_bio_[k];__rq_qos_throttle_[k];wbt_wait_[k] 6
java/lang/Thread.run;java/util/concurrent/ThreadPoolExecutor$Worker.run;java/util/concurrent/ThreadPoolExecutor.runWorker;java/util/concurrent/FutureTask.run;java/util/concurrent/Executors$RunnableAdapter.call;java/util/concurrent/FutureTask.run;org/openjdk/jmh/runner/BenchmarkHandler$BenchmarkTask.call;org/openjdk/jmh/runner/BenchmarkHandler$BenchmarkTask.call;java/lang/reflect/Method.invoke;jdk/internal/reflect/DelegatingMethodAccessorImpl.invoke;jdk/internal/reflect/NativeMethodAccessorImpl.invoke;jdk/internal/reflect/NativeMethodAccessorImpl.invoke0;org/apache/cassandra/test/microbench/uring/jmh_generated/UringRawReadBench_read_jmhTest.read_Throughput;org/apache/cassandra/test/microbench/uring/jmh_generated/UringRawReadBench_read_jmhTest.read_thrpt_jmhStub;org/apache/cassandra/test/microbench/uring/UringRawReadBench.read;org/apache/cassandra/io/uring/UringRing.submit;org/apache/cassandra/io/uring/UringRing.enter;org/apache/cassandra/io/uring/UringNative.ioUringEnter;org/apache/cassandra/io/uring/UringNative.syscall;[unknown];syscall;entry_SYSCALL_64_after_hwframe_[k];do_syscall_64_[k];x64_sys_call_[k];__x64_sys_io_uring_enter_[k];__do_sys_io_uring_enter_[k];io_submit_sqes_[k];io_issue_sqe_[k];io_read_[k];__io_read_[k];ext4_file_read_iter_[k];iomap_dio_rw_[k];__iomap_dio_rw_[k];iomap_dio_bio_iter_[k];iomap_dio_alloc_bio.isra.0_[k];bio_alloc_bioset_[k];mempool_alloc_[k];mempool_alloc_slab_[k];kmem_cache_alloc_[k];should_failslab.constprop.0_[k] 1
java/lang/Thread.run;java/util/concurrent/ThreadPoolExecutor$Worker.run;java/util/concurrent/ThreadPoolExecutor.runWorker;java/util/concurrent/FutureTask.run;java/util/concurrent/Executors$RunnableAdapter.call;java/util/concurrent/FutureTask.run;org/openjdk/jmh/runner/BenchmarkHandler$BenchmarkTask.call;org/openjdk/jmh/runner/BenchmarkHandler$BenchmarkTask.call;java/lang/reflect/Method.invoke;jdk/internal/reflect/DelegatingMethodAccessorImpl.invoke;jdk/internal/reflect/NativeMethodAccessorImpl.invoke;jdk/internal/reflect/NativeMethodAccessorImpl.invoke0;org/apache/cassandra/test/microbench/uring/jmh_generated/UringRawReadBench_read_jmhTest.read_Throughput;org/apache/cassandra/test/microbench/uring/jmh_generated/UringRawReadBench_read_jmhTest.read_thrpt_jmhStub;org/apache/cassandra/test/microbench/uring/UringRawReadBench.read;org/apache/cassandra/io/uring/UringRing.submit;org/apache/cassandra/io/uring/UringRing.enter;org/apache/cassandra/io/uring/UringNative.ioUringEnter;org/apache/cassandra/io/uring/UringNative.syscall;[unknown];syscall;entry_SYSCALL_64_after_hwframe_[k];do_syscall_64_[k];x64_sys_call_[k];__x64_sys_io_uring_enter_[k];__do_sys_io_uring_enter_[k];io_submit_sqes_[k];io_issue_sqe_[k];io_read_[k];__io_read_[k];ext4_file_read_iter_[k];iomap_dio_rw_[k];__iomap_dio_rw_[k];kmalloc_trace_[k] 9
java/lang/Thread.run;java/util/concurrent/ThreadPoolExecutor$Worker.run;java/util/concurrent/ThreadPoolExecutor.runWorker;java/util/concurrent/FutureTask.run;java/util/concurrent/Executors$RunnableAdapter.call;java/util/concurrent/FutureTask.run;org/openjdk/jmh/runner/BenchmarkHandler$BenchmarkTask.call;org/openjdk/jmh/runner/BenchmarkHandler$BenchmarkTask.call;java/lang/reflect/Method.invoke;jdk/internal/reflect/DelegatingMethodAccessorImpl.invoke;jdk/internal/reflect/NativeMethodAccessorImpl.invoke;jdk/internal/reflect/NativeMethodAccessorImpl.invoke0;org/apache/cassandra/test/microbench/uring/jmh_generated/UringRawReadBench_read_jmhTest.read_Throughput;org/apache/cassandra/test/microbench/uring/jmh_generated/UringRawReadBench_read_jmhTest.read_thrpt_jmhStub;org/apache/cassandra/test/microbench/uring/UringRawReadBench.read;org/apache/cassandra/io/uring/UringRing.submit;org/apache/cassandra/io/uring/UringRing.enter;org/apache/cassandra/io/uring/UringNative.ioUringEnter;org/apache/cassandra/io/uring/UringNative.syscall;[unknown];syscall;entry_SYSCALL_64_after_hwframe_[k];do_syscall_64_[k];x64_sys_call_[k];__x64_sys_io_uring_enter_[k];__do_sys_io_uring_enter_[k];io_submit_sqes_[k];io_issue_sqe_[k];io_read_[k];__io_read_[k];ext4_file_read_iter_[k];iomap_dio_rw_[k];__iomap_dio_rw_[k];iomap_dio_bio_iter_[k];iomap_dio_submit_bio_[k];submit_bio_[k];submit_bio_noacct_[k];submit_bio_noacct_nocheck_[k];__submit_bio_[k];blk_mq_submit_bio_[k];__blk_mq_alloc_requests_[k] 3
java/lang/Thread.run;java/util/concurrent/ThreadPoolExecutor$Worker.run;java/util/concurrent/ThreadPoolExecutor.runWorker;java/util/concurrent/FutureTask.run;java/util/concurrent/Executors$RunnableAdapter.call;java/util/concurrent/FutureTask.run;org/openjdk/jmh/runner/BenchmarkHandler$BenchmarkTask.call;org/openjdk/jmh/runner/BenchmarkHandler$BenchmarkTask.call;java/lang/reflect/Method.invoke;jdk/internal/reflect/DelegatingMethodAccessorImpl.invoke;jdk/internal/reflect/NativeMethodAccessorImpl.invoke;jdk/internal/reflect/NativeMethodAccessorImpl.invoke0;org/apache/cassandra/test/microbench/uring/jmh_generated/UringRawReadBench_read_jmhTest.read_Throughput;org/apache/cassandra/test/microbench/uring/jmh_generated/UringRawReadBench_read_jmhTest.read_thrpt_jmhStub;org/apache/cassandra/test/microbench/uring/UringRawReadBench.read;org/apache/cassandra/io/uring/UringRing.awaitCompletions;org/apache/cassandra/io/uring/UringRing.enter;org/apache/cassandra/io/uring/UringNative.ioUringEnter;org/apache/cassandra/io/uring/UringNative.syscall;[unknown];syscall;entry_SYSCALL_64_after_hwframe_[k];do_syscall_64_[k];x64_sys_call_[k];__x64_sys_io_uring_enter_[k];__do_sys_io_uring_enter_[k];io_cqring_wait_[k];schedule_[k];__schedule_[k];finish_task_switch.isra.0_[k] 54
java/lang/Thread.run;java/util/concurrent/ThreadPoolExecutor$Worker.run;java/util/concurrent/ThreadPoolExecutor.runWorker;java/util/concurrent/FutureTask.run;java/util/concurrent/Executors$RunnableAdapter.call;java/util/concurrent/FutureTask.run;org/openjdk/jmh/runner/BenchmarkHandler$BenchmarkTask.call;org/openjdk/jmh/runner/BenchmarkHandler$BenchmarkTask.call;java/lang/reflect/Method.invoke;jdk/internal/reflect/DelegatingMethodAccessorImpl.invoke;jdk/internal/reflect/NativeMethodAccessorImpl.invoke;jdk/internal/reflect/NativeMethodAccessorImpl.invoke0;org/apache/cassandra/test/microbench/uring/jmh_generated/UringRawReadBench_read_jmhTest.read_Throughput;org/apache/cassandra/test/microbench/uring/jmh_generated/UringRawReadBench_read_jmhTest.read_thrpt_jmhStub;org/apache/cassandra/test/microbench/uring/UringRawReadBench.read;org/apache/cassandra/io/uring/UringRing.submit;org/apache/cassandra/io/uring/UringRing.enter;org/apache/cassandra/io/uring/UringNative.ioUringEnter;org/apache/cassandra/io/uring/UringNative.syscall;[unknown];syscall;entry_SYSCALL_64_after_hwframe_[k];do_syscall_64_[k];x64_sys_call_[k];__x64_sys_io_uring_enter_[k];__do_sys_io_uring_enter_[k];io_submit_sqes_[k];blk_finish_plug_[k];__blk_flush_plug_[k];blk_mq_flush_plug_list_[k];blk_mq_flush_plug_list.part.0_[k];nvme_queue_rqs?[nvme]_[k];nvme_setup_cmd?[nvme_core]_[k];nvme_setup_rw?[nvme_core]_[k] 4
java/lang/Thread.run;java/util/concurrent/ThreadPoolExecutor$Worker.run;java/util/concurrent/ThreadPoolExecutor.runWorker;java/util/concurrent/FutureTask.run;java/util/concurrent/Executors$RunnableAdapter.call;java/util/concurrent/FutureTask.run;org/openjdk/jmh/runner/BenchmarkHandler$BenchmarkTask.call;org/openjdk/jmh/runner/BenchmarkHandler$BenchmarkTask.call;java/lang/reflect/Method.invoke;jdk/internal/reflect/DelegatingMethodAccessorImpl.invoke;jdk/internal/reflect/NativeMethodAccessorImpl.invoke;jdk/internal/reflect/NativeMethodAccessorImpl.invoke0;org/apache/cassandra/test/microbench/uring/jmh_generated/UringRawReadBench_read_jmhTest.read_Throughput;org/apache/cassandra/test/microbench/uring/jmh_generated/UringRawReadBench_read_jmhTest.read_thrpt_jmhStub;org/apache/cassandra/test/microbench/uring/UringRawReadBench.read;org/apache/cassandra/io/uring/UringRing.awaitCompletions;org/apache/cassandra/io/uring/UringRing.enter;org/apache/cassandra/io/uring/UringNative.ioUringEnter;org/apache/cassandra/io/uring/UringNative.syscall;[unknown];syscall;entry_SYSCALL_64_after_hwframe_[k];do_syscall_64_[k];x64_sys_call_[k];__x64_sys_io_uring_enter_[k];__do_sys_io_uring_enter_[k];io_cqring_wait_[k];io_run_local_work_[k];__io_run_local_work_[k];io_req_rw_complete_[k];io_req_io_end_[k] 4
java/lang/Thread.run;java/util/concurrent/ThreadPoolExecutor$Worker.run;java/util/concurrent/ThreadPoolExecutor.runWorker;java/util/concurrent/FutureTask.run;java/util/concurrent/Executors$RunnableAdapter.call;java/util/concurrent/FutureTask.run;org/openjdk/jmh/runner/BenchmarkHandler$BenchmarkTask.call;org/openjdk/jmh/runner/BenchmarkHandler$BenchmarkTask.call;java/lang/reflect/Method.invoke;jdk/internal/reflect/DelegatingMethodAccessorImpl.invoke;jdk/internal/reflect/NativeMethodAccessorImpl.invoke;jdk/internal/reflect/NativeMethodAccessorImpl.invoke0;org/apache/cassandra/test/microbench/uring/jmh_generated/UringRawReadBench_read_jmhTest.read_Throughput;org/apache/cassandra/test/microbench/uring/jmh_generated/UringRawReadBench_read_jmhTest.read_thrpt_jmhStub;org/apache/cassandra/test/microbench/uring/UringRawReadBench.read;org/apache/cassandra/io/uring/UringRing.submit;org/apache/cassandra/io/uring/UringRing.enter;org/apache/cassandra/io/uring/UringNative.ioUringEnter;org/apache/cassandra/io/uring/UringNative.syscall;[unknown];syscall;entry_SYSCALL_64_after_hwframe_[k];do_syscall_64_[k];x64_sys_call_[k];__x64_sys_io_uring_enter_[k];__do_sys_io_uring_enter_[k];io_submit_sqes_[k];io_issue_sqe_[k];io_read_[k];__io_read_[k];ext4_file_read_iter_[k];iomap_dio_rw_[k];__iomap_dio_rw_[k];iomap_dio_bio_iter_[k];iomap_dio_submit_bio_[k] 4
java/lang/Thread.run;java/util/concurrent/ThreadPoolExecutor$Worker.run;java/util/concurrent/ThreadPoolExecutor.runWorker;java/util/concurrent/FutureTask.run;java/util/concurrent/Executors$RunnableAdapter.call;java/util/concurrent/FutureTask.run;org/openjdk/jmh/runner/BenchmarkHandler$BenchmarkTask.call;org/openjdk/jmh/runner/BenchmarkHandler$BenchmarkTask.call;java/lang/reflect/Method.invoke;jdk/internal/reflect/DelegatingMethodAccessorImpl.invoke;jdk/internal/reflect/NativeMethodAccessorImpl.invoke;jdk/internal/reflect/NativeMethodAccessorImpl.invoke0;org/apache/cassandra/test/microbench/uring/jmh_generated/UringRawReadBench_read_jmhTest.read_Throughput;org/apache/cassandra/test/microbench/uring/jmh_generated/UringRawReadBench_read_jmhTest.read_thrpt_jmhStub;org/apache/cassandra/test/microbench/uring/UringRawReadBench.read;org/apache/cassandra/io/uring/UringRing.submit;org/apache/cassandra/io/uring/UringRing.enter;org/apache/cassandra/io/uring/UringNative.ioUringEnter;org/apache/cassandra/io/uring/UringNative.syscall;[unknown];syscall;entry_SYSCALL_64_after_hwframe_[k];do_syscall_64_[k];x64_sys_call_[k];__x64_sys_io_uring_enter_[k];__do_sys_io_uring_enter_[k];io_submit_sqes_[k];io_issue_sqe_[k];io_read_[k];__io_read_[k];ext4_file_read_iter_[k];iomap_dio_rw_[k];__iomap_dio_rw_[k];iomap_dio_bio_iter_[k];iomap_dio_submit_bio_[k];submit_bio_[k];submit_bio_noacct_[k];submit_bio_noacct_nocheck_[k];__submit_bio_[k];blk_mq_submit_bio_[k];blk_add_rq_to_plug_[k];blk_mq_flush_plug_list.part.0_[k];nvme_queue_rqs?[nvme]_[k];nvme_prep_rq.part.0?[nvme]_[k];nvme_map_data?[nvme]_[k];dma_map_page_attrs_[k];iommu_dma_map_page_[k];__iommu_dma_map_[k];iommu_map_[k];__iommu_map_[k] 7
java/lang/Thread.run;java/util/concurrent/ThreadPoolExecutor$Worker.run;java/util/concurrent/ThreadPoolExecutor.runWorker;java/util/concurrent/FutureTask.run;java/util/concurrent/Executors$RunnableAdapter.call;java/util/concurrent/FutureTask.run;org/openjdk/jmh/runner/BenchmarkHandler$BenchmarkTask.call;org/openjdk/jmh/runner/BenchmarkHandler$BenchmarkTask.call;java/lang/reflect/Method.invoke;jdk/internal/reflect/DelegatingMethodAccessorImpl.invoke;jdk/internal/reflect/NativeMethodAccessorImpl.invoke;jdk/internal/reflect/NativeMethodAccessorImpl.invoke0;org/apache/cassandra/test/microbench/uring/jmh_generated/UringRawReadBench_read_jmhTest.read_Throughput;org/apache/cassandra/test/microbench/uring/jmh_generated/UringRawReadBench_read_jmhTest.read_thrpt_jmhStub;org/apache/cassandra/test/microbench/uring/UringRawReadBench.read;org/apache/cassandra/io/uring/UringRing.prepareRead 2
java/lang/Thread.run;java/util/concurrent/ThreadPoolExecutor$Worker.run;java/util/concurrent/ThreadPoolExecutor.runWorker;java/util/concurrent/FutureTask.run;java/util/concurrent/Executors$RunnableAdapter.call;java/util/concurrent/FutureTask.run;org/openjdk/jmh/runner/BenchmarkHandler$BenchmarkTask.call;org/openjdk/jmh/runner/BenchmarkHandler$BenchmarkTask.call;java/lang/reflect/Method.invoke;jdk/internal/reflect/DelegatingMethodAccessorImpl.invoke;jdk/internal/reflect/NativeMethodAccessorImpl.invoke;jdk/internal/reflect/NativeMethodAccessorImpl.invoke0;org/apache/cassandra/test/microbench/uring/jmh_generated/UringRawReadBench_read_jmhTest.read_Throughput;org/apache/cassandra/test/microbench/uring/jmh_generated/UringRawReadBench_read_jmhTest.read_thrpt_jmhStub;org/apache/cassandra/test/microbench/uring/UringRawReadBench.read;org/apache/cassandra/io/uring/UringRing.submit;org/apache/cassandra/io/uring/UringRing.enter;org/apache/cassandra/io/uring/UringNative.ioUringEnter;org/apache/cassandra/io/uring/UringNative.syscall;[unknown];syscall;entry_SYSCALL_64_after_hwframe_[k];do_syscall_64_[k];x64_sys_call_[k];__x64_sys_io_uring_enter_[k];__do_sys_io_uring_enter_[k];io_submit_sqes_[k];io_issue_sqe_[k];io_read_[k];__io_read_[k];ext4_file_read_iter_[k];iomap_dio_rw_[k];__iomap_dio_rw_[k];iomap_dio_bio_iter_[k];iomap_dio_submit_bio_[k];submit_bio_[k];submit_bio_noacct_[k];submit_bio_noacct_nocheck_[k];__submit_bio_[k];__rcu_read_unlock_[k] 1
java/lang/Thread.run;java/util/concurrent/ThreadPoolExecutor$Worker.run;java/util/concurrent/ThreadPoolExecutor.runWorker;java/util/concurrent/FutureTask.run;java/util/concurrent/Executors$RunnableAdapter.call;java/util/concurrent/FutureTask.run;org/openjdk/jmh/runner/BenchmarkHandler$BenchmarkTask.call;org/openjdk/jmh/runner/BenchmarkHandler$BenchmarkTask.call;java/lang/reflect/Method.invoke;jdk/internal/reflect/DelegatingMethodAccessorImpl.invoke;jdk/internal/reflect/NativeMethodAccessorImpl.invoke;jdk/internal/reflect/NativeMethodAccessorImpl.invoke0;org/apache/cassandra/test/microbench/uring/jmh_generated/UringRawReadBench_read_jmhTest.read_Throughput;org/apache/cassandra/test/microbench/uring/jmh_generated/UringRawReadBench_read_jmhTest.read_thrpt_jmhStub;org/apache/cassandra/test/microbench/uring/UringRawReadBench.read;org/apache/cassandra/io/uring/UringRing.submit;org/apache/cassandra/io/uring/UringRing.enter;org/apache/cassandra/io/uring/UringNative.ioUringEnter;org/apache/cassandra/io/uring/UringNative.syscall;[unknown];syscall;entry_SYSCALL_64_after_hwframe_[k];do_syscall_64_[k];x64_sys_call_[k];__x64_sys_io_uring_enter_[k];__do_sys_io_uring_enter_[k];io_submit_sqes_[k];blk_finish_plug_[k];__blk_flush_plug_[k];blk_mq_flush_plug_list_[k];blk_mq_flush_plug_list.part.0_[k];nvme_queue_rqs?[nvme]_[k];nvme_prep_rq.part.0?[nvme]_[k];blk_mq_start_request_[k] 4
java/lang/Thread.run;java/util/concurrent/ThreadPoolExecutor$Worker.run;java/util/concurrent/ThreadPoolExecutor.runWorker;java/util/concurrent/FutureTask.run;java/util/concurrent/Executors$RunnableAdapter.call;java/util/concurrent/FutureTask.run;org/openjdk/jmh/runner/BenchmarkHandler$BenchmarkTask.call;org/openjdk/jmh/runner/BenchmarkHandler$BenchmarkTask.call;java/lang/reflect/Method.invoke;jdk/internal/reflect/DelegatingMethodAccessorImpl.invoke;jdk/internal/reflect/NativeMethodAccessorImpl.invoke;jdk/internal/reflect/NativeMethodAccessorImpl.invoke0;org/apache/cassandra/test/microbench/uring/jmh_generated/UringRawReadBench_read_jmhTest.read_Throughput;org/apache/cassandra/test/microbench/uring/jmh_generated/UringRawReadBench_read_jmhTest.read_thrpt_jmhStub;org/apache/cassandra/test/microbench/uring/UringRawReadBench.read;org/apache/cassandra/io/uring/UringRing.submit;org/apache/cassandra/io/uring/UringRing.enter;org/apache/cassandra/io/uring/UringNative.ioUringEnter;org/apache/cassandra/io/uring/UringNative.syscall;[unknown];syscall;entry_SYSCALL_64_after_hwframe_[k];do_syscall_64_[k];x64_sys_call_[k];__x64_sys_io_uring_enter_[k];__do_sys_io_uring_enter_[k];io_submit_sqes_[k];io_issue_sqe_[k];io_read_[k];__io_read_[k];ext4_file_read_iter_[k];iomap_dio_rw_[k];__iomap_dio_rw_[k];iomap_dio_bio_iter_[k];iomap_dio_alloc_bio.isra.0_[k];bio_alloc_bioset_[k];__rcu_read_unlock_[k] 1
java/lang/Thread.run;java/util/concurrent/ThreadPoolExecutor$Worker.run;java/util/concurrent/ThreadPoolExecutor.runWorker;java/util/concurrent/FutureTask.run;java/util/concurrent/Executors$RunnableAdapter.call;java/util/concurrent/FutureTask.run;org/openjdk/jmh/runner/BenchmarkHandler$BenchmarkTask.call;org/openjdk/jmh/runner/BenchmarkHandler$BenchmarkTask.call;java/lang/reflect/Method.invoke;jdk/internal/reflect/DelegatingMethodAccessorImpl.invoke;jdk/internal/reflect/NativeMethodAccessorImpl.invoke;jdk/internal/reflect/NativeMethodAccessorImpl.invoke0;org/apache/cassandra/test/microbench/uring/jmh_generated/UringRawReadBench_read_jmhTest.read_Throughput;org/apache/cassandra/test/microbench/uring/jmh_generated/UringRawReadBench_read_jmhTest.read_thrpt_jmhStub;org/apache/cassandra/test/microbench/uring/UringRawReadBench.read;org/apache/cassandra/io/uring/UringRing.submit;org/apache/cassandra/io/uring/UringRing.enter;org/apache/cassandra/io/uring/UringNative.ioUringEnter;org/apache/cassandra/io/uring/UringNative.syscall;[unknown];syscall;entry_SYSCALL_64_after_hwframe_[k];do_syscall_64_[k];x64_sys_call_[k];__x64_sys_io_uring_enter_[k];__do_sys_io_uring_enter_[k];io_submit_sqes_[k];io_issue_sqe_[k];io_read_[k];__io_read_[k];ext4_file_read_iter_[k];iomap_dio_rw_[k];__iomap_dio_rw_[k];iomap_dio_bio_iter_[k];iomap_dio_submit_bio_[k];submit_bio_[k];submit_bio_noacct_[k];submit_bio_noacct_nocheck_[k];__submit_bio_[k];blk_mq_submit_bio_[k];blk_add_rq_to_plug_[k];blk_mq_flush_plug_list.part.0_[k];nvme_queue_rqs?[nvme]_[k];nvme_prep_rq.part.0?[nvme]_[k];nvme_map_data?[nvme]_[k];iommu_dma_map_page_[k] 2
java/lang/Thread.run;java/util/concurrent/ThreadPoolExecutor$Worker.run;java/util/concurrent/ThreadPoolExecutor.runWorker;java/util/concurrent/FutureTask.run;java/util/concurrent/Executors$RunnableAdapter.call;java/util/concurrent/FutureTask.run;org/openjdk/jmh/runner/BenchmarkHandler$BenchmarkTask.call;org/openjdk/jmh/runner/BenchmarkHandler$BenchmarkTask.call;java/lang/reflect/Method.invoke;jdk/internal/reflect/DelegatingMethodAccessorImpl.invoke;jdk/internal/reflect/NativeMethodAccessorImpl.invoke;jdk/internal/reflect/NativeMethodAccessorImpl.invoke0;org/apache/cassandra/test/microbench/uring/jmh_generated/UringRawReadBench_read_jmhTest.read_Throughput;org/apache/cassandra/test/microbench/uring/jmh_generated/UringRawReadBench_read_jmhTest.read_thrpt_jmhStub;org/apache/cassandra/test/microbench/uring/UringRawReadBench.read;org/apache/cassandra/io/uring/UringRing.awaitCompletions;org/apache/cassandra/io/uring/UringRing.enter;org/apache/cassandra/io/uring/UringNative.ioUringEnter;org/apache/cassandra/io/uring/UringNative.syscall;[unknown];syscall;entry_SYSCALL_64_after_hwframe_[k];do_syscall_64_[k];x64_sys_call_[k] 1
java/lang/Thread.run;java/util/concurrent/ThreadPoolExecutor$Worker.run;java/util/concurrent/ThreadPoolExecutor.runWorker;java/util/concurrent/FutureTask.run;java/util/concurrent/Executors$RunnableAdapter.call;java/util/concurrent/FutureTask.run;org/openjdk/jmh/runner/BenchmarkHandler$BenchmarkTask.call;org/openjdk/jmh/runner/BenchmarkHandler$BenchmarkTask.call;java/lang/reflect/Method.invoke;jdk/internal/reflect/DelegatingMethodAccessorImpl.invoke;jdk/internal/reflect/NativeMethodAccessorImpl.invoke;jdk/internal/reflect/NativeMethodAccessorImpl.invoke0;org/apache/cassandra/test/microbench/uring/jmh_generated/UringRawReadBench_read_jmhTest.read_Throughput;org/apache/cassandra/test/microbench/uring/jmh_generated/UringRawReadBench_read_jmhTest.read_thrpt_jmhStub;org/apache/cassandra/test/microbench/uring/UringRawReadBench.read;org/apache/cassandra/io/uring/UringRing.submit;org/apache/cassandra/io/uring/UringRing.enter;org/apache/cassandra/io/uring/UringNative.ioUringEnter;org/apache/cassandra/io/uring/UringNative.syscall;[unknown];syscall;entry_SYSCALL_64_after_hwframe_[k];do_syscall_64_[k];x64_sys_call_[k];__x64_sys_io_uring_enter_[k];__do_sys_io_uring_enter_[k];io_submit_sqes_[k];blk_finish_plug_[k];__blk_flush_plug_[k];blk_mq_flush_plug_list_[k];blk_mq_flush_plug_list.part.0_[k];nvme_queue_rqs?[nvme]_[k];nvme_prep_rq.part.0?[nvme]_[k];nvme_map_data?[nvme]_[k];dma_map_page_attrs_[k];iommu_dma_map_page_[k];__iommu_dma_map_[k];iommu_map_[k];__iommu_map_[k] 3
java/lang/Thread.run;java/util/concurrent/ThreadPoolExecutor$Worker.run;java/util/concurrent/ThreadPoolExecutor.runWorker;java/util/concurrent/FutureTask.run;java/util/concurrent/Executors$RunnableAdapter.call;java/util/concurrent/FutureTask.run;org/openjdk/jmh/runner/BenchmarkHandler$BenchmarkTask.call;org/openjdk/jmh/runner/BenchmarkHandler$BenchmarkTask.call;java/lang/reflect/Method.invoke;jdk/internal/reflect/DelegatingMethodAccessorImpl.invoke;jdk/internal/reflect/NativeMethodAccessorImpl.invoke;jdk/internal/reflect/NativeMethodAccessorImpl.invoke0;org/apache/cassandra/test/microbench/uring/jmh_generated/UringRawReadBench_read_jmhTest.read_Throughput;org/apache/cassandra/test/microbench/uring/jmh_generated/UringRawReadBench_read_jmhTest.read_thrpt_jmhStub;org/apache/cassandra/test/microbench/uring/UringRawReadBench.read;org/apache/cassandra/io/uring/UringRing.submit;org/apache/cassandra/io/uring/UringRing.enter;org/apache/cassandra/io/uring/UringNative.ioUringEnter;org/apache/cassandra/io/uring/UringNative.syscall;[unknown];syscall;entry_SYSCALL_64_after_hwframe_[k];do_syscall_64_[k];x64_sys_call_[k];__x64_sys_io_uring_enter_[k];__do_sys_io_uring_enter_[k];io_submit_sqes_[k];io_init_req_[k] 5
java/lang/Thread.run;java/util/concurrent/ThreadPoolExecutor$Worker.run;java/util/concurrent/ThreadPoolExecutor.runWorker;java/util/concurrent/FutureTask.run;java/util/concurrent/Executors$RunnableAdapter.call;java/util/concurrent/FutureTask.run;org/openjdk/jmh/runner/BenchmarkHandler$BenchmarkTask.call;org/openjdk/jmh/runner/BenchmarkHandler$BenchmarkTask.call;java/lang/reflect/Method.invoke;jdk/internal/reflect/DelegatingMethodAccessorImpl.invoke;jdk/internal/reflect/NativeMethodAccessorImpl.invoke;jdk/internal/reflect/NativeMethodAccessorImpl.invoke0;org/apache/cassandra/test/microbench/uring/jmh_generated/UringRawReadBench_read_jmhTest.read_Throughput;org/apache/cassandra/test/microbench/uring/jmh_generated/UringRawReadBench_read_jmhTest.read_thrpt_jmhStub;org/apache/cassandra/test/microbench/uring/UringRawReadBench.read;org/apache/cassandra/io/uring/UringRing.submit;org/apache/cassandra/io/uring/UringRing.enter;org/apache/cassandra/io/uring/UringNative.ioUringEnter;org/apache/cassandra/io/uring/UringNative.syscall;[unknown];syscall;entry_SYSCALL_64_after_hwframe_[k];do_syscall_64_[k];x64_sys_call_[k];__x64_sys_io_uring_enter_[k];__do_sys_io_uring_enter_[k];io_submit_sqes_[k];io_issue_sqe_[k];io_read_[k];__io_read_[k];ext4_file_read_iter_[k];iomap_dio_rw_[k];kiocb_write_and_wait_[k] 2
java/lang/Thread.run;java/util/concurrent/ThreadPoolExecutor$Worker.run;java/util/concurrent/ThreadPoolExecutor.runWorker;java/util/concurrent/FutureTask.run;java/util/concurrent/Executors$RunnableAdapter.call;java/util/concurrent/FutureTask.run;org/openjdk/jmh/runner/BenchmarkHandler$BenchmarkTask.call;org/openjdk/jmh/runner/BenchmarkHandler$BenchmarkTask.call;java/lang/reflect/Method.invoke;jdk/internal/reflect/DelegatingMethodAccessorImpl.invoke;jdk/internal/reflect/NativeMethodAccessorImpl.invoke;jdk/internal/reflect/NativeMethodAccessorImpl.invoke0;org/apache/cassandra/test/microbench/uring/jmh_generated/UringRawReadBench_read_jmhTest.read_Throughput;org/apache/cassandra/test/microbench/uring/jmh_generated/UringRawReadBench_read_jmhTest.read_thrpt_jmhStub;org/apache/cassandra/test/microbench/uring/UringRawReadBench.read;org/apache/cassandra/io/uring/UringRing.submit;org/apache/cassandra/io/uring/UringRing.enter;org/apache/cassandra/io/uring/UringNative.ioUringEnter;org/apache/cassandra/io/uring/UringNative.syscall;[unknown];syscall;entry_SYSCALL_64_after_hwframe_[k];do_syscall_64_[k];x64_sys_call_[k];__x64_sys_io_uring_enter_[k];__do_sys_io_uring_enter_[k];io_submit_sqes_[k];io_issue_sqe_[k];io_read_[k];__io_read_[k];ext4_file_read_iter_[k];iomap_dio_rw_[k];__iomap_dio_rw_[k];iomap_dio_bio_iter_[k];iomap_dio_submit_bio_[k];submit_bio_[k];submit_bio_noacct_[k];submit_bio_noacct_nocheck_[k];__submit_bio_[k];blk_mq_submit_bio_[k];blk_mq_attempt_bio_merge_[k];blk_attempt_plug_merge_[k];blk_rq_merge_ok_[k] 2
java/lang/Thread.run;java/util/concurrent/ThreadPoolExecutor$Worker.run;java/util/concurrent/ThreadPoolExecutor.runWorker;java/util/concurrent/FutureTask.run;java/util/concurrent/Executors$RunnableAdapter.call;java/util/concurrent/FutureTask.run;org/openjdk/jmh/runner/BenchmarkHandler$BenchmarkTask.call;org/openjdk/jmh/runner/BenchmarkHandler$BenchmarkTask.call;java/lang/reflect/Method.invoke;jdk/internal/reflect/DelegatingMethodAccessorImpl.invoke;jdk/internal/reflect/NativeMethodAccessorImpl.invoke;jdk/internal/reflect/NativeMethodAccessorImpl.invoke0;org/apache/cassandra/test/microbench/uring/jmh_generated/UringRawReadBench_read_jmhTest.read_Throughput;org/apache/cassandra/test/microbench/uring/jmh_generated/UringRawReadBench_read_jmhTest.read_thrpt_jmhStub;org/apache/cassandra/test/microbench/uring/UringRawReadBench.read;org/apache/cassandra/io/uring/UringRing.submit;org/apache/cassandra/io/uring/UringRing.enter;org/apache/cassandra/io/uring/UringNative.ioUringEnter;org/apache/cassandra/io/uring/UringNative.syscall;[unknown];syscall;entry_SYSCALL_64_after_hwframe_[k];do_syscall_64_[k];x64_sys_call_[k];__x64_sys_io_uring_enter_[k];__do_sys_io_uring_enter_[k];io_submit_sqes_[k];io_issue_sqe_[k];io_read_[k];__io_read_[k];ext4_file_read_iter_[k];iomap_dio_rw_[k];__iomap_dio_rw_[k];iomap_dio_bio_iter_[k];iomap_dio_submit_bio_[k];submit_bio_[k];submit_bio_noacct_[k];submit_bio_noacct_nocheck_[k];__submit_bio_[k];blk_mq_submit_bio_[k];blk_add_rq_to_plug_[k];blk_mq_flush_plug_list.part.0_[k];nvme_queue_rqs?[nvme]_[k];nvme_prep_rq.part.0?[nvme]_[k];nvme_map_data?[nvme]_[k];dma_map_page_attrs_[k];iommu_dma_map_page_[k];__iommu_dma_map_[k];iommu_map_[k];__iommu_map_[k];iommu_pgsize_[k] 3
java/lang/Thread.run;java/util/concurrent/ThreadPoolExecutor$Worker.run;java/util/concurrent/ThreadPoolExecutor.runWorker;java/util/concurrent/FutureTask.run;java/util/concurrent/Executors$RunnableAdapter.call;java/util/concurrent/FutureTask.run;org/openjdk/jmh/runner/BenchmarkHandler$BenchmarkTask.call;org/openjdk/jmh/runner/BenchmarkHandler$BenchmarkTask.call;java/lang/reflect/Method.invoke;jdk/internal/reflect/DelegatingMethodAccessorImpl.invoke;jdk/internal/reflect/NativeMethodAccessorImpl.invoke;jdk/internal/reflect/NativeMethodAccessorImpl.invoke0;org/apache/cassandra/test/microbench/uring/jmh_generated/UringRawReadBench_read_jmhTest.read_Throughput;org/apache/cassandra/test/microbench/uring/jmh_generated/UringRawReadBench_read_jmhTest.read_thrpt_jmhStub;org/apache/cassandra/test/microbench/uring/UringRawReadBench.read;org/apache/cassandra/io/uring/UringRing.submit;org/apache/cassandra/io/uring/UringRing.enter;org/apache/cassandra/io/uring/UringNative.ioUringEnter;org/apache/cassandra/io/uring/UringNative.syscall;[unknown];syscall;entry_SYSCALL_64_after_hwframe_[k];do_syscall_64_[k];x64_sys_call_[k];__x64_sys_io_uring_enter_[k];__do_sys_io_uring_enter_[k];io_submit_sqes_[k];io_issue_sqe_[k];io_read_[k];__io_read_[k];ext4_file_read_iter_[k];iomap_dio_rw_[k];__iomap_dio_rw_[k];iomap_dio_bio_iter_[k];iomap_dio_submit_bio_[k];submit_bio_[k];submit_bio_noacct_[k];submit_bio_noacct_nocheck_[k];__submit_bio_[k];blk_mq_submit_bio_[k];blk_add_rq_to_plug_[k];blk_mq_flush_plug_list.part.0_[k];nvme_queue_rqs?[nvme]_[k];nvme_prep_rq.part.0?[nvme]_[k];blk_add_timer_[k] 1
java/lang/Thread.run;java/util/concurrent/ThreadPoolExecutor$Worker.run;java/util/concurrent/ThreadPoolExecutor.runWorker;java/util/concurrent/FutureTask.run;java/util/concurrent/Executors$RunnableAdapter.call;java/util/concurrent/FutureTask.run;org/openjdk/jmh/runner/BenchmarkHandler$BenchmarkTask.call;org/openjdk/jmh/runner/BenchmarkHandler$BenchmarkTask.call;java/lang/reflect/Method.invoke;jdk/internal/reflect/DelegatingMethodAccessorImpl.invoke;jdk/internal/reflect/NativeMethodAccessorImpl.invoke;jdk/internal/reflect/NativeMethodAccessorImpl.invoke0;org/apache/cassandra/test/microbench/uring/jmh_generated/UringRawReadBench_read_jmhTest.read_Throughput;org/apache/cassandra/test/microbench/uring/jmh_generated/UringRawReadBench_read_jmhTest.read_thrpt_jmhStub;org/apache/cassandra/test/microbench/uring/UringRawReadBench.read;org/apache/cassandra/io/uring/UringRing.awaitCompletions;org/apache/cassandra/io/uring/UringRing.enter;org/apache/cassandra/io/uring/UringNative.ioUringEnter;org/apache/cassandra/io/uring/UringNative.syscall;/root/.cache/JNA/temp/jna18280739141362750566.tmp;/root/.cache/JNA/temp/jna18280739141362750566.tmp;/root/.cache/JNA/temp/jna18280739141362750566.tmp;ffi_call;/usr/lib/x86_64-linux-gnu/libc.so.6 2
java/lang/Thread.run;java/util/concurrent/ThreadPoolExecutor$Worker.run;java/util/concurrent/ThreadPoolExecutor.runWorker;java/util/concurrent/FutureTask.run;java/util/concurrent/Executors$RunnableAdapter.call;java/util/concurrent/FutureTask.run;org/openjdk/jmh/runner/BenchmarkHandler$BenchmarkTask.call;org/openjdk/jmh/runner/BenchmarkHandler$BenchmarkTask.call;java/lang/reflect/Method.invoke;jdk/internal/reflect/DelegatingMethodAccessorImpl.invoke;jdk/internal/reflect/NativeMethodAccessorImpl.invoke;jdk/internal/reflect/NativeMethodAccessorImpl.invoke0;org/apache/cassandra/test/microbench/uring/jmh_generated/UringRawReadBench_read_jmhTest.read_Throughput;org/apache/cassandra/test/microbench/uring/jmh_generated/UringRawReadBench_read_jmhTest.read_thrpt_jmhStub;org/apache/cassandra/test/microbench/uring/UringRawReadBench.read;org/apache/cassandra/io/uring/UringRing.submit;org/apache/cassandra/io/uring/UringRing.enter;org/apache/cassandra/io/uring/UringNative.ioUringEnter;org/apache/cassandra/io/uring/UringNative.syscall;[unknown];syscall;entry_SYSCALL_64_after_hwframe_[k];do_syscall_64_[k];x64_sys_call_[k];__x64_sys_io_uring_enter_[k];__do_sys_io_uring_enter_[k];io_submit_sqes_[k];io_issue_sqe_[k];io_read_[k];__io_read_[k];ext4_file_read_iter_[k];iomap_dio_rw_[k];__iomap_dio_rw_[k];iomap_dio_bio_iter_[k];iomap_dio_submit_bio_[k];submit_bio_[k];submit_bio_noacct_[k];submit_bio_noacct_nocheck_[k];__submit_bio_[k] 1
java/lang/Thread.run;java/util/concurrent/ThreadPoolExecutor$Worker.run;java/util/concurrent/ThreadPoolExecutor.runWorker;java/util/concurrent/FutureTask.run;java/util/concurrent/Executors$RunnableAdapter.call;java/util/concurrent/FutureTask.run;org/openjdk/jmh/runner/BenchmarkHandler$BenchmarkTask.call;org/openjdk/jmh/runner/BenchmarkHandler$BenchmarkTask.call;java/lang/reflect/Method.invoke;jdk/internal/reflect/DelegatingMethodAccessorImpl.invoke;jdk/internal/reflect/NativeMethodAccessorImpl.invoke;jdk/internal/reflect/NativeMethodAccessorImpl.invoke0;org/apache/cassandra/test/microbench/uring/jmh_generated/UringRawReadBench_read_jmhTest.read_Throughput;org/apache/cassandra/test/microbench/uring/jmh_generated/UringRawReadBench_read_jmhTest.read_thrpt_jmhStub;org/apache/cassandra/test/microbench/uring/UringRawReadBench.read;java/util/HashMap.put;java/util/HashMap.putVal;java/util/HashMap.newNode;asm_exc_page_fault_[k];exc_page_fault_[k];do_user_addr_fault_[k];handle_mm_fault_[k];__handle_mm_fault_[k];handle_pte_fault_[k];do_anonymous_page_[k];folio_add_lru_vma_[k];folio_add_lru_[k];folio_batch_move_lru_[k];_raw_spin_unlock_irqrestore_[k] 1
java/lang/Thread.run;java/util/concurrent/ThreadPoolExecutor$Worker.run;java/util/concurrent/ThreadPoolExecutor.runWorker;java/util/concurrent/FutureTask.run;java/util/concurrent/Executors$RunnableAdapter.call;java/util/concurrent/FutureTask.run;org/openjdk/jmh/runner/BenchmarkHandler$BenchmarkTask.call;org/openjdk/jmh/runner/BenchmarkHandler$BenchmarkTask.call;java/lang/reflect/Method.invoke;jdk/internal/reflect/DelegatingMethodAccessorImpl.invoke;jdk/internal/reflect/NativeMethodAccessorImpl.invoke;jdk/internal/reflect/NativeMethodAccessorImpl.invoke0;org/apache/cassandra/test/microbench/uring/jmh_generated/UringRawReadBench_read_jmhTest.read_Throughput;org/apache/cassandra/test/microbench/uring/jmh_generated/UringRawReadBench_read_jmhTest.read_thrpt_jmhStub;org/apache/cassandra/test/microbench/uring/UringRawReadBench.read;org/apache/cassandra/io/uring/UringRing.awaitCompletions;org/apache/cassandra/io/uring/UringRing.enter;org/apache/cassandra/io/uring/UringNative.ioUringEnter;org/apache/cassandra/io/uring/UringNative.syscall;[unknown];syscall;entry_SYSCALL_64_after_hwframe_[k];do_syscall_64_[k];x64_sys_call_[k];__x64_sys_io_uring_enter_[k];__do_sys_io_uring_enter_[k];io_cqring_wait_[k];io_run_local_work_[k];__io_run_local_work_[k];__io_submit_flush_completions_[k];io_free_batch_list_[k] 2
java/lang/Thread.run;java/util/concurrent/ThreadPoolExecutor$Worker.run;java/util/concurrent/ThreadPoolExecutor.runWorker;java/util/concurrent/FutureTask.run;java/util/concurrent/Executors$RunnableAdapter.call;java/util/concurrent/FutureTask.run;org/openjdk/jmh/runner/BenchmarkHandler$BenchmarkTask.call;org/openjdk/jmh/runner/BenchmarkHandler$BenchmarkTask.call;java/lang/reflect/Method.invoke;jdk/internal/reflect/DelegatingMethodAccessorImpl.invoke;jdk/internal/reflect/NativeMethodAccessorImpl.invoke;jdk/internal/reflect/NativeMethodAccessorImpl.invoke0;org/apache/cassandra/test/microbench/uring/jmh_generated/UringRawReadBench_read_jmhTest.read_Throughput;org/apache/cassandra/test/microbench/uring/jmh_generated/UringRawReadBench_read_jmhTest.read_thrpt_jmhStub;org/apache/cassandra/test/microbench/uring/UringRawReadBench.read;org/apache/cassandra/io/uring/UringRing.submit;org/apache/cassandra/io/uring/UringRing.enter;org/apache/cassandra/io/uring/UringNative.ioUringEnter;org/apache/cassandra/io/uring/UringNative.syscall;[unknown];syscall;entry_SYSCALL_64_after_hwframe_[k];do_syscall_64_[k];x64_sys_call_[k];__x64_sys_io_uring_enter_[k];__do_sys_io_uring_enter_[k];io_submit_sqes_[k];io_issue_sqe_[k];io_file_get_normal_[k];fget_[k];__rcu_read_lock_[k] 3
java/lang/Thread.run;java/util/concurrent/ThreadPoolExecutor$Worker.run;java/util/concurrent/ThreadPoolExecutor.runWorker;java/util/concurrent/FutureTask.run;java/util/concurrent/Executors$RunnableAdapter.call;java/util/concurrent/FutureTask.run;org/openjdk/jmh/runner/BenchmarkHandler$BenchmarkTask.call;org/openjdk/jmh/runner/BenchmarkHandler$BenchmarkTask.call;java/lang/reflect/Method.invoke;jdk/internal/reflect/DelegatingMethodAccessorImpl.invoke;jdk/internal/reflect/NativeMethodAccessorImpl.invoke;jdk/internal/reflect/NativeMethodAccessorImpl.invoke0;org/apache/cassandra/test/microbench/uring/jmh_generated/UringRawReadBench_read_jmhTest.read_Throughput;org/apache/cassandra/test/microbench/uring/jmh_generated/UringRawReadBench_read_jmhTest.read_thrpt_jmhStub;org/apache/cassandra/test/microbench/uring/UringRawReadBench.read;org/apache/cassandra/io/uring/UringRing.submit;org/apache/cassandra/io/uring/UringRing.enter;org/apache/cassandra/io/uring/UringNative.ioUringEnter;org/apache/cassandra/io/uring/UringNative.syscall;[unknown];syscall;entry_SYSCALL_64_after_hwframe_[k];do_syscall_64_[k];x64_sys_call_[k];__x64_sys_io_uring_enter_[k];__do_sys_io_uring_enter_[k];io_submit_sqes_[k];io_issue_sqe_[k];io_read_[k];__io_read_[k];ext4_file_read_iter_[k];iomap_dio_rw_[k];__iomap_dio_rw_[k];iomap_dio_bio_iter_[k];iomap_dio_submit_bio_[k];submit_bio_[k];submit_bio_noacct_[k];submit_bio_noacct_nocheck_[k];__submit_bio_[k];blk_mq_submit_bio_[k];blk_add_rq_to_plug_[k];blk_mq_flush_plug_list.part.0_[k];nvme_queue_rqs?[nvme]_[k];nvme_prep_rq.part.0?[nvme]_[k];nvme_map_data?[nvme]_[k];dma_map_page_attrs_[k];iommu_dma_map_page_[k];__iommu_dma_map_[k];iommu_map_[k];__iommu_map_[k];intel_iommu_map_pages_[k];__domain_mapping_[k];pfn_to_dma_pte_[k] 1
java/lang/Thread.run;java/util/concurrent/ThreadPoolExecutor$Worker.run;java/util/concurrent/ThreadPoolExecutor.runWorker;java/util/concurrent/FutureTask.run;java/util/concurrent/Executors$RunnableAdapter.call;java/util/concurrent/FutureTask.run;org/openjdk/jmh/runner/BenchmarkHandler$BenchmarkTask.call;org/openjdk/jmh/runner/BenchmarkHandler$BenchmarkTask.call;java/lang/reflect/Method.invoke;jdk/internal/reflect/DelegatingMethodAccessorImpl.invoke;jdk/internal/reflect/NativeMethodAccessorImpl.invoke;jdk/internal/reflect/NativeMethodAccessorImpl.invoke0;org/apache/cassandra/test/microbench/uring/jmh_generated/UringRawReadBench_read_jmhTest.read_Throughput;org/apache/cassandra/test/microbench/uring/jmh_generated/UringRawReadBench_read_jmhTest.read_thrpt_jmhStub;org/apache/cassandra/test/microbench/uring/UringRawReadBench.read;org/apache/cassandra/io/uring/UringRing.awaitCompletions;org/apache/cassandra/io/uring/UringRing.enter;org/apache/cassandra/io/uring/UringNative.ioUringEnter;org/apache/cassandra/io/uring/UringNative.syscall;[unknown];syscall;entry_SYSCALL_64_after_hwframe_[k];x64_sys_call_[k] 1
java/lang/Thread.run;java/util/concurrent/ThreadPoolExecutor$Worker.run;java/util/concurrent/ThreadPoolExecutor.runWorker;java/util/concurrent/FutureTask.run;java/util/concurrent/Executors$RunnableAdapter.call;java/util/concurrent/FutureTask.run;org/openjdk/jmh/runner/BenchmarkHandler$BenchmarkTask.call;org/openjdk/jmh/runner/BenchmarkHandler$BenchmarkTask.call;java/lang/reflect/Method.invoke;jdk/internal/reflect/DelegatingMethodAccessorImpl.invoke;jdk/internal/reflect/NativeMethodAccessorImpl.invoke;jdk/internal/reflect/NativeMethodAccessorImpl.invoke0;org/apache/cassandra/test/microbench/uring/jmh_generated/UringRawReadBench_read_jmhTest.read_Throughput;org/apache/cassandra/test/microbench/uring/jmh_generated/UringRawReadBench_read_jmhTest.read_thrpt_jmhStub;org/apache/cassandra/test/microbench/uring/UringRawReadBench.read;org/apache/cassandra/io/uring/UringRing.submit;org/apache/cassandra/io/uring/UringRing.enter;org/apache/cassandra/io/uring/UringNative.ioUringEnter;org/apache/cassandra/io/uring/UringNative.syscall;[unknown];syscall;entry_SYSCALL_64_after_hwframe_[k];do_syscall_64_[k];x64_sys_call_[k];__x64_sys_io_uring_enter_[k];__do_sys_io_uring_enter_[k];io_submit_sqes_[k];io_issue_sqe_[k];io_read_[k];__io_read_[k];ext4_file_read_iter_[k];up_read_[k] 4
java/lang/Thread.run;java/util/concurrent/ThreadPoolExecutor$Worker.run;java/util/concurrent/ThreadPoolExecutor.runWorker;java/util/concurrent/FutureTask.run;java/util/concurrent/Executors$RunnableAdapter.call;java/util/concurrent/FutureTask.run;org/openjdk/jmh/runner/BenchmarkHandler$BenchmarkTask.call;org/openjdk/jmh/runner/BenchmarkHandler$BenchmarkTask.call;java/lang/reflect/Method.invoke;jdk/internal/reflect/DelegatingMethodAccessorImpl.invoke;jdk/internal/reflect/NativeMethodAccessorImpl.invoke;jdk/internal/reflect/NativeMethodAccessorImpl.invoke0;org/apache/cassandra/test/microbench/uring/jmh_generated/UringRawReadBench_read_jmhTest.read_Throughput;org/apache/cassandra/test/microbench/uring/jmh_generated/UringRawReadBench_read_jmhTest.read_thrpt_jmhStub;org/apache/cassandra/test/microbench/uring/UringRawReadBench.read;org/apache/cassandra/io/uring/UringRing.submit;org/apache/cassandra/io/uring/UringRing.enter;org/apache/cassandra/io/uring/UringNative.ioUringEnter;org/apache/cassandra/io/uring/UringNative.syscall;[unknown];syscall;entry_SYSCALL_64_after_hwframe_[k];do_syscall_64_[k];x64_sys_call_[k];__x64_sys_io_uring_enter_[k];__do_sys_io_uring_enter_[k];io_submit_sqes_[k];io_issue_sqe_[k];io_read_[k];__io_read_[k];ext4_file_read_iter_[k];iomap_dio_rw_[k];__iomap_dio_rw_[k];iov_iter_npages_[k] 2
java/lang/Thread.run;java/util/concurrent/ThreadPoolExecutor$Worker.run;java/util/concurrent/ThreadPoolExecutor.runWorker;java/util/concurrent/FutureTask.run;java/util/concurrent/Executors$RunnableAdapter.call;java/util/concurrent/FutureTask.run;org/openjdk/jmh/runner/BenchmarkHandler$BenchmarkTask.call;org/openjdk/jmh/runner/BenchmarkHandler$BenchmarkTask.call;java/lang/reflect/Method.invoke;jdk/internal/reflect/DelegatingMethodAccessorImpl.invoke;jdk/internal/reflect/NativeMethodAccessorImpl.invoke;jdk/internal/reflect/NativeMethodAccessorImpl.invoke0;org/apache/cassandra/test/microbench/uring/jmh_generated/UringRawReadBench_read_jmhTest.read_Throughput;org/apache/cassandra/test/microbench/uring/jmh_generated/UringRawReadBench_read_jmhTest.read_thrpt_jmhStub;org/apache/cassandra/test/microbench/uring/UringRawReadBench.read;org/apache/cassandra/io/uring/UringRing.awaitCompletions;org/apache/cassandra/io/uring/UringRing.enter;org/apache/cassandra/io/uring/UringNative.ioUringEnter;org/apache/cassandra/io/uring/UringNative.syscall;[unknown];syscall;asm_sysvec_apic_timer_interrupt_[k];sysvec_apic_timer_interrupt_[k];irq_exit_rcu_[k];__irq_exit_rcu_[k];handle_softirqs_[k];run_timer_softirq_[k];__run_timers_[k];call_timer_fn_[k];fq_flush_timeout_[k];_raw_spin_unlock_irqrestore_[k] 1
java/lang/Thread.run;java/util/concurrent/ThreadPoolExecutor$Worker.run;java/util/concurrent/ThreadPoolExecutor.runWorker;java/util/concurrent/FutureTask.run;java/util/concurrent/Executors$RunnableAdapter.call;java/util/concurrent/FutureTask.run;org/openjdk/jmh/runner/BenchmarkHandler$BenchmarkTask.call;org/openjdk/jmh/runner/BenchmarkHandler$BenchmarkTask.call;java/lang/reflect/Method.invoke;jdk/internal/reflect/DelegatingMethodAccessorImpl.invoke;jdk/internal/reflect/NativeMethodAccessorImpl.invoke;jdk/internal/reflect/NativeMethodAccessorImpl.invoke0;org/apache/cassandra/test/microbench/uring/jmh_generated/UringRawReadBench_read_jmhTest.read_Throughput;org/apache/cassandra/test/microbench/uring/jmh_generated/UringRawReadBench_read_jmhTest.read_thrpt_jmhStub;org/apache/cassandra/test/microbench/uring/UringRawReadBench.read;org/apache/cassandra/io/uring/UringRing.submit;org/apache/cassandra/io/uring/UringRing.enter;org/apache/cassandra/io/uring/UringNative.ioUringEnter;org/apache/cassandra/io/uring/UringNative.syscall;[unknown];syscall;entry_SYSCALL_64_after_hwframe_[k];do_syscall_64_[k];x64_sys_call_[k];__x64_sys_io_uring_enter_[k];__do_sys_io_uring_enter_[k];io_submit_sqes_[k];io_issue_sqe_[k];io_read_[k];__io_read_[k];ext4_file_read_iter_[k];iomap_dio_rw_[k];__iomap_dio_rw_[k];iomap_dio_bio_iter_[k];iomap_dio_alloc_bio.isra.0_[k];bio_alloc_bioset_[k] 9
java/lang/Thread.run;java/util/concurrent/ThreadPoolExecutor$Worker.run;java/util/concurrent/ThreadPoolExecutor.runWorker;java/util/concurrent/FutureTask.run;java/util/concurrent/Executors$RunnableAdapter.call;java/util/concurrent/FutureTask.run;org/openjdk/jmh/runner/BenchmarkHandler$BenchmarkTask.call;org/openjdk/jmh/runner/BenchmarkHandler$BenchmarkTask.call;java/lang/reflect/Method.invoke;jdk/internal/reflect/DelegatingMethodAccessorImpl.invoke;jdk/internal/reflect/NativeMethodAccessorImpl.invoke;jdk/internal/reflect/NativeMethodAccessorImpl.invoke0;org/apache/cassandra/test/microbench/uring/jmh_generated/UringRawReadBench_read_jmhTest.read_Throughput;org/apache/cassandra/test/microbench/uring/jmh_generated/UringRawReadBench_read_jmhTest.read_thrpt_jmhStub;org/apache/cassandra/test/microbench/uring/UringRawReadBench.read;org/apache/cassandra/io/uring/UringRing.submit;org/apache/cassandra/io/uring/UringRing.enter;org/apache/cassandra/io/uring/UringNative.ioUringEnter;org/apache/cassandra/io/uring/UringNative.syscall;/root/.cache/JNA/temp/jna18280739141362750566.tmp;/root/.cache/JNA/temp/jna18280739141362750566.tmp;/root/.cache/JNA/temp/jna18280739141362750566.tmp;JNA_set_last_error;pthread_getspecific 2
java/lang/Thread.run;java/util/concurrent/ThreadPoolExecutor$Worker.run;java/util/concurrent/ThreadPoolExecutor.runWorker;java/util/concurrent/FutureTask.run;java/util/concurrent/Executors$RunnableAdapter.call;java/util/concurrent/FutureTask.run;org/openjdk/jmh/runner/BenchmarkHandler$BenchmarkTask.call;org/openjdk/jmh/runner/BenchmarkHandler$BenchmarkTask.call;java/lang/reflect/Method.invoke;jdk/internal/reflect/DelegatingMethodAccessorImpl.invoke;jdk/internal/reflect/NativeMethodAccessorImpl.invoke;jdk/internal/reflect/NativeMethodAccessorImpl.invoke0;org/apache/cassandra/test/microbench/uring/jmh_generated/UringRawReadBench_read_jmhTest.read_Throughput;org/apache/cassandra/test/microbench/uring/jmh_generated/UringRawReadBench_read_jmhTest.read_thrpt_jmhStub;org/apache/cassandra/test/microbench/uring/UringRawReadBench.read;org/apache/cassandra/io/uring/UringRing.awaitCompletions;org/apache/cassandra/io/uring/UringRing.enter;org/apache/cassandra/io/uring/UringNative.ioUringEnter;org/apache/cassandra/io/uring/UringNative.syscall;[unknown];syscall;entry_SYSCALL_64_after_hwframe_[k];do_syscall_64_[k];x64_sys_call_[k];__x64_sys_io_uring_enter_[k];__do_sys_io_uring_enter_[k];io_cqring_wait_[k];io_run_local_work_[k];__io_run_local_work_[k];io_free_batch_list_[k] 1
java/lang/Thread.run;java/util/concurrent/ThreadPoolExecutor$Worker.run;java/util/concurrent/ThreadPoolExecutor.runWorker;java/util/concurrent/FutureTask.run;java/util/concurrent/Executors$RunnableAdapter.call;java/util/concurrent/FutureTask.run;org/openjdk/jmh/runner/BenchmarkHandler$BenchmarkTask.call;org/openjdk/jmh/runner/BenchmarkHandler$BenchmarkTask.call;java/lang/reflect/Method.invoke;jdk/internal/reflect/DelegatingMethodAccessorImpl.invoke;jdk/internal/reflect/NativeMethodAccessorImpl.invoke;jdk/internal/reflect/NativeMethodAccessorImpl.invoke0;org/apache/cassandra/test/microbench/uring/jmh_generated/UringRawReadBench_read_jmhTest.read_Throughput;org/apache/cassandra/test/microbench/uring/jmh_generated/UringRawReadBench_read_jmhTest.read_thrpt_jmhStub;org/apache/cassandra/test/microbench/uring/UringRawReadBench.read;org/apache/cassandra/io/uring/UringRing.submit;org/apache/cassandra/io/uring/UringRing.enter;org/apache/cassandra/io/uring/UringNative.ioUringEnter;org/apache/cassandra/io/uring/UringNative.syscall;[unknown];syscall;entry_SYSCALL_64_after_hwframe_[k];do_syscall_64_[k];x64_sys_call_[k];__x64_sys_io_uring_enter_[k];__do_sys_io_uring_enter_[k];io_submit_sqes_[k];io_issue_sqe_[k];io_read_[k];__io_read_[k];ext4_file_read_iter_[k];iomap_dio_rw_[k];__iomap_dio_rw_[k];iomap_dio_bio_iter_[k];iomap_dio_submit_bio_[k];submit_bio_[k];submit_bio_noacct_[k];submit_bio_noacct_nocheck_[k];blk_cgroup_bio_start_[k] 1
java/lang/Thread.run;java/util/concurrent/ThreadPoolExecutor$Worker.run;java/util/concurrent/ThreadPoolExecutor.runWorker;java/util/concurrent/FutureTask.run;java/util/concurrent/Executors$RunnableAdapter.call;java/util/concurrent/FutureTask.run;org/openjdk/jmh/runner/BenchmarkHandler$BenchmarkTask.call;org/openjdk/jmh/runner/BenchmarkHandler$BenchmarkTask.call;java/lang/reflect/Method.invoke;jdk/internal/reflect/DelegatingMethodAccessorImpl.invoke;jdk/internal/reflect/NativeMethodAccessorImpl.invoke;jdk/internal/reflect/NativeMethodAccessorImpl.invoke0;org/apache/cassandra/test/microbench/uring/jmh_generated/UringRawReadBench_read_jmhTest.read_Throughput;org/apache/cassandra/test/microbench/uring/jmh_generated/UringRawReadBench_read_jmhTest.read_thrpt_jmhStub;org/apache/cassandra/test/microbench/uring/UringRawReadBench.read;org/apache/cassandra/io/uring/UringRing.submit;org/apache/cassandra/io/uring/UringRing.enter;org/apache/cassandra/io/uring/UringNative.ioUringEnter;org/apache/cassandra/io/uring/UringNative.syscall;[unknown];syscall;entry_SYSCALL_64_after_hwframe_[k];do_syscall_64_[k];x64_sys_call_[k];__x64_sys_io_uring_enter_[k];__do_sys_io_uring_enter_[k];io_submit_sqes_[k];io_issue_sqe_[k];io_read_[k];__io_read_[k];ext4_file_read_iter_[k];iomap_dio_rw_[k];__iomap_dio_rw_[k];iomap_dio_bio_iter_[k];iomap_dio_submit_bio_[k];submit_bio_[k];submit_bio_noacct_[k];submit_bio_noacct_nocheck_[k];__submit_bio_[k];blk_mq_submit_bio_[k];blk_add_rq_to_plug_[k];blk_mq_flush_plug_list.part.0_[k];nvme_queue_rqs?[nvme]_[k];nvme_prep_rq.part.0?[nvme]_[k];blk_mq_start_request_[k];read_tsc_[k] 1
java/lang/Thread.run;java/util/concurrent/ThreadPoolExecutor$Worker.run;java/util/concurrent/ThreadPoolExecutor.runWorker;java/util/concurrent/FutureTask.run;java/util/concurrent/Executors$RunnableAdapter.call;java/util/concurrent/FutureTask.run;org/openjdk/jmh/runner/BenchmarkHandler$BenchmarkTask.call;org/openjdk/jmh/runner/BenchmarkHandler$BenchmarkTask.call;java/lang/reflect/Method.invoke;jdk/internal/reflect/DelegatingMethodAccessorImpl.invoke;jdk/internal/reflect/NativeMethodAccessorImpl.invoke;jdk/internal/reflect/NativeMethodAccessorImpl.invoke0;org/apache/cassandra/test/microbench/uring/jmh_generated/UringRawReadBench_read_jmhTest.read_Throughput;org/apache/cassandra/test/microbench/uring/jmh_generated/UringRawReadBench_read_jmhTest.read_thrpt_jmhStub;org/apache/cassandra/test/microbench/uring/UringRawReadBench.read;org/apache/cassandra/io/uring/UringRing.submit;org/apache/cassandra/io/uring/UringRing.enter;org/apache/cassandra/io/uring/UringNative.ioUringEnter;org/apache/cassandra/io/uring/UringNative.syscall;[unknown];syscall;entry_SYSCALL_64_after_hwframe_[k];do_syscall_64_[k];x64_sys_call_[k];__x64_sys_io_uring_enter_[k];__do_sys_io_uring_enter_[k];io_submit_sqes_[k];blk_finish_plug_[k];__blk_flush_plug_[k];blk_mq_flush_plug_list_[k];blk_mq_flush_plug_list.part.0_[k];nvme_queue_rqs?[nvme]_[k];nvme_prep_rq.part.0?[nvme]_[k];nvme_map_data?[nvme]_[k];dma_map_page_attrs_[k];iommu_dma_map_page_[k] 1
java/lang/Thread.run;java/util/concurrent/ThreadPoolExecutor$Worker.run;java/util/concurrent/ThreadPoolExecutor.runWorker;java/util/concurrent/FutureTask.run;java/util/concurrent/Executors$RunnableAdapter.call;java/util/concurrent/FutureTask.run;org/openjdk/jmh/runner/BenchmarkHandler$BenchmarkTask.call;org/openjdk/jmh/runner/BenchmarkHandler$BenchmarkTask.call;java/lang/reflect/Method.invoke;jdk/internal/reflect/DelegatingMethodAccessorImpl.invoke;jdk/internal/reflect/NativeMethodAccessorImpl.invoke;jdk/internal/reflect/NativeMethodAccessorImpl.invoke0;org/apache/cassandra/test/microbench/uring/jmh_generated/UringRawReadBench_read_jmhTest.read_Throughput;org/apache/cassandra/test/microbench/uring/jmh_generated/UringRawReadBench_read_jmhTest.read_thrpt_jmhStub;org/apache/cassandra/test/microbench/uring/UringRawReadBench.read;java/util/HashMap.put;java/util/HashMap.putVal 3
java/lang/Thread.run;java/util/concurrent/ThreadPoolExecutor$Worker.run;java/util/concurrent/ThreadPoolExecutor.runWorker;java/util/concurrent/FutureTask.run;java/util/concurrent/Executors$RunnableAdapter.call;java/util/concurrent/FutureTask.run;org/openjdk/jmh/runner/BenchmarkHandler$BenchmarkTask.call;org/openjdk/jmh/runner/BenchmarkHandler$BenchmarkTask.call;java/lang/reflect/Method.invoke;jdk/internal/reflect/DelegatingMethodAccessorImpl.invoke;jdk/internal/reflect/NativeMethodAccessorImpl.invoke;jdk/internal/reflect/NativeMethodAccessorImpl.invoke0;org/apache/cassandra/test/microbench/uring/jmh_generated/UringRawReadBench_read_jmhTest.read_Throughput;org/apache/cassandra/test/microbench/uring/jmh_generated/UringRawReadBench_read_jmhTest.read_thrpt_jmhStub;org/apache/cassandra/test/microbench/uring/UringRawReadBench.read;org/apache/cassandra/io/uring/UringRing.submit;org/apache/cassandra/io/uring/UringRing.enter;org/apache/cassandra/io/uring/UringNative.ioUringEnter;org/apache/cassandra/io/uring/UringNative.syscall;[unknown];syscall;entry_SYSCALL_64_after_hwframe_[k];do_syscall_64_[k];x64_sys_call_[k];__x64_sys_io_uring_enter_[k];__do_sys_io_uring_enter_[k];io_submit_sqes_[k];io_issue_sqe_[k];io_read_[k];__io_read_[k];ext4_file_read_iter_[k];iomap_dio_rw_[k];__iomap_dio_rw_[k];iomap_dio_bio_iter_[k];submit_bio_[k] 1
java/lang/Thread.run;java/util/concurrent/ThreadPoolExecutor$Worker.run;java/util/concurrent/ThreadPoolExecutor.runWorker;java/util/concurrent/FutureTask.run;java/util/concurrent/Executors$RunnableAdapter.call;java/util/concurrent/FutureTask.run;org/openjdk/jmh/runner/BenchmarkHandler$BenchmarkTask.call;org/openjdk/jmh/runner/BenchmarkHandler$BenchmarkTask.call;java/lang/reflect/Method.invoke;jdk/internal/reflect/DelegatingMethodAccessorImpl.invoke;jdk/internal/reflect/NativeMethodAccessorImpl.invoke;jdk/internal/reflect/NativeMethodAccessorImpl.invoke0;org/apache/cassandra/test/microbench/uring/jmh_generated/UringRawReadBench_read_jmhTest.read_Throughput;org/apache/cassandra/test/microbench/uring/jmh_generated/UringRawReadBench_read_jmhTest.read_thrpt_jmhStub;org/apache/cassandra/test/microbench/uring/UringRawReadBench.read;org/apache/cassandra/io/uring/UringRing.submit;org/apache/cassandra/io/uring/UringRing.enter;org/apache/cassandra/io/uring/UringNative.ioUringEnter;org/apache/cassandra/io/uring/UringNative.syscall;[unknown];syscall;entry_SYSCALL_64_after_hwframe_[k];do_syscall_64_[k];x64_sys_call_[k];__x64_sys_io_uring_enter_[k];__do_sys_io_uring_enter_[k];io_submit_sqes_[k];io_issue_sqe_[k];io_read_[k];__io_read_[k];ext4_file_read_iter_[k];iomap_dio_rw_[k];__iomap_dio_rw_[k];iomap_dio_bio_iter_[k];bio_iov_iter_get_pages_[k];iov_iter_extract_pages_[k] 1
java/lang/Thread.run;java/util/concurrent/ThreadPoolExecutor$Worker.run;java/util/concurrent/ThreadPoolExecutor.runWorker;java/util/concurrent/FutureTask.run;java/util/concurrent/Executors$RunnableAdapter.call;java/util/concurrent/FutureTask.run;org/openjdk/jmh/runner/BenchmarkHandler$BenchmarkTask.call;org/openjdk/jmh/runner/BenchmarkHandler$BenchmarkTask.call;java/lang/reflect/Method.invoke;jdk/internal/reflect/DelegatingMethodAccessorImpl.invoke;jdk/internal/reflect/NativeMethodAccessorImpl.invoke;jdk/internal/reflect/NativeMethodAccessorImpl.invoke0;org/apache/cassandra/test/microbench/uring/jmh_generated/UringRawReadBench_read_jmhTest.read_Throughput;org/apache/cassandra/test/microbench/uring/jmh_generated/UringRawReadBench_read_jmhTest.read_thrpt_jmhStub;org/apache/cassandra/test/microbench/uring/UringRawReadBench.read;org/apache/cassandra/io/uring/UringRing.submit;org/apache/cassandra/io/uring/UringRing.enter;org/apache/cassandra/io/uring/UringNative.ioUringEnter;org/apache/cassandra/io/uring/UringNative.syscall;[unknown];syscall;entry_SYSCALL_64_after_hwframe_[k];do_syscall_64_[k];x64_sys_call_[k];__x64_sys_io_uring_enter_[k];__do_sys_io_uring_enter_[k];io_submit_sqes_[k];io_issue_sqe_[k];io_read_[k];__io_read_[k];ext4_file_read_iter_[k];iomap_dio_rw_[k];__iomap_dio_rw_[k];iomap_dio_bio_iter_[k];iomap_dio_submit_bio_[k];submit_bio_[k];submit_bio_noacct_[k];submit_bio_noacct_nocheck_[k];__submit_bio_[k];blk_mq_submit_bio_[k];blk_add_rq_to_plug_[k];blk_mq_flush_plug_list.part.0_[k];nvme_queue_rqs?[nvme]_[k];nvme_prep_rq.part.0?[nvme]_[k];nvme_map_data?[nvme]_[k];dma_map_page_attrs_[k];iommu_dma_map_page_[k];__iommu_dma_map_[k];iommu_map_[k];__iommu_map_[k];intel_iommu_map_pages_[k];__domain_mapping_[k] 11
java/lang/Thread.run;java/util/concurrent/ThreadPoolExecutor$Worker.run;java/util/concurrent/ThreadPoolExecutor.runWorker;java/util/concurrent/FutureTask.run;java/util/concurrent/Executors$RunnableAdapter.call;java/util/concurrent/FutureTask.run;org/openjdk/jmh/runner/BenchmarkHandler$BenchmarkTask.call;org/openjdk/jmh/runner/BenchmarkHandler$BenchmarkTask.call;java/lang/reflect/Method.invoke;jdk/internal/reflect/DelegatingMethodAccessorImpl.invoke;jdk/internal/reflect/NativeMethodAccessorImpl.invoke;jdk/internal/reflect/NativeMethodAccessorImpl.invoke0;org/apache/cassandra/test/microbench/uring/jmh_generated/UringRawReadBench_read_jmhTest.read_Throughput;org/apache/cassandra/test/microbench/uring/jmh_generated/UringRawReadBench_read_jmhTest.read_thrpt_jmhStub;org/apache/cassandra/test/microbench/uring/UringRawReadBench.read;org/apache/cassandra/io/uring/UringRing.submit;org/apache/cassandra/io/uring/UringRing.enter;org/apache/cassandra/io/uring/UringNative.ioUringEnter;org/apache/cassandra/io/uring/UringNative.syscall;[unknown];syscall;entry_SYSCALL_64_after_hwframe_[k];do_syscall_64_[k];x64_sys_call_[k];__x64_sys_io_uring_enter_[k];__do_sys_io_uring_enter_[k];io_submit_sqes_[k];io_issue_sqe_[k];io_read_[k];__io_read_[k];ext4_file_read_iter_[k];iomap_dio_rw_[k];__iomap_dio_rw_[k];iomap_dio_bio_iter_[k];iomap_dio_submit_bio_[k];submit_bio_[k];submit_bio_noacct_[k];submit_bio_noacct_nocheck_[k];__submit_bio_[k];blk_mq_submit_bio_[k];__rq_qos_track_[k] 7
java/lang/Thread.run;java/util/concurrent/ThreadPoolExecutor$Worker.run;java/util/concurrent/ThreadPoolExecutor.runWorker;java/util/concurrent/FutureTask.run;java/util/concurrent/Executors$RunnableAdapter.call;java/util/concurrent/FutureTask.run;org/openjdk/jmh/runner/BenchmarkHandler$BenchmarkTask.call;org/openjdk/jmh/runner/BenchmarkHandler$BenchmarkTask.call;java/lang/reflect/Method.invoke;jdk/internal/reflect/DelegatingMethodAccessorImpl.invoke;jdk/internal/reflect/NativeMethodAccessorImpl.invoke;jdk/internal/reflect/NativeMethodAccessorImpl.invoke0;org/apache/cassandra/test/microbench/uring/jmh_generated/UringRawReadBench_read_jmhTest.read_Throughput;org/apache/cassandra/test/microbench/uring/jmh_generated/UringRawReadBench_read_jmhTest.read_thrpt_jmhStub;org/apache/cassandra/test/microbench/uring/UringRawReadBench.read;org/apache/cassandra/io/uring/UringRing.awaitCompletions;org/apache/cassandra/io/uring/UringRing.drainCompletions;sun/misc/Unsafe.getIntVolatile 2
java/lang/Thread.run;java/util/concurrent/ThreadPoolExecutor$Worker.run;java/util/concurrent/ThreadPoolExecutor.runWorker;java/util/concurrent/FutureTask.run;java/util/concurrent/Executors$RunnableAdapter.call;java/util/concurrent/FutureTask.run;org/openjdk/jmh/runner/BenchmarkHandler$BenchmarkTask.call;org/openjdk/jmh/runner/BenchmarkHandler$BenchmarkTask.call;java/lang/reflect/Method.invoke;jdk/internal/reflect/DelegatingMethodAccessorImpl.invoke;jdk/internal/reflect/NativeMethodAccessorImpl.invoke;jdk/internal/reflect/NativeMethodAccessorImpl.invoke0;org/apache/cassandra/test/microbench/uring/jmh_generated/UringRawReadBench_read_jmhTest.read_Throughput;org/apache/cassandra/test/microbench/uring/jmh_generated/UringRawReadBench_read_jmhTest.read_thrpt_jmhStub;org/apache/cassandra/test/microbench/uring/UringRawReadBench.read;org/apache/cassandra/io/uring/UringRing.submit;org/apache/cassandra/io/uring/UringRing.enter;org/apache/cassandra/io/uring/UringNative.ioUringEnter;org/apache/cassandra/io/uring/UringNative.syscall;[unknown];syscall;entry_SYSCALL_64_after_hwframe_[k];do_syscall_64_[k];x64_sys_call_[k];__x64_sys_io_uring_enter_[k];__do_sys_io_uring_enter_[k];io_submit_sqes_[k];io_issue_sqe_[k];io_read_[k];__io_read_[k];ext4_file_read_iter_[k];iomap_dio_rw_[k];__iomap_dio_rw_[k];iomap_dio_bio_iter_[k];iomap_dio_submit_bio_[k];submit_bio_[k];submit_bio_noacct_[k];submit_bio_noacct_nocheck_[k];__submit_bio_[k];blk_mq_submit_bio_[k];blk_add_rq_to_plug_[k];blk_mq_flush_plug_list.part.0_[k];nvme_queue_rqs?[nvme]_[k];nvme_prep_rq.part.0?[nvme]_[k];nvme_map_data?[nvme]_[k];dma_map_page_attrs_[k];iommu_dma_map_page_[k];__iommu_dma_map_[k];iommu_dma_alloc_iova_[k];alloc_iova_fast_[k];_raw_spin_unlock_irqrestore_[k] 4
java/lang/Thread.run;java/util/concurrent/ThreadPoolExecutor$Worker.run;java/util/concurrent/ThreadPoolExecutor.runWorker;java/util/concurrent/FutureTask.run;java/util/concurrent/Executors$RunnableAdapter.call;java/util/concurrent/FutureTask.run;org/openjdk/jmh/runner/BenchmarkHandler$BenchmarkTask.call;org/openjdk/jmh/runner/BenchmarkHandler$BenchmarkTask.call;java/lang/reflect/Method.invoke;jdk/internal/reflect/DelegatingMethodAccessorImpl.invoke;jdk/internal/reflect/NativeMethodAccessorImpl.invoke;jdk/internal/reflect/NativeMethodAccessorImpl.invoke0;org/apache/cassandra/test/microbench/uring/jmh_generated/UringRawReadBench_read_jmhTest.read_Throughput;org/apache/cassandra/test/microbench/uring/jmh_generated/UringRawReadBench_read_jmhTest.read_thrpt_jmhStub;org/apache/cassandra/test/microbench/uring/UringRawReadBench.read 17
java/lang/Thread.run;java/util/concurrent/ThreadPoolExecutor$Worker.run;java/util/concurrent/ThreadPoolExecutor.runWorker;java/util/concurrent/FutureTask.run;java/util/concurrent/Executors$RunnableAdapter.call;java/util/concurrent/FutureTask.run;org/openjdk/jmh/runner/BenchmarkHandler$BenchmarkTask.call;org/openjdk/jmh/runner/BenchmarkHandler$BenchmarkTask.call;java/lang/reflect/Method.invoke;jdk/internal/reflect/DelegatingMethodAccessorImpl.invoke;jdk/internal/reflect/NativeMethodAccessorImpl.invoke;jdk/internal/reflect/NativeMethodAccessorImpl.invoke0;org/apache/cassandra/test/microbench/uring/jmh_generated/UringRawReadBench_read_jmhTest.read_Throughput;org/apache/cassandra/test/microbench/uring/jmh_generated/UringRawReadBench_read_jmhTest.read_thrpt_jmhStub;org/apache/cassandra/test/microbench/uring/UringRawReadBench.read;org/apache/cassandra/io/uring/UringRing.submit;org/apache/cassandra/io/uring/UringRing.enter;org/apache/cassandra/io/uring/UringNative.ioUringEnter;org/apache/cassandra/io/uring/UringNative.syscall;[unknown];syscall;entry_SYSCALL_64_after_hwframe_[k];do_syscall_64_[k];x64_sys_call_[k];__x64_sys_io_uring_enter_[k];__do_sys_io_uring_enter_[k];io_submit_sqes_[k];io_issue_sqe_[k];io_read_[k];__io_read_[k];ext4_file_read_iter_[k];iomap_dio_rw_[k];__iomap_dio_rw_[k];iomap_dio_submit_bio_[k] 1
java/lang/Thread.run;java/util/concurrent/ThreadPoolExecutor$Worker.run;java/util/concurrent/ThreadPoolExecutor.runWorker;java/util/concurrent/FutureTask.run;java/util/concurrent/Executors$RunnableAdapter.call;java/util/concurrent/FutureTask.run;org/openjdk/jmh/runner/BenchmarkHandler$BenchmarkTask.call;org/openjdk/jmh/runner/BenchmarkHandler$BenchmarkTask.call;java/lang/reflect/Method.invoke;jdk/internal/reflect/DelegatingMethodAccessorImpl.invoke;jdk/internal/reflect/NativeMethodAccessorImpl.invoke;jdk/internal/reflect/NativeMethodAccessorImpl.invoke0;org/apache/cassandra/test/microbench/uring/jmh_generated/UringRawReadBench_read_jmhTest.read_Throughput;org/apache/cassandra/test/microbench/uring/jmh_generated/UringRawReadBench_read_jmhTest.read_thrpt_jmhStub;org/apache/cassandra/test/microbench/uring/UringRawReadBench.read;org/apache/cassandra/io/uring/UringRing.submit;org/apache/cassandra/io/uring/UringRing.enter;org/apache/cassandra/io/uring/UringNative.ioUringEnter;org/apache/cassandra/io/uring/UringNative.syscall;[unknown];syscall;entry_SYSCALL_64_after_hwframe_[k];do_syscall_64_[k];x64_sys_call_[k];__x64_sys_io_uring_enter_[k];__do_sys_io_uring_enter_[k];io_submit_sqes_[k];io_issue_sqe_[k];io_read_[k];__io_read_[k];ext4_file_read_iter_[k];iomap_dio_rw_[k];__iomap_dio_rw_[k];iomap_iter_[k];ext4_iomap_begin_[k];ext4_map_blocks_[k];__check_block_validity.constprop.0_[k] 1
java/lang/Thread.run;java/util/concurrent/ThreadPoolExecutor$Worker.run;java/util/concurrent/ThreadPoolExecutor.runWorker;java/util/concurrent/FutureTask.run;java/util/concurrent/Executors$RunnableAdapter.call;java/util/concurrent/FutureTask.run;org/openjdk/jmh/runner/BenchmarkHandler$BenchmarkTask.call;org/openjdk/jmh/runner/BenchmarkHandler$BenchmarkTask.call;java/lang/reflect/Method.invoke;jdk/internal/reflect/DelegatingMethodAccessorImpl.invoke;jdk/internal/reflect/NativeMethodAccessorImpl.invoke;jdk/internal/reflect/NativeMethodAccessorImpl.invoke0;org/apache/cassandra/test/microbench/uring/jmh_generated/UringRawReadBench_read_jmhTest.read_Throughput;org/apache/cassandra/test/microbench/uring/jmh_generated/UringRawReadBench_read_jmhTest.read_thrpt_jmhStub;org/apache/cassandra/test/microbench/uring/UringRawReadBench.read;org/apache/cassandra/io/uring/UringRing.prepareRead;org/apache/cassandra/io/uring/UringRing.enqueueSqe;sun/misc/Unsafe.setMemory;jdk/internal/misc/Unsafe.setMemory;jdk/internal/misc/Unsafe.setMemory;jdk/internal/misc/Unsafe.setMemory0;Unsafe_SetMemory0 7
java/lang/Thread.run;java/util/concurrent/ThreadPoolExecutor$Worker.run;java/util/concurrent/ThreadPoolExecutor.runWorker;java/util/concurrent/FutureTask.run;java/util/concurrent/Executors$RunnableAdapter.call;java/util/concurrent/FutureTask.run;org/openjdk/jmh/runner/BenchmarkHandler$BenchmarkTask.call;org/openjdk/jmh/runner/BenchmarkHandler$BenchmarkTask.call;java/lang/reflect/Method.invoke;jdk/internal/reflect/DelegatingMethodAccessorImpl.invoke;jdk/internal/reflect/NativeMethodAccessorImpl.invoke;jdk/internal/reflect/NativeMethodAccessorImpl.invoke0;org/apache/cassandra/test/microbench/uring/jmh_generated/UringRawReadBench_read_jmhTest.read_Throughput;org/apache/cassandra/test/microbench/uring/jmh_generated/UringRawReadBench_read_jmhTest.read_thrpt_jmhStub;org/apache/cassandra/test/microbench/uring/UringRawReadBench.read;org/apache/cassandra/io/uring/UringRing.submit;org/apache/cassandra/io/uring/UringRing.enter;org/apache/cassandra/io/uring/UringNative.ioUringEnter;org/apache/cassandra/io/uring/UringNative.syscall;[unknown];syscall;entry_SYSCALL_64_after_hwframe_[k];do_syscall_64_[k];x64_sys_call_[k];__x64_sys_io_uring_enter_[k];__do_sys_io_uring_enter_[k];io_submit_sqes_[k];blk_finish_plug_[k];__blk_flush_plug_[k];blk_mq_flush_plug_list_[k];blk_mq_flush_plug_list.part.0_[k];nvme_queue_rqs?[nvme]_[k];nvme_prep_rq.part.0?[nvme]_[k];nvme_map_data?[nvme]_[k];dma_map_page_attrs_[k];iommu_dma_map_page_[k];__iommu_dma_map_[k];iommu_map_[k];__iommu_map_[k];intel_iommu_map_pages_[k] 2
java/lang/Thread.run;java/util/concurrent/ThreadPoolExecutor$Worker.run;java/util/concurrent/ThreadPoolExecutor.runWorker;java/util/concurrent/FutureTask.run;java/util/concurrent/Executors$RunnableAdapter.call;java/util/concurrent/FutureTask.run;org/openjdk/jmh/runner/BenchmarkHandler$BenchmarkTask.call;org/openjdk/jmh/runner/BenchmarkHandler$BenchmarkTask.call;java/lang/reflect/Method.invoke;jdk/internal/reflect/DelegatingMethodAccessorImpl.invoke;jdk/internal/reflect/NativeMethodAccessorImpl.invoke;jdk/internal/reflect/NativeMethodAccessorImpl.invoke0;org/apache/cassandra/test/microbench/uring/jmh_generated/UringRawReadBench_read_jmhTest.read_Throughput;org/apache/cassandra/test/microbench/uring/jmh_generated/UringRawReadBench_read_jmhTest.read_thrpt_jmhStub;org/apache/cassandra/test/microbench/uring/UringRawReadBench.read;org/apache/cassandra/io/uring/UringRing.submit;org/apache/cassandra/io/uring/UringRing.enter;org/apache/cassandra/io/uring/UringNative.ioUringEnter;org/apache/cassandra/io/uring/UringNative.syscall;[unknown];syscall;entry_SYSCALL_64_after_hwframe_[k];do_syscall_64_[k];x64_sys_call_[k];__x64_sys_io_uring_enter_[k];__do_sys_io_uring_enter_[k];io_submit_sqes_[k];io_issue_sqe_[k];io_read_[k];__io_read_[k];ext4_file_read_iter_[k];iomap_dio_rw_[k];__iomap_dio_rw_[k];iomap_dio_bio_iter_[k];iomap_dio_submit_bio_[k];submit_bio_[k];submit_bio_noacct_[k];submit_bio_noacct_nocheck_[k];__submit_bio_[k];blk_mq_submit_bio_[k];blk_add_rq_to_plug_[k];blk_mq_flush_plug_list.part.0_[k];nvme_queue_rqs?[nvme]_[k];nvme_setup_cmd?[nvme_core]_[k] 1
java/lang/Thread.run;java/util/concurrent/ThreadPoolExecutor$Worker.run;java/util/concurrent/ThreadPoolExecutor.runWorker;java/util/concurrent/FutureTask.run;java/util/concurrent/Executors$RunnableAdapter.call;java/util/concurrent/FutureTask.run;org/openjdk/jmh/runner/BenchmarkHandler$BenchmarkTask.call;org/openjdk/jmh/runner/BenchmarkHandler$BenchmarkTask.call;java/lang/reflect/Method.invoke;jdk/internal/reflect/DelegatingMethodAccessorImpl.invoke;jdk/internal/reflect/NativeMethodAccessorImpl.invoke;jdk/internal/reflect/NativeMethodAccessorImpl.invoke0;org/apache/cassandra/test/microbench/uring/jmh_generated/UringRawReadBench_read_jmhTest.read_Throughput;org/apache/cassandra/test/microbench/uring/jmh_generated/UringRawReadBench_read_jmhTest.read_thrpt_jmhStub;org/apache/cassandra/test/microbench/uring/UringRawReadBench.read;org/apache/cassandra/io/uring/UringRing.submit;org/apache/cassandra/io/uring/UringRing.enter;org/apache/cassandra/io/uring/UringNative.ioUringEnter;org/apache/cassandra/io/uring/UringNative.syscall;[unknown];syscall;entry_SYSCALL_64_after_hwframe_[k];do_syscall_64_[k];x64_sys_call_[k];__x64_sys_io_uring_enter_[k];__do_sys_io_uring_enter_[k];io_submit_sqes_[k];io_issue_sqe_[k];io_read_[k];__io_read_[k];ext4_file_read_iter_[k];touch_atime_[k] 1
java/lang/Thread.run;java/util/concurrent/ThreadPoolExecutor$Worker.run;java/util/concurrent/ThreadPoolExecutor.runWorker;java/util/concurrent/FutureTask.run;java/util/concurrent/Executors$RunnableAdapter.call;java/util/concurrent/FutureTask.run;org/openjdk/jmh/runner/BenchmarkHandler$BenchmarkTask.call;org/openjdk/jmh/runner/BenchmarkHandler$BenchmarkTask.call;java/lang/reflect/Method.invoke;jdk/internal/reflect/DelegatingMethodAccessorImpl.invoke;jdk/internal/reflect/NativeMethodAccessorImpl.invoke;jdk/internal/reflect/NativeMethodAccessorImpl.invoke0;org/apache/cassandra/test/microbench/uring/jmh_generated/UringRawReadBench_read_jmhTest.read_Throughput;org/apache/cassandra/test/microbench/uring/jmh_generated/UringRawReadBench_read_jmhTest.read_thrpt_jmhStub;org/apache/cassandra/test/microbench/uring/UringRawReadBench.read;org/apache/cassandra/io/uring/UringRing.submit;org/apache/cassandra/io/uring/UringRing.enter;org/apache/cassandra/io/uring/UringNative.ioUringEnter;org/apache/cassandra/io/uring/UringNative.syscall;[unknown];syscall 135
java/lang/Thread.run;java/util/concurrent/ThreadPoolExecutor$Worker.run;java/util/concurrent/ThreadPoolExecutor.runWorker;java/util/concurrent/FutureTask.run;java/util/concurrent/Executors$RunnableAdapter.call;java/util/concurrent/FutureTask.run;org/openjdk/jmh/runner/BenchmarkHandler$BenchmarkTask.call;org/openjdk/jmh/runner/BenchmarkHandler$BenchmarkTask.call;java/lang/reflect/Method.invoke;jdk/internal/reflect/DelegatingMethodAccessorImpl.invoke;jdk/internal/reflect/NativeMethodAccessorImpl.invoke;jdk/internal/reflect/NativeMethodAccessorImpl.invoke0;org/apache/cassandra/test/microbench/uring/jmh_generated/UringRawReadBench_read_jmhTest.read_Throughput;org/apache/cassandra/test/microbench/uring/jmh_generated/UringRawReadBench_read_jmhTest.read_thrpt_jmhStub;org/apache/cassandra/test/microbench/uring/UringRawReadBench.read;org/apache/cassandra/io/uring/UringRing.submit;org/apache/cassandra/io/uring/UringRing.enter;org/apache/cassandra/io/uring/UringNative.ioUringEnter;org/apache/cassandra/io/uring/UringNative.syscall;[unknown];syscall;entry_SYSCALL_64_after_hwframe_[k];do_syscall_64_[k];x64_sys_call_[k];__x64_sys_io_uring_enter_[k];__do_sys_io_uring_enter_[k];io_submit_sqes_[k];io_issue_sqe_[k];io_read_[k];__io_read_[k];ext4_file_read_iter_[k];iomap_dio_rw_[k];__iomap_dio_rw_[k];iomap_dio_bio_iter_[k];bio_set_pages_dirty_[k] 8
java/lang/Thread.run;java/util/concurrent/ThreadPoolExecutor$Worker.run;java/util/concurrent/ThreadPoolExecutor.runWorker;java/util/concurrent/FutureTask.run;java/util/concurrent/Executors$RunnableAdapter.call;java/util/concurrent/FutureTask.run;org/openjdk/jmh/runner/BenchmarkHandler$BenchmarkTask.call;org/openjdk/jmh/runner/BenchmarkHandler$BenchmarkTask.call;java/lang/reflect/Method.invoke;jdk/internal/reflect/DelegatingMethodAccessorImpl.invoke;jdk/internal/reflect/NativeMethodAccessorImpl.invoke;jdk/internal/reflect/NativeMethodAccessorImpl.invoke0;org/apache/cassandra/test/microbench/uring/jmh_generated/UringRawReadBench_read_jmhTest.read_Throughput;org/apache/cassandra/test/microbench/uring/jmh_generated/UringRawReadBench_read_jmhTest.read_thrpt_jmhStub;org/apache/cassandra/test/microbench/uring/UringRawReadBench.read;org/apache/cassandra/io/uring/UringRing.submit;org/apache/cassandra/io/uring/UringRing.enter;org/apache/cassandra/io/uring/UringNative.ioUringEnter;org/apache/cassandra/io/uring/UringNative.syscall;[unknown];syscall;entry_SYSCALL_64_after_hwframe_[k];do_syscall_64_[k];x64_sys_call_[k];__x64_sys_io_uring_enter_[k];__do_sys_io_uring_enter_[k];io_submit_sqes_[k];io_issue_sqe_[k];io_read_[k];__io_read_[k];ext4_file_read_iter_[k];iomap_dio_rw_[k];__iomap_dio_rw_[k];iomap_dio_bio_iter_[k];iomap_dio_submit_bio_[k];submit_bio_[k];submit_bio_noacct_[k];submit_bio_noacct_nocheck_[k];__submit_bio_[k];blk_mq_submit_bio_[k];__blk_mq_alloc_requests_[k];__blk_mq_alloc_requests_batch_[k];blk_mq_rq_ctx_init.isra.0_[k] 1
java/lang/Thread.run;java/util/concurrent/ThreadPoolExecutor$Worker.run;java/util/concurrent/ThreadPoolExecutor.runWorker;java/util/concurrent/FutureTask.run;java/util/concurrent/Executors$RunnableAdapter.call;java/util/concurrent/FutureTask.run;org/openjdk/jmh/runner/BenchmarkHandler$BenchmarkTask.call;org/openjdk/jmh/runner/BenchmarkHandler$BenchmarkTask.call;java/lang/reflect/Method.invoke;jdk/internal/reflect/DelegatingMethodAccessorImpl.invoke;jdk/internal/reflect/NativeMethodAccessorImpl.invoke;jdk/internal/reflect/NativeMethodAccessorImpl.invoke0;org/apache/cassandra/test/microbench/uring/jmh_generated/UringRawReadBench_read_jmhTest.read_Throughput;org/apache/cassandra/test/microbench/uring/jmh_generated/UringRawReadBench_read_jmhTest.read_thrpt_jmhStub;org/apache/cassandra/test/microbench/uring/UringRawReadBench.read;org/apache/cassandra/io/uring/UringRing.submit;org/apache/cassandra/io/uring/UringRing.enter;org/apache/cassandra/io/uring/UringNative.ioUringEnter;org/apache/cassandra/io/uring/UringNative.syscall;[unknown];syscall;entry_SYSCALL_64_after_hwframe_[k];do_syscall_64_[k];x64_sys_call_[k];__x64_sys_io_uring_enter_[k];__do_sys_io_uring_enter_[k];io_submit_sqes_[k];io_issue_sqe_[k];io_read_[k];__io_read_[k];ext4_file_read_iter_[k];iomap_dio_rw_[k];__iomap_dio_rw_[k];iomap_dio_bio_iter_[k];iomap_dio_submit_bio_[k];submit_bio_[k];submit_bio_noacct_[k];submit_bio_noacct_nocheck_[k];__submit_bio_[k];blk_mq_submit_bio_[k];blk_mq_attempt_bio_merge_[k] 1
java/lang/Thread.run;java/util/concurrent/ThreadPoolExecutor$Worker.run;java/util/concurrent/ThreadPoolExecutor.runWorker;java/util/concurrent/FutureTask.run;java/util/concurrent/Executors$RunnableAdapter.call;java/util/concurrent/FutureTask.run;org/openjdk/jmh/runner/BenchmarkHandler$BenchmarkTask.call;org/openjdk/jmh/runner/BenchmarkHandler$BenchmarkTask.call;java/lang/reflect/Method.invoke;jdk/internal/reflect/DelegatingMethodAccessorImpl.invoke;jdk/internal/reflect/NativeMethodAccessorImpl.invoke;jdk/internal/reflect/NativeMethodAccessorImpl.invoke0;org/apache/cassandra/test/microbench/uring/jmh_generated/UringRawReadBench_read_jmhTest.read_Throughput;org/apache/cassandra/test/microbench/uring/jmh_generated/UringRawReadBench_read_jmhTest.read_thrpt_jmhStub;org/apache/cassandra/test/microbench/uring/UringRawReadBench.read;org/apache/cassandra/io/uring/UringRing.submit;org/apache/cassandra/io/uring/UringRing.enter;org/apache/cassandra/io/uring/UringNative.ioUringEnter;org/apache/cassandra/io/uring/UringNative.syscall;[unknown];syscall;entry_SYSCALL_64_after_hwframe_[k];do_syscall_64_[k];x64_sys_call_[k];__x64_sys_io_uring_enter_[k];__do_sys_io_uring_enter_[k];io_submit_sqes_[k];io_issue_sqe_[k];io_read_[k];__io_read_[k];ext4_file_read_iter_[k];iomap_dio_rw_[k];__iomap_dio_rw_[k];iomap_dio_bio_iter_[k];iomap_dio_submit_bio_[k];submit_bio_[k];submit_bio_noacct_[k];submit_bio_noacct_nocheck_[k];__submit_bio_[k];blk_mq_submit_bio_[k];blk_add_rq_to_plug_[k];blk_mq_flush_plug_list.part.0_[k];nvme_queue_rqs?[nvme]_[k];nvme_prep_rq.part.0?[nvme]_[k];nvme_map_data?[nvme]_[k];dma_map_page_attrs_[k];iommu_dma_map_page_[k];__iommu_dma_map_[k];iommu_map_[k];intel_iommu_iotlb_sync_map_[k];xa_find_[k];xas_find_[k];xas_descend_[k] 1
java/lang/Thread.run;java/util/concurrent/ThreadPoolExecutor$Worker.run;java/util/concurrent/ThreadPoolExecutor.runWorker;java/util/concurrent/FutureTask.run;java/util/concurrent/Executors$RunnableAdapter.call;java/util/concurrent/FutureTask.run;org/openjdk/jmh/runner/BenchmarkHandler$BenchmarkTask.call;org/openjdk/jmh/runner/BenchmarkHandler$BenchmarkTask.call;java/lang/reflect/Method.invoke;jdk/internal/reflect/DelegatingMethodAccessorImpl.invoke;jdk/internal/reflect/NativeMethodAccessorImpl.invoke;jdk/internal/reflect/NativeMethodAccessorImpl.invoke0;org/apache/cassandra/test/microbench/uring/jmh_generated/UringRawReadBench_read_jmhTest.read_Throughput;org/apache/cassandra/test/microbench/uring/jmh_generated/UringRawReadBench_read_jmhTest.read_thrpt_jmhStub;org/apache/cassandra/test/microbench/uring/UringRawReadBench.read;org/apache/cassandra/io/uring/UringRing.awaitCompletions;org/apache/cassandra/io/uring/UringRing.enter;org/apache/cassandra/io/uring/UringNative.ioUringEnter;org/apache/cassandra/io/uring/UringNative.syscall;/root/.cache/JNA/temp/jna18280739141362750566.tmp;/root/.cache/JNA/temp/jna18280739141362750566.tmp 4
java/lang/Thread.run;java/util/concurrent/ThreadPoolExecutor$Worker.run;java/util/concurrent/ThreadPoolExecutor.runWorker;java/util/concurrent/FutureTask.run;java/util/concurrent/Executors$RunnableAdapter.call;java/util/concurrent/FutureTask.run;org/openjdk/jmh/runner/BenchmarkHandler$BenchmarkTask.call;org/openjdk/jmh/runner/BenchmarkHandler$BenchmarkTask.call;java/lang/reflect/Method.invoke;jdk/internal/reflect/DelegatingMethodAccessorImpl.invoke;jdk/internal/reflect/NativeMethodAccessorImpl.invoke;jdk/internal/reflect/NativeMethodAccessorImpl.invoke0;org/apache/cassandra/test/microbench/uring/jmh_generated/UringRawReadBench_read_jmhTest.read_Throughput;org/apache/cassandra/test/microbench/uring/jmh_generated/UringRawReadBench_read_jmhTest.read_thrpt_jmhStub;org/apache/cassandra/test/microbench/uring/UringRawReadBench.read;org/apache/cassandra/io/uring/UringRing.submit;org/apache/cassandra/io/uring/UringRing.enter;org/apache/cassandra/io/uring/UringNative.ioUringEnter;org/apache/cassandra/io/uring/UringNative.syscall;[unknown];syscall;entry_SYSCALL_64_after_hwframe_[k];do_syscall_64_[k];x64_sys_call_[k];__x64_sys_io_uring_enter_[k];__do_sys_io_uring_enter_[k];io_submit_sqes_[k];io_issue_sqe_[k];io_read_[k];__io_read_[k];ext4_file_read_iter_[k];iomap_dio_rw_[k];__iomap_dio_rw_[k];iomap_dio_bio_iter_[k];iomap_dio_submit_bio_[k];submit_bio_[k];submit_bio_noacct_[k];submit_bio_noacct_nocheck_[k];__submit_bio_[k];blk_mq_submit_bio_[k];blk_add_rq_to_plug_[k];blk_mq_flush_plug_list.part.0_[k];nvme_queue_rqs?[nvme]_[k];nvme_prep_rq.part.0?[nvme]_[k];nvme_map_data?[nvme]_[k];dma_map_page_attrs_[k];iommu_dma_map_page_[k];iommu_dma_alloc_iova_[k] 1
java/lang/Thread.run;java/util/concurrent/ThreadPoolExecutor$Worker.run;java/util/concurrent/ThreadPoolExecutor.runWorker;java/util/concurrent/FutureTask.run;java/util/concurrent/Executors$RunnableAdapter.call;java/util/concurrent/FutureTask.run;org/openjdk/jmh/runner/BenchmarkHandler$BenchmarkTask.call;org/openjdk/jmh/runner/BenchmarkHandler$BenchmarkTask.call;java/lang/reflect/Method.invoke;jdk/internal/reflect/DelegatingMethodAccessorImpl.invoke;jdk/internal/reflect/NativeMethodAccessorImpl.invoke;jdk/internal/reflect/NativeMethodAccessorImpl.invoke0;org/apache/cassandra/test/microbench/uring/jmh_generated/UringRawReadBench_read_jmhTest.read_Throughput;org/apache/cassandra/test/microbench/uring/jmh_generated/UringRawReadBench_read_jmhTest.read_thrpt_jmhStub;org/apache/cassandra/test/microbench/uring/UringRawReadBench.read;org/apache/cassandra/io/uring/UringRing.submit;org/apache/cassandra/io/uring/UringRing.enter;org/apache/cassandra/io/uring/UringNative.ioUringEnter;org/apache/cassandra/io/uring/UringNative.syscall;[unknown];syscall;entry_SYSCALL_64_after_hwframe_[k];do_syscall_64_[k];x64_sys_call_[k];__x64_sys_io_uring_enter_[k];__do_sys_io_uring_enter_[k];io_submit_sqes_[k];io_issue_sqe_[k];io_read_[k];__io_read_[k];ext4_file_read_iter_[k];iomap_dio_rw_[k];__iomap_dio_rw_[k];iomap_iter_[k] 6
java/lang/Thread.run;java/util/concurrent/ThreadPoolExecutor$Worker.run;java/util/concurrent/ThreadPoolExecutor.runWorker;java/util/concurrent/FutureTask.run;java/util/concurrent/Executors$RunnableAdapter.call;java/util/concurrent/FutureTask.run;org/openjdk/jmh/runner/BenchmarkHandler$BenchmarkTask.call;org/openjdk/jmh/runner/BenchmarkHandler$BenchmarkTask.call;java/lang/reflect/Method.invoke;jdk/internal/reflect/DelegatingMethodAccessorImpl.invoke;jdk/internal/reflect/NativeMethodAccessorImpl.invoke;jdk/internal/reflect/NativeMethodAccessorImpl.invoke0;org/apache/cassandra/test/microbench/uring/jmh_generated/UringRawReadBench_read_jmhTest.read_Throughput;org/apache/cassandra/test/microbench/uring/jmh_generated/UringRawReadBench_read_jmhTest.read_thrpt_jmhStub;org/apache/cassandra/test/microbench/uring/UringRawReadBench.read;org/apache/cassandra/io/uring/UringRing.submit;org/apache/cassandra/io/uring/UringRing.enter;org/apache/cassandra/io/uring/UringNative.ioUringEnter;org/apache/cassandra/io/uring/UringNative.syscall;[unknown];syscall;entry_SYSCALL_64_after_hwframe_[k];do_syscall_64_[k];x64_sys_call_[k];__x64_sys_io_uring_enter_[k];__do_sys_io_uring_enter_[k];io_submit_sqes_[k];io_issue_sqe_[k];io_read_[k];__io_read_[k];ext4_file_read_iter_[k];iomap_dio_rw_[k];__iomap_dio_rw_[k];iomap_dio_bio_iter_[k];iomap_dio_alloc_bio.isra.0_[k];bio_alloc_bioset_[k];bio_associate_blkg_[k];__rcu_read_lock_[k] 2
java/lang/Thread.run;java/util/concurrent/ThreadPoolExecutor$Worker.run;java/util/concurrent/ThreadPoolExecutor.runWorker;java/util/concurrent/FutureTask.run;java/util/concurrent/Executors$RunnableAdapter.call;java/util/concurrent/FutureTask.run;org/openjdk/jmh/runner/BenchmarkHandler$BenchmarkTask.call;org/openjdk/jmh/runner/BenchmarkHandler$BenchmarkTask.call;java/lang/reflect/Method.invoke;jdk/internal/reflect/DelegatingMethodAccessorImpl.invoke;jdk/internal/reflect/NativeMethodAccessorImpl.invoke;jdk/internal/reflect/NativeMethodAccessorImpl.invoke0;org/apache/cassandra/test/microbench/uring/jmh_generated/UringRawReadBench_read_jmhTest.read_Throughput;org/apache/cassandra/test/microbench/uring/jmh_generated/UringRawReadBench_read_jmhTest.read_thrpt_jmhStub;org/apache/cassandra/test/microbench/uring/UringRawReadBench.read;org/apache/cassandra/io/uring/UringRing.submit;org/apache/cassandra/io/uring/UringRing.enter;org/apache/cassandra/io/uring/UringNative.ioUringEnter;org/apache/cassandra/io/uring/UringNative.syscall;[unknown];syscall;entry_SYSCALL_64_after_hwframe_[k];do_syscall_64_[k];__x64_sys_io_uring_enter_[k] 2
java/lang/Thread.run;java/util/concurrent/ThreadPoolExecutor$Worker.run;java/util/concurrent/ThreadPoolExecutor.runWorker;java/util/concurrent/FutureTask.run;java/util/concurrent/Executors$RunnableAdapter.call;java/util/concurrent/FutureTask.run;org/openjdk/jmh/runner/BenchmarkHandler$BenchmarkTask.call;org/openjdk/jmh/runner/BenchmarkHandler$BenchmarkTask.call;java/lang/reflect/Method.invoke;jdk/internal/reflect/DelegatingMethodAccessorImpl.invoke;jdk/internal/reflect/NativeMethodAccessorImpl.invoke;jdk/internal/reflect/NativeMethodAccessorImpl.invoke0;org/apache/cassandra/test/microbench/uring/jmh_generated/UringRawReadBench_read_jmhTest.read_Throughput;org/apache/cassandra/test/microbench/uring/jmh_generated/UringRawReadBench_read_jmhTest.read_thrpt_jmhStub;org/apache/cassandra/test/microbench/uring/UringRawReadBench.read;org/apache/cassandra/io/uring/UringRing.submit;org/apache/cassandra/io/uring/UringRing.enter;org/apache/cassandra/io/uring/UringNative.ioUringEnter;org/apache/cassandra/io/uring/UringNative.syscall;[unknown];syscall;entry_SYSCALL_64_after_hwframe_[k];do_syscall_64_[k];x64_sys_call_[k];__x64_sys_io_uring_enter_[k];__do_sys_io_uring_enter_[k];io_submit_sqes_[k];io_issue_sqe_[k];io_read_[k];__io_read_[k];ext4_file_read_iter_[k];iomap_dio_rw_[k];__iomap_dio_rw_[k];blk_finish_plug_[k] 2
java/lang/Thread.run;java/util/concurrent/ThreadPoolExecutor$Worker.run;java/util/concurrent/ThreadPoolExecutor.runWorker;java/util/concurrent/FutureTask.run;java/util/concurrent/Executors$RunnableAdapter.call;java/util/concurrent/FutureTask.run;org/openjdk/jmh/runner/BenchmarkHandler$BenchmarkTask.call;org/openjdk/jmh/runner/BenchmarkHandler$BenchmarkTask.call;java/lang/reflect/Method.invoke;jdk/internal/reflect/DelegatingMethodAccessorImpl.invoke;jdk/internal/reflect/NativeMethodAccessorImpl.invoke;jdk/internal/reflect/NativeMethodAccessorImpl.invoke0;org/apache/cassandra/test/microbench/uring/jmh_generated/UringRawReadBench_read_jmhTest.read_Throughput;org/apache/cassandra/test/microbench/uring/jmh_generated/UringRawReadBench_read_jmhTest.read_thrpt_jmhStub;org/apache/cassandra/test/microbench/uring/UringRawReadBench.read;org/apache/cassandra/io/uring/UringRing.submit;org/apache/cassandra/io/uring/UringRing.enter;org/apache/cassandra/io/uring/UringNative.ioUringEnter;org/apache/cassandra/io/uring/UringNative.syscall;[unknown];syscall;entry_SYSCALL_64_after_hwframe_[k];do_syscall_64_[k];x64_sys_call_[k];__x64_sys_io_uring_enter_[k];__do_sys_io_uring_enter_[k];io_submit_sqes_[k];blk_finish_plug_[k];__blk_flush_plug_[k];blk_mq_flush_plug_list_[k];blk_mq_flush_plug_list.part.0_[k];nvme_queue_rqs?[nvme]_[k];nvme_prep_rq.part.0?[nvme]_[k];blk_mq_start_request_[k];wbt_issue_[k] 2
java/lang/Thread.run;java/util/concurrent/ThreadPoolExecutor$Worker.run;java/util/concurrent/ThreadPoolExecutor.runWorker;java/util/concurrent/FutureTask.run;java/util/concurrent/Executors$RunnableAdapter.call;java/util/concurrent/FutureTask.run;org/openjdk/jmh/runner/BenchmarkHandler$BenchmarkTask.call;org/openjdk/jmh/runner/BenchmarkHandler$BenchmarkTask.call;java/lang/reflect/Method.invoke;jdk/internal/reflect/DelegatingMethodAccessorImpl.invoke;jdk/internal/reflect/NativeMethodAccessorImpl.invoke;jdk/internal/reflect/NativeMethodAccessorImpl.invoke0;org/apache/cassandra/test/microbench/uring/jmh_generated/UringRawReadBench_read_jmhTest.read_Throughput;org/apache/cassandra/test/microbench/uring/jmh_generated/UringRawReadBench_read_jmhTest.read_thrpt_jmhStub;org/apache/cassandra/test/microbench/uring/UringRawReadBench.read;org/apache/cassandra/io/uring/UringRing.submit;org/apache/cassandra/io/uring/UringRing.enter;org/apache/cassandra/io/uring/UringNative.ioUringEnter;org/apache/cassandra/io/uring/UringNative.syscall;[unknown];syscall;entry_SYSCALL_64_after_hwframe_[k];do_syscall_64_[k];x64_sys_call_[k];__x64_sys_io_uring_enter_[k];__do_sys_io_uring_enter_[k];io_submit_sqes_[k];io_issue_sqe_[k];io_read_[k];__io_read_[k];ext4_file_read_iter_[k];iomap_dio_rw_[k];__iomap_dio_rw_[k];iomap_dio_bio_iter_[k];iomap_dio_submit_bio_[k];submit_bio_[k];submit_bio_noacct_[k];submit_bio_noacct_nocheck_[k];__submit_bio_[k];blk_mq_submit_bio_[k];blk_add_rq_to_plug_[k];blk_mq_flush_plug_list.part.0_[k];nvme_queue_rqs?[nvme]_[k];nvme_prep_rq.part.0?[nvme]_[k];nvme_map_data?[nvme]_[k];dma_map_page_attrs_[k];iommu_dma_map_page_[k];__iommu_dma_map_[k];iommu_map_[k] 3
java/lang/Thread.run;java/util/concurrent/ThreadPoolExecutor$Worker.run;java/util/concurrent/ThreadPoolExecutor.runWorker;java/util/concurrent/FutureTask.run;java/util/concurrent/Executors$RunnableAdapter.call;java/util/concurrent/FutureTask.run;org/openjdk/jmh/runner/BenchmarkHandler$BenchmarkTask.call;org/openjdk/jmh/runner/BenchmarkHandler$BenchmarkTask.call;java/lang/reflect/Method.invoke;jdk/internal/reflect/DelegatingMethodAccessorImpl.invoke;jdk/internal/reflect/NativeMethodAccessorImpl.invoke;jdk/internal/reflect/NativeMethodAccessorImpl.invoke0;org/apache/cassandra/test/microbench/uring/jmh_generated/UringRawReadBench_read_jmhTest.read_Throughput;org/apache/cassandra/test/microbench/uring/jmh_generated/UringRawReadBench_read_jmhTest.read_thrpt_jmhStub;org/apache/cassandra/test/microbench/uring/UringRawReadBench.read;org/apache/cassandra/io/uring/UringRing.submit;org/apache/cassandra/io/uring/UringRing.enter;org/apache/cassandra/io/uring/UringNative.ioUringEnter;org/apache/cassandra/io/uring/UringNative.syscall;[unknown];syscall;entry_SYSCALL_64_after_hwframe_[k];do_syscall_64_[k];x64_sys_call_[k];__x64_sys_io_uring_enter_[k];__do_sys_io_uring_enter_[k];io_submit_sqes_[k];io_issue_sqe_[k];io_read_[k];__io_read_[k];ext4_file_read_iter_[k];iomap_dio_rw_[k];__iomap_dio_rw_[k];iomap_dio_bio_iter_[k];iomap_dio_submit_bio_[k];submit_bio_[k];submit_bio_noacct_[k];submit_bio_noacct_nocheck_[k];__submit_bio_[k];blk_mq_submit_bio_[k];blk_add_rq_to_plug_[k];blk_mq_flush_plug_list.part.0_[k];nvme_queue_rqs?[nvme]_[k];nvme_prep_rq.part.0?[nvme]_[k];blk_mq_start_request_[k] 6
java/lang/Thread.run;java/util/concurrent/ThreadPoolExecutor$Worker.run;java/util/concurrent/ThreadPoolExecutor.runWorker;java/util/concurrent/FutureTask.run;java/util/concurrent/Executors$RunnableAdapter.call;java/util/concurrent/FutureTask.run;org/openjdk/jmh/runner/BenchmarkHandler$BenchmarkTask.call;org/openjdk/jmh/runner/BenchmarkHandler$BenchmarkTask.call;java/lang/reflect/Method.invoke;jdk/internal/reflect/DelegatingMethodAccessorImpl.invoke;jdk/internal/reflect/NativeMethodAccessorImpl.invoke;jdk/internal/reflect/NativeMethodAccessorImpl.invoke0;org/apache/cassandra/test/microbench/uring/jmh_generated/UringRawReadBench_read_jmhTest.read_Throughput;org/apache/cassandra/test/microbench/uring/jmh_generated/UringRawReadBench_read_jmhTest.read_thrpt_jmhStub;org/apache/cassandra/test/microbench/uring/UringRawReadBench.read;org/apache/cassandra/io/uring/UringRing.submit;org/apache/cassandra/io/uring/UringRing.enter;org/apache/cassandra/io/uring/UringNative.ioUringEnter;org/apache/cassandra/io/uring/UringNative.syscall;[unknown];syscall;entry_SYSCALL_64_after_hwframe_[k];do_syscall_64_[k];x64_sys_call_[k];__x64_sys_io_uring_enter_[k];__do_sys_io_uring_enter_[k];io_submit_sqes_[k];io_issue_sqe_[k];io_read_[k];__io_read_[k];ext4_file_read_iter_[k];iomap_dio_rw_[k];__iomap_dio_rw_[k] 18
java/lang/Thread.run;java/util/concurrent/ThreadPoolExecutor$Worker.run;java/util/concurrent/ThreadPoolExecutor.runWorker;java/util/concurrent/FutureTask.run;java/util/concurrent/Executors$RunnableAdapter.call;java/util/concurrent/FutureTask.run;org/openjdk/jmh/runner/BenchmarkHandler$BenchmarkTask.call;org/openjdk/jmh/runner/BenchmarkHandler$BenchmarkTask.call;java/lang/reflect/Method.invoke;jdk/internal/reflect/DelegatingMethodAccessorImpl.invoke;jdk/internal/reflect/NativeMethodAccessorImpl.invoke;jdk/internal/reflect/NativeMethodAccessorImpl.invoke0;org/apache/cassandra/test/microbench/uring/jmh_generated/UringRawReadBench_read_jmhTest.read_Throughput;org/apache/cassandra/test/microbench/uring/jmh_generated/UringRawReadBench_read_jmhTest.read_thrpt_jmhStub;org/apache/cassandra/test/microbench/uring/UringRawReadBench.read;org/apache/cassandra/io/uring/UringRing.submit;org/apache/cassandra/io/uring/UringRing.enter;org/apache/cassandra/io/uring/UringNative.ioUringEnter;org/apache/cassandra/io/uring/UringNative.syscall 6
java/lang/Thread.run;java/util/concurrent/ThreadPoolExecutor$Worker.run;java/util/concurrent/ThreadPoolExecutor.runWorker;java/util/concurrent/FutureTask.run;java/util/concurrent/Executors$RunnableAdapter.call;java/util/concurrent/FutureTask.run;org/openjdk/jmh/runner/BenchmarkHandler$BenchmarkTask.call;org/openjdk/jmh/runner/BenchmarkHandler$BenchmarkTask.call;java/lang/reflect/Method.invoke;jdk/internal/reflect/DelegatingMethodAccessorImpl.invoke;jdk/internal/reflect/NativeMethodAccessorImpl.invoke;jdk/internal/reflect/NativeMethodAccessorImpl.invoke0;org/apache/cassandra/test/microbench/uring/jmh_generated/UringRawReadBench_read_jmhTest.read_Throughput;org/apache/cassandra/test/microbench/uring/jmh_generated/UringRawReadBench_read_jmhTest.read_thrpt_jmhStub;org/apache/cassandra/test/microbench/uring/UringRawReadBench.read;java/util/HashMap.put;java/util/HashMap.putVal 1
java/lang/Thread.run;java/util/concurrent/ThreadPoolExecutor$Worker.run;java/util/concurrent/ThreadPoolExecutor.runWorker;java/util/concurrent/FutureTask.run;java/util/concurrent/Executors$RunnableAdapter.call;java/util/concurrent/FutureTask.run;org/openjdk/jmh/runner/BenchmarkHandler$BenchmarkTask.call;org/openjdk/jmh/runner/BenchmarkHandler$BenchmarkTask.call;java/lang/reflect/Method.invoke;jdk/internal/reflect/DelegatingMethodAccessorImpl.invoke;jdk/internal/reflect/NativeMethodAccessorImpl.invoke;jdk/internal/reflect/NativeMethodAccessorImpl.invoke0;org/apache/cassandra/test/microbench/uring/jmh_generated/UringRawReadBench_read_jmhTest.read_Throughput;org/apache/cassandra/test/microbench/uring/jmh_generated/UringRawReadBench_read_jmhTest.read_thrpt_jmhStub;org/apache/cassandra/test/microbench/uring/UringRawReadBench.read;org/apache/cassandra/io/uring/UringRing.submit;org/apache/cassandra/io/uring/UringRing.enter;org/apache/cassandra/io/uring/UringNative.ioUringEnter;org/apache/cassandra/io/uring/UringNative.syscall;[unknown];syscall;entry_SYSCALL_64_after_hwframe_[k];do_syscall_64_[k];x64_sys_call_[k];__x64_sys_io_uring_enter_[k];__do_sys_io_uring_enter_[k];io_submit_sqes_[k];io_issue_sqe_[k];io_read_[k];__io_read_[k];ext4_file_read_iter_[k];iomap_dio_rw_[k];__iomap_dio_rw_[k];iomap_dio_bio_iter_[k];bio_set_pages_dirty_[k];folio_mark_dirty_[k];folio_mapping_[k] 1
java/lang/Thread.run;java/util/concurrent/ThreadPoolExecutor$Worker.run;java/util/concurrent/ThreadPoolExecutor.runWorker;java/util/concurrent/FutureTask.run;java/util/concurrent/Executors$RunnableAdapter.call;java/util/concurrent/FutureTask.run;org/openjdk/jmh/runner/BenchmarkHandler$BenchmarkTask.call;org/openjdk/jmh/runner/BenchmarkHandler$BenchmarkTask.call;java/lang/reflect/Method.invoke;jdk/internal/reflect/DelegatingMethodAccessorImpl.invoke;jdk/internal/reflect/NativeMethodAccessorImpl.invoke;jdk/internal/reflect/NativeMethodAccessorImpl.invoke0;org/apache/cassandra/test/microbench/uring/jmh_generated/UringRawReadBench_read_jmhTest.read_Throughput;org/apache/cassandra/test/microbench/uring/jmh_generated/UringRawReadBench_read_jmhTest.read_thrpt_jmhStub;org/apache/cassandra/test/microbench/uring/UringRawReadBench.read;org/apache/cassandra/io/uring/UringRing.submit;org/apache/cassandra/io/uring/UringRing.enter;org/apache/cassandra/io/uring/UringNative.ioUringEnter;org/apache/cassandra/io/uring/UringNative.syscall;[unknown];syscall;entry_SYSCALL_64_after_hwframe_[k];do_syscall_64_[k];x64_sys_call_[k];__x64_sys_io_uring_enter_[k];__do_sys_io_uring_enter_[k];io_submit_sqes_[k];io_issue_sqe_[k];io_read_[k];__io_read_[k];ext4_file_read_iter_[k];iomap_dio_rw_[k];__iomap_dio_rw_[k];iomap_dio_bio_iter_[k];bio_iov_iter_get_pages_[k];iov_iter_revert_[k] 1
java/lang/Thread.run;java/util/concurrent/ThreadPoolExecutor$Worker.run;java/util/concurrent/ThreadPoolExecutor.runWorker;java/util/concurrent/FutureTask.run;java/util/concurrent/Executors$RunnableAdapter.call;java/util/concurrent/FutureTask.run;org/openjdk/jmh/runner/BenchmarkHandler$BenchmarkTask.call;org/openjdk/jmh/runner/BenchmarkHandler$BenchmarkTask.call;java/lang/reflect/Method.invoke;jdk/internal/reflect/DelegatingMethodAccessorImpl.invoke;jdk/internal/reflect/NativeMethodAccessorImpl.invoke;jdk/internal/reflect/NativeMethodAccessorImpl.invoke0;org/apache/cassandra/test/microbench/uring/jmh_generated/UringRawReadBench_read_jmhTest.read_Throughput;org/apache/cassandra/test/microbench/uring/jmh_generated/UringRawReadBench_read_jmhTest.read_thrpt_jmhStub;org/apache/cassandra/test/microbench/uring/UringRawReadBench.read;org/apache/cassandra/io/uring/UringRing.submit;org/apache/cassandra/io/uring/UringRing.enter;org/apache/cassandra/io/uring/UringNative.ioUringEnter;org/apache/cassandra/io/uring/UringNative.syscall;[unknown];syscall;entry_SYSCALL_64_after_hwframe_[k];do_syscall_64_[k];x64_sys_call_[k];__x64_sys_io_uring_enter_[k];__do_sys_io_uring_enter_[k];io_submit_sqes_[k];io_issue_sqe_[k];io_read_[k];__io_read_[k];ext4_file_read_iter_[k];iomap_dio_rw_[k];__iomap_dio_rw_[k];iomap_dio_bio_iter_[k];iomap_dio_submit_bio_[k];submit_bio_[k];submit_bio_noacct_[k];submit_bio_noacct_nocheck_[k];__submit_bio_[k];blk_mq_submit_bio_[k];blk_mq_sched_bio_merge_[k] 1
java/lang/Thread.run;java/util/concurrent/ThreadPoolExecutor$Worker.run;java/util/concurrent/ThreadPoolExecutor.runWorker;java/util/concurrent/FutureTask.run;java/util/concurrent/Executors$RunnableAdapter.call;java/util/concurrent/FutureTask.run;org/openjdk/jmh/runner/BenchmarkHandler$BenchmarkTask.call;org/openjdk/jmh/runner/BenchmarkHandler$BenchmarkTask.call;java/lang/reflect/Method.invoke;jdk/internal/reflect/DelegatingMethodAccessorImpl.invoke;jdk/internal/reflect/NativeMethodAccessorImpl.invoke;jdk/internal/reflect/NativeMethodAccessorImpl.invoke0;org/apache/cassandra/test/microbench/uring/jmh_generated/UringRawReadBench_read_jmhTest.read_Throughput;org/apache/cassandra/test/microbench/uring/jmh_generated/UringRawReadBench_read_jmhTest.read_thrpt_jmhStub;org/apache/cassandra/test/microbench/uring/UringRawReadBench.read;org/apache/cassandra/io/uring/UringRing.submit;org/apache/cassandra/io/uring/UringRing.enter;org/apache/cassandra/io/uring/UringNative.ioUringEnter;org/apache/cassandra/io/uring/UringNative.syscall;[unknown];syscall;entry_SYSCALL_64_after_hwframe_[k];do_syscall_64_[k];x64_sys_call_[k];__x64_sys_io_uring_enter_[k];__do_sys_io_uring_enter_[k];io_submit_sqes_[k];blk_finish_plug_[k];__blk_flush_plug_[k];blk_mq_flush_plug_list_[k];blk_mq_flush_plug_list.part.0_[k];nvme_queue_rqs?[nvme]_[k];nvme_prep_rq.part.0?[nvme]_[k];nvme_map_data?[nvme]_[k];dma_map_page_attrs_[k];iommu_dma_map_page_[k];__iommu_dma_map_[k];iommu_map_[k];intel_iommu_iotlb_sync_map_[k];xa_find_after_[k] 2
java/lang/Thread.run;java/util/concurrent/ThreadPoolExecutor$Worker.run;java/util/concurrent/ThreadPoolExecutor.runWorker;java/util/concurrent/FutureTask.run;java/util/concurrent/Executors$RunnableAdapter.call;java/util/concurrent/FutureTask.run;org/openjdk/jmh/runner/BenchmarkHandler$BenchmarkTask.call;org/openjdk/jmh/runner/BenchmarkHandler$BenchmarkTask.call;java/lang/reflect/Method.invoke;jdk/internal/reflect/DelegatingMethodAccessorImpl.invoke;jdk/internal/reflect/NativeMethodAccessorImpl.invoke;jdk/internal/reflect/NativeMethodAccessorImpl.invoke0;org/apache/cassandra/test/microbench/uring/jmh_generated/UringRawReadBench_read_jmhTest.read_Throughput;org/apache/cassandra/test/microbench/uring/jmh_generated/UringRawReadBench_read_jmhTest.read_thrpt_jmhStub;org/apache/cassandra/test/microbench/uring/UringRawReadBench.read;org/apache/cassandra/io/uring/UringRing.submit;org/apache/cassandra/io/uring/UringRing.enter;org/apache/cassandra/io/uring/UringNative.ioUringEnter;org/apache/cassandra/io/uring/UringNative.syscall;/root/.cache/JNA/temp/jna18280739141362750566.tmp;/root/.cache/JNA/temp/jna18280739141362750566.tmp;asm_sysvec_apic_timer_interrupt_[k];sysvec_apic_timer_interrupt_[k];irq_exit_rcu_[k];__irq_exit_rcu_[k];handle_softirqs_[k] 1
java/lang/Thread.run;java/util/concurrent/ThreadPoolExecutor$Worker.run;java/util/concurrent/ThreadPoolExecutor.runWorker;java/util/concurrent/FutureTask.run;java/util/concurrent/Executors$RunnableAdapter.call;java/util/concurrent/FutureTask.run;org/openjdk/jmh/runner/BenchmarkHandler$BenchmarkTask.call;org/openjdk/jmh/runner/BenchmarkHandler$BenchmarkTask.call;java/lang/reflect/Method.invoke;jdk/internal/reflect/DelegatingMethodAccessorImpl.invoke;jdk/internal/reflect/NativeMethodAccessorImpl.invoke;jdk/internal/reflect/NativeMethodAccessorImpl.invoke0;org/apache/cassandra/test/microbench/uring/jmh_generated/UringRawReadBench_read_jmhTest.read_Throughput;org/apache/cassandra/test/microbench/uring/jmh_generated/UringRawReadBench_read_jmhTest.read_thrpt_jmhStub;org/apache/cassandra/test/microbench/uring/UringRawReadBench.read;org/apache/cassandra/io/uring/UringRing.submit;org/apache/cassandra/io/uring/UringRing.enter;org/apache/cassandra/io/uring/UringNative.ioUringEnter;org/apache/cassandra/io/uring/UringNative.syscall;[unknown];syscall;entry_SYSCALL_64_after_hwframe_[k];do_syscall_64_[k];x64_sys_call_[k];__x64_sys_io_uring_enter_[k];__do_sys_io_uring_enter_[k];io_submit_sqes_[k];io_issue_sqe_[k];io_read_[k];__io_read_[k];ext4_file_read_iter_[k];iomap_dio_rw_[k];__iomap_dio_rw_[k];iomap_dio_bio_iter_[k];iomap_dio_submit_bio_[k];submit_bio_[k];submit_bio_noacct_[k];submit_bio_noacct_nocheck_[k];__submit_bio_[k];blk_mq_submit_bio_[k];read_tsc_[k] 5
java/lang/Thread.run;java/util/concurrent/ThreadPoolExecutor$Worker.run;java/util/concurrent/ThreadPoolExecutor.runWorker;java/util/concurrent/FutureTask.run;java/util/concurrent/Executors$RunnableAdapter.call;java/util/concurrent/FutureTask.run;org/openjdk/jmh/runner/BenchmarkHandler$BenchmarkTask.call;org/openjdk/jmh/runner/BenchmarkHandler$BenchmarkTask.call;java/lang/reflect/Method.invoke;jdk/internal/reflect/DelegatingMethodAccessorImpl.invoke;jdk/internal/reflect/NativeMethodAccessorImpl.invoke;jdk/internal/reflect/NativeMethodAccessorImpl.invoke0;org/apache/cassandra/test/microbench/uring/jmh_generated/UringRawReadBench_read_jmhTest.read_Throughput;org/apache/cassandra/test/microbench/uring/jmh_generated/UringRawReadBench_read_jmhTest.read_thrpt_jmhStub;org/apache/cassandra/test/microbench/uring/UringRawReadBench.read;org/apache/cassandra/io/uring/UringRing.submit;org/apache/cassandra/io/uring/UringRing.enter;org/apache/cassandra/io/uring/UringNative.ioUringEnter;org/apache/cassandra/io/uring/UringNative.syscall;[unknown];syscall;entry_SYSCALL_64_after_hwframe_[k];do_syscall_64_[k];x64_sys_call_[k];__x64_sys_io_uring_enter_[k];__do_sys_io_uring_enter_[k];io_submit_sqes_[k];io_issue_sqe_[k];io_read_[k];__io_read_[k];ext4_file_read_iter_[k];iomap_dio_rw_[k];__iomap_dio_rw_[k];iomap_dio_bio_iter_[k];iomap_dio_submit_bio_[k];submit_bio_[k];submit_bio_noacct_[k];submit_bio_noacct_nocheck_[k];__submit_bio_[k];blk_mq_submit_bio_[k];blk_add_rq_to_plug_[k];blk_mq_flush_plug_list.part.0_[k];nvme_queue_rqs?[nvme]_[k];nvme_prep_rq.part.0?[nvme]_[k];nvme_map_data?[nvme]_[k] 6
java/lang/Thread.run;java/util/concurrent/ThreadPoolExecutor$Worker.run;java/util/concurrent/ThreadPoolExecutor.runWorker;java/util/concurrent/FutureTask.run;java/util/concurrent/Executors$RunnableAdapter.call;java/util/concurrent/FutureTask.run;org/openjdk/jmh/runner/BenchmarkHandler$BenchmarkTask.call;org/openjdk/jmh/runner/BenchmarkHandler$BenchmarkTask.call;java/lang/reflect/Method.invoke;jdk/internal/reflect/DelegatingMethodAccessorImpl.invoke;jdk/internal/reflect/NativeMethodAccessorImpl.invoke;jdk/internal/reflect/NativeMethodAccessorImpl.invoke0;org/apache/cassandra/test/microbench/uring/jmh_generated/UringRawReadBench_read_jmhTest.read_Throughput;org/apache/cassandra/test/microbench/uring/jmh_generated/UringRawReadBench_read_jmhTest.read_thrpt_jmhStub;org/apache/cassandra/test/microbench/uring/UringRawReadBench.read;org/apache/cassandra/io/uring/UringRing.submit;org/apache/cassandra/io/uring/UringRing.enter;org/apache/cassandra/io/uring/UringNative.ioUringEnter;org/apache/cassandra/io/uring/UringNative.syscall;/root/.cache/JNA/temp/jna18280739141362750566.tmp 2
[unknown_Java];I2C/C2I adapters 1
java/lang/Thread.run;java/util/concurrent/ThreadPoolExecutor$Worker.run;java/util/concurrent/ThreadPoolExecutor.runWorker;java/util/concurrent/FutureTask.run;java/util/concurrent/Executors$RunnableAdapter.call;java/util/concurrent/FutureTask.run;org/openjdk/jmh/runner/BenchmarkHandler$BenchmarkTask.call;org/openjdk/jmh/runner/BenchmarkHandler$BenchmarkTask.call;java/lang/reflect/Method.invoke;jdk/internal/reflect/DelegatingMethodAccessorImpl.invoke;jdk/internal/reflect/NativeMethodAccessorImpl.invoke;jdk/internal/reflect/NativeMethodAccessorImpl.invoke0;org/apache/cassandra/test/microbench/uring/jmh_generated/UringRawReadBench_read_jmhTest.read_Throughput;org/apache/cassandra/test/microbench/uring/jmh_generated/UringRawReadBench_read_jmhTest.read_thrpt_jmhStub;org/apache/cassandra/test/microbench/uring/UringRawReadBench.read;org/apache/cassandra/io/uring/UringRing.submit;org/apache/cassandra/io/uring/UringRing.enter;org/apache/cassandra/io/uring/UringNative.ioUringEnter;org/apache/cassandra/io/uring/UringNative.syscall;[unknown];syscall;entry_SYSCALL_64_after_hwframe_[k];do_syscall_64_[k];x64_sys_call_[k];__x64_sys_io_uring_enter_[k];__do_sys_io_uring_enter_[k];__rcu_read_unlock_[k] 1
java/lang/Thread.run;java/util/concurrent/ThreadPoolExecutor$Worker.run;java/util/concurrent/ThreadPoolExecutor.runWorker;java/util/concurrent/FutureTask.run;java/util/concurrent/Executors$RunnableAdapter.call;java/util/concurrent/FutureTask.run;org/openjdk/jmh/runner/BenchmarkHandler$BenchmarkTask.call;org/openjdk/jmh/runner/BenchmarkHandler$BenchmarkTask.call;java/lang/reflect/Method.invoke;jdk/internal/reflect/DelegatingMethodAccessorImpl.invoke;jdk/internal/reflect/NativeMethodAccessorImpl.invoke;jdk/internal/reflect/NativeMethodAccessorImpl.invoke0;org/apache/cassandra/test/microbench/uring/jmh_generated/UringRawReadBench_read_jmhTest.read_Throughput;org/apache/cassandra/test/microbench/uring/jmh_generated/UringRawReadBench_read_jmhTest.read_thrpt_jmhStub;org/apache/cassandra/test/microbench/uring/UringRawReadBench.read;org/apache/cassandra/io/uring/UringRing.submit;org/apache/cassandra/io/uring/UringRing.enter;org/apache/cassandra/io/uring/UringNative.ioUringEnter;org/apache/cassandra/io/uring/UringNative.syscall;[unknown];syscall;entry_SYSCALL_64_after_hwframe_[k];do_syscall_64_[k];x64_sys_call_[k];__x64_sys_io_uring_enter_[k];__do_sys_io_uring_enter_[k];io_submit_sqes_[k];io_issue_sqe_[k];io_read_[k];__io_read_[k];ext4_file_read_iter_[k];iomap_dio_rw_[k];__iomap_dio_rw_[k];iomap_dio_bio_iter_[k];iomap_dio_alloc_bio.isra.0_[k];bio_alloc_bioset_[k];bio_associate_blkg_[k] 2
java/lang/Thread.run;java/util/concurrent/ThreadPoolExecutor$Worker.run;java/util/concurrent/ThreadPoolExecutor.runWorker;java/util/concurrent/FutureTask.run;java/util/concurrent/Executors$RunnableAdapter.call;java/util/concurrent/FutureTask.run;org/openjdk/jmh/runner/BenchmarkHandler$BenchmarkTask.call;org/openjdk/jmh/runner/BenchmarkHandler$BenchmarkTask.call;java/lang/reflect/Method.invoke;jdk/internal/reflect/DelegatingMethodAccessorImpl.invoke;jdk/internal/reflect/NativeMethodAccessorImpl.invoke;jdk/internal/reflect/NativeMethodAccessorImpl.invoke0;org/apache/cassandra/test/microbench/uring/jmh_generated/UringRawReadBench_read_jmhTest.read_Throughput;org/apache/cassandra/test/microbench/uring/jmh_generated/UringRawReadBench_read_jmhTest.read_thrpt_jmhStub;org/apache/cassandra/test/microbench/uring/UringRawReadBench.read;org/apache/cassandra/io/uring/UringRing.submit;org/apache/cassandra/io/uring/UringRing.enter;org/apache/cassandra/io/uring/UringNative.ioUringEnter;org/apache/cassandra/io/uring/UringNative.syscall;[unknown];syscall;entry_SYSCALL_64_after_hwframe_[k];do_syscall_64_[k];x64_sys_call_[k];__x64_sys_io_uring_enter_[k];__do_sys_io_uring_enter_[k];io_submit_sqes_[k];io_issue_sqe_[k];io_read_[k];__io_read_[k];ext4_file_read_iter_[k];iomap_dio_rw_[k];__iomap_dio_rw_[k];iomap_iter_[k];ext4_iomap_begin_[k];ext4_set_iomap_[k] 5
java/lang/Thread.run;java/util/concurrent/ThreadPoolExecutor$Worker.run;java/util/concurrent/ThreadPoolExecutor.runWorker;java/util/concurrent/FutureTask.run;java/util/concurrent/Executors$RunnableAdapter.call;java/util/concurrent/FutureTask.run;org/openjdk/jmh/runner/BenchmarkHandler$BenchmarkTask.call;org/openjdk/jmh/runner/BenchmarkHandler$BenchmarkTask.call;java/lang/reflect/Method.invoke;jdk/internal/reflect/DelegatingMethodAccessorImpl.invoke;jdk/internal/reflect/NativeMethodAccessorImpl.invoke;jdk/internal/reflect/NativeMethodAccessorImpl.invoke0;org/apache/cassandra/test/microbench/uring/jmh_generated/UringRawReadBench_read_jmhTest.read_Throughput;org/apache/cassandra/test/microbench/uring/jmh_generated/UringRawReadBench_read_jmhTest.read_thrpt_jmhStub;org/apache/cassandra/test/microbench/uring/UringRawReadBench.read;org/apache/cassandra/io/uring/UringRing.submit;org/apache/cassandra/io/uring/UringRing.enter;org/apache/cassandra/io/uring/UringNative.ioUringEnter;org/apache/cassandra/io/uring/UringNative.syscall;[unknown];syscall;entry_SYSCALL_64_after_hwframe_[k];do_syscall_64_[k];x64_sys_call_[k];__x64_sys_io_uring_enter_[k];__do_sys_io_uring_enter_[k];io_submit_sqes_[k];io_issue_sqe_[k];io_read_[k];ext4_file_read_iter_[k] 2
java/lang/Thread.run;java/util/concurrent/ThreadPoolExecutor$Worker.run;java/util/concurrent/ThreadPoolExecutor.runWorker;java/util/concurrent/FutureTask.run;java/util/concurrent/Executors$RunnableAdapter.call;java/util/concurrent/FutureTask.run;org/openjdk/jmh/runner/BenchmarkHandler$BenchmarkTask.call;org/openjdk/jmh/runner/BenchmarkHandler$BenchmarkTask.call;java/lang/reflect/Method.invoke;jdk/internal/reflect/DelegatingMethodAccessorImpl.invoke;jdk/internal/reflect/NativeMethodAccessorImpl.invoke;jdk/internal/reflect/NativeMethodAccessorImpl.invoke0;org/apache/cassandra/test/microbench/uring/jmh_generated/UringRawReadBench_read_jmhTest.read_Throughput;org/apache/cassandra/test/microbench/uring/jmh_generated/UringRawReadBench_read_jmhTest.read_thrpt_jmhStub;org/apache/cassandra/test/microbench/uring/UringRawReadBench.read;org/apache/cassandra/io/uring/UringRing.awaitCompletions;org/apache/cassandra/io/uring/UringRing.enter;org/apache/cassandra/io/uring/UringNative.ioUringEnter;org/apache/cassandra/io/uring/UringNative.syscall;/root/.cache/JNA/temp/jna18280739141362750566.tmp;/root/.cache/JNA/temp/jna18280739141362750566.tmp;/root/.cache/JNA/temp/jna18280739141362750566.tmp;ffi_call;memcpy 1
java/lang/Thread.run;java/util/concurrent/ThreadPoolExecutor$Worker.run;java/util/concurrent/ThreadPoolExecutor.runWorker;java/util/concurrent/FutureTask.run;java/util/concurrent/Executors$RunnableAdapter.call;java/util/concurrent/FutureTask.run;org/openjdk/jmh/runner/BenchmarkHandler$BenchmarkTask.call;org/openjdk/jmh/runner/BenchmarkHandler$BenchmarkTask.call;java/lang/reflect/Method.invoke;jdk/internal/reflect/DelegatingMethodAccessorImpl.invoke;jdk/internal/reflect/NativeMethodAccessorImpl.invoke;jdk/internal/reflect/NativeMethodAccessorImpl.invoke0;org/apache/cassandra/test/microbench/uring/jmh_generated/UringRawReadBench_read_jmhTest.read_Throughput;org/apache/cassandra/test/microbench/uring/jmh_generated/UringRawReadBench_read_jmhTest.read_thrpt_jmhStub;org/apache/cassandra/test/microbench/uring/UringRawReadBench.read;org/apache/cassandra/io/uring/UringRing.submit;org/apache/cassandra/io/uring/UringRing.enter;org/apache/cassandra/io/uring/UringNative.ioUringEnter;org/apache/cassandra/io/uring/UringNative.syscall;[unknown];syscall;entry_SYSCALL_64_after_hwframe_[k];do_syscall_64_[k];x64_sys_call_[k];__x64_sys_io_uring_enter_[k];__do_sys_io_uring_enter_[k];io_submit_sqes_[k];io_issue_sqe_[k];io_read_[k];__io_read_[k];ext4_file_read_iter_[k];iomap_dio_rw_[k];__iomap_dio_rw_[k];iomap_dio_bio_iter_[k];iomap_dio_submit_bio_[k];submit_bio_[k];submit_bio_noacct_[k];submit_bio_noacct_nocheck_[k];__submit_bio_[k];blk_mq_submit_bio_[k];blk_add_rq_to_plug_[k];blk_mq_flush_plug_list.part.0_[k];nvme_queue_rqs?[nvme]_[k];nvme_prep_rq.part.0?[nvme]_[k];nvme_map_data?[nvme]_[k];dma_map_page_attrs_[k];iommu_dma_map_page_[k];__iommu_dma_map_[k];iommu_map_[k];intel_iommu_iotlb_sync_map_[k];xa_find_[k];__rcu_read_lock_[k] 1
java/lang/Thread.run;java/util/concurrent/ThreadPoolExecutor$Worker.run;java/util/concurrent/ThreadPoolExecutor.runWorker;java/util/concurrent/FutureTask.run;java/util/concurrent/Executors$RunnableAdapter.call;java/util/concurrent/FutureTask.run;org/openjdk/jmh/runner/BenchmarkHandler$BenchmarkTask.call;org/openjdk/jmh/runner/BenchmarkHandler$BenchmarkTask.call;java/lang/reflect/Method.invoke;jdk/internal/reflect/DelegatingMethodAccessorImpl.invoke;jdk/internal/reflect/NativeMethodAccessorImpl.invoke;jdk/internal/reflect/NativeMethodAccessorImpl.invoke0;org/apache/cassandra/test/microbench/uring/jmh_generated/UringRawReadBench_read_jmhTest.read_Throughput;org/apache/cassandra/test/microbench/uring/jmh_generated/UringRawReadBench_read_jmhTest.read_thrpt_jmhStub;org/apache/cassandra/test/microbench/uring/UringRawReadBench.read;org/apache/cassandra/io/uring/UringRing.prepareRead;asm_exc_page_fault_[k];exc_page_fault_[k];do_user_addr_fault_[k];handle_mm_fault_[k];__handle_mm_fault_[k];handle_pte_fault_[k];do_anonymous_page_[k];__rcu_read_unlock_[k] 1
java/lang/Thread.run;java/util/concurrent/ThreadPoolExecutor$Worker.run;java/util/concurrent/ThreadPoolExecutor.runWorker;java/util/concurrent/FutureTask.run;java/util/concurrent/Executors$RunnableAdapter.call;java/util/concurrent/FutureTask.run;org/openjdk/jmh/runner/BenchmarkHandler$BenchmarkTask.call;org/openjdk/jmh/runner/BenchmarkHandler$BenchmarkTask.call;java/lang/reflect/Method.invoke;jdk/internal/reflect/DelegatingMethodAccessorImpl.invoke;jdk/internal/reflect/NativeMethodAccessorImpl.invoke;jdk/internal/reflect/NativeMethodAccessorImpl.invoke0;org/apache/cassandra/test/microbench/uring/jmh_generated/UringRawReadBench_read_jmhTest.read_Throughput;org/apache/cassandra/test/microbench/uring/jmh_generated/UringRawReadBench_read_jmhTest.read_thrpt_jmhStub;org/apache/cassandra/test/microbench/uring/UringRawReadBench.read;org/apache/cassandra/io/uring/UringRing.awaitCompletions;org/apache/cassandra/io/uring/UringRing.enter;org/apache/cassandra/io/uring/UringNative.ioUringEnter;org/apache/cassandra/io/uring/UringNative.syscall;[unknown];syscall;entry_SYSCALL_64_after_hwframe_[k];do_syscall_64_[k];x64_sys_call_[k];__x64_sys_io_uring_enter_[k];__do_sys_io_uring_enter_[k] 2
java/lang/Thread.run;java/util/concurrent/ThreadPoolExecutor$Worker.run;java/util/concurrent/ThreadPoolExecutor.runWorker;java/util/concurrent/FutureTask.run;java/util/concurrent/Executors$RunnableAdapter.call;java/util/concurrent/FutureTask.run;org/openjdk/jmh/runner/BenchmarkHandler$BenchmarkTask.call;org/openjdk/jmh/runner/BenchmarkHandler$BenchmarkTask.call;java/lang/reflect/Method.invoke;jdk/internal/reflect/DelegatingMethodAccessorImpl.invoke;jdk/internal/reflect/NativeMethodAccessorImpl.invoke;jdk/internal/reflect/NativeMethodAccessorImpl.invoke0;org/apache/cassandra/test/microbench/uring/jmh_generated/UringRawReadBench_read_jmhTest.read_Throughput;org/apache/cassandra/test/microbench/uring/jmh_generated/UringRawReadBench_read_jmhTest.read_thrpt_jmhStub;org/apache/cassandra/test/microbench/uring/UringRawReadBench.read;org/apache/cassandra/io/uring/UringRing.submit;org/apache/cassandra/io/uring/UringRing.enter;org/apache/cassandra/io/uring/UringNative.ioUringEnter;org/apache/cassandra/io/uring/UringNative.syscall;[unknown];syscall;entry_SYSCALL_64_after_hwframe_[k];do_syscall_64_[k];x64_sys_call_[k];__x64_sys_io_uring_enter_[k];__do_sys_io_uring_enter_[k];io_submit_sqes_[k];io_issue_sqe_[k];io_read_[k];__io_read_[k];ext4_file_read_iter_[k];iomap_dio_rw_[k];__iomap_dio_rw_[k];iomap_dio_bio_iter_[k];iomap_dio_submit_bio_[k];submit_bio_[k];submit_bio_noacct_[k];submit_bio_noacct_nocheck_[k];__submit_bio_[k];blk_mq_submit_bio_[k];blk_add_rq_to_plug_[k] 2
java/lang/Thread.run;java/util/concurrent/ThreadPoolExecutor$Worker.run;java/util/concurrent/ThreadPoolExecutor.runWorker;java/util/concurrent/FutureTask.run;java/util/concurrent/Executors$RunnableAdapter.call;java/util/concurrent/FutureTask.run;org/openjdk/jmh/runner/BenchmarkHandler$BenchmarkTask.call;org/openjdk/jmh/runner/BenchmarkHandler$BenchmarkTask.call;java/lang/reflect/Method.invoke;jdk/internal/reflect/DelegatingMethodAccessorImpl.invoke;jdk/internal/reflect/NativeMethodAccessorImpl.invoke;jdk/internal/reflect/NativeMethodAccessorImpl.invoke0;org/apache/cassandra/test/microbench/uring/jmh_generated/UringRawReadBench_read_jmhTest.read_Throughput;org/apache/cassandra/test/microbench/uring/jmh_generated/UringRawReadBench_read_jmhTest.read_thrpt_jmhStub;org/apache/cassandra/test/microbench/uring/UringRawReadBench.read;org/apache/cassandra/io/uring/UringRing.submit;org/apache/cassandra/io/uring/UringRing.enter;org/apache/cassandra/io/uring/UringNative.ioUringEnter;org/apache/cassandra/io/uring/UringNative.syscall;[unknown];syscall;entry_SYSCALL_64_after_hwframe_[k];do_syscall_64_[k];x64_sys_call_[k];__x64_sys_io_uring_enter_[k];__do_sys_io_uring_enter_[k];io_submit_sqes_[k];io_issue_sqe_[k];io_read_[k];__io_read_[k];ext4_file_read_iter_[k];iomap_dio_rw_[k];__iomap_dio_rw_[k];iomap_dio_bio_iter_[k];iomap_dio_submit_bio_[k];submit_bio_[k];submit_bio_noacct_[k];submit_bio_noacct_nocheck_[k];__submit_bio_[k];blk_mq_submit_bio_[k];blk_add_rq_to_plug_[k];blk_mq_flush_plug_list.part.0_[k];nvme_queue_rqs?[nvme]_[k];nvme_prep_rq.part.0?[nvme]_[k] 1
java/lang/Thread.run;java/util/concurrent/ThreadPoolExecutor$Worker.run;java/util/concurrent/ThreadPoolExecutor.runWorker;java/util/concurrent/FutureTask.run;java/util/concurrent/Executors$RunnableAdapter.call;java/util/concurrent/FutureTask.run;org/openjdk/jmh/runner/BenchmarkHandler$BenchmarkTask.call;org/openjdk/jmh/runner/BenchmarkHandler$BenchmarkTask.call;java/lang/reflect/Method.invoke;jdk/internal/reflect/DelegatingMethodAccessorImpl.invoke;jdk/internal/reflect/NativeMethodAccessorImpl.invoke;jdk/internal/reflect/NativeMethodAccessorImpl.invoke0;org/apache/cassandra/test/microbench/uring/jmh_generated/UringRawReadBench_read_jmhTest.read_Throughput;org/apache/cassandra/test/microbench/uring/jmh_generated/UringRawReadBench_read_jmhTest.read_thrpt_jmhStub;org/apache/cassandra/test/microbench/uring/UringRawReadBench.read;org/apache/cassandra/io/uring/UringRing.awaitCompletions;org/apache/cassandra/io/uring/UringRing.enter;org/apache/cassandra/io/uring/UringNative.ioUringEnter;org/apache/cassandra/io/uring/UringNative.syscall;[unknown];syscall;entry_SYSCALL_64_after_hwframe_[k];do_syscall_64_[k];x64_sys_call_[k];__x64_sys_io_uring_enter_[k];__do_sys_io_uring_enter_[k];io_cqring_wait_[k];io_run_local_work_[k];llist_reverse_order_[k] 2
java/lang/Thread.run;java/util/concurrent/ThreadPoolExecutor$Worker.run;java/util/concurrent/ThreadPoolExecutor.runWorker;java/util/concurrent/FutureTask.run;java/util/concurrent/Executors$RunnableAdapter.call;java/util/concurrent/FutureTask.run;org/openjdk/jmh/runner/BenchmarkHandler$BenchmarkTask.call;org/openjdk/jmh/runner/BenchmarkHandler$BenchmarkTask.call;java/lang/reflect/Method.invoke;jdk/internal/reflect/DelegatingMethodAccessorImpl.invoke;jdk/internal/reflect/NativeMethodAccessorImpl.invoke;jdk/internal/reflect/NativeMethodAccessorImpl.invoke0;org/apache/cassandra/test/microbench/uring/jmh_generated/UringRawReadBench_read_jmhTest.read_Throughput;org/apache/cassandra/test/microbench/uring/jmh_generated/UringRawReadBench_read_jmhTest.read_thrpt_jmhStub;org/apache/cassandra/test/microbench/uring/UringRawReadBench.read;org/apache/cassandra/io/uring/UringRing.submit;org/apache/cassandra/io/uring/UringRing.enter;org/apache/cassandra/io/uring/UringNative.ioUringEnter;org/apache/cassandra/io/uring/UringNative.syscall;[unknown];syscall;entry_SYSCALL_64_after_hwframe_[k];do_syscall_64_[k];x64_sys_call_[k];__x64_sys_io_uring_enter_[k];__do_sys_io_uring_enter_[k];io_submit_sqes_[k];io_issue_sqe_[k];io_read_[k];__io_read_[k];ext4_file_read_iter_[k];iomap_dio_rw_[k];__iomap_dio_rw_[k];iomap_dio_bio_iter_[k];iomap_dio_submit_bio_[k];submit_bio_[k];submit_bio_noacct_[k];submit_bio_noacct_nocheck_[k];__submit_bio_[k];blk_mq_submit_bio_[k];blk_add_rq_to_plug_[k];blk_mq_flush_plug_list.part.0_[k];nvme_queue_rqs?[nvme]_[k];nvme_prep_rq.part.0?[nvme]_[k];nvme_map_data?[nvme]_[k];dma_map_page_attrs_[k];iommu_dma_map_page_[k];__iommu_dma_map_[k];iommu_map_[k];iommu_flush_write_buffer_[k] 1
java/lang/Thread.run;java/util/concurrent/ThreadPoolExecutor$Worker.run;java/util/concurrent/ThreadPoolExecutor.runWorker;java/util/concurrent/FutureTask.run;java/util/concurrent/Executors$RunnableAdapter.call;java/util/concurrent/FutureTask.run;org/openjdk/jmh/runner/BenchmarkHandler$BenchmarkTask.call;org/openjdk/jmh/runner/BenchmarkHandler$BenchmarkTask.call;java/lang/reflect/Method.invoke;jdk/internal/reflect/DelegatingMethodAccessorImpl.invoke;jdk/internal/reflect/NativeMethodAccessorImpl.invoke;jdk/internal/reflect/NativeMethodAccessorImpl.invoke0;org/apache/cassandra/test/microbench/uring/jmh_generated/UringRawReadBench_read_jmhTest.read_Throughput;org/apache/cassandra/test/microbench/uring/jmh_generated/UringRawReadBench_read_jmhTest.read_thrpt_jmhStub;org/apache/cassandra/test/microbench/uring/UringRawReadBench.read;org/apache/cassandra/io/uring/UringRing.submit;org/apache/cassandra/io/uring/UringRing.enter;org/apache/cassandra/io/uring/UringNative.ioUringEnter;org/apache/cassandra/io/uring/UringNative.syscall;[unknown];syscall;entry_SYSCALL_64_after_hwframe_[k];do_syscall_64_[k];x64_sys_call_[k];__x64_sys_io_uring_enter_[k];__do_sys_io_uring_enter_[k];io_submit_sqes_[k];blk_finish_plug_[k];__blk_flush_plug_[k];blk_mq_flush_plug_list_[k];blk_mq_flush_plug_list.part.0_[k];nvme_setup_cmd?[nvme_core]_[k] 1
java/lang/Thread.run;java/util/concurrent/ThreadPoolExecutor$Worker.run;java/util/concurrent/ThreadPoolExecutor.runWorker;java/util/concurrent/FutureTask.run;java/util/concurrent/Executors$RunnableAdapter.call;java/util/concurrent/FutureTask.run;org/openjdk/jmh/runner/BenchmarkHandler$BenchmarkTask.call;org/openjdk/jmh/runner/BenchmarkHandler$BenchmarkTask.call;java/lang/reflect/Method.invoke;jdk/internal/reflect/DelegatingMethodAccessorImpl.invoke;jdk/internal/reflect/NativeMethodAccessorImpl.invoke;jdk/internal/reflect/NativeMethodAccessorImpl.invoke0;org/apache/cassandra/test/microbench/uring/jmh_generated/UringRawReadBench_read_jmhTest.read_Throughput;org/apache/cassandra/test/microbench/uring/jmh_generated/UringRawReadBench_read_jmhTest.read_thrpt_jmhStub;org/apache/cassandra/test/microbench/uring/UringRawReadBench.read;org/apache/cassandra/io/uring/UringRing.awaitCompletions;org/apache/cassandra/io/uring/UringRing.enter;org/apache/cassandra/io/uring/UringNative.ioUringEnter;org/apache/cassandra/io/uring/UringNative.syscall;[unknown];syscall;entry_SYSCALL_64_after_hwframe_[k];do_syscall_64_[k];x64_sys_call_[k];__x64_sys_io_uring_enter_[k];__do_sys_io_uring_enter_[k];fget_[k] 5
java/lang/Thread.run;java/util/concurrent/ThreadPoolExecutor$Worker.run;java/util/concurrent/ThreadPoolExecutor.runWorker;java/util/concurrent/FutureTask.run;java/util/concurrent/Executors$RunnableAdapter.call;java/util/concurrent/FutureTask.run;org/openjdk/jmh/runner/BenchmarkHandler$BenchmarkTask.call;org/openjdk/jmh/runner/BenchmarkHandler$BenchmarkTask.call;java/lang/reflect/Method.invoke;jdk/internal/reflect/DelegatingMethodAccessorImpl.invoke;jdk/internal/reflect/NativeMethodAccessorImpl.invoke;jdk/internal/reflect/NativeMethodAccessorImpl.invoke0;org/apache/cassandra/test/microbench/uring/jmh_generated/UringRawReadBench_read_jmhTest.read_Throughput;org/apache/cassandra/test/microbench/uring/jmh_generated/UringRawReadBench_read_jmhTest.read_thrpt_jmhStub;org/apache/cassandra/test/microbench/uring/UringRawReadBench.read;org/apache/cassandra/io/uring/UringRing.submit;org/apache/cassandra/io/uring/UringRing.enter;org/apache/cassandra/io/uring/UringNative.ioUringEnter;org/apache/cassandra/io/uring/UringNative.syscall;[unknown];syscall;entry_SYSCALL_64_after_hwframe_[k];do_syscall_64_[k];x64_sys_call_[k];__x64_sys_io_uring_enter_[k];__do_sys_io_uring_enter_[k];io_submit_sqes_[k];io_issue_sqe_[k];io_read_[k];__io_read_[k];ext4_file_read_iter_[k];iomap_dio_rw_[k];__iomap_dio_rw_[k];iomap_iter_[k];ext4_iomap_begin_[k];ext4_es_lookup_extent_[k] 1
java/lang/Thread.run;java/util/concurrent/ThreadPoolExecutor$Worker.run;java/util/concurrent/ThreadPoolExecutor.runWorker;java/util/concurrent/FutureTask.run;java/util/concurrent/Executors$RunnableAdapter.call;java/util/concurrent/FutureTask.run;org/openjdk/jmh/runner/BenchmarkHandler$BenchmarkTask.call;org/openjdk/jmh/runner/BenchmarkHandler$BenchmarkTask.call;java/lang/reflect/Method.invoke;jdk/internal/reflect/DelegatingMethodAccessorImpl.invoke;jdk/internal/reflect/NativeMethodAccessorImpl.invoke;jdk/internal/reflect/NativeMethodAccessorImpl.invoke0;org/apache/cassandra/test/microbench/uring/jmh_generated/UringRawReadBench_read_jmhTest.read_Throughput;org/apache/cassandra/test/microbench/uring/jmh_generated/UringRawReadBench_read_jmhTest.read_thrpt_jmhStub;org/apache/cassandra/test/microbench/uring/UringRawReadBench.read;org/apache/cassandra/io/uring/UringRing.prepareRead;org/apache/cassandra/io/uring/UringRing$Op.<init> 1
java/lang/Thread.run;java/util/concurrent/ThreadPoolExecutor$Worker.run;java/util/concurrent/ThreadPoolExecutor.runWorker;java/util/concurrent/FutureTask.run;java/util/concurrent/Executors$RunnableAdapter.call;java/util/concurrent/FutureTask.run;org/openjdk/jmh/runner/BenchmarkHandler$BenchmarkTask.call;org/openjdk/jmh/runner/BenchmarkHandler$BenchmarkTask.call;java/lang/reflect/Method.invoke;jdk/internal/reflect/DelegatingMethodAccessorImpl.invoke;jdk/internal/reflect/NativeMethodAccessorImpl.invoke;jdk/internal/reflect/NativeMethodAccessorImpl.invoke0;org/apache/cassandra/test/microbench/uring/jmh_generated/UringRawReadBench_read_jmhTest.read_Throughput;org/apache/cassandra/test/microbench/uring/UringRawReadBench.perIteration;org/apache/cassandra/test/microbench/uring/UringRawReadBench.dropCaches;java/nio/file/Files.write;java/nio/channels/Channels$1.write;java/nio/channels/Channels.writeFully;java/nio/channels/Channels.writeFullyImpl;sun/nio/ch/FileChannelImpl.write;sun/nio/ch/IOUtil.write;sun/nio/ch/IOUtil.write;sun/nio/ch/IOUtil.writeFromNativeBuffer;sun/nio/ch/FileDispatcherImpl.write;sun/nio/ch/FileDispatcherImpl.write0;__write;entry_SYSCALL_64_after_hwframe_[k];do_syscall_64_[k];x64_sys_call_[k];__x64_sys_write_[k];ksys_write_[k];vfs_write_[k];proc_sys_write_[k];proc_sys_call_handler_[k];drop_caches_sysctl_handler_[k];iterate_supers_[k];drop_pagecache_sb_[k];invalidate_mapping_pages_[k];mapping_try_invalidate_[k];find_lock_entries_[k] 1
java/lang/Thread.run;java/util/concurrent/ThreadPoolExecutor$Worker.run;java/util/concurrent/ThreadPoolExecutor.runWorker;java/util/concurrent/FutureTask.run;java/util/concurrent/Executors$RunnableAdapter.call;java/util/concurrent/FutureTask.run;org/openjdk/jmh/runner/BenchmarkHandler$BenchmarkTask.call;org/openjdk/jmh/runner/BenchmarkHandler$BenchmarkTask.call;java/lang/reflect/Method.invoke;jdk/internal/reflect/DelegatingMethodAccessorImpl.invoke;jdk/internal/reflect/NativeMethodAccessorImpl.invoke;jdk/internal/reflect/NativeMethodAccessorImpl.invoke0;org/apache/cassandra/test/microbench/uring/jmh_generated/UringRawReadBench_read_jmhTest.read_Throughput;org/apache/cassandra/test/microbench/uring/jmh_generated/UringRawReadBench_read_jmhTest.read_thrpt_jmhStub;org/apache/cassandra/test/microbench/uring/UringRawReadBench.read;org/apache/cassandra/io/uring/UringRing.submit;org/apache/cassandra/io/uring/UringRing.enter;org/apache/cassandra/io/uring/UringNative.ioUringEnter;org/apache/cassandra/io/uring/UringNative.syscall;[unknown];syscall;entry_SYSCALL_64_after_hwframe_[k];do_syscall_64_[k];x64_sys_call_[k];__x64_sys_io_uring_enter_[k];__do_sys_io_uring_enter_[k];io_submit_sqes_[k];io_issue_sqe_[k];io_read_[k];__io_read_[k];ext4_file_read_iter_[k];iomap_dio_rw_[k];__iomap_dio_rw_[k];iomap_dio_bio_iter_[k];iomap_dio_submit_bio_[k];submit_bio_[k];submit_bio_noacct_[k];submit_bio_noacct_nocheck_[k];__submit_bio_[k];blk_mq_submit_bio_[k];blk_add_rq_to_plug_[k];blk_mq_flush_plug_list.part.0_[k];nvme_prep_rq.part.0?[nvme]_[k] 1
java/lang/Thread.run;java/util/concurrent/ThreadPoolExecutor$Worker.run;java/util/concurrent/ThreadPoolExecutor.runWorker;java/util/concurrent/FutureTask.run;java/util/concurrent/Executors$RunnableAdapter.call;java/util/concurrent/FutureTask.run;org/openjdk/jmh/runner/BenchmarkHandler$BenchmarkTask.call;org/openjdk/jmh/runner/BenchmarkHandler$BenchmarkTask.call;java/lang/reflect/Method.invoke;jdk/internal/reflect/DelegatingMethodAccessorImpl.invoke;jdk/internal/reflect/NativeMethodAccessorImpl.invoke;jdk/internal/reflect/NativeMethodAccessorImpl.invoke0;org/apache/cassandra/test/microbench/uring/jmh_generated/UringRawReadBench_read_jmhTest.read_Throughput;org/apache/cassandra/test/microbench/uring/jmh_generated/UringRawReadBench_read_jmhTest.read_thrpt_jmhStub;org/apache/cassandra/test/microbench/uring/UringRawReadBench.read;org/apache/cassandra/io/uring/UringRing.submit;org/apache/cassandra/io/uring/UringRing.enter;org/apache/cassandra/io/uring/UringNative.ioUringEnter;org/apache/cassandra/io/uring/UringNative.syscall;[unknown];syscall;entry_SYSCALL_64_after_hwframe_[k];do_syscall_64_[k];x64_sys_call_[k];__x64_sys_io_uring_enter_[k];__do_sys_io_uring_enter_[k];io_submit_sqes_[k];io_issue_sqe_[k];io_read_[k];__io_read_[k];ext4_file_read_iter_[k];iomap_dio_rw_[k];__iomap_dio_rw_[k];iomap_dio_bio_iter_[k];iomap_dio_submit_bio_[k];submit_bio_[k];submit_bio_noacct_[k];submit_bio_noacct_nocheck_[k];__submit_bio_[k];blk_mq_submit_bio_[k];blk_add_rq_to_plug_[k];blk_mq_flush_plug_list.part.0_[k];nvme_queue_rqs?[nvme]_[k];nvme_prep_rq.part.0?[nvme]_[k];nvme_map_data?[nvme]_[k];dma_map_page_attrs_[k];iommu_dma_map_page_[k];__iommu_dma_map_[k];iommu_map_[k];intel_iommu_iotlb_sync_map_[k];xa_find_[k];xas_find_[k];xas_load_[k];xas_descend_[k] 2
java/lang/Thread.run;java/util/concurrent/ThreadPoolExecutor$Worker.run;java/util/concurrent/ThreadPoolExecutor.runWorker;java/util/concurrent/FutureTask.run;java/util/concurrent/Executors$RunnableAdapter.call;java/util/concurrent/FutureTask.run;org/openjdk/jmh/runner/BenchmarkHandler$BenchmarkTask.call;org/openjdk/jmh/runner/BenchmarkHandler$BenchmarkTask.call;java/lang/reflect/Method.invoke;jdk/internal/reflect/DelegatingMethodAccessorImpl.invoke;jdk/internal/reflect/NativeMethodAccessorImpl.invoke;jdk/internal/reflect/NativeMethodAccessorImpl.invoke0;org/apache/cassandra/test/microbench/uring/jmh_generated/UringRawReadBench_read_jmhTest.read_Throughput;org/apache/cassandra/test/microbench/uring/jmh_generated/UringRawReadBench_read_jmhTest.read_thrpt_jmhStub;org/apache/cassandra/test/microbench/uring/UringRawReadBench.read;org/apache/cassandra/io/uring/UringRing.submit;org/apache/cassandra/io/uring/UringRing.enter;org/apache/cassandra/io/uring/UringNative.ioUringEnter;org/apache/cassandra/io/uring/UringNative.syscall;[unknown];syscall;entry_SYSCALL_64_after_hwframe_[k];do_syscall_64_[k];x64_sys_call_[k];__x64_sys_io_uring_enter_[k];__do_sys_io_uring_enter_[k];io_submit_sqes_[k];io_issue_sqe_[k];io_read_[k];__io_read_[k];ext4_file_read_iter_[k];iomap_dio_rw_[k];__iomap_dio_rw_[k];iomap_dio_bio_iter_[k];iomap_dio_submit_bio_[k];submit_bio_[k];submit_bio_noacct_[k];submit_bio_noacct_nocheck_[k];__submit_bio_[k];blk_mq_submit_bio_[k];blk_add_rq_to_plug_[k];blk_mq_flush_plug_list.part.0_[k];nvme_queue_rqs?[nvme]_[k];nvme_prep_rq.part.0?[nvme]_[k];nvme_map_data?[nvme]_[k];dma_map_page_attrs_[k];iommu_dma_map_page_[k];__iommu_dma_map_[k];iommu_map_[k];intel_iommu_iotlb_sync_map_[k];xa_find_[k];xas_find_[k];xas_load_[k];xas_start_[k] 1
java/lang/Thread.run;java/util/concurrent/ThreadPoolExecutor$Worker.run;java/util/concurrent/ThreadPoolExecutor.runWorker;java/util/concurrent/FutureTask.run;java/util/concurrent/Executors$RunnableAdapter.call;java/util/concurrent/FutureTask.run;org/openjdk/jmh/runner/BenchmarkHandler$BenchmarkTask.call;org/openjdk/jmh/runner/BenchmarkHandler$BenchmarkTask.call;java/lang/reflect/Method.invoke;jdk/internal/reflect/DelegatingMethodAccessorImpl.invoke;jdk/internal/reflect/NativeMethodAccessorImpl.invoke;jdk/internal/reflect/NativeMethodAccessorImpl.invoke0;org/apache/cassandra/test/microbench/uring/jmh_generated/UringRawReadBench_read_jmhTest.read_Throughput;org/apache/cassandra/test/microbench/uring/jmh_generated/UringRawReadBench_read_jmhTest.read_thrpt_jmhStub;org/apache/cassandra/test/microbench/uring/UringRawReadBench.read;org/apache/cassandra/io/uring/UringRing.submit;org/apache/cassandra/io/uring/UringRing.enter;org/apache/cassandra/io/uring/UringNative.ioUringEnter;org/apache/cassandra/io/uring/UringNative.syscall;[unknown];syscall;entry_SYSCALL_64_after_hwframe_[k];do_syscall_64_[k];x64_sys_call_[k];__x64_sys_io_uring_enter_[k];__do_sys_io_uring_enter_[k];io_submit_sqes_[k];io_issue_sqe_[k];io_read_[k];__io_read_[k];ext4_file_read_iter_[k];iomap_dio_rw_[k];__iomap_dio_rw_[k];iomap_dio_bio_iter_[k];iomap_dio_submit_bio_[k];submit_bio_[k];submit_bio_noacct_[k];submit_bio_noacct_nocheck_[k];__submit_bio_[k];blk_mq_submit_bio_[k];__rq_qos_track_[k];wbt_track_[k] 1
java/lang/Thread.run;java/util/concurrent/ThreadPoolExecutor$Worker.run;java/util/concurrent/ThreadPoolExecutor.runWorker;java/util/concurrent/FutureTask.run;java/util/concurrent/Executors$RunnableAdapter.call;java/util/concurrent/FutureTask.run;org/openjdk/jmh/runner/BenchmarkHandler$BenchmarkTask.call;org/openjdk/jmh/runner/BenchmarkHandler$BenchmarkTask.call;java/lang/reflect/Method.invoke;jdk/internal/reflect/DelegatingMethodAccessorImpl.invoke;jdk/internal/reflect/NativeMethodAccessorImpl.invoke;jdk/internal/reflect/NativeMethodAccessorImpl.invoke0;org/apache/cassandra/test/microbench/uring/jmh_generated/UringRawReadBench_read_jmhTest.read_Throughput;org/apache/cassandra/test/microbench/uring/jmh_generated/UringRawReadBench_read_jmhTest.read_thrpt_jmhStub;org/apache/cassandra/test/microbench/uring/UringRawReadBench.read;org/apache/cassandra/io/uring/UringRing.submit;org/apache/cassandra/io/uring/UringRing.enter;org/apache/cassandra/io/uring/UringNative.ioUringEnter;org/apache/cassandra/io/uring/UringNative.syscall;[unknown];syscall;entry_SYSCALL_64_after_hwframe_[k];syscall_exit_to_user_mode_[k] 1
java/lang/Thread.run;java/util/concurrent/ThreadPoolExecutor$Worker.run;java/util/concurrent/ThreadPoolExecutor.runWorker;java/util/concurrent/FutureTask.run;java/util/concurrent/Executors$RunnableAdapter.call;java/util/concurrent/FutureTask.run;org/openjdk/jmh/runner/BenchmarkHandler$BenchmarkTask.call;org/openjdk/jmh/runner/BenchmarkHandler$BenchmarkTask.call;java/lang/reflect/Method.invoke;jdk/internal/reflect/DelegatingMethodAccessorImpl.invoke;jdk/internal/reflect/NativeMethodAccessorImpl.invoke;jdk/internal/reflect/NativeMethodAccessorImpl.invoke0;org/apache/cassandra/test/microbench/uring/jmh_generated/UringRawReadBench_read_jmhTest.read_Throughput;org/apache/cassandra/test/microbench/uring/jmh_generated/UringRawReadBench_read_jmhTest.read_thrpt_jmhStub;org/apache/cassandra/test/microbench/uring/UringRawReadBench.read;org/apache/cassandra/io/uring/UringRing.submit;org/apache/cassandra/io/uring/UringRing.enter;org/apache/cassandra/io/uring/UringNative.ioUringEnter;org/apache/cassandra/io/uring/UringNative.syscall;[unknown];syscall;entry_SYSCALL_64_after_hwframe_[k];do_syscall_64_[k];x64_sys_call_[k];__x64_sys_io_uring_enter_[k];__do_sys_io_uring_enter_[k];io_submit_sqes_[k];blk_finish_plug_[k];__blk_flush_plug_[k];blk_mq_flush_plug_list_[k];blk_mq_flush_plug_list.part.0_[k];nvme_queue_rqs?[nvme]_[k];nvme_prep_rq.part.0?[nvme]_[k];nvme_map_data?[nvme]_[k] 3
java/lang/Thread.run;java/util/concurrent/ThreadPoolExecutor$Worker.run;java/util/concurrent/ThreadPoolExecutor.runWorker;java/util/concurrent/FutureTask.run;java/util/concurrent/Executors$RunnableAdapter.call;java/util/concurrent/FutureTask.run;org/openjdk/jmh/runner/BenchmarkHandler$BenchmarkTask.call;org/openjdk/jmh/runner/BenchmarkHandler$BenchmarkTask.call;java/lang/reflect/Method.invoke;jdk/internal/reflect/DelegatingMethodAccessorImpl.invoke;jdk/internal/reflect/NativeMethodAccessorImpl.invoke;jdk/internal/reflect/NativeMethodAccessorImpl.invoke0;org/apache/cassandra/test/microbench/uring/jmh_generated/UringRawReadBench_read_jmhTest.read_Throughput;org/apache/cassandra/test/microbench/uring/jmh_generated/UringRawReadBench_read_jmhTest.read_thrpt_jmhStub;org/apache/cassandra/test/microbench/uring/UringRawReadBench.read;org/apache/cassandra/io/uring/UringRing.awaitCompletions;org/apache/cassandra/io/uring/UringRing.enter;org/apache/cassandra/io/uring/UringNative.ioUringEnter;org/apache/cassandra/io/uring/UringNative.syscall;/root/.cache/JNA/temp/jna18280739141362750566.tmp;/root/.cache/JNA/temp/jna18280739141362750566.tmp;/root/.cache/JNA/temp/jna18280739141362750566.tmp;jni_ExceptionCheck 2
java/lang/Thread.run;java/util/concurrent/ThreadPoolExecutor$Worker.run;java/util/concurrent/ThreadPoolExecutor.runWorker;java/util/concurrent/FutureTask.run;java/util/concurrent/Executors$RunnableAdapter.call;java/util/concurrent/FutureTask.run;org/openjdk/jmh/runner/BenchmarkHandler$BenchmarkTask.call;org/openjdk/jmh/runner/BenchmarkHandler$BenchmarkTask.call;java/lang/reflect/Method.invoke;jdk/internal/reflect/DelegatingMethodAccessorImpl.invoke;jdk/internal/reflect/NativeMethodAccessorImpl.invoke;jdk/internal/reflect/NativeMethodAccessorImpl.invoke0;org/apache/cassandra/test/microbench/uring/jmh_generated/UringRawReadBench_read_jmhTest.read_Throughput;org/apache/cassandra/test/microbench/uring/jmh_generated/UringRawReadBench_read_jmhTest.read_thrpt_jmhStub;org/apache/cassandra/test/microbench/uring/UringRawReadBench.read;org/apache/cassandra/io/uring/UringRing.submit;org/apache/cassandra/io/uring/UringRing.enter;org/apache/cassandra/io/uring/UringNative.ioUringEnter;org/apache/cassandra/io/uring/UringNative.syscall;[unknown];syscall;entry_SYSCALL_64_after_hwframe_[k];do_syscall_64_[k];x64_sys_call_[k];__x64_sys_io_uring_enter_[k];__do_sys_io_uring_enter_[k];io_submit_sqes_[k];io_issue_sqe_[k];io_read_[k];__io_read_[k];ext4_file_read_iter_[k];iomap_dio_rw_[k];__iomap_dio_rw_[k];iomap_dio_bio_iter_[k];iomap_dio_submit_bio_[k];submit_bio_[k];submit_bio_noacct_[k];submit_bio_noacct_nocheck_[k];__submit_bio_[k];blk_mq_submit_bio_[k];blk_add_rq_to_plug_[k];blk_mq_flush_plug_list.part.0_[k];nvme_queue_rqs?[nvme]_[k];nvme_prep_rq.part.0?[nvme]_[k];nvme_map_data?[nvme]_[k];dma_map_page_attrs_[k];iommu_dma_map_page_[k];__iommu_dma_map_[k];iommu_dma_alloc_iova_[k];alloc_iova_fast_[k];__raw_spin_lock_irqsave_[k] 1
java/lang/Thread.run;java/util/concurrent/ThreadPoolExecutor$Worker.run;java/util/concurrent/ThreadPoolExecutor.runWorker;java/util/concurrent/FutureTask.run;java/util/concurrent/Executors$RunnableAdapter.call;java/util/concurrent/FutureTask.run;org/openjdk/jmh/runner/BenchmarkHandler$BenchmarkTask.call;org/openjdk/jmh/runner/BenchmarkHandler$BenchmarkTask.call;java/lang/reflect/Method.invoke;jdk/internal/reflect/DelegatingMethodAccessorImpl.invoke;jdk/internal/reflect/NativeMethodAccessorImpl.invoke;jdk/internal/reflect/NativeMethodAccessorImpl.invoke0;org/apache/cassandra/test/microbench/uring/jmh_generated/UringRawReadBench_read_jmhTest.read_Throughput;org/apache/cassandra/test/microbench/uring/jmh_generated/UringRawReadBench_read_jmhTest.read_thrpt_jmhStub;org/apache/cassandra/test/microbench/uring/UringRawReadBench.read;java/util/HashMap.put;java/util/HashMap.putVal;java/util/HashMap.newNode 2
java/lang/Thread.run;java/util/concurrent/ThreadPoolExecutor$Worker.run;java/util/concurrent/ThreadPoolExecutor.runWorker;java/util/concurrent/FutureTask.run;java/util/concurrent/Executors$RunnableAdapter.call;java/util/concurrent/FutureTask.run;org/openjdk/jmh/runner/BenchmarkHandler$BenchmarkTask.call;org/openjdk/jmh/runner/BenchmarkHandler$BenchmarkTask.call;java/lang/reflect/Method.invoke;jdk/internal/reflect/DelegatingMethodAccessorImpl.invoke;jdk/internal/reflect/NativeMethodAccessorImpl.invoke;jdk/internal/reflect/NativeMethodAccessorImpl.invoke0;org/apache/cassandra/test/microbench/uring/jmh_generated/UringRawReadBench_read_jmhTest.read_Throughput;org/apache/cassandra/test/microbench/uring/jmh_generated/UringRawReadBench_read_jmhTest.read_thrpt_jmhStub;org/apache/cassandra/test/microbench/uring/UringRawReadBench.read;org/apache/cassandra/io/uring/UringRing.submit;org/apache/cassandra/io/uring/UringRing.enter;org/apache/cassandra/io/uring/UringNative.ioUringEnter;org/apache/cassandra/io/uring/UringNative.syscall;[unknown];syscall;entry_SYSCALL_64_after_hwframe_[k];do_syscall_64_[k];x64_sys_call_[k];__x64_sys_io_uring_enter_[k];__do_sys_io_uring_enter_[k];io_submit_sqes_[k];io_issue_sqe_[k];io_read_[k];__io_read_[k];rw_verify_area_[k];security_file_permission_[k];apparmor_file_permission_[k] 6
java/lang/Thread.run;java/util/concurrent/ThreadPoolExecutor$Worker.run;java/util/concurrent/ThreadPoolExecutor.runWorker;java/util/concurrent/FutureTask.run;java/util/concurrent/Executors$RunnableAdapter.call;java/util/concurrent/FutureTask.run;org/openjdk/jmh/runner/BenchmarkHandler$BenchmarkTask.call;org/openjdk/jmh/runner/BenchmarkHandler$BenchmarkTask.call;java/lang/reflect/Method.invoke;jdk/internal/reflect/DelegatingMethodAccessorImpl.invoke;jdk/internal/reflect/NativeMethodAccessorImpl.invoke;jdk/internal/reflect/NativeMethodAccessorImpl.invoke0;org/apache/cassandra/test/microbench/uring/jmh_generated/UringRawReadBench_read_jmhTest.read_Throughput;org/apache/cassandra/test/microbench/uring/jmh_generated/UringRawReadBench_read_jmhTest.read_thrpt_jmhStub;org/apache/cassandra/test/microbench/uring/UringRawReadBench.read;java/lang/Long.valueOf;asm_exc_page_fault_[k];exc_page_fault_[k];do_user_addr_fault_[k];handle_mm_fault_[k];__handle_mm_fault_[k];handle_pte_fault_[k];do_anonymous_page_[k];folio_add_lru_vma_[k];folio_add_lru_[k] 1
java/lang/Thread.run;java/util/concurrent/ThreadPoolExecutor$Worker.run;java/util/concurrent/ThreadPoolExecutor.runWorker;java/util/concurrent/FutureTask.run;java/util/concurrent/Executors$RunnableAdapter.call;java/util/concurrent/FutureTask.run;org/openjdk/jmh/runner/BenchmarkHandler$BenchmarkTask.call;org/openjdk/jmh/runner/BenchmarkHandler$BenchmarkTask.call;java/lang/reflect/Method.invoke;jdk/internal/reflect/DelegatingMethodAccessorImpl.invoke;jdk/internal/reflect/NativeMethodAccessorImpl.invoke;jdk/internal/reflect/NativeMethodAccessorImpl.invoke0;org/apache/cassandra/test/microbench/uring/jmh_generated/UringRawReadBench_read_jmhTest.read_Throughput;org/apache/cassandra/test/microbench/uring/jmh_generated/UringRawReadBench_read_jmhTest.read_thrpt_jmhStub;org/apache/cassandra/test/microbench/uring/UringRawReadBench.read;org/apache/cassandra/io/uring/UringRing.awaitCompletions;org/apache/cassandra/io/uring/UringRing.enter;org/apache/cassandra/io/uring/UringNative.ioUringEnter;org/apache/cassandra/io/uring/UringNative.syscall;[unknown];syscall;entry_SYSCALL_64_after_hwframe_[k];do_syscall_64_[k];x64_sys_call_[k];__x64_sys_io_uring_enter_[k];__do_sys_io_uring_enter_[k];io_cqring_wait_[k];io_run_local_work_[k];__io_run_local_work_[k];__io_submit_flush_completions_[k] 3
java/lang/Thread.run;java/util/concurrent/ThreadPoolExecutor$Worker.run;java/util/concurrent/ThreadPoolExecutor.runWorker;java/util/concurrent/FutureTask.run;java/util/concurrent/Executors$RunnableAdapter.call;java/util/concurrent/FutureTask.run;org/openjdk/jmh/runner/BenchmarkHandler$BenchmarkTask.call;org/openjdk/jmh/runner/BenchmarkHandler$BenchmarkTask.call;java/lang/reflect/Method.invoke;jdk/internal/reflect/DelegatingMethodAccessorImpl.invoke;jdk/internal/reflect/NativeMethodAccessorImpl.invoke;jdk/internal/reflect/NativeMethodAccessorImpl.invoke0;org/apache/cassandra/test/microbench/uring/jmh_generated/UringRawReadBench_read_jmhTest.read_Throughput;org/apache/cassandra/test/microbench/uring/jmh_generated/UringRawReadBench_read_jmhTest.read_thrpt_jmhStub;org/apache/cassandra/test/microbench/uring/UringRawReadBench.read;org/apache/cassandra/io/uring/UringRing.submit;org/apache/cassandra/io/uring/UringRing.enter;org/apache/cassandra/io/uring/UringNative.ioUringEnter;org/apache/cassandra/io/uring/UringNative.syscall;[unknown];syscall;entry_SYSCALL_64_after_hwframe_[k];do_syscall_64_[k];x64_sys_call_[k];__x64_sys_io_uring_enter_[k];__do_sys_io_uring_enter_[k];io_submit_sqes_[k];io_issue_sqe_[k];io_read_[k];__io_read_[k];import_ubuf_[k] 1
java/lang/Thread.run;java/util/concurrent/ThreadPoolExecutor$Worker.run;java/util/concurrent/ThreadPoolExecutor.runWorker;java/util/concurrent/FutureTask.run;java/util/concurrent/Executors$RunnableAdapter.call;java/util/concurrent/FutureTask.run;org/openjdk/jmh/runner/BenchmarkHandler$BenchmarkTask.call;org/openjdk/jmh/runner/BenchmarkHandler$BenchmarkTask.call;java/lang/reflect/Method.invoke;jdk/internal/reflect/DelegatingMethodAccessorImpl.invoke;jdk/internal/reflect/NativeMethodAccessorImpl.invoke;jdk/internal/reflect/NativeMethodAccessorImpl.invoke0;org/apache/cassandra/test/microbench/uring/jmh_generated/UringRawReadBench_read_jmhTest.read_Throughput;org/apache/cassandra/test/microbench/uring/jmh_generated/UringRawReadBench_read_jmhTest.read_thrpt_jmhStub;org/apache/cassandra/test/microbench/uring/UringRawReadBench.read;java/lang/Long.valueOf;asm_exc_page_fault_[k];exc_page_fault_[k];do_user_addr_fault_[k] 1
java/lang/Thread.run;java/util/concurrent/ThreadPoolExecutor$Worker.run;java/util/concurrent/ThreadPoolExecutor.runWorker;java/util/concurrent/FutureTask.run;java/util/concurrent/Executors$RunnableAdapter.call;java/util/concurrent/FutureTask.run;org/openjdk/jmh/runner/BenchmarkHandler$BenchmarkTask.call;org/openjdk/jmh/runner/BenchmarkHandler$BenchmarkTask.call;java/lang/reflect/Method.invoke;jdk/internal/reflect/DelegatingMethodAccessorImpl.invoke;jdk/internal/reflect/NativeMethodAccessorImpl.invoke;jdk/internal/reflect/NativeMethodAccessorImpl.invoke0;org/apache/cassandra/test/microbench/uring/jmh_generated/UringRawReadBench_read_jmhTest.read_Throughput;org/apache/cassandra/test/microbench/uring/jmh_generated/UringRawReadBench_read_jmhTest.read_thrpt_jmhStub;org/apache/cassandra/test/microbench/uring/UringRawReadBench.read;org/apache/cassandra/io/uring/UringRing.submit;org/apache/cassandra/io/uring/UringRing.enter;org/apache/cassandra/io/uring/UringNative.ioUringEnter;org/apache/cassandra/io/uring/UringNative.syscall;/root/.cache/JNA/temp/jna18280739141362750566.tmp;/root/.cache/JNA/temp/jna18280739141362750566.tmp;/root/.cache/JNA/temp/jna18280739141362750566.tmp;jni_ExceptionCheck 6
java/lang/Thread.run;java/util/concurrent/ThreadPoolExecutor$Worker.run;java/util/concurrent/ThreadPoolExecutor.runWorker;java/util/concurrent/FutureTask.run;java/util/concurrent/Executors$RunnableAdapter.call;java/util/concurrent/FutureTask.run;org/openjdk/jmh/runner/BenchmarkHandler$BenchmarkTask.call;org/openjdk/jmh/runner/BenchmarkHandler$BenchmarkTask.call;java/lang/reflect/Method.invoke;jdk/internal/reflect/DelegatingMethodAccessorImpl.invoke;jdk/internal/reflect/NativeMethodAccessorImpl.invoke;jdk/internal/reflect/NativeMethodAccessorImpl.invoke0;org/apache/cassandra/test/microbench/uring/jmh_generated/UringRawReadBench_read_jmhTest.read_Throughput;org/apache/cassandra/test/microbench/uring/jmh_generated/UringRawReadBench_read_jmhTest.read_thrpt_jmhStub;org/apache/cassandra/test/microbench/uring/UringRawReadBench.read;java/util/HashMap.put 1
java/lang/Thread.run;java/util/concurrent/ThreadPoolExecutor$Worker.run;java/util/concurrent/ThreadPoolExecutor.runWorker;java/util/concurrent/FutureTask.run;java/util/concurrent/Executors$RunnableAdapter.call;java/util/concurrent/FutureTask.run;org/openjdk/jmh/runner/BenchmarkHandler$BenchmarkTask.call;org/openjdk/jmh/runner/BenchmarkHandler$BenchmarkTask.call;java/lang/reflect/Method.invoke;jdk/internal/reflect/DelegatingMethodAccessorImpl.invoke;jdk/internal/reflect/NativeMethodAccessorImpl.invoke;jdk/internal/reflect/NativeMethodAccessorImpl.invoke0;org/apache/cassandra/test/microbench/uring/jmh_generated/UringRawReadBench_read_jmhTest.read_Throughput;org/apache/cassandra/test/microbench/uring/jmh_generated/UringRawReadBench_read_jmhTest.read_thrpt_jmhStub;org/apache/cassandra/test/microbench/uring/UringRawReadBench.read;org/apache/cassandra/io/uring/UringRing.awaitCompletions;org/apache/cassandra/io/uring/UringRing.enter;org/apache/cassandra/io/uring/UringNative.ioUringEnter;org/apache/cassandra/io/uring/UringNative.syscall 3
java/lang/Thread.run;java/util/concurrent/ThreadPoolExecutor$Worker.run;java/util/concurrent/ThreadPoolExecutor.runWorker;java/util/concurrent/FutureTask.run;java/util/concurrent/Executors$RunnableAdapter.call;java/util/concurrent/FutureTask.run;org/openjdk/jmh/runner/BenchmarkHandler$BenchmarkTask.call;org/openjdk/jmh/runner/BenchmarkHandler$BenchmarkTask.call;java/lang/reflect/Method.invoke;jdk/internal/reflect/DelegatingMethodAccessorImpl.invoke;jdk/internal/reflect/NativeMethodAccessorImpl.invoke;jdk/internal/reflect/NativeMethodAccessorImpl.invoke0;org/apache/cassandra/test/microbench/uring/jmh_generated/UringRawReadBench_read_jmhTest.read_Throughput;org/apache/cassandra/test/microbench/uring/jmh_generated/UringRawReadBench_read_jmhTest.read_thrpt_jmhStub;org/apache/cassandra/test/microbench/uring/UringRawReadBench.read;org/apache/cassandra/io/uring/UringRing.awaitCompletions;org/apache/cassandra/io/uring/UringRing.enter;org/apache/cassandra/io/uring/UringNative.ioUringEnter;org/apache/cassandra/io/uring/UringNative.syscall;[unknown];syscall;entry_SYSCALL_64_after_hwframe_[k];do_syscall_64_[k];x64_sys_call_[k];__x64_sys_io_uring_enter_[k];__do_sys_io_uring_enter_[k];io_cqring_wait_[k];schedule_[k] 4
java/lang/Thread.run;java/util/concurrent/ThreadPoolExecutor$Worker.run;java/util/concurrent/ThreadPoolExecutor.runWorker;java/util/concurrent/FutureTask.run;java/util/concurrent/Executors$RunnableAdapter.call;java/util/concurrent/FutureTask.run;org/openjdk/jmh/runner/BenchmarkHandler$BenchmarkTask.call;org/openjdk/jmh/runner/BenchmarkHandler$BenchmarkTask.call;java/lang/reflect/Method.invoke;jdk/internal/reflect/DelegatingMethodAccessorImpl.invoke;jdk/internal/reflect/NativeMethodAccessorImpl.invoke;jdk/internal/reflect/NativeMethodAccessorImpl.invoke0;org/apache/cassandra/test/microbench/uring/jmh_generated/UringRawReadBench_read_jmhTest.read_Throughput;org/apache/cassandra/test/microbench/uring/jmh_generated/UringRawReadBench_read_jmhTest.read_thrpt_jmhStub;org/apache/cassandra/test/microbench/uring/UringRawReadBench.read;org/apache/cassandra/io/uring/UringRing.submit;org/apache/cassandra/io/uring/UringRing.enter;org/apache/cassandra/io/uring/UringNative.ioUringEnter;org/apache/cassandra/io/uring/UringNative.syscall;[unknown];syscall;entry_SYSCALL_64_after_hwframe_[k];do_syscall_64_[k];x64_sys_call_[k];__x64_sys_io_uring_enter_[k];__do_sys_io_uring_enter_[k];io_submit_sqes_[k];io_issue_sqe_[k];io_read_[k];__io_read_[k];ext4_file_read_iter_[k];iomap_dio_rw_[k];__iomap_dio_rw_[k];iomap_dio_bio_iter_[k];iomap_dio_submit_bio_[k];submit_bio_noacct_[k] 1
java/lang/Thread.run;java/util/concurrent/ThreadPoolExecutor$Worker.run;java/util/concurrent/ThreadPoolExecutor.runWorker;java/util/concurrent/FutureTask.run;java/util/concurrent/Executors$RunnableAdapter.call;java/util/concurrent/FutureTask.run;org/openjdk/jmh/runner/BenchmarkHandler$BenchmarkTask.call;org/openjdk/jmh/runner/BenchmarkHandler$BenchmarkTask.call;java/lang/reflect/Method.invoke;jdk/internal/reflect/DelegatingMethodAccessorImpl.invoke;jdk/internal/reflect/NativeMethodAccessorImpl.invoke;jdk/internal/reflect/NativeMethodAccessorImpl.invoke0;org/apache/cassandra/test/microbench/uring/jmh_generated/UringRawReadBench_read_jmhTest.read_Throughput;org/apache/cassandra/test/microbench/uring/jmh_generated/UringRawReadBench_read_jmhTest.read_thrpt_jmhStub;org/apache/cassandra/test/microbench/uring/UringRawReadBench.read;org/apache/cassandra/io/uring/UringRing.submit;org/apache/cassandra/io/uring/UringRing.enter;org/apache/cassandra/io/uring/UringNative.ioUringEnter;org/apache/cassandra/io/uring/UringNative.syscall;[unknown];syscall;entry_SYSCALL_64_after_hwframe_[k];do_syscall_64_[k];x64_sys_call_[k];__x64_sys_io_uring_enter_[k];__do_sys_io_uring_enter_[k];io_submit_sqes_[k];io_issue_sqe_[k];io_read_[k];__io_read_[k];ext4_file_read_iter_[k];iomap_dio_rw_[k];__iomap_dio_rw_[k];iomap_dio_bio_iter_[k];iomap_dio_submit_bio_[k];submit_bio_[k];submit_bio_noacct_[k];__submit_bio_[k] 1
java/lang/Thread.run;java/util/concurrent/ThreadPoolExecutor$Worker.run;java/util/concurrent/ThreadPoolExecutor.runWorker;java/util/concurrent/FutureTask.run;java/util/concurrent/Executors$RunnableAdapter.call;java/util/concurrent/FutureTask.run;org/openjdk/jmh/runner/BenchmarkHandler$BenchmarkTask.call;org/openjdk/jmh/runner/BenchmarkHandler$BenchmarkTask.call;java/lang/reflect/Method.invoke;jdk/internal/reflect/DelegatingMethodAccessorImpl.invoke;jdk/internal/reflect/NativeMethodAccessorImpl.invoke;jdk/internal/reflect/NativeMethodAccessorImpl.invoke0;org/apache/cassandra/test/microbench/uring/jmh_generated/UringRawReadBench_read_jmhTest.read_Throughput;org/apache/cassandra/test/microbench/uring/jmh_generated/UringRawReadBench_read_jmhTest.read_thrpt_jmhStub;org/apache/cassandra/test/microbench/uring/UringRawReadBench.read;org/apache/cassandra/io/uring/UringRing.submit;org/apache/cassandra/io/uring/UringRing.enter;org/apache/cassandra/io/uring/UringNative.ioUringEnter;org/apache/cassandra/io/uring/UringNative.syscall;[unknown];syscall;entry_SYSCALL_64_after_hwframe_[k];do_syscall_64_[k];x64_sys_call_[k];__x64_sys_io_uring_enter_[k];__do_sys_io_uring_enter_[k];io_submit_sqes_[k];io_issue_sqe_[k];io_read_[k];__io_read_[k];ext4_file_read_iter_[k];iomap_dio_rw_[k];__iomap_dio_rw_[k];iomap_iter_[k];ext4_iomap_begin_[k];ext4_set_iomap_[k];_raw_read_unlock_[k] 2
java/lang/Thread.run;java/util/concurrent/ThreadPoolExecutor$Worker.run;java/util/concurrent/ThreadPoolExecutor.runWorker;java/util/concurrent/FutureTask.run;java/util/concurrent/Executors$RunnableAdapter.call;java/util/concurrent/FutureTask.run;org/openjdk/jmh/runner/BenchmarkHandler$BenchmarkTask.call;org/openjdk/jmh/runner/BenchmarkHandler$BenchmarkTask.call;java/lang/reflect/Method.invoke;jdk/internal/reflect/DelegatingMethodAccessorImpl.invoke;jdk/internal/reflect/NativeMethodAccessorImpl.invoke;jdk/internal/reflect/NativeMethodAccessorImpl.invoke0;org/apache/cassandra/test/microbench/uring/jmh_generated/UringRawReadBench_read_jmhTest.read_Throughput;org/apache/cassandra/test/microbench/uring/jmh_generated/UringRawReadBench_read_jmhTest.read_thrpt_jmhStub;org/apache/cassandra/test/microbench/uring/UringRawReadBench.read;org/apache/cassandra/io/uring/UringRing.submit;org/apache/cassandra/io/uring/UringRing.enter;org/apache/cassandra/io/uring/UringNative.ioUringEnter;org/apache/cassandra/io/uring/UringNative.syscall;[unknown];syscall;entry_SYSCALL_64_after_hwframe_[k];do_syscall_64_[k];x64_sys_call_[k];__x64_sys_io_uring_enter_[k];__do_sys_io_uring_enter_[k] 4
java/lang/Thread.run;java/util/concurrent/ThreadPoolExecutor$Worker.run;java/util/concurrent/ThreadPoolExecutor.runWorker;java/util/concurrent/FutureTask.run;java/util/concurrent/Executors$RunnableAdapter.call;java/util/concurrent/FutureTask.run;org/openjdk/jmh/runner/BenchmarkHandler$BenchmarkTask.call;org/openjdk/jmh/runner/BenchmarkHandler$BenchmarkTask.call;java/lang/reflect/Method.invoke;jdk/internal/reflect/DelegatingMethodAccessorImpl.invoke;jdk/internal/reflect/NativeMethodAccessorImpl.invoke;jdk/internal/reflect/NativeMethodAccessorImpl.invoke0;org/apache/cassandra/test/microbench/uring/jmh_generated/UringRawReadBench_read_jmhTest.read_Throughput;org/apache/cassandra/test/microbench/uring/jmh_generated/UringRawReadBench_read_jmhTest.read_thrpt_jmhStub;org/apache/cassandra/test/microbench/uring/UringRawReadBench.read;org/apache/cassandra/io/uring/UringRing.awaitCompletions;org/apache/cassandra/io/uring/UringRing.enter;org/apache/cassandra/io/uring/UringNative.ioUringEnter;org/apache/cassandra/io/uring/UringNative.syscall;[unknown];syscall;entry_SYSCALL_64_after_hwframe_[k];do_syscall_64_[k];syscall_exit_to_user_mode_[k];__rseq_handle_notify_resume_[k];rseq_ip_fixup_[k];__get_user_8_[k] 3
java/lang/Thread.run;java/util/concurrent/ThreadPoolExecutor$Worker.run;java/util/concurrent/ThreadPoolExecutor.runWorker;java/util/concurrent/FutureTask.run;java/util/concurrent/Executors$RunnableAdapter.call;java/util/concurrent/FutureTask.run;org/openjdk/jmh/runner/BenchmarkHandler$BenchmarkTask.call;org/openjdk/jmh/runner/BenchmarkHandler$BenchmarkTask.call;java/lang/reflect/Method.invoke;jdk/internal/reflect/DelegatingMethodAccessorImpl.invoke;jdk/internal/reflect/NativeMethodAccessorImpl.invoke;jdk/internal/reflect/NativeMethodAccessorImpl.invoke0;org/apache/cassandra/test/microbench/uring/jmh_generated/UringRawReadBench_read_jmhTest.read_Throughput;org/apache/cassandra/test/microbench/uring/jmh_generated/UringRawReadBench_read_jmhTest.read_thrpt_jmhStub;org/apache/cassandra/test/microbench/uring/UringRawReadBench.read;org/apache/cassandra/io/uring/UringRing.awaitCompletions;org/apache/cassandra/io/uring/UringRing.enter;org/apache/cassandra/io/uring/UringNative.ioUringEnter;org/apache/cassandra/io/uring/UringNative.syscall;[unknown];syscall;entry_SYSCALL_64_after_hwframe_[k];do_syscall_64_[k];x64_sys_call_[k];__x64_sys_io_uring_enter_[k];fput_[k] 3
java/lang/Thread.run;java/util/concurrent/ThreadPoolExecutor$Worker.run;java/util/concurrent/ThreadPoolExecutor.runWorker;java/util/concurrent/FutureTask.run;java/util/concurrent/Executors$RunnableAdapter.call;java/util/concurrent/FutureTask.run;org/openjdk/jmh/runner/BenchmarkHandler$BenchmarkTask.call;org/openjdk/jmh/runner/BenchmarkHandler$BenchmarkTask.call;java/lang/reflect/Method.invoke;jdk/internal/reflect/DelegatingMethodAccessorImpl.invoke;jdk/internal/reflect/NativeMethodAccessorImpl.invoke;jdk/internal/reflect/NativeMethodAccessorImpl.invoke0;org/apache/cassandra/test/microbench/uring/jmh_generated/UringRawReadBench_read_jmhTest.read_Throughput;org/apache/cassandra/test/microbench/uring/jmh_generated/UringRawReadBench_read_jmhTest.read_thrpt_jmhStub;org/apache/cassandra/test/microbench/uring/UringRawReadBench.read;org/apache/cassandra/io/uring/UringRing.submit;org/apache/cassandra/io/uring/UringRing.enter;org/apache/cassandra/io/uring/UringNative.ioUringEnter;org/apache/cassandra/io/uring/UringNative.syscall;[unknown];syscall;entry_SYSCALL_64_after_hwframe_[k];do_syscall_64_[k];x64_sys_call_[k];__x64_sys_io_uring_enter_[k];__do_sys_io_uring_enter_[k];io_submit_sqes_[k];io_issue_sqe_[k];io_read_[k];__io_read_[k];ext4_file_read_iter_[k];iomap_dio_rw_[k];__iomap_dio_rw_[k];iomap_dio_bio_iter_[k];iomap_dio_submit_bio_[k];submit_bio_[k];submit_bio_noacct_[k];submit_bio_noacct_nocheck_[k];__submit_bio_[k];blk_mq_submit_bio_[k];__rq_qos_track_[k];wbt_track_[k];bio_to_wbt_flags_[k] 1
java/lang/Thread.run;java/util/concurrent/ThreadPoolExecutor$Worker.run;java/util/concurrent/ThreadPoolExecutor.runWorker;java/util/concurrent/FutureTask.run;java/util/concurrent/Executors$RunnableAdapter.call;java/util/concurrent/FutureTask.run;org/openjdk/jmh/runner/BenchmarkHandler$BenchmarkTask.call;org/openjdk/jmh/runner/BenchmarkHandler$BenchmarkTask.call;java/lang/reflect/Method.invoke;jdk/internal/reflect/DelegatingMethodAccessorImpl.invoke;jdk/internal/reflect/NativeMethodAccessorImpl.invoke;jdk/internal/reflect/NativeMethodAccessorImpl.invoke0;org/apache/cassandra/test/microbench/uring/jmh_generated/UringRawReadBench_read_jmhTest.read_Throughput;org/apache/cassandra/test/microbench/uring/jmh_generated/UringRawReadBench_read_jmhTest.read_thrpt_jmhStub;org/apache/cassandra/test/microbench/uring/UringRawReadBench.read;org/apache/cassandra/io/uring/UringRing.submit;org/apache/cassandra/io/uring/UringRing.enter;org/apache/cassandra/io/uring/UringNative.ioUringEnter;org/apache/cassandra/io/uring/UringNative.syscall;[unknown];syscall;entry_SYSCALL_64_after_hwframe_[k];do_syscall_64_[k];x64_sys_call_[k];__x64_sys_io_uring_enter_[k];__do_sys_io_uring_enter_[k];io_submit_sqes_[k];io_issue_sqe_[k];io_read_[k];__io_read_[k];ext4_file_read_iter_[k];iomap_dio_rw_[k];__iomap_dio_rw_[k];iomap_dio_bio_iter_[k];bio_set_pages_dirty_[k];bio_first_folio_[k] 4
java/lang/Thread.run;java/util/concurrent/ThreadPoolExecutor$Worker.run;java/util/concurrent/ThreadPoolExecutor.runWorker;java/util/concurrent/FutureTask.run;java/util/concurrent/Executors$RunnableAdapter.call;java/util/concurrent/FutureTask.run;org/openjdk/jmh/runner/BenchmarkHandler$BenchmarkTask.call;org/openjdk/jmh/runner/BenchmarkHandler$BenchmarkTask.call;java/lang/reflect/Method.invoke;jdk/internal/reflect/DelegatingMethodAccessorImpl.invoke;jdk/internal/reflect/NativeMethodAccessorImpl.invoke;jdk/internal/reflect/NativeMethodAccessorImpl.invoke0;org/apache/cassandra/test/microbench/uring/jmh_generated/UringRawReadBench_read_jmhTest.read_Throughput;org/apache/cassandra/test/microbench/uring/jmh_generated/UringRawReadBench_read_jmhTest.read_thrpt_jmhStub;org/apache/cassandra/test/microbench/uring/UringRawReadBench.read;org/apache/cassandra/io/uring/UringRing.submit;org/apache/cassandra/io/uring/UringRing.enter;org/apache/cassandra/io/uring/UringNative.ioUringEnter;org/apache/cassandra/io/uring/UringNative.syscall;[unknown];syscall;entry_SYSCALL_64_after_hwframe_[k];do_syscall_64_[k];x64_sys_call_[k];__x64_sys_io_uring_enter_[k];__do_sys_io_uring_enter_[k];io_submit_sqes_[k];blk_finish_plug_[k];__blk_flush_plug_[k];blk_mq_flush_plug_list_[k];blk_mq_flush_plug_list.part.0_[k];nvme_queue_rqs?[nvme]_[k];nvme_prep_rq.part.0?[nvme]_[k];nvme_map_data?[nvme]_[k];dma_map_page_attrs_[k];iommu_dma_map_page_[k];__iommu_dma_map_[k];iommu_map_[k];intel_iommu_iotlb_sync_map_[k];xa_find_after_[k];xas_find_[k];xas_load_[k];xas_start_[k] 1
java/lang/Thread.run;java/util/concurrent/ThreadPoolExecutor$Worker.run;java/util/concurrent/ThreadPoolExecutor.runWorker;java/util/concurrent/FutureTask.run;java/util/concurrent/Executors$RunnableAdapter.call;java/util/concurrent/FutureTask.run;org/openjdk/jmh/runner/BenchmarkHandler$BenchmarkTask.call;org/openjdk/jmh/runner/BenchmarkHandler$BenchmarkTask.call;java/lang/reflect/Method.invoke;jdk/internal/reflect/DelegatingMethodAccessorImpl.invoke;jdk/internal/reflect/NativeMethodAccessorImpl.invoke;jdk/internal/reflect/NativeMethodAccessorImpl.invoke0;org/apache/cassandra/test/microbench/uring/jmh_generated/UringRawReadBench_read_jmhTest.read_Throughput;org/apache/cassandra/test/microbench/uring/jmh_generated/UringRawReadBench_read_jmhTest.read_thrpt_jmhStub;org/apache/cassandra/test/microbench/uring/UringRawReadBench.read;org/apache/cassandra/io/uring/UringRing.submit;org/apache/cassandra/io/uring/UringRing.enter;org/apache/cassandra/io/uring/UringNative.ioUringEnter;org/apache/cassandra/io/uring/UringNative.syscall;[unknown];syscall;entry_SYSCALL_64_after_hwframe_[k];do_syscall_64_[k];x64_sys_call_[k];__x64_sys_io_uring_enter_[k];__do_sys_io_uring_enter_[k];io_submit_sqes_[k];io_issue_sqe_[k];io_read_[k];__io_read_[k];ext4_file_read_iter_[k];iomap_dio_rw_[k];__iomap_dio_rw_[k];iomap_dio_bio_iter_[k];iomap_dio_alloc_bio.isra.0_[k];bio_alloc_bioset_[k];__cond_resched_[k] 1
java/lang/Thread.run;java/util/concurrent/ThreadPoolExecutor$Worker.run;java/util/concurrent/ThreadPoolExecutor.runWorker;java/util/concurrent/FutureTask.run;java/util/concurrent/Executors$RunnableAdapter.call;java/util/concurrent/FutureTask.run;org/openjdk/jmh/runner/BenchmarkHandler$BenchmarkTask.call;org/openjdk/jmh/runner/BenchmarkHandler$BenchmarkTask.call;java/lang/reflect/Method.invoke;jdk/internal/reflect/DelegatingMethodAccessorImpl.invoke;jdk/internal/reflect/NativeMethodAccessorImpl.invoke;jdk/internal/reflect/NativeMethodAccessorImpl.invoke0;org/apache/cassandra/test/microbench/uring/jmh_generated/UringRawReadBench_read_jmhTest.read_Throughput;org/apache/cassandra/test/microbench/uring/jmh_generated/UringRawReadBench_read_jmhTest.read_thrpt_jmhStub;org/apache/cassandra/test/microbench/uring/UringRawReadBench.read;org/apache/cassandra/io/uring/UringRing.awaitCompletions;org/apache/cassandra/io/uring/UringRing.enter;org/apache/cassandra/io/uring/UringNative.ioUringEnter;org/apache/cassandra/io/uring/UringNative.syscall;[unknown];syscall;entry_SYSCALL_64_after_hwframe_[k];do_syscall_64_[k];x64_sys_call_[k];__x64_sys_io_uring_enter_[k];__do_sys_io_uring_enter_[k];io_cqring_wait_[k];io_run_local_work_[k];mutex_trylock_[k] 1
java/lang/Thread.run;java/util/concurrent/ThreadPoolExecutor$Worker.run;java/util/concurrent/ThreadPoolExecutor.runWorker;java/util/concurrent/FutureTask.run;java/util/concurrent/Executors$RunnableAdapter.call;java/util/concurrent/FutureTask.run;org/openjdk/jmh/runner/BenchmarkHandler$BenchmarkTask.call;org/openjdk/jmh/runner/BenchmarkHandler$BenchmarkTask.call;java/lang/reflect/Method.invoke;jdk/internal/reflect/DelegatingMethodAccessorImpl.invoke;jdk/internal/reflect/NativeMethodAccessorImpl.invoke;jdk/internal/reflect/NativeMethodAccessorImpl.invoke0;org/apache/cassandra/test/microbench/uring/jmh_generated/UringRawReadBench_read_jmhTest.read_Throughput;org/apache/cassandra/test/microbench/uring/jmh_generated/UringRawReadBench_read_jmhTest.read_thrpt_jmhStub;org/apache/cassandra/test/microbench/uring/UringRawReadBench.read;org/apache/cassandra/io/uring/UringRing.submit;org/apache/cassandra/io/uring/UringRing.enter;org/apache/cassandra/io/uring/UringNative.ioUringEnter;org/apache/cassandra/io/uring/UringNative.syscall;[unknown];syscall;entry_SYSCALL_64_after_hwframe_[k];do_syscall_64_[k];x64_sys_call_[k];__x64_sys_io_uring_enter_[k];__do_sys_io_uring_enter_[k];io_submit_sqes_[k];io_issue_sqe_[k];io_read_[k];__io_read_[k];ext4_file_read_iter_[k];iomap_dio_rw_[k];__iomap_dio_rw_[k];iomap_dio_bio_iter_[k];iomap_dio_submit_bio_[k];submit_bio_[k];submit_bio_noacct_[k];submit_bio_noacct_nocheck_[k];__submit_bio_[k];blk_mq_submit_bio_[k];__blk_mq_alloc_requests_[k];__blk_mq_alloc_requests_batch_[k];blk_mq_get_tags_[k];__sbitmap_queue_get_batch_[k] 1
java/lang/Thread.run;java/util/concurrent/ThreadPoolExecutor$Worker.run;java/util/concurrent/ThreadPoolExecutor.runWorker;java/util/concurrent/FutureTask.run;java/util/concurrent/Executors$RunnableAdapter.call;java/util/concurrent/FutureTask.run;org/openjdk/jmh/runner/BenchmarkHandler$BenchmarkTask.call;org/openjdk/jmh/runner/BenchmarkHandler$BenchmarkTask.call;java/lang/reflect/Method.invoke;jdk/internal/reflect/DelegatingMethodAccessorImpl.invoke;jdk/internal/reflect/NativeMethodAccessorImpl.invoke;jdk/internal/reflect/NativeMethodAccessorImpl.invoke0;org/apache/cassandra/test/microbench/uring/jmh_generated/UringRawReadBench_read_jmhTest.read_Throughput;org/apache/cassandra/test/microbench/uring/jmh_generated/UringRawReadBench_read_jmhTest.read_thrpt_jmhStub;org/apache/cassandra/test/microbench/uring/UringRawReadBench.read;org/apache/cassandra/io/uring/UringRing.awaitCompletions;org/apache/cassandra/io/uring/UringRing.enter;org/apache/cassandra/io/uring/UringNative.ioUringEnter;org/apache/cassandra/io/uring/UringNative.syscall;[unknown];syscall;entry_SYSCALL_64_after_hwframe_[k];do_syscall_64_[k];x64_sys_call_[k];__x64_sys_io_uring_enter_[k];__do_sys_io_uring_enter_[k];io_cqring_wait_[k];io_run_local_work_[k];__io_run_local_work_[k];__io_submit_flush_completions_[k];fput_[k] 2
java/lang/Thread.run;java/util/concurrent/ThreadPoolExecutor$Worker.run;java/util/concurrent/ThreadPoolExecutor.runWorker;java/util/concurrent/FutureTask.run;java/util/concurrent/Executors$RunnableAdapter.call;java/util/concurrent/FutureTask.run;org/openjdk/jmh/runner/BenchmarkHandler$BenchmarkTask.call;org/openjdk/jmh/runner/BenchmarkHandler$BenchmarkTask.call;java/lang/reflect/Method.invoke;jdk/internal/reflect/DelegatingMethodAccessorImpl.invoke;jdk/internal/reflect/NativeMethodAccessorImpl.invoke;jdk/internal/reflect/NativeMethodAccessorImpl.invoke0;org/apache/cassandra/test/microbench/uring/jmh_generated/UringRawReadBench_read_jmhTest.read_Throughput;org/apache/cassandra/test/microbench/uring/jmh_generated/UringRawReadBench_read_jmhTest.read_thrpt_jmhStub;org/apache/cassandra/test/microbench/uring/UringRawReadBench.read;org/apache/cassandra/io/uring/UringRing.submit;org/apache/cassandra/io/uring/UringRing.enter;org/apache/cassandra/io/uring/UringNative.ioUringEnter;org/apache/cassandra/io/uring/UringNative.syscall;[unknown];syscall;entry_SYSCALL_64_after_hwframe_[k];do_syscall_64_[k];x64_sys_call_[k];__x64_sys_io_uring_enter_[k];__do_sys_io_uring_enter_[k];io_submit_sqes_[k];io_issue_sqe_[k];io_read_[k];__io_read_[k];ext4_file_read_iter_[k];iomap_dio_rw_[k];__iomap_dio_rw_[k];iomap_dio_bio_iter_[k];iomap_dio_submit_bio_[k];submit_bio_[k];submit_bio_noacct_[k];submit_bio_noacct_nocheck_[k] 5
java/lang/Thread.run;java/util/concurrent/ThreadPoolExecutor$Worker.run;java/util/concurrent/ThreadPoolExecutor.runWorker;java/util/concurrent/FutureTask.run;java/util/concurrent/Executors$RunnableAdapter.call;java/util/concurrent/FutureTask.run;org/openjdk/jmh/runner/BenchmarkHandler$BenchmarkTask.call;org/openjdk/jmh/runner/BenchmarkHandler$BenchmarkTask.call;java/lang/reflect/Method.invoke;jdk/internal/reflect/DelegatingMethodAccessorImpl.invoke;jdk/internal/reflect/NativeMethodAccessorImpl.invoke;jdk/internal/reflect/NativeMethodAccessorImpl.invoke0;org/apache/cassandra/test/microbench/uring/jmh_generated/UringRawReadBench_read_jmhTest.read_Throughput;org/apache/cassandra/test/microbench/uring/jmh_generated/UringRawReadBench_read_jmhTest.read_thrpt_jmhStub;org/apache/cassandra/test/microbench/uring/UringRawReadBench.read;org/apache/cassandra/io/uring/UringRing.awaitCompletions;org/apache/cassandra/io/uring/UringRing.enter;org/apache/cassandra/io/uring/UringNative.ioUringEnter;org/apache/cassandra/io/uring/UringNative.syscall;/root/.cache/JNA/temp/jna18280739141362750566.tmp;/root/.cache/JNA/temp/jna18280739141362750566.tmp;/root/.cache/JNA/temp/jna18280739141362750566.tmp;ffi_call;/root/.cache/JNA/temp/jna18280739141362750566.tmp;/root/.cache/JNA/temp/jna18280739141362750566.tmp 10
java/lang/Thread.run;java/util/concurrent/ThreadPoolExecutor$Worker.run;java/util/concurrent/ThreadPoolExecutor.runWorker;java/util/concurrent/FutureTask.run;java/util/concurrent/Executors$RunnableAdapter.call;java/util/concurrent/FutureTask.run;org/openjdk/jmh/runner/BenchmarkHandler$BenchmarkTask.call;org/openjdk/jmh/runner/BenchmarkHandler$BenchmarkTask.call;java/lang/reflect/Method.invoke;jdk/internal/reflect/DelegatingMethodAccessorImpl.invoke;jdk/internal/reflect/NativeMethodAccessorImpl.invoke;jdk/internal/reflect/NativeMethodAccessorImpl.invoke0;org/apache/cassandra/test/microbench/uring/jmh_generated/UringRawReadBench_read_jmhTest.read_Throughput;org/apache/cassandra/test/microbench/uring/jmh_generated/UringRawReadBench_read_jmhTest.read_thrpt_jmhStub;org/apache/cassandra/test/microbench/uring/UringRawReadBench.read;org/apache/cassandra/io/uring/UringRing.submit;org/apache/cassandra/io/uring/UringRing.enter;org/apache/cassandra/io/uring/UringNative.ioUringEnter;org/apache/cassandra/io/uring/UringNative.syscall;[unknown];syscall;entry_SYSCALL_64_after_hwframe_[k];do_syscall_64_[k];x64_sys_call_[k];__x64_sys_io_uring_enter_[k];__do_sys_io_uring_enter_[k];io_submit_sqes_[k];io_init_req_[k];io_prep_rw_[k] 5
java/lang/Thread.run;java/util/concurrent/ThreadPoolExecutor$Worker.run;java/util/concurrent/ThreadPoolExecutor.runWorker;java/util/concurrent/FutureTask.run;java/util/concurrent/Executors$RunnableAdapter.call;java/util/concurrent/FutureTask.run;org/openjdk/jmh/runner/BenchmarkHandler$BenchmarkTask.call;org/openjdk/jmh/runner/BenchmarkHandler$BenchmarkTask.call;java/lang/reflect/Method.invoke;jdk/internal/reflect/DelegatingMethodAccessorImpl.invoke;jdk/internal/reflect/NativeMethodAccessorImpl.invoke;jdk/internal/reflect/NativeMethodAccessorImpl.invoke0;org/apache/cassandra/test/microbench/uring/jmh_generated/UringRawReadBench_read_jmhTest.read_Throughput;org/apache/cassandra/test/microbench/uring/jmh_generated/UringRawReadBench_read_jmhTest.read_thrpt_jmhStub;org/apache/cassandra/test/microbench/uring/UringRawReadBench.read;org/apache/cassandra/io/uring/UringRing.submit;org/apache/cassandra/io/uring/UringRing.enter;org/apache/cassandra/io/uring/UringNative.ioUringEnter;org/apache/cassandra/io/uring/UringNative.syscall;[unknown];syscall;entry_SYSCALL_64_after_hwframe_[k];do_syscall_64_[k];x64_sys_call_[k];__x64_sys_io_uring_enter_[k];__do_sys_io_uring_enter_[k];io_submit_sqes_[k];io_issue_sqe_[k];io_read_[k];__io_read_[k];io_rw_init_file_[k] 3
java/lang/Thread.run;java/util/concurrent/ThreadPoolExecutor$Worker.run;java/util/concurrent/ThreadPoolExecutor.runWorker;java/util/concurrent/FutureTask.run;java/util/concurrent/Executors$RunnableAdapter.call;java/util/concurrent/FutureTask.run;org/openjdk/jmh/runner/BenchmarkHandler$BenchmarkTask.call;org/openjdk/jmh/runner/BenchmarkHandler$BenchmarkTask.call;java/lang/reflect/Method.invoke;jdk/internal/reflect/DelegatingMethodAccessorImpl.invoke;jdk/internal/reflect/NativeMethodAccessorImpl.invoke;jdk/internal/reflect/NativeMethodAccessorImpl.invoke0;org/apache/cassandra/test/microbench/uring/jmh_generated/UringRawReadBench_read_jmhTest.read_Throughput;org/apache/cassandra/test/microbench/uring/jmh_generated/UringRawReadBench_read_jmhTest.read_thrpt_jmhStub;org/apache/cassandra/test/microbench/uring/UringRawReadBench.read;org/apache/cassandra/io/uring/UringRing.awaitCompletions;org/apache/cassandra/io/uring/UringRing.enter;org/apache/cassandra/io/uring/UringNative.ioUringEnter;org/apache/cassandra/io/uring/UringNative.syscall;[unknown];syscall;entry_SYSCALL_64_after_hwframe_[k];do_syscall_64_[k];x64_sys_call_[k];__x64_sys_io_uring_enter_[k];__do_sys_io_uring_enter_[k];io_cqring_wait_[k];io_run_local_work_[k] 1
java/lang/Thread.run;java/util/concurrent/ThreadPoolExecutor$Worker.run;java/util/concurrent/ThreadPoolExecutor.runWorker;java/util/concurrent/FutureTask.run;java/util/concurrent/Executors$RunnableAdapter.call;java/util/concurrent/FutureTask.run;org/openjdk/jmh/runner/BenchmarkHandler$BenchmarkTask.call;org/openjdk/jmh/runner/BenchmarkHandler$BenchmarkTask.call;java/lang/reflect/Method.invoke;jdk/internal/reflect/DelegatingMethodAccessorImpl.invoke;jdk/internal/reflect/NativeMethodAccessorImpl.invoke;jdk/internal/reflect/NativeMethodAccessorImpl.invoke0;org/apache/cassandra/test/microbench/uring/jmh_generated/UringRawReadBench_read_jmhTest.read_Throughput;org/apache/cassandra/test/microbench/uring/jmh_generated/UringRawReadBench_read_jmhTest.read_thrpt_jmhStub;org/apache/cassandra/test/microbench/uring/UringRawReadBench.read;org/apache/cassandra/io/uring/UringRing.submit;org/apache/cassandra/io/uring/UringRing.enter;org/apache/cassandra/io/uring/UringNative.ioUringEnter;org/apache/cassandra/io/uring/UringNative.syscall;[unknown];syscall;entry_SYSCALL_64_after_hwframe_[k];do_syscall_64_[k];x64_sys_call_[k];__x64_sys_io_uring_enter_[k];__do_sys_io_uring_enter_[k];io_submit_sqes_[k];blk_finish_plug_[k];__blk_flush_plug_[k];blk_mq_flush_plug_list_[k];blk_mq_flush_plug_list.part.0_[k];nvme_queue_rqs?[nvme]_[k];nvme_prep_rq.part.0?[nvme]_[k];blk_mq_start_request_[k];__rq_qos_issue_[k] 4
java/lang/Thread.run;java/util/concurrent/ThreadPoolExecutor$Worker.run;java/util/concurrent/ThreadPoolExecutor.runWorker;java/util/concurrent/FutureTask.run;java/util/concurrent/Executors$RunnableAdapter.call;java/util/concurrent/FutureTask.run;org/openjdk/jmh/runner/BenchmarkHandler$BenchmarkTask.call;org/openjdk/jmh/runner/BenchmarkHandler$BenchmarkTask.call;java/lang/reflect/Method.invoke;jdk/internal/reflect/DelegatingMethodAccessorImpl.invoke;jdk/internal/reflect/NativeMethodAccessorImpl.invoke;jdk/internal/reflect/NativeMethodAccessorImpl.invoke0;org/apache/cassandra/test/microbench/uring/jmh_generated/UringRawReadBench_read_jmhTest.read_Throughput;org/apache/cassandra/test/microbench/uring/jmh_generated/UringRawReadBench_read_jmhTest.read_thrpt_jmhStub;org/apache/cassandra/test/microbench/uring/UringRawReadBench.read;org/apache/cassandra/io/uring/UringRing.prepareRead;org/apache/cassandra/io/uring/UringRing.enqueueSqe;sun/misc/Unsafe.setMemory;jdk/internal/misc/Unsafe.setMemory;jdk/internal/misc/Unsafe.setMemory;jdk/internal/misc/Unsafe.setMemory0 4
java/lang/Thread.run;java/util/concurrent/ThreadPoolExecutor$Worker.run;java/util/concurrent/ThreadPoolExecutor.runWorker;java/util/concurrent/FutureTask.run;java/util/concurrent/Executors$RunnableAdapter.call;java/util/concurrent/FutureTask.run;org/openjdk/jmh/runner/BenchmarkHandler$BenchmarkTask.call;org/openjdk/jmh/runner/BenchmarkHandler$BenchmarkTask.call;java/lang/reflect/Method.invoke;jdk/internal/reflect/DelegatingMethodAccessorImpl.invoke;jdk/internal/reflect/NativeMethodAccessorImpl.invoke;jdk/internal/reflect/NativeMethodAccessorImpl.invoke0;org/apache/cassandra/test/microbench/uring/jmh_generated/UringRawReadBench_read_jmhTest.read_Throughput;org/apache/cassandra/test/microbench/uring/jmh_generated/UringRawReadBench_read_jmhTest.read_thrpt_jmhStub;org/apache/cassandra/test/microbench/uring/UringRawReadBench.read;org/apache/cassandra/io/uring/UringRing.prepareRead;asm_exc_page_fault_[k];exc_page_fault_[k];do_user_addr_fault_[k];down_read_trylock_[k] 1
java/lang/Thread.run;java/util/concurrent/ThreadPoolExecutor$Worker.run;java/util/concurrent/ThreadPoolExecutor.runWorker;java/util/concurrent/FutureTask.run;java/util/concurrent/Executors$RunnableAdapter.call;java/util/concurrent/FutureTask.run;org/openjdk/jmh/runner/BenchmarkHandler$BenchmarkTask.call;org/openjdk/jmh/runner/BenchmarkHandler$BenchmarkTask.call;java/lang/reflect/Method.invoke;jdk/internal/reflect/DelegatingMethodAccessorImpl.invoke;jdk/internal/reflect/NativeMethodAccessorImpl.invoke;jdk/internal/reflect/NativeMethodAccessorImpl.invoke0;org/apache/cassandra/test/microbench/uring/jmh_generated/UringRawReadBench_read_jmhTest.read_Throughput;org/apache/cassandra/test/microbench/uring/jmh_generated/UringRawReadBench_read_jmhTest.read_thrpt_jmhStub;org/apache/cassandra/test/microbench/uring/UringRawReadBench.read;org/apache/cassandra/io/uring/UringRing.submit;org/apache/cassandra/io/uring/UringRing.enter;org/apache/cassandra/io/uring/UringNative.ioUringEnter;org/apache/cassandra/io/uring/UringNative.syscall;[unknown];syscall;entry_SYSCALL_64_after_hwframe_[k];do_syscall_64_[k];x64_sys_call_[k];__x64_sys_io_uring_enter_[k];__do_sys_io_uring_enter_[k];io_submit_sqes_[k];io_issue_sqe_[k];io_read_[k];__io_read_[k];ext4_file_read_iter_[k];iomap_dio_rw_[k];__iomap_dio_rw_[k];iomap_dio_bio_iter_[k];iomap_dio_alloc_bio.isra.0_[k];bio_alloc_bioset_[k];mempool_alloc_slab_[k] 6
java/lang/Thread.run;java/util/concurrent/ThreadPoolExecutor$Worker.run;java/util/concurrent/ThreadPoolExecutor.runWorker;java/util/concurrent/FutureTask.run;java/util/concurrent/Executors$RunnableAdapter.call;java/util/concurrent/FutureTask.run;org/openjdk/jmh/runner/BenchmarkHandler$BenchmarkTask.call;org/openjdk/jmh/runner/BenchmarkHandler$BenchmarkTask.call;java/lang/reflect/Method.invoke;jdk/internal/reflect/DelegatingMethodAccessorImpl.invoke;jdk/internal/reflect/NativeMethodAccessorImpl.invoke;jdk/internal/reflect/NativeMethodAccessorImpl.invoke0;org/apache/cassandra/test/microbench/uring/jmh_generated/UringRawReadBench_read_jmhTest.read_Throughput;org/apache/cassandra/test/microbench/uring/jmh_generated/UringRawReadBench_read_jmhTest.read_thrpt_jmhStub;org/apache/cassandra/test/microbench/uring/UringRawReadBench.read;org/apache/cassandra/io/uring/UringRing.submit;org/apache/cassandra/io/uring/UringRing.enter;org/apache/cassandra/io/uring/UringNative.ioUringEnter;org/apache/cassandra/io/uring/UringNative.syscall;[unknown];syscall;entry_SYSCALL_64_after_hwframe_[k];do_syscall_64_[k];x64_sys_call_[k];__x64_sys_io_uring_enter_[k];__do_sys_io_uring_enter_[k];io_submit_sqes_[k];blk_finish_plug_[k];__blk_flush_plug_[k];blk_mq_flush_plug_list_[k];blk_mq_flush_plug_list.part.0_[k];nvme_queue_rqs?[nvme]_[k];nvme_prep_rq.part.0?[nvme]_[k];nvme_map_data?[nvme]_[k];dma_map_page_attrs_[k];iommu_dma_map_page_[k];__iommu_dma_map_[k];iommu_map_[k];__iommu_map_[k];intel_iommu_map_pages_[k];__domain_mapping_[k] 13
java/lang/Thread.run;java/util/concurrent/ThreadPoolExecutor$Worker.run;java/util/concurrent/ThreadPoolExecutor.runWorker;java/util/concurrent/FutureTask.run;java/util/concurrent/Executors$RunnableAdapter.call;java/util/concurrent/FutureTask.run;org/openjdk/jmh/runner/BenchmarkHandler$BenchmarkTask.call;org/openjdk/jmh/runner/BenchmarkHandler$BenchmarkTask.call;java/lang/reflect/Method.invoke;jdk/internal/reflect/DelegatingMethodAccessorImpl.invoke;jdk/internal/reflect/NativeMethodAccessorImpl.invoke;jdk/internal/reflect/NativeMethodAccessorImpl.invoke0;org/apache/cassandra/test/microbench/uring/jmh_generated/UringRawReadBench_read_jmhTest.read_Throughput;org/apache/cassandra/test/microbench/uring/jmh_generated/UringRawReadBench_read_jmhTest.read_thrpt_jmhStub;org/apache/cassandra/test/microbench/uring/UringRawReadBench.read;org/apache/cassandra/io/uring/UringRing.submit;org/apache/cassandra/io/uring/UringRing.enter;org/apache/cassandra/io/uring/UringNative.ioUringEnter;org/apache/cassandra/io/uring/UringNative.syscall;[unknown];syscall;entry_SYSCALL_64_after_hwframe_[k];do_syscall_64_[k];x64_sys_call_[k];__x64_sys_io_uring_enter_[k];__do_sys_io_uring_enter_[k];io_submit_sqes_[k];io_issue_sqe_[k];io_read_[k];__io_read_[k];ext4_file_read_iter_[k];iomap_dio_rw_[k];__iomap_dio_rw_[k];iomap_dio_bio_iter_[k];iomap_dio_submit_bio_[k];submit_bio_[k];submit_bio_noacct_[k];submit_bio_noacct_nocheck_[k];__submit_bio_[k];blk_mq_submit_bio_[k];bio_integrity_prep_[k] 2
java/lang/Thread.run;java/util/concurrent/ThreadPoolExecutor$Worker.run;java/util/concurrent/ThreadPoolExecutor.runWorker;java/util/concurrent/FutureTask.run;java/util/concurrent/Executors$RunnableAdapter.call;java/util/concurrent/FutureTask.run;org/openjdk/jmh/runner/BenchmarkHandler$BenchmarkTask.call;org/openjdk/jmh/runner/BenchmarkHandler$BenchmarkTask.call;java/lang/reflect/Method.invoke;jdk/internal/reflect/DelegatingMethodAccessorImpl.invoke;jdk/internal/reflect/NativeMethodAccessorImpl.invoke;jdk/internal/reflect/NativeMethodAccessorImpl.invoke0;org/apache/cassandra/test/microbench/uring/jmh_generated/UringRawReadBench_read_jmhTest.read_Throughput;org/apache/cassandra/test/microbench/uring/jmh_generated/UringRawReadBench_read_jmhTest.read_thrpt_jmhStub;org/apache/cassandra/test/microbench/uring/UringRawReadBench.read;org/apache/cassandra/io/uring/UringRing.submit;org/apache/cassandra/io/uring/UringRing.enter;org/apache/cassandra/io/uring/UringNative.ioUringEnter;org/apache/cassandra/io/uring/UringNative.syscall;[unknown];syscall;entry_SYSCALL_64_after_hwframe_[k];do_syscall_64_[k];x64_sys_call_[k];__x64_sys_io_uring_enter_[k];__do_sys_io_uring_enter_[k];io_submit_sqes_[k];blk_finish_plug_[k];__blk_flush_plug_[k];blk_mq_flush_plug_list_[k];blk_mq_flush_plug_list.part.0_[k];nvme_queue_rqs?[nvme]_[k];nvme_prep_rq.part.0?[nvme]_[k] 2
java/lang/Thread.run;java/util/concurrent/ThreadPoolExecutor$Worker.run;java/util/concurrent/ThreadPoolExecutor.runWorker;java/util/concurrent/FutureTask.run;java/util/concurrent/Executors$RunnableAdapter.call;java/util/concurrent/FutureTask.run;org/openjdk/jmh/runner/BenchmarkHandler$BenchmarkTask.call;org/openjdk/jmh/runner/BenchmarkHandler$BenchmarkTask.call;java/lang/reflect/Method.invoke;jdk/internal/reflect/DelegatingMethodAccessorImpl.invoke;jdk/internal/reflect/NativeMethodAccessorImpl.invoke;jdk/internal/reflect/NativeMethodAccessorImpl.invoke0;org/apache/cassandra/test/microbench/uring/jmh_generated/UringRawReadBench_read_jmhTest.read_Throughput;org/apache/cassandra/test/microbench/uring/jmh_generated/UringRawReadBench_read_jmhTest.read_thrpt_jmhStub;org/apache/cassandra/test/microbench/uring/UringRawReadBench.read;org/apache/cassandra/io/uring/UringRing.submit;org/apache/cassandra/io/uring/UringRing.enter;org/apache/cassandra/io/uring/UringNative.ioUringEnter;org/apache/cassandra/io/uring/UringNative.syscall;[unknown];syscall;entry_SYSCALL_64_after_hwframe_[k];do_syscall_64_[k];x64_sys_call_[k];__x64_sys_io_uring_enter_[k];__do_sys_io_uring_enter_[k];io_submit_sqes_[k];io_issue_sqe_[k];io_read_[k];__io_read_[k];ext4_file_read_iter_[k];iomap_dio_rw_[k];__iomap_dio_rw_[k];iomap_dio_bio_iter_[k];iomap_dio_submit_bio_[k];submit_bio_[k];blkcg_set_ioprio_[k] 8
java/lang/Thread.run;java/util/concurrent/ThreadPoolExecutor$Worker.run;java/util/concurrent/ThreadPoolExecutor.runWorker;java/util/concurrent/FutureTask.run;java/util/concurrent/Executors$RunnableAdapter.call;java/util/concurrent/FutureTask.run;org/openjdk/jmh/runner/BenchmarkHandler$BenchmarkTask.call;org/openjdk/jmh/runner/BenchmarkHandler$BenchmarkTask.call;java/lang/reflect/Method.invoke;jdk/internal/reflect/DelegatingMethodAccessorImpl.invoke;jdk/internal/reflect/NativeMethodAccessorImpl.invoke;jdk/internal/reflect/NativeMethodAccessorImpl.invoke0;org/apache/cassandra/test/microbench/uring/jmh_generated/UringRawReadBench_read_jmhTest.read_Throughput;org/apache/cassandra/test/microbench/uring/jmh_generated/UringRawReadBench_read_jmhTest.read_thrpt_jmhStub;org/apache/cassandra/test/microbench/uring/UringRawReadBench.read;org/apache/cassandra/io/uring/UringRing.submit;org/apache/cassandra/io/uring/UringRing.enter;org/apache/cassandra/io/uring/UringNative.ioUringEnter;org/apache/cassandra/io/uring/UringNative.syscall;[unknown];syscall;entry_SYSCALL_64_after_hwframe_[k];do_syscall_64_[k];x64_sys_call_[k];__x64_sys_io_uring_enter_[k];__do_sys_io_uring_enter_[k];io_submit_sqes_[k];io_issue_sqe_[k];io_read_[k];__io_read_[k];ext4_file_read_iter_[k];iomap_dio_rw_[k];__iomap_dio_rw_[k];iomap_dio_bio_iter_[k];iomap_dio_submit_bio_[k];submit_bio_[k];should_fail_bio_[k] 1
java/lang/Thread.run;java/util/concurrent/ThreadPoolExecutor$Worker.run;java/util/concurrent/ThreadPoolExecutor.runWorker;java/util/concurrent/FutureTask.run;java/util/concurrent/Executors$RunnableAdapter.call;java/util/concurrent/FutureTask.run;org/openjdk/jmh/runner/BenchmarkHandler$BenchmarkTask.call;org/openjdk/jmh/runner/BenchmarkHandler$BenchmarkTask.call;java/lang/reflect/Method.invoke;jdk/internal/reflect/DelegatingMethodAccessorImpl.invoke;jdk/internal/reflect/NativeMethodAccessorImpl.invoke;jdk/internal/reflect/NativeMethodAccessorImpl.invoke0;org/apache/cassandra/test/microbench/uring/jmh_generated/UringRawReadBench_read_jmhTest.read_Throughput;org/apache/cassandra/test/microbench/uring/jmh_generated/UringRawReadBench_read_jmhTest.read_thrpt_jmhStub;org/apache/cassandra/test/microbench/uring/UringRawReadBench.read;org/apache/cassandra/io/uring/UringRing.prepareRead;org/apache/cassandra/io/uring/UringRing.enqueueSqe;sun/misc/Unsafe.setMemory;jdk/internal/misc/Unsafe.setMemory;jdk/internal/misc/Unsafe.setMemory;jdk/internal/misc/Unsafe.setMemory0;JavaFrameAnchor::make_walkable() 1
java/lang/Thread.run;java/util/concurrent/ThreadPoolExecutor$Worker.run;java/util/concurrent/ThreadPoolExecutor.runWorker;java/util/concurrent/FutureTask.run;java/util/concurrent/Executors$RunnableAdapter.call;java/util/concurrent/FutureTask.run;org/openjdk/jmh/runner/BenchmarkHandler$BenchmarkTask.call;org/openjdk/jmh/runner/BenchmarkHandler$BenchmarkTask.call;java/lang/reflect/Method.invoke;jdk/internal/reflect/DelegatingMethodAccessorImpl.invoke;jdk/internal/reflect/NativeMethodAccessorImpl.invoke;jdk/internal/reflect/NativeMethodAccessorImpl.invoke0;org/apache/cassandra/test/microbench/uring/jmh_generated/UringRawReadBench_read_jmhTest.read_Throughput;org/apache/cassandra/test/microbench/uring/jmh_generated/UringRawReadBench_read_jmhTest.read_thrpt_jmhStub;org/apache/cassandra/test/microbench/uring/UringRawReadBench.read;org/apache/cassandra/io/uring/UringRing.awaitCompletions;org/apache/cassandra/io/uring/UringRing.enter;org/apache/cassandra/io/uring/UringNative.ioUringEnter;org/apache/cassandra/io/uring/UringNative.syscall;[unknown];syscall 110
java/lang/Thread.run;java/util/concurrent/ThreadPoolExecutor$Worker.run;java/util/concurrent/ThreadPoolExecutor.runWorker;java/util/concurrent/FutureTask.run;java/util/concurrent/Executors$RunnableAdapter.call;java/util/concurrent/FutureTask.run;org/openjdk/jmh/runner/BenchmarkHandler$BenchmarkTask.call;org/openjdk/jmh/runner/BenchmarkHandler$BenchmarkTask.call;java/lang/reflect/Method.invoke;jdk/internal/reflect/DelegatingMethodAccessorImpl.invoke;jdk/internal/reflect/NativeMethodAccessorImpl.invoke;jdk/internal/reflect/NativeMethodAccessorImpl.invoke0;org/apache/cassandra/test/microbench/uring/jmh_generated/UringRawReadBench_read_jmhTest.read_Throughput;org/apache/cassandra/test/microbench/uring/jmh_generated/UringRawReadBench_read_jmhTest.read_thrpt_jmhStub;org/apache/cassandra/test/microbench/uring/UringRawReadBench.read;java/util/HashMap.put;java/util/HashMap.putVal;java/util/HashMap.newNode;asm_exc_page_fault_[k];exc_page_fault_[k];do_user_addr_fault_[k] 1
java/lang/Thread.run;java/util/concurrent/ThreadPoolExecutor$Worker.run;java/util/concurrent/ThreadPoolExecutor.runWorker;java/util/concurrent/FutureTask.run;java/util/concurrent/Executors$RunnableAdapter.call;java/util/concurrent/FutureTask.run;org/openjdk/jmh/runner/BenchmarkHandler$BenchmarkTask.call;org/openjdk/jmh/runner/BenchmarkHandler$BenchmarkTask.call;java/lang/reflect/Method.invoke;jdk/internal/reflect/DelegatingMethodAccessorImpl.invoke;jdk/internal/reflect/NativeMethodAccessorImpl.invoke;jdk/internal/reflect/NativeMethodAccessorImpl.invoke0;org/apache/cassandra/test/microbench/uring/jmh_generated/UringRawReadBench_read_jmhTest.read_Throughput;org/apache/cassandra/test/microbench/uring/jmh_generated/UringRawReadBench_read_jmhTest.read_thrpt_jmhStub;org/apache/cassandra/test/microbench/uring/UringRawReadBench.read;org/apache/cassandra/io/uring/UringRing.submit;org/apache/cassandra/io/uring/UringRing.enter;org/apache/cassandra/io/uring/UringNative.ioUringEnter;org/apache/cassandra/io/uring/UringNative.syscall;[unknown];syscall;entry_SYSCALL_64_after_hwframe_[k];do_syscall_64_[k];x64_sys_call_[k];__x64_sys_io_uring_enter_[k];__do_sys_io_uring_enter_[k];io_submit_sqes_[k];io_issue_sqe_[k];io_read_[k];__io_read_[k];ext4_file_read_iter_[k];iomap_dio_rw_[k];__iomap_dio_rw_[k];iomap_dio_bio_iter_[k];iomap_dio_alloc_bio.isra.0_[k];bio_alloc_bioset_[k];mempool_alloc_[k] 3
java/lang/Thread.run;java/util/concurrent/ThreadPoolExecutor$Worker.run;java/util/concurrent/ThreadPoolExecutor.runWorker;java/util/concurrent/FutureTask.run;java/util/concurrent/Executors$RunnableAdapter.call;java/util/concurrent/FutureTask.run;org/openjdk/jmh/runner/BenchmarkHandler$BenchmarkTask.call;org/openjdk/jmh/runner/BenchmarkHandler$BenchmarkTask.call;java/lang/reflect/Method.invoke;jdk/internal/reflect/DelegatingMethodAccessorImpl.invoke;jdk/internal/reflect/NativeMethodAccessorImpl.invoke;jdk/internal/reflect/NativeMethodAccessorImpl.invoke0;org/apache/cassandra/test/microbench/uring/jmh_generated/UringRawReadBench_read_jmhTest.read_Throughput;org/apache/cassandra/test/microbench/uring/jmh_generated/UringRawReadBench_read_jmhTest.read_thrpt_jmhStub;org/apache/cassandra/test/microbench/uring/UringRawReadBench.read;org/apache/cassandra/io/uring/UringRing.awaitCompletions;org/apache/cassandra/io/uring/UringRing.enter;org/apache/cassandra/io/uring/UringNative.ioUringEnter;org/apache/cassandra/io/uring/UringNative.syscall;[unknown];syscall;entry_SYSCALL_64_after_hwframe_[k];do_syscall_64_[k];x64_sys_call_[k];__x64_sys_io_uring_enter_[k];__do_sys_io_uring_enter_[k];io_cqring_wait_[k];io_run_local_work_[k];__io_run_local_work_[k] 4
java/lang/Thread.run;java/util/concurrent/ThreadPoolExecutor$Worker.run;java/util/concurrent/ThreadPoolExecutor.runWorker;java/util/concurrent/FutureTask.run;java/util/concurrent/Executors$RunnableAdapter.call;java/util/concurrent/FutureTask.run;org/openjdk/jmh/runner/BenchmarkHandler$BenchmarkTask.call;org/openjdk/jmh/runner/BenchmarkHandler$BenchmarkTask.call;java/lang/reflect/Method.invoke;jdk/internal/reflect/DelegatingMethodAccessorImpl.invoke;jdk/internal/reflect/NativeMethodAccessorImpl.invoke;jdk/internal/reflect/NativeMethodAccessorImpl.invoke0;org/apache/cassandra/test/microbench/uring/jmh_generated/UringRawReadBench_read_jmhTest.read_Throughput;org/apache/cassandra/test/microbench/uring/jmh_generated/UringRawReadBench_read_jmhTest.read_thrpt_jmhStub;org/apache/cassandra/test/microbench/uring/UringRawReadBench.read;org/apache/cassandra/io/uring/UringRing.submit;org/apache/cassandra/io/uring/UringRing.enter;org/apache/cassandra/io/uring/UringNative.ioUringEnter;org/apache/cassandra/io/uring/UringNative.syscall;[unknown];syscall;entry_SYSCALL_64_after_hwframe_[k];do_syscall_64_[k];x64_sys_call_[k];__x64_sys_io_uring_enter_[k];__do_sys_io_uring_enter_[k];io_submit_sqes_[k];io_issue_sqe_[k];io_read_[k];__io_read_[k];ext4_file_read_iter_[k];iomap_dio_rw_[k];__iomap_dio_rw_[k];iomap_dio_bio_iter_[k];iomap_dio_alloc_bio.isra.0_[k];bio_alloc_bioset_[k];mempool_alloc_[k];mempool_alloc_slab_[k];kmem_cache_alloc_[k] 2
java/lang/Thread.run;java/util/concurrent/ThreadPoolExecutor$Worker.run;java/util/concurrent/ThreadPoolExecutor.runWorker;java/util/concurrent/FutureTask.run;java/util/concurrent/Executors$RunnableAdapter.call;java/util/concurrent/FutureTask.run;org/openjdk/jmh/runner/BenchmarkHandler$BenchmarkTask.call;org/openjdk/jmh/runner/BenchmarkHandler$BenchmarkTask.call;java/lang/reflect/Method.invoke;jdk/internal/reflect/DelegatingMethodAccessorImpl.invoke;jdk/internal/reflect/NativeMethodAccessorImpl.invoke;jdk/internal/reflect/NativeMethodAccessorImpl.invoke0;org/apache/cassandra/test/microbench/uring/jmh_generated/UringRawReadBench_read_jmhTest.read_Throughput;org/apache/cassandra/test/microbench/uring/jmh_generated/UringRawReadBench_read_jmhTest.read_thrpt_jmhStub;org/apache/cassandra/test/microbench/uring/UringRawReadBench.read;org/apache/cassandra/io/uring/UringRing.submit;org/apache/cassandra/io/uring/UringRing.enter;org/apache/cassandra/io/uring/UringNative.ioUringEnter;org/apache/cassandra/io/uring/UringNative.syscall;[unknown];syscall;entry_SYSCALL_64_after_hwframe_[k];do_syscall_64_[k];x64_sys_call_[k];__x64_sys_io_uring_enter_[k];__do_sys_io_uring_enter_[k];io_submit_sqes_[k];io_issue_sqe_[k];io_read_[k];__io_read_[k];ext4_file_read_iter_[k];iomap_dio_rw_[k];__iomap_dio_rw_[k];iomap_iter_[k];ext4_iomap_begin_[k];ext4_map_blocks_[k];_raw_read_unlock_[k] 3
java/lang/Thread.run;java/util/concurrent/ThreadPoolExecutor$Worker.run;java/util/concurrent/ThreadPoolExecutor.runWorker;java/util/concurrent/FutureTask.run;java/util/concurrent/Executors$RunnableAdapter.call;java/util/concurrent/FutureTask.run;org/openjdk/jmh/runner/BenchmarkHandler$BenchmarkTask.call;org/openjdk/jmh/runner/BenchmarkHandler$BenchmarkTask.call;java/lang/reflect/Method.invoke;jdk/internal/reflect/DelegatingMethodAccessorImpl.invoke;jdk/internal/reflect/NativeMethodAccessorImpl.invoke;jdk/internal/reflect/NativeMethodAccessorImpl.invoke0;org/apache/cassandra/test/microbench/uring/jmh_generated/UringRawReadBench_read_jmhTest.read_Throughput;org/apache/cassandra/test/microbench/uring/jmh_generated/UringRawReadBench_read_jmhTest.read_thrpt_jmhStub;org/apache/cassandra/test/microbench/uring/UringRawReadBench.read;org/apache/cassandra/io/uring/UringRing.submit;org/apache/cassandra/io/uring/UringRing.enter;org/apache/cassandra/io/uring/UringNative.ioUringEnter;org/apache/cassandra/io/uring/UringNative.syscall;[unknown];syscall;entry_SYSCALL_64_after_hwframe_[k];do_syscall_64_[k];x64_sys_call_[k];__x64_sys_io_uring_enter_[k];__do_sys_io_uring_enter_[k];io_submit_sqes_[k];io_issue_sqe_[k];io_read_[k];__io_read_[k];ext4_file_read_iter_[k];iomap_dio_rw_[k];__iomap_dio_rw_[k];iomap_dio_bio_iter_[k];iomap_dio_submit_bio_[k];submit_bio_[k];submit_bio_noacct_[k];ktime_get_[k] 1
java/lang/Thread.run;java/util/concurrent/ThreadPoolExecutor$Worker.run;java/util/concurrent/ThreadPoolExecutor.runWorker;java/util/concurrent/FutureTask.run;java/util/concurrent/Executors$RunnableAdapter.call;java/util/concurrent/FutureTask.run;org/openjdk/jmh/runner/BenchmarkHandler$BenchmarkTask.call;org/openjdk/jmh/runner/BenchmarkHandler$BenchmarkTask.call;java/lang/reflect/Method.invoke;jdk/internal/reflect/DelegatingMethodAccessorImpl.invoke;jdk/internal/reflect/NativeMethodAccessorImpl.invoke;jdk/internal/reflect/NativeMethodAccessorImpl.invoke0;org/apache/cassandra/test/microbench/uring/jmh_generated/UringRawReadBench_read_jmhTest.read_Throughput;org/apache/cassandra/test/microbench/uring/jmh_generated/UringRawReadBench_read_jmhTest.read_thrpt_jmhStub;org/apache/cassandra/test/microbench/uring/UringRawReadBench.read;org/apache/cassandra/io/uring/UringRing.submit;org/apache/cassandra/io/uring/UringRing.enter;org/apache/cassandra/io/uring/UringNative.ioUringEnter;org/apache/cassandra/io/uring/UringNative.syscall;[unknown];syscall;entry_SYSCALL_64_after_hwframe_[k];do_syscall_64_[k];x64_sys_call_[k];__x64_sys_io_uring_enter_[k];__do_sys_io_uring_enter_[k];io_submit_sqes_[k];blk_finish_plug_[k];__blk_flush_plug_[k];blk_mq_flush_plug_list_[k];blk_mq_flush_plug_list.part.0_[k];nvme_queue_rqs?[nvme]_[k];nvme_prep_rq.part.0?[nvme]_[k];nvme_map_data?[nvme]_[k];dma_map_page_attrs_[k];iommu_get_dma_domain_[k] 1
java/lang/Thread.run;java/util/concurrent/ThreadPoolExecutor$Worker.run;java/util/concurrent/ThreadPoolExecutor.runWorker;java/util/concurrent/FutureTask.run;java/util/concurrent/Executors$RunnableAdapter.call;java/util/concurrent/FutureTask.run;org/openjdk/jmh/runner/BenchmarkHandler$BenchmarkTask.call;org/openjdk/jmh/runner/BenchmarkHandler$BenchmarkTask.call;java/lang/reflect/Method.invoke;jdk/internal/reflect/DelegatingMethodAccessorImpl.invoke;jdk/internal/reflect/NativeMethodAccessorImpl.invoke;jdk/internal/reflect/NativeMethodAccessorImpl.invoke0;org/apache/cassandra/test/microbench/uring/jmh_generated/UringRawReadBench_read_jmhTest.read_Throughput;org/apache/cassandra/test/microbench/uring/jmh_generated/UringRawReadBench_read_jmhTest.read_thrpt_jmhStub;org/apache/cassandra/test/microbench/uring/UringRawReadBench.read;org/apache/cassandra/io/uring/UringRing.submit;org/apache/cassandra/io/uring/UringRing.enter;org/apache/cassandra/io/uring/UringNative.ioUringEnter;org/apache/cassandra/io/uring/UringNative.syscall;[unknown];syscall;entry_SYSCALL_64_after_hwframe_[k];do_syscall_64_[k];x64_sys_call_[k];__x64_sys_io_uring_enter_[k];__do_sys_io_uring_enter_[k];io_submit_sqes_[k];blk_finish_plug_[k];__blk_flush_plug_[k];blk_mq_flush_plug_list_[k];blk_mq_flush_plug_list.part.0_[k];nvme_queue_rqs?[nvme]_[k];nvme_prep_rq.part.0?[nvme]_[k];nvme_map_data?[nvme]_[k];dma_map_page_attrs_[k];iommu_dma_map_page_[k];__iommu_dma_map_[k];iommu_map_[k];intel_iommu_iotlb_sync_map_[k];xas_find_[k] 2
/usr/lib/x86_64-linux-gnu/libc.so.6;thread_native_entry(Thread*);Thread::call_run();JavaThread::thread_main_inner();CompileBroker::compiler_thread_loop();CompileBroker::invoke_compiler_on_method(CompileTask*);C2Compiler::compile_method(ciEnv*, ciMethod*, int, bool, DirectiveSet*);Compile::Compile(ciEnv*, ciMethod*, int, bool, bool, bool, bool, bool, DirectiveSet*);Compile::Code_Gen();PhaseChaitin::Register_Allocate();PhaseChaitin::build_ifg_physical(ResourceArea*);PhaseChaitin::add_input_to_liveout(Block*, Node*, IndexSet*, double, PhaseChaitin::Pressure&, PhaseChaitin::Pressure&) 1
java/lang/Thread.run;java/util/concurrent/ThreadPoolExecutor$Worker.run;java/util/concurrent/ThreadPoolExecutor.runWorker;java/util/concurrent/FutureTask.run;java/util/concurrent/Executors$RunnableAdapter.call;java/util/concurrent/FutureTask.run;org/openjdk/jmh/runner/BenchmarkHandler$BenchmarkTask.call;org/openjdk/jmh/runner/BenchmarkHandler$BenchmarkTask.call;java/lang/reflect/Method.invoke;jdk/internal/reflect/DelegatingMethodAccessorImpl.invoke;jdk/internal/reflect/NativeMethodAccessorImpl.invoke;jdk/internal/reflect/NativeMethodAccessorImpl.invoke0;org/apache/cassandra/test/microbench/uring/jmh_generated/UringRawReadBench_read_jmhTest.read_Throughput;org/apache/cassandra/test/microbench/uring/jmh_generated/UringRawReadBench_read_jmhTest.read_thrpt_jmhStub;org/apache/cassandra/test/microbench/uring/UringRawReadBench.read;org/apache/cassandra/io/uring/UringRing.submit;org/apache/cassandra/io/uring/UringRing.enter;org/apache/cassandra/io/uring/UringNative.ioUringEnter;org/apache/cassandra/io/uring/UringNative.syscall;[unknown];syscall;entry_SYSCALL_64_after_hwframe_[k];do_syscall_64_[k];x64_sys_call_[k];__x64_sys_io_uring_enter_[k];__do_sys_io_uring_enter_[k];io_submit_sqes_[k];io_issue_sqe_[k];io_read_[k];__io_read_[k];ext4_file_read_iter_[k];iomap_dio_rw_[k];__iomap_dio_rw_[k];iomap_dio_bio_iter_[k];iomap_dio_submit_bio_[k];submit_bio_[k];submit_bio_noacct_[k];submit_bio_noacct_nocheck_[k];ktime_get_[k] 3
java/lang/Thread.run;java/util/concurrent/ThreadPoolExecutor$Worker.run;java/util/concurrent/ThreadPoolExecutor.runWorker;java/util/concurrent/FutureTask.run;java/util/concurrent/Executors$RunnableAdapter.call;java/util/concurrent/FutureTask.run;org/openjdk/jmh/runner/BenchmarkHandler$BenchmarkTask.call;org/openjdk/jmh/runner/BenchmarkHandler$BenchmarkTask.call;java/lang/reflect/Method.invoke;jdk/internal/reflect/DelegatingMethodAccessorImpl.invoke;jdk/internal/reflect/NativeMethodAccessorImpl.invoke;jdk/internal/reflect/NativeMethodAccessorImpl.invoke0;org/apache/cassandra/test/microbench/uring/jmh_generated/UringRawReadBench_read_jmhTest.read_Throughput;org/apache/cassandra/test/microbench/uring/jmh_generated/UringRawReadBench_read_jmhTest.read_thrpt_jmhStub;org/apache/cassandra/test/microbench/uring/UringRawReadBench.read;org/apache/cassandra/io/uring/UringRing.submit;org/apache/cassandra/io/uring/UringRing.enter;org/apache/cassandra/io/uring/UringNative.ioUringEnter;org/apache/cassandra/io/uring/UringNative.syscall;[unknown];syscall;entry_SYSCALL_64_after_hwframe_[k];do_syscall_64_[k];x64_sys_call_[k];__x64_sys_io_uring_enter_[k];__do_sys_io_uring_enter_[k];io_submit_sqes_[k];io_prep_rw_[k] 1
java/lang/Thread.run;java/util/concurrent/ThreadPoolExecutor$Worker.run;java/util/concurrent/ThreadPoolExecutor.runWorker;java/util/concurrent/FutureTask.run;java/util/concurrent/Executors$RunnableAdapter.call;java/util/concurrent/FutureTask.run;org/openjdk/jmh/runner/BenchmarkHandler$BenchmarkTask.call;org/openjdk/jmh/runner/BenchmarkHandler$BenchmarkTask.call;java/lang/reflect/Method.invoke;jdk/internal/reflect/DelegatingMethodAccessorImpl.invoke;jdk/internal/reflect/NativeMethodAccessorImpl.invoke;jdk/internal/reflect/NativeMethodAccessorImpl.invoke0;org/apache/cassandra/test/microbench/uring/jmh_generated/UringRawReadBench_read_jmhTest.read_Throughput;org/apache/cassandra/test/microbench/uring/jmh_generated/UringRawReadBench_read_jmhTest.read_thrpt_jmhStub;org/apache/cassandra/test/microbench/uring/UringRawReadBench.read;org/apache/cassandra/io/uring/UringRing.awaitCompletions;org/apache/cassandra/io/uring/UringRing.drainCompletions;sun/misc/Unsafe.getIntVolatile 1
java/lang/Thread.run;java/util/concurrent/ThreadPoolExecutor$Worker.run;java/util/concurrent/ThreadPoolExecutor.runWorker;java/util/concurrent/FutureTask.run;java/util/concurrent/Executors$RunnableAdapter.call;java/util/concurrent/FutureTask.run;org/openjdk/jmh/runner/BenchmarkHandler$BenchmarkTask.call;org/openjdk/jmh/runner/BenchmarkHandler$BenchmarkTask.call;java/lang/reflect/Method.invoke;jdk/internal/reflect/DelegatingMethodAccessorImpl.invoke;jdk/internal/reflect/NativeMethodAccessorImpl.invoke;jdk/internal/reflect/NativeMethodAccessorImpl.invoke0;org/apache/cassandra/test/microbench/uring/jmh_generated/UringRawReadBench_read_jmhTest.read_Throughput;org/apache/cassandra/test/microbench/uring/jmh_generated/UringRawReadBench_read_jmhTest.read_thrpt_jmhStub;org/apache/cassandra/test/microbench/uring/UringRawReadBench.read;org/apache/cassandra/io/uring/UringRing.awaitCompletions;org/apache/cassandra/io/uring/UringRing.enter;org/apache/cassandra/io/uring/UringNative.ioUringEnter;org/apache/cassandra/io/uring/UringNative.syscall;/root/.cache/JNA/temp/jna18280739141362750566.tmp;/root/.cache/JNA/temp/jna18280739141362750566.tmp;/root/.cache/JNA/temp/jna18280739141362750566.tmp;JavaThread::check_and_handle_async_exceptions() 1
java/lang/Thread.run;java/util/concurrent/ThreadPoolExecutor$Worker.run;java/util/concurrent/ThreadPoolExecutor.runWorker;java/util/concurrent/FutureTask.run;java/util/concurrent/Executors$RunnableAdapter.call;java/util/concurrent/FutureTask.run;org/openjdk/jmh/runner/BenchmarkHandler$BenchmarkTask.call;org/openjdk/jmh/runner/BenchmarkHandler$BenchmarkTask.call;java/lang/reflect/Method.invoke;jdk/internal/reflect/DelegatingMethodAccessorImpl.invoke;jdk/internal/reflect/NativeMethodAccessorImpl.invoke;jdk/internal/reflect/NativeMethodAccessorImpl.invoke0;org/apache/cassandra/test/microbench/uring/jmh_generated/UringRawReadBench_read_jmhTest.read_Throughput;org/apache/cassandra/test/microbench/uring/jmh_generated/UringRawReadBench_read_jmhTest.read_thrpt_jmhStub;org/apache/cassandra/test/microbench/uring/UringRawReadBench.read;org/apache/cassandra/io/uring/UringRing.submit;org/apache/cassandra/io/uring/UringRing.enter;org/apache/cassandra/io/uring/UringNative.ioUringEnter;org/apache/cassandra/io/uring/UringNative.syscall;[unknown];syscall;entry_SYSCALL_64_after_hwframe_[k];do_syscall_64_[k];x64_sys_call_[k];__x64_sys_io_uring_enter_[k];__do_sys_io_uring_enter_[k];io_submit_sqes_[k];io_issue_sqe_[k];io_read_[k];__io_read_[k];ext4_file_read_iter_[k];iomap_dio_rw_[k];__iomap_dio_rw_[k];iomap_dio_bio_iter_[k];iomap_dio_submit_bio_[k];submit_bio_[k];submit_bio_noacct_[k];submit_bio_noacct_nocheck_[k];__submit_bio_[k];blk_mq_submit_bio_[k];blk_add_rq_to_plug_[k];blk_mq_flush_plug_list.part.0_[k];nvme_queue_rqs?[nvme]_[k];nvme_prep_rq.part.0?[nvme]_[k];nvme_map_data?[nvme]_[k];dma_map_page_attrs_[k];iommu_dma_map_page_[k];__iommu_dma_map_[k];iommu_map_[k];intel_iommu_iotlb_sync_map_[k] 2
java/lang/Thread.run;java/util/concurrent/ThreadPoolExecutor$Worker.run;java/util/concurrent/ThreadPoolExecutor.runWorker;java/util/concurrent/FutureTask.run;java/util/concurrent/Executors$RunnableAdapter.call;java/util/concurrent/FutureTask.run;org/openjdk/jmh/runner/BenchmarkHandler$BenchmarkTask.call;org/openjdk/jmh/runner/BenchmarkHandler$BenchmarkTask.call;java/lang/reflect/Method.invoke;jdk/internal/reflect/DelegatingMethodAccessorImpl.invoke;jdk/internal/reflect/NativeMethodAccessorImpl.invoke;jdk/internal/reflect/NativeMethodAccessorImpl.invoke0;org/apache/cassandra/test/microbench/uring/jmh_generated/UringRawReadBench_read_jmhTest.read_Throughput;org/apache/cassandra/test/microbench/uring/jmh_generated/UringRawReadBench_read_jmhTest.read_thrpt_jmhStub;org/apache/cassandra/test/microbench/uring/UringRawReadBench.read;org/apache/cassandra/io/uring/UringRing.submit;org/apache/cassandra/io/uring/UringRing.enter;org/apache/cassandra/io/uring/UringNative.ioUringEnter;org/apache/cassandra/io/uring/UringNative.syscall;[unknown];syscall;entry_SYSCALL_64_after_hwframe_[k];do_syscall_64_[k];x64_sys_call_[k];__x64_sys_io_uring_enter_[k];__do_sys_io_uring_enter_[k];io_submit_sqes_[k];io_issue_sqe_[k];io_read_[k];__io_read_[k];__io_import_iovec_[k] 4
java/lang/Thread.run;java/util/concurrent/ThreadPoolExecutor$Worker.run;java/util/concurrent/ThreadPoolExecutor.runWorker;java/util/concurrent/FutureTask.run;java/util/concurrent/Executors$RunnableAdapter.call;java/util/concurrent/FutureTask.run;org/openjdk/jmh/runner/BenchmarkHandler$BenchmarkTask.call;org/openjdk/jmh/runner/BenchmarkHandler$BenchmarkTask.call;java/lang/reflect/Method.invoke;jdk/internal/reflect/DelegatingMethodAccessorImpl.invoke;jdk/internal/reflect/NativeMethodAccessorImpl.invoke;jdk/internal/reflect/NativeMethodAccessorImpl.invoke0;org/apache/cassandra/test/microbench/uring/jmh_generated/UringRawReadBench_read_jmhTest.read_Throughput;org/apache/cassandra/test/microbench/uring/jmh_generated/UringRawReadBench_read_jmhTest.read_thrpt_jmhStub;org/apache/cassandra/test/microbench/uring/UringRawReadBench.read;org/apache/cassandra/io/uring/UringRing.submit;org/apache/cassandra/io/uring/UringRing.enter;org/apache/cassandra/io/uring/UringNative.ioUringEnter;org/apache/cassandra/io/uring/UringNative.syscall;[unknown];syscall;entry_SYSCALL_64_after_hwframe_[k];do_syscall_64_[k];x64_sys_call_[k];__x64_sys_io_uring_enter_[k];__do_sys_io_uring_enter_[k];io_submit_sqes_[k];io_issue_sqe_[k];io_read_[k];__io_read_[k];ext4_file_read_iter_[k];iomap_dio_rw_[k];__iomap_dio_rw_[k];iomap_dio_bio_iter_[k];iomap_dio_submit_bio_[k];submit_bio_[k];submit_bio_noacct_[k];submit_bio_noacct_nocheck_[k];__submit_bio_[k];blk_mq_submit_bio_[k];blk_add_rq_to_plug_[k];blk_mq_flush_plug_list.part.0_[k];nvme_queue_rqs?[nvme]_[k];nvme_prep_rq.part.0?[nvme]_[k];nvme_map_data?[nvme]_[k];dma_map_page_attrs_[k];iommu_dma_map_page_[k];__iommu_dma_map_[k] 2
java/lang/Thread.run;java/util/concurrent/ThreadPoolExecutor$Worker.run;java/util/concurrent/ThreadPoolExecutor.runWorker;java/util/concurrent/FutureTask.run;java/util/concurrent/Executors$RunnableAdapter.call;java/util/concurrent/FutureTask.run;org/openjdk/jmh/runner/BenchmarkHandler$BenchmarkTask.call;org/openjdk/jmh/runner/BenchmarkHandler$BenchmarkTask.call;java/lang/reflect/Method.invoke;jdk/internal/reflect/DelegatingMethodAccessorImpl.invoke;jdk/internal/reflect/NativeMethodAccessorImpl.invoke;jdk/internal/reflect/NativeMethodAccessorImpl.invoke0;org/apache/cassandra/test/microbench/uring/jmh_generated/UringRawReadBench_read_jmhTest.read_Throughput;org/apache/cassandra/test/microbench/uring/jmh_generated/UringRawReadBench_read_jmhTest.read_thrpt_jmhStub;org/apache/cassandra/test/microbench/uring/UringRawReadBench.read;org/apache/cassandra/io/uring/UringRing.submit;org/apache/cassandra/io/uring/UringRing.enter;org/apache/cassandra/io/uring/UringNative.ioUringEnter;org/apache/cassandra/io/uring/UringNative.syscall;[unknown];syscall;entry_SYSCALL_64_after_hwframe_[k];do_syscall_64_[k];x64_sys_call_[k];__x64_sys_io_uring_enter_[k];__do_sys_io_uring_enter_[k];io_submit_sqes_[k];io_read_[k] 5
java/lang/Thread.run;java/util/concurrent/ThreadPoolExecutor$Worker.run;java/util/concurrent/ThreadPoolExecutor.runWorker;java/util/concurrent/FutureTask.run;java/util/concurrent/Executors$RunnableAdapter.call;java/util/concurrent/FutureTask.run;org/openjdk/jmh/runner/BenchmarkHandler$BenchmarkTask.call;org/openjdk/jmh/runner/BenchmarkHandler$BenchmarkTask.call;java/lang/reflect/Method.invoke;jdk/internal/reflect/DelegatingMethodAccessorImpl.invoke;jdk/internal/reflect/NativeMethodAccessorImpl.invoke;jdk/internal/reflect/NativeMethodAccessorImpl.invoke0;org/apache/cassandra/test/microbench/uring/jmh_generated/UringRawReadBench_read_jmhTest.read_Throughput;org/apache/cassandra/test/microbench/uring/jmh_generated/UringRawReadBench_read_jmhTest.read_thrpt_jmhStub;org/apache/cassandra/test/microbench/uring/UringRawReadBench.read;org/apache/cassandra/io/uring/UringRing.submit;org/apache/cassandra/io/uring/UringRing.enter;org/apache/cassandra/io/uring/UringNative.ioUringEnter;org/apache/cassandra/io/uring/UringNative.syscall;[unknown];syscall;entry_SYSCALL_64_after_hwframe_[k];do_syscall_64_[k];x64_sys_call_[k];__x64_sys_io_uring_enter_[k];__do_sys_io_uring_enter_[k];io_submit_sqes_[k];io_issue_sqe_[k];io_read_[k];__io_read_[k];ext4_file_read_iter_[k];iomap_dio_rw_[k];__iomap_dio_rw_[k];kiocb_write_and_wait_[k] 1
java/lang/Thread.run;java/util/concurrent/ThreadPoolExecutor$Worker.run;java/util/concurrent/ThreadPoolExecutor.runWorker;java/util/concurrent/FutureTask.run;java/util/concurrent/Executors$RunnableAdapter.call;java/util/concurrent/FutureTask.run;org/openjdk/jmh/runner/BenchmarkHandler$BenchmarkTask.call;org/openjdk/jmh/runner/BenchmarkHandler$BenchmarkTask.call;java/lang/reflect/Method.invoke;jdk/internal/reflect/DelegatingMethodAccessorImpl.invoke;jdk/internal/reflect/NativeMethodAccessorImpl.invoke;jdk/internal/reflect/NativeMethodAccessorImpl.invoke0;org/apache/cassandra/test/microbench/uring/jmh_generated/UringRawReadBench_read_jmhTest.read_Throughput;org/apache/cassandra/test/microbench/uring/jmh_generated/UringRawReadBench_read_jmhTest.read_thrpt_jmhStub;org/apache/cassandra/test/microbench/uring/UringRawReadBench.read;org/apache/cassandra/io/uring/UringRing.submit;org/apache/cassandra/io/uring/UringRing.enter;org/apache/cassandra/io/uring/UringNative.ioUringEnter;org/apache/cassandra/io/uring/UringNative.syscall;[unknown];syscall;entry_SYSCALL_64_after_hwframe_[k];do_syscall_64_[k];x64_sys_call_[k];__x64_sys_io_uring_enter_[k];__do_sys_io_uring_enter_[k];io_submit_sqes_[k];io_issue_sqe_[k];io_read_[k];__io_read_[k];ext4_file_read_iter_[k];iomap_dio_rw_[k];__iomap_dio_rw_[k];iomap_dio_bio_iter_[k];iomap_dio_submit_bio_[k];submit_bio_[k];submit_bio_noacct_[k];submit_bio_noacct_nocheck_[k];read_tsc_[k] 5
java/lang/Thread.run;java/util/concurrent/ThreadPoolExecutor$Worker.run;java/util/concurrent/ThreadPoolExecutor.runWorker;java/util/concurrent/FutureTask.run;java/util/concurrent/Executors$RunnableAdapter.call;java/util/concurrent/FutureTask.run;org/openjdk/jmh/runner/BenchmarkHandler$BenchmarkTask.call;org/openjdk/jmh/runner/BenchmarkHandler$BenchmarkTask.call;java/lang/reflect/Method.invoke;jdk/internal/reflect/DelegatingMethodAccessorImpl.invoke;jdk/internal/reflect/NativeMethodAccessorImpl.invoke;jdk/internal/reflect/NativeMethodAccessorImpl.invoke0;org/apache/cassandra/test/microbench/uring/jmh_generated/UringRawReadBench_read_jmhTest.read_Throughput;org/apache/cassandra/test/microbench/uring/jmh_generated/UringRawReadBench_read_jmhTest.read_thrpt_jmhStub;org/apache/cassandra/test/microbench/uring/UringRawReadBench.read;org/apache/cassandra/io/uring/UringRing.submit;org/apache/cassandra/io/uring/UringRing.enter;org/apache/cassandra/io/uring/UringNative.ioUringEnter;org/apache/cassandra/io/uring/UringNative.syscall;[unknown];syscall;entry_SYSCALL_64_after_hwframe_[k];do_syscall_64_[k];x64_sys_call_[k];__x64_sys_io_uring_enter_[k];__do_sys_io_uring_enter_[k];io_submit_sqes_[k];io_issue_sqe_[k];io_read_[k];__io_read_[k];ext4_file_read_iter_[k];iomap_dio_rw_[k];__iomap_dio_rw_[k];iomap_dio_bio_iter_[k];iomap_dio_submit_bio_[k];submit_bio_[k];submit_bio_noacct_[k];submit_bio_noacct_nocheck_[k];__submit_bio_[k];blk_mq_submit_bio_[k];blk_add_rq_to_plug_[k];blk_mq_flush_plug_list.part.0_[k];nvme_queue_rqs?[nvme]_[k];nvme_prep_rq.part.0?[nvme]_[k];nvme_map_data?[nvme]_[k];dma_map_page_attrs_[k];iommu_dma_map_page_[k];__iommu_dma_map_[k];iommu_map_[k];intel_iommu_iotlb_sync_map_[k];xas_find_[k] 2
java/lang/Thread.run;java/util/concurrent/ThreadPoolExecutor$Worker.run;java/util/concurrent/ThreadPoolExecutor.runWorker;java/util/concurrent/FutureTask.run;java/util/concurrent/Executors$RunnableAdapter.call;java/util/concurrent/FutureTask.run;org/openjdk/jmh/runner/BenchmarkHandler$BenchmarkTask.call;org/openjdk/jmh/runner/BenchmarkHandler$BenchmarkTask.call;java/lang/reflect/Method.invoke;jdk/internal/reflect/DelegatingMethodAccessorImpl.invoke;jdk/internal/reflect/NativeMethodAccessorImpl.invoke;jdk/internal/reflect/NativeMethodAccessorImpl.invoke0;org/apache/cassandra/test/microbench/uring/jmh_generated/UringRawReadBench_read_jmhTest.read_Throughput;org/apache/cassandra/test/microbench/uring/jmh_generated/UringRawReadBench_read_jmhTest.read_thrpt_jmhStub;org/apache/cassandra/test/microbench/uring/UringRawReadBench.read;org/apache/cassandra/io/uring/UringRing.submit;org/apache/cassandra/io/uring/UringRing.enter;org/apache/cassandra/io/uring/UringNative.ioUringEnter;org/apache/cassandra/io/uring/UringNative.syscall;[unknown];syscall;entry_SYSCALL_64_after_hwframe_[k];do_syscall_64_[k];x64_sys_call_[k];__x64_sys_io_uring_enter_[k];__do_sys_io_uring_enter_[k];io_submit_sqes_[k];io_issue_sqe_[k];io_read_[k];__io_read_[k];ext4_file_read_iter_[k];iomap_dio_rw_[k];__iomap_dio_rw_[k];memset_orig_[k] 1
java/lang/Thread.run;java/util/concurrent/ThreadPoolExecutor$Worker.run;java/util/concurrent/ThreadPoolExecutor.runWorker;java/util/concurrent/FutureTask.run;java/util/concurrent/Executors$RunnableAdapter.call;java/util/concurrent/FutureTask.run;org/openjdk/jmh/runner/BenchmarkHandler$BenchmarkTask.call;org/openjdk/jmh/runner/BenchmarkHandler$BenchmarkTask.call;java/lang/reflect/Method.invoke;jdk/internal/reflect/DelegatingMethodAccessorImpl.invoke;jdk/internal/reflect/NativeMethodAccessorImpl.invoke;jdk/internal/reflect/NativeMethodAccessorImpl.invoke0;org/apache/cassandra/test/microbench/uring/jmh_generated/UringRawReadBench_read_jmhTest.read_Throughput;org/apache/cassandra/test/microbench/uring/jmh_generated/UringRawReadBench_read_jmhTest.read_thrpt_jmhStub;org/apache/cassandra/test/microbench/uring/UringRawReadBench.read;org/apache/cassandra/io/uring/UringRing.submit;org/apache/cassandra/io/uring/UringRing.enter;org/apache/cassandra/io/uring/UringNative.ioUringEnter;org/apache/cassandra/io/uring/UringNative.syscall;[unknown];syscall;entry_SYSCALL_64_after_hwframe_[k];do_syscall_64_[k];x64_sys_call_[k];__x64_sys_io_uring_enter_[k];__do_sys_io_uring_enter_[k];io_submit_sqes_[k];io_issue_sqe_[k];io_read_[k];__io_read_[k];ext4_file_read_iter_[k];iomap_dio_rw_[k];__iomap_dio_rw_[k];iomap_dio_bio_iter_[k];bio_iov_iter_get_pages_[k];__bio_iov_iter_get_pages_[k];iov_iter_extract_pages_[k];pin_user_pages_fast_[k];internal_get_user_pages_fast_[k];lockless_pages_from_mm_[k] 39
java/lang/Thread.run;java/util/concurrent/ThreadPoolExecutor$Worker.run;java/util/concurrent/ThreadPoolExecutor.runWorker;java/util/concurrent/FutureTask.run;java/util/concurrent/Executors$RunnableAdapter.call;java/util/concurrent/FutureTask.run;org/openjdk/jmh/runner/BenchmarkHandler$BenchmarkTask.call;org/openjdk/jmh/runner/BenchmarkHandler$BenchmarkTask.call;java/lang/reflect/Method.invoke;jdk/internal/reflect/DelegatingMethodAccessorImpl.invoke;jdk/internal/reflect/NativeMethodAccessorImpl.invoke;jdk/internal/reflect/NativeMethodAccessorImpl.invoke0;org/apache/cassandra/test/microbench/uring/jmh_generated/UringRawReadBench_read_jmhTest.read_Throughput;org/apache/cassandra/test/microbench/uring/jmh_generated/UringRawReadBench_read_jmhTest.read_thrpt_jmhStub;org/apache/cassandra/test/microbench/uring/UringRawReadBench.read;org/apache/cassandra/io/uring/UringRing.submit;org/apache/cassandra/io/uring/UringRing.enter;org/apache/cassandra/io/uring/UringNative.ioUringEnter;org/apache/cassandra/io/uring/UringNative.syscall;[unknown];syscall;entry_SYSCALL_64_after_hwframe_[k];do_syscall_64_[k];x64_sys_call_[k];__x64_sys_io_uring_enter_[k];__do_sys_io_uring_enter_[k];io_submit_sqes_[k];io_issue_sqe_[k];io_read_[k];__io_read_[k];ext4_file_read_iter_[k];iomap_dio_rw_[k];__iomap_dio_rw_[k];iomap_dio_bio_iter_[k];iomap_dio_submit_bio_[k];submit_bio_[k];submit_bio_noacct_[k];submit_bio_noacct_nocheck_[k];__submit_bio_[k];blk_mq_submit_bio_[k];blk_add_rq_to_plug_[k];blk_mq_flush_plug_list.part.0_[k];nvme_queue_rqs?[nvme]_[k];nvme_prep_rq.part.0?[nvme]_[k];nvme_map_data?[nvme]_[k];dma_map_page_attrs_[k];iommu_dma_map_page_[k];__iommu_dma_map_[k];intel_iommu_iotlb_sync_map_[k] 1
java/lang/Thread.run;java/util/concurrent/ThreadPoolExecutor$Worker.run;java/util/concurrent/ThreadPoolExecutor.runWorker;java/util/concurrent/FutureTask.run;java/util/concurrent/Executors$RunnableAdapter.call;java/util/concurrent/FutureTask.run;org/openjdk/jmh/runner/BenchmarkHandler$BenchmarkTask.call;org/openjdk/jmh/runner/BenchmarkHandler$BenchmarkTask.call;java/lang/reflect/Method.invoke;jdk/internal/reflect/DelegatingMethodAccessorImpl.invoke;jdk/internal/reflect/NativeMethodAccessorImpl.invoke;jdk/internal/reflect/NativeMethodAccessorImpl.invoke0;org/apache/cassandra/test/microbench/uring/jmh_generated/UringRawReadBench_read_jmhTest.read_Throughput;org/apache/cassandra/test/microbench/uring/jmh_generated/UringRawReadBench_read_jmhTest.read_thrpt_jmhStub;org/apache/cassandra/test/microbench/uring/UringRawReadBench.read;org/apache/cassandra/io/uring/UringRing.submit;org/apache/cassandra/io/uring/UringRing.enter;org/apache/cassandra/io/uring/UringNative.ioUringEnter;org/apache/cassandra/io/uring/UringNative.syscall;[unknown];syscall;entry_SYSCALL_64_after_hwframe_[k];do_syscall_64_[k];x64_sys_call_[k];__x64_sys_io_uring_enter_[k];__do_sys_io_uring_enter_[k];io_submit_sqes_[k];io_issue_sqe_[k];io_read_[k];__io_read_[k];ext4_file_read_iter_[k];iomap_dio_rw_[k];__iomap_dio_rw_[k];iomap_dio_bio_iter_[k];iomap_dio_submit_bio_[k];submit_bio_[k];submit_bio_noacct_[k];submit_bio_noacct_nocheck_[k];__submit_bio_[k];blk_mq_submit_bio_[k];blk_account_io_start_[k];update_io_ticks_[k] 2
java/lang/Thread.run;java/util/concurrent/ThreadPoolExecutor$Worker.run;java/util/concurrent/ThreadPoolExecutor.runWorker;java/util/concurrent/FutureTask.run;java/util/concurrent/Executors$RunnableAdapter.call;java/util/concurrent/FutureTask.run;org/openjdk/jmh/runner/BenchmarkHandler$BenchmarkTask.call;org/openjdk/jmh/runner/BenchmarkHandler$BenchmarkTask.call;java/lang/reflect/Method.invoke;jdk/internal/reflect/DelegatingMethodAccessorImpl.invoke;jdk/internal/reflect/NativeMethodAccessorImpl.invoke;jdk/internal/reflect/NativeMethodAccessorImpl.invoke0;org/apache/cassandra/test/microbench/uring/jmh_generated/UringRawReadBench_read_jmhTest.read_Throughput;org/apache/cassandra/test/microbench/uring/jmh_generated/UringRawReadBench_read_jmhTest.read_thrpt_jmhStub;org/apache/cassandra/test/microbench/uring/UringRawReadBench.read;org/apache/cassandra/io/uring/UringRing.submit;org/apache/cassandra/io/uring/UringRing.enter;org/apache/cassandra/io/uring/UringNative.ioUringEnter;org/apache/cassandra/io/uring/UringNative.syscall;[unknown];syscall;entry_SYSCALL_64_after_hwframe_[k];do_syscall_64_[k];x64_sys_call_[k];__x64_sys_io_uring_enter_[k];__do_sys_io_uring_enter_[k];io_submit_sqes_[k];io_issue_sqe_[k];io_read_[k];__io_read_[k];ext4_file_read_iter_[k];iomap_dio_rw_[k];__iomap_dio_rw_[k];iomap_dio_bio_iter_[k];iomap_dio_submit_bio_[k];submit_bio_[k];submit_bio_noacct_[k] 7
java/lang/Thread.run;java/util/concurrent/ThreadPoolExecutor$Worker.run;java/util/concurrent/ThreadPoolExecutor.runWorker;java/util/concurrent/FutureTask.run;java/util/concurrent/Executors$RunnableAdapter.call;java/util/concurrent/FutureTask.run;org/openjdk/jmh/runner/BenchmarkHandler$BenchmarkTask.call;org/openjdk/jmh/runner/BenchmarkHandler$BenchmarkTask.call;java/lang/reflect/Method.invoke;jdk/internal/reflect/DelegatingMethodAccessorImpl.invoke;jdk/internal/reflect/NativeMethodAccessorImpl.invoke;jdk/internal/reflect/NativeMethodAccessorImpl.invoke0;org/apache/cassandra/test/microbench/uring/jmh_generated/UringRawReadBench_read_jmhTest.read_Throughput;org/apache/cassandra/test/microbench/uring/jmh_generated/UringRawReadBench_read_jmhTest.read_thrpt_jmhStub;org/apache/cassandra/test/microbench/uring/UringRawReadBench.read;org/apache/cassandra/io/uring/UringRing.submit;org/apache/cassandra/io/uring/UringRing.enter;org/apache/cassandra/io/uring/UringNative.ioUringEnter;org/apache/cassandra/io/uring/UringNative.syscall;[unknown];syscall;entry_SYSCALL_64_after_hwframe_[k];do_syscall_64_[k];x64_sys_call_[k];__x64_sys_io_uring_enter_[k];__do_sys_io_uring_enter_[k];io_submit_sqes_[k];io_issue_sqe_[k];io_read_[k];__io_read_[k];rw_verify_area_[k];apparmor_file_permission_[k] 6
java/lang/Thread.run;java/util/concurrent/ThreadPoolExecutor$Worker.run;java/util/concurrent/ThreadPoolExecutor.runWorker;java/util/concurrent/FutureTask.run;java/util/concurrent/Executors$RunnableAdapter.call;java/util/concurrent/FutureTask.run;org/openjdk/jmh/runner/BenchmarkHandler$BenchmarkTask.call;org/openjdk/jmh/runner/BenchmarkHandler$BenchmarkTask.call;java/lang/reflect/Method.invoke;jdk/internal/reflect/DelegatingMethodAccessorImpl.invoke;jdk/internal/reflect/NativeMethodAccessorImpl.invoke;jdk/internal/reflect/NativeMethodAccessorImpl.invoke0;org/apache/cassandra/test/microbench/uring/jmh_generated/UringRawReadBench_read_jmhTest.read_Throughput;org/apache/cassandra/test/microbench/uring/jmh_generated/UringRawReadBench_read_jmhTest.read_thrpt_jmhStub;org/apache/cassandra/test/microbench/uring/UringRawReadBench.read;org/apache/cassandra/io/uring/UringRing.submit;org/apache/cassandra/io/uring/UringRing.enter;org/apache/cassandra/io/uring/UringNative.ioUringEnter;org/apache/cassandra/io/uring/UringNative.syscall;[unknown];syscall;entry_SYSCALL_64_after_hwframe_[k];do_syscall_64_[k];x64_sys_call_[k];__x64_sys_io_uring_enter_[k];__do_sys_io_uring_enter_[k];io_submit_sqes_[k];io_issue_sqe_[k];io_read_[k];__io_read_[k];ext4_file_read_iter_[k];iomap_dio_rw_[k];__iomap_dio_rw_[k];iomap_iter_[k];ext4_iomap_begin_[k];ext4_map_blocks_[k] 5
java/lang/Thread.run;java/util/concurrent/ThreadPoolExecutor$Worker.run;java/util/concurrent/ThreadPoolExecutor.runWorker;java/util/concurrent/FutureTask.run;java/util/concurrent/Executors$RunnableAdapter.call;java/util/concurrent/FutureTask.run;org/openjdk/jmh/runner/BenchmarkHandler$BenchmarkTask.call;org/openjdk/jmh/runner/BenchmarkHandler$BenchmarkTask.call;java/lang/reflect/Method.invoke;jdk/internal/reflect/DelegatingMethodAccessorImpl.invoke;jdk/internal/reflect/NativeMethodAccessorImpl.invoke;jdk/internal/reflect/NativeMethodAccessorImpl.invoke0;org/apache/cassandra/test/microbench/uring/jmh_generated/UringRawReadBench_read_jmhTest.read_Throughput;org/apache/cassandra/test/microbench/uring/jmh_generated/UringRawReadBench_read_jmhTest.read_thrpt_jmhStub;org/apache/cassandra/test/microbench/uring/UringRawReadBench.read;org/apache/cassandra/io/uring/UringRing.submit;org/apache/cassandra/io/uring/UringRing.enter;org/apache/cassandra/io/uring/UringNative.ioUringEnter;org/apache/cassandra/io/uring/UringNative.syscall;[unknown];syscall;entry_SYSCALL_64_after_hwframe_[k];do_syscall_64_[k];x64_sys_call_[k];__x64_sys_io_uring_enter_[k];__do_sys_io_uring_enter_[k];io_submit_sqes_[k];blk_finish_plug_[k];__blk_flush_plug_[k];blk_mq_flush_plug_list_[k];blk_mq_flush_plug_list.part.0_[k];nvme_queue_rqs?[nvme]_[k];nvme_prep_rq.part.0?[nvme]_[k];nvme_map_data?[nvme]_[k];dma_map_page_attrs_[k];iommu_dma_map_page_[k];__iommu_dma_map_[k];iommu_map_[k];__iommu_map_[k];intel_iommu_map_pages_[k];__domain_mapping_[k];pfn_to_dma_pte_[k] 6
java/lang/Thread.run;java/util/concurrent/ThreadPoolExecutor$Worker.run;java/util/concurrent/ThreadPoolExecutor.runWorker;java/util/concurrent/FutureTask.run;java/util/concurrent/Executors$RunnableAdapter.call;java/util/concurrent/FutureTask.run;org/openjdk/jmh/runner/BenchmarkHandler$BenchmarkTask.call;org/openjdk/jmh/runner/BenchmarkHandler$BenchmarkTask.call;java/lang/reflect/Method.invoke;jdk/internal/reflect/DelegatingMethodAccessorImpl.invoke;jdk/internal/reflect/NativeMethodAccessorImpl.invoke;jdk/internal/reflect/NativeMethodAccessorImpl.invoke0;org/apache/cassandra/test/microbench/uring/jmh_generated/UringRawReadBench_read_jmhTest.read_Throughput;org/apache/cassandra/test/microbench/uring/jmh_generated/UringRawReadBench_read_jmhTest.read_thrpt_jmhStub;org/apache/cassandra/test/microbench/uring/UringRawReadBench.read;org/apache/cassandra/io/uring/UringRing.submit;org/apache/cassandra/io/uring/UringRing.enter;org/apache/cassandra/io/uring/UringNative.ioUringEnter;org/apache/cassandra/io/uring/UringNative.syscall;[unknown];syscall;entry_SYSCALL_64_after_hwframe_[k];do_syscall_64_[k];x64_sys_call_[k];__x64_sys_io_uring_enter_[k];__do_sys_io_uring_enter_[k];io_submit_sqes_[k];io_issue_sqe_[k];io_read_[k];__io_read_[k];ext4_file_read_iter_[k];iomap_dio_rw_[k];__iomap_dio_rw_[k];iomap_dio_bio_iter_[k];fscrypt_set_bio_crypt_ctx_[k] 3
java/lang/Thread.run;java/util/concurrent/ThreadPoolExecutor$Worker.run;java/util/concurrent/ThreadPoolExecutor.runWorker;java/util/concurrent/FutureTask.run;java/util/concurrent/Executors$RunnableAdapter.call;java/util/concurrent/FutureTask.run;org/openjdk/jmh/runner/BenchmarkHandler$BenchmarkTask.call;org/openjdk/jmh/runner/BenchmarkHandler$BenchmarkTask.call;java/lang/reflect/Method.invoke;jdk/internal/reflect/DelegatingMethodAccessorImpl.invoke;jdk/internal/reflect/NativeMethodAccessorImpl.invoke;jdk/internal/reflect/NativeMethodAccessorImpl.invoke0;org/apache/cassandra/test/microbench/uring/jmh_generated/UringRawReadBench_read_jmhTest.read_Throughput;org/apache/cassandra/test/microbench/uring/jmh_generated/UringRawReadBench_read_jmhTest.read_thrpt_jmhStub;org/apache/cassandra/test/microbench/uring/UringRawReadBench.read;org/apache/cassandra/io/uring/UringRing.submit;org/apache/cassandra/io/uring/UringRing.enter;org/apache/cassandra/io/uring/UringNative.ioUringEnter;org/apache/cassandra/io/uring/UringNative.syscall;[unknown];syscall;entry_SYSCALL_64_after_hwframe_[k];do_syscall_64_[k];x64_sys_call_[k];__x64_sys_io_uring_enter_[k];__do_sys_io_uring_enter_[k];io_submit_sqes_[k] 14
java/lang/Thread.run;java/util/concurrent/ThreadPoolExecutor$Worker.run;java/util/concurrent/ThreadPoolExecutor.runWorker;java/util/concurrent/FutureTask.run;java/util/concurrent/Executors$RunnableAdapter.call;java/util/concurrent/FutureTask.run;org/openjdk/jmh/runner/BenchmarkHandler$BenchmarkTask.call;org/openjdk/jmh/runner/BenchmarkHandler$BenchmarkTask.call;java/lang/reflect/Method.invoke;jdk/internal/reflect/DelegatingMethodAccessorImpl.invoke;jdk/internal/reflect/NativeMethodAccessorImpl.invoke;jdk/internal/reflect/NativeMethodAccessorImpl.invoke0;org/apache/cassandra/test/microbench/uring/jmh_generated/UringRawReadBench_read_jmhTest.read_Throughput;org/apache/cassandra/test/microbench/uring/jmh_generated/UringRawReadBench_read_jmhTest.read_thrpt_jmhStub;org/apache/cassandra/test/microbench/uring/UringRawReadBench.read;org/apache/cassandra/io/uring/UringRing.submit;org/apache/cassandra/io/uring/UringRing.enter;org/apache/cassandra/io/uring/UringNative.ioUringEnter;org/apache/cassandra/io/uring/UringNative.syscall;[unknown];syscall;entry_SYSCALL_64_after_hwframe_[k];do_syscall_64_[k];x64_sys_call_[k];__x64_sys_io_uring_enter_[k];__do_sys_io_uring_enter_[k];io_submit_sqes_[k];io_issue_sqe_[k];io_read_[k];__io_read_[k];ext4_file_read_iter_[k];iomap_dio_rw_[k];__iomap_dio_rw_[k];ext4_iomap_end_[k] 4
java/lang/Thread.run;java/util/concurrent/ThreadPoolExecutor$Worker.run;java/util/concurrent/ThreadPoolExecutor.runWorker;java/util/concurrent/FutureTask.run;java/util/concurrent/Executors$RunnableAdapter.call;java/util/concurrent/FutureTask.run;org/openjdk/jmh/runner/BenchmarkHandler$BenchmarkTask.call;org/openjdk/jmh/runner/BenchmarkHandler$BenchmarkTask.call;java/lang/reflect/Method.invoke;jdk/internal/reflect/DelegatingMethodAccessorImpl.invoke;jdk/internal/reflect/NativeMethodAccessorImpl.invoke;jdk/internal/reflect/NativeMethodAccessorImpl.invoke0;org/apache/cassandra/test/microbench/uring/jmh_generated/UringRawReadBench_read_jmhTest.read_Throughput;org/apache/cassandra/test/microbench/uring/jmh_generated/UringRawReadBench_read_jmhTest.read_thrpt_jmhStub;org/apache/cassandra/test/microbench/uring/UringRawReadBench.read;org/apache/cassandra/io/uring/UringRing.awaitCompletions;org/apache/cassandra/io/uring/UringRing.enter;org/apache/cassandra/io/uring/UringNative.ioUringEnter;org/apache/cassandra/io/uring/UringNative.syscall;/root/.cache/JNA/temp/jna18280739141362750566.tmp;/root/.cache/JNA/temp/jna18280739141362750566.tmp;/root/.cache/JNA/temp/jna18280739141362750566.tmp;ffi_call 5
java/lang/Thread.run;java/util/concurrent/ThreadPoolExecutor$Worker.run;java/util/concurrent/ThreadPoolExecutor.runWorker;java/util/concurrent/FutureTask.run;java/util/concurrent/Executors$RunnableAdapter.call;java/util/concurrent/FutureTask.run;org/openjdk/jmh/runner/BenchmarkHandler$BenchmarkTask.call;org/openjdk/jmh/runner/BenchmarkHandler$BenchmarkTask.call;java/lang/reflect/Method.invoke;jdk/internal/reflect/DelegatingMethodAccessorImpl.invoke;jdk/internal/reflect/NativeMethodAccessorImpl.invoke;jdk/internal/reflect/NativeMethodAccessorImpl.invoke0;org/apache/cassandra/test/microbench/uring/jmh_generated/UringRawReadBench_read_jmhTest.read_Throughput;org/apache/cassandra/test/microbench/uring/jmh_generated/UringRawReadBench_read_jmhTest.read_thrpt_jmhStub;org/apache/cassandra/test/microbench/uring/UringRawReadBench.read;org/apache/cassandra/io/uring/UringRing.submit;org/apache/cassandra/io/uring/UringRing.enter;org/apache/cassandra/io/uring/UringNative.ioUringEnter;org/apache/cassandra/io/uring/UringNative.syscall;[unknown];syscall;entry_SYSCALL_64_after_hwframe_[k];do_syscall_64_[k];x64_sys_call_[k];__x64_sys_io_uring_enter_[k];__do_sys_io_uring_enter_[k];io_submit_sqes_[k];io_issue_sqe_[k];io_read_[k];__io_read_[k];ext4_file_read_iter_[k];iomap_dio_rw_[k];__iomap_dio_rw_[k];iomap_dio_bio_iter_[k];iomap_dio_submit_bio_[k];submit_bio_[k];submit_bio_noacct_[k];submit_bio_noacct_nocheck_[k];__submit_bio_[k];blk_mq_submit_bio_[k];blk_add_rq_to_plug_[k];blk_mq_flush_plug_list.part.0_[k];nvme_queue_rqs?[nvme]_[k];nvme_prep_rq.part.0?[nvme]_[k];nvme_map_data?[nvme]_[k];dma_map_page_attrs_[k];iommu_dma_map_page_[k];__iommu_dma_map_[k];iommu_map_[k];intel_iommu_iotlb_sync_map_[k];xa_find_after_[k];__rcu_read_lock_[k] 1
java/lang/Thread.run;java/util/concurrent/ThreadPoolExecutor$Worker.run;java/util/concurrent/ThreadPoolExecutor.runWorker;java/util/concurrent/FutureTask.run;java/util/concurrent/Executors$RunnableAdapter.call;java/util/concurrent/FutureTask.run;org/openjdk/jmh/runner/BenchmarkHandler$BenchmarkTask.call;org/openjdk/jmh/runner/BenchmarkHandler$BenchmarkTask.call;java/lang/reflect/Method.invoke;jdk/internal/reflect/DelegatingMethodAccessorImpl.invoke;jdk/internal/reflect/NativeMethodAccessorImpl.invoke;jdk/internal/reflect/NativeMethodAccessorImpl.invoke0;org/apache/cassandra/test/microbench/uring/jmh_generated/UringRawReadBench_read_jmhTest.read_Throughput;org/apache/cassandra/test/microbench/uring/jmh_generated/UringRawReadBench_read_jmhTest.read_thrpt_jmhStub;org/apache/cassandra/test/microbench/uring/UringRawReadBench.read;org/apache/cassandra/io/uring/UringRing.submit;org/apache/cassandra/io/uring/UringRing.enter;org/apache/cassandra/io/uring/UringNative.ioUringEnter;org/apache/cassandra/io/uring/UringNative.syscall;[unknown];syscall;entry_SYSCALL_64_after_hwframe_[k];do_syscall_64_[k];x64_sys_call_[k];__x64_sys_io_uring_enter_[k];__do_sys_io_uring_enter_[k];io_submit_sqes_[k];io_issue_sqe_[k];io_read_[k];__io_read_[k];ext4_file_read_iter_[k];iomap_dio_rw_[k];__iomap_dio_rw_[k];iomap_iter_[k];ext4_iomap_begin_[k];ext4_map_blocks_[k];ext4_es_lookup_extent_[k] 5
java/lang/Thread.run;java/util/concurrent/ThreadPoolExecutor$Worker.run;java/util/concurrent/ThreadPoolExecutor.runWorker;java/util/concurrent/FutureTask.run;java/util/concurrent/Executors$RunnableAdapter.call;java/util/concurrent/FutureTask.run;org/openjdk/jmh/runner/BenchmarkHandler$BenchmarkTask.call;org/openjdk/jmh/runner/BenchmarkHandler$BenchmarkTask.call;java/lang/reflect/Method.invoke;jdk/internal/reflect/DelegatingMethodAccessorImpl.invoke;jdk/internal/reflect/NativeMethodAccessorImpl.invoke;jdk/internal/reflect/NativeMethodAccessorImpl.invoke0;org/apache/cassandra/test/microbench/uring/jmh_generated/UringRawReadBench_read_jmhTest.read_Throughput;org/apache/cassandra/test/microbench/uring/jmh_generated/UringRawReadBench_read_jmhTest.read_thrpt_jmhStub;org/apache/cassandra/test/microbench/uring/UringRawReadBench.read;org/apache/cassandra/io/uring/UringRing.submit;org/apache/cassandra/io/uring/UringRing.enter;org/apache/cassandra/io/uring/UringNative.ioUringEnter;org/apache/cassandra/io/uring/UringNative.syscall;/root/.cache/JNA/temp/jna18280739141362750566.tmp;/root/.cache/JNA/temp/jna18280739141362750566.tmp 14
java/lang/Thread.run;java/util/concurrent/ThreadPoolExecutor$Worker.run;java/util/concurrent/ThreadPoolExecutor.runWorker;java/util/concurrent/FutureTask.run;java/util/concurrent/Executors$RunnableAdapter.call;java/util/concurrent/FutureTask.run;org/openjdk/jmh/runner/BenchmarkHandler$BenchmarkTask.call;org/openjdk/jmh/runner/BenchmarkHandler$BenchmarkTask.call;java/lang/reflect/Method.invoke;jdk/internal/reflect/DelegatingMethodAccessorImpl.invoke;jdk/internal/reflect/NativeMethodAccessorImpl.invoke;jdk/internal/reflect/NativeMethodAccessorImpl.invoke0;org/apache/cassandra/test/microbench/uring/jmh_generated/UringRawReadBench_read_jmhTest.read_Throughput;org/apache/cassandra/test/microbench/uring/jmh_generated/UringRawReadBench_read_jmhTest.read_thrpt_jmhStub;org/apache/cassandra/test/microbench/uring/UringRawReadBench.read;org/apache/cassandra/io/uring/UringRing.submit;org/apache/cassandra/io/uring/UringRing.enter;org/apache/cassandra/io/uring/UringNative.ioUringEnter;org/apache/cassandra/io/uring/UringNative.syscall;[unknown];syscall;entry_SYSCALL_64_after_hwframe_[k];do_syscall_64_[k];x64_sys_call_[k];__x64_sys_io_uring_enter_[k];__do_sys_io_uring_enter_[k];io_submit_sqes_[k];io_issue_sqe_[k];io_read_[k];__io_read_[k];ext4_file_read_iter_[k];iomap_dio_rw_[k];__iomap_dio_rw_[k];iomap_dio_bio_iter_[k];iomap_dio_submit_bio_[k];submit_bio_[k];submit_bio_noacct_[k];submit_bio_noacct_nocheck_[k];__submit_bio_[k];blk_mq_submit_bio_[k];__blk_mq_alloc_requests_[k];blk_mq_get_tag_[k];__blk_mq_get_tag_[k];__sbitmap_queue_get_[k];sbitmap_get_[k] 1
java/lang/Thread.run;java/util/concurrent/ThreadPoolExecutor$Worker.run;java/util/concurrent/ThreadPoolExecutor.runWorker;java/util/concurrent/FutureTask.run;java/util/concurrent/Executors$RunnableAdapter.call;java/util/concurrent/FutureTask.run;org/openjdk/jmh/runner/BenchmarkHandler$BenchmarkTask.call;org/openjdk/jmh/runner/BenchmarkHandler$BenchmarkTask.call;java/lang/reflect/Method.invoke;jdk/internal/reflect/DelegatingMethodAccessorImpl.invoke;jdk/internal/reflect/NativeMethodAccessorImpl.invoke;jdk/internal/reflect/NativeMethodAccessorImpl.invoke0;org/apache/cassandra/test/microbench/uring/jmh_generated/UringRawReadBench_read_jmhTest.read_Throughput;org/apache/cassandra/test/microbench/uring/jmh_generated/UringRawReadBench_read_jmhTest.read_thrpt_jmhStub;org/apache/cassandra/test/microbench/uring/UringRawReadBench.read;org/apache/cassandra/io/uring/UringRing.submit;org/apache/cassandra/io/uring/UringRing.enter;org/apache/cassandra/io/uring/UringNative.ioUringEnter;org/apache/cassandra/io/uring/UringNative.syscall;[unknown];syscall;entry_SYSCALL_64_after_hwframe_[k];do_syscall_64_[k];x64_sys_call_[k];__x64_sys_io_uring_enter_[k];__do_sys_io_uring_enter_[k];io_submit_sqes_[k];io_issue_sqe_[k] 6
java/lang/Thread.run;java/util/concurrent/ThreadPoolExecutor$Worker.run;java/util/concurrent/ThreadPoolExecutor.runWorker;java/util/concurrent/FutureTask.run;java/util/concurrent/Executors$RunnableAdapter.call;java/util/concurrent/FutureTask.run;org/openjdk/jmh/runner/BenchmarkHandler$BenchmarkTask.call;org/openjdk/jmh/runner/BenchmarkHandler$BenchmarkTask.call;java/lang/reflect/Method.invoke;jdk/internal/reflect/DelegatingMethodAccessorImpl.invoke;jdk/internal/reflect/NativeMethodAccessorImpl.invoke;jdk/internal/reflect/NativeMethodAccessorImpl.invoke0;org/apache/cassandra/test/microbench/uring/jmh_generated/UringRawReadBench_read_jmhTest.read_Throughput;org/apache/cassandra/test/microbench/uring/jmh_generated/UringRawReadBench_read_jmhTest.read_thrpt_jmhStub;org/apache/cassandra/test/microbench/uring/UringRawReadBench.read;org/apache/cassandra/io/uring/UringRing.submit;org/apache/cassandra/io/uring/UringRing.enter;org/apache/cassandra/io/uring/UringNative.ioUringEnter;org/apache/cassandra/io/uring/UringNative.syscall;[unknown];syscall;entry_SYSCALL_64_after_hwframe_[k];do_syscall_64_[k];x64_sys_call_[k];__x64_sys_io_uring_enter_[k];__do_sys_io_uring_enter_[k];io_submit_sqes_[k];io_issue_sqe_[k];io_read_[k];__io_read_[k];ext4_file_read_iter_[k];iomap_dio_rw_[k];__iomap_dio_rw_[k];iomap_dio_bio_iter_[k];iomap_dio_alloc_bio.isra.0_[k];bio_alloc_bioset_[k];mempool_alloc_[k];mempool_alloc_slab_[k];should_failslab.constprop.0_[k] 1
