Linux 6.8.0-124-generic (cassandra-waf-rig) 	07/08/2026 	_x86_64_	(12 CPU)

08:34:13 PM   UID       PID   cswch/s nvcswch/s  Command
08:34:14 PM     0        16      0.99      0.00  ksoftirqd/0
08:34:14 PM     0        17     23.76      0.00  rcu_preempt
08:34:14 PM     0        18      1.98      0.00  migration/0
08:34:14 PM     0        23      2.97      0.00  migration/1
08:34:14 PM     0        29      0.99      0.00  migration/2
08:34:14 PM     0        35      1.98      0.00  migration/3
08:34:14 PM     0        36      0.99      0.00  ksoftirqd/3
08:34:14 PM     0        41      0.99      0.00  migration/4
08:34:14 PM     0        42      1.98      0.00  ksoftirqd/4
08:34:14 PM     0        47      0.99      0.00  migration/5
08:34:14 PM     0        48      0.99      0.00  ksoftirqd/5
08:34:14 PM     0        53      0.99      0.00  migration/6
08:34:14 PM     0        59      0.99      0.00  migration/7
08:34:14 PM     0        60      1.98      0.00  ksoftirqd/7
08:34:14 PM     0        65      5.94      0.00  migration/8
08:34:14 PM     0        66      0.99      0.00  ksoftirqd/8
08:34:14 PM     0        71      0.99      0.00  migration/9
08:34:14 PM     0        72      0.99      0.00  ksoftirqd/9
08:34:14 PM     0        77      0.99      0.00  migration/10
08:34:14 PM     0        83      3.96      0.00  migration/11
08:34:14 PM     0        84      0.99      0.00  ksoftirqd/11
08:34:14 PM     0        95      1.98      0.00  kcompactd0
08:34:14 PM     0       188      0.99      0.00  kworker/2:1H-kblockd
08:34:14 PM     0       453      0.99      0.00  multipathd
08:34:14 PM     0     98256      1.98      0.00  kworker/u24:2-events_unbound
08:34:14 PM     0    112707      0.99      0.00  kworker/3:0-mm_percpu_wq
08:34:14 PM     0    118120      3.96      0.00  kworker/9:2-events
08:34:14 PM     0    129890      2.97      0.00  kworker/10:2-mm_percpu_wq
08:34:14 PM     0    137207      1.98      0.00  kworker/0:2-mm_percpu_wq
08:34:14 PM     0    140699      0.99      0.00  kworker/1:0-mm_percpu_wq
08:34:14 PM     0    143435      1.98      0.00  kworker/5:0-mm_percpu_wq
08:34:14 PM     0    146022      2.97      0.00  kworker/11:1-mm_percpu_wq
08:34:14 PM     0    154838      1.98      0.00  kworker/u24:0-events_power_efficient
08:34:14 PM     0    157360      2.97      0.00  kworker/4:2-mm_percpu_wq
08:34:14 PM     0    159214      3.96      0.00  kworker/7:1-mm_percpu_wq
08:34:14 PM     0    159909      2.97      0.00  kworker/6:2-mm_percpu_wq
08:34:14 PM     0    160609      6.93      0.00  kworker/2:1-events
08:34:14 PM     0    162126      1.98      0.00  kworker/8:1-mm_percpu_wq
08:34:14 PM     0    162510      0.99      0.00  iostat
08:34:14 PM     0    162511      0.99      0.00  pidstat
08:34:14 PM     0    162512      4.95      0.00  bash
08:34:14 PM     0    162513      7.92      0.00  bash
08:34:14 PM     0    162514      3.96      0.00  bash
08:34:14 PM     0    162516    195.05      0.99  fio
08:34:14 PM     0    162547      0.99      0.00  sleep

08:34:14 PM   UID       PID   cswch/s nvcswch/s  Command
08:34:15 PM     0        17     13.00      0.00  rcu_preempt
08:34:15 PM     0        24      4.00      0.00  ksoftirqd/1
08:34:15 PM     0        36      1.00      0.00  ksoftirqd/3
08:34:15 PM     0        54      1.00      0.00  ksoftirqd/6
08:34:15 PM     0        60      1.00      0.00  ksoftirqd/7
08:34:15 PM     0        95      2.00      0.00  kcompactd0
08:34:15 PM     0       193      1.00      0.00  kworker/9:1H-kblockd
08:34:15 PM     0       453      1.00      0.00  multipathd
08:34:15 PM     0     98256      1.00      0.00  kworker/u24:2-edac-poller
08:34:15 PM     0    112707      1.00      0.00  kworker/3:0-events
08:34:15 PM     0    118120      1.00      0.00  kworker/9:2-events
08:34:15 PM     0    140699      1.00      0.00  kworker/1:0-events
08:34:15 PM     0    143435      2.00      0.00  kworker/5:0-events
08:34:15 PM     0    146022      3.00      0.00  kworker/11:1-events
08:34:15 PM     0    157360      1.00      0.00  kworker/4:2-events
08:34:15 PM     0    159214      1.00      0.00  kworker/7:1-events
08:34:15 PM     0    159909      3.00      0.00  kworker/6:2-events
08:34:15 PM     0    160609     12.00      0.00  kworker/2:1-events
08:34:15 PM     0    162510      1.00      0.00  iostat
08:34:15 PM     0    162511      1.00      0.00  pidstat
08:34:15 PM     0    162512      4.00      0.00  bash
08:34:15 PM     0    162513      4.00      0.00  bash
08:34:15 PM     0    162514      4.00      0.00  bash
08:34:15 PM     0    162516     99.00      0.00  fio
08:34:15 PM     0    162558      1.00      0.00  sleep
08:34:15 PM     0    162559      1.00      0.00  sleep

08:34:15 PM   UID       PID   cswch/s nvcswch/s  Command
08:34:16 PM     0        16      1.00      0.00  ksoftirqd/0
08:34:16 PM     0        17     14.00      0.00  rcu_preempt
08:34:16 PM     0        24      1.00      0.00  ksoftirqd/1
08:34:16 PM     0        36      1.00      0.00  ksoftirqd/3
08:34:16 PM     0        78      1.00      0.00  ksoftirqd/10
08:34:16 PM     0        95      2.00      0.00  kcompactd0
08:34:16 PM     0       453      1.00      0.00  multipathd
08:34:16 PM     0     98256      1.00      0.00  kworker/u24:2-events_unbound
08:34:16 PM     0    112707      1.00      0.00  kworker/3:0-mm_percpu_wq
08:34:16 PM     0    118120      2.00      0.00  kworker/9:2-mm_percpu_wq
08:34:16 PM     0    137207      3.00      0.00  kworker/0:2-events
08:34:16 PM     0    140699      3.00      0.00  kworker/1:0-mm_percpu_wq
08:34:16 PM     0    143435      1.00      0.00  kworker/5:0-mm_percpu_wq
08:34:16 PM     0    146022      1.00      0.00  kworker/11:1-events
08:34:16 PM     0    154838      1.00      0.00  kworker/u24:0-events_power_efficient
08:34:16 PM     0    157360      4.00      0.00  kworker/4:2-mm_percpu_wq
08:34:16 PM     0    159214      2.00      0.00  kworker/7:1-mm_percpu_wq
08:34:16 PM     0    160609     11.00      0.00  kworker/2:1-events
08:34:16 PM     0    162126      1.00      0.00  kworker/8:1-mm_percpu_wq
08:34:16 PM     0    162510      1.00      0.00  iostat
08:34:16 PM     0    162511      1.00      0.00  pidstat
08:34:16 PM     0    162512      5.00      0.00  bash
08:34:16 PM     0    162513      8.00      0.00  bash
08:34:16 PM     0    162514      4.00      1.00  bash
08:34:16 PM     0    162516     99.00      0.00  fio
08:34:16 PM     0    162573      1.00      0.00  sleep
08:34:16 PM     0    162574      1.00      0.00  sleep

08:34:16 PM   UID       PID   cswch/s nvcswch/s  Command
08:34:17 PM     0         1      1.00      0.00  systemd
08:34:17 PM     0        16      2.00      0.00  ksoftirqd/0
08:34:17 PM     0        17     21.00      0.00  rcu_preempt
08:34:17 PM     0        18      1.00      0.00  migration/0
08:34:17 PM     0        24      1.00      0.00  ksoftirqd/1
08:34:17 PM     0        78      1.00      0.00  ksoftirqd/10
08:34:17 PM     0        95      2.00      0.00  kcompactd0
08:34:17 PM     0       187      2.00      0.00  kworker/0:1H-kblockd
08:34:17 PM     0       359      3.00      0.00  jbd2/nvme1n1p2-8
08:34:17 PM     0       453      1.00      0.00  multipathd
08:34:17 PM   101       608      1.00      0.00  systemd-network
08:34:17 PM     0     98256      4.00      0.00  kworker/u24:2-writeback
08:34:17 PM     0    112707      1.00      0.00  kworker/3:0-events
08:34:17 PM     0    118120      1.00      0.00  kworker/9:2-events
08:34:17 PM     0    129890      1.00      0.00  kworker/10:2-mm_percpu_wq
08:34:17 PM     0    137207      1.00      0.00  kworker/0:2-events
08:34:17 PM     0    140699      3.00      0.00  kworker/1:0-events
08:34:17 PM     0    146022      2.00      0.00  kworker/11:1-events
08:34:17 PM     0    154838      3.00      0.00  kworker/u24:0-edac-poller
08:34:17 PM     0    157360      2.00      0.00  kworker/4:2-events
08:34:17 PM     0    159214      1.00      0.00  kworker/7:1-events
08:34:17 PM     0    159909      2.00      0.00  kworker/6:2-events
08:34:17 PM     0    160609     12.00      0.00  kworker/2:1-events
08:34:17 PM     0    162510      1.00      0.00  iostat
08:34:17 PM     0    162511      1.00      0.00  pidstat
08:34:17 PM     0    162512      5.00      0.00  bash
08:34:17 PM     0    162513      7.00      0.00  bash
08:34:17 PM     0    162514      3.00      0.00  bash
08:34:17 PM     0    162516     99.00      0.00  fio
08:34:17 PM     0    162587      1.00      1.00  sleep
08:34:17 PM     0    162589      1.00      0.00  sleep

08:34:17 PM   UID       PID   cswch/s nvcswch/s  Command
08:34:18 PM     0        17     25.00      0.00  rcu_preempt
08:34:18 PM     0        18      1.00      0.00  migration/0
08:34:18 PM     0        23      1.00      0.00  migration/1
08:34:18 PM     0        24      1.00      0.00  ksoftirqd/1
08:34:18 PM     0        29      1.00      0.00  migration/2
08:34:18 PM     0        35      1.00      0.00  migration/3
08:34:18 PM     0        36      1.00      0.00  ksoftirqd/3
08:34:18 PM     0        41      1.00      0.00  migration/4
08:34:18 PM     0        47      1.00      0.00  migration/5
08:34:18 PM     0        48      1.00      0.00  ksoftirqd/5
08:34:18 PM     0        53      1.00      0.00  migration/6
08:34:18 PM     0        59      1.00      0.00  migration/7
08:34:18 PM     0        65      1.00      0.00  migration/8
08:34:18 PM     0        71      1.00      0.00  migration/9
08:34:18 PM     0        77      1.00      0.00  migration/10
08:34:18 PM     0        83      1.00      0.00  migration/11
08:34:18 PM     0        84      1.00      0.00  ksoftirqd/11
08:34:18 PM     0        95      2.00      0.00  kcompactd0
08:34:18 PM     0       453      1.00      0.00  multipathd
08:34:18 PM     0       562      3.00      0.00  jbd2/nvme1n1p3-8
08:34:18 PM     0    112707      1.00      0.00  kworker/3:0-events
08:34:18 PM     0    118120      1.00      0.00  kworker/9:2-mm_percpu_wq
08:34:18 PM     0    129890      2.00      0.00  kworker/10:2-mm_percpu_wq
08:34:18 PM     0    137207      2.00      0.00  kworker/0:2-mm_percpu_wq
08:34:18 PM     0    140699      3.00      0.00  kworker/1:0-mm_percpu_wq
08:34:18 PM     0    143435      1.00      0.00  kworker/5:0-events
08:34:18 PM     0    154838      2.00      0.00  kworker/u24:0-events_unbound
08:34:18 PM     0    157360      3.00      0.00  kworker/4:2-events
08:34:18 PM     0    159214      2.00      0.00  kworker/7:1-mm_percpu_wq
08:34:18 PM     0    159909      1.00      0.00  kworker/6:2-events
08:34:18 PM     0    160609     11.00      0.00  kworker/2:1-events
08:34:18 PM     0    162126      1.00      0.00  kworker/8:1-mm_percpu_wq
08:34:18 PM     0    162510      1.00      0.00  iostat
08:34:18 PM     0    162511      1.00      0.00  pidstat
08:34:18 PM     0    162512      5.00      0.00  bash
08:34:18 PM     0    162513      7.00      0.00  bash
08:34:18 PM     0    162514      1.00      0.00  bash
08:34:18 PM     0    162516    100.00      0.00  fio
08:34:18 PM     0    162592      1.00      0.00  sleep
08:34:18 PM     0    162603      1.00      0.00  sleep
08:34:18 PM     0    162604      1.00      0.00  sleep

08:34:18 PM   UID       PID   cswch/s nvcswch/s  Command
08:34:19 PM     0        17     22.00      0.00  rcu_preempt
08:34:19 PM     0        36      1.00      0.00  ksoftirqd/3
08:34:19 PM     0        47      1.00      0.00  migration/5
08:34:19 PM     0        48      1.00      0.00  ksoftirqd/5
08:34:19 PM     0        54      2.00      0.00  ksoftirqd/6
08:34:19 PM     0        95      2.00      0.00  kcompactd0
08:34:19 PM     0       453      1.00      0.00  multipathd
08:34:19 PM     0     98256      4.00      0.00  kworker/u24:2-writeback
08:34:19 PM     0    112707      3.00      0.00  kworker/3:0-events
08:34:19 PM     0    129890      2.00      0.00  kworker/10:2-events
08:34:19 PM     0    137207      1.00      0.00  kworker/0:2-events
08:34:19 PM     0    140699      3.00      0.00  kworker/1:0-events
08:34:19 PM     0    143435      3.00      0.00  kworker/5:0-events
08:34:19 PM     0    146022      2.00      0.00  kworker/11:1-events
08:34:19 PM     0    154838      1.00      0.00  kworker/u24:0-flush-259:1
08:34:19 PM     0    156170      3.00      0.00  kworker/u24:3-edac-poller
08:34:19 PM     0    157360      2.00      0.00  kworker/4:2-events
08:34:19 PM     0    159214      3.00      0.00  kworker/7:1-events
08:34:19 PM     0    159909      5.00      0.00  kworker/6:2-events
08:34:19 PM     0    160609     12.00      0.00  kworker/2:1-events
08:34:19 PM     0    162510      1.00      0.00  iostat
08:34:19 PM     0    162511      1.00      0.00  pidstat
08:34:19 PM     0    162512      5.00      0.00  bash
08:34:19 PM     0    162513      8.00      0.00  bash
08:34:19 PM     0    162514      4.00      0.00  bash
08:34:19 PM     0    162516     99.00      0.00  fio
08:34:19 PM     0    162607      1.00      0.00  sleep
08:34:19 PM     0    162618      1.00      0.00  sleep
08:34:19 PM     0    162619      1.00      0.00  sleep

08:34:19 PM   UID       PID   cswch/s nvcswch/s  Command
08:34:20 PM     0        17     17.00      0.00  rcu_preempt
08:34:20 PM     0        24      1.00      0.00  ksoftirqd/1
08:34:20 PM     0        48      1.00      0.00  ksoftirqd/5
08:34:20 PM     0        78      1.00      0.00  ksoftirqd/10
08:34:20 PM     0        95      2.00      0.00  kcompactd0
08:34:20 PM     0       189      1.00      0.00  kworker/4:1H-kblockd
08:34:20 PM     0       453      1.00      0.00  multipathd
08:34:20 PM     0    112707      1.00      0.00  kworker/3:0-events
08:34:20 PM     0    129890      2.00      0.00  kworker/10:2-mm_percpu_wq
08:34:20 PM     0    137207      2.00      0.00  kworker/0:2-events
08:34:20 PM     0    140699      2.00      0.00  kworker/1:0-events
08:34:20 PM     0    143435      3.00      0.00  kworker/5:0-events
08:34:20 PM     0    156170      1.00      0.00  kworker/u24:3-edac-poller
08:34:20 PM     0    157360      3.00      0.00  kworker/4:2-events
08:34:20 PM     0    159214      2.00      0.00  kworker/7:1-mm_percpu_wq
08:34:20 PM     0    159909      1.00      0.00  kworker/6:2-events
08:34:20 PM     0    160609     10.00      0.00  kworker/2:1-events
08:34:20 PM     0    162510      1.00      0.00  iostat
08:34:20 PM     0    162511      1.00      1.00  pidstat
08:34:20 PM     0    162512      5.00      0.00  bash
08:34:20 PM     0    162513      8.00      0.00  bash
08:34:20 PM     0    162514      4.00      0.00  bash
08:34:20 PM     0    162516     99.00      0.00  fio
08:34:20 PM     0    162622      1.00      0.00  sleep
08:34:20 PM     0    162633      1.00      0.00  sleep
08:34:20 PM     0    162634      1.00      0.00  sleep

08:34:20 PM   UID       PID   cswch/s nvcswch/s  Command
08:34:21 PM     0        16      1.00      0.00  ksoftirqd/0
08:34:21 PM     0        17     21.00      0.00  rcu_preempt
08:34:21 PM     0        47      1.00      0.00  migration/5
08:34:21 PM     0        48      2.00      0.00  ksoftirqd/5
08:34:21 PM     0        71      1.00      0.00  migration/9
08:34:21 PM     0        78      1.00      0.00  ksoftirqd/10
08:34:21 PM     0        83      1.00      0.00  migration/11
08:34:21 PM     0        95      2.00      0.00  kcompactd0
08:34:21 PM     0       453      1.00      0.00  multipathd
08:34:21 PM     0    112707      1.00      0.00  kworker/3:0-mm_percpu_wq
08:34:21 PM     0    118120      1.00      0.00  kworker/9:2-mm_percpu_wq
08:34:21 PM     0    129890      3.00      0.00  kworker/10:2-events
08:34:21 PM     0    137207      1.00      0.00  kworker/0:2-events
08:34:21 PM     0    140699      4.00      0.00  kworker/1:0-events
08:34:21 PM     0    143435      4.00      0.00  kworker/5:0-events
08:34:21 PM     0    146022      1.00      0.00  kworker/11:1-mm_percpu_wq
08:34:21 PM     0    156170      2.00      0.00  kworker/u24:3-edac-poller
08:34:21 PM     0    157360      2.00      0.00  kworker/4:2-mm_percpu_wq
08:34:21 PM     0    159909      3.00      0.00  kworker/6:2-events
08:34:21 PM     0    160609     14.00      0.00  kworker/2:1-events
08:34:21 PM     0    162126      1.00      0.00  kworker/8:1-mm_percpu_wq
08:34:21 PM     0    162510      1.00      0.00  iostat
08:34:21 PM     0    162511      1.00      0.00  pidstat
08:34:21 PM     0    162512      5.00      0.00  bash
08:34:21 PM     0    162513      7.00      0.00  bash
08:34:21 PM     0    162514      4.00      0.00  bash
08:34:21 PM     0    162516     99.00      0.00  fio
08:34:21 PM     0    162637      1.00      0.00  sleep
08:34:21 PM     0    162648      1.00      0.00  sleep
08:34:21 PM     0    162649      1.00      0.00  sleep

08:34:21 PM   UID       PID   cswch/s nvcswch/s  Command
08:34:22 PM     0         2      1.00      0.00  kthreadd
08:34:22 PM     0        16      1.00      0.00  ksoftirqd/0
08:34:22 PM     0        17     22.00      0.00  rcu_preempt
08:34:22 PM     0        18      1.00      0.00  migration/0
08:34:22 PM     0        23      1.00      0.00  migration/1
08:34:22 PM     0        29      1.00      0.00  migration/2
08:34:22 PM     0        35      1.00      0.00  migration/3
08:34:22 PM     0        41      2.00      0.00  migration/4
08:34:22 PM     0        47      1.00      0.00  migration/5
08:34:22 PM     0        48      2.00      0.00  ksoftirqd/5
08:34:22 PM     0        53      1.00      0.00  migration/6
08:34:22 PM     0        54      1.00      0.00  ksoftirqd/6
08:34:22 PM     0        59      1.00      0.00  migration/7
08:34:22 PM     0        65      1.00      0.00  migration/8
08:34:22 PM     0        71      1.00      0.00  migration/9
08:34:22 PM     0        77      1.00      0.00  migration/10
08:34:22 PM     0        83      1.00      0.00  migration/11
08:34:22 PM     0        95      1.00      0.00  kcompactd0
08:34:22 PM     0       102      1.00      0.00  irq/9-acpi
08:34:22 PM     0       453      1.00      0.00  multipathd
08:34:22 PM     0     93573      2.00      0.00  kworker/5:1-mm_percpu_wq
08:34:22 PM     0     98256      1.00      0.00  kworker/u24:2-writeback
08:34:22 PM     0    112707      2.00      0.00  kworker/3:0-mm_percpu_wq
08:34:22 PM     0    129890      1.00      0.00  kworker/10:2-mm_percpu_wq
08:34:22 PM     0    137207      3.00      0.00  kworker/0:2-mm_percpu_wq
08:34:22 PM     0    140699      2.00      0.00  kworker/1:0-mm_percpu_wq
08:34:22 PM     0    143435     10.00      0.00  kworker/5:0-pm
08:34:22 PM     0    146022      1.00      0.00  kworker/11:1-mm_percpu_wq
08:34:22 PM     0    156170      1.00      0.00  kworker/u24:3-events_power_efficient
08:34:22 PM     0    157360      2.00      0.00  kworker/4:2-mm_percpu_wq
08:34:22 PM     0    159214      2.00      0.00  kworker/7:1-mm_percpu_wq
08:34:22 PM     0    159909      1.00      0.00  kworker/6:2-events
08:34:22 PM     0    160609     11.00      0.00  kworker/2:1-events
08:34:22 PM     0    162126      1.00      0.00  kworker/8:1-mm_percpu_wq
08:34:22 PM     0    162510      1.00      0.00  iostat
08:34:22 PM     0    162511      1.00      1.00  pidstat
08:34:22 PM     0    162512      5.00      0.00  bash
08:34:22 PM     0    162513      7.00      0.00  bash
08:34:22 PM     0    162514      4.00      0.00  bash
08:34:22 PM     0    162516     99.00      0.00  fio
08:34:22 PM     0    162652      1.00      0.00  sleep
08:34:22 PM     0    162662      1.00      0.00  sleep
08:34:22 PM     0    162664      1.00      0.00  sleep
08:34:22 PM     0    162665      3.00      0.00  kworker/5:2-i915-unordered

08:34:22 PM   UID       PID   cswch/s nvcswch/s  Command
08:34:23 PM     0        17     18.00      0.00  rcu_preempt
08:34:23 PM     0        41      1.00      0.00  migration/4
08:34:23 PM     0        54      1.00      0.00  ksoftirqd/6
08:34:23 PM     0        60      1.00      0.00  ksoftirqd/7
08:34:23 PM     0        95      2.00      0.00  kcompactd0
08:34:23 PM     0       194      1.00      0.00  kworker/8:1H-kblockd
08:34:23 PM     0       453      1.00      0.00  multipathd
08:34:23 PM     0       562      3.00      0.00  jbd2/nvme1n1p3-8
08:34:23 PM   101       608      2.00      0.00  systemd-network
08:34:23 PM     0     21554      1.00      0.00  packagekitd
08:34:23 PM     0     98256      2.00      0.00  kworker/u24:2-events_unbound
08:34:23 PM     0    118120      1.00      0.00  kworker/9:2-mm_percpu_wq
08:34:23 PM     0    137207      1.00      0.00  kworker/0:2-events
08:34:23 PM     0    140699      2.00      0.00  kworker/1:0-events
08:34:23 PM     0    146022      2.00      0.00  kworker/11:1-events
08:34:23 PM     0    157360      1.00      0.00  kworker/4:2-events
08:34:23 PM     0    159214      2.00      0.00  kworker/7:1-events
08:34:23 PM     0    159909      4.00      0.00  kworker/6:2-events
08:34:23 PM     0    160609     13.00      0.00  kworker/2:1-events
08:34:23 PM     0    162510      1.00      0.00  iostat
08:34:23 PM     0    162511      1.00      0.00  pidstat
08:34:23 PM     0    162512      5.00      0.00  bash
08:34:23 PM     0    162513      6.00      0.00  bash
08:34:23 PM     0    162514      4.00      0.00  bash
08:34:23 PM     0    162516     99.00      0.00  fio
08:34:23 PM     0    162668      1.00      0.00  sleep
08:34:23 PM     0    162678      1.00      0.00  sleep
08:34:23 PM     0    162680      1.00      0.00  sleep

08:34:23 PM   UID       PID   cswch/s nvcswch/s  Command
08:34:24 PM     0        17     22.00      0.00  rcu_preempt
08:34:24 PM     0        41      1.00      0.00  migration/4
08:34:24 PM     0        42      1.00      0.00  ksoftirqd/4
08:34:24 PM     0        48      1.00      0.00  ksoftirqd/5
08:34:24 PM     0        83      1.00      0.00  migration/11
08:34:24 PM     0        84      1.00      0.00  ksoftirqd/11
08:34:24 PM     0        95      2.00      0.00  kcompactd0
08:34:24 PM     0       453      1.00      0.00  multipathd
08:34:24 PM     0     98256      2.00      0.00  kworker/u24:2-events_power_efficient
08:34:24 PM     0    112707      1.00      0.00  kworker/3:0-mm_percpu_wq
08:34:24 PM     0    118120      1.00      0.00  kworker/9:2-events
08:34:24 PM     0    137207      2.00      0.00  kworker/0:2-events
08:34:24 PM     0    143435      2.00      0.00  kworker/5:0-mm_percpu_wq
08:34:24 PM     0    146022      1.00      0.00  kworker/11:1-events
08:34:24 PM     0    156170      1.00      0.00  kworker/u24:3-events_power_efficient
08:34:24 PM     0    157360      2.00      0.00  kworker/4:2-events
08:34:24 PM     0    159214      4.00      0.00  kworker/7:1-events
08:34:24 PM     0    159909      1.00      0.00  kworker/6:2-events
08:34:24 PM     0    160609     11.00      0.00  kworker/2:1-events
08:34:24 PM     0    162510      1.00      0.00  iostat
08:34:24 PM     0    162511      1.00      0.00  pidstat
08:34:24 PM     0    162512      5.00      0.00  bash
08:34:24 PM     0    162513      6.00      0.00  bash
08:34:24 PM     0    162514      4.00      0.00  bash
08:34:24 PM     0    162516     99.00      0.00  fio
08:34:24 PM     0    162683      1.00      0.00  sleep
08:34:24 PM     0    162693      1.00      1.00  sleep
08:34:24 PM     0    162695      1.00      0.00  sleep

08:34:24 PM   UID       PID   cswch/s nvcswch/s  Command
08:34:25 PM     0        17     19.00      0.00  rcu_preempt
08:34:25 PM     0        48      2.00      0.00  ksoftirqd/5
08:34:25 PM     0        59      1.00      0.00  migration/7
08:34:25 PM     0        77      1.00      0.00  migration/10
08:34:25 PM     0        84      1.00      0.00  ksoftirqd/11
08:34:25 PM     0        95      2.00      0.00  kcompactd0
08:34:25 PM     0       190      1.00      0.00  kworker/10:1H-kblockd
08:34:25 PM     0       453      1.00      0.00  multipathd
08:34:25 PM     0    118120      2.00      0.00  kworker/9:2-events
08:34:25 PM     0    129890      1.00      0.00  kworker/10:2-mm_percpu_wq
08:34:25 PM     0    137207      1.00      0.00  kworker/0:2-events
08:34:25 PM     0    140699      2.00      0.00  kworker/1:0-events
08:34:25 PM     0    143435      4.00      0.00  kworker/5:0-events
08:34:25 PM     0    146022      4.00      0.00  kworker/11:1-events
08:34:25 PM     0    156170      5.00      0.00  kworker/u24:3-writeback
08:34:25 PM     0    159214      1.00      0.00  kworker/7:1-events
08:34:25 PM     0    159909      2.00      0.00  kworker/6:2-events
08:34:25 PM     0    160609     11.00      0.00  kworker/2:1-events
08:34:25 PM     0    162126      2.00      0.00  kworker/8:1-events
08:34:25 PM     0    162510      1.00      0.00  iostat
08:34:25 PM     0    162511      1.00      0.00  pidstat
08:34:25 PM     0    162512      5.00      0.00  bash
08:34:25 PM     0    162513      7.00      0.00  bash
08:34:25 PM     0    162514      4.00      0.00  bash
08:34:25 PM     0    162516    100.00      0.00  fio
08:34:25 PM     0    162698      1.00      0.00  sleep
08:34:25 PM     0    162709      1.00      0.00  sleep
08:34:25 PM     0    162710      1.00      0.00  sleep

08:34:25 PM   UID       PID   cswch/s nvcswch/s  Command
08:34:26 PM     0        17     17.00      0.00  rcu_preempt
08:34:26 PM     0        18      1.00      0.00  migration/0
08:34:26 PM     0        23      1.00      0.00  migration/1
08:34:26 PM     0        24      1.00      0.00  ksoftirqd/1
08:34:26 PM     0        29      1.00      0.00  migration/2
08:34:26 PM     0        35      1.00      0.00  migration/3
08:34:26 PM     0        36      1.00      0.00  ksoftirqd/3
08:34:26 PM     0        41      1.00      0.00  migration/4
08:34:26 PM     0        47      1.00      0.00  migration/5
08:34:26 PM     0        48      1.00      0.00  ksoftirqd/5
08:34:26 PM     0        53      1.00      0.00  migration/6
08:34:26 PM     0        59      1.00      0.00  migration/7
08:34:26 PM     0        65      1.00      0.00  migration/8
08:34:26 PM     0        71      1.00      0.00  migration/9
08:34:26 PM     0        77      1.00      0.00  migration/10
08:34:26 PM     0        83      2.00      0.00  migration/11
08:34:26 PM     0        95      2.00      0.00  kcompactd0
08:34:26 PM     0       188      1.00      0.00  kworker/2:1H-kblockd
08:34:26 PM     0       453      1.00      0.00  multipathd
08:34:26 PM     0    112707      3.00      0.00  kworker/3:0-events
08:34:26 PM     0    118120      1.00      0.00  kworker/9:2-events
08:34:26 PM     0    137207      1.00      0.00  kworker/0:2-mm_percpu_wq
08:34:26 PM     0    140699      2.00      0.00  kworker/1:0-mm_percpu_wq
08:34:26 PM     0    143435      1.00      0.00  kworker/5:0-mm_percpu_wq
08:34:26 PM     0    156170      3.00      0.00  kworker/u24:3-events_freezable_power_
08:34:26 PM     0    157360      1.00      0.00  kworker/4:2-mm_percpu_wq
08:34:26 PM     0    159214      2.00      0.00  kworker/7:1-mm_percpu_wq
08:34:26 PM     0    160609     13.00      0.00  kworker/2:1-events
08:34:26 PM     0    162126      1.00      0.00  kworker/8:1-mm_percpu_wq
08:34:26 PM     0    162510      1.00      0.00  iostat
08:34:26 PM     0    162511      1.00      0.00  pidstat
08:34:26 PM     0    162512      5.00      0.00  bash
08:34:26 PM     0    162513      6.00      0.00  bash
08:34:26 PM     0    162514      4.00      0.00  bash
08:34:26 PM     0    162516     99.00      0.00  fio
08:34:26 PM     0    162713      1.00      0.00  sleep
08:34:26 PM     0    162724      1.00      1.00  sleep
08:34:26 PM     0    162725      1.00      0.00  sleep

08:34:26 PM   UID       PID   cswch/s nvcswch/s  Command
08:34:27 PM     0        17     21.00      0.00  rcu_preempt
08:34:27 PM     0        24      1.00      0.00  ksoftirqd/1
08:34:27 PM     0        48      1.00      0.00  ksoftirqd/5
08:34:27 PM     0        59      1.00      0.00  migration/7
08:34:27 PM     0        60      2.00      0.00  ksoftirqd/7
08:34:27 PM     0        72      1.00      0.00  ksoftirqd/9
08:34:27 PM     0        95      2.00      0.00  kcompactd0
08:34:27 PM     0       453      1.00      0.00  multipathd
08:34:27 PM     0    118120      2.00      0.00  kworker/9:2-events
08:34:27 PM     0    129890      3.00      0.00  kworker/10:2-events
08:34:27 PM     0    140699      3.00      0.00  kworker/1:0-events
08:34:27 PM     0    143435      1.00      0.00  kworker/5:0-events
08:34:27 PM     0    146022      3.00      0.00  kworker/11:1-events
08:34:27 PM     0    156170      1.00      0.00  kworker/u24:3-edac-poller
08:34:27 PM     0    157360      1.00      0.00  kworker/4:2-mm_percpu_wq
08:34:27 PM     0    159214      2.00      0.00  kworker/7:1-events
08:34:27 PM     0    159909      2.00      0.00  kworker/6:2-events
08:34:27 PM     0    160609     10.00      0.00  kworker/2:1-events
08:34:27 PM     0    162126      1.00      0.00  kworker/8:1-events
08:34:27 PM     0    162510      1.00      0.00  iostat
08:34:27 PM     0    162511      1.00      0.00  pidstat
08:34:27 PM     0    162512      5.00      0.00  bash
08:34:27 PM     0    162513      6.00      0.00  bash
08:34:27 PM     0    162514      4.00      0.00  bash
08:34:27 PM     0    162516     99.00      0.00  fio
08:34:27 PM     0    162728      1.00      0.00  sleep
08:34:27 PM     0    162739      1.00      0.00  sleep
08:34:27 PM     0    162740      1.00      0.00  sleep

08:34:27 PM   UID       PID   cswch/s nvcswch/s  Command
08:34:28 PM     0        16      1.00      0.00  ksoftirqd/0
08:34:28 PM     0        17     22.00      0.00  rcu_preempt
08:34:28 PM     0        35      1.00      0.00  migration/3
08:34:28 PM     0        41      1.00      0.00  migration/4
08:34:28 PM     0        48      1.00      0.00  ksoftirqd/5
08:34:28 PM     0        78      2.00      0.00  ksoftirqd/10
08:34:28 PM     0        84      1.00      0.00  ksoftirqd/11
08:34:28 PM     0        95      2.00      0.00  kcompactd0
08:34:28 PM     0       453      1.00      0.00  multipathd
08:34:28 PM     0       562      3.00      0.00  jbd2/nvme1n1p3-8
08:34:28 PM     0    112707      1.00      0.00  kworker/3:0-mm_percpu_wq
08:34:28 PM     0    118120      2.00      0.00  kworker/9:2-events
08:34:28 PM     0    129890      3.00      0.00  kworker/10:2-mm_percpu_wq
08:34:28 PM     0    137207      1.00      0.00  kworker/0:2-events
08:34:28 PM     0    143435      2.00      0.00  kworker/5:0-mm_percpu_wq
08:34:28 PM     0    146022      3.00      0.00  kworker/11:1-mm_percpu_wq
08:34:28 PM     0    156170      2.00      0.00  kworker/u24:3-events_unbound
08:34:28 PM     0    157360      2.00      0.00  kworker/4:2-events
08:34:28 PM     0    159214      2.00      0.00  kworker/7:1-mm_percpu_wq
08:34:28 PM     0    160609     11.00      0.00  kworker/2:1-events
08:34:28 PM     0    162126      1.00      0.00  kworker/8:1-mm_percpu_wq
08:34:28 PM     0    162510      1.00      0.00  iostat
08:34:28 PM     0    162511      1.00      1.00  pidstat
08:34:28 PM     0    162512      5.00      0.00  bash
08:34:28 PM     0    162513      6.00      0.00  bash
08:34:28 PM     0    162514      4.00      0.00  bash
08:34:28 PM     0    162516     99.00      0.00  fio
08:34:28 PM     0    162743      1.00      0.00  sleep
08:34:28 PM     0    162753      1.00      0.00  sleep
08:34:28 PM     0    162755      1.00      0.00  sleep

08:34:28 PM   UID       PID   cswch/s nvcswch/s  Command
08:34:29 PM     0        16      1.00      0.00  ksoftirqd/0
08:34:29 PM     0        17     24.00      0.00  rcu_preempt
08:34:29 PM     0        60      1.00      0.00  ksoftirqd/7
08:34:29 PM     0        84      1.00      0.00  ksoftirqd/11
08:34:29 PM     0        95      2.00      0.00  kcompactd0
08:34:29 PM     0       453      1.00      0.00  multipathd
08:34:29 PM     0    112707      1.00      0.00  kworker/3:0-events
08:34:29 PM     0    118120      1.00      0.00  kworker/9:2-mm_percpu_wq
08:34:29 PM     0    129890      2.00      0.00  kworker/10:2-events
08:34:29 PM     0    140699      3.00      0.00  kworker/1:0-events
08:34:29 PM     0    143435      2.00      0.00  kworker/5:0-events
08:34:29 PM     0    146022      2.00      0.00  kworker/11:1-events
08:34:29 PM     0    156170      4.00      0.00  kworker/u24:3-events_unbound
08:34:29 PM     0    157360      1.00      0.00  kworker/4:2-events
08:34:29 PM     0    159909      2.00      0.00  kworker/6:2-events
08:34:29 PM     0    160609     12.00      0.00  kworker/2:1-events
08:34:29 PM     0    162126      1.00      0.00  kworker/8:1-events
08:34:29 PM     0    162510      1.00      0.00  iostat
08:34:29 PM     0    162511      1.00      0.00  pidstat
08:34:29 PM     0    162512      5.00      0.00  bash
08:34:29 PM     0    162513      8.00      0.00  bash
08:34:29 PM     0    162514      4.00      0.00  bash
08:34:29 PM     0    162516     99.00      0.00  fio
08:34:29 PM     0    162758      1.00      0.00  sleep
08:34:29 PM     0    162769      1.00      0.00  sleep
08:34:29 PM     0    162770      1.00      0.00  sleep

08:34:29 PM   UID       PID   cswch/s nvcswch/s  Command
08:34:30 PM     0        17     21.00      0.00  rcu_preempt
08:34:30 PM     0        18      1.00      0.00  migration/0
08:34:30 PM     0        23      1.00      0.00  migration/1
08:34:30 PM     0        29      1.00      0.00  migration/2
08:34:30 PM     0        35      2.00      0.00  migration/3
08:34:30 PM     0        36      2.00      0.00  ksoftirqd/3
08:34:30 PM     0        41      1.00      0.00  migration/4
08:34:30 PM     0        47      1.00      0.00  migration/5
08:34:30 PM     0        53      1.00      0.00  migration/6
08:34:30 PM     0        59      1.00      0.00  migration/7
08:34:30 PM     0        60      1.00      0.00  ksoftirqd/7
08:34:30 PM     0        65      1.00      0.00  migration/8
08:34:30 PM     0        71      1.00      0.00  migration/9
08:34:30 PM     0        77      1.00      0.00  migration/10
08:34:30 PM     0        78      1.00      0.00  ksoftirqd/10
08:34:30 PM     0        83      1.00      0.00  migration/11
08:34:30 PM     0        95      2.00      0.00  kcompactd0
08:34:30 PM     0       190      1.00      0.00  kworker/10:1H-kblockd
08:34:30 PM     0       453      1.00      0.00  multipathd
08:34:30 PM     0     98256      2.00      0.00  kworker/u24:2-events_unbound
08:34:30 PM     0    112707      3.00      0.00  kworker/3:0-events
08:34:30 PM     0    129890      4.00      0.00  kworker/10:2-mm_percpu_wq
08:34:30 PM     0    137207      2.00      0.00  kworker/0:2-mm_percpu_wq
08:34:30 PM     0    140699      2.00      0.00  kworker/1:0-mm_percpu_wq
08:34:30 PM     0    143435      1.00      0.00  kworker/5:0-events
08:34:30 PM     0    146022      1.00      0.00  kworker/11:1-mm_percpu_wq
08:34:30 PM     0    156170      2.00      0.00  kworker/u24:3-events_power_efficient
08:34:30 PM     0    157360      3.00      0.00  kworker/4:2-events
08:34:30 PM     0    159214      6.00      0.00  kworker/7:1-mm_percpu_wq
08:34:30 PM     0    159909      2.00      0.00  kworker/6:2-mm_percpu_wq
08:34:30 PM     0    160609      9.00      0.00  kworker/2:1-events
08:34:30 PM     0    162510      1.00      0.00  iostat
08:34:30 PM     0    162511      1.00      1.00  pidstat
08:34:30 PM     0    162512      5.00      0.00  bash
08:34:30 PM     0    162513      8.00      0.00  bash
08:34:30 PM     0    162514      4.00      0.00  bash
08:34:30 PM     0    162516     99.00      0.00  fio
08:34:30 PM     0    162773      1.00      0.00  sleep
08:34:30 PM     0    162784      1.00      0.00  sleep
08:34:30 PM     0    162785      1.00      0.00  sleep

08:34:30 PM   UID       PID   cswch/s nvcswch/s  Command
08:34:31 PM     0        17     20.00      0.00  rcu_preempt
08:34:31 PM     0        42      1.00      0.00  ksoftirqd/4
08:34:31 PM     0        60      1.00      0.00  ksoftirqd/7
08:34:31 PM     0        84      2.00      0.00  ksoftirqd/11
08:34:31 PM     0        95      2.00      0.00  kcompactd0
08:34:31 PM     0       453      1.00      0.00  multipathd
08:34:31 PM     0     98256      4.00      0.00  kworker/u24:2-writeback
08:34:31 PM     0    112707      3.00      0.00  kworker/3:0-mm_percpu_wq
08:34:31 PM     0    118120      1.00      0.00  kworker/9:2-mm_percpu_wq
08:34:31 PM     0    129890      2.00      0.00  kworker/10:2-events
08:34:31 PM     0    140699      2.00      0.00  kworker/1:0-events
08:34:31 PM     0    143435      1.00      0.00  kworker/5:0-mm_percpu_wq
08:34:31 PM     0    146022      3.00      0.00  kworker/11:1-events
08:34:31 PM     0    157360      1.00      0.00  kworker/4:2-events
08:34:31 PM     0    159214      2.00      0.00  kworker/7:1-events
08:34:31 PM     0    159909      1.00      0.00  kworker/6:2-mm_percpu_wq
08:34:31 PM     0    160609     11.00      0.00  kworker/2:1-events
08:34:31 PM     0    162126      2.00      0.00  kworker/8:1-events
08:34:31 PM     0    162510      1.00      0.00  iostat
08:34:31 PM     0    162511      1.00      0.00  pidstat
08:34:31 PM     0    162512      5.00      0.00  bash
08:34:31 PM     0    162513      6.00      0.00  bash
08:34:31 PM     0    162514      4.00      0.00  bash
08:34:31 PM     0    162516     99.00      0.00  fio
08:34:31 PM     0    162788      1.00      0.00  sleep
08:34:31 PM     0    162798      1.00      0.00  sleep
08:34:31 PM     0    162800      1.00      0.00  sleep

08:34:31 PM   UID       PID   cswch/s nvcswch/s  Command
08:34:32 PM     0        16      1.00      0.00  ksoftirqd/0
08:34:32 PM     0        17     19.00      0.00  rcu_preempt
08:34:32 PM     0        42      3.00      0.00  ksoftirqd/4
08:34:32 PM     0        48      1.00      0.00  ksoftirqd/5
08:34:32 PM     0        60      1.00      0.00  ksoftirqd/7
08:34:32 PM     0        84      1.00      0.00  ksoftirqd/11
08:34:32 PM     0        95      2.00      0.00  kcompactd0
08:34:32 PM     0       188      1.00      0.00  kworker/2:1H-kblockd
08:34:32 PM     0       453      1.00      0.00  multipathd
08:34:32 PM     0     98256      2.00      0.00  kworker/u24:2-events_unbound
08:34:32 PM     0    112707      1.00      0.00  kworker/3:0-mm_percpu_wq
08:34:32 PM     0    118120      1.00      0.00  kworker/9:2-mm_percpu_wq
08:34:32 PM     0    129890      1.00      0.00  kworker/10:2-mm_percpu_wq
08:34:32 PM     0    137207      1.00      0.00  kworker/0:2-events
08:34:32 PM     0    140699      2.00      0.00  kworker/1:0-mm_percpu_wq
08:34:32 PM     0    143435      2.00      0.00  kworker/5:0+events
08:34:32 PM     0    146022      6.00      0.00  kworker/11:1-mm_percpu_wq
08:34:32 PM     0    157360      5.00      0.00  kworker/4:2-events
08:34:32 PM     0    159214      2.00      0.00  kworker/7:1-mm_percpu_wq
08:34:32 PM     0    160609     12.00      0.00  kworker/2:1-events
08:34:32 PM     0    162510      1.00      0.00  iostat
08:34:32 PM     0    162511      1.00      0.00  pidstat
08:34:32 PM     0    162512      5.00      0.00  bash
08:34:32 PM     0    162513      8.00      0.00  bash
08:34:32 PM     0    162514      4.00      0.00  bash
08:34:32 PM     0    162516     99.00      0.00  fio
08:34:32 PM     0    162665      1.00      0.00  kworker/5:2-mm_percpu_wq
08:34:32 PM     0    162803      1.00      0.00  sleep
08:34:32 PM     0    162814      1.00      0.00  sleep
08:34:32 PM     0    162815      1.00      0.00  sleep

08:34:32 PM   UID       PID   cswch/s nvcswch/s  Command
08:34:33 PM     0         2      1.00      0.00  kthreadd
08:34:33 PM     0        16      1.00      0.00  ksoftirqd/0
08:34:33 PM     0        17     22.00      0.00  rcu_preempt
08:34:33 PM     0        42      1.00      0.00  ksoftirqd/4
08:34:33 PM     0        48      2.00      0.00  ksoftirqd/5
08:34:33 PM     0        78      1.00      0.00  ksoftirqd/10
08:34:33 PM     0        84      1.00      0.00  ksoftirqd/11
08:34:33 PM     0        95      2.00      0.00  kcompactd0
08:34:33 PM     0       102      1.00      0.00  irq/9-acpi
08:34:33 PM     0       453      2.00      0.00  multipathd
08:34:33 PM     0     21554      1.00      0.00  packagekitd
08:34:33 PM     0     93573      2.00      0.00  kworker/5:1-events
08:34:33 PM     0     98256      2.00      0.00  kworker/u24:2-events_unbound
08:34:33 PM     0    129890      2.00      0.00  kworker/10:2-events
08:34:33 PM     0    137207      1.00      0.00  kworker/0:2-kacpi_notify
08:34:33 PM     0    140699      1.00      0.00  kworker/1:0-events
08:34:33 PM     0    143435   1139.00      1.00  kworker/5:0-events
08:34:33 PM     0    146022      1.00      0.00  kworker/11:1-events
08:34:33 PM     0    157360      5.00      0.00  kworker/4:2-mm_percpu_wq
08:34:33 PM     0    159909      3.00      0.00  kworker/6:2-events
08:34:33 PM     0    160609     11.00      0.00  kworker/2:1-events
08:34:33 PM     0    162126      2.00      0.00  kworker/8:1-events
08:34:33 PM     0    162510      1.00      0.00  iostat
08:34:33 PM     0    162511      1.00      0.00  pidstat
08:34:33 PM     0    162512      5.00      0.00  bash
08:34:33 PM     0    162513      6.00      0.00  bash
08:34:33 PM     0    162514      4.00      0.00  bash
08:34:33 PM     0    162516    100.00      0.00  fio
08:34:33 PM     0    162665   1134.00      0.00  kworker/5:2-i915-unordered
08:34:33 PM     0    162818      1.00      0.00  sleep
08:34:33 PM     0    162828      1.00      0.00  sleep
08:34:33 PM     0    162830      1.00      0.00  sleep
08:34:33 PM     0    162831      2.00      0.00  kworker/5:3

08:34:33 PM   UID       PID   cswch/s nvcswch/s  Command
08:34:34 PM     0        17     19.00      0.00  rcu_preempt
08:34:34 PM     0        18      1.00      0.00  migration/0
08:34:34 PM     0        23      1.00      0.00  migration/1
08:34:34 PM     0        29      1.00      0.00  migration/2
08:34:34 PM     0        35      1.00      0.00  migration/3
08:34:34 PM     0        41      1.00      0.00  migration/4
08:34:34 PM     0        47      1.00      0.00  migration/5
08:34:34 PM     0        53      1.00      0.00  migration/6
08:34:34 PM     0        54      2.00      0.00  ksoftirqd/6
08:34:34 PM     0        59      1.00      0.00  migration/7
08:34:34 PM     0        60      1.00      0.00  ksoftirqd/7
08:34:34 PM     0        65      1.00      0.00  migration/8
08:34:34 PM     0        71      1.00      0.00  migration/9
08:34:34 PM     0        77      1.00      0.00  migration/10
08:34:34 PM     0        83      1.00      0.00  migration/11
08:34:34 PM     0        84      1.00      0.00  ksoftirqd/11
08:34:34 PM     0        95      2.00      0.00  kcompactd0
08:34:34 PM     0       453      1.00      0.00  multipathd
08:34:34 PM     0       562      3.00      0.00  jbd2/nvme1n1p3-8
08:34:34 PM     0     98256      1.00      0.00  kworker/u24:2-edac-poller
08:34:34 PM     0    118120      2.00      0.00  kworker/9:2-mm_percpu_wq
08:34:34 PM     0    129890      1.00      0.00  kworker/10:2-events
08:34:34 PM     0    137207      1.00      0.00  kworker/0:2-mm_percpu_wq
08:34:34 PM     0    140699      2.00      0.00  kworker/1:0-mm_percpu_wq
08:34:34 PM     0    157360      3.00      0.00  kworker/4:2-mm_percpu_wq
08:34:34 PM     0    159214      3.00      0.00  kworker/7:1-mm_percpu_wq
08:34:34 PM     0    159909      2.00      0.00  kworker/6:2-events
08:34:34 PM     0    160609     12.00      0.00  kworker/2:1-events
08:34:34 PM     0    162126      1.00      0.00  kworker/8:1-mm_percpu_wq
08:34:34 PM     0    162510      1.00      0.00  iostat
08:34:34 PM     0    162511      1.00      1.00  pidstat
08:34:34 PM     0    162512      5.00      0.00  bash
08:34:34 PM     0    162513      7.00      0.00  bash
08:34:34 PM     0    162514      4.00      0.00  bash
08:34:34 PM     0    162516     99.00      0.00  fio
08:34:34 PM     0    162665      3.00      0.00  kworker/5:2-mm_percpu_wq
08:34:34 PM     0    162834      1.00      0.00  sleep
08:34:34 PM     0    162845      1.00      0.00  sleep
08:34:34 PM     0    162846      1.00      0.00  sleep

08:34:34 PM   UID       PID   cswch/s nvcswch/s  Command
08:34:35 PM     0        16      1.00      0.00  ksoftirqd/0
08:34:35 PM     0        17     20.00      0.00  rcu_preempt
08:34:35 PM     0        24      1.00      0.00  ksoftirqd/1
08:34:35 PM     0        36      1.00      0.00  ksoftirqd/3
08:34:35 PM     0        41      1.00      0.00  migration/4
08:34:35 PM     0        54      1.00      0.00  ksoftirqd/6
08:34:35 PM     0        72      1.00      0.00  ksoftirqd/9
08:34:35 PM     0        95      2.00      0.00  kcompactd0
08:34:35 PM     0       453      1.00      0.00  multipathd
08:34:35 PM     0     98256      2.00      0.00  kworker/u24:2-edac-poller
08:34:35 PM     0    112707      1.00      0.00  kworker/3:0-mm_percpu_wq
08:34:35 PM     0    118120      1.00      0.00  kworker/9:2-events
08:34:35 PM     0    137207      2.00      0.00  kworker/0:2-events
08:34:35 PM     0    140699      2.00      0.00  kworker/1:0-events
08:34:35 PM     0    146022      2.00      0.00  kworker/11:1-events
08:34:35 PM     0    157360      1.00      0.00  kworker/4:2-events
08:34:35 PM     0    159214      3.00      0.00  kworker/7:1-events
08:34:35 PM     0    159909      4.00      0.00  kworker/6:2-events
08:34:35 PM     0    160609     10.00      0.00  kworker/2:1-events
08:34:35 PM     0    162126      1.00      0.00  kworker/8:1-events
08:34:35 PM     0    162510      1.00      0.00  iostat
08:34:35 PM     0    162511      1.00      0.00  pidstat
08:34:35 PM     0    162512      5.00      0.00  bash
08:34:35 PM     0    162513      6.00      0.00  bash
08:34:35 PM     0    162514      4.00      0.00  bash
08:34:35 PM     0    162516     99.00      0.00  fio
08:34:35 PM     0    162665      1.00      0.00  kworker/5:2-events
08:34:35 PM     0    162849      1.00      0.00  sleep
08:34:35 PM     0    162859      1.00      1.00  sleep
08:34:35 PM     0    162861      1.00      0.00  sleep

08:34:35 PM   UID       PID   cswch/s nvcswch/s  Command
08:34:36 PM     0        16      1.00      0.00  ksoftirqd/0
08:34:36 PM     0        17     18.00      0.00  rcu_preempt
08:34:36 PM     0        24      1.00      0.00  ksoftirqd/1
08:34:36 PM     0        36      1.00      0.00  ksoftirqd/3
08:34:36 PM     0        48      1.00      0.00  ksoftirqd/5
08:34:36 PM     0        60      1.00      0.00  ksoftirqd/7
08:34:36 PM     0        72      1.00      0.00  ksoftirqd/9
08:34:36 PM     0        95      2.00      0.00  kcompactd0
08:34:36 PM     0       453      1.00      0.00  multipathd
08:34:36 PM     0     98256      1.00      0.00  kworker/u24:2-events_power_efficient
08:34:36 PM     0    118120      2.00      0.00  kworker/9:2-events
08:34:36 PM     0    129890      3.00      0.00  kworker/10:2-events
08:34:36 PM     0    137207      4.00      0.00  kworker/0:2-events
08:34:36 PM     0    156170      2.00      0.00  kworker/u24:3-edac-poller
08:34:36 PM     0    157360      2.00      0.00  kworker/4:2-mm_percpu_wq
08:34:36 PM     0    159214      2.00      0.00  kworker/7:1-mm_percpu_wq
08:34:36 PM     0    159909      1.00      0.00  kworker/6:2-events
08:34:36 PM     0    160609     12.00      0.00  kworker/2:1-events
08:34:36 PM     0    162510      1.00      0.00  iostat
08:34:36 PM     0    162511      1.00      0.00  pidstat
08:34:36 PM     0    162512      5.00      0.00  bash
08:34:36 PM     0    162513      7.00      0.00  bash
08:34:36 PM     0    162514      4.00      0.00  bash
08:34:36 PM     0    162516     99.00      0.00  fio
08:34:36 PM     0    162864      1.00      0.00  sleep
08:34:36 PM     0    162875      1.00      0.00  sleep
08:34:36 PM     0    162876      1.00      0.00  sleep

08:34:36 PM   UID       PID   cswch/s nvcswch/s  Command
08:34:37 PM     0         1      1.00      0.00  systemd
08:34:37 PM     0        17     18.00      0.00  rcu_preempt
08:34:37 PM     0        48      1.00      0.00  ksoftirqd/5
08:34:37 PM     0        53      1.00      0.00  migration/6
08:34:37 PM     0        54      1.00      0.00  ksoftirqd/6
08:34:37 PM     0        60      2.00      0.00  ksoftirqd/7
08:34:37 PM     0        72      1.00      0.00  ksoftirqd/9
08:34:37 PM     0        95      2.00      0.00  kcompactd0
08:34:37 PM     0       113      1.00      0.00  kworker/5:1H-kblockd
08:34:37 PM     0       194      2.00      0.00  kworker/8:1H-kblockd
08:34:37 PM     0       453      1.00      0.00  multipathd
08:34:37 PM   102       621      1.00      0.00  systemd-resolve
08:34:37 PM     0       643      1.00      0.00  systemd-logind
08:34:37 PM     0     98256      4.00      0.00  kworker/u24:2-edac-poller
08:34:37 PM     0    112707      1.00      0.00  kworker/3:0-mm_percpu_wq
08:34:37 PM     0    118120      2.00      0.00  kworker/9:2-events
08:34:37 PM     0    129890      3.00      0.00  kworker/10:2-events
08:34:37 PM     0    140699      1.00      0.00  kworker/1:0-mm_percpu_wq
08:34:37 PM     0    146022      2.00      0.00  kworker/11:1-events
08:34:37 PM     0    156170      3.00      0.00  kworker/u24:3-flush-259:1
08:34:37 PM     0    157360      2.00      0.00  kworker/4:2-events
08:34:37 PM     0    159214      2.00      0.00  kworker/7:1-events
08:34:37 PM     0    159909      3.00      0.00  kworker/6:2-events
08:34:37 PM     0    160609     13.00      0.00  kworker/2:1-events
08:34:37 PM     0    162126      2.00      0.00  kworker/8:1-events
08:34:37 PM     0    162510      1.00      0.00  iostat
08:34:37 PM     0    162511      1.00      0.00  pidstat
08:34:37 PM     0    162512      5.00      0.00  bash
08:34:37 PM     0    162513      7.00      0.00  bash
08:34:37 PM     0    162514      4.00      0.00  bash
08:34:37 PM     0    162516     99.00      0.00  fio
08:34:37 PM     0    162665      1.00      0.00  kworker/5:2-mm_percpu_wq
08:34:37 PM     0    162879      1.00      0.00  sleep
08:34:37 PM     0    162890      1.00      0.00  sleep
08:34:37 PM     0    162891      1.00      0.00  sleep

08:34:37 PM   UID       PID   cswch/s nvcswch/s  Command
08:34:38 PM     0        17     20.00      0.00  rcu_preempt
08:34:38 PM     0        18      1.00      0.00  migration/0
08:34:38 PM     0        23      1.00      0.00  migration/1
08:34:38 PM     0        29      1.00      0.00  migration/2
08:34:38 PM     0        35      1.00      0.00  migration/3
08:34:38 PM     0        41      1.00      0.00  migration/4
08:34:38 PM     0        47      1.00      0.00  migration/5
08:34:38 PM     0        53      2.00      0.00  migration/6
08:34:38 PM     0        54      2.00      0.00  ksoftirqd/6
08:34:38 PM     0        59      1.00      0.00  migration/7
08:34:38 PM     0        60      1.00      0.00  ksoftirqd/7
08:34:38 PM     0        65      1.00      0.00  migration/8
08:34:38 PM     0        71      1.00      0.00  migration/9
08:34:38 PM     0        72      1.00      0.00  ksoftirqd/9
08:34:38 PM     0        77      1.00      0.00  migration/10
08:34:38 PM     0        78      1.00      0.00  ksoftirqd/10
08:34:38 PM     0        83      1.00      0.00  migration/11
08:34:38 PM     0        84      1.00      0.00  ksoftirqd/11
08:34:38 PM     0        95      2.00      0.00  kcompactd0
08:34:38 PM     0       188      1.00      0.00  kworker/2:1H-kblockd
08:34:38 PM     0       453      1.00      0.00  multipathd
08:34:38 PM     0     98256      1.00      0.00  kworker/u24:2-events_power_efficient
08:34:38 PM     0    118120      1.00      0.00  kworker/9:2-events
08:34:38 PM     0    129890      4.00      0.00  kworker/10:2-events
08:34:38 PM     0    137207      1.00      0.00  kworker/0:2-mm_percpu_wq
08:34:38 PM     0    140699      2.00      0.00  kworker/1:0-mm_percpu_wq
08:34:38 PM     0    146022      1.00      0.00  kworker/11:1-mm_percpu_wq
08:34:38 PM     0    156170      2.00      0.00  kworker/u24:3-edac-poller
08:34:38 PM     0    157360      3.00      0.00  kworker/4:2-mm_percpu_wq
08:34:38 PM     0    159214      4.00      0.00  kworker/7:1-mm_percpu_wq
08:34:38 PM     0    159909      2.00      0.00  kworker/6:2-mm_percpu_wq
08:34:38 PM     0    160609     10.00      0.00  kworker/2:1-events
08:34:38 PM     0    162510      1.00      0.00  iostat
08:34:38 PM     0    162511      1.00      0.00  pidstat
08:34:38 PM     0    162512      5.00      0.00  bash
08:34:38 PM     0    162513      6.00      0.00  bash
08:34:38 PM     0    162514      4.00      0.00  bash
08:34:38 PM     0    162516    100.00      0.00  fio
08:34:38 PM     0    162665      2.00      0.00  kworker/5:2-mm_percpu_wq
08:34:38 PM     0    162894      1.00      0.00  sleep
08:34:38 PM     0    162905      1.00      0.00  sleep
08:34:38 PM     0    162906      1.00      0.00  sleep

08:34:38 PM   UID       PID   cswch/s nvcswch/s  Command
08:34:39 PM     0        17     17.00      0.00  rcu_preempt
08:34:39 PM     0        48      1.00      0.00  ksoftirqd/5
08:34:39 PM     0        54      1.00      0.00  ksoftirqd/6
08:34:39 PM     0        60      1.00      0.00  ksoftirqd/7
08:34:39 PM     0        95      2.00      0.00  kcompactd0
08:34:39 PM     0       453      1.00      0.00  multipathd
08:34:39 PM     0       562      3.00      0.00  jbd2/nvme1n1p3-8
08:34:39 PM     0    112707      1.00      0.00  kworker/3:0-mm_percpu_wq
08:34:39 PM     0    118120      2.00      0.00  kworker/9:2-events
08:34:39 PM     0    129890      2.00      0.00  kworker/10:2-mm_percpu_wq
08:34:39 PM     0    140699      2.00      0.00  kworker/1:0-events
08:34:39 PM     0    146022      2.00      0.00  kworker/11:1-events
08:34:39 PM     0    156170      4.00      0.00  kworker/u24:3-edac-poller
08:34:39 PM     0    157360      1.00      0.00  kworker/4:2-events
08:34:39 PM     0    159214      1.00      0.00  kworker/7:1-events
08:34:39 PM     0    159909      3.00      0.00  kworker/6:2-events
08:34:39 PM     0    160609     12.00      0.00  kworker/2:1-events
08:34:39 PM     0    162126      2.00      0.00  kworker/8:1-events
08:34:39 PM     0    162510      1.00      0.00  iostat
08:34:39 PM     0    162511      1.00      0.00  pidstat
08:34:39 PM     0    162512      5.00      0.00  bash
08:34:39 PM     0    162513      6.00      0.00  bash
08:34:39 PM     0    162514      4.00      0.00  bash
08:34:39 PM     0    162516     99.00      0.00  fio
08:34:39 PM     0    162665      1.00      0.00  kworker/5:2-events
08:34:39 PM     0    162909      1.00      0.00  sleep
08:34:39 PM     0    162919      1.00      0.00  sleep
08:34:39 PM     0    162921      1.00      0.00  sleep

08:34:39 PM   UID       PID   cswch/s nvcswch/s  Command
08:34:40 PM     0        17     16.00      0.00  rcu_preempt
08:34:40 PM     0        59      1.00      0.00  migration/7
08:34:40 PM     0        60      2.00      0.00  ksoftirqd/7
08:34:40 PM     0        72      1.00      0.00  ksoftirqd/9
08:34:40 PM     0        78      1.00      0.00  ksoftirqd/10
08:34:40 PM     0        84      1.00      0.00  ksoftirqd/11
08:34:40 PM     0        95      2.00      0.00  kcompactd0
08:34:40 PM     0       453      1.00      0.00  multipathd
08:34:40 PM     0    112707      2.00      0.00  kworker/3:0-mm_percpu_wq
08:34:40 PM     0    118120      2.00      0.00  kworker/9:2-events
08:34:40 PM     0    129890      3.00      0.00  kworker/10:2-mm_percpu_wq
08:34:40 PM     0    137207      1.00      0.00  kworker/0:2-events
08:34:40 PM     0    140699      2.00      0.00  kworker/1:0-mm_percpu_wq
08:34:40 PM     0    146022      1.00      0.00  kworker/11:1-events
08:34:40 PM     0    156170      1.00      0.00  kworker/u24:3-edac-poller
08:34:40 PM     0    157360      2.00      0.00  kworker/4:2-mm_percpu_wq
08:34:40 PM     0    159214      3.00      0.00  kworker/7:1-mm_percpu_wq
08:34:40 PM     0    159909      1.00      0.00  kworker/6:2-events
08:34:40 PM     0    160609     12.00      0.00  kworker/2:1-events
08:34:40 PM     0    162510      1.00      0.00  iostat
08:34:40 PM     0    162511      1.00      0.00  pidstat
08:34:40 PM     0    162512      5.00      0.00  bash
08:34:40 PM     0    162513      7.00      0.00  bash
08:34:40 PM     0    162514      4.00      0.00  bash
08:34:40 PM     0    162516     99.00      0.00  fio
08:34:40 PM     0    162924      1.00      0.00  sleep
08:34:40 PM     0    162934      1.00      1.00  sleep
08:34:40 PM     0    162936      1.00      0.00  sleep

08:34:40 PM   UID       PID   cswch/s nvcswch/s  Command
08:34:41 PM     0        17     19.00      0.00  rcu_preempt
08:34:41 PM     0        36      1.00      0.00  ksoftirqd/3
08:34:41 PM     0        42      1.00      0.00  ksoftirqd/4
08:34:41 PM     0        60      1.00      0.00  ksoftirqd/7
08:34:41 PM     0        72      1.00      0.00  ksoftirqd/9
08:34:41 PM     0        78      1.00      0.00  ksoftirqd/10
08:34:41 PM     0        95      2.00      0.00  kcompactd0
08:34:41 PM     0       453      1.00      0.00  multipathd
08:34:41 PM     0     98256      2.00      0.00  kworker/u24:2-events_unbound
08:34:41 PM     0    118120      3.00      0.00  kworker/9:2-events
08:34:41 PM     0    140699      2.00      0.00  kworker/1:0-events
08:34:41 PM     0    146022      2.00      0.00  kworker/11:1-events
08:34:41 PM     0    156170      2.00      0.00  kworker/u24:3-events_power_efficient
08:34:41 PM     0    157360      1.00      0.00  kworker/4:2-events
08:34:41 PM     0    159214      4.00      0.00  kworker/7:1-events
08:34:41 PM     0    159909      3.00      0.00  kworker/6:2-events
08:34:41 PM     0    160609     11.00      0.00  kworker/2:1-events
08:34:41 PM     0    162126      2.00      0.00  kworker/8:1-events
08:34:41 PM     0    162510      1.00      0.00  iostat
08:34:41 PM     0    162511      1.00      0.00  pidstat
08:34:41 PM     0    162512      5.00      0.00  bash
08:34:41 PM     0    162513      8.00      0.00  bash
08:34:41 PM     0    162514      4.00      0.00  bash
08:34:41 PM     0    162516     99.00      0.00  fio
08:34:41 PM     0    162665      1.00      0.00  kworker/5:2-mm_percpu_wq
08:34:41 PM     0    162939      1.00      0.00  sleep
08:34:41 PM     0    162950      1.00      0.00  sleep
08:34:41 PM     0    162951      1.00      0.00  sleep

08:34:41 PM   UID       PID   cswch/s nvcswch/s  Command
08:34:42 PM     0        16      1.00      0.00  ksoftirqd/0
08:34:42 PM     0        17     22.00      0.00  rcu_preempt
08:34:42 PM     0        18      1.00      0.00  migration/0
08:34:42 PM     0        23      1.00      0.00  migration/1
08:34:42 PM     0        24      1.00      0.00  ksoftirqd/1
08:34:42 PM     0        29      1.00      0.00  migration/2
08:34:42 PM     0        35      1.00      0.00  migration/3
08:34:42 PM     0        41      1.00      0.00  migration/4
08:34:42 PM     0        47      1.00      0.00  migration/5
08:34:42 PM     0        53      1.00      0.00  migration/6
08:34:42 PM     0        59      1.00      0.00  migration/7
08:34:42 PM     0        60      1.00      0.00  ksoftirqd/7
08:34:42 PM     0        65      1.00      0.00  migration/8
08:34:42 PM     0        71      1.00      0.00  migration/9
08:34:42 PM     0        77      1.00      0.00  migration/10
08:34:42 PM     0        83      1.00      0.00  migration/11
08:34:42 PM     0        95      2.00      0.00  kcompactd0
08:34:42 PM     0       194      1.00      0.00  kworker/8:1H-kblockd
08:34:42 PM     0       453      1.00      0.00  multipathd
08:34:42 PM     0     98256      2.00      0.00  kworker/u24:2-ext4-rsv-conversion
08:34:42 PM     0    112707      1.00      0.00  kworker/3:0-mm_percpu_wq
08:34:42 PM     0    118120      2.00      0.00  kworker/9:2-mm_percpu_wq
08:34:42 PM     0    129890      2.00      0.00  kworker/10:2-mm_percpu_wq
08:34:42 PM     0    137207      3.00      0.00  kworker/0:2-mm_percpu_wq
08:34:42 PM     0    140699      2.00      0.00  kworker/1:0-mm_percpu_wq
08:34:42 PM     0    146022      1.00      0.00  kworker/11:1-mm_percpu_wq
08:34:42 PM     0    156170      5.00      0.00  kworker/u24:3-writeback
08:34:42 PM     0    157360      2.00      0.00  kworker/4:2-mm_percpu_wq
08:34:42 PM     0    159214      2.00      0.00  kworker/7:1-mm_percpu_wq
08:34:42 PM     0    159909      1.00      0.00  kworker/6:2-events
08:34:42 PM     0    160609     12.00      0.00  kworker/2:1-events
08:34:42 PM     0    162126      1.00      0.00  kworker/8:1-mm_percpu_wq
08:34:42 PM     0    162510      1.00      0.00  iostat
08:34:42 PM     0    162511      1.00      0.00  pidstat
08:34:42 PM     0    162512      5.00      0.00  bash
08:34:42 PM     0    162513      8.00      0.00  bash
08:34:42 PM     0    162514      4.00      0.00  bash
08:34:42 PM     0    162516     99.00      0.00  fio
08:34:42 PM     0    162665      3.00      0.00  kworker/5:2-mm_percpu_wq
08:34:42 PM     0    162954      1.00      0.00  sleep
08:34:42 PM     0    162965      1.00      0.00  sleep
08:34:42 PM     0    162966      1.00      0.00  sleep

08:34:42 PM   UID       PID   cswch/s nvcswch/s  Command
08:34:43 PM     0        17     20.00      0.00  rcu_preempt
08:34:43 PM     0        24      1.00      0.00  ksoftirqd/1
08:34:43 PM     0        42      1.00      0.00  ksoftirqd/4
08:34:43 PM     0        60      1.00      0.00  ksoftirqd/7
08:34:43 PM     0        72      1.00      0.00  ksoftirqd/9
08:34:43 PM     0        78      1.00      0.00  ksoftirqd/10
08:34:43 PM     0        95      2.00      0.00  kcompactd0
08:34:43 PM     0       453      1.00      0.00  multipathd
08:34:43 PM     0     21554      1.00      0.00  packagekitd
08:34:43 PM     0     98256      1.00      0.00  kworker/u24:2-ext4-rsv-conversion
08:34:43 PM     0    118120      2.00      0.00  kworker/9:2-events
08:34:43 PM     0    129890      3.00      0.00  kworker/10:2-events
08:34:43 PM     0    140699      2.00      0.00  kworker/1:0-events
08:34:43 PM     0    146022      2.00      0.00  kworker/11:1-events
08:34:43 PM     0    156170      1.00      0.00  kworker/u24:3-events_unbound
08:34:43 PM     0    157360      1.00      0.00  kworker/4:2-events
08:34:43 PM     0    159214      3.00      0.00  kworker/7:1-events
08:34:43 PM     0    159909      1.00      0.00  kworker/6:2-mm_percpu_wq
08:34:43 PM     0    160609     11.00      0.00  kworker/2:1-events
08:34:43 PM     0    162126      1.00      0.00  kworker/8:1-events
08:34:43 PM     0    162510      1.00      0.00  iostat
08:34:43 PM     0    162511      1.00      0.00  pidstat
08:34:43 PM     0    162512      5.00      0.00  bash
08:34:43 PM     0    162513      8.00      0.00  bash
08:34:43 PM     0    162514      4.00      0.00  bash
08:34:43 PM     0    162516     99.00      0.00  fio
08:34:43 PM     0    162665      1.00      0.00  kworker/5:2-events
08:34:43 PM     0    162969      1.00      0.00  sleep
08:34:43 PM     0    162980      1.00      0.00  sleep
08:34:43 PM     0    162981      1.00      0.00  sleep

08:34:43 PM   UID       PID   cswch/s nvcswch/s  Command
08:34:44 PM     0        16      1.00      0.00  ksoftirqd/0
08:34:44 PM     0        17     21.00      0.00  rcu_preempt
08:34:44 PM     0        36      1.00      0.00  ksoftirqd/3
08:34:44 PM     0        60      1.00      0.00  ksoftirqd/7
08:34:44 PM     0        72      1.00      0.00  ksoftirqd/9
08:34:44 PM     0        78      1.00      0.00  ksoftirqd/10
08:34:44 PM     0        95      2.00      0.00  kcompactd0
08:34:44 PM     0       188      1.00      0.00  kworker/2:1H-kblockd
08:34:44 PM     0       453      1.00      0.00  multipathd
08:34:44 PM     0       562      3.00      0.00  jbd2/nvme1n1p3-8
08:34:44 PM     0    118120      5.00      0.00  kworker/9:2-mm_percpu_wq
08:34:44 PM     0    129890      2.00      0.00  kworker/10:2-events
08:34:44 PM     0    137207      2.00      0.00  kworker/0:2-events
08:34:44 PM     0    146022      1.00      0.00  kworker/11:1-events
08:34:44 PM     0    156170      1.00      0.00  kworker/u24:3-edac-poller
08:34:44 PM     0    157360      2.00      0.00  kworker/4:2-mm_percpu_wq
08:34:44 PM     0    159214      2.00      0.00  kworker/7:1-mm_percpu_wq
08:34:44 PM     0    159909      1.00      0.00  kworker/6:2-mm_percpu_wq
08:34:44 PM     0    160609     11.00      0.00  kworker/2:1-events
08:34:44 PM     0    162126      1.00      0.00  kworker/8:1-mm_percpu_wq
08:34:44 PM     0    162510      1.00      0.00  iostat
08:34:44 PM     0    162511      1.00      1.00  pidstat
08:34:44 PM     0    162512      5.00      0.00  bash
08:34:44 PM     0    162513      7.00      0.00  bash
08:34:44 PM     0    162514      4.00      0.00  bash
08:34:44 PM     0    162516     99.00      0.00  fio
08:34:44 PM     0    162984      1.00      0.00  sleep
08:34:44 PM     0    162995      1.00      0.00  sleep
08:34:44 PM     0    162996      1.00      0.00  sleep

08:34:44 PM   UID       PID   cswch/s nvcswch/s  Command
08:34:45 PM     0        17     19.80      0.00  rcu_preempt
08:34:45 PM     0        72      2.97      0.00  ksoftirqd/9
08:34:45 PM     0        95      1.98      0.00  kcompactd0
08:34:45 PM     0       102      0.99      0.00  irq/9-acpi
08:34:45 PM     0       190      0.99      0.00  kworker/10:1H-kblockd
08:34:45 PM     0       453      0.99      0.00  multipathd
08:34:45 PM     0     98256      0.99      0.00  kworker/u24:2-ext4-rsv-conversion
08:34:45 PM     0    112707      0.99      0.00  kworker/3:0-mm_percpu_wq
08:34:45 PM     0    118120      2.97      0.00  kworker/9:2-events
08:34:45 PM     0    129890      2.97      0.00  kworker/10:2-mm_percpu_wq
08:34:45 PM     0    137207      5.94      0.00  kworker/0:2+pm
08:34:45 PM     0    140699      1.98      0.00  kworker/1:0-events
08:34:45 PM     0    146022      2.97      0.00  kworker/11:1-events
08:34:45 PM     0    155772      1.98      0.00  kworker/0:1-kacpi_notify
08:34:45 PM     0    156170      0.99      0.00  kworker/u24:3-events_unbound
08:34:45 PM     0    157360      0.99      0.00  kworker/4:2-events
08:34:45 PM     0    159214      0.99      0.00  kworker/7:1-events
08:34:45 PM     0    159909      0.99      0.00  kworker/6:2-mm_percpu_wq
08:34:45 PM     0    160609     12.87      0.00  kworker/2:1-events
08:34:45 PM     0    162126      0.99      0.00  kworker/8:1-events
08:34:45 PM     0    162510      0.99      0.00  iostat
08:34:45 PM     0    162511      0.99      5.94  pidstat
08:34:45 PM     0    162512      4.95      0.00  bash
08:34:45 PM     0    162513      5.94      0.00  bash
08:34:45 PM     0    162514      3.96      0.00  bash
08:34:45 PM     0    162516     99.01      0.00  fio
08:34:45 PM     0    162999      0.99      0.00  sleep
08:34:45 PM     0    163009      0.99      0.00  sleep
08:34:45 PM     0    163011      0.99      0.00  sleep

08:34:45 PM   UID       PID   cswch/s nvcswch/s  Command
08:34:46 PM     0         2      1.00      0.00  kthreadd
08:34:46 PM     0        17     22.00      0.00  rcu_preempt
08:34:46 PM     0        18      1.00      0.00  migration/0
08:34:46 PM     0        23      1.00      0.00  migration/1
08:34:46 PM     0        29      1.00      0.00  migration/2
08:34:46 PM     0        35      1.00      0.00  migration/3
08:34:46 PM     0        41      1.00      0.00  migration/4
08:34:46 PM     0        47      1.00      0.00  migration/5
08:34:46 PM     0        53      1.00      0.00  migration/6
08:34:46 PM     0        54      1.00      0.00  ksoftirqd/6
08:34:46 PM     0        59      1.00      0.00  migration/7
08:34:46 PM     0        65      1.00      0.00  migration/8
08:34:46 PM     0        71      2.00      0.00  migration/9
08:34:46 PM     0        77      1.00      0.00  migration/10
08:34:46 PM     0        83      1.00      0.00  migration/11
08:34:46 PM     0        95      2.00      0.00  kcompactd0
08:34:46 PM     0       453      1.00      0.00  multipathd
08:34:46 PM     0    112707      1.00      0.00  kworker/3:0-mm_percpu_wq
08:34:46 PM     0    118120      3.00      0.00  kworker/9:2-mm_percpu_wq
08:34:46 PM     0    129890      2.00      0.00  kworker/10:2-mm_percpu_wq
08:34:46 PM     0    137207      2.00      0.00  kworker/0:2-mm_percpu_wq
08:34:46 PM     0    146022      1.00      0.00  kworker/11:1-mm_percpu_wq
08:34:46 PM     0    156170      1.00      0.00  kworker/u24:3-edac-poller
08:34:46 PM     0    157360      3.00      0.00  kworker/4:2-events
08:34:46 PM     0    159214      4.00      0.00  kworker/7:1-mm_percpu_wq
08:34:46 PM     0    159909      2.00      0.00  kworker/6:2-events
08:34:46 PM     0    160609     10.00      0.00  kworker/2:1-events
08:34:46 PM     0    162126      1.00      0.00  kworker/8:1-mm_percpu_wq
08:34:46 PM     0    162510      1.00      0.00  iostat
08:34:46 PM     0    162511      1.00      0.00  pidstat
08:34:46 PM     0    162512      5.00      0.00  bash
08:34:46 PM     0    162513      6.00      0.00  bash
08:34:46 PM     0    162514      4.00      0.00  bash
08:34:46 PM     0    162516     99.00      0.00  fio
08:34:46 PM     0    162665      1.00      0.00  kworker/5:2-mm_percpu_wq
08:34:46 PM     0    163012      3.00      0.00  kworker/0:0-i915-unordered
08:34:46 PM     0    163015      1.00      0.00  sleep
08:34:46 PM     0    163026      1.00      0.00  sleep
08:34:46 PM     0    163027      1.00      0.00  sleep

08:34:46 PM   UID       PID   cswch/s nvcswch/s  Command
08:34:47 PM     0        16      1.00      0.00  ksoftirqd/0
08:34:47 PM     0        17     25.00      0.00  rcu_preempt
08:34:47 PM     0        23      1.00      0.00  migration/1
08:34:47 PM     0        36      1.00      0.00  ksoftirqd/3
08:34:47 PM     0        42      1.00      0.00  ksoftirqd/4
08:34:47 PM     0        60      2.00      0.00  ksoftirqd/7
08:34:47 PM     0        95      2.00      0.00  kcompactd0
08:34:47 PM     0       453      1.00      0.00  multipathd
08:34:47 PM     0     98256      2.00      0.00  kworker/u24:2-events_unbound
08:34:47 PM     0    112707      1.00      0.00  kworker/3:0-events
08:34:47 PM     0    118120      3.00      0.00  kworker/9:2-events
08:34:47 PM     0    129890      2.00      0.00  kworker/10:2-events
08:34:47 PM     0    140699      3.00      0.00  kworker/1:0-events
08:34:47 PM     0    146022      2.00      0.00  kworker/11:1-events
08:34:47 PM     0    156170      2.00      0.00  kworker/u24:3-events_power_efficient
08:34:47 PM     0    157360      2.00      0.00  kworker/4:2-events
08:34:47 PM     0    159214      2.00      0.00  kworker/7:1-events
08:34:47 PM     0    159909      3.00      0.00  kworker/6:2-events
08:34:47 PM     0    160609     12.00      0.00  kworker/2:1-events
08:34:47 PM     0    162126      1.00      0.00  kworker/8:1-events
08:34:47 PM     0    162510      1.00      0.00  iostat
08:34:47 PM     0    162511      1.00      0.00  pidstat
08:34:47 PM     0    162512      5.00      0.00  bash
08:34:47 PM     0    162513      8.00      0.00  bash
08:34:47 PM     0    162514      4.00      0.00  bash
08:34:47 PM     0    162516     99.00      0.00  fio
08:34:47 PM     0    162665      1.00      0.00  kworker/5:2-mm_percpu_wq
08:34:47 PM     0    163030      1.00      0.00  sleep
08:34:47 PM     0    163041      1.00      0.00  sleep
08:34:47 PM     0    163042      1.00      0.00  sleep

08:34:47 PM   UID       PID   cswch/s nvcswch/s  Command
08:34:48 PM     0        17     25.00      0.00  rcu_preempt
08:34:48 PM     0        95      2.00      0.00  kcompactd0
08:34:48 PM     0       453      1.00      0.00  multipathd
08:34:48 PM     0     98256      4.00      0.00  kworker/u24:2-edac-poller
08:34:48 PM     0    112707      2.00      0.00  kworker/3:0-mm_percpu_wq
08:34:48 PM     0    118120      3.00      0.00  kworker/9:2-events
08:34:48 PM     0    129890      3.00      0.00  kworker/10:2-events
08:34:48 PM     0    137207      2.00      0.00  kworker/0:2-events
08:34:48 PM     0    140699      1.00      0.00  kworker/1:0-mm_percpu_wq
08:34:48 PM     0    146022      1.00      0.00  kworker/11:1-mm_percpu_wq
08:34:48 PM     0    157360      2.00      0.00  kworker/4:2-mm_percpu_wq
08:34:48 PM     0    159214      2.00      0.00  kworker/7:1-mm_percpu_wq
08:34:48 PM     0    159909      2.00      0.00  kworker/6:2-events
08:34:48 PM     0    160609     11.00      0.00  kworker/2:1-events
08:34:48 PM     0    162510      1.00      0.00  iostat
08:34:48 PM     0    162511      1.00      0.00  pidstat
08:34:48 PM     0    162512      5.00      0.00  bash
08:34:48 PM     0    162513      7.00      0.00  bash
08:34:48 PM     0    162514      4.00      0.00  bash
08:34:48 PM     0    162516     99.00      0.00  fio
08:34:48 PM     0    162665      1.00      0.00  kworker/5:2-mm_percpu_wq
08:34:48 PM     0    163045      1.00      0.00  sleep
08:34:48 PM     0    163056      1.00      0.00  sleep
08:34:48 PM     0    163057      1.00      0.00  sleep

08:34:48 PM   UID       PID   cswch/s nvcswch/s  Command
08:34:49 PM     0        16      1.00      0.00  ksoftirqd/0
08:34:49 PM     0        17     24.00      0.00  rcu_preempt
08:34:49 PM     0        36      1.00      0.00  ksoftirqd/3
08:34:49 PM     0        48      2.00      1.00  ksoftirqd/5
08:34:49 PM     0        54      1.00      0.00  ksoftirqd/6
08:34:49 PM     0        60      1.00      0.00  ksoftirqd/7
08:34:49 PM     0        72      1.00      0.00  ksoftirqd/9
08:34:49 PM     0        95      2.00      0.00  kcompactd0
08:34:49 PM     0       453      1.00      0.00  multipathd
08:34:49 PM     0       562      3.00      0.00  jbd2/nvme1n1p3-8
08:34:49 PM     0     98256      3.00      0.00  kworker/u24:2-events_unbound
08:34:49 PM     0    112707      1.00      0.00  kworker/3:0-mm_percpu_wq
08:34:49 PM     0    118120      3.00      0.00  kworker/9:2-events
08:34:49 PM     0    129890      1.00      0.00  kworker/10:2-mm_percpu_wq
08:34:49 PM     0    137207      1.00      0.00  kworker/0:2-mm_percpu_wq
08:34:49 PM     0    140699      3.00      0.00  kworker/1:0-events
08:34:49 PM     0    146022      3.00      0.00  kworker/11:1-events
08:34:49 PM     0    156170      1.00      0.00  kworker/u24:3-events_power_efficient
08:34:49 PM     0    157360      1.00      0.00  kworker/4:2-events
08:34:49 PM     0    159214      4.00      0.00  kworker/7:1-events
08:34:49 PM     0    159909      2.00      0.00  kworker/6:2-events
08:34:49 PM     0    160609     12.00      0.00  kworker/2:1-events
08:34:49 PM     0    162126      2.00      0.00  kworker/8:1-events
08:34:49 PM     0    162510      1.00      0.00  iostat
08:34:49 PM     0    162511      1.00      0.00  pidstat
08:34:49 PM     0    162512      5.00      0.00  bash
08:34:49 PM     0    162513      8.00      0.00  bash
08:34:49 PM     0    162514      4.00      0.00  bash
08:34:49 PM     0    162516     99.00      0.00  fio
08:34:49 PM     0    162665      2.00      0.00  kworker/5:2-events
08:34:49 PM     0    163060      1.00      0.00  sleep
08:34:49 PM     0    163071      1.00      0.00  sleep
08:34:49 PM     0    163072      1.00      0.00  sleep

08:34:49 PM   UID       PID   cswch/s nvcswch/s  Command
08:34:50 PM     0        17     18.00      0.00  rcu_preempt
08:34:50 PM     0        18      1.00      0.00  migration/0
08:34:50 PM     0        23      1.00      0.00  migration/1
08:34:50 PM     0        29      1.00      0.00  migration/2
08:34:50 PM     0        35      1.00      0.00  migration/3
08:34:50 PM     0        41      1.00      0.00  migration/4
08:34:50 PM     0        47      1.00      0.00  migration/5
08:34:50 PM     0        48      1.00      0.00  ksoftirqd/5
08:34:50 PM     0        53      1.00      0.00  migration/6
08:34:50 PM     0        59      1.00      0.00  migration/7
08:34:50 PM     0        60      1.00      0.00  ksoftirqd/7
08:34:50 PM     0        65      1.00      0.00  migration/8
08:34:50 PM     0        71      1.00      0.00  migration/9
08:34:50 PM     0        77      1.00      0.00  migration/10
08:34:50 PM     0        78      1.00      0.00  ksoftirqd/10
08:34:50 PM     0        83      1.00      0.00  migration/11
08:34:50 PM     0        95      2.00      0.00  kcompactd0
08:34:50 PM     0       188      1.00      0.00  kworker/2:1H-kblockd
08:34:50 PM     0       453      1.00      0.00  multipathd
08:34:50 PM     0     98256      1.00      0.00  kworker/u24:2-edac-poller
08:34:50 PM     0    112707      2.00      0.00  kworker/3:0-events
08:34:50 PM     0    118120      2.00      0.00  kworker/9:2-mm_percpu_wq
08:34:50 PM     0    129890      4.00      0.00  kworker/10:2-events
08:34:50 PM     0    137207      1.00      0.00  kworker/0:2-events
08:34:50 PM     0    140699      2.00      0.00  kworker/1:0-events
08:34:50 PM     0    146022      3.00      0.00  kworker/11:1-events
08:34:50 PM     0    157360      2.00      0.00  kworker/4:2-events
08:34:50 PM     0    159214      4.00      0.00  kworker/7:1-events
08:34:50 PM     0    159909      1.00      0.00  kworker/6:2-mm_percpu_wq
08:34:50 PM     0    160609     11.00      0.00  kworker/2:1-events
08:34:50 PM     0    162510      1.00      0.00  iostat
08:34:50 PM     0    162511      1.00      0.00  pidstat
08:34:50 PM     0    162512      5.00      0.00  bash
08:34:50 PM     0    162513      8.00      0.00  bash
08:34:50 PM     0    162514      4.00      0.00  bash
08:34:50 PM     0    162516     99.00      0.00  fio
08:34:50 PM     0    162665      2.00      0.00  kworker/5:2-events
08:34:50 PM     0    163075      1.00      0.00  sleep
08:34:50 PM     0    163086      1.00      0.00  sleep
08:34:50 PM     0    163087      1.00      0.00  sleep

08:34:50 PM   UID       PID   cswch/s nvcswch/s  Command
08:34:51 PM     0        17     18.00      0.00  rcu_preempt
08:34:51 PM     0        42      1.00      0.00  ksoftirqd/4
08:34:51 PM     0        48      1.00      0.00  ksoftirqd/5
08:34:51 PM     0        60      1.00      0.00  ksoftirqd/7
08:34:51 PM     0        72      1.00      0.00  ksoftirqd/9
08:34:51 PM     0        78      1.00      0.00  ksoftirqd/10
08:34:51 PM     0        84      1.00      1.00  ksoftirqd/11
08:34:51 PM     0        95      2.00      0.00  kcompactd0
08:34:51 PM     0       453      1.00      0.00  multipathd
08:34:51 PM     0     98256      1.00      0.00  kworker/u24:2-events_unbound
08:34:51 PM     0    112707      1.00      0.00  kworker/3:0-mm_percpu_wq
08:34:51 PM     0    118120      3.00      0.00  kworker/9:2-mm_percpu_wq
08:34:51 PM     0    129890      2.00      0.00  kworker/10:2-mm_percpu_wq
08:34:51 PM     0    137207      1.00      0.00  kworker/0:2-mm_percpu_wq
08:34:51 PM     0    140699      3.00      0.00  kworker/1:0-events
08:34:51 PM     0    146022      4.00      0.00  kworker/11:1-events
08:34:51 PM     0    156170      1.00      0.00  kworker/u24:3-events_power_efficient
08:34:51 PM     0    159214      3.00      0.00  kworker/7:1-events
08:34:51 PM     0    159909      1.00      0.00  kworker/6:2-mm_percpu_wq
08:34:51 PM     0    160609     11.00      0.00  kworker/2:1-events
08:34:51 PM     0    162126      2.00      0.00  kworker/8:1-events
08:34:51 PM     0    162510      1.00      0.00  iostat
08:34:51 PM     0    162511      1.00      0.00  pidstat
08:34:51 PM     0    162512      5.00      0.00  bash
08:34:51 PM     0    162513      8.00      0.00  bash
08:34:51 PM     0    162514      4.00      0.00  bash
08:34:51 PM     0    162516     99.00      0.00  fio
08:34:51 PM     0    162665      3.00      0.00  kworker/5:2-events
08:34:51 PM     0    163090      1.00      0.00  sleep
08:34:51 PM     0    163101      1.00      0.00  sleep
08:34:51 PM     0    163102      1.00      0.00  sleep

08:34:51 PM   UID       PID   cswch/s nvcswch/s  Command
08:34:52 PM     0        16      1.00      0.00  ksoftirqd/0
08:34:52 PM     0        17     17.00      0.00  rcu_preempt
08:34:52 PM     0        18      1.00      0.00  migration/0
08:34:52 PM     0        24      1.00      0.00  ksoftirqd/1
08:34:52 PM     0        60      1.00      0.00  ksoftirqd/7
08:34:52 PM     0        78      1.00      0.00  ksoftirqd/10
08:34:52 PM     0        83      1.00      0.00  migration/11
08:34:52 PM     0        95      2.00      0.00  kcompactd0
08:34:52 PM     0       453      1.00      0.00  multipathd
08:34:52 PM     0     98256      1.00      0.00  kworker/u24:2-events_power_efficient
08:34:52 PM     0    112707      1.00      0.00  kworker/3:0-mm_percpu_wq
08:34:52 PM     0    118120      2.00      0.00  kworker/9:2-mm_percpu_wq
08:34:52 PM     0    129890      4.00      0.00  kworker/10:2-events
08:34:52 PM     0    137207      3.00      0.00  kworker/0:2-events
08:34:52 PM     0    140699      3.00      0.00  kworker/1:0-events
08:34:52 PM     0    146022      2.00      0.00  kworker/11:1-mm_percpu_wq
08:34:52 PM     0    156170      2.00      0.00  kworker/u24:3-edac-poller
08:34:52 PM     0    157360      2.00      0.00  kworker/4:2-mm_percpu_wq
08:34:52 PM     0    159214      3.00      0.00  kworker/7:1-events
08:34:52 PM     0    159909      1.00      0.00  kworker/6:2-mm_percpu_wq
08:34:52 PM     0    160609     11.00      0.00  kworker/2:1-events
08:34:52 PM     0    162510      1.00      0.00  iostat
08:34:52 PM     0    162511      1.00      0.00  pidstat
08:34:52 PM     0    162512      5.00      0.00  bash
08:34:52 PM     0    162513      7.00      1.00  bash
08:34:52 PM     0    162514      4.00      0.00  bash
08:34:52 PM     0    162516     99.00      0.00  fio
08:34:52 PM     0    162665      2.00      0.00  kworker/5:2-events
08:34:52 PM     0    163105      1.00      0.00  sleep
08:34:52 PM     0    163116      1.00      0.00  sleep
08:34:52 PM     0    163117      1.00      0.00  sleep

08:34:52 PM   UID       PID   cswch/s nvcswch/s  Command
08:34:53 PM     0        16      1.00      0.00  ksoftirqd/0
08:34:53 PM     0        17     18.00      0.00  rcu_preempt
08:34:53 PM     0        23      1.00      0.00  migration/1
08:34:53 PM     0        36      1.00      0.00  ksoftirqd/3
08:34:53 PM     0        42      2.00      0.00  ksoftirqd/4
08:34:53 PM     0        78      1.00      0.00  ksoftirqd/10
08:34:53 PM     0        84      1.00      0.00  ksoftirqd/11
08:34:53 PM     0        95      2.00      0.00  kcompactd0
08:34:53 PM     0       453      1.00      0.00  multipathd
08:34:53 PM     0     21554      1.00      0.00  packagekitd
08:34:53 PM     0     98256      3.00      0.00  kworker/u24:2-edac-poller
08:34:53 PM     0    112707      2.00      0.00  kworker/3:0-mm_percpu_wq
08:34:53 PM     0    129890      4.00      0.00  kworker/10:2-events
08:34:53 PM     0    137207      1.00      0.00  kworker/0:2-mm_percpu_wq
08:34:53 PM     0    140699      3.00      0.00  kworker/1:0-events
08:34:53 PM     0    146022      5.00      0.00  kworker/11:1-events
08:34:53 PM     0    156170      3.00      0.00  kworker/u24:3-events_power_efficient
08:34:53 PM     0    157360      1.00      0.00  kworker/4:2-mm_percpu_wq
08:34:53 PM     0    159214      2.00      0.00  kworker/7:1-events
08:34:53 PM     0    159909      1.00      0.00  kworker/6:2-mm_percpu_wq
08:34:53 PM     0    160609     14.00      0.00  kworker/2:1-events
08:34:53 PM     0    162126      1.00      0.00  kworker/8:1-mm_percpu_wq
08:34:53 PM     0    162510      1.00      0.00  iostat
08:34:53 PM     0    162511      1.00      0.00  pidstat
08:34:53 PM     0    162512      5.00      0.00  bash
08:34:53 PM     0    162513      8.00      0.00  bash
08:34:53 PM     0    162514      4.00      0.00  bash
08:34:53 PM     0    162516    100.00      0.00  fio
08:34:53 PM     0    162665      1.00      0.00  kworker/5:2-mm_percpu_wq
08:34:53 PM     0    163120      1.00      0.00  sleep
08:34:53 PM     0    163131      1.00      0.00  sleep
08:34:53 PM     0    163132      1.00      0.00  sleep

08:34:53 PM   UID       PID   cswch/s nvcswch/s  Command
08:34:54 PM     0        17     21.00      0.00  rcu_preempt
08:34:54 PM     0        18      1.00      0.00  migration/0
08:34:54 PM     0        23      1.00      0.00  migration/1
08:34:54 PM     0        24      1.00      1.00  ksoftirqd/1
08:34:54 PM     0        29      1.00      0.00  migration/2
08:34:54 PM     0        35      1.00      0.00  migration/3
08:34:54 PM     0        36      1.00      0.00  ksoftirqd/3
08:34:54 PM     0        41      1.00      0.00  migration/4
08:34:54 PM     0        47      1.00      0.00  migration/5
08:34:54 PM     0        53      1.00      0.00  migration/6
08:34:54 PM     0        59      1.00      0.00  migration/7
08:34:54 PM     0        60      1.00      0.00  ksoftirqd/7
08:34:54 PM     0        65      1.00      0.00  migration/8
08:34:54 PM     0        71      1.00      0.00  migration/9
08:34:54 PM     0        77      1.00      0.00  migration/10
08:34:54 PM     0        83      1.00      0.00  migration/11
08:34:54 PM     0        84      1.00      0.00  ksoftirqd/11
08:34:54 PM     0        95      2.00      0.00  kcompactd0
08:34:54 PM     0       113      1.00      0.00  kworker/5:1H-kblockd
08:34:54 PM     0       453      1.00      0.00  multipathd
08:34:54 PM     0       562      3.00      0.00  jbd2/nvme1n1p3-8
08:34:54 PM     0     98256      2.00      0.00  kworker/u24:2-events_power_efficient
08:34:54 PM     0    112707      2.00      0.00  kworker/3:0-events
08:34:54 PM     0    118120      2.00      0.00  kworker/9:2-mm_percpu_wq
08:34:54 PM     0    129890      3.00      0.00  kworker/10:2-events
08:34:54 PM     0    137207      1.00      0.00  kworker/0:2-events
08:34:54 PM     0    140699      3.00      0.00  kworker/1:0-events
08:34:54 PM     0    146022      3.00      0.00  kworker/11:1-events
08:34:54 PM     0    156170      2.00      0.00  kworker/u24:3-edac-poller
08:34:54 PM     0    157360      1.00      0.00  kworker/4:2-mm_percpu_wq
08:34:54 PM     0    159214      2.00      0.00  kworker/7:1-events
08:34:54 PM     0    159909      2.00      0.00  kworker/6:2-events
08:34:54 PM     0    160609     10.00      0.00  kworker/2:1-events
08:34:54 PM     0    162126      1.00      0.00  kworker/8:1-mm_percpu_wq
08:34:54 PM     0    162510      1.00      0.00  iostat
08:34:54 PM     0    162511      1.00      0.00  pidstat
08:34:54 PM     0    162512      5.00      0.00  bash
08:34:54 PM     0    162513      7.00      0.00  bash
08:34:54 PM     0    162514      4.00      0.00  bash
08:34:54 PM     0    162516     99.00      0.00  fio
08:34:54 PM     0    162665      1.00      0.00  kworker/5:2-mm_percpu_wq
08:34:54 PM     0    163135      1.00      0.00  sleep
08:34:54 PM     0    163145      1.00      0.00  sleep
08:34:54 PM     0    163147      1.00      0.00  sleep

08:34:54 PM   UID       PID   cswch/s nvcswch/s  Command
08:34:55 PM     0        16      1.00      0.00  ksoftirqd/0
08:34:55 PM     0        17     16.00      0.00  rcu_preempt
08:34:55 PM     0        54      1.00      0.00  ksoftirqd/6
08:34:55 PM     0        60      1.00      0.00  ksoftirqd/7
08:34:55 PM     0        78      1.00      0.00  ksoftirqd/10
08:34:55 PM     0        95      2.00      0.00  kcompactd0
08:34:55 PM     0       453      1.00      0.00  multipathd
08:34:55 PM     0    112707      1.00      0.00  kworker/3:0-mm_percpu_wq
08:34:55 PM     0    118120      1.00      0.00  kworker/9:2-mm_percpu_wq
08:34:55 PM     0    129890      2.00      0.00  kworker/10:2-mm_percpu_wq
08:34:55 PM     0    137207      3.00      0.00  kworker/0:2-events
08:34:55 PM     0    140699      3.00      0.00  kworker/1:0-events
08:34:55 PM     0    146022      5.00      0.00  kworker/11:1-events
08:34:55 PM     0    156170      1.00      0.00  kworker/u24:3-edac-poller
08:34:55 PM     0    157360      1.00      0.00  kworker/4:2-mm_percpu_wq
08:34:55 PM     0    159214      2.00      0.00  kworker/7:1-events
08:34:55 PM     0    159909      2.00      0.00  kworker/6:2-events
08:34:55 PM     0    160609     11.00      0.00  kworker/2:1-events
08:34:55 PM     0    162126      1.00      0.00  kworker/8:1-mm_percpu_wq
08:34:55 PM     0    162510      1.00      0.00  iostat
08:34:55 PM     0    162511      1.00      0.00  pidstat
08:34:55 PM     0    162512      5.00      0.00  bash
08:34:55 PM     0    162513      6.00      0.00  bash
08:34:55 PM     0    162514      4.00      0.00  bash
08:34:55 PM     0    162516     99.00      0.00  fio
08:34:55 PM     0    162665      1.00      0.00  kworker/5:2-mm_percpu_wq
08:34:55 PM     0    163150      1.00      0.00  sleep
08:34:55 PM     0    163160      1.00      0.00  sleep
08:34:55 PM     0    163162      1.00      0.00  sleep

08:34:55 PM   UID       PID   cswch/s nvcswch/s  Command
08:34:56 PM     0        16      1.00      0.00  ksoftirqd/0
08:34:56 PM     0        17     20.00      0.00  rcu_preempt
08:34:56 PM     0        24      1.00      0.00  ksoftirqd/1
08:34:56 PM     0        42      2.00      0.00  ksoftirqd/4
08:34:56 PM     0        53      1.00      0.00  migration/6
08:34:56 PM     0        84      1.00      0.00  ksoftirqd/11
08:34:56 PM     0        95      2.00      0.00  kcompactd0
08:34:56 PM     0       102      1.00      0.00  irq/9-acpi
08:34:56 PM     0       453      1.00      0.00  multipathd
08:34:56 PM     0    112707      1.00      0.00  kworker/3:0-mm_percpu_wq
08:34:56 PM     0    118120      3.00      0.00  kworker/9:2-events
08:34:56 PM     0    129890      2.00      0.00  kworker/10:2-events
08:34:56 PM     0    137207   1140.00      0.00  kworker/0:2-events
08:34:56 PM     0    140699      4.00      0.00  kworker/1:0-events
08:34:56 PM     0    146022      2.00      0.00  kworker/11:1-events
08:34:56 PM     0    156170      3.00      0.00  kworker/u24:3-events_unbound
08:34:56 PM     0    157360      5.00      0.00  kworker/4:2-events
08:34:56 PM     0    159214      2.00      0.00  kworker/7:1-events
08:34:56 PM     0    159909      1.00      0.00  kworker/6:2-mm_percpu_wq
08:34:56 PM     0    160609     11.00      0.00  kworker/2:1-events
08:34:56 PM     0    162126      1.00      0.00  kworker/8:1-mm_percpu_wq
08:34:56 PM     0    162510      1.00      0.00  iostat
08:34:56 PM     0    162511      1.00      0.00  pidstat
08:34:56 PM     0    162512      5.00      0.00  bash
08:34:56 PM     0    162513      8.00      0.00  bash
08:34:56 PM     0    162514      4.00      0.00  bash
08:34:56 PM     0    162516     99.00      0.00  fio
08:34:56 PM     0    162665      1.00      0.00  kworker/5:2-mm_percpu_wq
08:34:56 PM     0    163012   1135.00      0.00  kworker/0:0-i915-unordered
08:34:56 PM     0    163165      1.00      0.00  sleep
08:34:56 PM     0    163175      1.00      0.00  sleep
08:34:56 PM     0    163177      1.00      0.00  sleep

08:34:56 PM   UID       PID   cswch/s nvcswch/s  Command
08:34:57 PM     0        17     17.00      0.00  rcu_preempt
08:34:57 PM     0        54      1.00      0.00  ksoftirqd/6
08:34:57 PM     0        60      3.00      0.00  ksoftirqd/7
08:34:57 PM     0        78      1.00      0.00  ksoftirqd/10
08:34:57 PM     0        95      2.00      0.00  kcompactd0
08:34:57 PM     0       188      1.00      0.00  kworker/2:1H-kblockd
08:34:57 PM     0       453      1.00      0.00  multipathd
08:34:57 PM     0     98256      2.00      0.00  kworker/u24:2-edac-poller
08:34:57 PM     0    112707      1.00      0.00  kworker/3:0-mm_percpu_wq
08:34:57 PM     0    118120      2.00      0.00  kworker/9:2-mm_percpu_wq
08:34:57 PM     0    129890      3.00      0.00  kworker/10:2-events
08:34:57 PM     0    140699      1.00      0.00  kworker/1:0-mm_percpu_wq
08:34:57 PM     0    146022      3.00      0.00  kworker/11:1-events
08:34:57 PM     0    156170      1.00      0.00  kworker/u24:3-events_power_efficient
08:34:57 PM     0    157360      2.00      0.00  kworker/4:2-events
08:34:57 PM     0    159214      3.00      0.00  kworker/7:1-events
08:34:57 PM     0    159909      3.00      0.00  kworker/6:2-events
08:34:57 PM     0    160609     13.00      0.00  kworker/2:1-events
08:34:57 PM     0    162126      1.00      0.00  kworker/8:1-mm_percpu_wq
08:34:57 PM     0    162510      1.00      0.00  iostat
08:34:57 PM     0    162511      1.00      0.00  pidstat
08:34:57 PM     0    162512      5.00      0.00  bash
08:34:57 PM     0    162513      8.00      0.00  bash
08:34:57 PM     0    162514      4.00      0.00  bash
08:34:57 PM     0    162516     99.00      0.00  fio
08:34:57 PM     0    162665      1.00      0.00  kworker/5:2-mm_percpu_wq
08:34:57 PM     0    163012      3.00      0.00  kworker/0:0-events
08:34:57 PM     0    163180      1.00      0.00  sleep
08:34:57 PM     0    163191      1.00      0.00  sleep
08:34:57 PM     0    163192      1.00      0.00  sleep

08:34:57 PM   UID       PID   cswch/s nvcswch/s  Command
08:34:58 PM     0        16      1.00      0.00  ksoftirqd/0
08:34:58 PM     0        17     18.00      0.00  rcu_preempt
08:34:58 PM     0        18      1.00      0.00  migration/0
08:34:58 PM     0        23      1.00      0.00  migration/1
08:34:58 PM     0        29      1.00      0.00  migration/2
08:34:58 PM     0        35      1.00      0.00  migration/3
08:34:58 PM     0        36      1.00      0.00  ksoftirqd/3
08:34:58 PM     0        41      1.00      0.00  migration/4
08:34:58 PM     0        42      2.00      0.00  ksoftirqd/4
08:34:58 PM     0        47      1.00      0.00  migration/5
08:34:58 PM     0        53      1.00      0.00  migration/6
08:34:58 PM     0        59      1.00      0.00  migration/7
08:34:58 PM     0        60      1.00      0.00  ksoftirqd/7
08:34:58 PM     0        65      1.00      0.00  migration/8
08:34:58 PM     0        71      1.00      0.00  migration/9
08:34:58 PM     0        77      1.00      0.00  migration/10
08:34:58 PM     0        83      1.00      0.00  migration/11
08:34:58 PM     0        95      2.00      0.00  kcompactd0
08:34:58 PM     0       453      1.00      0.00  multipathd
08:34:58 PM     0     98256      1.00      0.00  kworker/u24:2-events_unbound
08:34:58 PM     0    112707      2.00      0.00  kworker/3:0-mm_percpu_wq
08:34:58 PM     0    118120      2.00      0.00  kworker/9:2-mm_percpu_wq
08:34:58 PM     0    129890      1.00      0.00  kworker/10:2-mm_percpu_wq
08:34:58 PM     0    140699      1.00      0.00  kworker/1:0-events
08:34:58 PM     0    146022      2.00      0.00  kworker/11:1-events
08:34:58 PM     0    156170      4.00      0.00  kworker/u24:3-edac-poller
08:34:58 PM     0    157360      5.00      0.00  kworker/4:2-events
08:34:58 PM     0    159214      6.00      0.00  kworker/7:1-events
08:34:58 PM     0    160609     12.00      0.00  kworker/2:1-events
08:34:58 PM     0    162126      2.00      0.00  kworker/8:1-mm_percpu_wq
08:34:58 PM     0    162510      1.00      0.00  iostat
08:34:58 PM     0    162511      1.00      0.00  pidstat
08:34:58 PM     0    162512      5.00      0.00  bash
08:34:58 PM     0    162513      6.00      0.00  bash
08:34:58 PM     0    162514      4.00      0.00  bash
08:34:58 PM     0    162516     99.00      0.00  fio
08:34:58 PM     0    162665      2.00      0.00  kworker/5:2-mm_percpu_wq
08:34:58 PM     0    163012      1.00      0.00  kworker/0:0-events
08:34:58 PM     0    163195      1.00      0.00  sleep
08:34:58 PM     0    163205      1.00      0.00  sleep
08:34:58 PM     0    163207      1.00      0.00  sleep

08:34:58 PM   UID       PID   cswch/s nvcswch/s  Command
08:34:59 PM     0        16      1.00      0.00  ksoftirqd/0
08:34:59 PM     0        17     17.00      0.00  rcu_preempt
08:34:59 PM     0        23      2.00      0.00  migration/1
08:34:59 PM     0        35      1.00      0.00  migration/3
08:34:59 PM     0        42      1.00      0.00  ksoftirqd/4
08:34:59 PM     0        47      1.00      0.00  migration/5
08:34:59 PM     0        48      1.00      0.00  ksoftirqd/5
08:34:59 PM     0        60      1.00      0.00  ksoftirqd/7
08:34:59 PM     0        83      1.00      0.00  migration/11
08:34:59 PM     0        95      2.00      0.00  kcompactd0
08:34:59 PM     0       453      1.00      0.00  multipathd
08:34:59 PM     0       562      3.00      0.00  jbd2/nvme1n1p3-8
08:34:59 PM     0    112707      1.00      0.00  kworker/3:0-mm_percpu_wq
08:34:59 PM     0    118120      1.00      0.00  kworker/9:2-mm_percpu_wq
08:34:59 PM     0    129890      1.00      0.00  kworker/10:2-mm_percpu_wq
08:34:59 PM     0    140699      2.00      0.00  kworker/1:0-mm_percpu_wq
08:34:59 PM     0    146022      2.00      0.00  kworker/11:1-events
08:34:59 PM     0    156170      3.00      0.00  kworker/u24:3-edac-poller
08:34:59 PM     0    157360      2.00      0.00  kworker/4:2-mm_percpu_wq
08:34:59 PM     0    159214      3.00      0.00  kworker/7:1-events
08:34:59 PM     0    159909      1.00      0.00  kworker/6:2-mm_percpu_wq
08:34:59 PM     0    160609     12.00      0.00  kworker/2:1-events
08:34:59 PM     0    162126      1.00      0.00  kworker/8:1-mm_percpu_wq
08:34:59 PM     0    162510      1.00      0.00  iostat
08:34:59 PM     0    162511      1.00      0.00  pidstat
08:34:59 PM     0    162512      5.00      0.00  bash
08:34:59 PM     0    162513      6.00      0.00  bash
08:34:59 PM     0    162514      4.00      0.00  bash
08:34:59 PM     0    162516    100.00      0.00  fio
08:34:59 PM     0    162665      2.00      0.00  kworker/5:2-mm_percpu_wq
08:34:59 PM     0    163012      2.00      0.00  kworker/0:0-events
08:34:59 PM     0    163210      1.00      0.00  sleep
08:34:59 PM     0    163220      1.00      0.00  sleep
08:34:59 PM     0    163222      1.00      1.00  sleep

08:34:59 PM   UID       PID   cswch/s nvcswch/s  Command
08:35:00 PM     0        16      1.00      0.00  ksoftirqd/0
08:35:00 PM     0        17     18.00      0.00  rcu_preempt
08:35:00 PM     0        23      1.00      0.00  migration/1
08:35:00 PM     0        35      1.00      0.00  migration/3
08:35:00 PM     0        42      1.00      0.00  ksoftirqd/4
08:35:00 PM     0        72      1.00      0.00  ksoftirqd/9
08:35:00 PM     0        78      1.00      0.00  ksoftirqd/10
08:35:00 PM     0        95      2.00      0.00  kcompactd0
08:35:00 PM     0       453      1.00      0.00  multipathd
08:35:00 PM     0    112707      1.00      0.00  kworker/3:0-mm_percpu_wq
08:35:00 PM     0    118120      3.00      0.00  kworker/9:2-events
08:35:00 PM     0    129890      2.00      0.00  kworker/10:2-mm_percpu_wq
08:35:00 PM     0    140699      1.00      0.00  kworker/1:0-mm_percpu_wq
08:35:00 PM     0    146022      1.00      0.00  kworker/11:1-mm_percpu_wq
08:35:00 PM     0    156170      2.00      0.00  kworker/u24:3-edac-poller
08:35:00 PM     0    157360      3.00      0.00  kworker/4:2-mm_percpu_wq
08:35:00 PM     0    159214      2.00      0.00  kworker/7:1-events
08:35:00 PM     0    159909      2.00      0.00  kworker/6:2-events
08:35:00 PM     0    160609     11.00      0.00  kworker/2:1-events
08:35:00 PM     0    162126      1.00      0.00  kworker/8:1-mm_percpu_wq
08:35:00 PM     0    162510      1.00      0.00  iostat
08:35:00 PM     0    162511      1.00      0.00  pidstat
08:35:00 PM     0    162512      5.00      0.00  bash
08:35:00 PM     0    162513      8.00      1.00  bash
08:35:00 PM     0    162514      4.00      0.00  bash
08:35:00 PM     0    162516     99.00      0.00  fio
08:35:00 PM     0    162665      2.00      0.00  kworker/5:2-events
08:35:00 PM     0    163012      6.00      0.00  kworker/0:0-events
08:35:00 PM     0    163225      1.00      0.00  sleep
08:35:00 PM     0    163236      1.00      1.00  sleep
08:35:00 PM     0    163237      1.00      0.00  sleep

08:35:00 PM   UID       PID   cswch/s nvcswch/s  Command
08:35:01 PM     0        16      1.00      0.00  ksoftirqd/0
08:35:01 PM     0        17     18.00      0.00  rcu_preempt
08:35:01 PM     0        42      3.00      0.00  ksoftirqd/4
08:35:01 PM     0        95      2.00      0.00  kcompactd0
08:35:01 PM     0       453      1.00      0.00  multipathd
08:35:01 PM     0    112707      1.00      0.00  kworker/3:0-mm_percpu_wq
08:35:01 PM     0    118120      3.00      0.00  kworker/9:2-events
08:35:01 PM     0    129890      1.00      0.00  kworker/10:2-mm_percpu_wq
08:35:01 PM     0    140699      5.00      0.00  kworker/1:0-events
08:35:01 PM     0    146022      2.00      0.00  kworker/11:1-events
08:35:01 PM     0    156170      1.00      0.00  kworker/u24:3-edac-poller
08:35:01 PM     0    157360      4.00      0.00  kworker/4:2-events
08:35:01 PM     0    159214      2.00      0.00  kworker/7:1-events
08:35:01 PM     0    159909      2.00      0.00  kworker/6:2-events
08:35:01 PM     0    160609     14.00      0.00  kworker/2:1-events
08:35:01 PM     0    162126      1.00      0.00  kworker/8:1-mm_percpu_wq
08:35:01 PM     0    162510      1.00      0.00  iostat
08:35:01 PM     0    162511      1.00      0.00  pidstat
08:35:01 PM     0    162512      5.00      0.00  bash
08:35:01 PM     0    162513      7.00      1.00  bash
08:35:01 PM     0    162514      4.00      0.00  bash
08:35:01 PM     0    162516     99.00      0.00  fio
08:35:01 PM     0    162665      2.00      0.00  kworker/5:2-events
08:35:01 PM     0    163012      3.00      0.00  kworker/0:0-events
08:35:01 PM     0    163240      1.00      0.00  sleep
08:35:01 PM     0    163250      1.00      0.00  sleep
08:35:01 PM     0    163252      1.00      0.00  sleep

08:35:01 PM   UID       PID   cswch/s nvcswch/s  Command
08:35:02 PM     0        16      1.00      0.00  ksoftirqd/0
08:35:02 PM     0        17     31.00      0.00  rcu_preempt
08:35:02 PM     0        18      1.00      0.00  migration/0
08:35:02 PM     0        23      1.00      0.00  migration/1
08:35:02 PM     0        29      1.00      0.00  migration/2
08:35:02 PM     0        35      1.00      0.00  migration/3
08:35:02 PM     0        41      1.00      0.00  migration/4
08:35:02 PM     0        47      1.00      0.00  migration/5
08:35:02 PM     0        53      1.00      0.00  migration/6
08:35:02 PM     0        59      1.00      0.00  migration/7
08:35:02 PM     0        65      1.00      0.00  migration/8
08:35:02 PM     0        71      1.00      0.00  migration/9
08:35:02 PM     0        77      1.00      0.00  migration/10
08:35:02 PM     0        83      1.00      0.00  migration/11
08:35:02 PM     0        95      2.00      0.00  kcompactd0
08:35:02 PM     0       415      7.00      0.00  systemd-journal
08:35:02 PM     0       453      1.00      0.00  multipathd
08:35:02 PM     0       769      5.00      0.00  cron
08:35:02 PM     0     98256      1.00      0.00  kworker/u24:2-events_unbound
08:35:02 PM     0    112707      1.00      0.00  kworker/3:0-mm_percpu_wq
08:35:02 PM     0    118120      2.00      0.00  kworker/9:2-events
08:35:02 PM     0    129890      2.00      0.00  kworker/10:2-events
08:35:02 PM     0    140699      1.00      0.00  kworker/1:0-mm_percpu_wq
08:35:02 PM     0    146022      1.00      0.00  kworker/11:1-mm_percpu_wq
08:35:02 PM     0    156170      1.00      0.00  kworker/u24:3-events_unbound
08:35:02 PM     0    157360      3.00      0.00  kworker/4:2-events
08:35:02 PM     0    159214      2.00      0.00  kworker/7:1-mm_percpu_wq
08:35:02 PM     0    159909      3.00      0.00  kworker/6:2-events
08:35:02 PM     0    160609     12.00      0.00  kworker/2:1-events
08:35:02 PM     0    162126      1.00      0.00  kworker/8:1-mm_percpu_wq
08:35:02 PM     0    162510      1.00      0.00  iostat
08:35:02 PM     0    162511      1.00      0.00  pidstat
08:35:02 PM     0    162512      5.00      0.00  bash
08:35:02 PM     0    162513      7.00      0.00  bash
08:35:02 PM     0    162514      4.00      0.00  bash
08:35:02 PM     0    162516     99.00      0.00  fio
08:35:02 PM     0    162665      4.00      0.00  kworker/5:2-events
08:35:02 PM     0    163012      3.00      0.00  kworker/0:0-events
08:35:02 PM     0    163255      1.00      0.00  sleep
08:35:02 PM     0    163268      1.00      0.00  sleep
08:35:02 PM     0    163270      1.00      0.00  sleep

08:35:02 PM   UID       PID   cswch/s nvcswch/s  Command
08:35:03 PM     0        17     18.00      0.00  rcu_preempt
08:35:03 PM     0        35      1.00      0.00  migration/3
08:35:03 PM     0        47      1.00      0.00  migration/5
08:35:03 PM     0        72      2.00      0.00  ksoftirqd/9
08:35:03 PM     0        84      1.00      0.00  ksoftirqd/11
08:35:03 PM     0        95      2.00      0.00  kcompactd0
08:35:03 PM     0       188      1.00      0.00  kworker/2:1H-kblockd
08:35:03 PM     0       453      1.00      0.00  multipathd
08:35:03 PM     0     21554      1.00      0.00  packagekitd
08:35:03 PM     0    112707      2.00      0.00  kworker/3:0-events
08:35:03 PM     0    118120      3.00      0.00  kworker/9:2-events
08:35:03 PM     0    129890      1.00      0.00  kworker/10:2-mm_percpu_wq
08:35:03 PM     0    140699      2.00      0.00  kworker/1:0-events
08:35:03 PM     0    146022      4.00      0.00  kworker/11:1-events
08:35:03 PM     0    156170      4.00      0.00  kworker/u24:3-edac-poller
08:35:03 PM     0    157360      2.00      0.00  kworker/4:2-events
08:35:03 PM     0    159214      3.00      0.00  kworker/7:1-events
08:35:03 PM     0    159909      2.00      0.00  kworker/6:2-events
08:35:03 PM     0    160609     11.00      0.00  kworker/2:1-events
08:35:03 PM     0    162126      1.00      0.00  kworker/8:1-mm_percpu_wq
08:35:03 PM     0    162510      1.00      0.00  iostat
08:35:03 PM     0    162511      1.00      0.00  pidstat
08:35:03 PM     0    162512      5.00      0.00  bash
08:35:03 PM     0    162513      7.00      0.00  bash
08:35:03 PM     0    162514      4.00      0.00  bash
08:35:03 PM     0    162516     99.00      0.00  fio
08:35:03 PM     0    162665      2.00      0.00  kworker/5:2-events
08:35:03 PM     0    163012      1.00      0.00  kworker/0:0-events
08:35:03 PM     0    163273      1.00      0.00  sleep
08:35:03 PM     0    163283      1.00      0.00  sleep
08:35:03 PM     0    163285      1.00      0.00  sleep

08:35:03 PM   UID       PID   cswch/s nvcswch/s  Command
08:35:04 PM     0        16      2.00      0.00  ksoftirqd/0
08:35:04 PM     0        17     15.00      0.00  rcu_preempt
08:35:04 PM     0        48      1.00      0.00  ksoftirqd/5
08:35:04 PM     0        60      1.00      0.00  ksoftirqd/7
08:35:04 PM     0        95      2.00      0.00  kcompactd0
08:35:04 PM     0       194      1.00      0.00  kworker/8:1H-kblockd
08:35:04 PM     0       453      1.00      0.00  multipathd
08:35:04 PM     0       562      3.00      0.00  jbd2/nvme1n1p3-8
08:35:04 PM     0     98256      1.00      0.00  kworker/u24:2-events_unbound
08:35:04 PM     0    112707      1.00      0.00  kworker/3:0-mm_percpu_wq
08:35:04 PM     0    118120      2.00      0.00  kworker/9:2-events
08:35:04 PM     0    140699      1.00      0.00  kworker/1:0-mm_percpu_wq
08:35:04 PM     0    156170      1.00      0.00  kworker/u24:3-events_unbound
08:35:04 PM     0    157360      3.00      0.00  kworker/4:2-events
08:35:04 PM     0    159214      1.00      0.00  kworker/7:1-mm_percpu_wq
08:35:04 PM     0    159909      2.00      0.00  kworker/6:2-events
08:35:04 PM     0    160609     12.00      0.00  kworker/2:1-events
08:35:04 PM     0    162126      1.00      0.00  kworker/8:1-events
08:35:04 PM     0    162510      1.00      0.00  iostat
08:35:04 PM     0    162511      1.00      0.00  pidstat
08:35:04 PM     0    162512      5.00      0.00  bash
08:35:04 PM     0    162513      7.00      0.00  bash
08:35:04 PM     0    162514      4.00      0.00  bash
08:35:04 PM     0    162516     99.00      0.00  fio
08:35:04 PM     0    162665      5.00      0.00  kworker/5:2-events
08:35:04 PM     0    163012      3.00      0.00  kworker/0:0-events
08:35:04 PM     0    163288      1.00      0.00  sleep
08:35:04 PM     0    163299      1.00      0.00  sleep
08:35:04 PM     0    163300      1.00      0.00  sleep

08:35:04 PM   UID       PID   cswch/s nvcswch/s  Command
08:35:05 PM     0        16      1.00      0.00  ksoftirqd/0
08:35:05 PM     0        17     18.00      0.00  rcu_preempt
08:35:05 PM     0        36      2.00      0.00  ksoftirqd/3
08:35:05 PM     0        42      1.00      0.00  ksoftirqd/4
08:35:05 PM     0        54      1.00      0.00  ksoftirqd/6
08:35:05 PM     0        78      1.00      0.00  ksoftirqd/10
08:35:05 PM     0        95      2.00      0.00  kcompactd0
08:35:05 PM     0       453      1.00      0.00  multipathd
08:35:05 PM     0    112707      3.00      0.00  kworker/3:0-events
08:35:05 PM     0    129890      2.00      0.00  kworker/10:2-events
08:35:05 PM     0    140699      2.00      0.00  kworker/1:0-mm_percpu_wq
08:35:05 PM     0    146022      2.00      0.00  kworker/11:1-events
08:35:05 PM     0    157360      4.00      0.00  kworker/4:2-events
08:35:05 PM     0    159214      2.00      0.00  kworker/7:1-mm_percpu_wq
08:35:05 PM     0    159909      2.00      0.00  kworker/6:2-events
08:35:05 PM     0    160609     11.00      0.00  kworker/2:1-events
08:35:05 PM     0    162510      1.00      0.00  iostat
08:35:05 PM     0    162511      1.00      0.00  pidstat
08:35:05 PM     0    162512      5.00      0.00  bash
08:35:05 PM     0    162513      8.00      1.00  bash
08:35:05 PM     0    162514      4.00      0.00  bash
08:35:05 PM     0    162516     99.00      0.00  fio
08:35:05 PM     0    162665      2.00      0.00  kworker/5:2-events
08:35:05 PM     0    163012      3.00      0.00  kworker/0:0-events
08:35:05 PM     0    163303      1.00      0.00  sleep
08:35:05 PM     0    163314      1.00      0.00  sleep
08:35:05 PM     0    163315      1.00      0.00  sleep

08:35:05 PM   UID       PID   cswch/s nvcswch/s  Command
08:35:06 PM     0        16      1.00      0.00  ksoftirqd/0
08:35:06 PM     0        17     18.00      0.00  rcu_preempt
08:35:06 PM     0        18      1.00      0.00  migration/0
08:35:06 PM     0        23      1.00      0.00  migration/1
08:35:06 PM     0        29      1.00      0.00  migration/2
08:35:06 PM     0        35      1.00      0.00  migration/3
08:35:06 PM     0        41      1.00      0.00  migration/4
08:35:06 PM     0        47      1.00      0.00  migration/5
08:35:06 PM     0        53      2.00      0.00  migration/6
08:35:06 PM     0        54      2.00      0.00  ksoftirqd/6
08:35:06 PM     0        59      1.00      0.00  migration/7
08:35:06 PM     0        65      1.00      0.00  migration/8
08:35:06 PM     0        71      1.00      0.00  migration/9
08:35:06 PM     0        77      1.00      0.00  migration/10
08:35:06 PM     0        83      1.00      0.00  migration/11
08:35:06 PM     0        84      1.00      0.00  ksoftirqd/11
08:35:06 PM     0        95      2.00      0.00  kcompactd0
08:35:06 PM     0       453      1.00      0.00  multipathd
08:35:06 PM     0    112707      2.00      0.00  kworker/3:0-mm_percpu_wq
08:35:06 PM     0    146022      1.00      0.00  kworker/11:1-events
08:35:06 PM     0    156170      1.00      0.00  kworker/u24:3-edac-poller
08:35:06 PM     0    157360      2.00      0.00  kworker/4:2-events
08:35:06 PM     0    159909      4.00      0.00  kworker/6:2-events
08:35:06 PM     0    160609     12.00      0.00  kworker/2:1-events
08:35:06 PM     0    162126      1.00      0.00  kworker/8:1-mm_percpu_wq
08:35:06 PM     0    162510      1.00      0.00  iostat
08:35:06 PM     0    162511      1.00      0.00  pidstat
08:35:06 PM     0    162512      5.00      0.00  bash
08:35:06 PM     0    162513      6.00      0.00  bash
08:35:06 PM     0    162514      4.00      0.00  bash
08:35:06 PM     0    162516    100.00      0.00  fio
08:35:06 PM     0    162665      1.00      0.00  kworker/5:2-events
08:35:06 PM     0    163012      3.00      0.00  kworker/0:0-events
08:35:06 PM     0    163318      1.00      0.00  sleep
08:35:06 PM     0    163328      1.00      0.00  sleep
08:35:06 PM     0    163330      1.00      0.00  sleep

08:35:06 PM   UID       PID   cswch/s nvcswch/s  Command
08:35:07 PM     0        16      1.00      0.00  ksoftirqd/0
08:35:07 PM     0        17     20.00      0.00  rcu_preempt
08:35:07 PM     0        36      1.00      0.00  ksoftirqd/3
08:35:07 PM     0        42      2.00      0.00  ksoftirqd/4
08:35:07 PM     0        72      1.00      0.00  ksoftirqd/9
08:35:07 PM     0        78      1.00      0.00  ksoftirqd/10
08:35:07 PM     0        95      2.00      0.00  kcompactd0
08:35:07 PM     0       102      1.00      0.00  irq/9-acpi
08:35:07 PM     0       176      1.00      0.00  kworker/11:1H-kblockd
08:35:07 PM     0       190      5.00      0.00  kworker/10:1H-kblockd
08:35:07 PM     0       359      3.00      0.00  jbd2/nvme1n1p2-8
08:35:07 PM     0       453      1.00      0.00  multipathd
08:35:07 PM     0     98256      5.00      0.00  kworker/u24:2-flush-259:1
08:35:07 PM     0    112707      1.00      0.00  kworker/3:0-events
08:35:07 PM     0    118120      4.00      0.00  kworker/9:2-events
08:35:07 PM     0    129890      1.00      0.00  kworker/10:2-mm_percpu_wq
08:35:07 PM     0    140699      1.00      0.00  kworker/1:0-mm_percpu_wq
08:35:07 PM     0    143767      1.00      0.00  kworker/8:0-i915-unordered
08:35:07 PM     0    146022      3.00      0.00  kworker/11:1-events
08:35:07 PM     0    154838      1.00      0.00  kworker/u24:0-flush-259:1
08:35:07 PM     0    156170     10.00      0.00  kworker/u24:3-writeback
08:35:07 PM     0    157360      1.00      0.00  kworker/4:2-mm_percpu_wq
08:35:07 PM     0    159214      1.00      0.00  kworker/7:1-mm_percpu_wq
08:35:07 PM     0    159909      2.00      0.00  kworker/6:2-events
08:35:07 PM     0    160609     12.00      0.00  kworker/2:1-events
08:35:07 PM     0    162126      8.00      0.00  kworker/8:1-mm_percpu_wq
08:35:07 PM     0    162510      1.00      0.00  iostat
08:35:07 PM     0    162511      1.00      0.00  pidstat
08:35:07 PM     0    162512      5.00      0.00  bash
08:35:07 PM     0    162513      8.00      0.00  bash
08:35:07 PM     0    162514      4.00      0.00  bash
08:35:07 PM     0    162516     99.00      0.00  fio
08:35:07 PM     0    162665      3.00      0.00  kworker/5:2-events
08:35:07 PM     0    163012      4.00      0.00  kworker/0:0-events
08:35:07 PM     0    163333      1.00      0.00  sleep
08:35:07 PM     0    163344      1.00      0.00  sleep
08:35:07 PM     0    163345      1.00      0.00  sleep

08:35:07 PM   UID       PID   cswch/s nvcswch/s  Command
08:35:08 PM     0        16      1.00      0.00  ksoftirqd/0
08:35:08 PM     0        17     17.00      0.00  rcu_preempt
08:35:08 PM     0        71      1.00      0.00  migration/9
08:35:08 PM     0        72      2.00      0.00  ksoftirqd/9
08:35:08 PM     0        95      2.00      0.00  kcompactd0
08:35:08 PM     0       453      1.00      0.00  multipathd
08:35:08 PM     0     98256      1.00      0.00  kworker/u24:2-edac-poller
08:35:08 PM     0    112707      1.00      0.00  kworker/3:0-events
08:35:08 PM     0    118120      3.00      0.00  kworker/9:2-events
08:35:08 PM     0    146022      2.00      0.00  kworker/11:1-events
08:35:08 PM     0    157360      2.00      0.00  kworker/4:2-events
08:35:08 PM     0    159214      1.00      0.00  kworker/7:1-events
08:35:08 PM     0    159909      2.00      0.00  kworker/6:2-events
08:35:08 PM     0    160609     11.00      0.00  kworker/2:1-events
08:35:08 PM     0    162510      1.00      0.00  iostat
08:35:08 PM     0    162511      1.00      0.00  pidstat
08:35:08 PM     0    162512      5.00      0.00  bash
08:35:08 PM     0    162513      8.00      0.00  bash
08:35:08 PM     0    162514      4.00      0.00  bash
08:35:08 PM     0    162516     99.00      0.00  fio
08:35:08 PM     0    162665      2.00      0.00  kworker/5:2-events
08:35:08 PM     0    163012      1.00      0.00  kworker/0:0-events
08:35:08 PM     0    163348      1.00      0.00  sleep
08:35:08 PM     0    163359      1.00      0.00  sleep
08:35:08 PM     0    163360      1.00      0.00  sleep

08:35:08 PM   UID       PID   cswch/s nvcswch/s  Command
08:35:09 PM     0        16      2.00      0.00  ksoftirqd/0
08:35:09 PM     0        17     17.00      0.00  rcu_preempt
08:35:09 PM     0        24      2.00      0.00  ksoftirqd/1
08:35:09 PM     0        36      1.00      0.00  ksoftirqd/3
08:35:09 PM     0        72      1.00      0.00  ksoftirqd/9
08:35:09 PM     0        83      1.00      0.00  migration/11
08:35:09 PM     0        84      1.00      0.00  ksoftirqd/11
08:35:09 PM     0        95      2.00      0.00  kcompactd0
08:35:09 PM     0       176      1.00      0.00  kworker/11:1H-kblockd
08:35:09 PM     0       188      1.00      0.00  kworker/2:1H-kblockd
08:35:09 PM     0       453      1.00      0.00  multipathd
08:35:09 PM     0       562      3.00      0.00  jbd2/nvme1n1p3-8
08:35:09 PM     0     98256      7.00      0.00  kworker/u24:2-writeback
08:35:09 PM     0    112707      2.00      0.00  kworker/3:0-events
08:35:09 PM     0    118120      5.00      0.00  kworker/9:2-events
08:35:09 PM     0    129890      1.00      0.00  kworker/10:2-mm_percpu_wq
08:35:09 PM     0    140699      2.00      0.00  kworker/1:0-mm_percpu_wq
08:35:09 PM     0    146022      2.00      0.00  kworker/11:1-events
08:35:09 PM     0    156170      4.00      0.00  kworker/u24:3-flush-259:1
08:35:09 PM     0    157360      1.00      0.00  kworker/4:2-mm_percpu_wq
08:35:09 PM     0    159214      3.00      0.00  kworker/7:1-events
08:35:09 PM     0    159909      2.00      0.00  kworker/6:2-events
08:35:09 PM     0    160609     13.00      0.00  kworker/2:1-events
08:35:09 PM     0    162126      1.00      0.00  kworker/8:1-mm_percpu_wq
08:35:09 PM     0    162510      1.00      0.00  iostat
08:35:09 PM     0    162511      1.00      0.00  pidstat
08:35:09 PM     0    162512      5.00      0.00  bash
08:35:09 PM     0    162513      7.00      0.00  bash
08:35:09 PM     0    162514      4.00      0.00  bash
08:35:09 PM     0    162516     99.00      0.00  fio
08:35:09 PM     0    162665      1.00      0.00  kworker/5:2-mm_percpu_wq
08:35:09 PM     0    163012      3.00      0.00  kworker/0:0-events
08:35:09 PM     0    163363      1.00      0.00  sleep
08:35:09 PM     0    163373      1.00      0.00  sleep
08:35:09 PM     0    163375      1.00      0.00  sleep

08:35:09 PM   UID       PID   cswch/s nvcswch/s  Command
08:35:10 PM     0         1      1.00      0.00  systemd
08:35:10 PM     0        16      1.00      0.00  ksoftirqd/0
08:35:10 PM     0        17     19.00      0.00  rcu_preempt
08:35:10 PM     0        18      1.00      0.00  migration/0
08:35:10 PM     0        23      1.00      0.00  migration/1
08:35:10 PM     0        29      1.00      0.00  migration/2
08:35:10 PM     0        35      1.00      0.00  migration/3
08:35:10 PM     0        36      1.00      0.00  ksoftirqd/3
08:35:10 PM     0        41      1.00      0.00  migration/4
08:35:10 PM     0        42      1.00      0.00  ksoftirqd/4
08:35:10 PM     0        47      1.00      0.00  migration/5
08:35:10 PM     0        53      1.00      0.00  migration/6
08:35:10 PM     0        59      1.00      0.00  migration/7
08:35:10 PM     0        65      1.00      0.00  migration/8
08:35:10 PM     0        71      1.00      0.00  migration/9
08:35:10 PM     0        72      1.00      0.00  ksoftirqd/9
08:35:10 PM     0        77      1.00      0.00  migration/10
08:35:10 PM     0        78      1.00      1.00  ksoftirqd/10
08:35:10 PM     0        83      1.00      0.00  migration/11
08:35:10 PM     0        95      2.00      0.00  kcompactd0
08:35:10 PM     0       453      1.00      0.00  multipathd
08:35:10 PM   101       608      1.00      0.00  systemd-network
08:35:10 PM     0    112707      2.00      0.00  kworker/3:0-events
08:35:10 PM     0    118120      2.00      0.00  kworker/9:2-events
08:35:10 PM     0    129890      2.00      0.00  kworker/10:2-events
08:35:10 PM     0    146022      1.00      0.00  kworker/11:1-events
08:35:10 PM     0    156170      1.00      0.00  kworker/u24:3-edac-poller
08:35:10 PM     0    157360      1.00      0.00  kworker/4:2-events
08:35:10 PM     0    159214      1.00      0.00  kworker/7:1-events
08:35:10 PM     0    159909      2.00      0.00  kworker/6:2-events
08:35:10 PM     0    160609     11.00      0.00  kworker/2:1-events
08:35:10 PM     0    162126      1.00      0.00  kworker/8:1-mm_percpu_wq
08:35:10 PM     0    162510      1.00      0.00  iostat
08:35:10 PM     0    162511      1.00      0.00  pidstat
08:35:10 PM     0    162512      5.00      0.00  bash
08:35:10 PM     0    162513      8.00      0.00  bash
08:35:10 PM     0    162514      4.00      0.00  bash
08:35:10 PM     0    162516     99.00      0.00  fio
08:35:10 PM     0    162665      1.00      0.00  kworker/5:2-events
08:35:10 PM     0    163012      1.00      0.00  kworker/0:0-events
08:35:10 PM     0    163378      1.00      0.00  sleep
08:35:10 PM     0    163389      1.00      0.00  sleep
08:35:10 PM     0    163390      1.00      0.00  sleep

08:35:10 PM   UID       PID   cswch/s nvcswch/s  Command
08:35:11 PM     0        16      1.00      0.00  ksoftirqd/0
08:35:11 PM     0        17     18.00      0.00  rcu_preempt
08:35:11 PM     0        36      2.00      0.00  ksoftirqd/3
08:35:11 PM     0        42      1.00      0.00  ksoftirqd/4
08:35:11 PM     0        77      1.00      0.00  migration/10
08:35:11 PM     0        95      2.00      0.00  kcompactd0
08:35:11 PM     0       453      1.00      0.00  multipathd
08:35:11 PM     0    112707      4.00      0.00  kworker/3:0-events
08:35:11 PM     0    118120      4.00      0.00  kworker/9:2-events
08:35:11 PM     0    129890      1.00      0.00  kworker/10:2-mm_percpu_wq
08:35:11 PM     0    140699      2.00      0.00  kworker/1:0-mm_percpu_wq
08:35:11 PM     0    146022      3.00      0.00  kworker/11:1-events
08:35:11 PM     0    156170      1.00      0.00  kworker/u24:3-edac-poller
08:35:11 PM     0    157360      1.00      0.00  kworker/4:2-mm_percpu_wq
08:35:11 PM     0    159214      2.00      0.00  kworker/7:1-events
08:35:11 PM     0    159909      2.00      0.00  kworker/6:2-events
08:35:11 PM     0    160609     10.00      0.00  kworker/2:1-events
08:35:11 PM     0    162126      1.00      0.00  kworker/8:1-mm_percpu_wq
08:35:11 PM     0    162510      1.00      0.00  iostat
08:35:11 PM     0    162511      1.00      0.00  pidstat
08:35:11 PM     0    162512      5.00      0.00  bash
08:35:11 PM     0    162513      8.00      0.00  bash
08:35:11 PM     0    162514      4.00      0.00  bash
08:35:11 PM     0    162516     99.00      0.00  fio
08:35:11 PM     0    162665      1.00      0.00  kworker/5:2-mm_percpu_wq
08:35:11 PM     0    163012      3.00      0.00  kworker/0:0-events
08:35:11 PM     0    163393      1.00      0.00  sleep
08:35:11 PM     0    163404      1.00      0.00  sleep
08:35:11 PM     0    163405      1.00      0.00  sleep

08:35:11 PM   UID       PID   cswch/s nvcswch/s  Command
08:35:12 PM     0        17     18.00      0.00  rcu_preempt
08:35:12 PM     0        60      1.00      0.00  ksoftirqd/7
08:35:12 PM     0        72      1.00      0.00  ksoftirqd/9
08:35:12 PM     0        95      2.00      0.00  kcompactd0
08:35:12 PM     0       359      3.00      0.00  jbd2/nvme1n1p2-8
08:35:12 PM     0       453      1.00      0.00  multipathd
08:35:12 PM     0     98256      1.00      0.00  kworker/u24:2-writeback
08:35:12 PM     0    112707      1.00      0.00  kworker/3:0-events
08:35:12 PM     0    118120      1.00      0.00  kworker/9:2-events
08:35:12 PM     0    129890      1.00      0.00  kworker/10:2-events
08:35:12 PM     0    140699      1.00      0.00  kworker/1:0-events
08:35:12 PM     0    146022      1.00      0.00  kworker/11:1-events
08:35:12 PM     0    156170      1.00      0.00  kworker/u24:3-events_unbound
08:35:12 PM     0    157360      1.00      0.00  kworker/4:2-events
08:35:12 PM     0    159214      1.00      0.00  kworker/7:1-events
08:35:12 PM     0    160609     12.00      0.00  kworker/2:1-events
08:35:12 PM     0    162510      1.00      0.00  iostat
08:35:12 PM     0    162511      1.00      0.00  pidstat
08:35:12 PM     0    162512      5.00      0.00  bash
08:35:12 PM     0    162513      6.00      0.00  bash
08:35:12 PM     0    162514      4.00      0.00  bash
08:35:12 PM     0    162516     99.00      0.00  fio
08:35:12 PM     0    163408      1.00      0.00  sleep
08:35:12 PM     0    163419      1.00      0.00  sleep
08:35:12 PM     0    163420      1.00      0.00  sleep

08:35:12 PM   UID       PID   cswch/s nvcswch/s  Command
08:35:13 PM     0        17     18.00      0.00  rcu_preempt
08:35:13 PM     0        36      1.00      0.00  ksoftirqd/3
08:35:13 PM     0        42      2.00      0.00  ksoftirqd/4
08:35:13 PM     0        48      1.00      0.00  ksoftirqd/5
08:35:13 PM     0        66      1.00      0.00  ksoftirqd/8
08:35:13 PM     0        95      2.00      0.00  kcompactd0
08:35:13 PM     0       190      1.00      0.00  kworker/10:1H-kblockd
08:35:13 PM     0       453      1.00      0.00  multipathd
08:35:13 PM     0     21554      1.00      0.00  packagekitd
08:35:13 PM     0    112707      4.00      0.00  kworker/3:0-events
08:35:13 PM     0    118120      2.00      0.00  kworker/9:2-mm_percpu_wq
08:35:13 PM     0    129890      2.00      0.00  kworker/10:2-mm_percpu_wq
08:35:13 PM     0    140699      3.00      0.00  kworker/1:0-events
08:35:13 PM     0    146022      3.00      0.00  kworker/11:1-events
08:35:13 PM     0    156170      1.00      0.00  kworker/u24:3-edac-poller
08:35:13 PM     0    157360      2.00      0.00  kworker/4:2-mm_percpu_wq
08:35:13 PM     0    159214      3.00      0.00  kworker/7:1-events
08:35:13 PM     0    159909      2.00      0.00  kworker/6:2-events
08:35:13 PM     0    160609     11.00      0.00  kworker/2:1-events
08:35:13 PM     0    162126      1.00      0.00  kworker/8:1-mm_percpu_wq
08:35:13 PM     0    162510      1.00      0.00  iostat
08:35:13 PM     0    162511      1.00      0.00  pidstat
08:35:13 PM     0    162512      5.00      0.00  bash
08:35:13 PM     0    162513      6.00      0.00  bash
08:35:13 PM     0    162514      4.00      0.00  bash
08:35:13 PM     0    162516    100.00      0.00  fio
08:35:13 PM     0    162665      1.00      0.00  kworker/5:2-mm_percpu_wq
08:35:13 PM     0    163012      1.00      0.00  kworker/0:0-events
08:35:13 PM     0    163423      1.00      0.00  sleep
08:35:13 PM     0    163434      1.00      0.00  sleep
08:35:13 PM     0    163435      1.00      0.00  sleep

08:35:13 PM   UID       PID   cswch/s nvcswch/s  Command
08:35:14 PM     0        17     21.00      0.00  rcu_preempt
08:35:14 PM     0        18      1.00      0.00  migration/0
08:35:14 PM     0        23      1.00      0.00  migration/1
08:35:14 PM     0        29      1.00      0.00  migration/2
08:35:14 PM     0        35      1.00      0.00  migration/3
08:35:14 PM     0        36      1.00      0.00  ksoftirqd/3
08:35:14 PM     0        41      1.00      0.00  migration/4
08:35:14 PM     0        47      1.00      0.00  migration/5
08:35:14 PM     0        53      1.00      0.00  migration/6
08:35:14 PM     0        59      1.00      0.00  migration/7
08:35:14 PM     0        60      1.00      0.00  ksoftirqd/7
08:35:14 PM     0        65      1.00      0.00  migration/8
08:35:14 PM     0        71      1.00      0.00  migration/9
08:35:14 PM     0        77      1.00      0.00  migration/10
08:35:14 PM     0        83      1.00      0.00  migration/11
08:35:14 PM     0        95      2.00      0.00  kcompactd0
08:35:14 PM     0       453      1.00      0.00  multipathd
08:35:14 PM     0       562      3.00      0.00  jbd2/nvme1n1p3-8
08:35:14 PM     0     98256      4.00      0.00  kworker/u24:2-ext4-rsv-conversion
08:35:14 PM     0    112707      1.00      0.00  kworker/3:0-events
08:35:14 PM     0    118120      4.00      0.00  kworker/9:2-events
08:35:14 PM     0    140699      1.00      0.00  kworker/1:0-events
08:35:14 PM     0    146022      2.00      0.00  kworker/11:1-events
08:35:14 PM     0    156170      2.00      0.00  kworker/u24:3-events_power_efficient
08:35:14 PM     0    157360      1.00      0.00  kworker/4:2-events
08:35:14 PM     0    159214      3.00      0.00  kworker/7:1-events
08:35:14 PM     0    159909      2.00      0.00  kworker/6:2-events
08:35:14 PM     0    160609     12.00      0.00  kworker/2:1-events
08:35:14 PM     0    162510      1.00      0.00  iostat
08:35:14 PM     0    162511      1.00      0.00  pidstat
08:35:14 PM     0    162512      5.00      0.00  bash
08:35:14 PM     0    162513      7.00      0.00  bash
08:35:14 PM     0    162514      4.00      0.00  bash
08:35:14 PM     0    162516     99.00      0.00  fio
08:35:14 PM     0    163438      1.00      0.00  sleep
08:35:14 PM     0    163448      1.00      0.00  sleep
08:35:14 PM     0    163450      1.00      0.00  sleep

08:35:14 PM   UID       PID   cswch/s nvcswch/s  Command
08:35:15 PM     0        16      1.00      0.00  ksoftirqd/0
08:35:15 PM     0        17     18.00      0.00  rcu_preempt
08:35:15 PM     0        24      1.00      0.00  ksoftirqd/1
08:35:15 PM     0        42      1.00      0.00  ksoftirqd/4
08:35:15 PM     0        48      2.00      0.00  ksoftirqd/5
08:35:15 PM     0        54      1.00      0.00  ksoftirqd/6
08:35:15 PM     0        95      2.00      0.00  kcompactd0
08:35:15 PM     0       188      1.00      0.00  kworker/2:1H-kblockd
08:35:15 PM     0       453      1.00      0.00  multipathd
08:35:15 PM     0     98256      2.00      0.00  kworker/u24:2-edac-poller
08:35:15 PM     0    112707      2.00      0.00  kworker/3:0-events
08:35:15 PM     0    118120      2.00      0.00  kworker/9:2-mm_percpu_wq
08:35:15 PM     0    129890      2.00      0.00  kworker/10:2-events
08:35:15 PM     0    140699      4.00      0.00  kworker/1:0-events
08:35:15 PM     0    146022      2.00      0.00  kworker/11:1-events
08:35:15 PM     0    157360      1.00      0.00  kworker/4:2-mm_percpu_wq
08:35:15 PM     0    159214      3.00      0.00  kworker/7:1-events
08:35:15 PM     0    159909      1.00      0.00  kworker/6:2-events
08:35:15 PM     0    160609     13.00      0.00  kworker/2:1-events
08:35:15 PM     0    162126      1.00      0.00  kworker/8:1-mm_percpu_wq
08:35:15 PM     0    162510      1.00      0.00  iostat
08:35:15 PM     0    162511      1.00      0.00  pidstat
08:35:15 PM     0    162512      5.00      0.00  bash
08:35:15 PM     0    162513      8.00      0.00  bash
08:35:15 PM     0    162514      4.00      0.00  bash
08:35:15 PM     0    162516     99.00      0.00  fio
08:35:15 PM     0    162665      5.00      0.00  kworker/5:2-events
08:35:15 PM     0    163012      1.00      0.00  kworker/0:0-mm_percpu_wq
08:35:15 PM     0    163453      1.00      0.00  sleep
08:35:15 PM     0    163464      1.00      0.00  sleep
08:35:15 PM     0    163465      1.00      0.00  sleep

08:35:15 PM   UID       PID   cswch/s nvcswch/s  Command
08:35:16 PM     0        17     16.00      0.00  rcu_preempt
08:35:16 PM     0        60      3.00      0.00  ksoftirqd/7
08:35:16 PM     0        72      1.00      0.00  ksoftirqd/9
08:35:16 PM     0        78      1.00      0.00  ksoftirqd/10
08:35:16 PM     0        95      2.00      0.00  kcompactd0
08:35:16 PM     0       453      1.00      0.00  multipathd
08:35:16 PM     0     98256      1.00      0.00  kworker/u24:2-edac-poller
08:35:16 PM     0    112707      1.00      0.00  kworker/3:0-events
08:35:16 PM     0    118120      1.00      0.00  kworker/9:2-events
08:35:16 PM     0    129890      2.00      0.00  kworker/10:2-events
08:35:16 PM     0    157360      1.00      0.00  kworker/4:2-events
08:35:16 PM     0    159214      2.00      0.00  kworker/7:1-events
08:35:16 PM     0    159909      1.00      0.00  kworker/6:2-mm_percpu_wq
08:35:16 PM     0    160609     11.00      0.00  kworker/2:1-events
08:35:16 PM     0    162510      1.00      0.00  iostat
08:35:16 PM     0    162511      1.00      0.00  pidstat
08:35:16 PM     0    162512      5.00      0.00  bash
08:35:16 PM     0    162513      7.00      0.00  bash
08:35:16 PM     0    162514      4.00      0.00  bash
08:35:16 PM     0    162516     99.00      0.00  fio
08:35:16 PM     0    162665      2.00      0.00  kworker/5:2-events
08:35:16 PM     0    163468      1.00      0.00  sleep
08:35:16 PM     0    163478      1.00      0.00  sleep
08:35:16 PM     0    163480      1.00      0.00  sleep

08:35:16 PM   UID       PID   cswch/s nvcswch/s  Command
08:35:17 PM     0         1      1.00      0.00  systemd
08:35:17 PM     0        17     27.00      0.00  rcu_preempt
08:35:17 PM     0        36      2.00      0.00  ksoftirqd/3
08:35:17 PM     0        60      2.00      0.00  ksoftirqd/7
08:35:17 PM     0        84      1.00      0.00  ksoftirqd/11
08:35:17 PM     0        95      2.00      0.00  kcompactd0
08:35:17 PM     0       102      1.00      0.00  irq/9-acpi
08:35:17 PM     0       415      1.00      0.00  systemd-journal
08:35:17 PM     0       453      1.00      0.00  multipathd
08:35:17 PM     0     98256      2.00      0.00  kworker/u24:2-edac-poller
08:35:17 PM     0    112707      3.00      0.00  kworker/3:0-events
08:35:17 PM     0    118120      1.00      0.00  kworker/9:2-mm_percpu_wq
08:35:17 PM     0    129890      1.00      0.00  kworker/10:2-mm_percpu_wq
08:35:17 PM     0    140699      2.00      0.00  kworker/1:0-events
08:35:17 PM     0    143767    356.00      0.00  kworker/8:0+i915-unordered
08:35:17 PM     0    146022      4.00      0.00  kworker/11:1-events
08:35:17 PM     0    157360      2.00      0.00  kworker/4:2-mm_percpu_wq
08:35:17 PM     0    159214      5.00      0.00  kworker/7:1-events
08:35:17 PM     0    159909      1.00      0.00  kworker/6:2-events
08:35:17 PM     0    160609     13.00      0.00  kworker/2:1-events
08:35:17 PM     0    162126   1139.00      0.00  kworker/8:1-events
08:35:17 PM     0    162510      1.00      0.00  iostat
08:35:17 PM     0    162511      1.00      0.00  pidstat
08:35:17 PM     0    162512      5.00      0.00  bash
08:35:17 PM     0    162513      8.00      0.00  bash
08:35:17 PM     0    162514      4.00      0.00  bash
08:35:17 PM     0    162516     99.00      0.00  fio
08:35:17 PM     0    162665      2.00      0.00  kworker/5:2-events
08:35:17 PM     0    163012      4.00      0.00  kworker/0:0-events
08:35:17 PM     0    163483      1.00      0.00  sleep
08:35:17 PM     0    163493      1.00      0.00  sleep
08:35:17 PM     0    163495      1.00      0.00  sleep

08:35:17 PM   UID       PID   cswch/s nvcswch/s  Command
08:35:18 PM     0        17     19.00      0.00  rcu_preempt
08:35:18 PM     0        18      2.00      0.00  migration/0
08:35:18 PM     0        23      1.00      0.00  migration/1
08:35:18 PM     0        29      1.00      0.00  migration/2
08:35:18 PM     0        35      1.00      0.00  migration/3
08:35:18 PM     0        36      1.00      0.00  ksoftirqd/3
08:35:18 PM     0        41      1.00      0.00  migration/4
08:35:18 PM     0        42      1.00      0.00  ksoftirqd/4
08:35:18 PM     0        47      1.00      0.00  migration/5
08:35:18 PM     0        53      1.00      0.00  migration/6
08:35:18 PM     0        54      1.00      0.00  ksoftirqd/6
08:35:18 PM     0        59      1.00      0.00  migration/7
08:35:18 PM     0        65      1.00      0.00  migration/8
08:35:18 PM     0        66      1.00      0.00  ksoftirqd/8
08:35:18 PM     0        71      1.00      0.00  migration/9
08:35:18 PM     0        77      1.00      0.00  migration/10
08:35:18 PM     0        83      1.00      0.00  migration/11
08:35:18 PM     0        95      2.00      0.00  kcompactd0
08:35:18 PM     0       453      1.00      0.00  multipathd
08:35:18 PM     0     98256      4.00      0.00  kworker/u24:2-events_unbound
08:35:18 PM     0    112707      3.00      0.00  kworker/3:0-events
08:35:18 PM     0    118120      1.00      0.00  kworker/9:2-mm_percpu_wq
08:35:18 PM     0    129890      1.00      0.00  kworker/10:2-mm_percpu_wq
08:35:18 PM     0    140699      2.00      0.00  kworker/1:0-events
08:35:18 PM     0    143767    780.00      0.00  kworker/8:0-mm_percpu_wq
08:35:18 PM     0    146022      2.00      0.00  kworker/11:1-mm_percpu_wq
08:35:18 PM     0    157360      3.00      0.00  kworker/4:2-mm_percpu_wq
08:35:18 PM     0    159214      2.00      0.00  kworker/7:1-mm_percpu_wq
08:35:18 PM     0    159909      2.00      0.00  kworker/6:2-events
08:35:18 PM     0    160609     10.00      0.00  kworker/2:1-events
08:35:18 PM     0    162510      1.00      0.00  iostat
08:35:18 PM     0    162511      1.00      0.00  pidstat
08:35:18 PM     0    162512      5.00      0.00  bash
08:35:18 PM     0    162513      6.00      0.00  bash
08:35:18 PM     0    162514      4.00      0.00  bash
08:35:18 PM     0    162516     99.00      0.00  fio
08:35:18 PM     0    162665      2.00      0.00  kworker/5:2-events
08:35:18 PM     0    163012      1.00      0.00  kworker/0:0-mm_percpu_wq
08:35:18 PM     0    163498      1.00      0.00  sleep
08:35:18 PM     0    163508      1.00      0.00  sleep
08:35:18 PM     0    163510      1.00      0.00  sleep

08:35:18 PM   UID       PID   cswch/s nvcswch/s  Command
08:35:19 PM     0        17     18.00      0.00  rcu_preempt
08:35:19 PM     0        36      1.00      0.00  ksoftirqd/3
08:35:19 PM     0        42      1.00      0.00  ksoftirqd/4
08:35:19 PM     0        72      1.00      0.00  ksoftirqd/9
08:35:19 PM     0        78      1.00      0.00  ksoftirqd/10
08:35:19 PM     0        84      2.00      0.00  ksoftirqd/11
08:35:19 PM     0        95      2.00      0.00  kcompactd0
08:35:19 PM     0       453      1.00      0.00  multipathd
08:35:19 PM     0       562      3.00      0.00  jbd2/nvme1n1p3-8
08:35:19 PM     0     98256      2.00      0.00  kworker/u24:2-edac-poller
08:35:19 PM     0    112707      1.00      0.00  kworker/3:0-events
08:35:19 PM     0    118120      2.00      0.00  kworker/9:2-events
08:35:19 PM     0    129890      3.00      0.00  kworker/10:2-events
08:35:19 PM     0    140699      2.00      0.00  kworker/1:0-events
08:35:19 PM     0    146022      1.00      0.00  kworker/11:1-events
08:35:19 PM     0    159909      1.00      0.00  kworker/6:2-events
08:35:19 PM     0    160609     13.00      0.00  kworker/2:1-events
08:35:19 PM     0    162510      1.00      0.00  iostat
08:35:19 PM     0    162511      1.00      0.00  pidstat
08:35:19 PM     0    162512      5.00      0.00  bash
08:35:19 PM     0    162513      7.00      0.00  bash
08:35:19 PM     0    162514      4.00      0.00  bash
08:35:19 PM     0    162516     99.00      0.00  fio
08:35:19 PM     0    162665      2.00      0.00  kworker/5:2-events
08:35:19 PM     0    163012      1.00      0.00  kworker/0:0-events
08:35:19 PM     0    163513      1.00      0.00  sleep
08:35:19 PM     0    163524      1.00      0.00  sleep
08:35:19 PM     0    163525      1.00      0.00  sleep

08:35:19 PM   UID       PID   cswch/s nvcswch/s  Command
08:35:20 PM     0        17     17.00      0.00  rcu_preempt
08:35:20 PM     0        24      1.00      0.00  ksoftirqd/1
08:35:20 PM     0        36      1.00      0.00  ksoftirqd/3
08:35:20 PM     0        60      1.00      0.00  ksoftirqd/7
08:35:20 PM     0        84      1.00      0.00  ksoftirqd/11
08:35:20 PM     0        95      2.00      0.00  kcompactd0
08:35:20 PM     0       187      1.00      0.00  kworker/0:1H-kblockd
08:35:20 PM     0       453      1.00      0.00  multipathd
08:35:20 PM     0     98256      5.00      0.00  kworker/u24:2-events_power_efficient
08:35:20 PM     0    112707      3.00      0.00  kworker/3:0-events
08:35:20 PM     0    129890      1.00      0.00  kworker/10:2-mm_percpu_wq
08:35:20 PM     0    140699      4.00      0.00  kworker/1:0-events
08:35:20 PM     0    143767      1.00      0.00  kworker/8:0-mm_percpu_wq
08:35:20 PM     0    146022      1.00      0.00  kworker/11:1-mm_percpu_wq
08:35:20 PM     0    156170      1.00      0.00  kworker/u24:3-events_power_efficient
08:35:20 PM     0    157360      1.00      0.00  kworker/4:2-mm_percpu_wq
08:35:20 PM     0    159214      2.00      0.00  kworker/7:1-events
08:35:20 PM     0    159909      1.00      0.00  kworker/6:2-mm_percpu_wq
08:35:20 PM     0    160609     11.00      0.00  kworker/2:1-events
08:35:20 PM     0    162510      1.00      0.00  iostat
08:35:20 PM     0    162511      1.00      0.00  pidstat
08:35:20 PM     0    162512      5.00      0.00  bash
08:35:20 PM     0    162513      7.00      0.00  bash
08:35:20 PM     0    162514      4.00      0.00  bash
08:35:20 PM     0    162516    100.00      0.00  fio
08:35:20 PM     0    162665      2.00      0.00  kworker/5:2-events
08:35:20 PM     0    163012      1.00      0.00  kworker/0:0-events
08:35:20 PM     0    163528      1.00      0.00  sleep
08:35:20 PM     0    163538      1.00      0.00  sleep
08:35:20 PM     0    163540      1.00      0.00  sleep

08:35:20 PM   UID       PID   cswch/s nvcswch/s  Command
08:35:21 PM     0        16      2.00      0.00  ksoftirqd/0
08:35:21 PM     0        17     19.00      0.00  rcu_preempt
08:35:21 PM     0        36      1.00      0.00  ksoftirqd/3
08:35:21 PM     0        42      2.00      0.00  ksoftirqd/4
08:35:21 PM     0        95      2.00      0.00  kcompactd0
08:35:21 PM     0       188      1.00      0.00  kworker/2:1H-kblockd
08:35:21 PM     0       359      3.00      0.00  jbd2/nvme1n1p2-8
08:35:21 PM     0       415      1.00      0.00  systemd-journal
08:35:21 PM     0       453      1.00      0.00  multipathd
08:35:21 PM     0     98256      1.00      0.00  kworker/u24:2-events_power_efficient
08:35:21 PM     0    112707      2.00      0.00  kworker/3:0-events
08:35:21 PM     0    118120      1.00      0.00  kworker/9:2-mm_percpu_wq
08:35:21 PM     0    140699      2.00      0.00  kworker/1:0-events
08:35:21 PM     0    143767      1.00      0.00  kworker/8:0-mm_percpu_wq
08:35:21 PM     0    146022      5.00      0.00  kworker/11:1-events
08:35:21 PM     0    156170      2.00      0.00  kworker/u24:3-writeback
08:35:21 PM     0    157360      3.00      0.00  kworker/4:2-events
08:35:21 PM     0    159214      2.00      0.00  kworker/7:1-events
08:35:21 PM     0    159909      1.00      0.00  kworker/6:2-events
08:35:21 PM     0    160609     12.00      0.00  kworker/2:1-events
08:35:21 PM     0    162510      1.00      0.00  iostat
08:35:21 PM     0    162511      1.00      0.00  pidstat
08:35:21 PM     0    162512      5.00      0.00  bash
08:35:21 PM     0    162513      8.00      0.00  bash
08:35:21 PM     0    162514      4.00      0.00  bash
08:35:21 PM     0    162516     99.00      0.00  fio
08:35:21 PM     0    162665      1.00      0.00  kworker/5:2-events
08:35:21 PM     0    163012      3.00      0.00  kworker/0:0-events
08:35:21 PM     0    163543      1.00      0.00  sleep
08:35:21 PM     0    163555      1.00      0.00  sleep
08:35:21 PM     0    163556      1.00      0.00  sleep

08:35:21 PM   UID       PID   cswch/s nvcswch/s  Command
08:35:22 PM     0        16      2.00      0.00  ksoftirqd/0
08:35:22 PM     0        17     17.00      0.00  rcu_preempt
08:35:22 PM     0        18      1.00      0.00  migration/0
08:35:22 PM     0        23      1.00      0.00  migration/1
08:35:22 PM     0        29      1.00      0.00  migration/2
08:35:22 PM     0        35      1.00      0.00  migration/3
08:35:22 PM     0        36      1.00      0.00  ksoftirqd/3
08:35:22 PM     0        41      1.00      0.00  migration/4
08:35:22 PM     0        47      1.00      0.00  migration/5
08:35:22 PM     0        53      1.00      0.00  migration/6
08:35:22 PM     0        59      1.00      0.00  migration/7
08:35:22 PM     0        65      1.00      0.00  migration/8
08:35:22 PM     0        71      1.00      0.00  migration/9
08:35:22 PM     0        72      1.00      0.00  ksoftirqd/9
08:35:22 PM     0        77      1.00      0.00  migration/10
08:35:22 PM     0        78      1.00      0.00  ksoftirqd/10
08:35:22 PM     0        83      1.00      0.00  migration/11
08:35:22 PM     0        95      2.00      0.00  kcompactd0
08:35:22 PM     0       453      1.00      0.00  multipathd
08:35:22 PM     0    112707      2.00      0.00  kworker/3:0-events
08:35:22 PM     0    118120      1.00      0.00  kworker/9:2-mm_percpu_wq
08:35:22 PM     0    129890      3.00      0.00  kworker/10:2-events
08:35:22 PM     0    140699      1.00      0.00  kworker/1:0-mm_percpu_wq
08:35:22 PM     0    156170      1.00      0.00  kworker/u24:3-edac-poller
08:35:22 PM     0    157360      2.00      0.00  kworker/4:2-events
08:35:22 PM     0    159909      1.00      0.00  kworker/6:2-mm_percpu_wq
08:35:22 PM     0    160609     12.00      0.00  kworker/2:1-events
08:35:22 PM     0    162510      1.00      0.00  iostat
08:35:22 PM     0    162511      1.00      0.00  pidstat
08:35:22 PM     0    162512      5.00      0.00  bash
08:35:22 PM     0    162513      7.00      0.00  bash
08:35:22 PM     0    162514      4.00      0.00  bash
08:35:22 PM     0    162516     99.00      0.00  fio
08:35:22 PM     0    162665      2.00      0.00  kworker/5:2-events
08:35:22 PM     0    163012      4.00      0.00  kworker/0:0-events
08:35:22 PM     0    163559      1.00      0.00  sleep
08:35:22 PM     0    163569      1.00      0.00  sleep
08:35:22 PM     0    163571      1.00      0.00  sleep

08:35:22 PM   UID       PID   cswch/s nvcswch/s  Command
08:35:23 PM     0        16      1.00      0.00  ksoftirqd/0
08:35:23 PM     0        17     15.00      0.00  rcu_preempt
08:35:23 PM     0        54      1.00      0.00  ksoftirqd/6
08:35:23 PM     0        59      1.00      0.00  migration/7
08:35:23 PM     0        60      1.00      0.00  ksoftirqd/7
08:35:23 PM     0        78      1.00      0.00  ksoftirqd/10
08:35:23 PM     0        95      2.00      0.00  kcompactd0
08:35:23 PM     0       453      1.00      0.00  multipathd
08:35:23 PM   101       608      2.00      0.00  systemd-network
08:35:23 PM     0     21554      1.00      0.00  packagekitd
08:35:23 PM     0     98256      1.00      0.00  kworker/u24:2-events_power_efficient
08:35:23 PM     0    112707      2.00      0.00  kworker/3:0-events
08:35:23 PM     0    118120      1.00      0.00  kworker/9:2-mm_percpu_wq
08:35:23 PM     0    129890      5.00      0.00  kworker/10:2-events
08:35:23 PM     0    140699      2.00      0.00  kworker/1:0-events
08:35:23 PM     0    143767      1.00      0.00  kworker/8:0-mm_percpu_wq
08:35:23 PM     0    146022      3.00      0.00  kworker/11:1-mm_percpu_wq
08:35:23 PM     0    156170      1.00      0.00  kworker/u24:3-events_unbound
08:35:23 PM     0    159214      2.00      0.00  kworker/7:1-mm_percpu_wq
08:35:23 PM     0    159909      2.00      0.00  kworker/6:2-events
08:35:23 PM     0    160609     13.00      0.00  kworker/2:1-events
08:35:23 PM     0    162510      1.00      0.00  iostat
08:35:23 PM     0    162511      1.00      0.00  pidstat
08:35:23 PM     0    162512      5.00      0.00  bash
08:35:23 PM     0    162513      7.00      0.00  bash
08:35:23 PM     0    162514      4.00      0.00  bash
08:35:23 PM     0    162516     99.00      0.00  fio
08:35:23 PM     0    162665      2.00      0.00  kworker/5:2-events
08:35:23 PM     0    163012      3.00      0.00  kworker/0:0-events
08:35:23 PM     0    163574      1.00      0.00  sleep
08:35:23 PM     0    163585      1.00      0.00  sleep
08:35:23 PM     0    163586      1.00      0.00  sleep

08:35:23 PM   UID       PID   cswch/s nvcswch/s  Command
08:35:24 PM     0        17     12.00      0.00  rcu_preempt
08:35:24 PM     0        23      1.00      0.00  migration/1
08:35:24 PM     0        48      1.00      0.00  ksoftirqd/5
08:35:24 PM     0        72      1.00      0.00  ksoftirqd/9
08:35:24 PM     0        78      1.00      0.00  ksoftirqd/10
08:35:24 PM     0        95      2.00      0.00  kcompactd0
08:35:24 PM     0       453      1.00      0.00  multipathd
08:35:24 PM     0       562      3.00      0.00  jbd2/nvme1n1p3-8
08:35:24 PM     0     98256      1.00      0.00  kworker/u24:2-events_power_efficient
08:35:24 PM     0    112707      1.00      0.00  kworker/3:0-mm_percpu_wq
08:35:24 PM     0    129890      1.00      0.00  kworker/10:2-events
08:35:24 PM     0    140699      1.00      0.00  kworker/1:0-mm_percpu_wq
08:35:24 PM     0    156170      4.00      0.00  kworker/u24:3-events_power_efficient
08:35:24 PM     0    157360      2.00      0.00  kworker/4:2-events
08:35:24 PM     0    159909      3.00      0.00  kworker/6:2-events
08:35:24 PM     0    160609     10.00      0.00  kworker/2:1-events
08:35:24 PM     0    162510      1.00      0.00  iostat
08:35:24 PM     0    162511      1.00      0.00  pidstat
08:35:24 PM     0    162512      5.00      0.00  bash
08:35:24 PM     0    162513      8.00      0.00  bash
08:35:24 PM     0    162514      4.00      0.00  bash
08:35:24 PM     0    162516     99.00      0.00  fio
08:35:24 PM     0    162665      2.00      0.00  kworker/5:2-events
08:35:24 PM     0    163589      1.00      0.00  sleep
08:35:24 PM     0    163600      1.00      0.00  sleep

08:35:24 PM   UID       PID   cswch/s nvcswch/s  Command
08:35:25 PM     0        16      1.00      0.00  ksoftirqd/0
08:35:25 PM     0        17     12.00      0.00  rcu_preempt
08:35:25 PM     0        54      1.00      0.00  ksoftirqd/6
08:35:25 PM     0        60      1.00      0.00  ksoftirqd/7
08:35:25 PM     0        95      1.00      0.00  kcompactd0
08:35:25 PM     0       453      1.00      0.00  multipathd
08:35:25 PM     0     98256      4.00      0.00  kworker/u24:2-events_unbound
08:35:25 PM     0    118120      2.00      0.00  kworker/9:2-mm_percpu_wq
08:35:25 PM     0    129890      3.00      0.00  kworker/10:2-mm_percpu_wq
08:35:25 PM     0    140699      3.00      0.00  kworker/1:0-events
08:35:25 PM     0    143767      1.00      0.00  kworker/8:0-mm_percpu_wq
08:35:25 PM     0    146022      1.00      0.00  kworker/11:1-mm_percpu_wq
08:35:25 PM     0    156170      1.00      0.00  kworker/u24:3-events_power_efficient
08:35:25 PM     0    159214      2.00      0.00  kworker/7:1-mm_percpu_wq
08:35:25 PM     0    159909      2.00      0.00  kworker/6:2-events
08:35:25 PM     0    160609     13.00      0.00  kworker/2:1-events
08:35:25 PM     0    162510      1.00      0.00  iostat
08:35:25 PM     0    162511      1.00      0.00  pidstat
08:35:25 PM     0    162512      1.00      0.00  bash
08:35:25 PM     0    162513      3.00      0.00  bash
08:35:25 PM     0    162514      4.00      0.00  bash
08:35:25 PM     0    162516     99.00      0.00  fio
08:35:25 PM     0    162665      2.00      0.00  kworker/5:2-mm_percpu_wq
08:35:25 PM     0    163012      3.00      0.00  kworker/0:0-mm_percpu_wq
08:35:25 PM     0    163604      1.00      0.00  sleep

08:35:25 PM   UID       PID   cswch/s nvcswch/s  Command
08:35:26 PM     0        16      1.00      0.00  ksoftirqd/0
08:35:26 PM     0        17     16.00      0.00  rcu_preempt
08:35:26 PM     0        18      1.00      0.00  migration/0
08:35:26 PM     0        23      1.00      0.00  migration/1
08:35:26 PM     0        29      1.00      0.00  migration/2
08:35:26 PM     0        35      1.00      0.00  migration/3
08:35:26 PM     0        41      1.00      0.00  migration/4
08:35:26 PM     0        47      1.00      0.00  migration/5
08:35:26 PM     0        48      1.00      0.00  ksoftirqd/5
08:35:26 PM     0        53      1.00      0.00  migration/6
08:35:26 PM     0        59      1.00      0.00  migration/7
08:35:26 PM     0        65      1.00      0.00  migration/8
08:35:26 PM     0        71      1.00      0.00  migration/9
08:35:26 PM     0        77      1.00      0.00  migration/10
08:35:26 PM     0        78      2.00      0.00  ksoftirqd/10
08:35:26 PM     0        83      1.00      0.00  migration/11
08:35:26 PM     0        84      2.00      1.00  ksoftirqd/11
08:35:26 PM     0        95      2.00      0.00  kcompactd0
08:35:26 PM     0       453      1.00      0.00  multipathd
08:35:26 PM     0     98256      1.00      0.00  kworker/u24:2-events_power_efficient
08:35:26 PM     0    129890      2.00      0.00  kworker/10:2-events
08:35:26 PM     0    140699      3.00      0.00  kworker/1:0-mm_percpu_wq
08:35:26 PM     0    146022      2.00      0.00  kworker/11:1-events
08:35:26 PM     0    156170      2.00      0.00  kworker/u24:3-flush-259:1
08:35:26 PM     0    157360      2.00      0.00  kworker/4:2-events
08:35:26 PM     0    160609     11.00      0.00  kworker/2:1-events
08:35:26 PM     0    162510      1.00      0.00  iostat
08:35:26 PM     0    162511      1.00      0.00  pidstat
08:35:26 PM     0    162512      4.00      0.00  bash
08:35:26 PM     0    162513      5.00      0.00  bash
08:35:26 PM     0    162514      4.00      0.00  bash
08:35:26 PM     0    162516     99.00      0.00  fio
08:35:26 PM     0    162665      3.00      0.00  kworker/5:2-events
08:35:26 PM     0    163615      1.00      0.00  sleep
08:35:26 PM     0    163616      1.00      0.00  sleep
08:35:26 PM     0    163619      1.00      0.00  sleep

08:35:26 PM   UID       PID   cswch/s nvcswch/s  Command
08:35:27 PM     0        16      1.00      0.00  ksoftirqd/0
08:35:27 PM     0        17     16.00      0.00  rcu_preempt
08:35:27 PM     0        23      1.00      0.00  migration/1
08:35:27 PM     0        24      1.00      0.00  ksoftirqd/1
08:35:27 PM     0        84      1.00      0.00  ksoftirqd/11
08:35:27 PM     0        95      2.00      0.00  kcompactd0
08:35:27 PM     0       188      1.00      0.00  kworker/2:1H-kblockd
08:35:27 PM     0       193      1.00      0.00  kworker/9:1H-kblockd
08:35:27 PM     0       453      1.00      0.00  multipathd
08:35:27 PM     0     98256      1.00      0.00  kworker/u24:2-events_power_efficient
08:35:27 PM     0    112707      1.00      0.00  kworker/3:0-mm_percpu_wq
08:35:27 PM     0    118120      1.00      0.00  kworker/9:2-mm_percpu_wq
08:35:27 PM     0    129890      2.00      0.00  kworker/10:2-mm_percpu_wq
08:35:27 PM     0    140699      3.00      0.00  kworker/1:0-mm_percpu_wq
08:35:27 PM     0    143767      1.00      0.00  kworker/8:0-mm_percpu_wq
08:35:27 PM     0    146022      4.00      0.00  kworker/11:1-mm_percpu_wq
08:35:27 PM     0    156170      1.00      0.00  kworker/u24:3-events_unbound
08:35:27 PM     0    157360      3.00      0.00  kworker/4:2-mm_percpu_wq
08:35:27 PM     0    159909      2.00      0.00  kworker/6:2-events
08:35:27 PM     0    160609     13.00      0.00  kworker/2:1-events
08:35:27 PM     0    162510      1.00      0.00  iostat
08:35:27 PM     0    162511      1.00      0.00  pidstat
08:35:27 PM     0    162512      5.00      0.00  bash
08:35:27 PM     0    162513      7.00      0.00  bash
08:35:27 PM     0    162514      4.00      0.00  bash
08:35:27 PM     0    162516    100.00      0.00  fio
08:35:27 PM     0    162665      3.00      0.00  kworker/5:2-mm_percpu_wq
08:35:27 PM     0    163012      1.00      0.00  kworker/0:0-events
08:35:27 PM     0    163630      1.00      1.00  sleep
08:35:27 PM     0    163631      1.00      0.00  sleep
08:35:27 PM     0    163634      1.00      0.00  sleep

08:35:27 PM   UID       PID   cswch/s nvcswch/s  Command
08:35:28 PM     0        17     19.00      0.00  rcu_preempt
08:35:28 PM     0        54      1.00      0.00  ksoftirqd/6
08:35:28 PM     0        78      1.00      0.00  ksoftirqd/10
08:35:28 PM     0        95      2.00      0.00  kcompactd0
08:35:28 PM     0       453      1.00      0.00  multipathd
08:35:28 PM     0    129890      3.00      0.00  kworker/10:2-events
08:35:28 PM     0    140699      1.00      0.00  kworker/1:0-events
08:35:28 PM     0    143767      1.00      0.00  kworker/8:0-events
08:35:28 PM     0    146022      2.00      0.00  kworker/11:1-events
08:35:28 PM     0    156170      1.00      0.00  kworker/u24:3-edac-poller
08:35:28 PM     0    157360      2.00      0.00  kworker/4:2-events
08:35:28 PM     0    159214      4.00      0.00  kworker/7:1-events
08:35:28 PM     0    160609     11.00      0.00  kworker/2:1-events
08:35:28 PM     0    162510      1.00      0.00  iostat
08:35:28 PM     0    162511      1.00      0.00  pidstat
08:35:28 PM     0    162512      5.00      0.00  bash
08:35:28 PM     0    162513      7.00      0.00  bash
08:35:28 PM     0    162514      4.00      0.00  bash
08:35:28 PM     0    162516     99.00      0.00  fio
08:35:28 PM     0    162665      2.00      0.00  kworker/5:2-events
08:35:28 PM     0    163012      1.00      0.00  kworker/0:0-events
08:35:28 PM     0    163645      1.00      0.00  sleep
08:35:28 PM     0    163646      1.00      0.00  sleep
08:35:28 PM     0    163649      1.00      0.00  sleep

08:35:28 PM   UID       PID   cswch/s nvcswch/s  Command
08:35:29 PM     0        16      1.00      0.00  ksoftirqd/0
08:35:29 PM     0        17     17.00      0.00  rcu_preempt
08:35:29 PM     0        24      1.00      0.00  ksoftirqd/1
08:35:29 PM     0        42      1.00      0.00  ksoftirqd/4
08:35:29 PM     0        54      1.00      0.00  ksoftirqd/6
08:35:29 PM     0        95      2.00      0.00  kcompactd0
08:35:29 PM     0       453      1.00      0.00  multipathd
08:35:29 PM     0       562      3.00      0.00  jbd2/nvme1n1p3-8
08:35:29 PM     0     98256      1.00      0.00  kworker/u24:2-events_power_efficient
08:35:29 PM     0    112707      1.00      0.00  kworker/3:0-mm_percpu_wq
08:35:29 PM     0    118120      1.00      0.00  kworker/9:2-mm_percpu_wq
08:35:29 PM     0    129890      3.00      0.00  kworker/10:2-events
08:35:29 PM     0    140699      3.00      0.00  kworker/1:0-mm_percpu_wq
08:35:29 PM     0    146022      2.00      0.00  kworker/11:1-events
08:35:29 PM     0    156170      3.00      0.00  kworker/u24:3-events_unbound
08:35:29 PM     0    157360      2.00      0.00  kworker/4:2-events
08:35:29 PM     0    159214      1.00      0.00  kworker/7:1-xfs-sync/nvme0n1p2
08:35:29 PM     0    159909      4.00      0.00  kworker/6:2-events
08:35:29 PM     0    160609     11.00      0.00  kworker/2:1-events
08:35:29 PM     0    162510      1.00      0.00  iostat
08:35:29 PM     0    162511      1.00      0.00  pidstat
08:35:29 PM     0    162512      5.00      0.00  bash
08:35:29 PM     0    162513      8.00      0.00  bash
08:35:29 PM     0    162514      4.00      0.00  bash
08:35:29 PM     0    162516     99.00      0.00  fio
08:35:29 PM     0    162665      2.00      0.00  kworker/5:2-events
08:35:29 PM     0    163012      2.00      0.00  kworker/0:0-mm_percpu_wq
08:35:29 PM     0    163660      1.00      0.00  sleep
08:35:29 PM     0    163661      1.00      0.00  sleep
08:35:29 PM     0    163664      1.00      0.00  sleep

08:35:29 PM   UID       PID   cswch/s nvcswch/s  Command
08:35:30 PM     0         2      1.00      0.00  kthreadd
08:35:30 PM     0        17     18.00      0.00  rcu_preempt
08:35:30 PM     0        18      1.00      0.00  migration/0
08:35:30 PM     0        23      1.00      0.00  migration/1
08:35:30 PM     0        29      1.00      0.00  migration/2
08:35:30 PM     0        35      1.00      0.00  migration/3
08:35:30 PM     0        41      2.00      0.00  migration/4
08:35:30 PM     0        42      1.00      0.00  ksoftirqd/4
08:35:30 PM     0        47      1.00      0.00  migration/5
08:35:30 PM     0        48      1.00      0.00  ksoftirqd/5
08:35:30 PM     0        53      1.00      0.00  migration/6
08:35:30 PM     0        59      1.00      0.00  migration/7
08:35:30 PM     0        65      1.00      0.00  migration/8
08:35:30 PM     0        71      1.00      0.00  migration/9
08:35:30 PM     0        77      1.00      0.00  migration/10
08:35:30 PM     0        78      1.00      0.00  ksoftirqd/10
08:35:30 PM     0        83      1.00      0.00  migration/11
08:35:30 PM     0        95      2.00      0.00  kcompactd0
08:35:30 PM     0       102      1.00      0.00  irq/9-acpi
08:35:30 PM     0       453      1.00      0.00  multipathd
08:35:30 PM     0    118120      2.00      0.00  kworker/9:2-events
08:35:30 PM     0    129890      3.00      0.00  kworker/10:2-events
08:35:30 PM     0    140699      1.00      0.00  kworker/1:0-mm_percpu_wq
08:35:30 PM     0    146022     10.00      0.00  kworker/11:1-pm
08:35:30 PM     0    153488      2.00      0.00  kworker/11:0-i915-unordered
08:35:30 PM     0    156170      1.00      0.00  kworker/u24:3-edac-poller
08:35:30 PM     0    157360      4.00      0.00  kworker/4:2-events
08:35:30 PM     0    159214      2.00      0.00  kworker/7:1-events
08:35:30 PM     0    159909      2.00      0.00  kworker/6:2-mm_percpu_wq
08:35:30 PM     0    160609      9.00      0.00  kworker/2:1-events
08:35:30 PM     0    162510      1.00      0.00  iostat
08:35:30 PM     0    162511      1.00      0.00  pidstat
08:35:30 PM     0    162512      5.00      0.00  bash
08:35:30 PM     0    162513      7.00      0.00  bash
08:35:30 PM     0    162514      4.00      0.00  bash
08:35:30 PM     0    162516     99.00      0.00  fio
08:35:30 PM     0    162665      2.00      0.00  kworker/5:2-events
08:35:30 PM     0    163012      2.00      0.00  kworker/0:0-kacpi_notify
08:35:30 PM     0    163675      1.00      1.00  sleep
08:35:30 PM     0    163676      1.00      0.00  sleep
08:35:30 PM     0    163679      1.00      0.00  sleep
08:35:30 PM     0    163680      2.00      0.00  kworker/11:2

08:35:30 PM   UID       PID   cswch/s nvcswch/s  Command
08:35:31 PM     0        17     18.00      0.00  rcu_preempt
08:35:31 PM     0        84      1.00      0.00  ksoftirqd/11
08:35:31 PM     0        95      2.00      0.00  kcompactd0
08:35:31 PM     0       453      1.00      0.00  multipathd
08:35:31 PM     0     98256      6.00      0.00  kworker/u24:2-events_power_efficient
08:35:31 PM     0    112707      1.00      0.00  kworker/3:0-mm_percpu_wq
08:35:31 PM     0    118120      1.00      0.00  kworker/9:2-mm_percpu_wq
08:35:31 PM     0    140699      3.00      0.00  kworker/1:0-mm_percpu_wq
08:35:31 PM     0    143767      1.00      0.00  kworker/8:0-mm_percpu_wq
08:35:31 PM     0    146022      5.00      0.00  kworker/11:1-mm_percpu_wq
08:35:31 PM     0    156170      3.00      0.00  kworker/u24:3-events_unbound
08:35:31 PM     0    157360      2.00      0.00  kworker/4:2-events
08:35:31 PM     0    159214      2.00      0.00  kworker/7:1-events
08:35:31 PM     0    159909      1.00      0.00  kworker/6:2-events
08:35:31 PM     0    160609      8.00      0.00  kworker/2:1-events
08:35:31 PM     0    162510      1.00      0.00  iostat
08:35:31 PM     0    162511      1.00      0.00  pidstat
08:35:31 PM     0    162512      5.00      0.00  bash
08:35:31 PM     0    162513      8.00      0.00  bash
08:35:31 PM     0    162514      4.00      0.00  bash
08:35:31 PM     0    162516     99.00      0.00  fio
08:35:31 PM     0    163012      1.00      0.00  kworker/0:0-events
08:35:31 PM     0    163691      1.00      0.00  sleep
08:35:31 PM     0    163692      1.00      0.00  sleep
08:35:31 PM     0    163695      1.00      0.00  sleep

08:35:31 PM   UID       PID   cswch/s nvcswch/s  Command
08:35:32 PM     0        17     18.00      0.00  rcu_preempt
08:35:32 PM     0        36      1.00      0.00  ksoftirqd/3
08:35:32 PM     0        42      1.00      0.00  ksoftirqd/4
08:35:32 PM     0        48      1.00      0.00  ksoftirqd/5
08:35:32 PM     0        59      1.00      0.00  migration/7
08:35:32 PM     0        60      1.00      0.00  ksoftirqd/7
08:35:32 PM     0        84      1.00      0.00  ksoftirqd/11
08:35:32 PM     0        95      2.00      0.00  kcompactd0
08:35:32 PM     0       453      1.00      0.00  multipathd
08:35:32 PM     0    112707      2.00      0.00  kworker/3:0-events
08:35:32 PM     0    140699      1.00      0.00  kworker/1:0-events
08:35:32 PM     0    146022      1.00      0.00  kworker/11:1-events
08:35:32 PM     0    156170      1.00      0.00  kworker/u24:3-edac-poller
08:35:32 PM     0    157360      3.00      0.00  kworker/4:2-events
08:35:32 PM     0    159214      4.00      0.00  kworker/7:1-events
08:35:32 PM     0    159909      1.00      0.00  kworker/6:2-events
08:35:32 PM     0    160609      1.00      0.00  kworker/2:1-mm_percpu_wq
08:35:32 PM     0    162510      1.00      0.00  iostat
08:35:32 PM     0    162511      1.00      0.00  pidstat
08:35:32 PM     0    162512      5.00      0.00  bash
08:35:32 PM     0    162513      8.00      0.00  bash
08:35:32 PM     0    162514      4.00      0.00  bash
08:35:32 PM     0    162516     99.00      0.00  fio
08:35:32 PM     0    162665      2.00      0.00  kworker/5:2-events
08:35:32 PM     0    163706      1.00      0.00  sleep
08:35:32 PM     0    163707      1.00      0.00  sleep
08:35:32 PM     0    163710      1.00      0.00  sleep

08:35:32 PM   UID       PID   cswch/s nvcswch/s  Command
08:35:33 PM     0        17     16.00      0.00  rcu_preempt
08:35:33 PM     0        42      1.00      0.00  ksoftirqd/4
08:35:33 PM     0        66      2.00      0.00  ksoftirqd/8
08:35:33 PM     0        95      2.00      0.00  kcompactd0
08:35:33 PM     0       188      1.00      0.00  kworker/2:1H-kblockd
08:35:33 PM     0       453      1.00      0.00  multipathd
08:35:33 PM     0     21554      1.00      0.00  packagekitd
08:35:33 PM     0    112707      1.00      0.00  kworker/3:0-mm_percpu_wq
08:35:33 PM     0    118120      1.00      0.00  kworker/9:2-mm_percpu_wq
08:35:33 PM     0    129890      1.00      0.00  kworker/10:2-mm_percpu_wq
08:35:33 PM     0    140699      2.00      0.00  kworker/1:0-mm_percpu_wq
08:35:33 PM     0    146022      2.00      0.00  kworker/11:1-events
08:35:33 PM     0    156170      1.00      0.00  kworker/u24:3-edac-poller
08:35:33 PM     0    157360      3.00      0.00  kworker/4:2-mm_percpu_wq
08:35:33 PM     0    159214      2.00      0.00  kworker/7:1-events
08:35:33 PM     0    159909      2.00      0.00  kworker/6:2-events
08:35:33 PM     0    160609      3.00      0.00  kworker/2:1-events
08:35:33 PM     0    162510      1.00      0.00  iostat
08:35:33 PM     0    162511      1.00      0.00  pidstat
08:35:33 PM     0    162512      5.00      0.00  bash
08:35:33 PM     0    162513      8.00      0.00  bash
08:35:33 PM     0    162514      4.00      0.00  bash
08:35:33 PM     0    162516     99.00      0.00  fio
08:35:33 PM     0    162665      4.00      0.00  kworker/5:2-events
08:35:33 PM     0    163012      1.00      0.00  kworker/0:0-mm_percpu_wq
08:35:33 PM     0    163721      1.00      0.00  sleep
08:35:33 PM     0    163722      1.00      0.00  sleep
08:35:33 PM     0    163725      1.00      0.00  sleep

08:35:33 PM   UID       PID   cswch/s nvcswch/s  Command
08:35:34 PM     0        17     23.00      0.00  rcu_preempt
08:35:34 PM     0        18      1.00      0.00  migration/0
08:35:34 PM     0        23      1.00      0.00  migration/1
08:35:34 PM     0        24      1.00      0.00  ksoftirqd/1
08:35:34 PM     0        29      1.00      0.00  migration/2
08:35:34 PM     0        35      1.00      0.00  migration/3
08:35:34 PM     0        41      1.00      0.00  migration/4
08:35:34 PM     0        42      1.00      0.00  ksoftirqd/4
08:35:34 PM     0        47      1.00      0.00  migration/5
08:35:34 PM     0        53      1.00      0.00  migration/6
08:35:34 PM     0        59      2.00      0.00  migration/7
08:35:34 PM     0        60      1.00      0.00  ksoftirqd/7
08:35:34 PM     0        65      1.00      0.00  migration/8
08:35:34 PM     0        71      1.00      0.00  migration/9
08:35:34 PM     0        77      1.00      0.00  migration/10
08:35:34 PM     0        83      2.00      0.00  migration/11
08:35:34 PM     0        84      1.00      0.00  ksoftirqd/11
08:35:34 PM     0        95      2.00      0.00  kcompactd0
08:35:34 PM     0       453      1.00      0.00  multipathd
08:35:34 PM     0       562      3.00      0.00  jbd2/nvme1n1p3-8
08:35:34 PM     0    129890      1.00      0.00  kworker/10:2-events
08:35:34 PM     0    140699      2.00      0.00  kworker/1:0-events
08:35:34 PM     0    143767      1.00      0.00  kworker/8:0-mm_percpu_wq
08:35:34 PM     0    146022      1.00      0.00  kworker/11:1-events
08:35:34 PM     0    156170      3.00      0.00  kworker/u24:3-edac-poller
08:35:34 PM     0    157360      4.00      0.00  kworker/4:2-events
08:35:34 PM     0    159214      4.00      0.00  kworker/7:1-events
08:35:34 PM     0    160609      2.00      0.00  kworker/2:1-mm_percpu_wq
08:35:34 PM     0    162510      1.00      0.00  iostat
08:35:34 PM     0    162511      1.00      0.00  pidstat
08:35:34 PM     0    162512      5.00      0.00  bash
08:35:34 PM     0    162513      6.00      0.00  bash
08:35:34 PM     0    162514      4.00      0.00  bash
08:35:34 PM     0    162516    100.00      0.00  fio
08:35:34 PM     0    163736      1.00      0.00  sleep
08:35:34 PM     0    163737      1.00      0.00  sleep
08:35:34 PM     0    163740      1.00      0.00  sleep

08:35:34 PM   UID       PID   cswch/s nvcswch/s  Command
08:35:35 PM     0        16      1.00      0.00  ksoftirqd/0
08:35:35 PM     0        17     21.00      0.00  rcu_preempt
08:35:35 PM     0        47      1.00      0.00  migration/5
08:35:35 PM     0        60      1.00      0.00  ksoftirqd/7
08:35:35 PM     0        83      1.00      0.00  migration/11
08:35:35 PM     0        84      2.00      0.00  ksoftirqd/11
08:35:35 PM     0        95      2.00      0.00  kcompactd0
08:35:35 PM     0       187      1.00      0.00  kworker/0:1H-kblockd
08:35:35 PM     0       453      1.00      0.00  multipathd
08:35:35 PM     0    112707      1.00      0.00  kworker/3:0-mm_percpu_wq
08:35:35 PM     0    118120      3.00      0.00  kworker/9:2-mm_percpu_wq
08:35:35 PM     0    129890      4.00      0.00  kworker/10:2-events
08:35:35 PM     0    140699      4.00      0.00  kworker/1:0-mm_percpu_wq
08:35:35 PM     0    146022      5.00      0.00  kworker/11:1-mm_percpu_wq
08:35:35 PM     0    156170      1.00      0.00  kworker/u24:3-edac-poller
08:35:35 PM     0    157360      2.00      0.00  kworker/4:2-mm_percpu_wq
08:35:35 PM     0    159214      2.00      0.00  kworker/7:1-events
08:35:35 PM     0    159909      2.00      0.00  kworker/6:2-events
08:35:35 PM     0    160609      4.00      0.00  kworker/2:1-events
08:35:35 PM     0    162510      1.00      0.00  iostat
08:35:35 PM     0    162511      1.00      0.00  pidstat
08:35:35 PM     0    162512      5.00      1.00  bash
08:35:35 PM     0    162513      6.00      0.00  bash
08:35:35 PM     0    162514      4.00      0.00  bash
08:35:35 PM     0    162516     99.00      0.00  fio
08:35:35 PM     0    163012      2.00      0.00  kworker/0:0-mm_percpu_wq
08:35:35 PM     0    163751      1.00      1.00  sleep
08:35:35 PM     0    163752      1.00      0.00  sleep
08:35:35 PM     0    163755      1.00      0.00  sleep

08:35:35 PM   UID       PID   cswch/s nvcswch/s  Command
08:35:36 PM     0        17     16.00      0.00  rcu_preempt
08:35:36 PM     0        24      1.00      0.00  ksoftirqd/1
08:35:36 PM     0        42      1.00      0.00  ksoftirqd/4
08:35:36 PM     0        78      1.00      0.00  ksoftirqd/10
08:35:36 PM     0        95      2.00      0.00  kcompactd0
08:35:36 PM     0       453      1.00      0.00  multipathd
08:35:36 PM     0     98256      1.00      0.00  kworker/u24:2-events_power_efficient
08:35:36 PM     0    112707      1.00      0.00  kworker/3:0-events
08:35:36 PM     0    129890      2.00      0.00  kworker/10:2-mm_percpu_wq
08:35:36 PM     0    140699      3.00      0.00  kworker/1:0-events
08:35:36 PM     0    156170      4.00      0.00  kworker/u24:3-ext4-rsv-conversion
08:35:36 PM     0    157360      3.00      0.00  kworker/4:2-events
08:35:36 PM     0    159214      2.00      0.00  kworker/7:1-events
08:35:36 PM     0    160609      2.00      0.00  kworker/2:1-mm_percpu_wq
08:35:36 PM     0    162510      1.00      0.00  iostat
08:35:36 PM     0    162511      1.00      0.00  pidstat
08:35:36 PM     0    162512      5.00      0.00  bash
08:35:36 PM     0    162513      7.00      0.00  bash
08:35:36 PM     0    162514      4.00      0.00  bash
08:35:36 PM     0    162516     99.00      0.00  fio
08:35:36 PM     0    162665      2.00      0.00  kworker/5:2-events
08:35:36 PM     0    163766      1.00      0.00  sleep
08:35:36 PM     0    163767      1.00      0.00  sleep
08:35:36 PM     0    163770      1.00      0.00  sleep

08:35:36 PM   UID       PID   cswch/s nvcswch/s  Command
08:35:37 PM     0         1      1.00      0.00  systemd
08:35:37 PM     0        17     18.00      0.00  rcu_preempt
08:35:37 PM     0        24      1.00      0.00  ksoftirqd/1
08:35:37 PM     0        53      1.00      0.00  migration/6
08:35:37 PM     0        59      1.00      0.00  migration/7
08:35:37 PM     0        84      3.00      0.00  ksoftirqd/11
08:35:37 PM     0        95      2.00      0.00  kcompactd0
08:35:37 PM     0       453      1.00      0.00  multipathd
08:35:37 PM     0       463      1.00      0.00  systemd-udevd
08:35:37 PM   104       622      1.00      0.00  systemd-timesyn
08:35:37 PM     0    112707      2.00      0.00  kworker/3:0-events
08:35:37 PM     0    118120      1.00      0.00  kworker/9:2-mm_percpu_wq
08:35:37 PM     0    129890      1.00      0.00  kworker/10:2-mm_percpu_wq
08:35:37 PM     0    140699      4.00      0.00  kworker/1:0-mm_percpu_wq
08:35:37 PM     0    146022      7.00      0.00  kworker/11:1-events
08:35:37 PM     0    156170      2.00      0.00  kworker/u24:3-edac-poller
08:35:37 PM     0    159214      2.00      0.00  kworker/7:1-mm_percpu_wq
08:35:37 PM     0    159909      3.00      0.00  kworker/6:2-events
08:35:37 PM     0    160609      4.00      0.00  kworker/2:1-events
08:35:37 PM     0    162510      1.00      0.00  iostat
08:35:37 PM     0    162511      1.00      1.00  pidstat
08:35:37 PM     0    162512      5.00      0.00  bash
08:35:37 PM     0    162513      8.00      0.00  bash
08:35:37 PM     0    162514      4.00      0.00  bash
08:35:37 PM     0    162516     99.00      0.00  fio
08:35:37 PM     0    163012      1.00      0.00  kworker/0:0-events
08:35:37 PM     0    163781      1.00      0.00  sleep
08:35:37 PM     0    163782      1.00      0.00  sleep
08:35:37 PM     0    163785      1.00      0.00  sleep

08:35:37 PM   UID       PID   cswch/s nvcswch/s  Command
08:35:38 PM     0        17     17.00      0.00  rcu_preempt
08:35:38 PM     0        18      1.00      0.00  migration/0
08:35:38 PM     0        23      1.00      0.00  migration/1
08:35:38 PM     0        24      2.00      0.00  ksoftirqd/1
08:35:38 PM     0        29      1.00      0.00  migration/2
08:35:38 PM     0        35      1.00      0.00  migration/3
08:35:38 PM     0        36      1.00      0.00  ksoftirqd/3
08:35:38 PM     0        41      1.00      0.00  migration/4
08:35:38 PM     0        47      1.00      0.00  migration/5
08:35:38 PM     0        53      1.00      0.00  migration/6
08:35:38 PM     0        59      1.00      0.00  migration/7
08:35:38 PM     0        65      1.00      0.00  migration/8
08:35:38 PM     0        71      1.00      0.00  migration/9
08:35:38 PM     0        77      1.00      0.00  migration/10
08:35:38 PM     0        83      1.00      0.00  migration/11
08:35:38 PM     0        84      1.00      0.00  ksoftirqd/11
08:35:38 PM     0        95      2.00      0.00  kcompactd0
08:35:38 PM     0       453      1.00      0.00  multipathd
08:35:38 PM     0    112707      1.00      0.00  kworker/3:0-events
08:35:38 PM     0    140699      4.00      0.00  kworker/1:0-events
08:35:38 PM     0    146022      2.00      0.00  kworker/11:1-events
08:35:38 PM     0    156170      2.00      0.00  kworker/u24:3-edac-poller
08:35:38 PM     0    157360      2.00      0.00  kworker/4:2-events
08:35:38 PM     0    159214      2.00      0.00  kworker/7:1-mm_percpu_wq
08:35:38 PM     0    160609      3.00      0.00  kworker/2:1-events
08:35:38 PM     0    162510      1.00      0.00  iostat
08:35:38 PM     0    162511      1.00      0.00  pidstat
08:35:38 PM     0    162512      5.00      0.00  bash
08:35:38 PM     0    162513      6.00      0.00  bash
08:35:38 PM     0    162514      4.00      0.00  bash
08:35:38 PM     0    162516     99.00      0.00  fio
08:35:38 PM     0    162665      1.00      0.00  kworker/5:2-mm_percpu_wq
08:35:38 PM     0    163795      1.00      0.00  sleep
08:35:38 PM     0    163797      1.00      1.00  sleep
08:35:38 PM     0    163800      1.00      0.00  sleep

08:35:38 PM   UID       PID   cswch/s nvcswch/s  Command
08:35:39 PM     0        16      1.00      0.00  ksoftirqd/0
08:35:39 PM     0        17     16.00      0.00  rcu_preempt
08:35:39 PM     0        36      1.00      0.00  ksoftirqd/3
08:35:39 PM     0        53      1.00      0.00  migration/6
08:35:39 PM     0        60      1.00      0.00  ksoftirqd/7
08:35:39 PM     0        72      1.00      0.00  ksoftirqd/9
08:35:39 PM     0        84      1.00      0.00  ksoftirqd/11
08:35:39 PM     0        95      2.00      0.00  kcompactd0
08:35:39 PM     0       453      1.00      0.00  multipathd
08:35:39 PM     0       562      3.00      0.00  jbd2/nvme1n1p3-8
08:35:39 PM     0    112707      2.00      0.00  kworker/3:0-events
08:35:39 PM     0    118120      1.00      0.00  kworker/9:2-mm_percpu_wq
08:35:39 PM     0    129890      3.00      0.00  kworker/10:2-events
08:35:39 PM     0    140699      2.00      0.00  kworker/1:0-mm_percpu_wq
08:35:39 PM     0    146022      5.00      0.00  kworker/11:1-events
08:35:39 PM     0    156170      3.00      0.00  kworker/u24:3-edac-poller
08:35:39 PM     0    157360      1.00      0.00  kworker/4:2-mm_percpu_wq
08:35:39 PM     0    159214      3.00      0.00  kworker/7:1-mm_percpu_wq
08:35:39 PM     0    159909      2.00      0.00  kworker/6:2-events
08:35:39 PM     0    160609      3.00      0.00  kworker/2:1-events
08:35:39 PM     0    162510      1.00      0.00  iostat
08:35:39 PM     0    162511      1.00      0.00  pidstat
08:35:39 PM     0    162512      5.00      0.00  bash
08:35:39 PM     0    162513      8.00      0.00  bash
08:35:39 PM     0    162514      4.00      0.00  bash
08:35:39 PM     0    162516     99.00      0.00  fio
08:35:39 PM     0    162665      3.00      0.00  kworker/5:2-mm_percpu_wq
08:35:39 PM     0    163012      2.00      0.00  kworker/0:0-mm_percpu_wq
08:35:39 PM     0    163810      1.00      0.00  sleep
08:35:39 PM     0    163812      1.00      0.00  sleep
08:35:39 PM     0    163815      1.00      0.00  sleep

08:35:39 PM   UID       PID   cswch/s nvcswch/s  Command
08:35:40 PM     0        17     18.00      0.00  rcu_preempt
08:35:40 PM     0        36      1.00      0.00  ksoftirqd/3
08:35:40 PM     0        48      2.00      0.00  ksoftirqd/5
08:35:40 PM     0        84      1.00      0.00  ksoftirqd/11
08:35:40 PM     0        95      2.00      0.00  kcompactd0
08:35:40 PM     0       188      1.00      0.00  kworker/2:1H-kblockd
08:35:40 PM     0       453      1.00      0.00  multipathd
08:35:40 PM     0     98256      2.00      0.00  kworker/u24:2-events_unbound
08:35:40 PM     0    112707      2.00      0.00  kworker/3:0-events
08:35:40 PM     0    118120      1.00      0.00  kworker/9:2-mm_percpu_wq
08:35:40 PM     0    129890      2.00      0.00  kworker/10:2-mm_percpu_wq
08:35:40 PM     0    146022      3.00      0.00  kworker/11:1-mm_percpu_wq
08:35:40 PM     0    156170      2.00      0.00  kworker/u24:3-events_power_efficient
08:35:40 PM     0    157360      2.00      0.00  kworker/4:2-mm_percpu_wq
08:35:40 PM     0    159214      3.00      0.00  kworker/7:1-mm_percpu_wq
08:35:40 PM     0    160609      3.00      0.00  kworker/2:1-mm_percpu_wq
08:35:40 PM     0    162510      1.00      0.00  iostat
08:35:40 PM     0    162511      1.00      1.00  pidstat
08:35:40 PM     0    162512      5.00      0.00  bash
08:35:40 PM     0    162513      7.00      0.00  bash
08:35:40 PM     0    162514      4.00      0.00  bash
08:35:40 PM     0    162516     99.00      0.00  fio
08:35:40 PM     0    162665      3.00      0.00  kworker/5:2-events
08:35:40 PM     0    163012      1.00      0.00  kworker/0:0-events
08:35:40 PM     0    163826      1.00      0.00  sleep
08:35:40 PM     0    163827      1.00      0.00  sleep
08:35:40 PM     0    163830      1.00      0.00  sleep

08:35:40 PM   UID       PID   cswch/s nvcswch/s  Command
08:35:41 PM     0         2      1.00      0.00  kthreadd
08:35:41 PM     0        17     23.00      0.00  rcu_preempt
08:35:41 PM     0        42      1.00      0.00  ksoftirqd/4
08:35:41 PM     0        60      1.00      0.00  ksoftirqd/7
08:35:41 PM     0        83      1.00      0.00  migration/11
08:35:41 PM     0        84      2.00      0.00  ksoftirqd/11
08:35:41 PM     0        95      2.00      0.00  kcompactd0
08:35:41 PM     0       102      1.00      0.00  irq/9-acpi
08:35:41 PM     0       453      1.00      0.00  multipathd
08:35:41 PM     0     98256      2.00      0.00  kworker/u24:2-events_unbound
08:35:41 PM     0    112707      1.00      0.00  kworker/3:0-mm_percpu_wq
08:35:41 PM     0    118120      2.00      0.00  kworker/9:2-events
08:35:41 PM     0    129890      2.00      0.00  kworker/10:2-events
08:35:41 PM     0    140699      4.00      0.00  kworker/1:0-events
08:35:41 PM     0    146022   1138.00      0.00  kworker/11:1-events
08:35:41 PM     0    153488      2.00      0.00  kworker/11:0-events
08:35:41 PM     0    159214      2.00      0.00  kworker/7:1-mm_percpu_wq
08:35:41 PM     0    159909      2.00      0.00  kworker/6:2-events
08:35:41 PM     0    160609      4.00      0.00  kworker/2:1-events
08:35:41 PM     0    162510      1.00      0.00  iostat
08:35:41 PM     0    162511      1.00      0.00  pidstat
08:35:41 PM     0    162512      5.00      0.00  bash
08:35:41 PM     0    162513      7.00      0.00  bash
08:35:41 PM     0    162514      4.00      0.00  bash
08:35:41 PM     0    162516    100.00      0.00  fio
08:35:41 PM     0    162665      3.00      0.00  kworker/5:2-events
08:35:41 PM     0    163012      3.00      0.00  kworker/0:0-kacpi_notify
08:35:41 PM     0    163680   1135.00      0.00  kworker/11:2-events
08:35:41 PM     0    163840      1.00      1.00  sleep
08:35:41 PM     0    163842      1.00      0.00  sleep
08:35:41 PM     0    163843      2.00      0.00  kworker/11:3
08:35:41 PM     0    163846      1.00      0.00  sleep

08:35:41 PM   UID       PID   cswch/s nvcswch/s  Command
08:35:42 PM     0        17     15.00      0.00  rcu_preempt
08:35:42 PM     0        18      1.00      0.00  migration/0
08:35:42 PM     0        23      1.00      0.00  migration/1
08:35:42 PM     0        29      1.00      0.00  migration/2
08:35:42 PM     0        35      1.00      0.00  migration/3
08:35:42 PM     0        36      1.00      0.00  ksoftirqd/3
08:35:42 PM     0        41      1.00      0.00  migration/4
08:35:42 PM     0        47      1.00      0.00  migration/5
08:35:42 PM     0        53      1.00      0.00  migration/6
08:35:42 PM     0        59      1.00      0.00  migration/7
08:35:42 PM     0        65      1.00      0.00  migration/8
08:35:42 PM     0        71      1.00      0.00  migration/9
08:35:42 PM     0        72      1.00      0.00  ksoftirqd/9
08:35:42 PM     0        77      1.00      0.00  migration/10
08:35:42 PM     0        83      1.00      0.00  migration/11
08:35:42 PM     0        84      1.00      0.00  ksoftirqd/11
08:35:42 PM     0        95      2.00      0.00  kcompactd0
08:35:42 PM     0       453      1.00      0.00  multipathd
08:35:42 PM     0     98256      4.00      0.00  kworker/u24:2-events_unbound
08:35:42 PM     0    112707      2.00      0.00  kworker/3:0-mm_percpu_wq
08:35:42 PM     0    118120      1.00      0.00  kworker/9:2-mm_percpu_wq
08:35:42 PM     0    129890      1.00      0.00  kworker/10:2-mm_percpu_wq
08:35:42 PM     0    140699      1.00      0.00  kworker/1:0-mm_percpu_wq
08:35:42 PM     0    143767      1.00      0.00  kworker/8:0-mm_percpu_wq
08:35:42 PM     0    156170      2.00      0.00  kworker/u24:3-events_power_efficient
08:35:42 PM     0    157360      1.00      0.00  kworker/4:2-mm_percpu_wq
08:35:42 PM     0    159214      3.00      0.00  kworker/7:1-mm_percpu_wq
08:35:42 PM     0    160609      2.00      0.00  kworker/2:1-mm_percpu_wq
08:35:42 PM     0    162510      1.00      0.00  iostat
08:35:42 PM     0    162511      1.00      1.00  pidstat
08:35:42 PM     0    162512      5.00      0.00  bash
08:35:42 PM     0    162513      7.00      0.00  bash
08:35:42 PM     0    162514      4.00      0.00  bash
08:35:42 PM     0    162516     99.00      0.00  fio
08:35:42 PM     0    162665      2.00      0.00  kworker/5:2-mm_percpu_wq
08:35:42 PM     0    163012      1.00      0.00  kworker/0:0-mm_percpu_wq
08:35:42 PM     0    163680      4.00      0.00  kworker/11:2-mm_percpu_wq
08:35:42 PM     0    163857      1.00      0.00  sleep
08:35:42 PM     0    163858      1.00      0.00  sleep
08:35:42 PM     0    163861      1.00      0.00  sleep

08:35:42 PM   UID       PID   cswch/s nvcswch/s  Command
08:35:43 PM     0        16      1.00      0.00  ksoftirqd/0
08:35:43 PM     0        17      9.00      0.00  rcu_preempt
08:35:43 PM     0        23      1.00      0.00  migration/1
08:35:43 PM     0        36      2.00      1.00  ksoftirqd/3
08:35:43 PM     0        54      1.00      0.00  ksoftirqd/6
08:35:43 PM     0        84      1.00      0.00  ksoftirqd/11
08:35:43 PM     0        95      2.00      0.00  kcompactd0
08:35:43 PM     0       176      1.00      0.00  kworker/11:1H-kblockd
08:35:43 PM     0       453      1.00      0.00  multipathd
08:35:43 PM     0     21554      1.00      0.00  packagekitd
08:35:43 PM     0     98256      1.00      0.00  kworker/u24:2-edac-poller
08:35:43 PM     0    112707      3.00      0.00  kworker/3:0-events
08:35:43 PM     0    140699      1.00      0.00  kworker/1:0-events
08:35:43 PM     0    159909      5.00      0.00  kworker/6:2-events
08:35:43 PM     0    160609      3.00      0.00  kworker/2:1-events
08:35:43 PM     0    162510      1.00      0.00  iostat
08:35:43 PM     0    162511      1.00      0.00  pidstat
08:35:43 PM     0    162512      5.00      0.00  bash
08:35:43 PM     0    162513      8.00      0.00  bash
08:35:43 PM     0    162514      4.00      0.00  bash
08:35:43 PM     0    162516     99.00      0.00  fio
08:35:43 PM     0    162665      1.00      0.00  kworker/5:2-events
08:35:43 PM     0    163680      3.00      0.00  kworker/11:2-events
08:35:43 PM     0    163871      1.00      1.00  sleep
08:35:43 PM     0    163874      1.00      0.00  sleep
08:35:43 PM     0    163876      1.00      0.00  sleep

08:35:43 PM   UID       PID   cswch/s nvcswch/s  Command
08:35:44 PM     0        17     11.00      0.00  rcu_preempt
08:35:44 PM     0        24      1.00      0.00  ksoftirqd/1
08:35:44 PM     0        54      1.00      0.00  ksoftirqd/6
08:35:44 PM     0        60      2.00      0.00  ksoftirqd/7
08:35:44 PM     0        95      2.00      0.00  kcompactd0
08:35:44 PM     0       453      1.00      0.00  multipathd
08:35:44 PM     0       562      3.00      0.00  jbd2/nvme1n1p3-8
08:35:44 PM     0     98256      1.00      0.00  kworker/u24:2-events_unbound
08:35:44 PM     0    118120      1.00      0.00  kworker/9:2-mm_percpu_wq
08:35:44 PM     0    129890      1.00      0.00  kworker/10:2-mm_percpu_wq
08:35:44 PM     0    140699      2.00      0.00  kworker/1:0-events
08:35:44 PM     0    143767      1.00      0.00  kworker/8:0-mm_percpu_wq
08:35:44 PM     0    156170      1.00      0.00  kworker/u24:3-events_power_efficient
08:35:44 PM     0    157360      2.00      0.00  kworker/4:2-mm_percpu_wq
08:35:44 PM     0    159214      2.00      0.00  kworker/7:1-mm_percpu_wq
08:35:44 PM     0    159909      2.00      0.00  kworker/6:2-events
08:35:44 PM     0    160609      2.00      0.00  kworker/2:1-mm_percpu_wq
08:35:44 PM     0    162510      1.00      0.00  iostat
08:35:44 PM     0    162511      1.00      0.00  pidstat
08:35:44 PM     0    162512      5.00      0.00  bash
08:35:44 PM     0    162513      8.00      0.00  bash
08:35:44 PM     0    162514      4.00      0.00  bash
08:35:44 PM     0    162516     99.00      0.00  fio
08:35:44 PM     0    162665      2.00      0.00  kworker/5:2-events
08:35:44 PM     0    163012      2.00      0.00  kworker/0:0-events
08:35:44 PM     0    163888      1.00      0.00  sleep
08:35:44 PM     0    163890      1.00      0.00  sleep
08:35:44 PM     0    163891      1.00      0.00  sleep

08:35:44 PM   UID       PID   cswch/s nvcswch/s  Command
08:35:45 PM     0        17     16.00      0.00  rcu_preempt
08:35:45 PM     0        24      1.00      0.00  ksoftirqd/1
08:35:45 PM     0        48      1.00      0.00  ksoftirqd/5
08:35:45 PM     0        60      1.00      0.00  ksoftirqd/7
08:35:45 PM     0        95      2.00      0.00  kcompactd0
08:35:45 PM     0       453      1.00      0.00  multipathd
08:35:45 PM     0     98256      1.00      0.00  kworker/u24:2-edac-poller
08:35:45 PM     0    112707      2.00      0.00  kworker/3:0-events
08:35:45 PM     0    129890      3.00      0.00  kworker/10:2-events
08:35:45 PM     0    140699      4.00      0.00  kworker/1:0-events
08:35:45 PM     0    157360      1.00      0.00  kworker/4:2-events
08:35:45 PM     0    159214      2.00      0.00  kworker/7:1-events
08:35:45 PM     0    159909      4.00      0.00  kworker/6:2-events
08:35:45 PM     0    160609      4.00      0.00  kworker/2:1-events
08:35:45 PM     0    162510      1.00      0.00  iostat
08:35:45 PM     0    162511      1.00      0.00  pidstat
08:35:45 PM     0    162512      5.00      0.00  bash
08:35:45 PM     0    162513      7.00      1.00  bash
08:35:45 PM     0    162514      4.00      0.00  bash
08:35:45 PM     0    162516     99.00      0.00  fio
08:35:45 PM     0    162665      3.00      0.00  kworker/5:2-events
08:35:45 PM     0    163680      1.00      0.00  kworker/11:2-mm_percpu_wq
08:35:45 PM     0    163894      1.00      0.00  sleep
08:35:45 PM     0    163905      1.00      0.00  sleep
08:35:45 PM     0    163906      1.00      0.00  sleep

08:35:45 PM   UID       PID   cswch/s nvcswch/s  Command
08:35:46 PM     0        17     20.00      0.00  rcu_preempt
08:35:46 PM     0        18      1.00      0.00  migration/0
08:35:46 PM     0        23      1.00      0.00  migration/1
08:35:46 PM     0        24      2.00      0.00  ksoftirqd/1
08:35:46 PM     0        29      1.00      0.00  migration/2
08:35:46 PM     0        35      1.00      0.00  migration/3
08:35:46 PM     0        41      1.00      0.00  migration/4
08:35:46 PM     0        42      1.00      0.00  ksoftirqd/4
08:35:46 PM     0        47      1.00      0.00  migration/5
08:35:46 PM     0        48      1.00      0.00  ksoftirqd/5
08:35:46 PM     0        53      1.00      0.00  migration/6
08:35:46 PM     0        59      1.00      0.00  migration/7
08:35:46 PM     0        65      1.00      0.00  migration/8
08:35:46 PM     0        71      1.00      0.00  migration/9
08:35:46 PM     0        77      1.00      0.00  migration/10
08:35:46 PM     0        83      1.00      0.00  migration/11
08:35:46 PM     0        84      1.00      0.00  ksoftirqd/11
08:35:46 PM     0        95      2.00      0.00  kcompactd0
08:35:46 PM     0       188      1.00      0.00  kworker/2:1H-kblockd
08:35:46 PM     0       453      1.00      0.00  multipathd
08:35:46 PM     0     98256      1.00      0.00  kworker/u24:2-events_unbound
08:35:46 PM     0    112707      1.00      0.00  kworker/3:0-mm_percpu_wq
08:35:46 PM     0    118120      3.00      0.00  kworker/9:2-mm_percpu_wq
08:35:46 PM     0    129890      2.00      0.00  kworker/10:2-events
08:35:46 PM     0    140699      1.00      0.00  kworker/1:0-events
08:35:46 PM     0    143767      1.00      0.00  kworker/8:0-mm_percpu_wq
08:35:46 PM     0    156170      1.00      0.00  kworker/u24:3-events_power_efficient
08:35:46 PM     0    157360      5.00      0.00  kworker/4:2-events
08:35:46 PM     0    159214      2.00      0.00  kworker/7:1-mm_percpu_wq
08:35:46 PM     0    160609      3.00      0.00  kworker/2:1-events
08:35:46 PM     0    162510      1.00      0.00  iostat
08:35:46 PM     0    162511      1.00      0.00  pidstat
08:35:46 PM     0    162512      5.00      0.00  bash
08:35:46 PM     0    162513      6.00      0.00  bash
08:35:46 PM     0    162514      4.00      0.00  bash
08:35:46 PM     0    162516     99.00      0.00  fio
08:35:46 PM     0    162665      2.00      0.00  kworker/5:2-events
08:35:46 PM     0    163012      2.00      0.00  kworker/0:0-mm_percpu_wq
08:35:46 PM     0    163680      1.00      0.00  kworker/11:2-mm_percpu_wq
08:35:46 PM     0    163909      1.00      0.00  sleep
08:35:46 PM     0    163920      1.00      0.00  sleep
08:35:46 PM     0    163921      1.00      0.00  sleep

08:35:46 PM   UID       PID   cswch/s nvcswch/s  Command
08:35:47 PM     0        17     19.00      0.00  rcu_preempt
08:35:47 PM     0        24      1.00      0.00  ksoftirqd/1
08:35:47 PM     0        48      1.00      0.00  ksoftirqd/5
08:35:47 PM     0        54      1.00      0.00  ksoftirqd/6
08:35:47 PM     0        78      1.00      0.00  ksoftirqd/10
08:35:47 PM     0        84      1.00      1.00  ksoftirqd/11
08:35:47 PM     0        95      2.00      0.00  kcompactd0
08:35:47 PM     0       453      1.00      0.00  multipathd
08:35:47 PM     0     98256      4.00      0.00  kworker/u24:2-edac-poller
08:35:47 PM     0    129890      3.00      0.00  kworker/10:2-events
08:35:47 PM     0    140699      2.00      0.00  kworker/1:0-events
08:35:47 PM     0    154838      1.00      0.00  kworker/u24:0-flush-259:1
08:35:47 PM     0    156170      1.00      0.00  kworker/u24:3-events_power_efficient
08:35:47 PM     0    159214      1.00      0.00  kworker/7:1-events
08:35:47 PM     0    159909      2.00      0.00  kworker/6:2-events
08:35:47 PM     0    160609      3.00      0.00  kworker/2:1-mm_percpu_wq
08:35:47 PM     0    162510      1.00      0.00  iostat
08:35:47 PM     0    162511      1.00      0.00  pidstat
08:35:47 PM     0    162512      5.00      0.00  bash
08:35:47 PM     0    162513      7.00      0.00  bash
08:35:47 PM     0    162514      4.00      0.00  bash
08:35:47 PM     0    162516    100.00      0.00  fio
08:35:47 PM     0    162665      3.00      0.00  kworker/5:2-events
08:35:47 PM     0    163012      4.00      0.00  kworker/0:0-events
08:35:47 PM     0    163680      4.00      0.00  kworker/11:2-events
08:35:47 PM     0    163924      1.00      0.00  sleep
08:35:47 PM     0    163935      1.00      0.00  sleep
08:35:47 PM     0    163936      1.00      0.00  sleep

08:35:47 PM   UID       PID   cswch/s nvcswch/s  Command
08:35:48 PM     0        16      1.00      0.00  ksoftirqd/0
08:35:48 PM     0        17     19.00      0.00  rcu_preempt
08:35:48 PM     0        18      1.00      0.00  migration/0
08:35:48 PM     0        78      1.00      0.00  ksoftirqd/10
08:35:48 PM     0        84      1.00      0.00  ksoftirqd/11
08:35:48 PM     0        95      2.00      0.00  kcompactd0
08:35:48 PM     0       453      1.00      0.00  multipathd
08:35:48 PM     0    118120      1.00      0.00  kworker/9:2-mm_percpu_wq
08:35:48 PM     0    129890      5.00      0.00  kworker/10:2-events
08:35:48 PM     0    157360      3.00      0.00  kworker/4:2-mm_percpu_wq
08:35:48 PM     0    159214      2.00      0.00  kworker/7:1-mm_percpu_wq
08:35:48 PM     0    160609      2.00      0.00  kworker/2:1-mm_percpu_wq
08:35:48 PM     0    162510      1.00      0.00  iostat
08:35:48 PM     0    162511      1.00      1.00  pidstat
08:35:48 PM     0    162512      5.00      0.00  bash
08:35:48 PM     0    162513      8.00      0.00  bash
08:35:48 PM     0    162514      4.00      0.00  bash
08:35:48 PM     0    162516     99.00      0.00  fio
08:35:48 PM     0    162665      1.00      0.00  kworker/5:2-events
08:35:48 PM     0    163012      2.00      0.00  kworker/0:0-events
08:35:48 PM     0    163680      3.00      0.00  kworker/11:2-events
08:35:48 PM     0    163939      1.00      0.00  sleep
08:35:48 PM     0    163950      1.00      0.00  sleep
08:35:48 PM     0    163951      1.00      0.00  sleep

08:35:48 PM   UID       PID   cswch/s nvcswch/s  Command
08:35:49 PM     0        16      2.00      0.00  ksoftirqd/0
08:35:49 PM     0        17     17.00      0.00  rcu_preempt
08:35:49 PM     0        24      1.00      0.00  ksoftirqd/1
08:35:49 PM     0        36      1.00      0.00  ksoftirqd/3
08:35:49 PM     0        42      2.00      0.00  ksoftirqd/4
08:35:49 PM     0        48      1.00      0.00  ksoftirqd/5
08:35:49 PM     0        78      1.00      0.00  ksoftirqd/10
08:35:49 PM     0        95      2.00      0.00  kcompactd0
08:35:49 PM     0       453      1.00      0.00  multipathd
08:35:49 PM     0       562      3.00      0.00  jbd2/nvme1n1p3-8
08:35:49 PM     0     98256      3.00      0.00  kworker/u24:2-writeback
08:35:49 PM     0    112707      1.00      0.00  kworker/3:0-mm_percpu_wq
08:35:49 PM     0    129890      3.00      0.00  kworker/10:2-events
08:35:49 PM     0    140699      2.00      0.00  kworker/1:0-events
08:35:49 PM     0    143767      1.00      0.00  kworker/8:0-mm_percpu_wq
08:35:49 PM     0    154838      1.00      0.00  kworker/u24:0-flush-259:1
08:35:49 PM     0    157360      1.00      0.00  kworker/4:2-events
08:35:49 PM     0    159214      1.00      0.00  kworker/7:1-events
08:35:49 PM     0    159909      2.00      0.00  kworker/6:2-events
08:35:49 PM     0    160609      3.00      0.00  kworker/2:1-events
08:35:49 PM     0    162510      1.00      0.00  iostat
08:35:49 PM     0    162511      1.00      0.00  pidstat
08:35:49 PM     0    162512      5.00      0.00  bash
08:35:49 PM     0    162513      8.00      0.00  bash
08:35:49 PM     0    162514      4.00      0.00  bash
08:35:49 PM     0    162516     99.00      0.00  fio
08:35:49 PM     0    162665      4.00      0.00  kworker/5:2-events
08:35:49 PM     0    163012      3.00      0.00  kworker/0:0-events
08:35:49 PM     0    163680      3.00      0.00  kworker/11:2-events
08:35:49 PM     0    163954      1.00      0.00  sleep
08:35:49 PM     0    163965      1.00      0.00  sleep
08:35:49 PM     0    163966      1.00      0.00  sleep

08:35:49 PM   UID       PID   cswch/s nvcswch/s  Command
08:35:50 PM     0        16      2.00      0.00  ksoftirqd/0
08:35:50 PM     0        17     18.00      0.00  rcu_preempt
08:35:50 PM     0        18      1.00      0.00  migration/0
08:35:50 PM     0        23      1.00      0.00  migration/1
08:35:50 PM     0        29      1.00      0.00  migration/2
08:35:50 PM     0        35      1.00      0.00  migration/3
08:35:50 PM     0        41      1.00      0.00  migration/4
08:35:50 PM     0        47      1.00      0.00  migration/5
08:35:50 PM     0        53      1.00      0.00  migration/6
08:35:50 PM     0        59      1.00      0.00  migration/7
08:35:50 PM     0        65      1.00      0.00  migration/8
08:35:50 PM     0        71      1.00      0.00  migration/9
08:35:50 PM     0        77      1.00      0.00  migration/10
08:35:50 PM     0        78      1.00      0.00  ksoftirqd/10
08:35:50 PM     0        83      1.00      0.00  migration/11
08:35:50 PM     0        95      2.00      0.00  kcompactd0
08:35:50 PM     0       187      1.00      0.00  kworker/0:1H-kblockd
08:35:50 PM     0       453      1.00      0.00  multipathd
08:35:50 PM     0     98256      1.00      0.00  kworker/u24:2-edac-poller
08:35:50 PM     0    118120      1.00      0.00  kworker/9:2-mm_percpu_wq
08:35:50 PM     0    129890      3.00      0.00  kworker/10:2-mm_percpu_wq
08:35:50 PM     0    140699      2.00      0.00  kworker/1:0-mm_percpu_wq
08:35:50 PM     0    143767      1.00      0.00  kworker/8:0-mm_percpu_wq
08:35:50 PM     0    157360      3.00      0.00  kworker/4:2-mm_percpu_wq
08:35:50 PM     0    159214      3.00      0.00  kworker/7:1-mm_percpu_wq
08:35:50 PM     0    160609      2.00      0.00  kworker/2:1-mm_percpu_wq
08:35:50 PM     0    162510      1.00      0.00  iostat
08:35:50 PM     0    162511      1.00      0.00  pidstat
08:35:50 PM     0    162512      5.00      0.00  bash
08:35:50 PM     0    162513      6.00      0.00  bash
08:35:50 PM     0    162514      4.00      0.00  bash
08:35:50 PM     0    162516     99.00      0.00  fio
08:35:50 PM     0    162665      2.00      0.00  kworker/5:2-mm_percpu_wq
08:35:50 PM     0    163012      3.00      0.00  kworker/0:0-mm_percpu_wq
08:35:50 PM     0    163680      1.00      0.00  kworker/11:2-events
08:35:50 PM     0    163969      1.00      0.00  sleep
08:35:50 PM     0    163980      1.00      0.00  sleep
08:35:50 PM     0    163981      1.00      0.00  sleep

08:35:50 PM   UID       PID   cswch/s nvcswch/s  Command
08:35:51 PM     0        17     23.00      0.00  rcu_preempt
08:35:51 PM     0        24      1.00      0.00  ksoftirqd/1
08:35:51 PM     0        35      1.00      0.00  migration/3
08:35:51 PM     0        60      1.00      0.00  ksoftirqd/7
08:35:51 PM     0        84      1.00      0.00  ksoftirqd/11
08:35:51 PM     0        95      2.00      0.00  kcompactd0
08:35:51 PM     0       453      1.00      0.00  multipathd
08:35:51 PM     0     98256      1.00      0.00  kworker/u24:2-events_unbound
08:35:51 PM     0    112707      1.00      0.00  kworker/3:0-mm_percpu_wq
08:35:51 PM     0    118120      2.00      0.00  kworker/9:2-events
08:35:51 PM     0    129890      1.00      0.00  kworker/10:2-events
08:35:51 PM     0    140699      1.00      0.00  kworker/1:0-events
08:35:51 PM     0    154838      1.00      0.00  kworker/u24:0-flush-259:1
08:35:51 PM     0    159214      1.00      0.00  kworker/7:1-events
08:35:51 PM     0    159909      3.00      0.00  kworker/6:2-events
08:35:51 PM     0    160609      3.00      0.00  kworker/2:1-events
08:35:51 PM     0    162510      1.00      0.00  iostat
08:35:51 PM     0    162511      1.00      0.00  pidstat
08:35:51 PM     0    162512      5.00      0.00  bash
08:35:51 PM     0    162513      6.00      0.00  bash
08:35:51 PM     0    162514      4.00      0.00  bash
08:35:51 PM     0    162516     99.00      0.00  fio
08:35:51 PM     0    163012      3.00      0.00  kworker/0:0-events
08:35:51 PM     0    163680      5.00      0.00  kworker/11:2-events
08:35:51 PM     0    163984      1.00      0.00  sleep
08:35:51 PM     0    163995      1.00      0.00  sleep
08:35:51 PM     0    163996      1.00      0.00  sleep

08:35:51 PM   UID       PID   cswch/s nvcswch/s  Command
08:35:52 PM     0        16      1.00      0.00  ksoftirqd/0
08:35:52 PM     0        17     18.00      0.00  rcu_preempt
08:35:52 PM     0        60      1.00      0.00  ksoftirqd/7
08:35:52 PM     0        78      1.00      0.00  ksoftirqd/10
08:35:52 PM     0        95      2.00      0.00  kcompactd0
08:35:52 PM     0       102      1.00      0.00  irq/9-acpi
08:35:52 PM     0       188      1.00      0.00  kworker/2:1H-kblockd
08:35:52 PM     0       191      1.00      0.00  kworker/1:1H-kblockd
08:35:52 PM     0       453      1.00      0.00  multipathd
08:35:52 PM     0     98256      6.00      0.00  kworker/u24:2-writeback
08:35:52 PM     0    118120      1.00      0.00  kworker/9:2-mm_percpu_wq
08:35:52 PM     0    129890      3.00      0.00  kworker/10:2-mm_percpu_wq
08:35:52 PM     0    140699      2.00      0.00  kworker/1:0-mm_percpu_wq
08:35:52 PM     0    143767      7.00      0.00  kworker/8:0-pm
08:35:52 PM     0    154838      1.00      0.00  kworker/u24:0-events_power_efficient
08:35:52 PM     0    156170      1.00      0.00  kworker/u24:3-events_power_efficient
08:35:52 PM     0    157360      2.00      0.00  kworker/4:2-mm_percpu_wq
08:35:52 PM     0    159214      3.00      0.00  kworker/7:1-mm_percpu_wq
08:35:52 PM     0    159909      1.00      0.00  kworker/6:2-events
08:35:52 PM     0    160609      2.00      0.00  kworker/2:1-mm_percpu_wq
08:35:52 PM     0    162126      1.00      0.00  kworker/8:1-i915-unordered
08:35:52 PM     0    162510      1.00      0.00  iostat
08:35:52 PM     0    162511      1.00      0.00  pidstat
08:35:52 PM     0    162512      5.00      0.00  bash
08:35:52 PM     0    162513      6.00      0.00  bash
08:35:52 PM     0    162514      4.00      0.00  bash
08:35:52 PM     0    162516     99.00      0.00  fio
08:35:52 PM     0    162665      1.00      0.00  kworker/5:2-events
08:35:52 PM     0    163012      3.00      0.00  kworker/0:0-events
08:35:52 PM     0    163680      3.00      0.00  kworker/11:2-mm_percpu_wq
08:35:52 PM     0    163999      1.00      0.00  sleep
08:35:52 PM     0    164009      1.00      0.00  sleep
08:35:52 PM     0    164011      1.00      0.00  sleep

08:35:52 PM   UID       PID   cswch/s nvcswch/s  Command
08:35:53 PM     0        17     17.00      0.00  rcu_preempt
08:35:53 PM     0        60      1.00      0.00  ksoftirqd/7
08:35:53 PM     0        72      1.00      0.00  ksoftirqd/9
08:35:53 PM     0        84      2.00      1.00  ksoftirqd/11
08:35:53 PM     0        95      2.00      0.00  kcompactd0
08:35:53 PM     0       453      1.00      0.00  multipathd
08:35:53 PM     0     21554      1.00      0.00  packagekitd
08:35:53 PM     0     98256      2.00      0.00  kworker/u24:2-events_unbound
08:35:53 PM     0    112707      1.00      0.00  kworker/3:0-mm_percpu_wq
08:35:53 PM     0    129890      1.00      0.00  kworker/10:2-events
08:35:53 PM     0    140699      2.00      0.00  kworker/1:0-events
08:35:53 PM     0    143767      1.00      0.00  kworker/8:0-mm_percpu_wq
08:35:53 PM     0    157360      1.00      0.00  kworker/4:2-events
08:35:53 PM     0    159214      2.00      0.00  kworker/7:1-events
08:35:53 PM     0    159909      2.00      0.00  kworker/6:2-events
08:35:53 PM     0    160609      3.00      0.00  kworker/2:1-events
08:35:53 PM     0    162510      1.00      0.00  iostat
08:35:53 PM     0    162511      1.00      0.00  pidstat
08:35:53 PM     0    162512      5.00      0.00  bash
08:35:53 PM     0    162513      8.00      0.00  bash
08:35:53 PM     0    162514      4.00      0.00  bash
08:35:53 PM     0    162516     99.00      0.00  fio
08:35:53 PM     0    162665      1.00      0.00  kworker/5:2-mm_percpu_wq
08:35:53 PM     0    163012      3.00      0.00  kworker/0:0-events
08:35:53 PM     0    163680      3.00      0.00  kworker/11:2-events
08:35:53 PM     0    164014      1.00      0.00  sleep
08:35:53 PM     0    164025      1.00      0.00  sleep
08:35:53 PM     0    164026      1.00      0.00  sleep

08:35:53 PM   UID       PID   cswch/s nvcswch/s  Command
08:35:54 PM     0        17     17.00      0.00  rcu_preempt
08:35:54 PM     0        18      1.00      0.00  migration/0
08:35:54 PM     0        23      1.00      0.00  migration/1
08:35:54 PM     0        24      1.00      0.00  ksoftirqd/1
08:35:54 PM     0        29      1.00      0.00  migration/2
08:35:54 PM     0        35      1.00      0.00  migration/3
08:35:54 PM     0        41      1.00      0.00  migration/4
08:35:54 PM     0        47      1.00      0.00  migration/5
08:35:54 PM     0        53      1.00      0.00  migration/6
08:35:54 PM     0        59      1.00      0.00  migration/7
08:35:54 PM     0        60      1.00      0.00  ksoftirqd/7
08:35:54 PM     0        65      1.00      0.00  migration/8
08:35:54 PM     0        71      1.00      0.00  migration/9
08:35:54 PM     0        72      1.00      0.00  ksoftirqd/9
08:35:54 PM     0        77      2.00      0.00  migration/10
08:35:54 PM     0        78      1.00      0.00  ksoftirqd/10
08:35:54 PM     0        83      1.00      0.00  migration/11
08:35:54 PM     0        84      1.00      0.00  ksoftirqd/11
08:35:54 PM     0        95      2.00      0.00  kcompactd0
08:35:54 PM     0       453      1.00      0.00  multipathd
08:35:54 PM     0       562      3.00      0.00  jbd2/nvme1n1p3-8
08:35:54 PM     0     98256      1.00      0.00  kworker/u24:2-edac-poller
08:35:54 PM     0    118120      1.00      0.00  kworker/9:2-mm_percpu_wq
08:35:54 PM     0    129890      4.00      0.00  kworker/10:2-mm_percpu_wq
08:35:54 PM     0    140699      2.00      0.00  kworker/1:0-mm_percpu_wq
08:35:54 PM     0    157360      2.00      0.00  kworker/4:2-mm_percpu_wq
08:35:54 PM     0    159214      3.00      0.00  kworker/7:1-events
08:35:54 PM     0    160609      3.00      0.00  kworker/2:1-events
08:35:54 PM     0    162510      1.00      0.00  iostat
08:35:54 PM     0    162511      1.00      0.00  pidstat
08:35:54 PM     0    162512      5.00      0.00  bash
08:35:54 PM     0    162513      7.00      0.00  bash
08:35:54 PM     0    162514      4.00      0.00  bash
08:35:54 PM     0    162516    100.00      0.00  fio
08:35:54 PM     0    163012      2.00      0.00  kworker/0:0-mm_percpu_wq
08:35:54 PM     0    163680      2.00      0.00  kworker/11:2-events
08:35:54 PM     0    164029      1.00      0.00  sleep
08:35:54 PM     0    164039      1.00      0.00  sleep
08:35:54 PM     0    164041      1.00      0.00  sleep

08:35:54 PM   UID       PID   cswch/s nvcswch/s  Command
08:35:55 PM     0        16      2.00      0.00  ksoftirqd/0
08:35:55 PM     0        17     20.00      0.00  rcu_preempt
08:35:55 PM     0        24      2.00      0.00  ksoftirqd/1
08:35:55 PM     0        60      1.00      0.00  ksoftirqd/7
08:35:55 PM     0        78      1.00      0.00  ksoftirqd/10
08:35:55 PM     0        84      1.00      0.00  ksoftirqd/11
08:35:55 PM     0        95      2.00      0.00  kcompactd0
08:35:55 PM     0       453      1.00      0.00  multipathd
08:35:55 PM     0     98256      3.00      0.00  kworker/u24:2-events_power_efficient
08:35:55 PM     0    112707      2.00      0.00  kworker/3:0-events
08:35:55 PM     0    129890      3.00      0.00  kworker/10:2-events
08:35:55 PM     0    140699      3.00      0.00  kworker/1:0-events
08:35:55 PM     0    143767      1.00      0.00  kworker/8:0-mm_percpu_wq
08:35:55 PM     0    156170      1.00      0.00  kworker/u24:3-events_power_efficient
08:35:55 PM     0    159214      2.00      0.00  kworker/7:1-events
08:35:55 PM     0    159909      2.00      0.00  kworker/6:2-events
08:35:55 PM     0    160609      3.00      0.00  kworker/2:1-events
08:35:55 PM     0    162510      1.00      0.00  iostat
08:35:55 PM     0    162511      1.00      0.00  pidstat
08:35:55 PM     0    162512      5.00      0.00  bash
08:35:55 PM     0    162513      7.00      1.00  bash
08:35:55 PM     0    162514      4.00      0.00  bash
08:35:55 PM     0    162516     99.00      0.00  fio
08:35:55 PM     0    163012      1.00      0.00  kworker/0:0-events
08:35:55 PM     0    163680      3.00      0.00  kworker/11:2-events
08:35:55 PM     0    164044      1.00      0.00  sleep
08:35:55 PM     0    164055      1.00      0.00  sleep
08:35:55 PM     0    164056      1.00      0.00  sleep

08:35:55 PM   UID       PID   cswch/s nvcswch/s  Command
08:35:56 PM     0        16      1.00      0.00  ksoftirqd/0
08:35:56 PM     0        17     17.00      0.00  rcu_preempt
08:35:56 PM     0        48      1.00      0.00  ksoftirqd/5
08:35:56 PM     0        54      1.00      0.00  ksoftirqd/6
08:35:56 PM     0        78      1.00      0.00  ksoftirqd/10
08:35:56 PM     0        84      1.00      0.00  ksoftirqd/11
08:35:56 PM     0        95      2.00      0.00  kcompactd0
08:35:56 PM     0       453      1.00      0.00  multipathd
08:35:56 PM     0    112707      2.00      0.00  kworker/3:0-events
08:35:56 PM     0    118120      1.00      0.00  kworker/9:2-mm_percpu_wq
08:35:56 PM     0    129890      4.00      0.00  kworker/10:2-events
08:35:56 PM     0    140699      1.00      0.00  kworker/1:0-events
08:35:56 PM     0    156170      1.00      0.00  kworker/u24:3-edac-poller
08:35:56 PM     0    157360      3.00      0.00  kworker/4:2-mm_percpu_wq
08:35:56 PM     0    159214      1.00      0.00  kworker/7:1-mm_percpu_wq
08:35:56 PM     0    159909      1.00      0.00  kworker/6:2-mm_percpu_wq
08:35:56 PM     0    160609      2.00      0.00  kworker/2:1-mm_percpu_wq
08:35:56 PM     0    162510      1.00      0.00  iostat
08:35:56 PM     0    162511      1.00      0.00  pidstat
08:35:56 PM     0    162512      5.00      0.00  bash
08:35:56 PM     0    162513      7.00      0.00  bash
08:35:56 PM     0    162514      4.00      0.00  bash
08:35:56 PM     0    162516     99.00      0.00  fio
08:35:56 PM     0    162665      2.00      0.00  kworker/5:2-mm_percpu_wq
08:35:56 PM     0    163012      2.00      0.00  kworker/0:0-mm_percpu_wq
08:35:56 PM     0    163680      3.00      0.00  kworker/11:2-events
08:35:56 PM     0    164059      1.00      0.00  sleep
08:35:56 PM     0    164070      1.00      0.00  sleep
08:35:56 PM     0    164071      1.00      0.00  sleep

08:35:56 PM   UID       PID   cswch/s nvcswch/s  Command
08:35:57 PM     0        17     17.00      0.00  rcu_preempt
08:35:57 PM     0        42      3.00      1.00  ksoftirqd/4
08:35:57 PM     0        48      1.00      0.00  ksoftirqd/5
08:35:57 PM     0        54      1.00      0.00  ksoftirqd/6
08:35:57 PM     0        95      2.00      0.00  kcompactd0
08:35:57 PM     0       453      1.00      0.00  multipathd
08:35:57 PM     0     98256      1.00      0.00  kworker/u24:2-events_power_efficient
08:35:57 PM     0    112707      2.00      0.00  kworker/3:0-mm_percpu_wq
08:35:57 PM     0    118120      1.00      0.00  kworker/9:2-mm_percpu_wq
08:35:57 PM     0    129890      1.00      0.00  kworker/10:2-mm_percpu_wq
08:35:57 PM     0    140699      3.00      0.00  kworker/1:0-events
08:35:57 PM     0    143767      1.00      0.00  kworker/8:0-mm_percpu_wq
08:35:57 PM     0    156170      6.00      0.00  kworker/u24:3-writeback
08:35:57 PM     0    157360      3.00      0.00  kworker/4:2-events
08:35:57 PM     0    159214      1.00      0.00  kworker/7:1-mm_percpu_wq
08:35:57 PM     0    159909      2.00      0.00  kworker/6:2-events
08:35:57 PM     0    160609      5.00      0.00  kworker/2:1-events
08:35:57 PM     0    162510      1.00      0.00  iostat
08:35:57 PM     0    162511      1.00      0.00  pidstat
08:35:57 PM     0    162512      5.00      0.00  bash
08:35:57 PM     0    162513      8.00      0.00  bash
08:35:57 PM     0    162514      4.00      0.00  bash
08:35:57 PM     0    162516     99.00      0.00  fio
08:35:57 PM     0    162665      3.00      0.00  kworker/5:2-events
08:35:57 PM     0    163012      2.00      0.00  kworker/0:0-events
08:35:57 PM     0    163680      4.00      0.00  kworker/11:2-events
08:35:57 PM     0    164074      1.00      0.00  sleep
08:35:57 PM     0    164085      1.00      0.00  sleep
08:35:57 PM     0    164086      1.00      0.00  sleep

08:35:57 PM   UID       PID   cswch/s nvcswch/s  Command
08:35:58 PM     0        17     17.00      0.00  rcu_preempt
08:35:58 PM     0        18      1.00      0.00  migration/0
08:35:58 PM     0        23      1.00      0.00  migration/1
08:35:58 PM     0        29      1.00      0.00  migration/2
08:35:58 PM     0        35      1.00      0.00  migration/3
08:35:58 PM     0        41      1.00      0.00  migration/4
08:35:58 PM     0        47      1.00      0.00  migration/5
08:35:58 PM     0        53      1.00      0.00  migration/6
08:35:58 PM     0        54      1.00      0.00  ksoftirqd/6
08:35:58 PM     0        59      1.00      0.00  migration/7
08:35:58 PM     0        65      1.00      0.00  migration/8
08:35:58 PM     0        71      1.00      0.00  migration/9
08:35:58 PM     0        77      1.00      0.00  migration/10
08:35:58 PM     0        83      1.00      0.00  migration/11
08:35:58 PM     0        84      2.00      0.00  ksoftirqd/11
08:35:58 PM     0        95      2.00      0.00  kcompactd0
08:35:58 PM     0       188      1.00      0.00  kworker/2:1H-kblockd
08:35:58 PM     0       191      1.00      0.00  kworker/1:1H-kblockd
08:35:58 PM     0       453      1.00      0.00  multipathd
08:35:58 PM     0    112707      1.00      0.00  kworker/3:0-mm_percpu_wq
08:35:58 PM     0    118120      1.00      0.00  kworker/9:2-mm_percpu_wq
08:35:58 PM     0    129890      3.00      0.00  kworker/10:2-mm_percpu_wq
08:35:58 PM     0    140699      1.00      0.00  kworker/1:0-mm_percpu_wq
08:35:58 PM     0    156170      1.00      0.00  kworker/u24:3-edac-poller
08:35:58 PM     0    157360      4.00      0.00  kworker/4:2-mm_percpu_wq
08:35:58 PM     0    159214      1.00      0.00  kworker/7:1-mm_percpu_wq
08:35:58 PM     0    159909      1.00      0.00  kworker/6:2-mm_percpu_wq
08:35:58 PM     0    160609      2.00      0.00  kworker/2:1-mm_percpu_wq
08:35:58 PM     0    162510      1.00      0.00  iostat
08:35:58 PM     0    162511      1.00      1.00  pidstat
08:35:58 PM     0    162512      5.00      0.00  bash
08:35:58 PM     0    162513      8.00      0.00  bash
08:35:58 PM     0    162514      4.00      0.00  bash
08:35:58 PM     0    162516     99.00      0.00  fio
08:35:58 PM     0    162665      1.00      0.00  kworker/5:2-mm_percpu_wq
08:35:58 PM     0    163012      2.00      0.00  kworker/0:0-events
08:35:58 PM     0    163680      3.00      0.00  kworker/11:2-events
08:35:58 PM     0    164089      1.00      0.00  sleep
08:35:58 PM     0    164100      1.00      0.00  sleep
08:35:58 PM     0    164101      1.00      0.00  sleep

08:35:58 PM   UID       PID   cswch/s nvcswch/s  Command
08:35:59 PM     0        17     20.00      0.00  rcu_preempt
08:35:59 PM     0        60      2.00      0.00  ksoftirqd/7
08:35:59 PM     0        84      1.00      0.00  ksoftirqd/11
08:35:59 PM     0        95      2.00      0.00  kcompactd0
08:35:59 PM     0       453      1.00      0.00  multipathd
08:35:59 PM     0       562      3.00      0.00  jbd2/nvme1n1p3-8
08:35:59 PM     0    112707      1.00      0.00  kworker/3:0-mm_percpu_wq
08:35:59 PM     0    118120      1.00      0.00  kworker/9:2-mm_percpu_wq
08:35:59 PM     0    129890      2.00      0.00  kworker/10:2-events
08:35:59 PM     0    140699      1.00      0.00  kworker/1:0-events
08:35:59 PM     0    143767      1.00      0.00  kworker/8:0-mm_percpu_wq
08:35:59 PM     0    156170      4.00      0.00  kworker/u24:3-writeback
08:35:59 PM     0    159214      4.00      0.00  kworker/7:1-xfs-sync/nvme0n1p2
08:35:59 PM     0    159909      2.00      0.00  kworker/6:2-events
08:35:59 PM     0    160609      4.00      0.00  kworker/2:1-events
08:35:59 PM     0    162510      1.00      0.00  iostat
08:35:59 PM     0    162511      1.00      0.00  pidstat
08:35:59 PM     0    162512      5.00      0.00  bash
08:35:59 PM     0    162513      8.00      0.00  bash
08:35:59 PM     0    162514      4.00      1.00  bash
08:35:59 PM     0    162516     99.00      0.00  fio
08:35:59 PM     0    162665      1.00      0.00  kworker/5:2-events
08:35:59 PM     0    163012      3.00      0.00  kworker/0:0-events
08:35:59 PM     0    163680      6.00      0.00  kworker/11:2-events
08:35:59 PM     0    164104      1.00      0.00  sleep
08:35:59 PM     0    164115      1.00      0.00  sleep
08:35:59 PM     0    164116      1.00      0.00  sleep

08:35:59 PM   UID       PID   cswch/s nvcswch/s  Command
08:36:00 PM     0        17     20.00      0.00  rcu_preempt
08:36:00 PM     0        35      1.00      0.00  migration/3
08:36:00 PM     0        47      1.00      0.00  migration/5
08:36:00 PM     0        48      1.00      0.00  ksoftirqd/5
08:36:00 PM     0        59      1.00      0.00  migration/7
08:36:00 PM     0        84      1.00      0.00  ksoftirqd/11
08:36:00 PM     0        95      2.00      0.00  kcompactd0
08:36:00 PM     0       453      1.00      0.00  multipathd
08:36:00 PM     0    112707      1.00      0.00  kworker/3:0-mm_percpu_wq
08:36:00 PM     0    118120      1.00      0.00  kworker/9:2-mm_percpu_wq
08:36:00 PM     0    129890      1.00      0.00  kworker/10:2-events
08:36:00 PM     0    140699      2.00      0.00  kworker/1:0-events
08:36:00 PM     0    156170      1.00      0.00  kworker/u24:3-edac-poller
08:36:00 PM     0    157360      3.00      0.00  kworker/4:2-events
08:36:00 PM     0    159214      2.00      0.00  kworker/7:1-events
08:36:00 PM     0    159909      1.00      0.00  kworker/6:2-mm_percpu_wq
08:36:00 PM     0    160609      2.00      0.00  kworker/2:1-mm_percpu_wq
08:36:00 PM     0    162510      1.00      0.00  iostat
08:36:00 PM     0    162511      1.00      0.00  pidstat
08:36:00 PM     0    162512      5.00      0.00  bash
08:36:00 PM     0    162513      6.00      0.00  bash
08:36:00 PM     0    162514      4.00      0.00  bash
08:36:00 PM     0    162516     99.00      0.00  fio
08:36:00 PM     0    162665      3.00      0.00  kworker/5:2-events
08:36:00 PM     0    163012      1.00      0.00  kworker/0:0-mm_percpu_wq
08:36:00 PM     0    163680      3.00      0.00  kworker/11:2-events
08:36:00 PM     0    164119      1.00      0.00  sleep
08:36:00 PM     0    164129      1.00      0.00  sleep
08:36:00 PM     0    164131      1.00      0.00  sleep

08:36:00 PM   UID       PID   cswch/s nvcswch/s  Command
08:36:01 PM     0        16      1.00      0.00  ksoftirqd/0
08:36:01 PM     0        17     20.00      0.00  rcu_preempt
08:36:01 PM     0        42      1.00      0.00  ksoftirqd/4
08:36:01 PM     0        48      1.00      0.00  ksoftirqd/5
08:36:01 PM     0        60      1.00      0.00  ksoftirqd/7
08:36:01 PM     0        95      2.00      0.00  kcompactd0
08:36:01 PM     0       453      1.00      0.00  multipathd
08:36:01 PM     0    112707      1.00      0.00  kworker/3:0-mm_percpu_wq
08:36:01 PM     0    118120      2.00      0.00  kworker/9:2-events
08:36:01 PM     0    129890      3.00      0.00  kworker/10:2-events
08:36:01 PM     0    140699      4.00      0.00  kworker/1:0-events
08:36:01 PM     0    143767      1.00      0.00  kworker/8:0-mm_percpu_wq
08:36:01 PM     0    156170      2.00      0.00  kworker/u24:3-events_unbound
08:36:01 PM     0    157360      2.00      0.00  kworker/4:2-mm_percpu_wq
08:36:01 PM     0    159214      2.00      0.00  kworker/7:1-events
08:36:01 PM     0    159909      3.00      0.00  kworker/6:2-events
08:36:01 PM     0    160609      3.00      0.00  kworker/2:1-events
08:36:01 PM     0    162510      1.00      0.00  iostat
08:36:01 PM     0    162511      1.00      0.00  pidstat
08:36:01 PM     0    162512      5.00      0.00  bash
08:36:01 PM     0    162513      8.00      0.00  bash
08:36:01 PM     0    162514      4.00      0.00  bash
08:36:01 PM     0    162516     99.00      0.00  fio
08:36:01 PM     0    162665      1.00      0.00  kworker/5:2-mm_percpu_wq
08:36:01 PM     0    163012      2.00      0.00  kworker/0:0-events
08:36:01 PM     0    163680      3.00      0.00  kworker/11:2-events
08:36:01 PM     0    164134      1.00      0.00  sleep
08:36:01 PM     0    164145      1.00      0.00  sleep
08:36:01 PM     0    164146      1.00      0.00  sleep

08:36:01 PM   UID       PID   cswch/s nvcswch/s  Command
08:36:02 PM     0        17     18.00      0.00  rcu_preempt
08:36:02 PM     0        18      1.00      0.00  migration/0
08:36:02 PM     0        23      1.00      0.00  migration/1
08:36:02 PM     0        29      1.00      0.00  migration/2
08:36:02 PM     0        35      1.00      0.00  migration/3
08:36:02 PM     0        41      1.00      0.00  migration/4
08:36:02 PM     0        42      1.00      0.00  ksoftirqd/4
08:36:02 PM     0        47      1.00      0.00  migration/5
08:36:02 PM     0        53      1.00      0.00  migration/6
08:36:02 PM     0        59      2.00      0.00  migration/7
08:36:02 PM     0        60      2.00      0.00  ksoftirqd/7
08:36:02 PM     0        65      1.00      0.00  migration/8
08:36:02 PM     0        71      1.00      0.00  migration/9
08:36:02 PM     0        72      1.00      0.00  ksoftirqd/9
08:36:02 PM     0        77      1.00      0.00  migration/10
08:36:02 PM     0        83      1.00      0.00  migration/11
08:36:02 PM     0        84      1.00      0.00  ksoftirqd/11
08:36:02 PM     0        95      2.00      0.00  kcompactd0
08:36:02 PM     0       102      1.00      0.00  irq/9-acpi
08:36:02 PM     0       453      1.00      0.00  multipathd
08:36:02 PM     0       769      1.00      0.00  cron
08:36:02 PM     0    112707      1.00      0.00  kworker/3:0-mm_percpu_wq
08:36:02 PM     0    118120      3.00      0.00  kworker/9:2-events
08:36:02 PM     0    129890      1.00      0.00  kworker/10:2-mm_percpu_wq
08:36:02 PM     0    140699      2.00      0.00  kworker/1:0-events
08:36:02 PM     0    143767   1139.00      0.00  kworker/8:0-events
08:36:02 PM     0    156170      3.00      0.00  kworker/u24:3-events_power_efficient
08:36:02 PM     0    157360      5.00      0.00  kworker/4:2-events
08:36:02 PM     0    159214      4.00      0.00  kworker/7:1-events
08:36:02 PM     0    159909      1.00      0.00  kworker/6:2-mm_percpu_wq
08:36:02 PM     0    160609      3.00      0.00  kworker/2:1-events
08:36:02 PM     0    162126    170.00      0.00  kworker/8:1+i915-unordered
08:36:02 PM     0    162510      1.00      0.00  iostat
08:36:02 PM     0    162511      1.00      0.00  pidstat
08:36:02 PM     0    162512      5.00      0.00  bash
08:36:02 PM     0    162513      6.00      0.00  bash
08:36:02 PM     0    162514      4.00      0.00  bash
08:36:02 PM     0    162516    100.00      0.00  fio
08:36:02 PM     0    162665      2.00      0.00  kworker/5:2-mm_percpu_wq
08:36:02 PM     0    163012      2.00      0.00  kworker/0:0-kacpi_notify
08:36:02 PM     0    163680      3.00      0.00  kworker/11:2-events
08:36:02 PM     0    164149      1.00      0.00  sleep
08:36:02 PM     0    164160      1.00      0.00  sleep
08:36:02 PM     0    164161      1.00      0.00  sleep

08:36:02 PM   UID       PID   cswch/s nvcswch/s  Command
08:36:03 PM     0        16      1.00      0.00  ksoftirqd/0
08:36:03 PM     0        17     18.00      0.00  rcu_preempt
08:36:03 PM     0        24      1.00      0.00  ksoftirqd/1
08:36:03 PM     0        42      1.00      0.00  ksoftirqd/4
08:36:03 PM     0        47      1.00      0.00  migration/5
08:36:03 PM     0        48      1.00      0.00  ksoftirqd/5
08:36:03 PM     0        60      1.00      0.00  ksoftirqd/7
08:36:03 PM     0        78      1.00      0.00  ksoftirqd/10
08:36:03 PM     0        84      2.00      0.00  ksoftirqd/11
08:36:03 PM     0        95      2.00      0.00  kcompactd0
08:36:03 PM     0       453      1.00      0.00  multipathd
08:36:03 PM     0     21554      1.00      0.00  packagekitd
08:36:03 PM     0    112707      1.00      0.00  kworker/3:0-mm_percpu_wq
08:36:03 PM     0    118120      2.00      0.00  kworker/9:2-mm_percpu_wq
08:36:03 PM     0    129890      3.00      0.00  kworker/10:2-mm_percpu_wq
08:36:03 PM     0    140699      2.00      0.00  kworker/1:0-events
08:36:03 PM     0    156170      6.00      0.00  kworker/u24:3-events_unbound
08:36:03 PM     0    157360      1.00      0.00  kworker/4:2-mm_percpu_wq
08:36:03 PM     0    159214      3.00      0.00  kworker/7:1-events
08:36:03 PM     0    159909      1.00      0.00  kworker/6:2-mm_percpu_wq
08:36:03 PM     0    160609      1.00      0.00  kworker/2:1-mm_percpu_wq
08:36:03 PM     0    162126    966.00      0.00  kworker/8:1-mm_percpu_wq
08:36:03 PM     0    162510      1.00      0.00  iostat
08:36:03 PM     0    162511      1.00      0.00  pidstat
08:36:03 PM     0    162512      5.00      0.00  bash
08:36:03 PM     0    162513      8.00      1.00  bash
08:36:03 PM     0    162514      4.00      0.00  bash
08:36:03 PM     0    162516     99.00      0.00  fio
08:36:03 PM     0    162665      4.00      0.00  kworker/5:2-events
08:36:03 PM     0    163012      1.00      0.00  kworker/0:0-events
08:36:03 PM     0    163680      4.00      0.00  kworker/11:2-events
08:36:03 PM     0    164164      1.00      0.00  sleep
08:36:03 PM     0    164175      1.00      0.00  sleep
08:36:03 PM     0    164176      1.00      0.00  sleep

08:36:03 PM   UID       PID   cswch/s nvcswch/s  Command
08:36:04 PM     0        16      2.00      0.00  ksoftirqd/0
08:36:04 PM     0        17     17.00      0.00  rcu_preempt
08:36:04 PM     0        48      1.00      0.00  ksoftirqd/5
08:36:04 PM     0        78      1.00      0.00  ksoftirqd/10
08:36:04 PM     0        95      2.00      0.00  kcompactd0
08:36:04 PM     0       188      1.00      0.00  kworker/2:1H-kblockd
08:36:04 PM     0       453      1.00      0.00  multipathd
08:36:04 PM     0       562      3.00      0.00  jbd2/nvme1n1p3-8
08:36:04 PM     0    112707      1.00      0.00  kworker/3:0-mm_percpu_wq
08:36:04 PM     0    118120      2.00      0.00  kworker/9:2-mm_percpu_wq
08:36:04 PM     0    129890      2.00      0.00  kworker/10:2-events
08:36:04 PM     0    140699      3.00      0.00  kworker/1:0-events
08:36:04 PM     0    156170      1.00      0.00  kworker/u24:3-edac-poller
08:36:04 PM     0    157360      3.00      0.00  kworker/4:2-events
08:36:04 PM     0    159214      3.00      0.00  kworker/7:1-events
08:36:04 PM     0    159909      2.00      0.00  kworker/6:2-events
08:36:04 PM     0    160609      4.00      0.00  kworker/2:1-events
08:36:04 PM     0    162510      1.00      0.00  iostat
08:36:04 PM     0    162511      1.00      0.00  pidstat
08:36:04 PM     0    162512      5.00      1.00  bash
08:36:04 PM     0    162513      7.00      0.00  bash
08:36:04 PM     0    162514      4.00      0.00  bash
08:36:04 PM     0    162516     99.00      0.00  fio
08:36:04 PM     0    162665      2.00      0.00  kworker/5:2-events
08:36:04 PM     0    163012      2.00      0.00  kworker/0:0-events
08:36:04 PM     0    163680      3.00      0.00  kworker/11:2-events
08:36:04 PM     0    164179      1.00      0.00  sleep
08:36:04 PM     0    164189      1.00      0.00  sleep
08:36:04 PM     0    164191      1.00      0.00  sleep

08:36:04 PM   UID       PID   cswch/s nvcswch/s  Command
08:36:05 PM     0        16      1.00      0.00  ksoftirqd/0
08:36:05 PM     0        17     21.00      0.00  rcu_preempt
08:36:05 PM     0        35      1.00      0.00  migration/3
08:36:05 PM     0        78      1.00      0.00  ksoftirqd/10
08:36:05 PM     0        84      1.00      0.00  ksoftirqd/11
08:36:05 PM     0        95      2.00      0.00  kcompactd0
08:36:05 PM     0       192      1.00      0.00  kworker/7:1H-kblockd
08:36:05 PM     0       453      1.00      0.00  multipathd
08:36:05 PM     0    112707      2.00      0.00  kworker/3:0-events
08:36:05 PM     0    118120      1.00      0.00  kworker/9:2-mm_percpu_wq
08:36:05 PM     0    129890      3.00      0.00  kworker/10:2-mm_percpu_wq
08:36:05 PM     0    140699      4.00      0.00  kworker/1:0-events
08:36:05 PM     0    156170      1.00      0.00  kworker/u24:3-edac-poller
08:36:05 PM     0    157360      1.00      0.00  kworker/4:2-mm_percpu_wq
08:36:05 PM     0    159214      1.00      0.00  kworker/7:1-mm_percpu_wq
08:36:05 PM     0    159909      2.00      0.00  kworker/6:2-events
08:36:05 PM     0    160609      4.00      0.00  kworker/2:1-events
08:36:05 PM     0    162126      1.00      0.00  kworker/8:1-mm_percpu_wq
08:36:05 PM     0    162510      1.00      0.00  iostat
08:36:05 PM     0    162511      1.00      0.00  pidstat
08:36:05 PM     0    162512      5.00      0.00  bash
08:36:05 PM     0    162513      7.00      0.00  bash
08:36:05 PM     0    162514      4.00      0.00  bash
08:36:05 PM     0    162516     99.00      0.00  fio
08:36:05 PM     0    162665      2.00      0.00  kworker/5:2-events
08:36:05 PM     0    163012      1.00      0.00  kworker/0:0-events
08:36:05 PM     0    163680      5.00      0.00  kworker/11:2-events
08:36:05 PM     0    164194      1.00      0.00  sleep
08:36:05 PM     0    164205      1.00      0.00  sleep
08:36:05 PM     0    164206      1.00      0.00  sleep

08:36:05 PM   UID       PID   cswch/s nvcswch/s  Command
08:36:06 PM     0        16      1.00      0.00  ksoftirqd/0
08:36:06 PM     0        17     16.00      0.00  rcu_preempt
08:36:06 PM     0        18      1.00      0.00  migration/0
08:36:06 PM     0        23      1.00      0.00  migration/1
08:36:06 PM     0        29      1.00      0.00  migration/2
08:36:06 PM     0        35      1.00      0.00  migration/3
08:36:06 PM     0        36      2.00      0.00  ksoftirqd/3
08:36:06 PM     0        41      1.00      0.00  migration/4
08:36:06 PM     0        47      1.00      0.00  migration/5
08:36:06 PM     0        53      1.00      0.00  migration/6
08:36:06 PM     0        59      1.00      0.00  migration/7
08:36:06 PM     0        65      1.00      0.00  migration/8
08:36:06 PM     0        71      1.00      0.00  migration/9
08:36:06 PM     0        77      1.00      0.00  migration/10
08:36:06 PM     0        83      1.00      0.00  migration/11
08:36:06 PM     0        84      2.00      0.00  ksoftirqd/11
08:36:06 PM     0        95      2.00      0.00  kcompactd0
08:36:06 PM     0       453      1.00      0.00  multipathd
08:36:06 PM     0    112707      4.00      0.00  kworker/3:0-events
08:36:06 PM     0    129890      3.00      0.00  kworker/10:2-mm_percpu_wq
08:36:06 PM     0    140699      1.00      0.00  kworker/1:0-mm_percpu_wq
08:36:06 PM     0    156170      2.00      0.00  kworker/u24:3-edac-poller
08:36:06 PM     0    157360      2.00      0.00  kworker/4:2-mm_percpu_wq
08:36:06 PM     0    159214      4.00      0.00  kworker/7:1-events
08:36:06 PM     0    159909      2.00      0.00  kworker/6:2-events
08:36:06 PM     0    160609      2.00      0.00  kworker/2:1-mm_percpu_wq
08:36:06 PM     0    162510      1.00      0.00  iostat
08:36:06 PM     0    162511      1.00      0.00  pidstat
08:36:06 PM     0    162512      5.00      0.00  bash
08:36:06 PM     0    162513      8.00      0.00  bash
08:36:06 PM     0    162514      4.00      0.00  bash
08:36:06 PM     0    162516     99.00      0.00  fio
08:36:06 PM     0    162665      3.00      0.00  kworker/5:2-events
08:36:06 PM     0    163012      1.00      0.00  kworker/0:0-mm_percpu_wq
08:36:06 PM     0    163680      4.00      0.00  kworker/11:2-events
08:36:06 PM     0    164209      1.00      0.00  sleep
08:36:06 PM     0    164220      1.00      0.00  sleep
08:36:06 PM     0    164221      1.00      0.00  sleep

08:36:06 PM   UID       PID   cswch/s nvcswch/s  Command
08:36:07 PM     0        17     17.00      0.00  rcu_preempt
08:36:07 PM     0        18      1.00      0.00  migration/0
08:36:07 PM     0        23      1.00      0.00  migration/1
08:36:07 PM     0        24      1.00      0.00  ksoftirqd/1
08:36:07 PM     0        36      1.00      0.00  ksoftirqd/3
08:36:07 PM     0        78      1.00      0.00  ksoftirqd/10
08:36:07 PM     0        83      1.00      0.00  migration/11
08:36:07 PM     0        84      2.00      0.00  ksoftirqd/11
08:36:07 PM     0        95      2.00      0.00  kcompactd0
08:36:07 PM     0       453      1.00      0.00  multipathd
08:36:07 PM     0    112707      4.00      0.00  kworker/3:0-events
08:36:07 PM     0    118120      1.00      0.00  kworker/9:2-mm_percpu_wq
08:36:07 PM     0    129890      3.00      0.00  kworker/10:2-mm_percpu_wq
08:36:07 PM     0    140699      3.00      0.00  kworker/1:0-events
08:36:07 PM     0    156170      1.00      0.00  kworker/u24:3-edac-poller
08:36:07 PM     0    157360      1.00      0.00  kworker/4:2-mm_percpu_wq
08:36:07 PM     0    159214      2.00      0.00  kworker/7:1-events
08:36:07 PM     0    159909      2.00      0.00  kworker/6:2-events
08:36:07 PM     0    160609      3.00      0.00  kworker/2:1-events
08:36:07 PM     0    162126      1.00      0.00  kworker/8:1-mm_percpu_wq
08:36:07 PM     0    162510      1.00      0.00  iostat
08:36:07 PM     0    162511      1.00      0.00  pidstat
08:36:07 PM     0    162512      5.00      0.00  bash
08:36:07 PM     0    162513      6.00      1.00  bash
08:36:07 PM     0    162514      4.00      0.00  bash
08:36:07 PM     0    162516    100.00      0.00  fio
08:36:07 PM     0    162665      1.00      0.00  kworker/5:2-mm_percpu_wq
08:36:07 PM     0    163012      1.00      0.00  kworker/0:0-events
08:36:07 PM     0    163680      5.00      0.00  kworker/11:2-events
08:36:07 PM     0    164224      1.00      0.00  sleep
08:36:07 PM     0    164234      1.00      1.00  sleep
08:36:07 PM     0    164236      1.00      0.00  sleep

08:36:07 PM   UID       PID   cswch/s nvcswch/s  Command
08:36:08 PM     0         1      1.00      0.00  systemd
08:36:08 PM     0        16      1.00      0.00  ksoftirqd/0
08:36:08 PM     0        17     17.00      0.00  rcu_preempt
08:36:08 PM     0        18      1.00      0.00  migration/0
08:36:08 PM     0        23      1.00      0.00  migration/1
08:36:08 PM     0        41      1.00      0.00  migration/4
08:36:08 PM     0        54      1.00      0.00  ksoftirqd/6
08:36:08 PM     0        60      2.00      0.00  ksoftirqd/7
08:36:08 PM     0        77      1.00      0.00  migration/10
08:36:08 PM     0        90      1.00      0.00  khungtaskd
08:36:08 PM     0        95      2.00      0.00  kcompactd0
08:36:08 PM     0       453      1.00      0.00  multipathd
08:36:08 PM   101       608      1.00      0.00  systemd-network
08:36:08 PM     0     98256      5.00      0.00  kworker/u24:2-writeback
08:36:08 PM     0    112707      2.00      0.00  kworker/3:0-events
08:36:08 PM     0    118120      4.00      0.00  kworker/9:2-mm_percpu_wq
08:36:08 PM     0    129890      4.00      0.00  kworker/10:2-events
08:36:08 PM     0    140699      2.00      0.00  kworker/1:0-events
08:36:08 PM     0    156170      2.00      0.00  kworker/u24:3-events_power_efficient
08:36:08 PM     0    157360      3.00      0.00  kworker/4:2-events
08:36:08 PM     0    159214      2.00      0.00  kworker/7:1-events
08:36:08 PM     0    159909      2.00      0.00  kworker/6:2-events
08:36:08 PM     0    160609      2.00      0.00  kworker/2:1-mm_percpu_wq
08:36:08 PM     0    162126      1.00      0.00  kworker/8:1-mm_percpu_wq
08:36:08 PM     0    162510      1.00      0.00  iostat
08:36:08 PM     0    162511      1.00      0.00  pidstat
08:36:08 PM     0    162512      5.00      0.00  bash
08:36:08 PM     0    162513      8.00      1.00  bash
08:36:08 PM     0    162514      4.00      0.00  bash
08:36:08 PM     0    162516     99.00      0.00  fio
08:36:08 PM     0    163012      1.00      0.00  kworker/0:0-mm_percpu_wq
08:36:08 PM     0    163680      2.00      0.00  kworker/11:2-mm_percpu_wq
08:36:08 PM     0    164239      1.00      0.00  sleep
08:36:08 PM     0    164249      1.00      0.00  sleep
08:36:08 PM     0    164251      1.00      0.00  sleep

08:36:08 PM   UID       PID   cswch/s nvcswch/s  Command
08:36:09 PM     0        16      1.00      0.00  ksoftirqd/0
08:36:09 PM     0        17     20.00      0.00  rcu_preempt
08:36:09 PM     0        36      1.00      0.00  ksoftirqd/3
08:36:09 PM     0        42      1.00      0.00  ksoftirqd/4
08:36:09 PM     0        77      1.00      0.00  migration/10
08:36:09 PM     0        78      2.00      0.00  ksoftirqd/10
08:36:09 PM     0        84      1.00      0.00  ksoftirqd/11
08:36:09 PM     0        95      2.00      0.00  kcompactd0
08:36:09 PM     0       453      1.00      0.00  multipathd
08:36:09 PM     0       562      3.00      0.00  jbd2/nvme1n1p3-8
08:36:09 PM     0     98256      3.00      0.00  kworker/u24:2-writeback
08:36:09 PM     0    112707      2.00      0.00  kworker/3:0-events
08:36:09 PM     0    118120      1.00      0.00  kworker/9:2-mm_percpu_wq
08:36:09 PM     0    129890      5.00      0.00  kworker/10:2-events
08:36:09 PM     0    140699      3.00      0.00  kworker/1:0-mm_percpu_wq
08:36:09 PM     0    157360      1.00      0.00  kworker/4:2-mm_percpu_wq
08:36:09 PM     0    159214      1.00      0.00  kworker/7:1-mm_percpu_wq
08:36:09 PM     0    159909      2.00      0.00  kworker/6:2-events
08:36:09 PM     0    160609      2.00      0.00  kworker/2:1-events
08:36:09 PM     0    162126      1.00      0.00  kworker/8:1-mm_percpu_wq
08:36:09 PM     0    162510      1.00      0.00  iostat
08:36:09 PM     0    162511      1.00      0.00  pidstat
08:36:09 PM     0    162512      5.00      0.00  bash
08:36:09 PM     0    162513      6.00      0.00  bash
08:36:09 PM     0    162514      4.00      0.00  bash
08:36:09 PM     0    162516     99.00      0.00  fio
08:36:09 PM     0    163012      1.00      0.00  kworker/0:0-events
08:36:09 PM     0    163680      5.00      0.00  kworker/11:2-events
08:36:09 PM     0    164254      1.00      0.00  sleep
08:36:09 PM     0    164264      1.00      0.00  sleep
08:36:09 PM     0    164266      1.00      0.00  sleep

08:36:09 PM   UID       PID   cswch/s nvcswch/s  Command
08:36:10 PM     0        16      1.00      0.00  ksoftirqd/0
08:36:10 PM     0        17     24.00      0.00  rcu_preempt
08:36:10 PM     0        18      2.00      0.00  migration/0
08:36:10 PM     0        23      1.00      0.00  migration/1
08:36:10 PM     0        24      1.00      0.00  ksoftirqd/1
08:36:10 PM     0        29      1.00      0.00  migration/2
08:36:10 PM     0        35      1.00      0.00  migration/3
08:36:10 PM     0        41      1.00      0.00  migration/4
08:36:10 PM     0        47      1.00      0.00  migration/5
08:36:10 PM     0        53      2.00      0.00  migration/6
08:36:10 PM     0        59      1.00      0.00  migration/7
08:36:10 PM     0        65      1.00      0.00  migration/8
08:36:10 PM     0        71      1.00      0.00  migration/9
08:36:10 PM     0        72      1.00      0.00  ksoftirqd/9
08:36:10 PM     0        77      1.00      0.00  migration/10
08:36:10 PM     0        78      2.00      0.00  ksoftirqd/10
08:36:10 PM     0        83      1.00      0.00  migration/11
08:36:10 PM     0        95      2.00      0.00  kcompactd0
08:36:10 PM     0       188      1.00      0.00  kworker/2:1H-kblockd
08:36:10 PM     0       453      1.00      0.00  multipathd
08:36:10 PM     0     98256      2.00      0.00  kworker/u24:2-events_power_efficient
08:36:10 PM     0    112707      1.00      0.00  kworker/3:0-mm_percpu_wq
08:36:10 PM     0    118120      2.00      0.00  kworker/9:2-events
08:36:10 PM     0    129890      7.00      0.00  kworker/10:2-events
08:36:10 PM     0    140699      3.00      0.00  kworker/1:0-mm_percpu_wq
08:36:10 PM     0    156170      2.00      0.00  kworker/u24:3-events_power_efficient
08:36:10 PM     0    157360      2.00      0.00  kworker/4:2-events
08:36:10 PM     0    159909      1.00      0.00  kworker/6:2-mm_percpu_wq
08:36:10 PM     0    160609      3.00      0.00  kworker/2:1-events
08:36:10 PM     0    162510      1.00      0.00  iostat
08:36:10 PM     0    162511      1.00      0.00  pidstat
08:36:10 PM     0    162512      5.00      0.00  bash
08:36:10 PM     0    162513      8.00      0.00  bash
08:36:10 PM     0    162514      4.00      0.00  bash
08:36:10 PM     0    162516     99.00      0.00  fio
08:36:10 PM     0    162665      2.00      0.00  kworker/5:2-events
08:36:10 PM     0    163012      3.00      0.00  kworker/0:0-mm_percpu_wq
08:36:10 PM     0    163680      2.00      0.00  kworker/11:2-events
08:36:10 PM     0    164269      1.00      0.00  sleep
08:36:10 PM     0    164280      1.00      0.00  sleep
08:36:10 PM     0    164281      1.00      0.00  sleep

08:36:10 PM   UID       PID   cswch/s nvcswch/s  Command
08:36:11 PM     0        17     18.00      0.00  rcu_preempt
08:36:11 PM     0        18      1.00      0.00  migration/0
08:36:11 PM     0        23      1.00      0.00  migration/1
08:36:11 PM     0        42      1.00      0.00  ksoftirqd/4
08:36:11 PM     0        53      1.00      0.00  migration/6
08:36:11 PM     0        54      1.00      0.00  ksoftirqd/6
08:36:11 PM     0        60      1.00      0.00  ksoftirqd/7
08:36:11 PM     0        71      1.00      0.00  migration/9
08:36:11 PM     0        83      1.00      0.00  migration/11
08:36:11 PM     0        84      1.00      0.00  ksoftirqd/11
08:36:11 PM     0        95      2.00      0.00  kcompactd0
08:36:11 PM     0       453      1.00      0.00  multipathd
08:36:11 PM     0    112707      2.00      0.00  kworker/3:0-events
08:36:11 PM     0    118120      2.00      0.00  kworker/9:2-mm_percpu_wq
08:36:11 PM     0    129890      3.00      0.00  kworker/10:2-mm_percpu_wq
08:36:11 PM     0    140699      3.00      0.00  kworker/1:0-events
08:36:11 PM     0    156170      1.00      0.00  kworker/u24:3-edac-poller
08:36:11 PM     0    157360      2.00      0.00  kworker/4:2-events
08:36:11 PM     0    159214      1.00      0.00  kworker/7:1-mm_percpu_wq
08:36:11 PM     0    159909      2.00      0.00  kworker/6:2-events
08:36:11 PM     0    160609      1.00      0.00  kworker/2:1-mm_percpu_wq
08:36:11 PM     0    162126      1.00      0.00  kworker/8:1-mm_percpu_wq
08:36:11 PM     0    162510      1.00      0.00  iostat
08:36:11 PM     0    162511      1.00      0.00  pidstat
08:36:11 PM     0    162512      5.00      0.00  bash
08:36:11 PM     0    162513      8.00      0.00  bash
08:36:11 PM     0    162514      4.00      0.00  bash
08:36:11 PM     0    162516     99.00      0.00  fio
08:36:11 PM     0    162665      2.00      0.00  kworker/5:2-events
08:36:11 PM     0    163012      2.00      0.00  kworker/0:0-events
08:36:11 PM     0    163680      3.00      0.00  kworker/11:2-events
08:36:11 PM     0    164284      1.00      0.00  sleep
08:36:11 PM     0    164295      2.00      0.00  sleep
08:36:11 PM     0    164296      1.00      0.00  sleep

08:36:11 PM   UID       PID   cswch/s nvcswch/s  Command
08:36:12 PM     0        17     18.00      0.00  rcu_preempt
08:36:12 PM     0        42      1.00      0.00  ksoftirqd/4
08:36:12 PM     0        54      2.00      0.00  ksoftirqd/6
08:36:12 PM     0        95      2.00      0.00  kcompactd0
08:36:12 PM     0       453      1.00      0.00  multipathd
08:36:12 PM     0    112707      2.00      0.00  kworker/3:0-events
08:36:12 PM     0    118120      3.00      0.00  kworker/9:2-events
08:36:12 PM     0    129890      3.00      0.00  kworker/10:2-events
08:36:12 PM     0    140699      2.00      0.00  kworker/1:0-events
08:36:12 PM     0    156170      2.00      0.00  kworker/u24:3-events_unbound
08:36:12 PM     0    157360      2.00      0.00  kworker/4:2-events
08:36:12 PM     0    159214      2.00      0.00  kworker/7:1-mm_percpu_wq
08:36:12 PM     0    159909      4.00      0.00  kworker/6:2-events
08:36:12 PM     0    160609      2.00      0.00  kworker/2:1-mm_percpu_wq
08:36:12 PM     0    162126      1.00      0.00  kworker/8:1-mm_percpu_wq
08:36:12 PM     0    162510      1.00      0.00  iostat
08:36:12 PM     0    162511      1.00      0.00  pidstat
08:36:12 PM     0    162512      5.00      0.00  bash
08:36:12 PM     0    162513      7.00      0.00  bash
08:36:12 PM     0    162514      4.00      0.00  bash
08:36:12 PM     0    162516     99.00      0.00  fio
08:36:12 PM     0    162665      2.00      0.00  kworker/5:2-events
08:36:12 PM     0    163012      3.00      0.00  kworker/0:0-events
08:36:12 PM     0    163680      2.00      0.00  kworker/11:2-mm_percpu_wq
08:36:12 PM     0    164299      1.00      0.00  sleep
08:36:12 PM     0    164310      1.00      0.00  sleep
08:36:12 PM     0    164311      1.00      0.00  sleep

08:36:12 PM   UID       PID   cswch/s nvcswch/s  Command
08:36:13 PM     0        16      2.00      0.00  ksoftirqd/0
08:36:13 PM     0        17     20.00      0.00  rcu_preempt
08:36:13 PM     0        35      1.00      0.00  migration/3
08:36:13 PM     0        54      1.00      0.00  ksoftirqd/6
08:36:13 PM     0        60      1.00      0.00  ksoftirqd/7
08:36:13 PM     0        72      2.00      0.00  ksoftirqd/9
08:36:13 PM     0        95      2.00      0.00  kcompactd0
08:36:13 PM     0       453      1.00      0.00  multipathd
08:36:13 PM   101       608      2.00      0.00  systemd-network
08:36:13 PM     0     21554      1.00      0.00  packagekitd
08:36:13 PM     0     98256      2.00      0.00  kworker/u24:2-edac-poller
08:36:13 PM     0    112707      1.00      0.00  kworker/3:0-mm_percpu_wq
08:36:13 PM     0    118120      5.00      0.00  kworker/9:2-events
08:36:13 PM     0    129890      2.00      0.00  kworker/10:2-mm_percpu_wq
08:36:13 PM     0    140699      2.00      0.00  kworker/1:0-mm_percpu_wq
08:36:13 PM     0    156170      1.00      0.00  kworker/u24:3-events_power_efficient
08:36:13 PM     0    157360      2.00      0.00  kworker/4:2-events
08:36:13 PM     0    159214      2.00      0.00  kworker/7:1-events
08:36:13 PM     0    159909      4.00      0.00  kworker/6:2-events
08:36:13 PM     0    160609      3.00      0.00  kworker/2:1-events
08:36:13 PM     0    162126      2.00      0.00  kworker/8:1-mm_percpu_wq
08:36:13 PM     0    162510      1.00      0.00  iostat
08:36:13 PM     0    162511      1.00      0.00  pidstat
08:36:13 PM     0    162512      5.00      0.00  bash
08:36:13 PM     0    162513      7.00      0.00  bash
08:36:13 PM     0    162514      4.00      0.00  bash
08:36:13 PM     0    162516     99.00      0.00  fio
08:36:13 PM     0    162665      2.00      0.00  kworker/5:2-events
08:36:13 PM     0    163012      4.00      0.00  kworker/0:0-events
08:36:13 PM     0    163680      3.00      0.00  kworker/11:2-events
08:36:13 PM     0    164314      1.00      0.00  sleep
08:36:13 PM     0    164324      1.00      0.00  sleep
08:36:13 PM     0    164326      1.00      0.00  sleep

08:36:13 PM   UID       PID   cswch/s nvcswch/s  Command
08:36:14 PM     0        16      1.00      0.00  ksoftirqd/0
08:36:14 PM     0        17     18.00      0.00  rcu_preempt
08:36:14 PM     0        18      1.00      0.00  migration/0
08:36:14 PM     0        23      1.00      0.00  migration/1
08:36:14 PM     0        24      1.00      0.00  ksoftirqd/1
08:36:14 PM     0        29      1.00      0.00  migration/2
08:36:14 PM     0        35      1.00      0.00  migration/3
08:36:14 PM     0        41      1.00      0.00  migration/4
08:36:14 PM     0        47      1.00      0.00  migration/5
08:36:14 PM     0        48      1.00      0.00  ksoftirqd/5
08:36:14 PM     0        53      1.00      0.00  migration/6
08:36:14 PM     0        59      2.00      0.00  migration/7
08:36:14 PM     0        65      1.00      0.00  migration/8
08:36:14 PM     0        71      1.00      0.00  migration/9
08:36:14 PM     0        77      1.00      0.00  migration/10
08:36:14 PM     0        83      2.00      0.00  migration/11
08:36:14 PM     0        84      1.00      0.00  ksoftirqd/11
08:36:14 PM     0        95      2.00      0.00  kcompactd0
08:36:14 PM     0       172      1.00      0.00  kworker/3:1H-kblockd
08:36:14 PM     0       191      1.00      0.00  kworker/1:1H-kblockd
08:36:14 PM     0       453      1.00      0.00  multipathd
08:36:14 PM     0       562      3.00      0.00  jbd2/nvme1n1p3-8
08:36:14 PM     0     98256      6.00      0.00  kworker/u24:2-events_unbound
08:36:14 PM     0    112707      1.00      0.00  kworker/3:0-mm_percpu_wq
08:36:14 PM     0    118120      2.00      0.00  kworker/9:2-mm_percpu_wq
08:36:14 PM     0    129890      2.00      0.00  kworker/10:2-mm_percpu_wq
08:36:14 PM     0    140699      1.00      0.00  kworker/1:0-mm_percpu_wq
08:36:14 PM     0    156170      1.00      0.00  kworker/u24:3-ext4-rsv-conversion
08:36:14 PM     0    157360      4.00      0.00  kworker/4:2-events
08:36:14 PM     0    159214      1.00      0.00  kworker/7:1-mm_percpu_wq
08:36:14 PM     0    159909      2.00      0.00  kworker/6:2-events
08:36:14 PM     0    160609      2.00      0.00  kworker/2:1-mm_percpu_wq
08:36:14 PM     0    162510      1.00      0.00  iostat
08:36:14 PM     0    162511      1.00      0.00  pidstat
08:36:14 PM     0    162512      5.00      0.00  bash
08:36:14 PM     0    162513      6.00      1.00  bash
08:36:14 PM     0    162514      4.00      0.00  bash
08:36:14 PM     0    162516     99.00      0.00  fio
08:36:14 PM     0    162665      2.00      0.00  kworker/5:2-events
08:36:14 PM     0    163012      3.00      0.00  kworker/0:0-events
08:36:14 PM     0    163680      2.00      0.00  kworker/11:2-events
08:36:14 PM     0    164329      1.00      0.00  sleep
08:36:14 PM     0    164339      1.00      0.00  sleep
08:36:14 PM     0    164341      1.00      0.00  sleep

08:36:14 PM   UID       PID   cswch/s nvcswch/s  Command
08:36:15 PM     0         2      1.00      0.00  kthreadd
08:36:15 PM     0        17     21.00      0.00  rcu_preempt
08:36:15 PM     0        42      1.00      0.00  ksoftirqd/4
08:36:15 PM     0        48      1.00      0.00  ksoftirqd/5
08:36:15 PM     0        60      1.00      0.00  ksoftirqd/7
08:36:15 PM     0        72      1.00      0.00  ksoftirqd/9
08:36:15 PM     0        95      2.00      0.00  kcompactd0
08:36:15 PM     0       102      1.00      0.00  irq/9-acpi
08:36:15 PM     0       453      1.00      0.00  multipathd
08:36:15 PM     0     98256      1.00      0.00  kworker/u24:2-edac-poller
08:36:15 PM     0    112707      1.00      0.00  kworker/3:0-events
08:36:15 PM     0    129890      8.00      0.00  kworker/10:2-pm
08:36:15 PM     0    140699      4.00      0.00  kworker/1:0-events
08:36:15 PM     0    147677      2.00      0.00  kworker/10:1-i915-unordered
08:36:15 PM     0    157360      2.00      0.00  kworker/4:2-events
08:36:15 PM     0    159214      1.00      0.00  kworker/7:1-events
08:36:15 PM     0    159909      1.00      0.00  kworker/6:2-mm_percpu_wq
08:36:15 PM     0    160609      3.00      0.00  kworker/2:1-events
08:36:15 PM     0    162126      1.00      0.00  kworker/8:1-mm_percpu_wq
08:36:15 PM     0    162510      1.00      0.00  iostat
08:36:15 PM     0    162511      1.00      0.00  pidstat
08:36:15 PM     0    162512      5.00      0.00  bash
08:36:15 PM     0    162513      8.00      0.00  bash
08:36:15 PM     0    162514      4.00      0.00  bash
08:36:15 PM     0    162516    100.00      0.00  fio
08:36:15 PM     0    162665      4.00      0.00  kworker/5:2-events
08:36:15 PM     0    163012      4.00      0.00  kworker/0:0-events
08:36:15 PM     0    163680      1.00      0.00  kworker/11:2-events
08:36:15 PM     0    164344      1.00      0.00  sleep
08:36:15 PM     0    164355      1.00      0.00  sleep
08:36:15 PM     0    164356      1.00      0.00  sleep
08:36:15 PM     0    164357      2.00      0.00  kworker/10:0

08:36:15 PM   UID       PID   cswch/s nvcswch/s  Command
08:36:16 PM     0        16      1.00      0.00  ksoftirqd/0
08:36:16 PM     0        17     19.00      0.00  rcu_preempt
08:36:16 PM     0        23      1.00      0.00  migration/1
08:36:16 PM     0        36      1.00      0.00  ksoftirqd/3
08:36:16 PM     0        60      1.00      0.00  ksoftirqd/7
08:36:16 PM     0        95      2.00      0.00  kcompactd0
08:36:16 PM     0       188      1.00      0.00  kworker/2:1H-kblockd
08:36:16 PM     0       453      1.00      0.00  multipathd
08:36:16 PM     0     98256      2.00      0.00  kworker/u24:2-events_unbound
08:36:16 PM     0    112707      2.00      0.00  kworker/3:0-events
08:36:16 PM     0    118120      1.00      0.00  kworker/9:2-mm_percpu_wq
08:36:16 PM     0    129890      1.00      0.00  kworker/10:2-mm_percpu_wq
08:36:16 PM     0    140699      1.00      0.00  kworker/1:0-mm_percpu_wq
08:36:16 PM     0    157360      1.00      0.00  kworker/4:2-events
08:36:16 PM     0    159214      3.00      0.00  kworker/7:1-events
08:36:16 PM     0    159909      3.00      0.00  kworker/6:2-events
08:36:16 PM     0    160609      2.00      0.00  kworker/2:1-mm_percpu_wq
08:36:16 PM     0    162510      1.00      0.00  iostat
08:36:16 PM     0    162511      1.00      0.00  pidstat
08:36:16 PM     0    162512      5.00      0.00  bash
08:36:16 PM     0    162513      6.00      0.00  bash
08:36:16 PM     0    162514      4.00      0.00  bash
08:36:16 PM     0    162516     99.00      0.00  fio
08:36:16 PM     0    162665      1.00      0.00  kworker/5:2-events
08:36:16 PM     0    163012      3.00      0.00  kworker/0:0-events
08:36:16 PM     0    163680      2.00      0.00  kworker/11:2-events
08:36:16 PM     0    164360      1.00      0.00  sleep
08:36:16 PM     0    164371      1.00      0.00  sleep
08:36:16 PM     0    164372      1.00      0.00  sleep

08:36:16 PM   UID       PID   cswch/s nvcswch/s  Command
08:36:17 PM     0        17     18.00      0.00  rcu_preempt
08:36:17 PM     0        24      1.00      0.00  ksoftirqd/1
08:36:17 PM     0        41      1.00      0.00  migration/4
08:36:17 PM     0        47      1.00      0.00  migration/5
08:36:17 PM     0        60      1.00      0.00  ksoftirqd/7
08:36:17 PM     0        84      1.00      0.00  ksoftirqd/11
08:36:17 PM     0        95      2.00      0.00  kcompactd0
08:36:17 PM     0       453      1.00      0.00  multipathd
08:36:17 PM     0     98256      1.00      0.00  kworker/u24:2-edac-poller
08:36:17 PM     0    112707      1.00      0.00  kworker/3:0-events
08:36:17 PM     0    118120      2.00      0.00  kworker/9:2-events
08:36:17 PM     0    129890      1.00      0.00  kworker/10:2-events
08:36:17 PM     0    140699      3.00      0.00  kworker/1:0-events
08:36:17 PM     0    157360      2.00      0.00  kworker/4:2-events
08:36:17 PM     0    159909      1.00      0.00  kworker/6:2-events
08:36:17 PM     0    160609      3.00      0.00  kworker/2:1-events
08:36:17 PM     0    162126      1.00      0.00  kworker/8:1-mm_percpu_wq
08:36:17 PM     0    162510      1.00      0.00  iostat
08:36:17 PM     0    162511      1.00      0.00  pidstat
08:36:17 PM     0    162512      5.00      0.00  bash
08:36:17 PM     0    162513      6.00      0.00  bash
08:36:17 PM     0    162514      4.00      0.00  bash
08:36:17 PM     0    162516     99.00      0.00  fio
08:36:17 PM     0    162665      2.00      0.00  kworker/5:2-events
08:36:17 PM     0    163680      2.00      0.00  kworker/11:2-events
08:36:17 PM     0    164375      1.00      0.00  sleep
08:36:17 PM     0    164385      1.00      0.00  sleep
08:36:17 PM     0    164387      1.00      0.00  sleep

08:36:17 PM   UID       PID   cswch/s nvcswch/s  Command
08:36:18 PM     0        16      1.00      0.00  ksoftirqd/0
08:36:18 PM     0        17     19.00      0.00  rcu_preempt
08:36:18 PM     0        18      1.00      0.00  migration/0
08:36:18 PM     0        23      1.00      0.00  migration/1
08:36:18 PM     0        29      1.00      0.00  migration/2
08:36:18 PM     0        35      1.00      0.00  migration/3
08:36:18 PM     0        41      1.00      0.00  migration/4
08:36:18 PM     0        47      1.00      0.00  migration/5
08:36:18 PM     0        53      1.00      0.00  migration/6
08:36:18 PM     0        59      2.00      0.00  migration/7
08:36:18 PM     0        65      1.00      0.00  migration/8
08:36:18 PM     0        71      1.00      0.00  migration/9
08:36:18 PM     0        72      1.00      0.00  ksoftirqd/9
08:36:18 PM     0        77      1.00      0.00  migration/10
08:36:18 PM     0        83      1.00      0.00  migration/11
08:36:18 PM     0        95      2.00      0.00  kcompactd0
08:36:18 PM     0       453      1.00      0.00  multipathd
08:36:18 PM     0     98256      2.00      0.00  kworker/u24:2-events_power_efficient
08:36:18 PM     0    112707      2.00      0.00  kworker/3:0-events
08:36:18 PM     0    118120      3.00      0.00  kworker/9:2-events
08:36:18 PM     0    129890      3.00      0.00  kworker/10:2-events
08:36:18 PM     0    140699      2.00      0.00  kworker/1:0-events
08:36:18 PM     0    156170      1.00      0.00  kworker/u24:3-ext4-rsv-conversion
08:36:18 PM     0    157360      1.00      0.00  kworker/4:2-events
08:36:18 PM     0    159214      1.00      0.00  kworker/7:1-mm_percpu_wq
08:36:18 PM     0    159909      2.00      0.00  kworker/6:2-events
08:36:18 PM     0    160609      3.00      0.00  kworker/2:1-events
08:36:18 PM     0    162126      1.00      0.00  kworker/8:1-mm_percpu_wq
08:36:18 PM     0    162510      1.00      0.00  iostat
08:36:18 PM     0    162511      1.00      0.00  pidstat
08:36:18 PM     0    162512      5.00      0.00  bash
08:36:18 PM     0    162513      7.00      1.00  bash
08:36:18 PM     0    162514      4.00      0.00  bash
08:36:18 PM     0    162516     99.00      0.00  fio
08:36:18 PM     0    162665      1.00      0.00  kworker/5:2-events
08:36:18 PM     0    163012      2.00      0.00  kworker/0:0-events
08:36:18 PM     0    163680      2.00      0.00  kworker/11:2-mm_percpu_wq
08:36:18 PM     0    164390      1.00      0.00  sleep
08:36:18 PM     0    164401      1.00      0.00  sleep
08:36:18 PM     0    164402      1.00      0.00  sleep
