Linux 6.8.0-124-generic (cassandra-waf-rig) 	07/08/2026 	_x86_64_	(12 CPU)

08:27:44 PM   UID       PID   cswch/s nvcswch/s  Command
08:27:45 PM     0        16      3.96      0.00  ksoftirqd/0
08:27:45 PM     0        17     30.69      0.00  rcu_preempt
08:27:45 PM     0        23      2.97      0.00  migration/1
08:27:45 PM     0        24      0.99      0.00  ksoftirqd/1
08:27:45 PM     0        30      0.99      0.00  ksoftirqd/2
08:27:45 PM     0        35      2.97      0.00  migration/3
08:27:45 PM     0        36      1.98      0.00  ksoftirqd/3
08:27:45 PM     0        47      2.97      0.00  migration/5
08:27:45 PM     0        48      1.98      0.00  ksoftirqd/5
08:27:45 PM     0        53      0.99      0.00  migration/6
08:27:45 PM     0        54      3.96      0.00  ksoftirqd/6
08:27:45 PM     0        60      0.99      0.00  ksoftirqd/7
08:27:45 PM     0        66      0.99      0.00  ksoftirqd/8
08:27:45 PM     0        77      1.98      0.00  migration/10
08:27:45 PM     0        78      1.98      0.00  ksoftirqd/10
08:27:45 PM     0        84      0.99      0.00  ksoftirqd/11
08:27:45 PM     0        95      1.98      0.00  kcompactd0
08:27:45 PM     0       453      0.99      0.00  multipathd
08:27:45 PM     0     93573      2.97      0.00  kworker/5:1-events
08:27:45 PM     0     98256      0.99      0.00  kworker/u24:2-edac-poller
08:27:45 PM     0    112707      1.98      0.00  kworker/3:0-events
08:27:45 PM     0    133744      4.95      0.00  kworker/4:1-events
08:27:45 PM     0    143767      4.95      0.00  kworker/8:0-events
08:27:45 PM     0    146022      0.99      0.00  kworker/11:1-events
08:27:45 PM     0    152246      5.94      0.00  kworker/7:2-events
08:27:45 PM     0    154179      1.98      0.00  kworker/2:2-events
08:27:45 PM     0    155772      2.97      0.00  kworker/0:1-events
08:27:45 PM     0    156121      4.95      0.00  kworker/1:1-events
08:27:45 PM     0    156781      0.99      0.00  iostat
08:27:45 PM     0    156782      0.99      0.00  pidstat
08:27:45 PM     0    156783      4.95      0.00  bash
08:27:45 PM     0    156784      5.94      0.00  bash
08:27:45 PM     0    156785      3.96      0.00  bash
08:27:45 PM     0    156787    242.57      0.99  fio
08:27:45 PM     0    156867      0.99      0.99  sleep

08:27:45 PM   UID       PID   cswch/s nvcswch/s  Command
08:27:46 PM     0        16      2.00      0.00  ksoftirqd/0
08:27:46 PM     0        17     13.00      0.00  rcu_preempt
08:27:46 PM     0        18      1.00      0.00  migration/0
08:27:46 PM     0        23      2.00      0.00  migration/1
08:27:46 PM     0        24      4.00      0.00  ksoftirqd/1
08:27:46 PM     0        29      1.00      0.00  migration/2
08:27:46 PM     0        30      3.00      0.00  ksoftirqd/2
08:27:46 PM     0        35      2.00      0.00  migration/3
08:27:46 PM     0        36      5.00      0.00  ksoftirqd/3
08:27:46 PM     0        41      2.00      0.00  migration/4
08:27:46 PM     0        42      1.00      0.00  ksoftirqd/4
08:27:46 PM     0        47      1.00      0.00  migration/5
08:27:46 PM     0        48      3.00      1.00  ksoftirqd/5
08:27:46 PM     0        53      1.00      0.00  migration/6
08:27:46 PM     0        54      2.00      0.00  ksoftirqd/6
08:27:46 PM     0        59      3.00      0.00  migration/7
08:27:46 PM     0        60      1.00      0.00  ksoftirqd/7
08:27:46 PM     0        65      2.00      0.00  migration/8
08:27:46 PM     0        66      2.00      0.00  ksoftirqd/8
08:27:46 PM     0        71      1.00      0.00  migration/9
08:27:46 PM     0        77      1.00      0.00  migration/10
08:27:46 PM     0        78      2.00      0.00  ksoftirqd/10
08:27:46 PM     0        83      2.00      0.00  migration/11
08:27:46 PM     0        84      1.00      0.00  ksoftirqd/11
08:27:46 PM     0        95      2.00      0.00  kcompactd0
08:27:46 PM     0       188      1.00      0.00  kworker/2:1H-kblockd
08:27:46 PM     0       453      1.00      0.00  multipathd
08:27:46 PM     0     93573      3.00      0.00  kworker/5:1-events
08:27:46 PM     0     98256      1.00      0.00  kworker/u24:2-edac-poller
08:27:46 PM     0    112707      1.00      0.00  kworker/3:0-mm_percpu_wq
08:27:46 PM     0    118120      1.00      0.00  kworker/9:2-mm_percpu_wq
08:27:46 PM     0    123430      2.00      0.00  kworker/6:0-events
08:27:46 PM     0    133744      1.00      0.00  kworker/4:1-mm_percpu_wq
08:27:46 PM     0    143767      3.00      0.00  kworker/8:0-events
08:27:46 PM     0    146022      5.00      0.00  kworker/11:1-events
08:27:46 PM     0    147677      3.00      0.00  kworker/10:1-events
08:27:46 PM     0    152246      4.00      0.00  kworker/7:2-events
08:27:46 PM     0    154179      1.00      0.00  kworker/2:2-mm_percpu_wq
08:27:46 PM     0    155772      3.00      0.00  kworker/0:1-events
08:27:46 PM     0    156121      5.00      0.00  kworker/1:1-events
08:27:46 PM     0    156781      1.00      0.00  iostat
08:27:46 PM     0    156782      1.00      0.00  pidstat
08:27:46 PM     0    156783      4.00      0.00  bash
08:27:46 PM     0    156784      4.00      0.00  bash
08:27:46 PM     0    156785      4.00      0.00  bash
08:27:46 PM     0    156787    100.00      0.00  fio
08:27:46 PM     0    156877      1.00      0.00  sleep
08:27:46 PM     0    156879      1.00      1.00  sleep

08:27:46 PM   UID       PID   cswch/s nvcswch/s  Command
08:27:47 PM     0        16      5.00      0.00  ksoftirqd/0
08:27:47 PM     0        17     19.00      0.00  rcu_preempt
08:27:47 PM     0        24      5.00      0.00  ksoftirqd/1
08:27:47 PM     0        29      1.00      0.00  migration/2
08:27:47 PM     0        30      2.00      0.00  ksoftirqd/2
08:27:47 PM     0        36      3.00      0.00  ksoftirqd/3
08:27:47 PM     0        42      1.00      0.00  ksoftirqd/4
08:27:47 PM     0        47      1.00      0.00  migration/5
08:27:47 PM     0        48      4.00      0.00  ksoftirqd/5
08:27:47 PM     0        54      1.00      0.00  ksoftirqd/6
08:27:47 PM     0        60      1.00      0.00  ksoftirqd/7
08:27:47 PM     0        66      4.00      0.00  ksoftirqd/8
08:27:47 PM     0        71      1.00      0.00  migration/9
08:27:47 PM     0        72      2.00      0.00  ksoftirqd/9
08:27:47 PM     0        77      2.00      0.00  migration/10
08:27:47 PM     0        78      2.00      0.00  ksoftirqd/10
08:27:47 PM     0        83      1.00      0.00  migration/11
08:27:47 PM     0        95      2.00      0.00  kcompactd0
08:27:47 PM     0       453      1.00      0.00  multipathd
08:27:47 PM     0     93573      2.00      0.00  kworker/5:1-mm_percpu_wq
08:27:47 PM     0     98256      2.00      0.00  kworker/u24:2-edac-poller
08:27:47 PM     0    112707      2.00      0.00  kworker/3:0-events
08:27:47 PM     0    118120      2.00      0.00  kworker/9:2-events
08:27:47 PM     0    123430      1.00      0.00  kworker/6:0-mm_percpu_wq
08:27:47 PM     0    133744      3.00      0.00  kworker/4:1-events
08:27:47 PM     0    143767      2.00      0.00  kworker/8:0-events
08:27:47 PM     0    146022      2.00      0.00  kworker/11:1-events
08:27:47 PM     0    147677      3.00      0.00  kworker/10:1-mm_percpu_wq
08:27:47 PM     0    152246      6.00      0.00  kworker/7:2-events
08:27:47 PM     0    154179      2.00      0.00  kworker/2:2-events
08:27:47 PM     0    155772      1.00      0.00  kworker/0:1-events
08:27:47 PM     0    156121      4.00      0.00  kworker/1:1-events
08:27:47 PM     0    156781      1.00      0.00  iostat
08:27:47 PM     0    156782      1.00      0.00  pidstat
08:27:47 PM     0    156783      5.00      0.00  bash
08:27:47 PM     0    156784      8.00      0.00  bash
08:27:47 PM     0    156785      4.00      0.00  bash
08:27:47 PM     0    156787     99.00      0.00  fio
08:27:47 PM     0    156892      1.00      0.00  sleep
08:27:47 PM     0    156894      1.00      1.00  sleep

08:27:47 PM   UID       PID   cswch/s nvcswch/s  Command
08:27:48 PM     0        16      3.00      0.00  ksoftirqd/0
08:27:48 PM     0        17     20.00      0.00  rcu_preempt
08:27:48 PM     0        24      4.00      0.00  ksoftirqd/1
08:27:48 PM     0        29      1.00      0.00  migration/2
08:27:48 PM     0        30      1.00      0.00  ksoftirqd/2
08:27:48 PM     0        36      4.00      0.00  ksoftirqd/3
08:27:48 PM     0        42      3.00      0.00  ksoftirqd/4
08:27:48 PM     0        48      3.00      0.00  ksoftirqd/5
08:27:48 PM     0        53      1.00      0.00  migration/6
08:27:48 PM     0        54      2.00      0.00  ksoftirqd/6
08:27:48 PM     0        60      1.00      0.00  ksoftirqd/7
08:27:48 PM     0        65      2.00      0.00  migration/8
08:27:48 PM     0        66      1.00      0.00  ksoftirqd/8
08:27:48 PM     0        72      4.00      1.00  ksoftirqd/9
08:27:48 PM     0        78      1.00      0.00  ksoftirqd/10
08:27:48 PM     0        83      1.00      0.00  migration/11
08:27:48 PM     0        84      1.00      0.00  ksoftirqd/11
08:27:48 PM     0        95      2.00      0.00  kcompactd0
08:27:48 PM     0       195      2.00      0.00  kworker/6:1H-kblockd
08:27:48 PM     0       359      3.00      0.00  jbd2/nvme1n1p2-8
08:27:48 PM     0       453      1.00      0.00  multipathd
08:27:48 PM     0     93573      3.00      0.00  kworker/5:1-events
08:27:48 PM     0     98256      3.00      0.00  kworker/u24:2-edac-poller
08:27:48 PM     0    112707      4.00      0.00  kworker/3:0-events
08:27:48 PM     0    118120      4.00      0.00  kworker/9:2-events
08:27:48 PM     0    123430      3.00      0.00  kworker/6:0-events
08:27:48 PM     0    133744      2.00      0.00  kworker/4:1-mm_percpu_wq
08:27:48 PM     0    143767      2.00      0.00  kworker/8:0-events
08:27:48 PM     0    146022      3.00      0.00  kworker/11:1-events
08:27:48 PM     0    147677      3.00      0.00  kworker/10:1-xfs-reclaim/nvme0n1p2
08:27:48 PM     0    152246      3.00      0.00  kworker/7:2-events
08:27:48 PM     0    154179      2.00      0.00  kworker/2:2-events
08:27:48 PM     0    154838      1.00      0.00  kworker/u24:0-flush-259:1
08:27:48 PM     0    155772      1.00      0.00  kworker/0:1-mm_percpu_wq
08:27:48 PM     0    156121      5.00      0.00  kworker/1:1-events
08:27:48 PM     0    156170      4.00      0.00  kworker/u24:3-writeback
08:27:48 PM     0    156781      1.00      0.00  iostat
08:27:48 PM     0    156782      1.00      0.00  pidstat
08:27:48 PM     0    156783      5.00      0.00  bash
08:27:48 PM     0    156784      7.00      0.00  bash
08:27:48 PM     0    156785      3.00      0.00  bash
08:27:48 PM     0    156787    100.00      0.00  fio
08:27:48 PM     0    156907      1.00      1.00  sleep
08:27:48 PM     0    156909      1.00      0.00  sleep

08:27:48 PM   UID       PID   cswch/s nvcswch/s  Command
08:27:49 PM     0        16      4.00      0.00  ksoftirqd/0
08:27:49 PM     0        17     21.00      0.00  rcu_preempt
08:27:49 PM     0        18      1.00      0.00  migration/0
08:27:49 PM     0        24      2.00      0.00  ksoftirqd/1
08:27:49 PM     0        29      1.00      0.00  migration/2
08:27:49 PM     0        30      4.00      0.00  ksoftirqd/2
08:27:49 PM     0        36      5.00      0.00  ksoftirqd/3
08:27:49 PM     0        41      1.00      0.00  migration/4
08:27:49 PM     0        42      1.00      0.00  ksoftirqd/4
08:27:49 PM     0        47      1.00      0.00  migration/5
08:27:49 PM     0        48      1.00      0.00  ksoftirqd/5
08:27:49 PM     0        54      2.00      0.00  ksoftirqd/6
08:27:49 PM     0        65      2.00      0.00  migration/8
08:27:49 PM     0        66      2.00      0.00  ksoftirqd/8
08:27:49 PM     0        72      1.00      0.00  ksoftirqd/9
08:27:49 PM     0        78      1.00      0.00  ksoftirqd/10
08:27:49 PM     0        84      1.00      0.00  ksoftirqd/11
08:27:49 PM     0        95      2.00      0.00  kcompactd0
08:27:49 PM     0       187      1.00      0.00  kworker/0:1H-kblockd
08:27:49 PM     0       453      1.00      0.00  multipathd
08:27:49 PM     0       562      3.00      0.00  jbd2/nvme1n1p3-8
08:27:49 PM     0     93573      2.00      0.00  kworker/5:1-events
08:27:49 PM     0     98256      2.00      0.00  kworker/u24:2-events_power_efficient
08:27:49 PM     0    112707      5.00      0.00  kworker/3:0-events
08:27:49 PM     0    118120      4.00      0.00  kworker/9:2-events
08:27:49 PM     0    123430      1.00      0.00  kworker/6:0-mm_percpu_wq
08:27:49 PM     0    133744      2.00      0.00  kworker/4:1-events
08:27:49 PM     0    143767      1.00      0.00  kworker/8:0-mm_percpu_wq
08:27:49 PM     0    146022      3.00      0.00  kworker/11:1-events
08:27:49 PM     0    147677      2.00      0.00  kworker/10:1-mm_percpu_wq
08:27:49 PM     0    152246      3.00      0.00  kworker/7:2-events
08:27:49 PM     0    154179      2.00      0.00  kworker/2:2-events
08:27:49 PM     0    155772      4.00      0.00  kworker/0:1-events
08:27:49 PM     0    156121      2.00      0.00  kworker/1:1-mm_percpu_wq
08:27:49 PM     0    156170      2.00      0.00  kworker/u24:3-edac-poller
08:27:49 PM     0    156781      1.00      0.00  iostat
08:27:49 PM     0    156782      1.00      0.00  pidstat
08:27:49 PM     0    156783      5.00      0.00  bash
08:27:49 PM     0    156784      7.00      0.00  bash
08:27:49 PM     0    156785      1.00      0.00  bash
08:27:49 PM     0    156787     99.00      0.00  fio
08:27:49 PM     0    156912      1.00      1.00  sleep
08:27:49 PM     0    156922      1.00      1.00  sleep
08:27:49 PM     0    156924      1.00      0.00  sleep

08:27:49 PM   UID       PID   cswch/s nvcswch/s  Command
08:27:50 PM     0        16      2.00      0.00  ksoftirqd/0
08:27:50 PM     0        17     21.00      0.00  rcu_preempt
08:27:50 PM     0        18      2.00      0.00  migration/0
08:27:50 PM     0        23      1.00      0.00  migration/1
08:27:50 PM     0        24      2.00      0.00  ksoftirqd/1
08:27:50 PM     0        29      1.00      0.00  migration/2
08:27:50 PM     0        30      2.00      0.00  ksoftirqd/2
08:27:50 PM     0        35      1.00      0.00  migration/3
08:27:50 PM     0        36      4.00      0.00  ksoftirqd/3
08:27:50 PM     0        41      1.00      0.00  migration/4
08:27:50 PM     0        47      2.00      0.00  migration/5
08:27:50 PM     0        48      1.00      0.00  ksoftirqd/5
08:27:50 PM     0        53      2.00      0.00  migration/6
08:27:50 PM     0        54      3.00      1.00  ksoftirqd/6
08:27:50 PM     0        59      1.00      0.00  migration/7
08:27:50 PM     0        65      2.00      0.00  migration/8
08:27:50 PM     0        66      2.00      0.00  ksoftirqd/8
08:27:50 PM     0        71      1.00      0.00  migration/9
08:27:50 PM     0        72      1.00      0.00  ksoftirqd/9
08:27:50 PM     0        77      3.00      0.00  migration/10
08:27:50 PM     0        83      1.00      0.00  migration/11
08:27:50 PM     0        84      2.00      0.00  ksoftirqd/11
08:27:50 PM     0        95      2.00      0.00  kcompactd0
08:27:50 PM     0       113      1.00      0.00  kworker/5:1H-kblockd
08:27:50 PM     0       172      1.00      0.00  kworker/3:1H-kblockd
08:27:50 PM     0       453      2.00      0.00  multipathd
08:27:50 PM     0     93573      3.00      0.00  kworker/5:1-events
08:27:50 PM     0     98256      1.00      0.00  kworker/u24:2-ext4-rsv-conversion
08:27:50 PM     0    112707      4.00      0.00  kworker/3:0-events
08:27:50 PM     0    118120      3.00      0.00  kworker/9:2-events
08:27:50 PM     0    123430      4.00      0.00  kworker/6:0-events
08:27:50 PM     0    133744      4.00      0.00  kworker/4:1-events
08:27:50 PM     0    143767      2.00      0.00  kworker/8:0-events
08:27:50 PM     0    146022      3.00      0.00  kworker/11:1-events
08:27:50 PM     0    147677      2.00      0.00  kworker/10:1-events
08:27:50 PM     0    152246      6.00      0.00  kworker/7:2-events
08:27:50 PM     0    154179      2.00      0.00  kworker/2:2-events
08:27:50 PM     0    155772      3.00      0.00  kworker/0:1-events
08:27:50 PM     0    156121      5.00      0.00  kworker/1:1-events
08:27:50 PM     0    156170      6.00      0.00  kworker/u24:3-edac-poller
08:27:50 PM     0    156781      1.00      0.00  iostat
08:27:50 PM     0    156782      1.00      0.00  pidstat
08:27:50 PM     0    156783      5.00      0.00  bash
08:27:50 PM     0    156784      7.00      0.00  bash
08:27:50 PM     0    156785      4.00      0.00  bash
08:27:50 PM     0    156787     99.00      0.00  fio
08:27:50 PM     0    156927      1.00      0.00  sleep
08:27:50 PM     0    156938      1.00      0.00  sleep
08:27:50 PM     0    156939      1.00      0.00  sleep

08:27:50 PM   UID       PID   cswch/s nvcswch/s  Command
08:27:51 PM     0        16      4.00      0.00  ksoftirqd/0
08:27:51 PM     0        17     25.00      0.00  rcu_preempt
08:27:51 PM     0        18      1.00      0.00  migration/0
08:27:51 PM     0        24      1.00      0.00  ksoftirqd/1
08:27:51 PM     0        29      1.00      0.00  migration/2
08:27:51 PM     0        30      2.00      0.00  ksoftirqd/2
08:27:51 PM     0        36      1.00      0.00  ksoftirqd/3
08:27:51 PM     0        41      1.00      0.00  migration/4
08:27:51 PM     0        42      6.00      0.00  ksoftirqd/4
08:27:51 PM     0        48      2.00      0.00  ksoftirqd/5
08:27:51 PM     0        53      1.00      0.00  migration/6
08:27:51 PM     0        54      2.00      0.00  ksoftirqd/6
08:27:51 PM     0        60      1.00      0.00  ksoftirqd/7
08:27:51 PM     0        66      2.00      0.00  ksoftirqd/8
08:27:51 PM     0        71      2.00      0.00  migration/9
08:27:51 PM     0        72      2.00      0.00  ksoftirqd/9
08:27:51 PM     0        77      1.00      0.00  migration/10
08:27:51 PM     0        78      1.00      0.00  ksoftirqd/10
08:27:51 PM     0        83      1.00      0.00  migration/11
08:27:51 PM     0        84      1.00      0.00  ksoftirqd/11
08:27:51 PM     0        95      2.00      0.00  kcompactd0
08:27:51 PM     0       453      2.00      0.00  multipathd
08:27:51 PM     0     93573      1.00      0.00  kworker/5:1-mm_percpu_wq
08:27:51 PM     0    112707      3.00      0.00  kworker/3:0-mm_percpu_wq
08:27:51 PM     0    118120      3.00      0.00  kworker/9:2-events
08:27:51 PM     0    123430      6.00      0.00  kworker/6:0-events
08:27:51 PM     0    133744      2.00      0.00  kworker/4:1-events
08:27:51 PM     0    143767      1.00      0.00  kworker/8:0-mm_percpu_wq
08:27:51 PM     0    146022      3.00      0.00  kworker/11:1-events
08:27:51 PM     0    147677      1.00      0.00  kworker/10:1-mm_percpu_wq
08:27:51 PM     0    152246      2.00      0.00  kworker/7:2-mm_percpu_wq
08:27:51 PM     0    154179      2.00      0.00  kworker/2:2-mm_percpu_wq
08:27:51 PM     0    155772      3.00      0.00  kworker/0:1-events
08:27:51 PM     0    156121      6.00      0.00  kworker/1:1-events
08:27:51 PM     0    156170      2.00      0.00  kworker/u24:3-edac-poller
08:27:51 PM     0    156781      1.00      0.00  iostat
08:27:51 PM     0    156782      1.00      0.00  pidstat
08:27:51 PM     0    156783      5.00      0.00  bash
08:27:51 PM     0    156784      8.00      0.00  bash
08:27:51 PM     0    156785      4.00      0.00  bash
08:27:51 PM     0    156787    100.00      0.00  fio
08:27:51 PM     0    156942      1.00      0.00  sleep
08:27:51 PM     0    156952      1.00      0.00  sleep
08:27:51 PM     0    156954      1.00      0.00  sleep

08:27:51 PM   UID       PID   cswch/s nvcswch/s  Command
08:27:52 PM     0        16      3.00      0.00  ksoftirqd/0
08:27:52 PM     0        17     24.00      0.00  rcu_preempt
08:27:52 PM     0        18      1.00      0.00  migration/0
08:27:52 PM     0        23      1.00      0.00  migration/1
08:27:52 PM     0        30      2.00      0.00  ksoftirqd/2
08:27:52 PM     0        41      1.00      0.00  migration/4
08:27:52 PM     0        42      1.00      0.00  ksoftirqd/4
08:27:52 PM     0        48      4.00      0.00  ksoftirqd/5
08:27:52 PM     0        54      2.00      0.00  ksoftirqd/6
08:27:52 PM     0        60      2.00      0.00  ksoftirqd/7
08:27:52 PM     0        66      1.00      0.00  ksoftirqd/8
08:27:52 PM     0        72      2.00      0.00  ksoftirqd/9
08:27:52 PM     0        77      1.00      0.00  migration/10
08:27:52 PM     0        78      2.00      0.00  ksoftirqd/10
08:27:52 PM     0        84      6.00      0.00  ksoftirqd/11
08:27:52 PM     0        95      2.00      0.00  kcompactd0
08:27:52 PM     0       189      1.00      0.00  kworker/4:1H-kblockd
08:27:52 PM     0       453      2.00      0.00  multipathd
08:27:52 PM     0     93573      4.00      0.00  kworker/5:1-events
08:27:52 PM     0    112707      3.00      0.00  kworker/3:0-events
08:27:52 PM     0    118120      2.00      0.00  kworker/9:2-events
08:27:52 PM     0    123430      4.00      0.00  kworker/6:0-events
08:27:52 PM     0    133744      2.00      0.00  kworker/4:1-events
08:27:52 PM     0    143767      1.00      0.00  kworker/8:0-mm_percpu_wq
08:27:52 PM     0    146022      2.00      0.00  kworker/11:1-events
08:27:52 PM     0    147677      3.00      0.00  kworker/10:1-mm_percpu_wq
08:27:52 PM     0    152246      3.00      0.00  kworker/7:2-events
08:27:52 PM     0    154179      3.00      0.00  kworker/2:2-events
08:27:52 PM     0    155772      2.00      0.00  kworker/0:1-events
08:27:52 PM     0    156121      2.00      0.00  kworker/1:1-events
08:27:52 PM     0    156170      2.00      0.00  kworker/u24:3-edac-poller
08:27:52 PM     0    156781      1.00      0.00  iostat
08:27:52 PM     0    156782      1.00      0.00  pidstat
08:27:52 PM     0    156783      5.00      0.00  bash
08:27:52 PM     0    156784      8.00      0.00  bash
08:27:52 PM     0    156785      4.00      0.00  bash
08:27:52 PM     0    156787     99.00      0.00  fio
08:27:52 PM     0    156957      1.00      0.00  sleep
08:27:52 PM     0    156968      1.00      1.00  sleep
08:27:52 PM     0    156969      1.00      0.00  sleep

08:27:52 PM   UID       PID   cswch/s nvcswch/s  Command
08:27:53 PM     0        16      3.00      0.00  ksoftirqd/0
08:27:53 PM     0        17     19.00      0.00  rcu_preempt
08:27:53 PM     0        18      1.00      0.00  migration/0
08:27:53 PM     0        24      2.00      0.00  ksoftirqd/1
08:27:53 PM     0        30      4.00      0.00  ksoftirqd/2
08:27:53 PM     0        35      1.00      0.00  migration/3
08:27:53 PM     0        36      1.00      0.00  ksoftirqd/3
08:27:53 PM     0        41      1.00      0.00  migration/4
08:27:53 PM     0        48      7.00      1.00  ksoftirqd/5
08:27:53 PM     0        54      4.00      0.00  ksoftirqd/6
08:27:53 PM     0        59      1.00      0.00  migration/7
08:27:53 PM     0        65      1.00      0.00  migration/8
08:27:53 PM     0        66      1.00      0.00  ksoftirqd/8
08:27:53 PM     0        72      2.00      0.00  ksoftirqd/9
08:27:53 PM     0        78      4.00      0.00  ksoftirqd/10
08:27:53 PM     0        84      2.00      0.00  ksoftirqd/11
08:27:53 PM     0        95      2.00      0.00  kcompactd0
08:27:53 PM     0       453      1.00      0.00  multipathd
08:27:53 PM     0     21554      1.00      0.00  packagekitd
08:27:53 PM     0     93573      2.00      0.00  kworker/5:1-mm_percpu_wq
08:27:53 PM     0     98256      1.00      0.00  kworker/u24:2-ext4-rsv-conversion
08:27:53 PM     0    112707      5.00      0.00  kworker/3:0-events
08:27:53 PM     0    118120      1.00      0.00  kworker/9:2-mm_percpu_wq
08:27:53 PM     0    123430      1.00      0.00  kworker/6:0-mm_percpu_wq
08:27:53 PM     0    133744      1.00      0.00  kworker/4:1-mm_percpu_wq
08:27:53 PM     0    143767      1.00      0.00  kworker/8:0-mm_percpu_wq
08:27:53 PM     0    146022      1.00      0.00  kworker/11:1-mm_percpu_wq
08:27:53 PM     0    147677      2.00      0.00  kworker/10:1-events
08:27:53 PM     0    152246      5.00      0.00  kworker/7:2-events
08:27:53 PM     0    154179      4.00      0.00  kworker/2:2-events
08:27:53 PM     0    155772      5.00      0.00  kworker/0:1-events
08:27:53 PM     0    156121      4.00      0.00  kworker/1:1-events
08:27:53 PM     0    156170      4.00      0.00  kworker/u24:3-events_power_efficient
08:27:53 PM     0    156781      1.00      0.00  iostat
08:27:53 PM     0    156782      1.00      0.00  pidstat
08:27:53 PM     0    156783      5.00      0.00  bash
08:27:53 PM     0    156784      7.00      0.00  bash
08:27:53 PM     0    156785      4.00      0.00  bash
08:27:53 PM     0    156787    100.00      0.00  fio
08:27:53 PM     0    156972      1.00      0.00  sleep
08:27:53 PM     0    156982      1.00      1.00  sleep
08:27:53 PM     0    156984      1.00      0.00  sleep

08:27:53 PM   UID       PID   cswch/s nvcswch/s  Command
08:27:54 PM     0        16      1.00      0.00  ksoftirqd/0
08:27:54 PM     0        17     19.00      0.00  rcu_preempt
08:27:54 PM     0        18      1.00      0.00  migration/0
08:27:54 PM     0        23      4.00      0.00  migration/1
08:27:54 PM     0        24      2.00      0.00  ksoftirqd/1
08:27:54 PM     0        29      1.00      0.00  migration/2
08:27:54 PM     0        30      3.00      0.00  ksoftirqd/2
08:27:54 PM     0        35      2.00      0.00  migration/3
08:27:54 PM     0        36      3.00      0.00  ksoftirqd/3
08:27:54 PM     0        41      1.00      0.00  migration/4
08:27:54 PM     0        42      3.00      0.00  ksoftirqd/4
08:27:54 PM     0        47      1.00      0.00  migration/5
08:27:54 PM     0        48      3.00      0.00  ksoftirqd/5
08:27:54 PM     0        53      1.00      0.00  migration/6
08:27:54 PM     0        54      3.00      0.00  ksoftirqd/6
08:27:54 PM     0        59      1.00      0.00  migration/7
08:27:54 PM     0        60      1.00      0.00  ksoftirqd/7
08:27:54 PM     0        65      1.00      0.00  migration/8
08:27:54 PM     0        66      5.00      0.00  ksoftirqd/8
08:27:54 PM     0        71      2.00      0.00  migration/9
08:27:54 PM     0        72      1.00      0.00  ksoftirqd/9
08:27:54 PM     0        77      1.00      0.00  migration/10
08:27:54 PM     0        78      2.00      0.00  ksoftirqd/10
08:27:54 PM     0        83      2.00      0.00  migration/11
08:27:54 PM     0        84      2.00      0.00  ksoftirqd/11
08:27:54 PM     0        95      2.00      0.00  kcompactd0
08:27:54 PM     0       453      2.00      0.00  multipathd
08:27:54 PM     0     93573      3.00      0.00  kworker/5:1-events
08:27:54 PM     0     98256      1.00      0.00  kworker/u24:2-events_power_efficient
08:27:54 PM     0    112707      3.00      0.00  kworker/3:0-events
08:27:54 PM     0    118120      1.00      0.00  kworker/9:2-mm_percpu_wq
08:27:54 PM     0    123430      2.00      0.00  kworker/6:0-events
08:27:54 PM     0    133744      1.00      0.00  kworker/4:1-mm_percpu_wq
08:27:54 PM     0    143767      4.00      0.00  kworker/8:0-events
08:27:54 PM     0    146022      3.00      0.00  kworker/11:1-events
08:27:54 PM     0    147677      1.00      0.00  kworker/10:1-mm_percpu_wq
08:27:54 PM     0    152246      4.00      0.00  kworker/7:2-events
08:27:54 PM     0    154179      3.00      0.00  kworker/2:2-events
08:27:54 PM     0    155772      3.00      0.00  kworker/0:1-events
08:27:54 PM     0    156121      6.00      0.00  kworker/1:1-events
08:27:54 PM     0    156170      2.00      0.00  kworker/u24:3-edac-poller
08:27:54 PM     0    156781      1.00      0.00  iostat
08:27:54 PM     0    156782      1.00      0.00  pidstat
08:27:54 PM     0    156783      5.00      0.00  bash
08:27:54 PM     0    156784      7.00      0.00  bash
08:27:54 PM     0    156785      4.00      0.00  bash
08:27:54 PM     0    156787     99.00      0.00  fio
08:27:54 PM     0    156987      1.00      0.00  sleep
08:27:54 PM     0    156998      1.00      0.00  sleep
08:27:54 PM     0    156999      1.00      0.00  sleep

08:27:54 PM   UID       PID   cswch/s nvcswch/s  Command
08:27:55 PM     0        16      3.00      0.00  ksoftirqd/0
08:27:55 PM     0        17     23.00      0.00  rcu_preempt
08:27:55 PM     0        24      3.00      0.00  ksoftirqd/1
08:27:55 PM     0        30      2.00      0.00  ksoftirqd/2
08:27:55 PM     0        36      2.00      0.00  ksoftirqd/3
08:27:55 PM     0        48      2.00      2.00  ksoftirqd/5
08:27:55 PM     0        54      1.00      0.00  ksoftirqd/6
08:27:55 PM     0        59      1.00      0.00  migration/7
08:27:55 PM     0        60      1.00      0.00  ksoftirqd/7
08:27:55 PM     0        66      1.00      0.00  ksoftirqd/8
08:27:55 PM     0        71      1.00      0.00  migration/9
08:27:55 PM     0        72      5.00      0.00  ksoftirqd/9
08:27:55 PM     0        84      2.00      0.00  ksoftirqd/11
08:27:55 PM     0        95      2.00      0.00  kcompactd0
08:27:55 PM     0       102      1.00      0.00  irq/9-acpi
08:27:55 PM     0       453      1.00      0.00  multipathd
08:27:55 PM     0       562      3.00      0.00  jbd2/nvme1n1p3-8
08:27:55 PM     0     93573      5.00      0.00  kworker/5:1-events
08:27:55 PM     0    112707      4.00      0.00  kworker/3:0-events
08:27:55 PM     0    118120      1.00      0.00  kworker/9:2-mm_percpu_wq
08:27:55 PM     0    123430      1.00      0.00  kworker/6:0-mm_percpu_wq
08:27:55 PM     0    133744      1.00      0.00  kworker/4:1-mm_percpu_wq
08:27:55 PM     0    140699      1.00      0.00  kworker/1:0-i915-unordered
08:27:55 PM     0    143767      5.00      0.00  kworker/8:0-events
08:27:55 PM     0    146022      2.00      0.00  kworker/11:1-events
08:27:55 PM     0    147677      2.00      0.00  kworker/10:1-events
08:27:55 PM     0    152246      7.00      0.00  kworker/7:2-events
08:27:55 PM     0    154179      3.00      0.00  kworker/2:2-events
08:27:55 PM     0    155772      5.00      0.00  kworker/0:1-kacpi_notify
08:27:55 PM     0    156121      9.00      0.00  kworker/1:1-pm
08:27:55 PM     0    156170      2.00      0.00  kworker/u24:3-edac-poller
08:27:55 PM     0    156781      1.00      0.00  iostat
08:27:55 PM     0    156782      1.00      0.00  pidstat
08:27:55 PM     0    156783      5.00      0.00  bash
08:27:55 PM     0    156784      8.00      0.00  bash
08:27:55 PM     0    156785      4.00      0.00  bash
08:27:55 PM     0    156787     99.00      0.00  fio
08:27:55 PM     0    157002      1.00      0.00  sleep
08:27:55 PM     0    157013      1.00      0.00  sleep
08:27:55 PM     0    157014      1.00      1.00  sleep

08:27:55 PM   UID       PID   cswch/s nvcswch/s  Command
08:27:56 PM     0        16      4.00      0.00  ksoftirqd/0
08:27:56 PM     0        17     20.00      0.00  rcu_preempt
08:27:56 PM     0        18      1.00      0.00  migration/0
08:27:56 PM     0        29      1.00      0.00  migration/2
08:27:56 PM     0        30      1.00      0.00  ksoftirqd/2
08:27:56 PM     0        36      1.00      0.00  ksoftirqd/3
08:27:56 PM     0        42      2.00      0.00  ksoftirqd/4
08:27:56 PM     0        48      2.00      0.00  ksoftirqd/5
08:27:56 PM     0        54      1.00      0.00  ksoftirqd/6
08:27:56 PM     0        65      2.00      0.00  migration/8
08:27:56 PM     0        66      2.00      0.00  ksoftirqd/8
08:27:56 PM     0        72      2.00      0.00  ksoftirqd/9
08:27:56 PM     0        78      4.00      0.00  ksoftirqd/10
08:27:56 PM     0        83      1.00      0.00  migration/11
08:27:56 PM     0        84      5.00      0.00  ksoftirqd/11
08:27:56 PM     0        90      1.00      0.00  khungtaskd
08:27:56 PM     0        95      2.00      0.00  kcompactd0
08:27:56 PM     0       113      1.00      0.00  kworker/5:1H-kblockd
08:27:56 PM     0       453      2.00      0.00  multipathd
08:27:56 PM     0     93573      1.00      0.00  kworker/5:1-mm_percpu_wq
08:27:56 PM     0    112707      2.00      0.00  kworker/3:0-events
08:27:56 PM     0    118120      2.00      0.00  kworker/9:2-events
08:27:56 PM     0    123430      4.00      0.00  kworker/6:0-events
08:27:56 PM     0    133744      1.00      0.00  kworker/4:1-mm_percpu_wq
08:27:56 PM     0    143767      4.00      0.00  kworker/8:0-events
08:27:56 PM     0    146022      3.00      0.00  kworker/11:1-events
08:27:56 PM     0    147677      2.00      0.00  kworker/10:1-events
08:27:56 PM     0    152246      6.00      0.00  kworker/7:2-events
08:27:56 PM     0    154179      2.00      0.00  kworker/2:2-events
08:27:56 PM     0    155772      2.00      0.00  kworker/0:1-events
08:27:56 PM     0    156121      4.00      0.00  kworker/1:1-events
08:27:56 PM     0    156170      4.00      0.00  kworker/u24:3-edac-poller
08:27:56 PM     0    156781      1.00      0.00  iostat
08:27:56 PM     0    156782      1.00      0.00  pidstat
08:27:56 PM     0    156783      5.00      0.00  bash
08:27:56 PM     0    156784      7.00      0.00  bash
08:27:56 PM     0    156785      4.00      0.00  bash
08:27:56 PM     0    156787    100.00      0.00  fio
08:27:56 PM     0    157017      1.00      0.00  sleep
08:27:56 PM     0    157027      1.00      1.00  sleep
08:27:56 PM     0    157029      2.00      1.00  sleep

08:27:56 PM   UID       PID   cswch/s nvcswch/s  Command
08:27:57 PM     0        16      3.00      0.00  ksoftirqd/0
08:27:57 PM     0        17     20.00      0.00  rcu_preempt
08:27:57 PM     0        24      2.00      0.00  ksoftirqd/1
08:27:57 PM     0        36      4.00      0.00  ksoftirqd/3
08:27:57 PM     0        42      2.00      0.00  ksoftirqd/4
08:27:57 PM     0        47      1.00      0.00  migration/5
08:27:57 PM     0        48      2.00      0.00  ksoftirqd/5
08:27:57 PM     0        54      1.00      0.00  ksoftirqd/6
08:27:57 PM     0        60      2.00      0.00  ksoftirqd/7
08:27:57 PM     0        72      3.00      0.00  ksoftirqd/9
08:27:57 PM     0        77      1.00      0.00  migration/10
08:27:57 PM     0        78      2.00      0.00  ksoftirqd/10
08:27:57 PM     0        83      1.00      0.00  migration/11
08:27:57 PM     0        84      4.00      0.00  ksoftirqd/11
08:27:57 PM     0        95      2.00      0.00  kcompactd0
08:27:57 PM     0       453      1.00      0.00  multipathd
08:27:57 PM     0     93573      2.00      0.00  kworker/5:1-events
08:27:57 PM     0    112707      3.00      0.00  kworker/3:0-events
08:27:57 PM     0    118120      2.00      0.00  kworker/9:2-events
08:27:57 PM     0    123430      2.00      0.00  kworker/6:0-events
08:27:57 PM     0    133744      2.00      0.00  kworker/4:1-events
08:27:57 PM     0    143767      2.00      0.00  kworker/8:0-events
08:27:57 PM     0    146022      1.00      0.00  kworker/11:1-mm_percpu_wq
08:27:57 PM     0    147677      3.00      0.00  kworker/10:1-events
08:27:57 PM     0    152246      5.00      0.00  kworker/7:2-events
08:27:57 PM     0    154179      3.00      0.00  kworker/2:2-events
08:27:57 PM     0    155772      3.00      0.00  kworker/0:1-events
08:27:57 PM     0    156121      5.00      0.00  kworker/1:1-events
08:27:57 PM     0    156170      2.00      0.00  kworker/u24:3-edac-poller
08:27:57 PM     0    156781      1.00      0.00  iostat
08:27:57 PM     0    156782      1.00      0.00  pidstat
08:27:57 PM     0    156783      5.00      0.00  bash
08:27:57 PM     0    156784      6.00      0.00  bash
08:27:57 PM     0    156785      4.00      0.00  bash
08:27:57 PM     0    156787     99.00      0.00  fio
08:27:57 PM     0    157032      1.00      0.00  sleep
08:27:57 PM     0    157043      1.00      0.00  sleep
08:27:57 PM     0    157044      1.00      0.00  sleep

08:27:57 PM   UID       PID   cswch/s nvcswch/s  Command
08:27:58 PM     0        16      2.00      0.00  ksoftirqd/0
08:27:58 PM     0        17     20.00      0.00  rcu_preempt
08:27:58 PM     0        18      2.00      0.00  migration/0
08:27:58 PM     0        23      1.00      0.00  migration/1
08:27:58 PM     0        24      2.00      0.00  ksoftirqd/1
08:27:58 PM     0        29      3.00      0.00  migration/2
08:27:58 PM     0        30      1.00      0.00  ksoftirqd/2
08:27:58 PM     0        35      1.00      0.00  migration/3
08:27:58 PM     0        36      1.00      0.00  ksoftirqd/3
08:27:58 PM     0        41      2.00      0.00  migration/4
08:27:58 PM     0        42      3.00      0.00  ksoftirqd/4
08:27:58 PM     0        47      2.00      0.00  migration/5
08:27:58 PM     0        53      2.00      0.00  migration/6
08:27:58 PM     0        54      5.00      0.00  ksoftirqd/6
08:27:58 PM     0        59      2.00      0.00  migration/7
08:27:58 PM     0        60      4.00      0.00  ksoftirqd/7
08:27:58 PM     0        65      2.00      0.00  migration/8
08:27:58 PM     0        66      4.00      0.00  ksoftirqd/8
08:27:58 PM     0        71      1.00      0.00  migration/9
08:27:58 PM     0        72      4.00      0.00  ksoftirqd/9
08:27:58 PM     0        77      2.00      0.00  migration/10
08:27:58 PM     0        78      1.00      0.00  ksoftirqd/10
08:27:58 PM     0        83      3.00      0.00  migration/11
08:27:58 PM     0        84      1.00      0.00  ksoftirqd/11
08:27:58 PM     0        95      2.00      0.00  kcompactd0
08:27:58 PM     0       194      1.00      0.00  kworker/8:1H-kblockd
08:27:58 PM     0       453      2.00      0.00  multipathd
08:27:58 PM     0     93573      1.00      0.00  kworker/5:1-mm_percpu_wq
08:27:58 PM     0    112707      3.00      0.00  kworker/3:0-events
08:27:58 PM     0    118120      2.00      0.00  kworker/9:2-events
08:27:58 PM     0    123430      2.00      0.00  kworker/6:0-events
08:27:58 PM     0    133744      2.00      0.00  kworker/4:1-events
08:27:58 PM     0    143767      1.00      0.00  kworker/8:0-mm_percpu_wq
08:27:58 PM     0    146022      3.00      0.00  kworker/11:1-events
08:27:58 PM     0    147677      3.00      0.00  kworker/10:1-events
08:27:58 PM     0    152246      4.00      0.00  kworker/7:2-events
08:27:58 PM     0    154179      1.00      0.00  kworker/2:2-mm_percpu_wq
08:27:58 PM     0    155772      3.00      0.00  kworker/0:1-events
08:27:58 PM     0    156121      3.00      0.00  kworker/1:1-events
08:27:58 PM     0    156170      2.00      0.00  kworker/u24:3-edac-poller
08:27:58 PM     0    156781      1.00      0.00  iostat
08:27:58 PM     0    156782      1.00      0.00  pidstat
08:27:58 PM     0    156783      5.00      0.00  bash
08:27:58 PM     0    156784      6.00      0.00  bash
08:27:58 PM     0    156785      4.00      0.00  bash
08:27:58 PM     0    156787    100.00      0.00  fio
08:27:58 PM     0    157047      1.00      1.00  sleep
08:27:58 PM     0    157057      1.00      1.00  sleep
08:27:58 PM     0    157059      1.00      0.00  sleep

08:27:58 PM   UID       PID   cswch/s nvcswch/s  Command
08:27:59 PM     0        16      2.00      0.00  ksoftirqd/0
08:27:59 PM     0        17     20.00      0.00  rcu_preempt
08:27:59 PM     0        18      2.00      0.00  migration/0
08:27:59 PM     0        24      5.00      0.00  ksoftirqd/1
08:27:59 PM     0        29      2.00      0.00  migration/2
08:27:59 PM     0        30      1.00      0.00  ksoftirqd/2
08:27:59 PM     0        35      2.00      0.00  migration/3
08:27:59 PM     0        36      1.00      0.00  ksoftirqd/3
08:27:59 PM     0        42      3.00      0.00  ksoftirqd/4
08:27:59 PM     0        48      1.00      0.00  ksoftirqd/5
08:27:59 PM     0        54      4.00      0.00  ksoftirqd/6
08:27:59 PM     0        60      2.00      0.00  ksoftirqd/7
08:27:59 PM     0        71      1.00      0.00  migration/9
08:27:59 PM     0        72      3.00      0.00  ksoftirqd/9
08:27:59 PM     0        77      1.00      0.00  migration/10
08:27:59 PM     0        78      5.00      0.00  ksoftirqd/10
08:27:59 PM     0        84      1.00      0.00  ksoftirqd/11
08:27:59 PM     0        95      2.00      0.00  kcompactd0
08:27:59 PM     0       453      2.00      0.00  multipathd
08:27:59 PM     0     93573      3.00      0.00  kworker/5:1-events
08:27:59 PM     0     98256      2.00      0.00  kworker/u24:2-edac-poller
08:27:59 PM     0    112707      1.00      0.00  kworker/3:0-mm_percpu_wq
08:27:59 PM     0    118120      1.00      0.00  kworker/9:2-mm_percpu_wq
08:27:59 PM     0    123430      2.00      0.00  kworker/6:0-events
08:27:59 PM     0    133744      1.00      0.00  kworker/4:1-mm_percpu_wq
08:27:59 PM     0    143767      2.00      0.00  kworker/8:0-events
08:27:59 PM     0    146022      1.00      0.00  kworker/11:1-mm_percpu_wq
08:27:59 PM     0    147677      2.00      0.00  kworker/10:1-events
08:27:59 PM     0    152246      4.00      0.00  kworker/7:2-events
08:27:59 PM     0    154179      4.00      0.00  kworker/2:2-events
08:27:59 PM     0    155772      6.00      0.00  kworker/0:1-events
08:27:59 PM     0    156121      6.00      0.00  kworker/1:1-events
08:27:59 PM     0    156170      2.00      0.00  kworker/u24:3-events_power_efficient
08:27:59 PM     0    156781      1.00      0.00  iostat
08:27:59 PM     0    156782      1.00      0.00  pidstat
08:27:59 PM     0    156783      5.00      0.00  bash
08:27:59 PM     0    156784      7.00      0.00  bash
08:27:59 PM     0    156785      4.00      0.00  bash
08:27:59 PM     0    156787     99.00      0.00  fio
08:27:59 PM     0    157062      1.00      1.00  sleep
08:27:59 PM     0    157072      1.00      1.00  sleep
08:27:59 PM     0    157074      1.00      0.00  sleep

08:27:59 PM   UID       PID   cswch/s nvcswch/s  Command
08:28:00 PM     0        16      1.00      0.00  ksoftirqd/0
08:28:00 PM     0        17     17.00      0.00  rcu_preempt
08:28:00 PM     0        29      1.00      0.00  migration/2
08:28:00 PM     0        30      1.00      0.00  ksoftirqd/2
08:28:00 PM     0        36      2.00      0.00  ksoftirqd/3
08:28:00 PM     0        42      2.00      0.00  ksoftirqd/4
08:28:00 PM     0        47      1.00      0.00  migration/5
08:28:00 PM     0        48      4.00      0.00  ksoftirqd/5
08:28:00 PM     0        54      4.00      0.00  ksoftirqd/6
08:28:00 PM     0        60      2.00      0.00  ksoftirqd/7
08:28:00 PM     0        66      4.00      0.00  ksoftirqd/8
08:28:00 PM     0        72      2.00      0.00  ksoftirqd/9
08:28:00 PM     0        77      1.00      0.00  migration/10
08:28:00 PM     0        78      2.00      0.00  ksoftirqd/10
08:28:00 PM     0        84      2.00      0.00  ksoftirqd/11
08:28:00 PM     0        95      2.00      0.00  kcompactd0
08:28:00 PM     0       453      2.00      0.00  multipathd
08:28:00 PM     0       562      3.00      0.00  jbd2/nvme1n1p3-8
08:28:00 PM     0     93573      2.00      0.00  kworker/5:1-mm_percpu_wq
08:28:00 PM     0     98256      1.00      0.00  kworker/u24:2-edac-poller
08:28:00 PM     0    112707      5.00      0.00  kworker/3:0-events
08:28:00 PM     0    118120      1.00      0.00  kworker/9:2-mm_percpu_wq
08:28:00 PM     0    123430      3.00      0.00  kworker/6:0-events
08:28:00 PM     0    133744      2.00      0.00  kworker/4:1-events
08:28:00 PM     0    143767      2.00      0.00  kworker/8:0-mm_percpu_wq
08:28:00 PM     0    146022      1.00      0.00  kworker/11:1-mm_percpu_wq
08:28:00 PM     0    147677      2.00      0.00  kworker/10:1-events
08:28:00 PM     0    152246      4.00      0.00  kworker/7:2-events
08:28:00 PM     0    154179      3.00      0.00  kworker/2:2-events
08:28:00 PM     0    155772      2.00      0.00  kworker/0:1-events
08:28:00 PM     0    156121      3.00      0.00  kworker/1:1-events
08:28:00 PM     0    156781      1.00      0.00  iostat
08:28:00 PM     0    156782      1.00      0.00  pidstat
08:28:00 PM     0    156783      5.00      0.00  bash
08:28:00 PM     0    156784      6.00      0.00  bash
08:28:00 PM     0    156785      4.00      0.00  bash
08:28:00 PM     0    156787    100.00      0.00  fio
08:28:00 PM     0    157077      1.00      0.00  sleep
08:28:00 PM     0    157088      1.00      0.00  sleep
08:28:00 PM     0    157089      1.00      0.00  sleep

08:28:00 PM   UID       PID   cswch/s nvcswch/s  Command
08:28:01 PM     0        16      1.00      0.00  ksoftirqd/0
08:28:01 PM     0        17     18.00      0.00  rcu_preempt
08:28:01 PM     0        18      1.00      0.00  migration/0
08:28:01 PM     0        24      1.00      0.00  ksoftirqd/1
08:28:01 PM     0        29      1.00      0.00  migration/2
08:28:01 PM     0        30      5.00      0.00  ksoftirqd/2
08:28:01 PM     0        36      1.00      0.00  ksoftirqd/3
08:28:01 PM     0        41      1.00      0.00  migration/4
08:28:01 PM     0        42      1.00      0.00  ksoftirqd/4
08:28:01 PM     0        48      5.00      0.00  ksoftirqd/5
08:28:01 PM     0        54      4.00      0.00  ksoftirqd/6
08:28:01 PM     0        60      1.00      0.00  ksoftirqd/7
08:28:01 PM     0        66      3.00      0.00  ksoftirqd/8
08:28:01 PM     0        72      5.00      0.00  ksoftirqd/9
08:28:01 PM     0        77      1.00      0.00  migration/10
08:28:01 PM     0        78      4.00      0.00  ksoftirqd/10
08:28:01 PM     0        83      1.00      0.00  migration/11
08:28:01 PM     0        84      1.00      0.00  ksoftirqd/11
08:28:01 PM     0        95      2.00      0.00  kcompactd0
08:28:01 PM     0       453      2.00      0.00  multipathd
08:28:01 PM     0       769      3.00      0.00  cron
08:28:01 PM     0     93573      1.00      0.00  kworker/5:1-mm_percpu_wq
08:28:01 PM     0     98256      2.00      0.00  kworker/u24:2-edac-poller
08:28:01 PM     0    112707      4.00      0.00  kworker/3:0-events
08:28:01 PM     0    118120      4.00      0.00  kworker/9:2-events
08:28:01 PM     0    123430      4.00      0.00  kworker/6:0-events
08:28:01 PM     0    133744      2.00      0.00  kworker/4:1-events
08:28:01 PM     0    143767      1.00      0.00  kworker/8:0-mm_percpu_wq
08:28:01 PM     0    146022      3.00      0.00  kworker/11:1-events
08:28:01 PM     0    147677      3.00      0.00  kworker/10:1-events
08:28:01 PM     0    152246      3.00      0.00  kworker/7:2-events
08:28:01 PM     0    154179      3.00      0.00  kworker/2:2-events
08:28:01 PM     0    155772      1.00      0.00  kworker/0:1-events
08:28:01 PM     0    156121      5.00      0.00  kworker/1:1-events
08:28:01 PM     0    156781      1.00      0.00  iostat
08:28:01 PM     0    156782      1.00      0.00  pidstat
08:28:01 PM     0    156783      5.00      0.00  bash
08:28:01 PM     0    156784      7.00      0.00  bash
08:28:01 PM     0    156785      4.00      0.00  bash
08:28:01 PM     0    156787     99.00      0.00  fio
08:28:01 PM     0    157092      1.00      0.00  sleep
08:28:01 PM     0    157103      1.00      0.00  sleep
08:28:01 PM     0    157104      1.00      0.00  sleep

08:28:01 PM   UID       PID   cswch/s nvcswch/s  Command
08:28:02 PM     0        16      3.00      0.00  ksoftirqd/0
08:28:02 PM     0        17     21.00      0.00  rcu_preempt
08:28:02 PM     0        18      1.00      0.00  migration/0
08:28:02 PM     0        23      1.00      0.00  migration/1
08:28:02 PM     0        24      5.00      0.00  ksoftirqd/1
08:28:02 PM     0        29      1.00      0.00  migration/2
08:28:02 PM     0        30      2.00      0.00  ksoftirqd/2
08:28:02 PM     0        35      1.00      0.00  migration/3
08:28:02 PM     0        36      5.00      0.00  ksoftirqd/3
08:28:02 PM     0        41      1.00      0.00  migration/4
08:28:02 PM     0        42      5.00      0.00  ksoftirqd/4
08:28:02 PM     0        47      1.00      0.00  migration/5
08:28:02 PM     0        48      1.00      0.00  ksoftirqd/5
08:28:02 PM     0        53      1.00      0.00  migration/6
08:28:02 PM     0        59      1.00      0.00  migration/7
08:28:02 PM     0        60      1.00      0.00  ksoftirqd/7
08:28:02 PM     0        65      1.00      0.00  migration/8
08:28:02 PM     0        66      1.00      0.00  ksoftirqd/8
08:28:02 PM     0        71      2.00      0.00  migration/9
08:28:02 PM     0        72      1.00      0.00  ksoftirqd/9
08:28:02 PM     0        77      1.00      0.00  migration/10
08:28:02 PM     0        78      2.00      0.00  ksoftirqd/10
08:28:02 PM     0        83      1.00      0.00  migration/11
08:28:02 PM     0        84      3.00      0.00  ksoftirqd/11
08:28:02 PM     0        95      2.00      0.00  kcompactd0
08:28:02 PM     0       113      2.00      0.00  kworker/5:1H-kblockd
08:28:02 PM     0       453      2.00      0.00  multipathd
08:28:02 PM     0     93573      1.00      0.00  kworker/5:1-mm_percpu_wq
08:28:02 PM     0     98256      4.00      0.00  kworker/u24:2-edac-poller
08:28:02 PM     0    112707      2.00      0.00  kworker/3:0-events
08:28:02 PM     0    118120      2.00      0.00  kworker/9:2-events
08:28:02 PM     0    123430      2.00      0.00  kworker/6:0-events
08:28:02 PM     0    133744      4.00      0.00  kworker/4:1-events
08:28:02 PM     0    143767      2.00      0.00  kworker/8:0-events
08:28:02 PM     0    146022      1.00      0.00  kworker/11:1-mm_percpu_wq
08:28:02 PM     0    147677      4.00      0.00  kworker/10:1-events
08:28:02 PM     0    152246      4.00      0.00  kworker/7:2-events
08:28:02 PM     0    154179      4.00      0.00  kworker/2:2-events
08:28:02 PM     0    155772      2.00      0.00  kworker/0:1-mm_percpu_wq
08:28:02 PM     0    156121      1.00      0.00  kworker/1:1-mm_percpu_wq
08:28:02 PM     0    156170      1.00      0.00  kworker/u24:3-ext4-rsv-conversion
08:28:02 PM     0    156781      1.00      0.00  iostat
08:28:02 PM     0    156782      1.00      0.00  pidstat
08:28:02 PM     0    156783      5.00      0.00  bash
08:28:02 PM     0    156784      7.00      0.00  bash
08:28:02 PM     0    156785      4.00      0.00  bash
08:28:02 PM     0    156787     99.00      0.00  fio
08:28:02 PM     0    157107      1.00      0.00  sleep
08:28:02 PM     0    157117      1.00      0.00  sleep
08:28:02 PM     0    157119      1.00      0.00  sleep

08:28:02 PM   UID       PID   cswch/s nvcswch/s  Command
08:28:03 PM     0        16      5.00      0.00  ksoftirqd/0
08:28:03 PM     0        17     20.00      0.00  rcu_preempt
08:28:03 PM     0        23      1.00      0.00  migration/1
08:28:03 PM     0        24      4.00      0.00  ksoftirqd/1
08:28:03 PM     0        35      2.00      0.00  migration/3
08:28:03 PM     0        36      3.00      0.00  ksoftirqd/3
08:28:03 PM     0        42      3.00      0.00  ksoftirqd/4
08:28:03 PM     0        47      1.00      0.00  migration/5
08:28:03 PM     0        48      3.00      0.00  ksoftirqd/5
08:28:03 PM     0        53      1.00      0.00  migration/6
08:28:03 PM     0        54      3.00      0.00  ksoftirqd/6
08:28:03 PM     0        59      1.00      0.00  migration/7
08:28:03 PM     0        66      4.00      0.00  ksoftirqd/8
08:28:03 PM     0        72      1.00      0.00  ksoftirqd/9
08:28:03 PM     0        78      3.00      0.00  ksoftirqd/10
08:28:03 PM     0        84      3.00      0.00  ksoftirqd/11
08:28:03 PM     0        95      2.00      0.00  kcompactd0
08:28:03 PM     0       453      2.00      0.00  multipathd
08:28:03 PM     0     21554      1.00      0.00  packagekitd
08:28:03 PM     0     93573      1.00      0.00  kworker/5:1-mm_percpu_wq
08:28:03 PM     0     98256      3.00      0.00  kworker/u24:2-edac-poller
08:28:03 PM     0    112707      3.00      0.00  kworker/3:0-events
08:28:03 PM     0    118120      1.00      0.00  kworker/9:2-mm_percpu_wq
08:28:03 PM     0    123430      2.00      0.00  kworker/6:0-events
08:28:03 PM     0    133744      2.00      0.00  kworker/4:1-events
08:28:03 PM     0    143767      2.00      0.00  kworker/8:0-events
08:28:03 PM     0    146022      4.00      0.00  kworker/11:1-events
08:28:03 PM     0    147677      2.00      0.00  kworker/10:1-events
08:28:03 PM     0    152246      5.00      0.00  kworker/7:2-events
08:28:03 PM     0    154179      1.00      0.00  kworker/2:2-mm_percpu_wq
08:28:03 PM     0    155772      2.00      0.00  kworker/0:1-events
08:28:03 PM     0    156121      5.00      0.00  kworker/1:1-events
08:28:03 PM     0    156781      1.00      0.00  iostat
08:28:03 PM     0    156782      1.00      0.00  pidstat
08:28:03 PM     0    156783      5.00      0.00  bash
08:28:03 PM     0    156784      7.00      0.00  bash
08:28:03 PM     0    156785      4.00      0.00  bash
08:28:03 PM     0    156787    100.00      0.00  fio
08:28:03 PM     0    157122      1.00      0.00  sleep
08:28:03 PM     0    157133      1.00      1.00  sleep
08:28:03 PM     0    157134      1.00      1.00  sleep

08:28:03 PM   UID       PID   cswch/s nvcswch/s  Command
08:28:04 PM     0        16      3.00      0.00  ksoftirqd/0
08:28:04 PM     0        17     22.00      0.00  rcu_preempt
08:28:04 PM     0        18      1.00      0.00  migration/0
08:28:04 PM     0        24      2.00      0.00  ksoftirqd/1
08:28:04 PM     0        36      2.00      0.00  ksoftirqd/3
08:28:04 PM     0        42      1.00      0.00  ksoftirqd/4
08:28:04 PM     0        47      1.00      0.00  migration/5
08:28:04 PM     0        48      1.00      0.00  ksoftirqd/5
08:28:04 PM     0        53      1.00      0.00  migration/6
08:28:04 PM     0        54      1.00      1.00  ksoftirqd/6
08:28:04 PM     0        60      1.00      0.00  ksoftirqd/7
08:28:04 PM     0        66      3.00      0.00  ksoftirqd/8
08:28:04 PM     0        72      1.00      0.00  ksoftirqd/9
08:28:04 PM     0        78      2.00      0.00  ksoftirqd/10
08:28:04 PM     0        83      1.00      0.00  migration/11
08:28:04 PM     0        84      5.00      0.00  ksoftirqd/11
08:28:04 PM     0        95      2.00      0.00  kcompactd0
08:28:04 PM     0       453      2.00      0.00  multipathd
08:28:04 PM     0     93573      1.00      0.00  kworker/5:1-mm_percpu_wq
08:28:04 PM     0     98256      1.00      0.00  kworker/u24:2-events_power_efficient
08:28:04 PM     0    112707      3.00      0.00  kworker/3:0-events
08:28:04 PM     0    118120      3.00      0.00  kworker/9:2-events
08:28:04 PM     0    123430      4.00      0.00  kworker/6:0-events
08:28:04 PM     0    133744      4.00      0.00  kworker/4:1-events
08:28:04 PM     0    143767      3.00      0.00  kworker/8:0-events
08:28:04 PM     0    146022      2.00      0.00  kworker/11:1-events
08:28:04 PM     0    147677      1.00      0.00  kworker/10:1-mm_percpu_wq
08:28:04 PM     0    152246      6.00      0.00  kworker/7:2-events
08:28:04 PM     0    154179      4.00      0.00  kworker/2:2-events
08:28:04 PM     0    155772      2.00      0.00  kworker/0:1-events
08:28:04 PM     0    156121      3.00      0.00  kworker/1:1-events
08:28:04 PM     0    156170      2.00      0.00  kworker/u24:3-edac-poller
08:28:04 PM     0    156781      1.00      0.00  iostat
08:28:04 PM     0    156782      1.00      0.00  pidstat
08:28:04 PM     0    156783      5.00      0.00  bash
08:28:04 PM     0    156784      7.00      0.00  bash
08:28:04 PM     0    156785      4.00      0.00  bash
08:28:04 PM     0    156787     99.00      0.00  fio
08:28:04 PM     0    157137      1.00      1.00  sleep
08:28:04 PM     0    157148      1.00      1.00  sleep
08:28:04 PM     0    157149      1.00      0.00  sleep

08:28:04 PM   UID       PID   cswch/s nvcswch/s  Command
08:28:05 PM     0        16      1.00      0.00  ksoftirqd/0
08:28:05 PM     0        17     25.00      0.00  rcu_preempt
08:28:05 PM     0        24      2.00      0.00  ksoftirqd/1
08:28:05 PM     0        36      3.00      0.00  ksoftirqd/3
08:28:05 PM     0        42      3.00      0.00  ksoftirqd/4
08:28:05 PM     0        48      1.00      0.00  ksoftirqd/5
08:28:05 PM     0        53      1.00      0.00  migration/6
08:28:05 PM     0        54      3.00      0.00  ksoftirqd/6
08:28:05 PM     0        65      1.00      0.00  migration/8
08:28:05 PM     0        66      2.00      0.00  ksoftirqd/8
08:28:05 PM     0        72      1.00      0.00  ksoftirqd/9
08:28:05 PM     0        83      1.00      0.00  migration/11
08:28:05 PM     0        84      1.00      0.00  ksoftirqd/11
08:28:05 PM     0        95      2.00      0.00  kcompactd0
08:28:05 PM     0       102      1.00      0.00  irq/9-acpi
08:28:05 PM     0       193      1.00      0.00  kworker/9:1H-kblockd
08:28:05 PM     0       453      2.00      0.00  multipathd
08:28:05 PM     0       562      3.00      0.00  jbd2/nvme1n1p3-8
08:28:05 PM   101       608      1.00      0.00  systemd-network
08:28:05 PM     0     93573      1.00      0.00  kworker/5:1-mm_percpu_wq
08:28:05 PM     0    112707      6.00      0.00  kworker/3:0-events
08:28:05 PM     0    118120      1.00      0.00  kworker/9:2-mm_percpu_wq
08:28:05 PM     0    123430      2.00      0.00  kworker/6:0-events
08:28:05 PM     0    133744      1.00      0.00  kworker/4:1-mm_percpu_wq
08:28:05 PM     0    140699    119.00      0.00  kworker/1:0+i915-unordered
08:28:05 PM     0    143767      6.00      0.00  kworker/8:0-events
08:28:05 PM     0    146022      3.00      0.00  kworker/11:1-events
08:28:05 PM     0    147677      2.00      0.00  kworker/10:1-events
08:28:05 PM     0    152246      4.00      0.00  kworker/7:2-events
08:28:05 PM     0    154179      1.00      0.00  kworker/2:2-mm_percpu_wq
08:28:05 PM     0    155772      5.00      0.00  kworker/0:1-events
08:28:05 PM     0    156121   1142.00      2.00  kworker/1:1-events
08:28:05 PM     0    156170      2.00      0.00  kworker/u24:3-edac-poller
08:28:05 PM     0    156781      1.00      0.00  iostat
08:28:05 PM     0    156782      1.00      0.00  pidstat
08:28:05 PM     0    156783      5.00      0.00  bash
08:28:05 PM     0    156784      6.00      0.00  bash
08:28:05 PM     0    156785      4.00      0.00  bash
08:28:05 PM     0    156787    100.00      0.00  fio
08:28:05 PM     0    157152      1.00      0.00  sleep
08:28:05 PM     0    157162      1.00      0.00  sleep
08:28:05 PM     0    157164      1.00      0.00  sleep

08:28:05 PM   UID       PID   cswch/s nvcswch/s  Command
08:28:06 PM     0        16      4.00      0.00  ksoftirqd/0
08:28:06 PM     0        17     18.00      0.00  rcu_preempt
08:28:06 PM     0        18      1.00      0.00  migration/0
08:28:06 PM     0        23      1.00      0.00  migration/1
08:28:06 PM     0        24      2.00      0.00  ksoftirqd/1
08:28:06 PM     0        29      2.00      0.00  migration/2
08:28:06 PM     0        30      2.00      0.00  ksoftirqd/2
08:28:06 PM     0        35      3.00      0.00  migration/3
08:28:06 PM     0        36      6.00      0.00  ksoftirqd/3
08:28:06 PM     0        41      1.00      0.00  migration/4
08:28:06 PM     0        42      3.00      0.00  ksoftirqd/4
08:28:06 PM     0        47      1.00      0.00  migration/5
08:28:06 PM     0        48      1.00      0.00  ksoftirqd/5
08:28:06 PM     0        53      1.00      0.00  migration/6
08:28:06 PM     0        54      1.00      0.00  ksoftirqd/6
08:28:06 PM     0        59      2.00      0.00  migration/7
08:28:06 PM     0        65      1.00      0.00  migration/8
08:28:06 PM     0        66      5.00      0.00  ksoftirqd/8
08:28:06 PM     0        71      2.00      0.00  migration/9
08:28:06 PM     0        72      1.00      0.00  ksoftirqd/9
08:28:06 PM     0        77      1.00      0.00  migration/10
08:28:06 PM     0        78      4.00      0.00  ksoftirqd/10
08:28:06 PM     0        83      3.00      0.00  migration/11
08:28:06 PM     0        84      2.00      0.00  ksoftirqd/11
08:28:06 PM     0        95      2.00      0.00  kcompactd0
08:28:06 PM     0       453      1.00      0.00  multipathd
08:28:06 PM     0     93573      5.00      0.00  kworker/5:1-events
08:28:06 PM     0    112707      2.00      0.00  kworker/3:0-events
08:28:06 PM     0    118120      2.00      0.00  kworker/9:2-events
08:28:06 PM     0    123430      4.00      0.00  kworker/6:0-events
08:28:06 PM     0    133744      2.00      0.00  kworker/4:1-events
08:28:06 PM     0    140699   1017.00      0.00  kworker/1:0-events
08:28:06 PM     0    143767      3.00      0.00  kworker/8:0-events
08:28:06 PM     0    146022      2.00      0.00  kworker/11:1-events
08:28:06 PM     0    147677      1.00      0.00  kworker/10:1-mm_percpu_wq
08:28:06 PM     0    152246      4.00      0.00  kworker/7:2-events
08:28:06 PM     0    154179      2.00      0.00  kworker/2:2-events
08:28:06 PM     0    155772      3.00      0.00  kworker/0:1-events
08:28:06 PM     0    156121      1.00      0.00  kworker/1:1-mm_percpu_wq
08:28:06 PM     0    156170      2.00      0.00  kworker/u24:3-edac-poller
08:28:06 PM     0    156781      1.00      0.00  iostat
08:28:06 PM     0    156782      1.00      0.00  pidstat
08:28:06 PM     0    156783      5.00      0.00  bash
08:28:06 PM     0    156784      7.00      0.00  bash
08:28:06 PM     0    156785      4.00      0.00  bash
08:28:06 PM     0    156787     99.00      0.00  fio
08:28:06 PM     0    157167      1.00      0.00  sleep
08:28:06 PM     0    157177      1.00      1.00  sleep
08:28:06 PM     0    157179      1.00      1.00  sleep

08:28:06 PM   UID       PID   cswch/s nvcswch/s  Command
08:28:07 PM     0        16      3.00      0.00  ksoftirqd/0
08:28:07 PM     0        17     21.00      0.00  rcu_preempt
08:28:07 PM     0        23      1.00      0.00  migration/1
08:28:07 PM     0        24      3.00      0.00  ksoftirqd/1
08:28:07 PM     0        29      1.00      0.00  migration/2
08:28:07 PM     0        30      1.00      0.00  ksoftirqd/2
08:28:07 PM     0        35      1.00      0.00  migration/3
08:28:07 PM     0        36      3.00      0.00  ksoftirqd/3
08:28:07 PM     0        41      1.00      0.00  migration/4
08:28:07 PM     0        42      1.00      0.00  ksoftirqd/4
08:28:07 PM     0        47      1.00      0.00  migration/5
08:28:07 PM     0        54      1.00      0.00  ksoftirqd/6
08:28:07 PM     0        60      3.00      0.00  ksoftirqd/7
08:28:07 PM     0        66      2.00      0.00  ksoftirqd/8
08:28:07 PM     0        72      3.00      0.00  ksoftirqd/9
08:28:07 PM     0        78      3.00      0.00  ksoftirqd/10
08:28:07 PM     0        83      1.00      0.00  migration/11
08:28:07 PM     0        84      4.00      1.00  ksoftirqd/11
08:28:07 PM     0        95      2.00      0.00  kcompactd0
08:28:07 PM     0       189      1.00      0.00  kworker/4:1H-kblockd
08:28:07 PM     0       453      1.00      0.00  multipathd
08:28:07 PM     0     93573      2.00      0.00  kworker/5:1-events
08:28:07 PM     0    112707      3.00      0.00  kworker/3:0-events
08:28:07 PM     0    118120      1.00      0.00  kworker/9:2-mm_percpu_wq
08:28:07 PM     0    123430      3.00      0.00  kworker/6:0-events
08:28:07 PM     0    133744      1.00      0.00  kworker/4:1-mm_percpu_wq
08:28:07 PM     0    140699      4.00      0.00  kworker/1:0-events
08:28:07 PM     0    143767      2.00      0.00  kworker/8:0-events
08:28:07 PM     0    146022      4.00      0.00  kworker/11:1-events
08:28:07 PM     0    147677      3.00      0.00  kworker/10:1-events
08:28:07 PM     0    152246      4.00      0.00  kworker/7:2-events
08:28:07 PM     0    154179      2.00      0.00  kworker/2:2-events
08:28:07 PM     0    155772      3.00      0.00  kworker/0:1-events
08:28:07 PM     0    156170      6.00      0.00  kworker/u24:3-edac-poller
08:28:07 PM     0    156781      1.00      0.00  iostat
08:28:07 PM     0    156782      1.00      0.00  pidstat
08:28:07 PM     0    156783      5.00      0.00  bash
08:28:07 PM     0    156784      7.00      0.00  bash
08:28:07 PM     0    156785      4.00      0.00  bash
08:28:07 PM     0    156787     99.00      0.00  fio
08:28:07 PM     0    157182      1.00      0.00  sleep
08:28:07 PM     0    157192      1.00      0.00  sleep
08:28:07 PM     0    157194      1.00      1.00  sleep

08:28:07 PM   UID       PID   cswch/s nvcswch/s  Command
08:28:08 PM     0        16      1.00      0.00  ksoftirqd/0
08:28:08 PM     0        17     17.00      0.00  rcu_preempt
08:28:08 PM     0        18      1.00      0.00  migration/0
08:28:08 PM     0        24      3.00      0.00  ksoftirqd/1
08:28:08 PM     0        30      5.00      0.00  ksoftirqd/2
08:28:08 PM     0        36      2.00      0.00  ksoftirqd/3
08:28:08 PM     0        42      4.00      0.00  ksoftirqd/4
08:28:08 PM     0        47      1.00      0.00  migration/5
08:28:08 PM     0        48      2.00      0.00  ksoftirqd/5
08:28:08 PM     0        54      3.00      0.00  ksoftirqd/6
08:28:08 PM     0        60      3.00      0.00  ksoftirqd/7
08:28:08 PM     0        65      1.00      0.00  migration/8
08:28:08 PM     0        66      2.00      0.00  ksoftirqd/8
08:28:08 PM     0        72      2.00      0.00  ksoftirqd/9
08:28:08 PM     0        78      3.00      0.00  ksoftirqd/10
08:28:08 PM     0        83      1.00      0.00  migration/11
08:28:08 PM     0        84      2.00      0.00  ksoftirqd/11
08:28:08 PM     0        95      2.00      0.00  kcompactd0
08:28:08 PM     0       453      2.00      0.00  multipathd
08:28:08 PM     0     93573      2.00      0.00  kworker/5:1-mm_percpu_wq
08:28:08 PM     0    112707      2.00      0.00  kworker/3:0-events
08:28:08 PM     0    118120      1.00      0.00  kworker/9:2-mm_percpu_wq
08:28:08 PM     0    123430      3.00      0.00  kworker/6:0-events
08:28:08 PM     0    133744      1.00      0.00  kworker/4:1-mm_percpu_wq
08:28:08 PM     0    140699      3.00      0.00  kworker/1:0-mm_percpu_wq
08:28:08 PM     0    143767      3.00      0.00  kworker/8:0-events
08:28:08 PM     0    146022      1.00      0.00  kworker/11:1-mm_percpu_wq
08:28:08 PM     0    147677      1.00      0.00  kworker/10:1-mm_percpu_wq
08:28:08 PM     0    152246      7.00      0.00  kworker/7:2-events
08:28:08 PM     0    154179      4.00      0.00  kworker/2:2-events
08:28:08 PM     0    155772      4.00      0.00  kworker/0:1-events
08:28:08 PM     0    156170      2.00      0.00  kworker/u24:3-edac-poller
08:28:08 PM     0    156781      1.00      0.00  iostat
08:28:08 PM     0    156782      1.00      0.00  pidstat
08:28:08 PM     0    156783      5.00      0.00  bash
08:28:08 PM     0    156784      8.00      0.00  bash
08:28:08 PM     0    156785      4.00      0.00  bash
08:28:08 PM     0    156787    100.00      0.00  fio
08:28:08 PM     0    157197      1.00      1.00  sleep
08:28:08 PM     0    157208      1.00      0.00  sleep
08:28:08 PM     0    157209      1.00      0.00  sleep

08:28:08 PM   UID       PID   cswch/s nvcswch/s  Command
08:28:09 PM     0        16      2.00      0.00  ksoftirqd/0
08:28:09 PM     0        17     20.00      0.00  rcu_preempt
08:28:09 PM     0        23      1.00      0.00  migration/1
08:28:09 PM     0        24      2.00      0.00  ksoftirqd/1
08:28:09 PM     0        30      3.00      0.00  ksoftirqd/2
08:28:09 PM     0        36      3.00      0.00  ksoftirqd/3
08:28:09 PM     0        42      4.00      0.00  ksoftirqd/4
08:28:09 PM     0        48      1.00      0.00  ksoftirqd/5
08:28:09 PM     0        53      1.00      0.00  migration/6
08:28:09 PM     0        54      3.00      0.00  ksoftirqd/6
08:28:09 PM     0        60      1.00      0.00  ksoftirqd/7
08:28:09 PM     0        65      2.00      0.00  migration/8
08:28:09 PM     0        66      2.00      0.00  ksoftirqd/8
08:28:09 PM     0        72      2.00      0.00  ksoftirqd/9
08:28:09 PM     0        78      3.00      0.00  ksoftirqd/10
08:28:09 PM     0        83      2.00      0.00  migration/11
08:28:09 PM     0        84      1.00      0.00  ksoftirqd/11
08:28:09 PM     0        95      2.00      0.00  kcompactd0
08:28:09 PM     0       453      2.00      0.00  multipathd
08:28:09 PM     0     93573      1.00      0.00  kworker/5:1-mm_percpu_wq
08:28:09 PM     0     98256      3.00      0.00  kworker/u24:2-events_power_efficient
08:28:09 PM     0    112707      4.00      0.00  kworker/3:0-events
08:28:09 PM     0    118120      2.00      0.00  kworker/9:2-events
08:28:09 PM     0    123430      2.00      0.00  kworker/6:0-events
08:28:09 PM     0    133744      2.00      0.00  kworker/4:1-events
08:28:09 PM     0    140699      5.00      0.00  kworker/1:0-events
08:28:09 PM     0    143767      2.00      0.00  kworker/8:0-events
08:28:09 PM     0    146022      1.00      0.00  kworker/11:1-mm_percpu_wq
08:28:09 PM     0    147677      1.00      0.00  kworker/10:1-mm_percpu_wq
08:28:09 PM     0    152246      6.00      0.00  kworker/7:2-events
08:28:09 PM     0    154179      3.00      0.00  kworker/2:2-events
08:28:09 PM     0    155772      2.00      0.00  kworker/0:1-events
08:28:09 PM     0    156170      3.00      0.00  kworker/u24:3-edac-poller
08:28:09 PM     0    156781      1.00      0.00  iostat
08:28:09 PM     0    156782      1.00      0.00  pidstat
08:28:09 PM     0    156783      5.00      0.00  bash
08:28:09 PM     0    156784      8.00      0.00  bash
08:28:09 PM     0    156785      4.00      0.00  bash
08:28:09 PM     0    156787     99.00      0.00  fio
08:28:09 PM     0    157212      1.00      0.00  sleep
08:28:09 PM     0    157222      1.00      1.00  sleep
08:28:09 PM     0    157224      2.00      1.00  sleep

08:28:09 PM   UID       PID   cswch/s nvcswch/s  Command
08:28:10 PM     0        16      3.00      0.00  ksoftirqd/0
08:28:10 PM     0        17     19.00      0.00  rcu_preempt
08:28:10 PM     0        18      1.00      0.00  migration/0
08:28:10 PM     0        23      1.00      0.00  migration/1
08:28:10 PM     0        24      1.00      0.00  ksoftirqd/1
08:28:10 PM     0        29      1.00      0.00  migration/2
08:28:10 PM     0        30      4.00      1.00  ksoftirqd/2
08:28:10 PM     0        35      1.00      0.00  migration/3
08:28:10 PM     0        36      1.00      1.00  ksoftirqd/3
08:28:10 PM     0        41      4.00      0.00  migration/4
08:28:10 PM     0        42      1.00      0.00  ksoftirqd/4
08:28:10 PM     0        47      2.00      0.00  migration/5
08:28:10 PM     0        48      2.00      0.00  ksoftirqd/5
08:28:10 PM     0        53      1.00      0.00  migration/6
08:28:10 PM     0        54      2.00      0.00  ksoftirqd/6
08:28:10 PM     0        59      1.00      0.00  migration/7
08:28:10 PM     0        60      3.00      0.00  ksoftirqd/7
08:28:10 PM     0        65      1.00      0.00  migration/8
08:28:10 PM     0        66      4.00      0.00  ksoftirqd/8
08:28:10 PM     0        71      1.00      0.00  migration/9
08:28:10 PM     0        72      2.00      0.00  ksoftirqd/9
08:28:10 PM     0        77      1.00      0.00  migration/10
08:28:10 PM     0        78      2.00      0.00  ksoftirqd/10
08:28:10 PM     0        83      1.00      0.00  migration/11
08:28:10 PM     0        84      1.00      0.00  ksoftirqd/11
08:28:10 PM     0        95      2.00      0.00  kcompactd0
08:28:10 PM     0       453      1.00      0.00  multipathd
08:28:10 PM     0       562      3.00      0.00  jbd2/nvme1n1p3-8
08:28:10 PM     0     93573      1.00      0.00  kworker/5:1-mm_percpu_wq
08:28:10 PM     0    112707      2.00      0.00  kworker/3:0-events
08:28:10 PM     0    118120      3.00      0.00  kworker/9:2-events
08:28:10 PM     0    123430      6.00      0.00  kworker/6:0-events
08:28:10 PM     0    133744      4.00      0.00  kworker/4:1-events
08:28:10 PM     0    140699      2.00      0.00  kworker/1:0-events
08:28:10 PM     0    143767      2.00      0.00  kworker/8:0-events
08:28:10 PM     0    146022      1.00      0.00  kworker/11:1-mm_percpu_wq
08:28:10 PM     0    147677      2.00      0.00  kworker/10:1-events
08:28:10 PM     0    152246      2.00      0.00  kworker/7:2-mm_percpu_wq
08:28:10 PM     0    154179      3.00      0.00  kworker/2:2-events
08:28:10 PM     0    155772      7.00      0.00  kworker/0:1-events
08:28:10 PM     0    156170      1.00      0.00  kworker/u24:3-edac-poller
08:28:10 PM     0    156781      1.00      0.00  iostat
08:28:10 PM     0    156782      1.00      0.00  pidstat
08:28:10 PM     0    156783      5.00      0.00  bash
08:28:10 PM     0    156784      7.00      0.00  bash
08:28:10 PM     0    156785      4.00      0.00  bash
08:28:10 PM     0    156787    100.00      0.00  fio
08:28:10 PM     0    157227      1.00      0.00  sleep
08:28:10 PM     0    157237      1.00      0.00  sleep
08:28:10 PM     0    157239      1.00      1.00  sleep

08:28:10 PM   UID       PID   cswch/s nvcswch/s  Command
08:28:11 PM     0        16      3.00      0.00  ksoftirqd/0
08:28:11 PM     0        17     20.00      0.00  rcu_preempt
08:28:11 PM     0        23      2.00      0.00  migration/1
08:28:11 PM     0        24      3.00      0.00  ksoftirqd/1
08:28:11 PM     0        29      1.00      0.00  migration/2
08:28:11 PM     0        30      4.00      0.00  ksoftirqd/2
08:28:11 PM     0        36      2.00      0.00  ksoftirqd/3
08:28:11 PM     0        41      1.00      0.00  migration/4
08:28:11 PM     0        42      3.00      0.00  ksoftirqd/4
08:28:11 PM     0        48      2.00      0.00  ksoftirqd/5
08:28:11 PM     0        53      1.00      0.00  migration/6
08:28:11 PM     0        54      3.00      0.00  ksoftirqd/6
08:28:11 PM     0        60      1.00      0.00  ksoftirqd/7
08:28:11 PM     0        65      1.00      0.00  migration/8
08:28:11 PM     0        66      3.00      0.00  ksoftirqd/8
08:28:11 PM     0        72      3.00      0.00  ksoftirqd/9
08:28:11 PM     0        78      1.00      0.00  ksoftirqd/10
08:28:11 PM     0        83      1.00      0.00  migration/11
08:28:11 PM     0        84      3.00      0.00  ksoftirqd/11
08:28:11 PM     0        95      2.00      0.00  kcompactd0
08:28:11 PM     0       190      1.00      0.00  kworker/10:1H-kblockd
08:28:11 PM     0       194      1.00      0.00  kworker/8:1H-kblockd
08:28:11 PM     0       453      1.00      0.00  multipathd
08:28:11 PM     0     93573      4.00      0.00  kworker/5:1-events
08:28:11 PM     0    112707      3.00      0.00  kworker/3:0-events
08:28:11 PM     0    118120      1.00      0.00  kworker/9:2-mm_percpu_wq
08:28:11 PM     0    123430      1.00      0.00  kworker/6:0-mm_percpu_wq
08:28:11 PM     0    133744      1.00      0.00  kworker/4:1-mm_percpu_wq
08:28:11 PM     0    140699      3.00      0.00  kworker/1:0-events
08:28:11 PM     0    143767      1.00      0.00  kworker/8:0-mm_percpu_wq
08:28:11 PM     0    146022      1.00      0.00  kworker/11:1-mm_percpu_wq
08:28:11 PM     0    147677      4.00      0.00  kworker/10:1-events
08:28:11 PM     0    152246      6.00      0.00  kworker/7:2-events
08:28:11 PM     0    154179      2.00      0.00  kworker/2:2-events
08:28:11 PM     0    155772      2.00      0.00  kworker/0:1-events
08:28:11 PM     0    156170      1.00      0.00  kworker/u24:3-events_unbound
08:28:11 PM     0    156781      1.00      0.00  iostat
08:28:11 PM     0    156782      1.00      0.00  pidstat
08:28:11 PM     0    156783      5.00      0.00  bash
08:28:11 PM     0    156784      6.00      0.00  bash
08:28:11 PM     0    156785      4.00      0.00  bash
08:28:11 PM     0    156787     99.00      0.00  fio
08:28:11 PM     0    157242      1.00      1.00  sleep
08:28:11 PM     0    157252      1.00      1.00  sleep
08:28:11 PM     0    157254      1.00      0.00  sleep

08:28:11 PM   UID       PID   cswch/s nvcswch/s  Command
08:28:12 PM     0        16      5.00      0.00  ksoftirqd/0
08:28:12 PM     0        17     18.00      0.00  rcu_preempt
08:28:12 PM     0        24      6.00      0.00  ksoftirqd/1
08:28:12 PM     0        30      4.00      0.00  ksoftirqd/2
08:28:12 PM     0        35      2.00      0.00  migration/3
08:28:12 PM     0        36      2.00      0.00  ksoftirqd/3
08:28:12 PM     0        41      1.00      0.00  migration/4
08:28:12 PM     0        42      3.00      0.00  ksoftirqd/4
08:28:12 PM     0        47      1.00      0.00  migration/5
08:28:12 PM     0        48      3.00      0.00  ksoftirqd/5
08:28:12 PM     0        54      6.00      0.00  ksoftirqd/6
08:28:12 PM     0        60      1.00      0.00  ksoftirqd/7
08:28:12 PM     0        65      2.00      0.00  migration/8
08:28:12 PM     0        66      1.00      0.00  ksoftirqd/8
08:28:12 PM     0        71      1.00      0.00  migration/9
08:28:12 PM     0        72      1.00      0.00  ksoftirqd/9
08:28:12 PM     0        78      1.00      0.00  ksoftirqd/10
08:28:12 PM     0        84      2.00      0.00  ksoftirqd/11
08:28:12 PM     0        95      2.00      0.00  kcompactd0
08:28:12 PM     0       172      1.00      0.00  kworker/3:1H-kblockd
08:28:12 PM     0       453      2.00      0.00  multipathd
08:28:12 PM     0     93573      2.00      0.00  kworker/5:1-events
08:28:12 PM     0     98256      1.00      0.00  kworker/u24:2-ext4-rsv-conversion
08:28:12 PM     0    112707      3.00      0.00  kworker/3:0-events
08:28:12 PM     0    118120      5.00      0.00  kworker/9:2-events
08:28:12 PM     0    123430      3.00      0.00  kworker/6:0-events
08:28:12 PM     0    133744      1.00      0.00  kworker/4:1-mm_percpu_wq
08:28:12 PM     0    140699      4.00      0.00  kworker/1:0-events
08:28:12 PM     0    143767      4.00      0.00  kworker/8:0-events
08:28:12 PM     0    146022      2.00      0.00  kworker/11:1-events
08:28:12 PM     0    147677      3.00      0.00  kworker/10:1-events
08:28:12 PM     0    152246      4.00      0.00  kworker/7:2-events
08:28:12 PM     0    154179      3.00      0.00  kworker/2:2-events
08:28:12 PM     0    155772      3.00      0.00  kworker/0:1-events
08:28:12 PM     0    156170      5.00      0.00  kworker/u24:3-writeback
08:28:12 PM     0    156781      1.00      0.00  iostat
08:28:12 PM     0    156782      1.00      0.00  pidstat
08:28:12 PM     0    156783      5.00      0.00  bash
08:28:12 PM     0    156784      7.00      0.00  bash
08:28:12 PM     0    156785      4.00      0.00  bash
08:28:12 PM     0    156787    100.00      0.00  fio
08:28:12 PM     0    157257      1.00      0.00  sleep
08:28:12 PM     0    157267      1.00      1.00  sleep
08:28:12 PM     0    157269      1.00      1.00  sleep

08:28:12 PM   UID       PID   cswch/s nvcswch/s  Command
08:28:13 PM     0        16      2.00      0.00  ksoftirqd/0
08:28:13 PM     0        17     19.00      0.00  rcu_preempt
08:28:13 PM     0        24      2.00      0.00  ksoftirqd/1
08:28:13 PM     0        29      2.00      0.00  migration/2
08:28:13 PM     0        30      1.00      0.00  ksoftirqd/2
08:28:13 PM     0        35      1.00      0.00  migration/3
08:28:13 PM     0        36      2.00      0.00  ksoftirqd/3
08:28:13 PM     0        42      4.00      0.00  ksoftirqd/4
08:28:13 PM     0        48      1.00      0.00  ksoftirqd/5
08:28:13 PM     0        54      2.00      0.00  ksoftirqd/6
08:28:13 PM     0        59      2.00      0.00  migration/7
08:28:13 PM     0        60      2.00      0.00  ksoftirqd/7
08:28:13 PM     0        66      2.00      0.00  ksoftirqd/8
08:28:13 PM     0        71      1.00      0.00  migration/9
08:28:13 PM     0        72      2.00      0.00  ksoftirqd/9
08:28:13 PM     0        78      3.00      0.00  ksoftirqd/10
08:28:13 PM     0        83      1.00      0.00  migration/11
08:28:13 PM     0        84      3.00      0.00  ksoftirqd/11
08:28:13 PM     0        95      2.00      0.00  kcompactd0
08:28:13 PM     0       453      2.00      0.00  multipathd
08:28:13 PM     0     21554      1.00      0.00  packagekitd
08:28:13 PM     0     93573      3.00      0.00  kworker/5:1-events
08:28:13 PM     0    112707      3.00      0.00  kworker/3:0-events
08:28:13 PM     0    118120      1.00      0.00  kworker/9:2-mm_percpu_wq
08:28:13 PM     0    123430      2.00      0.00  kworker/6:0-events
08:28:13 PM     0    133744      3.00      0.00  kworker/4:1-events
08:28:13 PM     0    140699      5.00      0.00  kworker/1:0-events
08:28:13 PM     0    143767      1.00      0.00  kworker/8:0-mm_percpu_wq
08:28:13 PM     0    146022      2.00      0.00  kworker/11:1-mm_percpu_wq
08:28:13 PM     0    147677      3.00      0.00  kworker/10:1-events
08:28:13 PM     0    152246      3.00      0.00  kworker/7:2-events
08:28:13 PM     0    154179      2.00      0.00  kworker/2:2-events
08:28:13 PM     0    155772      4.00      0.00  kworker/0:1-events
08:28:13 PM     0    156170      3.00      0.00  kworker/u24:3-flush-259:1
08:28:13 PM     0    156781      1.00      0.00  iostat
08:28:13 PM     0    156782      1.00      0.00  pidstat
08:28:13 PM     0    156783      5.00      0.00  bash
08:28:13 PM     0    156784      6.00      0.00  bash
08:28:13 PM     0    156785      4.00      0.00  bash
08:28:13 PM     0    156787     99.00      0.00  fio
08:28:13 PM     0    157272      1.00      0.00  sleep
08:28:13 PM     0    157282      1.00      0.00  sleep
08:28:13 PM     0    157284      1.00      1.00  sleep

08:28:13 PM   UID       PID   cswch/s nvcswch/s  Command
08:28:14 PM     0        16      4.00      0.00  ksoftirqd/0
08:28:14 PM     0        17     18.00      0.00  rcu_preempt
08:28:14 PM     0        18      1.00      0.00  migration/0
08:28:14 PM     0        23      3.00      0.00  migration/1
08:28:14 PM     0        24      3.00      0.00  ksoftirqd/1
08:28:14 PM     0        29      1.00      0.00  migration/2
08:28:14 PM     0        30      1.00      0.00  ksoftirqd/2
08:28:14 PM     0        35      1.00      0.00  migration/3
08:28:14 PM     0        36      3.00      0.00  ksoftirqd/3
08:28:14 PM     0        41      2.00      0.00  migration/4
08:28:14 PM     0        42      1.00      0.00  ksoftirqd/4
08:28:14 PM     0        47      1.00      0.00  migration/5
08:28:14 PM     0        48      3.00      0.00  ksoftirqd/5
08:28:14 PM     0        53      1.00      0.00  migration/6
08:28:14 PM     0        54      1.00      0.00  ksoftirqd/6
08:28:14 PM     0        59      1.00      0.00  migration/7
08:28:14 PM     0        60      2.00      0.00  ksoftirqd/7
08:28:14 PM     0        65      2.00      0.00  migration/8
08:28:14 PM     0        66      4.00      0.00  ksoftirqd/8
08:28:14 PM     0        71      2.00      0.00  migration/9
08:28:14 PM     0        72      2.00      0.00  ksoftirqd/9
08:28:14 PM     0        77      1.00      0.00  migration/10
08:28:14 PM     0        78      1.00      0.00  ksoftirqd/10
08:28:14 PM     0        83      1.00      0.00  migration/11
08:28:14 PM     0        84      4.00      0.00  ksoftirqd/11
08:28:14 PM     0        95      2.00      0.00  kcompactd0
08:28:14 PM     0       453      2.00      0.00  multipathd
08:28:14 PM     0     93573      1.00      0.00  kworker/5:1-mm_percpu_wq
08:28:14 PM     0     98256      1.00      0.00  kworker/u24:2-ext4-rsv-conversion
08:28:14 PM     0    112707      2.00      0.00  kworker/3:0-events
08:28:14 PM     0    118120      4.00      0.00  kworker/9:2-events
08:28:14 PM     0    123430      6.00      0.00  kworker/6:0-events
08:28:14 PM     0    133744      1.00      0.00  kworker/4:1-mm_percpu_wq
08:28:14 PM     0    140699      1.00      0.00  kworker/1:0-mm_percpu_wq
08:28:14 PM     0    143767      2.00      0.00  kworker/8:0-events
08:28:14 PM     0    146022      1.00      0.00  kworker/11:1-mm_percpu_wq
08:28:14 PM     0    147677      1.00      0.00  kworker/10:1-mm_percpu_wq
08:28:14 PM     0    152246     10.00      0.00  kworker/7:2-events
08:28:14 PM     0    154179      1.00      0.00  kworker/2:2-mm_percpu_wq
08:28:14 PM     0    155772      1.00      0.00  kworker/0:1-mm_percpu_wq
08:28:14 PM     0    156170      3.00      0.00  kworker/u24:3-events_power_efficient
08:28:14 PM     0    156781      1.00      0.00  iostat
08:28:14 PM     0    156782      1.00      0.00  pidstat
08:28:14 PM     0    156783      5.00      0.00  bash
08:28:14 PM     0    156784      6.00      0.00  bash
08:28:14 PM     0    156785      4.00      0.00  bash
08:28:14 PM     0    156787     99.00      0.00  fio
08:28:14 PM     0    157287      1.00      0.00  sleep
08:28:14 PM     0    157298      1.00      1.00  sleep
08:28:14 PM     0    157299      1.00      0.00  sleep

08:28:14 PM   UID       PID   cswch/s nvcswch/s  Command
08:28:15 PM     0        16      2.00      0.00  ksoftirqd/0
08:28:15 PM     0        17     20.00      0.00  rcu_preempt
08:28:15 PM     0        18      1.00      0.00  migration/0
08:28:15 PM     0        24      3.00      0.00  ksoftirqd/1
08:28:15 PM     0        30      3.00      0.00  ksoftirqd/2
08:28:15 PM     0        36      5.00      0.00  ksoftirqd/3
08:28:15 PM     0        42      6.00      0.00  ksoftirqd/4
08:28:15 PM     0        47      1.00      0.00  migration/5
08:28:15 PM     0        48      5.00      0.00  ksoftirqd/5
08:28:15 PM     0        53      1.00      0.00  migration/6
08:28:15 PM     0        54      2.00      0.00  ksoftirqd/6
08:28:15 PM     0        72      1.00      0.00  ksoftirqd/9
08:28:15 PM     0        78      6.00      0.00  ksoftirqd/10
08:28:15 PM     0        84      3.00      0.00  ksoftirqd/11
08:28:15 PM     0        95      2.00      0.00  kcompactd0
08:28:15 PM     0       453      1.00      0.00  multipathd
08:28:15 PM     0       562      3.00      0.00  jbd2/nvme1n1p3-8
08:28:15 PM     0     93573      3.00      0.00  kworker/5:1-events
08:28:15 PM     0     98256      2.00      0.00  kworker/u24:2-events_unbound
08:28:15 PM     0    112707      3.00      0.00  kworker/3:0-events
08:28:15 PM     0    118120      2.00      0.00  kworker/9:2-mm_percpu_wq
08:28:15 PM     0    123430      1.00      0.00  kworker/6:0-mm_percpu_wq
08:28:15 PM     0    133744      3.00      0.00  kworker/4:1-events
08:28:15 PM     0    140699      3.00      0.00  kworker/1:0-events
08:28:15 PM     0    143767      1.00      0.00  kworker/8:0-mm_percpu_wq
08:28:15 PM     0    146022      1.00      0.00  kworker/11:1-mm_percpu_wq
08:28:15 PM     0    147677      2.00      0.00  kworker/10:1-mm_percpu_wq
08:28:15 PM     0    152246      9.00      0.00  kworker/7:2-events
08:28:15 PM     0    154179      3.00      0.00  kworker/2:2-events
08:28:15 PM     0    155772      1.00      0.00  kworker/0:1-events
08:28:15 PM     0    156781      1.00      0.00  iostat
08:28:15 PM     0    156782      1.00      0.00  pidstat
08:28:15 PM     0    156783      5.00      0.00  bash
08:28:15 PM     0    156784      7.00      0.00  bash
08:28:15 PM     0    156785      4.00      0.00  bash
08:28:15 PM     0    156787    100.00      0.00  fio
08:28:15 PM     0    157302      1.00      1.00  sleep
08:28:15 PM     0    157313      1.00      0.00  sleep
08:28:15 PM     0    157314      1.00      0.00  sleep

08:28:15 PM   UID       PID   cswch/s nvcswch/s  Command
08:28:16 PM     0        16      4.00      0.00  ksoftirqd/0
08:28:16 PM     0        17     23.00      0.00  rcu_preempt
08:28:16 PM     0        24      5.00      0.00  ksoftirqd/1
08:28:16 PM     0        29      1.00      0.00  migration/2
08:28:16 PM     0        30      1.00      0.00  ksoftirqd/2
08:28:16 PM     0        36      5.00      0.00  ksoftirqd/3
08:28:16 PM     0        42      1.00      0.00  ksoftirqd/4
08:28:16 PM     0        47      1.00      0.00  migration/5
08:28:16 PM     0        48      3.00      0.00  ksoftirqd/5
08:28:16 PM     0        54      2.00      0.00  ksoftirqd/6
08:28:16 PM     0        60      2.00      0.00  ksoftirqd/7
08:28:16 PM     0        65      1.00      0.00  migration/8
08:28:16 PM     0        66      3.00      0.00  ksoftirqd/8
08:28:16 PM     0        72      2.00      0.00  ksoftirqd/9
08:28:16 PM     0        84      4.00      0.00  ksoftirqd/11
08:28:16 PM     0        95      2.00      0.00  kcompactd0
08:28:16 PM     0       453      1.00      0.00  multipathd
08:28:16 PM   101       608      2.00      0.00  systemd-network
08:28:16 PM     0     93573      3.00      0.00  kworker/5:1-events
08:28:16 PM     0     98256      1.00      0.00  kworker/u24:2-edac-poller
08:28:16 PM     0    112707      3.00      0.00  kworker/3:0-events
08:28:16 PM     0    118120      6.00      0.00  kworker/9:2-events
08:28:16 PM     0    123430      5.00      0.00  kworker/6:0-events
08:28:16 PM     0    133744      3.00      0.00  kworker/4:1-events
08:28:16 PM     0    140699      3.00      0.00  kworker/1:0-events
08:28:16 PM     0    143767      1.00      0.00  kworker/8:0-mm_percpu_wq
08:28:16 PM     0    146022      1.00      0.00  kworker/11:1-mm_percpu_wq
08:28:16 PM     0    147677      1.00      0.00  kworker/10:1-mm_percpu_wq
08:28:16 PM     0    152246      5.00      0.00  kworker/7:2-events
08:28:16 PM     0    154179      3.00      0.00  kworker/2:2-events
08:28:16 PM     0    155772      4.00      0.00  kworker/0:1-events
08:28:16 PM     0    156781      1.00      0.00  iostat
08:28:16 PM     0    156782      1.00      0.00  pidstat
08:28:16 PM     0    156783      5.00      0.00  bash
08:28:16 PM     0    156784      7.00      0.00  bash
08:28:16 PM     0    156785      4.00      0.00  bash
08:28:16 PM     0    156787     99.00      0.00  fio
08:28:16 PM     0    157317      1.00      0.00  sleep
08:28:16 PM     0    157328      1.00      0.00  sleep
08:28:16 PM     0    157329      1.00      0.00  sleep

08:28:16 PM   UID       PID   cswch/s nvcswch/s  Command
08:28:17 PM     0        16      3.00      0.00  ksoftirqd/0
08:28:17 PM     0        17     19.00      0.00  rcu_preempt
08:28:17 PM     0        24      4.00      0.00  ksoftirqd/1
08:28:17 PM     0        29      1.00      0.00  migration/2
08:28:17 PM     0        30      2.00      0.00  ksoftirqd/2
08:28:17 PM     0        36      1.00      0.00  ksoftirqd/3
08:28:17 PM     0        48      4.00      0.00  ksoftirqd/5
08:28:17 PM     0        53      1.00      0.00  migration/6
08:28:17 PM     0        54      4.00      0.00  ksoftirqd/6
08:28:17 PM     0        60      2.00      0.00  ksoftirqd/7
08:28:17 PM     0        66      2.00      0.00  ksoftirqd/8
08:28:17 PM     0        72      1.00      0.00  ksoftirqd/9
08:28:17 PM     0        77      1.00      0.00  migration/10
08:28:17 PM     0        78      4.00      0.00  ksoftirqd/10
08:28:17 PM     0        84      1.00      0.00  ksoftirqd/11
08:28:17 PM     0        95      2.00      0.00  kcompactd0
08:28:17 PM     0       194      1.00      0.00  kworker/8:1H-kblockd
08:28:17 PM     0       453      1.00      0.00  multipathd
08:28:17 PM     0     93573      3.00      0.00  kworker/5:1-events
08:28:17 PM     0     98256      2.00      0.00  kworker/u24:2-events_unbound
08:28:17 PM     0    112707      2.00      0.00  kworker/3:0-events
08:28:17 PM     0    118120      2.00      0.00  kworker/9:2-events
08:28:17 PM     0    123430      1.00      0.00  kworker/6:0-mm_percpu_wq
08:28:17 PM     0    133744      1.00      0.00  kworker/4:1-mm_percpu_wq
08:28:17 PM     0    140699      5.00      0.00  kworker/1:0-events
08:28:17 PM     0    143767      1.00      0.00  kworker/8:0-mm_percpu_wq
08:28:17 PM     0    146022      3.00      0.00  kworker/11:1-events
08:28:17 PM     0    147677      5.00      0.00  kworker/10:1-events
08:28:17 PM     0    152246      4.00      0.00  kworker/7:2-events
08:28:17 PM     0    154179      3.00      0.00  kworker/2:2-events
08:28:17 PM     0    155772      4.00      0.00  kworker/0:1-events
08:28:17 PM     0    156781      1.00      0.00  iostat
08:28:17 PM     0    156782      1.00      0.00  pidstat
08:28:17 PM     0    156783      5.00      0.00  bash
08:28:17 PM     0    156784      8.00      0.00  bash
08:28:17 PM     0    156785      4.00      0.00  bash
08:28:17 PM     0    156787    100.00      0.00  fio
08:28:17 PM     0    157332      1.00      0.00  sleep
08:28:17 PM     0    157343      1.00      1.00  sleep
08:28:17 PM     0    157344      1.00      0.00  sleep

08:28:17 PM   UID       PID   cswch/s nvcswch/s  Command
08:28:18 PM     0         2      1.00      0.00  kthreadd
08:28:18 PM     0        16      5.00      0.00  ksoftirqd/0
08:28:18 PM     0        17     23.00      0.00  rcu_preempt
08:28:18 PM     0        18      1.00      0.00  migration/0
08:28:18 PM     0        23      1.00      0.00  migration/1
08:28:18 PM     0        24      2.00      0.00  ksoftirqd/1
08:28:18 PM     0        29      1.00      0.00  migration/2
08:28:18 PM     0        30      3.00      0.00  ksoftirqd/2
08:28:18 PM     0        35      1.00      0.00  migration/3
08:28:18 PM     0        41      2.00      0.00  migration/4
08:28:18 PM     0        42      1.00      0.00  ksoftirqd/4
08:28:18 PM     0        47      2.00      0.00  migration/5
08:28:18 PM     0        48      1.00      0.00  ksoftirqd/5
08:28:18 PM     0        53      1.00      0.00  migration/6
08:28:18 PM     0        54      1.00      0.00  ksoftirqd/6
08:28:18 PM     0        59      1.00      0.00  migration/7
08:28:18 PM     0        60      1.00      0.00  ksoftirqd/7
08:28:18 PM     0        65      1.00      0.00  migration/8
08:28:18 PM     0        66      2.00      0.00  ksoftirqd/8
08:28:18 PM     0        71      2.00      0.00  migration/9
08:28:18 PM     0        72      1.00      0.00  ksoftirqd/9
08:28:18 PM     0        77      2.00      0.00  migration/10
08:28:18 PM     0        83      1.00      0.00  migration/11
08:28:18 PM     0        84      3.00      0.00  ksoftirqd/11
08:28:18 PM     0        95      2.00      0.00  kcompactd0
08:28:18 PM     0       102      1.00      0.00  irq/9-acpi
08:28:18 PM     0       172      1.00      0.00  kworker/3:1H-kblockd
08:28:18 PM     0       453      1.00      0.00  multipathd
08:28:18 PM     0     93573      2.00      0.00  kworker/5:1-mm_percpu_wq
08:28:18 PM     0     98256      2.00      0.00  kworker/u24:2-events_unbound
08:28:18 PM     0    112707      2.00      0.00  kworker/3:0-events
08:28:18 PM     0    118120      3.00      0.00  kworker/9:2-events
08:28:18 PM     0    123430      2.00      0.00  kworker/6:0-events
08:28:18 PM     0    133744     10.00      0.00  kworker/4:1-pm
08:28:18 PM     0    140699      4.00      0.00  kworker/1:0-events
08:28:18 PM     0    143767      1.00      0.00  kworker/8:0-mm_percpu_wq
08:28:18 PM     0    146022      1.00      0.00  kworker/11:1-mm_percpu_wq
08:28:18 PM     0    147056      2.00      0.00  kworker/4:0-i915-unordered
08:28:18 PM     0    147677      5.00      0.00  kworker/10:1-events
08:28:18 PM     0    152246      3.00      0.00  kworker/7:2-events
08:28:18 PM     0    154179      3.00      0.00  kworker/2:2-events
08:28:18 PM     0    155772      4.00      0.00  kworker/0:1-events
08:28:18 PM     0    156170      4.00      0.00  kworker/u24:3-flush-259:1
08:28:18 PM     0    156781      1.00      0.00  iostat
08:28:18 PM     0    156782      1.00      0.00  pidstat
08:28:18 PM     0    156783      5.00      0.00  bash
08:28:18 PM     0    156784      7.00      0.00  bash
08:28:18 PM     0    156785      4.00      0.00  bash
08:28:18 PM     0    156787     99.00      0.00  fio
08:28:18 PM     0    157347      1.00      1.00  sleep
08:28:18 PM     0    157358      1.00      0.00  sleep
08:28:18 PM     0    157359      1.00      0.00  sleep
08:28:18 PM     0    157360      2.00      0.00  kworker/4:2

08:28:18 PM   UID       PID   cswch/s nvcswch/s  Command
08:28:19 PM     0        16      5.00      0.00  ksoftirqd/0
08:28:19 PM     0        17     20.00      0.00  rcu_preempt
08:28:19 PM     0        24      2.00      0.00  ksoftirqd/1
08:28:19 PM     0        30      3.00      0.00  ksoftirqd/2
08:28:19 PM     0        36      4.00      0.00  ksoftirqd/3
08:28:19 PM     0        42      2.00      0.00  ksoftirqd/4
08:28:19 PM     0        47      2.00      0.00  migration/5
08:28:19 PM     0        48      5.00      0.00  ksoftirqd/5
08:28:19 PM     0        54      3.00      0.00  ksoftirqd/6
08:28:19 PM     0        66      1.00      0.00  ksoftirqd/8
08:28:19 PM     0        71      1.00      0.00  migration/9
08:28:19 PM     0        72      3.00      0.00  ksoftirqd/9
08:28:19 PM     0        77      2.00      0.00  migration/10
08:28:19 PM     0        78      4.00      0.00  ksoftirqd/10
08:28:19 PM     0        84      1.00      0.00  ksoftirqd/11
08:28:19 PM     0        95      2.00      0.00  kcompactd0
08:28:19 PM     0       453      1.00      0.00  multipathd
08:28:19 PM     0     93573      1.00      0.00  kworker/5:1-mm_percpu_wq
08:28:19 PM     0     98256      1.00      0.00  kworker/u24:2-events_unbound
08:28:19 PM     0    112707      3.00      0.00  kworker/3:0-events
08:28:19 PM     0    118120      3.00      0.00  kworker/9:2-events
08:28:19 PM     0    123430      2.00      0.00  kworker/6:0-events
08:28:19 PM     0    133744      1.00      0.00  kworker/4:1-mm_percpu_wq
08:28:19 PM     0    140699      6.00      0.00  kworker/1:0-events
08:28:19 PM     0    143767      2.00      0.00  kworker/8:0-mm_percpu_wq
08:28:19 PM     0    146022      1.00      0.00  kworker/11:1-mm_percpu_wq
08:28:19 PM     0    147677      1.00      0.00  kworker/10:1-mm_percpu_wq
08:28:19 PM     0    152246      5.00      0.00  kworker/7:2-events
08:28:19 PM     0    154179      4.00      0.00  kworker/2:2-events
08:28:19 PM     0    155772      2.00      0.00  kworker/0:1-events
08:28:19 PM     0    156170      4.00      0.00  kworker/u24:3-events_power_efficient
08:28:19 PM     0    156781      1.00      0.00  iostat
08:28:19 PM     0    156782      1.00      0.00  pidstat
08:28:19 PM     0    156783      5.00      0.00  bash
08:28:19 PM     0    156784      7.00      0.00  bash
08:28:19 PM     0    156785      4.00      0.00  bash
08:28:19 PM     0    156787     99.00      0.00  fio
08:28:19 PM     0    157363      1.00      0.00  sleep
08:28:19 PM     0    157373      1.00      0.00  sleep
08:28:19 PM     0    157375      1.00      1.00  sleep

08:28:19 PM   UID       PID   cswch/s nvcswch/s  Command
08:28:20 PM     0        16      3.00      0.00  ksoftirqd/0
08:28:20 PM     0        17     19.00      0.00  rcu_preempt
08:28:20 PM     0        23      1.00      0.00  migration/1
08:28:20 PM     0        29      1.00      0.00  migration/2
08:28:20 PM     0        30      2.00      0.00  ksoftirqd/2
08:28:20 PM     0        36      2.00      0.00  ksoftirqd/3
08:28:20 PM     0        41      1.00      0.00  migration/4
08:28:20 PM     0        47      1.00      0.00  migration/5
08:28:20 PM     0        48      1.00      0.00  ksoftirqd/5
08:28:20 PM     0        53      1.00      0.00  migration/6
08:28:20 PM     0        54      3.00      0.00  ksoftirqd/6
08:28:20 PM     0        60      1.00      0.00  ksoftirqd/7
08:28:20 PM     0        65      2.00      0.00  migration/8
08:28:20 PM     0        66      2.00      0.00  ksoftirqd/8
08:28:20 PM     0        71      1.00      0.00  migration/9
08:28:20 PM     0        72      6.00      0.00  ksoftirqd/9
08:28:20 PM     0        78      1.00      0.00  ksoftirqd/10
08:28:20 PM     0        84      1.00      0.00  ksoftirqd/11
08:28:20 PM     0        95      2.00      0.00  kcompactd0
08:28:20 PM     0       453      1.00      0.00  multipathd
08:28:20 PM     0       562      3.00      0.00  jbd2/nvme1n1p3-8
08:28:20 PM     0     93573      3.00      0.00  kworker/5:1-events
08:28:20 PM     0     98256      2.00      0.00  kworker/u24:2-events_unbound
08:28:20 PM     0    112707      2.00      0.00  kworker/3:0-events
08:28:20 PM     0    118120      1.00      0.00  kworker/9:2-mm_percpu_wq
08:28:20 PM     0    123430      5.00      0.00  kworker/6:0-events
08:28:20 PM     0    133744      3.00      0.00  kworker/4:1-events
08:28:20 PM     0    140699      5.00      0.00  kworker/1:0-events
08:28:20 PM     0    143767      1.00      0.00  kworker/8:0-mm_percpu_wq
08:28:20 PM     0    146022      1.00      0.00  kworker/11:1-mm_percpu_wq
08:28:20 PM     0    147677      1.00      0.00  kworker/10:1-mm_percpu_wq
08:28:20 PM     0    152246      4.00      0.00  kworker/7:2-events
08:28:20 PM     0    154179      1.00      0.00  kworker/2:2-mm_percpu_wq
08:28:20 PM     0    155772      3.00      0.00  kworker/0:1-mm_percpu_wq
08:28:20 PM     0    156781      1.00      0.00  iostat
08:28:20 PM     0    156782      1.00      0.00  pidstat
08:28:20 PM     0    156783      5.00      0.00  bash
08:28:20 PM     0    156784      7.00      0.00  bash
08:28:20 PM     0    156785      4.00      0.00  bash
08:28:20 PM     0    156787    100.00      0.00  fio
08:28:20 PM     0    157378      1.00      0.00  sleep
08:28:20 PM     0    157389      1.00      0.00  sleep
08:28:20 PM     0    157390      1.00      1.00  sleep

08:28:20 PM   UID       PID   cswch/s nvcswch/s  Command
08:28:21 PM     0        16      3.00      0.00  ksoftirqd/0
08:28:21 PM     0        17     24.00      0.00  rcu_preempt
08:28:21 PM     0        24      4.00      0.00  ksoftirqd/1
08:28:21 PM     0        30      2.00      0.00  ksoftirqd/2
08:28:21 PM     0        42      3.00      0.00  ksoftirqd/4
08:28:21 PM     0        47      1.00      0.00  migration/5
08:28:21 PM     0        48      1.00      0.00  ksoftirqd/5
08:28:21 PM     0        53      3.00      0.00  migration/6
08:28:21 PM     0        54      1.00      0.00  ksoftirqd/6
08:28:21 PM     0        65      1.00      0.00  migration/8
08:28:21 PM     0        66      2.00      0.00  ksoftirqd/8
08:28:21 PM     0        72      2.00      0.00  ksoftirqd/9
08:28:21 PM     0        78      5.00      0.00  ksoftirqd/10
08:28:21 PM     0        83      1.00      0.00  migration/11
08:28:21 PM     0        84      2.00      0.00  ksoftirqd/11
08:28:21 PM     0        95      2.00      0.00  kcompactd0
08:28:21 PM     0       453      2.00      0.00  multipathd
08:28:21 PM     0     93573      2.00      0.00  kworker/5:1-mm_percpu_wq
08:28:21 PM     0     98256      2.00      0.00  kworker/u24:2-events_unbound
08:28:21 PM     0    112707      4.00      0.00  kworker/3:0-events
08:28:21 PM     0    118120      1.00      0.00  kworker/9:2-mm_percpu_wq
08:28:21 PM     0    123430      4.00      0.00  kworker/6:0-events
08:28:21 PM     0    133744      3.00      0.00  kworker/4:1-events
08:28:21 PM     0    140699      3.00      0.00  kworker/1:0-events
08:28:21 PM     0    143767      2.00      0.00  kworker/8:0-events
08:28:21 PM     0    146022      2.00      0.00  kworker/11:1-events
08:28:21 PM     0    147677      2.00      0.00  kworker/10:1-events
08:28:21 PM     0    152246      4.00      0.00  kworker/7:2-events
08:28:21 PM     0    154179      2.00      0.00  kworker/2:2-events
08:28:21 PM     0    155772      2.00      0.00  kworker/0:1-events
08:28:21 PM     0    156781      1.00      0.00  iostat
08:28:21 PM     0    156782      1.00      0.00  pidstat
08:28:21 PM     0    156783      5.00      0.00  bash
08:28:21 PM     0    156784      7.00      0.00  bash
08:28:21 PM     0    156785      4.00      0.00  bash
08:28:21 PM     0    156787     99.00      0.00  fio
08:28:21 PM     0    157393      1.00      0.00  sleep
08:28:21 PM     0    157404      1.00      1.00  sleep
08:28:21 PM     0    157405      2.00      1.00  sleep

08:28:21 PM   UID       PID   cswch/s nvcswch/s  Command
08:28:22 PM     0        16      2.00      0.00  ksoftirqd/0
08:28:22 PM     0        17     20.00      0.00  rcu_preempt
08:28:22 PM     0        18      1.00      0.00  migration/0
08:28:22 PM     0        23      2.00      0.00  migration/1
08:28:22 PM     0        24      5.00      0.00  ksoftirqd/1
08:28:22 PM     0        29      1.00      0.00  migration/2
08:28:22 PM     0        30      1.00      0.00  ksoftirqd/2
08:28:22 PM     0        35      2.00      0.00  migration/3
08:28:22 PM     0        36      3.00      0.00  ksoftirqd/3
08:28:22 PM     0        41      2.00      0.00  migration/4
08:28:22 PM     0        42      1.00      0.00  ksoftirqd/4
08:28:22 PM     0        47      2.00      0.00  migration/5
08:28:22 PM     0        48      3.00      0.00  ksoftirqd/5
08:28:22 PM     0        53      1.00      0.00  migration/6
08:28:22 PM     0        54      3.00      0.00  ksoftirqd/6
08:28:22 PM     0        59      2.00      0.00  migration/7
08:28:22 PM     0        65      1.00      0.00  migration/8
08:28:22 PM     0        66      1.00      0.00  ksoftirqd/8
08:28:22 PM     0        71      1.00      0.00  migration/9
08:28:22 PM     0        72      1.00      0.00  ksoftirqd/9
08:28:22 PM     0        77      2.00      0.00  migration/10
08:28:22 PM     0        78      2.00      0.00  ksoftirqd/10
08:28:22 PM     0        83      1.00      0.00  migration/11
08:28:22 PM     0        84      1.00      1.00  ksoftirqd/11
08:28:22 PM     0        95      2.00      0.00  kcompactd0
08:28:22 PM     0       453      1.00      0.00  multipathd
08:28:22 PM     0     93573      2.00      0.00  kworker/5:1-events
08:28:22 PM     0     98256      1.00      0.00  kworker/u24:2-edac-poller
08:28:22 PM     0    112707      4.00      0.00  kworker/3:0-events
08:28:22 PM     0    118120      2.00      0.00  kworker/9:2-events
08:28:22 PM     0    123430      3.00      0.00  kworker/6:0-events
08:28:22 PM     0    133744      2.00      0.00  kworker/4:1-events
08:28:22 PM     0    140699      3.00      0.00  kworker/1:0-events
08:28:22 PM     0    143767      2.00      0.00  kworker/8:0-mm_percpu_wq
08:28:22 PM     0    146022      2.00      0.00  kworker/11:1-events
08:28:22 PM     0    147677      2.00      0.00  kworker/10:1-events
08:28:22 PM     0    152246      5.00      0.00  kworker/7:2-events
08:28:22 PM     0    154179      3.00      0.00  kworker/2:2-events
08:28:22 PM     0    155772      1.00      0.00  kworker/0:1-mm_percpu_wq
08:28:22 PM     0    156781      1.00      0.00  iostat
08:28:22 PM     0    156782      1.00      0.00  pidstat
08:28:22 PM     0    156783      5.00      0.00  bash
08:28:22 PM     0    156784      7.00      0.00  bash
08:28:22 PM     0    156785      4.00      0.00  bash
08:28:22 PM     0    156787    100.00      0.00  fio
08:28:22 PM     0    157408      1.00      1.00  sleep
08:28:22 PM     0    157418      1.00      0.00  sleep
08:28:22 PM     0    157420      1.00      1.00  sleep

08:28:22 PM   UID       PID   cswch/s nvcswch/s  Command
08:28:23 PM     0        16      3.00      0.00  ksoftirqd/0
08:28:23 PM     0        17     25.00      0.00  rcu_preempt
08:28:23 PM     0        18      1.00      0.00  migration/0
08:28:23 PM     0        24      1.00      0.00  ksoftirqd/1
08:28:23 PM     0        30      2.00      0.00  ksoftirqd/2
08:28:23 PM     0        36      4.00      0.00  ksoftirqd/3
08:28:23 PM     0        42      4.00      0.00  ksoftirqd/4
08:28:23 PM     0        47      1.00      0.00  migration/5
08:28:23 PM     0        48      1.00      0.00  ksoftirqd/5
08:28:23 PM     0        54      1.00      0.00  ksoftirqd/6
08:28:23 PM     0        60      1.00      0.00  ksoftirqd/7
08:28:23 PM     0        65      1.00      0.00  migration/8
08:28:23 PM     0        66      2.00      0.00  ksoftirqd/8
08:28:23 PM     0        72      3.00      0.00  ksoftirqd/9
08:28:23 PM     0        78      1.00      0.00  ksoftirqd/10
08:28:23 PM     0        83      1.00      0.00  migration/11
08:28:23 PM     0        84      3.00      0.00  ksoftirqd/11
08:28:23 PM     0        95      2.00      0.00  kcompactd0
08:28:23 PM     0       188      1.00      0.00  kworker/2:1H-kblockd
08:28:23 PM     0       453      2.00      0.00  multipathd
08:28:23 PM     0     21554      1.00      0.00  packagekitd
08:28:23 PM     0     93573      4.00      0.00  kworker/5:1-events
08:28:23 PM     0     98256      2.00      0.00  kworker/u24:2-events_unbound
08:28:23 PM     0    112707      1.00      0.00  kworker/3:0-mm_percpu_wq
08:28:23 PM     0    118120      1.00      0.00  kworker/9:2-mm_percpu_wq
08:28:23 PM     0    123430      2.00      0.00  kworker/6:0-events
08:28:23 PM     0    133744      3.00      0.00  kworker/4:1-events
08:28:23 PM     0    140699      4.00      0.00  kworker/1:0-events
08:28:23 PM     0    143767      1.00      0.00  kworker/8:0-mm_percpu_wq
08:28:23 PM     0    146022      3.00      0.00  kworker/11:1-events
08:28:23 PM     0    147677      3.00      0.00  kworker/10:1-mm_percpu_wq
08:28:23 PM     0    152246      6.00      0.00  kworker/7:2-events
08:28:23 PM     0    154179      3.00      0.00  kworker/2:2-events
08:28:23 PM     0    155772      4.00      0.00  kworker/0:1-events
08:28:23 PM     0    156781      1.00      0.00  iostat
08:28:23 PM     0    156782      1.00      0.00  pidstat
08:28:23 PM     0    156783      5.00      0.00  bash
08:28:23 PM     0    156784      8.00      0.00  bash
08:28:23 PM     0    156785      4.00      0.00  bash
08:28:23 PM     0    156787     99.00      0.00  fio
08:28:23 PM     0    157423      1.00      0.00  sleep
08:28:23 PM     0    157433      1.00      0.00  sleep
08:28:23 PM     0    157435      1.00      0.00  sleep

08:28:23 PM   UID       PID   cswch/s nvcswch/s  Command
08:28:24 PM     0        16      2.00      0.00  ksoftirqd/0
08:28:24 PM     0        17     21.00      0.00  rcu_preempt
08:28:24 PM     0        24      1.00      0.00  ksoftirqd/1
08:28:24 PM     0        30      2.00      0.00  ksoftirqd/2
08:28:24 PM     0        36      2.00      0.00  ksoftirqd/3
08:28:24 PM     0        42      2.00      0.00  ksoftirqd/4
08:28:24 PM     0        48      3.00      0.00  ksoftirqd/5
08:28:24 PM     0        53      2.00      0.00  migration/6
08:28:24 PM     0        66      2.00      0.00  ksoftirqd/8
08:28:24 PM     0        72      2.00      0.00  ksoftirqd/9
08:28:24 PM     0        78      1.00      0.00  ksoftirqd/10
08:28:24 PM     0        84      5.00      0.00  ksoftirqd/11
08:28:24 PM     0        95      2.00      0.00  kcompactd0
08:28:24 PM     0       453      1.00      0.00  multipathd
08:28:24 PM     0     93573      1.00      0.00  kworker/5:1-mm_percpu_wq
08:28:24 PM     0     98256      2.00      0.00  kworker/u24:2-flush-259:1
08:28:24 PM     0    112707      2.00      0.00  kworker/3:0-events
08:28:24 PM     0    118120      3.00      0.00  kworker/9:2-events
08:28:24 PM     0    123430      2.00      0.00  kworker/6:0-events
08:28:24 PM     0    133744      5.00      0.00  kworker/4:1-events
08:28:24 PM     0    140699      5.00      0.00  kworker/1:0-events
08:28:24 PM     0    143767      3.00      0.00  kworker/8:0-events
08:28:24 PM     0    146022      2.00      0.00  kworker/11:1-events
08:28:24 PM     0    147677      2.00      0.00  kworker/10:1-events
08:28:24 PM     0    152246      4.00      0.00  kworker/7:2-events
08:28:24 PM     0    154179      5.00      0.00  kworker/2:2-events
08:28:24 PM     0    155772      3.00      0.00  kworker/0:1-events
08:28:24 PM     0    156170      5.00      0.00  kworker/u24:3-events_power_efficient
08:28:24 PM     0    156781      1.00      0.00  iostat
08:28:24 PM     0    156782      1.00      0.00  pidstat
08:28:24 PM     0    156783      5.00      0.00  bash
08:28:24 PM     0    156784      6.00      0.00  bash
08:28:24 PM     0    156785      4.00      0.00  bash
08:28:24 PM     0    156787     99.00      0.00  fio
08:28:24 PM     0    157438      1.00      0.00  sleep
08:28:24 PM     0    157449      1.00      0.00  sleep
08:28:24 PM     0    157450      1.00      1.00  sleep

08:28:24 PM   UID       PID   cswch/s nvcswch/s  Command
08:28:25 PM     0        16      3.00      0.00  ksoftirqd/0
08:28:25 PM     0        17     17.00      0.00  rcu_preempt
08:28:25 PM     0        23      1.00      0.00  migration/1
08:28:25 PM     0        24      3.00      0.00  ksoftirqd/1
08:28:25 PM     0        30      2.00      0.00  ksoftirqd/2
08:28:25 PM     0        36      2.00      0.00  ksoftirqd/3
08:28:25 PM     0        41      1.00      0.00  migration/4
08:28:25 PM     0        47      1.00      0.00  migration/5
08:28:25 PM     0        48      1.00      0.00  ksoftirqd/5
08:28:25 PM     0        54      2.00      0.00  ksoftirqd/6
08:28:25 PM     0        60      1.00      0.00  ksoftirqd/7
08:28:25 PM     0        66      3.00      0.00  ksoftirqd/8
08:28:25 PM     0        72      2.00      0.00  ksoftirqd/9
08:28:25 PM     0        78      2.00      0.00  ksoftirqd/10
08:28:25 PM     0        83      1.00      0.00  migration/11
08:28:25 PM     0        84      3.00      0.00  ksoftirqd/11
08:28:25 PM     0        95      2.00      0.00  kcompactd0
08:28:25 PM     0       194      1.00      0.00  kworker/8:1H-kblockd
08:28:25 PM     0       453      2.00      0.00  multipathd
08:28:25 PM     0       562      3.00      0.00  jbd2/nvme1n1p3-8
08:28:25 PM     0     93573      4.00      0.00  kworker/5:1-events
08:28:25 PM     0     98256      1.00      0.00  kworker/u24:2-events_power_efficient
08:28:25 PM     0    112707      2.00      0.00  kworker/3:0-mm_percpu_wq
08:28:25 PM     0    118120      3.00      0.00  kworker/9:2-events
08:28:25 PM     0    123430      1.00      0.00  kworker/6:0-mm_percpu_wq
08:28:25 PM     0    133744      4.00      0.00  kworker/4:1-events
08:28:25 PM     0    140699      4.00      0.00  kworker/1:0-events
08:28:25 PM     0    143767      3.00      0.00  kworker/8:0-events
08:28:25 PM     0    146022      3.00      0.00  kworker/11:1-events
08:28:25 PM     0    147677      1.00      0.00  kworker/10:1-mm_percpu_wq
08:28:25 PM     0    152246      3.00      0.00  kworker/7:2-events
08:28:25 PM     0    154179      1.00      0.00  kworker/2:2-mm_percpu_wq
08:28:25 PM     0    155772      3.00      0.00  kworker/0:1-events
08:28:25 PM     0    156170      3.00      0.00  kworker/u24:3-events_unbound
08:28:25 PM     0    156781      1.00      0.00  iostat
08:28:25 PM     0    156782      1.00      0.00  pidstat
08:28:25 PM     0    156783      5.00      0.00  bash
08:28:25 PM     0    156784      7.00      0.00  bash
08:28:25 PM     0    156785      4.00      0.00  bash
08:28:25 PM     0    156787    100.00      0.00  fio
08:28:25 PM     0    157453      1.00      0.00  sleep
08:28:25 PM     0    157464      1.00      0.00  sleep
08:28:25 PM     0    157465      1.00      0.00  sleep

08:28:25 PM   UID       PID   cswch/s nvcswch/s  Command
08:28:26 PM     0        16      4.00      0.00  ksoftirqd/0
08:28:26 PM     0        17     20.00      0.00  rcu_preempt
08:28:26 PM     0        18      2.00      0.00  migration/0
08:28:26 PM     0        23      2.00      0.00  migration/1
08:28:26 PM     0        24      2.00      0.00  ksoftirqd/1
08:28:26 PM     0        29      1.00      0.00  migration/2
08:28:26 PM     0        30      3.00      0.00  ksoftirqd/2
08:28:26 PM     0        35      1.00      0.00  migration/3
08:28:26 PM     0        36      3.00      0.00  ksoftirqd/3
08:28:26 PM     0        41      1.00      0.00  migration/4
08:28:26 PM     0        42      3.00      0.00  ksoftirqd/4
08:28:26 PM     0        47      2.00      0.00  migration/5
08:28:26 PM     0        48      3.00      0.00  ksoftirqd/5
08:28:26 PM     0        53      2.00      0.00  migration/6
08:28:26 PM     0        54      1.00      0.00  ksoftirqd/6
08:28:26 PM     0        59      1.00      0.00  migration/7
08:28:26 PM     0        60      1.00      0.00  ksoftirqd/7
08:28:26 PM     0        65      1.00      0.00  migration/8
08:28:26 PM     0        66      1.00      0.00  ksoftirqd/8
08:28:26 PM     0        71      1.00      0.00  migration/9
08:28:26 PM     0        72      1.00      0.00  ksoftirqd/9
08:28:26 PM     0        77      1.00      0.00  migration/10
08:28:26 PM     0        78      1.00      0.00  ksoftirqd/10
08:28:26 PM     0        83      2.00      0.00  migration/11
08:28:26 PM     0        84      2.00      0.00  ksoftirqd/11
08:28:26 PM     0        95      2.00      0.00  kcompactd0
08:28:26 PM     0       453      1.00      0.00  multipathd
08:28:26 PM     0     93573      3.00      0.00  kworker/5:1-events
08:28:26 PM     0    112707      3.00      0.00  kworker/3:0-events
08:28:26 PM     0    118120      2.00      0.00  kworker/9:2-events
08:28:26 PM     0    123430      4.00      0.00  kworker/6:0-events
08:28:26 PM     0    133744      3.00      0.00  kworker/4:1-events
08:28:26 PM     0    140699      2.00      0.00  kworker/1:0-events
08:28:26 PM     0    143767      1.00      0.00  kworker/8:0-mm_percpu_wq
08:28:26 PM     0    146022      1.00      0.00  kworker/11:1-mm_percpu_wq
08:28:26 PM     0    147677      1.00      0.00  kworker/10:1-mm_percpu_wq
08:28:26 PM     0    152246      7.00      0.00  kworker/7:2-events
08:28:26 PM     0    154179      2.00      0.00  kworker/2:2-events
08:28:26 PM     0    155772      4.00      0.00  kworker/0:1-events
08:28:26 PM     0    156170      1.00      0.00  kworker/u24:3-edac-poller
08:28:26 PM     0    156781      1.00      0.00  iostat
08:28:26 PM     0    156782      1.00      0.00  pidstat
08:28:26 PM     0    156783      5.00      0.00  bash
08:28:26 PM     0    156784      6.00      0.00  bash
08:28:26 PM     0    156785      4.00      0.00  bash
08:28:26 PM     0    156787     99.00      0.00  fio
08:28:26 PM     0    157468      1.00      0.00  sleep
08:28:26 PM     0    157478      1.00      1.00  sleep
08:28:26 PM     0    157480      1.00      0.00  sleep

08:28:26 PM   UID       PID   cswch/s nvcswch/s  Command
08:28:27 PM     0         1      1.00      0.00  systemd
08:28:27 PM     0        16      3.00      0.00  ksoftirqd/0
08:28:27 PM     0        17     22.00      0.00  rcu_preempt
08:28:27 PM     0        23      1.00      0.00  migration/1
08:28:27 PM     0        24      2.00      0.00  ksoftirqd/1
08:28:27 PM     0        30      1.00      0.00  ksoftirqd/2
08:28:27 PM     0        36      2.00      0.00  ksoftirqd/3
08:28:27 PM     0        41      1.00      0.00  migration/4
08:28:27 PM     0        42      1.00      0.00  ksoftirqd/4
08:28:27 PM     0        48      2.00      0.00  ksoftirqd/5
08:28:27 PM     0        53      1.00      0.00  migration/6
08:28:27 PM     0        54      4.00      0.00  ksoftirqd/6
08:28:27 PM     0        59      3.00      0.00  migration/7
08:28:27 PM     0        66      3.00      0.00  ksoftirqd/8
08:28:27 PM     0        78      3.00      0.00  ksoftirqd/10
08:28:27 PM     0        95      2.00      0.00  kcompactd0
08:28:27 PM     0       415      1.00      0.00  systemd-journal
08:28:27 PM     0       453      1.00      0.00  multipathd
08:28:27 PM     0     93573      3.00      0.00  kworker/5:1-events
08:28:27 PM     0    112707      3.00      0.00  kworker/3:0-mm_percpu_wq
08:28:27 PM     0    118120      1.00      0.00  kworker/9:2-mm_percpu_wq
08:28:27 PM     0    123430      1.00      0.00  kworker/6:0-mm_percpu_wq
08:28:27 PM     0    133744      1.00      0.00  kworker/4:1-mm_percpu_wq
08:28:27 PM     0    140699      6.00      0.00  kworker/1:0-events
08:28:27 PM     0    143767      3.00      0.00  kworker/8:0-events
08:28:27 PM     0    146022      3.00      0.00  kworker/11:1-events
08:28:27 PM     0    147677      1.00      0.00  kworker/10:1-mm_percpu_wq
08:28:27 PM     0    152246      6.00      0.00  kworker/7:2-events
08:28:27 PM     0    154179      4.00      0.00  kworker/2:2-events
08:28:27 PM     0    155772      1.00      0.00  kworker/0:1-events
08:28:27 PM     0    156170      1.00      0.00  kworker/u24:3-edac-poller
08:28:27 PM     0    156781      1.00      0.00  iostat
08:28:27 PM     0    156782      1.00      0.00  pidstat
08:28:27 PM     0    156783      5.00      0.00  bash
08:28:27 PM     0    156784      7.00      0.00  bash
08:28:27 PM     0    156785      4.00      0.00  bash
08:28:27 PM     0    156787    100.00      0.00  fio
08:28:27 PM     0    157483      1.00      0.00  sleep
08:28:27 PM     0    157493      1.00      0.00  sleep
08:28:27 PM     0    157495      1.00      0.00  sleep

08:28:27 PM   UID       PID   cswch/s nvcswch/s  Command
08:28:28 PM     0        16      3.00      0.00  ksoftirqd/0
08:28:28 PM     0        17     18.00      0.00  rcu_preempt
08:28:28 PM     0        23      1.00      0.00  migration/1
08:28:28 PM     0        24      1.00      0.00  ksoftirqd/1
08:28:28 PM     0        30      3.00      0.00  ksoftirqd/2
08:28:28 PM     0        36      2.00      0.00  ksoftirqd/3
08:28:28 PM     0        42      3.00      0.00  ksoftirqd/4
08:28:28 PM     0        47      1.00      0.00  migration/5
08:28:28 PM     0        48      4.00      0.00  ksoftirqd/5
08:28:28 PM     0        53      1.00      0.00  migration/6
08:28:28 PM     0        65      1.00      0.00  migration/8
08:28:28 PM     0        66      1.00      0.00  ksoftirqd/8
08:28:28 PM     0        72      3.00      0.00  ksoftirqd/9
08:28:28 PM     0        77      1.00      0.00  migration/10
08:28:28 PM     0        78      2.00      0.00  ksoftirqd/10
08:28:28 PM     0        84      2.00      0.00  ksoftirqd/11
08:28:28 PM     0        95      2.00      0.00  kcompactd0
08:28:28 PM     0       453      1.00      0.00  multipathd
08:28:28 PM     0     93573      2.00      0.00  kworker/5:1-events
08:28:28 PM     0    112707      2.00      0.00  kworker/3:0-events
08:28:28 PM     0    118120      2.00      0.00  kworker/9:2-events
08:28:28 PM     0    123430      5.00      0.00  kworker/6:0-events
08:28:28 PM     0    133744      2.00      0.00  kworker/4:1-events
08:28:28 PM     0    140699      4.00      0.00  kworker/1:0-events
08:28:28 PM     0    143767      3.00      0.00  kworker/8:0-events
08:28:28 PM     0    146022      4.00      0.00  kworker/11:1-events
08:28:28 PM     0    147677      1.00      0.00  kworker/10:1-mm_percpu_wq
08:28:28 PM     0    152246      4.00      0.00  kworker/7:2-events
08:28:28 PM     0    154179      2.00      0.00  kworker/2:2-events
08:28:28 PM     0    155772      3.00      0.00  kworker/0:1-events
08:28:28 PM     0    156170      2.00      0.00  kworker/u24:3-edac-poller
08:28:28 PM     0    156781      1.00      0.00  iostat
08:28:28 PM     0    156782      1.00      0.00  pidstat
08:28:28 PM     0    156783      5.00      0.00  bash
08:28:28 PM     0    156784      8.00      0.00  bash
08:28:28 PM     0    156785      4.00      0.00  bash
08:28:28 PM     0    156787     99.00      0.00  fio
08:28:28 PM     0    157498      1.00      0.00  sleep
08:28:28 PM     0    157509      1.00      0.00  sleep
08:28:28 PM     0    157510      1.00      0.00  sleep

08:28:28 PM   UID       PID   cswch/s nvcswch/s  Command
08:28:29 PM     0        16      3.00      0.00  ksoftirqd/0
08:28:29 PM     0        17     21.00      0.00  rcu_preempt
08:28:29 PM     0        24      2.00      0.00  ksoftirqd/1
08:28:29 PM     0        29      1.00      0.00  migration/2
08:28:29 PM     0        30      2.00      0.00  ksoftirqd/2
08:28:29 PM     0        36      4.00      0.00  ksoftirqd/3
08:28:29 PM     0        41      5.00      0.00  migration/4
08:28:29 PM     0        47      1.00      0.00  migration/5
08:28:29 PM     0        54      3.00      1.00  ksoftirqd/6
08:28:29 PM     0        59      1.00      0.00  migration/7
08:28:29 PM     0        60      1.00      0.00  ksoftirqd/7
08:28:29 PM     0        66      4.00      0.00  ksoftirqd/8
08:28:29 PM     0        72      1.00      0.00  ksoftirqd/9
08:28:29 PM     0        77      1.00      0.00  migration/10
08:28:29 PM     0        78      1.00      0.00  ksoftirqd/10
08:28:29 PM     0        83      1.00      0.00  migration/11
08:28:29 PM     0        95      2.00      0.00  kcompactd0
08:28:29 PM     0       102      1.00      0.00  irq/9-acpi
08:28:29 PM     0       194      1.00      0.00  kworker/8:1H-kblockd
08:28:29 PM     0       195      1.00      0.00  kworker/6:1H-kblockd
08:28:29 PM     0       453      1.00      0.00  multipathd
08:28:29 PM     0     93573      2.00      0.00  kworker/5:1-events
08:28:29 PM     0     98256      6.00      0.00  kworker/u24:2-events_unbound
08:28:29 PM     0    112707      5.00      0.00  kworker/3:0-events
08:28:29 PM     0    118120      2.00      0.00  kworker/9:2-mm_percpu_wq
08:28:29 PM     0    123430      2.00      0.00  kworker/6:0-mm_percpu_wq
08:28:29 PM     0    133744   1140.00      1.00  kworker/4:1-events
08:28:29 PM     0    140699      4.00      0.00  kworker/1:0-events
08:28:29 PM     0    143767      3.00      0.00  kworker/8:0-events
08:28:29 PM     0    146022      2.00      0.00  kworker/11:1-events
08:28:29 PM     0    147677      3.00      0.00  kworker/10:1-events
08:28:29 PM     0    152246      5.00      0.00  kworker/7:2-events
08:28:29 PM     0    154179      3.00      0.00  kworker/2:2-events
08:28:29 PM     0    155772      2.00      0.00  kworker/0:1-kacpi_notify
08:28:29 PM     0    156170      1.00      0.00  kworker/u24:3-flush-259:1
08:28:29 PM     0    156781      1.00      0.00  iostat
08:28:29 PM     0    156782      1.00      0.00  pidstat
08:28:29 PM     0    156783      5.00      0.00  bash
08:28:29 PM     0    156784      7.00      0.00  bash
08:28:29 PM     0    156785      4.00      0.00  bash
08:28:29 PM     0    156787    100.00      0.00  fio
08:28:29 PM     0    157360   1135.00      0.00  kworker/4:2-i915-unordered
08:28:29 PM     0    157513      1.00      0.00  sleep
08:28:29 PM     0    157524      1.00      1.00  sleep
08:28:29 PM     0    157525      1.00      0.00  sleep

08:28:29 PM   UID       PID   cswch/s nvcswch/s  Command
08:28:30 PM     0        16      2.00      0.00  ksoftirqd/0
08:28:30 PM     0        17     21.00      0.00  rcu_preempt
08:28:30 PM     0        18      2.00      0.00  migration/0
08:28:30 PM     0        23      2.00      0.00  migration/1
08:28:30 PM     0        24      3.00      0.00  ksoftirqd/1
08:28:30 PM     0        29      1.00      0.00  migration/2
08:28:30 PM     0        35      1.00      0.00  migration/3
08:28:30 PM     0        36      2.00      0.00  ksoftirqd/3
08:28:30 PM     0        41      1.00      0.00  migration/4
08:28:30 PM     0        42      1.00      0.00  ksoftirqd/4
08:28:30 PM     0        47      1.00      0.00  migration/5
08:28:30 PM     0        48      2.00      0.00  ksoftirqd/5
08:28:30 PM     0        53      1.00      0.00  migration/6
08:28:30 PM     0        54      4.00      0.00  ksoftirqd/6
08:28:30 PM     0        59      1.00      0.00  migration/7
08:28:30 PM     0        60      1.00      0.00  ksoftirqd/7
08:28:30 PM     0        65      1.00      0.00  migration/8
08:28:30 PM     0        66      3.00      0.00  ksoftirqd/8
08:28:30 PM     0        71      1.00      0.00  migration/9
08:28:30 PM     0        72      3.00      0.00  ksoftirqd/9
08:28:30 PM     0        77      1.00      0.00  migration/10
08:28:30 PM     0        78      2.00      0.00  ksoftirqd/10
08:28:30 PM     0        83      2.00      0.00  migration/11
08:28:30 PM     0        84      3.00      0.00  ksoftirqd/11
08:28:30 PM     0        95      2.00      0.00  kcompactd0
08:28:30 PM     0       453      2.00      0.00  multipathd
08:28:30 PM     0       562      3.00      0.00  jbd2/nvme1n1p3-8
08:28:30 PM     0     93573      3.00      0.00  kworker/5:1-events
08:28:30 PM     0     98256      2.00      0.00  kworker/u24:2-events_power_efficient
08:28:30 PM     0    112707      1.00      0.00  kworker/3:0-mm_percpu_wq
08:28:30 PM     0    118120      2.00      0.00  kworker/9:2-events
08:28:30 PM     0    123430      3.00      0.00  kworker/6:0-events
08:28:30 PM     0    140699      4.00      0.00  kworker/1:0-events
08:28:30 PM     0    143767      3.00      0.00  kworker/8:0-events
08:28:30 PM     0    146022      2.00      0.00  kworker/11:1-events
08:28:30 PM     0    147677      3.00      0.00  kworker/10:1-events
08:28:30 PM     0    152246      3.00      0.00  kworker/7:2-events
08:28:30 PM     0    154179      3.00      0.00  kworker/2:2-events
08:28:30 PM     0    155772      2.00      0.00  kworker/0:1-events
08:28:30 PM     0    156170      2.00      0.00  kworker/u24:3-edac-poller
08:28:30 PM     0    156781      1.00      0.00  iostat
08:28:30 PM     0    156782      1.00      0.00  pidstat
08:28:30 PM     0    156783      4.00      0.00  bash
08:28:30 PM     0    156784      6.00      0.00  bash
08:28:30 PM     0    156785      4.00      0.00  bash
08:28:30 PM     0    156787     99.00      0.00  fio
08:28:30 PM     0    157360      4.00      0.00  kworker/4:2-events
08:28:30 PM     0    157528      1.00      0.00  sleep
08:28:30 PM     0    157539      1.00      0.00  sleep
08:28:30 PM     0    157540      1.00      0.00  sleep

08:28:30 PM   UID       PID   cswch/s nvcswch/s  Command
08:28:31 PM     0        16      2.00      0.00  ksoftirqd/0
08:28:31 PM     0        17     22.00      0.00  rcu_preempt
08:28:31 PM     0        18      1.00      0.00  migration/0
08:28:31 PM     0        23      1.00      0.00  migration/1
08:28:31 PM     0        30      3.00      0.00  ksoftirqd/2
08:28:31 PM     0        35      1.00      0.00  migration/3
08:28:31 PM     0        36      1.00      0.00  ksoftirqd/3
08:28:31 PM     0        41      1.00      0.00  migration/4
08:28:31 PM     0        42      1.00      0.00  ksoftirqd/4
08:28:31 PM     0        47      1.00      0.00  migration/5
08:28:31 PM     0        48      1.00      0.00  ksoftirqd/5
08:28:31 PM     0        54      3.00      0.00  ksoftirqd/6
08:28:31 PM     0        59      2.00      0.00  migration/7
08:28:31 PM     0        60      2.00      0.00  ksoftirqd/7
08:28:31 PM     0        66      2.00      0.00  ksoftirqd/8
08:28:31 PM     0        71      2.00      0.00  migration/9
08:28:31 PM     0        72      2.00      0.00  ksoftirqd/9
08:28:31 PM     0        84      4.00      0.00  ksoftirqd/11
08:28:31 PM     0        95      2.00      0.00  kcompactd0
08:28:31 PM     0       192      1.00      0.00  kworker/7:1H-kblockd
08:28:31 PM     0       453      1.00      0.00  multipathd
08:28:31 PM     0     93573      2.00      0.00  kworker/5:1-events
08:28:31 PM     0    112707      3.00      0.00  kworker/3:0-events
08:28:31 PM     0    118120      2.00      0.00  kworker/9:2-events
08:28:31 PM     0    123430      4.00      0.00  kworker/6:0-events
08:28:31 PM     0    140699      4.00      0.00  kworker/1:0-events
08:28:31 PM     0    143767      2.00      0.00  kworker/8:0-events
08:28:31 PM     0    146022      4.00      0.00  kworker/11:1-events
08:28:31 PM     0    147677      2.00      0.00  kworker/10:1-events
08:28:31 PM     0    152246      4.00      0.00  kworker/7:2-events
08:28:31 PM     0    154179      2.00      0.00  kworker/2:2-mm_percpu_wq
08:28:31 PM     0    155772      3.00      0.00  kworker/0:1-events
08:28:31 PM     0    156170      1.00      0.00  kworker/u24:3-edac-poller
08:28:31 PM     0    156781      1.00      0.00  iostat
08:28:31 PM     0    156782      1.00      0.00  pidstat
08:28:31 PM     0    156783      5.00      0.00  bash
08:28:31 PM     0    156784      7.00      0.00  bash
08:28:31 PM     0    156785      4.00      0.00  bash
08:28:31 PM     0    156787     99.00      0.00  fio
08:28:31 PM     0    157360      3.00      0.00  kworker/4:2-events
08:28:31 PM     0    157543      1.00      0.00  sleep
08:28:31 PM     0    157554      1.00      1.00  sleep
08:28:31 PM     0    157555      1.00      1.00  sleep

08:28:31 PM   UID       PID   cswch/s nvcswch/s  Command
08:28:32 PM     0        16      6.00      0.00  ksoftirqd/0
08:28:32 PM     0        17     22.00      0.00  rcu_preempt
08:28:32 PM     0        23      1.00      0.00  migration/1
08:28:32 PM     0        24      2.00      0.00  ksoftirqd/1
08:28:32 PM     0        29      1.00      0.00  migration/2
08:28:32 PM     0        36      2.00      0.00  ksoftirqd/3
08:28:32 PM     0        41      1.00      0.00  migration/4
08:28:32 PM     0        42      1.00      0.00  ksoftirqd/4
08:28:32 PM     0        48      3.00      0.00  ksoftirqd/5
08:28:32 PM     0        54      1.00      0.00  ksoftirqd/6
08:28:32 PM     0        59      1.00      0.00  migration/7
08:28:32 PM     0        60      1.00      0.00  ksoftirqd/7
08:28:32 PM     0        66      4.00      0.00  ksoftirqd/8
08:28:32 PM     0        72      4.00      0.00  ksoftirqd/9
08:28:32 PM     0        77      1.00      0.00  migration/10
08:28:32 PM     0        78      1.00      0.00  ksoftirqd/10
08:28:32 PM     0        95      2.00      0.00  kcompactd0
08:28:32 PM     0       453      1.00      0.00  multipathd
08:28:32 PM     0     93573      2.00      0.00  kworker/5:1-mm_percpu_wq
08:28:32 PM     0    112707      5.00      0.00  kworker/3:0-events
08:28:32 PM     0    118120      2.00      0.00  kworker/9:2-events
08:28:32 PM     0    123430      2.00      0.00  kworker/6:0-events
08:28:32 PM     0    140699      3.00      0.00  kworker/1:0-events
08:28:32 PM     0    143767      3.00      0.00  kworker/8:0-events
08:28:32 PM     0    146022      2.00      0.00  kworker/11:1-events
08:28:32 PM     0    147677      2.00      0.00  kworker/10:1-events
08:28:32 PM     0    152246      4.00      0.00  kworker/7:2-events
08:28:32 PM     0    154179      1.00      0.00  kworker/2:2-mm_percpu_wq
08:28:32 PM     0    155772      2.00      0.00  kworker/0:1-events
08:28:32 PM     0    156170      2.00      0.00  kworker/u24:3-edac-poller
08:28:32 PM     0    156781      1.00      0.00  iostat
08:28:32 PM     0    156782      1.00      0.00  pidstat
08:28:32 PM     0    156783      5.00      0.00  bash
08:28:32 PM     0    156784      8.00      0.00  bash
08:28:32 PM     0    156785      4.00      0.00  bash
08:28:32 PM     0    156787    100.00      0.00  fio
08:28:32 PM     0    157360      2.00      0.00  kworker/4:2-events
08:28:32 PM     0    157558      1.00      0.00  sleep
08:28:32 PM     0    157569      1.00      0.00  sleep
08:28:32 PM     0    157570      1.00      0.00  sleep

08:28:32 PM   UID       PID   cswch/s nvcswch/s  Command
08:28:33 PM     0        16      3.00      0.00  ksoftirqd/0
08:28:33 PM     0        17     18.00      0.00  rcu_preempt
08:28:33 PM     0        24      4.00      0.00  ksoftirqd/1
08:28:33 PM     0        30      1.00      0.00  ksoftirqd/2
08:28:33 PM     0        36      5.00      0.00  ksoftirqd/3
08:28:33 PM     0        41      1.00      0.00  migration/4
08:28:33 PM     0        42      3.00      0.00  ksoftirqd/4
08:28:33 PM     0        48      3.00      0.00  ksoftirqd/5
08:28:33 PM     0        54      2.00      0.00  ksoftirqd/6
08:28:33 PM     0        59      1.00      0.00  migration/7
08:28:33 PM     0        65      1.00      0.00  migration/8
08:28:33 PM     0        66      2.00      0.00  ksoftirqd/8
08:28:33 PM     0        71      1.00      0.00  migration/9
08:28:33 PM     0        72      2.00      0.00  ksoftirqd/9
08:28:33 PM     0        77      1.00      0.00  migration/10
08:28:33 PM     0        78      4.00      0.00  ksoftirqd/10
08:28:33 PM     0        84      4.00      0.00  ksoftirqd/11
08:28:33 PM     0        95      2.00      0.00  kcompactd0
08:28:33 PM     0       453      1.00      0.00  multipathd
08:28:33 PM     0     21554      1.00      0.00  packagekitd
08:28:33 PM     0     93573      2.00      0.00  kworker/5:1-events
08:28:33 PM     0    112707      4.00      0.00  kworker/3:0-events
08:28:33 PM     0    118120      1.00      0.00  kworker/9:2-mm_percpu_wq
08:28:33 PM     0    123430      3.00      0.00  kworker/6:0-events
08:28:33 PM     0    140699      3.00      0.00  kworker/1:0-events
08:28:33 PM     0    143767      2.00      0.00  kworker/8:0-events
08:28:33 PM     0    146022      3.00      0.00  kworker/11:1-events
08:28:33 PM     0    147677      1.00      0.00  kworker/10:1-mm_percpu_wq
08:28:33 PM     0    152246      4.00      0.00  kworker/7:2-events
08:28:33 PM     0    154179      2.00      0.00  kworker/2:2-events
08:28:33 PM     0    155772      5.00      0.00  kworker/0:1-events
08:28:33 PM     0    156170      1.00      0.00  kworker/u24:3-edac-poller
08:28:33 PM     0    156781      1.00      0.00  iostat
08:28:33 PM     0    156782      1.00      0.00  pidstat
08:28:33 PM     0    156783      5.00      0.00  bash
08:28:33 PM     0    156784      6.00      0.00  bash
08:28:33 PM     0    156785      4.00      0.00  bash
08:28:33 PM     0    156787     99.00      0.00  fio
08:28:33 PM     0    157360      2.00      0.00  kworker/4:2-events
08:28:33 PM     0    157573      1.00      1.00  sleep
08:28:33 PM     0    157584      1.00      0.00  sleep
08:28:33 PM     0    157585      1.00      0.00  sleep

08:28:33 PM   UID       PID   cswch/s nvcswch/s  Command
08:28:34 PM     0        16      1.00      0.00  ksoftirqd/0
08:28:34 PM     0        17     12.00      0.00  rcu_preempt
08:28:34 PM     0        18      1.00      0.00  migration/0
08:28:34 PM     0        23      1.00      0.00  migration/1
08:28:34 PM     0        24      3.00      0.00  ksoftirqd/1
08:28:34 PM     0        29      2.00      0.00  migration/2
08:28:34 PM     0        30      3.00      0.00  ksoftirqd/2
08:28:34 PM     0        35      1.00      0.00  migration/3
08:28:34 PM     0        36      3.00      0.00  ksoftirqd/3
08:28:34 PM     0        41      2.00      0.00  migration/4
08:28:34 PM     0        47      3.00      0.00  migration/5
08:28:34 PM     0        48      2.00      0.00  ksoftirqd/5
08:28:34 PM     0        53      1.00      0.00  migration/6
08:28:34 PM     0        54      2.00      1.00  ksoftirqd/6
08:28:34 PM     0        59      2.00      0.00  migration/7
08:28:34 PM     0        65      1.00      0.00  migration/8
08:28:34 PM     0        66      3.00      0.00  ksoftirqd/8
08:28:34 PM     0        71      1.00      0.00  migration/9
08:28:34 PM     0        72      2.00      0.00  ksoftirqd/9
08:28:34 PM     0        77      2.00      0.00  migration/10
08:28:34 PM     0        78      2.00      0.00  ksoftirqd/10
08:28:34 PM     0        83      1.00      0.00  migration/11
08:28:34 PM     0        84      2.00      0.00  ksoftirqd/11
08:28:34 PM     0        95      2.00      0.00  kcompactd0
08:28:34 PM     0       453      1.00      0.00  multipathd
08:28:34 PM     0     93573      2.00      0.00  kworker/5:1-events
08:28:34 PM     0    112707      1.00      0.00  kworker/3:0-mm_percpu_wq
08:28:34 PM     0    118120      2.00      0.00  kworker/9:2-events
08:28:34 PM     0    123430      2.00      0.00  kworker/6:0-events
08:28:34 PM     0    140699      6.00      0.00  kworker/1:0-events
08:28:34 PM     0    143767      1.00      0.00  kworker/8:0-mm_percpu_wq
08:28:34 PM     0    146022      2.00      0.00  kworker/11:1-events
08:28:34 PM     0    147677      1.00      0.00  kworker/10:1-mm_percpu_wq
08:28:34 PM     0    152246      2.00      0.00  kworker/7:2-events
08:28:34 PM     0    154179      3.00      0.00  kworker/2:2-events
08:28:34 PM     0    155772      3.00      0.00  kworker/0:1-events
08:28:34 PM     0    156170      3.00      0.00  kworker/u24:3-edac-poller
08:28:34 PM     0    156781      1.00      0.00  iostat
08:28:34 PM     0    156782      1.00      0.00  pidstat
08:28:34 PM     0    156783      2.00      0.00  bash
08:28:34 PM     0    156784      4.00      0.00  bash
08:28:34 PM     0    156785      4.00      0.00  bash
08:28:34 PM     0    156787    100.00      0.00  fio
08:28:34 PM     0    157360      3.00      0.00  kworker/4:2-events
08:28:34 PM     0    157588      1.00      0.00  sleep

08:28:34 PM   UID       PID   cswch/s nvcswch/s  Command
08:28:35 PM     0        16      2.00      0.00  ksoftirqd/0
08:28:35 PM     0        17     19.00      0.00  rcu_preempt
08:28:35 PM     0        24      2.00      0.00  ksoftirqd/1
08:28:35 PM     0        29      1.00      0.00  migration/2
08:28:35 PM     0        30      2.00      0.00  ksoftirqd/2
08:28:35 PM     0        36      1.00      0.00  ksoftirqd/3
08:28:35 PM     0        42      1.00      0.00  ksoftirqd/4
08:28:35 PM     0        48      2.00      0.00  ksoftirqd/5
08:28:35 PM     0        54      1.00      0.00  ksoftirqd/6
08:28:35 PM     0        60      2.00      0.00  ksoftirqd/7
08:28:35 PM     0        72      1.00      0.00  ksoftirqd/9
08:28:35 PM     0        78      3.00      0.00  ksoftirqd/10
08:28:35 PM     0        84      2.00      0.00  ksoftirqd/11
08:28:35 PM     0        95      2.00      0.00  kcompactd0
08:28:35 PM     0       113      1.00      0.00  kworker/5:1H-kblockd
08:28:35 PM     0       172      1.00      0.00  kworker/3:1H-kblockd
08:28:35 PM     0       188      1.00      0.00  kworker/2:1H-kblockd
08:28:35 PM     0       453      1.00      0.00  multipathd
08:28:35 PM     0       562      3.00      0.00  jbd2/nvme1n1p3-8
08:28:35 PM     0     93573      1.00      0.00  kworker/5:1-mm_percpu_wq
08:28:35 PM     0     98256      1.00      0.00  kworker/u24:2-events_power_efficient
08:28:35 PM     0    112707      4.00      0.00  kworker/3:0-events
08:28:35 PM     0    118120      2.00      0.00  kworker/9:2-events
08:28:35 PM     0    123430      4.00      0.00  kworker/6:0-events
08:28:35 PM     0    140699      3.00      0.00  kworker/1:0-events
08:28:35 PM     0    143767      3.00      0.00  kworker/8:0-events
08:28:35 PM     0    146022      1.00      0.00  kworker/11:1-mm_percpu_wq
08:28:35 PM     0    147677      2.00      0.00  kworker/10:1-events
08:28:35 PM     0    152246      6.00      0.00  kworker/7:2-events
08:28:35 PM     0    154179      1.00      0.00  kworker/2:2-mm_percpu_wq
08:28:35 PM     0    154838      4.00      0.00  kworker/u24:0-edac-poller
08:28:35 PM     0    155772      1.00      0.00  kworker/0:1-events
08:28:35 PM     0    156170      3.00      0.00  kworker/u24:3-flush-259:1
08:28:35 PM     0    156781      1.00      0.00  iostat
08:28:35 PM     0    156782      1.00      0.00  pidstat
08:28:35 PM     0    156783      3.00      0.00  bash
08:28:35 PM     0    156784      3.00      0.00  bash
08:28:35 PM     0    156785      4.00      0.00  bash
08:28:35 PM     0    156787     99.00      0.00  fio
08:28:35 PM     0    157360      3.00      0.00  kworker/4:2-events
08:28:35 PM     0    157599      1.00      0.00  sleep
08:28:35 PM     0    157600      1.00      0.00  sleep
08:28:35 PM     0    157603      1.00      0.00  sleep

08:28:35 PM   UID       PID   cswch/s nvcswch/s  Command
08:28:36 PM     0         1      1.00      0.00  systemd
08:28:36 PM     0        16      2.00      0.00  ksoftirqd/0
08:28:36 PM     0        17     26.00      0.00  rcu_preempt
08:28:36 PM     0        24      5.00      0.00  ksoftirqd/1
08:28:36 PM     0        30      4.00      0.00  ksoftirqd/2
08:28:36 PM     0        36      4.00      0.00  ksoftirqd/3
08:28:36 PM     0        42      2.00      0.00  ksoftirqd/4
08:28:36 PM     0        47      1.00      0.00  migration/5
08:28:36 PM     0        48      1.00      0.00  ksoftirqd/5
08:28:36 PM     0        53      1.00      0.00  migration/6
08:28:36 PM     0        54      1.00      0.00  ksoftirqd/6
08:28:36 PM     0        66      3.00      0.00  ksoftirqd/8
08:28:36 PM     0        71      1.00      0.00  migration/9
08:28:36 PM     0        78      3.00      0.00  ksoftirqd/10
08:28:36 PM     0        83      1.00      0.00  migration/11
08:28:36 PM     0        95      2.00      0.00  kcompactd0
08:28:36 PM     0       453      2.00      0.00  multipathd
08:28:36 PM   101       608      1.00      0.00  systemd-network
08:28:36 PM     0     93573      2.00      0.00  kworker/5:1-events
08:28:36 PM     0    112707      1.00      0.00  kworker/3:0-mm_percpu_wq
08:28:36 PM     0    118120      1.00      0.00  kworker/9:2-mm_percpu_wq
08:28:36 PM     0    123430      4.00      0.00  kworker/6:0-events
08:28:36 PM     0    140699      4.00      0.00  kworker/1:0-events
08:28:36 PM     0    143767      5.00      0.00  kworker/8:0-events
08:28:36 PM     0    146022      2.00      0.00  kworker/11:1-events
08:28:36 PM     0    147677      2.00      0.00  kworker/10:1-events
08:28:36 PM     0    152246      7.00      0.00  kworker/7:2-events
08:28:36 PM     0    154179      2.00      0.00  kworker/2:2-mm_percpu_wq
08:28:36 PM     0    154838      2.00      0.00  kworker/u24:0-edac-poller
08:28:36 PM     0    155772      3.00      0.00  kworker/0:1-events
08:28:36 PM     0    156781      1.00      0.00  iostat
08:28:36 PM     0    156782      1.00      0.00  pidstat
08:28:36 PM     0    156783      5.00      0.00  bash
08:28:36 PM     0    156784      7.00      0.00  bash
08:28:36 PM     0    156785      4.00      0.00  bash
08:28:36 PM     0    156787     99.00      0.00  fio
08:28:36 PM     0    157360      1.00      0.00  kworker/4:2-mm_percpu_wq
08:28:36 PM     0    157613      1.00      0.00  sleep
08:28:36 PM     0    157615      1.00      0.00  sleep
08:28:36 PM     0    157618      1.00      0.00  sleep

08:28:36 PM   UID       PID   cswch/s nvcswch/s  Command
08:28:37 PM     0         1      1.00      0.00  systemd
08:28:37 PM     0        16      5.00      0.00  ksoftirqd/0
08:28:37 PM     0        17     24.00      0.00  rcu_preempt
08:28:37 PM     0        24      4.00      0.00  ksoftirqd/1
08:28:37 PM     0        29      1.00      0.00  migration/2
08:28:37 PM     0        30      6.00      0.00  ksoftirqd/2
08:28:37 PM     0        36      2.00      0.00  ksoftirqd/3
08:28:37 PM     0        41      1.00      0.00  migration/4
08:28:37 PM     0        42      1.00      0.00  ksoftirqd/4
08:28:37 PM     0        54      2.00      0.00  ksoftirqd/6
08:28:37 PM     0        60      1.00      0.00  ksoftirqd/7
08:28:37 PM     0        66      3.00      0.00  ksoftirqd/8
08:28:37 PM     0        72      3.00      0.00  ksoftirqd/9
08:28:37 PM     0        77      2.00      0.00  migration/10
08:28:37 PM     0        84      5.00      0.00  ksoftirqd/11
08:28:37 PM     0        95      2.00      0.00  kcompactd0
08:28:37 PM     0       453      1.00      0.00  multipathd
08:28:37 PM   102       621      1.00      0.00  systemd-resolve
08:28:37 PM     0       643      1.00      0.00  systemd-logind
08:28:37 PM     0     93573      3.00      0.00  kworker/5:1-events
08:28:37 PM     0    112707      1.00      0.00  kworker/3:0-mm_percpu_wq
08:28:37 PM     0    118120      1.00      0.00  kworker/9:2-mm_percpu_wq
08:28:37 PM     0    123430      2.00      0.00  kworker/6:0-mm_percpu_wq
08:28:37 PM     0    140699      5.00      0.00  kworker/1:0-events
08:28:37 PM     0    143767      3.00      0.00  kworker/8:0-events
08:28:37 PM     0    146022      3.00      0.00  kworker/11:1-events
08:28:37 PM     0    147677      1.00      0.00  kworker/10:1-mm_percpu_wq
08:28:37 PM     0    152246      7.00      0.00  kworker/7:2-events
08:28:37 PM     0    154179      4.00      0.00  kworker/2:2-events
08:28:37 PM     0    154838      1.00      0.00  kworker/u24:0-edac-poller
08:28:37 PM     0    155772      2.00      0.00  kworker/0:1-events
08:28:37 PM     0    156781      1.00      0.00  iostat
08:28:37 PM     0    156782      1.00      0.00  pidstat
08:28:37 PM     0    156783      5.00      0.00  bash
08:28:37 PM     0    156784      7.00      0.00  bash
08:28:37 PM     0    156785      4.00      0.00  bash
08:28:37 PM     0    156787    100.00      0.00  fio
08:28:37 PM     0    157360      2.00      0.00  kworker/4:2-mm_percpu_wq
08:28:37 PM     0    157629      1.00      0.00  sleep
08:28:37 PM     0    157630      1.00      0.00  sleep
08:28:37 PM     0    157633      1.00      0.00  sleep

08:28:37 PM   UID       PID   cswch/s nvcswch/s  Command
08:28:38 PM     0        16      6.00      0.00  ksoftirqd/0
08:28:38 PM     0        17     18.00      0.00  rcu_preempt
08:28:38 PM     0        18      1.00      0.00  migration/0
08:28:38 PM     0        23      2.00      0.00  migration/1
08:28:38 PM     0        24      3.00      0.00  ksoftirqd/1
08:28:38 PM     0        29      1.00      0.00  migration/2
08:28:38 PM     0        30      3.00      0.00  ksoftirqd/2
08:28:38 PM     0        35      1.00      0.00  migration/3
08:28:38 PM     0        36      5.00      0.00  ksoftirqd/3
08:28:38 PM     0        41      2.00      0.00  migration/4
08:28:38 PM     0        42      3.00      0.00  ksoftirqd/4
08:28:38 PM     0        47      1.00      0.00  migration/5
08:28:38 PM     0        48      2.00      0.00  ksoftirqd/5
08:28:38 PM     0        53      1.00      0.00  migration/6
08:28:38 PM     0        54      1.00      0.00  ksoftirqd/6
08:28:38 PM     0        59      1.00      0.00  migration/7
08:28:38 PM     0        65      2.00      0.00  migration/8
08:28:38 PM     0        66      6.00      0.00  ksoftirqd/8
08:28:38 PM     0        71      2.00      0.00  migration/9
08:28:38 PM     0        77      2.00      0.00  migration/10
08:28:38 PM     0        83      1.00      0.00  migration/11
08:28:38 PM     0        84      1.00      0.00  ksoftirqd/11
08:28:38 PM     0        95      2.00      0.00  kcompactd0
08:28:38 PM     0       453      1.00      0.00  multipathd
08:28:38 PM     0     93573      1.00      0.00  kworker/5:1-mm_percpu_wq
08:28:38 PM     0    112707      5.00      0.00  kworker/3:0-events
08:28:38 PM     0    118120      2.00      0.00  kworker/9:2-events
08:28:38 PM     0    123430      4.00      0.00  kworker/6:0-events
08:28:38 PM     0    140699      2.00      0.00  kworker/1:0-events
08:28:38 PM     0    143767      3.00      0.00  kworker/8:0-events
08:28:38 PM     0    146022      2.00      0.00  kworker/11:1-events
08:28:38 PM     0    147677      1.00      0.00  kworker/10:1-mm_percpu_wq
08:28:38 PM     0    152246      8.00      0.00  kworker/7:2-events
08:28:38 PM     0    154179      2.00      0.00  kworker/2:2-mm_percpu_wq
08:28:38 PM     0    154838      2.00      0.00  kworker/u24:0-edac-poller
08:28:38 PM     0    155772      1.00      0.00  kworker/0:1-mm_percpu_wq
08:28:38 PM     0    156781      1.00      0.00  iostat
08:28:38 PM     0    156782      1.00      0.00  pidstat
08:28:38 PM     0    156783      5.00      0.00  bash
08:28:38 PM     0    156784      8.00      0.00  bash
08:28:38 PM     0    156785      4.00      0.00  bash
08:28:38 PM     0    156787     99.00      0.00  fio
08:28:38 PM     0    157360      5.00      0.00  kworker/4:2-events
08:28:38 PM     0    157644      1.00      0.00  sleep
08:28:38 PM     0    157645      1.00      0.00  sleep
08:28:38 PM     0    157648      1.00      0.00  sleep

08:28:38 PM   UID       PID   cswch/s nvcswch/s  Command
08:28:39 PM     0        16      2.00      0.00  ksoftirqd/0
08:28:39 PM     0        17     22.00      0.00  rcu_preempt
08:28:39 PM     0        24      2.00      0.00  ksoftirqd/1
08:28:39 PM     0        30      5.00      0.00  ksoftirqd/2
08:28:39 PM     0        36      2.00      0.00  ksoftirqd/3
08:28:39 PM     0        42      2.00      0.00  ksoftirqd/4
08:28:39 PM     0        47      1.00      0.00  migration/5
08:28:39 PM     0        48      5.00      0.00  ksoftirqd/5
08:28:39 PM     0        54      2.00      0.00  ksoftirqd/6
08:28:39 PM     0        59      1.00      0.00  migration/7
08:28:39 PM     0        60      1.00      0.00  ksoftirqd/7
08:28:39 PM     0        65      1.00      0.00  migration/8
08:28:39 PM     0        66      1.00      0.00  ksoftirqd/8
08:28:39 PM     0        71      1.00      0.00  migration/9
08:28:39 PM     0        72      1.00      0.00  ksoftirqd/9
08:28:39 PM     0        78      5.00      0.00  ksoftirqd/10
08:28:39 PM     0        84      2.00      0.00  ksoftirqd/11
08:28:39 PM     0        95      2.00      0.00  kcompactd0
08:28:39 PM     0       453      2.00      0.00  multipathd
08:28:39 PM     0     93573      3.00      0.00  kworker/5:1-events
08:28:39 PM     0    112707      3.00      0.00  kworker/3:0-events
08:28:39 PM     0    118120      2.00      0.00  kworker/9:2-events
08:28:39 PM     0    123430      3.00      0.00  kworker/6:0-events
08:28:39 PM     0    140699      5.00      0.00  kworker/1:0-events
08:28:39 PM     0    143767      2.00      0.00  kworker/8:0-mm_percpu_wq
08:28:39 PM     0    146022      1.00      0.00  kworker/11:1-mm_percpu_wq
08:28:39 PM     0    147677      5.00      0.00  kworker/10:1-events
08:28:39 PM     0    152246      4.00      0.00  kworker/7:2-events
08:28:39 PM     0    154179      6.00      0.00  kworker/2:2-events
08:28:39 PM     0    154838      3.00      0.00  kworker/u24:0-events_power_efficient
08:28:39 PM     0    155772      3.00      0.00  kworker/0:1-events
08:28:39 PM     0    156170      1.00      0.00  kworker/u24:3-flush-259:1
08:28:39 PM     0    156781      1.00      0.00  iostat
08:28:39 PM     0    156782      1.00      0.00  pidstat
08:28:39 PM     0    156783      5.00      0.00  bash
08:28:39 PM     0    156784      7.00      0.00  bash
08:28:39 PM     0    156785      4.00      0.00  bash
08:28:39 PM     0    156787    100.00      0.00  fio
08:28:39 PM     0    157360      2.00      0.00  kworker/4:2-events
08:28:39 PM     0    157659      1.00      0.00  sleep
08:28:39 PM     0    157660      1.00      1.00  sleep
08:28:39 PM     0    157663      1.00      0.00  sleep

08:28:39 PM   UID       PID   cswch/s nvcswch/s  Command
08:28:40 PM     0        16      3.00      0.00  ksoftirqd/0
08:28:40 PM     0        17     21.00      0.00  rcu_preempt
08:28:40 PM     0        23      1.00      0.00  migration/1
08:28:40 PM     0        24      4.00      0.00  ksoftirqd/1
08:28:40 PM     0        29      1.00      0.00  migration/2
08:28:40 PM     0        30      3.00      0.00  ksoftirqd/2
08:28:40 PM     0        36      4.00      0.00  ksoftirqd/3
08:28:40 PM     0        41      1.00      0.00  migration/4
08:28:40 PM     0        42      1.00      0.00  ksoftirqd/4
08:28:40 PM     0        47      1.00      0.00  migration/5
08:28:40 PM     0        48      4.00      0.00  ksoftirqd/5
08:28:40 PM     0        54      2.00      0.00  ksoftirqd/6
08:28:40 PM     0        60      1.00      0.00  ksoftirqd/7
08:28:40 PM     0        66      2.00      0.00  ksoftirqd/8
08:28:40 PM     0        72      2.00      0.00  ksoftirqd/9
08:28:40 PM     0        78      4.00      0.00  ksoftirqd/10
08:28:40 PM     0        84      3.00      0.00  ksoftirqd/11
08:28:40 PM     0        95      2.00      0.00  kcompactd0
08:28:40 PM     0       453      2.00      0.00  multipathd
08:28:40 PM     0       562      3.00      0.00  jbd2/nvme1n1p3-8
08:28:40 PM     0     93573      2.00      0.00  kworker/5:1-events
08:28:40 PM     0    112707      2.00      0.00  kworker/3:0-events
08:28:40 PM     0    118120      2.00      0.00  kworker/9:2-events
08:28:40 PM     0    123430      6.00      0.00  kworker/6:0-events
08:28:40 PM     0    140699      5.00      0.00  kworker/1:0-events
08:28:40 PM     0    143767      2.00      0.00  kworker/8:0-events
08:28:40 PM     0    146022      1.00      0.00  kworker/11:1-mm_percpu_wq
08:28:40 PM     0    147677      3.00      0.00  kworker/10:1-events
08:28:40 PM     0    152246      4.00      0.00  kworker/7:2-events
08:28:40 PM     0    154179      4.00      0.00  kworker/2:2-events
08:28:40 PM     0    154838      2.00      0.00  kworker/u24:0-edac-poller
08:28:40 PM     0    155772      3.00      0.00  kworker/0:1-events
08:28:40 PM     0    156170      2.00      0.00  kworker/u24:3-events_power_efficient
08:28:40 PM     0    156781      1.00      0.00  iostat
08:28:40 PM     0    156782      1.00      0.00  pidstat
08:28:40 PM     0    156783      5.00      0.00  bash
08:28:40 PM     0    156784      6.00      0.00  bash
08:28:40 PM     0    156785      4.00      0.00  bash
08:28:40 PM     0    156787     99.00      0.00  fio
08:28:40 PM     0    157360      2.00      0.00  kworker/4:2-events
08:28:40 PM     0    157674      1.00      0.00  sleep
08:28:40 PM     0    157675      1.00      1.00  sleep
08:28:40 PM     0    157678      1.00      1.00  sleep

08:28:40 PM   UID       PID   cswch/s nvcswch/s  Command
08:28:41 PM     0        16      4.00      0.00  ksoftirqd/0
08:28:41 PM     0        17     18.00      0.00  rcu_preempt
08:28:41 PM     0        24      4.00      0.00  ksoftirqd/1
08:28:41 PM     0        30      1.00      0.00  ksoftirqd/2
08:28:41 PM     0        36      2.00      0.00  ksoftirqd/3
08:28:41 PM     0        48      1.00      0.00  ksoftirqd/5
08:28:41 PM     0        54      1.00      0.00  ksoftirqd/6
08:28:41 PM     0        59      2.00      0.00  migration/7
08:28:41 PM     0        66      4.00      0.00  ksoftirqd/8
08:28:41 PM     0        72      1.00      0.00  ksoftirqd/9
08:28:41 PM     0        78      4.00      0.00  ksoftirqd/10
08:28:41 PM     0        84      3.00      0.00  ksoftirqd/11
08:28:41 PM     0        95      2.00      0.00  kcompactd0
08:28:41 PM     0       192      2.00      0.00  kworker/7:1H-kblockd
08:28:41 PM     0       453      3.00      0.00  multipathd
08:28:41 PM     0     93573      1.00      0.00  kworker/5:1-mm_percpu_wq
08:28:41 PM     0    112707      4.00      0.00  kworker/3:0-events
08:28:41 PM     0    118120      1.00      0.00  kworker/9:2-mm_percpu_wq
08:28:41 PM     0    123430      3.00      0.00  kworker/6:0-events
08:28:41 PM     0    140699      2.00      0.00  kworker/1:0-mm_percpu_wq
08:28:41 PM     0    143767      2.00      0.00  kworker/8:0-mm_percpu_wq
08:28:41 PM     0    146022      1.00      0.00  kworker/11:1-mm_percpu_wq
08:28:41 PM     0    147677      3.00      0.00  kworker/10:1-events
08:28:41 PM     0    152246      5.00      0.00  kworker/7:2-events
08:28:41 PM     0    154179      2.00      0.00  kworker/2:2-events
08:28:41 PM     0    154838      4.00      0.00  kworker/u24:0-edac-poller
08:28:41 PM     0    155772      1.00      0.00  kworker/0:1-events
08:28:41 PM     0    156781      1.00      0.00  iostat
08:28:41 PM     0    156782      1.00      0.00  pidstat
08:28:41 PM     0    156783      5.00      0.00  bash
08:28:41 PM     0    156784      7.00      0.00  bash
08:28:41 PM     0    156785      4.00      0.00  bash
08:28:41 PM     0    156787    100.00      0.00  fio
08:28:41 PM     0    157360      2.00      0.00  kworker/4:2-events
08:28:41 PM     0    157689      1.00      0.00  sleep
08:28:41 PM     0    157690      1.00      0.00  sleep
08:28:41 PM     0    157693      1.00      1.00  sleep

08:28:41 PM   UID       PID   cswch/s nvcswch/s  Command
08:28:42 PM     0        16      7.00      0.00  ksoftirqd/0
08:28:42 PM     0        17     21.00      0.00  rcu_preempt
08:28:42 PM     0        18      1.00      0.00  migration/0
08:28:42 PM     0        23      3.00      0.00  migration/1
08:28:42 PM     0        24      1.00      1.00  ksoftirqd/1
08:28:42 PM     0        29      2.00      0.00  migration/2
08:28:42 PM     0        30      2.00      0.00  ksoftirqd/2
08:28:42 PM     0        35      1.00      0.00  migration/3
08:28:42 PM     0        36      4.00      0.00  ksoftirqd/3
08:28:42 PM     0        41      3.00      0.00  migration/4
08:28:42 PM     0        42      2.00      0.00  ksoftirqd/4
08:28:42 PM     0        47      2.00      0.00  migration/5
08:28:42 PM     0        48      2.00      0.00  ksoftirqd/5
08:28:42 PM     0        53      2.00      0.00  migration/6
08:28:42 PM     0        54      1.00      0.00  ksoftirqd/6
08:28:42 PM     0        59      1.00      0.00  migration/7
08:28:42 PM     0        65      1.00      0.00  migration/8
08:28:42 PM     0        66      1.00      0.00  ksoftirqd/8
08:28:42 PM     0        71      1.00      0.00  migration/9
08:28:42 PM     0        72      1.00      0.00  ksoftirqd/9
08:28:42 PM     0        77      1.00      0.00  migration/10
08:28:42 PM     0        78      3.00      1.00  ksoftirqd/10
08:28:42 PM     0        83      1.00      0.00  migration/11
08:28:42 PM     0        84      3.00      0.00  ksoftirqd/11
08:28:42 PM     0        95      2.00      0.00  kcompactd0
08:28:42 PM     0       102      1.00      0.00  irq/9-acpi
08:28:42 PM     0       453      1.00      0.00  multipathd
08:28:42 PM     0     93573      2.00      0.00  kworker/5:1-events
08:28:42 PM     0    112707      3.00      0.00  kworker/3:0-events
08:28:42 PM     0    118120      1.00      0.00  kworker/9:2-mm_percpu_wq
08:28:42 PM     0    123430      4.00      0.00  kworker/6:0-events
08:28:42 PM     0    140699      7.00      0.00  kworker/1:0-events
08:28:42 PM     0    143767      8.00      0.00  kworker/8:0-pm
08:28:42 PM     0    146022      4.00      0.00  kworker/11:1-events
08:28:42 PM     0    147677      2.00      0.00  kworker/10:1-events
08:28:42 PM     0    151550      1.00      0.00  kworker/8:2-i915-unordered
08:28:42 PM     0    152246      5.00      0.00  kworker/7:2-events
08:28:42 PM     0    154179      1.00      0.00  kworker/2:2-mm_percpu_wq
08:28:42 PM     0    154838      2.00      0.00  kworker/u24:0-edac-poller
08:28:42 PM     0    155772      4.00      0.00  kworker/0:1-events
08:28:42 PM     0    156781      1.00      0.00  iostat
08:28:42 PM     0    156782      1.00      0.00  pidstat
08:28:42 PM     0    156783      5.00      0.00  bash
08:28:42 PM     0    156784      7.00      0.00  bash
08:28:42 PM     0    156785      4.00      0.00  bash
08:28:42 PM     0    156787     99.00      0.00  fio
08:28:42 PM     0    157360      1.00      0.00  kworker/4:2-mm_percpu_wq
08:28:42 PM     0    157703      1.00      1.00  sleep
08:28:42 PM     0    157705      1.00      1.00  sleep
08:28:42 PM     0    157708      1.00      0.00  sleep

08:28:42 PM   UID       PID   cswch/s nvcswch/s  Command
08:28:43 PM     0        16      4.00      0.00  ksoftirqd/0
08:28:43 PM     0        17     17.00      0.00  rcu_preempt
08:28:43 PM     0        18      1.00      0.00  migration/0
08:28:43 PM     0        24      1.00      1.00  ksoftirqd/1
08:28:43 PM     0        36      1.00      0.00  ksoftirqd/3
08:28:43 PM     0        47      1.00      0.00  migration/5
08:28:43 PM     0        48      4.00      0.00  ksoftirqd/5
08:28:43 PM     0        53      1.00      0.00  migration/6
08:28:43 PM     0        54      4.00      0.00  ksoftirqd/6
08:28:43 PM     0        65      2.00      0.00  migration/8
08:28:43 PM     0        72      5.00      0.00  ksoftirqd/9
08:28:43 PM     0        78      3.00      0.00  ksoftirqd/10
08:28:43 PM     0        84      2.00      0.00  ksoftirqd/11
08:28:43 PM     0        95      2.00      0.00  kcompactd0
08:28:43 PM     0       453      2.00      0.00  multipathd
08:28:43 PM     0     21554      1.00      0.00  packagekitd
08:28:43 PM     0     93573      4.00      0.00  kworker/5:1-events
08:28:43 PM     0    112707      2.00      0.00  kworker/3:0-events
08:28:43 PM     0    118120      2.00      0.00  kworker/9:2-events
08:28:43 PM     0    123430      2.00      0.00  kworker/6:0-events
08:28:43 PM     0    140699      3.00      0.00  kworker/1:0-events
08:28:43 PM     0    143767      2.00      0.00  kworker/8:0-events
08:28:43 PM     0    146022      2.00      0.00  kworker/11:1-events
08:28:43 PM     0    147677      1.00      0.00  kworker/10:1-mm_percpu_wq
08:28:43 PM     0    152246      3.00      0.00  kworker/7:2-events
08:28:43 PM     0    154179      1.00      0.00  kworker/2:2-mm_percpu_wq
08:28:43 PM     0    154838      1.00      0.00  kworker/u24:0-edac-poller
08:28:43 PM     0    155772      1.00      0.00  kworker/0:1-events
08:28:43 PM     0    156781      1.00      0.00  iostat
08:28:43 PM     0    156782      1.00      0.00  pidstat
08:28:43 PM     0    156783      5.00      0.00  bash
08:28:43 PM     0    156784      7.00      0.00  bash
08:28:43 PM     0    156785      4.00      0.00  bash
08:28:43 PM     0    156787     99.00      0.00  fio
08:28:43 PM     0    157360      3.00      0.00  kworker/4:2-events
08:28:43 PM     0    157720      1.00      0.00  sleep
08:28:43 PM     0    157721      1.00      0.00  sleep
08:28:43 PM     0    157723      1.00      0.00  sleep

08:28:43 PM   UID       PID   cswch/s nvcswch/s  Command
08:28:44 PM     0        16      3.00      0.00  ksoftirqd/0
08:28:44 PM     0        17     15.00      0.00  rcu_preempt
08:28:44 PM     0        18      1.00      0.00  migration/0
08:28:44 PM     0        24      2.00      0.00  ksoftirqd/1
08:28:44 PM     0        30      1.00      0.00  ksoftirqd/2
08:28:44 PM     0        35      1.00      0.00  migration/3
08:28:44 PM     0        36      3.00      0.00  ksoftirqd/3
08:28:44 PM     0        42      2.00      0.00  ksoftirqd/4
08:28:44 PM     0        53      3.00      0.00  migration/6
08:28:44 PM     0        54      2.00      0.00  ksoftirqd/6
08:28:44 PM     0        60      1.00      0.00  ksoftirqd/7
08:28:44 PM     0        66      3.00      0.00  ksoftirqd/8
08:28:44 PM     0        72      2.00      0.00  ksoftirqd/9
08:28:44 PM     0        78      2.00      0.00  ksoftirqd/10
08:28:44 PM     0        84      3.00      0.00  ksoftirqd/11
08:28:44 PM     0        95      1.00      0.00  kcompactd0
08:28:44 PM     0       453      2.00      0.00  multipathd
08:28:44 PM     0     93573      2.00      0.00  kworker/5:1-events
08:28:44 PM     0    112707      4.00      0.00  kworker/3:0-events
08:28:44 PM     0    118120      1.00      0.00  kworker/9:2-mm_percpu_wq
08:28:44 PM     0    123430      2.00      0.00  kworker/6:0-events
08:28:44 PM     0    140699      4.00      0.00  kworker/1:0-events
08:28:44 PM     0    143767      3.00      0.00  kworker/8:0-events
08:28:44 PM     0    146022      6.00      0.00  kworker/11:1-events
08:28:44 PM     0    147677      3.00      0.00  kworker/10:1-events
08:28:44 PM     0    152246      5.00      0.00  kworker/7:2-events
08:28:44 PM     0    154179      1.00      0.00  kworker/2:2-mm_percpu_wq
08:28:44 PM     0    154838      4.00      0.00  kworker/u24:0-edac-poller
08:28:44 PM     0    155772      2.00      0.00  kworker/0:1-mm_percpu_wq
08:28:44 PM     0    156781      1.00      0.00  iostat
08:28:44 PM     0    156782      1.00      0.00  pidstat
08:28:44 PM     0    156783      5.00      0.00  bash
08:28:44 PM     0    156784      8.00      0.00  bash
08:28:44 PM     0    156785      4.00      0.00  bash
08:28:44 PM     0    156787    100.00      0.00  fio
08:28:44 PM     0    157360      2.00      0.00  kworker/4:2-events
08:28:44 PM     0    157735      1.00      1.00  sleep
08:28:44 PM     0    157736      1.00      0.00  sleep
08:28:44 PM     0    157738      1.00      0.00  sleep

08:28:44 PM   UID       PID   cswch/s nvcswch/s  Command
08:28:45 PM     0        16      5.00      0.00  ksoftirqd/0
08:28:45 PM     0        17     17.00      0.00  rcu_preempt
08:28:45 PM     0        23      1.00      0.00  migration/1
08:28:45 PM     0        24      5.00      0.00  ksoftirqd/1
08:28:45 PM     0        29      1.00      0.00  migration/2
08:28:45 PM     0        30      2.00      0.00  ksoftirqd/2
08:28:45 PM     0        36      3.00      0.00  ksoftirqd/3
08:28:45 PM     0        42      3.00      0.00  ksoftirqd/4
08:28:45 PM     0        47      1.00      0.00  migration/5
08:28:45 PM     0        48      1.00      0.00  ksoftirqd/5
08:28:45 PM     0        54      4.00      0.00  ksoftirqd/6
08:28:45 PM     0        65      2.00      0.00  migration/8
08:28:45 PM     0        66      3.00      0.00  ksoftirqd/8
08:28:45 PM     0        72      1.00      0.00  ksoftirqd/9
08:28:45 PM     0        78      1.00      0.00  ksoftirqd/10
08:28:45 PM     0        95      2.00      0.00  kcompactd0
08:28:45 PM     0       453      1.00      0.00  multipathd
08:28:45 PM     0       562      3.00      0.00  jbd2/nvme1n1p3-8
08:28:45 PM     0     93573      5.00      0.00  kworker/5:1-events
08:28:45 PM     0     98256      3.00      0.00  kworker/u24:2-edac-poller
08:28:45 PM     0    112707      2.00      0.00  kworker/3:0-events
08:28:45 PM     0    118120      3.00      0.00  kworker/9:2-events
08:28:45 PM     0    123430      3.00      0.00  kworker/6:0-events
08:28:45 PM     0    140699      4.00      0.00  kworker/1:0-events
08:28:45 PM     0    143767      3.00      0.00  kworker/8:0-events
08:28:45 PM     0    146022      4.00      0.00  kworker/11:1-events
08:28:45 PM     0    147677      1.00      0.00  kworker/10:1-mm_percpu_wq
08:28:45 PM     0    152246      4.00      0.00  kworker/7:2-events
08:28:45 PM     0    154179      2.00      0.00  kworker/2:2-events
08:28:45 PM     0    154838      1.00      0.00  kworker/u24:0-events_power_efficient
08:28:45 PM     0    155772      1.00      0.00  kworker/0:1-events
08:28:45 PM     0    156170      1.00      0.00  kworker/u24:3-events_power_efficient
08:28:45 PM     0    156781      1.00      0.00  iostat
08:28:45 PM     0    156782      1.00      0.00  pidstat
08:28:45 PM     0    156783      5.00      0.00  bash
08:28:45 PM     0    156784      8.00      0.00  bash
08:28:45 PM     0    156785      4.00      0.00  bash
08:28:45 PM     0    156787     99.00      0.00  fio
08:28:45 PM     0    157360      1.00      0.00  kworker/4:2-mm_percpu_wq
08:28:45 PM     0    157741      1.00      0.00  sleep
08:28:45 PM     0    157751      1.00      1.00  sleep
08:28:45 PM     0    157753      1.00      0.00  sleep

08:28:45 PM   UID       PID   cswch/s nvcswch/s  Command
08:28:46 PM     0        16      1.00      0.00  ksoftirqd/0
08:28:46 PM     0        17     21.00      0.00  rcu_preempt
08:28:46 PM     0        18      1.00      0.00  migration/0
08:28:46 PM     0        23      2.00      0.00  migration/1
08:28:46 PM     0        24      2.00      0.00  ksoftirqd/1
08:28:46 PM     0        29      1.00      0.00  migration/2
08:28:46 PM     0        30      4.00      0.00  ksoftirqd/2
08:28:46 PM     0        35      1.00      0.00  migration/3
08:28:46 PM     0        36      1.00      0.00  ksoftirqd/3
08:28:46 PM     0        41      1.00      0.00  migration/4
08:28:46 PM     0        42      3.00      0.00  ksoftirqd/4
08:28:46 PM     0        47      1.00      0.00  migration/5
08:28:46 PM     0        48      3.00      0.00  ksoftirqd/5
08:28:46 PM     0        53      1.00      0.00  migration/6
08:28:46 PM     0        54      1.00      0.00  ksoftirqd/6
08:28:46 PM     0        59      2.00      0.00  migration/7
08:28:46 PM     0        60      2.00      0.00  ksoftirqd/7
08:28:46 PM     0        65      3.00      0.00  migration/8
08:28:46 PM     0        66      1.00      0.00  ksoftirqd/8
08:28:46 PM     0        71      2.00      0.00  migration/9
08:28:46 PM     0        72      3.00      0.00  ksoftirqd/9
08:28:46 PM     0        77      1.00      0.00  migration/10
08:28:46 PM     0        78      3.00      0.00  ksoftirqd/10
08:28:46 PM     0        83      1.00      0.00  migration/11
08:28:46 PM     0        84      4.00      0.00  ksoftirqd/11
08:28:46 PM     0        95      2.00      0.00  kcompactd0
08:28:46 PM     0       453      2.00      0.00  multipathd
08:28:46 PM     0     93573      4.00      0.00  kworker/5:1-events
08:28:46 PM     0     98256      2.00      0.00  kworker/u24:2-edac-poller
08:28:46 PM     0    112707      1.00      0.00  kworker/3:0-mm_percpu_wq
08:28:46 PM     0    118120      2.00      0.00  kworker/9:2-events
08:28:46 PM     0    123430      5.00      0.00  kworker/6:0-events
08:28:46 PM     0    140699      2.00      0.00  kworker/1:0-events
08:28:46 PM     0    143767      1.00      0.00  kworker/8:0-mm_percpu_wq
08:28:46 PM     0    146022      2.00      0.00  kworker/11:1-events
08:28:46 PM     0    147677      3.00      0.00  kworker/10:1-events
08:28:46 PM     0    152246      6.00      0.00  kworker/7:2-events
08:28:46 PM     0    154179      3.00      0.00  kworker/2:2-events
08:28:46 PM     0    155772      3.00      0.00  kworker/0:1-mm_percpu_wq
08:28:46 PM     0    156781      1.00      0.00  iostat
08:28:46 PM     0    156782      1.00      0.00  pidstat
08:28:46 PM     0    156783      5.00      0.00  bash
08:28:46 PM     0    156784      8.00      0.00  bash
08:28:46 PM     0    156785      4.00      0.00  bash
08:28:46 PM     0    156787    100.00      0.00  fio
08:28:46 PM     0    157360      2.00      0.00  kworker/4:2-mm_percpu_wq
08:28:46 PM     0    157756      1.00      0.00  sleep
08:28:46 PM     0    157767      1.00      0.00  sleep
08:28:46 PM     0    157768      1.00      0.00  sleep

08:28:46 PM   UID       PID   cswch/s nvcswch/s  Command
08:28:47 PM     0        16      4.00      0.00  ksoftirqd/0
08:28:47 PM     0        17     19.00      0.00  rcu_preempt
08:28:47 PM     0        18      1.00      0.00  migration/0
08:28:47 PM     0        24      2.00      0.00  ksoftirqd/1
08:28:47 PM     0        29      1.00      0.00  migration/2
08:28:47 PM     0        30      1.00      0.00  ksoftirqd/2
08:28:47 PM     0        36      2.00      0.00  ksoftirqd/3
08:28:47 PM     0        42      2.00      0.00  ksoftirqd/4
08:28:47 PM     0        47      1.00      0.00  migration/5
08:28:47 PM     0        48      1.00      0.00  ksoftirqd/5
08:28:47 PM     0        53      2.00      0.00  migration/6
08:28:47 PM     0        54      2.00      0.00  ksoftirqd/6
08:28:47 PM     0        66      5.00      0.00  ksoftirqd/8
08:28:47 PM     0        71      1.00      0.00  migration/9
08:28:47 PM     0        72      4.00      0.00  ksoftirqd/9
08:28:47 PM     0        78      1.00      0.00  ksoftirqd/10
08:28:47 PM     0        83      1.00      0.00  migration/11
08:28:47 PM     0        84      1.00      0.00  ksoftirqd/11
08:28:47 PM     0        95      2.00      0.00  kcompactd0
08:28:47 PM     0       113      1.00      0.00  kworker/5:1H-kblockd
08:28:47 PM     0       188      1.00      0.00  kworker/2:1H-kblockd
08:28:47 PM     0       192      1.00      0.00  kworker/7:1H-kblockd
08:28:47 PM     0       453      2.00      0.00  multipathd
08:28:47 PM     0     93573      2.00      0.00  kworker/5:1-events
08:28:47 PM     0     98256      5.00      0.00  kworker/u24:2-edac-poller
08:28:47 PM     0    112707      2.00      0.00  kworker/3:0-events
08:28:47 PM     0    118120      3.00      0.00  kworker/9:2-events
08:28:47 PM     0    123430      2.00      0.00  kworker/6:0-mm_percpu_wq
08:28:47 PM     0    140699      4.00      0.00  kworker/1:0-events
08:28:47 PM     0    143767      1.00      0.00  kworker/8:0-mm_percpu_wq
08:28:47 PM     0    146022      1.00      0.00  kworker/11:1-mm_percpu_wq
08:28:47 PM     0    147677      3.00      0.00  kworker/10:1-events
08:28:47 PM     0    152246      3.00      0.00  kworker/7:2-events
08:28:47 PM     0    154179      1.00      0.00  kworker/2:2-mm_percpu_wq
08:28:47 PM     0    154838      1.00      0.00  kworker/u24:0-ext4-rsv-conversion
08:28:47 PM     0    155772      4.00      0.00  kworker/0:1-events
08:28:47 PM     0    156781      1.00      0.00  iostat
08:28:47 PM     0    156782      1.00      0.00  pidstat
08:28:47 PM     0    156783      5.00      0.00  bash
08:28:47 PM     0    156784      8.00      0.00  bash
08:28:47 PM     0    156785      4.00      0.00  bash
08:28:47 PM     0    156787     99.00      0.00  fio
08:28:47 PM     0    157360      3.00      0.00  kworker/4:2-events
08:28:47 PM     0    157771      1.00      1.00  sleep
08:28:47 PM     0    157782      1.00      0.00  sleep
08:28:47 PM     0    157783      1.00      0.00  sleep

08:28:47 PM   UID       PID   cswch/s nvcswch/s  Command
08:28:48 PM     0        16      3.00      0.00  ksoftirqd/0
08:28:48 PM     0        17     20.00      0.00  rcu_preempt
08:28:48 PM     0        18      1.00      0.00  migration/0
08:28:48 PM     0        24      6.00      0.00  ksoftirqd/1
08:28:48 PM     0        30      2.00      0.00  ksoftirqd/2
08:28:48 PM     0        36      3.00      0.00  ksoftirqd/3
08:28:48 PM     0        42      2.00      0.00  ksoftirqd/4
08:28:48 PM     0        48      1.00      0.00  ksoftirqd/5
08:28:48 PM     0        54      2.00      0.00  ksoftirqd/6
08:28:48 PM     0        59      1.00      0.00  migration/7
08:28:48 PM     0        60      1.00      0.00  ksoftirqd/7
08:28:48 PM     0        66      2.00      0.00  ksoftirqd/8
08:28:48 PM     0        72      2.00      0.00  ksoftirqd/9
08:28:48 PM     0        78      1.00      0.00  ksoftirqd/10
08:28:48 PM     0        84      4.00      0.00  ksoftirqd/11
08:28:48 PM     0        95      2.00      0.00  kcompactd0
08:28:48 PM     0       113      1.00      0.00  kworker/5:1H-kblockd
08:28:48 PM     0       453      2.00      0.00  multipathd
08:28:48 PM     0     93573      2.00      0.00  kworker/5:1-events
08:28:48 PM     0     98256      2.00      0.00  kworker/u24:2-edac-poller
08:28:48 PM     0    112707      2.00      0.00  kworker/3:0-mm_percpu_wq
08:28:48 PM     0    118120      5.00      0.00  kworker/9:2-events
08:28:48 PM     0    123430      3.00      0.00  kworker/6:0-events
08:28:48 PM     0    140699      2.00      0.00  kworker/1:0-events
08:28:48 PM     0    143767      2.00      0.00  kworker/8:0-events
08:28:48 PM     0    146022      1.00      0.00  kworker/11:1-mm_percpu_wq
08:28:48 PM     0    147677      1.00      0.00  kworker/10:1-mm_percpu_wq
08:28:48 PM     0    152246      6.00      0.00  kworker/7:2-events
08:28:48 PM     0    154179      2.00      0.00  kworker/2:2-events
08:28:48 PM     0    155772      5.00      0.00  kworker/0:1-events
08:28:48 PM     0    156781      1.00      0.00  iostat
08:28:48 PM     0    156782      1.00      1.00  pidstat
08:28:48 PM     0    156783      5.00      0.00  bash
08:28:48 PM     0    156784      8.00      0.00  bash
08:28:48 PM     0    156785      4.00      0.00  bash
08:28:48 PM     0    156787     99.00      0.00  fio
08:28:48 PM     0    157360      3.00      0.00  kworker/4:2-events
08:28:48 PM     0    157786      1.00      0.00  sleep
08:28:48 PM     0    157797      1.00      0.00  sleep
08:28:48 PM     0    157798      1.00      0.00  sleep

08:28:48 PM   UID       PID   cswch/s nvcswch/s  Command
08:28:49 PM     0        16      1.00      0.00  ksoftirqd/0
08:28:49 PM     0        17     17.00      0.00  rcu_preempt
08:28:49 PM     0        24      3.00      0.00  ksoftirqd/1
08:28:49 PM     0        29      1.00      0.00  migration/2
08:28:49 PM     0        30      1.00      0.00  ksoftirqd/2
08:28:49 PM     0        36      3.00      0.00  ksoftirqd/3
08:28:49 PM     0        42      1.00      0.00  ksoftirqd/4
08:28:49 PM     0        47      1.00      0.00  migration/5
08:28:49 PM     0        48      1.00      0.00  ksoftirqd/5
08:28:49 PM     0        54      2.00      0.00  ksoftirqd/6
08:28:49 PM     0        60      3.00      0.00  ksoftirqd/7
08:28:49 PM     0        65      1.00      0.00  migration/8
08:28:49 PM     0        66      4.00      0.00  ksoftirqd/8
08:28:49 PM     0        77      1.00      0.00  migration/10
08:28:49 PM     0        78      2.00      0.00  ksoftirqd/10
08:28:49 PM     0        83      1.00      0.00  migration/11
08:28:49 PM     0        84      2.00      0.00  ksoftirqd/11
08:28:49 PM     0        95      2.00      0.00  kcompactd0
08:28:49 PM     0       453      1.00      0.00  multipathd
08:28:49 PM   101       608      2.00      0.00  systemd-network
08:28:49 PM     0     93573      2.00      0.00  kworker/5:1-events
08:28:49 PM     0     98256      1.00      0.00  kworker/u24:2-edac-poller
08:28:49 PM     0    112707      4.00      0.00  kworker/3:0-events
08:28:49 PM     0    118120      4.00      0.00  kworker/9:2-events
08:28:49 PM     0    123430      3.00      0.00  kworker/6:0-events
08:28:49 PM     0    140699      4.00      0.00  kworker/1:0-events
08:28:49 PM     0    143767      2.00      0.00  kworker/8:0-events
08:28:49 PM     0    146022      2.00      0.00  kworker/11:1-events
08:28:49 PM     0    147677      2.00      0.00  kworker/10:1-events
08:28:49 PM     0    152246      5.00      0.00  kworker/7:2-events
08:28:49 PM     0    154179      2.00      0.00  kworker/2:2-events
08:28:49 PM     0    155772      6.00      0.00  kworker/0:1-events
08:28:49 PM     0    156781      1.00      0.00  iostat
08:28:49 PM     0    156782      1.00      0.00  pidstat
08:28:49 PM     0    156783      5.00      0.00  bash
08:28:49 PM     0    156784      8.00      0.00  bash
08:28:49 PM     0    156785      4.00      0.00  bash
08:28:49 PM     0    156787    100.00      0.00  fio
08:28:49 PM     0    157360      2.00      0.00  kworker/4:2-events
08:28:49 PM     0    157801      1.00      0.00  sleep
08:28:49 PM     0    157811      1.00      1.00  sleep
08:28:49 PM     0    157813      1.00      0.00  sleep

08:28:49 PM   UID       PID   cswch/s nvcswch/s  Command
08:28:50 PM     0        16      5.00      0.00  ksoftirqd/0
08:28:50 PM     0        17     20.00      0.00  rcu_preempt
08:28:50 PM     0        18      1.00      0.00  migration/0
08:28:50 PM     0        23      3.00      0.00  migration/1
08:28:50 PM     0        24      3.00      0.00  ksoftirqd/1
08:28:50 PM     0        29      2.00      0.00  migration/2
08:28:50 PM     0        30      1.00      0.00  ksoftirqd/2
08:28:50 PM     0        35      1.00      0.00  migration/3
08:28:50 PM     0        41      1.00      0.00  migration/4
08:28:50 PM     0        42      3.00      0.00  ksoftirqd/4
08:28:50 PM     0        47      1.00      0.00  migration/5
08:28:50 PM     0        48      2.00      0.00  ksoftirqd/5
08:28:50 PM     0        53      1.00      0.00  migration/6
08:28:50 PM     0        54      2.00      0.00  ksoftirqd/6
08:28:50 PM     0        59      2.00      0.00  migration/7
08:28:50 PM     0        65      1.00      0.00  migration/8
08:28:50 PM     0        71      2.00      0.00  migration/9
08:28:50 PM     0        72      1.00      0.00  ksoftirqd/9
08:28:50 PM     0        77      1.00      0.00  migration/10
08:28:50 PM     0        83      2.00      0.00  migration/11
08:28:50 PM     0        84      2.00      0.00  ksoftirqd/11
08:28:50 PM     0        95      2.00      0.00  kcompactd0
08:28:50 PM     0       453      2.00      0.00  multipathd
08:28:50 PM     0       562      3.00      0.00  jbd2/nvme1n1p3-8
08:28:50 PM     0     93573      1.00      0.00  kworker/5:1-mm_percpu_wq
08:28:50 PM     0     98256      3.00      0.00  kworker/u24:2-edac-poller
08:28:50 PM     0    112707      1.00      0.00  kworker/3:0-mm_percpu_wq
08:28:50 PM     0    118120      2.00      0.00  kworker/9:2-events
08:28:50 PM     0    123430      5.00      0.00  kworker/6:0-events
08:28:50 PM     0    140699      3.00      0.00  kworker/1:0-events
08:28:50 PM     0    143767      2.00      0.00  kworker/8:0-events
08:28:50 PM     0    146022      1.00      0.00  kworker/11:1-mm_percpu_wq
08:28:50 PM     0    147677      2.00      0.00  kworker/10:1-events
08:28:50 PM     0    152246      2.00      0.00  kworker/7:2-events
08:28:50 PM     0    154179      3.00      0.00  kworker/2:2-events
08:28:50 PM     0    154838      1.00      0.00  kworker/u24:0-events_power_efficient
08:28:50 PM     0    155772      7.00      0.00  kworker/0:1-events
08:28:50 PM     0    156781      1.00      0.00  iostat
08:28:50 PM     0    156782      1.00      0.00  pidstat
08:28:50 PM     0    156783      5.00      0.00  bash
08:28:50 PM     0    156784      8.00      0.00  bash
08:28:50 PM     0    156785      4.00      0.00  bash
08:28:50 PM     0    156787     99.00      0.00  fio
08:28:50 PM     0    157360      4.00      0.00  kworker/4:2-events
08:28:50 PM     0    157816      1.00      0.00  sleep
08:28:50 PM     0    157827      1.00      0.00  sleep
08:28:50 PM     0    157828      1.00      0.00  sleep

08:28:50 PM   UID       PID   cswch/s nvcswch/s  Command
08:28:51 PM     0        16      1.00      0.00  ksoftirqd/0
08:28:51 PM     0        17     22.00      0.00  rcu_preempt
08:28:51 PM     0        23      2.00      0.00  migration/1
08:28:51 PM     0        24      1.00      0.00  ksoftirqd/1
08:28:51 PM     0        30      3.00      0.00  ksoftirqd/2
08:28:51 PM     0        36      3.00      0.00  ksoftirqd/3
08:28:51 PM     0        42      2.00      0.00  ksoftirqd/4
08:28:51 PM     0        48      2.00      0.00  ksoftirqd/5
08:28:51 PM     0        54      2.00      0.00  ksoftirqd/6
08:28:51 PM     0        59      1.00      0.00  migration/7
08:28:51 PM     0        60      1.00      0.00  ksoftirqd/7
08:28:51 PM     0        65      1.00      0.00  migration/8
08:28:51 PM     0        66      2.00      0.00  ksoftirqd/8
08:28:51 PM     0        72      3.00      0.00  ksoftirqd/9
08:28:51 PM     0        78      1.00      0.00  ksoftirqd/10
08:28:51 PM     0        84      8.00      0.00  ksoftirqd/11
08:28:51 PM     0        95      2.00      0.00  kcompactd0
08:28:51 PM     0       453      1.00      0.00  multipathd
08:28:51 PM     0     93573      2.00      0.00  kworker/5:1-events
08:28:51 PM     0     98256      1.00      0.00  kworker/u24:2-edac-poller
08:28:51 PM     0    112707      1.00      0.00  kworker/3:0-mm_percpu_wq
08:28:51 PM     0    118120      4.00      0.00  kworker/9:2-events
08:28:51 PM     0    123430      2.00      0.00  kworker/6:0-mm_percpu_wq
08:28:51 PM     0    140699      5.00      0.00  kworker/1:0-events
08:28:51 PM     0    143767      1.00      0.00  kworker/8:0-mm_percpu_wq
08:28:51 PM     0    146022      5.00      0.00  kworker/11:1-events
08:28:51 PM     0    147677      3.00      0.00  kworker/10:1-events
08:28:51 PM     0    152246      4.00      0.00  kworker/7:2-events
08:28:51 PM     0    154179      2.00      0.00  kworker/2:2-events
08:28:51 PM     0    155772      5.00      0.00  kworker/0:1-events
08:28:51 PM     0    156781      1.00      0.00  iostat
08:28:51 PM     0    156782      1.00      0.00  pidstat
08:28:51 PM     0    156783      5.00      0.00  bash
08:28:51 PM     0    156784      6.00      0.00  bash
08:28:51 PM     0    156785      4.00      0.00  bash
08:28:51 PM     0    156787    100.00      0.00  fio
08:28:51 PM     0    157360      2.00      0.00  kworker/4:2-events
08:28:51 PM     0    157831      1.00      0.00  sleep
08:28:51 PM     0    157841      1.00      0.00  sleep
08:28:51 PM     0    157843      1.00      1.00  sleep

08:28:51 PM   UID       PID   cswch/s nvcswch/s  Command
08:28:52 PM     0        16      2.00      0.00  ksoftirqd/0
08:28:52 PM     0        17     21.00      0.00  rcu_preempt
08:28:52 PM     0        23      1.00      0.00  migration/1
08:28:52 PM     0        24      2.00      0.00  ksoftirqd/1
08:28:52 PM     0        30      2.00      0.00  ksoftirqd/2
08:28:52 PM     0        36      1.00      0.00  ksoftirqd/3
08:28:52 PM     0        42      2.00      0.00  ksoftirqd/4
08:28:52 PM     0        47      1.00      0.00  migration/5
08:28:52 PM     0        53      1.00      0.00  migration/6
08:28:52 PM     0        54      1.00      0.00  ksoftirqd/6
08:28:52 PM     0        60      1.00      0.00  ksoftirqd/7
08:28:52 PM     0        65      1.00      0.00  migration/8
08:28:52 PM     0        72      2.00      0.00  ksoftirqd/9
08:28:52 PM     0        78      2.00      0.00  ksoftirqd/10
08:28:52 PM     0        84      2.00      0.00  ksoftirqd/11
08:28:52 PM     0        95      2.00      0.00  kcompactd0
08:28:52 PM     0       102      1.00      0.00  irq/9-acpi
08:28:52 PM     0       453      1.00      0.00  multipathd
08:28:52 PM     0     93573      3.00      0.00  kworker/5:1-events
08:28:52 PM     0     98256      5.00      0.00  kworker/u24:2-edac-poller
08:28:52 PM     0    112707      1.00      0.00  kworker/3:0-mm_percpu_wq
08:28:52 PM     0    118120      2.00      0.00  kworker/9:2-events
08:28:52 PM     0    123430      2.00      0.00  kworker/6:0-events
08:28:52 PM     0    140699      2.00      0.00  kworker/1:0-events
08:28:52 PM     0    143767    985.00      0.00  kworker/8:0+events
08:28:52 PM     0    146022      1.00      0.00  kworker/11:1-mm_percpu_wq
08:28:52 PM     0    147677      3.00      0.00  kworker/10:1-events
08:28:52 PM     0    151550      1.00      0.00  kworker/8:2+i915-unordered
08:28:52 PM     0    152246      5.00      0.00  kworker/7:2-events
08:28:52 PM     0    154179      2.00      0.00  kworker/2:2-events
08:28:52 PM     0    155772      5.00      0.00  kworker/0:1-kacpi_notify
08:28:52 PM     0    156781      1.00      0.00  iostat
08:28:52 PM     0    156782      1.00      0.00  pidstat
08:28:52 PM     0    156783      5.00      0.00  bash
08:28:52 PM     0    156784      7.00      0.00  bash
08:28:52 PM     0    156785      4.00      0.00  bash
08:28:52 PM     0    156787     99.00      0.00  fio
08:28:52 PM     0    157360      5.00      0.00  kworker/4:2-events
08:28:52 PM     0    157846      1.00      0.00  sleep
08:28:52 PM     0    157856      1.00      1.00  sleep
08:28:52 PM     0    157858      1.00      0.00  sleep

08:28:52 PM   UID       PID   cswch/s nvcswch/s  Command
08:28:53 PM     0        16      1.00      0.00  ksoftirqd/0
08:28:53 PM     0        17     25.00      0.00  rcu_preempt
08:28:53 PM     0        23      1.00      0.00  migration/1
08:28:53 PM     0        24      2.00      0.00  ksoftirqd/1
08:28:53 PM     0        30      3.00      0.00  ksoftirqd/2
08:28:53 PM     0        36      2.00      0.00  ksoftirqd/3
08:28:53 PM     0        42      2.00      0.00  ksoftirqd/4
08:28:53 PM     0        54      2.00      0.00  ksoftirqd/6
08:28:53 PM     0        60      1.00      0.00  ksoftirqd/7
08:28:53 PM     0        66      3.00      0.00  ksoftirqd/8
08:28:53 PM     0        71      1.00      0.00  migration/9
08:28:53 PM     0        72      2.00      0.00  ksoftirqd/9
08:28:53 PM     0        77      1.00      0.00  migration/10
08:28:53 PM     0        78      2.00      0.00  ksoftirqd/10
08:28:53 PM     0        84      2.00      0.00  ksoftirqd/11
08:28:53 PM     0        95      2.00      0.00  kcompactd0
08:28:53 PM     0       453      2.00      0.00  multipathd
08:28:53 PM     0     21554      1.00      0.00  packagekitd
08:28:53 PM     0     93573      1.00      0.00  kworker/5:1-mm_percpu_wq
08:28:53 PM     0     98256      3.00      0.00  kworker/u24:2-edac-poller
08:28:53 PM     0    112707      4.00      0.00  kworker/3:0-events
08:28:53 PM     0    118120      3.00      0.00  kworker/9:2-events
08:28:53 PM     0    123430      3.00      0.00  kworker/6:0-events
08:28:53 PM     0    140699      7.00      0.00  kworker/1:0-events
08:28:53 PM     0    143767    159.00      1.00  kworker/8:0-events
08:28:53 PM     0    146022      4.00      0.00  kworker/11:1-events
08:28:53 PM     0    147677      2.00      0.00  kworker/10:1-events
08:28:53 PM     0    151550   1130.00      0.00  kworker/8:2-events
08:28:53 PM     0    152246      4.00      0.00  kworker/7:2-events
08:28:53 PM     0    154179      3.00      0.00  kworker/2:2-events
08:28:53 PM     0    155772      3.00      0.00  kworker/0:1-events
08:28:53 PM     0    156781      1.00      0.00  iostat
08:28:53 PM     0    156782      1.00      0.00  pidstat
08:28:53 PM     0    156783      5.00      0.00  bash
08:28:53 PM     0    156784      8.00      0.00  bash
08:28:53 PM     0    156785      4.00      0.00  bash
08:28:53 PM     0    156787    100.00      0.00  fio
08:28:53 PM     0    157360      3.00      0.00  kworker/4:2-mm_percpu_wq
08:28:53 PM     0    157861      1.00      0.00  sleep
08:28:53 PM     0    157872      1.00      0.00  sleep
08:28:53 PM     0    157873      1.00      0.00  sleep

08:28:53 PM   UID       PID   cswch/s nvcswch/s  Command
08:28:54 PM     0        16      1.00      0.00  ksoftirqd/0
08:28:54 PM     0        17     18.00      0.00  rcu_preempt
08:28:54 PM     0        18      2.00      0.00  migration/0
08:28:54 PM     0        23      2.00      0.00  migration/1
08:28:54 PM     0        24      2.00      0.00  ksoftirqd/1
08:28:54 PM     0        29      1.00      0.00  migration/2
08:28:54 PM     0        30      4.00      0.00  ksoftirqd/2
08:28:54 PM     0        35      1.00      0.00  migration/3
08:28:54 PM     0        36      3.00      0.00  ksoftirqd/3
08:28:54 PM     0        41      1.00      0.00  migration/4
08:28:54 PM     0        42      3.00      0.00  ksoftirqd/4
08:28:54 PM     0        47      1.00      0.00  migration/5
08:28:54 PM     0        48      1.00      0.00  ksoftirqd/5
08:28:54 PM     0        53      1.00      0.00  migration/6
08:28:54 PM     0        54      3.00      0.00  ksoftirqd/6
08:28:54 PM     0        59      2.00      0.00  migration/7
08:28:54 PM     0        60      2.00      0.00  ksoftirqd/7
08:28:54 PM     0        65      1.00      0.00  migration/8
08:28:54 PM     0        66      3.00      0.00  ksoftirqd/8
08:28:54 PM     0        71      2.00      0.00  migration/9
08:28:54 PM     0        72      2.00      0.00  ksoftirqd/9
08:28:54 PM     0        77      1.00      0.00  migration/10
08:28:54 PM     0        78      3.00      0.00  ksoftirqd/10
08:28:54 PM     0        83      1.00      0.00  migration/11
08:28:54 PM     0        84      5.00      0.00  ksoftirqd/11
08:28:54 PM     0        95      2.00      0.00  kcompactd0
08:28:54 PM     0       172      1.00      0.00  kworker/3:1H-kblockd
08:28:54 PM     0       453      1.00      0.00  multipathd
08:28:54 PM     0     93573      2.00      0.00  kworker/5:1-events
08:28:54 PM     0     98256      1.00      0.00  kworker/u24:2-events_unbound
08:28:54 PM     0    112707      2.00      0.00  kworker/3:0-events
08:28:54 PM     0    118120      2.00      0.00  kworker/9:2-events
08:28:54 PM     0    123430      4.00      0.00  kworker/6:0-events
08:28:54 PM     0    140699      1.00      0.00  kworker/1:0-mm_percpu_wq
08:28:54 PM     0    146022      2.00      0.00  kworker/11:1-events
08:28:54 PM     0    147677      2.00      0.00  kworker/10:1-events
08:28:54 PM     0    151550      2.00      0.00  kworker/8:2-events
08:28:54 PM     0    152246      8.00      0.00  kworker/7:2-events
08:28:54 PM     0    154179      1.00      0.00  kworker/2:2-mm_percpu_wq
08:28:54 PM     0    155772      2.00      0.00  kworker/0:1-events
08:28:54 PM     0    156781      1.00      0.00  iostat
08:28:54 PM     0    156782      1.00      0.00  pidstat
08:28:54 PM     0    156783      5.00      0.00  bash
08:28:54 PM     0    156784      8.00      0.00  bash
08:28:54 PM     0    156785      4.00      0.00  bash
08:28:54 PM     0    156787     99.00      0.00  fio
08:28:54 PM     0    157360      3.00      0.00  kworker/4:2-events
08:28:54 PM     0    157876      1.00      0.00  sleep
08:28:54 PM     0    157886      1.00      0.00  sleep
08:28:54 PM     0    157888      1.00      0.00  sleep

08:28:54 PM   UID       PID   cswch/s nvcswch/s  Command
08:28:55 PM     0        16      2.00      0.00  ksoftirqd/0
08:28:55 PM     0        17     19.00      0.00  rcu_preempt
08:28:55 PM     0        18      1.00      0.00  migration/0
08:28:55 PM     0        24      5.00      0.00  ksoftirqd/1
08:28:55 PM     0        30      2.00      0.00  ksoftirqd/2
08:28:55 PM     0        35      1.00      0.00  migration/3
08:28:55 PM     0        36      5.00      0.00  ksoftirqd/3
08:28:55 PM     0        42      1.00      0.00  ksoftirqd/4
08:28:55 PM     0        48      1.00      0.00  ksoftirqd/5
08:28:55 PM     0        53      1.00      0.00  migration/6
08:28:55 PM     0        54      7.00      0.00  ksoftirqd/6
08:28:55 PM     0        59      1.00      0.00  migration/7
08:28:55 PM     0        60      1.00      0.00  ksoftirqd/7
08:28:55 PM     0        65      1.00      0.00  migration/8
08:28:55 PM     0        66      3.00      0.00  ksoftirqd/8
08:28:55 PM     0        72      3.00      0.00  ksoftirqd/9
08:28:55 PM     0        78      2.00      0.00  ksoftirqd/10
08:28:55 PM     0        84      1.00      0.00  ksoftirqd/11
08:28:55 PM     0        95      2.00      0.00  kcompactd0
08:28:55 PM     0       453      1.00      0.00  multipathd
08:28:55 PM     0       562      3.00      0.00  jbd2/nvme1n1p3-8
08:28:55 PM     0     93573      4.00      0.00  kworker/5:1-events
08:28:55 PM     0     98256      3.00      0.00  kworker/u24:2-events_power_efficient
08:28:55 PM     0    112707      2.00      0.00  kworker/3:0-events
08:28:55 PM     0    118120      2.00      0.00  kworker/9:2-events
08:28:55 PM     0    123430      3.00      0.00  kworker/6:0-events
08:28:55 PM     0    140699      4.00      0.00  kworker/1:0-events
08:28:55 PM     0    146022      2.00      0.00  kworker/11:1-events
08:28:55 PM     0    147677      3.00      0.00  kworker/10:1-events
08:28:55 PM     0    151550      2.00      0.00  kworker/8:2-events
08:28:55 PM     0    152246      6.00      0.00  kworker/7:2-events
08:28:55 PM     0    154179      3.00      0.00  kworker/2:2-events
08:28:55 PM     0    154838      2.00      0.00  kworker/u24:0-events_power_efficient
08:28:55 PM     0    155772      3.00      0.00  kworker/0:1-events
08:28:55 PM     0    156170      1.00      0.00  kworker/u24:3-events_power_efficient
08:28:55 PM     0    156781      1.00      0.00  iostat
08:28:55 PM     0    156782      1.00      0.00  pidstat
08:28:55 PM     0    156783      5.00      0.00  bash
08:28:55 PM     0    156784      6.00      0.00  bash
08:28:55 PM     0    156785      4.00      0.00  bash
08:28:55 PM     0    156787     99.00      0.00  fio
08:28:55 PM     0    157360      3.00      0.00  kworker/4:2-events
08:28:55 PM     0    157891      1.00      0.00  sleep
08:28:55 PM     0    157902      1.00      0.00  sleep
08:28:55 PM     0    157903      1.00      0.00  sleep

08:28:55 PM   UID       PID   cswch/s nvcswch/s  Command
08:28:56 PM     0        16      4.00      0.00  ksoftirqd/0
08:28:56 PM     0        17     19.00      0.00  rcu_preempt
08:28:56 PM     0        18      1.00      0.00  migration/0
08:28:56 PM     0        24      4.00      0.00  ksoftirqd/1
08:28:56 PM     0        30      4.00      0.00  ksoftirqd/2
08:28:56 PM     0        35      1.00      0.00  migration/3
08:28:56 PM     0        36      3.00      0.00  ksoftirqd/3
08:28:56 PM     0        41      1.00      0.00  migration/4
08:28:56 PM     0        42      2.00      0.00  ksoftirqd/4
08:28:56 PM     0        47      1.00      0.00  migration/5
08:28:56 PM     0        48      5.00      0.00  ksoftirqd/5
08:28:56 PM     0        54      2.00      0.00  ksoftirqd/6
08:28:56 PM     0        59      2.00      0.00  migration/7
08:28:56 PM     0        60      1.00      0.00  ksoftirqd/7
08:28:56 PM     0        66      3.00      0.00  ksoftirqd/8
08:28:56 PM     0        72      1.00      0.00  ksoftirqd/9
08:28:56 PM     0        77      2.00      0.00  migration/10
08:28:56 PM     0        78      5.00      0.00  ksoftirqd/10
08:28:56 PM     0        84      3.00      0.00  ksoftirqd/11
08:28:56 PM     0        95      2.00      0.00  kcompactd0
08:28:56 PM     0       193      1.00      0.00  kworker/9:1H-kblockd
08:28:56 PM     0       453      2.00      0.00  multipathd
08:28:56 PM     0     93573      6.00      0.00  kworker/5:1-events
08:28:56 PM     0    112707      2.00      0.00  kworker/3:0-events
08:28:56 PM     0    118120      1.00      0.00  kworker/9:2-mm_percpu_wq
08:28:56 PM     0    123430      3.00      0.00  kworker/6:0-events
08:28:56 PM     0    140699      2.00      0.00  kworker/1:0-events
08:28:56 PM     0    146022      4.00      0.00  kworker/11:1-events
08:28:56 PM     0    147677      3.00      0.00  kworker/10:1-events
08:28:56 PM     0    151550      3.00      0.00  kworker/8:2-events
08:28:56 PM     0    152246      4.00      0.00  kworker/7:2-events
08:28:56 PM     0    154179      1.00      0.00  kworker/2:2-mm_percpu_wq
08:28:56 PM     0    155772      2.00      0.00  kworker/0:1-events
08:28:56 PM     0    156170      2.00      0.00  kworker/u24:3-events_unbound
08:28:56 PM     0    156781      1.00      0.00  iostat
08:28:56 PM     0    156782      1.00      0.00  pidstat
08:28:56 PM     0    156783      5.00      0.00  bash
08:28:56 PM     0    156784      7.00      0.00  bash
08:28:56 PM     0    156785      4.00      0.00  bash
08:28:56 PM     0    156787    100.00      0.00  fio
08:28:56 PM     0    157360      2.00      0.00  kworker/4:2-mm_percpu_wq
08:28:56 PM     0    157906      2.00      1.00  sleep
08:28:56 PM     0    157916      1.00      0.00  sleep
08:28:56 PM     0    157918      1.00      1.00  sleep

08:28:56 PM   UID       PID   cswch/s nvcswch/s  Command
08:28:57 PM     0        16      3.00      0.00  ksoftirqd/0
08:28:57 PM     0        17     24.00      0.00  rcu_preempt
08:28:57 PM     0        18      1.00      0.00  migration/0
08:28:57 PM     0        24      3.00      0.00  ksoftirqd/1
08:28:57 PM     0        30      2.00      0.00  ksoftirqd/2
08:28:57 PM     0        36      3.00      0.00  ksoftirqd/3
08:28:57 PM     0        42      2.00      0.00  ksoftirqd/4
08:28:57 PM     0        47      1.00      0.00  migration/5
08:28:57 PM     0        54      1.00      0.00  ksoftirqd/6
08:28:57 PM     0        59      1.00      0.00  migration/7
08:28:57 PM     0        60      3.00      0.00  ksoftirqd/7
08:28:57 PM     0        66      2.00      0.00  ksoftirqd/8
08:28:57 PM     0        71      2.00      0.00  migration/9
08:28:57 PM     0        72      2.00      0.00  ksoftirqd/9
08:28:57 PM     0        78      1.00      0.00  ksoftirqd/10
08:28:57 PM     0        84      1.00      0.00  ksoftirqd/11
08:28:57 PM     0        95      2.00      0.00  kcompactd0
08:28:57 PM     0       453      2.00      0.00  multipathd
08:28:57 PM     0     93573      2.00      0.00  kworker/5:1-events
08:28:57 PM     0    112707      3.00      0.00  kworker/3:0-events
08:28:57 PM     0    118120      5.00      0.00  kworker/9:2-events
08:28:57 PM     0    123430      1.00      0.00  kworker/6:0-mm_percpu_wq
08:28:57 PM     0    140699      3.00      0.00  kworker/1:0-events
08:28:57 PM     0    146022      3.00      0.00  kworker/11:1-events
08:28:57 PM     0    147677      3.00      0.00  kworker/10:1-events
08:28:57 PM     0    151550      5.00      0.00  kworker/8:2-events
08:28:57 PM     0    152246      3.00      0.00  kworker/7:2-events
08:28:57 PM     0    154179      1.00      0.00  kworker/2:2-mm_percpu_wq
08:28:57 PM     0    155772      1.00      0.00  kworker/0:1-events
08:28:57 PM     0    156170      4.00      0.00  kworker/u24:3-writeback
08:28:57 PM     0    156781      1.00      0.00  iostat
08:28:57 PM     0    156782      1.00      0.00  pidstat
08:28:57 PM     0    156783      5.00      0.00  bash
08:28:57 PM     0    156784      7.00      0.00  bash
08:28:57 PM     0    156785      4.00      0.00  bash
08:28:57 PM     0    156787     99.00      0.00  fio
08:28:57 PM     0    157360      2.00      0.00  kworker/4:2-events
08:28:57 PM     0    157921      1.00      0.00  sleep
08:28:57 PM     0    157931      1.00      1.00  sleep
08:28:57 PM     0    157933      1.00      0.00  sleep

08:28:57 PM   UID       PID   cswch/s nvcswch/s  Command
08:28:58 PM     0        16      4.00      0.00  ksoftirqd/0
08:28:58 PM     0        17     18.00      0.00  rcu_preempt
08:28:58 PM     0        18      2.00      0.00  migration/0
08:28:58 PM     0        23      1.00      0.00  migration/1
08:28:58 PM     0        24      2.00      0.00  ksoftirqd/1
08:28:58 PM     0        29      3.00      0.00  migration/2
08:28:58 PM     0        30      3.00      0.00  ksoftirqd/2
08:28:58 PM     0        35      1.00      0.00  migration/3
08:28:58 PM     0        36      3.00      0.00  ksoftirqd/3
08:28:58 PM     0        41      1.00      0.00  migration/4
08:28:58 PM     0        42      3.00      0.00  ksoftirqd/4
08:28:58 PM     0        47      2.00      0.00  migration/5
08:28:58 PM     0        48      2.00      0.00  ksoftirqd/5
08:28:58 PM     0        53      1.00      0.00  migration/6
08:28:58 PM     0        54      1.00      0.00  ksoftirqd/6
08:28:58 PM     0        59      1.00      0.00  migration/7
08:28:58 PM     0        60      3.00      0.00  ksoftirqd/7
08:28:58 PM     0        65      1.00      0.00  migration/8
08:28:58 PM     0        66      7.00      0.00  ksoftirqd/8
08:28:58 PM     0        71      1.00      0.00  migration/9
08:28:58 PM     0        77      2.00      0.00  migration/10
08:28:58 PM     0        78      1.00      0.00  ksoftirqd/10
08:28:58 PM     0        83      1.00      0.00  migration/11
08:28:58 PM     0        84      1.00      0.00  ksoftirqd/11
08:28:58 PM     0        95      2.00      0.00  kcompactd0
08:28:58 PM     0       453      2.00      0.00  multipathd
08:28:58 PM     0     93573      2.00      0.00  kworker/5:1-events
08:28:58 PM     0    112707      2.00      0.00  kworker/3:0-mm_percpu_wq
08:28:58 PM     0    118120      1.00      0.00  kworker/9:2-mm_percpu_wq
08:28:58 PM     0    123430      2.00      0.00  kworker/6:0-events
08:28:58 PM     0    140699      2.00      0.00  kworker/1:0-mm_percpu_wq
08:28:58 PM     0    146022      2.00      0.00  kworker/11:1-mm_percpu_wq
08:28:58 PM     0    147677      2.00      0.00  kworker/10:1-events
08:28:58 PM     0    151550      4.00      0.00  kworker/8:2-events
08:28:58 PM     0    152246      9.00      0.00  kworker/7:2-events
08:28:58 PM     0    154179      2.00      0.00  kworker/2:2-events
08:28:58 PM     0    155772      3.00      0.00  kworker/0:1-events
08:28:58 PM     0    156170      2.00      0.00  kworker/u24:3-events_unbound
08:28:58 PM     0    156781      1.00      0.00  iostat
08:28:58 PM     0    156782      1.00      0.00  pidstat
08:28:58 PM     0    156783      5.00      0.00  bash
08:28:58 PM     0    156784      8.00      0.00  bash
08:28:58 PM     0    156785      4.00      0.00  bash
08:28:58 PM     0    156787    100.00      0.00  fio
08:28:58 PM     0    157360      1.00      0.00  kworker/4:2-mm_percpu_wq
08:28:58 PM     0    157936      1.00      0.00  sleep
08:28:58 PM     0    157947      1.00      1.00  sleep
08:28:58 PM     0    157948      1.00      0.00  sleep

08:28:58 PM   UID       PID   cswch/s nvcswch/s  Command
08:28:59 PM     0        16      4.00      0.00  ksoftirqd/0
08:28:59 PM     0        17     17.00      0.00  rcu_preempt
08:28:59 PM     0        24      2.00      0.00  ksoftirqd/1
08:28:59 PM     0        30      2.00      0.00  ksoftirqd/2
08:28:59 PM     0        42      4.00      0.00  ksoftirqd/4
08:28:59 PM     0        48      6.00      0.00  ksoftirqd/5
08:28:59 PM     0        54      2.00      0.00  ksoftirqd/6
08:28:59 PM     0        65      1.00      0.00  migration/8
08:28:59 PM     0        66      1.00      0.00  ksoftirqd/8
08:28:59 PM     0        71      1.00      0.00  migration/9
08:28:59 PM     0        72      3.00      0.00  ksoftirqd/9
08:28:59 PM     0        78      2.00      0.00  ksoftirqd/10
08:28:59 PM     0        83      1.00      0.00  migration/11
08:28:59 PM     0        84      2.00      0.00  ksoftirqd/11
08:28:59 PM     0        95      2.00      0.00  kcompactd0
08:28:59 PM     0       453      2.00      0.00  multipathd
08:28:59 PM     0     93573      1.00      0.00  kworker/5:1-mm_percpu_wq
08:28:59 PM     0    112707      3.00      0.00  kworker/3:0-events
08:28:59 PM     0    118120      2.00      0.00  kworker/9:2-events
08:28:59 PM     0    123430      2.00      0.00  kworker/6:0-events
08:28:59 PM     0    140699      2.00      0.00  kworker/1:0-mm_percpu_wq
08:28:59 PM     0    146022      2.00      0.00  kworker/11:1-events
08:28:59 PM     0    147677      3.00      0.00  kworker/10:1-events
08:28:59 PM     0    151550      4.00      0.00  kworker/8:2-events
08:28:59 PM     0    152246      6.00      0.00  kworker/7:2-events
08:28:59 PM     0    154179      1.00      0.00  kworker/2:2-mm_percpu_wq
08:28:59 PM     0    155772      5.00      0.00  kworker/0:1-events
08:28:59 PM     0    156170      1.00      0.00  kworker/u24:3-edac-poller
08:28:59 PM     0    156781      1.00      0.00  iostat
08:28:59 PM     0    156782      1.00      0.00  pidstat
08:28:59 PM     0    156783      5.00      0.00  bash
08:28:59 PM     0    156784      6.00      0.00  bash
08:28:59 PM     0    156785      4.00      0.00  bash
08:28:59 PM     0    156787     99.00      0.00  fio
08:28:59 PM     0    157360      1.00      0.00  kworker/4:2-mm_percpu_wq
08:28:59 PM     0    157951      1.00      0.00  sleep
08:28:59 PM     0    157962      1.00      1.00  sleep
08:28:59 PM     0    157963      1.00      1.00  sleep

08:28:59 PM   UID       PID   cswch/s nvcswch/s  Command
08:29:00 PM     0        16      1.00      0.00  ksoftirqd/0
08:29:00 PM     0        17     21.00      0.00  rcu_preempt
08:29:00 PM     0        18      1.00      0.00  migration/0
08:29:00 PM     0        24      1.00      0.00  ksoftirqd/1
08:29:00 PM     0        30      2.00      0.00  ksoftirqd/2
08:29:00 PM     0        36      4.00      0.00  ksoftirqd/3
08:29:00 PM     0        42      1.00      0.00  ksoftirqd/4
08:29:00 PM     0        48      3.00      0.00  ksoftirqd/5
08:29:00 PM     0        54      2.00      0.00  ksoftirqd/6
08:29:00 PM     0        60      2.00      0.00  ksoftirqd/7
08:29:00 PM     0        66      5.00      0.00  ksoftirqd/8
08:29:00 PM     0        72      1.00      0.00  ksoftirqd/9
08:29:00 PM     0        77      2.00      0.00  migration/10
08:29:00 PM     0        78      3.00      0.00  ksoftirqd/10
08:29:00 PM     0        95      2.00      0.00  kcompactd0
08:29:00 PM     0       191      1.00      0.00  kworker/1:1H-kblockd
08:29:00 PM     0       453      1.00      0.00  multipathd
08:29:00 PM     0       562      3.00      0.00  jbd2/nvme1n1p3-8
08:29:00 PM     0     93573      3.00      0.00  kworker/5:1-events
08:29:00 PM     0    112707      2.00      0.00  kworker/3:0-mm_percpu_wq
08:29:00 PM     0    118120      4.00      0.00  kworker/9:2-events
08:29:00 PM     0    123430      2.00      0.00  kworker/6:0-events
08:29:00 PM     0    140699      3.00      0.00  kworker/1:0-events
08:29:00 PM     0    146022      1.00      0.00  kworker/11:1-mm_percpu_wq
08:29:00 PM     0    147677      2.00      0.00  kworker/10:1-events
08:29:00 PM     0    151550      3.00      0.00  kworker/8:2-events
08:29:00 PM     0    152246      4.00      0.00  kworker/7:2-events
08:29:00 PM     0    154179      3.00      0.00  kworker/2:2-events
08:29:00 PM     0    154838      1.00      0.00  kworker/u24:0-events_power_efficient
08:29:00 PM     0    155772      5.00      0.00  kworker/0:1-events
08:29:00 PM     0    156170      3.00      0.00  kworker/u24:3-flush-259:1
08:29:00 PM     0    156781      1.00      0.00  iostat
08:29:00 PM     0    156782      1.00      0.00  pidstat
08:29:00 PM     0    156783      5.00      0.00  bash
08:29:00 PM     0    156784      7.00      0.00  bash
08:29:00 PM     0    156785      4.00      0.00  bash
08:29:00 PM     0    156787    100.00      0.00  fio
08:29:00 PM     0    157360      1.00      0.00  kworker/4:2-mm_percpu_wq
08:29:00 PM     0    157966      1.00      0.00  sleep
08:29:00 PM     0    157977      1.00      0.00  sleep
08:29:00 PM     0    157978      1.00      0.00  sleep

08:29:00 PM   UID       PID   cswch/s nvcswch/s  Command
08:29:01 PM     0        17     19.00      0.00  rcu_preempt
08:29:01 PM     0        18      1.00      0.00  migration/0
08:29:01 PM     0        24      4.00      0.00  ksoftirqd/1
08:29:01 PM     0        30      4.00      0.00  ksoftirqd/2
08:29:01 PM     0        36      7.00      0.00  ksoftirqd/3
08:29:01 PM     0        42      1.00      0.00  ksoftirqd/4
08:29:01 PM     0        48      2.00      0.00  ksoftirqd/5
08:29:01 PM     0        54      4.00      0.00  ksoftirqd/6
08:29:01 PM     0        60      2.00      0.00  ksoftirqd/7
08:29:01 PM     0        72      2.00      0.00  ksoftirqd/9
08:29:01 PM     0        78      1.00      0.00  ksoftirqd/10
08:29:01 PM     0        84      1.00      0.00  ksoftirqd/11
08:29:01 PM     0        95      2.00      0.00  kcompactd0
08:29:01 PM     0       453      2.00      0.00  multipathd
08:29:01 PM     0       769      1.00      0.00  cron
08:29:01 PM     0     93573      3.00      0.00  kworker/5:1-events
08:29:01 PM     0    112707      2.00      0.00  kworker/3:0-events
08:29:01 PM     0    118120      2.00      0.00  kworker/9:2-events
08:29:01 PM     0    123430      1.00      0.00  kworker/6:0-mm_percpu_wq
08:29:01 PM     0    140699      6.00      0.00  kworker/1:0-events
08:29:01 PM     0    146022      4.00      0.00  kworker/11:1-events
08:29:01 PM     0    147677      2.00      0.00  kworker/10:1-events
08:29:01 PM     0    151550      1.00      0.00  kworker/8:2-mm_percpu_wq
08:29:01 PM     0    152246      5.00      0.00  kworker/7:2-events
08:29:01 PM     0    154179      3.00      0.00  kworker/2:2-events
08:29:01 PM     0    155772      3.00      0.00  kworker/0:1-events
08:29:01 PM     0    156170      1.00      0.00  kworker/u24:3-edac-poller
08:29:01 PM     0    156781      1.00      0.00  iostat
08:29:01 PM     0    156782      1.00      0.00  pidstat
08:29:01 PM     0    156783      5.00      0.00  bash
08:29:01 PM     0    156784      7.00      0.00  bash
08:29:01 PM     0    156785      4.00      0.00  bash
08:29:01 PM     0    156787     99.00      0.00  fio
08:29:01 PM     0    157360      2.00      0.00  kworker/4:2-mm_percpu_wq
08:29:01 PM     0    157981      1.00      0.00  sleep
08:29:01 PM     0    157992      1.00      0.00  sleep
08:29:01 PM     0    157993      1.00      0.00  sleep

08:29:01 PM   UID       PID   cswch/s nvcswch/s  Command
08:29:02 PM     0        16      3.00      0.00  ksoftirqd/0
08:29:02 PM     0        17     17.00      0.00  rcu_preempt
08:29:02 PM     0        18      1.00      0.00  migration/0
08:29:02 PM     0        23      1.00      0.00  migration/1
08:29:02 PM     0        24      1.00      0.00  ksoftirqd/1
08:29:02 PM     0        29      1.00      0.00  migration/2
08:29:02 PM     0        30      2.00      0.00  ksoftirqd/2
08:29:02 PM     0        35      2.00      0.00  migration/3
08:29:02 PM     0        41      1.00      0.00  migration/4
08:29:02 PM     0        42      5.00      0.00  ksoftirqd/4
08:29:02 PM     0        47      2.00      0.00  migration/5
08:29:02 PM     0        48      1.00      0.00  ksoftirqd/5
08:29:02 PM     0        53      1.00      0.00  migration/6
08:29:02 PM     0        54      2.00      0.00  ksoftirqd/6
08:29:02 PM     0        59      1.00      0.00  migration/7
08:29:02 PM     0        60      1.00      0.00  ksoftirqd/7
08:29:02 PM     0        65      1.00      0.00  migration/8
08:29:02 PM     0        66      2.00      0.00  ksoftirqd/8
08:29:02 PM     0        71      2.00      0.00  migration/9
08:29:02 PM     0        72      3.00      0.00  ksoftirqd/9
08:29:02 PM     0        77      3.00      0.00  migration/10
08:29:02 PM     0        78      1.00      0.00  ksoftirqd/10
08:29:02 PM     0        83      1.00      0.00  migration/11
08:29:02 PM     0        84      3.00      0.00  ksoftirqd/11
08:29:02 PM     0        95      2.00      0.00  kcompactd0
08:29:02 PM     0       176      1.00      0.00  kworker/11:1H-kblockd
08:29:02 PM     0       453      2.00      0.00  multipathd
08:29:02 PM     0     93573      3.00      0.00  kworker/5:1-events
08:29:02 PM     0    112707      2.00      0.00  kworker/3:0-events
08:29:02 PM     0    118120      3.00      0.00  kworker/9:2-events
08:29:02 PM     0    123430      1.00      0.00  kworker/6:0-mm_percpu_wq
08:29:02 PM     0    140699      3.00      0.00  kworker/1:0-events
08:29:02 PM     0    146022      1.00      0.00  kworker/11:1-mm_percpu_wq
08:29:02 PM     0    147677      1.00      0.00  kworker/10:1-mm_percpu_wq
08:29:02 PM     0    151550      2.00      0.00  kworker/8:2-events
08:29:02 PM     0    152246      6.00      0.00  kworker/7:2-events
08:29:02 PM     0    154179      4.00      0.00  kworker/2:2-events
08:29:02 PM     0    155772      3.00      0.00  kworker/0:1-events
08:29:02 PM     0    156170      5.00      0.00  kworker/u24:3-ext4-rsv-conversion
08:29:02 PM     0    156781      1.00      0.00  iostat
08:29:02 PM     0    156782      1.00      0.00  pidstat
08:29:02 PM     0    156783      5.00      0.00  bash
08:29:02 PM     0    156784      8.00      0.00  bash
08:29:02 PM     0    156785      4.00      0.00  bash
08:29:02 PM     0    156787     99.00      0.00  fio
08:29:02 PM     0    157360      1.00      0.00  kworker/4:2-mm_percpu_wq
08:29:02 PM     0    157996      1.00      1.00  sleep
08:29:02 PM     0    158007      1.00      0.00  sleep
08:29:02 PM     0    158008      1.00      1.00  sleep

08:29:02 PM   UID       PID   cswch/s nvcswch/s  Command
08:29:03 PM     0        16      4.00      0.00  ksoftirqd/0
08:29:03 PM     0        17     21.00      0.00  rcu_preempt
08:29:03 PM     0        24      6.00      0.00  ksoftirqd/1
08:29:03 PM     0        29      1.00      0.00  migration/2
08:29:03 PM     0        36      1.00      0.00  ksoftirqd/3
08:29:03 PM     0        41      1.00      0.00  migration/4
08:29:03 PM     0        42      1.00      0.00  ksoftirqd/4
08:29:03 PM     0        54      5.00      0.00  ksoftirqd/6
08:29:03 PM     0        60      2.00      0.00  ksoftirqd/7
08:29:03 PM     0        65      1.00      0.00  migration/8
08:29:03 PM     0        66      4.00      0.00  ksoftirqd/8
08:29:03 PM     0        71      1.00      0.00  migration/9
08:29:03 PM     0        72      3.00      0.00  ksoftirqd/9
08:29:03 PM     0        77      1.00      0.00  migration/10
08:29:03 PM     0        83      1.00      0.00  migration/11
08:29:03 PM     0        84      1.00      0.00  ksoftirqd/11
08:29:03 PM     0        95      2.00      0.00  kcompactd0
08:29:03 PM     0       172      1.00      0.00  kworker/3:1H-kblockd
08:29:03 PM     0       453      1.00      0.00  multipathd
08:29:03 PM     0     21554      1.00      0.00  packagekitd
08:29:03 PM     0     93573      2.00      0.00  kworker/5:1-events
08:29:03 PM     0    112707      1.00      0.00  kworker/3:0-mm_percpu_wq
08:29:03 PM     0    118120      1.00      0.00  kworker/9:2-mm_percpu_wq
08:29:03 PM     0    123430      2.00      0.00  kworker/6:0-mm_percpu_wq
08:29:03 PM     0    140699      4.00      0.00  kworker/1:0-events
08:29:03 PM     0    146022      1.00      0.00  kworker/11:1-mm_percpu_wq
08:29:03 PM     0    147677      2.00      0.00  kworker/10:1-mm_percpu_wq
08:29:03 PM     0    151550      4.00      0.00  kworker/8:2-events
08:29:03 PM     0    152246      9.00      0.00  kworker/7:2-events
08:29:03 PM     0    154179      2.00      0.00  kworker/2:2-events
08:29:03 PM     0    155772      4.00      0.00  kworker/0:1-events
08:29:03 PM     0    156170      2.00      0.00  kworker/u24:3-edac-poller
08:29:03 PM     0    156781      1.00      0.00  iostat
08:29:03 PM     0    156782      1.00      0.00  pidstat
08:29:03 PM     0    156783      5.00      0.00  bash
08:29:03 PM     0    156784      7.00      0.00  bash
08:29:03 PM     0    156785      4.00      0.00  bash
08:29:03 PM     0    156787    100.00      0.00  fio
08:29:03 PM     0    157360      3.00      0.00  kworker/4:2-events
08:29:03 PM     0    158011      1.00      0.00  sleep
08:29:03 PM     0    158021      1.00      0.00  sleep
08:29:03 PM     0    158023      1.00      0.00  sleep

08:29:03 PM   UID       PID   cswch/s nvcswch/s  Command
08:29:04 PM     0        16      4.00      0.00  ksoftirqd/0
08:29:04 PM     0        17     19.00      0.00  rcu_preempt
08:29:04 PM     0        24      3.00      0.00  ksoftirqd/1
08:29:04 PM     0        29      2.00      0.00  migration/2
08:29:04 PM     0        30      5.00      0.00  ksoftirqd/2
08:29:04 PM     0        35      1.00      0.00  migration/3
08:29:04 PM     0        36      2.00      0.00  ksoftirqd/3
08:29:04 PM     0        48      2.00      0.00  ksoftirqd/5
08:29:04 PM     0        54      2.00      0.00  ksoftirqd/6
08:29:04 PM     0        66      2.00      0.00  ksoftirqd/8
08:29:04 PM     0        72      3.00      0.00  ksoftirqd/9
08:29:04 PM     0        78      3.00      0.00  ksoftirqd/10
08:29:04 PM     0        83      2.00      0.00  migration/11
08:29:04 PM     0        95      2.00      0.00  kcompactd0
08:29:04 PM     0       453      2.00      0.00  multipathd
08:29:04 PM     0     93573      1.00      0.00  kworker/5:1-mm_percpu_wq
08:29:04 PM     0    112707      1.00      0.00  kworker/3:0-mm_percpu_wq
08:29:04 PM     0    118120      4.00      0.00  kworker/9:2-events
08:29:04 PM     0    123430      4.00      0.00  kworker/6:0-events
08:29:04 PM     0    140699      2.00      0.00  kworker/1:0-events
08:29:04 PM     0    146022      1.00      0.00  kworker/11:1-mm_percpu_wq
08:29:04 PM     0    147677      3.00      0.00  kworker/10:1-events
08:29:04 PM     0    151550      1.00      0.00  kworker/8:2-mm_percpu_wq
08:29:04 PM     0    152246      4.00      0.00  kworker/7:2-events
08:29:04 PM     0    154179      5.00      0.00  kworker/2:2-events
08:29:04 PM     0    155772      3.00      0.00  kworker/0:1-events
08:29:04 PM     0    156170      2.00      0.00  kworker/u24:3-events_unbound
08:29:04 PM     0    156781      1.00      0.00  iostat
08:29:04 PM     0    156782      1.00      0.00  pidstat
08:29:04 PM     0    156783      5.00      0.00  bash
08:29:04 PM     0    156784      8.00      0.00  bash
08:29:04 PM     0    156785      4.00      0.00  bash
08:29:04 PM     0    156787     99.00      0.00  fio
08:29:04 PM     0    157360      3.00      0.00  kworker/4:2-events
08:29:04 PM     0    158026      1.00      0.00  sleep
08:29:04 PM     0    158036      1.00      0.00  sleep
08:29:04 PM     0    158038      1.00      1.00  sleep

08:29:04 PM   UID       PID   cswch/s nvcswch/s  Command
08:29:05 PM     0        16      4.00      0.00  ksoftirqd/0
08:29:05 PM     0        17     19.00      0.00  rcu_preempt
08:29:05 PM     0        24      3.00      0.00  ksoftirqd/1
08:29:05 PM     0        30      4.00      0.00  ksoftirqd/2
08:29:05 PM     0        42      3.00      0.00  ksoftirqd/4
08:29:05 PM     0        47      1.00      0.00  migration/5
08:29:05 PM     0        48      3.00      0.00  ksoftirqd/5
08:29:05 PM     0        54      2.00      0.00  ksoftirqd/6
08:29:05 PM     0        66      1.00      0.00  ksoftirqd/8
08:29:05 PM     0        72      3.00      0.00  ksoftirqd/9
08:29:05 PM     0        77      2.00      0.00  migration/10
08:29:05 PM     0        78      3.00      0.00  ksoftirqd/10
08:29:05 PM     0        84      1.00      0.00  ksoftirqd/11
08:29:05 PM     0        95      2.00      0.00  kcompactd0
08:29:05 PM     0       453      1.00      0.00  multipathd
08:29:05 PM     0       562      3.00      0.00  jbd2/nvme1n1p3-8
08:29:05 PM     0     93573      3.00      0.00  kworker/5:1+pm
08:29:05 PM     0    112707      2.00      0.00  kworker/3:0-events
08:29:05 PM     0    118120      2.00      0.00  kworker/9:2-events
08:29:05 PM     0    123430      3.00      0.00  kworker/6:0-events
08:29:05 PM     0    140699      2.00      0.00  kworker/1:0-mm_percpu_wq
08:29:05 PM     0    146022      1.00      0.00  kworker/11:1-mm_percpu_wq
08:29:05 PM     0    147677      4.00      0.00  kworker/10:1-events
08:29:05 PM     0    151550      3.00      0.00  kworker/8:2-events
08:29:05 PM     0    152246      3.00      0.00  kworker/7:2-events
08:29:05 PM     0    154179      4.00      0.00  kworker/2:2-events
08:29:05 PM     0    155772      3.00      0.00  kworker/0:1-events
08:29:05 PM     0    156170      1.00      0.00  kworker/u24:3-edac-poller
08:29:05 PM     0    156781      1.00      0.00  iostat
08:29:05 PM     0    156782      1.00      0.00  pidstat
08:29:05 PM     0    156783      5.00      0.00  bash
08:29:05 PM     0    156784      8.00      0.00  bash
08:29:05 PM     0    156785      4.00      0.00  bash
08:29:05 PM     0    156787    100.00      0.00  fio
08:29:05 PM     0    157360      2.00      0.00  kworker/4:2-events
08:29:05 PM     0    158041      1.00      0.00  sleep
08:29:05 PM     0    158052      1.00      0.00  sleep
08:29:05 PM     0    158053      1.00      0.00  sleep

08:29:05 PM   UID       PID   cswch/s nvcswch/s  Command
08:29:06 PM     0        16      6.00      0.00  ksoftirqd/0
08:29:06 PM     0        17     15.00      0.00  rcu_preempt
08:29:06 PM     0        18      1.00      0.00  migration/0
08:29:06 PM     0        23      1.00      0.00  migration/1
08:29:06 PM     0        24      4.00      0.00  ksoftirqd/1
08:29:06 PM     0        29      1.00      0.00  migration/2
08:29:06 PM     0        30      1.00      0.00  ksoftirqd/2
08:29:06 PM     0        35      1.00      0.00  migration/3
08:29:06 PM     0        36      1.00      0.00  ksoftirqd/3
08:29:06 PM     0        41      2.00      0.00  migration/4
08:29:06 PM     0        42      4.00      0.00  ksoftirqd/4
08:29:06 PM     0        47      1.00      0.00  migration/5
08:29:06 PM     0        48      3.00      0.00  ksoftirqd/5
08:29:06 PM     0        53      2.00      0.00  migration/6
08:29:06 PM     0        54      3.00      0.00  ksoftirqd/6
08:29:06 PM     0        59      2.00      0.00  migration/7
08:29:06 PM     0        65      1.00      0.00  migration/8
08:29:06 PM     0        66      1.00      0.00  ksoftirqd/8
08:29:06 PM     0        71      2.00      0.00  migration/9
08:29:06 PM     0        72      5.00      0.00  ksoftirqd/9
08:29:06 PM     0        77      2.00      0.00  migration/10
08:29:06 PM     0        78      1.00      0.00  ksoftirqd/10
08:29:06 PM     0        83      2.00      0.00  migration/11
08:29:06 PM     0        84      1.00      0.00  ksoftirqd/11
08:29:06 PM     0        95      2.00      0.00  kcompactd0
08:29:06 PM     0       102      1.00      0.00  irq/9-acpi
08:29:06 PM     0       176      1.00      0.00  kworker/11:1H-kblockd
08:29:06 PM     0       453      2.00      0.00  multipathd
08:29:06 PM     0     93573     14.00      0.00  kworker/5:1-events
08:29:06 PM     0    112707      2.00      0.00  kworker/3:0-events
08:29:06 PM     0    118120      1.00      0.00  kworker/9:2-mm_percpu_wq
08:29:06 PM     0    123430      4.00      0.00  kworker/6:0-events
08:29:06 PM     0    140699      1.00      0.00  kworker/1:0-mm_percpu_wq
08:29:06 PM     0    143435      1.00      0.00  kworker/5:0-i915-unordered
08:29:06 PM     0    146022      1.00      0.00  kworker/11:1-mm_percpu_wq
08:29:06 PM     0    147677      5.00      0.00  kworker/10:1-events
08:29:06 PM     0    151550      2.00      0.00  kworker/8:2-mm_percpu_wq
08:29:06 PM     0    152246      2.00      0.00  kworker/7:2-events
08:29:06 PM     0    154179      3.00      0.00  kworker/2:2-events
08:29:06 PM     0    154838      3.00      0.00  kworker/u24:0-events_unbound
08:29:06 PM     0    155772      4.00      0.00  kworker/0:1-events
08:29:06 PM     0    156170      2.00      0.00  kworker/u24:3-flush-259:1
08:29:06 PM     0    156781      1.00      0.00  iostat
08:29:06 PM     0    156782      1.00      0.00  pidstat
08:29:06 PM     0    156783      5.00      0.00  bash
08:29:06 PM     0    156784      7.00      0.00  bash
08:29:06 PM     0    156785      4.00      0.00  bash
08:29:06 PM     0    156787     99.00      0.00  fio
08:29:06 PM     0    157360      4.00      0.00  kworker/4:2-events
08:29:06 PM     0    158056      1.00      0.00  sleep
08:29:06 PM     0    158067      1.00      1.00  sleep
08:29:06 PM     0    158068      1.00      0.00  sleep

08:29:06 PM   UID       PID   cswch/s nvcswch/s  Command
08:29:07 PM     0        16      2.00      0.00  ksoftirqd/0
08:29:07 PM     0        17     21.00      0.00  rcu_preempt
08:29:07 PM     0        23      2.00      0.00  migration/1
08:29:07 PM     0        24      1.00      0.00  ksoftirqd/1
08:29:07 PM     0        30      1.00      0.00  ksoftirqd/2
08:29:07 PM     0        36      2.00      0.00  ksoftirqd/3
08:29:07 PM     0        42      2.00      0.00  ksoftirqd/4
08:29:07 PM     0        47      1.00      0.00  migration/5
08:29:07 PM     0        48      2.00      0.00  ksoftirqd/5
08:29:07 PM     0        54      1.00      0.00  ksoftirqd/6
08:29:07 PM     0        60      2.00      0.00  ksoftirqd/7
08:29:07 PM     0        65      1.00      0.00  migration/8
08:29:07 PM     0        66      3.00      0.00  ksoftirqd/8
08:29:07 PM     0        71      1.00      0.00  migration/9
08:29:07 PM     0        72      1.00      0.00  ksoftirqd/9
08:29:07 PM     0        78      1.00      0.00  ksoftirqd/10
08:29:07 PM     0        83      3.00      0.00  migration/11
08:29:07 PM     0        95      2.00      0.00  kcompactd0
08:29:07 PM     0       453      2.00      0.00  multipathd
08:29:07 PM     0     93573      1.00      0.00  kworker/5:1-mm_percpu_wq
08:29:07 PM     0    112707      1.00      0.00  kworker/3:0-mm_percpu_wq
08:29:07 PM     0    118120      2.00      0.00  kworker/9:2-events
08:29:07 PM     0    123430      3.00      0.00  kworker/6:0-events
08:29:07 PM     0    140699      5.00      0.00  kworker/1:0-events
08:29:07 PM     0    146022      1.00      0.00  kworker/11:1-mm_percpu_wq
08:29:07 PM     0    147677      1.00      0.00  kworker/10:1-mm_percpu_wq
08:29:07 PM     0    151550      2.00      0.00  kworker/8:2-events
08:29:07 PM     0    152246      5.00      0.00  kworker/7:2-events
08:29:07 PM     0    154179      3.00      0.00  kworker/2:2-events
08:29:07 PM     0    154838      1.00      0.00  kworker/u24:0-edac-poller
08:29:07 PM     0    155772      4.00      0.00  kworker/0:1-events
08:29:07 PM     0    156781      1.00      0.00  iostat
08:29:07 PM     0    156782      1.00      0.00  pidstat
08:29:07 PM     0    156783      5.00      0.00  bash
08:29:07 PM     0    156784      6.00      0.00  bash
08:29:07 PM     0    156785      4.00      0.00  bash
08:29:07 PM     0    156787     99.00      0.00  fio
08:29:07 PM     0    157360      2.00      0.00  kworker/4:2-events
08:29:07 PM     0    158071      1.00      0.00  sleep
08:29:07 PM     0    158081      1.00      1.00  sleep
08:29:07 PM     0    158083      1.00      1.00  sleep

08:29:07 PM   UID       PID   cswch/s nvcswch/s  Command
08:29:08 PM     0        16      4.00      0.00  ksoftirqd/0
08:29:08 PM     0        17     20.00      0.00  rcu_preempt
08:29:08 PM     0        18      1.00      0.00  migration/0
08:29:08 PM     0        24      3.00      0.00  ksoftirqd/1
08:29:08 PM     0        30      2.00      0.00  ksoftirqd/2
08:29:08 PM     0        36      3.00      0.00  ksoftirqd/3
08:29:08 PM     0        42      1.00      0.00  ksoftirqd/4
08:29:08 PM     0        54      1.00      0.00  ksoftirqd/6
08:29:08 PM     0        66      3.00      0.00  ksoftirqd/8
08:29:08 PM     0        72      1.00      0.00  ksoftirqd/9
08:29:08 PM     0        77      1.00      0.00  migration/10
08:29:08 PM     0        84      3.00      0.00  ksoftirqd/11
08:29:08 PM     0        95      2.00      0.00  kcompactd0
08:29:08 PM     0       453      2.00      0.00  multipathd
08:29:08 PM     0     93573      2.00      0.00  kworker/5:1-events
08:29:08 PM     0    112707      4.00      0.00  kworker/3:0-events
08:29:08 PM     0    118120      3.00      0.00  kworker/9:2-events
08:29:08 PM     0    123430      2.00      0.00  kworker/6:0-events
08:29:08 PM     0    140699      3.00      0.00  kworker/1:0-events
08:29:08 PM     0    146022      5.00      0.00  kworker/11:1-events
08:29:08 PM     0    147677      1.00      0.00  kworker/10:1-mm_percpu_wq
08:29:08 PM     0    151550      2.00      0.00  kworker/8:2-events
08:29:08 PM     0    152246      3.00      0.00  kworker/7:2-events
08:29:08 PM     0    154179      3.00      0.00  kworker/2:2-events
08:29:08 PM     0    154838      5.00      0.00  kworker/u24:0-events_unbound
08:29:08 PM     0    155772      5.00      0.00  kworker/0:1-events
08:29:08 PM     0    156781      1.00      0.00  iostat
08:29:08 PM     0    156782      1.00      0.00  pidstat
08:29:08 PM     0    156783      5.00      0.00  bash
08:29:08 PM     0    156784      8.00      0.00  bash
08:29:08 PM     0    156785      4.00      0.00  bash
08:29:08 PM     0    156787    100.00      0.00  fio
08:29:08 PM     0    157360      3.00      0.00  kworker/4:2-events
08:29:08 PM     0    158086      1.00      0.00  sleep
08:29:08 PM     0    158097      1.00      0.00  sleep
08:29:08 PM     0    158098      1.00      0.00  sleep

08:29:08 PM   UID       PID   cswch/s nvcswch/s  Command
08:29:09 PM     0        16      3.00      0.00  ksoftirqd/0
08:29:09 PM     0        17     20.00      0.00  rcu_preempt
08:29:09 PM     0        24      3.00      0.00  ksoftirqd/1
08:29:09 PM     0        30      1.00      0.00  ksoftirqd/2
08:29:09 PM     0        35      2.00      0.00  migration/3
08:29:09 PM     0        42      3.00      0.00  ksoftirqd/4
08:29:09 PM     0        48      2.00      0.00  ksoftirqd/5
08:29:09 PM     0        53      1.00      0.00  migration/6
08:29:09 PM     0        54      2.00      0.00  ksoftirqd/6
08:29:09 PM     0        60      1.00      0.00  ksoftirqd/7
08:29:09 PM     0        66      2.00      0.00  ksoftirqd/8
08:29:09 PM     0        72      4.00      0.00  ksoftirqd/9
08:29:09 PM     0        78      5.00      0.00  ksoftirqd/10
08:29:09 PM     0        95      2.00      0.00  kcompactd0
08:29:09 PM     0       453      2.00      0.00  multipathd
08:29:09 PM     0     93573      2.00      0.00  kworker/5:1-events
08:29:09 PM     0    112707      3.00      0.00  kworker/3:0-events
08:29:09 PM     0    118120      3.00      0.00  kworker/9:2-events
08:29:09 PM     0    123430      2.00      0.00  kworker/6:0-events
08:29:09 PM     0    140699      2.00      0.00  kworker/1:0-mm_percpu_wq
08:29:09 PM     0    146022      1.00      0.00  kworker/11:1-mm_percpu_wq
08:29:09 PM     0    147677      4.00      0.00  kworker/10:1-events
08:29:09 PM     0    151550      2.00      0.00  kworker/8:2-events
08:29:09 PM     0    152246      5.00      0.00  kworker/7:2-events
08:29:09 PM     0    154179      1.00      0.00  kworker/2:2-mm_percpu_wq
08:29:09 PM     0    154838      1.00      0.00  kworker/u24:0-edac-poller
08:29:09 PM     0    155772      5.00      0.00  kworker/0:1-events
08:29:09 PM     0    156781      1.00      0.00  iostat
08:29:09 PM     0    156782      1.00      0.00  pidstat
08:29:09 PM     0    156783      5.00      0.00  bash
08:29:09 PM     0    156784      7.00      0.00  bash
08:29:09 PM     0    156785      4.00      0.00  bash
08:29:09 PM     0    156787     99.00      0.00  fio
08:29:09 PM     0    157360      1.00      0.00  kworker/4:2-mm_percpu_wq
08:29:09 PM     0    158101      1.00      0.00  sleep
08:29:09 PM     0    158111      1.00      0.00  sleep
08:29:09 PM     0    158113      1.00      0.00  sleep

08:29:09 PM   UID       PID   cswch/s nvcswch/s  Command
08:29:10 PM     0        16      4.00      0.00  ksoftirqd/0
08:29:10 PM     0        17     22.00      0.00  rcu_preempt
08:29:10 PM     0        18      1.00      0.00  migration/0
08:29:10 PM     0        23      2.00      0.00  migration/1
08:29:10 PM     0        24      3.00      0.00  ksoftirqd/1
08:29:10 PM     0        29      2.00      0.00  migration/2
08:29:10 PM     0        30      3.00      0.00  ksoftirqd/2
08:29:10 PM     0        35      1.00      0.00  migration/3
08:29:10 PM     0        36      3.00      0.00  ksoftirqd/3
08:29:10 PM     0        41      1.00      0.00  migration/4
08:29:10 PM     0        42      2.00      0.00  ksoftirqd/4
08:29:10 PM     0        47      3.00      0.00  migration/5
08:29:10 PM     0        53      2.00      0.00  migration/6
08:29:10 PM     0        54      2.00      0.00  ksoftirqd/6
08:29:10 PM     0        59      1.00      0.00  migration/7
08:29:10 PM     0        60      2.00      0.00  ksoftirqd/7
08:29:10 PM     0        65      1.00      0.00  migration/8
08:29:10 PM     0        66      3.00      0.00  ksoftirqd/8
08:29:10 PM     0        71      1.00      0.00  migration/9
08:29:10 PM     0        72      1.00      0.00  ksoftirqd/9
08:29:10 PM     0        77      1.00      0.00  migration/10
08:29:10 PM     0        78      4.00      0.00  ksoftirqd/10
08:29:10 PM     0        83      2.00      0.00  migration/11
08:29:10 PM     0        84      1.00      0.00  ksoftirqd/11
08:29:10 PM     0        95      2.00      0.00  kcompactd0
08:29:10 PM     0       453      1.00      0.00  multipathd
08:29:10 PM     0       562      3.00      0.00  jbd2/nvme1n1p3-8
08:29:10 PM   101       608      1.00      0.00  systemd-network
08:29:10 PM     0     93573      1.00      0.00  kworker/5:1-mm_percpu_wq
08:29:10 PM     0    112707      5.00      0.00  kworker/3:0-events
08:29:10 PM     0    118120      3.00      0.00  kworker/9:2-events
08:29:10 PM     0    123430      1.00      0.00  kworker/6:0-mm_percpu_wq
08:29:10 PM     0    140699      6.00      0.00  kworker/1:0-events
08:29:10 PM     0    146022      3.00      0.00  kworker/11:1-events
08:29:10 PM     0    147677      2.00      0.00  kworker/10:1-events
08:29:10 PM     0    151550      3.00      0.00  kworker/8:2-events
08:29:10 PM     0    152246      3.00      0.00  kworker/7:2-events
08:29:10 PM     0    154179      2.00      0.00  kworker/2:2-mm_percpu_wq
08:29:10 PM     0    154838      2.00      0.00  kworker/u24:0-events_power_efficient
08:29:10 PM     0    155772      3.00      0.00  kworker/0:1-mm_percpu_wq
08:29:10 PM     0    156170      1.00      0.00  kworker/u24:3-flush-259:1
08:29:10 PM     0    156781      1.00      0.00  iostat
08:29:10 PM     0    156782      1.00      0.00  pidstat
08:29:10 PM     0    156783      5.00      0.00  bash
08:29:10 PM     0    156784      8.00      0.00  bash
08:29:10 PM     0    156785      4.00      0.00  bash
08:29:10 PM     0    156787    100.00      0.00  fio
08:29:10 PM     0    157360      2.00      0.00  kworker/4:2-events
08:29:10 PM     0    158116      1.00      0.00  sleep
08:29:10 PM     0    158126      1.00      1.00  sleep
08:29:10 PM     0    158128      1.00      1.00  sleep

08:29:10 PM   UID       PID   cswch/s nvcswch/s  Command
08:29:11 PM     0        16      2.00      0.00  ksoftirqd/0
08:29:11 PM     0        17     18.00      0.00  rcu_preempt
08:29:11 PM     0        24      1.00      0.00  ksoftirqd/1
08:29:11 PM     0        30      2.00      0.00  ksoftirqd/2
08:29:11 PM     0        36      2.00      0.00  ksoftirqd/3
08:29:11 PM     0        41      1.00      0.00  migration/4
08:29:11 PM     0        42      3.00      0.00  ksoftirqd/4
08:29:11 PM     0        47      1.00      0.00  migration/5
08:29:11 PM     0        48      1.00      0.00  ksoftirqd/5
08:29:11 PM     0        54      4.00      0.00  ksoftirqd/6
08:29:11 PM     0        60      2.00      0.00  ksoftirqd/7
08:29:11 PM     0        66      5.00      0.00  ksoftirqd/8
08:29:11 PM     0        72      4.00      0.00  ksoftirqd/9
08:29:11 PM     0        78      1.00      0.00  ksoftirqd/10
08:29:11 PM     0        95      2.00      0.00  kcompactd0
08:29:11 PM     0       113      1.00      0.00  kworker/5:1H-kblockd
08:29:11 PM     0       453      2.00      0.00  multipathd
08:29:11 PM     0     93573      2.00      0.00  kworker/5:1-events
08:29:11 PM     0    112707      4.00      0.00  kworker/3:0-events
08:29:11 PM     0    118120      2.00      0.00  kworker/9:2-events
08:29:11 PM     0    123430      3.00      0.00  kworker/6:0-events
08:29:11 PM     0    140699      4.00      0.00  kworker/1:0-events
08:29:11 PM     0    146022      2.00      0.00  kworker/11:1-events
08:29:11 PM     0    147677      2.00      0.00  kworker/10:1-events
08:29:11 PM     0    151550      1.00      0.00  kworker/8:2-mm_percpu_wq
08:29:11 PM     0    152246      2.00      0.00  kworker/7:2-events
08:29:11 PM     0    154179      3.00      0.00  kworker/2:2-events
08:29:11 PM     0    154838      1.00      0.00  kworker/u24:0-events_power_efficient
08:29:11 PM     0    155772      2.00      0.00  kworker/0:1-events
08:29:11 PM     0    156170      4.00      0.00  kworker/u24:3-edac-poller
08:29:11 PM     0    156781      1.00      0.00  iostat
08:29:11 PM     0    156782      1.00      0.00  pidstat
08:29:11 PM     0    156783      5.00      0.00  bash
08:29:11 PM     0    156784      7.00      0.00  bash
08:29:11 PM     0    156785      4.00      0.00  bash
08:29:11 PM     0    156787     99.00      0.00  fio
08:29:11 PM     0    157360      6.00      0.00  kworker/4:2-events
08:29:11 PM     0    158131      1.00      0.00  sleep
08:29:11 PM     0    158142      1.00      0.00  sleep
08:29:11 PM     0    158143      1.00      0.00  sleep

08:29:11 PM   UID       PID   cswch/s nvcswch/s  Command
08:29:12 PM     0        16      2.00      0.00  ksoftirqd/0
08:29:12 PM     0        17     20.00      0.00  rcu_preempt
08:29:12 PM     0        18      1.00      0.00  migration/0
08:29:12 PM     0        23      1.00      0.00  migration/1
08:29:12 PM     0        24      3.00      0.00  ksoftirqd/1
08:29:12 PM     0        30      4.00      0.00  ksoftirqd/2
08:29:12 PM     0        36      1.00      0.00  ksoftirqd/3
08:29:12 PM     0        42      3.00      1.00  ksoftirqd/4
08:29:12 PM     0        48      1.00      0.00  ksoftirqd/5
08:29:12 PM     0        54      3.00      0.00  ksoftirqd/6
08:29:12 PM     0        59      1.00      0.00  migration/7
08:29:12 PM     0        60      1.00      0.00  ksoftirqd/7
08:29:12 PM     0        65      1.00      0.00  migration/8
08:29:12 PM     0        66      1.00      0.00  ksoftirqd/8
08:29:12 PM     0        72      3.00      0.00  ksoftirqd/9
08:29:12 PM     0        77      1.00      0.00  migration/10
08:29:12 PM     0        78      1.00      0.00  ksoftirqd/10
08:29:12 PM     0        83      1.00      0.00  migration/11
08:29:12 PM     0        84      2.00      0.00  ksoftirqd/11
08:29:12 PM     0        95      2.00      0.00  kcompactd0
08:29:12 PM     0       193      1.00      0.00  kworker/9:1H-kblockd
08:29:12 PM     0       453      2.00      0.00  multipathd
08:29:12 PM     0     93573      1.00      0.00  kworker/5:1-mm_percpu_wq
08:29:12 PM     0    112707      4.00      0.00  kworker/3:0-events
08:29:12 PM     0    118120      4.00      0.00  kworker/9:2-events
08:29:12 PM     0    123430      3.00      0.00  kworker/6:0-events
08:29:12 PM     0    140699      3.00      0.00  kworker/1:0-events
08:29:12 PM     0    146022      2.00      0.00  kworker/11:1-events
08:29:12 PM     0    147677      1.00      0.00  kworker/10:1-mm_percpu_wq
08:29:12 PM     0    151550      2.00      0.00  kworker/8:2-events
08:29:12 PM     0    152246      4.00      0.00  kworker/7:2-events
08:29:12 PM     0    154179      3.00      0.00  kworker/2:2-events
08:29:12 PM     0    155772      3.00      0.00  kworker/0:1-events
08:29:12 PM     0    156170      1.00      0.00  kworker/u24:3-edac-poller
08:29:12 PM     0    156781      1.00      0.00  iostat
08:29:12 PM     0    156782      1.00      0.00  pidstat
08:29:12 PM     0    156783      5.00      0.00  bash
08:29:12 PM     0    156784      7.00      0.00  bash
08:29:12 PM     0    156785      4.00      0.00  bash
08:29:12 PM     0    156787    100.00      0.00  fio
08:29:12 PM     0    157360      2.00      0.00  kworker/4:2-events
08:29:12 PM     0    158146      1.00      1.00  sleep
08:29:12 PM     0    158157      1.00      0.00  sleep
08:29:12 PM     0    158158      1.00      0.00  sleep

08:29:12 PM   UID       PID   cswch/s nvcswch/s  Command
08:29:13 PM     0        16      2.00      0.00  ksoftirqd/0
08:29:13 PM     0        17     17.00      0.00  rcu_preempt
08:29:13 PM     0        24      2.00      0.00  ksoftirqd/1
08:29:13 PM     0        30      1.00      0.00  ksoftirqd/2
08:29:13 PM     0        35      1.00      0.00  migration/3
08:29:13 PM     0        36      4.00      0.00  ksoftirqd/3
08:29:13 PM     0        42      3.00      1.00  ksoftirqd/4
08:29:13 PM     0        48      3.00      0.00  ksoftirqd/5
08:29:13 PM     0        54      3.00      0.00  ksoftirqd/6
08:29:13 PM     0        59      1.00      0.00  migration/7
08:29:13 PM     0        66      2.00      0.00  ksoftirqd/8
08:29:13 PM     0        71      1.00      0.00  migration/9
08:29:13 PM     0        72      1.00      0.00  ksoftirqd/9
08:29:13 PM     0        78      3.00      0.00  ksoftirqd/10
08:29:13 PM     0        84      3.00      0.00  ksoftirqd/11
08:29:13 PM     0        95      2.00      0.00  kcompactd0
08:29:13 PM     0       453      2.00      0.00  multipathd
08:29:13 PM     0     21554      1.00      0.00  packagekitd
08:29:13 PM     0     93573      1.00      0.00  kworker/5:1-mm_percpu_wq
08:29:13 PM     0    112707      2.00      0.00  kworker/3:0-events
08:29:13 PM     0    118120      4.00      0.00  kworker/9:2-events
08:29:13 PM     0    123430      2.00      0.00  kworker/6:0-mm_percpu_wq
08:29:13 PM     0    140699      3.00      0.00  kworker/1:0-events
08:29:13 PM     0    146022      1.00      0.00  kworker/11:1-mm_percpu_wq
08:29:13 PM     0    147677      2.00      0.00  kworker/10:1-events
08:29:13 PM     0    151550      2.00      0.00  kworker/8:2-events
08:29:13 PM     0    152246      4.00      0.00  kworker/7:2-events
08:29:13 PM     0    154179      3.00      0.00  kworker/2:2-events
08:29:13 PM     0    155772      5.00      0.00  kworker/0:1-events
08:29:13 PM     0    156170      5.00      0.00  kworker/u24:3-writeback
08:29:13 PM     0    156781      1.00      0.00  iostat
08:29:13 PM     0    156782      1.00      0.00  pidstat
08:29:13 PM     0    156783      5.00      0.00  bash
08:29:13 PM     0    156784      7.00      0.00  bash
08:29:13 PM     0    156785      4.00      0.00  bash
08:29:13 PM     0    156787     99.00      0.00  fio
08:29:13 PM     0    157360      2.00      0.00  kworker/4:2-events
08:29:13 PM     0    158161      1.00      0.00  sleep
08:29:13 PM     0    158171      1.00      0.00  sleep
08:29:13 PM     0    158173      1.00      0.00  sleep

08:29:13 PM   UID       PID   cswch/s nvcswch/s  Command
08:29:14 PM     0        16      7.00      0.00  ksoftirqd/0
08:29:14 PM     0        17     25.00      0.00  rcu_preempt
08:29:14 PM     0        18      1.00      0.00  migration/0
08:29:14 PM     0        23      2.00      0.00  migration/1
08:29:14 PM     0        29      3.00      0.00  migration/2
08:29:14 PM     0        35      1.00      0.00  migration/3
08:29:14 PM     0        36      3.00      0.00  ksoftirqd/3
08:29:14 PM     0        41      1.00      0.00  migration/4
08:29:14 PM     0        42      5.00      0.00  ksoftirqd/4
08:29:14 PM     0        47      1.00      0.00  migration/5
08:29:14 PM     0        53      1.00      0.00  migration/6
08:29:14 PM     0        54      2.00      0.00  ksoftirqd/6
08:29:14 PM     0        59      1.00      0.00  migration/7
08:29:14 PM     0        60      3.00      0.00  ksoftirqd/7
08:29:14 PM     0        65      1.00      0.00  migration/8
08:29:14 PM     0        66      2.00      0.00  ksoftirqd/8
08:29:14 PM     0        71      1.00      0.00  migration/9
08:29:14 PM     0        72      1.00      0.00  ksoftirqd/9
08:29:14 PM     0        77      2.00      0.00  migration/10
08:29:14 PM     0        78      4.00      0.00  ksoftirqd/10
08:29:14 PM     0        83      2.00      0.00  migration/11
08:29:14 PM     0        84      2.00      0.00  ksoftirqd/11
08:29:14 PM     0        95      2.00      0.00  kcompactd0
08:29:14 PM     0       453      2.00      0.00  multipathd
08:29:14 PM     0     93573      3.00      0.00  kworker/5:1-events
08:29:14 PM     0    112707      2.00      0.00  kworker/3:0-events
08:29:14 PM     0    118120      2.00      0.00  kworker/9:2-events
08:29:14 PM     0    123430      3.00      0.00  kworker/6:0-events
08:29:14 PM     0    140699      4.00      0.00  kworker/1:0-events
08:29:14 PM     0    146022      1.00      0.00  kworker/11:1-mm_percpu_wq
08:29:14 PM     0    147677      2.00      0.00  kworker/10:1-events
08:29:14 PM     0    151550      1.00      0.00  kworker/8:2-mm_percpu_wq
08:29:14 PM     0    152246      7.00      0.00  kworker/7:2-events
08:29:14 PM     0    154179      3.00      0.00  kworker/2:2-events
08:29:14 PM     0    155772      2.00      0.00  kworker/0:1-events
08:29:14 PM     0    156170      1.00      0.00  kworker/u24:3-edac-poller
08:29:14 PM     0    156781      1.00      0.00  iostat
08:29:14 PM     0    156782      1.00      0.00  pidstat
08:29:14 PM     0    156783      5.00      0.00  bash
08:29:14 PM     0    156784      6.00      0.00  bash
08:29:14 PM     0    156785      4.00      0.00  bash
08:29:14 PM     0    156787     99.00      0.00  fio
08:29:14 PM     0    157360      3.00      0.00  kworker/4:2-events
08:29:14 PM     0    158176      1.00      0.00  sleep
08:29:14 PM     0    158186      1.00      0.00  sleep
08:29:14 PM     0    158188      1.00      1.00  sleep

08:29:14 PM   UID       PID   cswch/s nvcswch/s  Command
08:29:15 PM     0        16      5.00      0.00  ksoftirqd/0
08:29:15 PM     0        17     20.00      0.00  rcu_preempt
08:29:15 PM     0        24      3.00      0.00  ksoftirqd/1
08:29:15 PM     0        30      3.00      0.00  ksoftirqd/2
08:29:15 PM     0        36      5.00      0.00  ksoftirqd/3
08:29:15 PM     0        41      1.00      0.00  migration/4
08:29:15 PM     0        42      3.00      0.00  ksoftirqd/4
08:29:15 PM     0        48      3.00      0.00  ksoftirqd/5
08:29:15 PM     0        54      2.00      0.00  ksoftirqd/6
08:29:15 PM     0        59      1.00      0.00  migration/7
08:29:15 PM     0        60      1.00      0.00  ksoftirqd/7
08:29:15 PM     0        66      3.00      0.00  ksoftirqd/8
08:29:15 PM     0        72      1.00      0.00  ksoftirqd/9
08:29:15 PM     0        78      2.00      0.00  ksoftirqd/10
08:29:15 PM     0        83      1.00      0.00  migration/11
08:29:15 PM     0        84      3.00      0.00  ksoftirqd/11
08:29:15 PM     0        95      2.00      0.00  kcompactd0
08:29:15 PM     0       453      2.00      0.00  multipathd
08:29:15 PM     0       562      3.00      0.00  jbd2/nvme1n1p3-8
08:29:15 PM     0     93573      4.00      0.00  kworker/5:1-events
08:29:15 PM     0    112707      2.00      0.00  kworker/3:0-events
08:29:15 PM     0    118120      2.00      0.00  kworker/9:2-events
08:29:15 PM     0    123430      2.00      0.00  kworker/6:0-events
08:29:15 PM     0    140699      4.00      0.00  kworker/1:0-events
08:29:15 PM     0    146022      3.00      0.00  kworker/11:1-events
08:29:15 PM     0    147677      1.00      0.00  kworker/10:1-mm_percpu_wq
08:29:15 PM     0    151550      4.00      0.00  kworker/8:2-events
08:29:15 PM     0    152246      2.00      0.00  kworker/7:2-events
08:29:15 PM     0    154179      1.00      0.00  kworker/2:2-mm_percpu_wq
08:29:15 PM     0    155772      5.00      0.00  kworker/0:1-events
08:29:15 PM     0    156170      2.00      0.00  kworker/u24:3-edac-poller
08:29:15 PM     0    156781      1.00      0.00  iostat
08:29:15 PM     0    156782      1.00      0.00  pidstat
08:29:15 PM     0    156783      5.00      0.00  bash
08:29:15 PM     0    156784      7.00      0.00  bash
08:29:15 PM     0    156785      4.00      0.00  bash
08:29:15 PM     0    156787    100.00      0.00  fio
08:29:15 PM     0    157360      4.00      0.00  kworker/4:2-events
08:29:15 PM     0    158191      1.00      0.00  sleep
08:29:15 PM     0    158202      1.00      0.00  sleep
08:29:15 PM     0    158203      1.00      1.00  sleep

08:29:15 PM   UID       PID   cswch/s nvcswch/s  Command
08:29:16 PM     0        16      1.00      0.00  ksoftirqd/0
08:29:16 PM     0        17     21.00      0.00  rcu_preempt
08:29:16 PM     0        24      3.00      0.00  ksoftirqd/1
08:29:16 PM     0        30      5.00      0.00  ksoftirqd/2
08:29:16 PM     0        35      2.00      0.00  migration/3
08:29:16 PM     0        42      4.00      0.00  ksoftirqd/4
08:29:16 PM     0        54      1.00      0.00  ksoftirqd/6
08:29:16 PM     0        60      3.00      0.00  ksoftirqd/7
08:29:16 PM     0        66      1.00      0.00  ksoftirqd/8
08:29:16 PM     0        72      1.00      0.00  ksoftirqd/9
08:29:16 PM     0        83      1.00      0.00  migration/11
08:29:16 PM     0        84      1.00      0.00  ksoftirqd/11
08:29:16 PM     0        95      2.00      0.00  kcompactd0
08:29:16 PM     0       102      1.00      0.00  irq/9-acpi
08:29:16 PM     0       453      1.00      0.00  multipathd
08:29:16 PM     0     93573   1140.00      1.00  kworker/5:1-events
08:29:16 PM     0     98256      1.00      0.00  kworker/u24:2-events_power_efficient
08:29:16 PM     0    112707      2.00      0.00  kworker/3:0-events
08:29:16 PM     0    118120      3.00      0.00  kworker/9:2-events
08:29:16 PM     0    123430      5.00      0.00  kworker/6:0-events
08:29:16 PM     0    140699      5.00      0.00  kworker/1:0-events
08:29:16 PM     0    143435   1134.00      0.00  kworker/5:0-i915-unordered
08:29:16 PM     0    146022      2.00      0.00  kworker/11:1-events
08:29:16 PM     0    147677      3.00      0.00  kworker/10:1-events
08:29:16 PM     0    151550      2.00      0.00  kworker/8:2-events
08:29:16 PM     0    152246      3.00      0.00  kworker/7:2-events
08:29:16 PM     0    154179      1.00      0.00  kworker/2:2-mm_percpu_wq
08:29:16 PM     0    154838      1.00      0.00  kworker/u24:0-events_power_efficient
08:29:16 PM     0    155772      6.00      0.00  kworker/0:1-events
08:29:16 PM     0    156170      3.00      0.00  kworker/u24:3-edac-poller
08:29:16 PM     0    156781      1.00      0.00  iostat
08:29:16 PM     0    156782      1.00      0.00  pidstat
08:29:16 PM     0    156783      5.00      0.00  bash
08:29:16 PM     0    156784      6.00      0.00  bash
08:29:16 PM     0    156785      4.00      0.00  bash
08:29:16 PM     0    156787     99.00      0.00  fio
08:29:16 PM     0    157360      3.00      0.00  kworker/4:2-events
08:29:16 PM     0    158206      1.00      0.00  sleep
08:29:16 PM     0    158217      1.00      1.00  sleep
08:29:16 PM     0    158218      1.00      1.00  sleep

08:29:16 PM   UID       PID   cswch/s nvcswch/s  Command
08:29:17 PM     0        16      1.00      0.00  ksoftirqd/0
08:29:17 PM     0        17     25.00      0.00  rcu_preempt
08:29:17 PM     0        18      2.00      0.00  migration/0
08:29:17 PM     0        24      1.00      0.00  ksoftirqd/1
08:29:17 PM     0        29      1.00      0.00  migration/2
08:29:17 PM     0        36      3.00      0.00  ksoftirqd/3
08:29:17 PM     0        42      4.00      0.00  ksoftirqd/4
08:29:17 PM     0        48      1.00      0.00  ksoftirqd/5
08:29:17 PM     0        54      2.00      0.00  ksoftirqd/6
08:29:17 PM     0        60      1.00      0.00  ksoftirqd/7
08:29:17 PM     0        66      2.00      0.00  ksoftirqd/8
08:29:17 PM     0        72      5.00      0.00  ksoftirqd/9
08:29:17 PM     0        77      2.00      0.00  migration/10
08:29:17 PM     0        78      1.00      0.00  ksoftirqd/10
08:29:17 PM     0        84      3.00      0.00  ksoftirqd/11
08:29:17 PM     0        95      2.00      0.00  kcompactd0
08:29:17 PM     0       453      1.00      0.00  multipathd
08:29:17 PM     0    112707      2.00      0.00  kworker/3:0-events
08:29:17 PM     0    118120      2.00      0.00  kworker/9:2-mm_percpu_wq
08:29:17 PM     0    123430      2.00      0.00  kworker/6:0-mm_percpu_wq
08:29:17 PM     0    140699      6.00      0.00  kworker/1:0-events
08:29:17 PM     0    143435      1.00      0.00  kworker/5:0-mm_percpu_wq
08:29:17 PM     0    146022      2.00      0.00  kworker/11:1-events
08:29:17 PM     0    147677      2.00      0.00  kworker/10:1-events
08:29:17 PM     0    151550      2.00      0.00  kworker/8:2-events
08:29:17 PM     0    152246      6.00      0.00  kworker/7:2-events
08:29:17 PM     0    154179      2.00      0.00  kworker/2:2-events
08:29:17 PM     0    155772      3.00      0.00  kworker/0:1-events
08:29:17 PM     0    156170      3.00      0.00  kworker/u24:3-edac-poller
08:29:17 PM     0    156781      1.00      0.00  iostat
08:29:17 PM     0    156782      1.00      0.00  pidstat
08:29:17 PM     0    156783      5.00      0.00  bash
08:29:17 PM     0    156784      7.00      0.00  bash
08:29:17 PM     0    156785      4.00      0.00  bash
08:29:17 PM     0    156787    100.00      0.00  fio
08:29:17 PM     0    157360      3.00      0.00  kworker/4:2-events
08:29:17 PM     0    158221      1.00      0.00  sleep
08:29:17 PM     0    158231      1.00      0.00  sleep
08:29:17 PM     0    158233      1.00      1.00  sleep

08:29:17 PM   UID       PID   cswch/s nvcswch/s  Command
08:29:18 PM     0        16      1.00      0.00  ksoftirqd/0
08:29:18 PM     0        17     22.00      0.00  rcu_preempt
08:29:18 PM     0        18      3.00      0.00  migration/0
08:29:18 PM     0        23      1.00      0.00  migration/1
08:29:18 PM     0        24      5.00      0.00  ksoftirqd/1
08:29:18 PM     0        29      1.00      0.00  migration/2
08:29:18 PM     0        30      3.00      0.00  ksoftirqd/2
08:29:18 PM     0        35      1.00      0.00  migration/3
08:29:18 PM     0        36      2.00      0.00  ksoftirqd/3
08:29:18 PM     0        41      2.00      0.00  migration/4
08:29:18 PM     0        42      3.00      0.00  ksoftirqd/4
08:29:18 PM     0        47      1.00      0.00  migration/5
08:29:18 PM     0        48      5.00      0.00  ksoftirqd/5
08:29:18 PM     0        53      2.00      0.00  migration/6
08:29:18 PM     0        54      3.00      0.00  ksoftirqd/6
08:29:18 PM     0        59      2.00      0.00  migration/7
08:29:18 PM     0        65      3.00      0.00  migration/8
08:29:18 PM     0        66      3.00      0.00  ksoftirqd/8
08:29:18 PM     0        71      2.00      0.00  migration/9
08:29:18 PM     0        72      2.00      0.00  ksoftirqd/9
08:29:18 PM     0        77      2.00      0.00  migration/10
08:29:18 PM     0        78      1.00      0.00  ksoftirqd/10
08:29:18 PM     0        83      1.00      0.00  migration/11
08:29:18 PM     0        84      1.00      0.00  ksoftirqd/11
08:29:18 PM     0        95      2.00      0.00  kcompactd0
08:29:18 PM     0       187      1.00      0.00  kworker/0:1H-kblockd
08:29:18 PM     0       453      2.00      0.00  multipathd
08:29:18 PM   101       608      2.00      0.00  systemd-network
08:29:18 PM     0    112707      1.00      0.00  kworker/3:0-mm_percpu_wq
08:29:18 PM     0    118120      1.00      0.00  kworker/9:2-mm_percpu_wq
08:29:18 PM     0    123430      3.00      0.00  kworker/6:0-events
08:29:18 PM     0    140699      5.00      0.00  kworker/1:0-events
08:29:18 PM     0    143435      1.00      0.00  kworker/5:0-mm_percpu_wq
08:29:18 PM     0    146022      1.00      0.00  kworker/11:1-mm_percpu_wq
08:29:18 PM     0    147677      3.00      0.00  kworker/10:1-events
08:29:18 PM     0    151550      2.00      0.00  kworker/8:2-events
08:29:18 PM     0    152246      5.00      0.00  kworker/7:2-events
08:29:18 PM     0    154179      3.00      0.00  kworker/2:2-events
08:29:18 PM     0    155772      3.00      0.00  kworker/0:1-events
08:29:18 PM     0    156170      3.00      0.00  kworker/u24:3-ext4-rsv-conversion
08:29:18 PM     0    156781      1.00      0.00  iostat
08:29:18 PM     0    156782      1.00      0.00  pidstat
08:29:18 PM     0    156783      5.00      0.00  bash
08:29:18 PM     0    156784      6.00      0.00  bash
08:29:18 PM     0    156785      4.00      0.00  bash
08:29:18 PM     0    156787     99.00      0.00  fio
08:29:18 PM     0    157360      3.00      0.00  kworker/4:2-events
08:29:18 PM     0    158236      1.00      0.00  sleep
08:29:18 PM     0    158247      1.00      0.00  sleep
08:29:18 PM     0    158248      1.00      0.00  sleep

08:29:18 PM   UID       PID   cswch/s nvcswch/s  Command
08:29:19 PM     0        16      1.00      0.00  ksoftirqd/0
08:29:19 PM     0        17     20.00      0.00  rcu_preempt
08:29:19 PM     0        30      1.00      0.00  ksoftirqd/2
08:29:19 PM     0        35      1.00      0.00  migration/3
08:29:19 PM     0        36      4.00      0.00  ksoftirqd/3
08:29:19 PM     0        48      3.00      0.00  ksoftirqd/5
08:29:19 PM     0        53      1.00      0.00  migration/6
08:29:19 PM     0        54      3.00      0.00  ksoftirqd/6
08:29:19 PM     0        59      1.00      0.00  migration/7
08:29:19 PM     0        65      1.00      0.00  migration/8
08:29:19 PM     0        66      1.00      0.00  ksoftirqd/8
08:29:19 PM     0        71      1.00      0.00  migration/9
08:29:19 PM     0        72      2.00      0.00  ksoftirqd/9
08:29:19 PM     0        78      4.00      0.00  ksoftirqd/10
08:29:19 PM     0        83      1.00      0.00  migration/11
08:29:19 PM     0        84      1.00      0.00  ksoftirqd/11
08:29:19 PM     0        95      2.00      0.00  kcompactd0
08:29:19 PM     0       113      1.00      0.00  kworker/5:1H-kblockd
08:29:19 PM     0       453      1.00      0.00  multipathd
08:29:19 PM     0    112707      3.00      0.00  kworker/3:0-events
08:29:19 PM     0    118120      1.00      0.00  kworker/9:2-mm_percpu_wq
08:29:19 PM     0    123430      3.00      0.00  kworker/6:0-events
08:29:19 PM     0    140699      4.00      0.00  kworker/1:0-events
08:29:19 PM     0    143435      2.00      0.00  kworker/5:0-events
08:29:19 PM     0    146022      2.00      0.00  kworker/11:1-events
08:29:19 PM     0    147677      3.00      0.00  kworker/10:1-events
08:29:19 PM     0    151550      2.00      0.00  kworker/8:2-events
08:29:19 PM     0    152246      6.00      0.00  kworker/7:2-events
08:29:19 PM     0    154179      2.00      0.00  kworker/2:2-events
08:29:19 PM     0    155772      2.00      0.00  kworker/0:1-events
08:29:19 PM     0    156170      3.00      0.00  kworker/u24:3-edac-poller
08:29:19 PM     0    156781      1.00      0.00  iostat
08:29:19 PM     0    156782      1.00      0.00  pidstat
08:29:19 PM     0    156783      5.00      0.00  bash
08:29:19 PM     0    156784      8.00      0.00  bash
08:29:19 PM     0    156785      4.00      0.00  bash
08:29:19 PM     0    156787     99.00      0.00  fio
08:29:19 PM     0    157360      3.00      0.00  kworker/4:2-events
08:29:19 PM     0    158251      1.00      0.00  sleep
08:29:19 PM     0    158261      1.00      1.00  sleep
08:29:19 PM     0    158263      1.00      1.00  sleep

08:29:19 PM   UID       PID   cswch/s nvcswch/s  Command
08:29:20 PM     0        16      1.00      0.00  ksoftirqd/0
08:29:20 PM     0        17     21.00      0.00  rcu_preempt
08:29:20 PM     0        18      1.00      0.00  migration/0
08:29:20 PM     0        24      3.00      0.00  ksoftirqd/1
08:29:20 PM     0        30      3.00      0.00  ksoftirqd/2
08:29:20 PM     0        35      1.00      0.00  migration/3
08:29:20 PM     0        36      1.00      0.00  ksoftirqd/3
08:29:20 PM     0        42      2.00      0.00  ksoftirqd/4
08:29:20 PM     0        48      2.00      0.00  ksoftirqd/5
08:29:20 PM     0        54      3.00      0.00  ksoftirqd/6
08:29:20 PM     0        60      1.00      0.00  ksoftirqd/7
08:29:20 PM     0        65      2.00      0.00  migration/8
08:29:20 PM     0        66      2.00      0.00  ksoftirqd/8
08:29:20 PM     0        72      1.00      0.00  ksoftirqd/9
08:29:20 PM     0        77      1.00      0.00  migration/10
08:29:20 PM     0        78      4.00      0.00  ksoftirqd/10
08:29:20 PM     0        84      2.00      0.00  ksoftirqd/11
08:29:20 PM     0        95      2.00      0.00  kcompactd0
08:29:20 PM     0       453      1.00      0.00  multipathd
08:29:20 PM     0       562      3.00      0.00  jbd2/nvme1n1p3-8
08:29:20 PM     0    112707      2.00      0.00  kworker/3:0-events
08:29:20 PM     0    118120      3.00      0.00  kworker/9:2-events
08:29:20 PM     0    123430      5.00      0.00  kworker/6:0-events
08:29:20 PM     0    140699      7.00      0.00  kworker/1:0-events
08:29:20 PM     0    143435      3.00      0.00  kworker/5:0-mm_percpu_wq
08:29:20 PM     0    146022      2.00      0.00  kworker/11:1-events
08:29:20 PM     0    147677      3.00      0.00  kworker/10:1-events
08:29:20 PM     0    151550      1.00      0.00  kworker/8:2-mm_percpu_wq
08:29:20 PM     0    152246      3.00      0.00  kworker/7:2-events
08:29:20 PM     0    154179      1.00      0.00  kworker/2:2-mm_percpu_wq
08:29:20 PM     0    155772      2.00      0.00  kworker/0:1-events
08:29:20 PM     0    156170      1.00      0.00  kworker/u24:3-edac-poller
08:29:20 PM     0    156781      1.00      0.00  iostat
08:29:20 PM     0    156782      1.00      0.00  pidstat
08:29:20 PM     0    156783      5.00      0.00  bash
08:29:20 PM     0    156784      7.00      0.00  bash
08:29:20 PM     0    156785      4.00      0.00  bash
08:29:20 PM     0    156787    100.00      0.00  fio
08:29:20 PM     0    157360      3.00      0.00  kworker/4:2-events
08:29:20 PM     0    158266      1.00      0.00  sleep
08:29:20 PM     0    158277      1.00      0.00  sleep
08:29:20 PM     0    158278      1.00      0.00  sleep

08:29:20 PM   UID       PID   cswch/s nvcswch/s  Command
08:29:21 PM     0        16      5.00      0.00  ksoftirqd/0
08:29:21 PM     0        17     20.00      0.00  rcu_preempt
08:29:21 PM     0        18      1.00      0.00  migration/0
08:29:21 PM     0        24      2.00      0.00  ksoftirqd/1
08:29:21 PM     0        30      2.00      0.00  ksoftirqd/2
08:29:21 PM     0        36      3.00      0.00  ksoftirqd/3
08:29:21 PM     0        42      2.00      0.00  ksoftirqd/4
08:29:21 PM     0        48      3.00      0.00  ksoftirqd/5
08:29:21 PM     0        54      1.00      0.00  ksoftirqd/6
08:29:21 PM     0        59      1.00      0.00  migration/7
08:29:21 PM     0        66      1.00      0.00  ksoftirqd/8
08:29:21 PM     0        71      1.00      0.00  migration/9
08:29:21 PM     0        72      3.00      0.00  ksoftirqd/9
08:29:21 PM     0        78      2.00      0.00  ksoftirqd/10
08:29:21 PM     0        83      1.00      0.00  migration/11
08:29:21 PM     0        84      5.00      0.00  ksoftirqd/11
08:29:21 PM     0        95      2.00      0.00  kcompactd0
08:29:21 PM     0       453      2.00      0.00  multipathd
08:29:21 PM     0     98256      2.00      0.00  kworker/u24:2-edac-poller
08:29:21 PM     0    112707      2.00      0.00  kworker/3:0-events
08:29:21 PM     0    118120      3.00      0.00  kworker/9:2-events
08:29:21 PM     0    123430      2.00      0.00  kworker/6:0-events
08:29:21 PM     0    140699      5.00      0.00  kworker/1:0-events
08:29:21 PM     0    143435      2.00      0.00  kworker/5:0-events
08:29:21 PM     0    146022      3.00      0.00  kworker/11:1-events
08:29:21 PM     0    147677      1.00      0.00  kworker/10:1-mm_percpu_wq
08:29:21 PM     0    151550      4.00      0.00  kworker/8:2-events
08:29:21 PM     0    152246      4.00      0.00  kworker/7:2-events
08:29:21 PM     0    154179      2.00      0.00  kworker/2:2-events
08:29:21 PM     0    155772      1.00      0.00  kworker/0:1-events
08:29:21 PM     0    156170      2.00      0.00  kworker/u24:3-events_power_efficient
08:29:21 PM     0    156781      1.00      0.00  iostat
08:29:21 PM     0    156782      1.00      0.00  pidstat
08:29:21 PM     0    156783      5.00      0.00  bash
08:29:21 PM     0    156784      7.00      0.00  bash
08:29:21 PM     0    156785      4.00      0.00  bash
08:29:21 PM     0    156787     99.00      0.00  fio
08:29:21 PM     0    157360      2.00      0.00  kworker/4:2-events
08:29:21 PM     0    158281      1.00      0.00  sleep
08:29:21 PM     0    158292      1.00      0.00  sleep
08:29:21 PM     0    158293      1.00      0.00  sleep

08:29:21 PM   UID       PID   cswch/s nvcswch/s  Command
08:29:22 PM     0        17     15.00      0.00  rcu_preempt
08:29:22 PM     0        18      2.00      0.00  migration/0
08:29:22 PM     0        23      1.00      0.00  migration/1
08:29:22 PM     0        29      1.00      0.00  migration/2
08:29:22 PM     0        30      3.00      0.00  ksoftirqd/2
08:29:22 PM     0        35      1.00      0.00  migration/3
08:29:22 PM     0        36      4.00      1.00  ksoftirqd/3
08:29:22 PM     0        41      2.00      0.00  migration/4
08:29:22 PM     0        42      6.00      0.00  ksoftirqd/4
08:29:22 PM     0        47      2.00      0.00  migration/5
08:29:22 PM     0        48      4.00      0.00  ksoftirqd/5
08:29:22 PM     0        53      1.00      0.00  migration/6
08:29:22 PM     0        54      2.00      0.00  ksoftirqd/6
08:29:22 PM     0        59      1.00      0.00  migration/7
08:29:22 PM     0        65      1.00      0.00  migration/8
08:29:22 PM     0        66      3.00      0.00  ksoftirqd/8
08:29:22 PM     0        71      1.00      0.00  migration/9
08:29:22 PM     0        72      1.00      0.00  ksoftirqd/9
08:29:22 PM     0        77      1.00      0.00  migration/10
08:29:22 PM     0        78      2.00      0.00  ksoftirqd/10
08:29:22 PM     0        83      2.00      0.00  migration/11
08:29:22 PM     0        84      3.00      0.00  ksoftirqd/11
08:29:22 PM     0        95      2.00      0.00  kcompactd0
08:29:22 PM     0       453      3.00      0.00  multipathd
08:29:22 PM     0     98256      2.00      0.00  kworker/u24:2-edac-poller
08:29:22 PM     0    112707      4.00      0.00  kworker/3:0-events
08:29:22 PM     0    118120      3.00      0.00  kworker/9:2-events
08:29:22 PM     0    123430      2.00      0.00  kworker/6:0-events
08:29:22 PM     0    140699      3.00      0.00  kworker/1:0-events
08:29:22 PM     0    143435      1.00      0.00  kworker/5:0-mm_percpu_wq
08:29:22 PM     0    146022      2.00      0.00  kworker/11:1-events
08:29:22 PM     0    147677      1.00      0.00  kworker/10:1-mm_percpu_wq
08:29:22 PM     0    151550      3.00      0.00  kworker/8:2-events
08:29:22 PM     0    152246      4.00      0.00  kworker/7:2-events
08:29:22 PM     0    154179      3.00      0.00  kworker/2:2-events
08:29:22 PM     0    155772      5.00      0.00  kworker/0:1-events
08:29:22 PM     0    156781      1.00      0.00  iostat
08:29:22 PM     0    156782      1.00      0.00  pidstat
08:29:22 PM     0    156783      5.00      0.00  bash
08:29:22 PM     0    156784      8.00      0.00  bash
08:29:22 PM     0    156785      4.00      0.00  bash
08:29:22 PM     0    156787    100.00      0.00  fio
08:29:22 PM     0    157360      1.00      0.00  kworker/4:2-mm_percpu_wq
08:29:22 PM     0    158296      1.00      0.00  sleep
08:29:22 PM     0    158306      1.00      1.00  sleep
08:29:22 PM     0    158308      1.00      0.00  sleep

08:29:22 PM   UID       PID   cswch/s nvcswch/s  Command
08:29:23 PM     0        17     12.00      0.00  rcu_preempt
08:29:23 PM     0        30      2.00      0.00  ksoftirqd/2
08:29:23 PM     0        36      2.00      0.00  ksoftirqd/3
08:29:23 PM     0        42      1.00      0.00  ksoftirqd/4
08:29:23 PM     0        53      1.00      0.00  migration/6
08:29:23 PM     0        65      1.00      0.00  migration/8
08:29:23 PM     0        66      2.00      0.00  ksoftirqd/8
08:29:23 PM     0        72      2.00      0.00  ksoftirqd/9
08:29:23 PM     0        77      1.00      0.00  migration/10
08:29:23 PM     0        78      1.00      0.00  ksoftirqd/10
08:29:23 PM     0        84      2.00      0.00  ksoftirqd/11
08:29:23 PM     0        95      2.00      0.00  kcompactd0
08:29:23 PM     0       190      1.00      0.00  kworker/10:1H-kblockd
08:29:23 PM     0       194      1.00      0.00  kworker/8:1H-kblockd
08:29:23 PM     0       453      1.00      0.00  multipathd
08:29:23 PM     0     21554      1.00      0.00  packagekitd
08:29:23 PM     0     98256      5.00      0.00  kworker/u24:2-flush-259:1
08:29:23 PM     0    112707      3.00      0.00  kworker/3:0-events
08:29:23 PM     0    118120      1.00      0.00  kworker/9:2-mm_percpu_wq
08:29:23 PM     0    123430      1.00      0.00  kworker/6:0-mm_percpu_wq
08:29:23 PM     0    140699      5.00      0.00  kworker/1:0-events
08:29:23 PM     0    143435      3.00      0.00  kworker/5:0-events
08:29:23 PM     0    146022      1.00      0.00  kworker/11:1-mm_percpu_wq
08:29:23 PM     0    147677      1.00      0.00  kworker/10:1-mm_percpu_wq
08:29:23 PM     0    151550      2.00      0.00  kworker/8:2-events
08:29:23 PM     0    152246      2.00      0.00  kworker/7:2-events
08:29:23 PM     0    154179      2.00      0.00  kworker/2:2-events
08:29:23 PM     0    155772      3.00      0.00  kworker/0:1-events
08:29:23 PM     0    156170      1.00      0.00  kworker/u24:3-ext4-rsv-conversion
08:29:23 PM     0    156781      1.00      0.00  iostat
08:29:23 PM     0    156782      1.00      0.00  pidstat
08:29:23 PM     0    156783      1.00      0.00  bash
08:29:23 PM     0    156784      3.00      0.00  bash
08:29:23 PM     0    156785      4.00      0.00  bash
08:29:23 PM     0    156787     99.00      0.00  fio
08:29:23 PM     0    157360      3.00      0.00  kworker/4:2-events
08:29:23 PM     0    158311      1.00      0.00  sleep
08:29:23 PM     0    158313      0.00      2.00  ps
08:29:23 PM     0    158314      1.00      0.00  bash
08:29:23 PM     0    158315      2.00      0.00  awk
08:29:23 PM     0    158316      1.00      0.00  sort
08:29:23 PM     0    158317      1.00      4.00  ps
08:29:23 PM     0    158318      1.00      0.00  uniq
08:29:23 PM     0    158319      1.00      1.00  grep
08:29:23 PM     0    158320      1.00      0.00  tr

08:29:23 PM   UID       PID   cswch/s nvcswch/s  Command
08:29:24 PM     0        16      1.00      0.00  ksoftirqd/0
08:29:24 PM     0        17     18.00      0.00  rcu_preempt
08:29:24 PM     0        23      1.00      0.00  migration/1
08:29:24 PM     0        24      1.00      0.00  ksoftirqd/1
08:29:24 PM     0        29      1.00      0.00  migration/2
08:29:24 PM     0        30      5.00      0.00  ksoftirqd/2
08:29:24 PM     0        36      3.00      0.00  ksoftirqd/3
08:29:24 PM     0        41      1.00      0.00  migration/4
08:29:24 PM     0        42      7.00      0.00  ksoftirqd/4
08:29:24 PM     0        48      2.00      0.00  ksoftirqd/5
08:29:24 PM     0        54      3.00      0.00  ksoftirqd/6
08:29:24 PM     0        60      1.00      0.00  ksoftirqd/7
08:29:24 PM     0        66      2.00      0.00  ksoftirqd/8
08:29:24 PM     0        78      3.00      0.00  ksoftirqd/10
08:29:24 PM     0        84      1.00      0.00  ksoftirqd/11
08:29:24 PM     0        95      2.00      0.00  kcompactd0
08:29:24 PM     0       113      1.00      0.00  kworker/5:1H-kblockd
08:29:24 PM     0       453      1.00      0.00  multipathd
08:29:24 PM     0    112707      2.00      0.00  kworker/3:0-events
08:29:24 PM     0    118120      2.00      0.00  kworker/9:2-events
08:29:24 PM     0    123430      3.00      0.00  kworker/6:0-events
08:29:24 PM     0    140699      2.00      0.00  kworker/1:0-events
08:29:24 PM     0    143435      1.00      0.00  kworker/5:0-mm_percpu_wq
08:29:24 PM     0    146022      1.00      0.00  kworker/11:1-mm_percpu_wq
08:29:24 PM     0    147677      2.00      0.00  kworker/10:1-events
08:29:24 PM     0    151550      1.00      0.00  kworker/8:2-mm_percpu_wq
08:29:24 PM     0    152246      6.00      0.00  kworker/7:2-events
08:29:24 PM     0    154179      2.00      0.00  kworker/2:2-mm_percpu_wq
08:29:24 PM     0    155772      2.00      0.00  kworker/0:1-events
08:29:24 PM     0    156170      2.00      0.00  kworker/u24:3-edac-poller
08:29:24 PM     0    156781      1.00      0.00  iostat
08:29:24 PM     0    156782      1.00      0.00  pidstat
08:29:24 PM     0    156783      4.00      0.00  bash
08:29:24 PM     0    156784      4.00      0.00  bash
08:29:24 PM     0    156785      4.00      0.00  bash
08:29:24 PM     0    156787     99.00      0.00  fio
08:29:24 PM     0    157360      4.00      0.00  kworker/4:2-events
08:29:24 PM     0    158321      1.00      0.00  sleep
08:29:24 PM     0    158323      1.00      0.00  sleep
08:29:24 PM     0    158326      1.00      1.00  sleep

08:29:24 PM   UID       PID   cswch/s nvcswch/s  Command
08:29:25 PM     0        16      1.00      0.00  ksoftirqd/0
08:29:25 PM     0        17     20.00      0.00  rcu_preempt
08:29:25 PM     0        18      1.00      0.00  migration/0
08:29:25 PM     0        24      3.00      0.00  ksoftirqd/1
08:29:25 PM     0        29      1.00      0.00  migration/2
08:29:25 PM     0        30      5.00      0.00  ksoftirqd/2
08:29:25 PM     0        42      1.00      0.00  ksoftirqd/4
08:29:25 PM     0        47      1.00      0.00  migration/5
08:29:25 PM     0        48      1.00      0.00  ksoftirqd/5
08:29:25 PM     0        54      3.00      0.00  ksoftirqd/6
08:29:25 PM     0        66      1.00      0.00  ksoftirqd/8
08:29:25 PM     0        72      2.00      0.00  ksoftirqd/9
08:29:25 PM     0        78      3.00      0.00  ksoftirqd/10
08:29:25 PM     0        83      1.00      0.00  migration/11
08:29:25 PM     0        84      3.00      0.00  ksoftirqd/11
08:29:25 PM     0        95      2.00      0.00  kcompactd0
08:29:25 PM     0       453      2.00      0.00  multipathd
08:29:25 PM     0       562      3.00      0.00  jbd2/nvme1n1p3-8
08:29:25 PM     0     98256      1.00      0.00  kworker/u24:2-flush-259:1
08:29:25 PM     0    112707      2.00      0.00  kworker/3:0-mm_percpu_wq
08:29:25 PM     0    118120      5.00      0.00  kworker/9:2-events
08:29:25 PM     0    123430      7.00      0.00  kworker/6:0-events
08:29:25 PM     0    140699      7.00      0.00  kworker/1:0-events
08:29:25 PM     0    143435      1.00      0.00  kworker/5:0-mm_percpu_wq
08:29:25 PM     0    146022      3.00      0.00  kworker/11:1-events
08:29:25 PM     0    147677      1.00      0.00  kworker/10:1-mm_percpu_wq
08:29:25 PM     0    151550      3.00      0.00  kworker/8:2-events
08:29:25 PM     0    152246      4.00      0.00  kworker/7:2-events
08:29:25 PM     0    154179      2.00      0.00  kworker/2:2-mm_percpu_wq
08:29:25 PM     0    155772      3.00      0.00  kworker/0:1-events
08:29:25 PM     0    156170      4.00      0.00  kworker/u24:3-events_power_efficient
08:29:25 PM     0    156781      1.00      0.00  iostat
08:29:25 PM     0    156782      1.00      0.00  pidstat
08:29:25 PM     0    156783      5.00      0.00  bash
08:29:25 PM     0    156784      7.00      0.00  bash
08:29:25 PM     0    156785      4.00      0.00  bash
08:29:25 PM     0    156787    100.00      0.00  fio
08:29:25 PM     0    157360      1.00      0.00  kworker/4:2-mm_percpu_wq
08:29:25 PM     0    158336      1.00      0.00  sleep
08:29:25 PM     0    158338      1.00      0.00  sleep
08:29:25 PM     0    158341      1.00      1.00  sleep

08:29:25 PM   UID       PID   cswch/s nvcswch/s  Command
08:29:26 PM     0        16      5.00      0.00  ksoftirqd/0
08:29:26 PM     0        17     22.00      0.00  rcu_preempt
08:29:26 PM     0        18      2.00      0.00  migration/0
08:29:26 PM     0        23      1.00      0.00  migration/1
08:29:26 PM     0        24      2.00      0.00  ksoftirqd/1
08:29:26 PM     0        29      2.00      0.00  migration/2
08:29:26 PM     0        35      1.00      0.00  migration/3
08:29:26 PM     0        36      3.00      0.00  ksoftirqd/3
08:29:26 PM     0        41      1.00      0.00  migration/4
08:29:26 PM     0        42      3.00      0.00  ksoftirqd/4
08:29:26 PM     0        47      1.00      0.00  migration/5
08:29:26 PM     0        48      2.00      0.00  ksoftirqd/5
08:29:26 PM     0        53      3.00      0.00  migration/6
08:29:26 PM     0        54      3.00      0.00  ksoftirqd/6
08:29:26 PM     0        59      1.00      0.00  migration/7
08:29:26 PM     0        60      1.00      0.00  ksoftirqd/7
08:29:26 PM     0        65      1.00      0.00  migration/8
08:29:26 PM     0        66      4.00      0.00  ksoftirqd/8
08:29:26 PM     0        71      2.00      0.00  migration/9
08:29:26 PM     0        72      2.00      0.00  ksoftirqd/9
08:29:26 PM     0        77      2.00      0.00  migration/10
08:29:26 PM     0        78      4.00      0.00  ksoftirqd/10
08:29:26 PM     0        83      1.00      0.00  migration/11
08:29:26 PM     0        84      2.00      0.00  ksoftirqd/11
08:29:26 PM     0        95      2.00      0.00  kcompactd0
08:29:26 PM     0       189      1.00      0.00  kworker/4:1H-kblockd
08:29:26 PM     0       453      2.00      0.00  multipathd
08:29:26 PM     0     98256      1.00      0.00  kworker/u24:2-events_power_efficient
08:29:26 PM     0    112707      1.00      0.00  kworker/3:0-mm_percpu_wq
08:29:26 PM     0    118120      1.00      0.00  kworker/9:2-mm_percpu_wq
08:29:26 PM     0    123430      1.00      0.00  kworker/6:0-mm_percpu_wq
08:29:26 PM     0    140699      3.00      0.00  kworker/1:0-mm_percpu_wq
08:29:26 PM     0    143435      2.00      0.00  kworker/5:0-events
08:29:26 PM     0    146022      4.00      0.00  kworker/11:1-events
08:29:26 PM     0    147677      2.00      0.00  kworker/10:1-mm_percpu_wq
08:29:26 PM     0    151550      4.00      0.00  kworker/8:2-events
08:29:26 PM     0    152246      4.00      0.00  kworker/7:2-events
08:29:26 PM     0    154179      3.00      0.00  kworker/2:2-events
08:29:26 PM     0    155772      3.00      0.00  kworker/0:1-events
08:29:26 PM     0    156170      2.00      0.00  kworker/u24:3-edac-poller
08:29:26 PM     0    156781      1.00      0.00  iostat
08:29:26 PM     0    156782      1.00      0.00  pidstat
08:29:26 PM     0    156783      5.00      0.00  bash
08:29:26 PM     0    156784      6.00      0.00  bash
08:29:26 PM     0    156785      4.00      0.00  bash
08:29:26 PM     0    156787     99.00      0.00  fio
08:29:26 PM     0    157360      1.00      0.00  kworker/4:2-mm_percpu_wq
08:29:26 PM     0    158352      1.00      0.00  sleep
08:29:26 PM     0    158353      1.00      0.00  sleep
08:29:26 PM     0    158356      1.00      0.00  sleep

08:29:26 PM   UID       PID   cswch/s nvcswch/s  Command
08:29:27 PM     0        16      1.00      0.00  ksoftirqd/0
08:29:27 PM     0        17     18.00      0.00  rcu_preempt
08:29:27 PM     0        23      1.00      0.00  migration/1
08:29:27 PM     0        24      1.00      0.00  ksoftirqd/1
08:29:27 PM     0        29      1.00      0.00  migration/2
08:29:27 PM     0        36      2.00      0.00  ksoftirqd/3
08:29:27 PM     0        42      4.00      0.00  ksoftirqd/4
08:29:27 PM     0        48      1.00      0.00  ksoftirqd/5
08:29:27 PM     0        53      1.00      0.00  migration/6
08:29:27 PM     0        54      3.00      0.00  ksoftirqd/6
08:29:27 PM     0        60      1.00      0.00  ksoftirqd/7
08:29:27 PM     0        66      1.00      0.00  ksoftirqd/8
08:29:27 PM     0        72      3.00      0.00  ksoftirqd/9
08:29:27 PM     0        77      1.00      0.00  migration/10
08:29:27 PM     0        78      4.00      0.00  ksoftirqd/10
08:29:27 PM     0        83      2.00      0.00  migration/11
08:29:27 PM     0        84      3.00      0.00  ksoftirqd/11
08:29:27 PM     0        95      2.00      0.00  kcompactd0
08:29:27 PM     0       453      2.00      0.00  multipathd
08:29:27 PM     0    112707      2.00      0.00  kworker/3:0-events
08:29:27 PM     0    118120      3.00      0.00  kworker/9:2-events
08:29:27 PM     0    123430      3.00      0.00  kworker/6:0-events
08:29:27 PM     0    140699      7.00      0.00  kworker/1:0-events
08:29:27 PM     0    143435      2.00      0.00  kworker/5:0-mm_percpu_wq
08:29:27 PM     0    146022      3.00      0.00  kworker/11:1-events
08:29:27 PM     0    147677      3.00      0.00  kworker/10:1-mm_percpu_wq
08:29:27 PM     0    151550      1.00      0.00  kworker/8:2-mm_percpu_wq
08:29:27 PM     0    152246      6.00      0.00  kworker/7:2-events
08:29:27 PM     0    154179      4.00      0.00  kworker/2:2-events
08:29:27 PM     0    155772      3.00      0.00  kworker/0:1-events
08:29:27 PM     0    156170      2.00      0.00  kworker/u24:3-edac-poller
08:29:27 PM     0    156781      1.00      0.00  iostat
08:29:27 PM     0    156782      1.00      0.00  pidstat
08:29:27 PM     0    156783      5.00      0.00  bash
08:29:27 PM     0    156784      7.00      0.00  bash
08:29:27 PM     0    156785      4.00      0.00  bash
08:29:27 PM     0    156787    100.00      0.00  fio
08:29:27 PM     0    157360      2.00      0.00  kworker/4:2-events
08:29:27 PM     0    158367      1.00      0.00  sleep
08:29:27 PM     0    158368      1.00      1.00  sleep
08:29:27 PM     0    158371      1.00      0.00  sleep

08:29:27 PM   UID       PID   cswch/s nvcswch/s  Command
08:29:28 PM     0        16      3.00      0.00  ksoftirqd/0
08:29:28 PM     0        17     22.00      0.00  rcu_preempt
08:29:28 PM     0        24      4.00      0.00  ksoftirqd/1
08:29:28 PM     0        29      1.00      0.00  migration/2
08:29:28 PM     0        30      2.00      0.00  ksoftirqd/2
08:29:28 PM     0        35      1.00      0.00  migration/3
08:29:28 PM     0        36      1.00      0.00  ksoftirqd/3
08:29:28 PM     0        41      1.00      0.00  migration/4
08:29:28 PM     0        42      1.00      0.00  ksoftirqd/4
08:29:28 PM     0        47      1.00      0.00  migration/5
08:29:28 PM     0        48      3.00      0.00  ksoftirqd/5
08:29:28 PM     0        54      2.00      0.00  ksoftirqd/6
08:29:28 PM     0        59      1.00      0.00  migration/7
08:29:28 PM     0        60      1.00      0.00  ksoftirqd/7
08:29:28 PM     0        66      5.00      0.00  ksoftirqd/8
08:29:28 PM     0        72      2.00      0.00  ksoftirqd/9
08:29:28 PM     0        84      3.00      0.00  ksoftirqd/11
08:29:28 PM     0        95      2.00      0.00  kcompactd0
08:29:28 PM     0       453      2.00      0.00  multipathd
08:29:28 PM     0    112707      1.00      0.00  kworker/3:0-mm_percpu_wq
08:29:28 PM     0    118120      1.00      0.00  kworker/9:2-mm_percpu_wq
08:29:28 PM     0    123430      2.00      0.00  kworker/6:0-events
08:29:28 PM     0    140699      2.00      0.00  kworker/1:0-events
08:29:28 PM     0    143435      4.00      0.00  kworker/5:0-events
08:29:28 PM     0    146022      1.00      0.00  kworker/11:1-mm_percpu_wq
08:29:28 PM     0    147677      2.00      0.00  kworker/10:1-mm_percpu_wq
08:29:28 PM     0    151550      3.00      0.00  kworker/8:2-events
08:29:28 PM     0    152246      6.00      0.00  kworker/7:2-events
08:29:28 PM     0    154179      1.00      0.00  kworker/2:2-mm_percpu_wq
08:29:28 PM     0    155772      7.00      0.00  kworker/0:1-events
08:29:28 PM     0    156170      1.00      0.00  kworker/u24:3-edac-poller
08:29:28 PM     0    156781      1.00      0.00  iostat
08:29:28 PM     0    156782      1.00      0.00  pidstat
08:29:28 PM     0    156783      5.00      0.00  bash
08:29:28 PM     0    156784      6.00      0.00  bash
08:29:28 PM     0    156785      4.00      0.00  bash
08:29:28 PM     0    156787     99.00      0.00  fio
08:29:28 PM     0    157360      1.00      0.00  kworker/4:2-mm_percpu_wq
08:29:28 PM     0    158382      2.00      1.00  sleep
08:29:28 PM     0    158383      1.00      1.00  sleep
08:29:28 PM     0    158386      1.00      0.00  sleep

08:29:28 PM   UID       PID   cswch/s nvcswch/s  Command
08:29:29 PM     0        16      3.00      0.00  ksoftirqd/0
08:29:29 PM     0        17     20.00      0.00  rcu_preempt
08:29:29 PM     0        24      2.00      0.00  ksoftirqd/1
08:29:29 PM     0        30      2.00      0.00  ksoftirqd/2
08:29:29 PM     0        36      4.00      0.00  ksoftirqd/3
08:29:29 PM     0        42      2.00      0.00  ksoftirqd/4
08:29:29 PM     0        48      3.00      0.00  ksoftirqd/5
08:29:29 PM     0        53      1.00      0.00  migration/6
08:29:29 PM     0        54      2.00      0.00  ksoftirqd/6
08:29:29 PM     0        59      1.00      0.00  migration/7
08:29:29 PM     0        60      3.00      0.00  ksoftirqd/7
08:29:29 PM     0        65      1.00      0.00  migration/8
08:29:29 PM     0        66      4.00      0.00  ksoftirqd/8
08:29:29 PM     0        71      1.00      0.00  migration/9
08:29:29 PM     0        72      1.00      0.00  ksoftirqd/9
08:29:29 PM     0        78      1.00      0.00  ksoftirqd/10
08:29:29 PM     0        84      3.00      0.00  ksoftirqd/11
08:29:29 PM     0        95      2.00      0.00  kcompactd0
08:29:29 PM     0       102      1.00      0.00  irq/9-acpi
08:29:29 PM     0       453      2.00      0.00  multipathd
08:29:29 PM     0    112707      2.00      0.00  kworker/3:0-mm_percpu_wq
08:29:29 PM     0    118120      1.00      0.00  kworker/9:2-mm_percpu_wq
08:29:29 PM     0    123430      1.00      0.00  kworker/6:0-mm_percpu_wq
08:29:29 PM     0    129890      1.00      0.00  kworker/10:2-i915-unordered
08:29:29 PM     0    140699      4.00      0.00  kworker/1:0-events
08:29:29 PM     0    143435      3.00      0.00  kworker/5:0-events
08:29:29 PM     0    146022      1.00      0.00  kworker/11:1-mm_percpu_wq
08:29:29 PM     0    147677      9.00      0.00  kworker/10:1-pm
08:29:29 PM     0    151550      2.00      0.00  kworker/8:2-events
08:29:29 PM     0    152246      6.00      0.00  kworker/7:2-events
08:29:29 PM     0    154179      4.00      0.00  kworker/2:2-events
08:29:29 PM     0    155772      5.00      0.00  kworker/0:1-events
08:29:29 PM     0    156170      5.00      0.00  kworker/u24:3-edac-poller
08:29:29 PM     0    156781      1.00      0.00  iostat
08:29:29 PM     0    156782      1.00      0.00  pidstat
08:29:29 PM     0    156783      5.00      0.00  bash
08:29:29 PM     0    156784      8.00      0.00  bash
08:29:29 PM     0    156785      4.00      0.00  bash
08:29:29 PM     0    156787    100.00      0.00  fio
08:29:29 PM     0    157360      3.00      0.00  kworker/4:2-events
08:29:29 PM     0    158397      1.00      0.00  sleep
08:29:29 PM     0    158398      1.00      0.00  sleep
08:29:29 PM     0    158401      1.00      0.00  sleep

08:29:29 PM   UID       PID   cswch/s nvcswch/s  Command
08:29:30 PM     0        16      3.00      0.00  ksoftirqd/0
08:29:30 PM     0        17     20.00      0.00  rcu_preempt
08:29:30 PM     0        18      4.00      0.00  migration/0
08:29:30 PM     0        23      2.00      0.00  migration/1
08:29:30 PM     0        24      2.00      0.00  ksoftirqd/1
08:29:30 PM     0        29      2.00      0.00  migration/2
08:29:30 PM     0        30      4.00      0.00  ksoftirqd/2
08:29:30 PM     0        35      1.00      0.00  migration/3
08:29:30 PM     0        36      1.00      0.00  ksoftirqd/3
08:29:30 PM     0        41      1.00      0.00  migration/4
08:29:30 PM     0        47      2.00      0.00  migration/5
08:29:30 PM     0        48      2.00      0.00  ksoftirqd/5
08:29:30 PM     0        53      1.00      0.00  migration/6
08:29:30 PM     0        54      1.00      0.00  ksoftirqd/6
08:29:30 PM     0        59      1.00      0.00  migration/7
08:29:30 PM     0        60      3.00      0.00  ksoftirqd/7
08:29:30 PM     0        65      2.00      0.00  migration/8
08:29:30 PM     0        66      5.00      0.00  ksoftirqd/8
08:29:30 PM     0        71      1.00      0.00  migration/9
08:29:30 PM     0        72      3.00      0.00  ksoftirqd/9
08:29:30 PM     0        77      1.00      0.00  migration/10
08:29:30 PM     0        78      3.00      0.00  ksoftirqd/10
08:29:30 PM     0        83      2.00      0.00  migration/11
08:29:30 PM     0        84      1.00      0.00  ksoftirqd/11
08:29:30 PM     0        95      2.00      0.00  kcompactd0
08:29:30 PM     0       453      1.00      0.00  multipathd
08:29:30 PM     0       562      3.00      0.00  jbd2/nvme1n1p3-8
08:29:30 PM     0     98256      1.00      0.00  kworker/u24:2-events_power_efficient
08:29:30 PM     0    112707      4.00      0.00  kworker/3:0-events
08:29:30 PM     0    118120      1.00      0.00  kworker/9:2-mm_percpu_wq
08:29:30 PM     0    123430      3.00      0.00  kworker/6:0-events
08:29:30 PM     0    140699      4.00      0.00  kworker/1:0-events
08:29:30 PM     0    143435      1.00      0.00  kworker/5:0-mm_percpu_wq
08:29:30 PM     0    146022      1.00      0.00  kworker/11:1-mm_percpu_wq
08:29:30 PM     0    147677      3.00      0.00  kworker/10:1-events
08:29:30 PM     0    151550      1.00      0.00  kworker/8:2-mm_percpu_wq
08:29:30 PM     0    152246      8.00      0.00  kworker/7:2-events
08:29:30 PM     0    154179      2.00      0.00  kworker/2:2-events
08:29:30 PM     0    155772      2.00      0.00  kworker/0:1-mm_percpu_wq
08:29:30 PM     0    156170      2.00      0.00  kworker/u24:3-edac-poller
08:29:30 PM     0    156781      1.00      0.00  iostat
08:29:30 PM     0    156782      1.00      0.00  pidstat
08:29:30 PM     0    156783      5.00      0.00  bash
08:29:30 PM     0    156784      8.00      0.00  bash
08:29:30 PM     0    156785      4.00      0.00  bash
08:29:30 PM     0    156787     99.00      0.00  fio
08:29:30 PM     0    157360      1.00      0.00  kworker/4:2-mm_percpu_wq
08:29:30 PM     0    158412      1.00      1.00  sleep
08:29:30 PM     0    158413      1.00      0.00  sleep
08:29:30 PM     0    158416      1.00      0.00  sleep

08:29:30 PM   UID       PID   cswch/s nvcswch/s  Command
08:29:31 PM     0        16      2.00      0.00  ksoftirqd/0
08:29:31 PM     0        17     20.00      0.00  rcu_preempt
08:29:31 PM     0        18      1.00      0.00  migration/0
08:29:31 PM     0        24      9.00      0.00  ksoftirqd/1
08:29:31 PM     0        29      2.00      0.00  migration/2
08:29:31 PM     0        30      3.00      0.00  ksoftirqd/2
08:29:31 PM     0        36      3.00      0.00  ksoftirqd/3
08:29:31 PM     0        41      2.00      0.00  migration/4
08:29:31 PM     0        42      2.00      0.00  ksoftirqd/4
08:29:31 PM     0        48      4.00      0.00  ksoftirqd/5
08:29:31 PM     0        54      3.00      0.00  ksoftirqd/6
08:29:31 PM     0        66      2.00      0.00  ksoftirqd/8
08:29:31 PM     0        72      4.00      0.00  ksoftirqd/9
08:29:31 PM     0        78      2.00      0.00  ksoftirqd/10
08:29:31 PM     0        95      2.00      0.00  kcompactd0
08:29:31 PM     0       191      1.00      0.00  kworker/1:1H-kblockd
08:29:31 PM     0       453      2.00      0.00  multipathd
08:29:31 PM     0     98256      2.00      0.00  kworker/u24:2-edac-poller
08:29:31 PM     0    112707      2.00      0.00  kworker/3:0-mm_percpu_wq
08:29:31 PM     0    118120      3.00      0.00  kworker/9:2-events
08:29:31 PM     0    123430      2.00      0.00  kworker/6:0-events
08:29:31 PM     0    140699      3.00      0.00  kworker/1:0-events
08:29:31 PM     0    143435      4.00      0.00  kworker/5:0-events
08:29:31 PM     0    146022      2.00      0.00  kworker/11:1-events
08:29:31 PM     0    147677      3.00      0.00  kworker/10:1-events
08:29:31 PM     0    151550      2.00      0.00  kworker/8:2-mm_percpu_wq
08:29:31 PM     0    152246      2.00      0.00  kworker/7:2-mm_percpu_wq
08:29:31 PM     0    154179      3.00      0.00  kworker/2:2-events
08:29:31 PM     0    155772      3.00      0.00  kworker/0:1-events
08:29:31 PM     0    156170      2.00      0.00  kworker/u24:3-events_power_efficient
08:29:31 PM     0    156781      1.00      0.00  iostat
08:29:31 PM     0    156782      1.00      0.00  pidstat
08:29:31 PM     0    156783      5.00      0.00  bash
08:29:31 PM     0    156784      7.00      0.00  bash
08:29:31 PM     0    156785      4.00      0.00  bash
08:29:31 PM     0    156787     99.00      0.00  fio
08:29:31 PM     0    157360      4.00      0.00  kworker/4:2-events
08:29:31 PM     0    158427      1.00      1.00  sleep
08:29:31 PM     0    158428      1.00      1.00  sleep
08:29:31 PM     0    158431      1.00      1.00  sleep

08:29:31 PM   UID       PID   cswch/s nvcswch/s  Command
08:29:32 PM     0        16      2.00      0.00  ksoftirqd/0
08:29:32 PM     0        17     20.00      0.00  rcu_preempt
08:29:32 PM     0        18      1.00      0.00  migration/0
08:29:32 PM     0        24      5.00      0.00  ksoftirqd/1
08:29:32 PM     0        29      1.00      0.00  migration/2
08:29:32 PM     0        30      1.00      0.00  ksoftirqd/2
08:29:32 PM     0        35      1.00      0.00  migration/3
08:29:32 PM     0        36      1.00      0.00  ksoftirqd/3
08:29:32 PM     0        41      1.00      0.00  migration/4
08:29:32 PM     0        42      2.00      0.00  ksoftirqd/4
08:29:32 PM     0        48      2.00      0.00  ksoftirqd/5
08:29:32 PM     0        54      2.00      0.00  ksoftirqd/6
08:29:32 PM     0        60      1.00      0.00  ksoftirqd/7
08:29:32 PM     0        65      1.00      0.00  migration/8
08:29:32 PM     0        66      2.00      0.00  ksoftirqd/8
08:29:32 PM     0        71      1.00      0.00  migration/9
08:29:32 PM     0        72      2.00      0.00  ksoftirqd/9
08:29:32 PM     0        77      1.00      0.00  migration/10
08:29:32 PM     0        83      1.00      0.00  migration/11
08:29:32 PM     0        84      1.00      0.00  ksoftirqd/11
08:29:32 PM     0        95      2.00      0.00  kcompactd0
08:29:32 PM     0       453      2.00      0.00  multipathd
08:29:32 PM     0     98256      1.00      0.00  kworker/u24:2-edac-poller
08:29:32 PM     0    112707      2.00      0.00  kworker/3:0-mm_percpu_wq
08:29:32 PM     0    118120      3.00      0.00  kworker/9:2-events
08:29:32 PM     0    123430      2.00      0.00  kworker/6:0-events
08:29:32 PM     0    140699      3.00      0.00  kworker/1:0-events
08:29:32 PM     0    143435      2.00      0.00  kworker/5:0-events
08:29:32 PM     0    146022      2.00      0.00  kworker/11:1-events
08:29:32 PM     0    147677      1.00      0.00  kworker/10:1-mm_percpu_wq
08:29:32 PM     0    151550      2.00      0.00  kworker/8:2-mm_percpu_wq
08:29:32 PM     0    152246      3.00      0.00  kworker/7:2-events
08:29:32 PM     0    154179      3.00      0.00  kworker/2:2-events
08:29:32 PM     0    155772      3.00      0.00  kworker/0:1-events
08:29:32 PM     0    156781      1.00      0.00  iostat
08:29:32 PM     0    156782      1.00      0.00  pidstat
08:29:32 PM     0    156783      5.00      0.00  bash
08:29:32 PM     0    156784      7.00      0.00  bash
08:29:32 PM     0    156785      4.00      0.00  bash
08:29:32 PM     0    156787    100.00      0.00  fio
08:29:32 PM     0    157360      3.00      0.00  kworker/4:2-events
08:29:32 PM     0    158442      1.00      1.00  sleep
08:29:32 PM     0    158443      1.00      1.00  sleep
08:29:32 PM     0    158446      1.00      0.00  sleep

08:29:32 PM   UID       PID   cswch/s nvcswch/s  Command
08:29:33 PM     0        16      3.00      0.00  ksoftirqd/0
08:29:33 PM     0        17     20.00      0.00  rcu_preempt
08:29:33 PM     0        18      3.00      0.00  migration/0
08:29:33 PM     0        24      3.00      0.00  ksoftirqd/1
08:29:33 PM     0        30      1.00      0.00  ksoftirqd/2
08:29:33 PM     0        36      2.00      0.00  ksoftirqd/3
08:29:33 PM     0        42      3.00      0.00  ksoftirqd/4
08:29:33 PM     0        47      1.00      0.00  migration/5
08:29:33 PM     0        48      4.00      0.00  ksoftirqd/5
08:29:33 PM     0        53      1.00      0.00  migration/6
08:29:33 PM     0        54      4.00      0.00  ksoftirqd/6
08:29:33 PM     0        60      1.00      0.00  ksoftirqd/7
08:29:33 PM     0        66      2.00      0.00  ksoftirqd/8
08:29:33 PM     0        72      2.00      0.00  ksoftirqd/9
08:29:33 PM     0        83      1.00      0.00  migration/11
08:29:33 PM     0        84      1.00      0.00  ksoftirqd/11
08:29:33 PM     0        95      2.00      0.00  kcompactd0
08:29:33 PM     0       453      2.00      0.00  multipathd
08:29:33 PM     0     21554      1.00      0.00  packagekitd
08:29:33 PM     0     98256      2.00      0.00  kworker/u24:2-edac-poller
08:29:33 PM     0    112707      1.00      0.00  kworker/3:0-mm_percpu_wq
08:29:33 PM     0    118120      2.00      0.00  kworker/9:2-mm_percpu_wq
08:29:33 PM     0    123430      3.00      0.00  kworker/6:0-events
08:29:33 PM     0    140699      6.00      0.00  kworker/1:0-events
08:29:33 PM     0    143435      1.00      0.00  kworker/5:0-mm_percpu_wq
08:29:33 PM     0    146022      3.00      0.00  kworker/11:1-events
08:29:33 PM     0    147677      3.00      0.00  kworker/10:1-events
08:29:33 PM     0    151550      2.00      0.00  kworker/8:2-events
08:29:33 PM     0    152246      5.00      0.00  kworker/7:2-events
08:29:33 PM     0    154179      1.00      0.00  kworker/2:2-mm_percpu_wq
08:29:33 PM     0    155772      4.00      0.00  kworker/0:1-events
08:29:33 PM     0    156781      1.00      0.00  iostat
08:29:33 PM     0    156782      1.00      0.00  pidstat
08:29:33 PM     0    156783      5.00      0.00  bash
08:29:33 PM     0    156784      7.00      0.00  bash
08:29:33 PM     0    156785      4.00      0.00  bash
08:29:33 PM     0    156787     99.00      0.00  fio
08:29:33 PM     0    157360      3.00      0.00  kworker/4:2-events
08:29:33 PM     0    158456      1.00      1.00  sleep
08:29:33 PM     0    158458      1.00      1.00  sleep
08:29:33 PM     0    158461      1.00      0.00  sleep

08:29:33 PM   UID       PID   cswch/s nvcswch/s  Command
08:29:34 PM     0        16      3.00      0.00  ksoftirqd/0
08:29:34 PM     0        17     20.00      0.00  rcu_preempt
08:29:34 PM     0        18      2.00      0.00  migration/0
08:29:34 PM     0        23      2.00      0.00  migration/1
08:29:34 PM     0        24      2.00      0.00  ksoftirqd/1
08:29:34 PM     0        29      1.00      0.00  migration/2
08:29:34 PM     0        30      3.00      0.00  ksoftirqd/2
08:29:34 PM     0        35      1.00      0.00  migration/3
08:29:34 PM     0        36      2.00      0.00  ksoftirqd/3
08:29:34 PM     0        41      1.00      0.00  migration/4
08:29:34 PM     0        42      1.00      0.00  ksoftirqd/4
08:29:34 PM     0        47      1.00      0.00  migration/5
08:29:34 PM     0        48      3.00      0.00  ksoftirqd/5
08:29:34 PM     0        53      2.00      0.00  migration/6
08:29:34 PM     0        54      1.00      0.00  ksoftirqd/6
08:29:34 PM     0        59      2.00      0.00  migration/7
08:29:34 PM     0        60      1.00      0.00  ksoftirqd/7
08:29:34 PM     0        65      2.00      0.00  migration/8
08:29:34 PM     0        66      4.00      0.00  ksoftirqd/8
08:29:34 PM     0        71      1.00      0.00  migration/9
08:29:34 PM     0        77      1.00      0.00  migration/10
08:29:34 PM     0        78      2.00      0.00  ksoftirqd/10
08:29:34 PM     0        83      1.00      0.00  migration/11
08:29:34 PM     0        84      4.00      0.00  ksoftirqd/11
08:29:34 PM     0        95      2.00      0.00  kcompactd0
08:29:34 PM     0       453      1.00      0.00  multipathd
08:29:34 PM     0     98256      4.00      0.00  kworker/u24:2-edac-poller
08:29:34 PM     0    112707      2.00      0.00  kworker/3:0-events
08:29:34 PM     0    118120      1.00      0.00  kworker/9:2-mm_percpu_wq
08:29:34 PM     0    123430      3.00      0.00  kworker/6:0-events
08:29:34 PM     0    140699      2.00      0.00  kworker/1:0-events
08:29:34 PM     0    143435      1.00      0.00  kworker/5:0-mm_percpu_wq
08:29:34 PM     0    146022      3.00      0.00  kworker/11:1-events
08:29:34 PM     0    147677      4.00      0.00  kworker/10:1-events
08:29:34 PM     0    151550      3.00      0.00  kworker/8:2-events
08:29:34 PM     0    152246      3.00      0.00  kworker/7:2-events
08:29:34 PM     0    154179      2.00      0.00  kworker/2:2-events
08:29:34 PM     0    155772      4.00      0.00  kworker/0:1-events
08:29:34 PM     0    156781      1.00      0.00  iostat
08:29:34 PM     0    156782      1.00      0.00  pidstat
08:29:34 PM     0    156783      5.00      0.00  bash
08:29:34 PM     0    156784      7.00      0.00  bash
08:29:34 PM     0    156785      4.00      0.00  bash
08:29:34 PM     0    156787    100.00      0.00  fio
08:29:34 PM     0    157360      1.00      0.00  kworker/4:2-mm_percpu_wq
08:29:34 PM     0    158472      1.00      1.00  sleep
08:29:34 PM     0    158473      1.00      0.00  sleep
08:29:34 PM     0    158476      1.00      1.00  sleep

08:29:34 PM   UID       PID   cswch/s nvcswch/s  Command
08:29:35 PM     0        16      4.00      0.00  ksoftirqd/0
08:29:35 PM     0        17     23.00      0.00  rcu_preempt
08:29:35 PM     0        24      1.00      0.00  ksoftirqd/1
08:29:35 PM     0        29      1.00      0.00  migration/2
08:29:35 PM     0        30      3.00      0.00  ksoftirqd/2
08:29:35 PM     0        35      1.00      0.00  migration/3
08:29:35 PM     0        36      6.00      0.00  ksoftirqd/3
08:29:35 PM     0        41      2.00      0.00  migration/4
08:29:35 PM     0        42      2.00      0.00  ksoftirqd/4
08:29:35 PM     0        48      3.00      0.00  ksoftirqd/5
08:29:35 PM     0        53      1.00      0.00  migration/6
08:29:35 PM     0        66      3.00      0.00  ksoftirqd/8
08:29:35 PM     0        71      1.00      0.00  migration/9
08:29:35 PM     0        72      2.00      0.00  ksoftirqd/9
08:29:35 PM     0        78      4.00      0.00  ksoftirqd/10
08:29:35 PM     0        83      1.00      0.00  migration/11
08:29:35 PM     0        95      2.00      0.00  kcompactd0
08:29:35 PM     0       191      1.00      0.00  kworker/1:1H-kblockd
08:29:35 PM     0       453      2.00      0.00  multipathd
08:29:35 PM     0       562      3.00      0.00  jbd2/nvme1n1p3-8
08:29:35 PM     0     98256      3.00      0.00  kworker/u24:2-edac-poller
08:29:35 PM     0    112707      1.00      0.00  kworker/3:0-mm_percpu_wq
08:29:35 PM     0    118120      1.00      0.00  kworker/9:2-mm_percpu_wq
08:29:35 PM     0    123430      2.00      0.00  kworker/6:0-mm_percpu_wq
08:29:35 PM     0    140699      4.00      0.00  kworker/1:0-events
08:29:35 PM     0    143435      3.00      0.00  kworker/5:0-events
08:29:35 PM     0    146022      1.00      0.00  kworker/11:1-mm_percpu_wq
08:29:35 PM     0    147677      3.00      0.00  kworker/10:1-events
08:29:35 PM     0    151550      3.00      0.00  kworker/8:2-events
08:29:35 PM     0    152246      7.00      0.00  kworker/7:2-events
08:29:35 PM     0    154179      2.00      0.00  kworker/2:2-events
08:29:35 PM     0    155772      3.00      0.00  kworker/0:1-events
08:29:35 PM     0    156781      1.00      0.00  iostat
08:29:35 PM     0    156782      1.00      0.00  pidstat
08:29:35 PM     0    156783      5.00      0.00  bash
08:29:35 PM     0    156784      8.00      0.00  bash
08:29:35 PM     0    156785      4.00      0.00  bash
08:29:35 PM     0    156787     99.00      0.00  fio
08:29:35 PM     0    157360      2.00      0.00  kworker/4:2-events
08:29:35 PM     0    158487      1.00      1.00  sleep
08:29:35 PM     0    158488      1.00      1.00  sleep
08:29:35 PM     0    158491      1.00      1.00  sleep

08:29:35 PM   UID       PID   cswch/s nvcswch/s  Command
08:29:36 PM     0        16      3.00      0.00  ksoftirqd/0
08:29:36 PM     0        17     18.00      0.00  rcu_preempt
08:29:36 PM     0        23      1.00      0.00  migration/1
08:29:36 PM     0        24      2.00      0.00  ksoftirqd/1
08:29:36 PM     0        30      2.00      0.00  ksoftirqd/2
08:29:36 PM     0        36      1.00      0.00  ksoftirqd/3
08:29:36 PM     0        42      4.00      0.00  ksoftirqd/4
08:29:36 PM     0        48      2.00      0.00  ksoftirqd/5
08:29:36 PM     0        54      1.00      0.00  ksoftirqd/6
08:29:36 PM     0        60      1.00      0.00  ksoftirqd/7
08:29:36 PM     0        66      4.00      0.00  ksoftirqd/8
08:29:36 PM     0        71      1.00      0.00  migration/9
08:29:36 PM     0        77      1.00      0.00  migration/10
08:29:36 PM     0        78      3.00      0.00  ksoftirqd/10
08:29:36 PM     0        83      1.00      0.00  migration/11
08:29:36 PM     0        84      3.00      0.00  ksoftirqd/11
08:29:36 PM     0        95      2.00      0.00  kcompactd0
08:29:36 PM     0       453      2.00      0.00  multipathd
08:29:36 PM     0     98256      1.00      0.00  kworker/u24:2-events_power_efficient
08:29:36 PM     0    112707      2.00      0.00  kworker/3:0-mm_percpu_wq
08:29:36 PM     0    118120      5.00      0.00  kworker/9:2-events
08:29:36 PM     0    123430      5.00      0.00  kworker/6:0-events
08:29:36 PM     0    140699      3.00      0.00  kworker/1:0-events
08:29:36 PM     0    143435      2.00      0.00  kworker/5:0-events
08:29:36 PM     0    146022      1.00      0.00  kworker/11:1-mm_percpu_wq
08:29:36 PM     0    147677      2.00      0.00  kworker/10:1-events
08:29:36 PM     0    151550      4.00      0.00  kworker/8:2-events
08:29:36 PM     0    152246      6.00      0.00  kworker/7:2-events
08:29:36 PM     0    154179      1.00      0.00  kworker/2:2-mm_percpu_wq
08:29:36 PM     0    155772      3.00      0.00  kworker/0:1-events
08:29:36 PM     0    156170      2.00      0.00  kworker/u24:3-edac-poller
08:29:36 PM     0    156781      1.00      0.00  iostat
08:29:36 PM     0    156782      1.00      0.00  pidstat
08:29:36 PM     0    156783      5.00      0.00  bash
08:29:36 PM     0    156784      8.00      0.00  bash
08:29:36 PM     0    156785      4.00      0.00  bash
08:29:36 PM     0    156787     99.00      0.00  fio
08:29:36 PM     0    157360      1.00      0.00  kworker/4:2-mm_percpu_wq
08:29:36 PM     0    158502      1.00      1.00  sleep
08:29:36 PM     0    158503      1.00      1.00  sleep
08:29:36 PM     0    158506      1.00      0.00  sleep

08:29:36 PM   UID       PID   cswch/s nvcswch/s  Command
08:29:37 PM     0         1      1.00      0.00  systemd
08:29:37 PM     0        16      6.00      0.00  ksoftirqd/0
08:29:37 PM     0        17     24.00      0.00  rcu_preempt
08:29:37 PM     0        23      1.00      0.00  migration/1
08:29:37 PM     0        24      4.00      0.00  ksoftirqd/1
08:29:37 PM     0        30      4.00      0.00  ksoftirqd/2
08:29:37 PM     0        36      1.00      0.00  ksoftirqd/3
08:29:37 PM     0        42      3.00      0.00  ksoftirqd/4
08:29:37 PM     0        48      1.00      0.00  ksoftirqd/5
08:29:37 PM     0        53      1.00      0.00  migration/6
08:29:37 PM     0        59      1.00      0.00  migration/7
08:29:37 PM     0        66      4.00      0.00  ksoftirqd/8
08:29:37 PM     0        71      1.00      0.00  migration/9
08:29:37 PM     0        72      2.00      0.00  ksoftirqd/9
08:29:37 PM     0        77      1.00      0.00  migration/10
08:29:37 PM     0        95      2.00      0.00  kcompactd0
08:29:37 PM     0       193      1.00      0.00  kworker/9:1H-kblockd
08:29:37 PM     0       415      1.00      0.00  systemd-journal
08:29:37 PM     0       453      1.00      0.00  multipathd
08:29:37 PM     0       463      1.00      0.00  systemd-udevd
08:29:37 PM   104       622      1.00      0.00  systemd-timesyn
08:29:37 PM     0    112707      2.00      0.00  kworker/3:0-events
08:29:37 PM     0    118120      2.00      0.00  kworker/9:2-events
08:29:37 PM     0    123430      5.00      0.00  kworker/6:0-events
08:29:37 PM     0    140699      3.00      0.00  kworker/1:0-events
08:29:37 PM     0    143435      4.00      0.00  kworker/5:0-events
08:29:37 PM     0    146022      1.00      0.00  kworker/11:1-mm_percpu_wq
08:29:37 PM     0    147677      3.00      0.00  kworker/10:1-events
08:29:37 PM     0    151550      2.00      0.00  kworker/8:2-events
08:29:37 PM     0    152246      2.00      0.00  kworker/7:2-events
08:29:37 PM     0    154179      2.00      0.00  kworker/2:2-mm_percpu_wq
08:29:37 PM     0    155772      5.00      0.00  kworker/0:1-events
08:29:37 PM     0    156170      1.00      0.00  kworker/u24:3-events_unbound
08:29:37 PM     0    156781      1.00      0.00  iostat
08:29:37 PM     0    156782      1.00      0.00  pidstat
08:29:37 PM     0    156783      5.00      0.00  bash
08:29:37 PM     0    156784      7.00      0.00  bash
08:29:37 PM     0    156785      4.00      0.00  bash
08:29:37 PM     0    156787    100.00      0.00  fio
08:29:37 PM     0    157360      2.00      0.00  kworker/4:2-events
08:29:37 PM     0    158517      1.00      0.00  sleep
08:29:37 PM     0    158518      1.00      1.00  sleep
08:29:37 PM     0    158521      1.00      0.00  sleep

08:29:37 PM   UID       PID   cswch/s nvcswch/s  Command
08:29:38 PM     0         1      1.00      0.00  systemd
08:29:38 PM     0        16      1.00      0.00  ksoftirqd/0
08:29:38 PM     0        17     25.00      0.00  rcu_preempt
08:29:38 PM     0        18      1.00      0.00  migration/0
08:29:38 PM     0        23      1.00      0.00  migration/1
08:29:38 PM     0        24      2.00      0.00  ksoftirqd/1
08:29:38 PM     0        29      1.00      0.00  migration/2
08:29:38 PM     0        30      4.00      0.00  ksoftirqd/2
08:29:38 PM     0        35      2.00      0.00  migration/3
08:29:38 PM     0        36      4.00      0.00  ksoftirqd/3
08:29:38 PM     0        41      1.00      0.00  migration/4
08:29:38 PM     0        42      2.00      0.00  ksoftirqd/4
08:29:38 PM     0        47      1.00      0.00  migration/5
08:29:38 PM     0        48      2.00      0.00  ksoftirqd/5
08:29:38 PM     0        53      2.00      0.00  migration/6
08:29:38 PM     0        54      4.00      0.00  ksoftirqd/6
08:29:38 PM     0        59      2.00      0.00  migration/7
08:29:38 PM     0        60      1.00      0.00  ksoftirqd/7
08:29:38 PM     0        65      1.00      0.00  migration/8
08:29:38 PM     0        66      3.00      0.00  ksoftirqd/8
08:29:38 PM     0        71      2.00      0.00  migration/9
08:29:38 PM     0        72      3.00      0.00  ksoftirqd/9
08:29:38 PM     0        77      1.00      0.00  migration/10
08:29:38 PM     0        78      1.00      0.00  ksoftirqd/10
08:29:38 PM     0        83      1.00      0.00  migration/11
08:29:38 PM     0        84      3.00      1.00  ksoftirqd/11
08:29:38 PM     0        95      2.00      0.00  kcompactd0
08:29:38 PM     0       453      2.00      0.00  multipathd
08:29:38 PM   101       608      1.00      0.00  systemd-network
08:29:38 PM     0    112707      4.00      0.00  kworker/3:0-events
08:29:38 PM     0    118120      1.00      0.00  kworker/9:2-mm_percpu_wq
08:29:38 PM     0    123430      3.00      0.00  kworker/6:0-events
08:29:38 PM     0    140699      2.00      0.00  kworker/1:0-mm_percpu_wq
08:29:38 PM     0    143435      2.00      0.00  kworker/5:0-mm_percpu_wq
08:29:38 PM     0    146022      4.00      0.00  kworker/11:1-events
08:29:38 PM     0    147677      1.00      0.00  kworker/10:1-mm_percpu_wq
08:29:38 PM     0    151550      2.00      0.00  kworker/8:2-events
08:29:38 PM     0    152246      2.00      0.00  kworker/7:2-events
08:29:38 PM     0    154179      1.00      0.00  kworker/2:2-mm_percpu_wq
08:29:38 PM     0    155772      4.00      0.00  kworker/0:1-events
08:29:38 PM     0    156170      1.00      0.00  kworker/u24:3-edac-poller
08:29:38 PM     0    156781      1.00      0.00  iostat
08:29:38 PM     0    156782      1.00      0.00  pidstat
08:29:38 PM     0    156783      5.00      0.00  bash
08:29:38 PM     0    156784      7.00      0.00  bash
08:29:38 PM     0    156785      4.00      0.00  bash
08:29:38 PM     0    156787     99.00      0.00  fio
08:29:38 PM     0    157360      5.00      0.00  kworker/4:2-events
08:29:38 PM     0    158532      1.00      0.00  sleep
08:29:38 PM     0    158533      1.00      0.00  sleep
08:29:38 PM     0    158536      1.00      0.00  sleep

08:29:38 PM   UID       PID   cswch/s nvcswch/s  Command
08:29:39 PM     0        17     18.00      0.00  rcu_preempt
08:29:39 PM     0        18      1.00      0.00  migration/0
08:29:39 PM     0        30      3.00      0.00  ksoftirqd/2
08:29:39 PM     0        36      4.00      0.00  ksoftirqd/3
08:29:39 PM     0        42      3.00      0.00  ksoftirqd/4
08:29:39 PM     0        47      2.00      0.00  migration/5
08:29:39 PM     0        48      1.00      0.00  ksoftirqd/5
08:29:39 PM     0        53      1.00      0.00  migration/6
08:29:39 PM     0        54      2.00      0.00  ksoftirqd/6
08:29:39 PM     0        60      2.00      0.00  ksoftirqd/7
08:29:39 PM     0        66      5.00      0.00  ksoftirqd/8
08:29:39 PM     0        72      1.00      0.00  ksoftirqd/9
08:29:39 PM     0        77      1.00      0.00  migration/10
08:29:39 PM     0        84      4.00      0.00  ksoftirqd/11
08:29:39 PM     0        95      2.00      0.00  kcompactd0
08:29:39 PM     0       102      1.00      0.00  irq/9-acpi
08:29:39 PM     0       453      1.00      0.00  multipathd
08:29:39 PM     0    112707      1.00      0.00  kworker/3:0-mm_percpu_wq
08:29:39 PM     0    118120      1.00      0.00  kworker/9:2-mm_percpu_wq
08:29:39 PM     0    123430      1.00      0.00  kworker/6:0-mm_percpu_wq
08:29:39 PM     0    129890      1.00      0.00  kworker/10:2+i915-unordered
08:29:39 PM     0    140699      3.00      0.00  kworker/1:0-events
08:29:39 PM     0    143435      2.00      0.00  kworker/5:0-events
08:29:39 PM     0    146022      5.00      0.00  kworker/11:1-events
08:29:39 PM     0    147677    623.00      0.00  kworker/10:1+events
08:29:39 PM     0    151550      4.00      0.00  kworker/8:2-events
08:29:39 PM     0    152246      9.00      0.00  kworker/7:2-events
08:29:39 PM     0    154179      2.00      0.00  kworker/2:2-events
08:29:39 PM     0    155772      6.00      0.00  kworker/0:1-kacpi_notify
08:29:39 PM     0    156170      5.00      0.00  kworker/u24:3-events_unbound
08:29:39 PM     0    156781      1.00      0.00  iostat
08:29:39 PM     0    156782      1.00      0.00  pidstat
08:29:39 PM     0    156783      5.00      0.00  bash
08:29:39 PM     0    156784      8.00      0.00  bash
08:29:39 PM     0    156785      4.00      0.00  bash
08:29:39 PM     0    156787    100.00      0.00  fio
08:29:39 PM     0    157360      3.00      0.00  kworker/4:2-events
08:29:39 PM     0    158546      1.00      1.00  sleep
08:29:39 PM     0    158548      1.00      1.00  sleep
08:29:39 PM     0    158551      1.00      0.00  sleep

08:29:39 PM   UID       PID   cswch/s nvcswch/s  Command
08:29:40 PM     0         2      1.00      0.00  kthreadd
08:29:40 PM     0        16      2.00      0.00  ksoftirqd/0
08:29:40 PM     0        17     19.00      0.00  rcu_preempt
08:29:40 PM     0        18      1.00      0.00  migration/0
08:29:40 PM     0        23      2.00      0.00  migration/1
08:29:40 PM     0        24      2.00      0.00  ksoftirqd/1
08:29:40 PM     0        30      1.00      0.00  ksoftirqd/2
08:29:40 PM     0        36      1.00      0.00  ksoftirqd/3
08:29:40 PM     0        42      1.00      0.00  ksoftirqd/4
08:29:40 PM     0        48      1.00      0.00  ksoftirqd/5
08:29:40 PM     0        53      2.00      0.00  migration/6
08:29:40 PM     0        59      1.00      0.00  migration/7
08:29:40 PM     0        66      1.00      0.00  ksoftirqd/8
08:29:40 PM     0        72      2.00      0.00  ksoftirqd/9
08:29:40 PM     0        77      2.00      0.00  migration/10
08:29:40 PM     0        78      3.00      0.00  ksoftirqd/10
08:29:40 PM     0        84      2.00      0.00  ksoftirqd/11
08:29:40 PM     0        95      2.00      0.00  kcompactd0
08:29:40 PM     0       453      2.00      0.00  multipathd
08:29:40 PM     0       562      3.00      0.00  jbd2/nvme1n1p3-8
08:29:40 PM     0    112707      4.00      0.00  kworker/3:0-events
08:29:40 PM     0    118120      6.00      0.00  kworker/9:2-events
08:29:40 PM     0    123430      1.00      0.00  kworker/6:0-mm_percpu_wq
08:29:40 PM     0    129890   1132.00      0.00  kworker/10:2-i915-unordered
08:29:40 PM     0    140699      2.00      0.00  kworker/1:0-events
08:29:40 PM     0    143435      2.00      0.00  kworker/5:0-events
08:29:40 PM     0    146022      3.00      0.00  kworker/11:1-events
08:29:40 PM     0    147677    520.00      1.00  kworker/10:1-events
08:29:40 PM     0    151550      1.00      0.00  kworker/8:2-mm_percpu_wq
08:29:40 PM     0    152050      2.00      0.00  kworker/10:3-mm_percpu_wq
08:29:40 PM     0    152246      3.00      0.00  kworker/7:2-events
08:29:40 PM     0    154179      1.00      0.00  kworker/2:2-mm_percpu_wq
08:29:40 PM     0    155772      3.00      0.00  kworker/0:1-events
08:29:40 PM     0    156170      3.00      0.00  kworker/u24:3-flush-259:1
08:29:40 PM     0    156781      1.00      0.00  iostat
08:29:40 PM     0    156782      1.00      0.00  pidstat
08:29:40 PM     0    156783      5.00      0.00  bash
08:29:40 PM     0    156784      8.00      0.00  bash
08:29:40 PM     0    156785      4.00      0.00  bash
08:29:40 PM     0    156787     99.00      0.00  fio
08:29:40 PM     0    157360      3.00      0.00  kworker/4:2-events
08:29:40 PM     0    158552      2.00      0.00  kworker/10:0
08:29:40 PM     0    158563      1.00      0.00  sleep
08:29:40 PM     0    158564      1.00      0.00  sleep
08:29:40 PM     0    158567      1.00      0.00  sleep

08:29:40 PM   UID       PID   cswch/s nvcswch/s  Command
08:29:41 PM     0        16      2.00      0.00  ksoftirqd/0
08:29:41 PM     0        17     11.00      0.00  rcu_preempt
08:29:41 PM     0        18      2.00      0.00  migration/0
08:29:41 PM     0        24      1.00      0.00  ksoftirqd/1
08:29:41 PM     0        29      1.00      0.00  migration/2
08:29:41 PM     0        30      1.00      0.00  ksoftirqd/2
08:29:41 PM     0        36      3.00      0.00  ksoftirqd/3
08:29:41 PM     0        48      2.00      0.00  ksoftirqd/5
08:29:41 PM     0        53      1.00      0.00  migration/6
08:29:41 PM     0        54      2.00      1.00  ksoftirqd/6
08:29:41 PM     0        60      1.00      0.00  ksoftirqd/7
08:29:41 PM     0        71      1.00      0.00  migration/9
08:29:41 PM     0        77      1.00      0.00  migration/10
08:29:41 PM     0        78      3.00      0.00  ksoftirqd/10
08:29:41 PM     0        84      2.00      0.00  ksoftirqd/11
08:29:41 PM     0        95      2.00      0.00  kcompactd0
08:29:41 PM     0       194      1.00      0.00  kworker/8:1H-kblockd
08:29:41 PM     0       453      2.00      0.00  multipathd
08:29:41 PM     0     98256      3.00      0.00  kworker/u24:2-events_power_efficient
08:29:41 PM     0    112707      5.00      0.00  kworker/3:0-events
08:29:41 PM     0    118120      2.00      0.00  kworker/9:2-events
08:29:41 PM     0    123430      5.00      0.00  kworker/6:0-events
08:29:41 PM     0    129890      1.00      0.00  kworker/10:2-mm_percpu_wq
08:29:41 PM     0    140699      5.00      0.00  kworker/1:0-events
08:29:41 PM     0    143435      4.00      0.00  kworker/5:0-events
08:29:41 PM     0    146022      1.00      0.00  kworker/11:1-mm_percpu_wq
08:29:41 PM     0    151550      4.00      0.00  kworker/8:2-events
08:29:41 PM     0    152246      6.00      0.00  kworker/7:2-events
08:29:41 PM     0    154179      1.00      0.00  kworker/2:2-mm_percpu_wq
08:29:41 PM     0    155772      4.00      0.00  kworker/0:1-events
08:29:41 PM     0    156170      3.00      0.00  kworker/u24:3-events_power_efficient
08:29:41 PM     0    156781      1.00      0.00  iostat
08:29:41 PM     0    156782      1.00      0.00  pidstat
08:29:41 PM     0    156783      5.00      0.00  bash
08:29:41 PM     0    156784      6.00      0.00  bash
08:29:41 PM     0    156785      4.00      0.00  bash
08:29:41 PM     0    156787    100.00      0.00  fio
08:29:41 PM     0    157360      1.00      0.00  kworker/4:2-mm_percpu_wq
08:29:41 PM     0    158580      1.00      0.00  sleep
08:29:41 PM     0    158581      1.00      0.00  sleep
08:29:41 PM     0    158582      1.00      0.00  sleep

08:29:41 PM   UID       PID   cswch/s nvcswch/s  Command
08:29:42 PM     0        16      1.00      0.00  ksoftirqd/0
08:29:42 PM     0        17     14.00      0.00  rcu_preempt
08:29:42 PM     0        18      1.00      0.00  migration/0
08:29:42 PM     0        23      2.00      0.00  migration/1
08:29:42 PM     0        24      1.00      0.00  ksoftirqd/1
08:29:42 PM     0        29      3.00      0.00  migration/2
08:29:42 PM     0        30      1.00      0.00  ksoftirqd/2
08:29:42 PM     0        35      1.00      0.00  migration/3
08:29:42 PM     0        36      3.00      0.00  ksoftirqd/3
08:29:42 PM     0        41      1.00      0.00  migration/4
08:29:42 PM     0        42      1.00      0.00  ksoftirqd/4
08:29:42 PM     0        47      1.00      0.00  migration/5
08:29:42 PM     0        48      3.00      0.00  ksoftirqd/5
08:29:42 PM     0        53      1.00      0.00  migration/6
08:29:42 PM     0        54      1.00      0.00  ksoftirqd/6
08:29:42 PM     0        59      1.00      0.00  migration/7
08:29:42 PM     0        60      1.00      0.00  ksoftirqd/7
08:29:42 PM     0        65      2.00      0.00  migration/8
08:29:42 PM     0        66      1.00      0.00  ksoftirqd/8
08:29:42 PM     0        71      1.00      0.00  migration/9
08:29:42 PM     0        72      3.00      0.00  ksoftirqd/9
08:29:42 PM     0        77      2.00      0.00  migration/10
08:29:42 PM     0        78      3.00      0.00  ksoftirqd/10
08:29:42 PM     0        83      1.00      0.00  migration/11
08:29:42 PM     0        84      1.00      0.00  ksoftirqd/11
08:29:42 PM     0        95      2.00      0.00  kcompactd0
08:29:42 PM     0       453      1.00      0.00  multipathd
08:29:42 PM     0    112707      7.00      0.00  kworker/3:0-events
08:29:42 PM     0    118120      2.00      0.00  kworker/9:2-events
08:29:42 PM     0    123430      3.00      0.00  kworker/6:0-events
08:29:42 PM     0    129890      3.00      0.00  kworker/10:2-events
08:29:42 PM     0    140699      1.00      0.00  kworker/1:0-mm_percpu_wq
08:29:42 PM     0    143435      1.00      0.00  kworker/5:0-mm_percpu_wq
08:29:42 PM     0    146022      1.00      0.00  kworker/11:1-mm_percpu_wq
08:29:42 PM     0    151550      1.00      0.00  kworker/8:2-mm_percpu_wq
08:29:42 PM     0    152246      4.00      0.00  kworker/7:2-events
08:29:42 PM     0    154179      3.00      0.00  kworker/2:2-events
08:29:42 PM     0    155772      3.00      0.00  kworker/0:1-events
08:29:42 PM     0    156170      1.00      0.00  kworker/u24:3-edac-poller
08:29:42 PM     0    156781      1.00      0.00  iostat
08:29:42 PM     0    156782      1.00      0.00  pidstat
08:29:42 PM     0    156783      5.00      0.00  bash
08:29:42 PM     0    156784      6.00      0.00  bash
08:29:42 PM     0    156785      4.00      0.00  bash
08:29:42 PM     0    156787     99.00      0.00  fio
08:29:42 PM     0    157360      2.00      0.00  kworker/4:2-events
08:29:42 PM     0    158594      1.00      1.00  sleep
08:29:42 PM     0    158595      1.00      1.00  sleep
08:29:42 PM     0    158597      1.00      0.00  sleep

08:29:42 PM   UID       PID   cswch/s nvcswch/s  Command
08:29:43 PM     0        16      5.00      0.00  ksoftirqd/0
08:29:43 PM     0        17     20.00      0.00  rcu_preempt
08:29:43 PM     0        23      2.00      0.00  migration/1
08:29:43 PM     0        24      5.00      0.00  ksoftirqd/1
08:29:43 PM     0        36      3.00      0.00  ksoftirqd/3
08:29:43 PM     0        42      3.00      0.00  ksoftirqd/4
08:29:43 PM     0        48      2.00      0.00  ksoftirqd/5
08:29:43 PM     0        53      1.00      0.00  migration/6
08:29:43 PM     0        66      1.00      0.00  ksoftirqd/8
08:29:43 PM     0        71      1.00      0.00  migration/9
08:29:43 PM     0        72      4.00      1.00  ksoftirqd/9
08:29:43 PM     0        78      2.00      0.00  ksoftirqd/10
08:29:43 PM     0        83      1.00      0.00  migration/11
08:29:43 PM     0        84      2.00      0.00  ksoftirqd/11
08:29:43 PM     0        95      2.00      0.00  kcompactd0
08:29:43 PM     0       113      1.00      0.00  kworker/5:1H-kblockd
08:29:43 PM     0       453      1.00      0.00  multipathd
08:29:43 PM     0     21554      1.00      0.00  packagekitd
08:29:43 PM     0    112707      2.00      0.00  kworker/3:0-events
08:29:43 PM     0    118120      5.00      0.00  kworker/9:2-events
08:29:43 PM     0    123430      2.00      0.00  kworker/6:0-mm_percpu_wq
08:29:43 PM     0    129890      3.00      0.00  kworker/10:2-events
08:29:43 PM     0    140699      5.00      0.00  kworker/1:0-events
08:29:43 PM     0    143435      4.00      0.00  kworker/5:0-events
08:29:43 PM     0    146022      2.00      0.00  kworker/11:1-events
08:29:43 PM     0    151550      3.00      0.00  kworker/8:2-events
08:29:43 PM     0    152246      3.00      0.00  kworker/7:2-events
08:29:43 PM     0    154179      2.00      0.00  kworker/2:2-mm_percpu_wq
08:29:43 PM     0    155772      1.00      0.00  kworker/0:1-events
08:29:43 PM     0    156170      2.00      0.00  kworker/u24:3-events_unbound
08:29:43 PM     0    156781      1.00      0.00  iostat
08:29:43 PM     0    156782      1.00      0.00  pidstat
08:29:43 PM     0    156783      5.00      0.00  bash
08:29:43 PM     0    156784      8.00      0.00  bash
08:29:43 PM     0    156785      4.00      0.00  bash
08:29:43 PM     0    156787     99.00      0.00  fio
08:29:43 PM     0    157360      4.00      0.00  kworker/4:2-events
08:29:43 PM     0    158600      1.00      1.00  sleep
08:29:43 PM     0    158611      1.00      0.00  sleep
08:29:43 PM     0    158612      1.00      0.00  sleep

08:29:43 PM   UID       PID   cswch/s nvcswch/s  Command
08:29:44 PM     0        16      3.00      0.00  ksoftirqd/0
08:29:44 PM     0        17     17.00      0.00  rcu_preempt
08:29:44 PM     0        23      1.00      0.00  migration/1
08:29:44 PM     0        24      4.00      0.00  ksoftirqd/1
08:29:44 PM     0        30      3.00      0.00  ksoftirqd/2
08:29:44 PM     0        36      2.00      0.00  ksoftirqd/3
08:29:44 PM     0        42      2.00      0.00  ksoftirqd/4
08:29:44 PM     0        47      1.00      0.00  migration/5
08:29:44 PM     0        48      2.00      0.00  ksoftirqd/5
08:29:44 PM     0        53      1.00      0.00  migration/6
08:29:44 PM     0        54      2.00      0.00  ksoftirqd/6
08:29:44 PM     0        60      1.00      0.00  ksoftirqd/7
08:29:44 PM     0        66      4.00      0.00  ksoftirqd/8
08:29:44 PM     0        71      1.00      0.00  migration/9
08:29:44 PM     0        72      1.00      0.00  ksoftirqd/9
08:29:44 PM     0        77      1.00      0.00  migration/10
08:29:44 PM     0        78      3.00      0.00  ksoftirqd/10
08:29:44 PM     0        83      1.00      0.00  migration/11
08:29:44 PM     0        84      2.00      0.00  ksoftirqd/11
08:29:44 PM     0        95      2.00      0.00  kcompactd0
08:29:44 PM     0       453      1.00      0.00  multipathd
08:29:44 PM     0    112707      2.00      0.00  kworker/3:0-events
08:29:44 PM     0    118120      1.00      0.00  kworker/9:2-mm_percpu_wq
08:29:44 PM     0    123430      3.00      0.00  kworker/6:0-events
08:29:44 PM     0    129890      5.00      0.00  kworker/10:2-events
08:29:44 PM     0    140699      4.00      0.00  kworker/1:0-events
08:29:44 PM     0    143435      1.00      0.00  kworker/5:0-mm_percpu_wq
08:29:44 PM     0    146022      2.00      0.00  kworker/11:1-events
08:29:44 PM     0    151550      4.00      0.00  kworker/8:2-events
08:29:44 PM     0    152246      2.00      0.00  kworker/7:2-mm_percpu_wq
08:29:44 PM     0    154179      1.00      0.00  kworker/2:2-mm_percpu_wq
08:29:44 PM     0    155772      3.00      0.00  kworker/0:1-events
08:29:44 PM     0    156170      4.00      0.00  kworker/u24:3-writeback
08:29:44 PM     0    156781      1.00      0.00  iostat
08:29:44 PM     0    156782      1.00      0.00  pidstat
08:29:44 PM     0    156783      5.00      0.00  bash
08:29:44 PM     0    156784      8.00      0.00  bash
08:29:44 PM     0    156785      4.00      0.00  bash
08:29:44 PM     0    156787    100.00      0.00  fio
08:29:44 PM     0    157360      2.00      0.00  kworker/4:2-events
08:29:44 PM     0    158615      1.00      0.00  sleep
08:29:44 PM     0    158626      1.00      1.00  sleep
08:29:44 PM     0    158627      1.00      0.00  sleep

08:29:44 PM   UID       PID   cswch/s nvcswch/s  Command
08:29:45 PM     0        16      4.00      0.00  ksoftirqd/0
08:29:45 PM     0        17     20.00      0.00  rcu_preempt
08:29:45 PM     0        23      1.00      0.00  migration/1
08:29:45 PM     0        24      1.00      0.00  ksoftirqd/1
08:29:45 PM     0        30      4.00      0.00  ksoftirqd/2
08:29:45 PM     0        35      1.00      0.00  migration/3
08:29:45 PM     0        36      1.00      0.00  ksoftirqd/3
08:29:45 PM     0        47      1.00      0.00  migration/5
08:29:45 PM     0        54      3.00      0.00  ksoftirqd/6
08:29:45 PM     0        60      1.00      0.00  ksoftirqd/7
08:29:45 PM     0        65      1.00      0.00  migration/8
08:29:45 PM     0        66      2.00      0.00  ksoftirqd/8
08:29:45 PM     0        72      3.00      0.00  ksoftirqd/9
08:29:45 PM     0        77      1.00      0.00  migration/10
08:29:45 PM     0        78      1.00      0.00  ksoftirqd/10
08:29:45 PM     0        95      2.00      0.00  kcompactd0
08:29:45 PM     0       453      2.00      0.00  multipathd
08:29:45 PM     0       562      3.00      0.00  jbd2/nvme1n1p3-8
08:29:45 PM     0    112707      2.00      0.00  kworker/3:0-mm_percpu_wq
08:29:45 PM     0    118120      1.00      0.00  kworker/9:2-mm_percpu_wq
08:29:45 PM     0    123430      5.00      0.00  kworker/6:0-events
08:29:45 PM     0    129890      4.00      0.00  kworker/10:2-events
08:29:45 PM     0    140699      6.00      0.00  kworker/1:0-events
08:29:45 PM     0    143435      3.00      0.00  kworker/5:0-events
08:29:45 PM     0    146022      2.00      0.00  kworker/11:1-mm_percpu_wq
08:29:45 PM     0    151550      1.00      0.00  kworker/8:2-mm_percpu_wq
08:29:45 PM     0    152246      4.00      0.00  kworker/7:2-events
08:29:45 PM     0    154179      3.00      0.00  kworker/2:2-events
08:29:45 PM     0    155772      3.00      0.00  kworker/0:1-events
08:29:45 PM     0    156170      3.00      0.00  kworker/u24:3-flush-259:1
08:29:45 PM     0    156781      1.00      0.00  iostat
08:29:45 PM     0    156782      1.00      0.00  pidstat
08:29:45 PM     0    156783      5.00      0.00  bash
08:29:45 PM     0    156784      7.00      0.00  bash
08:29:45 PM     0    156785      4.00      0.00  bash
08:29:45 PM     0    156787     99.00      0.00  fio
08:29:45 PM     0    157360      1.00      0.00  kworker/4:2-mm_percpu_wq
08:29:45 PM     0    158630      1.00      0.00  sleep
08:29:45 PM     0    158640      1.00      1.00  sleep
08:29:45 PM     0    158642      1.00      0.00  sleep

08:29:45 PM   UID       PID   cswch/s nvcswch/s  Command
08:29:46 PM     0        16      2.00      0.00  ksoftirqd/0
08:29:46 PM     0        17     17.00      0.00  rcu_preempt
08:29:46 PM     0        18      2.00      0.00  migration/0
08:29:46 PM     0        23      2.00      0.00  migration/1
08:29:46 PM     0        24      2.00      0.00  ksoftirqd/1
08:29:46 PM     0        29      2.00      0.00  migration/2
08:29:46 PM     0        30      3.00      0.00  ksoftirqd/2
08:29:46 PM     0        35      1.00      0.00  migration/3
08:29:46 PM     0        36      4.00      0.00  ksoftirqd/3
08:29:46 PM     0        41      1.00      0.00  migration/4
08:29:46 PM     0        42      2.00      0.00  ksoftirqd/4
08:29:46 PM     0        47      2.00      0.00  migration/5
08:29:46 PM     0        48      2.00      0.00  ksoftirqd/5
08:29:46 PM     0        53      1.00      0.00  migration/6
08:29:46 PM     0        54      1.00      0.00  ksoftirqd/6
08:29:46 PM     0        59      3.00      0.00  migration/7
08:29:46 PM     0        60      1.00      0.00  ksoftirqd/7
08:29:46 PM     0        65      1.00      0.00  migration/8
08:29:46 PM     0        66      6.00      0.00  ksoftirqd/8
08:29:46 PM     0        71      1.00      0.00  migration/9
08:29:46 PM     0        72      3.00      0.00  ksoftirqd/9
08:29:46 PM     0        77      2.00      0.00  migration/10
08:29:46 PM     0        78      3.00      0.00  ksoftirqd/10
08:29:46 PM     0        83      1.00      0.00  migration/11
08:29:46 PM     0        84      1.00      0.00  ksoftirqd/11
08:29:46 PM     0        95      2.00      0.00  kcompactd0
08:29:46 PM     0       453      1.00      0.00  multipathd
08:29:46 PM     0     98256      1.00      0.00  kworker/u24:2-events_power_efficient
08:29:46 PM     0    112707      2.00      0.00  kworker/3:0-events
08:29:46 PM     0    118120      2.00      0.00  kworker/9:2-events
08:29:46 PM     0    123430      3.00      0.00  kworker/6:0-events
08:29:46 PM     0    129890      3.00      0.00  kworker/10:2-events
08:29:46 PM     0    140699      3.00      0.00  kworker/1:0-events
08:29:46 PM     0    143435      3.00      0.00  kworker/5:0-events
08:29:46 PM     0    146022      1.00      0.00  kworker/11:1-mm_percpu_wq
08:29:46 PM     0    151550      3.00      0.00  kworker/8:2-events
08:29:46 PM     0    152246      4.00      0.00  kworker/7:2-events
08:29:46 PM     0    154179      2.00      0.00  kworker/2:2-events
08:29:46 PM     0    155772      2.00      0.00  kworker/0:1-events
08:29:46 PM     0    156170      2.00      0.00  kworker/u24:3-events_power_efficient
08:29:46 PM     0    156781      1.00      0.00  iostat
08:29:46 PM     0    156782      1.00      0.00  pidstat
08:29:46 PM     0    156783      5.00      0.00  bash
08:29:46 PM     0    156784      7.00      0.00  bash
08:29:46 PM     0    156785      4.00      0.00  bash
08:29:46 PM     0    156787    100.00      0.00  fio
08:29:46 PM     0    157360      1.00      0.00  kworker/4:2-mm_percpu_wq
08:29:46 PM     0    158645      1.00      0.00  sleep
08:29:46 PM     0    158655      1.00      0.00  sleep
08:29:46 PM     0    158657      1.00      0.00  sleep

08:29:46 PM   UID       PID   cswch/s nvcswch/s  Command
08:29:47 PM     0        16      1.00      0.00  ksoftirqd/0
08:29:47 PM     0        17     19.00      0.00  rcu_preempt
08:29:47 PM     0        18      1.00      0.00  migration/0
08:29:47 PM     0        23      1.00      0.00  migration/1
08:29:47 PM     0        24      1.00      0.00  ksoftirqd/1
08:29:47 PM     0        30      4.00      0.00  ksoftirqd/2
08:29:47 PM     0        35      1.00      0.00  migration/3
08:29:47 PM     0        36      2.00      0.00  ksoftirqd/3
08:29:47 PM     0        42      1.00      0.00  ksoftirqd/4
08:29:47 PM     0        48      4.00      0.00  ksoftirqd/5
08:29:47 PM     0        54      1.00      0.00  ksoftirqd/6
08:29:47 PM     0        60      1.00      0.00  ksoftirqd/7
08:29:47 PM     0        66      2.00      0.00  ksoftirqd/8
08:29:47 PM     0        72      1.00      0.00  ksoftirqd/9
08:29:47 PM     0        77      1.00      0.00  migration/10
08:29:47 PM     0        78      6.00      0.00  ksoftirqd/10
08:29:47 PM     0        95      1.00      0.00  kcompactd0
08:29:47 PM     0       453      2.00      0.00  multipathd
08:29:47 PM     0     98256      2.00      0.00  kworker/u24:2-events_unbound
08:29:47 PM     0    112707      1.00      0.00  kworker/3:0-mm_percpu_wq
08:29:47 PM     0    118120      2.00      0.00  kworker/9:2-events
08:29:47 PM     0    123430      2.00      0.00  kworker/6:0-events
08:29:47 PM     0    129890      2.00      0.00  kworker/10:2-events
08:29:47 PM     0    140699      7.00      0.00  kworker/1:0-events
08:29:47 PM     0    143435      3.00      0.00  kworker/5:0-events
08:29:47 PM     0    146022      2.00      0.00  kworker/11:1-events
08:29:47 PM     0    151550      1.00      0.00  kworker/8:2-mm_percpu_wq
08:29:47 PM     0    152246      5.00      0.00  kworker/7:2-events
08:29:47 PM     0    154179      2.00      0.00  kworker/2:2-events
08:29:47 PM     0    155772      2.00      0.00  kworker/0:1-events
08:29:47 PM     0    156781      1.00      0.00  iostat
08:29:47 PM     0    156782      1.00      0.00  pidstat
08:29:47 PM     0    156783      5.00      0.00  bash
08:29:47 PM     0    156784      6.00      0.00  bash
08:29:47 PM     0    156785      4.00      0.00  bash
08:29:47 PM     0    156787     99.00      0.00  fio
08:29:47 PM     0    157360      4.00      0.00  kworker/4:2-events
08:29:47 PM     0    158660      1.00      1.00  sleep
08:29:47 PM     0    158671      2.00      1.00  sleep
08:29:47 PM     0    158672      1.00      0.00  sleep

08:29:47 PM   UID       PID   cswch/s nvcswch/s  Command
08:29:48 PM     0        16      2.00      0.00  ksoftirqd/0
08:29:48 PM     0        17     20.00      0.00  rcu_preempt
08:29:48 PM     0        18      1.00      0.00  migration/0
08:29:48 PM     0        24      2.00      0.00  ksoftirqd/1
08:29:48 PM     0        29      1.00      0.00  migration/2
08:29:48 PM     0        30      3.00      0.00  ksoftirqd/2
08:29:48 PM     0        36      5.00      0.00  ksoftirqd/3
08:29:48 PM     0        41      1.00      0.00  migration/4
08:29:48 PM     0        42      1.00      0.00  ksoftirqd/4
08:29:48 PM     0        47      1.00      0.00  migration/5
08:29:48 PM     0        48      4.00      1.00  ksoftirqd/5
08:29:48 PM     0        53      1.00      0.00  migration/6
08:29:48 PM     0        54      2.00      0.00  ksoftirqd/6
08:29:48 PM     0        65      1.00      0.00  migration/8
08:29:48 PM     0        66      4.00      0.00  ksoftirqd/8
08:29:48 PM     0        72      2.00      0.00  ksoftirqd/9
08:29:48 PM     0        78      1.00      0.00  ksoftirqd/10
08:29:48 PM     0        84      3.00      0.00  ksoftirqd/11
08:29:48 PM     0        95      2.00      0.00  kcompactd0
08:29:48 PM     0       453      2.00      0.00  multipathd
08:29:48 PM     0     98256      1.00      0.00  kworker/u24:2-edac-poller
08:29:48 PM     0    112707      2.00      0.00  kworker/3:0-events
08:29:48 PM     0    118120      3.00      0.00  kworker/9:2-events
08:29:48 PM     0    123430      1.00      0.00  kworker/6:0-mm_percpu_wq
08:29:48 PM     0    129890      3.00      0.00  kworker/10:2-events
08:29:48 PM     0    140699      1.00      0.00  kworker/1:0-mm_percpu_wq
08:29:48 PM     0    143435      4.00      0.00  kworker/5:0-events
08:29:48 PM     0    146022      2.00      0.00  kworker/11:1-events
08:29:48 PM     0    151550      3.00      0.00  kworker/8:2-events
08:29:48 PM     0    152246      5.00      0.00  kworker/7:2-events
08:29:48 PM     0    154179      2.00      0.00  kworker/2:2-events
08:29:48 PM     0    155772      2.00      0.00  kworker/0:1-events
08:29:48 PM     0    156781      1.00      0.00  iostat
08:29:48 PM     0    156782      1.00      0.00  pidstat
08:29:48 PM     0    156783      5.00      0.00  bash
08:29:48 PM     0    156784      7.00      0.00  bash
08:29:48 PM     0    156785      4.00      0.00  bash
08:29:48 PM     0    156787     99.00      0.00  fio
08:29:48 PM     0    157360      1.00      0.00  kworker/4:2-mm_percpu_wq
08:29:48 PM     0    158675      1.00      1.00  sleep
08:29:48 PM     0    158686      1.00      0.00  sleep
08:29:48 PM     0    158687      1.00      0.00  sleep

08:29:48 PM   UID       PID   cswch/s nvcswch/s  Command
08:29:49 PM     0        16      5.00      0.00  ksoftirqd/0
08:29:49 PM     0        17     18.00      0.00  rcu_preempt
08:29:49 PM     0        24      4.00      0.00  ksoftirqd/1
08:29:49 PM     0        29      1.00      0.00  migration/2
08:29:49 PM     0        30      2.00      0.00  ksoftirqd/2
08:29:49 PM     0        35      1.00      0.00  migration/3
08:29:49 PM     0        36      3.00      0.00  ksoftirqd/3
08:29:49 PM     0        42      1.00      0.00  ksoftirqd/4
08:29:49 PM     0        48      3.00      0.00  ksoftirqd/5
08:29:49 PM     0        54      3.00      0.00  ksoftirqd/6
08:29:49 PM     0        60      3.00      0.00  ksoftirqd/7
08:29:49 PM     0        72      3.00      0.00  ksoftirqd/9
08:29:49 PM     0        78      3.00      0.00  ksoftirqd/10
08:29:49 PM     0        83      1.00      0.00  migration/11
08:29:49 PM     0        84      2.00      0.00  ksoftirqd/11
08:29:49 PM     0        95      2.00      0.00  kcompactd0
08:29:49 PM     0       188      1.00      0.00  kworker/2:1H-kblockd
08:29:49 PM     0       453      2.00      0.00  multipathd
08:29:49 PM     0     98256      5.00      0.00  kworker/u24:2-events_unbound
08:29:49 PM     0    112707      1.00      0.00  kworker/3:0-mm_percpu_wq
08:29:49 PM     0    118120      2.00      0.00  kworker/9:2-events
08:29:49 PM     0    123430      3.00      0.00  kworker/6:0-events
08:29:49 PM     0    129890      1.00      0.00  kworker/10:2-mm_percpu_wq
08:29:49 PM     0    140699      2.00      0.00  kworker/1:0-mm_percpu_wq
08:29:49 PM     0    143435      4.00      0.00  kworker/5:0-events
08:29:49 PM     0    146022      1.00      0.00  kworker/11:1-mm_percpu_wq
08:29:49 PM     0    151550      3.00      0.00  kworker/8:2-events
08:29:49 PM     0    152246      3.00      0.00  kworker/7:2-mm_percpu_wq
08:29:49 PM     0    154179      4.00      0.00  kworker/2:2-events
08:29:49 PM     0    155772      3.00      0.00  kworker/0:1-events
08:29:49 PM     0    156781      1.00      0.00  iostat
08:29:49 PM     0    156782      1.00      0.00  pidstat
08:29:49 PM     0    156783      5.00      0.00  bash
08:29:49 PM     0    156784      7.00      0.00  bash
08:29:49 PM     0    156785      4.00      0.00  bash
08:29:49 PM     0    156787    100.00      0.00  fio
08:29:49 PM     0    157360      6.00      0.00  kworker/4:2-events
08:29:49 PM     0    158690      1.00      0.00  sleep
08:29:49 PM     0    158700      1.00      0.00  sleep
08:29:49 PM     0    158702      1.00      1.00  sleep
