Linux 6.8.0-124-generic (cassandra-waf-rig) 	07/08/2026 	_x86_64_	(12 CPU)

10:48:59 PM   UID       PID   cswch/s nvcswch/s  Command
10:49:00 PM     0        17    199.00      0.00  rcu_preempt
10:49:00 PM     0        30      8.00      0.00  ksoftirqd/2
10:49:00 PM     0        72      1.00      0.00  ksoftirqd/9
10:49:00 PM     0        95      2.00      0.00  kcompactd0
10:49:00 PM     0       176      2.00      0.00  kworker/11:1H-kblockd
10:49:00 PM     0       359      3.00      0.00  jbd2/nvme1n1p2-8
10:49:00 PM     0       453      1.00      0.00  multipathd
10:49:00 PM     0    227297      2.00      0.00  kworker/10:2-mm_percpu_wq
10:49:00 PM     0    230290      3.00      0.00  kworker/7:0-mm_percpu_wq
10:49:00 PM     0    230364      5.00      0.00  kworker/u24:4-ext4-rsv-conversion
10:49:00 PM     0    230426      3.00      0.00  kworker/11:0-events
10:49:00 PM     0    230433      1.00      0.00  kworker/0:1-mm_percpu_wq
10:49:00 PM     0    230456      2.00      0.00  kworker/8:2-mm_percpu_wq
10:49:00 PM     0    230457      1.00      0.00  kworker/1:2-mm_percpu_wq
10:49:00 PM     0    230482      3.00      0.00  kworker/4:0-mm_percpu_wq
10:49:00 PM     0    230483      1.00      0.00  kworker/5:0-events
10:49:00 PM     0    230484      1.00      0.00  kworker/3:0-events
10:49:00 PM     0    231566      2.00      0.00  kworker/u24:3-ext4-rsv-conversion
10:49:00 PM     0    238283      2.00      0.00  kworker/2:1-mm_percpu_wq
10:49:00 PM     0    240331      3.00      0.00  kworker/9:2-events
10:49:00 PM     0    241362      1.00      0.00  iostat
10:49:00 PM     0    241363      1.00      0.00  pidstat
10:49:00 PM     0    241364      4.00      0.00  bash
10:49:00 PM     0    241365      4.00      0.00  bash
10:49:00 PM     0    241366      4.00      0.00  bash
10:49:00 PM     0    241368     18.00      1.00  java
10:49:00 PM     0    241401      1.00      0.00  sleep
10:49:00 PM     0    241402      1.00      0.00  sleep
10:49:00 PM     0    241416      4.00      0.00  java
10:49:00 PM     0    241429      1.00      0.00  sleep

10:49:00 PM   UID       PID   cswch/s nvcswch/s  Command
10:49:01 PM     0        17    179.00      0.00  rcu_preempt
10:49:01 PM     0        30     16.00      0.00  ksoftirqd/2
10:49:01 PM     0        35      1.00      0.00  migration/3
10:49:01 PM     0        48      1.00      0.00  ksoftirqd/5
10:49:01 PM     0        53      1.00      0.00  migration/6
10:49:01 PM     0        72      1.00      0.00  ksoftirqd/9
10:49:01 PM     0        78      1.00      0.00  ksoftirqd/10
10:49:01 PM     0        83      1.00      0.00  migration/11
10:49:01 PM     0        84      2.00      0.00  ksoftirqd/11
10:49:01 PM     0        95      2.00      0.00  kcompactd0
10:49:01 PM     0       453      1.00      0.00  multipathd
10:49:01 PM     0    227297      2.00      0.00  kworker/10:2-mm_percpu_wq
10:49:01 PM     0    230290      1.00      0.00  kworker/7:0-events
10:49:01 PM     0    230337      2.00      0.00  kworker/6:1-mm_percpu_wq
10:49:01 PM     0    230364      7.00      0.00  kworker/u24:4-writeback
10:49:01 PM     0    230426      3.00      0.00  kworker/11:0-mm_percpu_wq
10:49:01 PM     0    230433      1.00      0.00  kworker/0:1-events
10:49:01 PM     0    230457      2.00      0.00  kworker/1:2-mm_percpu_wq
10:49:01 PM     0    230482      1.00      0.00  kworker/4:0-mm_percpu_wq
10:49:01 PM     0    230483      3.00      0.00  kworker/5:0-mm_percpu_wq
10:49:01 PM     0    230484      1.00      0.00  kworker/3:0-mm_percpu_wq
10:49:01 PM     0    238283     10.00      0.00  kworker/2:1-events
10:49:01 PM     0    241362      1.00      0.00  iostat
10:49:01 PM     0    241363      1.00      0.00  pidstat
10:49:01 PM     0    241364      5.00      0.00  bash
10:49:01 PM     0    241365      8.00      0.00  bash
10:49:01 PM     0    241366      4.00      0.00  bash
10:49:01 PM     0    241447      1.00      0.00  sleep
10:49:01 PM     0    241448      1.00      0.00  sleep
10:49:01 PM     0    241487      2.00      0.00  java

10:49:01 PM   UID       PID   cswch/s nvcswch/s  Command
10:49:02 PM     0        16      1.00      0.00  ksoftirqd/0
10:49:02 PM     0        17    194.00      0.00  rcu_preempt
10:49:02 PM     0        30      7.00      0.00  ksoftirqd/2
10:49:02 PM     0        36      1.00      0.00  ksoftirqd/3
10:49:02 PM     0        48      1.00      0.00  ksoftirqd/5
10:49:02 PM     0        72      1.00      0.00  ksoftirqd/9
10:49:02 PM     0        78      1.00      0.00  ksoftirqd/10
10:49:02 PM     0        84      1.00      0.00  ksoftirqd/11
10:49:02 PM     0        95      2.00      0.00  kcompactd0
10:49:02 PM     0       172      1.00      0.00  kworker/3:1H-kblockd
10:49:02 PM     0       188      1.00      0.00  kworker/2:1H-kblockd
10:49:02 PM     0       193      2.00      0.00  kworker/9:1H-kblockd
10:49:02 PM     0       359      6.00      0.00  jbd2/nvme1n1p2-8
10:49:02 PM     0       415      4.00      0.00  systemd-journal
10:49:02 PM     0       453      1.00      0.00  multipathd
10:49:02 PM     0       562      3.00      0.00  jbd2/nvme1n1p3-8
10:49:02 PM     0       769     11.00      0.00  cron
10:49:02 PM     0    227297      2.00      0.00  kworker/10:2-mm_percpu_wq
10:49:02 PM     0    230290      3.00      0.00  kworker/7:0-mm_percpu_wq
10:49:02 PM     0    230337      3.00      0.00  kworker/6:1-mm_percpu_wq
10:49:02 PM     0    230364     13.00      0.00  kworker/u24:4-writeback
10:49:02 PM     0    230426      5.00      0.00  kworker/11:0-mm_percpu_wq
10:49:02 PM     0    230433      2.00      0.00  kworker/0:1-mm_percpu_wq
10:49:02 PM     0    230444      5.00      0.00  kworker/u24:0-ext4-rsv-conversion
10:49:02 PM     0    230456      2.00      0.00  kworker/8:2-mm_percpu_wq
10:49:02 PM     0    230457      1.00      0.00  kworker/1:2-mm_percpu_wq
10:49:02 PM     0    230482      4.00      0.00  kworker/4:0-events
10:49:02 PM     0    230483      2.00      0.00  kworker/5:0-mm_percpu_wq
10:49:02 PM     0    230484      3.00      0.00  kworker/3:0-mm_percpu_wq
10:49:02 PM     0    231566      2.00      0.00  kworker/u24:3-flush-259:1
10:49:02 PM     0    238099      8.00      0.00  kworker/u24:1-writeback
10:49:02 PM     0    238283      6.00      0.00  kworker/2:1-events
10:49:02 PM     0    240331      3.00      0.00  kworker/9:2-mm_percpu_wq
10:49:02 PM     0    241362      2.00      0.00  iostat
10:49:02 PM     0    241363      1.00      0.00  pidstat
10:49:02 PM     0    241364      5.00      0.00  bash
10:49:02 PM     0    241365      8.00      0.00  bash
10:49:02 PM     0    241366      4.00      0.00  bash
10:49:02 PM     0    241522      1.00      0.00  sleep
10:49:02 PM     0    241523      1.00      0.00  sleep

10:49:02 PM   UID       PID   cswch/s nvcswch/s  Command
10:49:03 PM     0        17     25.00      0.00  rcu_preempt
10:49:03 PM     0        18      1.00      0.00  migration/0
10:49:03 PM     0        23      1.00      0.00  migration/1
10:49:03 PM     0        29      1.00      0.00  migration/2
10:49:03 PM     0        35      1.00      0.00  migration/3
10:49:03 PM     0        36      1.00      0.00  ksoftirqd/3
10:49:03 PM     0        41      1.00      0.00  migration/4
10:49:03 PM     0        47      1.00      0.00  migration/5
10:49:03 PM     0        48      1.00      0.00  ksoftirqd/5
10:49:03 PM     0        53      1.00      0.00  migration/6
10:49:03 PM     0        59      1.00      0.00  migration/7
10:49:03 PM     0        60      1.00      0.00  ksoftirqd/7
10:49:03 PM     0        65      2.00      0.00  migration/8
10:49:03 PM     0        71      1.00      0.00  migration/9
10:49:03 PM     0        72      1.00      0.00  ksoftirqd/9
10:49:03 PM     0        77      2.00      0.00  migration/10
10:49:03 PM     0        83      1.00      0.00  migration/11
10:49:03 PM     0        95      2.00      0.00  kcompactd0
10:49:03 PM     0       453      1.00      0.00  multipathd
10:49:03 PM     0     21554      1.00      0.00  packagekitd
10:49:03 PM     0    227297      2.00      0.00  kworker/10:2-mm_percpu_wq
10:49:03 PM     0    230290      3.00      0.00  kworker/7:0-events
10:49:03 PM     0    230426      1.00      0.00  kworker/11:0-events
10:49:03 PM     0    230433      1.00      0.00  kworker/0:1-mm_percpu_wq
10:49:03 PM     0    230457      1.00      0.00  kworker/1:2-mm_percpu_wq
10:49:03 PM     0    230482      2.00      0.00  kworker/4:0-events
10:49:03 PM     0    230483      2.00      0.00  kworker/5:0-events
10:49:03 PM     0    230484      3.00      0.00  kworker/3:0-events
10:49:03 PM     0    238099      1.00      0.00  kworker/u24:1-edac-poller
10:49:03 PM     0    238283     14.00      0.00  kworker/2:1-events
10:49:03 PM     0    240331      1.00      0.00  kworker/9:2-mm_percpu_wq
10:49:03 PM     0    241362      1.00      0.00  iostat
10:49:03 PM     0    241363      2.00      0.00  pidstat
10:49:03 PM     0    241364      6.00      0.00  bash
10:49:03 PM     0    241365      8.00      0.00  bash
10:49:03 PM     0    241366      1.00      0.00  bash
10:49:03 PM     0    241533      2.00      0.00  sleep
10:49:03 PM     0    241544      1.00      0.00  sleep
10:49:03 PM     0    241545      1.00      0.00  sleep

10:49:03 PM   UID       PID   cswch/s nvcswch/s  Command
10:49:04 PM     0        17     20.00      0.00  rcu_preempt
10:49:04 PM     0        24      1.00      0.00  ksoftirqd/1
10:49:04 PM     0        29      1.00      0.00  migration/2
10:49:04 PM     0        48      2.00      0.00  ksoftirqd/5
10:49:04 PM     0        72      1.00      0.00  ksoftirqd/9
10:49:04 PM     0        95      2.00      0.00  kcompactd0
10:49:04 PM     0       172      1.00      0.00  kworker/3:1H-kblockd
10:49:04 PM     0       453      1.00      0.00  multipathd
10:49:04 PM     0    227297      2.00      0.00  kworker/10:2-mm_percpu_wq
10:49:04 PM     0    230290      2.00      0.00  kworker/7:0-events
10:49:04 PM     0    230337      2.00      0.00  kworker/6:1-events
10:49:04 PM     0    230364      2.00      0.00  kworker/u24:4-edac-poller
10:49:04 PM     0    230433      1.00      0.00  kworker/0:1-events
10:49:04 PM     0    230456      2.00      0.00  kworker/8:2-events
10:49:04 PM     0    230457      1.00      0.00  kworker/1:2-mm_percpu_wq
10:49:04 PM     0    230482      3.00      0.00  kworker/4:0-events
10:49:04 PM     0    230483      5.00      0.00  kworker/5:0-events
10:49:04 PM     0    238099      2.00      0.00  kworker/u24:1-events_power_efficient
10:49:04 PM     0    238283      4.00      0.00  kworker/2:1-events
10:49:04 PM     0    240331      1.00      0.00  kworker/9:2-events
10:49:04 PM     0    241362      1.00      0.00  iostat
10:49:04 PM     0    241363      1.00      0.00  pidstat
10:49:04 PM     0    241364      5.00      0.00  bash
10:49:04 PM     0    241365      7.00      0.00  bash
10:49:04 PM     0    241366      4.00      0.00  bash
10:49:04 PM     0    241548      1.00      0.00  sleep
10:49:04 PM     0    241559      1.00      0.00  sleep
10:49:04 PM     0    241560      1.00      0.00  sleep

10:49:04 PM   UID       PID   cswch/s nvcswch/s  Command
10:49:05 PM     0        17     21.00      0.00  rcu_preempt
10:49:05 PM     0        24      1.00      0.00  ksoftirqd/1
10:49:05 PM     0        29      1.00      0.00  migration/2
10:49:05 PM     0        72      1.00      0.00  ksoftirqd/9
10:49:05 PM     0        78      1.00      0.00  ksoftirqd/10
10:49:05 PM     0        95      2.00      0.00  kcompactd0
10:49:05 PM     0       453      1.00      0.00  multipathd
10:49:05 PM     0    227297      2.00      0.00  kworker/10:2-events
10:49:05 PM     0    230290      1.00      0.00  kworker/7:0-events
10:49:05 PM     0    230337      1.00      0.00  kworker/6:1-events
10:49:05 PM     0    230364      1.00      0.00  kworker/u24:4-edac-poller
10:49:05 PM     0    230426      2.00      0.00  kworker/11:0-events
10:49:05 PM     0    230433      2.00      0.00  kworker/0:1-mm_percpu_wq
10:49:05 PM     0    230457      3.00      0.00  kworker/1:2-events
10:49:05 PM     0    230482      2.00      0.00  kworker/4:0-events
10:49:05 PM     0    230484      1.00      0.00  kworker/3:0-mm_percpu_wq
10:49:05 PM     0    238283      5.00      0.00  kworker/2:1-events
10:49:05 PM     0    240331      3.00      0.00  kworker/9:2-events
10:49:05 PM     0    241362      1.00      0.00  iostat
10:49:05 PM     0    241363      1.00      0.00  pidstat
10:49:05 PM     0    241364      5.00      0.00  bash
10:49:05 PM     0    241365      7.00      0.00  bash
10:49:05 PM     0    241366      4.00      0.00  bash
10:49:05 PM     0    241563      1.00      0.00  sleep
10:49:05 PM     0    241574      1.00      0.00  sleep
10:49:05 PM     0    241575      1.00      0.00  sleep

10:49:05 PM   UID       PID   cswch/s nvcswch/s  Command
10:49:06 PM     0        17     23.00      0.00  rcu_preempt
10:49:06 PM     0        18      1.00      0.00  migration/0
10:49:06 PM     0        35      1.00      0.00  migration/3
10:49:06 PM     0        41      1.00      0.00  migration/4
10:49:06 PM     0        59      1.00      0.00  migration/7
10:49:06 PM     0        72      2.00      0.00  ksoftirqd/9
10:49:06 PM     0        78      1.00      0.00  ksoftirqd/10
10:49:06 PM     0        95      2.00      0.00  kcompactd0
10:49:06 PM     0       453      1.00      0.00  multipathd
10:49:06 PM     0    227297      4.00      0.00  kworker/10:2-mm_percpu_wq
10:49:06 PM     0    230290      1.00      0.00  kworker/7:0-mm_percpu_wq
10:49:06 PM     0    230337      3.00      0.00  kworker/6:1-events
10:49:06 PM     0    230364      1.00      0.00  kworker/u24:4-events_power_efficient
10:49:06 PM     0    230426      2.00      0.00  kworker/11:0-mm_percpu_wq
10:49:06 PM     0    230433      1.00      0.00  kworker/0:1-events
10:49:06 PM     0    230456      2.00      0.00  kworker/8:2-events
10:49:06 PM     0    230457      2.00      0.00  kworker/1:2-mm_percpu_wq
10:49:06 PM     0    230482      2.00      0.00  kworker/4:0-events
10:49:06 PM     0    230484      1.00      0.00  kworker/3:0-mm_percpu_wq
10:49:06 PM     0    238099      3.00      0.00  kworker/u24:1-edac-poller
10:49:06 PM     0    238283      8.00      0.00  kworker/2:1-events
10:49:06 PM     0    240331      5.00      0.00  kworker/9:2-events
10:49:06 PM     0    241362      1.00      0.00  iostat
10:49:06 PM     0    241363      1.00      0.00  pidstat
10:49:06 PM     0    241364      5.00      0.00  bash
10:49:06 PM     0    241365      7.00      0.00  bash
10:49:06 PM     0    241366      4.00      0.00  bash
10:49:06 PM     0    241578      1.00      0.00  sleep
10:49:06 PM     0    241589      1.00      0.00  sleep
10:49:06 PM     0    241590      1.00      0.00  sleep

10:49:06 PM   UID       PID   cswch/s nvcswch/s  Command
10:49:07 PM     0        16      2.00      0.00  ksoftirqd/0
10:49:07 PM     0        17     18.00      0.00  rcu_preempt
10:49:07 PM     0        18      1.00      0.00  migration/0
10:49:07 PM     0        23      1.00      0.00  migration/1
10:49:07 PM     0        29      2.00      0.00  migration/2
10:49:07 PM     0        35      1.00      0.00  migration/3
10:49:07 PM     0        41      1.00      0.00  migration/4
10:49:07 PM     0        47      1.00      0.00  migration/5
10:49:07 PM     0        53      1.00      0.00  migration/6
10:49:07 PM     0        59      1.00      0.00  migration/7
10:49:07 PM     0        65      1.00      0.00  migration/8
10:49:07 PM     0        71      1.00      0.00  migration/9
10:49:07 PM     0        72      1.00      0.00  ksoftirqd/9
10:49:07 PM     0        77      1.00      0.00  migration/10
10:49:07 PM     0        83      1.00      0.00  migration/11
10:49:07 PM     0        84      1.00      0.00  ksoftirqd/11
10:49:07 PM     0        95      2.00      0.00  kcompactd0
10:49:07 PM     0       453      1.00      0.00  multipathd
10:49:07 PM     0       562      3.00      0.00  jbd2/nvme1n1p3-8
10:49:07 PM     0    227297      2.00      0.00  kworker/10:2-mm_percpu_wq
10:49:07 PM     0    230290      1.00      0.00  kworker/7:0-events
10:49:07 PM     0    230426      1.00      0.00  kworker/11:0-mm_percpu_wq
10:49:07 PM     0    230433      3.00      0.00  kworker/0:1-mm_percpu_wq
10:49:07 PM     0    230456      1.00      0.00  kworker/8:2-events
10:49:07 PM     0    230457      1.00      0.00  kworker/1:2-events
10:49:07 PM     0    230482      2.00      0.00  kworker/4:0-mm_percpu_wq
10:49:07 PM     0    230484      2.00      0.00  kworker/3:0-events
10:49:07 PM     0    238099      1.00      0.00  kworker/u24:1-edac-poller
10:49:07 PM     0    238283     13.00      0.00  kworker/2:1-events
10:49:07 PM     0    240331      2.00      0.00  kworker/9:2-events
10:49:07 PM     0    241362      1.00      0.00  iostat
10:49:07 PM     0    241363      1.00      0.00  pidstat
10:49:07 PM     0    241364      5.00      0.00  bash
10:49:07 PM     0    241365      7.00      0.00  bash
10:49:07 PM     0    241366      4.00      0.00  bash
10:49:07 PM     0    241593      1.00      0.00  sleep
10:49:07 PM     0    241603      1.00      0.00  sleep
10:49:07 PM     0    241605      1.00      0.00  sleep

10:49:07 PM   UID       PID   cswch/s nvcswch/s  Command
10:49:08 PM     0        16      2.00      0.00  ksoftirqd/0
10:49:08 PM     0        17     20.00      0.00  rcu_preempt
10:49:08 PM     0        30      1.00      0.00  ksoftirqd/2
10:49:08 PM     0        36      2.00      0.00  ksoftirqd/3
10:49:08 PM     0        42      1.00      0.00  ksoftirqd/4
10:49:08 PM     0        77      1.00      0.00  migration/10
10:49:08 PM     0        95      2.00      0.00  kcompactd0
10:49:08 PM     0       172      1.00      0.00  kworker/3:1H-kblockd
10:49:08 PM     0       176      8.00      0.00  kworker/11:1H-kblockd
10:49:08 PM     0       187      5.00      0.00  kworker/0:1H-kblockd
10:49:08 PM     0       359      3.00      0.00  jbd2/nvme1n1p2-8
10:49:08 PM     0       453      1.00      0.00  multipathd
10:49:08 PM     0    227297      2.00      0.00  kworker/10:2-mm_percpu_wq
10:49:08 PM     0    230290      2.00      0.00  kworker/7:0-events
10:49:08 PM     0    230364      9.00      0.00  kworker/u24:4-ext4-rsv-conversion
10:49:08 PM     0    230433      4.00      0.00  kworker/0:1-events
10:49:08 PM     0    230444      3.00      0.00  kworker/u24:0-ext4-rsv-conversion
10:49:08 PM     0    230456      1.00      0.00  kworker/8:2-mm_percpu_wq
10:49:08 PM     0    230457      1.00      0.00  kworker/1:2-mm_percpu_wq
10:49:08 PM     0    230482      4.00      0.00  kworker/4:0-events
10:49:08 PM     0    230483      1.00      0.00  kworker/5:0-mm_percpu_wq
10:49:08 PM     0    230484      4.00      0.00  kworker/3:0-events
10:49:08 PM     0    231566      3.00      0.00  kworker/u24:3-ext4-rsv-conversion
10:49:08 PM     0    238099     11.00      0.00  kworker/u24:1-edac-poller
10:49:08 PM     0    238283     10.00      0.00  kworker/2:1-events
10:49:08 PM     0    240331      1.00      0.00  kworker/9:2-mm_percpu_wq
10:49:08 PM     0    241362      1.00      0.00  iostat
10:49:08 PM     0    241363      1.00      0.00  pidstat
10:49:08 PM     0    241364      5.00      0.00  bash
10:49:08 PM     0    241365      8.00      1.00  bash
10:49:08 PM     0    241366      4.00      0.00  bash
10:49:08 PM     0    241608      1.00      0.00  sleep
10:49:08 PM     0    241619      1.00      0.00  sleep
10:49:08 PM     0    241620      1.00      0.00  sleep

10:49:08 PM   UID       PID   cswch/s nvcswch/s  Command
10:49:09 PM     0        17     19.00      0.00  rcu_preempt
10:49:09 PM     0        36      1.00      0.00  ksoftirqd/3
10:49:09 PM     0        42      2.00      0.00  ksoftirqd/4
10:49:09 PM     0        60      1.00      0.00  ksoftirqd/7
10:49:09 PM     0        78      1.00      0.00  ksoftirqd/10
10:49:09 PM     0        95      2.00      0.00  kcompactd0
10:49:09 PM     0       188      1.00      0.00  kworker/2:1H-kblockd
10:49:09 PM     0       453      1.00      0.00  multipathd
10:49:09 PM     0    227297      2.00      0.00  kworker/10:2-mm_percpu_wq
10:49:09 PM     0    230290      3.00      0.00  kworker/7:0-mm_percpu_wq
10:49:09 PM     0    230337      2.00      0.00  kworker/6:1-events
10:49:09 PM     0    230364      1.00      0.00  kworker/u24:4-ext4-rsv-conversion
10:49:09 PM     0    230426      1.00      0.00  kworker/11:0-mm_percpu_wq
10:49:09 PM     0    230433      2.00      0.00  kworker/0:1-mm_percpu_wq
10:49:09 PM     0    230457      1.00      0.00  kworker/1:2-events
10:49:09 PM     0    230482      2.00      0.00  kworker/4:0-events
10:49:09 PM     0    230484      2.00      0.00  kworker/3:0-events
10:49:09 PM     0    238099      2.00      0.00  kworker/u24:1-events_power_efficient
10:49:09 PM     0    238283     13.00      0.00  kworker/2:1-events
10:49:09 PM     0    241362      1.00      0.00  iostat
10:49:09 PM     0    241363      1.00      0.00  pidstat
10:49:09 PM     0    241364      5.00      0.00  bash
10:49:09 PM     0    241365      6.00      0.00  bash
10:49:09 PM     0    241366      4.00      0.00  bash
10:49:09 PM     0    241623      1.00      0.00  sleep
10:49:09 PM     0    241633      1.00      0.00  sleep
10:49:09 PM     0    241635      1.00      0.00  sleep

10:49:09 PM   UID       PID   cswch/s nvcswch/s  Command
10:49:10 PM     0        17     18.00      0.00  rcu_preempt
10:49:10 PM     0        36      1.00      0.00  ksoftirqd/3
10:49:10 PM     0        54      1.00      0.00  ksoftirqd/6
10:49:10 PM     0        60      1.00      0.00  ksoftirqd/7
10:49:10 PM     0        72      1.00      0.00  ksoftirqd/9
10:49:10 PM     0        78      2.00      0.00  ksoftirqd/10
10:49:10 PM     0        95      2.00      0.00  kcompactd0
10:49:10 PM     0       453      1.00      0.00  multipathd
10:49:10 PM     0    227297      3.00      0.00  kworker/10:2-events
10:49:10 PM     0    230290      1.00      0.00  kworker/7:0-events
10:49:10 PM     0    230337      1.00      0.00  kworker/6:1-events
10:49:10 PM     0    230364      1.00      0.00  kworker/u24:4-events_unbound
10:49:10 PM     0    230426      1.00      0.00  kworker/11:0-mm_percpu_wq
10:49:10 PM     0    230433      2.00      0.00  kworker/0:1-events
10:49:10 PM     0    230456      1.00      0.00  kworker/8:2-mm_percpu_wq
10:49:10 PM     0    230457      1.00      0.00  kworker/1:2-mm_percpu_wq
10:49:10 PM     0    230482      2.00      0.00  kworker/4:0-events
10:49:10 PM     0    230483      2.00      0.00  kworker/5:0-mm_percpu_wq
10:49:10 PM     0    230484      6.00      0.00  kworker/3:0-events
10:49:10 PM     0    238099      1.00      0.00  kworker/u24:1-events_power_efficient
10:49:10 PM     0    238283     12.00      0.00  kworker/2:1-events
10:49:10 PM     0    240331      2.00      0.00  kworker/9:2-mm_percpu_wq
10:49:10 PM     0    241362      1.00      0.00  iostat
10:49:10 PM     0    241363      1.00      0.00  pidstat
10:49:10 PM     0    241364      5.00      0.00  bash
10:49:10 PM     0    241365      8.00      0.00  bash
10:49:10 PM     0    241366      4.00      0.00  bash
10:49:10 PM     0    241638      1.00      0.00  sleep
10:49:10 PM     0    241649      1.00      0.00  sleep
10:49:10 PM     0    241650      1.00      0.00  sleep

10:49:10 PM   UID       PID   cswch/s nvcswch/s  Command
10:49:11 PM     0        16      1.00      0.00  ksoftirqd/0
10:49:11 PM     0        17     24.00      0.00  rcu_preempt
10:49:11 PM     0        18      1.00      0.00  migration/0
10:49:11 PM     0        23      1.00      0.00  migration/1
10:49:11 PM     0        29      2.00      0.00  migration/2
10:49:11 PM     0        35      1.00      0.00  migration/3
10:49:11 PM     0        41      1.00      0.00  migration/4
10:49:11 PM     0        42      2.00      0.00  ksoftirqd/4
10:49:11 PM     0        47      1.00      0.00  migration/5
10:49:11 PM     0        53      1.00      0.00  migration/6
10:49:11 PM     0        59      1.00      0.00  migration/7
10:49:11 PM     0        60      1.00      0.00  ksoftirqd/7
10:49:11 PM     0        65      1.00      0.00  migration/8
10:49:11 PM     0        71      1.00      0.00  migration/9
10:49:11 PM     0        77      1.00      0.00  migration/10
10:49:11 PM     0        83      1.00      0.00  migration/11
10:49:11 PM     0        95      1.00      0.00  kcompactd0
10:49:11 PM     0       453      1.00      0.00  multipathd
10:49:11 PM     0    230290      3.00      0.00  kworker/7:0-events
10:49:11 PM     0    230337      2.00      0.00  kworker/6:1-events
10:49:11 PM     0    230364      1.00      0.00  kworker/u24:4-edac-poller
10:49:11 PM     0    230426      1.00      0.00  kworker/11:0-mm_percpu_wq
10:49:11 PM     0    230433      3.00      0.00  kworker/0:1-mm_percpu_wq
10:49:11 PM     0    230457      1.00      0.00  kworker/1:2-mm_percpu_wq
10:49:11 PM     0    230482      2.00      0.00  kworker/4:0-events
10:49:11 PM     0    230484      1.00      0.00  kworker/3:0-events
10:49:11 PM     0    238283     12.00      0.00  kworker/2:1-events
10:49:11 PM     0    240331      2.00      0.00  kworker/9:2-events
10:49:11 PM     0    241362      1.00      0.00  iostat
10:49:11 PM     0    241363      1.00      0.00  pidstat
10:49:11 PM     0    241364      5.00      0.00  bash
10:49:11 PM     0    241365      7.00      0.00  bash
10:49:11 PM     0    241366      4.00      0.00  bash
10:49:11 PM     0    241653      1.00      0.00  sleep
10:49:11 PM     0    241664      1.00      0.00  sleep
10:49:11 PM     0    241665      1.00      0.00  sleep

10:49:11 PM   UID       PID   cswch/s nvcswch/s  Command
10:49:12 PM     0        17     25.74      0.00  rcu_preempt
10:49:12 PM     0        23      0.99      0.00  migration/1
10:49:12 PM     0        29      0.99      0.00  migration/2
10:49:12 PM     0        36      0.99      0.00  ksoftirqd/3
10:49:12 PM     0        54      0.99      0.00  ksoftirqd/6
10:49:12 PM     0        60      0.99      0.00  ksoftirqd/7
10:49:12 PM     0        78      0.99      0.00  ksoftirqd/10
10:49:12 PM     0        95      1.98      0.00  kcompactd0
10:49:12 PM     0       189      0.99      0.00  kworker/4:1H-kblockd
10:49:12 PM     0       453      0.99      0.00  multipathd
10:49:12 PM     0       562      2.97      0.00  jbd2/nvme1n1p3-8
10:49:12 PM     0    227297      1.98      0.00  kworker/10:2-mm_percpu_wq
10:49:12 PM     0    230290      2.97      0.00  kworker/7:0-events
10:49:12 PM     0    230337      0.99      0.00  kworker/6:1-events
10:49:12 PM     0    230364      0.99      0.00  kworker/u24:4-events_unbound
10:49:12 PM     0    230426      1.98      0.00  kworker/11:0-events
10:49:12 PM     0    230433      1.98      0.00  kworker/0:1-events
10:49:12 PM     0    230456      0.99      0.00  kworker/8:2-mm_percpu_wq
10:49:12 PM     0    230457      0.99      0.00  kworker/1:2-mm_percpu_wq
10:49:12 PM     0    230482      2.97      0.00  kworker/4:0-events
10:49:12 PM     0    230484      1.98      0.00  kworker/3:0-events
10:49:12 PM     0    238099      0.99      0.00  kworker/u24:1-events_power_efficient
10:49:12 PM     0    238283      9.90      0.00  kworker/2:1-events
10:49:12 PM     0    240331      0.99      0.00  kworker/9:2-events
10:49:12 PM     0    241362      0.99      0.00  iostat
10:49:12 PM     0    241363      0.99      0.99  pidstat
10:49:12 PM     0    241364      4.95      0.00  bash
10:49:12 PM     0    241365      6.93      0.00  bash
10:49:12 PM     0    241366      3.96      0.00  bash
10:49:12 PM     0    241668      0.99      0.00  sleep
10:49:12 PM     0    241678      0.99      0.99  sleep
10:49:12 PM     0    241680      0.99      0.00  sleep

10:49:12 PM   UID       PID   cswch/s nvcswch/s  Command
10:49:13 PM     0        16      1.00      0.00  ksoftirqd/0
10:49:13 PM     0        17     16.00      0.00  rcu_preempt
10:49:13 PM     0        36      2.00      0.00  ksoftirqd/3
10:49:13 PM     0        41      1.00      0.00  migration/4
10:49:13 PM     0        78      1.00      0.00  ksoftirqd/10
10:49:13 PM     0        95      2.00      0.00  kcompactd0
10:49:13 PM     0       191      1.00      0.00  kworker/1:1H-kblockd
10:49:13 PM     0       359      3.00      0.00  jbd2/nvme1n1p2-8
10:49:13 PM     0       453      1.00      0.00  multipathd
10:49:13 PM     0     21554      1.00      0.00  packagekitd
10:49:13 PM     0    227297      1.00      0.00  kworker/10:2-events
10:49:13 PM     0    230290      2.00      0.00  kworker/7:0-events
10:49:13 PM     0    230337      1.00      0.00  kworker/6:1-mm_percpu_wq
10:49:13 PM     0    230364      5.00      0.00  kworker/u24:4-edac-poller
10:49:13 PM     0    230426      1.00      0.00  kworker/11:0-events
10:49:13 PM     0    230457      2.00      0.00  kworker/1:2-events
10:49:13 PM     0    230483      1.00      0.00  kworker/5:0-mm_percpu_wq
10:49:13 PM     0    230484      2.00      0.00  kworker/3:0-events
10:49:13 PM     0    238099      1.00      0.00  kworker/u24:1-flush-259:1
10:49:13 PM     0    238283     14.00      0.00  kworker/2:1-events
10:49:13 PM     0    240331      2.00      0.00  kworker/9:2-events
10:49:13 PM     0    241362      1.00      0.00  iostat
10:49:13 PM     0    241363      1.00      0.00  pidstat
10:49:13 PM     0    241364      5.00      0.00  bash
10:49:13 PM     0    241365      7.00      0.00  bash
10:49:13 PM     0    241366      4.00      0.00  bash
10:49:13 PM     0    241683      1.00      0.00  sleep
10:49:13 PM     0    241694      1.00      0.00  sleep
10:49:13 PM     0    241695      1.00      0.00  sleep

10:49:13 PM   UID       PID   cswch/s nvcswch/s  Command
10:49:14 PM     0        17     18.00      0.00  rcu_preempt
10:49:14 PM     0        36      1.00      0.00  ksoftirqd/3
10:49:14 PM     0        54      1.00      0.00  ksoftirqd/6
10:49:14 PM     0        71      1.00      0.00  migration/9
10:49:14 PM     0        78      1.00      0.00  ksoftirqd/10
10:49:14 PM     0        84      1.00      0.00  ksoftirqd/11
10:49:14 PM     0        95      2.00      0.00  kcompactd0
10:49:14 PM     0       453      1.00      0.00  multipathd
10:49:14 PM     0    227297      1.00      0.00  kworker/10:2-events
10:49:14 PM     0    230290      3.00      0.00  kworker/7:0-mm_percpu_wq
10:49:14 PM     0    230337      1.00      0.00  kworker/6:1-events
10:49:14 PM     0    230364      1.00      0.00  kworker/u24:4-events_unbound
10:49:14 PM     0    230426      3.00      0.00  kworker/11:0-events
10:49:14 PM     0    230433      1.00      0.00  kworker/0:1-mm_percpu_wq
10:49:14 PM     0    230456      1.00      0.00  kworker/8:2-mm_percpu_wq
10:49:14 PM     0    230457      2.00      0.00  kworker/1:2-mm_percpu_wq
10:49:14 PM     0    230482      3.00      0.00  kworker/4:0-events
10:49:14 PM     0    230484      3.00      0.00  kworker/3:0-events
10:49:14 PM     0    238099      1.00      0.00  kworker/u24:1-flush-259:1
10:49:14 PM     0    238283     10.00      0.00  kworker/2:1-events
10:49:14 PM     0    240331      2.00      0.00  kworker/9:2-mm_percpu_wq
10:49:14 PM     0    241362      1.00      0.00  iostat
10:49:14 PM     0    241363      1.00      0.00  pidstat
10:49:14 PM     0    241364      5.00      0.00  bash
10:49:14 PM     0    241365      8.00      0.00  bash
10:49:14 PM     0    241366      4.00      0.00  bash
10:49:14 PM     0    241698      1.00      0.00  sleep
10:49:14 PM     0    241709      1.00      0.00  sleep
10:49:14 PM     0    241710      1.00      0.00  sleep

10:49:14 PM   UID       PID   cswch/s nvcswch/s  Command
10:49:15 PM     0         2      1.00      0.00  kthreadd
10:49:15 PM     0        16      1.00      0.00  ksoftirqd/0
10:49:15 PM     0        17     30.00      0.00  rcu_preempt
10:49:15 PM     0        18      1.00      0.00  migration/0
10:49:15 PM     0        23      1.00      0.00  migration/1
10:49:15 PM     0        29      2.00      0.00  migration/2
10:49:15 PM     0        35      1.00      0.00  migration/3
10:49:15 PM     0        41      1.00      0.00  migration/4
10:49:15 PM     0        47      1.00      0.00  migration/5
10:49:15 PM     0        53      1.00      0.00  migration/6
10:49:15 PM     0        54      1.00      0.00  ksoftirqd/6
10:49:15 PM     0        59      1.00      0.00  migration/7
10:49:15 PM     0        65      1.00      0.00  migration/8
10:49:15 PM     0        71      1.00      0.00  migration/9
10:49:15 PM     0        72      1.00      0.00  ksoftirqd/9
10:49:15 PM     0        77      1.00      0.00  migration/10
10:49:15 PM     0        83      1.00      0.00  migration/11
10:49:15 PM     0        90      1.00      0.00  khungtaskd
10:49:15 PM     0        95      2.00      0.00  kcompactd0
10:49:15 PM     0       102      1.00      0.00  irq/9-acpi
10:49:15 PM     0       188      1.00      0.00  kworker/2:1H-kblockd
10:49:15 PM     0       453      1.00      0.00  multipathd
10:49:15 PM     0    227297      5.00      0.00  kworker/10:2-mm_percpu_wq
10:49:15 PM     0    230249      2.00      0.00  kworker/3:2-i915-unordered
10:49:15 PM     0    230290      2.00      0.00  kworker/7:0-events
10:49:15 PM     0    230337      2.00      0.00  kworker/6:1-events
10:49:15 PM     0    230364      1.00      0.00  kworker/u24:4-events_power_efficient
10:49:15 PM     0    230426      2.00      0.00  kworker/11:0-events
10:49:15 PM     0    230433      3.00      0.00  kworker/0:1-events
10:49:15 PM     0    230457      3.00      0.00  kworker/1:2-mm_percpu_wq
10:49:15 PM     0    230482      1.00      0.00  kworker/4:0-mm_percpu_wq
10:49:15 PM     0    230483      1.00      0.00  kworker/5:0-mm_percpu_wq
10:49:15 PM     0    230484      7.00      0.00  kworker/3:0-pm
10:49:15 PM     0    238099      2.00      0.00  kworker/u24:1-edac-poller
10:49:15 PM     0    238283     10.00      0.00  kworker/2:1-events
10:49:15 PM     0    240331      1.00      0.00  kworker/9:2-events
10:49:15 PM     0    241362      1.00      0.00  iostat
10:49:15 PM     0    241363      1.00      0.00  pidstat
10:49:15 PM     0    241364      5.00      0.00  bash
10:49:15 PM     0    241365      6.00      0.00  bash
10:49:15 PM     0    241366      4.00      0.00  bash
10:49:15 PM     0    241713      1.00      0.00  sleep
10:49:15 PM     0    241714      2.00      0.00  kworker/3:1
10:49:15 PM     0    241724      1.00      0.00  sleep
10:49:15 PM     0    241726      1.00      0.00  sleep

10:49:15 PM   UID       PID   cswch/s nvcswch/s  Command
10:49:16 PM     0        17     19.00      0.00  rcu_preempt
10:49:16 PM     0        24      1.00      0.00  ksoftirqd/1
10:49:16 PM     0        36      1.00      0.00  ksoftirqd/3
10:49:16 PM     0        54      1.00      0.00  ksoftirqd/6
10:49:16 PM     0        72      1.00      0.00  ksoftirqd/9
10:49:16 PM     0        78      1.00      0.00  ksoftirqd/10
10:49:16 PM     0        84      1.00      0.00  ksoftirqd/11
10:49:16 PM     0        95      2.00      0.00  kcompactd0
10:49:16 PM     0       453      1.00      0.00  multipathd
10:49:16 PM     0    227297      1.00      0.00  kworker/10:2-events
10:49:16 PM     0    230337      1.00      0.00  kworker/6:1-events
10:49:16 PM     0    230426      2.00      0.00  kworker/11:0-events
10:49:16 PM     0    230433      3.00      0.00  kworker/0:1-mm_percpu_wq
10:49:16 PM     0    230456      1.00      0.00  kworker/8:2-mm_percpu_wq
10:49:16 PM     0    230457      1.00      0.00  kworker/1:2-mm_percpu_wq
10:49:16 PM     0    230482      2.00      0.00  kworker/4:0-mm_percpu_wq
10:49:16 PM     0    230484      2.00      0.00  kworker/3:0-events
10:49:16 PM     0    238099      2.00      0.00  kworker/u24:1-events_unbound
10:49:16 PM     0    238283      1.00      0.00  kworker/2:1-mm_percpu_wq
10:49:16 PM     0    240331      2.00      0.00  kworker/9:2-events
10:49:16 PM     0    241362      1.00      0.00  iostat
10:49:16 PM     0    241363      1.00      1.00  pidstat
10:49:16 PM     0    241364      5.00      0.00  bash
10:49:16 PM     0    241365      7.00      0.00  bash
10:49:16 PM     0    241366      4.00      0.00  bash
10:49:16 PM     0    241729      1.00      0.00  sleep
10:49:16 PM     0    241739      1.00      0.00  sleep
10:49:16 PM     0    241741      1.00      0.00  sleep

10:49:16 PM   UID       PID   cswch/s nvcswch/s  Command
10:49:17 PM     0        17     31.00      0.00  rcu_preempt
10:49:17 PM     0        36      2.00      0.00  ksoftirqd/3
10:49:17 PM     0        42      1.00      0.00  ksoftirqd/4
10:49:17 PM     0        71      1.00      0.00  migration/9
10:49:17 PM     0        95      2.00      0.00  kcompactd0
10:49:17 PM     0       453      1.00      0.00  multipathd
10:49:17 PM     0       562      3.00      0.00  jbd2/nvme1n1p3-8
10:49:17 PM     0    227297      3.00      0.00  kworker/10:2-events
10:49:17 PM     0    230290      2.00      0.00  kworker/7:0-events
10:49:17 PM     0    230337      3.00      0.00  kworker/6:1-events
10:49:17 PM     0    230426      1.00      0.00  kworker/11:0-events
10:49:17 PM     0    230433      1.00      0.00  kworker/0:1-events
10:49:17 PM     0    230457      1.00      0.00  kworker/1:2-events
10:49:17 PM     0    230482      2.00      0.00  kworker/4:0-events
10:49:17 PM     0    230483      2.00      0.00  kworker/5:0-events
10:49:17 PM     0    230484      2.00      0.00  kworker/3:0-events
10:49:17 PM     0    238283      5.00      0.00  kworker/2:1-events
10:49:17 PM     0    240331      3.00      0.00  kworker/9:2-events
10:49:17 PM     0    241362      1.00      0.00  iostat
10:49:17 PM     0    241363      1.00      0.00  pidstat
10:49:17 PM     0    241364      5.00      0.00  bash
10:49:17 PM     0    241365      8.00      1.00  bash
10:49:17 PM     0    241366      4.00      0.00  bash
10:49:17 PM     0    241744      1.00      0.00  sleep
10:49:17 PM     0    241754      1.00      0.00  sleep
10:49:17 PM     0    241756      1.00      0.00  sleep

10:49:17 PM   UID       PID   cswch/s nvcswch/s  Command
10:49:18 PM     0        17     19.00      0.00  rcu_preempt
10:49:18 PM     0        36      1.00      0.00  ksoftirqd/3
10:49:18 PM     0        42      1.00      0.00  ksoftirqd/4
10:49:18 PM     0        72      1.00      0.00  ksoftirqd/9
10:49:18 PM     0        84      2.00      0.00  ksoftirqd/11
10:49:18 PM     0        95      2.00      0.00  kcompactd0
10:49:18 PM     0       176      1.00      0.00  kworker/11:1H-kblockd
10:49:18 PM     0       359      3.00      0.00  jbd2/nvme1n1p2-8
10:49:18 PM     0       453      1.00      0.00  multipathd
10:49:18 PM     0    227297      3.00      0.00  kworker/10:2-mm_percpu_wq
10:49:18 PM     0    230337      1.00      0.00  kworker/6:1-events
10:49:18 PM     0    230364      1.00      0.00  kworker/u24:4-flush-259:1
10:49:18 PM     0    230426      3.00      0.00  kworker/11:0-mm_percpu_wq
10:49:18 PM     0    230433      2.00      0.00  kworker/0:1-events
10:49:18 PM     0    230456      1.00      0.00  kworker/8:2-mm_percpu_wq
10:49:18 PM     0    230457      1.00      0.00  kworker/1:2-mm_percpu_wq
10:49:18 PM     0    230482      4.00      0.00  kworker/4:0-mm_percpu_wq
10:49:18 PM     0    230484      4.00      0.00  kworker/3:0-mm_percpu_wq
10:49:18 PM     0    238099      5.00      0.00  kworker/u24:1-writeback
10:49:18 PM     0    238283      4.00      0.00  kworker/2:1-mm_percpu_wq
10:49:18 PM     0    240331      3.00      0.00  kworker/9:2-events
10:49:18 PM     0    241362      1.00      0.00  iostat
10:49:18 PM     0    241363      1.00      1.00  pidstat
10:49:18 PM     0    241364      5.00      0.00  bash
10:49:18 PM     0    241365      7.00      0.00  bash
10:49:18 PM     0    241366      4.00      0.00  bash
10:49:18 PM     0    241759      1.00      0.00  sleep
10:49:18 PM     0    241769      1.00      0.00  sleep
10:49:18 PM     0    241771      1.00      0.00  sleep

10:49:18 PM   UID       PID   cswch/s nvcswch/s  Command
10:49:19 PM     0        16      1.00      0.00  ksoftirqd/0
10:49:19 PM     0        17     21.00      0.00  rcu_preempt
10:49:19 PM     0        18      1.00      0.00  migration/0
10:49:19 PM     0        23      1.00      0.00  migration/1
10:49:19 PM     0        29      1.00      0.00  migration/2
10:49:19 PM     0        35      1.00      0.00  migration/3
10:49:19 PM     0        41      1.00      0.00  migration/4
10:49:19 PM     0        47      1.00      0.00  migration/5
10:49:19 PM     0        53      1.00      0.00  migration/6
10:49:19 PM     0        59      1.00      0.00  migration/7
10:49:19 PM     0        65      1.00      0.00  migration/8
10:49:19 PM     0        71      1.00      0.00  migration/9
10:49:19 PM     0        72      2.00      0.00  ksoftirqd/9
10:49:19 PM     0        77      1.00      0.00  migration/10
10:49:19 PM     0        83      1.00      0.00  migration/11
10:49:19 PM     0        84      2.00      0.00  ksoftirqd/11
10:49:19 PM     0        95      2.00      0.00  kcompactd0
10:49:19 PM     0       189      1.00      0.00  kworker/4:1H-kblockd
10:49:19 PM     0       453      1.00      0.00  multipathd
10:49:19 PM     0    227297      2.00      0.00  kworker/10:2-events
10:49:19 PM     0    230290      2.00      0.00  kworker/7:0-events
10:49:19 PM     0    230337      2.00      0.00  kworker/6:1-events
10:49:19 PM     0    230364      1.00      0.00  kworker/u24:4-flush-259:1
10:49:19 PM     0    230426      2.00      0.00  kworker/11:0-events
10:49:19 PM     0    230433      1.00      0.00  kworker/0:1-events
10:49:19 PM     0    230456      1.00      0.00  kworker/8:2-mm_percpu_wq
10:49:19 PM     0    230457      1.00      0.00  kworker/1:2-events
10:49:19 PM     0    230483      1.00      0.00  kworker/5:0-mm_percpu_wq
10:49:19 PM     0    230484      1.00      0.00  kworker/3:0-events
10:49:19 PM     0    238099      1.00      0.00  kworker/u24:1-events_unbound
10:49:19 PM     0    238283      5.00      0.00  kworker/2:1-events
10:49:19 PM     0    240331      5.00      0.00  kworker/9:2-events
10:49:19 PM     0    241362      1.00      0.00  iostat
10:49:19 PM     0    241363      1.00      0.00  pidstat
10:49:19 PM     0    241364      5.00      0.00  bash
10:49:19 PM     0    241365      8.00      0.00  bash
10:49:19 PM     0    241366      4.00      0.00  bash
10:49:19 PM     0    241774      1.00      0.00  sleep
10:49:19 PM     0    241785      1.00      0.00  sleep
10:49:19 PM     0    241786      1.00      0.00  sleep

10:49:19 PM   UID       PID   cswch/s nvcswch/s  Command
10:49:20 PM     0        16      2.00      0.00  ksoftirqd/0
10:49:20 PM     0        17     17.00      0.00  rcu_preempt
10:49:20 PM     0        36      1.00      0.00  ksoftirqd/3
10:49:20 PM     0        42      2.00      0.00  ksoftirqd/4
10:49:20 PM     0        72      2.00      0.00  ksoftirqd/9
10:49:20 PM     0        78      1.00      0.00  ksoftirqd/10
10:49:20 PM     0        95      2.00      0.00  kcompactd0
10:49:20 PM     0       453      1.00      0.00  multipathd
10:49:20 PM     0    227297      1.00      0.00  kworker/10:2-events
10:49:20 PM     0    230290      2.00      0.00  kworker/7:0-mm_percpu_wq
10:49:20 PM     0    230337      1.00      0.00  kworker/6:1-events
10:49:20 PM     0    230364      1.00      0.00  kworker/u24:4-flush-259:1
10:49:20 PM     0    230426      1.00      0.00  kworker/11:0-events
10:49:20 PM     0    230433      2.00      0.00  kworker/0:1-mm_percpu_wq
10:49:20 PM     0    230456      1.00      0.00  kworker/8:2-mm_percpu_wq
10:49:20 PM     0    230482      5.00      0.00  kworker/4:0-mm_percpu_wq
10:49:20 PM     0    230483      2.00      0.00  kworker/5:0-mm_percpu_wq
10:49:20 PM     0    230484      1.00      0.00  kworker/3:0-events
10:49:20 PM     0    238099      2.00      0.00  kworker/u24:1-events_power_efficient
10:49:20 PM     0    238283      1.00      0.00  kworker/2:1-mm_percpu_wq
10:49:20 PM     0    240331      3.00      0.00  kworker/9:2-mm_percpu_wq
10:49:20 PM     0    241362      1.00      0.00  iostat
10:49:20 PM     0    241363      1.00      1.00  pidstat
10:49:20 PM     0    241364      5.00      0.00  bash
10:49:20 PM     0    241365      8.00      0.00  bash
10:49:20 PM     0    241366      4.00      0.00  bash
10:49:20 PM     0    241789      1.00      0.00  sleep
10:49:20 PM     0    241800      1.00      0.00  sleep
10:49:20 PM     0    241801      1.00      0.00  sleep

10:49:20 PM   UID       PID   cswch/s nvcswch/s  Command
10:49:21 PM     0        16      1.00      0.00  ksoftirqd/0
10:49:21 PM     0        17     18.00      0.00  rcu_preempt
10:49:21 PM     0        36      2.00      0.00  ksoftirqd/3
10:49:21 PM     0        42      1.00      0.00  ksoftirqd/4
10:49:21 PM     0        78      1.00      0.00  ksoftirqd/10
10:49:21 PM     0        84      1.00      0.00  ksoftirqd/11
10:49:21 PM     0        95      2.00      0.00  kcompactd0
10:49:21 PM     0       188      1.00      0.00  kworker/2:1H-kblockd
10:49:21 PM     0       453      1.00      0.00  multipathd
10:49:21 PM     0    227297      3.00      0.00  kworker/10:2-events
10:49:21 PM     0    230290      1.00      0.00  kworker/7:0-events
10:49:21 PM     0    230337      2.00      0.00  kworker/6:1-events
10:49:21 PM     0    230364      2.00      0.00  kworker/u24:4-events_power_efficient
10:49:21 PM     0    230426      3.00      0.00  kworker/11:0-events
10:49:21 PM     0    230457      3.00      0.00  kworker/1:2-events
10:49:21 PM     0    230482      3.00      0.00  kworker/4:0-events
10:49:21 PM     0    230484      4.00      0.00  kworker/3:0-events
10:49:21 PM     0    238099      2.00      0.00  kworker/u24:1-events_power_efficient
10:49:21 PM     0    238283      5.00      0.00  kworker/2:1-events
10:49:21 PM     0    240331      1.00      0.00  kworker/9:2-events
10:49:21 PM     0    241362      1.00      0.00  iostat
10:49:21 PM     0    241363      1.00      0.00  pidstat
10:49:21 PM     0    241364      5.00      0.00  bash
10:49:21 PM     0    241365      8.00      0.00  bash
10:49:21 PM     0    241366      4.00      0.00  bash
10:49:21 PM     0    241804      1.00      0.00  sleep
10:49:21 PM     0    241815      1.00      0.00  sleep
10:49:21 PM     0    241816      1.00      0.00  sleep

10:49:21 PM   UID       PID   cswch/s nvcswch/s  Command
10:49:22 PM     0        17     20.00      0.00  rcu_preempt
10:49:22 PM     0        36      1.00      0.00  ksoftirqd/3
10:49:22 PM     0        60      1.00      0.00  ksoftirqd/7
10:49:22 PM     0        84      2.00      0.00  ksoftirqd/11
10:49:22 PM     0        95      2.00      0.00  kcompactd0
10:49:22 PM     0       453      1.00      0.00  multipathd
10:49:22 PM     0       562      3.00      0.00  jbd2/nvme1n1p3-8
10:49:22 PM     0    227297      1.00      0.00  kworker/10:2-mm_percpu_wq
10:49:22 PM     0    230337      1.00      0.00  kworker/6:1-events
10:49:22 PM     0    230426      2.00      0.00  kworker/11:0-mm_percpu_wq
10:49:22 PM     0    230433      3.00      0.00  kworker/0:1-events
10:49:22 PM     0    230482      4.00      0.00  kworker/4:0-mm_percpu_wq
10:49:22 PM     0    230483      1.00      0.00  kworker/5:0-events
10:49:22 PM     0    230484      4.00      0.00  kworker/3:0-events
10:49:22 PM     0    238099      1.00      0.00  kworker/u24:1-edac-poller
10:49:22 PM     0    238283      2.00      0.00  kworker/2:1-mm_percpu_wq
10:49:22 PM     0    240331      1.00      0.00  kworker/9:2-events
10:49:22 PM     0    241362      1.00      0.00  iostat
10:49:22 PM     0    241363      1.00      1.00  pidstat
10:49:22 PM     0    241364      5.00      0.00  bash
10:49:22 PM     0    241365      7.00      0.00  bash
10:49:22 PM     0    241366      4.00      0.00  bash
10:49:22 PM     0    241819      1.00      0.00  sleep
10:49:22 PM     0    241830      1.00      0.00  sleep
10:49:22 PM     0    241831      1.00      0.00  sleep

10:49:22 PM   UID       PID   cswch/s nvcswch/s  Command
10:49:23 PM     0        16      1.00      0.00  ksoftirqd/0
10:49:23 PM     0        17     22.00      0.00  rcu_preempt
10:49:23 PM     0        18      1.00      0.00  migration/0
10:49:23 PM     0        23      1.00      0.00  migration/1
10:49:23 PM     0        24      1.00      0.00  ksoftirqd/1
10:49:23 PM     0        29      1.00      0.00  migration/2
10:49:23 PM     0        35      1.00      0.00  migration/3
10:49:23 PM     0        41      1.00      0.00  migration/4
10:49:23 PM     0        42      2.00      0.00  ksoftirqd/4
10:49:23 PM     0        47      1.00      0.00  migration/5
10:49:23 PM     0        53      1.00      0.00  migration/6
10:49:23 PM     0        59      1.00      0.00  migration/7
10:49:23 PM     0        65      1.00      0.00  migration/8
10:49:23 PM     0        71      2.00      0.00  migration/9
10:49:23 PM     0        77      1.00      0.00  migration/10
10:49:23 PM     0        83      1.00      0.00  migration/11
10:49:23 PM     0        84      1.00      0.00  ksoftirqd/11
10:49:23 PM     0        95      2.00      0.00  kcompactd0
10:49:23 PM     0       176      1.00      0.00  kworker/11:1H-kblockd
10:49:23 PM     0       359      3.00      0.00  jbd2/nvme1n1p2-8
10:49:23 PM     0       453      1.00      0.00  multipathd
10:49:23 PM     0     21554      1.00      0.00  packagekitd
10:49:23 PM     0    227297      2.00      0.00  kworker/10:2-events
10:49:23 PM     0    230290      3.00      0.00  kworker/7:0-events
10:49:23 PM     0    230337      1.00      0.00  kworker/6:1-mm_percpu_wq
10:49:23 PM     0    230364      2.00      0.00  kworker/u24:4-ext4-rsv-conversion
10:49:23 PM     0    230426      3.00      0.00  kworker/11:0-events
10:49:23 PM     0    230433      1.00      0.00  kworker/0:1-events
10:49:23 PM     0    230456      1.00      0.00  kworker/8:2-mm_percpu_wq
10:49:23 PM     0    230457      2.00      0.00  kworker/1:2-events
10:49:23 PM     0    230482      2.00      0.00  kworker/4:0-events
10:49:23 PM     0    230484      3.00      0.00  kworker/3:0-events
10:49:23 PM     0    238099      6.00      0.00  kworker/u24:1-writeback
10:49:23 PM     0    238283      5.00      0.00  kworker/2:1-events
10:49:23 PM     0    240331      2.00      0.00  kworker/9:2-events
10:49:23 PM     0    241362      1.00      0.00  iostat
10:49:23 PM     0    241363      1.00      0.00  pidstat
10:49:23 PM     0    241364      5.00      0.00  bash
10:49:23 PM     0    241365      7.00      0.00  bash
10:49:23 PM     0    241366      4.00      0.00  bash
10:49:23 PM     0    241834      1.00      0.00  sleep
10:49:23 PM     0    241845      1.00      0.00  sleep
10:49:23 PM     0    241846      1.00      0.00  sleep

10:49:23 PM   UID       PID   cswch/s nvcswch/s  Command
10:49:24 PM     0        17     18.00      0.00  rcu_preempt
10:49:24 PM     0        42      1.00      0.00  ksoftirqd/4
10:49:24 PM     0        60      1.00      0.00  ksoftirqd/7
10:49:24 PM     0        95      2.00      0.00  kcompactd0
10:49:24 PM     0       453      1.00      0.00  multipathd
10:49:24 PM     0    227297      1.00      0.00  kworker/10:2-events
10:49:24 PM     0    230290      1.00      0.00  kworker/7:0-mm_percpu_wq
10:49:24 PM     0    230426      2.00      0.00  kworker/11:0-events
10:49:24 PM     0    230433      2.00      0.00  kworker/0:1-mm_percpu_wq
10:49:24 PM     0    230482      4.00      0.00  kworker/4:0-mm_percpu_wq
10:49:24 PM     0    230483      2.00      0.00  kworker/5:0-events
10:49:24 PM     0    230484      2.00      0.00  kworker/3:0-events
10:49:24 PM     0    238099      1.00      0.00  kworker/u24:1-edac-poller
10:49:24 PM     0    238283      2.00      0.00  kworker/2:1-mm_percpu_wq
10:49:24 PM     0    241362      1.00      0.00  iostat
10:49:24 PM     0    241363      1.00      1.00  pidstat
10:49:24 PM     0    241364      5.00      0.00  bash
10:49:24 PM     0    241365      8.00      0.00  bash
10:49:24 PM     0    241366      4.00      0.00  bash
10:49:24 PM     0    241849      1.00      0.00  sleep
10:49:24 PM     0    241860      1.00      0.00  sleep
10:49:24 PM     0    241861      1.00      0.00  sleep

10:49:24 PM   UID       PID   cswch/s nvcswch/s  Command
10:49:25 PM     0        16      1.00      0.00  ksoftirqd/0
10:49:25 PM     0        17     25.00      0.00  rcu_preempt
10:49:25 PM     0        24      1.00      0.00  ksoftirqd/1
10:49:25 PM     0        36      2.00      0.00  ksoftirqd/3
10:49:25 PM     0        48      1.00      0.00  ksoftirqd/5
10:49:25 PM     0        60      1.00      0.00  ksoftirqd/7
10:49:25 PM     0        84      1.00      0.00  ksoftirqd/11
10:49:25 PM     0        95      2.00      0.00  kcompactd0
10:49:25 PM     0       102      1.00      0.00  irq/9-acpi
10:49:25 PM     0       453      1.00      0.00  multipathd
10:49:25 PM     0    227297      1.00      0.00  kworker/10:2-mm_percpu_wq
10:49:25 PM     0    230290      2.00      0.00  kworker/7:0-events
10:49:25 PM     0    230337      1.00      0.00  kworker/6:1-mm_percpu_wq
10:49:25 PM     0    230364      1.00      0.00  kworker/u24:4-ext4-rsv-conversion
10:49:25 PM     0    230426      3.00      0.00  kworker/11:0-events
10:49:25 PM     0    230433      2.00      0.00  kworker/0:1-kacpi_notify
10:49:25 PM     0    230456      1.00      0.00  kworker/8:2-mm_percpu_wq
10:49:25 PM     0    230457      2.00      0.00  kworker/1:2-events
10:49:25 PM     0    230482      2.00      0.00  kworker/4:0-events
10:49:25 PM     0    230483      1.00      0.00  kworker/5:0-mm_percpu_wq
10:49:25 PM     0    230484   1143.00      0.00  kworker/3:0-events
10:49:25 PM     0    238099      2.00      0.00  kworker/u24:1-events_unbound
10:49:25 PM     0    238283      6.00      0.00  kworker/2:1-events
10:49:25 PM     0    240331      3.00      0.00  kworker/9:2-events
10:49:25 PM     0    241362      1.00      0.00  iostat
10:49:25 PM     0    241363      1.00      0.00  pidstat
10:49:25 PM     0    241364      5.00      0.00  bash
10:49:25 PM     0    241365      8.00      0.00  bash
10:49:25 PM     0    241366      4.00      0.00  bash
10:49:25 PM     0    241714    686.00      0.00  kworker/3:1+i915-unordered
10:49:25 PM     0    241864      1.00      0.00  sleep
10:49:25 PM     0    241875      1.00      0.00  sleep
10:49:25 PM     0    241876      1.00      0.00  sleep

10:49:25 PM   UID       PID   cswch/s nvcswch/s  Command
10:49:26 PM     0        17     17.00      0.00  rcu_preempt
10:49:26 PM     0        36      2.00      0.00  ksoftirqd/3
10:49:26 PM     0        48      1.00      0.00  ksoftirqd/5
10:49:26 PM     0        60      2.00      0.00  ksoftirqd/7
10:49:26 PM     0        78      1.00      0.00  ksoftirqd/10
10:49:26 PM     0        84      1.00      0.00  ksoftirqd/11
10:49:26 PM     0        95      2.00      0.00  kcompactd0
10:49:26 PM     0       453      1.00      0.00  multipathd
10:49:26 PM     0    227297      2.00      0.00  kworker/10:2-mm_percpu_wq
10:49:26 PM     0    230290      3.00      0.00  kworker/7:0-mm_percpu_wq
10:49:26 PM     0    230426      1.00      0.00  kworker/11:0-events
10:49:26 PM     0    230433      2.00      0.00  kworker/0:1-events
10:49:26 PM     0    230482      2.00      0.00  kworker/4:0-mm_percpu_wq
10:49:26 PM     0    230483      2.00      0.00  kworker/5:0-mm_percpu_wq
10:49:26 PM     0    230484      1.00      0.00  kworker/3:0-events
10:49:26 PM     0    238099      2.00      0.00  kworker/u24:1-events_unbound
10:49:26 PM     0    238283      2.00      0.00  kworker/2:1-mm_percpu_wq
10:49:26 PM     0    240331      1.00      0.00  kworker/9:2-events
10:49:26 PM     0    241362      1.00      0.00  iostat
10:49:26 PM     0    241363      1.00      0.00  pidstat
10:49:26 PM     0    241364      5.00      0.00  bash
10:49:26 PM     0    241365      7.00      0.00  bash
10:49:26 PM     0    241366      4.00      0.00  bash
10:49:26 PM     0    241714    449.00      0.00  kworker/3:1-events
10:49:26 PM     0    241879      1.00      0.00  sleep
10:49:26 PM     0    241889      1.00      0.00  sleep
10:49:26 PM     0    241891      1.00      0.00  sleep

10:49:26 PM   UID       PID   cswch/s nvcswch/s  Command
10:49:27 PM     0        16      2.00      0.00  ksoftirqd/0
10:49:27 PM     0        17     17.00      0.00  rcu_preempt
10:49:27 PM     0        18      1.00      0.00  migration/0
10:49:27 PM     0        23      1.00      0.00  migration/1
10:49:27 PM     0        29      1.00      0.00  migration/2
10:49:27 PM     0        35      1.00      0.00  migration/3
10:49:27 PM     0        36      3.00      1.00  ksoftirqd/3
10:49:27 PM     0        41      1.00      0.00  migration/4
10:49:27 PM     0        47      1.00      0.00  migration/5
10:49:27 PM     0        53      1.00      0.00  migration/6
10:49:27 PM     0        59      1.00      0.00  migration/7
10:49:27 PM     0        65      1.00      0.00  migration/8
10:49:27 PM     0        71      1.00      0.00  migration/9
10:49:27 PM     0        77      1.00      0.00  migration/10
10:49:27 PM     0        83      1.00      0.00  migration/11
10:49:27 PM     0        84      1.00      0.00  ksoftirqd/11
10:49:27 PM     0        95      2.00      0.00  kcompactd0
10:49:27 PM     0       453      1.00      0.00  multipathd
10:49:27 PM     0    230290      2.00      0.00  kworker/7:0-events
10:49:27 PM     0    230426      3.00      0.00  kworker/11:0-mm_percpu_wq
10:49:27 PM     0    230433      2.00      0.00  kworker/0:1-mm_percpu_wq
10:49:27 PM     0    230456      1.00      0.00  kworker/8:2-mm_percpu_wq
10:49:27 PM     0    230457      2.00      0.00  kworker/1:2-events
10:49:27 PM     0    230482      2.00      0.00  kworker/4:0-events
10:49:27 PM     0    230483      1.00      0.00  kworker/5:0-events
10:49:27 PM     0    238099      1.00      0.00  kworker/u24:1-edac-poller
10:49:27 PM     0    238283      5.00      0.00  kworker/2:1-events
10:49:27 PM     0    240331      2.00      0.00  kworker/9:2-events
10:49:27 PM     0    241362      1.00      0.00  iostat
10:49:27 PM     0    241363      1.00      1.00  pidstat
10:49:27 PM     0    241364      5.00      0.00  bash
10:49:27 PM     0    241365      8.00      0.00  bash
10:49:27 PM     0    241366      4.00      0.00  bash
10:49:27 PM     0    241714      5.00      0.00  kworker/3:1-events
10:49:27 PM     0    241894      1.00      0.00  sleep
10:49:27 PM     0    241904      1.00      0.00  sleep
10:49:27 PM     0    241906      1.00      0.00  sleep

10:49:27 PM   UID       PID   cswch/s nvcswch/s  Command
10:49:28 PM     0        16      1.00      0.00  ksoftirqd/0
10:49:28 PM     0        17     22.00      0.00  rcu_preempt
10:49:28 PM     0        48      1.00      0.00  ksoftirqd/5
10:49:28 PM     0        72      1.00      0.00  ksoftirqd/9
10:49:28 PM     0        84      2.00      0.00  ksoftirqd/11
10:49:28 PM     0        95      2.00      0.00  kcompactd0
10:49:28 PM     0       176      1.00      0.00  kworker/11:1H-kblockd
10:49:28 PM     0       359      3.00      0.00  jbd2/nvme1n1p2-8
10:49:28 PM     0       453      1.00      0.00  multipathd
10:49:28 PM     0       562      3.00      0.00  jbd2/nvme1n1p3-8
10:49:28 PM     0    227297      1.00      0.00  kworker/10:2-events
10:49:28 PM     0    230337      1.00      0.00  kworker/6:1-mm_percpu_wq
10:49:28 PM     0    230364      2.00      0.00  kworker/u24:4-ext4-rsv-conversion
10:49:28 PM     0    230426      2.00      0.00  kworker/11:0-events
10:49:28 PM     0    230433      4.00      0.00  kworker/0:1-events
10:49:28 PM     0    230457      1.00      0.00  kworker/1:2-events
10:49:28 PM     0    230482      4.00      0.00  kworker/4:0-events
10:49:28 PM     0    230483      2.00      0.00  kworker/5:0-events
10:49:28 PM     0    238099      5.00      0.00  kworker/u24:1-writeback
10:49:28 PM     0    238283      1.00      0.00  kworker/2:1-mm_percpu_wq
10:49:28 PM     0    240331      3.00      0.00  kworker/9:2-events
10:49:28 PM     0    241362      1.00      0.00  iostat
10:49:28 PM     0    241363      1.00      0.00  pidstat
10:49:28 PM     0    241364      5.00      0.00  bash
10:49:28 PM     0    241365      8.00      0.00  bash
10:49:28 PM     0    241366      4.00      0.00  bash
10:49:28 PM     0    241714      1.00      0.00  kworker/3:1-events
10:49:28 PM     0    241909      1.00      0.00  sleep
10:49:28 PM     0    241920      1.00      0.00  sleep
10:49:28 PM     0    241921      1.00      0.00  sleep

10:49:28 PM   UID       PID   cswch/s nvcswch/s  Command
10:49:29 PM     0        17     19.00      0.00  rcu_preempt
10:49:29 PM     0        42      1.00      0.00  ksoftirqd/4
10:49:29 PM     0        48      2.00      0.00  ksoftirqd/5
10:49:29 PM     0        95      2.00      0.00  kcompactd0
10:49:29 PM     0       189      1.00      0.00  kworker/4:1H-kblockd
10:49:29 PM     0       453      1.00      0.00  multipathd
10:49:29 PM     0    227297      3.00      0.00  kworker/10:2-mm_percpu_wq
10:49:29 PM     0    230290      4.00      0.00  kworker/7:0-mm_percpu_wq
10:49:29 PM     0    230426      1.00      0.00  kworker/11:0-events
10:49:29 PM     0    230433      2.00      0.00  kworker/0:1-events
10:49:29 PM     0    230456      1.00      0.00  kworker/8:2-mm_percpu_wq
10:49:29 PM     0    230457      2.00      0.00  kworker/1:2-events
10:49:29 PM     0    230482      1.00      0.00  kworker/4:0-events
10:49:29 PM     0    230483      3.00      0.00  kworker/5:0-events
10:49:29 PM     0    238099      1.00      0.00  kworker/u24:1-edac-poller
10:49:29 PM     0    238283      5.00      0.00  kworker/2:1-events
10:49:29 PM     0    240331      2.00      0.00  kworker/9:2-events
10:49:29 PM     0    241362      1.00      0.00  iostat
10:49:29 PM     0    241363      1.00      0.00  pidstat
10:49:29 PM     0    241364      5.00      0.00  bash
10:49:29 PM     0    241365      8.00      0.00  bash
10:49:29 PM     0    241366      4.00      0.00  bash
10:49:29 PM     0    241714      3.00      0.00  kworker/3:1-events
10:49:29 PM     0    241924      1.00      0.00  sleep
10:49:29 PM     0    241935      1.00      0.00  sleep
10:49:29 PM     0    241936      1.00      0.00  sleep

10:49:29 PM   UID       PID   cswch/s nvcswch/s  Command
10:49:30 PM     0        17     20.00      0.00  rcu_preempt
10:49:30 PM     0        42      2.00      0.00  ksoftirqd/4
10:49:30 PM     0        48      1.00      0.00  ksoftirqd/5
10:49:30 PM     0        60      1.00      0.00  ksoftirqd/7
10:49:30 PM     0        78      1.00      0.00  ksoftirqd/10
10:49:30 PM     0        84      1.00      0.00  ksoftirqd/11
10:49:30 PM     0        95      2.00      0.00  kcompactd0
10:49:30 PM     0       453      1.00      0.00  multipathd
10:49:30 PM     0    227297      1.00      0.00  kworker/10:2-events
10:49:30 PM     0    230290      2.00      0.00  kworker/7:0-events
10:49:30 PM     0    230337      1.00      0.00  kworker/6:1-mm_percpu_wq
10:49:30 PM     0    230364      1.00      0.00  kworker/u24:4-ext4-rsv-conversion
10:49:30 PM     0    230426      3.00      0.00  kworker/11:0-mm_percpu_wq
10:49:30 PM     0    230433      2.00      0.00  kworker/0:1-mm_percpu_wq
10:49:30 PM     0    230457      1.00      0.00  kworker/1:2-mm_percpu_wq
10:49:30 PM     0    230482      5.00      0.00  kworker/4:0-events
10:49:30 PM     0    230483      1.00      0.00  kworker/5:0-events
10:49:30 PM     0    238099      1.00      0.00  kworker/u24:1-events_unbound
10:49:30 PM     0    238283      3.00      0.00  kworker/2:1-mm_percpu_wq
10:49:30 PM     0    240331      2.00      0.00  kworker/9:2-events
10:49:30 PM     0    241362      1.00      0.00  iostat
10:49:30 PM     0    241363      1.00      0.00  pidstat
10:49:30 PM     0    241364      5.00      0.00  bash
10:49:30 PM     0    241365      8.00      0.00  bash
10:49:30 PM     0    241366      4.00      0.00  bash
10:49:30 PM     0    241714      1.00      0.00  kworker/3:1-events
10:49:30 PM     0    241939      1.00      0.00  sleep
10:49:30 PM     0    241949      1.00      0.00  sleep
10:49:30 PM     0    241951      1.00      0.00  sleep

10:49:30 PM   UID       PID   cswch/s nvcswch/s  Command
10:49:31 PM     0        17     22.00      0.00  rcu_preempt
10:49:31 PM     0        18      1.00      0.00  migration/0
10:49:31 PM     0        23      1.00      0.00  migration/1
10:49:31 PM     0        29      1.00      0.00  migration/2
10:49:31 PM     0        35      1.00      0.00  migration/3
10:49:31 PM     0        41      1.00      0.00  migration/4
10:49:31 PM     0        42      1.00      0.00  ksoftirqd/4
10:49:31 PM     0        47      1.00      0.00  migration/5
10:49:31 PM     0        53      1.00      0.00  migration/6
10:49:31 PM     0        59      1.00      0.00  migration/7
10:49:31 PM     0        65      1.00      0.00  migration/8
10:49:31 PM     0        71      1.00      0.00  migration/9
10:49:31 PM     0        77      1.00      0.00  migration/10
10:49:31 PM     0        78      1.00      0.00  ksoftirqd/10
10:49:31 PM     0        83      1.00      0.00  migration/11
10:49:31 PM     0        84      2.00      1.00  ksoftirqd/11
10:49:31 PM     0        95      2.00      0.00  kcompactd0
10:49:31 PM     0       453      1.00      0.00  multipathd
10:49:31 PM     0    227297      3.00      0.00  kworker/10:2-events
10:49:31 PM     0    230290      2.00      0.00  kworker/7:0-events
10:49:31 PM     0    230364      1.00      0.00  kworker/u24:4-ext4-rsv-conversion
10:49:31 PM     0    230426      3.00      0.00  kworker/11:0-events
10:49:31 PM     0    230433      2.00      0.00  kworker/0:1-events
10:49:31 PM     0    230456      1.00      0.00  kworker/8:2-mm_percpu_wq
10:49:31 PM     0    230457      2.00      0.00  kworker/1:2-mm_percpu_wq
10:49:31 PM     0    230482      2.00      0.00  kworker/4:0-events
10:49:31 PM     0    230483      2.00      0.00  kworker/5:0-events
10:49:31 PM     0    238099      1.00      0.00  kworker/u24:1-events_power_efficient
10:49:31 PM     0    238283      5.00      0.00  kworker/2:1-events
10:49:31 PM     0    240331      2.00      0.00  kworker/9:2-events
10:49:31 PM     0    241362      1.00      0.00  iostat
10:49:31 PM     0    241363      1.00      0.00  pidstat
10:49:31 PM     0    241364      5.00      0.00  bash
10:49:31 PM     0    241365      8.00      0.00  bash
10:49:31 PM     0    241366      4.00      0.00  bash
10:49:31 PM     0    241714      3.00      0.00  kworker/3:1-events
10:49:31 PM     0    241954      1.00      0.00  sleep
10:49:31 PM     0    241965      1.00      0.00  sleep
10:49:31 PM     0    241966      1.00      0.00  sleep

10:49:31 PM   UID       PID   cswch/s nvcswch/s  Command
10:49:32 PM     0         1      1.00      0.00  systemd
10:49:32 PM     0        17     24.00      0.00  rcu_preempt
10:49:32 PM     0        23      1.00      0.00  migration/1
10:49:32 PM     0        41      1.00      0.00  migration/4
10:49:32 PM     0        42      1.00      0.00  ksoftirqd/4
10:49:32 PM     0        71      1.00      0.00  migration/9
10:49:32 PM     0        83      1.00      0.00  migration/11
10:49:32 PM     0        84      1.00      0.00  ksoftirqd/11
10:49:32 PM     0        95      2.00      0.00  kcompactd0
10:49:32 PM     0       453      1.00      0.00  multipathd
10:49:32 PM   101       608      1.00      0.00  systemd-network
10:49:32 PM     0    227297      2.00      0.00  kworker/10:2-mm_percpu_wq
10:49:32 PM     0    230337      1.00      0.00  kworker/6:1-mm_percpu_wq
10:49:32 PM     0    230364      1.00      0.00  kworker/u24:4-events_unbound
10:49:32 PM     0    230426      1.00      0.00  kworker/11:0-events
10:49:32 PM     0    230433      2.00      0.00  kworker/0:1-mm_percpu_wq
10:49:32 PM     0    230482      4.00      0.00  kworker/4:0-events
10:49:32 PM     0    230483      2.00      0.00  kworker/5:0-events
10:49:32 PM     0    238099      1.00      0.00  kworker/u24:1-events_power_efficient
10:49:32 PM     0    238283      1.00      0.00  kworker/2:1-mm_percpu_wq
10:49:32 PM     0    240331      1.00      0.00  kworker/9:2-events
10:49:32 PM     0    241362      1.00      0.00  iostat
10:49:32 PM     0    241363      1.00      0.00  pidstat
10:49:32 PM     0    241364      5.00      0.00  bash
10:49:32 PM     0    241365      8.00      0.00  bash
10:49:32 PM     0    241366      4.00      0.00  bash
10:49:32 PM     0    241714      1.00      0.00  kworker/3:1-events
10:49:32 PM     0    241969      1.00      0.00  sleep
10:49:32 PM     0    241980      1.00      0.00  sleep
10:49:32 PM     0    241981      1.00      0.00  sleep

10:49:32 PM   UID       PID   cswch/s nvcswch/s  Command
10:49:33 PM     0        16      1.00      0.00  ksoftirqd/0
10:49:33 PM     0        17     22.00      0.00  rcu_preempt
10:49:33 PM     0        24      1.00      0.00  ksoftirqd/1
10:49:33 PM     0        72      2.00      0.00  ksoftirqd/9
10:49:33 PM     0        78      1.00      0.00  ksoftirqd/10
10:49:33 PM     0        95      2.00      0.00  kcompactd0
10:49:33 PM     0       176      2.00      0.00  kworker/11:1H-kblockd
10:49:33 PM     0       359      3.00      0.00  jbd2/nvme1n1p2-8
10:49:33 PM     0       453      1.00      0.00  multipathd
10:49:33 PM     0       562      3.00      0.00  jbd2/nvme1n1p3-8
10:49:33 PM     0     21554      1.00      0.00  packagekitd
10:49:33 PM     0    230290      3.00      0.00  kworker/7:0-events
10:49:33 PM     0    230364      4.00      0.00  kworker/u24:4-ext4-rsv-conversion
10:49:33 PM     0    230426      2.00      0.00  kworker/11:0-mm_percpu_wq
10:49:33 PM     0    230433      3.00      0.00  kworker/0:1-events
10:49:33 PM     0    230456      2.00      0.00  kworker/8:2-mm_percpu_wq
10:49:33 PM     0    230457      3.00      0.00  kworker/1:2-events
10:49:33 PM     0    230482      2.00      0.00  kworker/4:0-events
10:49:33 PM     0    230483      1.00      0.00  kworker/5:0-mm_percpu_wq
10:49:33 PM     0    238099      4.00      0.00  kworker/u24:1-writeback
10:49:33 PM     0    238283      5.00      0.00  kworker/2:1-events
10:49:33 PM     0    240331      3.00      0.00  kworker/9:2-events
10:49:33 PM     0    241362      1.00      0.00  iostat
10:49:33 PM     0    241363      1.00      0.00  pidstat
10:49:33 PM     0    241364      5.00      0.00  bash
10:49:33 PM     0    241365      8.00      0.00  bash
10:49:33 PM     0    241366      4.00      0.00  bash
10:49:33 PM     0    241714      3.00      0.00  kworker/3:1-events
10:49:33 PM     0    241984      1.00      0.00  sleep
10:49:33 PM     0    241995      1.00      0.00  sleep
10:49:33 PM     0    241996      1.00      0.00  sleep

10:49:33 PM   UID       PID   cswch/s nvcswch/s  Command
10:49:34 PM     0        17     22.00      0.00  rcu_preempt
10:49:34 PM     0        41      1.00      0.00  migration/4
10:49:34 PM     0        42      2.00      0.00  ksoftirqd/4
10:49:34 PM     0        72      1.00      0.00  ksoftirqd/9
10:49:34 PM     0        84      1.00      0.00  ksoftirqd/11
10:49:34 PM     0        95      2.00      0.00  kcompactd0
10:49:34 PM     0       453      1.00      0.00  multipathd
10:49:34 PM     0    227297      1.00      0.00  kworker/10:2-events
10:49:34 PM     0    230290      1.00      0.00  kworker/7:0-events
10:49:34 PM     0    230337      1.00      0.00  kworker/6:1-mm_percpu_wq
10:49:34 PM     0    230364      1.00      0.00  kworker/u24:4-events_unbound
10:49:34 PM     0    230426      1.00      0.00  kworker/11:0-events
10:49:34 PM     0    230433      2.00      0.00  kworker/0:1-mm_percpu_wq
10:49:34 PM     0    230457      1.00      0.00  kworker/1:2-events
10:49:34 PM     0    230482      4.00      0.00  kworker/4:0-events
10:49:34 PM     0    230483      3.00      0.00  kworker/5:0-mm_percpu_wq
10:49:34 PM     0    238099      1.00      0.00  kworker/u24:1-writeback
10:49:34 PM     0    238283      3.00      0.00  kworker/2:1-mm_percpu_wq
10:49:34 PM     0    240331      3.00      0.00  kworker/9:2-events
10:49:34 PM     0    241362      1.00      0.00  iostat
10:49:34 PM     0    241363      1.00      0.00  pidstat
10:49:34 PM     0    241364      5.00      0.00  bash
10:49:34 PM     0    241365      8.00      0.00  bash
10:49:34 PM     0    241366      4.00      0.00  bash
10:49:34 PM     0    241714      1.00      0.00  kworker/3:1-events
10:49:34 PM     0    241999      1.00      0.00  sleep
10:49:34 PM     0    242010      1.00      0.00  sleep
10:49:34 PM     0    242011      1.00      0.00  sleep

10:49:34 PM   UID       PID   cswch/s nvcswch/s  Command
10:49:35 PM     0        17     24.00      0.00  rcu_preempt
10:49:35 PM     0        18      1.00      0.00  migration/0
10:49:35 PM     0        23      1.00      0.00  migration/1
10:49:35 PM     0        29      1.00      0.00  migration/2
10:49:35 PM     0        35      1.00      0.00  migration/3
10:49:35 PM     0        41      1.00      0.00  migration/4
10:49:35 PM     0        42      1.00      0.00  ksoftirqd/4
10:49:35 PM     0        47      1.00      0.00  migration/5
10:49:35 PM     0        53      1.00      0.00  migration/6
10:49:35 PM     0        59      1.00      0.00  migration/7
10:49:35 PM     0        60      1.00      0.00  ksoftirqd/7
10:49:35 PM     0        65      1.00      0.00  migration/8
10:49:35 PM     0        71      1.00      0.00  migration/9
10:49:35 PM     0        72      2.00      0.00  ksoftirqd/9
10:49:35 PM     0        77      1.00      0.00  migration/10
10:49:35 PM     0        78      1.00      0.00  ksoftirqd/10
10:49:35 PM     0        83      1.00      0.00  migration/11
10:49:35 PM     0        95      2.00      0.00  kcompactd0
10:49:35 PM     0       453      1.00      0.00  multipathd
10:49:35 PM     0    227297      2.00      0.00  kworker/10:2-mm_percpu_wq
10:49:35 PM     0    230290      5.00      0.00  kworker/7:0-mm_percpu_wq
10:49:35 PM     0    230364      1.00      0.00  kworker/u24:4-edac-poller
10:49:35 PM     0    230426      1.00      0.00  kworker/11:0-events
10:49:35 PM     0    230433      2.00      0.00  kworker/0:1-mm_percpu_wq
10:49:35 PM     0    230457      2.00      0.00  kworker/1:2-events
10:49:35 PM     0    230482      3.00      0.00  kworker/4:0-events
10:49:35 PM     0    230483      1.00      0.00  kworker/5:0-mm_percpu_wq
10:49:35 PM     0    238283      6.00      0.00  kworker/2:1-events
10:49:35 PM     0    240331      4.00      0.00  kworker/9:2-events
10:49:35 PM     0    241362      1.00      0.00  iostat
10:49:35 PM     0    241363      1.00      0.00  pidstat
10:49:35 PM     0    241364      5.00      0.00  bash
10:49:35 PM     0    241365      8.00      0.00  bash
10:49:35 PM     0    241366      4.00      1.00  bash
10:49:35 PM     0    242014      1.00      0.00  sleep
10:49:35 PM     0    242025      1.00      0.00  sleep
10:49:35 PM     0    242026      1.00      0.00  sleep

10:49:35 PM   UID       PID   cswch/s nvcswch/s  Command
10:49:36 PM     0        17     22.00      0.00  rcu_preempt
10:49:36 PM     0        42      2.00      0.00  ksoftirqd/4
10:49:36 PM     0        48      2.00      1.00  ksoftirqd/5
10:49:36 PM     0        95      2.00      0.00  kcompactd0
10:49:36 PM     0       188      1.00      0.00  kworker/2:1H-kblockd
10:49:36 PM     0       453      1.00      0.00  multipathd
10:49:36 PM     0    227297      1.00      0.00  kworker/10:2-events
10:49:36 PM     0    230290      1.00      0.00  kworker/7:0-events
10:49:36 PM     0    230337      1.00      0.00  kworker/6:1-mm_percpu_wq
10:49:36 PM     0    230364      1.00      0.00  kworker/u24:4-events_unbound
10:49:36 PM     0    230433      2.00      0.00  kworker/0:1-events
10:49:36 PM     0    230456      2.00      0.00  kworker/8:2-mm_percpu_wq
10:49:36 PM     0    230482      5.00      0.00  kworker/4:0-events
10:49:36 PM     0    230483      2.00      0.00  kworker/5:0-events
10:49:36 PM     0    238099      1.00      0.00  kworker/u24:1-writeback
10:49:36 PM     0    238283      1.00      0.00  kworker/2:1-mm_percpu_wq
10:49:36 PM     0    240331      3.00      0.00  kworker/9:2-events
10:49:36 PM     0    241362      1.00      0.00  iostat
10:49:36 PM     0    241363      1.00      0.00  pidstat
10:49:36 PM     0    241364      5.00      0.00  bash
10:49:36 PM     0    241365      8.00      0.00  bash
10:49:36 PM     0    241366      4.00      0.00  bash
10:49:36 PM     0    241714      2.00      0.00  kworker/3:1-mm_percpu_wq
10:49:36 PM     0    242029      1.00      0.00  sleep
10:49:36 PM     0    242040      1.00      0.00  sleep
10:49:36 PM     0    242041      1.00      0.00  sleep

10:49:36 PM   UID       PID   cswch/s nvcswch/s  Command
10:49:37 PM     0        17     23.00      0.00  rcu_preempt
10:49:37 PM     0        48      2.00      1.00  ksoftirqd/5
10:49:37 PM     0        78      1.00      0.00  ksoftirqd/10
10:49:37 PM     0        95      2.00      0.00  kcompactd0
10:49:37 PM     0       453      1.00      0.00  multipathd
10:49:37 PM     0    227297      2.00      0.00  kworker/10:2-events
10:49:37 PM     0    230290      2.00      0.00  kworker/7:0-events
10:49:37 PM     0    230364      3.00      0.00  kworker/u24:4-edac-poller
10:49:37 PM     0    230426      1.00      0.00  kworker/11:0-mm_percpu_wq
10:49:37 PM     0    230433      2.00      0.00  kworker/0:1-mm_percpu_wq
10:49:37 PM     0    230457      2.00      0.00  kworker/1:2-events
10:49:37 PM     0    230482      3.00      0.00  kworker/4:0-events
10:49:37 PM     0    230483      2.00      0.00  kworker/5:0-events
10:49:37 PM     0    238099      2.00      0.00  kworker/u24:1-events_power_efficient
10:49:37 PM     0    238283      6.00      0.00  kworker/2:1-events
10:49:37 PM     0    240331      2.00      0.00  kworker/9:2-events
10:49:37 PM     0    241362      1.00      0.00  iostat
10:49:37 PM     0    241363      1.00      0.00  pidstat
10:49:37 PM     0    241364      5.00      0.00  bash
10:49:37 PM     0    241365      8.00      0.00  bash
10:49:37 PM     0    241366      4.00      0.00  bash
10:49:37 PM     0    242044      1.00      0.00  sleep
10:49:37 PM     0    242055      1.00      0.00  sleep
10:49:37 PM     0    242056      1.00      0.00  sleep

10:49:37 PM   UID       PID   cswch/s nvcswch/s  Command
10:49:38 PM     0         1      1.00      0.00  systemd
10:49:38 PM     0        17     20.00      0.00  rcu_preempt
10:49:38 PM     0        24      1.00      0.00  ksoftirqd/1
10:49:38 PM     0        42      1.00      0.00  ksoftirqd/4
10:49:38 PM     0        48      1.00      0.00  ksoftirqd/5
10:49:38 PM     0        60      1.00      0.00  ksoftirqd/7
10:49:38 PM     0        78      1.00      0.00  ksoftirqd/10
10:49:38 PM     0        95      2.00      0.00  kcompactd0
10:49:38 PM     0       102      1.00      0.00  irq/9-acpi
10:49:38 PM     0       191      1.00      0.00  kworker/1:1H-kblockd
10:49:38 PM     0       359      3.00      0.00  jbd2/nvme1n1p2-8
10:49:38 PM     0       453      1.00      0.00  multipathd
10:49:38 PM     0       463      1.00      0.00  systemd-udevd
10:49:38 PM     0       562      3.00      0.00  jbd2/nvme1n1p3-8
10:49:38 PM   104       622      1.00      0.00  systemd-timesyn
10:49:38 PM     0    227297      4.00      0.00  kworker/10:2-mm_percpu_wq
10:49:38 PM     0    230290      3.00      0.00  kworker/7:0-mm_percpu_wq
10:49:38 PM     0    230337      1.00      0.00  kworker/6:1-mm_percpu_wq
10:49:38 PM     0    230364      3.00      0.00  kworker/u24:4-ext4-rsv-conversion
10:49:38 PM     0    230426      7.00      0.00  kworker/11:0-pm
10:49:38 PM     0    230433      3.00      0.00  kworker/0:1-events
10:49:38 PM     0    230456      1.00      0.00  kworker/8:2-mm_percpu_wq
10:49:38 PM     0    230457      3.00      0.00  kworker/1:2-mm_percpu_wq
10:49:38 PM     0    230482      5.00      0.00  kworker/4:0-mm_percpu_wq
10:49:38 PM     0    230483      3.00      0.00  kworker/5:0-events
10:49:38 PM     0    230559      1.00      0.00  kworker/11:1-i915-unordered
10:49:38 PM     0    231566      2.00      0.00  kworker/u24:3-writeback
10:49:38 PM     0    238099      2.00      0.00  kworker/u24:1-ext4-rsv-conversion
10:49:38 PM     0    238283      3.00      0.00  kworker/2:1-mm_percpu_wq
10:49:38 PM     0    240331      2.00      0.00  kworker/9:2-mm_percpu_wq
10:49:38 PM     0    241362      1.00      0.00  iostat
10:49:38 PM     0    241363      1.00      1.00  pidstat
10:49:38 PM     0    241364      5.00      0.00  bash
10:49:38 PM     0    241365      8.00      0.00  bash
10:49:38 PM     0    241366      4.00      0.00  bash
10:49:38 PM     0    241714      1.00      0.00  kworker/3:1-events
10:49:38 PM     0    242059      1.00      0.00  sleep
10:49:38 PM     0    242070      1.00      0.00  sleep
10:49:38 PM     0    242071      1.00      0.00  sleep

10:49:38 PM   UID       PID   cswch/s nvcswch/s  Command
10:49:39 PM     0        17     21.00      0.00  rcu_preempt
10:49:39 PM     0        18      1.00      0.00  migration/0
10:49:39 PM     0        23      1.00      0.00  migration/1
10:49:39 PM     0        29      1.00      0.00  migration/2
10:49:39 PM     0        35      1.00      0.00  migration/3
10:49:39 PM     0        36      1.00      0.00  ksoftirqd/3
10:49:39 PM     0        41      1.00      0.00  migration/4
10:49:39 PM     0        47      1.00      0.00  migration/5
10:49:39 PM     0        48      1.00      0.00  ksoftirqd/5
10:49:39 PM     0        53      1.00      0.00  migration/6
10:49:39 PM     0        54      1.00      0.00  ksoftirqd/6
10:49:39 PM     0        59      1.00      0.00  migration/7
10:49:39 PM     0        65      1.00      0.00  migration/8
10:49:39 PM     0        71      1.00      0.00  migration/9
10:49:39 PM     0        72      1.00      0.00  ksoftirqd/9
10:49:39 PM     0        77      1.00      0.00  migration/10
10:49:39 PM     0        83      2.00      0.00  migration/11
10:49:39 PM     0        95      2.00      0.00  kcompactd0
10:49:39 PM     0       453      1.00      0.00  multipathd
10:49:39 PM     0    227297      1.00      0.00  kworker/10:2-events
10:49:39 PM     0    230290      1.00      0.00  kworker/7:0-events
10:49:39 PM     0    230337      1.00      0.00  kworker/6:1-events
10:49:39 PM     0    230426      2.00      0.00  kworker/11:0-events
10:49:39 PM     0    230433      1.00      0.00  kworker/0:1-events
10:49:39 PM     0    230457      3.00      0.00  kworker/1:2-events
10:49:39 PM     0    230482      1.00      0.00  kworker/4:0-events
10:49:39 PM     0    231566      1.00      0.00  kworker/u24:3-edac-poller
10:49:39 PM     0    238283      5.00      0.00  kworker/2:1-events
10:49:39 PM     0    240331      3.00      0.00  kworker/9:2-events
10:49:39 PM     0    241362      1.00      0.00  iostat
10:49:39 PM     0    241363      1.00      0.00  pidstat
10:49:39 PM     0    241364      5.00      0.00  bash
10:49:39 PM     0    241365      7.00      0.00  bash
10:49:39 PM     0    241366      4.00      0.00  bash
10:49:39 PM     0    241714      2.00      0.00  kworker/3:1-events
10:49:39 PM     0    242074      1.00      0.00  sleep
10:49:39 PM     0    242085      1.00      0.00  sleep
10:49:39 PM     0    242086      1.00      0.00  sleep

10:49:39 PM   UID       PID   cswch/s nvcswch/s  Command
10:49:40 PM     0        16      1.00      0.00  ksoftirqd/0
10:49:40 PM     0        17     19.00      0.00  rcu_preempt
10:49:40 PM     0        24      1.00      0.00  ksoftirqd/1
10:49:40 PM     0        42      2.00      1.00  ksoftirqd/4
10:49:40 PM     0        95      2.00      0.00  kcompactd0
10:49:40 PM     0       453      1.00      0.00  multipathd
10:49:40 PM   101       608      2.00      0.00  systemd-network
10:49:40 PM     0    227297      2.00      0.00  kworker/10:2-mm_percpu_wq
10:49:40 PM     0    230290      1.00      0.00  kworker/7:0-events
10:49:40 PM     0    230337      2.00      0.00  kworker/6:1-events
10:49:40 PM     0    230426      1.00      0.00  kworker/11:0-events
10:49:40 PM     0    230433      3.00      0.00  kworker/0:1-mm_percpu_wq
10:49:40 PM     0    230456      1.00      0.00  kworker/8:2-mm_percpu_wq
10:49:40 PM     0    230457      2.00      0.00  kworker/1:2-mm_percpu_wq
10:49:40 PM     0    230482      4.00      0.00  kworker/4:0-mm_percpu_wq
10:49:40 PM     0    230483      3.00      0.00  kworker/5:0-events
10:49:40 PM     0    231566      3.00      0.00  kworker/u24:3-events_unbound
10:49:40 PM     0    238283      3.00      0.00  kworker/2:1-mm_percpu_wq
10:49:40 PM     0    240331      2.00      0.00  kworker/9:2-mm_percpu_wq
10:49:40 PM     0    241362      1.00      0.00  iostat
10:49:40 PM     0    241363      1.00      1.00  pidstat
10:49:40 PM     0    241364      5.00      0.00  bash
10:49:40 PM     0    241365      8.00      0.00  bash
10:49:40 PM     0    241366      4.00      0.00  bash
10:49:40 PM     0    241714      1.00      0.00  kworker/3:1-events
10:49:40 PM     0    242089      1.00      0.00  sleep
10:49:40 PM     0    242100      1.00      0.00  sleep
10:49:40 PM     0    242101      1.00      0.00  sleep

10:49:40 PM   UID       PID   cswch/s nvcswch/s  Command
10:49:41 PM     0        16      1.00      0.00  ksoftirqd/0
10:49:41 PM     0        17     24.00      0.00  rcu_preempt
10:49:41 PM     0        36      1.00      0.00  ksoftirqd/3
10:49:41 PM     0        54      1.00      0.00  ksoftirqd/6
10:49:41 PM     0        72      1.00      0.00  ksoftirqd/9
10:49:41 PM     0        78      1.00      0.00  ksoftirqd/10
10:49:41 PM     0        95      2.00      0.00  kcompactd0
10:49:41 PM     0       453      1.00      0.00  multipathd
10:49:41 PM     0    227297      1.00      0.00  kworker/10:2-events
10:49:41 PM     0    230290      2.00      0.00  kworker/7:0-events
10:49:41 PM     0    230337      1.00      0.00  kworker/6:1-events
10:49:41 PM     0    230426      1.00      0.00  kworker/11:0-mm_percpu_wq
10:49:41 PM     0    230433      2.00      0.00  kworker/0:1-events
10:49:41 PM     0    230457      1.00      0.00  kworker/1:2-events
10:49:41 PM     0    230482      2.00      0.00  kworker/4:0-events
10:49:41 PM     0    230483      3.00      0.00  kworker/5:0-mm_percpu_wq
10:49:41 PM     0    231566      1.00      0.00  kworker/u24:3-edac-poller
10:49:41 PM     0    238283      5.00      0.00  kworker/2:1-events
10:49:41 PM     0    240331      2.00      0.00  kworker/9:2-events
10:49:41 PM     0    241362      1.00      0.00  iostat
10:49:41 PM     0    241363      1.00      0.00  pidstat
10:49:41 PM     0    241364      5.00      0.00  bash
10:49:41 PM     0    241365      8.00      0.00  bash
10:49:41 PM     0    241366      4.00      0.00  bash
10:49:41 PM     0    241714      3.00      0.00  kworker/3:1-events
10:49:41 PM     0    242104      1.00      0.00  sleep
10:49:41 PM     0    242115      1.00      0.00  sleep
10:49:41 PM     0    242116      1.00      0.00  sleep

10:49:41 PM   UID       PID   cswch/s nvcswch/s  Command
10:49:42 PM     0        16      1.00      0.00  ksoftirqd/0
10:49:42 PM     0        17     20.00      0.00  rcu_preempt
10:49:42 PM     0        41      1.00      0.00  migration/4
10:49:42 PM     0        42      1.00      0.00  ksoftirqd/4
10:49:42 PM     0        54      1.00      0.00  ksoftirqd/6
10:49:42 PM     0        95      2.00      0.00  kcompactd0
10:49:42 PM     0       453      1.00      0.00  multipathd
10:49:42 PM     0    227297      2.00      0.00  kworker/10:2-mm_percpu_wq
10:49:42 PM     0    230290      2.00      0.00  kworker/7:0-mm_percpu_wq
10:49:42 PM     0    230337      3.00      0.00  kworker/6:1-events
10:49:42 PM     0    230364      2.00      0.00  kworker/u24:4-events_unbound
10:49:42 PM     0    230426      1.00      0.00  kworker/11:0-mm_percpu_wq
10:49:42 PM     0    230433      3.00      0.00  kworker/0:1-events
10:49:42 PM     0    230456      1.00      0.00  kworker/8:2-mm_percpu_wq
10:49:42 PM     0    230482      4.00      0.00  kworker/4:0-mm_percpu_wq
10:49:42 PM     0    230483      3.00      0.00  kworker/5:0-mm_percpu_wq
10:49:42 PM     0    231566      2.00      0.00  kworker/u24:3-events_power_efficient
10:49:42 PM     0    238283      3.00      0.00  kworker/2:1-mm_percpu_wq
10:49:42 PM     0    240331      2.00      0.00  kworker/9:2-mm_percpu_wq
10:49:42 PM     0    241362      1.00      0.00  iostat
10:49:42 PM     0    241363      1.00      1.00  pidstat
10:49:42 PM     0    241364      5.00      0.00  bash
10:49:42 PM     0    241365      7.00      0.00  bash
10:49:42 PM     0    241366      4.00      0.00  bash
10:49:42 PM     0    241714      2.00      0.00  kworker/3:1-events
10:49:42 PM     0    242119      1.00      0.00  sleep
10:49:42 PM     0    242130      1.00      0.00  sleep
10:49:42 PM     0    242131      1.00      0.00  sleep

10:49:42 PM   UID       PID   cswch/s nvcswch/s  Command
10:49:43 PM     0         1      3.00      0.00  systemd
10:49:43 PM     0        16      1.00      0.00  ksoftirqd/0
10:49:43 PM     0        17     40.00      0.00  rcu_preempt
10:49:43 PM     0        18      1.00      0.00  migration/0
10:49:43 PM     0        23      1.00      0.00  migration/1
10:49:43 PM     0        24      1.00      0.00  ksoftirqd/1
10:49:43 PM     0        29      1.00      0.00  migration/2
10:49:43 PM     0        35      1.00      0.00  migration/3
10:49:43 PM     0        41      1.00      0.00  migration/4
10:49:43 PM     0        42      1.00      0.00  ksoftirqd/4
10:49:43 PM     0        47      1.00      0.00  migration/5
10:49:43 PM     0        53      1.00      0.00  migration/6
10:49:43 PM     0        59      1.00      0.00  migration/7
10:49:43 PM     0        60      1.00      0.00  ksoftirqd/7
10:49:43 PM     0        65      1.00      0.00  migration/8
10:49:43 PM     0        71      1.00      0.00  migration/9
10:49:43 PM     0        77      1.00      0.00  migration/10
10:49:43 PM     0        83      1.00      0.00  migration/11
10:49:43 PM     0        95      2.00      0.00  kcompactd0
10:49:43 PM     0       191      1.00      0.00  kworker/1:1H-kblockd
10:49:43 PM     0       359      3.00      0.00  jbd2/nvme1n1p2-8
10:49:43 PM     0       415      7.00      0.00  systemd-journal
10:49:43 PM     0       453      1.00      0.00  multipathd
10:49:43 PM     0       562      3.00      0.00  jbd2/nvme1n1p3-8
10:49:43 PM     0       773      3.00      0.00  sshd
10:49:43 PM     0     21554      1.00      0.00  packagekitd
10:49:43 PM     0    230290      3.00      0.00  kworker/7:0-events
10:49:43 PM     0    230337      1.00      0.00  kworker/6:1-mm_percpu_wq
10:49:43 PM     0    230364      4.00      0.00  kworker/u24:4-flush-259:1
10:49:43 PM     0    230426      1.00      0.00  kworker/11:0-mm_percpu_wq
10:49:43 PM     0    230433      2.00      0.00  kworker/0:1-events
10:49:43 PM     0    230456      1.00      0.00  kworker/8:2-mm_percpu_wq
10:49:43 PM     0    230457      3.00      0.00  kworker/1:2-events
10:49:43 PM     0    230482      4.00      0.00  kworker/4:0-events
10:49:43 PM     0    230483      2.00      0.00  kworker/5:0-events
10:49:43 PM     0    231566      1.00      0.00  kworker/u24:3-ext4-rsv-conversion
10:49:43 PM     0    238283      5.00      0.00  kworker/2:1-events
10:49:43 PM     0    240331      4.00      0.00  kworker/9:2-mm_percpu_wq
10:49:43 PM     0    241362      1.00      0.00  iostat
10:49:43 PM     0    241363      1.00      0.00  pidstat
10:49:43 PM     0    241364      5.00      0.00  bash
10:49:43 PM     0    241365      8.00      0.00  bash
10:49:43 PM     0    241366      4.00      0.00  bash
10:49:43 PM     0    241714      1.00      0.00  kworker/3:1-mm_percpu_wq
10:49:43 PM     0    242134      1.00      0.00  sleep
10:49:43 PM     0    242146      1.00      0.00  sleep
10:49:43 PM     0    242148      1.00      0.00  sleep

10:49:43 PM   UID       PID   cswch/s nvcswch/s  Command
10:49:44 PM     0        16      2.00      0.00  ksoftirqd/0
10:49:44 PM     0        17     22.00      0.00  rcu_preempt
10:49:44 PM     0        72      1.00      0.00  ksoftirqd/9
10:49:44 PM     0        78      1.00      0.00  ksoftirqd/10
10:49:44 PM     0        95      2.00      0.00  kcompactd0
10:49:44 PM     0       189      1.00      0.00  kworker/4:1H-kblockd
10:49:44 PM     0       453      1.00      0.00  multipathd
10:49:44 PM     0    227297      1.00      0.00  kworker/10:2-mm_percpu_wq
10:49:44 PM     0    230290      1.00      0.00  kworker/7:0-mm_percpu_wq
10:49:44 PM     0    230337      3.00      0.00  kworker/6:1-events
10:49:44 PM     0    230426      1.00      0.00  kworker/11:0-mm_percpu_wq
10:49:44 PM     0    230433      3.00      0.00  kworker/0:1-mm_percpu_wq
10:49:44 PM     0    230456      1.00      0.00  kworker/8:2-mm_percpu_wq
10:49:44 PM     0    230457      2.00      0.00  kworker/1:2-mm_percpu_wq
10:49:44 PM     0    230482      2.00      0.00  kworker/4:0-mm_percpu_wq
10:49:44 PM     0    230483      1.00      0.00  kworker/5:0-events
10:49:44 PM     0    231566      2.00      0.00  kworker/u24:3-edac-poller
10:49:44 PM     0    238283      1.00      0.00  kworker/2:1-mm_percpu_wq
10:49:44 PM     0    240331      2.00      0.00  kworker/9:2-events
10:49:44 PM     0    241362      1.00      0.00  iostat
10:49:44 PM     0    241363      1.00      0.00  pidstat
10:49:44 PM     0    241364      5.00      0.00  bash
10:49:44 PM     0    241365      7.00      0.00  bash
10:49:44 PM     0    241366      4.00      0.00  bash
10:49:44 PM     0    241714      2.00      0.00  kworker/3:1-mm_percpu_wq
10:49:44 PM     0    242151      1.00      0.00  sleep
10:49:44 PM     0    242162      1.00      0.00  sleep
10:49:44 PM     0    242163      1.00      0.00  sleep

10:49:44 PM   UID       PID   cswch/s nvcswch/s  Command
10:49:45 PM     0        17     20.00      0.00  rcu_preempt
10:49:45 PM     0        47      1.00      0.00  migration/5
10:49:45 PM     0        72      2.00      0.00  ksoftirqd/9
10:49:45 PM     0        78      1.00      0.00  ksoftirqd/10
10:49:45 PM     0        95      2.00      0.00  kcompactd0
10:49:45 PM     0       453      1.00      0.00  multipathd
10:49:45 PM     0    227297      1.00      0.00  kworker/10:2-mm_percpu_wq
10:49:45 PM     0    230290      2.00      0.00  kworker/7:0-mm_percpu_wq
10:49:45 PM     0    230337      3.00      0.00  kworker/6:1-events
10:49:45 PM     0    230426      2.00      0.00  kworker/11:0-mm_percpu_wq
10:49:45 PM     0    230433      3.00      0.00  kworker/0:1-events
10:49:45 PM     0    230456      2.00      0.00  kworker/8:2-mm_percpu_wq
10:49:45 PM     0    230457      3.00      0.00  kworker/1:2-mm_percpu_wq
10:49:45 PM     0    230482      2.00      0.00  kworker/4:0-mm_percpu_wq
10:49:45 PM     0    230483      2.00      0.00  kworker/5:0-events
10:49:45 PM     0    231566      2.00      0.00  kworker/u24:3-edac-poller
10:49:45 PM     0    238283      6.00      0.00  kworker/2:1-events
10:49:45 PM     0    240331      5.00      0.00  kworker/9:2-mm_percpu_wq
10:49:45 PM     0    241362      1.00      0.00  iostat
10:49:45 PM     0    241363      1.00      0.00  pidstat
10:49:45 PM     0    241364      5.00      0.00  bash
10:49:45 PM     0    241365      8.00      0.00  bash
10:49:45 PM     0    241366      4.00      0.00  bash
10:49:45 PM     0    241714      1.00      0.00  kworker/3:1-events
10:49:45 PM     0    242166      1.00      0.00  sleep
10:49:45 PM     0    242176      1.00      0.00  sleep
10:49:45 PM     0    242178      1.00      0.00  sleep

10:49:45 PM   UID       PID   cswch/s nvcswch/s  Command
10:49:46 PM     0        16      1.00      0.00  ksoftirqd/0
10:49:46 PM     0        17     20.00      0.00  rcu_preempt
10:49:46 PM     0        35      1.00      0.00  migration/3
10:49:46 PM     0        47      1.00      0.00  migration/5
10:49:46 PM     0        48      1.00      0.00  ksoftirqd/5
10:49:46 PM     0        60      1.00      0.00  ksoftirqd/7
10:49:46 PM     0        95      2.00      0.00  kcompactd0
10:49:46 PM     0       453      1.00      0.00  multipathd
10:49:46 PM     0    227297      2.00      0.00  kworker/10:2-events
10:49:46 PM     0    230290      1.00      0.00  kworker/7:0-mm_percpu_wq
10:49:46 PM     0    230337      3.00      0.00  kworker/6:1-events
10:49:46 PM     0    230426      2.00      0.00  kworker/11:0-events
10:49:46 PM     0    230433      3.00      0.00  kworker/0:1-events
10:49:46 PM     0    230456      2.00      0.00  kworker/8:2-mm_percpu_wq
10:49:46 PM     0    230457      1.00      0.00  kworker/1:2-mm_percpu_wq
10:49:46 PM     0    230482      3.00      0.00  kworker/4:0-events
10:49:46 PM     0    230483      4.00      0.00  kworker/5:0-events
10:49:46 PM     0    231566      1.00      0.00  kworker/u24:3-edac-poller
10:49:46 PM     0    238283      3.00      0.00  kworker/2:1-mm_percpu_wq
10:49:46 PM     0    240331      1.00      0.00  kworker/9:2-events
10:49:46 PM     0    241362      1.00      0.00  iostat
10:49:46 PM     0    241363      1.00      0.00  pidstat
10:49:46 PM     0    241364      5.00      0.00  bash
10:49:46 PM     0    241365      7.00      0.00  bash
10:49:46 PM     0    241366      4.00      0.00  bash
10:49:46 PM     0    241714      2.00      0.00  kworker/3:1-events
10:49:46 PM     0    242181      1.00      0.00  sleep
10:49:46 PM     0    242192      1.00      0.00  sleep
10:49:46 PM     0    242193      1.00      0.00  sleep

10:49:46 PM   UID       PID   cswch/s nvcswch/s  Command
10:49:47 PM     0        16      1.00      0.00  ksoftirqd/0
10:49:47 PM     0        17     24.00      0.00  rcu_preempt
10:49:47 PM     0        18      1.00      0.00  migration/0
10:49:47 PM     0        23      1.00      0.00  migration/1
10:49:47 PM     0        29      1.00      0.00  migration/2
10:49:47 PM     0        35      2.00      0.00  migration/3
10:49:47 PM     0        41      1.00      0.00  migration/4
10:49:47 PM     0        42      1.00      0.00  ksoftirqd/4
10:49:47 PM     0        47      1.00      0.00  migration/5
10:49:47 PM     0        53      1.00      0.00  migration/6
10:49:47 PM     0        54      1.00      0.00  ksoftirqd/6
10:49:47 PM     0        59      1.00      0.00  migration/7
10:49:47 PM     0        65      1.00      0.00  migration/8
10:49:47 PM     0        71      1.00      0.00  migration/9
10:49:47 PM     0        72      3.00      0.00  ksoftirqd/9
10:49:47 PM     0        77      1.00      0.00  migration/10
10:49:47 PM     0        78      1.00      0.00  ksoftirqd/10
10:49:47 PM     0        83      1.00      0.00  migration/11
10:49:47 PM     0        95      2.00      0.00  kcompactd0
10:49:47 PM     0       453      1.00      0.00  multipathd
10:49:47 PM     0    227297      1.00      0.00  kworker/10:2-mm_percpu_wq
10:49:47 PM     0    230290      2.00      0.00  kworker/7:0-mm_percpu_wq
10:49:47 PM     0    230337      3.00      0.00  kworker/6:1-events
10:49:47 PM     0    230433      2.00      0.00  kworker/0:1-events
10:49:47 PM     0    230456      1.00      0.00  kworker/8:2-mm_percpu_wq
10:49:47 PM     0    230457      4.00      0.00  kworker/1:2-events
10:49:47 PM     0    230482      4.00      0.00  kworker/4:0-events
10:49:47 PM     0    230483      2.00      0.00  kworker/5:0-mm_percpu_wq
10:49:47 PM     0    231566      2.00      0.00  kworker/u24:3-edac-poller
10:49:47 PM     0    238283      5.00      0.00  kworker/2:1-events
10:49:47 PM     0    240331      4.00      0.00  kworker/9:2-events
10:49:47 PM     0    241362      1.00      0.00  iostat
10:49:47 PM     0    241363      1.00      0.00  pidstat
10:49:47 PM     0    241364      5.00      0.00  bash
10:49:47 PM     0    241365      8.00      0.00  bash
10:49:47 PM     0    241366      4.00      0.00  bash
10:49:47 PM     0    241714      1.00      0.00  kworker/3:1-mm_percpu_wq
10:49:47 PM     0    242196      1.00      0.00  sleep
10:49:47 PM     0    242207      1.00      0.00  sleep
10:49:47 PM     0    242208      1.00      0.00  sleep

10:49:47 PM   UID       PID   cswch/s nvcswch/s  Command
10:49:48 PM     0        16      1.00      0.00  ksoftirqd/0
10:49:48 PM     0        17     22.00      0.00  rcu_preempt
10:49:48 PM     0        18      1.00      0.00  migration/0
10:49:48 PM     0        42      2.00      0.00  ksoftirqd/4
10:49:48 PM     0        72      1.00      0.00  ksoftirqd/9
10:49:48 PM     0        78      1.00      0.00  ksoftirqd/10
10:49:48 PM     0        83      1.00      0.00  migration/11
10:49:48 PM     0        84      1.00      0.00  ksoftirqd/11
10:49:48 PM     0        95      2.00      0.00  kcompactd0
10:49:48 PM     0       102      1.00      0.00  irq/9-acpi
10:49:48 PM     0       191      8.00      0.00  kworker/1:1H-kblockd
10:49:48 PM     0       195      2.00      0.00  kworker/6:1H-kblockd
10:49:48 PM     0       359      3.00      0.00  jbd2/nvme1n1p2-8
10:49:48 PM     0       453      1.00      0.00  multipathd
10:49:48 PM     0       562      3.00      0.00  jbd2/nvme1n1p3-8
10:49:48 PM     0    227297      2.00      0.00  kworker/10:2-mm_percpu_wq
10:49:48 PM     0    230290      2.00      0.00  kworker/7:0-mm_percpu_wq
10:49:48 PM     0    230337      1.00      0.00  kworker/6:1-mm_percpu_wq
10:49:48 PM     0    230364     12.00      0.00  kworker/u24:4-ext4-rsv-conversion
10:49:48 PM     0    230426   1137.00      0.00  kworker/11:0-events
10:49:48 PM     0    230433      2.00      0.00  kworker/0:1-mm_percpu_wq
10:49:48 PM     0    230456      2.00      0.00  kworker/8:2-mm_percpu_wq
10:49:48 PM     0    230457      2.00      0.00  kworker/1:2-events
10:49:48 PM     0    230482      5.00      0.00  kworker/4:0-events
10:49:48 PM     0    230483      2.00      0.00  kworker/5:0-mm_percpu_wq
10:49:48 PM     0    230559    540.00      0.00  kworker/11:1+i915-unordered
10:49:48 PM     0    231566      2.00      0.00  kworker/u24:3-flush-259:1
10:49:48 PM     0    238099      9.00      0.00  kworker/u24:1-flush-259:1
10:49:48 PM     0    238283      2.00      0.00  kworker/2:1-mm_percpu_wq
10:49:48 PM     0    240149      1.00      0.00  kworker/11:3-mm_percpu_wq
10:49:48 PM     0    240331      5.00      0.00  kworker/9:2-events
10:49:48 PM     0    241362      1.00      0.00  iostat
10:49:48 PM     0    241363      1.00      0.00  pidstat
10:49:48 PM     0    241364      5.00      0.00  bash
10:49:48 PM     0    241365      8.00      0.00  bash
10:49:48 PM     0    241366      4.00      0.00  bash
10:49:48 PM     0    241714      3.00      0.00  kworker/3:1-events
10:49:48 PM     0    242211      1.00      0.00  sleep
10:49:48 PM     0    242221      1.00      0.00  sleep
10:49:48 PM     0    242223      1.00      0.00  sleep

10:49:48 PM   UID       PID   cswch/s nvcswch/s  Command
10:49:49 PM     0        16      1.00      0.00  ksoftirqd/0
10:49:49 PM     0        17     18.00      0.00  rcu_preempt
10:49:49 PM     0        24      1.00      0.00  ksoftirqd/1
10:49:49 PM     0        36      1.00      0.00  ksoftirqd/3
10:49:49 PM     0        42      1.00      0.00  ksoftirqd/4
10:49:49 PM     0        48      1.00      0.00  ksoftirqd/5
10:49:49 PM     0        95      2.00      0.00  kcompactd0
10:49:49 PM     0       453      1.00      0.00  multipathd
10:49:49 PM     0    227297      1.00      0.00  kworker/10:2-mm_percpu_wq
10:49:49 PM     0    230290      2.00      0.00  kworker/7:0-mm_percpu_wq
10:49:49 PM     0    230337      1.00      0.00  kworker/6:1-mm_percpu_wq
10:49:49 PM     0    230364      4.00      0.00  kworker/u24:4-edac-poller
10:49:49 PM     0    230433      3.00      0.00  kworker/0:1-events
10:49:49 PM     0    230456      2.00      0.00  kworker/8:2-mm_percpu_wq
10:49:49 PM     0    230457      2.00      0.00  kworker/1:2-events
10:49:49 PM     0    230482      3.00      0.00  kworker/4:0-events
10:49:49 PM     0    230483      3.00      0.00  kworker/5:0-events
10:49:49 PM     0    230559    598.00      0.00  kworker/11:1-events
10:49:49 PM     0    238283      5.00      0.00  kworker/2:1-events
10:49:49 PM     0    240331      3.00      0.00  kworker/9:2-events
10:49:49 PM     0    241362      1.00      0.00  iostat
10:49:49 PM     0    241363      1.00      0.00  pidstat
10:49:49 PM     0    241364      5.00      0.00  bash
10:49:49 PM     0    241365      8.00      1.00  bash
10:49:49 PM     0    241366      4.00      0.00  bash
10:49:49 PM     0    241714      3.00      0.00  kworker/3:1-events
10:49:49 PM     0    242226      1.00      0.00  sleep
10:49:49 PM     0    242236      1.00      0.00  sleep
10:49:49 PM     0    242238      1.00      0.00  sleep

10:49:49 PM   UID       PID   cswch/s nvcswch/s  Command
10:49:50 PM     0        16      2.00      0.00  ksoftirqd/0
10:49:50 PM     0        17     67.00      0.00  rcu_preempt
10:49:50 PM     0        24      1.00      0.00  ksoftirqd/1
10:49:50 PM     0        30      6.00      1.00  ksoftirqd/2
10:49:50 PM     0        36      1.00      0.00  ksoftirqd/3
10:49:50 PM     0        42      1.00      0.00  ksoftirqd/4
10:49:50 PM     0        95      2.00      0.00  kcompactd0
10:49:50 PM     0       453      1.00      0.00  multipathd
10:49:50 PM     0    227297      1.00      0.00  kworker/10:2-mm_percpu_wq
10:49:50 PM     0    230290      1.00      0.00  kworker/7:0-mm_percpu_wq
10:49:50 PM     0    230337      1.00      0.00  kworker/6:1-mm_percpu_wq
10:49:50 PM     0    230364      4.00      0.00  kworker/u24:4-edac-poller
10:49:50 PM     0    230433      3.00      0.00  kworker/0:1-events
10:49:50 PM     0    230456      1.00      0.00  kworker/8:2-mm_percpu_wq
10:49:50 PM     0    230457      2.00      0.00  kworker/1:2-events
10:49:50 PM     0    230482      4.00      0.00  kworker/4:0-events
10:49:50 PM     0    230483      2.00      0.00  kworker/5:0-events
10:49:50 PM     0    230559      1.00      0.00  kworker/11:1-mm_percpu_wq
10:49:50 PM     0    238283     11.00      0.00  kworker/2:1-mm_percpu_wq
10:49:50 PM     0    240331      4.00      0.00  kworker/9:2-events
10:49:50 PM     0    241362      1.00      0.00  iostat
10:49:50 PM     0    241363      1.00      0.00  pidstat
10:49:50 PM     0    241364      5.00      0.00  bash
10:49:50 PM     0    241365      7.00      0.00  bash
10:49:50 PM     0    241366      4.00      0.00  bash
10:49:50 PM     0    241714      3.00      0.00  kworker/3:1-events
10:49:50 PM     0    242241      1.00      0.00  sleep
10:49:50 PM     0    242248     16.00      0.00  java
10:49:50 PM     0    242278      1.00      0.00  sleep
10:49:50 PM     0    242280      1.00      0.00  sleep

10:49:50 PM   UID       PID   cswch/s nvcswch/s  Command
10:49:51 PM     0        16      1.00      0.00  ksoftirqd/0
10:49:51 PM     0        17    252.00      0.00  rcu_preempt
10:49:51 PM     0        18      1.00      0.00  migration/0
10:49:51 PM     0        23      1.00      0.00  migration/1
10:49:51 PM     0        29      1.00      0.00  migration/2
10:49:51 PM     0        30     31.00      0.00  ksoftirqd/2
10:49:51 PM     0        35      1.00      0.00  migration/3
10:49:51 PM     0        41      1.00      0.00  migration/4
10:49:51 PM     0        42      1.00      0.00  ksoftirqd/4
10:49:51 PM     0        47      1.00      0.00  migration/5
10:49:51 PM     0        53      1.00      0.00  migration/6
10:49:51 PM     0        54      1.00      0.00  ksoftirqd/6
10:49:51 PM     0        59      1.00      0.00  migration/7
10:49:51 PM     0        65      1.00      0.00  migration/8
10:49:51 PM     0        71      1.00      0.00  migration/9
10:49:51 PM     0        72      2.00      0.00  ksoftirqd/9
10:49:51 PM     0        77      1.00      0.00  migration/10
10:49:51 PM     0        83      1.00      0.00  migration/11
10:49:51 PM     0        95      2.00      0.00  kcompactd0
10:49:51 PM     0       172      3.00      0.00  kworker/3:1H-kblockd
10:49:51 PM     0       359      6.00      0.00  jbd2/nvme1n1p2-8
10:49:51 PM     0       453      1.00      0.00  multipathd
10:49:51 PM     0       562      3.00      0.00  jbd2/nvme1n1p3-8
10:49:51 PM     0    227297      2.00      0.00  kworker/10:2-mm_percpu_wq
10:49:51 PM     0    230290      3.00      0.00  kworker/7:0-mm_percpu_wq
10:49:51 PM     0    230337      4.00      0.00  kworker/6:1-events
10:49:51 PM     0    230364      9.00      0.00  kworker/u24:4+iou_exit
10:49:51 PM     0    230433      5.00      0.00  kworker/0:1-events
10:49:51 PM     0    230456      2.00      0.00  kworker/8:2-mm_percpu_wq
10:49:51 PM     0    230457      2.00      0.00  kworker/1:2-mm_percpu_wq
10:49:51 PM     0    230482      5.00      0.00  kworker/4:0-events
10:49:51 PM     0    230483      1.00      0.00  kworker/5:0-mm_percpu_wq
10:49:51 PM     0    230559      3.00      0.00  kworker/11:1-mm_percpu_wq
10:49:51 PM     0    231566      5.00      0.00  kworker/u24:3-writeback
10:49:51 PM     0    238099      6.00      0.00  kworker/u24:1-ext4-rsv-conversion
10:49:51 PM     0    238283      6.00      0.00  kworker/2:1-events
10:49:51 PM     0    240331      4.00      0.00  kworker/9:2-events
10:49:51 PM     0    241362      2.00      0.00  iostat
10:49:51 PM     0    241363      1.00      0.00  pidstat
10:49:51 PM     0    241364      6.00      0.00  bash
10:49:51 PM     0    241365      6.00      0.00  bash
10:49:51 PM     0    241366      4.00      0.00  bash
10:49:51 PM     0    241714      2.00      0.00  kworker/3:1-mm_percpu_wq
10:49:51 PM     0    242284      1.00      0.00  sleep
10:49:51 PM     0    242301      4.00      0.00  sleep
10:49:51 PM     0    242303      1.00      0.00  sleep

10:49:51 PM   UID       PID   cswch/s nvcswch/s  Command
10:49:52 PM     0        17    253.00      0.00  rcu_preempt
10:49:52 PM     0        30    232.00      0.00  ksoftirqd/2
10:49:52 PM     0        35      1.00      0.00  migration/3
10:49:52 PM     0        54      1.00      0.00  ksoftirqd/6
10:49:52 PM     0        72      2.00      0.00  ksoftirqd/9
10:49:52 PM     0        77      1.00      0.00  migration/10
10:49:52 PM     0        95      2.00      0.00  kcompactd0
10:49:52 PM     0       453      1.00      0.00  multipathd
10:49:52 PM     0    227297      1.00      0.00  kworker/10:2-mm_percpu_wq
10:49:52 PM     0    230290      2.00      0.00  kworker/7:0-mm_percpu_wq
10:49:52 PM     0    230337      3.00      0.00  kworker/6:1-events
10:49:52 PM     0    230433      2.00      0.00  kworker/0:1-events
10:49:52 PM     0    230456      1.00      0.00  kworker/8:2-mm_percpu_wq
10:49:52 PM     0    230457      3.00      0.00  kworker/1:2-events
10:49:52 PM     0    230482      4.00      0.00  kworker/4:0-events
10:49:52 PM     0    230483      3.00      0.00  kworker/5:0-mm_percpu_wq
10:49:52 PM     0    230559      1.00      0.00  kworker/11:1-mm_percpu_wq
10:49:52 PM     0    231566      2.00      0.00  kworker/u24:3-events_power_efficient
10:49:52 PM     0    238099      2.00      0.00  kworker/u24:1-edac-poller
10:49:52 PM     0    238283      1.00      0.00  kworker/2:1-mm_percpu_wq
10:49:52 PM     0    240331      4.00      0.00  kworker/9:2-events
10:49:52 PM     0    241362      1.00      0.00  iostat
10:49:52 PM     0    241363      2.00      0.00  pidstat
10:49:52 PM     0    241364      5.00      0.00  bash
10:49:52 PM     0    241365      7.00      0.00  bash
10:49:52 PM     0    241366      5.00      0.00  bash
10:49:52 PM     0    241714      2.00      0.00  kworker/3:1-mm_percpu_wq
10:49:52 PM     0    242306      1.00      0.00  sleep
10:49:52 PM     0    242316      1.00      0.00  sleep
10:49:52 PM     0    242318      1.00      0.00  sleep

10:49:52 PM   UID       PID   cswch/s nvcswch/s  Command
10:49:53 PM     0        16      2.00      0.00  ksoftirqd/0
10:49:53 PM     0        17    253.00      0.00  rcu_preempt
10:49:53 PM     0        30    241.00      0.00  ksoftirqd/2
10:49:53 PM     0        36      2.00      0.00  ksoftirqd/3
10:49:53 PM     0        42      1.00      0.00  ksoftirqd/4
10:49:53 PM     0        47      1.00      0.00  migration/5
10:49:53 PM     0        54      1.00      0.00  ksoftirqd/6
10:49:53 PM     0        72      1.00      0.00  ksoftirqd/9
10:49:53 PM     0        95      2.00      0.00  kcompactd0
10:49:53 PM     0       453      1.00      0.00  multipathd
10:49:53 PM     0     21554      1.00      0.00  packagekitd
10:49:53 PM     0    227297      2.00      0.00  kworker/10:2-mm_percpu_wq
10:49:53 PM     0    230290      2.00      0.00  kworker/7:0-mm_percpu_wq
10:49:53 PM     0    230337      3.00      0.00  kworker/6:1-events
10:49:53 PM     0    230433      3.00      0.00  kworker/0:1-events
10:49:53 PM     0    230456      1.00      0.00  kworker/8:2-mm_percpu_wq
10:49:53 PM     0    230457      3.00      0.00  kworker/1:2-events
10:49:53 PM     0    230482      2.00      0.00  kworker/4:0-events
10:49:53 PM     0    230483      1.00      0.00  kworker/5:0-mm_percpu_wq
10:49:53 PM     0    231566      2.00      0.00  kworker/u24:3-events_power_efficient
10:49:53 PM     0    238099      2.00      0.00  kworker/u24:1-events_power_efficient
10:49:53 PM     0    238283      5.00      0.00  kworker/2:1-events
10:49:53 PM     0    240331      4.00      0.00  kworker/9:2-events
10:49:53 PM     0    241362      1.00      0.00  iostat
10:49:53 PM     0    241363      1.00      0.00  pidstat
10:49:53 PM     0    241364      5.00      0.00  bash
10:49:53 PM     0    241365      8.00      0.00  bash
10:49:53 PM     0    241366      4.00      0.00  bash
10:49:53 PM     0    241714      2.00      0.00  kworker/3:1-events
10:49:53 PM     0    242321      1.00      0.00  sleep
10:49:53 PM     0    242331      1.00      0.00  sleep
10:49:53 PM     0    242333      1.00      0.00  sleep

10:49:53 PM   UID       PID   cswch/s nvcswch/s  Command
10:49:54 PM     0        16      3.00      0.00  ksoftirqd/0
10:49:54 PM     0        17    131.00      0.00  rcu_preempt
10:49:54 PM     0        24      1.00      0.00  ksoftirqd/1
10:49:54 PM     0        30    113.00      0.00  ksoftirqd/2
10:49:54 PM     0        36      2.00      0.00  ksoftirqd/3
10:49:54 PM     0        42      1.00      0.00  ksoftirqd/4
10:49:54 PM     0        78      1.00      0.00  ksoftirqd/10
10:49:54 PM     0        95      2.00      0.00  kcompactd0
10:49:54 PM     0       172      1.00      0.00  kworker/3:1H-kblockd
10:49:54 PM     0       188      1.00      0.00  kworker/2:1H-kblockd
10:49:54 PM     0       415      4.00      0.00  systemd-journal
10:49:54 PM     0       453      1.00      0.00  multipathd
10:49:54 PM     0    227297      1.00      0.00  kworker/10:2-mm_percpu_wq
10:49:54 PM     0    230290      2.00      0.00  kworker/7:0-events
10:49:54 PM     0    230364      3.00      0.00  kworker/u24:4-edac-poller
10:49:54 PM     0    230433      2.00      0.00  kworker/0:1-events
10:49:54 PM     0    230456      1.00      0.00  kworker/8:2-mm_percpu_wq
10:49:54 PM     0    230457      3.00      0.00  kworker/1:2-events
10:49:54 PM     0    230482      2.00      0.00  kworker/4:0-mm_percpu_wq
10:49:54 PM     0    230483      1.00      0.00  kworker/5:0-mm_percpu_wq
10:49:54 PM     0    230559      1.00      0.00  kworker/11:1-mm_percpu_wq
10:49:54 PM     0    238283      8.00      0.00  kworker/2:1-events
10:49:54 PM     0    240331      2.00      0.00  kworker/9:2-events
10:49:54 PM     0    241362      1.00      0.00  iostat
10:49:54 PM     0    241363      1.00      0.00  pidstat
10:49:54 PM     0    241364      5.00      0.00  bash
10:49:54 PM     0    241365      7.00      0.00  bash
10:49:54 PM     0    241366      4.00      0.00  bash
10:49:54 PM     0    241714      3.00      0.00  kworker/3:1-events
10:49:54 PM     0    242336      1.00      0.00  sleep
10:49:54 PM     0    242346      1.00      0.00  sleep
10:49:54 PM     0    242348      1.00      0.00  sleep

10:49:54 PM   UID       PID   cswch/s nvcswch/s  Command
10:49:55 PM     0        16      1.00      0.00  ksoftirqd/0
10:49:55 PM     0        17     20.00      0.00  rcu_preempt
10:49:55 PM     0        18      1.00      0.00  migration/0
10:49:55 PM     0        23      1.00      0.00  migration/1
10:49:55 PM     0        24      1.00      0.00  ksoftirqd/1
10:49:55 PM     0        29      2.00      0.00  migration/2
10:49:55 PM     0        35      1.00      0.00  migration/3
10:49:55 PM     0        41      1.00      0.00  migration/4
10:49:55 PM     0        42      3.00      0.00  ksoftirqd/4
10:49:55 PM     0        47      1.00      0.00  migration/5
10:49:55 PM     0        53      1.00      0.00  migration/6
10:49:55 PM     0        59      1.00      0.00  migration/7
10:49:55 PM     0        60      1.00      0.00  ksoftirqd/7
10:49:55 PM     0        65      1.00      0.00  migration/8
10:49:55 PM     0        71      1.00      0.00  migration/9
10:49:55 PM     0        77      1.00      0.00  migration/10
10:49:55 PM     0        83      2.00      0.00  migration/11
10:49:55 PM     0        84      1.00      0.00  ksoftirqd/11
10:49:55 PM     0        95      2.00      0.00  kcompactd0
10:49:55 PM     0       453      1.00      0.00  multipathd
10:49:55 PM     0    227297      1.00      0.00  kworker/10:2-mm_percpu_wq
10:49:55 PM     0    230290      4.00      0.00  kworker/7:0-events
10:49:55 PM     0    230364      1.00      0.00  kworker/u24:4-events_unbound
10:49:55 PM     0    230433      4.00      0.00  kworker/0:1-events
10:49:55 PM     0    230456      1.00      0.00  kworker/8:2-mm_percpu_wq
10:49:55 PM     0    230457      3.00      0.00  kworker/1:2-events
10:49:55 PM     0    230482      4.00      0.00  kworker/4:0-events
10:49:55 PM     0    230483      1.00      0.00  kworker/5:0-mm_percpu_wq
10:49:55 PM     0    230559      1.00      0.00  kworker/11:1-mm_percpu_wq
10:49:55 PM     0    231566      1.00      0.00  kworker/u24:3-events_power_efficient
10:49:55 PM     0    238283     14.00      0.00  kworker/2:1-events
10:49:55 PM     0    240331      2.00      0.00  kworker/9:2-events
10:49:55 PM     0    241362      1.00      0.00  iostat
10:49:55 PM     0    241363      1.00      0.00  pidstat
10:49:55 PM     0    241364      5.00      0.00  bash
10:49:55 PM     0    241365      8.00      0.00  bash
10:49:55 PM     0    241366      4.00      0.00  bash
10:49:55 PM     0    241714      1.00      0.00  kworker/3:1-mm_percpu_wq
10:49:55 PM     0    242351      1.00      0.00  sleep
10:49:55 PM     0    242362      1.00      0.00  sleep
10:49:55 PM     0    242363      1.00      0.00  sleep

10:49:55 PM   UID       PID   cswch/s nvcswch/s  Command
10:49:56 PM     0        16      1.00      0.00  ksoftirqd/0
10:49:56 PM     0        17     19.00      0.00  rcu_preempt
10:49:56 PM     0        24      2.00      0.00  ksoftirqd/1
10:49:56 PM     0        29      1.00      0.00  migration/2
10:49:56 PM     0        42      1.00      0.00  ksoftirqd/4
10:49:56 PM     0        95      2.00      0.00  kcompactd0
10:49:56 PM     0       453      1.00      0.00  multipathd
10:49:56 PM     0       562      3.00      0.00  jbd2/nvme1n1p3-8
10:49:56 PM     0    227297      1.00      0.00  kworker/10:2-mm_percpu_wq
10:49:56 PM     0    230337      1.00      0.00  kworker/6:1-mm_percpu_wq
10:49:56 PM     0    230364      1.00      0.00  kworker/u24:4-edac-poller
10:49:56 PM     0    230433      2.00      0.00  kworker/0:1-events
10:49:56 PM     0    230456      3.00      0.00  kworker/8:2-mm_percpu_wq
10:49:56 PM     0    230457      2.00      0.00  kworker/1:2-events
10:49:56 PM     0    230482      5.00      0.00  kworker/4:0-events
10:49:56 PM     0    230483      2.00      0.00  kworker/5:0-events
10:49:56 PM     0    230559      1.00      0.00  kworker/11:1-mm_percpu_wq
10:49:56 PM     0    238283     11.00      0.00  kworker/2:1-events
10:49:56 PM     0    241362      1.00      0.00  iostat
10:49:56 PM     0    241363      1.00      0.00  pidstat
10:49:56 PM     0    241364      5.00      0.00  bash
10:49:56 PM     0    241365      7.00      0.00  bash
10:49:56 PM     0    241366      4.00      0.00  bash
10:49:56 PM     0    241714      1.00      0.00  kworker/3:1-mm_percpu_wq
10:49:56 PM     0    242366      1.00      0.00  sleep
10:49:56 PM     0    242377      1.00      0.00  sleep
10:49:56 PM     0    242378      1.00      0.00  sleep

10:49:56 PM   UID       PID   cswch/s nvcswch/s  Command
10:49:57 PM     0        17     15.00      0.00  rcu_preempt
10:49:57 PM     0        23      1.00      0.00  migration/1
10:49:57 PM     0        36      2.00      0.00  ksoftirqd/3
10:49:57 PM     0        42      1.00      0.00  ksoftirqd/4
10:49:57 PM     0        60      2.00      0.00  ksoftirqd/7
10:49:57 PM     0        84      1.00      0.00  ksoftirqd/11
10:49:57 PM     0        95      2.00      0.00  kcompactd0
10:49:57 PM     0       172      2.00      0.00  kworker/3:1H-kblockd
10:49:57 PM     0       359      3.00      0.00  jbd2/nvme1n1p2-8
10:49:57 PM     0       453      1.00      0.00  multipathd
10:49:57 PM     0    227297      1.00      0.00  kworker/10:2-mm_percpu_wq
10:49:57 PM     0    230290      5.00      0.00  kworker/7:0-events
10:49:57 PM     0    230337      3.00      0.00  kworker/6:1-events
10:49:57 PM     0    230364      6.00      0.00  kworker/u24:4-events_unbound
10:49:57 PM     0    230433      2.00      0.00  kworker/0:1-events
10:49:57 PM     0    230456      1.00      0.00  kworker/8:2-mm_percpu_wq
10:49:57 PM     0    230457      2.00      0.00  kworker/1:2-mm_percpu_wq
10:49:57 PM     0    230482      3.00      0.00  kworker/4:0-mm_percpu_wq
10:49:57 PM     0    230483      2.00      0.00  kworker/5:0-events
10:49:57 PM     0    230559      1.00      0.00  kworker/11:1-mm_percpu_wq
10:49:57 PM     0    231566      2.00      0.00  kworker/u24:3-flush-259:1
10:49:57 PM     0    238283      6.00      0.00  kworker/2:1-events
10:49:57 PM     0    241362      1.00      0.00  iostat
10:49:57 PM     0    241363      1.00      0.00  pidstat
10:49:57 PM     0    241364      5.00      0.00  bash
10:49:57 PM     0    241365      6.00      0.00  bash
10:49:57 PM     0    241366      4.00      0.00  bash
10:49:57 PM     0    241714      4.00      0.00  kworker/3:1-events
10:49:57 PM     0    242381      1.00      0.00  sleep
10:49:57 PM     0    242391      1.00      0.00  sleep
10:49:57 PM     0    242393      1.00      0.00  sleep

10:49:57 PM   UID       PID   cswch/s nvcswch/s  Command
10:49:58 PM     0        16      1.00      0.00  ksoftirqd/0
10:49:58 PM     0        17     12.00      0.00  rcu_preempt
10:49:58 PM     0        24      1.00      0.00  ksoftirqd/1
10:49:58 PM     0        29      1.00      0.00  migration/2
10:49:58 PM     0        48      1.00      0.00  ksoftirqd/5
10:49:58 PM     0        95      2.00      0.00  kcompactd0
10:49:58 PM     0       453      1.00      0.00  multipathd
10:49:58 PM     0    230364      1.00      0.00  kworker/u24:4-edac-poller
10:49:58 PM     0    230433      2.00      0.00  kworker/0:1-mm_percpu_wq
10:49:58 PM     0    230456      1.00      0.00  kworker/8:2-mm_percpu_wq
10:49:58 PM     0    230457      3.00      0.00  kworker/1:2-events
10:49:58 PM     0    230482      2.00      0.00  kworker/4:0-mm_percpu_wq
10:49:58 PM     0    230483      3.00      0.00  kworker/5:0-mm_percpu_wq
10:49:58 PM     0    230559      1.00      0.00  kworker/11:1-events
10:49:58 PM     0    238283     10.00      0.00  kworker/2:1-events
10:49:58 PM     0    240331      2.00      0.00  kworker/9:2-events
10:49:58 PM     0    241362      1.00      0.00  iostat
10:49:58 PM     0    241363      1.00      0.00  pidstat
10:49:58 PM     0    241364      5.00      0.00  bash
10:49:58 PM     0    241365      7.00      0.00  bash
10:49:58 PM     0    241366      4.00      0.00  bash
10:49:58 PM     0    241714      2.00      0.00  kworker/3:1-mm_percpu_wq
10:49:58 PM     0    242396      1.00      0.00  sleep
10:49:58 PM     0    242407      1.00      0.00  sleep

10:49:58 PM   UID       PID   cswch/s nvcswch/s  Command
10:49:59 PM     0        17     14.00      0.00  rcu_preempt
10:49:59 PM     0        18      1.00      0.00  migration/0
10:49:59 PM     0        23      1.00      0.00  migration/1
10:49:59 PM     0        24      1.00      0.00  ksoftirqd/1
10:49:59 PM     0        29      1.00      0.00  migration/2
10:49:59 PM     0        35      1.00      0.00  migration/3
10:49:59 PM     0        36      1.00      0.00  ksoftirqd/3
10:49:59 PM     0        41      1.00      0.00  migration/4
10:49:59 PM     0        47      1.00      0.00  migration/5
10:49:59 PM     0        53      1.00      0.00  migration/6
10:49:59 PM     0        59      1.00      0.00  migration/7
10:49:59 PM     0        65      1.00      0.00  migration/8
10:49:59 PM     0        71      1.00      0.00  migration/9
10:49:59 PM     0        77      1.00      0.00  migration/10
10:49:59 PM     0        83      1.00      0.00  migration/11
10:49:59 PM     0        95      2.00      0.00  kcompactd0
10:49:59 PM     0       192      2.00      0.00  kworker/7:1H-kblockd
10:49:59 PM     0       453      1.00      0.00  multipathd
10:49:59 PM     0    227297      1.00      0.00  kworker/10:2-mm_percpu_wq
10:49:59 PM     0    230290      2.00      0.00  kworker/7:0-mm_percpu_wq
10:49:59 PM     0    230337      1.00      0.00  kworker/6:1-mm_percpu_wq
10:49:59 PM     0    230364      3.00      0.00  kworker/u24:4-flush-259:1
10:49:59 PM     0    230433      3.00      0.00  kworker/0:1-events
10:49:59 PM     0    230457      4.00      0.00  kworker/1:2-mm_percpu_wq
10:49:59 PM     0    230482      2.00      0.00  kworker/4:0-mm_percpu_wq
10:49:59 PM     0    230483      1.00      0.00  kworker/5:0-events
10:49:59 PM     0    230559      2.00      0.00  kworker/11:1-mm_percpu_wq
10:49:59 PM     0    231566      5.00      0.00  kworker/u24:3-writeback
10:49:59 PM     0    238283      5.00      0.00  kworker/2:1-events
10:49:59 PM     0    241362      1.00      0.00  iostat
10:49:59 PM     0    241363      1.00      1.00  pidstat
10:49:59 PM     0    241364      1.00      0.00  bash
10:49:59 PM     0    241365      3.00      0.00  bash
10:49:59 PM     0    241366      4.00      0.00  bash
10:49:59 PM     0    241714      2.00      0.00  kworker/3:1-mm_percpu_wq
10:49:59 PM     0    242411      1.00      0.00  sleep

10:49:59 PM   UID       PID   cswch/s nvcswch/s  Command
10:50:00 PM     0        17     17.00      0.00  rcu_preempt
10:50:00 PM     0        24      2.00      0.00  ksoftirqd/1
10:50:00 PM     0        29      1.00      0.00  migration/2
10:50:00 PM     0        36      2.00      0.00  ksoftirqd/3
10:50:00 PM     0        84      1.00      0.00  ksoftirqd/11
10:50:00 PM     0        95      2.00      0.00  kcompactd0
10:50:00 PM     0       188      1.00      0.00  kworker/2:1H-kblockd
10:50:00 PM     0       195      1.00      0.00  kworker/6:1H-kblockd
10:50:00 PM     0       453      1.00      0.00  multipathd
10:50:00 PM     0    227297      1.00      0.00  kworker/10:2-events
10:50:00 PM     0    230337      2.00      0.00  kworker/6:1-mm_percpu_wq
10:50:00 PM     0    230364      1.00      0.00  kworker/u24:4-events_unbound
10:50:00 PM     0    230433      1.00      0.00  kworker/0:1-events
10:50:00 PM     0    230456      1.00      0.00  kworker/8:2-mm_percpu_wq
10:50:00 PM     0    230457      1.00      0.00  kworker/1:2-events
10:50:00 PM     0    230482      2.00      0.00  kworker/4:0-events
10:50:00 PM     0    230483      2.00      0.00  kworker/5:0-events
10:50:00 PM     0    230559      1.00      0.00  kworker/11:1-events
10:50:00 PM     0    231566      1.00      0.00  kworker/u24:3-writeback
10:50:00 PM     0    238283      2.00      0.00  kworker/2:1-mm_percpu_wq
10:50:00 PM     0    241362      1.00      0.00  iostat
10:50:00 PM     0    241363      1.00      0.00  pidstat
10:50:00 PM     0    241364      4.00      0.00  bash
10:50:00 PM     0    241365      5.00      0.00  bash
10:50:00 PM     0    241366      4.00      0.00  bash
10:50:00 PM     0    241714      2.00      0.00  kworker/3:1-events
10:50:00 PM     0    242422      1.00      0.00  sleep
10:50:00 PM     0    242423      1.00      0.00  sleep
10:50:00 PM     0    242426      1.00      0.00  sleep

10:50:00 PM   UID       PID   cswch/s nvcswch/s  Command
10:50:01 PM     0        17     20.00      0.00  rcu_preempt
10:50:01 PM     0        24      1.00      0.00  ksoftirqd/1
10:50:01 PM     0        36      1.00      0.00  ksoftirqd/3
10:50:01 PM     0        42      2.00      0.00  ksoftirqd/4
10:50:01 PM     0        66      1.00      0.00  ksoftirqd/8
10:50:01 PM     0        78      1.00      0.00  ksoftirqd/10
10:50:01 PM     0        84      1.00      0.00  ksoftirqd/11
10:50:01 PM     0        95      2.00      0.00  kcompactd0
10:50:01 PM     0       453      1.00      0.00  multipathd
10:50:01 PM     0       562      3.00      0.00  jbd2/nvme1n1p3-8
10:50:01 PM     0    230290      3.00      0.00  kworker/7:0-events
10:50:01 PM     0    230337      1.00      0.00  kworker/6:1-events
10:50:01 PM     0    230364      1.00      0.00  kworker/u24:4-edac-poller
10:50:01 PM     0    230433      1.00      0.00  kworker/0:1-mm_percpu_wq
10:50:01 PM     0    230456      1.00      0.00  kworker/8:2-mm_percpu_wq
10:50:01 PM     0    230457      3.00      0.00  kworker/1:2-events
10:50:01 PM     0    230482      3.00      0.00  kworker/4:0-mm_percpu_wq
10:50:01 PM     0    230559      2.00      0.00  kworker/11:1-events
10:50:01 PM     0    238283      5.00      0.00  kworker/2:1-events
10:50:01 PM     0    241362      1.00      0.00  iostat
10:50:01 PM     0    241363      1.00      1.00  pidstat
10:50:01 PM     0    241364      5.00      0.00  bash
10:50:01 PM     0    241365      8.00      0.00  bash
10:50:01 PM     0    241366      4.00      0.00  bash
10:50:01 PM     0    241714      2.00      0.00  kworker/3:1-events
10:50:01 PM     0    242437      1.00      0.00  sleep
10:50:01 PM     0    242438      1.00      0.00  sleep
10:50:01 PM     0    242441      1.00      0.00  sleep

10:50:01 PM   UID       PID   cswch/s nvcswch/s  Command
10:50:02 PM     0        17     17.00      0.00  rcu_preempt
10:50:02 PM     0        23      1.00      0.00  migration/1
10:50:02 PM     0        24      1.00      0.00  ksoftirqd/1
10:50:02 PM     0        41      1.00      0.00  migration/4
10:50:02 PM     0        60      1.00      0.00  ksoftirqd/7
10:50:02 PM     0        66      1.00      0.00  ksoftirqd/8
10:50:02 PM     0        78      1.00      0.00  ksoftirqd/10
10:50:02 PM     0        83      1.00      0.00  migration/11
10:50:02 PM     0        84      1.00      0.00  ksoftirqd/11
10:50:02 PM     0        95      2.00      0.00  kcompactd0
10:50:02 PM     0       194      2.00      0.00  kworker/8:1H-kblockd
10:50:02 PM     0       359      3.00      0.00  jbd2/nvme1n1p2-8
10:50:02 PM     0       453      1.00      0.00  multipathd
10:50:02 PM     0       769      4.00      0.00  cron
10:50:02 PM     0    227297      1.00      0.00  kworker/10:2-mm_percpu_wq
10:50:02 PM     0    230290      3.00      0.00  kworker/7:0-events
10:50:02 PM     0    230337      1.00      0.00  kworker/6:1-mm_percpu_wq
10:50:02 PM     0    230364      6.00      0.00  kworker/u24:4-writeback
10:50:02 PM     0    230433      1.00      0.00  kworker/0:1-events
10:50:02 PM     0    230457      4.00      0.00  kworker/1:2-events
10:50:02 PM     0    230482      2.00      0.00  kworker/4:0-events
10:50:02 PM     0    230483      2.00      0.00  kworker/5:0-events
10:50:02 PM     0    230559      3.00      0.00  kworker/11:1-events
10:50:02 PM     0    231566      2.00      0.00  kworker/u24:3-flush-259:1
10:50:02 PM     0    238283      3.00      0.00  kworker/2:1-mm_percpu_wq
10:50:02 PM     0    240331      2.00      0.00  kworker/9:2-events
10:50:02 PM     0    241362      1.00      0.00  iostat
10:50:02 PM     0    241363      1.00      0.00  pidstat
10:50:02 PM     0    241364      5.00      0.00  bash
10:50:02 PM     0    241365      8.00      0.00  bash
10:50:02 PM     0    241366      4.00      0.00  bash
10:50:02 PM     0    241714      1.00      0.00  kworker/3:1-mm_percpu_wq
10:50:02 PM     0    242452      1.00      0.00  sleep
10:50:02 PM     0    242453      1.00      0.00  sleep
10:50:02 PM     0    242456      1.00      0.00  sleep

10:50:02 PM   UID       PID   cswch/s nvcswch/s  Command
10:50:03 PM     0        16      1.00      0.00  ksoftirqd/0
10:50:03 PM     0        17     18.00      0.00  rcu_preempt
10:50:03 PM     0        18      1.00      0.00  migration/0
10:50:03 PM     0        23      1.00      0.00  migration/1
10:50:03 PM     0        29      1.00      0.00  migration/2
10:50:03 PM     0        35      1.00      0.00  migration/3
10:50:03 PM     0        36      1.00      0.00  ksoftirqd/3
10:50:03 PM     0        41      2.00      0.00  migration/4
10:50:03 PM     0        42      1.00      0.00  ksoftirqd/4
10:50:03 PM     0        47      1.00      0.00  migration/5
10:50:03 PM     0        48      1.00      0.00  ksoftirqd/5
10:50:03 PM     0        53      1.00      0.00  migration/6
10:50:03 PM     0        59      1.00      0.00  migration/7
10:50:03 PM     0        65      1.00      0.00  migration/8
10:50:03 PM     0        66      1.00      0.00  ksoftirqd/8
10:50:03 PM     0        71      1.00      0.00  migration/9
10:50:03 PM     0        72      1.00      0.00  ksoftirqd/9
10:50:03 PM     0        77      1.00      0.00  migration/10
10:50:03 PM     0        83      1.00      0.00  migration/11
10:50:03 PM     0        95      2.00      0.00  kcompactd0
10:50:03 PM     0       453      1.00      0.00  multipathd
10:50:03 PM     0     21554      1.00      0.00  packagekitd
10:50:03 PM     0    230290      1.00      0.00  kworker/7:0-events
10:50:03 PM     0    230337      1.00      0.00  kworker/6:1-events
10:50:03 PM     0    230364      1.00      0.00  kworker/u24:4-edac-poller
10:50:03 PM     0    230433      3.00      0.00  kworker/0:1-events
10:50:03 PM     0    230456      1.00      0.00  kworker/8:2-mm_percpu_wq
10:50:03 PM     0    230457      2.00      0.00  kworker/1:2-mm_percpu_wq
10:50:03 PM     0    230482      1.00      0.00  kworker/4:0-events
10:50:03 PM     0    230483      3.00      0.00  kworker/5:0-events
10:50:03 PM     0    238283      5.00      0.00  kworker/2:1-events
10:50:03 PM     0    240331      1.00      0.00  kworker/9:2-events
10:50:03 PM     0    241362      1.00      0.00  iostat
10:50:03 PM     0    241363      1.00      1.00  pidstat
10:50:03 PM     0    241364      5.00      0.00  bash
10:50:03 PM     0    241365      7.00      0.00  bash
10:50:03 PM     0    241366      4.00      0.00  bash
10:50:03 PM     0    241714      1.00      0.00  kworker/3:1-events
10:50:03 PM     0    242466      1.00      0.00  sleep
10:50:03 PM     0    242468      1.00      0.00  sleep
10:50:03 PM     0    242471      1.00      0.00  sleep

10:50:03 PM   UID       PID   cswch/s nvcswch/s  Command
10:50:04 PM     0        17     22.00      0.00  rcu_preempt
10:50:04 PM     0        24      2.00      0.00  ksoftirqd/1
10:50:04 PM     0        29      1.00      0.00  migration/2
10:50:04 PM     0        36      3.00      0.00  ksoftirqd/3
10:50:04 PM     0        48      1.00      0.00  ksoftirqd/5
10:50:04 PM     0        60      1.00      0.00  ksoftirqd/7
10:50:04 PM     0        95      2.00      0.00  kcompactd0
10:50:04 PM     0       453      1.00      0.00  multipathd
10:50:04 PM     0    227297      3.00      0.00  kworker/10:2-events
10:50:04 PM     0    230290      2.00      0.00  kworker/7:0-events
10:50:04 PM     0    230337      2.00      0.00  kworker/6:1-events
10:50:04 PM     0    230364      3.00      0.00  kworker/u24:4-events_power_efficient
10:50:04 PM     0    230457      1.00      0.00  kworker/1:2-events
10:50:04 PM     0    230482      2.00      0.00  kworker/4:0-events
10:50:04 PM     0    230483      3.00      0.00  kworker/5:0-events
10:50:04 PM     0    230559      1.00      0.00  kworker/11:1-mm_percpu_wq
10:50:04 PM     0    231566      3.00      0.00  kworker/u24:3-ipv6_addrconf
10:50:04 PM     0    238283      2.00      0.00  kworker/2:1-events
10:50:04 PM     0    241362      1.00      0.00  iostat
10:50:04 PM     0    241363      1.00      0.00  pidstat
10:50:04 PM     0    241364      5.00      0.00  bash
10:50:04 PM     0    241365      7.00      0.00  bash
10:50:04 PM     0    241366      4.00      0.00  bash
10:50:04 PM     0    241714      5.00      0.00  kworker/3:1-events
10:50:04 PM     0    242482      1.00      0.00  sleep
10:50:04 PM     0    242483      1.00      0.00  sleep
10:50:04 PM     0    242486      1.00      0.00  sleep

10:50:04 PM   UID       PID   cswch/s nvcswch/s  Command
10:50:05 PM     0        16      1.00      0.00  ksoftirqd/0
10:50:05 PM     0        17     16.00      0.00  rcu_preempt
10:50:05 PM     0        42      1.00      0.00  ksoftirqd/4
10:50:05 PM     0        54      1.00      0.00  ksoftirqd/6
10:50:05 PM     0        60      1.00      0.00  ksoftirqd/7
10:50:05 PM     0        95      2.00      0.00  kcompactd0
10:50:05 PM     0       453      1.00      0.00  multipathd
10:50:05 PM     0    230290      4.00      0.00  kworker/7:0-mm_percpu_wq
10:50:05 PM     0    230337      1.00      0.00  kworker/6:1-events
10:50:05 PM     0    230364      1.00      0.00  kworker/u24:4-edac-poller
10:50:05 PM     0    230433      1.00      0.00  kworker/0:1-mm_percpu_wq
10:50:05 PM     0    230456      1.00      0.00  kworker/8:2-mm_percpu_wq
10:50:05 PM     0    230457      4.00      0.00  kworker/1:2-mm_percpu_wq
10:50:05 PM     0    230482      2.00      0.00  kworker/4:0-mm_percpu_wq
10:50:05 PM     0    238283     14.00      0.00  kworker/2:1-events
10:50:05 PM     0    241362      1.00      0.00  iostat
10:50:05 PM     0    241363      1.00      0.00  pidstat
10:50:05 PM     0    241364      5.00      0.00  bash
10:50:05 PM     0    241365      8.00      0.00  bash
10:50:05 PM     0    241366      4.00      0.00  bash
10:50:05 PM     0    241714      3.00      0.00  kworker/3:1-events
10:50:05 PM     0    242497      1.00      0.00  sleep
10:50:05 PM     0    242498      1.00      0.00  sleep
10:50:05 PM     0    242501      1.00      0.00  sleep

10:50:05 PM   UID       PID   cswch/s nvcswch/s  Command
10:50:06 PM     0         2      1.00      0.00  kthreadd
10:50:06 PM     0        16      2.00      0.00  ksoftirqd/0
10:50:06 PM     0        17     17.00      0.00  rcu_preempt
10:50:06 PM     0        24      1.00      0.00  ksoftirqd/1
10:50:06 PM     0        35      1.00      0.00  migration/3
10:50:06 PM     0        48      2.00      0.00  ksoftirqd/5
10:50:06 PM     0        72      1.00      0.00  ksoftirqd/9
10:50:06 PM     0        84      1.00      0.00  ksoftirqd/11
10:50:06 PM     0        95      2.00      0.00  kcompactd0
10:50:06 PM     0       102      1.00      0.00  irq/9-acpi
10:50:06 PM     0       188      1.00      0.00  kworker/2:1H-kblockd
10:50:06 PM     0       453      1.00      0.00  multipathd
10:50:06 PM     0    214261      2.00      0.00  kworker/1:0-mm_percpu_wq
10:50:06 PM     0    227297      2.00      0.00  kworker/10:2-events
10:50:06 PM     0    230364      2.00      0.00  kworker/u24:4-events_unbound
10:50:06 PM     0    230433      5.00      0.00  kworker/0:1-kacpi_notify
10:50:06 PM     0    230456      1.00      0.00  kworker/8:2-mm_percpu_wq
10:50:06 PM     0    230457      6.00      0.00  kworker/1:2-pm
10:50:06 PM     0    230482      3.00      0.00  kworker/4:0-mm_percpu_wq
10:50:06 PM     0    230483      4.00      0.00  kworker/5:0-mm_percpu_wq
10:50:06 PM     0    230559      2.00      0.00  kworker/11:1-events
10:50:06 PM     0    238283     10.00      0.00  kworker/2:1-events
10:50:06 PM     0    240331      2.00      0.00  kworker/9:2-events
10:50:06 PM     0    241362      1.00      0.00  iostat
10:50:06 PM     0    241363      1.00      0.00  pidstat
10:50:06 PM     0    241364      5.00      0.00  bash
10:50:06 PM     0    241365      8.00      0.00  bash
10:50:06 PM     0    241366      4.00      0.00  bash
10:50:06 PM     0    241714      3.00      0.00  kworker/3:1-events
10:50:06 PM     0    242511      1.00      0.00  sleep
10:50:06 PM     0    242513      1.00      0.00  sleep
10:50:06 PM     0    242516      1.00      0.00  sleep
10:50:06 PM     0    242517      3.00      0.00  kworker/1:1-i915-unordered

10:50:06 PM   UID       PID   cswch/s nvcswch/s  Command
10:50:07 PM     0        17     26.00      0.00  rcu_preempt
10:50:07 PM     0        18      1.00      0.00  migration/0
10:50:07 PM     0        23      1.00      0.00  migration/1
10:50:07 PM     0        29      1.00      0.00  migration/2
10:50:07 PM     0        35      1.00      0.00  migration/3
10:50:07 PM     0        41      1.00      0.00  migration/4
10:50:07 PM     0        47      1.00      0.00  migration/5
10:50:07 PM     0        48      1.00      0.00  ksoftirqd/5
10:50:07 PM     0        53      1.00      0.00  migration/6
10:50:07 PM     0        59      1.00      0.00  migration/7
10:50:07 PM     0        60      1.00      0.00  ksoftirqd/7
10:50:07 PM     0        65      1.00      0.00  migration/8
10:50:07 PM     0        71      1.00      0.00  migration/9
10:50:07 PM     0        77      1.00      0.00  migration/10
10:50:07 PM     0        83      2.00      0.00  migration/11
10:50:07 PM     0        95      2.00      0.00  kcompactd0
10:50:07 PM     0       172      3.00      0.00  kworker/3:1H-kblockd
10:50:07 PM     0       359      3.00      0.00  jbd2/nvme1n1p2-8
10:50:07 PM     0       453      1.00      0.00  multipathd
10:50:07 PM     0       562      3.00      0.00  jbd2/nvme1n1p3-8
10:50:07 PM     0    230290      4.00      0.00  kworker/7:0-events
10:50:07 PM     0    230364      5.00      0.00  kworker/u24:4-ext4-rsv-conversion
10:50:07 PM     0    230433      1.00      0.00  kworker/0:1-mm_percpu_wq
10:50:07 PM     0    230456      1.00      0.00  kworker/8:2-mm_percpu_wq
10:50:07 PM     0    230457      3.00      0.00  kworker/1:2-mm_percpu_wq
10:50:07 PM     0    230482      4.00      0.00  kworker/4:0-mm_percpu_wq
10:50:07 PM     0    230483      3.00      0.00  kworker/5:0-events
10:50:07 PM     0    231566      4.00      0.00  kworker/u24:3-writeback
10:50:07 PM     0    238283      9.00      0.00  kworker/2:1-events
10:50:07 PM     0    241362      1.00      0.00  iostat
10:50:07 PM     0    241363      1.00      1.00  pidstat
10:50:07 PM     0    241364      5.00      0.00  bash
10:50:07 PM     0    241365      6.00      0.00  bash
10:50:07 PM     0    241366      4.00      0.00  bash
10:50:07 PM     0    241714      1.00      0.00  kworker/3:1-mm_percpu_wq
10:50:07 PM     0    242527      1.00      0.00  sleep
10:50:07 PM     0    242529      1.00      0.00  sleep
10:50:07 PM     0    242532      1.00      0.00  sleep

10:50:07 PM   UID       PID   cswch/s nvcswch/s  Command
10:50:08 PM     0        17     20.00      0.00  rcu_preempt
10:50:08 PM     0        24      1.00      0.00  ksoftirqd/1
10:50:08 PM     0        36      1.00      0.00  ksoftirqd/3
10:50:08 PM     0        42      1.00      0.00  ksoftirqd/4
10:50:08 PM     0        48      1.00      0.00  ksoftirqd/5
10:50:08 PM     0        78      1.00      0.00  ksoftirqd/10
10:50:08 PM     0        95      2.00      0.00  kcompactd0
10:50:08 PM     0       189      1.00      0.00  kworker/4:1H-kblockd
10:50:08 PM     0       453      1.00      0.00  multipathd
10:50:08 PM     0    227297      2.00      0.00  kworker/10:2-events
10:50:08 PM     0    230290      1.00      0.00  kworker/7:0-events
10:50:08 PM     0    230337      2.00      0.00  kworker/6:1-events
10:50:08 PM     0    230364      2.00      0.00  kworker/u24:4-edac-poller
10:50:08 PM     0    230457      4.00      0.00  kworker/1:2-events
10:50:08 PM     0    230482      2.00      0.00  kworker/4:0-events
10:50:08 PM     0    230483      4.00      0.00  kworker/5:0-events
10:50:08 PM     0    231566      1.00      0.00  kworker/u24:3-events_power_efficient
10:50:08 PM     0    238283      1.00      0.00  kworker/2:1-mm_percpu_wq
10:50:08 PM     0    240331      1.00      0.00  kworker/9:2-mm_percpu_wq
10:50:08 PM     0    241362      1.00      0.00  iostat
10:50:08 PM     0    241363      1.00      0.00  pidstat
10:50:08 PM     0    241364      5.00      0.00  bash
10:50:08 PM     0    241365      8.00      0.00  bash
10:50:08 PM     0    241366      4.00      0.00  bash
10:50:08 PM     0    242543      1.00      0.00  sleep
10:50:08 PM     0    242544      1.00      0.00  sleep
10:50:08 PM     0    242547      1.00      0.00  sleep

10:50:08 PM   UID       PID   cswch/s nvcswch/s  Command
10:50:09 PM     0        17     39.00      0.00  rcu_preempt
10:50:09 PM     0        24      2.00      0.00  ksoftirqd/1
10:50:09 PM     0        48      1.00      0.00  ksoftirqd/5
10:50:09 PM     0        78      2.00      0.00  ksoftirqd/10
10:50:09 PM     0        95      2.00      0.00  kcompactd0
10:50:09 PM     0       453      1.00      0.00  multipathd
10:50:09 PM     0    227297      3.00      0.00  kworker/10:2-events
10:50:09 PM     0    230290      3.00      0.00  kworker/7:0-events
10:50:09 PM     0    230337      1.00      0.00  kworker/6:1-events
10:50:09 PM     0    230364      2.00      0.00  kworker/u24:4-edac-poller
10:50:09 PM     0    230433      2.00      0.00  kworker/0:1-events
10:50:09 PM     0    230456      1.00      0.00  kworker/8:2-mm_percpu_wq
10:50:09 PM     0    230457      3.00      0.00  kworker/1:2-events
10:50:09 PM     0    230482      2.00      0.00  kworker/4:0-mm_percpu_wq
10:50:09 PM     0    230483      2.00      0.00  kworker/5:0-events
10:50:09 PM     0    230559      3.00      0.00  kworker/11:1-events
10:50:09 PM     0    238283      5.00      0.00  kworker/2:1-events
10:50:09 PM     0    240331      1.00      0.00  kworker/9:2-events
10:50:09 PM     0    241362      1.00      0.00  iostat
10:50:09 PM     0    241363      1.00      1.00  pidstat
10:50:09 PM     0    241364      5.00      0.00  bash
10:50:09 PM     0    241365      8.00      0.00  bash
10:50:09 PM     0    241366      4.00      0.00  bash
10:50:09 PM     0    241714      1.00      0.00  kworker/3:1-mm_percpu_wq
10:50:09 PM     0    242558      1.00      0.00  sleep
10:50:09 PM     0    242559      1.00      0.00  sleep
10:50:09 PM     0    242562      1.00      0.00  sleep

10:50:09 PM   UID       PID   cswch/s nvcswch/s  Command
10:50:10 PM     0        16      1.00      0.00  ksoftirqd/0
10:50:10 PM     0        17     16.00      0.00  rcu_preempt
10:50:10 PM     0        24      2.00      0.00  ksoftirqd/1
10:50:10 PM     0        36      1.00      0.00  ksoftirqd/3
10:50:10 PM     0        71      1.00      0.00  migration/9
10:50:10 PM     0        84      1.00      0.00  ksoftirqd/11
10:50:10 PM     0        95      2.00      0.00  kcompactd0
10:50:10 PM     0       453      1.00      0.00  multipathd
10:50:10 PM     0    227297      2.00      0.00  kworker/10:2-events
10:50:10 PM     0    230290      2.00      0.00  kworker/7:0-events
10:50:10 PM     0    230337      2.00      0.00  kworker/6:1-events
10:50:10 PM     0    230364      1.00      0.00  kworker/u24:4-events_power_efficient
10:50:10 PM     0    230457      4.00      0.00  kworker/1:2-events
10:50:10 PM     0    230482      2.00      0.00  kworker/4:0-events
10:50:10 PM     0    230483      2.00      0.00  kworker/5:0-events
10:50:10 PM     0    231566      2.00      0.00  kworker/u24:3-edac-poller
10:50:10 PM     0    238283      3.00      0.00  kworker/2:1-mm_percpu_wq
10:50:10 PM     0    240331      1.00      0.00  kworker/9:2-mm_percpu_wq
10:50:10 PM     0    241362      1.00      0.00  iostat
10:50:10 PM     0    241363      1.00      0.00  pidstat
10:50:10 PM     0    241364      5.00      0.00  bash
10:50:10 PM     0    241365      8.00      0.00  bash
10:50:10 PM     0    241366      4.00      0.00  bash
10:50:10 PM     0    241714      3.00      0.00  kworker/3:1-events
10:50:10 PM     0    242573      1.00      0.00  sleep
10:50:10 PM     0    242574      1.00      0.00  sleep
10:50:10 PM     0    242577      1.00      0.00  sleep

10:50:10 PM   UID       PID   cswch/s nvcswch/s  Command
10:50:11 PM     0        17     17.00      0.00  rcu_preempt
10:50:11 PM     0        18      1.00      0.00  migration/0
10:50:11 PM     0        23      2.00      0.00  migration/1
10:50:11 PM     0        24      2.00      0.00  ksoftirqd/1
10:50:11 PM     0        29      1.00      0.00  migration/2
10:50:11 PM     0        35      1.00      0.00  migration/3
10:50:11 PM     0        41      1.00      0.00  migration/4
10:50:11 PM     0        47      1.00      0.00  migration/5
10:50:11 PM     0        48      1.00      0.00  ksoftirqd/5
10:50:11 PM     0        53      1.00      0.00  migration/6
10:50:11 PM     0        59      2.00      0.00  migration/7
10:50:11 PM     0        65      1.00      0.00  migration/8
10:50:11 PM     0        71      1.00      0.00  migration/9
10:50:11 PM     0        77      1.00      0.00  migration/10
10:50:11 PM     0        78      1.00      0.00  ksoftirqd/10
10:50:11 PM     0        83      1.00      0.00  migration/11
10:50:11 PM     0        95      2.00      0.00  kcompactd0
10:50:11 PM     0       453      1.00      0.00  multipathd
10:50:11 PM     0    227297      1.00      0.00  kworker/10:2-events
10:50:11 PM     0    230290      2.00      0.00  kworker/7:0-events
10:50:11 PM     0    230337      1.00      0.00  kworker/6:1-events
10:50:11 PM     0    230433      1.00      0.00  kworker/0:1-mm_percpu_wq
10:50:11 PM     0    230456      1.00      0.00  kworker/8:2-mm_percpu_wq
10:50:11 PM     0    230457      5.00      0.00  kworker/1:2-mm_percpu_wq
10:50:11 PM     0    230482      1.00      0.00  kworker/4:0-events
10:50:11 PM     0    230483      2.00      0.00  kworker/5:0-events
10:50:11 PM     0    230559      2.00      0.00  kworker/11:1-events
10:50:11 PM     0    231566      2.00      0.00  kworker/u24:3-edac-poller
10:50:11 PM     0    238283      5.00      0.00  kworker/2:1-events
10:50:11 PM     0    240331      1.00      0.00  kworker/9:2-events
10:50:11 PM     0    241362      1.00      0.00  iostat
10:50:11 PM     0    241363      1.00      1.00  pidstat
10:50:11 PM     0    241364      5.00      0.00  bash
10:50:11 PM     0    241365      7.00      0.00  bash
10:50:11 PM     0    241366      4.00      0.00  bash
10:50:11 PM     0    241714      2.00      0.00  kworker/3:1-events
10:50:11 PM     0    242587      1.00      1.00  sleep
10:50:11 PM     0    242589      1.00      0.00  sleep
10:50:11 PM     0    242592      1.00      0.00  sleep

10:50:11 PM   UID       PID   cswch/s nvcswch/s  Command
10:50:12 PM     0        17     12.00      0.00  rcu_preempt
10:50:12 PM     0        24      1.00      0.00  ksoftirqd/1
10:50:12 PM     0        35      1.00      0.00  migration/3
10:50:12 PM     0        54      1.00      0.00  ksoftirqd/6
10:50:12 PM     0        78      1.00      0.00  ksoftirqd/10
10:50:12 PM     0        84      1.00      0.00  ksoftirqd/11
10:50:12 PM     0        95      2.00      0.00  kcompactd0
10:50:12 PM     0       192      1.00      0.00  kworker/7:1H-kblockd
10:50:12 PM     0       359      3.00      0.00  jbd2/nvme1n1p2-8
10:50:12 PM     0       453      1.00      0.00  multipathd
10:50:12 PM     0       562      3.00      0.00  jbd2/nvme1n1p3-8
10:50:12 PM     0    227297      2.00      0.00  kworker/10:2-events
10:50:12 PM     0    230290      3.00      0.00  kworker/7:0-mm_percpu_wq
10:50:12 PM     0    230337      2.00      0.00  kworker/6:1-events
10:50:12 PM     0    230364      3.00      0.00  kworker/u24:4-writeback
10:50:12 PM     0    230457      2.00      0.00  kworker/1:2-events
10:50:12 PM     0    230482      2.00      0.00  kworker/4:0-events
10:50:12 PM     0    230483      2.00      0.00  kworker/5:0-events
10:50:12 PM     0    230559      1.00      0.00  kworker/11:1-events
10:50:12 PM     0    231566      3.00      0.00  kworker/u24:3-ext4-rsv-conversion
10:50:12 PM     0    238283      1.00      0.00  kworker/2:1-mm_percpu_wq
10:50:12 PM     0    240331      1.00      0.00  kworker/9:2-mm_percpu_wq
10:50:12 PM     0    241362      1.00      0.00  iostat
10:50:12 PM     0    241363      1.00      0.00  pidstat
10:50:12 PM     0    241364      5.00      0.00  bash
10:50:12 PM     0    241365      6.00      0.00  bash
10:50:12 PM     0    241366      4.00      0.00  bash
10:50:12 PM     0    241714      2.00      0.00  kworker/3:1-events
10:50:12 PM     0    242604      1.00      0.00  sleep
10:50:12 PM     0    242605      1.00      0.00  sleep
10:50:12 PM     0    242607      1.00      0.00  sleep

10:50:12 PM   UID       PID   cswch/s nvcswch/s  Command
10:50:13 PM     0        17     14.00      0.00  rcu_preempt
10:50:13 PM     0        24      1.00      0.00  ksoftirqd/1
10:50:13 PM     0        48      1.00      0.00  ksoftirqd/5
10:50:13 PM     0        54      1.00      0.00  ksoftirqd/6
10:50:13 PM     0        72      1.00      0.00  ksoftirqd/9
10:50:13 PM     0        84      1.00      0.00  ksoftirqd/11
10:50:13 PM     0        95      2.00      0.00  kcompactd0
10:50:13 PM     0       188      1.00      0.00  kworker/2:1H-kblockd
10:50:13 PM     0       453      1.00      0.00  multipathd
10:50:13 PM     0     21554      1.00      0.00  packagekitd
10:50:13 PM     0    230290      3.00      0.00  kworker/7:0-mm_percpu_wq
10:50:13 PM     0    230337      1.00      0.00  kworker/6:1-events
10:50:13 PM     0    230364      2.00      0.00  kworker/u24:4-edac-poller
10:50:13 PM     0    230433      2.00      0.00  kworker/0:1-events
10:50:13 PM     0    230456      1.00      0.00  kworker/8:2-mm_percpu_wq
10:50:13 PM     0    230457      2.00      0.00  kworker/1:2-mm_percpu_wq
10:50:13 PM     0    230482      2.00      0.00  kworker/4:0-mm_percpu_wq
10:50:13 PM     0    230483      2.00      0.00  kworker/5:0-events
10:50:13 PM     0    230559      1.00      0.00  kworker/11:1-mm_percpu_wq
10:50:13 PM     0    238283      5.00      0.00  kworker/2:1-events
10:50:13 PM     0    240331      3.00      0.00  kworker/9:2-events
10:50:13 PM     0    241362      1.00      0.00  iostat
10:50:13 PM     0    241363      1.00      0.00  pidstat
10:50:13 PM     0    241364      5.00      0.00  bash
10:50:13 PM     0    241365      8.00      0.00  bash
10:50:13 PM     0    241366      4.00      0.00  bash
10:50:13 PM     0    241714      1.00      0.00  kworker/3:1-events
10:50:13 PM     0    242619      1.00      0.00  sleep
10:50:13 PM     0    242620      1.00      0.00  sleep
10:50:13 PM     0    242622      1.00      0.00  sleep

10:50:13 PM   UID       PID   cswch/s nvcswch/s  Command
10:50:14 PM     0        17     16.00      0.00  rcu_preempt
10:50:14 PM     0        24      1.00      0.00  ksoftirqd/1
10:50:14 PM     0        36      1.00      0.00  ksoftirqd/3
10:50:14 PM     0        54      2.00      0.00  ksoftirqd/6
10:50:14 PM     0        72      1.00      0.00  ksoftirqd/9
10:50:14 PM     0        84      1.00      0.00  ksoftirqd/11
10:50:14 PM     0        95      1.00      0.00  kcompactd0
10:50:14 PM     0       453      1.00      0.00  multipathd
10:50:14 PM     0    227297      2.00      0.00  kworker/10:2-events
10:50:14 PM     0    230290      1.00      0.00  kworker/7:0-events
10:50:14 PM     0    230337      4.00      0.00  kworker/6:1-events
10:50:14 PM     0    230364      1.00      0.00  kworker/u24:4-edac-poller
10:50:14 PM     0    230433      1.00      0.00  kworker/0:1-events
10:50:14 PM     0    230456      1.00      0.00  kworker/8:2-mm_percpu_wq
10:50:14 PM     0    230482      4.00      0.00  kworker/4:0-mm_percpu_wq
10:50:14 PM     0    230483      2.00      0.00  kworker/5:0-events
10:50:14 PM     0    230559      2.00      0.00  kworker/11:1-events
10:50:14 PM     0    238283      2.00      0.00  kworker/2:1-mm_percpu_wq
10:50:14 PM     0    240331      3.00      0.00  kworker/9:2-events
10:50:14 PM     0    241362      1.00      0.00  iostat
10:50:14 PM     0    241363      1.00      0.00  pidstat
10:50:14 PM     0    241364      5.00      0.00  bash
10:50:14 PM     0    241365      8.00      0.00  bash
10:50:14 PM     0    241366      4.00      0.00  bash
10:50:14 PM     0    241714      2.00      0.00  kworker/3:1-events
10:50:14 PM     0    242625      1.00      0.00  sleep
10:50:14 PM     0    242636      1.00      0.00  sleep
10:50:14 PM     0    242637      1.00      0.00  sleep

10:50:14 PM   UID       PID   cswch/s nvcswch/s  Command
10:50:15 PM     0        16      1.00      0.00  ksoftirqd/0
10:50:15 PM     0        17     23.00      0.00  rcu_preempt
10:50:15 PM     0        18      1.00      0.00  migration/0
10:50:15 PM     0        23      1.00      0.00  migration/1
10:50:15 PM     0        29      1.00      0.00  migration/2
10:50:15 PM     0        35      1.00      0.00  migration/3
10:50:15 PM     0        36      1.00      0.00  ksoftirqd/3
10:50:15 PM     0        41      1.00      0.00  migration/4
10:50:15 PM     0        47      1.00      0.00  migration/5
10:50:15 PM     0        53      1.00      0.00  migration/6
10:50:15 PM     0        54      1.00      0.00  ksoftirqd/6
10:50:15 PM     0        59      1.00      0.00  migration/7
10:50:15 PM     0        60      1.00      0.00  ksoftirqd/7
10:50:15 PM     0        65      1.00      0.00  migration/8
10:50:15 PM     0        71      1.00      0.00  migration/9
10:50:15 PM     0        77      1.00      0.00  migration/10
10:50:15 PM     0        83      1.00      0.00  migration/11
10:50:15 PM     0        84      2.00      0.00  ksoftirqd/11
10:50:15 PM     0        95      2.00      0.00  kcompactd0
10:50:15 PM     0       188      1.00      0.00  kworker/2:1H-kblockd
10:50:15 PM     0       453      1.00      0.00  multipathd
10:50:15 PM     0    230290      3.00      0.00  kworker/7:0-events
10:50:15 PM     0    230337      1.00      0.00  kworker/6:1-events
10:50:15 PM     0    230364      2.00      0.00  kworker/u24:4-events_power_efficient
10:50:15 PM     0    230433      4.00      0.00  kworker/0:1-mm_percpu_wq
10:50:15 PM     0    230457      4.00      0.00  kworker/1:2-events
10:50:15 PM     0    230482      3.00      0.00  kworker/4:0-events
10:50:15 PM     0    230559      5.00      0.00  kworker/11:1-events
10:50:15 PM     0    231566      2.00      0.00  kworker/u24:3-ext4-rsv-conversion
10:50:15 PM     0    238283      6.00      0.00  kworker/2:1-events
10:50:15 PM     0    241362      1.00      0.00  iostat
10:50:15 PM     0    241363      1.00      0.00  pidstat
10:50:15 PM     0    241364      5.00      0.00  bash
10:50:15 PM     0    241365      7.00      0.00  bash
10:50:15 PM     0    241366      4.00      0.00  bash
10:50:15 PM     0    241714      1.00      0.00  kworker/3:1-events
10:50:15 PM     0    242640      1.00      0.00  sleep
10:50:15 PM     0    242651      1.00      0.00  sleep
10:50:15 PM     0    242652      1.00      0.00  sleep

10:50:15 PM   UID       PID   cswch/s nvcswch/s  Command
10:50:16 PM     0        16      2.00      0.00  ksoftirqd/0
10:50:16 PM     0        17     18.00      0.00  rcu_preempt
10:50:16 PM     0        24      1.00      0.00  ksoftirqd/1
10:50:16 PM     0        36      1.00      0.00  ksoftirqd/3
10:50:16 PM     0        48      2.00      0.00  ksoftirqd/5
10:50:16 PM     0        54      1.00      0.00  ksoftirqd/6
10:50:16 PM     0        95      2.00      0.00  kcompactd0
10:50:16 PM     0       453      1.00      0.00  multipathd
10:50:16 PM     0    227297      1.00      0.00  kworker/10:2-mm_percpu_wq
10:50:16 PM     0    230290      2.00      0.00  kworker/7:0-events
10:50:16 PM     0    230337      3.00      0.00  kworker/6:1-events
10:50:16 PM     0    230433      2.00      0.00  kworker/0:1-events
10:50:16 PM     0    230457      1.00      0.00  kworker/1:2-events
10:50:16 PM     0    230482      2.00      0.00  kworker/4:0-mm_percpu_wq
10:50:16 PM     0    230483      4.00      0.00  kworker/5:0-events
10:50:16 PM     0    231566      1.00      0.00  kworker/u24:3-edac-poller
10:50:16 PM     0    238283      2.00      0.00  kworker/2:1-mm_percpu_wq
10:50:16 PM     0    240331      1.00      0.00  kworker/9:2-mm_percpu_wq
10:50:16 PM     0    241362      1.00      0.00  iostat
10:50:16 PM     0    241363      1.00      0.00  pidstat
10:50:16 PM     0    241364      5.00      0.00  bash
10:50:16 PM     0    241365      8.00      1.00  bash
10:50:16 PM     0    241366      4.00      0.00  bash
10:50:16 PM     0    241714      3.00      0.00  kworker/3:1-events
10:50:16 PM     0    242655      1.00      0.00  sleep
10:50:16 PM     0    242666      1.00      0.00  sleep
10:50:16 PM     0    242667      1.00      0.00  sleep

10:50:16 PM   UID       PID   cswch/s nvcswch/s  Command
10:50:17 PM     0        16      1.00      0.00  ksoftirqd/0
10:50:17 PM     0        17     17.00      0.00  rcu_preempt
10:50:17 PM     0        23      1.00      0.00  migration/1
10:50:17 PM     0        36      1.00      0.00  ksoftirqd/3
10:50:17 PM     0        60      1.00      0.00  ksoftirqd/7
10:50:17 PM     0        66      1.00      0.00  ksoftirqd/8
10:50:17 PM     0        84      1.00      0.00  ksoftirqd/11
10:50:17 PM     0        95      2.00      0.00  kcompactd0
10:50:17 PM     0       102      1.00      0.00  irq/9-acpi
10:50:17 PM     0       192      2.00      0.00  kworker/7:1H-kblockd
10:50:17 PM     0       359      3.00      0.00  jbd2/nvme1n1p2-8
10:50:17 PM     0       453      2.00      0.00  multipathd
10:50:17 PM     0       562      4.00      0.00  jbd2/nvme1n1p3-8
10:50:17 PM     0    227297      1.00      0.00  kworker/10:2-mm_percpu_wq
10:50:17 PM     0    230290      3.00      0.00  kworker/7:0-mm_percpu_wq
10:50:17 PM     0    230337      2.00      0.00  kworker/6:1-mm_percpu_wq
10:50:17 PM     0    230364      3.00      0.00  kworker/u24:4-ext4-rsv-conversion
10:50:17 PM     0    230433      4.00      0.00  kworker/0:1-mm_percpu_wq
10:50:17 PM     0    230456      2.00      0.00  kworker/8:2-mm_percpu_wq
10:50:17 PM     0    230457   1140.00      1.00  kworker/1:2-mm_percpu_wq
10:50:17 PM     0    230482      3.00      0.00  kworker/4:0-mm_percpu_wq
10:50:17 PM     0    230483      2.00      0.00  kworker/5:0-mm_percpu_wq
10:50:17 PM     0    230559      5.00      0.00  kworker/11:1-mm_percpu_wq
10:50:17 PM     0    231566      7.00      0.00  kworker/u24:3-events_unbound
10:50:17 PM     0    238283      6.00      0.00  kworker/2:1-events
10:50:17 PM     0    240331      3.00      0.00  kworker/9:2-mm_percpu_wq
10:50:17 PM     0    241362      1.00      0.00  iostat
10:50:17 PM     0    241363      1.00      0.00  pidstat
10:50:17 PM     0    241364      5.00      0.00  bash
10:50:17 PM     0    241365      8.00      0.00  bash
10:50:17 PM     0    241366      4.00      0.00  bash
10:50:17 PM     0    241714      2.00      0.00  kworker/3:1-mm_percpu_wq
10:50:17 PM     0    242517   1135.00      0.00  kworker/1:1-i915-unordered
10:50:17 PM     0    242670      1.00      0.00  sleep
10:50:17 PM     0    242680      1.00      0.00  sleep
10:50:17 PM     0    242682      1.00      0.00  sleep

10:50:17 PM   UID       PID   cswch/s nvcswch/s  Command
10:50:18 PM     0        17     17.00      0.00  rcu_preempt
10:50:18 PM     0        24      1.00      0.00  ksoftirqd/1
10:50:18 PM     0        48      1.00      0.00  ksoftirqd/5
10:50:18 PM     0        60      1.00      0.00  ksoftirqd/7
10:50:18 PM     0        72      2.00      0.00  ksoftirqd/9
10:50:18 PM     0        95      2.00      0.00  kcompactd0
10:50:18 PM     0       453      1.00      0.00  multipathd
10:50:18 PM     0    227297      1.00      0.00  kworker/10:2-mm_percpu_wq
10:50:18 PM     0    230290      3.00      0.00  kworker/7:0-mm_percpu_wq
10:50:18 PM     0    230337      1.00      0.00  kworker/6:1-events
10:50:18 PM     0    230433      1.00      0.00  kworker/0:1-events
10:50:18 PM     0    230482      4.00      0.00  kworker/4:0-mm_percpu_wq
10:50:18 PM     0    230483      3.00      0.00  kworker/5:0-mm_percpu_wq
10:50:18 PM     0    231566      1.00      0.00  kworker/u24:3-edac-poller
10:50:18 PM     0    238283      2.00      0.00  kworker/2:1-mm_percpu_wq
10:50:18 PM     0    240331      4.00      0.00  kworker/9:2-mm_percpu_wq
10:50:18 PM     0    241362      1.00      0.00  iostat
10:50:18 PM     0    241363      1.00      0.00  pidstat
10:50:18 PM     0    241364      5.00      0.00  bash
10:50:18 PM     0    241365      8.00      0.00  bash
10:50:18 PM     0    241366      4.00      0.00  bash
10:50:18 PM     0    242517      1.00      0.00  kworker/1:1-events
10:50:18 PM     0    242685      1.00      0.00  sleep
10:50:18 PM     0    242695      1.00      0.00  sleep
10:50:18 PM     0    242697      1.00      0.00  sleep

10:50:18 PM   UID       PID   cswch/s nvcswch/s  Command
10:50:19 PM     0        17     19.00      0.00  rcu_preempt
10:50:19 PM     0        18      1.00      0.00  migration/0
10:50:19 PM     0        23      1.00      0.00  migration/1
10:50:19 PM     0        24      2.00      0.00  ksoftirqd/1
10:50:19 PM     0        29      1.00      0.00  migration/2
10:50:19 PM     0        35      1.00      0.00  migration/3
10:50:19 PM     0        41      1.00      0.00  migration/4
10:50:19 PM     0        47      1.00      0.00  migration/5
10:50:19 PM     0        48      1.00      0.00  ksoftirqd/5
10:50:19 PM     0        53      1.00      0.00  migration/6
10:50:19 PM     0        59      1.00      0.00  migration/7
10:50:19 PM     0        65      1.00      0.00  migration/8
10:50:19 PM     0        71      1.00      0.00  migration/9
10:50:19 PM     0        72      2.00      0.00  ksoftirqd/9
10:50:19 PM     0        77      1.00      0.00  migration/10
10:50:19 PM     0        83      1.00      0.00  migration/11
10:50:19 PM     0        95      2.00      0.00  kcompactd0
10:50:19 PM     0       453      1.00      0.00  multipathd
10:50:19 PM     0    230290      2.00      0.00  kworker/7:0-events
10:50:19 PM     0    230337      2.00      0.00  kworker/6:1-events
10:50:19 PM     0    230364      1.00      0.00  kworker/u24:4-ext4-rsv-conversion
10:50:19 PM     0    230433      1.00      0.00  kworker/0:1-mm_percpu_wq
10:50:19 PM     0    230456      2.00      0.00  kworker/8:2-mm_percpu_wq
10:50:19 PM     0    230482      2.00      0.00  kworker/4:0-mm_percpu_wq
10:50:19 PM     0    230483      2.00      0.00  kworker/5:0-events
10:50:19 PM     0    230559      3.00      0.00  kworker/11:1-mm_percpu_wq
10:50:19 PM     0    231566      1.00      0.00  kworker/u24:3-events_unbound
10:50:19 PM     0    238283      5.00      0.00  kworker/2:1-events
10:50:19 PM     0    240331      4.00      0.00  kworker/9:2-events
10:50:19 PM     0    241362      1.00      0.00  iostat
10:50:19 PM     0    241363      1.00      0.00  pidstat
10:50:19 PM     0    241364      5.00      0.00  bash
10:50:19 PM     0    241365      8.00      0.00  bash
10:50:19 PM     0    241366      4.00      0.00  bash
10:50:19 PM     0    241714      1.00      0.00  kworker/3:1-events
10:50:19 PM     0    242517      4.00      0.00  kworker/1:1-events
10:50:19 PM     0    242700      1.00      0.00  sleep
10:50:19 PM     0    242711      1.00      0.00  sleep
10:50:19 PM     0    242712      1.00      0.00  sleep

10:50:19 PM   UID       PID   cswch/s nvcswch/s  Command
10:50:20 PM     0        17     17.00      0.00  rcu_preempt
10:50:20 PM     0        24      1.00      0.00  ksoftirqd/1
10:50:20 PM     0        36      1.00      0.00  ksoftirqd/3
10:50:20 PM     0        48      1.00      0.00  ksoftirqd/5
10:50:20 PM     0        72      2.00      0.00  ksoftirqd/9
10:50:20 PM     0        95      2.00      0.00  kcompactd0
10:50:20 PM     0       453      1.00      0.00  multipathd
10:50:20 PM     0    230290      2.00      0.00  kworker/7:0-mm_percpu_wq
10:50:20 PM     0    230337      1.00      0.00  kworker/6:1-events
10:50:20 PM     0    230433      1.00      0.00  kworker/0:1-events
10:50:20 PM     0    230482      3.00      0.00  kworker/4:0-events
10:50:20 PM     0    230483      2.00      0.00  kworker/5:0-events
10:50:20 PM     0    230559      1.00      0.00  kworker/11:1-events
10:50:20 PM     0    231566      1.00      0.00  kworker/u24:3-edac-poller
10:50:20 PM     0    238283      1.00      0.00  kworker/2:1-mm_percpu_wq
10:50:20 PM     0    240331      2.00      0.00  kworker/9:2-events
10:50:20 PM     0    241362      1.00      0.00  iostat
10:50:20 PM     0    241363      1.00      0.00  pidstat
10:50:20 PM     0    241364      5.00      0.00  bash
10:50:20 PM     0    241365      8.00      0.00  bash
10:50:20 PM     0    241366      4.00      0.00  bash
10:50:20 PM     0    241714      2.00      0.00  kworker/3:1-mm_percpu_wq
10:50:20 PM     0    242517      2.00      0.00  kworker/1:1-events
10:50:20 PM     0    242715      1.00      0.00  sleep
10:50:20 PM     0    242725      1.00      0.00  sleep
10:50:20 PM     0    242727      1.00      0.00  sleep

10:50:20 PM   UID       PID   cswch/s nvcswch/s  Command
10:50:21 PM     0        16      1.00      0.00  ksoftirqd/0
10:50:21 PM     0        17     18.00      0.00  rcu_preempt
10:50:21 PM     0        36      1.00      0.00  ksoftirqd/3
10:50:21 PM     0        47      1.00      0.00  migration/5
10:50:21 PM     0        71      1.00      0.00  migration/9
10:50:21 PM     0        84      2.00      0.00  ksoftirqd/11
10:50:21 PM     0        95      2.00      0.00  kcompactd0
10:50:21 PM     0       453      1.00      0.00  multipathd
10:50:21 PM     0    227297      1.00      0.00  kworker/10:2-mm_percpu_wq
10:50:21 PM     0    230290      2.00      0.00  kworker/7:0-mm_percpu_wq
10:50:21 PM     0    230337      2.00      0.00  kworker/6:1-events
10:50:21 PM     0    230364      2.00      0.00  kworker/u24:4-events_unbound
10:50:21 PM     0    230433      4.00      0.00  kworker/0:1-mm_percpu_wq
10:50:21 PM     0    230456      1.00      0.00  kworker/8:2-mm_percpu_wq
10:50:21 PM     0    230482      3.00      0.00  kworker/4:0-mm_percpu_wq
10:50:21 PM     0    230483      1.00      0.00  kworker/5:0-mm_percpu_wq
10:50:21 PM     0    230559      2.00      0.00  kworker/11:1-events
10:50:21 PM     0    231566      2.00      0.00  kworker/u24:3-events_power_efficient
10:50:21 PM     0    238283      5.00      0.00  kworker/2:1-events
10:50:21 PM     0    240331      4.00      0.00  kworker/9:2-events
10:50:21 PM     0    241362      1.00      0.00  iostat
10:50:21 PM     0    241363      1.00      1.00  pidstat
10:50:21 PM     0    241364      5.00      0.00  bash
10:50:21 PM     0    241365      8.00      0.00  bash
10:50:21 PM     0    241366      4.00      0.00  bash
10:50:21 PM     0    241714      2.00      0.00  kworker/3:1-events
10:50:21 PM     0    242517      3.00      0.00  kworker/1:1-events
10:50:21 PM     0    242730      1.00      0.00  sleep
10:50:21 PM     0    242741      1.00      0.00  sleep
10:50:21 PM     0    242742      1.00      0.00  sleep

10:50:21 PM   UID       PID   cswch/s nvcswch/s  Command
10:50:22 PM     0        16      1.00      0.00  ksoftirqd/0
10:50:22 PM     0        17     19.00      0.00  rcu_preempt
10:50:22 PM     0        48      2.00      0.00  ksoftirqd/5
10:50:22 PM     0        60      1.00      0.00  ksoftirqd/7
10:50:22 PM     0        95      2.00      0.00  kcompactd0
10:50:22 PM     0       172      2.00      0.00  kworker/3:1H-kblockd
10:50:22 PM     0       192      1.00      0.00  kworker/7:1H-kblockd
10:50:22 PM     0       359      3.00      0.00  jbd2/nvme1n1p2-8
10:50:22 PM     0       453      1.00      0.00  multipathd
10:50:22 PM     0       562      3.00      0.00  jbd2/nvme1n1p3-8
10:50:22 PM     0    230290      2.00      0.00  kworker/7:0-events
10:50:22 PM     0    230337      1.00      0.00  kworker/6:1-events
10:50:22 PM     0    230364      6.00      0.00  kworker/u24:4-writeback
10:50:22 PM     0    230433      2.00      0.00  kworker/0:1-events
10:50:22 PM     0    230456      1.00      0.00  kworker/8:2-mm_percpu_wq
10:50:22 PM     0    230482      3.00      0.00  kworker/4:0-events
10:50:22 PM     0    230483      1.00      0.00  kworker/5:0-events
10:50:22 PM     0    230559      3.00      0.00  kworker/11:1-events
10:50:22 PM     0    231566      3.00      0.00  kworker/u24:3-flush-259:1
10:50:22 PM     0    238283      2.00      0.00  kworker/2:1-mm_percpu_wq
10:50:22 PM     0    240331      1.00      0.00  kworker/9:2-events
10:50:22 PM     0    241362      1.00      0.00  iostat
10:50:22 PM     0    241363      1.00      0.00  pidstat
10:50:22 PM     0    241364      5.00      0.00  bash
10:50:22 PM     0    241365      8.00      0.00  bash
10:50:22 PM     0    241366      4.00      0.00  bash
10:50:22 PM     0    241714      2.00      0.00  kworker/3:1-mm_percpu_wq
10:50:22 PM     0    242517      1.00      0.00  kworker/1:1-events
10:50:22 PM     0    242745      1.00      0.00  sleep
10:50:22 PM     0    242756      1.00      0.00  sleep
10:50:22 PM     0    242757      1.00      0.00  sleep

10:50:22 PM   UID       PID   cswch/s nvcswch/s  Command
10:50:23 PM     0        17     18.00      0.00  rcu_preempt
10:50:23 PM     0        18      1.00      0.00  migration/0
10:50:23 PM     0        23      1.00      0.00  migration/1
10:50:23 PM     0        24      1.00      0.00  ksoftirqd/1
10:50:23 PM     0        29      1.00      0.00  migration/2
10:50:23 PM     0        35      1.00      0.00  migration/3
10:50:23 PM     0        36      1.00      0.00  ksoftirqd/3
10:50:23 PM     0        41      1.00      0.00  migration/4
10:50:23 PM     0        47      1.00      0.00  migration/5
10:50:23 PM     0        48      1.00      0.00  ksoftirqd/5
10:50:23 PM     0        53      1.00      0.00  migration/6
10:50:23 PM     0        59      1.00      0.00  migration/7
10:50:23 PM     0        65      1.00      0.00  migration/8
10:50:23 PM     0        71      1.00      0.00  migration/9
10:50:23 PM     0        72      1.00      0.00  ksoftirqd/9
10:50:23 PM     0        77      1.00      0.00  migration/10
10:50:23 PM     0        83      1.00      0.00  migration/11
10:50:23 PM     0        95      2.00      0.00  kcompactd0
10:50:23 PM     0       189      1.00      0.00  kworker/4:1H-kblockd
10:50:23 PM     0       453      1.00      0.00  multipathd
10:50:23 PM     0     21554      1.00      0.00  packagekitd
10:50:23 PM     0    227297      1.00      0.00  kworker/10:2-mm_percpu_wq
10:50:23 PM     0    230290      2.00      0.00  kworker/7:0-events
10:50:23 PM     0    230337      2.00      0.00  kworker/6:1-events
10:50:23 PM     0    230364      2.00      0.00  kworker/u24:4-events_unbound
10:50:23 PM     0    230433      1.00      0.00  kworker/0:1-events
10:50:23 PM     0    230482      2.00      0.00  kworker/4:0-mm_percpu_wq
10:50:23 PM     0    230483      3.00      0.00  kworker/5:0-events
10:50:23 PM     0    230559      2.00      0.00  kworker/11:1-events
10:50:23 PM     0    231566      2.00      0.00  kworker/u24:3-events_power_efficient
10:50:23 PM     0    238283      5.00      0.00  kworker/2:1-events
10:50:23 PM     0    240331      5.00      0.00  kworker/9:2-events
10:50:23 PM     0    241362      1.00      0.00  iostat
10:50:23 PM     0    241363      1.00      0.00  pidstat
10:50:23 PM     0    241364      5.00      0.00  bash
10:50:23 PM     0    241365      8.00      0.00  bash
10:50:23 PM     0    241366      4.00      0.00  bash
10:50:23 PM     0    241714      1.00      0.00  kworker/3:1-mm_percpu_wq
10:50:23 PM     0    242517      4.00      0.00  kworker/1:1-events
10:50:23 PM     0    242760      1.00      0.00  sleep
10:50:23 PM     0    242771      1.00      0.00  sleep
10:50:23 PM     0    242772      1.00      0.00  sleep

10:50:23 PM   UID       PID   cswch/s nvcswch/s  Command
10:50:24 PM     0        16      2.00      0.00  ksoftirqd/0
10:50:24 PM     0        17     19.00      0.00  rcu_preempt
10:50:24 PM     0        48      1.00      0.00  ksoftirqd/5
10:50:24 PM     0        60      1.00      0.00  ksoftirqd/7
10:50:24 PM     0        72      1.00      0.00  ksoftirqd/9
10:50:24 PM     0        95      2.00      0.00  kcompactd0
10:50:24 PM     0       453      1.00      0.00  multipathd
10:50:24 PM     0    230290      3.00      0.00  kworker/7:0-events
10:50:24 PM     0    230364      1.00      0.00  kworker/u24:4-edac-poller
10:50:24 PM     0    230433      2.00      0.00  kworker/0:1-mm_percpu_wq
10:50:24 PM     0    230456      2.00      0.00  kworker/8:2-mm_percpu_wq
10:50:24 PM     0    230482      2.00      0.00  kworker/4:0-mm_percpu_wq
10:50:24 PM     0    230483      3.00      0.00  kworker/5:0-mm_percpu_wq
10:50:24 PM     0    230559      2.00      0.00  kworker/11:1-events
10:50:24 PM     0    238283      2.00      0.00  kworker/2:1-mm_percpu_wq
10:50:24 PM     0    240331      1.00      0.00  kworker/9:2-events
10:50:24 PM     0    241362      1.00      0.00  iostat
10:50:24 PM     0    241363      1.00      1.00  pidstat
10:50:24 PM     0    241364      5.00      0.00  bash
10:50:24 PM     0    241365      8.00      0.00  bash
10:50:24 PM     0    241366      4.00      0.00  bash
10:50:24 PM     0    241714      1.00      0.00  kworker/3:1-events
10:50:24 PM     0    242517      1.00      0.00  kworker/1:1-events
10:50:24 PM     0    242775      1.00      0.00  sleep
10:50:24 PM     0    242786      1.00      0.00  sleep
10:50:24 PM     0    242787      1.00      0.00  sleep

10:50:24 PM   UID       PID   cswch/s nvcswch/s  Command
10:50:25 PM     0         1      1.00      0.00  systemd
10:50:25 PM     0        17     22.00      0.00  rcu_preempt
10:50:25 PM     0        24      1.00      0.00  ksoftirqd/1
10:50:25 PM     0        48      2.00      0.00  ksoftirqd/5
10:50:25 PM     0        95      2.00      0.00  kcompactd0
10:50:25 PM     0       453      1.00      0.00  multipathd
10:50:25 PM   101       608      1.00      0.00  systemd-network
10:50:25 PM     0    227297      1.00      0.00  kworker/10:2-mm_percpu_wq
10:50:25 PM     0    230290      2.00      0.00  kworker/7:0-events
10:50:25 PM     0    230337      2.00      0.00  kworker/6:1-events
10:50:25 PM     0    230364      1.00      0.00  kworker/u24:4-events_unbound
10:50:25 PM     0    230433      1.00      0.00  kworker/0:1-events
10:50:25 PM     0    230482      1.00      0.00  kworker/4:0-events
10:50:25 PM     0    230483      2.00      0.00  kworker/5:0-events
10:50:25 PM     0    230559      1.00      0.00  kworker/11:1-events
10:50:25 PM     0    231566      1.00      0.00  kworker/u24:3-events_power_efficient
10:50:25 PM     0    238283      6.00      0.00  kworker/2:1-events
10:50:25 PM     0    240331      3.00      0.00  kworker/9:2-events
10:50:25 PM     0    241362      1.00      0.00  iostat
10:50:25 PM     0    241363      1.00      0.00  pidstat
10:50:25 PM     0    241364      5.00      0.00  bash
10:50:25 PM     0    241365      8.00      0.00  bash
10:50:25 PM     0    241366      4.00      0.00  bash
10:50:25 PM     0    241714      2.00      0.00  kworker/3:1-events
10:50:25 PM     0    242517      5.00      0.00  kworker/1:1-events
10:50:25 PM     0    242790      1.00      0.00  sleep
10:50:25 PM     0    242800      1.00      0.00  sleep
10:50:25 PM     0    242802      1.00      0.00  sleep

10:50:25 PM   UID       PID   cswch/s nvcswch/s  Command
10:50:26 PM     0        16      2.00      0.00  ksoftirqd/0
10:50:26 PM     0        17     20.00      0.00  rcu_preempt
10:50:26 PM     0        24      1.00      0.00  ksoftirqd/1
10:50:26 PM     0        48      1.00      0.00  ksoftirqd/5
10:50:26 PM     0        95      2.00      0.00  kcompactd0
10:50:26 PM     0       453      1.00      0.00  multipathd
10:50:26 PM     0    230290      2.00      0.00  kworker/7:0-events
10:50:26 PM     0    230364      1.00      0.00  kworker/u24:4-events_power_efficient
10:50:26 PM     0    230433      2.00      0.00  kworker/0:1-events
10:50:26 PM     0    230482      3.00      0.00  kworker/4:0-mm_percpu_wq
10:50:26 PM     0    230483      5.00      0.00  kworker/5:0-mm_percpu_wq
10:50:26 PM     0    230559      2.00      0.00  kworker/11:1-events
10:50:26 PM     0    231566      2.00      0.00  kworker/u24:3-edac-poller
10:50:26 PM     0    238283      2.00      0.00  kworker/2:1-mm_percpu_wq
10:50:26 PM     0    241362      1.00      0.00  iostat
10:50:26 PM     0    241363      1.00      0.00  pidstat
10:50:26 PM     0    241364      5.00      0.00  bash
10:50:26 PM     0    241365      8.00      0.00  bash
10:50:26 PM     0    241366      4.00      0.00  bash
10:50:26 PM     0    241714      3.00      0.00  kworker/3:1-events
10:50:26 PM     0    242517      1.00      0.00  kworker/1:1-events
10:50:26 PM     0    242805      1.00      0.00  sleep
10:50:26 PM     0    242816      1.00      0.00  sleep
10:50:26 PM     0    242817      1.00      0.00  sleep

10:50:26 PM   UID       PID   cswch/s nvcswch/s  Command
10:50:27 PM     0        16      1.00      0.00  ksoftirqd/0
10:50:27 PM     0        17     17.00      0.00  rcu_preempt
10:50:27 PM     0        18      1.00      0.00  migration/0
10:50:27 PM     0        23      1.00      0.00  migration/1
10:50:27 PM     0        29      1.00      0.00  migration/2
10:50:27 PM     0        35      1.00      0.00  migration/3
10:50:27 PM     0        41      1.00      0.00  migration/4
10:50:27 PM     0        47      1.00      0.00  migration/5
10:50:27 PM     0        48      1.00      0.00  ksoftirqd/5
10:50:27 PM     0        53      1.00      0.00  migration/6
10:50:27 PM     0        59      1.00      0.00  migration/7
10:50:27 PM     0        60      1.00      0.00  ksoftirqd/7
10:50:27 PM     0        65      1.00      0.00  migration/8
10:50:27 PM     0        71      1.00      0.00  migration/9
10:50:27 PM     0        72      1.00      1.00  ksoftirqd/9
10:50:27 PM     0        77      1.00      0.00  migration/10
10:50:27 PM     0        83      1.00      0.00  migration/11
10:50:27 PM     0        95      2.00      0.00  kcompactd0
10:50:27 PM     0       192      1.00      0.00  kworker/7:1H-kblockd
10:50:27 PM     0       359      3.00      0.00  jbd2/nvme1n1p2-8
10:50:27 PM     0       453      1.00      0.00  multipathd
10:50:27 PM     0       562      3.00      0.00  jbd2/nvme1n1p3-8
10:50:27 PM     0    227297      2.00      0.00  kworker/10:2-events
10:50:27 PM     0    230290      4.00      0.00  kworker/7:0-mm_percpu_wq
10:50:27 PM     0    230337      2.00      0.00  kworker/6:1-events
10:50:27 PM     0    230433      4.00      0.00  kworker/0:1-mm_percpu_wq
10:50:27 PM     0    230456      2.00      0.00  kworker/8:2-mm_percpu_wq
10:50:27 PM     0    230482      1.00      0.00  kworker/4:0-events
10:50:27 PM     0    230483      2.00      0.00  kworker/5:0-events
10:50:27 PM     0    230559      1.00      0.00  kworker/11:1-events
10:50:27 PM     0    231566      4.00      0.00  kworker/u24:3-ext4-rsv-conversion
10:50:27 PM     0    238283      5.00      0.00  kworker/2:1-events
10:50:27 PM     0    240331      3.00      0.00  kworker/9:2-events
10:50:27 PM     0    241362      1.00      0.00  iostat
10:50:27 PM     0    241363      1.00      1.00  pidstat
10:50:27 PM     0    241364      5.00      0.00  bash
10:50:27 PM     0    241365      8.00      0.00  bash
10:50:27 PM     0    241366      4.00      0.00  bash
10:50:27 PM     0    241714      2.00      0.00  kworker/3:1-events
10:50:27 PM     0    242517      5.00      0.00  kworker/1:1-events
10:50:27 PM     0    242820      1.00      0.00  sleep
10:50:27 PM     0    242830      1.00      0.00  sleep
10:50:27 PM     0    242832      1.00      0.00  sleep

10:50:27 PM   UID       PID   cswch/s nvcswch/s  Command
10:50:28 PM     0         2      1.00      0.00  kthreadd
10:50:28 PM     0        16      1.00      0.00  ksoftirqd/0
10:50:28 PM     0        17     19.00      0.00  rcu_preempt
10:50:28 PM     0        24      1.00      0.00  ksoftirqd/1
10:50:28 PM     0        84      2.00      0.00  ksoftirqd/11
10:50:28 PM     0        95      2.00      0.00  kcompactd0
10:50:28 PM     0       102      1.00      0.00  irq/9-acpi
10:50:28 PM     0       453      1.00      0.00  multipathd
10:50:28 PM     0    230290      8.00      0.00  kworker/7:0-events
10:50:28 PM     0    230337      1.00      0.00  kworker/6:1-events
10:50:28 PM     0    230433      3.00      0.00  kworker/0:1-events
10:50:28 PM     0    230482      2.00      0.00  kworker/4:0-mm_percpu_wq
10:50:28 PM     0    230483      1.00      0.00  kworker/5:0-events
10:50:28 PM     0    230559      2.00      0.00  kworker/11:1-events
10:50:28 PM     0    230615      2.00      0.00  kworker/7:2-i915-unordered
10:50:28 PM     0    231566      3.00      0.00  kworker/u24:3-edac-poller
10:50:28 PM     0    238283      1.00      0.00  kworker/2:1-mm_percpu_wq
10:50:28 PM     0    240331      1.00      0.00  kworker/9:2-events
10:50:28 PM     0    241362      1.00      0.00  iostat
10:50:28 PM     0    241363      1.00      0.00  pidstat
10:50:28 PM     0    241364      5.00      0.00  bash
10:50:28 PM     0    241365      7.00      0.00  bash
10:50:28 PM     0    241366      4.00      0.00  bash
10:50:28 PM     0    241714      1.00      0.00  kworker/3:1-events
10:50:28 PM     0    242517      3.00      0.00  kworker/1:1-mm_percpu_wq
10:50:28 PM     0    242833      2.00      0.00  kworker/7:1
10:50:28 PM     0    242836      1.00      0.00  sleep
10:50:28 PM     0    242846      1.00      0.00  sleep
10:50:28 PM     0    242848      1.00      0.00  sleep

10:50:28 PM   UID       PID   cswch/s nvcswch/s  Command
10:50:29 PM     0        16      1.00      0.00  ksoftirqd/0
10:50:29 PM     0        17     15.00      0.00  rcu_preempt
10:50:29 PM     0        35      1.00      0.00  migration/3
10:50:29 PM     0        54      1.00      0.00  ksoftirqd/6
10:50:29 PM     0        60      1.00      0.00  ksoftirqd/7
10:50:29 PM     0        72      1.00      0.00  ksoftirqd/9
10:50:29 PM     0        95      2.00      0.00  kcompactd0
10:50:29 PM     0       453      1.00      0.00  multipathd
10:50:29 PM     0    227297      1.00      0.00  kworker/10:2-mm_percpu_wq
10:50:29 PM     0    230290      5.00      0.00  kworker/7:0-events
10:50:29 PM     0    230337      3.00      0.00  kworker/6:1-events
10:50:29 PM     0    230433      2.00      0.00  kworker/0:1-events
10:50:29 PM     0    230482      2.00      0.00  kworker/4:0-mm_percpu_wq
10:50:29 PM     0    230483      2.00      0.00  kworker/5:0-events
10:50:29 PM     0    230559      3.00      0.00  kworker/11:1-mm_percpu_wq
10:50:29 PM     0    231566      2.00      0.00  kworker/u24:3-edac-poller
10:50:29 PM     0    238283      6.00      0.00  kworker/2:1-events
10:50:29 PM     0    240331      3.00      0.00  kworker/9:2-events
10:50:29 PM     0    241362      1.00      0.00  iostat
10:50:29 PM     0    241363      1.00      0.00  pidstat
10:50:29 PM     0    241364      5.00      0.00  bash
10:50:29 PM     0    241365      8.00      0.00  bash
10:50:29 PM     0    241366      4.00      0.00  bash
10:50:29 PM     0    241714      1.00      0.00  kworker/3:1-mm_percpu_wq
10:50:29 PM     0    242517      1.00      0.00  kworker/1:1-events
10:50:29 PM     0    242851      1.00      0.00  sleep
10:50:29 PM     0    242861      1.00      0.00  sleep
10:50:29 PM     0    242863      1.00      0.00  sleep

10:50:29 PM   UID       PID   cswch/s nvcswch/s  Command
10:50:30 PM     0        17     16.00      0.00  rcu_preempt
10:50:30 PM     0        48      1.00      0.00  ksoftirqd/5
10:50:30 PM     0        72      1.00      0.00  ksoftirqd/9
10:50:30 PM     0        95      2.00      0.00  kcompactd0
10:50:30 PM     0       453      1.00      0.00  multipathd
10:50:30 PM     0    230364      1.00      0.00  kworker/u24:4-events_power_efficient
10:50:30 PM     0    230433      1.00      0.00  kworker/0:1-events
10:50:30 PM     0    230456      1.00      0.00  kworker/8:2-mm_percpu_wq
10:50:30 PM     0    230482      3.00      0.00  kworker/4:0-events
10:50:30 PM     0    230483      4.00      0.00  kworker/5:0-events
10:50:30 PM     0    231566      1.00      0.00  kworker/u24:3-events_unbound
10:50:30 PM     0    238283      3.00      0.00  kworker/2:1-mm_percpu_wq
10:50:30 PM     0    240331      2.00      0.00  kworker/9:2-events
10:50:30 PM     0    241362      1.00      0.00  iostat
10:50:30 PM     0    241363      1.00      0.00  pidstat
10:50:30 PM     0    241364      5.00      0.00  bash
10:50:30 PM     0    241365      8.00      0.00  bash
10:50:30 PM     0    241366      4.00      0.00  bash
10:50:30 PM     0    241714      2.00      0.00  kworker/3:1-events
10:50:30 PM     0    242866      1.00      0.00  sleep
10:50:30 PM     0    242876      1.00      0.00  sleep
10:50:30 PM     0    242878      1.00      0.00  sleep

10:50:30 PM   UID       PID   cswch/s nvcswch/s  Command
10:50:31 PM     0        17     19.00      0.00  rcu_preempt
10:50:31 PM     0        18      1.00      0.00  migration/0
10:50:31 PM     0        23      1.00      0.00  migration/1
10:50:31 PM     0        24      2.00      0.00  ksoftirqd/1
10:50:31 PM     0        29      1.00      0.00  migration/2
10:50:31 PM     0        35      1.00      0.00  migration/3
10:50:31 PM     0        41      1.00      0.00  migration/4
10:50:31 PM     0        47      1.00      0.00  migration/5
10:50:31 PM     0        53      1.00      0.00  migration/6
10:50:31 PM     0        59      2.00      0.00  migration/7
10:50:31 PM     0        65      1.00      0.00  migration/8
10:50:31 PM     0        71      1.00      0.00  migration/9
10:50:31 PM     0        72      1.00      1.00  ksoftirqd/9
10:50:31 PM     0        77      1.00      0.00  migration/10
10:50:31 PM     0        83      1.00      0.00  migration/11
10:50:31 PM     0        95      2.00      0.00  kcompactd0
10:50:31 PM     0       453      1.00      0.00  multipathd
10:50:31 PM     0    227297      2.00      0.00  kworker/10:2-events
10:50:31 PM     0    230290      2.00      0.00  kworker/7:0-events
10:50:31 PM     0    230337      2.00      0.00  kworker/6:1-events
10:50:31 PM     0    230364      2.00      0.00  kworker/u24:4-edac-poller
10:50:31 PM     0    230433      2.00      0.00  kworker/0:1-mm_percpu_wq
10:50:31 PM     0    230456      1.00      0.00  kworker/8:2-mm_percpu_wq
10:50:31 PM     0    230482      2.00      0.00  kworker/4:0-mm_percpu_wq
10:50:31 PM     0    230483      2.00      0.00  kworker/5:0-events
10:50:31 PM     0    230559      1.00      0.00  kworker/11:1-events
10:50:31 PM     0    231566      1.00      0.00  kworker/u24:3-events_power_efficient
10:50:31 PM     0    238283      5.00      0.00  kworker/2:1-events
10:50:31 PM     0    240331      3.00      0.00  kworker/9:2-events
10:50:31 PM     0    241362      1.00      0.00  iostat
10:50:31 PM     0    241363      1.00      1.00  pidstat
10:50:31 PM     0    241364      5.00      0.00  bash
10:50:31 PM     0    241365      8.00      0.00  bash
10:50:31 PM     0    241366      4.00      0.00  bash
10:50:31 PM     0    241714      2.00      0.00  kworker/3:1-events
10:50:31 PM     0    242517      4.00      0.00  kworker/1:1-mm_percpu_wq
10:50:31 PM     0    242881      1.00      0.00  sleep
10:50:31 PM     0    242892      1.00      0.00  sleep
10:50:31 PM     0    242893      1.00      0.00  sleep

10:50:31 PM   UID       PID   cswch/s nvcswch/s  Command
10:50:32 PM     0        17     15.00      0.00  rcu_preempt
10:50:32 PM     0        36      1.00      0.00  ksoftirqd/3
10:50:32 PM     0        48      1.00      0.00  ksoftirqd/5
10:50:32 PM     0        60      1.00      0.00  ksoftirqd/7
10:50:32 PM     0        72      1.00      0.00  ksoftirqd/9
10:50:32 PM     0        95      2.00      0.00  kcompactd0
10:50:32 PM     0       453      1.00      0.00  multipathd
10:50:32 PM     0       562      3.00      0.00  jbd2/nvme1n1p3-8
10:50:32 PM     0    227297      2.00      0.00  kworker/10:2-events
10:50:32 PM     0    230290      3.00      0.00  kworker/7:0-events
10:50:32 PM     0    230337      1.00      0.00  kworker/6:1-events
10:50:32 PM     0    230364      2.00      0.00  kworker/u24:4-edac-poller
10:50:32 PM     0    230433      1.00      0.00  kworker/0:1-events
10:50:32 PM     0    230482      1.00      0.00  kworker/4:0-events
10:50:32 PM     0    230483      2.00      0.00  kworker/5:0-events
10:50:32 PM     0    230559      2.00      0.00  kworker/11:1-events
10:50:32 PM     0    238283      1.00      0.00  kworker/2:1-mm_percpu_wq
10:50:32 PM     0    240331      2.00      0.00  kworker/9:2-events
10:50:32 PM     0    241362      1.00      0.00  iostat
10:50:32 PM     0    241363      1.00      0.00  pidstat
10:50:32 PM     0    241364      5.00      0.00  bash
10:50:32 PM     0    241365      8.00      0.00  bash
10:50:32 PM     0    241366      4.00      0.00  bash
10:50:32 PM     0    241714      2.00      0.00  kworker/3:1-events
10:50:32 PM     0    242517      1.00      0.00  kworker/1:1-events
10:50:32 PM     0    242896      1.00      0.00  sleep
10:50:32 PM     0    242907      1.00      0.00  sleep
10:50:32 PM     0    242908      1.00      0.00  sleep

10:50:32 PM   UID       PID   cswch/s nvcswch/s  Command
10:50:33 PM     0        17     16.00      0.00  rcu_preempt
10:50:33 PM     0        24      1.00      0.00  ksoftirqd/1
10:50:33 PM     0        36      2.00      0.00  ksoftirqd/3
10:50:33 PM     0        42      3.00      0.00  ksoftirqd/4
10:50:33 PM     0        95      2.00      0.00  kcompactd0
10:50:33 PM     0       172      1.00      0.00  kworker/3:1H-kblockd
10:50:33 PM     0       189      3.00      0.00  kworker/4:1H-kblockd
10:50:33 PM     0       359      3.00      0.00  jbd2/nvme1n1p2-8
10:50:33 PM     0       453      1.00      0.00  multipathd
10:50:33 PM     0     21554      1.00      0.00  packagekitd
10:50:33 PM     0    230290      4.00      0.00  kworker/7:0-mm_percpu_wq
10:50:33 PM     0    230337      2.00      0.00  kworker/6:1-events
10:50:33 PM     0    230364      6.00      0.00  kworker/u24:4-edac-poller
10:50:33 PM     0    230433      1.00      0.00  kworker/0:1-events
10:50:33 PM     0    230482      3.00      0.00  kworker/4:0-mm_percpu_wq
10:50:33 PM     0    230483      2.00      0.00  kworker/5:0-events
10:50:33 PM     0    230559      2.00      0.00  kworker/11:1-events
10:50:33 PM     0    231566      3.00      0.00  kworker/u24:3-ext4-rsv-conversion
10:50:33 PM     0    238283      5.00      0.00  kworker/2:1-events
10:50:33 PM     0    240331      2.00      0.00  kworker/9:2-events
10:50:33 PM     0    241362      1.00      0.00  iostat
10:50:33 PM     0    241363      1.00      0.00  pidstat
10:50:33 PM     0    241364      5.00      0.00  bash
10:50:33 PM     0    241365      8.00      0.00  bash
10:50:33 PM     0    241366      4.00      0.00  bash
10:50:33 PM     0    241714      3.00      0.00  kworker/3:1-events
10:50:33 PM     0    242517      4.00      0.00  kworker/1:1-events
10:50:33 PM     0    242911      1.00      0.00  sleep
10:50:33 PM     0    242922      1.00      0.00  sleep
10:50:33 PM     0    242923      1.00      0.00  sleep

10:50:33 PM   UID       PID   cswch/s nvcswch/s  Command
10:50:34 PM     0        17     19.00      0.00  rcu_preempt
10:50:34 PM     0        24      1.00      0.00  ksoftirqd/1
10:50:34 PM     0        60      1.00      0.00  ksoftirqd/7
10:50:34 PM     0        78      1.00      0.00  ksoftirqd/10
10:50:34 PM     0        84      2.00      0.00  ksoftirqd/11
10:50:34 PM     0        95      2.00      0.00  kcompactd0
10:50:34 PM     0       453      1.00      0.00  multipathd
10:50:34 PM   101       608      2.00      0.00  systemd-network
10:50:34 PM     0    227297      3.00      0.00  kworker/10:2-mm_percpu_wq
10:50:34 PM     0    230290      1.00      0.00  kworker/7:0-events
10:50:34 PM     0    230337      2.00      0.00  kworker/6:1-events
10:50:34 PM     0    230364      1.00      0.00  kworker/u24:4-edac-poller
10:50:34 PM     0    230433      1.00      0.00  kworker/0:1-mm_percpu_wq
10:50:34 PM     0    230456      2.00      0.00  kworker/8:2-mm_percpu_wq
10:50:34 PM     0    230482      4.00      0.00  kworker/4:0-mm_percpu_wq
10:50:34 PM     0    230483      1.00      0.00  kworker/5:0-events
10:50:34 PM     0    230559      3.00      0.00  kworker/11:1-mm_percpu_wq
10:50:34 PM     0    238283      2.00      0.00  kworker/2:1-mm_percpu_wq
10:50:34 PM     0    240331      1.00      0.00  kworker/9:2-events
10:50:34 PM     0    241362      1.00      0.00  iostat
10:50:34 PM     0    241363      1.00      1.00  pidstat
10:50:34 PM     0    241364      5.00      0.00  bash
10:50:34 PM     0    241365      7.00      0.00  bash
10:50:34 PM     0    241366      4.00      0.00  bash
10:50:34 PM     0    241714      2.00      0.00  kworker/3:1-events
10:50:34 PM     0    242517      2.00      0.00  kworker/1:1-events
10:50:34 PM     0    242926      1.00      0.00  sleep
10:50:34 PM     0    242936      1.00      0.00  sleep
10:50:34 PM     0    242938      1.00      0.00  sleep

10:50:34 PM   UID       PID   cswch/s nvcswch/s  Command
10:50:35 PM     0        17     19.00      0.00  rcu_preempt
10:50:35 PM     0        18      1.00      0.00  migration/0
10:50:35 PM     0        23      1.00      0.00  migration/1
10:50:35 PM     0        24      2.00      0.00  ksoftirqd/1
10:50:35 PM     0        29      1.00      0.00  migration/2
10:50:35 PM     0        35      1.00      0.00  migration/3
10:50:35 PM     0        36      2.00      0.00  ksoftirqd/3
10:50:35 PM     0        41      1.00      0.00  migration/4
10:50:35 PM     0        47      1.00      0.00  migration/5
10:50:35 PM     0        53      1.00      0.00  migration/6
10:50:35 PM     0        59      2.00      0.00  migration/7
10:50:35 PM     0        60      1.00      0.00  ksoftirqd/7
10:50:35 PM     0        65      1.00      0.00  migration/8
10:50:35 PM     0        71      1.00      0.00  migration/9
10:50:35 PM     0        77      1.00      0.00  migration/10
10:50:35 PM     0        83      1.00      0.00  migration/11
10:50:35 PM     0        95      2.00      0.00  kcompactd0
10:50:35 PM     0       453      1.00      0.00  multipathd
10:50:35 PM     0    227297      1.00      0.00  kworker/10:2-events
10:50:35 PM     0    230290      4.00      0.00  kworker/7:0-events
10:50:35 PM     0    230337      2.00      0.00  kworker/6:1-events
10:50:35 PM     0    230364      2.00      0.00  kworker/u24:4-edac-poller
10:50:35 PM     0    230482      1.00      0.00  kworker/4:0-events
10:50:35 PM     0    230559      2.00      0.00  kworker/11:1-events
10:50:35 PM     0    238283      6.00      0.00  kworker/2:1-events
10:50:35 PM     0    240331      4.00      0.00  kworker/9:2-events
10:50:35 PM     0    241362      1.00      0.00  iostat
10:50:35 PM     0    241363      1.00      0.00  pidstat
10:50:35 PM     0    241364      5.00      0.00  bash
10:50:35 PM     0    241365      8.00      0.00  bash
10:50:35 PM     0    241366      4.00      0.00  bash
10:50:35 PM     0    241714      3.00      0.00  kworker/3:1-events
10:50:35 PM     0    242517      2.00      0.00  kworker/1:1-mm_percpu_wq
10:50:35 PM     0    242941      1.00      0.00  sleep
10:50:35 PM     0    242951      1.00      0.00  sleep
10:50:35 PM     0    242953      1.00      0.00  sleep

10:50:35 PM   UID       PID   cswch/s nvcswch/s  Command
10:50:36 PM     0        17     20.00      0.00  rcu_preempt
10:50:36 PM     0        24      1.00      0.00  ksoftirqd/1
10:50:36 PM     0        42      1.00      0.00  ksoftirqd/4
10:50:36 PM     0        48      1.00      0.00  ksoftirqd/5
10:50:36 PM     0        78      1.00      0.00  ksoftirqd/10
10:50:36 PM     0        95      2.00      0.00  kcompactd0
10:50:36 PM     0       453      1.00      0.00  multipathd
10:50:36 PM     0    227297      1.00      0.00  kworker/10:2-events
10:50:36 PM     0    230290      1.00      0.00  kworker/7:0-events
10:50:36 PM     0    230337      1.00      0.00  kworker/6:1-events
10:50:36 PM     0    230364      1.00      0.00  kworker/u24:4-events_power_efficient
10:50:36 PM     0    230433      1.00      0.00  kworker/0:1-events
10:50:36 PM     0    230482      4.00      0.00  kworker/4:0-mm_percpu_wq
10:50:36 PM     0    230483      3.00      0.00  kworker/5:0-mm_percpu_wq
10:50:36 PM     0    230559      2.00      0.00  kworker/11:1-events
10:50:36 PM     0    231566      2.00      0.00  kworker/u24:3-edac-poller
10:50:36 PM     0    238283      2.00      0.00  kworker/2:1-mm_percpu_wq
10:50:36 PM     0    240331      2.00      0.00  kworker/9:2-mm_percpu_wq
10:50:36 PM     0    241362      1.00      0.00  iostat
10:50:36 PM     0    241363      1.00      1.00  pidstat
10:50:36 PM     0    241364      5.00      0.00  bash
10:50:36 PM     0    241365      7.00      0.00  bash
10:50:36 PM     0    241366      4.00      0.00  bash
10:50:36 PM     0    241714      2.00      0.00  kworker/3:1-events
10:50:36 PM     0    242517      4.00      0.00  kworker/1:1-mm_percpu_wq
10:50:36 PM     0    242956      1.00      0.00  sleep
10:50:36 PM     0    242966      1.00      0.00  sleep
10:50:36 PM     0    242968      1.00      0.00  sleep

10:50:36 PM   UID       PID   cswch/s nvcswch/s  Command
10:50:37 PM     0        17     23.00      0.00  rcu_preempt
10:50:37 PM     0        24      1.00      0.00  ksoftirqd/1
10:50:37 PM     0        42      1.00      0.00  ksoftirqd/4
10:50:37 PM     0        47      1.00      0.00  migration/5
10:50:37 PM     0        48      1.00      0.00  ksoftirqd/5
10:50:37 PM     0        60      1.00      0.00  ksoftirqd/7
10:50:37 PM     0        84      1.00      0.00  ksoftirqd/11
10:50:37 PM     0        95      2.00      0.00  kcompactd0
10:50:37 PM     0       453      1.00      0.00  multipathd
10:50:37 PM     0       562      3.00      0.00  jbd2/nvme1n1p3-8
10:50:37 PM     0    227297      2.00      0.00  kworker/10:2-events
10:50:37 PM     0    230290      3.00      0.00  kworker/7:0-events
10:50:37 PM     0    230337      2.00      0.00  kworker/6:1-events
10:50:37 PM     0    230433      1.00      0.00  kworker/0:1-events
10:50:37 PM     0    230456      1.00      0.00  kworker/8:2-mm_percpu_wq
10:50:37 PM     0    230482      3.00      0.00  kworker/4:0-events
10:50:37 PM     0    230483      3.00      0.00  kworker/5:0-events
10:50:37 PM     0    230559      3.00      0.00  kworker/11:1-events
10:50:37 PM     0    231566      3.00      0.00  kworker/u24:3-edac-poller
10:50:37 PM     0    238283      6.00      0.00  kworker/2:1-events
10:50:37 PM     0    240331      1.00      0.00  kworker/9:2-events
10:50:37 PM     0    241362      1.00      0.00  iostat
10:50:37 PM     0    241363      1.00      0.00  pidstat
10:50:37 PM     0    241364      5.00      0.00  bash
10:50:37 PM     0    241365      8.00      0.00  bash
10:50:37 PM     0    241366      4.00      0.00  bash
10:50:37 PM     0    241714      2.00      0.00  kworker/3:1-events
10:50:37 PM     0    242517      3.00      0.00  kworker/1:1-events
10:50:37 PM     0    242971      1.00      0.00  sleep
10:50:37 PM     0    242981      1.00      1.00  sleep
10:50:37 PM     0    242983      1.00      0.00  sleep

10:50:37 PM   UID       PID   cswch/s nvcswch/s  Command
10:50:38 PM     0         1      1.00      0.00  systemd
10:50:38 PM     0        17     21.00      0.00  rcu_preempt
10:50:38 PM     0        36      1.00      0.00  ksoftirqd/3
10:50:38 PM     0        42      1.00      0.00  ksoftirqd/4
10:50:38 PM     0        48      1.00      0.00  ksoftirqd/5
10:50:38 PM     0        60      2.00      0.00  ksoftirqd/7
10:50:38 PM     0        78      1.00      0.00  ksoftirqd/10
10:50:38 PM     0        84      1.00      0.00  ksoftirqd/11
10:50:38 PM     0        95      2.00      0.00  kcompactd0
10:50:38 PM     0       102      1.00      0.00  irq/9-acpi
10:50:38 PM     0       194      1.00      0.00  kworker/8:1H-kblockd
10:50:38 PM     0       359      3.00      0.00  jbd2/nvme1n1p2-8
10:50:38 PM     0       415      1.00      0.00  systemd-journal
10:50:38 PM     0       453      2.00      0.00  multipathd
10:50:38 PM   102       621      1.00      0.00  systemd-resolve
10:50:38 PM     0       643      1.00      0.00  systemd-logind
10:50:38 PM     0    227297      2.00      0.00  kworker/10:2-mm_percpu_wq
10:50:38 PM     0    230290   1142.00      1.00  kworker/7:0-mm_percpu_wq
10:50:38 PM     0    230337      2.00      0.00  kworker/6:1-mm_percpu_wq
10:50:38 PM     0    230364      4.00      0.00  kworker/u24:4-events_unbound
10:50:38 PM     0    230433      2.00      0.00  kworker/0:1-mm_percpu_wq
10:50:38 PM     0    230456      1.00      0.00  kworker/8:2-mm_percpu_wq
10:50:38 PM     0    230482      3.00      0.00  kworker/4:0-mm_percpu_wq
10:50:38 PM     0    230483      2.00      0.00  kworker/5:0-mm_percpu_wq
10:50:38 PM     0    230559      2.00      0.00  kworker/11:1-mm_percpu_wq
10:50:38 PM     0    231566      5.00      0.00  kworker/u24:3-events_power_efficient
10:50:38 PM     0    238283      2.00      0.00  kworker/2:1-mm_percpu_wq
10:50:38 PM     0    240331      2.00      0.00  kworker/9:2-mm_percpu_wq
10:50:38 PM     0    241362      1.00      0.00  iostat
10:50:38 PM     0    241363      1.00      0.00  pidstat
10:50:38 PM     0    241364      5.00      0.00  bash
10:50:38 PM     0    241365      8.00      0.00  bash
10:50:38 PM     0    241366      4.00      0.00  bash
10:50:38 PM     0    241714      4.00      0.00  kworker/3:1-mm_percpu_wq
10:50:38 PM     0    242517      1.00      0.00  kworker/1:1-mm_percpu_wq
10:50:38 PM     0    242833   1128.00      0.00  kworker/7:1-i915-unordered
10:50:38 PM     0    242986      1.00      0.00  sleep
10:50:38 PM     0    242996      1.00      0.00  sleep
10:50:38 PM     0    242998      1.00      0.00  sleep

10:50:38 PM   UID       PID   cswch/s nvcswch/s  Command
10:50:39 PM     0        17     18.00      0.00  rcu_preempt
10:50:39 PM     0        18      1.00      0.00  migration/0
10:50:39 PM     0        23      1.00      0.00  migration/1
10:50:39 PM     0        24      1.00      0.00  ksoftirqd/1
10:50:39 PM     0        29      1.00      0.00  migration/2
10:50:39 PM     0        35      1.00      0.00  migration/3
10:50:39 PM     0        36      2.00      0.00  ksoftirqd/3
10:50:39 PM     0        41      1.00      0.00  migration/4
10:50:39 PM     0        47      1.00      0.00  migration/5
10:50:39 PM     0        53      1.00      0.00  migration/6
10:50:39 PM     0        59      1.00      0.00  migration/7
10:50:39 PM     0        60      1.00      0.00  ksoftirqd/7
10:50:39 PM     0        65      1.00      0.00  migration/8
10:50:39 PM     0        71      1.00      0.00  migration/9
10:50:39 PM     0        72      1.00      0.00  ksoftirqd/9
10:50:39 PM     0        77      1.00      0.00  migration/10
10:50:39 PM     0        78      1.00      0.00  ksoftirqd/10
10:50:39 PM     0        83      1.00      0.00  migration/11
10:50:39 PM     0        95      2.00      0.00  kcompactd0
10:50:39 PM     0       453      1.00      0.00  multipathd
10:50:39 PM     0    227297      2.00      0.00  kworker/10:2-mm_percpu_wq
10:50:39 PM     0    230337      2.00      0.00  kworker/6:1-mm_percpu_wq
10:50:39 PM     0    230364      2.00      0.00  kworker/u24:4-edac-poller
10:50:39 PM     0    230433      1.00      0.00  kworker/0:1-events
10:50:39 PM     0    230482      1.00      0.00  kworker/4:0-mm_percpu_wq
10:50:39 PM     0    230483      1.00      0.00  kworker/5:0-mm_percpu_wq
10:50:39 PM     0    230559      2.00      0.00  kworker/11:1-mm_percpu_wq
10:50:39 PM     0    238283      5.00      0.00  kworker/2:1-events
10:50:39 PM     0    240331      2.00      0.00  kworker/9:2-mm_percpu_wq
10:50:39 PM     0    241362      1.00      0.00  iostat
10:50:39 PM     0    241363      1.00      0.00  pidstat
10:50:39 PM     0    241364      5.00      0.00  bash
10:50:39 PM     0    241365      7.00      0.00  bash
10:50:39 PM     0    241366      4.00      0.00  bash
10:50:39 PM     0    241714      5.00      0.00  kworker/3:1-mm_percpu_wq
10:50:39 PM     0    242517      5.00      0.00  kworker/1:1-mm_percpu_wq
10:50:39 PM     0    242833      2.00      0.00  kworker/7:1-events
10:50:39 PM     0    243001      1.00      0.00  sleep
10:50:39 PM     0    243011      1.00      0.00  sleep
10:50:39 PM     0    243013      1.00      0.00  sleep

10:50:39 PM   UID       PID   cswch/s nvcswch/s  Command
10:50:40 PM     0        16      1.00      0.00  ksoftirqd/0
10:50:40 PM     0        17     21.00      0.00  rcu_preempt
10:50:40 PM     0        24      1.00      0.00  ksoftirqd/1
10:50:40 PM     0        48      1.00      0.00  ksoftirqd/5
10:50:40 PM     0        60      1.00      0.00  ksoftirqd/7
10:50:40 PM     0        95      2.00      0.00  kcompactd0
10:50:40 PM     0       453      1.00      0.00  multipathd
10:50:40 PM     0    227297      1.00      0.00  kworker/10:2-events
10:50:40 PM     0    230364      1.00      0.00  kworker/u24:4-edac-poller
10:50:40 PM     0    230433      3.00      0.00  kworker/0:1-mm_percpu_wq
10:50:40 PM     0    230456      2.00      0.00  kworker/8:2-mm_percpu_wq
10:50:40 PM     0    230482      2.00      0.00  kworker/4:0-events
10:50:40 PM     0    230483      3.00      0.00  kworker/5:0-events
10:50:40 PM     0    230559      3.00      0.00  kworker/11:1-events
10:50:40 PM     0    238283      4.00      0.00  kworker/2:1-mm_percpu_wq
10:50:40 PM     0    240331      2.00      0.00  kworker/9:2-events
10:50:40 PM     0    241362      1.00      0.00  iostat
10:50:40 PM     0    241363      1.00      0.00  pidstat
10:50:40 PM     0    241364      5.00      0.00  bash
10:50:40 PM     0    241365      8.00      0.00  bash
10:50:40 PM     0    241366      4.00      0.00  bash
10:50:40 PM     0    241714      1.00      0.00  kworker/3:1-events
10:50:40 PM     0    242517      1.00      0.00  kworker/1:1-events
10:50:40 PM     0    242833      3.00      0.00  kworker/7:1-events
10:50:40 PM     0    243016      1.00      0.00  sleep
10:50:40 PM     0    243027      1.00      0.00  sleep
10:50:40 PM     0    243028      1.00      0.00  sleep

10:50:40 PM   UID       PID   cswch/s nvcswch/s  Command
10:50:41 PM     0        17     17.00      0.00  rcu_preempt
10:50:41 PM     0        36      1.00      0.00  ksoftirqd/3
10:50:41 PM     0        48      1.00      0.00  ksoftirqd/5
10:50:41 PM     0        60      2.00      0.00  ksoftirqd/7
10:50:41 PM     0        72      1.00      0.00  ksoftirqd/9
10:50:41 PM     0        84      1.00      0.00  ksoftirqd/11
10:50:41 PM     0        95      2.00      0.00  kcompactd0
10:50:41 PM     0       453      1.00      0.00  multipathd
10:50:41 PM     0    227297      1.00      0.00  kworker/10:2-mm_percpu_wq
10:50:41 PM     0    230337      2.00      0.00  kworker/6:1-events
10:50:41 PM     0    230364      3.00      0.00  kworker/u24:4-events_power_efficient
10:50:41 PM     0    230433      1.00      0.00  kworker/0:1-events
10:50:41 PM     0    230482      3.00      0.00  kworker/4:0-mm_percpu_wq
10:50:41 PM     0    230483      3.00      0.00  kworker/5:0-mm_percpu_wq
10:50:41 PM     0    230559      1.00      0.00  kworker/11:1-mm_percpu_wq
10:50:41 PM     0    231566      2.00      0.00  kworker/u24:3-edac-poller
10:50:41 PM     0    238283      5.00      0.00  kworker/2:1-events
10:50:41 PM     0    240331      3.00      0.00  kworker/9:2-events
10:50:41 PM     0    241362      1.00      0.00  iostat
10:50:41 PM     0    241363      1.00      0.00  pidstat
10:50:41 PM     0    241364      5.00      0.00  bash
10:50:41 PM     0    241365      8.00      0.00  bash
10:50:41 PM     0    241366      4.00      0.00  bash
10:50:41 PM     0    241714      1.00      0.00  kworker/3:1-events
10:50:41 PM     0    242517      1.00      0.00  kworker/1:1-mm_percpu_wq
10:50:41 PM     0    242833      3.00      0.00  kworker/7:1-events
10:50:41 PM     0    243031      1.00      0.00  sleep
10:50:41 PM     0    243041      1.00      0.00  sleep
10:50:41 PM     0    243043      1.00      0.00  sleep
