Linux 6.8.0-124-generic (cassandra-waf-rig) 	07/08/2026 	_x86_64_	(12 CPU)

09:50:32 PM   UID       PID   cswch/s nvcswch/s  Command
09:50:33 PM     0        16      1.98      0.00  ksoftirqd/0
09:50:33 PM     0        17     24.75      0.00  rcu_preempt
09:50:33 PM     0        29      1.98      0.00  migration/2
09:50:33 PM     0        30      0.99      0.00  ksoftirqd/2
09:50:33 PM     0        35      1.98      0.00  migration/3
09:50:33 PM     0        59      3.96      0.00  migration/7
09:50:33 PM     0        71      1.98      0.00  migration/9
09:50:33 PM     0        77      2.97      0.00  migration/10
09:50:33 PM     0        84      2.97      0.00  ksoftirqd/11
09:50:33 PM     0        95      1.98      0.00  kcompactd0
09:50:33 PM     0       102      0.99      0.00  irq/9-acpi
09:50:33 PM     0       190      0.99      0.00  kworker/10:1H-kblockd
09:50:33 PM     0       453      0.99      0.00  multipathd
09:50:33 PM     0     21554      0.99      0.00  packagekitd
09:50:33 PM     0     88840      0.99      0.00  kworker/u24:1-events_power_efficient
09:50:33 PM     0    199741      8.91      0.00  kworker/3:1-pm
09:50:33 PM     0    200447      1.98      0.00  kworker/5:1-mm_percpu_wq
09:50:33 PM     0    208607      6.93      0.00  kworker/u24:2-writeback
09:50:33 PM     0    214261      3.96      0.00  kworker/1:0-events
09:50:33 PM     0    214609      3.96      0.00  kworker/10:1-events
09:50:33 PM     0    215896      8.91      0.00  kworker/2:2-events
09:50:33 PM     0    216391      3.96      0.00  kworker/7:0-mm_percpu_wq
09:50:33 PM     0    217324      1.98      0.00  kworker/4:0-mm_percpu_wq
09:50:33 PM     0    219016      0.99      0.00  kworker/6:0-mm_percpu_wq
09:50:33 PM     0    219897      3.96      0.00  kworker/11:2-mm_percpu_wq
09:50:33 PM     0    220676      1.98      0.00  kworker/8:1-mm_percpu_wq
09:50:33 PM     0    221401      3.96      0.00  kworker/0:2-mm_percpu_wq
09:50:33 PM     0    222695      0.99      0.00  kworker/3:2-i915-unordered
09:50:33 PM     0    223479      0.99      0.00  kworker/9:2-events
09:50:33 PM     0    226584      0.99      0.00  iostat
09:50:33 PM     0    226585      0.99      0.00  pidstat
09:50:33 PM     0    226586      4.95      0.00  bash
09:50:33 PM     0    226587      5.94      0.00  bash
09:50:33 PM     0    226588      3.96      0.00  bash
09:50:33 PM     0    226590    192.08      3.96  fio
09:50:33 PM     0    226621      0.99      0.00  sleep

09:50:33 PM   UID       PID   cswch/s nvcswch/s  Command
09:50:34 PM     0        17     11.00      0.00  rcu_preempt
09:50:34 PM     0        18      1.00      0.00  migration/0
09:50:34 PM     0        23      1.00      0.00  migration/1
09:50:34 PM     0        24      1.00      0.00  ksoftirqd/1
09:50:34 PM     0        29      2.00      0.00  migration/2
09:50:34 PM     0        35      1.00      0.00  migration/3
09:50:34 PM     0        36      1.00      0.00  ksoftirqd/3
09:50:34 PM     0        41      1.00      0.00  migration/4
09:50:34 PM     0        47      1.00      0.00  migration/5
09:50:34 PM     0        53      1.00      0.00  migration/6
09:50:34 PM     0        59      1.00      0.00  migration/7
09:50:34 PM     0        65      1.00      0.00  migration/8
09:50:34 PM     0        71      1.00      0.00  migration/9
09:50:34 PM     0        72      1.00      0.00  ksoftirqd/9
09:50:34 PM     0        77      1.00      0.00  migration/10
09:50:34 PM     0        83      1.00      0.00  migration/11
09:50:34 PM     0        95      2.00      0.00  kcompactd0
09:50:34 PM     0       453      1.00      0.00  multipathd
09:50:34 PM     0    199741      3.00      0.00  kworker/3:1-events
09:50:34 PM     0    208607      1.00      0.00  kworker/u24:2-edac-poller
09:50:34 PM     0    214261      3.00      0.00  kworker/1:0-events
09:50:34 PM     0    215896      9.00      0.00  kworker/2:2-events
09:50:34 PM     0    216391      1.00      0.00  kworker/7:0-events
09:50:34 PM     0    217324      2.00      0.00  kworker/4:0-events
09:50:34 PM     0    220676      1.00      0.00  kworker/8:1-events
09:50:34 PM     0    223479      3.00      0.00  kworker/9:2-mm_percpu_wq
09:50:34 PM     0    226584      1.00      0.00  iostat
09:50:34 PM     0    226585      1.00      0.00  pidstat
09:50:34 PM     0    226586      4.00      0.00  bash
09:50:34 PM     0    226587      3.00      0.00  bash
09:50:34 PM     0    226588      4.00      0.00  bash
09:50:34 PM     0    226590     99.00      0.00  fio
09:50:34 PM     0    226631      1.00      0.00  sleep
09:50:34 PM     0    226633      1.00      0.00  sleep
09:50:34 PM     0    226636      1.00      0.00  sleep

09:50:34 PM   UID       PID   cswch/s nvcswch/s  Command
09:50:35 PM     0        16      1.00      0.00  ksoftirqd/0
09:50:35 PM     0        17     15.00      0.00  rcu_preempt
09:50:35 PM     0        24      1.00      0.00  ksoftirqd/1
09:50:35 PM     0        29      1.00      0.00  migration/2
09:50:35 PM     0        47      1.00      0.00  migration/5
09:50:35 PM     0        72      1.00      0.00  ksoftirqd/9
09:50:35 PM     0        78      2.00      0.00  ksoftirqd/10
09:50:35 PM     0        84      1.00      0.00  ksoftirqd/11
09:50:35 PM     0        95      2.00      0.00  kcompactd0
09:50:35 PM     0       453      1.00      0.00  multipathd
09:50:35 PM     0    208607      2.00      0.00  kworker/u24:2-events_unbound
09:50:35 PM     0    214261      3.00      0.00  kworker/1:0-events
09:50:35 PM     0    214609      4.00      0.00  kworker/10:1-mm_percpu_wq
09:50:35 PM     0    215896     12.00      0.00  kworker/2:2-events
09:50:35 PM     0    216391      1.00      0.00  kworker/7:0-mm_percpu_wq
09:50:35 PM     0    217324      2.00      0.00  kworker/4:0-mm_percpu_wq
09:50:35 PM     0    219016      1.00      0.00  kworker/6:0-mm_percpu_wq
09:50:35 PM     0    219897      2.00      0.00  kworker/11:2-mm_percpu_wq
09:50:35 PM     0    220676      1.00      0.00  kworker/8:1-events
09:50:35 PM     0    221401      2.00      0.00  kworker/0:2-events
09:50:35 PM     0    223479      3.00      0.00  kworker/9:2-events
09:50:35 PM     0    226584      1.00      0.00  iostat
09:50:35 PM     0    226585      1.00      0.00  pidstat
09:50:35 PM     0    226586      5.00      0.00  bash
09:50:35 PM     0    226587      6.00      0.00  bash
09:50:35 PM     0    226588      4.00      0.00  bash
09:50:35 PM     0    226590     99.00      0.00  fio
09:50:35 PM     0    226647      1.00      0.00  sleep
09:50:35 PM     0    226648      1.00      0.00  sleep

09:50:35 PM   UID       PID   cswch/s nvcswch/s  Command
09:50:36 PM     0        16      1.00      0.00  ksoftirqd/0
09:50:36 PM     0        17     17.00      0.00  rcu_preempt
09:50:36 PM     0        24      2.00      0.00  ksoftirqd/1
09:50:36 PM     0        36      3.00      0.00  ksoftirqd/3
09:50:36 PM     0        48      1.00      0.00  ksoftirqd/5
09:50:36 PM     0        72      1.00      0.00  ksoftirqd/9
09:50:36 PM     0        95      2.00      0.00  kcompactd0
09:50:36 PM     0       453      1.00      0.00  multipathd
09:50:36 PM     0    199741      2.00      0.00  kworker/3:1-events
09:50:36 PM     0    200447      1.00      0.00  kworker/5:1-mm_percpu_wq
09:50:36 PM     0    208607      1.00      0.00  kworker/u24:2-edac-poller
09:50:36 PM     0    214261      6.00      0.00  kworker/1:0-mm_percpu_wq
09:50:36 PM     0    214609      1.00      0.00  kworker/10:1-mm_percpu_wq
09:50:36 PM     0    215896     10.00      0.00  kworker/2:2-events
09:50:36 PM     0    216391      1.00      0.00  kworker/7:0-mm_percpu_wq
09:50:36 PM     0    217324      2.00      0.00  kworker/4:0-mm_percpu_wq
09:50:36 PM     0    220676      2.00      0.00  kworker/8:1-events
09:50:36 PM     0    221401      3.00      0.00  kworker/0:2-mm_percpu_wq
09:50:36 PM     0    223479      4.00      0.00  kworker/9:2-mm_percpu_wq
09:50:36 PM     0    226584      1.00      0.00  iostat
09:50:36 PM     0    226585      1.00      0.00  pidstat
09:50:36 PM     0    226586      5.00      0.00  bash
09:50:36 PM     0    226587      6.00      0.00  bash
09:50:36 PM     0    226588      4.00      0.00  bash
09:50:36 PM     0    226590     99.00      0.00  fio
09:50:36 PM     0    226662      1.00      0.00  sleep
09:50:36 PM     0    226663      1.00      0.00  sleep

09:50:36 PM   UID       PID   cswch/s nvcswch/s  Command
09:50:37 PM     0         1      1.00      0.00  systemd
09:50:37 PM     0        17     21.00      0.00  rcu_preempt
09:50:37 PM     0        24      1.00      0.00  ksoftirqd/1
09:50:37 PM     0        29      1.00      0.00  migration/2
09:50:37 PM     0        36      1.00      0.00  ksoftirqd/3
09:50:37 PM     0        60      1.00      0.00  ksoftirqd/7
09:50:37 PM     0        66      1.00      0.00  ksoftirqd/8
09:50:37 PM     0        95      2.00      0.00  kcompactd0
09:50:37 PM     0       453      1.00      0.00  multipathd
09:50:37 PM     0       562      3.00      0.00  jbd2/nvme1n1p3-8
09:50:37 PM   102       621      1.00      0.00  systemd-resolve
09:50:37 PM     0       643      1.00      0.00  systemd-logind
09:50:37 PM     0     88840      2.00      0.00  kworker/u24:1-events_power_efficient
09:50:37 PM     0    199741      3.00      0.00  kworker/3:1-mm_percpu_wq
09:50:37 PM     0    200447      1.00      0.00  kworker/5:1-mm_percpu_wq
09:50:37 PM     0    208607      2.00      0.00  kworker/u24:2-events_power_efficient
09:50:37 PM     0    214261      5.00      0.00  kworker/1:0-events
09:50:37 PM     0    214609      1.00      0.00  kworker/10:1-mm_percpu_wq
09:50:37 PM     0    215896     13.00      0.00  kworker/2:2-events
09:50:37 PM     0    216391      1.00      0.00  kworker/7:0-mm_percpu_wq
09:50:37 PM     0    219016      1.00      0.00  kworker/6:0-mm_percpu_wq
09:50:37 PM     0    219897      1.00      0.00  kworker/11:2-mm_percpu_wq
09:50:37 PM     0    220676      1.00      0.00  kworker/8:1-events
09:50:37 PM     0    221401      2.00      0.00  kworker/0:2-mm_percpu_wq
09:50:37 PM     0    223479      3.00      0.00  kworker/9:2-events
09:50:37 PM     0    226584      1.00      0.00  iostat
09:50:37 PM     0    226585      1.00      0.00  pidstat
09:50:37 PM     0    226586      5.00      0.00  bash
09:50:37 PM     0    226587      8.00      0.00  bash
09:50:37 PM     0    226590     99.00      0.00  fio
09:50:37 PM     0    226666      1.00      0.00  sleep
09:50:37 PM     0    226676      1.00      0.00  sleep
09:50:37 PM     0    226678      1.00      1.00  sleep

09:50:37 PM   UID       PID   cswch/s nvcswch/s  Command
09:50:38 PM     0        17     21.00      0.00  rcu_preempt
09:50:38 PM     0        18      1.00      0.00  migration/0
09:50:38 PM     0        23      1.00      0.00  migration/1
09:50:38 PM     0        24      2.00      0.00  ksoftirqd/1
09:50:38 PM     0        29      3.00      0.00  migration/2
09:50:38 PM     0        35      1.00      0.00  migration/3
09:50:38 PM     0        41      1.00      0.00  migration/4
09:50:38 PM     0        47      1.00      0.00  migration/5
09:50:38 PM     0        53      1.00      0.00  migration/6
09:50:38 PM     0        59      1.00      0.00  migration/7
09:50:38 PM     0        65      1.00      0.00  migration/8
09:50:38 PM     0        71      1.00      0.00  migration/9
09:50:38 PM     0        77      1.00      0.00  migration/10
09:50:38 PM     0        83      1.00      0.00  migration/11
09:50:38 PM     0        95      2.00      0.00  kcompactd0
09:50:38 PM     0       453      1.00      0.00  multipathd
09:50:38 PM     0     88840      3.00      0.00  kworker/u24:1-flush-259:1
09:50:38 PM     0    199741      4.00      0.00  kworker/3:1-mm_percpu_wq
09:50:38 PM     0    200447      1.00      0.00  kworker/5:1-mm_percpu_wq
09:50:38 PM     0    214261      4.00      0.00  kworker/1:0-mm_percpu_wq
09:50:38 PM     0    214609      1.00      0.00  kworker/10:1-mm_percpu_wq
09:50:38 PM     0    215896     12.00      0.00  kworker/2:2-events
09:50:38 PM     0    216391      1.00      0.00  kworker/7:0-mm_percpu_wq
09:50:38 PM     0    217324      1.00      0.00  kworker/4:0-mm_percpu_wq
09:50:38 PM     0    219897      2.00      0.00  kworker/11:2-events
09:50:38 PM     0    221401      3.00      0.00  kworker/0:2-events
09:50:38 PM     0    226584      1.00      0.00  iostat
09:50:38 PM     0    226585      1.00      0.00  pidstat
09:50:38 PM     0    226586      5.00      0.00  bash
09:50:38 PM     0    226587      7.00      0.00  bash
09:50:38 PM     0    226588      4.00      0.00  bash
09:50:38 PM     0    226590    100.00      0.00  fio
09:50:38 PM     0    226681      1.00      0.00  sleep
09:50:38 PM     0    226691      1.00      0.00  sleep
09:50:38 PM     0    226693      1.00      0.00  sleep

09:50:38 PM   UID       PID   cswch/s nvcswch/s  Command
09:50:39 PM     0        17     17.00      0.00  rcu_preempt
09:50:39 PM     0        24      2.00      0.00  ksoftirqd/1
09:50:39 PM     0        29      1.00      0.00  migration/2
09:50:39 PM     0        72      1.00      0.00  ksoftirqd/9
09:50:39 PM     0        84      1.00      0.00  ksoftirqd/11
09:50:39 PM     0        95      2.00      0.00  kcompactd0
09:50:39 PM     0       176      1.00      0.00  kworker/11:1H-kblockd
09:50:39 PM     0       187      1.00      0.00  kworker/0:1H-kblockd
09:50:39 PM     0       453      1.00      0.00  multipathd
09:50:39 PM     0     88840      4.00      0.00  kworker/u24:1-edac-poller
09:50:39 PM     0    199741      2.00      0.00  kworker/3:1-events
09:50:39 PM     0    214261      7.00      0.00  kworker/1:0-events
09:50:39 PM     0    214609      3.00      0.00  kworker/10:1-events
09:50:39 PM     0    215896     10.00      0.00  kworker/2:2-events
09:50:39 PM     0    216391      2.00      0.00  kworker/7:0-mm_percpu_wq
09:50:39 PM     0    219016      1.00      0.00  kworker/6:0-mm_percpu_wq
09:50:39 PM     0    219897      2.00      0.00  kworker/11:2-mm_percpu_wq
09:50:39 PM     0    220676      1.00      0.00  kworker/8:1-mm_percpu_wq
09:50:39 PM     0    221401      1.00      0.00  kworker/0:2-mm_percpu_wq
09:50:39 PM     0    223479      3.00      0.00  kworker/9:2-events
09:50:39 PM     0    226584      1.00      0.00  iostat
09:50:39 PM     0    226585      1.00      0.00  pidstat
09:50:39 PM     0    226586      5.00      0.00  bash
09:50:39 PM     0    226587      6.00      0.00  bash
09:50:39 PM     0    226588      4.00      0.00  bash
09:50:39 PM     0    226590     99.00      0.00  fio
09:50:39 PM     0    226696      1.00      0.00  sleep
09:50:39 PM     0    226706      1.00      0.00  sleep
09:50:39 PM     0    226708      1.00      0.00  sleep

09:50:39 PM   UID       PID   cswch/s nvcswch/s  Command
09:50:40 PM     0        16      2.00      0.00  ksoftirqd/0
09:50:40 PM     0        17     16.00      0.00  rcu_preempt
09:50:40 PM     0        24      1.00      0.00  ksoftirqd/1
09:50:40 PM     0        72      1.00      0.00  ksoftirqd/9
09:50:40 PM     0        84      1.00      0.00  ksoftirqd/11
09:50:40 PM     0        95      2.00      0.00  kcompactd0
09:50:40 PM     0       453      1.00      0.00  multipathd
09:50:40 PM     0     88840      2.00      0.00  kworker/u24:1-edac-poller
09:50:40 PM     0    199741      1.00      0.00  kworker/3:1-mm_percpu_wq
09:50:40 PM     0    200447      1.00      0.00  kworker/5:1-mm_percpu_wq
09:50:40 PM     0    214261      3.00      0.00  kworker/1:0-events
09:50:40 PM     0    214609      1.00      0.00  kworker/10:1-events
09:50:40 PM     0    215896     12.00      0.00  kworker/2:2-events
09:50:40 PM     0    217324      1.00      0.00  kworker/4:0-events
09:50:40 PM     0    219016      1.00      0.00  kworker/6:0-events
09:50:40 PM     0    219897      2.00      0.00  kworker/11:2-events
09:50:40 PM     0    221401      1.00      0.00  kworker/0:2-events
09:50:40 PM     0    223479      3.00      0.00  kworker/9:2-events
09:50:40 PM     0    226584      1.00      0.00  iostat
09:50:40 PM     0    226585      1.00      0.00  pidstat
09:50:40 PM     0    226586      5.00      0.00  bash
09:50:40 PM     0    226587      6.00      0.00  bash
09:50:40 PM     0    226588      4.00      0.00  bash
09:50:40 PM     0    226590     99.00      0.00  fio
09:50:40 PM     0    226711      1.00      0.00  sleep
09:50:40 PM     0    226721      1.00      0.00  sleep
09:50:40 PM     0    226723      1.00      0.00  sleep

09:50:40 PM   UID       PID   cswch/s nvcswch/s  Command
09:50:41 PM     0        17     17.00      0.00  rcu_preempt
09:50:41 PM     0        24      1.00      0.00  ksoftirqd/1
09:50:41 PM     0        29      1.00      0.00  migration/2
09:50:41 PM     0        30      1.00      0.00  ksoftirqd/2
09:50:41 PM     0        72      2.00      0.00  ksoftirqd/9
09:50:41 PM     0        95      2.00      0.00  kcompactd0
09:50:41 PM     0       453      1.00      0.00  multipathd
09:50:41 PM     0     88840      1.00      0.00  kworker/u24:1-ipv6_addrconf
09:50:41 PM     0    200447      1.00      0.00  kworker/5:1-events
09:50:41 PM     0    208607      2.00      0.00  kworker/u24:2-edac-poller
09:50:41 PM     0    214261      3.00      0.00  kworker/1:0-mm_percpu_wq
09:50:41 PM     0    214609      2.00      0.00  kworker/10:1-mm_percpu_wq
09:50:41 PM     0    215896     10.00      0.00  kworker/2:2-events
09:50:41 PM     0    216391      2.00      0.00  kworker/7:0-mm_percpu_wq
09:50:41 PM     0    220676      2.00      0.00  kworker/8:1-mm_percpu_wq
09:50:41 PM     0    221401      3.00      0.00  kworker/0:2-events
09:50:41 PM     0    223479      5.00      0.00  kworker/9:2-events
09:50:41 PM     0    226584      1.00      0.00  iostat
09:50:41 PM     0    226585      1.00      0.00  pidstat
09:50:41 PM     0    226586      5.00      0.00  bash
09:50:41 PM     0    226587      6.00      0.00  bash
09:50:41 PM     0    226588      4.00      0.00  bash
09:50:41 PM     0    226590     99.00      0.00  fio
09:50:41 PM     0    226726      1.00      0.00  sleep
09:50:41 PM     0    226736      1.00      0.00  sleep
09:50:41 PM     0    226738      1.00      0.00  sleep

09:50:41 PM   UID       PID   cswch/s nvcswch/s  Command
09:50:42 PM     0        17     19.00      0.00  rcu_preempt
09:50:42 PM     0        18      1.00      0.00  migration/0
09:50:42 PM     0        23      1.00      0.00  migration/1
09:50:42 PM     0        24      2.00      0.00  ksoftirqd/1
09:50:42 PM     0        29      1.00      0.00  migration/2
09:50:42 PM     0        35      1.00      0.00  migration/3
09:50:42 PM     0        36      1.00      0.00  ksoftirqd/3
09:50:42 PM     0        41      1.00      0.00  migration/4
09:50:42 PM     0        47      1.00      0.00  migration/5
09:50:42 PM     0        48      1.00      0.00  ksoftirqd/5
09:50:42 PM     0        53      1.00      0.00  migration/6
09:50:42 PM     0        59      1.00      0.00  migration/7
09:50:42 PM     0        65      1.00      0.00  migration/8
09:50:42 PM     0        71      1.00      0.00  migration/9
09:50:42 PM     0        72      1.00      0.00  ksoftirqd/9
09:50:42 PM     0        77      1.00      0.00  migration/10
09:50:42 PM     0        83      1.00      0.00  migration/11
09:50:42 PM     0        95      2.00      0.00  kcompactd0
09:50:42 PM     0       453      1.00      0.00  multipathd
09:50:42 PM     0       562      3.00      0.00  jbd2/nvme1n1p3-8
09:50:42 PM     0     88840      2.00      0.00  kworker/u24:1-events_unbound
09:50:42 PM     0    199741      2.00      0.00  kworker/3:1-events
09:50:42 PM     0    200447      1.00      0.00  kworker/5:1-mm_percpu_wq
09:50:42 PM     0    208607      2.00      0.00  kworker/u24:2-events_power_efficient
09:50:42 PM     0    214261      5.00      0.00  kworker/1:0-events
09:50:42 PM     0    215896     11.00      0.00  kworker/2:2-events
09:50:42 PM     0    217324      2.00      0.00  kworker/4:0-events
09:50:42 PM     0    219016      1.00      0.00  kworker/6:0-mm_percpu_wq
09:50:42 PM     0    220676      1.00      0.00  kworker/8:1-events
09:50:42 PM     0    221401      1.00      0.00  kworker/0:2-events
09:50:42 PM     0    223479      3.00      0.00  kworker/9:2-events
09:50:42 PM     0    226584      1.00      0.00  iostat
09:50:42 PM     0    226585      1.00      0.00  pidstat
09:50:42 PM     0    226586      5.00      0.00  bash
09:50:42 PM     0    226587      8.00      0.00  bash
09:50:42 PM     0    226588      4.00      0.00  bash
09:50:42 PM     0    226590     99.00      0.00  fio
09:50:42 PM     0    226741      1.00      0.00  sleep
09:50:42 PM     0    226751      1.00      0.00  sleep
09:50:42 PM     0    226753      1.00      0.00  sleep

09:50:42 PM   UID       PID   cswch/s nvcswch/s  Command
09:50:43 PM     0         2      1.00      0.00  kthreadd
09:50:43 PM     0        16      2.00      0.00  ksoftirqd/0
09:50:43 PM     0        17     18.00      0.00  rcu_preempt
09:50:43 PM     0        24      3.00      0.00  ksoftirqd/1
09:50:43 PM     0        29      1.00      0.00  migration/2
09:50:43 PM     0        65      1.00      0.00  migration/8
09:50:43 PM     0        71      1.00      0.00  migration/9
09:50:43 PM     0        72      1.00      0.00  ksoftirqd/9
09:50:43 PM     0        84      2.00      0.00  ksoftirqd/11
09:50:43 PM     0        95      2.00      0.00  kcompactd0
09:50:43 PM     0       102      1.00      0.00  irq/9-acpi
09:50:43 PM     0       453      1.00      0.00  multipathd
09:50:43 PM     0     21554      1.00      0.00  packagekitd
09:50:43 PM     0     88840      2.00      0.00  kworker/u24:1-flush-259:1
09:50:43 PM     0    199741   1139.00      1.00  kworker/3:1-events
09:50:43 PM     0    200447      1.00      0.00  kworker/5:1-mm_percpu_wq
09:50:43 PM     0    214261      6.00      0.00  kworker/1:0-events
09:50:43 PM     0    214609      1.00      0.00  kworker/10:1-mm_percpu_wq
09:50:43 PM     0    215830      2.00      0.00  kworker/3:0-mm_percpu_wq
09:50:43 PM     0    215896     12.00      0.00  kworker/2:2-events
09:50:43 PM     0    216391      3.00      0.00  kworker/7:0-events
09:50:43 PM     0    217324      1.00      0.00  kworker/4:0-mm_percpu_wq
09:50:43 PM     0    219016      1.00      0.00  kworker/6:0-mm_percpu_wq
09:50:43 PM     0    219897      3.00      0.00  kworker/11:2-events
09:50:43 PM     0    220676      1.00      0.00  kworker/8:1-mm_percpu_wq
09:50:43 PM     0    221401      3.00      0.00  kworker/0:2-mm_percpu_wq
09:50:43 PM     0    222695     69.00      0.00  kworker/3:2+i915-unordered
09:50:43 PM     0    223479      4.00      0.00  kworker/9:2-events
09:50:43 PM     0    226584      1.00      0.00  iostat
09:50:43 PM     0    226585      1.00      0.00  pidstat
09:50:43 PM     0    226586      5.00      0.00  bash
09:50:43 PM     0    226587      7.00      0.00  bash
09:50:43 PM     0    226588      4.00      0.00  bash
09:50:43 PM     0    226590    100.00      0.00  fio
09:50:43 PM     0    226756      1.00      0.00  sleep
09:50:43 PM     0    226766      1.00      0.00  sleep
09:50:43 PM     0    226768      1.00      0.00  sleep
09:50:43 PM     0    226769      2.00      0.00  kworker/3:3

09:50:43 PM   UID       PID   cswch/s nvcswch/s  Command
09:50:44 PM     0        17     21.00      0.00  rcu_preempt
09:50:44 PM     0        29      1.00      0.00  migration/2
09:50:44 PM     0        36      2.00      0.00  ksoftirqd/3
09:50:44 PM     0        42      1.00      0.00  ksoftirqd/4
09:50:44 PM     0        78      1.00      0.00  ksoftirqd/10
09:50:44 PM     0        84      1.00      0.00  ksoftirqd/11
09:50:44 PM     0        95      2.00      0.00  kcompactd0
09:50:44 PM     0       192      1.00      0.00  kworker/7:1H-kblockd
09:50:44 PM     0       453      1.00      0.00  multipathd
09:50:44 PM     0     88840      6.00      0.00  kworker/u24:1-events_unbound
09:50:44 PM     0    200447      1.00      0.00  kworker/5:1-mm_percpu_wq
09:50:44 PM     0    214261      5.00      0.00  kworker/1:0-events
09:50:44 PM     0    214609      2.00      0.00  kworker/10:1-mm_percpu_wq
09:50:44 PM     0    215896      9.00      0.00  kworker/2:2-events
09:50:44 PM     0    216391      3.00      0.00  kworker/7:0-mm_percpu_wq
09:50:44 PM     0    217324      3.00      0.00  kworker/4:0-mm_percpu_wq
09:50:44 PM     0    219016      1.00      0.00  kworker/6:0-events
09:50:44 PM     0    219897      2.00      0.00  kworker/11:2-events
09:50:44 PM     0    220676      1.00      0.00  kworker/8:1-mm_percpu_wq
09:50:44 PM     0    221401      4.00      0.00  kworker/0:2-events
09:50:44 PM     0    222695   1066.00      0.00  kworker/3:2-events
09:50:44 PM     0    226584      1.00      0.00  iostat
09:50:44 PM     0    226585      1.00      0.00  pidstat
09:50:44 PM     0    226586      5.00      0.00  bash
09:50:44 PM     0    226587      8.00      0.00  bash
09:50:44 PM     0    226588      4.00      0.00  bash
09:50:44 PM     0    226590     99.00      0.00  fio
09:50:44 PM     0    226772      1.00      0.00  sleep
09:50:44 PM     0    226782      1.00      0.00  sleep
09:50:44 PM     0    226784      1.00      0.00  sleep

09:50:44 PM   UID       PID   cswch/s nvcswch/s  Command
09:50:45 PM     0        17     20.00      0.00  rcu_preempt
09:50:45 PM     0        60      1.00      0.00  ksoftirqd/7
09:50:45 PM     0        66      1.00      0.00  ksoftirqd/8
09:50:45 PM     0        95      2.00      0.00  kcompactd0
09:50:45 PM     0       188      1.00      0.00  kworker/2:1H-kblockd
09:50:45 PM     0       190      1.00      0.00  kworker/10:1H-kblockd
09:50:45 PM     0       453      1.00      0.00  multipathd
09:50:45 PM     0     88840      2.00      0.00  kworker/u24:1-edac-poller
09:50:45 PM     0    214261      3.00      0.00  kworker/1:0-events
09:50:45 PM     0    214609      1.00      0.00  kworker/10:1-mm_percpu_wq
09:50:45 PM     0    215896     12.00      0.00  kworker/2:2-events
09:50:45 PM     0    216391      2.00      0.00  kworker/7:0-mm_percpu_wq
09:50:45 PM     0    219016      1.00      0.00  kworker/6:0-mm_percpu_wq
09:50:45 PM     0    219897      3.00      0.00  kworker/11:2-events
09:50:45 PM     0    221401      1.00      0.00  kworker/0:2-mm_percpu_wq
09:50:45 PM     0    222695      5.00      0.00  kworker/3:2-events
09:50:45 PM     0    226584      1.00      0.00  iostat
09:50:45 PM     0    226585      1.00      0.00  pidstat
09:50:45 PM     0    226586      5.00      0.00  bash
09:50:45 PM     0    226587      8.00      0.00  bash
09:50:45 PM     0    226588      4.00      0.00  bash
09:50:45 PM     0    226590     99.00      0.00  fio
09:50:45 PM     0    226787      1.00      0.00  sleep
09:50:45 PM     0    226797      1.00      0.00  sleep
09:50:45 PM     0    226799      1.00      0.00  sleep

09:50:45 PM   UID       PID   cswch/s nvcswch/s  Command
09:50:46 PM     0        17     22.00      0.00  rcu_preempt
09:50:46 PM     0        18      1.00      0.00  migration/0
09:50:46 PM     0        23      1.00      0.00  migration/1
09:50:46 PM     0        24      2.00      0.00  ksoftirqd/1
09:50:46 PM     0        29      2.00      0.00  migration/2
09:50:46 PM     0        35      1.00      0.00  migration/3
09:50:46 PM     0        36      2.00      0.00  ksoftirqd/3
09:50:46 PM     0        41      1.00      0.00  migration/4
09:50:46 PM     0        47      1.00      0.00  migration/5
09:50:46 PM     0        53      1.00      0.00  migration/6
09:50:46 PM     0        59      1.00      0.00  migration/7
09:50:46 PM     0        60      1.00      0.00  ksoftirqd/7
09:50:46 PM     0        65      1.00      0.00  migration/8
09:50:46 PM     0        71      1.00      0.00  migration/9
09:50:46 PM     0        77      1.00      0.00  migration/10
09:50:46 PM     0        83      1.00      0.00  migration/11
09:50:46 PM     0        95      2.00      0.00  kcompactd0
09:50:46 PM     0       453      1.00      0.00  multipathd
09:50:46 PM     0     88840      1.00      0.00  kworker/u24:1-edac-poller
09:50:46 PM     0    200447      2.00      0.00  kworker/5:1-events
09:50:46 PM     0    214261      3.00      0.00  kworker/1:0-mm_percpu_wq
09:50:46 PM     0    214609      1.00      0.00  kworker/10:1-mm_percpu_wq
09:50:46 PM     0    215896     13.00      0.00  kworker/2:2-events
09:50:46 PM     0    216391      3.00      0.00  kworker/7:0-mm_percpu_wq
09:50:46 PM     0    217324      1.00      0.00  kworker/4:0-events
09:50:46 PM     0    220676      1.00      0.00  kworker/8:1-mm_percpu_wq
09:50:46 PM     0    221401      1.00      0.00  kworker/0:2-events
09:50:46 PM     0    222695      5.00      0.00  kworker/3:2-events
09:50:46 PM     0    226584      1.00      0.00  iostat
09:50:46 PM     0    226585      1.00      0.00  pidstat
09:50:46 PM     0    226586      5.00      0.00  bash
09:50:46 PM     0    226587      6.00      0.00  bash
09:50:46 PM     0    226588      4.00      0.00  bash
09:50:46 PM     0    226590     99.00      0.00  fio
09:50:46 PM     0    226802      1.00      0.00  sleep
09:50:46 PM     0    226812      1.00      0.00  sleep
09:50:46 PM     0    226814      1.00      0.00  sleep

09:50:46 PM   UID       PID   cswch/s nvcswch/s  Command
09:50:47 PM     0        17     21.00      0.00  rcu_preempt
09:50:47 PM     0        29      2.00      0.00  migration/2
09:50:47 PM     0        36      1.00      0.00  ksoftirqd/3
09:50:47 PM     0        60      2.00      0.00  ksoftirqd/7
09:50:47 PM     0        78      1.00      0.00  ksoftirqd/10
09:50:47 PM     0        95      2.00      0.00  kcompactd0
09:50:47 PM     0       453      1.00      0.00  multipathd
09:50:47 PM     0       562      3.00      0.00  jbd2/nvme1n1p3-8
09:50:47 PM     0     88840      2.00      0.00  kworker/u24:1-edac-poller
09:50:47 PM     0    214261      3.00      0.00  kworker/1:0-mm_percpu_wq
09:50:47 PM     0    214609      2.00      0.00  kworker/10:1-mm_percpu_wq
09:50:47 PM     0    215896     12.00      0.00  kworker/2:2-events
09:50:47 PM     0    216391      6.00      0.00  kworker/7:0-events
09:50:47 PM     0    219016      1.00      0.00  kworker/6:0-mm_percpu_wq
09:50:47 PM     0    219897      1.00      0.00  kworker/11:2-mm_percpu_wq
09:50:47 PM     0    221401      1.00      0.00  kworker/0:2-mm_percpu_wq
09:50:47 PM     0    222695      4.00      0.00  kworker/3:2-events
09:50:47 PM     0    223479      3.00      0.00  kworker/9:2-events
09:50:47 PM     0    226584      1.00      0.00  iostat
09:50:47 PM     0    226585      1.00      0.00  pidstat
09:50:47 PM     0    226586      5.00      0.00  bash
09:50:47 PM     0    226587      5.00      0.00  bash
09:50:47 PM     0    226588      4.00      0.00  bash
09:50:47 PM     0    226590     99.00      0.00  fio
09:50:47 PM     0    226817      1.00      0.00  sleep
09:50:47 PM     0    226827      1.00      0.00  sleep
09:50:47 PM     0    226829      1.00      0.00  sleep

09:50:47 PM   UID       PID   cswch/s nvcswch/s  Command
09:50:48 PM     0        17     20.00      0.00  rcu_preempt
09:50:48 PM     0        30      1.00      0.00  ksoftirqd/2
09:50:48 PM     0        53      1.00      0.00  migration/6
09:50:48 PM     0        84      2.00      0.00  ksoftirqd/11
09:50:48 PM     0        95      2.00      0.00  kcompactd0
09:50:48 PM     0       453      1.00      0.00  multipathd
09:50:48 PM     0     88840      1.00      0.00  kworker/u24:1-events_power_efficient
09:50:48 PM     0    208607      3.00      0.00  kworker/u24:2-flush-259:1
09:50:48 PM     0    214261      2.00      0.00  kworker/1:0-mm_percpu_wq
09:50:48 PM     0    214609      3.00      0.00  kworker/10:1-mm_percpu_wq
09:50:48 PM     0    215896     13.00      0.00  kworker/2:2-events
09:50:48 PM     0    216391      1.00      0.00  kworker/7:0-mm_percpu_wq
09:50:48 PM     0    217324      1.00      0.00  kworker/4:0-events
09:50:48 PM     0    219897      2.00      0.00  kworker/11:2-events
09:50:48 PM     0    220676      1.00      0.00  kworker/8:1-mm_percpu_wq
09:50:48 PM     0    221401      1.00      0.00  kworker/0:2-events
09:50:48 PM     0    222695      1.00      0.00  kworker/3:2-events
09:50:48 PM     0    223479      4.00      0.00  kworker/9:2-events
09:50:48 PM     0    226584      1.00      0.00  iostat
09:50:48 PM     0    226585      1.00      0.00  pidstat
09:50:48 PM     0    226586      5.00      0.00  bash
09:50:48 PM     0    226587      8.00      0.00  bash
09:50:48 PM     0    226588      4.00      0.00  bash
09:50:48 PM     0    226590     99.00      0.00  fio
09:50:48 PM     0    226832      1.00      0.00  sleep
09:50:48 PM     0    226842      1.00      0.00  sleep
09:50:48 PM     0    226844      1.00      0.00  sleep

09:50:48 PM   UID       PID   cswch/s nvcswch/s  Command
09:50:49 PM     0        17     22.00      0.00  rcu_preempt
09:50:49 PM     0        29      2.00      0.00  migration/2
09:50:49 PM     0        72      2.00      0.00  ksoftirqd/9
09:50:49 PM     0        78      2.00      0.00  ksoftirqd/10
09:50:49 PM     0        95      2.00      0.00  kcompactd0
09:50:49 PM     0       187      2.00      0.00  kworker/0:1H-kblockd
09:50:49 PM     0       453      1.00      0.00  multipathd
09:50:49 PM     0     88840      2.00      0.00  kworker/u24:1-ext4-rsv-conversion
09:50:49 PM     0    208607      8.00      0.00  kworker/u24:2-edac-poller
09:50:49 PM     0    214261      3.00      0.00  kworker/1:0-events
09:50:49 PM     0    214609      3.00      0.00  kworker/10:1-events
09:50:49 PM     0    215896     10.00      0.00  kworker/2:2-events
09:50:49 PM     0    216391      2.00      0.00  kworker/7:0-events
09:50:49 PM     0    217324      1.00      0.00  kworker/4:0-events
09:50:49 PM     0    219016      1.00      0.00  kworker/6:0-mm_percpu_wq
09:50:49 PM     0    219897      3.00      0.00  kworker/11:2-events
09:50:49 PM     0    220676      1.00      0.00  kworker/8:1-events
09:50:49 PM     0    221401      1.00      0.00  kworker/0:2-inode_switch_wbs
09:50:49 PM     0    223479      4.00      0.00  kworker/9:2-events
09:50:49 PM     0    226584      1.00      0.00  iostat
09:50:49 PM     0    226585      1.00      0.00  pidstat
09:50:49 PM     0    226586      5.00      0.00  bash
09:50:49 PM     0    226587      6.00      0.00  bash
09:50:49 PM     0    226588      4.00      0.00  bash
09:50:49 PM     0    226590     99.00      0.00  fio
09:50:49 PM     0    226847      1.00      0.00  sleep
09:50:49 PM     0    226857      1.00      0.00  sleep
09:50:49 PM     0    226859      1.00      0.00  sleep

09:50:49 PM   UID       PID   cswch/s nvcswch/s  Command
09:50:50 PM     0        17     20.00      0.00  rcu_preempt
09:50:50 PM     0        18      1.00      0.00  migration/0
09:50:50 PM     0        23      1.00      0.00  migration/1
09:50:50 PM     0        24      4.00      0.00  ksoftirqd/1
09:50:50 PM     0        29      3.00      0.00  migration/2
09:50:50 PM     0        30      1.00      0.00  ksoftirqd/2
09:50:50 PM     0        35      1.00      0.00  migration/3
09:50:50 PM     0        36      1.00      0.00  ksoftirqd/3
09:50:50 PM     0        41      1.00      0.00  migration/4
09:50:50 PM     0        47      1.00      0.00  migration/5
09:50:50 PM     0        53      1.00      0.00  migration/6
09:50:50 PM     0        59      1.00      0.00  migration/7
09:50:50 PM     0        65      1.00      0.00  migration/8
09:50:50 PM     0        71      1.00      0.00  migration/9
09:50:50 PM     0        72      3.00      0.00  ksoftirqd/9
09:50:50 PM     0        77      1.00      0.00  migration/10
09:50:50 PM     0        83      1.00      0.00  migration/11
09:50:50 PM     0        84      2.00      0.00  ksoftirqd/11
09:50:50 PM     0        95      2.00      0.00  kcompactd0
09:50:50 PM     0       453      1.00      0.00  multipathd
09:50:50 PM     0    208607      1.00      0.00  kworker/u24:2-edac-poller
09:50:50 PM     0    214261      5.00      0.00  kworker/1:0-mm_percpu_wq
09:50:50 PM     0    214609      2.00      0.00  kworker/10:1-mm_percpu_wq
09:50:50 PM     0    215896     12.00      0.00  kworker/2:2-events
09:50:50 PM     0    216391      1.00      0.00  kworker/7:0-mm_percpu_wq
09:50:50 PM     0    217324      1.00      0.00  kworker/4:0-events
09:50:50 PM     0    219897      1.00      0.00  kworker/11:2-events
09:50:50 PM     0    220676      2.00      0.00  kworker/8:1-mm_percpu_wq
09:50:50 PM     0    221401      2.00      0.00  kworker/0:2-mm_percpu_wq
09:50:50 PM     0    222695      1.00      0.00  kworker/3:2-mm_percpu_wq
09:50:50 PM     0    223479      4.00      0.00  kworker/9:2-events
09:50:50 PM     0    226584      1.00      0.00  iostat
09:50:50 PM     0    226585      1.00      0.00  pidstat
09:50:50 PM     0    226586      5.00      0.00  bash
09:50:50 PM     0    226587      8.00      0.00  bash
09:50:50 PM     0    226588      4.00      0.00  bash
09:50:50 PM     0    226590    100.00      0.00  fio
09:50:50 PM     0    226862      1.00      0.00  sleep
09:50:50 PM     0    226872      1.00      0.00  sleep
09:50:50 PM     0    226874      1.00      0.00  sleep

09:50:50 PM   UID       PID   cswch/s nvcswch/s  Command
09:50:51 PM     0        17     18.00      0.00  rcu_preempt
09:50:51 PM     0        24      3.00      0.00  ksoftirqd/1
09:50:51 PM     0        30      1.00      0.00  ksoftirqd/2
09:50:51 PM     0        36      2.00      0.00  ksoftirqd/3
09:50:51 PM     0        71      1.00      0.00  migration/9
09:50:51 PM     0        78      1.00      0.00  ksoftirqd/10
09:50:51 PM     0        84      2.00      0.00  ksoftirqd/11
09:50:51 PM     0        95      2.00      0.00  kcompactd0
09:50:51 PM     0       188      1.00      0.00  kworker/2:1H-kblockd
09:50:51 PM     0       453      1.00      0.00  multipathd
09:50:51 PM     0    208607      2.00      0.00  kworker/u24:2-events_unbound
09:50:51 PM     0    214261      6.00      0.00  kworker/1:0-events
09:50:51 PM     0    214609      2.00      0.00  kworker/10:1-mm_percpu_wq
09:50:51 PM     0    215896     11.00      0.00  kworker/2:2-events
09:50:51 PM     0    216391      1.00      0.00  kworker/7:0-events
09:50:51 PM     0    219016      1.00      0.00  kworker/6:0-mm_percpu_wq
09:50:51 PM     0    219897      4.00      0.00  kworker/11:2-events
09:50:51 PM     0    220676      1.00      0.00  kworker/8:1-events
09:50:51 PM     0    221401      2.00      0.00  kworker/0:2-events
09:50:51 PM     0    223479      1.00      0.00  kworker/9:2-mm_percpu_wq
09:50:51 PM     0    226584      1.00      0.00  iostat
09:50:51 PM     0    226585      1.00      0.00  pidstat
09:50:51 PM     0    226586      5.00      0.00  bash
09:50:51 PM     0    226587      7.00      0.00  bash
09:50:51 PM     0    226588      4.00      1.00  bash
09:50:51 PM     0    226590     99.00      0.00  fio
09:50:51 PM     0    226877      1.00      0.00  sleep
09:50:51 PM     0    226887      1.00      0.00  sleep
09:50:51 PM     0    226889      1.00      0.00  sleep

09:50:51 PM   UID       PID   cswch/s nvcswch/s  Command
09:50:52 PM     0        17     19.00      0.00  rcu_preempt
09:50:52 PM     0        24      1.00      0.00  ksoftirqd/1
09:50:52 PM     0        29      2.00      0.00  migration/2
09:50:52 PM     0        36      1.00      0.00  ksoftirqd/3
09:50:52 PM     0        78      2.00      0.00  ksoftirqd/10
09:50:52 PM     0        84      3.00      0.00  ksoftirqd/11
09:50:52 PM     0        95      2.00      0.00  kcompactd0
09:50:52 PM     0       453      1.00      0.00  multipathd
09:50:52 PM   101       608      1.00      0.00  systemd-network
09:50:52 PM     0    208607      1.00      0.00  kworker/u24:2-edac-poller
09:50:52 PM     0    214261      4.00      0.00  kworker/1:0-events
09:50:52 PM     0    214609      2.00      0.00  kworker/10:1-mm_percpu_wq
09:50:52 PM     0    215896     13.00      0.00  kworker/2:2-events
09:50:52 PM     0    216391      1.00      0.00  kworker/7:0-mm_percpu_wq
09:50:52 PM     0    217324      1.00      0.00  kworker/4:0-events
09:50:52 PM     0    219897      2.00      0.00  kworker/11:2-events
09:50:52 PM     0    220676      1.00      0.00  kworker/8:1-mm_percpu_wq
09:50:52 PM     0    221401      1.00      0.00  kworker/0:2-events
09:50:52 PM     0    222695      4.00      0.00  kworker/3:2-events
09:50:52 PM     0    223479      1.00      0.00  kworker/9:2-events
09:50:52 PM     0    226584      1.00      0.00  iostat
09:50:52 PM     0    226585      1.00      0.00  pidstat
09:50:52 PM     0    226586      5.00      0.00  bash
09:50:52 PM     0    226587      7.00      0.00  bash
09:50:52 PM     0    226588      4.00      0.00  bash
09:50:52 PM     0    226590     99.00      0.00  fio
09:50:52 PM     0    226892      1.00      0.00  sleep
09:50:52 PM     0    226902      1.00      0.00  sleep
09:50:52 PM     0    226904      1.00      0.00  sleep

09:50:52 PM   UID       PID   cswch/s nvcswch/s  Command
09:50:53 PM     0        17     22.00      0.00  rcu_preempt
09:50:53 PM     0        23      1.00      0.00  migration/1
09:50:53 PM     0        29      1.00      0.00  migration/2
09:50:53 PM     0        36      2.00      0.00  ksoftirqd/3
09:50:53 PM     0        65      1.00      0.00  migration/8
09:50:53 PM     0        78      2.00      0.00  ksoftirqd/10
09:50:53 PM     0        83      1.00      0.00  migration/11
09:50:53 PM     0        84      2.00      0.00  ksoftirqd/11
09:50:53 PM     0        95      2.00      0.00  kcompactd0
09:50:53 PM     0       453      1.00      0.00  multipathd
09:50:53 PM     0       562      3.00      0.00  jbd2/nvme1n1p3-8
09:50:53 PM     0     21554      1.00      0.00  packagekitd
09:50:53 PM     0    208607      3.00      0.00  kworker/u24:2-events_unbound
09:50:53 PM     0    214261      2.00      0.00  kworker/1:0-events
09:50:53 PM     0    214609      4.00      0.00  kworker/10:1-mm_percpu_wq
09:50:53 PM     0    215896      9.00      0.00  kworker/2:2-events
09:50:53 PM     0    216391      1.00      0.00  kworker/7:0-mm_percpu_wq
09:50:53 PM     0    219016      2.00      0.00  kworker/6:0-events
09:50:53 PM     0    219897      4.00      0.00  kworker/11:2-events
09:50:53 PM     0    220676      2.00      0.00  kworker/8:1-mm_percpu_wq
09:50:53 PM     0    221401      1.00      0.00  kworker/0:2-mm_percpu_wq
09:50:53 PM     0    222695      6.00      0.00  kworker/3:2-events
09:50:53 PM     0    223479      2.00      0.00  kworker/9:2-events
09:50:53 PM     0    226584      1.00      0.00  iostat
09:50:53 PM     0    226585      1.00      0.00  pidstat
09:50:53 PM     0    226586      5.00      0.00  bash
09:50:53 PM     0    226587      6.00      0.00  bash
09:50:53 PM     0    226588      4.00      0.00  bash
09:50:53 PM     0    226590     99.00      0.00  fio
09:50:53 PM     0    226907      1.00      0.00  sleep
09:50:53 PM     0    226917      1.00      0.00  sleep
09:50:53 PM     0    226919      1.00      0.00  sleep

09:50:53 PM   UID       PID   cswch/s nvcswch/s  Command
09:50:54 PM     0        17     20.00      0.00  rcu_preempt
09:50:54 PM     0        18      1.00      0.00  migration/0
09:50:54 PM     0        23      1.00      0.00  migration/1
09:50:54 PM     0        29      1.00      0.00  migration/2
09:50:54 PM     0        30      1.00      0.00  ksoftirqd/2
09:50:54 PM     0        35      1.00      0.00  migration/3
09:50:54 PM     0        41      1.00      0.00  migration/4
09:50:54 PM     0        47      1.00      0.00  migration/5
09:50:54 PM     0        53      1.00      0.00  migration/6
09:50:54 PM     0        54      1.00      0.00  ksoftirqd/6
09:50:54 PM     0        59      1.00      0.00  migration/7
09:50:54 PM     0        65      2.00      0.00  migration/8
09:50:54 PM     0        71      1.00      0.00  migration/9
09:50:54 PM     0        77      1.00      0.00  migration/10
09:50:54 PM     0        78      2.00      0.00  ksoftirqd/10
09:50:54 PM     0        83      1.00      0.00  migration/11
09:50:54 PM     0        84      2.00      0.00  ksoftirqd/11
09:50:54 PM     0        95      2.00      0.00  kcompactd0
09:50:54 PM     0       192      1.00      0.00  kworker/7:1H-kblockd
09:50:54 PM     0       453      1.00      0.00  multipathd
09:50:54 PM     0     88840      2.00      0.00  kworker/u24:1-edac-poller
09:50:54 PM     0    208607      1.00      0.00  kworker/u24:2-events_unbound
09:50:54 PM     0    214261      1.00      0.00  kworker/1:0-events
09:50:54 PM     0    214609      5.00      0.00  kworker/10:1-mm_percpu_wq
09:50:54 PM     0    215896     13.00      0.00  kworker/2:2-events
09:50:54 PM     0    216391      2.00      0.00  kworker/7:0-mm_percpu_wq
09:50:54 PM     0    217324      2.00      0.00  kworker/4:0-events
09:50:54 PM     0    219897      2.00      0.00  kworker/11:2-events
09:50:54 PM     0    221401      2.00      0.00  kworker/0:2-events
09:50:54 PM     0    222695      3.00      0.00  kworker/3:2-events
09:50:54 PM     0    226584      1.00      0.00  iostat
09:50:54 PM     0    226585      1.00      0.00  pidstat
09:50:54 PM     0    226586      5.00      0.00  bash
09:50:54 PM     0    226587      8.00      0.00  bash
09:50:54 PM     0    226588      4.00      0.00  bash
09:50:54 PM     0    226590     99.00      0.00  fio
09:50:54 PM     0    226922      1.00      0.00  sleep
09:50:54 PM     0    226932      1.00      0.00  sleep
09:50:54 PM     0    226934      1.00      0.00  sleep

09:50:54 PM   UID       PID   cswch/s nvcswch/s  Command
09:50:55 PM     0        16      1.00      0.00  ksoftirqd/0
09:50:55 PM     0        17     22.00      0.00  rcu_preempt
09:50:55 PM     0        29      2.00      0.00  migration/2
09:50:55 PM     0        30      1.00      0.00  ksoftirqd/2
09:50:55 PM     0        72      1.00      0.00  ksoftirqd/9
09:50:55 PM     0        78      2.00      0.00  ksoftirqd/10
09:50:55 PM     0        95      2.00      0.00  kcompactd0
09:50:55 PM     0       190      1.00      0.00  kworker/10:1H-kblockd
09:50:55 PM     0       453      1.00      0.00  multipathd
09:50:55 PM   106       639      1.00      0.00  rsyslogd
09:50:55 PM     0     88840      6.00      0.00  kworker/u24:1-events_unbound
09:50:55 PM     0    208607      1.00      0.00  kworker/u24:2-ext4-rsv-conversion
09:50:55 PM     0    214261      5.00      0.00  kworker/1:0-events
09:50:55 PM     0    214609      3.00      0.00  kworker/10:1-mm_percpu_wq
09:50:55 PM     0    215896     13.00      0.00  kworker/2:2-events
09:50:55 PM     0    216391      2.00      0.00  kworker/7:0-events
09:50:55 PM     0    219016      1.00      0.00  kworker/6:0-mm_percpu_wq
09:50:55 PM     0    219897      2.00      0.00  kworker/11:2-events
09:50:55 PM     0    220676      1.00      0.00  kworker/8:1-mm_percpu_wq
09:50:55 PM     0    221401      3.00      0.00  kworker/0:2-mm_percpu_wq
09:50:55 PM     0    222695      1.00      0.00  kworker/3:2-events
09:50:55 PM     0    223479      4.00      0.00  kworker/9:2-events
09:50:55 PM     0    226584      1.00      0.00  iostat
09:50:55 PM     0    226585      1.00      0.00  pidstat
09:50:55 PM     0    226586      5.00      0.00  bash
09:50:55 PM     0    226587      8.00      2.00  bash
09:50:55 PM     0    226588      4.00      0.00  bash
09:50:55 PM     0    226590     99.00      0.00  fio
09:50:55 PM     0    226937      1.00      0.00  sleep
09:50:55 PM     0    226947      1.00      0.00  sleep
09:50:55 PM     0    226949      1.00      0.00  sleep

09:50:55 PM   UID       PID   cswch/s nvcswch/s  Command
09:50:56 PM     0         2      1.00      0.00  kthreadd
09:50:56 PM     0        17     22.00      0.00  rcu_preempt
09:50:56 PM     0        72      2.00      0.00  ksoftirqd/9
09:50:56 PM     0        78      1.00      0.00  ksoftirqd/10
09:50:56 PM     0        84      2.00      0.00  ksoftirqd/11
09:50:56 PM     0        95      2.00      0.00  kcompactd0
09:50:56 PM     0       102      1.00      0.00  irq/9-acpi
09:50:56 PM     0       453      1.00      0.00  multipathd
09:50:56 PM     0     88840      1.00      0.00  kworker/u24:1-edac-poller
09:50:56 PM     0    189255      2.00      0.00  kworker/7:2-i915-unordered
09:50:56 PM     0    214261      1.00      0.00  kworker/1:0-events
09:50:56 PM     0    214609      4.00      0.00  kworker/10:1-mm_percpu_wq
09:50:56 PM     0    215896     12.00      0.00  kworker/2:2-events
09:50:56 PM     0    216391      8.00      0.00  kworker/7:0-mm_percpu_wq
09:50:56 PM     0    217324      1.00      0.00  kworker/4:0-events
09:50:56 PM     0    219897      1.00      0.00  kworker/11:2-events
09:50:56 PM     0    220676      1.00      0.00  kworker/8:1-mm_percpu_wq
09:50:56 PM     0    221401      7.00      0.00  kworker/0:2-events
09:50:56 PM     0    223479      3.00      0.00  kworker/9:2-events
09:50:56 PM     0    226584      1.00      0.00  iostat
09:50:56 PM     0    226585      1.00      0.00  pidstat
09:50:56 PM     0    226586      5.00      0.00  bash
09:50:56 PM     0    226587      8.00      0.00  bash
09:50:56 PM     0    226588      4.00      0.00  bash
09:50:56 PM     0    226590     99.00      0.00  fio
09:50:56 PM     0    226951      2.00      0.00  kworker/7:1
09:50:56 PM     0    226953      1.00      0.00  sleep
09:50:56 PM     0    226963      1.00      0.00  sleep
09:50:56 PM     0    226965      1.00      0.00  sleep

09:50:56 PM   UID       PID   cswch/s nvcswch/s  Command
09:50:57 PM     0        16      1.00      0.00  ksoftirqd/0
09:50:57 PM     0        17     20.00      0.00  rcu_preempt
09:50:57 PM     0        29      1.00      0.00  migration/2
09:50:57 PM     0        36      2.00      0.00  ksoftirqd/3
09:50:57 PM     0        60      1.00      0.00  ksoftirqd/7
09:50:57 PM     0        78      1.00      0.00  ksoftirqd/10
09:50:57 PM     0        95      2.00      0.00  kcompactd0
09:50:57 PM     0       188      1.00      0.00  kworker/2:1H-kblockd
09:50:57 PM     0       453      1.00      0.00  multipathd
09:50:57 PM     0     88840      1.00      0.00  kworker/u24:1-edac-poller
09:50:57 PM     0    214261      2.00      0.00  kworker/1:0-events
09:50:57 PM     0    214609      4.00      0.00  kworker/10:1-mm_percpu_wq
09:50:57 PM     0    215896      9.00      0.00  kworker/2:2-events
09:50:57 PM     0    216391      2.00      0.00  kworker/7:0-events
09:50:57 PM     0    217324      1.00      0.00  kworker/4:0-mm_percpu_wq
09:50:57 PM     0    219016      1.00      0.00  kworker/6:0-mm_percpu_wq
09:50:57 PM     0    219897      4.00      0.00  kworker/11:2-events
09:50:57 PM     0    221401      4.00      0.00  kworker/0:2-mm_percpu_wq
09:50:57 PM     0    222695      4.00      0.00  kworker/3:2-events
09:50:57 PM     0    223479      3.00      0.00  kworker/9:2-events
09:50:57 PM     0    226584      1.00      0.00  iostat
09:50:57 PM     0    226585      1.00      0.00  pidstat
09:50:57 PM     0    226586      5.00      0.00  bash
09:50:57 PM     0    226587      7.00      0.00  bash
09:50:57 PM     0    226588      4.00      0.00  bash
09:50:57 PM     0    226590    100.00      0.00  fio
09:50:57 PM     0    226968      1.00      0.00  sleep
09:50:57 PM     0    226978      1.00      0.00  sleep
09:50:57 PM     0    226980      1.00      0.00  sleep

09:50:57 PM   UID       PID   cswch/s nvcswch/s  Command
09:50:58 PM     0        16      1.00      0.00  ksoftirqd/0
09:50:58 PM     0        17     21.00      0.00  rcu_preempt
09:50:58 PM     0        18      1.00      0.00  migration/0
09:50:58 PM     0        23      1.00      0.00  migration/1
09:50:58 PM     0        24      2.00      0.00  ksoftirqd/1
09:50:58 PM     0        29      2.00      0.00  migration/2
09:50:58 PM     0        35      1.00      0.00  migration/3
09:50:58 PM     0        36      2.00      0.00  ksoftirqd/3
09:50:58 PM     0        41      1.00      0.00  migration/4
09:50:58 PM     0        47      1.00      0.00  migration/5
09:50:58 PM     0        53      1.00      0.00  migration/6
09:50:58 PM     0        59      1.00      0.00  migration/7
09:50:58 PM     0        65      1.00      0.00  migration/8
09:50:58 PM     0        66      1.00      0.00  ksoftirqd/8
09:50:58 PM     0        71      1.00      0.00  migration/9
09:50:58 PM     0        77      1.00      0.00  migration/10
09:50:58 PM     0        83      1.00      0.00  migration/11
09:50:58 PM     0        84      1.00      0.00  ksoftirqd/11
09:50:58 PM     0        95      2.00      0.00  kcompactd0
09:50:58 PM     0       453      1.00      0.00  multipathd
09:50:58 PM     0       562      3.00      0.00  jbd2/nvme1n1p3-8
09:50:58 PM     0     88840      4.00      0.00  kworker/u24:1-edac-poller
09:50:58 PM     0    200447      2.00      0.00  kworker/5:1-events
09:50:58 PM     0    214261      3.00      0.00  kworker/1:0-mm_percpu_wq
09:50:58 PM     0    214609      1.00      0.00  kworker/10:1-mm_percpu_wq
09:50:58 PM     0    215896     13.00      0.00  kworker/2:2-events
09:50:58 PM     0    216391      2.00      0.00  kworker/7:0-mm_percpu_wq
09:50:58 PM     0    217324      1.00      0.00  kworker/4:0-mm_percpu_wq
09:50:58 PM     0    219897      3.00      0.00  kworker/11:2-events
09:50:58 PM     0    220676      2.00      0.00  kworker/8:1-mm_percpu_wq
09:50:58 PM     0    221401      2.00      0.00  kworker/0:2-events
09:50:58 PM     0    222695      2.00      0.00  kworker/3:2-events
09:50:58 PM     0    223479      1.00      0.00  kworker/9:2-events
09:50:58 PM     0    226584      1.00      0.00  iostat
09:50:58 PM     0    226585      1.00      0.00  pidstat
09:50:58 PM     0    226586      5.00      0.00  bash
09:50:58 PM     0    226587      7.00      0.00  bash
09:50:58 PM     0    226588      4.00      0.00  bash
09:50:58 PM     0    226590     99.00      0.00  fio
09:50:58 PM     0    226983      1.00      0.00  sleep
09:50:58 PM     0    226993      1.00      0.00  sleep
09:50:58 PM     0    226995      1.00      0.00  sleep

09:50:58 PM   UID       PID   cswch/s nvcswch/s  Command
09:50:59 PM     0        16      1.00      0.00  ksoftirqd/0
09:50:59 PM     0        17     21.00      0.00  rcu_preempt
09:50:59 PM     0        24      1.00      0.00  ksoftirqd/1
09:50:59 PM     0        29      1.00      0.00  migration/2
09:50:59 PM     0        36      3.00      0.00  ksoftirqd/3
09:50:59 PM     0        65      1.00      0.00  migration/8
09:50:59 PM     0        71      1.00      0.00  migration/9
09:50:59 PM     0        78      1.00      0.00  ksoftirqd/10
09:50:59 PM     0        84      1.00      0.00  ksoftirqd/11
09:50:59 PM     0        95      1.00      0.00  kcompactd0
09:50:59 PM     0       453      1.00      0.00  multipathd
09:50:59 PM     0     88840      1.00      0.00  kworker/u24:1-events_power_efficient
09:50:59 PM     0    208607      2.00      0.00  kworker/u24:2-edac-poller
09:50:59 PM     0    214261      5.00      0.00  kworker/1:0-events
09:50:59 PM     0    214609      2.00      0.00  kworker/10:1-mm_percpu_wq
09:50:59 PM     0    215896     10.00      0.00  kworker/2:2-events
09:50:59 PM     0    216391      1.00      0.00  kworker/7:0-mm_percpu_wq
09:50:59 PM     0    217324      1.00      0.00  kworker/4:0-mm_percpu_wq
09:50:59 PM     0    219016      2.00      0.00  kworker/6:0-events
09:50:59 PM     0    219897      6.00      0.00  kworker/11:2-mm_percpu_wq
09:50:59 PM     0    221401      2.00      0.00  kworker/0:2-mm_percpu_wq
09:50:59 PM     0    222695      4.00      0.00  kworker/3:2-events
09:50:59 PM     0    223479      1.00      0.00  kworker/9:2-mm_percpu_wq
09:50:59 PM     0    226584      1.00      0.00  iostat
09:50:59 PM     0    226585      1.00      0.00  pidstat
09:50:59 PM     0    226586      5.00      0.00  bash
09:50:59 PM     0    226587      7.00      0.00  bash
09:50:59 PM     0    226588      4.00      0.00  bash
09:50:59 PM     0    226590     99.00      0.00  fio
09:50:59 PM     0    226998      1.00      0.00  sleep
09:50:59 PM     0    227005      1.00      1.00  sleep
09:50:59 PM     0    227010      1.00      0.00  sleep

09:50:59 PM   UID       PID   cswch/s nvcswch/s  Command
09:51:00 PM     0        16      1.00      0.00  ksoftirqd/0
09:51:00 PM     0        17     23.00      0.00  rcu_preempt
09:51:00 PM     0        24      1.00      0.00  ksoftirqd/1
09:51:00 PM     0        29      1.00      0.00  migration/2
09:51:00 PM     0        42      2.00      0.00  ksoftirqd/4
09:51:00 PM     0        72      1.00      0.00  ksoftirqd/9
09:51:00 PM     0        84      1.00      0.00  ksoftirqd/11
09:51:00 PM     0        95      2.00      0.00  kcompactd0
09:51:00 PM     0       192      1.00      0.00  kworker/7:1H-xfs-log/nvme0n1p2
09:51:00 PM     0       453      1.00      0.00  multipathd
09:51:00 PM     0     88840      1.00      0.00  kworker/u24:1-xfs-cil/nvme0n1p2
09:51:00 PM     0    208607      2.00      0.00  kworker/u24:2-edac-poller
09:51:00 PM     0    214261      5.00      0.00  kworker/1:0-events
09:51:00 PM     0    215896     13.00      0.00  kworker/2:2-events
09:51:00 PM     0    216391      2.00      0.00  kworker/7:0-xfs-sync/nvme0n1p2
09:51:00 PM     0    217324      4.00      0.00  kworker/4:0-mm_percpu_wq
09:51:00 PM     0    219897      2.00      0.00  kworker/11:2-events
09:51:00 PM     0    220676      1.00      0.00  kworker/8:1-mm_percpu_wq
09:51:00 PM     0    221401      2.00      0.00  kworker/0:2-events
09:51:00 PM     0    223479      5.00      0.00  kworker/9:2-mm_percpu_wq
09:51:00 PM     0    226584      1.00      0.00  iostat
09:51:00 PM     0    226585      1.00      0.00  pidstat
09:51:00 PM     0    226586      5.00      0.00  bash
09:51:00 PM     0    226587      8.00      0.00  bash
09:51:00 PM     0    226588      4.00      0.00  bash
09:51:00 PM     0    226590     99.00      0.00  fio
09:51:00 PM     0    227013      1.00      0.00  sleep
09:51:00 PM     0    227020      1.00      1.00  sleep
09:51:00 PM     0    227025      1.00      0.00  sleep

09:51:00 PM   UID       PID   cswch/s nvcswch/s  Command
09:51:01 PM     0        17     21.00      0.00  rcu_preempt
09:51:01 PM     0        29      1.00      0.00  migration/2
09:51:01 PM     0        42      1.00      0.00  ksoftirqd/4
09:51:01 PM     0        72      1.00      0.00  ksoftirqd/9
09:51:01 PM     0        84      2.00      0.00  ksoftirqd/11
09:51:01 PM     0        95      2.00      0.00  kcompactd0
09:51:01 PM     0       190      1.00      0.00  kworker/10:1H-kblockd
09:51:01 PM     0       453      1.00      0.00  multipathd
09:51:01 PM     0    208607      4.00      0.00  kworker/u24:2-edac-poller
09:51:01 PM     0    214261      6.00      0.00  kworker/1:0-events
09:51:01 PM     0    214609      1.00      0.00  kworker/10:1-mm_percpu_wq
09:51:01 PM     0    215896     12.00      0.00  kworker/2:2-events
09:51:01 PM     0    216391      2.00      0.00  kworker/7:0-events
09:51:01 PM     0    217324      3.00      0.00  kworker/4:0-mm_percpu_wq
09:51:01 PM     0    219016      1.00      0.00  kworker/6:0-mm_percpu_wq
09:51:01 PM     0    219897      5.00      0.00  kworker/11:2-events
09:51:01 PM     0    221401      1.00      0.00  kworker/0:2-mm_percpu_wq
09:51:01 PM     0    222695      1.00      0.00  kworker/3:2-mm_percpu_wq
09:51:01 PM     0    223479      4.00      0.00  kworker/9:2-mm_percpu_wq
09:51:01 PM     0    226584      1.00      0.00  iostat
09:51:01 PM     0    226585      1.00      0.00  pidstat
09:51:01 PM     0    226586      5.00      0.00  bash
09:51:01 PM     0    226587      6.00      0.00  bash
09:51:01 PM     0    226588      4.00      0.00  bash
09:51:01 PM     0    226590     99.00      0.00  fio
09:51:01 PM     0    227028      1.00      0.00  sleep
09:51:01 PM     0    227035      1.00      0.00  sleep
09:51:01 PM     0    227040      1.00      0.00  sleep

09:51:01 PM   UID       PID   cswch/s nvcswch/s  Command
09:51:02 PM     0        17     22.00      0.00  rcu_preempt
09:51:02 PM     0        18      1.00      0.00  migration/0
09:51:02 PM     0        23      1.00      0.00  migration/1
09:51:02 PM     0        29      1.00      0.00  migration/2
09:51:02 PM     0        35      1.00      0.00  migration/3
09:51:02 PM     0        41      1.00      0.00  migration/4
09:51:02 PM     0        42      1.00      0.00  ksoftirqd/4
09:51:02 PM     0        47      1.00      0.00  migration/5
09:51:02 PM     0        53      1.00      0.00  migration/6
09:51:02 PM     0        59      1.00      0.00  migration/7
09:51:02 PM     0        65      1.00      0.00  migration/8
09:51:02 PM     0        71      1.00      0.00  migration/9
09:51:02 PM     0        72      2.00      0.00  ksoftirqd/9
09:51:02 PM     0        77      1.00      0.00  migration/10
09:51:02 PM     0        83      1.00      0.00  migration/11
09:51:02 PM     0        84      2.00      0.00  ksoftirqd/11
09:51:02 PM     0        95      2.00      0.00  kcompactd0
09:51:02 PM     0       453      1.00      0.00  multipathd
09:51:02 PM   101       608      2.00      0.00  systemd-network
09:51:02 PM     0       769      4.00      0.00  cron
09:51:02 PM     0    208607      2.00      0.00  kworker/u24:2-edac-poller
09:51:02 PM     0    214261      2.00      0.00  kworker/1:0-events
09:51:02 PM     0    214609      1.00      0.00  kworker/10:1-events
09:51:02 PM     0    215896     12.00      0.00  kworker/2:2-events
09:51:02 PM     0    216391      1.00      0.00  kworker/7:0-mm_percpu_wq
09:51:02 PM     0    217324      3.00      0.00  kworker/4:0-mm_percpu_wq
09:51:02 PM     0    219897      3.00      0.00  kworker/11:2-events
09:51:02 PM     0    220676      2.00      0.00  kworker/8:1-mm_percpu_wq
09:51:02 PM     0    221401      3.00      0.00  kworker/0:2-events
09:51:02 PM     0    223479      3.00      0.00  kworker/9:2-events
09:51:02 PM     0    226584      1.00      0.00  iostat
09:51:02 PM     0    226585      1.00      0.00  pidstat
09:51:02 PM     0    226586      5.00      0.00  bash
09:51:02 PM     0    226587      7.00      0.00  bash
09:51:02 PM     0    226588      4.00      0.00  bash
09:51:02 PM     0    226590     99.00      0.00  fio
09:51:02 PM     0    227043      1.00      0.00  sleep
09:51:02 PM     0    227050      1.00      0.00  sleep
09:51:02 PM     0    227055      1.00      0.00  sleep

09:51:02 PM   UID       PID   cswch/s nvcswch/s  Command
09:51:03 PM     0        17     20.00      0.00  rcu_preempt
09:51:03 PM     0        72      1.00      0.00  ksoftirqd/9
09:51:03 PM     0        78      2.00      0.00  ksoftirqd/10
09:51:03 PM     0        95      2.00      0.00  kcompactd0
09:51:03 PM     0       453      1.00      0.00  multipathd
09:51:03 PM     0       562      3.00      0.00  jbd2/nvme1n1p3-8
09:51:03 PM     0     21554      1.00      0.00  packagekitd
09:51:03 PM     0    208607      1.00      0.00  kworker/u24:2-edac-poller
09:51:03 PM     0    214261      4.00      0.00  kworker/1:0-events
09:51:03 PM     0    214609      2.00      0.00  kworker/10:1-mm_percpu_wq
09:51:03 PM     0    215896     11.00      0.00  kworker/2:2-events
09:51:03 PM     0    216391      2.00      0.00  kworker/7:0-events
09:51:03 PM     0    219016      1.00      0.00  kworker/6:0-mm_percpu_wq
09:51:03 PM     0    219897      4.00      0.00  kworker/11:2-events
09:51:03 PM     0    220676      2.00      0.00  kworker/8:1-mm_percpu_wq
09:51:03 PM     0    221401      3.00      0.00  kworker/0:2-mm_percpu_wq
09:51:03 PM     0    223479      5.00      0.00  kworker/9:2-events
09:51:03 PM     0    226584      1.00      0.00  iostat
09:51:03 PM     0    226585      1.00      0.00  pidstat
09:51:03 PM     0    226586      5.00      0.00  bash
09:51:03 PM     0    226587      8.00      0.00  bash
09:51:03 PM     0    226588      4.00      0.00  bash
09:51:03 PM     0    226590     99.00      0.00  fio
09:51:03 PM     0    227058      1.00      0.00  sleep
09:51:03 PM     0    227065      1.00      0.00  sleep
09:51:03 PM     0    227070      1.00      0.00  sleep

09:51:03 PM   UID       PID   cswch/s nvcswch/s  Command
09:51:04 PM     0        17     19.00      0.00  rcu_preempt
09:51:04 PM     0        29      1.00      0.00  migration/2
09:51:04 PM     0        60      1.00      0.00  ksoftirqd/7
09:51:04 PM     0        65      1.00      0.00  migration/8
09:51:04 PM     0        72      2.00      0.00  ksoftirqd/9
09:51:04 PM     0        84      2.00      0.00  ksoftirqd/11
09:51:04 PM     0        95      2.00      0.00  kcompactd0
09:51:04 PM     0       188      1.00      0.00  kworker/2:1H-kblockd
09:51:04 PM     0       453      1.00      0.00  multipathd
09:51:04 PM     0     88840      1.00      0.00  kworker/u24:1-xfs-cil/nvme0n1p2
09:51:04 PM     0    208607      1.00      0.00  kworker/u24:2-events_unbound
09:51:04 PM     0    214261      2.00      0.00  kworker/1:0-events
09:51:04 PM     0    214609      3.00      0.00  kworker/10:1-events
09:51:04 PM     0    215896     13.00      0.00  kworker/2:2-events
09:51:04 PM     0    216391      1.00      0.00  kworker/7:0-mm_percpu_wq
09:51:04 PM     0    217324      2.00      0.00  kworker/4:0-events
09:51:04 PM     0    219897      1.00      0.00  kworker/11:2-events
09:51:04 PM     0    220676      1.00      0.00  kworker/8:1-mm_percpu_wq
09:51:04 PM     0    221401      2.00      0.00  kworker/0:2-events
09:51:04 PM     0    223479      3.00      0.00  kworker/9:2-events
09:51:04 PM     0    226584      1.00      0.00  iostat
09:51:04 PM     0    226585      1.00      0.00  pidstat
09:51:04 PM     0    226586      5.00      0.00  bash
09:51:04 PM     0    226587      6.00      0.00  bash
09:51:04 PM     0    226588      4.00      0.00  bash
09:51:04 PM     0    226590    100.00      0.00  fio
09:51:04 PM     0    227073      1.00      0.00  sleep
09:51:04 PM     0    227080      1.00      0.00  sleep
09:51:04 PM     0    227085      1.00      0.00  sleep

09:51:04 PM   UID       PID   cswch/s nvcswch/s  Command
09:51:05 PM     0        17     18.00      0.00  rcu_preempt
09:51:05 PM     0        24      2.00      0.00  ksoftirqd/1
09:51:05 PM     0        29      2.00      0.00  migration/2
09:51:05 PM     0        42      1.00      0.00  ksoftirqd/4
09:51:05 PM     0        72      1.00      0.00  ksoftirqd/9
09:51:05 PM     0        84      1.00      0.00  ksoftirqd/11
09:51:05 PM     0        95      2.00      0.00  kcompactd0
09:51:05 PM     0       453      1.00      0.00  multipathd
09:51:05 PM     0     88840      2.00      0.00  kworker/u24:1-edac-poller
09:51:05 PM     0    208607      1.00      0.00  kworker/u24:2-events_power_efficient
09:51:05 PM     0    214261      7.00      0.00  kworker/1:0-events
09:51:05 PM     0    214609      2.00      0.00  kworker/10:1-events
09:51:05 PM     0    215896     11.00      0.00  kworker/2:2-events
09:51:05 PM     0    216391      2.00      0.00  kworker/7:0-events
09:51:05 PM     0    217324      4.00      0.00  kworker/4:0-events
09:51:05 PM     0    219016      1.00      0.00  kworker/6:0-mm_percpu_wq
09:51:05 PM     0    219897      3.00      0.00  kworker/11:2-events
09:51:05 PM     0    220676      1.00      0.00  kworker/8:1-mm_percpu_wq
09:51:05 PM     0    221401      1.00      0.00  kworker/0:2-mm_percpu_wq
09:51:05 PM     0    223479      2.00      0.00  kworker/9:2-events
09:51:05 PM     0    226584      1.00      0.00  iostat
09:51:05 PM     0    226585      1.00      0.00  pidstat
09:51:05 PM     0    226586      5.00      0.00  bash
09:51:05 PM     0    226587      8.00      0.00  bash
09:51:05 PM     0    226588      4.00      0.00  bash
09:51:05 PM     0    226590     99.00      0.00  fio
09:51:05 PM     0    227088      1.00      0.00  sleep
09:51:05 PM     0    227095      1.00      0.00  sleep
09:51:05 PM     0    227100      1.00      0.00  sleep

09:51:05 PM   UID       PID   cswch/s nvcswch/s  Command
09:51:06 PM     0         2      1.00      0.00  kthreadd
09:51:06 PM     0        17     21.00      0.00  rcu_preempt
09:51:06 PM     0        18      1.00      0.00  migration/0
09:51:06 PM     0        23      1.00      0.00  migration/1
09:51:06 PM     0        29      2.00      0.00  migration/2
09:51:06 PM     0        35      1.00      0.00  migration/3
09:51:06 PM     0        36      2.00      0.00  ksoftirqd/3
09:51:06 PM     0        41      1.00      0.00  migration/4
09:51:06 PM     0        42      2.00      0.00  ksoftirqd/4
09:51:06 PM     0        47      1.00      0.00  migration/5
09:51:06 PM     0        53      1.00      0.00  migration/6
09:51:06 PM     0        59      1.00      0.00  migration/7
09:51:06 PM     0        60      4.00      0.00  ksoftirqd/7
09:51:06 PM     0        65      1.00      0.00  migration/8
09:51:06 PM     0        71      1.00      0.00  migration/9
09:51:06 PM     0        72      1.00      0.00  ksoftirqd/9
09:51:06 PM     0        77      1.00      0.00  migration/10
09:51:06 PM     0        83      1.00      0.00  migration/11
09:51:06 PM     0        84      2.00      0.00  ksoftirqd/11
09:51:06 PM     0        95      2.00      0.00  kcompactd0
09:51:06 PM     0       102      1.00      0.00  irq/9-acpi
09:51:06 PM     0       453      1.00      0.00  multipathd
09:51:06 PM     0     88840      6.00      0.00  kworker/u24:1-events_unbound
09:51:06 PM     0    189255      2.00      0.00  kworker/7:2-mm_percpu_wq
09:51:06 PM     0    200447      1.00      0.00  kworker/5:1-mm_percpu_wq
09:51:06 PM     0    214261      4.00      0.00  kworker/1:0-mm_percpu_wq
09:51:06 PM     0    214609      1.00      0.00  kworker/10:1-mm_percpu_wq
09:51:06 PM     0    215896     12.00      0.00  kworker/2:2-events
09:51:06 PM     0    216391   1137.00      1.00  kworker/7:0-events
09:51:06 PM     0    217324      1.00      0.00  kworker/4:0-mm_percpu_wq
09:51:06 PM     0    219016      1.00      0.00  kworker/6:0-mm_percpu_wq
09:51:06 PM     0    219897      5.00      0.00  kworker/11:2-events
09:51:06 PM     0    221401      3.00      0.00  kworker/0:2-events
09:51:06 PM     0    222695      4.00      0.00  kworker/3:2-mm_percpu_wq
09:51:06 PM     0    223479      4.00      0.00  kworker/9:2-events
09:51:06 PM     0    226584      1.00      0.00  iostat
09:51:06 PM     0    226585      1.00      0.00  pidstat
09:51:06 PM     0    226586      5.00      0.00  bash
09:51:06 PM     0    226587      7.00      0.00  bash
09:51:06 PM     0    226588      4.00      0.00  bash
09:51:06 PM     0    226590     99.00      0.00  fio
09:51:06 PM     0    226951   1134.00      0.00  kworker/7:1-i915-unordered
09:51:06 PM     0    227103      1.00      0.00  sleep
09:51:06 PM     0    227110      1.00      0.00  sleep
09:51:06 PM     0    227115      1.00      0.00  sleep
09:51:06 PM     0    227116      2.00      0.00  kworker/7:3

09:51:06 PM   UID       PID   cswch/s nvcswch/s  Command
09:51:07 PM     0        16      1.00      0.00  ksoftirqd/0
09:51:07 PM     0        17     20.00      0.00  rcu_preempt
09:51:07 PM     0        29      1.00      0.00  migration/2
09:51:07 PM     0        36      3.00      0.00  ksoftirqd/3
09:51:07 PM     0        78      1.00      0.00  ksoftirqd/10
09:51:07 PM     0        84      1.00      0.00  ksoftirqd/11
09:51:07 PM     0        95      2.00      0.00  kcompactd0
09:51:07 PM     0       453      1.00      0.00  multipathd
09:51:07 PM     0     88840      1.00      0.00  kworker/u24:1-edac-poller
09:51:07 PM     0    214261      4.00      0.00  kworker/1:0-events
09:51:07 PM     0    214609      3.00      0.00  kworker/10:1-mm_percpu_wq
09:51:07 PM     0    215896     11.00      0.00  kworker/2:2-events
09:51:07 PM     0    219897      3.00      0.00  kworker/11:2-events
09:51:07 PM     0    221401      2.00      0.00  kworker/0:2-mm_percpu_wq
09:51:07 PM     0    222695      4.00      0.00  kworker/3:2-events
09:51:07 PM     0    223479      3.00      0.00  kworker/9:2-mm_percpu_wq
09:51:07 PM     0    226584      1.00      0.00  iostat
09:51:07 PM     0    226585      1.00      0.00  pidstat
09:51:07 PM     0    226586      5.00      0.00  bash
09:51:07 PM     0    226587      8.00      0.00  bash
09:51:07 PM     0    226588      4.00      0.00  bash
09:51:07 PM     0    226590     99.00      0.00  fio
09:51:07 PM     0    226951      1.00      0.00  kworker/7:1-mm_percpu_wq
09:51:07 PM     0    227119      1.00      0.00  sleep
09:51:07 PM     0    227126      1.00      1.00  sleep
09:51:07 PM     0    227131      1.00      0.00  sleep

09:51:07 PM   UID       PID   cswch/s nvcswch/s  Command
09:51:08 PM     0        17     20.00      0.00  rcu_preempt
09:51:08 PM     0        29      2.00      0.00  migration/2
09:51:08 PM     0        72      2.00      0.00  ksoftirqd/9
09:51:08 PM     0        78      2.00      0.00  ksoftirqd/10
09:51:08 PM     0        95      2.00      0.00  kcompactd0
09:51:08 PM     0       194      1.00      0.00  kworker/8:1H-kblockd
09:51:08 PM     0       453      1.00      0.00  multipathd
09:51:08 PM     0       562      3.00      0.00  jbd2/nvme1n1p3-8
09:51:08 PM     0     88840      4.00      0.00  kworker/u24:1-edac-poller
09:51:08 PM     0    214261      3.00      0.00  kworker/1:0-mm_percpu_wq
09:51:08 PM     0    214609      5.00      0.00  kworker/10:1-events
09:51:08 PM     0    215896     13.00      0.00  kworker/2:2-events
09:51:08 PM     0    217324      1.00      0.00  kworker/4:0-mm_percpu_wq
09:51:08 PM     0    219016      1.00      0.00  kworker/6:0-mm_percpu_wq
09:51:08 PM     0    219897      2.00      0.00  kworker/11:2-mm_percpu_wq
09:51:08 PM     0    221401      2.00      0.00  kworker/0:2-events
09:51:08 PM     0    223479      4.00      0.00  kworker/9:2-events
09:51:08 PM     0    226584      1.00      0.00  iostat
09:51:08 PM     0    226585      1.00      0.00  pidstat
09:51:08 PM     0    226586      5.00      0.00  bash
09:51:08 PM     0    226587      8.00      0.00  bash
09:51:08 PM     0    226588      4.00      0.00  bash
09:51:08 PM     0    226590     99.00      0.00  fio
09:51:08 PM     0    226951      1.00      0.00  kworker/7:1-mm_percpu_wq
09:51:08 PM     0    227134      1.00      0.00  sleep
09:51:08 PM     0    227141      1.00      0.00  sleep
09:51:08 PM     0    227146      1.00      0.00  sleep

09:51:08 PM   UID       PID   cswch/s nvcswch/s  Command
09:51:09 PM     0        17     23.00      0.00  rcu_preempt
09:51:09 PM     0        24      1.00      0.00  ksoftirqd/1
09:51:09 PM     0        29      1.00      0.00  migration/2
09:51:09 PM     0        60      1.00      0.00  ksoftirqd/7
09:51:09 PM     0        72      2.00      0.00  ksoftirqd/9
09:51:09 PM     0        78      3.00      0.00  ksoftirqd/10
09:51:09 PM     0        84      1.00      0.00  ksoftirqd/11
09:51:09 PM     0        95      2.00      0.00  kcompactd0
09:51:09 PM     0       453      1.00      0.00  multipathd
09:51:09 PM     0     88840      2.00      0.00  kworker/u24:1-edac-poller
09:51:09 PM     0    214261      4.00      0.00  kworker/1:0-events
09:51:09 PM     0    214609      3.00      0.00  kworker/10:1-events
09:51:09 PM     0    215896     11.00      0.00  kworker/2:2-events
09:51:09 PM     0    219016      1.00      0.00  kworker/6:0-mm_percpu_wq
09:51:09 PM     0    219897      3.00      0.00  kworker/11:2-events
09:51:09 PM     0    221401      2.00      0.00  kworker/0:2-events
09:51:09 PM     0    223479      4.00      0.00  kworker/9:2-mm_percpu_wq
09:51:09 PM     0    226584      1.00      0.00  iostat
09:51:09 PM     0    226585      1.00      0.00  pidstat
09:51:09 PM     0    226586      5.00      0.00  bash
09:51:09 PM     0    226587      8.00      0.00  bash
09:51:09 PM     0    226588      4.00      0.00  bash
09:51:09 PM     0    226590    100.00      0.00  fio
09:51:09 PM     0    226951      4.00      0.00  kworker/7:1-events
09:51:09 PM     0    227149      1.00      0.00  sleep
09:51:09 PM     0    227156      1.00      0.00  sleep
09:51:09 PM     0    227161      1.00      0.00  sleep

09:51:09 PM   UID       PID   cswch/s nvcswch/s  Command
09:51:10 PM     0        17     19.00      0.00  rcu_preempt
09:51:10 PM     0        18      1.00      0.00  migration/0
09:51:10 PM     0        23      1.00      0.00  migration/1
09:51:10 PM     0        29      2.00      0.00  migration/2
09:51:10 PM     0        35      1.00      0.00  migration/3
09:51:10 PM     0        41      1.00      0.00  migration/4
09:51:10 PM     0        47      1.00      0.00  migration/5
09:51:10 PM     0        53      1.00      0.00  migration/6
09:51:10 PM     0        59      1.00      0.00  migration/7
09:51:10 PM     0        60      3.00      0.00  ksoftirqd/7
09:51:10 PM     0        65      1.00      0.00  migration/8
09:51:10 PM     0        71      1.00      0.00  migration/9
09:51:10 PM     0        72      1.00      0.00  ksoftirqd/9
09:51:10 PM     0        77      1.00      0.00  migration/10
09:51:10 PM     0        78      1.00      0.00  ksoftirqd/10
09:51:10 PM     0        83      1.00      0.00  migration/11
09:51:10 PM     0        84      1.00      0.00  ksoftirqd/11
09:51:10 PM     0        95      2.00      0.00  kcompactd0
09:51:10 PM     0       188      1.00      0.00  kworker/2:1H-kblockd
09:51:10 PM     0       453      1.00      0.00  multipathd
09:51:10 PM     0     88840      1.00      0.00  kworker/u24:1-events_power_efficient
09:51:10 PM     0    208607      1.00      0.00  kworker/u24:2-events_power_efficient
09:51:10 PM     0    214261      2.00      0.00  kworker/1:0-events
09:51:10 PM     0    214609      3.00      0.00  kworker/10:1-events
09:51:10 PM     0    215896     11.00      0.00  kworker/2:2-events
09:51:10 PM     0    217324      4.00      0.00  kworker/4:0-mm_percpu_wq
09:51:10 PM     0    219016      1.00      0.00  kworker/6:0-mm_percpu_wq
09:51:10 PM     0    219897      3.00      0.00  kworker/11:2-events
09:51:10 PM     0    220676      1.00      0.00  kworker/8:1-mm_percpu_wq
09:51:10 PM     0    221401      2.00      0.00  kworker/0:2-events
09:51:10 PM     0    223479      2.00      0.00  kworker/9:2-mm_percpu_wq
09:51:10 PM     0    226584      1.00      0.00  iostat
09:51:10 PM     0    226585      1.00      0.00  pidstat
09:51:10 PM     0    226586      5.00      0.00  bash
09:51:10 PM     0    226587      8.00      0.00  bash
09:51:10 PM     0    226588      4.00      0.00  bash
09:51:10 PM     0    226590     99.00      0.00  fio
09:51:10 PM     0    226951      4.00      0.00  kworker/7:1-mm_percpu_wq
09:51:10 PM     0    227164      1.00      0.00  sleep
09:51:10 PM     0    227171      1.00      0.00  sleep
09:51:10 PM     0    227176      1.00      0.00  sleep

09:51:10 PM   UID       PID   cswch/s nvcswch/s  Command
09:51:11 PM     0        16      1.00      0.00  ksoftirqd/0
09:51:11 PM     0        17     21.00      0.00  rcu_preempt
09:51:11 PM     0        23      1.00      0.00  migration/1
09:51:11 PM     0        72      1.00      0.00  ksoftirqd/9
09:51:11 PM     0        84      1.00      0.00  ksoftirqd/11
09:51:11 PM     0        95      2.00      0.00  kcompactd0
09:51:11 PM     0       191      1.00      0.00  kworker/1:1H-kblockd
09:51:11 PM     0       453      1.00      0.00  multipathd
09:51:11 PM     0    208607      5.00      0.00  kworker/u24:2-writeback
09:51:11 PM     0    214261      5.00      0.00  kworker/1:0-events
09:51:11 PM     0    214609      1.00      0.00  kworker/10:1-events
09:51:11 PM     0    215896     12.00      0.00  kworker/2:2-events
09:51:11 PM     0    217324      4.00      0.00  kworker/4:0-events
09:51:11 PM     0    219016      1.00      0.00  kworker/6:0-mm_percpu_wq
09:51:11 PM     0    219897      3.00      0.00  kworker/11:2-events
09:51:11 PM     0    220676      1.00      0.00  kworker/8:1-mm_percpu_wq
09:51:11 PM     0    221401      2.00      0.00  kworker/0:2-mm_percpu_wq
09:51:11 PM     0    223479      3.00      0.00  kworker/9:2-events
09:51:11 PM     0    226584      1.00      0.00  iostat
09:51:11 PM     0    226585      1.00      0.00  pidstat
09:51:11 PM     0    226586      5.00      0.00  bash
09:51:11 PM     0    226587      8.00      0.00  bash
09:51:11 PM     0    226588      4.00      0.00  bash
09:51:11 PM     0    226590     99.00      0.00  fio
09:51:11 PM     0    226951      2.00      0.00  kworker/7:1-events
09:51:11 PM     0    227179      1.00      0.00  sleep
09:51:11 PM     0    227186      1.00      0.00  sleep
09:51:11 PM     0    227191      1.00      0.00  sleep

09:51:11 PM   UID       PID   cswch/s nvcswch/s  Command
09:51:12 PM     0        17     20.00      0.00  rcu_preempt
09:51:12 PM     0        24      1.00      0.00  ksoftirqd/1
09:51:12 PM     0        72      2.00      0.00  ksoftirqd/9
09:51:12 PM     0        84      1.00      0.00  ksoftirqd/11
09:51:12 PM     0        95      2.00      0.00  kcompactd0
09:51:12 PM     0       453      1.00      0.00  multipathd
09:51:12 PM     0    208607      1.00      0.00  kworker/u24:2-edac-poller
09:51:12 PM     0    214261      3.00      0.00  kworker/1:0-mm_percpu_wq
09:51:12 PM     0    215896     12.00      0.00  kworker/2:2-events
09:51:12 PM     0    217324      3.00      0.00  kworker/4:0-events
09:51:12 PM     0    219016      1.00      0.00  kworker/6:0-mm_percpu_wq
09:51:12 PM     0    219897      5.00      0.00  kworker/11:2-events
09:51:12 PM     0    220676      1.00      0.00  kworker/8:1-mm_percpu_wq
09:51:12 PM     0    221401      2.00      0.00  kworker/0:2-events
09:51:12 PM     0    222695      1.00      0.00  kworker/3:2-mm_percpu_wq
09:51:12 PM     0    223479      6.00      0.00  kworker/9:2-events
09:51:12 PM     0    226584      1.00      0.00  iostat
09:51:12 PM     0    226585      1.00      0.00  pidstat
09:51:12 PM     0    226586      5.00      0.00  bash
09:51:12 PM     0    226587      8.00      0.00  bash
09:51:12 PM     0    226588      4.00      0.00  bash
09:51:12 PM     0    226590     99.00      0.00  fio
09:51:12 PM     0    226951      2.00      0.00  kworker/7:1-mm_percpu_wq
09:51:12 PM     0    227194      1.00      0.00  sleep
09:51:12 PM     0    227201      1.00      0.00  sleep
09:51:12 PM     0    227206      1.00      0.00  sleep

09:51:12 PM   UID       PID   cswch/s nvcswch/s  Command
09:51:13 PM     0        17     21.00      0.00  rcu_preempt
09:51:13 PM     0        24      3.00      0.00  ksoftirqd/1
09:51:13 PM     0        36      1.00      0.00  ksoftirqd/3
09:51:13 PM     0        42      2.00      0.00  ksoftirqd/4
09:51:13 PM     0        53      1.00      0.00  migration/6
09:51:13 PM     0        84      2.00      0.00  ksoftirqd/11
09:51:13 PM     0        95      2.00      0.00  kcompactd0
09:51:13 PM     0       453      1.00      0.00  multipathd
09:51:13 PM     0       562      3.00      0.00  jbd2/nvme1n1p3-8
09:51:13 PM     0     21554      1.00      0.00  packagekitd
09:51:13 PM     0    208607      1.00      0.00  kworker/u24:2-edac-poller
09:51:13 PM     0    214261      4.00      0.00  kworker/1:0-events
09:51:13 PM     0    215896     12.00      0.00  kworker/2:2-events
09:51:13 PM     0    217324      5.00      0.00  kworker/4:0-events
09:51:13 PM     0    219016      2.00      0.00  kworker/6:0-events
09:51:13 PM     0    219897      3.00      0.00  kworker/11:2-events
09:51:13 PM     0    220676      1.00      0.00  kworker/8:1-mm_percpu_wq
09:51:13 PM     0    221401      3.00      0.00  kworker/0:2-events
09:51:13 PM     0    222695      4.00      0.00  kworker/3:2-events
09:51:13 PM     0    226584      1.00      0.00  iostat
09:51:13 PM     0    226585      1.00      0.00  pidstat
09:51:13 PM     0    226586      5.00      0.00  bash
09:51:13 PM     0    226587      8.00      0.00  bash
09:51:13 PM     0    226588      4.00      0.00  bash
09:51:13 PM     0    226590     99.00      0.00  fio
09:51:13 PM     0    226951      1.00      0.00  kworker/7:1-mm_percpu_wq
09:51:13 PM     0    227209      1.00      0.00  sleep
09:51:13 PM     0    227216      1.00      0.00  sleep
09:51:13 PM     0    227221      1.00      0.00  sleep

09:51:13 PM   UID       PID   cswch/s nvcswch/s  Command
09:51:14 PM     0        17     20.00      0.00  rcu_preempt
09:51:14 PM     0        18      1.00      0.00  migration/0
09:51:14 PM     0        23      1.00      0.00  migration/1
09:51:14 PM     0        29      1.00      0.00  migration/2
09:51:14 PM     0        35      1.00      0.00  migration/3
09:51:14 PM     0        36      4.00      0.00  ksoftirqd/3
09:51:14 PM     0        41      1.00      0.00  migration/4
09:51:14 PM     0        42      1.00      0.00  ksoftirqd/4
09:51:14 PM     0        47      1.00      0.00  migration/5
09:51:14 PM     0        53      1.00      0.00  migration/6
09:51:14 PM     0        59      1.00      0.00  migration/7
09:51:14 PM     0        65      1.00      0.00  migration/8
09:51:14 PM     0        71      1.00      0.00  migration/9
09:51:14 PM     0        77      1.00      0.00  migration/10
09:51:14 PM     0        83      1.00      0.00  migration/11
09:51:14 PM     0        84      1.00      0.00  ksoftirqd/11
09:51:14 PM     0        95      2.00      0.00  kcompactd0
09:51:14 PM     0       453      1.00      0.00  multipathd
09:51:14 PM     0    208607      2.00      0.00  kworker/u24:2-events_unbound
09:51:14 PM     0    214261      2.00      0.00  kworker/1:0-mm_percpu_wq
09:51:14 PM     0    214609      1.00      0.00  kworker/10:1-mm_percpu_wq
09:51:14 PM     0    215896     13.00      0.00  kworker/2:2-events
09:51:14 PM     0    217324      5.00      0.00  kworker/4:0-events
09:51:14 PM     0    219016      1.00      0.00  kworker/6:0-mm_percpu_wq
09:51:14 PM     0    219897      3.00      0.00  kworker/11:2-events
09:51:14 PM     0    220676      1.00      0.00  kworker/8:1-mm_percpu_wq
09:51:14 PM     0    221401      3.00      0.00  kworker/0:2-events
09:51:14 PM     0    222695      6.00      0.00  kworker/3:2-events
09:51:14 PM     0    226584      1.00      0.00  iostat
09:51:14 PM     0    226585      1.00      0.00  pidstat
09:51:14 PM     0    226586      5.00      0.00  bash
09:51:14 PM     0    226587      8.00      0.00  bash
09:51:14 PM     0    226588      4.00      0.00  bash
09:51:14 PM     0    226590     99.00      0.00  fio
09:51:14 PM     0    227224      1.00      0.00  sleep
09:51:14 PM     0    227231      1.00      0.00  sleep
09:51:14 PM     0    227236      1.00      0.00  sleep

09:51:14 PM   UID       PID   cswch/s nvcswch/s  Command
09:51:15 PM     0        17     19.00      0.00  rcu_preempt
09:51:15 PM     0        72      1.00      0.00  ksoftirqd/9
09:51:15 PM     0        78      3.00      0.00  ksoftirqd/10
09:51:15 PM     0        95      2.00      0.00  kcompactd0
09:51:15 PM     0       453      1.00      0.00  multipathd
09:51:15 PM     0    208607      1.00      0.00  kworker/u24:2-edac-poller
09:51:15 PM     0    214261      4.00      0.00  kworker/1:0-events
09:51:15 PM     0    214609      3.00      0.00  kworker/10:1-events
09:51:15 PM     0    215896     12.00      0.00  kworker/2:2-events
09:51:15 PM     0    219016      1.00      0.00  kworker/6:0-mm_percpu_wq
09:51:15 PM     0    219897      5.00      0.00  kworker/11:2-events
09:51:15 PM     0    220676      1.00      0.00  kworker/8:1-mm_percpu_wq
09:51:15 PM     0    221401      2.00      0.00  kworker/0:2-events
09:51:15 PM     0    222695      3.00      0.00  kworker/3:2-events
09:51:15 PM     0    223479      5.00      0.00  kworker/9:2-events
09:51:15 PM     0    226584      1.00      0.00  iostat
09:51:15 PM     0    226585      1.00      0.00  pidstat
09:51:15 PM     0    226586      5.00      0.00  bash
09:51:15 PM     0    226587      8.00      0.00  bash
09:51:15 PM     0    226588      4.00      0.00  bash
09:51:15 PM     0    226590     99.00      0.00  fio
09:51:15 PM     0    226951      1.00      0.00  kworker/7:1-events
09:51:15 PM     0    227239      1.00      0.00  sleep
09:51:15 PM     0    227246      1.00      0.00  sleep
09:51:15 PM     0    227251      1.00      1.00  sleep

09:51:15 PM   UID       PID   cswch/s nvcswch/s  Command
09:51:16 PM     0        17     25.00      0.00  rcu_preempt
09:51:16 PM     0        29      1.00      0.00  migration/2
09:51:16 PM     0        72      4.00      0.00  ksoftirqd/9
09:51:16 PM     0        78      1.00      0.00  ksoftirqd/10
09:51:16 PM     0        84      2.00      0.00  ksoftirqd/11
09:51:16 PM     0        95      2.00      0.00  kcompactd0
09:51:16 PM     0       188      1.00      0.00  kworker/2:1H-kblockd
09:51:16 PM     0       453      1.00      0.00  multipathd
09:51:16 PM     0     88840      2.00      0.00  kworker/u24:1-events_unbound
09:51:16 PM     0    208607      2.00      0.00  kworker/u24:2-events_power_efficient
09:51:16 PM     0    214261      4.00      0.00  kworker/1:0-events
09:51:16 PM     0    214609      4.00      0.00  kworker/10:1-events
09:51:16 PM     0    215896     12.00      0.00  kworker/2:2-events
09:51:16 PM     0    217324      3.00      0.00  kworker/4:0-events
09:51:16 PM     0    219016      1.00      0.00  kworker/6:0-mm_percpu_wq
09:51:16 PM     0    219897      2.00      0.00  kworker/11:2-events
09:51:16 PM     0    220676      1.00      0.00  kworker/8:1-mm_percpu_wq
09:51:16 PM     0    221401      2.00      0.00  kworker/0:2-events
09:51:16 PM     0    222695      1.00      0.00  kworker/3:2-mm_percpu_wq
09:51:16 PM     0    223479      6.00      0.00  kworker/9:2-events
09:51:16 PM     0    226584      1.00      0.00  iostat
09:51:16 PM     0    226585      1.00      0.00  pidstat
09:51:16 PM     0    226586      5.00      0.00  bash
09:51:16 PM     0    226587      8.00      0.00  bash
09:51:16 PM     0    226588      4.00      0.00  bash
09:51:16 PM     0    226590    100.00      0.00  fio
09:51:16 PM     0    226951      1.00      0.00  kworker/7:1-events
09:51:16 PM     0    227254      1.00      0.00  sleep
09:51:16 PM     0    227261      1.00      0.00  sleep
09:51:16 PM     0    227266      1.00      0.00  sleep

09:51:16 PM   UID       PID   cswch/s nvcswch/s  Command
09:51:17 PM     0        16      2.00      0.00  ksoftirqd/0
09:51:17 PM     0        17     20.00      0.00  rcu_preempt
09:51:17 PM     0        42      1.00      0.00  ksoftirqd/4
09:51:17 PM     0        72      1.00      0.00  ksoftirqd/9
09:51:17 PM     0        95      2.00      0.00  kcompactd0
09:51:17 PM     0       191      1.00      0.00  kworker/1:1H-kblockd
09:51:17 PM     0       453      1.00      0.00  multipathd
09:51:17 PM     0     88840      5.00      0.00  kworker/u24:1-events_unbound
09:51:17 PM     0    214261      3.00      0.00  kworker/1:0-events
09:51:17 PM     0    214609      2.00      0.00  kworker/10:1-mm_percpu_wq
09:51:17 PM     0    215896     11.00      0.00  kworker/2:2-events
09:51:17 PM     0    217324      3.00      0.00  kworker/4:0-events
09:51:17 PM     0    219897      2.00      0.00  kworker/11:2-events
09:51:17 PM     0    220676      1.00      0.00  kworker/8:1-mm_percpu_wq
09:51:17 PM     0    221401      4.00      0.00  kworker/0:2-events
09:51:17 PM     0    222695      1.00      0.00  kworker/3:2-mm_percpu_wq
09:51:17 PM     0    223479      6.00      0.00  kworker/9:2-events
09:51:17 PM     0    226584      1.00      0.00  iostat
09:51:17 PM     0    226585      1.00      0.00  pidstat
09:51:17 PM     0    226586      5.00      0.00  bash
09:51:17 PM     0    226587      8.00      0.00  bash
09:51:17 PM     0    226588      4.00      0.00  bash
09:51:17 PM     0    226590     99.00      0.00  fio
09:51:17 PM     0    226951      2.00      0.00  kworker/7:1-events
09:51:17 PM     0    227269      1.00      0.00  sleep
09:51:17 PM     0    227276      1.00      0.00  sleep
09:51:17 PM     0    227281      1.00      0.00  sleep

09:51:17 PM   UID       PID   cswch/s nvcswch/s  Command
09:51:18 PM     0         2      1.00      0.00  kthreadd
09:51:18 PM     0        16      1.00      0.00  ksoftirqd/0
09:51:18 PM     0        17     21.00      0.00  rcu_preempt
09:51:18 PM     0        18      1.00      0.00  migration/0
09:51:18 PM     0        23      1.00      0.00  migration/1
09:51:18 PM     0        29      2.00      0.00  migration/2
09:51:18 PM     0        35      1.00      0.00  migration/3
09:51:18 PM     0        41      1.00      0.00  migration/4
09:51:18 PM     0        42      1.00      0.00  ksoftirqd/4
09:51:18 PM     0        47      1.00      0.00  migration/5
09:51:18 PM     0        53      1.00      0.00  migration/6
09:51:18 PM     0        59      1.00      0.00  migration/7
09:51:18 PM     0        65      1.00      0.00  migration/8
09:51:18 PM     0        71      1.00      0.00  migration/9
09:51:18 PM     0        72      2.00      0.00  ksoftirqd/9
09:51:18 PM     0        77      1.00      0.00  migration/10
09:51:18 PM     0        83      1.00      0.00  migration/11
09:51:18 PM     0        84      2.00      0.00  ksoftirqd/11
09:51:18 PM     0        95      2.00      0.00  kcompactd0
09:51:18 PM     0       102      1.00      0.00  irq/9-acpi
09:51:18 PM     0       453      1.00      0.00  multipathd
09:51:18 PM     0       562      3.00      0.00  jbd2/nvme1n1p3-8
09:51:18 PM     0     88840      4.00      0.00  kworker/u24:1-events_unbound
09:51:18 PM     0    214261      3.00      0.00  kworker/1:0-events
09:51:18 PM     0    214609      9.00      0.00  kworker/10:1-pm
09:51:18 PM     0    215896     13.00      0.00  kworker/2:2-events
09:51:18 PM     0    217324      4.00      0.00  kworker/4:0-events
09:51:18 PM     0    219016      1.00      0.00  kworker/6:0-mm_percpu_wq
09:51:18 PM     0    219897      3.00      0.00  kworker/11:2-events
09:51:18 PM     0    220676      1.00      0.00  kworker/8:1-mm_percpu_wq
09:51:18 PM     0    221053      2.00      0.00  kworker/10:0-i915-unordered
09:51:18 PM     0    221401      5.00      0.00  kworker/0:2-kacpi_notify
09:51:18 PM     0    222695      2.00      0.00  kworker/3:2-mm_percpu_wq
09:51:18 PM     0    223479      3.00      0.00  kworker/9:2-events
09:51:18 PM     0    226584      1.00      0.00  iostat
09:51:18 PM     0    226585      1.00      0.00  pidstat
09:51:18 PM     0    226586      5.00      0.00  bash
09:51:18 PM     0    226587      8.00      0.00  bash
09:51:18 PM     0    226588      4.00      0.00  bash
09:51:18 PM     0    226590     99.00      0.00  fio
09:51:18 PM     0    226951      1.00      0.00  kworker/7:1-mm_percpu_wq
09:51:18 PM     0    227284      1.00      0.00  sleep
09:51:18 PM     0    227291      1.00      0.00  sleep
09:51:18 PM     0    227296      1.00      0.00  sleep
09:51:18 PM     0    227297      2.00      0.00  kworker/10:2

09:51:18 PM   UID       PID   cswch/s nvcswch/s  Command
09:51:19 PM     0        16      1.00      0.00  ksoftirqd/0
09:51:19 PM     0        17     20.00      0.00  rcu_preempt
09:51:19 PM     0        23      1.00      0.00  migration/1
09:51:19 PM     0        30      1.00      0.00  ksoftirqd/2
09:51:19 PM     0        54      1.00      0.00  ksoftirqd/6
09:51:19 PM     0        72      1.00      0.00  ksoftirqd/9
09:51:19 PM     0        84      1.00      0.00  ksoftirqd/11
09:51:19 PM     0        95      2.00      0.00  kcompactd0
09:51:19 PM     0       453      1.00      0.00  multipathd
09:51:19 PM     0     88840      3.00      0.00  kworker/u24:1-events_power_efficient
09:51:19 PM     0    214261      3.00      0.00  kworker/1:0-events
09:51:19 PM     0    215896     11.00      0.00  kworker/2:2-events
09:51:19 PM     0    217324      4.00      0.00  kworker/4:0-events
09:51:19 PM     0    219016      1.00      0.00  kworker/6:0-mm_percpu_wq
09:51:19 PM     0    219897      4.00      0.00  kworker/11:2-events
09:51:19 PM     0    220676      1.00      0.00  kworker/8:1-mm_percpu_wq
09:51:19 PM     0    221401      2.00      0.00  kworker/0:2-events
09:51:19 PM     0    222695      1.00      0.00  kworker/3:2-mm_percpu_wq
09:51:19 PM     0    223479      3.00      0.00  kworker/9:2-events
09:51:19 PM     0    226584      1.00      0.00  iostat
09:51:19 PM     0    226585      1.00      0.00  pidstat
09:51:19 PM     0    226586      5.00      0.00  bash
09:51:19 PM     0    226587      8.00      0.00  bash
09:51:19 PM     0    226588      4.00      0.00  bash
09:51:19 PM     0    226590     99.00      0.00  fio
09:51:19 PM     0    226951      2.00      0.00  kworker/7:1-events
09:51:19 PM     0    227300      1.00      0.00  sleep
09:51:19 PM     0    227307      1.00      0.00  sleep
09:51:19 PM     0    227312      1.00      0.00  sleep

09:51:19 PM   UID       PID   cswch/s nvcswch/s  Command
09:51:20 PM     0        16      1.00      0.00  ksoftirqd/0
09:51:20 PM     0        17     21.00      0.00  rcu_preempt
09:51:20 PM     0        36      1.00      0.00  ksoftirqd/3
09:51:20 PM     0        42      1.00      0.00  ksoftirqd/4
09:51:20 PM     0        95      2.00      0.00  kcompactd0
09:51:20 PM     0       453      1.00      0.00  multipathd
09:51:20 PM     0     88840      2.00      0.00  kworker/u24:1-events_unbound
09:51:20 PM     0    214261      4.00      0.00  kworker/1:0-events
09:51:20 PM     0    214609      2.00      0.00  kworker/10:1-events
09:51:20 PM     0    215896     12.00      0.00  kworker/2:2-events
09:51:20 PM     0    217324      3.00      0.00  kworker/4:0-events
09:51:20 PM     0    219897      2.00      0.00  kworker/11:2-mm_percpu_wq
09:51:20 PM     0    220676      1.00      0.00  kworker/8:1-mm_percpu_wq
09:51:20 PM     0    221401      3.00      0.00  kworker/0:2-events
09:51:20 PM     0    222695      4.00      0.00  kworker/3:2-events
09:51:20 PM     0    223479      3.00      0.00  kworker/9:2-events
09:51:20 PM     0    226584      1.00      0.00  iostat
09:51:20 PM     0    226585      1.00      0.00  pidstat
09:51:20 PM     0    226586      5.00      0.00  bash
09:51:20 PM     0    226587      8.00      0.00  bash
09:51:20 PM     0    226588      4.00      0.00  bash
09:51:20 PM     0    226590     99.00      0.00  fio
09:51:20 PM     0    226951      1.00      0.00  kworker/7:1-mm_percpu_wq
09:51:20 PM     0    227315      1.00      0.00  sleep
09:51:20 PM     0    227322      1.00      0.00  sleep
09:51:20 PM     0    227327      1.00      0.00  sleep

09:51:20 PM   UID       PID   cswch/s nvcswch/s  Command
09:51:21 PM     0        16      2.00      0.00  ksoftirqd/0
09:51:21 PM     0        17     18.00      0.00  rcu_preempt
09:51:21 PM     0        36      2.00      0.00  ksoftirqd/3
09:51:21 PM     0        42      3.00      0.00  ksoftirqd/4
09:51:21 PM     0        84      1.00      0.00  ksoftirqd/11
09:51:21 PM     0        95      2.00      0.00  kcompactd0
09:51:21 PM     0       453      1.00      0.00  multipathd
09:51:21 PM     0     88840      1.00      0.00  kworker/u24:1-edac-poller
09:51:21 PM     0    214261      3.00      0.00  kworker/1:0-events
09:51:21 PM     0    214609      1.00      0.00  kworker/10:1-events
09:51:21 PM     0    215896     12.00      0.00  kworker/2:2-events
09:51:21 PM     0    217324      4.00      0.00  kworker/4:0-events
09:51:21 PM     0    219016      1.00      0.00  kworker/6:0-mm_percpu_wq
09:51:21 PM     0    219897      1.00      0.00  kworker/11:2-mm_percpu_wq
09:51:21 PM     0    220676      1.00      0.00  kworker/8:1-mm_percpu_wq
09:51:21 PM     0    221401      3.00      0.00  kworker/0:2-events
09:51:21 PM     0    222695      4.00      0.00  kworker/3:2-events
09:51:21 PM     0    223479      1.00      0.00  kworker/9:2-events
09:51:21 PM     0    226584      1.00      0.00  iostat
09:51:21 PM     0    226585      1.00      0.00  pidstat
09:51:21 PM     0    226586      5.00      0.00  bash
09:51:21 PM     0    226587      8.00      0.00  bash
09:51:21 PM     0    226588      4.00      0.00  bash
09:51:21 PM     0    226590     99.00      0.00  fio
09:51:21 PM     0    226951      2.00      0.00  kworker/7:1-events
09:51:21 PM     0    227330      1.00      0.00  sleep
09:51:21 PM     0    227337      1.00      0.00  sleep
09:51:21 PM     0    227342      1.00      0.00  sleep

09:51:21 PM   UID       PID   cswch/s nvcswch/s  Command
09:51:22 PM     0        16      2.00      0.00  ksoftirqd/0
09:51:22 PM     0        17     25.00      0.00  rcu_preempt
09:51:22 PM     0        18      1.00      0.00  migration/0
09:51:22 PM     0        23      1.00      0.00  migration/1
09:51:22 PM     0        29      1.00      0.00  migration/2
09:51:22 PM     0        35      2.00      0.00  migration/3
09:51:22 PM     0        36      2.00      0.00  ksoftirqd/3
09:51:22 PM     0        41      1.00      0.00  migration/4
09:51:22 PM     0        42      1.00      0.00  ksoftirqd/4
09:51:22 PM     0        47      1.00      0.00  migration/5
09:51:22 PM     0        48      1.00      0.00  ksoftirqd/5
09:51:22 PM     0        53      1.00      0.00  migration/6
09:51:22 PM     0        59      1.00      0.00  migration/7
09:51:22 PM     0        65      1.00      0.00  migration/8
09:51:22 PM     0        71      1.00      0.00  migration/9
09:51:22 PM     0        77      1.00      0.00  migration/10
09:51:22 PM     0        83      1.00      0.00  migration/11
09:51:22 PM     0        84      2.00      0.00  ksoftirqd/11
09:51:22 PM     0        95      2.00      0.00  kcompactd0
09:51:22 PM     0       188      1.00      0.00  kworker/2:1H-kblockd
09:51:22 PM     0       453      1.00      0.00  multipathd
09:51:22 PM     0     88840      1.00      0.00  kworker/u24:1-events_power_efficient
09:51:22 PM     0    200447      2.00      0.00  kworker/5:1-mm_percpu_wq
09:51:22 PM     0    208607      3.00      0.00  kworker/u24:2-edac-poller
09:51:22 PM     0    214261      5.00      0.00  kworker/1:0-events
09:51:22 PM     0    215896     14.00      0.00  kworker/2:2-events
09:51:22 PM     0    217324      4.00      0.00  kworker/4:0-events
09:51:22 PM     0    219897      4.00      0.00  kworker/11:2-events
09:51:22 PM     0    220676      1.00      0.00  kworker/8:1-mm_percpu_wq
09:51:22 PM     0    221401      4.00      0.00  kworker/0:2-events
09:51:22 PM     0    222695      3.00      0.00  kworker/3:2-events
09:51:22 PM     0    223479      3.00      0.00  kworker/9:2-mm_percpu_wq
09:51:22 PM     0    226584      1.00      0.00  iostat
09:51:22 PM     0    226585      1.00      0.00  pidstat
09:51:22 PM     0    226586      5.00      0.00  bash
09:51:22 PM     0    226587      8.00      0.00  bash
09:51:22 PM     0    226588      4.00      0.00  bash
09:51:22 PM     0    226590     99.00      0.00  fio
09:51:22 PM     0    226951      1.00      0.00  kworker/7:1-mm_percpu_wq
09:51:22 PM     0    227345      1.00      0.00  sleep
09:51:22 PM     0    227352      1.00      0.00  sleep
09:51:22 PM     0    227357      1.00      0.00  sleep

09:51:22 PM   UID       PID   cswch/s nvcswch/s  Command
09:51:23 PM     0        16      1.00      0.00  ksoftirqd/0
09:51:23 PM     0        17     21.00      0.00  rcu_preempt
09:51:23 PM     0        29      1.00      0.00  migration/2
09:51:23 PM     0        36      1.00      0.00  ksoftirqd/3
09:51:23 PM     0        42      1.00      0.00  ksoftirqd/4
09:51:23 PM     0        84      3.00      0.00  ksoftirqd/11
09:51:23 PM     0        95      2.00      0.00  kcompactd0
09:51:23 PM     0       453      1.00      0.00  multipathd
09:51:23 PM     0       562      3.00      0.00  jbd2/nvme1n1p3-8
09:51:23 PM     0     21554      1.00      0.00  packagekitd
09:51:23 PM     0    208607      5.00      0.00  kworker/u24:2-events_unbound
09:51:23 PM     0    214261      4.00      0.00  kworker/1:0-events
09:51:23 PM     0    215896     11.00      0.00  kworker/2:2-events
09:51:23 PM     0    217324      2.00      0.00  kworker/4:0-mm_percpu_wq
09:51:23 PM     0    219016      1.00      0.00  kworker/6:0-mm_percpu_wq
09:51:23 PM     0    219897      4.00      0.00  kworker/11:2-events
09:51:23 PM     0    220676      1.00      0.00  kworker/8:1-mm_percpu_wq
09:51:23 PM     0    221401      4.00      0.00  kworker/0:2-events
09:51:23 PM     0    222695      5.00      0.00  kworker/3:2-events
09:51:23 PM     0    223479      1.00      0.00  kworker/9:2-events
09:51:23 PM     0    226584      1.00      0.00  iostat
09:51:23 PM     0    226585      1.00      0.00  pidstat
09:51:23 PM     0    226586      5.00      0.00  bash
09:51:23 PM     0    226587      8.00      0.00  bash
09:51:23 PM     0    226588      4.00      0.00  bash
09:51:23 PM     0    226590    100.00      0.00  fio
09:51:23 PM     0    226951      2.00      0.00  kworker/7:1-events
09:51:23 PM     0    227360      1.00      0.00  sleep
09:51:23 PM     0    227367      1.00      0.00  sleep
09:51:23 PM     0    227372      1.00      0.00  sleep

09:51:23 PM   UID       PID   cswch/s nvcswch/s  Command
09:51:24 PM     0        16      1.00      0.00  ksoftirqd/0
09:51:24 PM     0        17     23.00      0.00  rcu_preempt
09:51:24 PM     0        24      1.00      0.00  ksoftirqd/1
09:51:24 PM     0        36      1.00      0.00  ksoftirqd/3
09:51:24 PM     0        42      3.00      0.00  ksoftirqd/4
09:51:24 PM     0        84      1.00      0.00  ksoftirqd/11
09:51:24 PM     0        95      2.00      0.00  kcompactd0
09:51:24 PM     0       192      1.00      0.00  kworker/7:1H-kblockd
09:51:24 PM     0       453      1.00      0.00  multipathd
09:51:24 PM     0    208607      1.00      0.00  kworker/u24:2-edac-poller
09:51:24 PM     0    214261      3.00      0.00  kworker/1:0-events
09:51:24 PM     0    215896     12.00      0.00  kworker/2:2-events
09:51:24 PM     0    217324      4.00      0.00  kworker/4:0-events
09:51:24 PM     0    219016      1.00      0.00  kworker/6:0-mm_percpu_wq
09:51:24 PM     0    219897      4.00      0.00  kworker/11:2-events
09:51:24 PM     0    220676      1.00      0.00  kworker/8:1-mm_percpu_wq
09:51:24 PM     0    221401      4.00      0.00  kworker/0:2-events
09:51:24 PM     0    222695      4.00      0.00  kworker/3:2-events
09:51:24 PM     0    226584      1.00      0.00  iostat
09:51:24 PM     0    226585      1.00      0.00  pidstat
09:51:24 PM     0    226586      5.00      0.00  bash
09:51:24 PM     0    226587      8.00      0.00  bash
09:51:24 PM     0    226588      4.00      0.00  bash
09:51:24 PM     0    226590     99.00      0.00  fio
09:51:24 PM     0    226951      1.00      0.00  kworker/7:1-mm_percpu_wq
09:51:24 PM     0    227375      1.00      0.00  sleep
09:51:24 PM     0    227382      1.00      0.00  sleep
09:51:24 PM     0    227387      1.00      0.00  sleep

09:51:24 PM   UID       PID   cswch/s nvcswch/s  Command
09:51:25 PM     0         1      1.00      0.00  systemd
09:51:25 PM     0        16      1.00      0.00  ksoftirqd/0
09:51:25 PM     0        17     20.00      0.00  rcu_preempt
09:51:25 PM     0        36      3.00      0.00  ksoftirqd/3
09:51:25 PM     0        54      1.00      0.00  ksoftirqd/6
09:51:25 PM     0        84      1.00      0.00  ksoftirqd/11
09:51:25 PM     0        95      2.00      0.00  kcompactd0
09:51:25 PM     0       453      1.00      0.00  multipathd
09:51:25 PM   101       608      1.00      0.00  systemd-network
09:51:25 PM     0    208607      2.00      0.00  kworker/u24:2-events_unbound
09:51:25 PM     0    214261      3.00      0.00  kworker/1:0-events
09:51:25 PM     0    215896     11.00      0.00  kworker/2:2-events
09:51:25 PM     0    217324      5.00      0.00  kworker/4:0-events
09:51:25 PM     0    219016      2.00      0.00  kworker/6:0-mm_percpu_wq
09:51:25 PM     0    219897      3.00      0.00  kworker/11:2-events
09:51:25 PM     0    220676      1.00      0.00  kworker/8:1-mm_percpu_wq
09:51:25 PM     0    221401      2.00      0.00  kworker/0:2-events
09:51:25 PM     0    222695      5.00      0.00  kworker/3:2-events
09:51:25 PM     0    226584      1.00      0.00  iostat
09:51:25 PM     0    226585      1.00      0.00  pidstat
09:51:25 PM     0    226586      5.00      0.00  bash
09:51:25 PM     0    226587      8.00      0.00  bash
09:51:25 PM     0    226588      4.00      0.00  bash
09:51:25 PM     0    226590     99.00      0.00  fio
09:51:25 PM     0    226951      2.00      0.00  kworker/7:1-events
09:51:25 PM     0    227390      1.00      0.00  sleep
09:51:25 PM     0    227397      1.00      0.00  sleep
09:51:25 PM     0    227402      1.00      0.00  sleep

09:51:25 PM   UID       PID   cswch/s nvcswch/s  Command
09:51:26 PM     0        17     21.00      0.00  rcu_preempt
09:51:26 PM     0        18      2.00      0.00  migration/0
09:51:26 PM     0        23      2.00      0.00  migration/1
09:51:26 PM     0        29      3.00      0.00  migration/2
09:51:26 PM     0        35      1.00      0.00  migration/3
09:51:26 PM     0        36      1.00      0.00  ksoftirqd/3
09:51:26 PM     0        41      1.00      0.00  migration/4
09:51:26 PM     0        42      2.00      0.00  ksoftirqd/4
09:51:26 PM     0        47      1.00      0.00  migration/5
09:51:26 PM     0        53      1.00      0.00  migration/6
09:51:26 PM     0        59      1.00      0.00  migration/7
09:51:26 PM     0        65      1.00      0.00  migration/8
09:51:26 PM     0        71      1.00      0.00  migration/9
09:51:26 PM     0        77      1.00      0.00  migration/10
09:51:26 PM     0        83      1.00      0.00  migration/11
09:51:26 PM     0        84      2.00      0.00  ksoftirqd/11
09:51:26 PM     0        95      2.00      0.00  kcompactd0
09:51:26 PM     0       453      1.00      0.00  multipathd
09:51:26 PM     0    208607      1.00      0.00  kworker/u24:2-edac-poller
09:51:26 PM     0    214261      4.00      0.00  kworker/1:0-events
09:51:26 PM     0    215896     12.00      0.00  kworker/2:2-events
09:51:26 PM     0    217324      5.00      0.00  kworker/4:0-events
09:51:26 PM     0    219016      1.00      0.00  kworker/6:0-mm_percpu_wq
09:51:26 PM     0    219897      5.00      0.00  kworker/11:2-events
09:51:26 PM     0    220676      1.00      0.00  kworker/8:1-mm_percpu_wq
09:51:26 PM     0    221401      4.00      0.00  kworker/0:2-events
09:51:26 PM     0    222695      5.00      0.00  kworker/3:2-events
09:51:26 PM     0    226584      1.00      0.00  iostat
09:51:26 PM     0    226585      1.00      0.00  pidstat
09:51:26 PM     0    226586      5.00      0.00  bash
09:51:26 PM     0    226587      8.00      0.00  bash
09:51:26 PM     0    226588      4.00      0.00  bash
09:51:26 PM     0    226590     99.00      0.00  fio
09:51:26 PM     0    226951      1.00      0.00  kworker/7:1-mm_percpu_wq
09:51:26 PM     0    227405      1.00      0.00  sleep
09:51:26 PM     0    227412      1.00      0.00  sleep
09:51:26 PM     0    227417      1.00      1.00  sleep

09:51:26 PM   UID       PID   cswch/s nvcswch/s  Command
09:51:27 PM     0        17     24.00      0.00  rcu_preempt
09:51:27 PM     0        42      2.00      0.00  ksoftirqd/4
09:51:27 PM     0        71      1.00      0.00  migration/9
09:51:27 PM     0        72      1.00      0.00  ksoftirqd/9
09:51:27 PM     0        95      2.00      0.00  kcompactd0
09:51:27 PM     0       453      1.00      0.00  multipathd
09:51:27 PM     0     88840      3.00      0.00  kworker/u24:1-edac-poller
09:51:27 PM     0    208607      1.00      0.00  kworker/u24:2-events_power_efficient
09:51:27 PM     0    214261      4.00      0.00  kworker/1:0-events
09:51:27 PM     0    214609      2.00      0.00  kworker/10:1-events
09:51:27 PM     0    215896     13.00      0.00  kworker/2:2-events
09:51:27 PM     0    217324      4.00      0.00  kworker/4:0-events
09:51:27 PM     0    219897      3.00      0.00  kworker/11:2-events
09:51:27 PM     0    220676      1.00      0.00  kworker/8:1-mm_percpu_wq
09:51:27 PM     0    221401      3.00      0.00  kworker/0:2-events
09:51:27 PM     0    223479      3.00      0.00  kworker/9:2-events
09:51:27 PM     0    226584      1.00      0.00  iostat
09:51:27 PM     0    226585      1.00      0.00  pidstat
09:51:27 PM     0    226586      5.00      0.00  bash
09:51:27 PM     0    226587      8.00      1.00  bash
09:51:27 PM     0    226588      4.00      0.00  bash
09:51:27 PM     0    226590     99.00      0.00  fio
09:51:27 PM     0    226951      1.00      0.00  kworker/7:1-events
09:51:27 PM     0    227420      1.00      1.00  sleep
09:51:27 PM     0    227427      1.00      0.00  sleep
09:51:27 PM     0    227432      1.00      0.00  sleep

09:51:27 PM   UID       PID   cswch/s nvcswch/s  Command
09:51:28 PM     0        17     22.00      0.00  rcu_preempt
09:51:28 PM     0        30      1.00      0.00  ksoftirqd/2
09:51:28 PM     0        35      1.00      0.00  migration/3
09:51:28 PM     0        36      2.00      0.00  ksoftirqd/3
09:51:28 PM     0        42      2.00      0.00  ksoftirqd/4
09:51:28 PM     0        84      2.00      0.00  ksoftirqd/11
09:51:28 PM     0        95      2.00      0.00  kcompactd0
09:51:28 PM     0       188      1.00      0.00  kworker/2:1H-kblockd
09:51:28 PM     0       453      1.00      0.00  multipathd
09:51:28 PM     0       562      3.00      0.00  jbd2/nvme1n1p3-8
09:51:28 PM     0     88840      3.00      0.00  kworker/u24:1-writeback
09:51:28 PM     0    208607      4.00      0.00  kworker/u24:2-events_unbound
09:51:28 PM     0    214261      2.00      0.00  kworker/1:0-mm_percpu_wq
09:51:28 PM     0    214609      1.00      0.00  kworker/10:1-events
09:51:28 PM     0    215896     11.00      0.00  kworker/2:2-events
09:51:28 PM     0    217324      5.00      0.00  kworker/4:0-events
09:51:28 PM     0    219897      4.00      0.00  kworker/11:2-events
09:51:28 PM     0    221401      3.00      0.00  kworker/0:2-events
09:51:28 PM     0    222695      3.00      0.00  kworker/3:2-events
09:51:28 PM     0    223479      3.00      0.00  kworker/9:2-events
09:51:28 PM     0    226584      1.00      0.00  iostat
09:51:28 PM     0    226585      1.00      0.00  pidstat
09:51:28 PM     0    226586      5.00      0.00  bash
09:51:28 PM     0    226587      8.00      0.00  bash
09:51:28 PM     0    226588      4.00      0.00  bash
09:51:28 PM     0    226590     99.00      0.00  fio
09:51:28 PM     0    226951      1.00      0.00  kworker/7:1-mm_percpu_wq
09:51:28 PM     0    227435      1.00      0.00  sleep
09:51:28 PM     0    227442      1.00      0.00  sleep
09:51:28 PM     0    227447      1.00      0.00  sleep

09:51:28 PM   UID       PID   cswch/s nvcswch/s  Command
09:51:29 PM     0         2      1.00      0.00  kthreadd
09:51:29 PM     0        16      1.00      0.00  ksoftirqd/0
09:51:29 PM     0        17     24.00      0.00  rcu_preempt
09:51:29 PM     0        30      1.00      0.00  ksoftirqd/2
09:51:29 PM     0        36      3.00      0.00  ksoftirqd/3
09:51:29 PM     0        42      1.00      0.00  ksoftirqd/4
09:51:29 PM     0        60      1.00      0.00  ksoftirqd/7
09:51:29 PM     0        66      1.00      0.00  ksoftirqd/8
09:51:29 PM     0        77      1.00      0.00  migration/10
09:51:29 PM     0        84      2.00      0.00  ksoftirqd/11
09:51:29 PM     0        95      2.00      0.00  kcompactd0
09:51:29 PM     0       102      1.00      0.00  irq/9-acpi
09:51:29 PM     0       453      1.00      0.00  multipathd
09:51:29 PM     0    200447      1.00      0.00  kworker/5:1-mm_percpu_wq
09:51:29 PM     0    208607      2.00      0.00  kworker/u24:2-events_unbound
09:51:29 PM     0    214261      3.00      0.00  kworker/1:0-events
09:51:29 PM     0    214609   1141.00      1.00  kworker/10:1-events
09:51:29 PM     0    215896     11.00      0.00  kworker/2:2-events
09:51:29 PM     0    217324      2.00      0.00  kworker/4:0-events
09:51:29 PM     0    219016      1.00      0.00  kworker/6:0-mm_percpu_wq
09:51:29 PM     0    219897      1.00      0.00  kworker/11:2-events
09:51:29 PM     0    220676      1.00      0.00  kworker/8:1-mm_percpu_wq
09:51:29 PM     0    221053      2.00      0.00  kworker/10:0-events
09:51:29 PM     0    221401      3.00      0.00  kworker/0:2-events
09:51:29 PM     0    222695      5.00      0.00  kworker/3:2-events
09:51:29 PM     0    226584      1.00      0.00  iostat
09:51:29 PM     0    226585      1.00      0.00  pidstat
09:51:29 PM     0    226586      5.00      0.00  bash
09:51:29 PM     0    226587      7.00      0.00  bash
09:51:29 PM     0    226588      4.00      0.00  bash
09:51:29 PM     0    226590    100.00      0.00  fio
09:51:29 PM     0    226951      3.00      0.00  kworker/7:1-events
09:51:29 PM     0    227297   1134.00      0.00  kworker/10:2-i915-unordered
09:51:29 PM     0    227450      1.00      0.00  sleep
09:51:29 PM     0    227451      2.00      0.00  kworker/10:3
09:51:29 PM     0    227461      1.00      0.00  sleep
09:51:29 PM     0    227463      1.00      0.00  sleep
