Linux 6.8.0-124-generic (cassandra-waf-rig) 	07/08/2026 	_x86_64_	(12 CPU)

11:10:19 PM   UID       PID   cswch/s nvcswch/s  Command
11:10:20 PM     0        17    199.01      0.00  rcu_preempt
11:10:20 PM     0        30     10.89      0.00  ksoftirqd/2
11:10:20 PM     0        36      0.99      0.00  ksoftirqd/3
11:10:20 PM     0        42      0.99      0.00  ksoftirqd/4
11:10:20 PM     0        95      1.98      0.00  kcompactd0
11:10:20 PM     0       453      0.99      0.00  multipathd
11:10:20 PM     0    227297      0.99      0.00  kworker/10:2-events
11:10:20 PM     0    230483      0.99      0.00  kworker/5:0-events
11:10:20 PM     0    230559      0.99      0.00  kworker/11:1-events
11:10:20 PM     0    238099      1.98      0.00  kworker/u24:1-ext4-rsv-conversion
11:10:20 PM     0    238283      2.97      0.00  kworker/2:1-events
11:10:20 PM     0    239073      2.97      0.00  kworker/4:2-events
11:10:20 PM     0    240331      1.98      0.00  kworker/9:2-events
11:10:20 PM     0    241714      4.95      0.00  kworker/3:1-events
11:10:20 PM     0    261926      0.99      0.00  iostat
11:10:20 PM     0    261927      0.99      0.00  pidstat
11:10:20 PM     0    261928      3.96      0.00  bash
11:10:20 PM     0    261929      4.95      0.00  bash
11:10:20 PM     0    261930      3.96      0.00  bash
11:10:20 PM     0    261932     17.82      0.00  java
11:10:20 PM     0    261964      0.99      0.00  sleep
11:10:20 PM     0    261966      0.99      0.00  sleep
11:10:20 PM     0    261980      3.96      0.00  java
11:10:20 PM     0    262001      0.99      0.00  sleep

11:10:20 PM   UID       PID   cswch/s nvcswch/s  Command
11:10:21 PM     0        17    160.00      0.00  rcu_preempt
11:10:21 PM     0        30     17.00      4.00  ksoftirqd/2
11:10:21 PM     0        72      1.00      0.00  ksoftirqd/9
11:10:21 PM     0        95      2.00      0.00  kcompactd0
11:10:21 PM     0       453      1.00      0.00  multipathd
11:10:21 PM     0    227297      1.00      0.00  kworker/10:2-events
11:10:21 PM     0    230433      3.00      0.00  kworker/0:1-events
11:10:21 PM     0    230456      1.00      0.00  kworker/8:2-mm_percpu_wq
11:10:21 PM     0    230457      3.00      0.00  kworker/1:2-events
11:10:21 PM     0    230483      2.00      0.00  kworker/5:0-mm_percpu_wq
11:10:21 PM     0    238099      7.00      0.00  kworker/u24:1-writeback
11:10:21 PM     0    238283     10.00      0.00  kworker/2:1-events
11:10:21 PM     0    239073      2.00      0.00  kworker/4:2-mm_percpu_wq
11:10:21 PM     0    240331      4.00      0.00  kworker/9:2-mm_percpu_wq
11:10:21 PM     0    241714      2.00      0.00  kworker/3:1-mm_percpu_wq
11:10:21 PM     0    245320      1.00      0.00  kworker/u24:2-writeback
11:10:21 PM     0    261926      1.00      0.00  iostat
11:10:21 PM     0    261927      1.00      0.00  pidstat
11:10:21 PM     0    261928      5.00      0.00  bash
11:10:21 PM     0    261929      8.00      0.00  bash
11:10:21 PM     0    261930      4.00      0.00  bash
11:10:21 PM     0    262013      1.00      0.00  sleep
11:10:21 PM     0    262014      1.00      0.00  sleep
11:10:21 PM     0    262050      2.00      2.00  java

11:10:21 PM   UID       PID   cswch/s nvcswch/s  Command
11:10:22 PM     0        17    213.00      0.00  rcu_preempt
11:10:22 PM     0        18      1.00      0.00  migration/0
11:10:22 PM     0        23      1.00      0.00  migration/1
11:10:22 PM     0        29      1.00      0.00  migration/2
11:10:22 PM     0        30      7.00      0.00  ksoftirqd/2
11:10:22 PM     0        35      1.00      0.00  migration/3
11:10:22 PM     0        36      3.00      0.00  ksoftirqd/3
11:10:22 PM     0        41      1.00      0.00  migration/4
11:10:22 PM     0        47      1.00      0.00  migration/5
11:10:22 PM     0        53      1.00      0.00  migration/6
11:10:22 PM     0        54      1.00      0.00  ksoftirqd/6
11:10:22 PM     0        59      1.00      0.00  migration/7
11:10:22 PM     0        60      1.00      0.00  ksoftirqd/7
11:10:22 PM     0        65      1.00      0.00  migration/8
11:10:22 PM     0        71      1.00      0.00  migration/9
11:10:22 PM     0        77      1.00      0.00  migration/10
11:10:22 PM     0        83      1.00      0.00  migration/11
11:10:22 PM     0        95      2.00      0.00  kcompactd0
11:10:22 PM     0       191      3.00      0.00  kworker/1:1H-kblockd
11:10:22 PM     0       192      1.00      0.00  kworker/7:1H-kblockd
11:10:22 PM     0       359      6.00      0.00  jbd2/nvme1n1p2-8
11:10:22 PM     0       415      2.00      0.00  systemd-journal
11:10:22 PM     0       453      1.00      0.00  multipathd
11:10:22 PM     0       562      3.00      0.00  jbd2/nvme1n1p3-8
11:10:22 PM     0    227297      1.00      0.00  kworker/10:2-mm_percpu_wq
11:10:22 PM     0    230337      3.00      0.00  kworker/6:1-xfs-reclaim/nvme0n1p2
11:10:22 PM     0    230364      7.00      0.00  kworker/u24:4-ext4-rsv-conversion
11:10:22 PM     0    230433      3.00      0.00  kworker/0:1-mm_percpu_wq
11:10:22 PM     0    230456      2.00      0.00  kworker/8:2-mm_percpu_wq
11:10:22 PM     0    230457      5.00      0.00  kworker/1:2-mm_percpu_wq
11:10:22 PM     0    230483      3.00      0.00  kworker/5:0-mm_percpu_wq
11:10:22 PM     0    230559      2.00      0.00  kworker/11:1-mm_percpu_wq
11:10:22 PM     0    238099     13.00      0.00  kworker/u24:1-writeback
11:10:22 PM     0    238283      5.00      0.00  kworker/2:1-events
11:10:22 PM     0    239073      4.00      0.00  kworker/4:2-events
11:10:22 PM     0    240331      1.00      0.00  kworker/9:2-mm_percpu_wq
11:10:22 PM     0    241714      4.00      0.00  kworker/3:1-mm_percpu_wq
11:10:22 PM     0    242833      3.00      0.00  kworker/7:1-mm_percpu_wq
11:10:22 PM     0    245320      1.00      0.00  kworker/u24:2-flush-259:1
11:10:22 PM     0    250641      6.00      0.00  kworker/u24:3-ext4-rsv-conversion
11:10:22 PM     0    261926      2.00      0.00  iostat
11:10:22 PM     0    261927      1.00      0.00  pidstat
11:10:22 PM     0    261928      5.00      0.00  bash
11:10:22 PM     0    261929      8.00      0.00  bash
11:10:22 PM     0    261930      1.00      0.00  bash
11:10:22 PM     0    262084      1.00      0.00  sleep
11:10:22 PM     0    262085      1.00      0.00  sleep

11:10:22 PM   UID       PID   cswch/s nvcswch/s  Command
11:10:23 PM     0        16      1.00      0.00  ksoftirqd/0
11:10:23 PM     0        17     21.00      0.00  rcu_preempt
11:10:23 PM     0        29      1.00      0.00  migration/2
11:10:23 PM     0        47      1.00      0.00  migration/5
11:10:23 PM     0        65      1.00      0.00  migration/8
11:10:23 PM     0        95      2.00      0.00  kcompactd0
11:10:23 PM     0       415      2.00      0.00  systemd-journal
11:10:23 PM     0       453      1.00      0.00  multipathd
11:10:23 PM     0     21554      1.00      0.00  packagekitd
11:10:23 PM     0    230433      2.00      0.00  kworker/0:1-events
11:10:23 PM     0    230456      1.00      0.00  kworker/8:2-mm_percpu_wq
11:10:23 PM     0    230457      3.00      0.00  kworker/1:2-events
11:10:23 PM     0    230483      2.00      0.00  kworker/5:0-mm_percpu_wq
11:10:23 PM     0    230559      1.00      0.00  kworker/11:1-mm_percpu_wq
11:10:23 PM     0    238099      3.00      0.00  kworker/u24:1-events_power_efficient
11:10:23 PM     0    238283     11.00      0.00  kworker/2:1-events
11:10:23 PM     0    239073      1.00      0.00  kworker/4:2-mm_percpu_wq
11:10:23 PM     0    240331      3.00      0.00  kworker/9:2-mm_percpu_wq
11:10:23 PM     0    241714      3.00      0.00  kworker/3:1-events
11:10:23 PM     0    242833      1.00      0.00  kworker/7:1-events
11:10:23 PM     0    250641      3.00      0.00  kworker/u24:3-events_unbound
11:10:23 PM     0    261926      1.00      0.00  iostat
11:10:23 PM     0    261927      2.00      0.00  pidstat
11:10:23 PM     0    261928      6.00      0.00  bash
11:10:23 PM     0    261929      9.00      0.00  bash
11:10:23 PM     0    261930      4.00      0.00  bash
11:10:23 PM     0    262096      2.00      0.00  sleep
11:10:23 PM     0    262107      1.00      1.00  sleep
11:10:23 PM     0    262108      1.00      0.00  sleep

11:10:23 PM   UID       PID   cswch/s nvcswch/s  Command
11:10:24 PM     0         1      1.00      0.00  systemd
11:10:24 PM     0        17     30.00      0.00  rcu_preempt
11:10:24 PM     0        30      3.00      0.00  ksoftirqd/2
11:10:24 PM     0        36      2.00      0.00  ksoftirqd/3
11:10:24 PM     0        42      1.00      0.00  ksoftirqd/4
11:10:24 PM     0        95      2.00      0.00  kcompactd0
11:10:24 PM     0       113      1.00      0.00  kworker/5:1H-kblockd
11:10:24 PM     0       192      3.00      0.00  kworker/7:1H-kblockd
11:10:24 PM     0       359      3.00      0.00  jbd2/nvme1n1p2-8
11:10:24 PM     0       415      1.00      0.00  systemd-journal
11:10:24 PM     0       453      1.00      0.00  multipathd
11:10:24 PM     0       562      3.00      0.00  jbd2/nvme1n1p3-8
11:10:24 PM   101       608      1.00      0.00  systemd-network
11:10:24 PM     0    230337      2.00      0.00  kworker/6:1-mm_percpu_wq
11:10:24 PM     0    230364      6.00      0.00  kworker/u24:4-writeback
11:10:24 PM     0    230433      4.00      0.00  kworker/0:1-mm_percpu_wq
11:10:24 PM     0    230456      2.00      0.00  kworker/8:2-mm_percpu_wq
11:10:24 PM     0    230457      2.00      0.00  kworker/1:2-mm_percpu_wq
11:10:24 PM     0    230483      3.00      0.00  kworker/5:0-mm_percpu_wq
11:10:24 PM     0    230559      1.00      0.00  kworker/11:1-mm_percpu_wq
11:10:24 PM     0    238099      6.00      0.00  kworker/u24:1-writeback
11:10:24 PM     0    238283      6.00      0.00  kworker/2:1-events
11:10:24 PM     0    239073      5.00      0.00  kworker/4:2-mm_percpu_wq
11:10:24 PM     0    240331      5.00      0.00  kworker/9:2-mm_percpu_wq
11:10:24 PM     0    241714      7.00      0.00  kworker/3:1-events
11:10:24 PM     0    242833      3.00      0.00  kworker/7:1-mm_percpu_wq
11:10:24 PM     0    250641      3.00      0.00  kworker/u24:3-flush-259:1
11:10:24 PM     0    261926      2.00      0.00  iostat
11:10:24 PM     0    261927      1.00      0.00  pidstat
11:10:24 PM     0    261928      5.00      0.00  bash
11:10:24 PM     0    261929      8.00      0.00  bash
11:10:24 PM     0    261930      4.00      0.00  bash
11:10:24 PM     0    262111      1.00      0.00  sleep
11:10:24 PM     0    262121      1.00      0.00  sleep
11:10:24 PM     0    262123      1.00      0.00  sleep

11:10:24 PM   UID       PID   cswch/s nvcswch/s  Command
11:10:25 PM     0        17     24.00      0.00  rcu_preempt
11:10:25 PM     0        29      1.00      0.00  migration/2
11:10:25 PM     0        42      1.00      0.00  ksoftirqd/4
11:10:25 PM     0        59      1.00      0.00  migration/7
11:10:25 PM     0        60      2.00      0.00  ksoftirqd/7
11:10:25 PM     0        95      2.00      0.00  kcompactd0
11:10:25 PM     0       415      2.00      0.00  systemd-journal
11:10:25 PM     0       453      1.00      0.00  multipathd
11:10:25 PM     0    230364      1.00      0.00  kworker/u24:4-writeback
11:10:25 PM     0    230433      1.00      0.00  kworker/0:1-events
11:10:25 PM     0    230457      1.00      0.00  kworker/1:2-events
11:10:25 PM     0    230483      3.00      0.00  kworker/5:0-events
11:10:25 PM     0    238099      1.00      0.00  kworker/u24:1-events_unbound
11:10:25 PM     0    238283     10.00      0.00  kworker/2:1-events
11:10:25 PM     0    239073      2.00      0.00  kworker/4:2-events
11:10:25 PM     0    240331      3.00      0.00  kworker/9:2-events
11:10:25 PM     0    241714      4.00      0.00  kworker/3:1-events
11:10:25 PM     0    242833      2.00      0.00  kworker/7:1-events
11:10:25 PM     0    261926      1.00      0.00  iostat
11:10:25 PM     0    261927      2.00      0.00  pidstat
11:10:25 PM     0    261928      6.00      0.00  bash
11:10:25 PM     0    261929      7.00      0.00  bash
11:10:25 PM     0    261930      5.00      0.00  bash
11:10:25 PM     0    262127      2.00      0.00  sleep
11:10:25 PM     0    262137      1.00      6.00  sleep
11:10:25 PM     0    262139      1.00      0.00  sleep

11:10:25 PM   UID       PID   cswch/s nvcswch/s  Command
11:10:26 PM     0        16      1.00      0.00  ksoftirqd/0
11:10:26 PM     0        17     29.00      0.00  rcu_preempt
11:10:26 PM     0        18      1.00      0.00  migration/0
11:10:26 PM     0        23      1.00      0.00  migration/1
11:10:26 PM     0        29      3.00      0.00  migration/2
11:10:26 PM     0        30      3.00      1.00  ksoftirqd/2
11:10:26 PM     0        35      2.00      0.00  migration/3
11:10:26 PM     0        36      1.00      0.00  ksoftirqd/3
11:10:26 PM     0        41      1.00      0.00  migration/4
11:10:26 PM     0        47      1.00      0.00  migration/5
11:10:26 PM     0        53      1.00      0.00  migration/6
11:10:26 PM     0        59      1.00      0.00  migration/7
11:10:26 PM     0        65      1.00      0.00  migration/8
11:10:26 PM     0        71      1.00      0.00  migration/9
11:10:26 PM     0        77      1.00      0.00  migration/10
11:10:26 PM     0        83      1.00      0.00  migration/11
11:10:26 PM     0        95      2.00      0.00  kcompactd0
11:10:26 PM     0       113      1.00      0.00  kworker/5:1H-kblockd
11:10:26 PM     0       191      2.00      0.00  kworker/1:1H-kblockd
11:10:26 PM     0       192      2.00      0.00  kworker/7:1H-kblockd
11:10:26 PM     0       359      3.00      0.00  jbd2/nvme1n1p2-8
11:10:26 PM     0       415      1.00      0.00  systemd-journal
11:10:26 PM     0       453      1.00      0.00  multipathd
11:10:26 PM     0       562      3.00      0.00  jbd2/nvme1n1p3-8
11:10:26 PM     0    227297      2.00      0.00  kworker/10:2-mm_percpu_wq
11:10:26 PM     0    230337      1.00      0.00  kworker/6:1-mm_percpu_wq
11:10:26 PM     0    230364      2.00      0.00  kworker/u24:4-flush-259:1
11:10:26 PM     0    230433      4.00      0.00  kworker/0:1-events
11:10:26 PM     0    230456      3.00      0.00  kworker/8:2-mm_percpu_wq
11:10:26 PM     0    230457      4.00      0.00  kworker/1:2-mm_percpu_wq
11:10:26 PM     0    230483      3.00      0.00  kworker/5:0-mm_percpu_wq
11:10:26 PM     0    230559      3.00      0.00  kworker/11:1-mm_percpu_wq
11:10:26 PM     0    238099      8.00      0.00  kworker/u24:1-writeback
11:10:26 PM     0    238283      7.00      0.00  kworker/2:1-mm_percpu_wq
11:10:26 PM     0    239073      7.00      0.00  kworker/4:2-mm_percpu_wq
11:10:26 PM     0    240331      5.00      0.00  kworker/9:2-mm_percpu_wq
11:10:26 PM     0    241714      5.00      0.00  kworker/3:1-events
11:10:26 PM     0    242833      3.00      0.00  kworker/7:1-mm_percpu_wq
11:10:26 PM     0    250641      6.00      0.00  kworker/u24:3-writeback
11:10:26 PM     0    261926      2.00      0.00  iostat
11:10:26 PM     0    261927      1.00      0.00  pidstat
11:10:26 PM     0    261928      5.00      0.00  bash
11:10:26 PM     0    261929      7.00      0.00  bash
11:10:26 PM     0    261930      4.00      0.00  bash
11:10:26 PM     0    262142      1.00      0.00  sleep
11:10:26 PM     0    262153      1.00      1.00  sleep
11:10:26 PM     0    262154      1.00      0.00  sleep

11:10:26 PM   UID       PID   cswch/s nvcswch/s  Command
11:10:27 PM     0        16      1.00      0.00  ksoftirqd/0
11:10:27 PM     0        17     18.00      0.00  rcu_preempt
11:10:27 PM     0        24      1.00      0.00  ksoftirqd/1
11:10:27 PM     0        29      1.00      0.00  migration/2
11:10:27 PM     0        36      1.00      0.00  ksoftirqd/3
11:10:27 PM     0        53      1.00      0.00  migration/6
11:10:27 PM     0        84      1.00      0.00  ksoftirqd/11
11:10:27 PM     0        95      2.00      0.00  kcompactd0
11:10:27 PM     0       415      2.00      0.00  systemd-journal
11:10:27 PM     0       453      1.00      0.00  multipathd
11:10:27 PM     0    230337      1.00      0.00  kworker/6:1-mm_percpu_wq
11:10:27 PM     0    230433      2.00      0.00  kworker/0:1-events
11:10:27 PM     0    230457      4.00      0.00  kworker/1:2-events
11:10:27 PM     0    230483      2.00      0.00  kworker/5:0-events
11:10:27 PM     0    238099      1.00      0.00  kworker/u24:1-writeback
11:10:27 PM     0    238283      9.00      0.00  kworker/2:1-events
11:10:27 PM     0    239073      1.00      0.00  kworker/4:2-events
11:10:27 PM     0    240331      1.00      0.00  kworker/9:2-events
11:10:27 PM     0    241714      4.00      0.00  kworker/3:1-events
11:10:27 PM     0    242833      2.00      0.00  kworker/7:1-events
11:10:27 PM     0    250641      1.00      0.00  kworker/u24:3-events_unbound
11:10:27 PM     0    261926      1.00      0.00  iostat
11:10:27 PM     0    261927      2.00      0.00  pidstat
11:10:27 PM     0    261928      6.00      0.00  bash
11:10:27 PM     0    261929      9.00      0.00  bash
11:10:27 PM     0    261930      5.00      0.00  bash
11:10:27 PM     0    262158      2.00      0.00  sleep
11:10:27 PM     0    262169      1.00      0.00  sleep
11:10:27 PM     0    262170      1.00      0.00  sleep

11:10:27 PM   UID       PID   cswch/s nvcswch/s  Command
11:10:28 PM     0        17     28.00      0.00  rcu_preempt
11:10:28 PM     0        29      1.00      0.00  migration/2
11:10:28 PM     0        30      2.00      1.00  ksoftirqd/2
11:10:28 PM     0        36      2.00      0.00  ksoftirqd/3
11:10:28 PM     0        66      1.00      0.00  ksoftirqd/8
11:10:28 PM     0        77      1.00      0.00  migration/10
11:10:28 PM     0        84      1.00      0.00  ksoftirqd/11
11:10:28 PM     0        95      2.00      0.00  kcompactd0
11:10:28 PM     0       191      2.00      0.00  kworker/1:1H-kblockd
11:10:28 PM     0       192      2.00      0.00  kworker/7:1H-kblockd
11:10:28 PM     0       359      3.00      0.00  jbd2/nvme1n1p2-8
11:10:28 PM     0       415      1.00      0.00  systemd-journal
11:10:28 PM     0       453      1.00      0.00  multipathd
11:10:28 PM     0       562      3.00      0.00  jbd2/nvme1n1p3-8
11:10:28 PM     0    227297      2.00      0.00  kworker/10:2-mm_percpu_wq
11:10:28 PM     0    230337      1.00      0.00  kworker/6:1-mm_percpu_wq
11:10:28 PM     0    230364      5.00      0.00  kworker/u24:4-flush-259:1
11:10:28 PM     0    230433      4.00      0.00  kworker/0:1-mm_percpu_wq
11:10:28 PM     0    230456      3.00      0.00  kworker/8:2-mm_percpu_wq
11:10:28 PM     0    230457      5.00      0.00  kworker/1:2-mm_percpu_wq
11:10:28 PM     0    230483      1.00      0.00  kworker/5:0-mm_percpu_wq
11:10:28 PM     0    230559      4.00      0.00  kworker/11:1-mm_percpu_wq
11:10:28 PM     0    238099      1.00      0.00  kworker/u24:1-flush-259:1
11:10:28 PM     0    238283      4.00      0.00  kworker/2:1-events
11:10:28 PM     0    239073      3.00      0.00  kworker/4:2-mm_percpu_wq
11:10:28 PM     0    240331      3.00      0.00  kworker/9:2-mm_percpu_wq
11:10:28 PM     0    241714      6.00      0.00  kworker/3:1-mm_percpu_wq
11:10:28 PM     0    242833      4.00      0.00  kworker/7:1-mm_percpu_wq
11:10:28 PM     0    250641      8.00      0.00  kworker/u24:3-events_power_efficient
11:10:28 PM     0    261926      2.00      0.00  iostat
11:10:28 PM     0    261927      1.00      0.00  pidstat
11:10:28 PM     0    261928      5.00      0.00  bash
11:10:28 PM     0    261929      7.00      0.00  bash
11:10:28 PM     0    261930      4.00      0.00  bash
11:10:28 PM     0    262173      1.00      0.00  sleep
11:10:28 PM     0    262183      1.00      0.00  sleep
11:10:28 PM     0    262185      1.00      0.00  sleep

11:10:28 PM   UID       PID   cswch/s nvcswch/s  Command
11:10:29 PM     0        17     22.00      0.00  rcu_preempt
11:10:29 PM     0        24      2.00      0.00  ksoftirqd/1
11:10:29 PM     0        29      4.00      0.00  migration/2
11:10:29 PM     0        72      1.00      0.00  ksoftirqd/9
11:10:29 PM     0        78      1.00      0.00  ksoftirqd/10
11:10:29 PM     0        95      2.00      0.00  kcompactd0
11:10:29 PM     0       188      1.00      0.00  kworker/2:1H-kblockd
11:10:29 PM     0       415      2.00      0.00  systemd-journal
11:10:29 PM     0       453      1.00      0.00  multipathd
11:10:29 PM     0    230337      1.00      0.00  kworker/6:1-mm_percpu_wq
11:10:29 PM     0    230364      2.00      0.00  kworker/u24:4-writeback
11:10:29 PM     0    230433      1.00      0.00  kworker/0:1-events
11:10:29 PM     0    230456      1.00      0.00  kworker/8:2-events
11:10:29 PM     0    230457      3.00      0.00  kworker/1:2-events
11:10:29 PM     0    230483      1.00      0.00  kworker/5:0-events
11:10:29 PM     0    230559      3.00      0.00  kworker/11:1-events
11:10:29 PM     0    238283      3.00      0.00  kworker/2:1-events
11:10:29 PM     0    239073      1.00      0.00  kworker/4:2-mm_percpu_wq
11:10:29 PM     0    240331      3.00      0.00  kworker/9:2-events
11:10:29 PM     0    241714      1.00      0.00  kworker/3:1-events
11:10:29 PM     0    250641      1.00      0.00  kworker/u24:3-events_unbound
11:10:29 PM     0    261926      1.00      0.00  iostat
11:10:29 PM     0    261927      2.00      0.00  pidstat
11:10:29 PM     0    261928      6.00      0.00  bash
11:10:29 PM     0    261929      9.00      0.00  bash
11:10:29 PM     0    261930      5.00      0.00  bash
11:10:29 PM     0    262189      2.00      0.00  sleep
11:10:29 PM     0    262200      1.00      0.00  sleep
11:10:29 PM     0    262201      1.00      1.00  sleep

11:10:29 PM   UID       PID   cswch/s nvcswch/s  Command
11:10:30 PM     0        17     24.00      0.00  rcu_preempt
11:10:30 PM     0        18      1.00      0.00  migration/0
11:10:30 PM     0        23      1.00      0.00  migration/1
11:10:30 PM     0        29      2.00      0.00  migration/2
11:10:30 PM     0        30      2.00      2.00  ksoftirqd/2
11:10:30 PM     0        35      1.00      0.00  migration/3
11:10:30 PM     0        41      1.00      0.00  migration/4
11:10:30 PM     0        47      1.00      0.00  migration/5
11:10:30 PM     0        48      1.00      0.00  ksoftirqd/5
11:10:30 PM     0        53      1.00      0.00  migration/6
11:10:30 PM     0        59      1.00      0.00  migration/7
11:10:30 PM     0        65      1.00      0.00  migration/8
11:10:30 PM     0        71      1.00      0.00  migration/9
11:10:30 PM     0        72      2.00      0.00  ksoftirqd/9
11:10:30 PM     0        77      1.00      0.00  migration/10
11:10:30 PM     0        78      1.00      0.00  ksoftirqd/10
11:10:30 PM     0        83      1.00      0.00  migration/11
11:10:30 PM     0        95      2.00      0.00  kcompactd0
11:10:30 PM     0       193      3.00      0.00  kworker/9:1H-kblockd
11:10:30 PM     0       359      3.00      0.00  jbd2/nvme1n1p2-8
11:10:30 PM     0       415      2.00      0.00  systemd-journal
11:10:30 PM     0       453      1.00      0.00  multipathd
11:10:30 PM     0       562      3.00      0.00  jbd2/nvme1n1p3-8
11:10:30 PM   101       608      2.00      0.00  systemd-network
11:10:30 PM     0    227297      3.00      0.00  kworker/10:2-mm_percpu_wq
11:10:30 PM     0    230337      1.00      0.00  kworker/6:1-mm_percpu_wq
11:10:30 PM     0    230364      5.00      0.00  kworker/u24:4-ext4-rsv-conversion
11:10:30 PM     0    230433      4.00      0.00  kworker/0:1-events
11:10:30 PM     0    230456      2.00      0.00  kworker/8:2-mm_percpu_wq
11:10:30 PM     0    230457      6.00      0.00  kworker/1:2-mm_percpu_wq
11:10:30 PM     0    230483      3.00      0.00  kworker/5:0-mm_percpu_wq
11:10:30 PM     0    230559      1.00      0.00  kworker/11:1-mm_percpu_wq
11:10:30 PM     0    238099      4.00      0.00  kworker/u24:1-flush-259:1
11:10:30 PM     0    238283      4.00      0.00  kworker/2:1-mm_percpu_wq
11:10:30 PM     0    239073      5.00      0.00  kworker/4:2-mm_percpu_wq
11:10:30 PM     0    240331      5.00      0.00  kworker/9:2-mm_percpu_wq
11:10:30 PM     0    241714      1.00      0.00  kworker/3:1-mm_percpu_wq
11:10:30 PM     0    242833      2.00      0.00  kworker/7:1-mm_percpu_wq
11:10:30 PM     0    250641      2.00      0.00  kworker/u24:3-flush-259:1
11:10:30 PM     0    261926      2.00      0.00  iostat
11:10:30 PM     0    261927      1.00      0.00  pidstat
11:10:30 PM     0    261928      5.00      0.00  bash
11:10:30 PM     0    261929      8.00      0.00  bash
11:10:30 PM     0    261930      4.00      0.00  bash
11:10:30 PM     0    262204      1.00      0.00  sleep
11:10:30 PM     0    262214      1.00      0.00  sleep
11:10:30 PM     0    262216      1.00      0.00  sleep

11:10:30 PM   UID       PID   cswch/s nvcswch/s  Command
11:10:31 PM     0        17     19.00      0.00  rcu_preempt
11:10:31 PM     0        29      1.00      0.00  migration/2
11:10:31 PM     0        71      1.00      0.00  migration/9
11:10:31 PM     0        72      2.00      0.00  ksoftirqd/9
11:10:31 PM     0        78      1.00      0.00  ksoftirqd/10
11:10:31 PM     0        95      2.00      0.00  kcompactd0
11:10:31 PM     0       415      1.00      0.00  systemd-journal
11:10:31 PM     0       453      1.00      0.00  multipathd
11:10:31 PM     0    227297      2.00      0.00  kworker/10:2-mm_percpu_wq
11:10:31 PM     0    230337      1.00      0.00  kworker/6:1-mm_percpu_wq
11:10:31 PM     0    230364      2.00      0.00  kworker/u24:4-events_unbound
11:10:31 PM     0    230433      1.00      0.00  kworker/0:1-events
11:10:31 PM     0    230457      2.00      0.00  kworker/1:2-events
11:10:31 PM     0    230483      4.00      0.00  kworker/5:0-events
11:10:31 PM     0    238099      2.00      0.00  kworker/u24:1-writeback
11:10:31 PM     0    238283      3.00      0.00  kworker/2:1-events
11:10:31 PM     0    240331      6.00      0.00  kworker/9:2-events
11:10:31 PM     0    261926      1.00      0.00  iostat
11:10:31 PM     0    261927      2.00      0.00  pidstat
11:10:31 PM     0    261928      6.00      0.00  bash
11:10:31 PM     0    261929      8.00      0.00  bash
11:10:31 PM     0    261930      5.00      0.00  bash
11:10:31 PM     0    262220      2.00      1.00  sleep
11:10:31 PM     0    262231      1.00      1.00  sleep
11:10:31 PM     0    262232      1.00      0.00  sleep

11:10:31 PM   UID       PID   cswch/s nvcswch/s  Command
11:10:32 PM     0        17     24.00      0.00  rcu_preempt
11:10:32 PM     0        29      2.00      0.00  migration/2
11:10:32 PM     0        30      2.00      8.00  ksoftirqd/2
11:10:32 PM     0        60      2.00      0.00  ksoftirqd/7
11:10:32 PM     0        72      2.00      0.00  ksoftirqd/9
11:10:32 PM     0        78      2.00      0.00  ksoftirqd/10
11:10:32 PM     0        84      1.00      0.00  ksoftirqd/11
11:10:32 PM     0        95      2.00      0.00  kcompactd0
11:10:32 PM     0       113      2.00      0.00  kworker/5:1H-kblockd
11:10:32 PM     0       359      3.00      0.00  jbd2/nvme1n1p2-8
11:10:32 PM     0       415      1.00      0.00  systemd-journal
11:10:32 PM     0       453      1.00      0.00  multipathd
11:10:32 PM     0       562      3.00      0.00  jbd2/nvme1n1p3-8
11:10:32 PM     0    227297      4.00      0.00  kworker/10:2-mm_percpu_wq
11:10:32 PM     0    230337      2.00      0.00  kworker/6:1-mm_percpu_wq
11:10:32 PM     0    230364      5.00      0.00  kworker/u24:4-ext4-rsv-conversion
11:10:32 PM     0    230433      5.00      0.00  kworker/0:1-mm_percpu_wq
11:10:32 PM     0    230456      2.00      0.00  kworker/8:2-mm_percpu_wq
11:10:32 PM     0    230457      4.00      0.00  kworker/1:2-mm_percpu_wq
11:10:32 PM     0    230483      2.00      0.00  kworker/5:0-mm_percpu_wq
11:10:32 PM     0    230559      4.00      0.00  kworker/11:1-mm_percpu_wq
11:10:32 PM     0    238099      5.00      0.00  kworker/u24:1-ext4-rsv-conversion
11:10:32 PM     0    238283      4.00      0.00  kworker/2:1-mm_percpu_wq
11:10:32 PM     0    239073      4.00      0.00  kworker/4:2-mm_percpu_wq
11:10:32 PM     0    240331      6.00      0.00  kworker/9:2-mm_percpu_wq
11:10:32 PM     0    241714      1.00      0.00  kworker/3:1-events
11:10:32 PM     0    242833      5.00      0.00  kworker/7:1-mm_percpu_wq
11:10:32 PM     0    250641      1.00      0.00  kworker/u24:3-flush-259:1
11:10:32 PM     0    261926      2.00      0.00  iostat
11:10:32 PM     0    261927      1.00      0.00  pidstat
11:10:32 PM     0    261928      5.00      0.00  bash
11:10:32 PM     0    261929      6.00      0.00  bash
11:10:32 PM     0    261930      4.00      0.00  bash
11:10:32 PM     0    262235      1.00      0.00  sleep
11:10:32 PM     0    262246      1.00      1.00  sleep
11:10:32 PM     0    262247      1.00      0.00  sleep

11:10:32 PM   UID       PID   cswch/s nvcswch/s  Command
11:10:33 PM     0        16      1.00      0.00  ksoftirqd/0
11:10:33 PM     0        17     22.00      0.00  rcu_preempt
11:10:33 PM     0        18      1.00      0.00  migration/0
11:10:33 PM     0        24      1.00      0.00  ksoftirqd/1
11:10:33 PM     0        29      1.00      0.00  migration/2
11:10:33 PM     0        60      1.00      0.00  ksoftirqd/7
11:10:33 PM     0        72      3.00      0.00  ksoftirqd/9
11:10:33 PM     0        84      2.00      0.00  ksoftirqd/11
11:10:33 PM     0        95      2.00      0.00  kcompactd0
11:10:33 PM     0       188      1.00      0.00  kworker/2:1H-kblockd
11:10:33 PM     0       415      1.00      0.00  systemd-journal
11:10:33 PM     0       453      1.00      0.00  multipathd
11:10:33 PM     0     21554      1.00      0.00  packagekitd
11:10:33 PM     0    227297      1.00      0.00  kworker/10:2-events
11:10:33 PM     0    230364      3.00      0.00  kworker/u24:4-ipv6_addrconf
11:10:33 PM     0    230433      2.00      0.00  kworker/0:1-events
11:10:33 PM     0    230457      2.00      0.00  kworker/1:2-events
11:10:33 PM     0    230483      1.00      0.00  kworker/5:0-events
11:10:33 PM     0    230559      2.00      0.00  kworker/11:1-events
11:10:33 PM     0    238099      3.00      0.00  kworker/u24:1-events_unbound
11:10:33 PM     0    238283      6.00      0.00  kworker/2:1-events
11:10:33 PM     0    240331      4.00      0.00  kworker/9:2-events
11:10:33 PM     0    242833      3.00      0.00  kworker/7:1-events
11:10:33 PM     0    261926      1.00      0.00  iostat
11:10:33 PM     0    261927      2.00      0.00  pidstat
11:10:33 PM     0    261928      6.00      0.00  bash
11:10:33 PM     0    261929      8.00      0.00  bash
11:10:33 PM     0    261930      5.00      0.00  bash
11:10:33 PM     0    262251      2.00      0.00  sleep
11:10:33 PM     0    262262      1.00      0.00  sleep
11:10:33 PM     0    262263      1.00      0.00  sleep

11:10:33 PM   UID       PID   cswch/s nvcswch/s  Command
11:10:34 PM     0         1      1.00      0.00  systemd
11:10:34 PM     0        17     36.00      0.00  rcu_preempt
11:10:34 PM     0        18      1.00      0.00  migration/0
11:10:34 PM     0        23      1.00      0.00  migration/1
11:10:34 PM     0        24      1.00      0.00  ksoftirqd/1
11:10:34 PM     0        29      2.00      0.00  migration/2
11:10:34 PM     0        35      1.00      0.00  migration/3
11:10:34 PM     0        41      1.00      0.00  migration/4
11:10:34 PM     0        47      1.00      0.00  migration/5
11:10:34 PM     0        53      1.00      0.00  migration/6
11:10:34 PM     0        59      1.00      0.00  migration/7
11:10:34 PM     0        60      1.00      0.00  ksoftirqd/7
11:10:34 PM     0        65      1.00      0.00  migration/8
11:10:34 PM     0        66      1.00      0.00  ksoftirqd/8
11:10:34 PM     0        71      1.00      0.00  migration/9
11:10:34 PM     0        77      1.00      0.00  migration/10
11:10:34 PM     0        83      1.00      0.00  migration/11
11:10:34 PM     0        95      2.00      0.00  kcompactd0
11:10:34 PM     0       415      5.00      0.00  systemd-journal
11:10:34 PM     0       453      1.00      0.00  multipathd
11:10:34 PM     0       773      3.00      0.00  sshd
11:10:34 PM     0    227297      3.00      0.00  kworker/10:2-events
11:10:34 PM     0    230337      1.00      0.00  kworker/6:1-mm_percpu_wq
11:10:34 PM     0    230364      2.00      0.00  kworker/u24:4-edac-poller
11:10:34 PM     0    230433      2.00      0.00  kworker/0:1-events
11:10:34 PM     0    230456      2.00      0.00  kworker/8:2-events
11:10:34 PM     0    230457      4.00      0.00  kworker/1:2-mm_percpu_wq
11:10:34 PM     0    230483      2.00      0.00  kworker/5:0-mm_percpu_wq
11:10:34 PM     0    230559      1.00      0.00  kworker/11:1-mm_percpu_wq
11:10:34 PM     0    238099      1.00      0.00  kworker/u24:1-events_power_efficient
11:10:34 PM     0    238283      7.00      0.00  kworker/2:1-events
11:10:34 PM     0    239073      1.00      0.00  kworker/4:2-mm_percpu_wq
11:10:34 PM     0    240331      4.00      0.00  kworker/9:2-events
11:10:34 PM     0    241714      6.00      0.00  kworker/3:1-events
11:10:34 PM     0    242833      2.00      0.00  kworker/7:1-mm_percpu_wq
11:10:34 PM     0    261926      1.00      0.00  iostat
11:10:34 PM     0    261927      1.00      0.00  pidstat
11:10:34 PM     0    261928      5.00      0.00  bash
11:10:34 PM     0    261929      7.00      0.00  bash
11:10:34 PM     0    261930      4.00      0.00  bash
11:10:34 PM     0    262266      1.00      0.00  sleep
11:10:34 PM     0    262276      1.00      0.00  sleep
11:10:34 PM     0    262278      1.00      0.00  sleep

11:10:34 PM   UID       PID   cswch/s nvcswch/s  Command
11:10:35 PM     0        17     19.00      0.00  rcu_preempt
11:10:35 PM     0        29      3.00      0.00  migration/2
11:10:35 PM     0        72      2.00      0.00  ksoftirqd/9
11:10:35 PM     0        95      2.00      0.00  kcompactd0
11:10:35 PM     0       188      1.00      0.00  kworker/2:1H-kblockd
11:10:35 PM     0       415      1.00      0.00  systemd-journal
11:10:35 PM     0       453      1.00      0.00  multipathd
11:10:35 PM     0    227297      4.00      0.00  kworker/10:2-events
11:10:35 PM     0    230364      2.00      0.00  kworker/u24:4-events_unbound
11:10:35 PM     0    230433      2.00      0.00  kworker/0:1-events
11:10:35 PM     0    230456      1.00      0.00  kworker/8:2-events
11:10:35 PM     0    230457      3.00      0.00  kworker/1:2-events
11:10:35 PM     0    230483      4.00      0.00  kworker/5:0-events
11:10:35 PM     0    238283      4.00      0.00  kworker/2:1-events
11:10:35 PM     0    240331      4.00      0.00  kworker/9:2-events
11:10:35 PM     0    261926      1.00      0.00  iostat
11:10:35 PM     0    261927      1.00      0.00  pidstat
11:10:35 PM     0    261928      5.00      0.00  bash
11:10:35 PM     0    261929      6.00      0.00  bash
11:10:35 PM     0    261930      4.00      0.00  bash
11:10:35 PM     0    262283      1.00      0.00  sleep
11:10:35 PM     0    262293      1.00      1.00  sleep
11:10:35 PM     0    262295      1.00      0.00  sleep

11:10:35 PM   UID       PID   cswch/s nvcswch/s  Command
11:10:36 PM     0        17     17.00      0.00  rcu_preempt
11:10:36 PM     0        29      3.00      0.00  migration/2
11:10:36 PM     0        36      1.00      0.00  ksoftirqd/3
11:10:36 PM     0        54      1.00      0.00  ksoftirqd/6
11:10:36 PM     0        60      1.00      0.00  ksoftirqd/7
11:10:36 PM     0        72      2.00      0.00  ksoftirqd/9
11:10:36 PM     0        78      1.00      0.00  ksoftirqd/10
11:10:36 PM     0        95      2.00      0.00  kcompactd0
11:10:36 PM     0       453      1.00      0.00  multipathd
11:10:36 PM     0    227297      4.00      0.00  kworker/10:2-events
11:10:36 PM     0    230337      4.00      0.00  kworker/6:1-events
11:10:36 PM     0    230364      1.00      0.00  kworker/u24:4-edac-poller
11:10:36 PM     0    230433      2.00      0.00  kworker/0:1-mm_percpu_wq
11:10:36 PM     0    230456      1.00      0.00  kworker/8:2-mm_percpu_wq
11:10:36 PM     0    230457      2.00      0.00  kworker/1:2-mm_percpu_wq
11:10:36 PM     0    230483      1.00      0.00  kworker/5:0-mm_percpu_wq
11:10:36 PM     0    230559      4.00      0.00  kworker/11:1-mm_percpu_wq
11:10:36 PM     0    238283      3.00      0.00  kworker/2:1-events
11:10:36 PM     0    239073      2.00      0.00  kworker/4:2-mm_percpu_wq
11:10:36 PM     0    240331      3.00      0.00  kworker/9:2-events
11:10:36 PM     0    241714      4.00      0.00  kworker/3:1-mm_percpu_wq
11:10:36 PM     0    242833      2.00      0.00  kworker/7:1-events
11:10:36 PM     0    261926      1.00      0.00  iostat
11:10:36 PM     0    261927      1.00      1.00  pidstat
11:10:36 PM     0    261928      5.00      0.00  bash
11:10:36 PM     0    261929      7.00      0.00  bash
11:10:36 PM     0    261930      4.00      0.00  bash
11:10:36 PM     0    262298      1.00      0.00  sleep
11:10:36 PM     0    262308      1.00      1.00  sleep
11:10:36 PM     0    262310      1.00      0.00  sleep

11:10:36 PM   UID       PID   cswch/s nvcswch/s  Command
11:10:37 PM     0         1      1.00      0.00  systemd
11:10:37 PM     0        17     28.00      0.00  rcu_preempt
11:10:37 PM     0        29      2.00      0.00  migration/2
11:10:37 PM     0        30      1.00     14.00  ksoftirqd/2
11:10:37 PM     0        60      2.00      0.00  ksoftirqd/7
11:10:37 PM     0        66      1.00      0.00  ksoftirqd/8
11:10:37 PM     0        72      2.00      0.00  ksoftirqd/9
11:10:37 PM     0        78      1.00      0.00  ksoftirqd/10
11:10:37 PM     0        84      2.00      0.00  ksoftirqd/11
11:10:37 PM     0        95      2.00      0.00  kcompactd0
11:10:37 PM     0       113      1.00      0.00  kworker/5:1H-kblockd
11:10:37 PM     0       191      4.00      0.00  kworker/1:1H-kblockd
11:10:37 PM     0       193      2.00      0.00  kworker/9:1H-kblockd
11:10:37 PM     0       359      6.00      0.00  jbd2/nvme1n1p2-8
11:10:37 PM     0       415      1.00      0.00  systemd-journal
11:10:37 PM     0       453      1.00      0.00  multipathd
11:10:37 PM     0       562      3.00      0.00  jbd2/nvme1n1p3-8
11:10:37 PM   102       621      1.00      0.00  systemd-resolve
11:10:37 PM     0       643      1.00      0.00  systemd-logind
11:10:37 PM     0    227297      5.00      0.00  kworker/10:2-mm_percpu_wq
11:10:37 PM     0    230337      3.00      0.00  kworker/6:1-mm_percpu_wq
11:10:37 PM     0    230364      8.00      0.00  kworker/u24:4-ext4-rsv-conversion
11:10:37 PM     0    230433      1.00      0.00  kworker/0:1-mm_percpu_wq
11:10:37 PM     0    230456      2.00      0.00  kworker/8:2-mm_percpu_wq
11:10:37 PM     0    230457      2.00      0.00  kworker/1:2-events
11:10:37 PM     0    230483      3.00      0.00  kworker/5:0-mm_percpu_wq
11:10:37 PM     0    230559      3.00      0.00  kworker/11:1-mm_percpu_wq
11:10:37 PM     0    238099      2.00      0.00  kworker/u24:1-flush-259:1
11:10:37 PM     0    238283      5.00      0.00  kworker/2:1-events
11:10:37 PM     0    239073      1.00      0.00  kworker/4:2-mm_percpu_wq
11:10:37 PM     0    240331      6.00      0.00  kworker/9:2-mm_percpu_wq
11:10:37 PM     0    241714      1.00      0.00  kworker/3:1-mm_percpu_wq
11:10:37 PM     0    242833      4.00      0.00  kworker/7:1-mm_percpu_wq
11:10:37 PM     0    250641      8.00      0.00  kworker/u24:3-events_unbound
11:10:37 PM     0    261926      2.00      0.00  iostat
11:10:37 PM     0    261927      1.00      0.00  pidstat
11:10:37 PM     0    261928      5.00      0.00  bash
11:10:37 PM     0    261929      8.00      0.00  bash
11:10:37 PM     0    261930      4.00      0.00  bash
11:10:37 PM     0    262313      1.00      0.00  sleep
11:10:37 PM     0    262323      1.00      0.00  sleep
11:10:37 PM     0    262325      1.00      0.00  sleep

11:10:37 PM   UID       PID   cswch/s nvcswch/s  Command
11:10:38 PM     0        17     19.00      0.00  rcu_preempt
11:10:38 PM     0        18      1.00      0.00  migration/0
11:10:38 PM     0        23      1.00      0.00  migration/1
11:10:38 PM     0        29      1.00      0.00  migration/2
11:10:38 PM     0        35      1.00      0.00  migration/3
11:10:38 PM     0        41      1.00      0.00  migration/4
11:10:38 PM     0        47      1.00      0.00  migration/5
11:10:38 PM     0        53      1.00      0.00  migration/6
11:10:38 PM     0        59      1.00      0.00  migration/7
11:10:38 PM     0        60      1.00      0.00  ksoftirqd/7
11:10:38 PM     0        65      1.00      0.00  migration/8
11:10:38 PM     0        66      1.00      0.00  ksoftirqd/8
11:10:38 PM     0        71      1.00      0.00  migration/9
11:10:38 PM     0        77      1.00      0.00  migration/10
11:10:38 PM     0        78      2.00      0.00  ksoftirqd/10
11:10:38 PM     0        83      1.00      0.00  migration/11
11:10:38 PM     0        95      2.00      0.00  kcompactd0
11:10:38 PM     0       415      2.00      0.00  systemd-journal
11:10:38 PM     0       453      1.00      0.00  multipathd
11:10:38 PM     0    227297      5.00      0.00  kworker/10:2-events
11:10:38 PM     0    230364      2.00      0.00  kworker/u24:4-events_power_efficient
11:10:38 PM     0    230433      1.00      0.00  kworker/0:1-events
11:10:38 PM     0    230456      3.00      0.00  kworker/8:2-events
11:10:38 PM     0    230457      2.00      0.00  kworker/1:2-events
11:10:38 PM     0    230559      2.00      0.00  kworker/11:1-events
11:10:38 PM     0    238283      3.00      0.00  kworker/2:1-mm_percpu_wq
11:10:38 PM     0    239073      1.00      0.00  kworker/4:2-mm_percpu_wq
11:10:38 PM     0    240331      4.00      0.00  kworker/9:2-mm_percpu_wq
11:10:38 PM     0    242833      3.00      0.00  kworker/7:1-events
11:10:38 PM     0    250641      3.00      0.00  kworker/u24:3-edac-poller
11:10:38 PM     0    261926      1.00      0.00  iostat
11:10:38 PM     0    261927      2.00      0.00  pidstat
11:10:38 PM     0    261928      6.00      0.00  bash
11:10:38 PM     0    261929      8.00      0.00  bash
11:10:38 PM     0    261930      5.00      0.00  bash
11:10:38 PM     0    262329      2.00      0.00  sleep
11:10:38 PM     0    262340      1.00      0.00  sleep
11:10:38 PM     0    262341      1.00      0.00  sleep

11:10:38 PM   UID       PID   cswch/s nvcswch/s  Command
11:10:39 PM     0        17     17.00      0.00  rcu_preempt
11:10:39 PM     0        29      2.00      0.00  migration/2
11:10:39 PM     0        60      2.00      0.00  ksoftirqd/7
11:10:39 PM     0        84      1.00      0.00  ksoftirqd/11
11:10:39 PM     0        95      2.00      0.00  kcompactd0
11:10:39 PM     0       195      1.00      0.00  kworker/6:1H-kblockd
11:10:39 PM     0       453      1.00      0.00  multipathd
11:10:39 PM     0    227297      2.00      0.00  kworker/10:2-mm_percpu_wq
11:10:39 PM     0    230337      2.00      0.00  kworker/6:1-events
11:10:39 PM     0    230364      2.00      0.00  kworker/u24:4-events_unbound
11:10:39 PM     0    230433      4.00      0.00  kworker/0:1-events
11:10:39 PM     0    230456      2.00      0.00  kworker/8:2-events
11:10:39 PM     0    230457      2.00      0.00  kworker/1:2-events
11:10:39 PM     0    230483      1.00      0.00  kworker/5:0-mm_percpu_wq
11:10:39 PM     0    230559      4.00      0.00  kworker/11:1-events
11:10:39 PM     0    238283      8.00      0.00  kworker/2:1-events
11:10:39 PM     0    240331      3.00      0.00  kworker/9:2-events
11:10:39 PM     0    241714      3.00      0.00  kworker/3:1-events
11:10:39 PM     0    242833      4.00      0.00  kworker/7:1-events
11:10:39 PM     0    250641      1.00      0.00  kworker/u24:3-events_power_efficient
11:10:39 PM     0    261926      1.00      0.00  iostat
11:10:39 PM     0    261927      1.00      0.00  pidstat
11:10:39 PM     0    261928      5.00      0.00  bash
11:10:39 PM     0    261929      8.00      0.00  bash
11:10:39 PM     0    261930      4.00      0.00  bash
11:10:39 PM     0    262344      1.00      0.00  sleep
11:10:39 PM     0    262355      1.00      0.00  sleep
11:10:39 PM     0    262356      1.00      0.00  sleep

11:10:39 PM   UID       PID   cswch/s nvcswch/s  Command
11:10:40 PM     0        16      1.00      0.00  ksoftirqd/0
11:10:40 PM     0        17     19.00      0.00  rcu_preempt
11:10:40 PM     0        29      1.00      0.00  migration/2
11:10:40 PM     0        60      1.00      0.00  ksoftirqd/7
11:10:40 PM     0        78      2.00      0.00  ksoftirqd/10
11:10:40 PM     0        84      1.00      0.00  ksoftirqd/11
11:10:40 PM     0        95      2.00      0.00  kcompactd0
11:10:40 PM     0       453      1.00      0.00  multipathd
11:10:40 PM     0    227297      4.00      0.00  kworker/10:2-events
11:10:40 PM     0    230337      1.00      0.00  kworker/6:1-mm_percpu_wq
11:10:40 PM     0    230364      1.00      0.00  kworker/u24:4-edac-poller
11:10:40 PM     0    230433      3.00      0.00  kworker/0:1-events
11:10:40 PM     0    230456      1.00      0.00  kworker/8:2-mm_percpu_wq
11:10:40 PM     0    230483      1.00      0.00  kworker/5:0-events
11:10:40 PM     0    230559      2.00      0.00  kworker/11:1-events
11:10:40 PM     0    238283      7.00      0.00  kworker/2:1-events
11:10:40 PM     0    239073      1.00      0.00  kworker/4:2-events
11:10:40 PM     0    240331      1.00      0.00  kworker/9:2-mm_percpu_wq
11:10:40 PM     0    241714      3.00      0.00  kworker/3:1-events
11:10:40 PM     0    242833      4.00      0.00  kworker/7:1-events
11:10:40 PM     0    261926      1.00      0.00  iostat
11:10:40 PM     0    261927      1.00      0.00  pidstat
11:10:40 PM     0    261928      5.00      0.00  bash
11:10:40 PM     0    261929      8.00      0.00  bash
11:10:40 PM     0    261930      4.00      0.00  bash
11:10:40 PM     0    262359      1.00      0.00  sleep
11:10:40 PM     0    262370      1.00      0.00  sleep
11:10:40 PM     0    262371      1.00      0.00  sleep

11:10:40 PM   UID       PID   cswch/s nvcswch/s  Command
11:10:41 PM     0        16      1.00      0.00  ksoftirqd/0
11:10:41 PM     0        17     18.00      0.00  rcu_preempt
11:10:41 PM     0        24      2.00      0.00  ksoftirqd/1
11:10:41 PM     0        29      3.00      0.00  migration/2
11:10:41 PM     0        35      1.00      0.00  migration/3
11:10:41 PM     0        47      1.00      0.00  migration/5
11:10:41 PM     0        78      1.00      0.00  ksoftirqd/10
11:10:41 PM     0        84      1.00      0.00  ksoftirqd/11
11:10:41 PM     0        95      2.00      0.00  kcompactd0
11:10:41 PM     0       188      1.00      0.00  kworker/2:1H-kblockd
11:10:41 PM     0       453      1.00      0.00  multipathd
11:10:41 PM     0    227297      1.00      0.00  kworker/10:2-mm_percpu_wq
11:10:41 PM     0    230364      1.00      0.00  kworker/u24:4-edac-poller
11:10:41 PM     0    230433      1.00      0.00  kworker/0:1-mm_percpu_wq
11:10:41 PM     0    230457      5.00      0.00  kworker/1:2-events
11:10:41 PM     0    230483      2.00      0.00  kworker/5:0-events
11:10:41 PM     0    230559      4.00      0.00  kworker/11:1-events
11:10:41 PM     0    238283      9.00      0.00  kworker/2:1-events
11:10:41 PM     0    239073      1.00      0.00  kworker/4:2-events
11:10:41 PM     0    240331      2.00      0.00  kworker/9:2-events
11:10:41 PM     0    241714      3.00      0.00  kworker/3:1-mm_percpu_wq
11:10:41 PM     0    242833      1.00      0.00  kworker/7:1-mm_percpu_wq
11:10:41 PM     0    261926      1.00      0.00  iostat
11:10:41 PM     0    261927      1.00      0.00  pidstat
11:10:41 PM     0    261928      5.00      0.00  bash
11:10:41 PM     0    261929      6.00      0.00  bash
11:10:41 PM     0    261930      4.00      0.00  bash
11:10:41 PM     0    262374      1.00      0.00  sleep
11:10:41 PM     0    262385      1.00      1.00  sleep
11:10:41 PM     0    262386      1.00      0.00  sleep

11:10:41 PM   UID       PID   cswch/s nvcswch/s  Command
11:10:42 PM     0        16      1.00      0.00  ksoftirqd/0
11:10:42 PM     0        17     24.00      0.00  rcu_preempt
11:10:42 PM     0        18      1.00      0.00  migration/0
11:10:42 PM     0        23      1.00      0.00  migration/1
11:10:42 PM     0        29      4.00      0.00  migration/2
11:10:42 PM     0        30      2.00      0.00  ksoftirqd/2
11:10:42 PM     0        35      1.00      0.00  migration/3
11:10:42 PM     0        36      1.00      0.00  ksoftirqd/3
11:10:42 PM     0        41      1.00      0.00  migration/4
11:10:42 PM     0        42      1.00      0.00  ksoftirqd/4
11:10:42 PM     0        47      1.00      0.00  migration/5
11:10:42 PM     0        48      1.00      0.00  ksoftirqd/5
11:10:42 PM     0        53      1.00      0.00  migration/6
11:10:42 PM     0        59      1.00      0.00  migration/7
11:10:42 PM     0        65      1.00      0.00  migration/8
11:10:42 PM     0        71      2.00      0.00  migration/9
11:10:42 PM     0        77      1.00      0.00  migration/10
11:10:42 PM     0        83      1.00      0.00  migration/11
11:10:42 PM     0        95      2.00      0.00  kcompactd0
11:10:42 PM     0       113      2.00      0.00  kworker/5:1H-kblockd
11:10:42 PM     0       194      1.00      0.00  kworker/8:1H-kblockd
11:10:42 PM     0       359      3.00      0.00  jbd2/nvme1n1p2-8
11:10:42 PM     0       415      1.00      0.00  systemd-journal
11:10:42 PM     0       453      1.00      0.00  multipathd
11:10:42 PM     0       562      6.00      0.00  jbd2/nvme1n1p3-8
11:10:42 PM     0    227297      2.00      0.00  kworker/10:2-mm_percpu_wq
11:10:42 PM     0    230364      5.00      0.00  kworker/u24:4-flush-259:1
11:10:42 PM     0    230433      2.00      0.00  kworker/0:1-mm_percpu_wq
11:10:42 PM     0    230456      2.00      0.00  kworker/8:2-mm_percpu_wq
11:10:42 PM     0    230457      2.00      0.00  kworker/1:2-mm_percpu_wq
11:10:42 PM     0    230483      4.00      0.00  kworker/5:0-mm_percpu_wq
11:10:42 PM     0    230559      3.00      0.00  kworker/11:1-mm_percpu_wq
11:10:42 PM     0    238099      3.00      0.00  kworker/u24:1-flush-259:1
11:10:42 PM     0    238283      9.00      0.00  kworker/2:1-events
11:10:42 PM     0    239073      4.00      0.00  kworker/4:2-mm_percpu_wq
11:10:42 PM     0    240331      2.00      0.00  kworker/9:2-mm_percpu_wq
11:10:42 PM     0    241714      4.00      0.00  kworker/3:1-mm_percpu_wq
11:10:42 PM     0    242833      2.00      0.00  kworker/7:1-mm_percpu_wq
11:10:42 PM     0    250641      3.00      0.00  kworker/u24:3-ext4-rsv-conversion
11:10:42 PM     0    261926      2.00      0.00  iostat
11:10:42 PM     0    261927      1.00      0.00  pidstat
11:10:42 PM     0    261928      5.00      0.00  bash
11:10:42 PM     0    261929      6.00      0.00  bash
11:10:42 PM     0    261930      4.00      1.00  bash
11:10:42 PM     0    262389      1.00      0.00  sleep
11:10:42 PM     0    262399      1.00      0.00  sleep
11:10:42 PM     0    262401      1.00      1.00  sleep

11:10:42 PM   UID       PID   cswch/s nvcswch/s  Command
11:10:43 PM     0        17     23.00      0.00  rcu_preempt
11:10:43 PM     0        18      1.00      0.00  migration/0
11:10:43 PM     0        23      1.00      0.00  migration/1
11:10:43 PM     0        29      2.00      0.00  migration/2
11:10:43 PM     0        53      1.00      0.00  migration/6
11:10:43 PM     0        59      1.00      0.00  migration/7
11:10:43 PM     0        83      1.00      0.00  migration/11
11:10:43 PM     0        84      2.00      0.00  ksoftirqd/11
11:10:43 PM     0        95      2.00      0.00  kcompactd0
11:10:43 PM     0       415      2.00      0.00  systemd-journal
11:10:43 PM     0       453      1.00      0.00  multipathd
11:10:43 PM     0     21554      1.00      0.00  packagekitd
11:10:43 PM     0    227297      2.00      0.00  kworker/10:2-events
11:10:43 PM     0    230337      2.00      0.00  kworker/6:1-events
11:10:43 PM     0    230433      1.00      0.00  kworker/0:1-mm_percpu_wq
11:10:43 PM     0    230456      2.00      0.00  kworker/8:2-events
11:10:43 PM     0    230457      3.00      0.00  kworker/1:2-events
11:10:43 PM     0    230483      3.00      0.00  kworker/5:0-events
11:10:43 PM     0    230559      1.00      0.00  kworker/11:1-mm_percpu_wq
11:10:43 PM     0    238099      1.00      0.00  kworker/u24:1-writeback
11:10:43 PM     0    238283      7.00      0.00  kworker/2:1-events
11:10:43 PM     0    239073      2.00      0.00  kworker/4:2-events
11:10:43 PM     0    240331      3.00      0.00  kworker/9:2-mm_percpu_wq
11:10:43 PM     0    241714      3.00      0.00  kworker/3:1-events
11:10:43 PM     0    242833      1.00      0.00  kworker/7:1-mm_percpu_wq
11:10:43 PM     0    250641      2.00      0.00  kworker/u24:3-edac-poller
11:10:43 PM     0    261926      1.00      0.00  iostat
11:10:43 PM     0    261927      2.00      0.00  pidstat
11:10:43 PM     0    261928      6.00      0.00  bash
11:10:43 PM     0    261929      8.00      0.00  bash
11:10:43 PM     0    261930      5.00      0.00  bash
11:10:43 PM     0    262405      2.00      0.00  sleep
11:10:43 PM     0    262416      1.00      0.00  sleep
11:10:43 PM     0    262417      1.00      0.00  sleep

11:10:43 PM   UID       PID   cswch/s nvcswch/s  Command
11:10:44 PM     0        17     16.00      0.00  rcu_preempt
11:10:44 PM     0        24      1.00      0.00  ksoftirqd/1
11:10:44 PM     0        29      2.00      0.00  migration/2
11:10:44 PM     0        54      1.00      0.00  ksoftirqd/6
11:10:44 PM     0        72      2.00      0.00  ksoftirqd/9
11:10:44 PM     0        78      1.00      0.00  ksoftirqd/10
11:10:44 PM     0        84      2.00      0.00  ksoftirqd/11
11:10:44 PM     0        95      2.00      0.00  kcompactd0
11:10:44 PM     0       453      1.00      0.00  multipathd
11:10:44 PM     0    227297      2.00      0.00  kworker/10:2-events
11:10:44 PM     0    230337      3.00      0.00  kworker/6:1-events
11:10:44 PM     0    230433      1.00      0.00  kworker/0:1-mm_percpu_wq
11:10:44 PM     0    230456      1.00      0.00  kworker/8:2-mm_percpu_wq
11:10:44 PM     0    230457      3.00      0.00  kworker/1:2-events
11:10:44 PM     0    230483      1.00      0.00  kworker/5:0-mm_percpu_wq
11:10:44 PM     0    230559      3.00      0.00  kworker/11:1-events
11:10:44 PM     0    238283      6.00      0.00  kworker/2:1-events
11:10:44 PM     0    239073      1.00      0.00  kworker/4:2-mm_percpu_wq
11:10:44 PM     0    240331      4.00      0.00  kworker/9:2-events
11:10:44 PM     0    241714      3.00      0.00  kworker/3:1-events
11:10:44 PM     0    242833      2.00      0.00  kworker/7:1-events
11:10:44 PM     0    250641      2.00      0.00  kworker/u24:3-edac-poller
11:10:44 PM     0    261926      1.00      0.00  iostat
11:10:44 PM     0    261927      1.00      0.00  pidstat
11:10:44 PM     0    261928      5.00      0.00  bash
11:10:44 PM     0    261929      8.00      0.00  bash
11:10:44 PM     0    261930      4.00      0.00  bash
11:10:44 PM     0    262420      1.00      0.00  sleep
11:10:44 PM     0    262431      1.00      0.00  sleep
11:10:44 PM     0    262432      1.00      0.00  sleep

11:10:44 PM   UID       PID   cswch/s nvcswch/s  Command
11:10:45 PM     0        16      1.00      0.00  ksoftirqd/0
11:10:45 PM     0        17     18.00      0.00  rcu_preempt
11:10:45 PM     0        29      1.00      0.00  migration/2
11:10:45 PM     0        66      1.00      0.00  ksoftirqd/8
11:10:45 PM     0        95      2.00      0.00  kcompactd0
11:10:45 PM     0       453      1.00      0.00  multipathd
11:10:45 PM     0    227297      3.00      0.00  kworker/10:2-events
11:10:45 PM     0    230433      3.00      0.00  kworker/0:1-events
11:10:45 PM     0    230456      1.00      0.00  kworker/8:2-mm_percpu_wq
11:10:45 PM     0    230457      3.00      0.00  kworker/1:2-events
11:10:45 PM     0    230483      1.00      0.00  kworker/5:0-events
11:10:45 PM     0    230559      4.00      0.00  kworker/11:1-events
11:10:45 PM     0    238099      2.00      0.00  kworker/u24:1-edac-poller
11:10:45 PM     0    238283      6.00      0.00  kworker/2:1-events
11:10:45 PM     0    239073      2.00      0.00  kworker/4:2-events
11:10:45 PM     0    240331      2.00      0.00  kworker/9:2-mm_percpu_wq
11:10:45 PM     0    241714      2.00      0.00  kworker/3:1-events
11:10:45 PM     0    242833      2.00      0.00  kworker/7:1-events
11:10:45 PM     0    250641      1.00      0.00  kworker/u24:3-events_power_efficient
11:10:45 PM     0    261926      1.00      0.00  iostat
11:10:45 PM     0    261927      1.00      0.00  pidstat
11:10:45 PM     0    261928      5.00      0.00  bash
11:10:45 PM     0    261929      6.00      1.00  bash
11:10:45 PM     0    261930      4.00      0.00  bash
11:10:45 PM     0    262435      1.00      0.00  sleep
11:10:45 PM     0    262445      1.00      0.00  sleep
11:10:45 PM     0    262447      1.00      0.00  sleep

11:10:45 PM   UID       PID   cswch/s nvcswch/s  Command
11:10:46 PM     0        17     19.00      0.00  rcu_preempt
11:10:46 PM     0        18      1.00      0.00  migration/0
11:10:46 PM     0        23      1.00      0.00  migration/1
11:10:46 PM     0        29      3.00      0.00  migration/2
11:10:46 PM     0        35      1.00      0.00  migration/3
11:10:46 PM     0        36      1.00      0.00  ksoftirqd/3
11:10:46 PM     0        41      1.00      0.00  migration/4
11:10:46 PM     0        47      1.00      0.00  migration/5
11:10:46 PM     0        53      1.00      0.00  migration/6
11:10:46 PM     0        59      1.00      0.00  migration/7
11:10:46 PM     0        65      1.00      0.00  migration/8
11:10:46 PM     0        71      1.00      0.00  migration/9
11:10:46 PM     0        77      2.00      0.00  migration/10
11:10:46 PM     0        78      2.00      0.00  ksoftirqd/10
11:10:46 PM     0        83      2.00      0.00  migration/11
11:10:46 PM     0        95      2.00      0.00  kcompactd0
11:10:46 PM     0       453      1.00      0.00  multipathd
11:10:46 PM     0    227297      3.00      0.00  kworker/10:2-events
11:10:46 PM     0    230433      6.00      0.00  kworker/0:1-events
11:10:46 PM     0    230456      1.00      0.00  kworker/8:2-mm_percpu_wq
11:10:46 PM     0    230457      3.00      0.00  kworker/1:2-events
11:10:46 PM     0    230559      2.00      0.00  kworker/11:1-mm_percpu_wq
11:10:46 PM     0    238099      1.00      0.00  kworker/u24:1-edac-poller
11:10:46 PM     0    238283      7.00      0.00  kworker/2:1-events
11:10:46 PM     0    239073      1.00      0.00  kworker/4:2-mm_percpu_wq
11:10:46 PM     0    240331      1.00      0.00  kworker/9:2-mm_percpu_wq
11:10:46 PM     0    241714      4.00      0.00  kworker/3:1-events
11:10:46 PM     0    242833      2.00      0.00  kworker/7:1-events
11:10:46 PM     0    261926      1.00      0.00  iostat
11:10:46 PM     0    261927      1.00      0.00  pidstat
11:10:46 PM     0    261928      5.00      0.00  bash
11:10:46 PM     0    261929      7.00      0.00  bash
11:10:46 PM     0    261930      4.00      0.00  bash
11:10:46 PM     0    262450      1.00      0.00  sleep
11:10:46 PM     0    262460      1.00      1.00  sleep
11:10:46 PM     0    262462      1.00      0.00  sleep

11:10:46 PM   UID       PID   cswch/s nvcswch/s  Command
11:10:47 PM     0        17     27.00      0.00  rcu_preempt
11:10:47 PM     0        29      2.00      0.00  migration/2
11:10:47 PM     0        30      2.00      1.00  ksoftirqd/2
11:10:47 PM     0        78      2.00      0.00  ksoftirqd/10
11:10:47 PM     0        84      2.00      0.00  ksoftirqd/11
11:10:47 PM     0        95      2.00      0.00  kcompactd0
11:10:47 PM     0       188      1.00      0.00  kworker/2:1H-kblockd
11:10:47 PM     0       191      1.00      0.00  kworker/1:1H-kblockd
11:10:47 PM     0       194      2.00      0.00  kworker/8:1H-kblockd
11:10:47 PM     0       359      6.00      0.00  jbd2/nvme1n1p2-8
11:10:47 PM     0       415      1.00      0.00  systemd-journal
11:10:47 PM     0       453      1.00      0.00  multipathd
11:10:47 PM     0       562      3.00      0.00  jbd2/nvme1n1p3-8
11:10:47 PM     0    227297      8.00      0.00  kworker/10:2-mm_percpu_wq
11:10:47 PM     0    230337      4.00      0.00  kworker/6:1-mm_percpu_wq
11:10:47 PM     0    230364      4.00      0.00  kworker/u24:4-flush-259:1
11:10:47 PM     0    230433      3.00      0.00  kworker/0:1-mm_percpu_wq
11:10:47 PM     0    230456      2.00      0.00  kworker/8:2-mm_percpu_wq
11:10:47 PM     0    230457      4.00      0.00  kworker/1:2-mm_percpu_wq
11:10:47 PM     0    230483      2.00      0.00  kworker/5:0-mm_percpu_wq
11:10:47 PM     0    230559      4.00      0.00  kworker/11:1-mm_percpu_wq
11:10:47 PM     0    238099      3.00      0.00  kworker/u24:1-flush-259:1
11:10:47 PM     0    238283      4.00      0.00  kworker/2:1-mm_percpu_wq
11:10:47 PM     0    239073      1.00      0.00  kworker/4:2-mm_percpu_wq
11:10:47 PM     0    240331      2.00      0.00  kworker/9:2-mm_percpu_wq
11:10:47 PM     0    241714      4.00      0.00  kworker/3:1-mm_percpu_wq
11:10:47 PM     0    242833      2.00      0.00  kworker/7:1-events
11:10:47 PM     0    250641      5.00      0.00  kworker/u24:3-ext4-rsv-conversion
11:10:47 PM     0    261926      2.00      0.00  iostat
11:10:47 PM     0    261927      1.00      0.00  pidstat
11:10:47 PM     0    261928      5.00      0.00  bash
11:10:47 PM     0    261929      7.00      0.00  bash
11:10:47 PM     0    261930      4.00      0.00  bash
11:10:47 PM     0    262465      1.00      0.00  sleep
11:10:47 PM     0    262475      1.00      1.00  sleep
11:10:47 PM     0    262477      1.00      0.00  sleep

11:10:47 PM   UID       PID   cswch/s nvcswch/s  Command
11:10:48 PM     0        16      1.00      0.00  ksoftirqd/0
11:10:48 PM     0        17     22.00      0.00  rcu_preempt
11:10:48 PM     0        29      3.00      0.00  migration/2
11:10:48 PM     0        60      3.00      0.00  ksoftirqd/7
11:10:48 PM     0        72      1.00      0.00  ksoftirqd/9
11:10:48 PM     0        95      2.00      0.00  kcompactd0
11:10:48 PM     0       415      2.00      0.00  systemd-journal
11:10:48 PM     0       453      1.00      0.00  multipathd
11:10:48 PM     0    227297      4.00      0.00  kworker/10:2-events
11:10:48 PM     0    230364      2.00      0.00  kworker/u24:4-writeback
11:10:48 PM     0    230433      4.00      0.00  kworker/0:1-events
11:10:48 PM     0    230456      1.00      0.00  kworker/8:2-mm_percpu_wq
11:10:48 PM     0    230457      1.00      0.00  kworker/1:2-mm_percpu_wq
11:10:48 PM     0    230559      2.00      0.00  kworker/11:1-events
11:10:48 PM     0    238283      7.00      0.00  kworker/2:1-events
11:10:48 PM     0    239073      2.00      0.00  kworker/4:2-mm_percpu_wq
11:10:48 PM     0    240331      1.00      0.00  kworker/9:2-mm_percpu_wq
11:10:48 PM     0    242833      4.00      0.00  kworker/7:1-events
11:10:48 PM     0    250641      2.00      0.00  kworker/u24:3-edac-poller
11:10:48 PM     0    261926      1.00      0.00  iostat
11:10:48 PM     0    261927      2.00      0.00  pidstat
11:10:48 PM     0    261928      6.00      0.00  bash
11:10:48 PM     0    261929      7.00      0.00  bash
11:10:48 PM     0    261930      5.00      0.00  bash
11:10:48 PM     0    262481      2.00      0.00  sleep
11:10:48 PM     0    262492      1.00      0.00  sleep
11:10:48 PM     0    262493      1.00      0.00  sleep

11:10:48 PM   UID       PID   cswch/s nvcswch/s  Command
11:10:49 PM     0        16      1.00      0.00  ksoftirqd/0
11:10:49 PM     0        17     21.00      0.00  rcu_preempt
11:10:49 PM     0        24      1.00      0.00  ksoftirqd/1
11:10:49 PM     0        29      2.00      0.00  migration/2
11:10:49 PM     0        54      1.00      0.00  ksoftirqd/6
11:10:49 PM     0        72      1.00      0.00  ksoftirqd/9
11:10:49 PM     0        78      1.00      0.00  ksoftirqd/10
11:10:49 PM     0        95      2.00      0.00  kcompactd0
11:10:49 PM     0       188      1.00      0.00  kworker/2:1H-kblockd
11:10:49 PM     0       453      1.00      0.00  multipathd
11:10:49 PM     0    227297      1.00      0.00  kworker/10:2-mm_percpu_wq
11:10:49 PM     0    230337      3.00      0.00  kworker/6:1-events
11:10:49 PM     0    230433      2.00      0.00  kworker/0:1-events
11:10:49 PM     0    230456      1.00      0.00  kworker/8:2-mm_percpu_wq
11:10:49 PM     0    230457      2.00      0.00  kworker/1:2-events
11:10:49 PM     0    230483      2.00      0.00  kworker/5:0-events
11:10:49 PM     0    230559      2.00      0.00  kworker/11:1-mm_percpu_wq
11:10:49 PM     0    238283      6.00      0.00  kworker/2:1-events
11:10:49 PM     0    239073      1.00      0.00  kworker/4:2-mm_percpu_wq
11:10:49 PM     0    240331      8.00      0.00  kworker/9:2-events
11:10:49 PM     0    241714      3.00      0.00  kworker/3:1-events
11:10:49 PM     0    242833      1.00      0.00  kworker/7:1-mm_percpu_wq
11:10:49 PM     0    250641      1.00      0.00  kworker/u24:3-edac-poller
11:10:49 PM     0    261926      1.00      0.00  iostat
11:10:49 PM     0    261927      1.00      0.00  pidstat
11:10:49 PM     0    261928      5.00      0.00  bash
11:10:49 PM     0    261929      8.00      0.00  bash
11:10:49 PM     0    261930      4.00      0.00  bash
11:10:49 PM     0    262496      1.00      0.00  sleep
11:10:49 PM     0    262507      1.00      1.00  sleep
11:10:49 PM     0    262508      1.00      0.00  sleep

11:10:49 PM   UID       PID   cswch/s nvcswch/s  Command
11:10:50 PM     0        17     20.00      0.00  rcu_preempt
11:10:50 PM     0        18      1.00      0.00  migration/0
11:10:50 PM     0        23      1.00      0.00  migration/1
11:10:50 PM     0        24      1.00      0.00  ksoftirqd/1
11:10:50 PM     0        29      2.00      0.00  migration/2
11:10:50 PM     0        35      1.00      0.00  migration/3
11:10:50 PM     0        36      1.00      0.00  ksoftirqd/3
11:10:50 PM     0        41      1.00      0.00  migration/4
11:10:50 PM     0        47      1.00      0.00  migration/5
11:10:50 PM     0        53      1.00      0.00  migration/6
11:10:50 PM     0        59      1.00      0.00  migration/7
11:10:50 PM     0        65      1.00      0.00  migration/8
11:10:50 PM     0        71      1.00      0.00  migration/9
11:10:50 PM     0        72      1.00      0.00  ksoftirqd/9
11:10:50 PM     0        77      1.00      0.00  migration/10
11:10:50 PM     0        78      1.00      0.00  ksoftirqd/10
11:10:50 PM     0        83      1.00      0.00  migration/11
11:10:50 PM     0        95      2.00      0.00  kcompactd0
11:10:50 PM     0       453      1.00      0.00  multipathd
11:10:50 PM     0    227297      2.00      0.00  kworker/10:2-events
11:10:50 PM     0    230337      2.00      0.00  kworker/6:1-events
11:10:50 PM     0    230433      1.00      0.00  kworker/0:1-mm_percpu_wq
11:10:50 PM     0    230456      2.00      0.00  kworker/8:2-events
11:10:50 PM     0    230457      4.00      0.00  kworker/1:2-events
11:10:50 PM     0    230483      2.00      0.00  kworker/5:0-events
11:10:50 PM     0    230559      1.00      0.00  kworker/11:1-mm_percpu_wq
11:10:50 PM     0    238283      6.00      0.00  kworker/2:1-events
11:10:50 PM     0    239073      4.00      0.00  kworker/4:2-mm_percpu_wq
11:10:50 PM     0    240331      1.00      0.00  kworker/9:2-mm_percpu_wq
11:10:50 PM     0    241714      4.00      0.00  kworker/3:1-events
11:10:50 PM     0    250641      1.00      0.00  kworker/u24:3-edac-poller
11:10:50 PM     0    261926      1.00      0.00  iostat
11:10:50 PM     0    261927      1.00      0.00  pidstat
11:10:50 PM     0    261928      5.00      0.00  bash
11:10:50 PM     0    261929      8.00      0.00  bash
11:10:50 PM     0    261930      4.00      0.00  bash
11:10:50 PM     0    262511      1.00      0.00  sleep
11:10:50 PM     0    262522      1.00      0.00  sleep
11:10:50 PM     0    262523      1.00      0.00  sleep

11:10:50 PM   UID       PID   cswch/s nvcswch/s  Command
11:10:51 PM     0        17     21.00      0.00  rcu_preempt
11:10:51 PM     0        29      3.00      0.00  migration/2
11:10:51 PM     0        36      3.00      0.00  ksoftirqd/3
11:10:51 PM     0        54      1.00      0.00  ksoftirqd/6
11:10:51 PM     0        84      1.00      0.00  ksoftirqd/11
11:10:51 PM     0        95      2.00      0.00  kcompactd0
11:10:51 PM     0       453      1.00      0.00  multipathd
11:10:51 PM     0    227297      3.00      0.00  kworker/10:2-events
11:10:51 PM     0    230337      3.00      0.00  kworker/6:1-events
11:10:51 PM     0    230364      2.00      0.00  kworker/u24:4-edac-poller
11:10:51 PM     0    230433      3.00      0.00  kworker/0:1-events
11:10:51 PM     0    230456      1.00      0.00  kworker/8:2-mm_percpu_wq
11:10:51 PM     0    230457      3.00      0.00  kworker/1:2-events
11:10:51 PM     0    230483      3.00      0.00  kworker/5:0-events
11:10:51 PM     0    238283      6.00      0.00  kworker/2:1-events
11:10:51 PM     0    239073      2.00      0.00  kworker/4:2-events
11:10:51 PM     0    240331      1.00      0.00  kworker/9:2-events
11:10:51 PM     0    241714      5.00      0.00  kworker/3:1-events
11:10:51 PM     0    250641      1.00      0.00  kworker/u24:3-events_power_efficient
11:10:51 PM     0    261926      1.00      0.00  iostat
11:10:51 PM     0    261927      1.00      0.00  pidstat
11:10:51 PM     0    261928      5.00      0.00  bash
11:10:51 PM     0    261929      6.00      0.00  bash
11:10:51 PM     0    261930      4.00      0.00  bash
11:10:51 PM     0    262526      1.00      0.00  sleep
11:10:51 PM     0    262537      1.00      1.00  sleep
11:10:51 PM     0    262538      1.00      1.00  sleep

11:10:51 PM   UID       PID   cswch/s nvcswch/s  Command
11:10:52 PM     0        16      1.00      0.00  ksoftirqd/0
11:10:52 PM     0        17     26.00      0.00  rcu_preempt
11:10:52 PM     0        29      1.00      0.00  migration/2
11:10:52 PM     0        30      1.00     13.00  ksoftirqd/2
11:10:52 PM     0        36      4.00      0.00  ksoftirqd/3
11:10:52 PM     0        78      1.00      0.00  ksoftirqd/10
11:10:52 PM     0        84      1.00      0.00  ksoftirqd/11
11:10:52 PM     0        95      2.00      0.00  kcompactd0
11:10:52 PM     0       113      4.00      0.00  kworker/5:1H-kblockd
11:10:52 PM     0       194      1.00      0.00  kworker/8:1H-kblockd
11:10:52 PM     0       359      3.00      0.00  jbd2/nvme1n1p2-8
11:10:52 PM     0       415      1.00      0.00  systemd-journal
11:10:52 PM     0       453      1.00      0.00  multipathd
11:10:52 PM     0       562      3.00      0.00  jbd2/nvme1n1p3-8
11:10:52 PM     0    227297      5.00      0.00  kworker/10:2-mm_percpu_wq
11:10:52 PM     0    230337      1.00      0.00  kworker/6:1-events
11:10:52 PM     0    230364      6.00      0.00  kworker/u24:4-ext4-rsv-conversion
11:10:52 PM     0    230433      2.00      0.00  kworker/0:1-mm_percpu_wq
11:10:52 PM     0    230456      1.00      0.00  kworker/8:2-mm_percpu_wq
11:10:52 PM     0    230457      2.00      0.00  kworker/1:2-mm_percpu_wq
11:10:52 PM     0    230483      3.00      0.00  kworker/5:0-mm_percpu_wq
11:10:52 PM     0    230559      3.00      0.00  kworker/11:1-mm_percpu_wq
11:10:52 PM     0    238099      1.00      0.00  kworker/u24:1-flush-259:1
11:10:52 PM     0    238283      9.00      0.00  kworker/2:1-mm_percpu_wq
11:10:52 PM     0    239073      2.00      0.00  kworker/4:2-mm_percpu_wq
11:10:52 PM     0    240331      2.00      0.00  kworker/9:2-mm_percpu_wq
11:10:52 PM     0    241714      5.00      0.00  kworker/3:1-events
11:10:52 PM     0    242833      2.00      0.00  kworker/7:1-mm_percpu_wq
11:10:52 PM     0    250641      7.00      0.00  kworker/u24:3-edac-poller
11:10:52 PM     0    261926      2.00      0.00  iostat
11:10:52 PM     0    261927      1.00      0.00  pidstat
11:10:52 PM     0    261928      5.00      0.00  bash
11:10:52 PM     0    261929      8.00      0.00  bash
11:10:52 PM     0    261930      4.00      0.00  bash
11:10:52 PM     0    262541      1.00      0.00  sleep
11:10:52 PM     0    262551      1.00      0.00  sleep
11:10:52 PM     0    262553      1.00      0.00  sleep

11:10:52 PM   UID       PID   cswch/s nvcswch/s  Command
11:10:53 PM     0        17     25.00      0.00  rcu_preempt
11:10:53 PM     0        29      1.00      0.00  migration/2
11:10:53 PM     0        60      1.00      0.00  ksoftirqd/7
11:10:53 PM     0        95      2.00      0.00  kcompactd0
11:10:53 PM     0       188      1.00      0.00  kworker/2:1H-kblockd
11:10:53 PM     0       415      2.00      0.00  systemd-journal
11:10:53 PM     0       453      1.00      0.00  multipathd
11:10:53 PM     0     21554      1.00      0.00  packagekitd
11:10:53 PM     0    227297      1.00      0.00  kworker/10:2-events
11:10:53 PM     0    230337      1.00      0.00  kworker/6:1-mm_percpu_wq
11:10:53 PM     0    230364      2.00      0.00  kworker/u24:4-events_power_efficient
11:10:53 PM     0    230433      2.00      0.00  kworker/0:1-events
11:10:53 PM     0    230456      1.00      0.00  kworker/8:2-mm_percpu_wq
11:10:53 PM     0    230457      3.00      0.00  kworker/1:2-events
11:10:53 PM     0    230483      2.00      0.00  kworker/5:0-events
11:10:53 PM     0    238283      3.00      0.00  kworker/2:1-events
11:10:53 PM     0    239073      1.00      0.00  kworker/4:2-mm_percpu_wq
11:10:53 PM     0    240331      1.00      0.00  kworker/9:2-events
11:10:53 PM     0    241714      2.00      0.00  kworker/3:1-events
11:10:53 PM     0    242833      3.00      0.00  kworker/7:1-events
11:10:53 PM     0    250641      3.00      0.00  kworker/u24:3-edac-poller
11:10:53 PM     0    261926      1.00      0.00  iostat
11:10:53 PM     0    261927      2.00      0.00  pidstat
11:10:53 PM     0    261928      6.00      0.00  bash
11:10:53 PM     0    261929      8.00      0.00  bash
11:10:53 PM     0    261930      5.00      0.00  bash
11:10:53 PM     0    262557      2.00      0.00  sleep
11:10:53 PM     0    262567      1.00      0.00  sleep
11:10:53 PM     0    262569      1.00      0.00  sleep

11:10:53 PM   UID       PID   cswch/s nvcswch/s  Command
11:10:54 PM     0        16      2.00      0.00  ksoftirqd/0
11:10:54 PM     0        17     18.00      0.00  rcu_preempt
11:10:54 PM     0        18      1.00      0.00  migration/0
11:10:54 PM     0        23      1.00      0.00  migration/1
11:10:54 PM     0        29      4.00      0.00  migration/2
11:10:54 PM     0        35      1.00      0.00  migration/3
11:10:54 PM     0        36      2.00      0.00  ksoftirqd/3
11:10:54 PM     0        41      2.00      0.00  migration/4
11:10:54 PM     0        47      1.00      0.00  migration/5
11:10:54 PM     0        53      1.00      0.00  migration/6
11:10:54 PM     0        59      1.00      0.00  migration/7
11:10:54 PM     0        65      1.00      0.00  migration/8
11:10:54 PM     0        71      1.00      0.00  migration/9
11:10:54 PM     0        72      1.00      0.00  ksoftirqd/9
11:10:54 PM     0        77      1.00      0.00  migration/10
11:10:54 PM     0        78      1.00      0.00  ksoftirqd/10
11:10:54 PM     0        83      1.00      0.00  migration/11
11:10:54 PM     0        95      2.00      0.00  kcompactd0
11:10:54 PM     0       453      1.00      0.00  multipathd
11:10:54 PM     0    227297      2.00      0.00  kworker/10:2-events
11:10:54 PM     0    230433      4.00      0.00  kworker/0:1-events
11:10:54 PM     0    230456      1.00      0.00  kworker/8:2-mm_percpu_wq
11:10:54 PM     0    230457      2.00      0.00  kworker/1:2-events
11:10:54 PM     0    230483      2.00      0.00  kworker/5:0-events
11:10:54 PM     0    230559      1.00      0.00  kworker/11:1-mm_percpu_wq
11:10:54 PM     0    238283      3.00      0.00  kworker/2:1-mm_percpu_wq
11:10:54 PM     0    239073      2.00      0.00  kworker/4:2-mm_percpu_wq
11:10:54 PM     0    240331      2.00      0.00  kworker/9:2-events
11:10:54 PM     0    241714      5.00      0.00  kworker/3:1-events
11:10:54 PM     0    242833      2.00      0.00  kworker/7:1-events
11:10:54 PM     0    250641      2.00      0.00  kworker/u24:3-edac-poller
11:10:54 PM     0    261926      1.00      0.00  iostat
11:10:54 PM     0    261927      1.00      0.00  pidstat
11:10:54 PM     0    261928      5.00      0.00  bash
11:10:54 PM     0    261929      7.00      1.00  bash
11:10:54 PM     0    261930      4.00      0.00  bash
11:10:54 PM     0    262572      1.00      0.00  sleep
11:10:54 PM     0    262582      1.00      0.00  sleep
11:10:54 PM     0    262584      1.00      1.00  sleep

11:10:54 PM   UID       PID   cswch/s nvcswch/s  Command
11:10:55 PM     0        17     20.00      0.00  rcu_preempt
11:10:55 PM     0        29      1.00      0.00  migration/2
11:10:55 PM     0        66      1.00      0.00  ksoftirqd/8
11:10:55 PM     0        84      1.00      0.00  ksoftirqd/11
11:10:55 PM     0        95      2.00      0.00  kcompactd0
11:10:55 PM     0       453      1.00      0.00  multipathd
11:10:55 PM     0    227297      2.00      0.00  kworker/10:2-events
11:10:55 PM     0    230337      2.00      0.00  kworker/6:1-events
11:10:55 PM     0    230433      1.00      0.00  kworker/0:1-events
11:10:55 PM     0    230456      1.00      0.00  kworker/8:2-events
11:10:55 PM     0    230457      4.00      0.00  kworker/1:2-events
11:10:55 PM     0    230483      1.00      0.00  kworker/5:0-events
11:10:55 PM     0    230559      1.00      0.00  kworker/11:1-events
11:10:55 PM     0    238283      6.00      0.00  kworker/2:1-events
11:10:55 PM     0    240331      2.00      0.00  kworker/9:2-events
11:10:55 PM     0    241714      2.00      0.00  kworker/3:1-events
11:10:55 PM     0    242833      1.00      0.00  kworker/7:1-events
11:10:55 PM     0    250641      1.00      0.00  kworker/u24:3-edac-poller
11:10:55 PM     0    261926      1.00      0.00  iostat
11:10:55 PM     0    261927      1.00      0.00  pidstat
11:10:55 PM     0    261928      5.00      0.00  bash
11:10:55 PM     0    261929      8.00      0.00  bash
11:10:55 PM     0    261930      4.00      0.00  bash
11:10:55 PM     0    262587      1.00      0.00  sleep
11:10:55 PM     0    262597      1.00      0.00  sleep
11:10:55 PM     0    262599      1.00      0.00  sleep

11:10:55 PM   UID       PID   cswch/s nvcswch/s  Command
11:10:56 PM     0        17     18.00      0.00  rcu_preempt
11:10:56 PM     0        29      3.00      0.00  migration/2
11:10:56 PM     0        47      1.00      0.00  migration/5
11:10:56 PM     0        54      1.00      0.00  ksoftirqd/6
11:10:56 PM     0        60      1.00      0.00  ksoftirqd/7
11:10:56 PM     0        78      1.00      0.00  ksoftirqd/10
11:10:56 PM     0        95      2.00      0.00  kcompactd0
11:10:56 PM     0       453      1.00      0.00  multipathd
11:10:56 PM   106       639      1.00      0.00  rsyslogd
11:10:56 PM     0    227297      3.00      0.00  kworker/10:2-events
11:10:56 PM     0    230337      2.00      0.00  kworker/6:1-events
11:10:56 PM     0    230433      2.00      0.00  kworker/0:1-mm_percpu_wq
11:10:56 PM     0    230456      1.00      0.00  kworker/8:2-mm_percpu_wq
11:10:56 PM     0    230457      1.00      0.00  kworker/1:2-mm_percpu_wq
11:10:56 PM     0    230483      3.00      0.00  kworker/5:0-events
11:10:56 PM     0    230559      2.00      0.00  kworker/11:1-mm_percpu_wq
11:10:56 PM     0    238283      7.00      0.00  kworker/2:1-events
11:10:56 PM     0    239073      2.00      0.00  kworker/4:2-mm_percpu_wq
11:10:56 PM     0    240331      1.00      0.00  kworker/9:2-mm_percpu_wq
11:10:56 PM     0    241714      3.00      0.00  kworker/3:1-events
11:10:56 PM     0    242833      2.00      0.00  kworker/7:1-events
11:10:56 PM     0    250641      1.00      0.00  kworker/u24:3-events_unbound
11:10:56 PM     0    261926      1.00      0.00  iostat
11:10:56 PM     0    261927      1.00      1.00  pidstat
11:10:56 PM     0    261928      5.00      0.00  bash
11:10:56 PM     0    261929      8.00      0.00  bash
11:10:56 PM     0    261930      4.00      0.00  bash
11:10:56 PM     0    262602      1.00      0.00  sleep
11:10:56 PM     0    262612      1.00      0.00  sleep
11:10:56 PM     0    262614      1.00      1.00  sleep

11:10:56 PM   UID       PID   cswch/s nvcswch/s  Command
11:10:57 PM     0        16      1.00      0.00  ksoftirqd/0
11:10:57 PM     0        17     56.00      0.00  rcu_preempt
11:10:57 PM     0        30      7.00     14.00  ksoftirqd/2
11:10:57 PM     0        36      2.00      0.00  ksoftirqd/3
11:10:57 PM     0        53      1.00      0.00  migration/6
11:10:57 PM     0        78      2.00      0.00  ksoftirqd/10
11:10:57 PM     0        95      2.00      0.00  kcompactd0
11:10:57 PM     0       359      3.00      0.00  jbd2/nvme1n1p2-8
11:10:57 PM     0       453      1.00      0.00  multipathd
11:10:57 PM     0       562      3.00      0.00  jbd2/nvme1n1p3-8
11:10:57 PM   101       608      1.00      0.00  systemd-network
11:10:57 PM     0    227297      3.00      0.00  kworker/10:2-events
11:10:57 PM     0    230337      2.00      0.00  kworker/6:1-events
11:10:57 PM     0    230364      4.00      0.00  kworker/u24:4-iou_exit
11:10:57 PM     0    230433      2.00      0.00  kworker/0:1-events
11:10:57 PM     0    230457      1.00      0.00  kworker/1:2-events
11:10:57 PM     0    230483      2.00      0.00  kworker/5:0-events
11:10:57 PM     0    238283     25.00      0.00  kworker/2:1-events
11:10:57 PM     0    240331      3.00      0.00  kworker/9:2-events
11:10:57 PM     0    241714      3.00      0.00  kworker/3:1-events
11:10:57 PM     0    242833      2.00      0.00  kworker/7:1-events
11:10:57 PM     0    250641      1.00      0.00  kworker/u24:3-events_power_efficient
11:10:57 PM     0    261926      1.00      0.00  iostat
11:10:57 PM     0    261927      1.00      0.00  pidstat
11:10:57 PM     0    261928      5.00      0.00  bash
11:10:57 PM     0    261929      6.00      0.00  bash
11:10:57 PM     0    261930      4.00      0.00  bash
11:10:57 PM     0    262617      1.00      0.00  sleep
11:10:57 PM     0    262627      1.00      0.00  sleep
11:10:57 PM     0    262629      1.00      0.00  sleep
11:10:57 PM     0    262636     17.00      3.00  java

11:10:57 PM   UID       PID   cswch/s nvcswch/s  Command
11:10:58 PM     0        16      2.00      1.00  ksoftirqd/0
11:10:58 PM     0        17    202.00      0.00  rcu_preempt
11:10:58 PM     0        18      1.00      0.00  migration/0
11:10:58 PM     0        23      1.00      0.00  migration/1
11:10:58 PM     0        24      2.00      0.00  ksoftirqd/1
11:10:58 PM     0        29      1.00      0.00  migration/2
11:10:58 PM     0        30      4.00      0.00  ksoftirqd/2
11:10:58 PM     0        35      1.00      0.00  migration/3
11:10:58 PM     0        36      1.00      0.00  ksoftirqd/3
11:10:58 PM     0        41      1.00      0.00  migration/4
11:10:58 PM     0        47      1.00      0.00  migration/5
11:10:58 PM     0        53      1.00      0.00  migration/6
11:10:58 PM     0        59      1.00      0.00  migration/7
11:10:58 PM     0        65      1.00      0.00  migration/8
11:10:58 PM     0        71      1.00      0.00  migration/9
11:10:58 PM     0        77      1.00      0.00  migration/10
11:10:58 PM     0        83      1.00      0.00  migration/11
11:10:58 PM     0        95      2.00      0.00  kcompactd0
11:10:58 PM     0       113      3.00      0.00  kworker/5:1H-kblockd
11:10:58 PM     0       192      4.00      0.00  kworker/7:1H-kblockd
11:10:58 PM     0       194      7.00      0.00  kworker/8:1H-kblockd
11:10:58 PM     0       453      1.00      0.00  multipathd
11:10:58 PM     0    227297      3.00      0.00  kworker/10:2-events
11:10:58 PM     0    230364     13.00      0.00  kworker/u24:4-ext4-rsv-conversion
11:10:58 PM     0    230433      4.00      0.00  kworker/0:1-events
11:10:58 PM     0    230456      1.00      0.00  kworker/8:2-mm_percpu_wq
11:10:58 PM     0    230457      3.00      0.00  kworker/1:2-events
11:10:58 PM     0    230483      3.00      0.00  kworker/5:0-events
11:10:58 PM     0    230559      1.00      0.00  kworker/11:1-mm_percpu_wq
11:10:58 PM     0    238099      2.00      0.00  kworker/u24:1-flush-259:1
11:10:58 PM     0    238283      2.00      0.00  kworker/2:1-mm_percpu_wq
11:10:58 PM     0    239073      1.00      0.00  kworker/4:2-mm_percpu_wq
11:10:58 PM     0    240331      1.00      0.00  kworker/9:2-mm_percpu_wq
11:10:58 PM     0    241714      4.00      0.00  kworker/3:1-events
11:10:58 PM     0    242833      2.00      0.00  kworker/7:1-events
11:10:58 PM     0    245320      1.00      0.00  kworker/u24:2-flush-259:1
11:10:58 PM     0    250641     11.00      0.00  kworker/u24:3-writeback
11:10:58 PM     0    261926      1.00      0.00  iostat
11:10:58 PM     0    261927      1.00      0.00  pidstat
11:10:58 PM     0    261928      5.00      0.00  bash
11:10:58 PM     0    261929      8.00      0.00  bash
11:10:58 PM     0    261930      4.00      0.00  bash
11:10:58 PM     0    262659      1.00      0.00  sleep
11:10:58 PM     0    262671      1.00      0.00  sleep
11:10:58 PM     0    262673      1.00      0.00  sleep

11:10:58 PM   UID       PID   cswch/s nvcswch/s  Command
11:10:59 PM     0        17     55.00      0.00  rcu_preempt
11:10:59 PM     0        24      1.00      0.00  ksoftirqd/1
11:10:59 PM     0        30      5.00      0.00  ksoftirqd/2
11:10:59 PM     0        41      1.00      0.00  migration/4
11:10:59 PM     0        48      2.00      0.00  ksoftirqd/5
11:10:59 PM     0        65      1.00      0.00  migration/8
11:10:59 PM     0        77      1.00      0.00  migration/10
11:10:59 PM     0        95      2.00      0.00  kcompactd0
11:10:59 PM     0       188      1.00      0.00  kworker/2:1H-kblockd
11:10:59 PM     0       194      2.00      0.00  kworker/8:1H-kblockd
11:10:59 PM     0       359      6.00      0.00  jbd2/nvme1n1p2-8
11:10:59 PM     0       415      4.00      0.00  systemd-journal
11:10:59 PM     0       453      1.00      0.00  multipathd
11:10:59 PM     0       562      3.00      0.00  jbd2/nvme1n1p3-8
11:10:59 PM     0    227297      3.00      0.00  kworker/10:2-mm_percpu_wq
11:10:59 PM     0    230337      1.00      0.00  kworker/6:1-mm_percpu_wq
11:10:59 PM     0    230364     11.00      0.00  kworker/u24:4-writeback
11:10:59 PM     0    230433      3.00      0.00  kworker/0:1-events
11:10:59 PM     0    230456      3.00      0.00  kworker/8:2-mm_percpu_wq
11:10:59 PM     0    230457      6.00      0.00  kworker/1:2-events
11:10:59 PM     0    230483      5.00      0.00  kworker/5:0-events
11:10:59 PM     0    230559      1.00      0.00  kworker/11:1-mm_percpu_wq
11:10:59 PM     0    238099      2.00      0.00  kworker/u24:1-ext4-rsv-conversion
11:10:59 PM     0    238283      5.00      0.00  kworker/2:1-events
11:10:59 PM     0    239073      4.00      0.00  kworker/4:2-events
11:10:59 PM     0    240331      4.00      0.00  kworker/9:2-events
11:10:59 PM     0    241714      4.00      0.00  kworker/3:1-mm_percpu_wq
11:10:59 PM     0    242833      3.00      0.00  kworker/7:1-events
11:10:59 PM     0    250641      7.00      0.00  kworker/u24:3-flush-259:1
11:10:59 PM     0    261926      2.00      0.00  iostat
11:10:59 PM     0    261927      1.00      0.00  pidstat
11:10:59 PM     0    261928      6.00      0.00  bash
11:10:59 PM     0    261929      9.00      0.00  bash
11:10:59 PM     0    261930      5.00      0.00  bash
11:10:59 PM     0    262682      2.00      0.00  sleep
11:10:59 PM     0    262693      1.00      0.00  sleep
11:10:59 PM     0    262694      1.00      0.00  sleep

11:10:59 PM   UID       PID   cswch/s nvcswch/s  Command
11:11:00 PM     0        17     19.00      0.00  rcu_preempt
11:11:00 PM     0        29      1.00      0.00  migration/2
11:11:00 PM     0        48      2.00      0.00  ksoftirqd/5
11:11:00 PM     0        60      1.00      0.00  ksoftirqd/7
11:11:00 PM     0        66      1.00      0.00  ksoftirqd/8
11:11:00 PM     0        84      1.00      0.00  ksoftirqd/11
11:11:00 PM     0        95      2.00      0.00  kcompactd0
11:11:00 PM     0       453      1.00      0.00  multipathd
11:11:00 PM     0    227297      2.00      0.00  kworker/10:2-events
11:11:00 PM     0    230337      2.00      0.00  kworker/6:1-events
11:11:00 PM     0    230364      1.00      0.00  kworker/u24:4-edac-poller
11:11:00 PM     0    230433      1.00      0.00  kworker/0:1-events
11:11:00 PM     0    230456      1.00      0.00  kworker/8:2-events
11:11:00 PM     0    230483      2.00      0.00  kworker/5:0-events
11:11:00 PM     0    230559      4.00      0.00  kworker/11:1-events
11:11:00 PM     0    238283      5.00      0.00  kworker/2:1-events
11:11:00 PM     0    239073      2.00      0.00  kworker/4:2-events
11:11:00 PM     0    242833      2.00      0.00  kworker/7:1-events
11:11:00 PM     0    261926      1.00      0.00  iostat
11:11:00 PM     0    261927      2.00      0.00  pidstat
11:11:00 PM     0    261928      5.00      0.00  bash
11:11:00 PM     0    261929      8.00      0.00  bash
11:11:00 PM     0    261930      4.00      0.00  bash
11:11:00 PM     0    262697      1.00      0.00  sleep
11:11:00 PM     0    262707      1.00      0.00  sleep
11:11:00 PM     0    262709      1.00      0.00  sleep

11:11:00 PM   UID       PID   cswch/s nvcswch/s  Command
11:11:01 PM     0        16      2.00      0.00  ksoftirqd/0
11:11:01 PM     0        17     37.00      0.00  rcu_preempt
11:11:01 PM     0        29      3.00      0.00  migration/2
11:11:01 PM     0        30      2.00      1.00  ksoftirqd/2
11:11:01 PM     0        48      2.00      0.00  ksoftirqd/5
11:11:01 PM     0        72      1.00      0.00  ksoftirqd/9
11:11:01 PM     0        95      2.00      0.00  kcompactd0
11:11:01 PM     0       192      1.00      0.00  kworker/7:1H-kblockd
11:11:01 PM     0       194      1.00      0.00  kworker/8:1H-kblockd
11:11:01 PM     0       359      3.00      0.00  jbd2/nvme1n1p2-8
11:11:01 PM     0       415      3.00      0.00  systemd-journal
11:11:01 PM     0       453      1.00      0.00  multipathd
11:11:01 PM     0       562      3.00      0.00  jbd2/nvme1n1p3-8
11:11:01 PM     0    227297      2.00      0.00  kworker/10:2-mm_percpu_wq
11:11:01 PM     0    230364      5.00      0.00  kworker/u24:4-writeback
11:11:01 PM     0    230433      5.00      0.00  kworker/0:1-events
11:11:01 PM     0    230456      2.00      0.00  kworker/8:2-mm_percpu_wq
11:11:01 PM     0    230457      5.00      0.00  kworker/1:2-events
11:11:01 PM     0    230483      6.00      0.00  kworker/5:0-events
11:11:01 PM     0    230559      1.00      0.00  kworker/11:1-mm_percpu_wq
11:11:01 PM     0    238099      1.00      0.00  kworker/u24:1-ext4-rsv-conversion
11:11:01 PM     0    238283      3.00      0.00  kworker/2:1-events
11:11:01 PM     0    239073      2.00      0.00  kworker/4:2-mm_percpu_wq
11:11:01 PM     0    240331      7.00      0.00  kworker/9:2-events
11:11:01 PM     0    241714      3.00      0.00  kworker/3:1-mm_percpu_wq
11:11:01 PM     0    242833      2.00      0.00  kworker/7:1-mm_percpu_wq
11:11:01 PM     0    250641      8.00      0.00  kworker/u24:3-writeback
11:11:01 PM     0    261926      2.00      0.00  iostat
11:11:01 PM     0    261927      1.00      0.00  pidstat
11:11:01 PM     0    261928      6.00      0.00  bash
11:11:01 PM     0    261929      9.00      0.00  bash
11:11:01 PM     0    261930      5.00      0.00  bash
11:11:01 PM     0    262713      2.00      0.00  sleep
11:11:01 PM     0    262724      1.00      0.00  sleep
11:11:01 PM     0    262725      1.00      1.00  sleep

11:11:01 PM   UID       PID   cswch/s nvcswch/s  Command
11:11:02 PM     0        16      1.00      0.00  ksoftirqd/0
11:11:02 PM     0        17     17.00      0.00  rcu_preempt
11:11:02 PM     0        18      1.00      0.00  migration/0
11:11:02 PM     0        23      1.00      0.00  migration/1
11:11:02 PM     0        29      2.00      0.00  migration/2
11:11:02 PM     0        35      1.00      0.00  migration/3
11:11:02 PM     0        41      1.00      0.00  migration/4
11:11:02 PM     0        47      1.00      0.00  migration/5
11:11:02 PM     0        53      1.00      0.00  migration/6
11:11:02 PM     0        54      1.00      0.00  ksoftirqd/6
11:11:02 PM     0        59      1.00      0.00  migration/7
11:11:02 PM     0        65      1.00      0.00  migration/8
11:11:02 PM     0        71      1.00      0.00  migration/9
11:11:02 PM     0        72      1.00      0.00  ksoftirqd/9
11:11:02 PM     0        77      1.00      0.00  migration/10
11:11:02 PM     0        78      3.00      0.00  ksoftirqd/10
11:11:02 PM     0        83      1.00      0.00  migration/11
11:11:02 PM     0        95      2.00      0.00  kcompactd0
11:11:02 PM     0       453      1.00      0.00  multipathd
11:11:02 PM     0       769      4.00      0.00  cron
11:11:02 PM     0    227297      4.00      0.00  kworker/10:2-events
11:11:02 PM     0    230337      2.00      0.00  kworker/6:1-events
11:11:02 PM     0    230364      1.00      0.00  kworker/u24:4-writeback
11:11:02 PM     0    230433      3.00      0.00  kworker/0:1-events
11:11:02 PM     0    230457      2.00      0.00  kworker/1:2-events
11:11:02 PM     0    230559      1.00      0.00  kworker/11:1-mm_percpu_wq
11:11:02 PM     0    238283      8.00      0.00  kworker/2:1-events
11:11:02 PM     0    239073      1.00      0.00  kworker/4:2-events
11:11:02 PM     0    240331      3.00      0.00  kworker/9:2-events
11:11:02 PM     0    241714      3.00      0.00  kworker/3:1-events
11:11:02 PM     0    250641      2.00      0.00  kworker/u24:3-events_power_efficient
11:11:02 PM     0    261926      1.00      0.00  iostat
11:11:02 PM     0    261927      2.00      0.00  pidstat
11:11:02 PM     0    261928      5.00      0.00  bash
11:11:02 PM     0    261929      8.00      0.00  bash
11:11:02 PM     0    261930      4.00      0.00  bash
11:11:02 PM     0    262728      1.00      0.00  sleep
11:11:02 PM     0    262739      1.00      0.00  sleep
11:11:02 PM     0    262740      1.00      0.00  sleep

11:11:02 PM   UID       PID   cswch/s nvcswch/s  Command
11:11:03 PM     0        17     27.00      0.00  rcu_preempt
11:11:03 PM     0        24      1.00      0.00  ksoftirqd/1
11:11:03 PM     0        29      1.00      0.00  migration/2
11:11:03 PM     0        30      1.00     12.00  ksoftirqd/2
11:11:03 PM     0        42      1.00      0.00  ksoftirqd/4
11:11:03 PM     0        65      1.00      0.00  migration/8
11:11:03 PM     0        83      1.00      0.00  migration/11
11:11:03 PM     0        95      2.00      0.00  kcompactd0
11:11:03 PM     0       192      1.00      0.00  kworker/7:1H-kblockd
11:11:03 PM     0       194      1.00      0.00  kworker/8:1H-kblockd
11:11:03 PM     0       359      3.00      0.00  jbd2/nvme1n1p2-8
11:11:03 PM     0       415      3.00      0.00  systemd-journal
11:11:03 PM     0       453      1.00      0.00  multipathd
11:11:03 PM     0       562      3.00      0.00  jbd2/nvme1n1p3-8
11:11:03 PM   101       608      2.00      0.00  systemd-network
11:11:03 PM     0     21554      1.00      0.00  packagekitd
11:11:03 PM     0    227297      2.00      0.00  kworker/10:2-mm_percpu_wq
11:11:03 PM     0    230337      1.00      0.00  kworker/6:1-events
11:11:03 PM     0    230364      7.00      0.00  kworker/u24:4-events_unbound
11:11:03 PM     0    230433      4.00      0.00  kworker/0:1-events
11:11:03 PM     0    230456      2.00      0.00  kworker/8:2-mm_percpu_wq
11:11:03 PM     0    230457      5.00      0.00  kworker/1:2-events
11:11:03 PM     0    230483      2.00      0.00  kworker/5:0-mm_percpu_wq
11:11:03 PM     0    230559      2.00      0.00  kworker/11:1-events
11:11:03 PM     0    238099      1.00      0.00  kworker/u24:1-ext4-rsv-conversion
11:11:03 PM     0    238283      6.00      0.00  kworker/2:1-events
11:11:03 PM     0    239073      2.00      0.00  kworker/4:2-mm_percpu_wq
11:11:03 PM     0    240331      3.00      0.00  kworker/9:2-mm_percpu_wq
11:11:03 PM     0    241714      3.00      0.00  kworker/3:1-events
11:11:03 PM     0    242833      3.00      0.00  kworker/7:1-mm_percpu_wq
11:11:03 PM     0    250641      7.00      0.00  kworker/u24:3-writeback
11:11:03 PM     0    261926      2.00      0.00  iostat
11:11:03 PM     0    261927      1.00      0.00  pidstat
11:11:03 PM     0    261928      6.00      0.00  bash
11:11:03 PM     0    261929      8.00      0.00  bash
11:11:03 PM     0    261930      5.00      0.00  bash
11:11:03 PM     0    262744      2.00      0.00  sleep
11:11:03 PM     0    262754      1.00      0.00  sleep
11:11:03 PM     0    262756      1.00      0.00  sleep

11:11:03 PM   UID       PID   cswch/s nvcswch/s  Command
11:11:04 PM     0        16      1.00      0.00  ksoftirqd/0
11:11:04 PM     0        17     19.00      0.00  rcu_preempt
11:11:04 PM     0        29      2.00      0.00  migration/2
11:11:04 PM     0        48      1.00      0.00  ksoftirqd/5
11:11:04 PM     0        95      2.00      0.00  kcompactd0
11:11:04 PM     0       453      1.00      0.00  multipathd
11:11:04 PM     0    227297      2.00      0.00  kworker/10:2-events
11:11:04 PM     0    230337      1.00      0.00  kworker/6:1-mm_percpu_wq
11:11:04 PM     0    230364      1.00      0.00  kworker/u24:4-edac-poller
11:11:04 PM     0    230433      2.00      0.00  kworker/0:1-events
11:11:04 PM     0    230456      2.00      0.00  kworker/8:2-mm_percpu_wq
11:11:04 PM     0    230457      2.00      0.00  kworker/1:2-events
11:11:04 PM     0    230483      4.00      0.00  kworker/5:0-events
11:11:04 PM     0    230559      2.00      0.00  kworker/11:1-events
11:11:04 PM     0    238283      3.00      0.00  kworker/2:1-mm_percpu_wq
11:11:04 PM     0    239073      3.00      0.00  kworker/4:2-mm_percpu_wq
11:11:04 PM     0    240331      2.00      0.00  kworker/9:2-events
11:11:04 PM     0    241714      2.00      0.00  kworker/3:1-mm_percpu_wq
11:11:04 PM     0    242833      1.00      0.00  kworker/7:1-mm_percpu_wq
11:11:04 PM     0    261926      1.00      0.00  iostat
11:11:04 PM     0    261927      2.00      0.00  pidstat
11:11:04 PM     0    261928      5.00      0.00  bash
11:11:04 PM     0    261929      8.00      0.00  bash
11:11:04 PM     0    261930      4.00      0.00  bash
11:11:04 PM     0    262759      1.00      0.00  sleep
11:11:04 PM     0    262770      1.00      1.00  sleep
11:11:04 PM     0    262771      1.00      0.00  sleep

11:11:04 PM   UID       PID   cswch/s nvcswch/s  Command
11:11:05 PM     0        17     35.00      0.00  rcu_preempt
11:11:05 PM     0        29      1.00      0.00  migration/2
11:11:05 PM     0        30      2.00      0.00  ksoftirqd/2
11:11:05 PM     0        42      1.00      0.00  ksoftirqd/4
11:11:05 PM     0        48      1.00      0.00  ksoftirqd/5
11:11:05 PM     0        53      1.00      0.00  migration/6
11:11:05 PM     0        66      2.00      0.00  ksoftirqd/8
11:11:05 PM     0        95      2.00      0.00  kcompactd0
11:11:05 PM     0       188      1.00      0.00  kworker/2:1H-kblockd
11:11:05 PM     0       191      1.00      0.00  kworker/1:1H-kblockd
11:11:05 PM     0       193      2.00      0.00  kworker/9:1H-kblockd
11:11:05 PM     0       194      1.00      0.00  kworker/8:1H-kblockd
11:11:05 PM     0       359      3.00      0.00  jbd2/nvme1n1p2-8
11:11:05 PM     0       415      3.00      0.00  systemd-journal
11:11:05 PM     0       453      1.00      0.00  multipathd
11:11:05 PM     0       562      3.00      0.00  jbd2/nvme1n1p3-8
11:11:05 PM     0    227297      1.00      0.00  kworker/10:2-mm_percpu_wq
11:11:05 PM     0    230364      6.00      0.00  kworker/u24:4-events_unbound
11:11:05 PM     0    230433      3.00      0.00  kworker/0:1-events
11:11:05 PM     0    230456      1.00      0.00  kworker/8:2-mm_percpu_wq
11:11:05 PM     0    230457      3.00      0.00  kworker/1:2-events
11:11:05 PM     0    230483      5.00      0.00  kworker/5:0-events
11:11:05 PM     0    230559      1.00      0.00  kworker/11:1-mm_percpu_wq
11:11:05 PM     0    238099      1.00      0.00  kworker/u24:1-ext4-rsv-conversion
11:11:05 PM     0    238283      3.00      0.00  kworker/2:1-events
11:11:05 PM     0    239073      2.00      0.00  kworker/4:2-events
11:11:05 PM     0    240331      4.00      0.00  kworker/9:2-events
11:11:05 PM     0    241714      1.00      0.00  kworker/3:1-events
11:11:05 PM     0    250641      7.00      0.00  kworker/u24:3-writeback
11:11:05 PM     0    261926      2.00      0.00  iostat
11:11:05 PM     0    261927      1.00      0.00  pidstat
11:11:05 PM     0    261928      6.00      0.00  bash
11:11:05 PM     0    261929      9.00      0.00  bash
11:11:05 PM     0    261930      5.00      0.00  bash
11:11:05 PM     0    262775      2.00      0.00  sleep
11:11:05 PM     0    262785      1.00      0.00  sleep
11:11:05 PM     0    262787      1.00      0.00  sleep

11:11:05 PM   UID       PID   cswch/s nvcswch/s  Command
11:11:06 PM     0        16      1.00      0.00  ksoftirqd/0
11:11:06 PM     0        17     17.00      0.00  rcu_preempt
11:11:06 PM     0        18      1.00      0.00  migration/0
11:11:06 PM     0        23      1.00      0.00  migration/1
11:11:06 PM     0        24      1.00      0.00  ksoftirqd/1
11:11:06 PM     0        29      1.00      0.00  migration/2
11:11:06 PM     0        35      1.00      0.00  migration/3
11:11:06 PM     0        36      2.00      0.00  ksoftirqd/3
11:11:06 PM     0        41      2.00      0.00  migration/4
11:11:06 PM     0        47      1.00      0.00  migration/5
11:11:06 PM     0        53      1.00      0.00  migration/6
11:11:06 PM     0        59      1.00      0.00  migration/7
11:11:06 PM     0        65      1.00      0.00  migration/8
11:11:06 PM     0        66      1.00      0.00  ksoftirqd/8
11:11:06 PM     0        71      1.00      0.00  migration/9
11:11:06 PM     0        77      1.00      0.00  migration/10
11:11:06 PM     0        78      2.00      0.00  ksoftirqd/10
11:11:06 PM     0        83      1.00      0.00  migration/11
11:11:06 PM     0        95      2.00      0.00  kcompactd0
11:11:06 PM     0       453      1.00      0.00  multipathd
11:11:06 PM     0    227297      4.00      0.00  kworker/10:2-events
11:11:06 PM     0    230337      1.00      0.00  kworker/6:1-mm_percpu_wq
11:11:06 PM     0    230364      1.00      0.00  kworker/u24:4-edac-poller
11:11:06 PM     0    230433      1.00      0.00  kworker/0:1-events
11:11:06 PM     0    230456      3.00      0.00  kworker/8:2-events
11:11:06 PM     0    230457      5.00      0.00  kworker/1:2-events
11:11:06 PM     0    230559      5.00      0.00  kworker/11:1-events
11:11:06 PM     0    238283      6.00      0.00  kworker/2:1-events
11:11:06 PM     0    239073      2.00      0.00  kworker/4:2-mm_percpu_wq
11:11:06 PM     0    240331      1.00      0.00  kworker/9:2-mm_percpu_wq
11:11:06 PM     0    241714      4.00      0.00  kworker/3:1-events
11:11:06 PM     0    261926      1.00      0.00  iostat
11:11:06 PM     0    261927      2.00      0.00  pidstat
11:11:06 PM     0    261928      5.00      0.00  bash
11:11:06 PM     0    261929      8.00      0.00  bash
11:11:06 PM     0    261930      4.00      0.00  bash
11:11:06 PM     0    262790      1.00      0.00  sleep
11:11:06 PM     0    262800      1.00      0.00  sleep
11:11:06 PM     0    262802      1.00      0.00  sleep

11:11:06 PM   UID       PID   cswch/s nvcswch/s  Command
11:11:07 PM     0        17     30.00      0.00  rcu_preempt
11:11:07 PM     0        29      1.00      0.00  migration/2
11:11:07 PM     0        30      2.00      2.00  ksoftirqd/2
11:11:07 PM     0        60      3.00      0.00  ksoftirqd/7
11:11:07 PM     0        72      2.00      0.00  ksoftirqd/9
11:11:07 PM     0        95      2.00      0.00  kcompactd0
11:11:07 PM     0       113      1.00      0.00  kworker/5:1H-kblockd
11:11:07 PM     0       191      1.00      0.00  kworker/1:1H-kblockd
11:11:07 PM     0       359      3.00      0.00  jbd2/nvme1n1p2-8
11:11:07 PM     0       415      2.00      0.00  systemd-journal
11:11:07 PM     0       453      1.00      0.00  multipathd
11:11:07 PM     0       562      3.00      0.00  jbd2/nvme1n1p3-8
11:11:07 PM     0    227297      4.00      0.00  kworker/10:2-events
11:11:07 PM     0    230337      1.00      0.00  kworker/6:1-mm_percpu_wq
11:11:07 PM     0    230364      1.00      0.00  kworker/u24:4-flush-259:1
11:11:07 PM     0    230433      1.00      0.00  kworker/0:1-mm_percpu_wq
11:11:07 PM     0    230456      1.00      0.00  kworker/8:2-mm_percpu_wq
11:11:07 PM     0    230457      3.00      0.00  kworker/1:2-events
11:11:07 PM     0    230483      2.00      0.00  kworker/5:0-events
11:11:07 PM     0    230559      3.00      0.00  kworker/11:1-events
11:11:07 PM     0    238099      8.00      0.00  kworker/u24:1-writeback
11:11:07 PM     0    238283      3.00      0.00  kworker/2:1-events
11:11:07 PM     0    239073      1.00      0.00  kworker/4:2-mm_percpu_wq
11:11:07 PM     0    240331      3.00      0.00  kworker/9:2-events
11:11:07 PM     0    241714      3.00      0.00  kworker/3:1-events
11:11:07 PM     0    242833      3.00      0.00  kworker/7:1-events
11:11:07 PM     0    250641      8.00      0.00  kworker/u24:3-events_power_efficient
11:11:07 PM     0    261926      2.00      0.00  iostat
11:11:07 PM     0    261927      1.00      0.00  pidstat
11:11:07 PM     0    261928      6.00      0.00  bash
11:11:07 PM     0    261929      8.00      0.00  bash
11:11:07 PM     0    261930      5.00      0.00  bash
11:11:07 PM     0    262806      2.00      0.00  sleep
11:11:07 PM     0    262817      1.00      0.00  sleep
11:11:07 PM     0    262818      1.00      0.00  sleep

11:11:07 PM   UID       PID   cswch/s nvcswch/s  Command
11:11:08 PM     0        17     18.00      0.00  rcu_preempt
11:11:08 PM     0        29      1.00      0.00  migration/2
11:11:08 PM     0        60      2.00      0.00  ksoftirqd/7
11:11:08 PM     0        84      1.00      0.00  ksoftirqd/11
11:11:08 PM     0        95      2.00      0.00  kcompactd0
11:11:08 PM     0       453      1.00      0.00  multipathd
11:11:08 PM     0    227297      4.00      0.00  kworker/10:2-events
11:11:08 PM     0    230337      2.00      0.00  kworker/6:1-mm_percpu_wq
11:11:08 PM     0    230433      3.00      0.00  kworker/0:1-events
11:11:08 PM     0    230456      2.00      0.00  kworker/8:2-mm_percpu_wq
11:11:08 PM     0    230483      3.00      0.00  kworker/5:0-events
11:11:08 PM     0    230559      4.00      0.00  kworker/11:1-events
11:11:08 PM     0    238099      1.00      0.00  kworker/u24:1-edac-poller
11:11:08 PM     0    238283      2.00      0.00  kworker/2:1-mm_percpu_wq
11:11:08 PM     0    239073      2.00      0.00  kworker/4:2-mm_percpu_wq
11:11:08 PM     0    240331      2.00      0.00  kworker/9:2-mm_percpu_wq
11:11:08 PM     0    241714      2.00      0.00  kworker/3:1-events
11:11:08 PM     0    242833      3.00      0.00  kworker/7:1-events
11:11:08 PM     0    261926      1.00      0.00  iostat
11:11:08 PM     0    261927      2.00      0.00  pidstat
11:11:08 PM     0    261928      5.00      0.00  bash
11:11:08 PM     0    261929      7.00      0.00  bash
11:11:08 PM     0    261930      4.00      0.00  bash
11:11:08 PM     0    262821      1.00      0.00  sleep
11:11:08 PM     0    262831      1.00      0.00  sleep
11:11:08 PM     0    262833      1.00      0.00  sleep

11:11:08 PM   UID       PID   cswch/s nvcswch/s  Command
11:11:09 PM     0        17     32.00      0.00  rcu_preempt
11:11:09 PM     0        24      2.00      0.00  ksoftirqd/1
11:11:09 PM     0        29      3.00      0.00  migration/2
11:11:09 PM     0        30      3.00      5.00  ksoftirqd/2
11:11:09 PM     0        42      1.00      0.00  ksoftirqd/4
11:11:09 PM     0        48      1.00      0.00  ksoftirqd/5
11:11:09 PM     0        95      1.00      0.00  kcompactd0
11:11:09 PM     0       113      1.00      0.00  kworker/5:1H-kblockd
11:11:09 PM     0       194      3.00      0.00  kworker/8:1H-kblockd
11:11:09 PM     0       359      3.00      0.00  jbd2/nvme1n1p2-8
11:11:09 PM     0       415      2.00      0.00  systemd-journal
11:11:09 PM     0       453      1.00      0.00  multipathd
11:11:09 PM     0       562      3.00      0.00  jbd2/nvme1n1p3-8
11:11:09 PM     0    227297      1.00      0.00  kworker/10:2-mm_percpu_wq
11:11:09 PM     0    230337      1.00      0.00  kworker/6:1-mm_percpu_wq
11:11:09 PM     0    230364      7.00      0.00  kworker/u24:4-events_power_efficient
11:11:09 PM     0    230433      5.00      0.00  kworker/0:1-events
11:11:09 PM     0    230456      1.00      0.00  kworker/8:2-mm_percpu_wq
11:11:09 PM     0    230457      5.00      0.00  kworker/1:2-events
11:11:09 PM     0    230483      2.00      0.00  kworker/5:0-events
11:11:09 PM     0    230559      4.00      0.00  kworker/11:1-events
11:11:09 PM     0    238099      8.00      0.00  kworker/u24:1-writeback
11:11:09 PM     0    238283      4.00      0.00  kworker/2:1-events
11:11:09 PM     0    239073      1.00      0.00  kworker/4:2-mm_percpu_wq
11:11:09 PM     0    240331      3.00      0.00  kworker/9:2-events
11:11:09 PM     0    241714      1.00      0.00  kworker/3:1-mm_percpu_wq
11:11:09 PM     0    242833      1.00      0.00  kworker/7:1-mm_percpu_wq
11:11:09 PM     0    250641      1.00      0.00  kworker/u24:3-flush-259:1
11:11:09 PM     0    261926      2.00      0.00  iostat
11:11:09 PM     0    261927      1.00      0.00  pidstat
11:11:09 PM     0    261928      6.00      0.00  bash
11:11:09 PM     0    261929      8.00      0.00  bash
11:11:09 PM     0    261930      5.00      0.00  bash
11:11:09 PM     0    262837      2.00      0.00  sleep
11:11:09 PM     0    262848      1.00      1.00  sleep
11:11:09 PM     0    262849      1.00      0.00  sleep

11:11:09 PM   UID       PID   cswch/s nvcswch/s  Command
11:11:10 PM     0        17     18.00      0.00  rcu_preempt
11:11:10 PM     0        18      1.00      0.00  migration/0
11:11:10 PM     0        23      1.00      0.00  migration/1
11:11:10 PM     0        29      2.00      0.00  migration/2
11:11:10 PM     0        35      1.00      0.00  migration/3
11:11:10 PM     0        41      1.00      0.00  migration/4
11:11:10 PM     0        47      1.00      0.00  migration/5
11:11:10 PM     0        53      1.00      0.00  migration/6
11:11:10 PM     0        59      1.00      0.00  migration/7
11:11:10 PM     0        60      2.00      0.00  ksoftirqd/7
11:11:10 PM     0        65      1.00      0.00  migration/8
11:11:10 PM     0        66      1.00      0.00  ksoftirqd/8
11:11:10 PM     0        71      1.00      0.00  migration/9
11:11:10 PM     0        72      1.00      0.00  ksoftirqd/9
11:11:10 PM     0        77      1.00      0.00  migration/10
11:11:10 PM     0        83      1.00      0.00  migration/11
11:11:10 PM     0        84      1.00      0.00  ksoftirqd/11
11:11:10 PM     0        95      2.00      0.00  kcompactd0
11:11:10 PM     0       453      1.00      0.00  multipathd
11:11:10 PM     0    227297      1.00      0.00  kworker/10:2-mm_percpu_wq
11:11:10 PM     0    230337      1.00      0.00  kworker/6:1-mm_percpu_wq
11:11:10 PM     0    230364      2.00      0.00  kworker/u24:4-edac-poller
11:11:10 PM     0    230433      2.00      0.00  kworker/0:1-events
11:11:10 PM     0    230456      2.00      0.00  kworker/8:2-mm_percpu_wq
11:11:10 PM     0    230457      2.00      0.00  kworker/1:2-mm_percpu_wq
11:11:10 PM     0    230483      5.00      0.00  kworker/5:0-events
11:11:10 PM     0    230559      3.00      0.00  kworker/11:1-events
11:11:10 PM     0    238099      1.00      0.00  kworker/u24:1-writeback
11:11:10 PM     0    238283      2.00      0.00  kworker/2:1-mm_percpu_wq
11:11:10 PM     0    239073      2.00      0.00  kworker/4:2-mm_percpu_wq
11:11:10 PM     0    240331      4.00      0.00  kworker/9:2-events
11:11:10 PM     0    241714      1.00      0.00  kworker/3:1-events
11:11:10 PM     0    242833      2.00      0.00  kworker/7:1-events
11:11:10 PM     0    261926      1.00      0.00  iostat
11:11:10 PM     0    261927      2.00      0.00  pidstat
11:11:10 PM     0    261928      5.00      0.00  bash
11:11:10 PM     0    261929      7.00      0.00  bash
11:11:10 PM     0    261930      4.00      0.00  bash
11:11:10 PM     0    262852      1.00      0.00  sleep
11:11:10 PM     0    262862      1.00      0.00  sleep
11:11:10 PM     0    262864      1.00      0.00  sleep

11:11:10 PM   UID       PID   cswch/s nvcswch/s  Command
11:11:11 PM     0        17     18.00      0.00  rcu_preempt
11:11:11 PM     0        29      1.00      0.00  migration/2
11:11:11 PM     0        60      1.00      0.00  ksoftirqd/7
11:11:11 PM     0        78      1.00      0.00  ksoftirqd/10
11:11:11 PM     0        83      1.00      0.00  migration/11
11:11:11 PM     0        84      1.00      0.00  ksoftirqd/11
11:11:11 PM     0        95      2.00      0.00  kcompactd0
11:11:11 PM     0       453      1.00      0.00  multipathd
11:11:11 PM     0    230364      1.00      0.00  kworker/u24:4-edac-poller
11:11:11 PM     0    230433      2.00      0.00  kworker/0:1-events
11:11:11 PM     0    230456      1.00      0.00  kworker/8:2-events
11:11:11 PM     0    230457      2.00      0.00  kworker/1:2-events
11:11:11 PM     0    230559      4.00      0.00  kworker/11:1-events
11:11:11 PM     0    238283      4.00      0.00  kworker/2:1-events
11:11:11 PM     0    239073      1.00      0.00  kworker/4:2-mm_percpu_wq
11:11:11 PM     0    240331      4.00      0.00  kworker/9:2-events
11:11:11 PM     0    241714      1.00      0.00  kworker/3:1-events
11:11:11 PM     0    242833      2.00      0.00  kworker/7:1-events
11:11:11 PM     0    261926      1.00      0.00  iostat
11:11:11 PM     0    261927      1.00      0.00  pidstat
11:11:11 PM     0    261928      5.00      0.00  bash
11:11:11 PM     0    261929      7.00      0.00  bash
11:11:11 PM     0    261930      4.00      0.00  bash
11:11:11 PM     0    262867      1.00      0.00  sleep
11:11:11 PM     0    262877      1.00      0.00  sleep
11:11:11 PM     0    262879      1.00      0.00  sleep

11:11:11 PM   UID       PID   cswch/s nvcswch/s  Command
11:11:12 PM     0        16      1.00      0.00  ksoftirqd/0
11:11:12 PM     0        17     19.00      0.00  rcu_preempt
11:11:12 PM     0        29      1.00      0.00  migration/2
11:11:12 PM     0        54      1.00      0.00  ksoftirqd/6
11:11:12 PM     0        60      3.00      0.00  ksoftirqd/7
11:11:12 PM     0        84      1.00      0.00  ksoftirqd/11
11:11:12 PM     0        95      2.00      0.00  kcompactd0
11:11:12 PM     0       187      1.00      0.00  kworker/0:1H-kblockd
11:11:12 PM     0       188      1.00      0.00  kworker/2:1H-kblockd
11:11:12 PM     0       453      1.00      0.00  multipathd
11:11:12 PM     0    227297      1.00      0.00  kworker/10:2-mm_percpu_wq
11:11:12 PM     0    230337      1.00      0.00  kworker/6:1-mm_percpu_wq
11:11:12 PM     0    230364      2.00      0.00  kworker/u24:4-edac-poller
11:11:12 PM     0    230433      2.00      0.00  kworker/0:1-mm_percpu_wq
11:11:12 PM     0    230456      1.00      0.00  kworker/8:2-mm_percpu_wq
11:11:12 PM     0    230483      2.00      0.00  kworker/5:0-events
11:11:12 PM     0    230559      3.00      0.00  kworker/11:1-events
11:11:12 PM     0    238283      2.00      0.00  kworker/2:1-mm_percpu_wq
11:11:12 PM     0    239073      2.00      0.00  kworker/4:2-mm_percpu_wq
11:11:12 PM     0    240331      1.00      0.00  kworker/9:2-mm_percpu_wq
11:11:12 PM     0    241714      5.00      0.00  kworker/3:1-events
11:11:12 PM     0    242833      5.00      0.00  kworker/7:1-events
11:11:12 PM     0    261926      1.00      0.00  iostat
11:11:12 PM     0    261927      1.00      0.00  pidstat
11:11:12 PM     0    261928      5.00      0.00  bash
11:11:12 PM     0    261929      6.00      0.00  bash
11:11:12 PM     0    261930      4.00      0.00  bash
11:11:12 PM     0    262882      1.00      0.00  sleep
11:11:12 PM     0    262892      1.00      0.00  sleep
11:11:12 PM     0    262894      1.00      0.00  sleep

11:11:12 PM   UID       PID   cswch/s nvcswch/s  Command
11:11:13 PM     0        16      1.00      0.00  ksoftirqd/0
11:11:13 PM     0        17     17.00      0.00  rcu_preempt
11:11:13 PM     0        29      1.00      0.00  migration/2
11:11:13 PM     0        42      1.00      0.00  ksoftirqd/4
11:11:13 PM     0        60      2.00      0.00  ksoftirqd/7
11:11:13 PM     0        95      2.00      0.00  kcompactd0
11:11:13 PM     0       453      1.00      0.00  multipathd
11:11:13 PM     0     21554      1.00      0.00  packagekitd
11:11:13 PM     0    230337      1.00      0.00  kworker/6:1-events
11:11:13 PM     0    230364      1.00      0.00  kworker/u24:4-events_power_efficient
11:11:13 PM     0    230433      2.00      0.00  kworker/0:1-events
11:11:13 PM     0    230457      1.00      0.00  kworker/1:2-events
11:11:13 PM     0    230483      1.00      0.00  kworker/5:0-events
11:11:13 PM     0    230559      5.00      0.00  kworker/11:1-events
11:11:13 PM     0    238099      2.00      0.00  kworker/u24:1-edac-poller
11:11:13 PM     0    238283      3.00      0.00  kworker/2:1-events
11:11:13 PM     0    239073      1.00      0.00  kworker/4:2-events
11:11:13 PM     0    240331      1.00      0.00  kworker/9:2-events
11:11:13 PM     0    241714      2.00      0.00  kworker/3:1-events
11:11:13 PM     0    242833      3.00      0.00  kworker/7:1-events
11:11:13 PM     0    261926      1.00      0.00  iostat
11:11:13 PM     0    261927      1.00      0.00  pidstat
11:11:13 PM     0    261928      5.00      0.00  bash
11:11:13 PM     0    261929      8.00      0.00  bash
11:11:13 PM     0    261930      4.00      0.00  bash
11:11:13 PM     0    262897      1.00      0.00  sleep
11:11:13 PM     0    262907      1.00      0.00  sleep
11:11:13 PM     0    262909      1.00      0.00  sleep

11:11:13 PM   UID       PID   cswch/s nvcswch/s  Command
11:11:14 PM     0        16      3.00      0.00  ksoftirqd/0
11:11:14 PM     0        17     28.00      0.00  rcu_preempt
11:11:14 PM     0        18      1.00      0.00  migration/0
11:11:14 PM     0        23      1.00      0.00  migration/1
11:11:14 PM     0        29      2.00      0.00  migration/2
11:11:14 PM     0        30      1.00      0.00  ksoftirqd/2
11:11:14 PM     0        35      1.00      0.00  migration/3
11:11:14 PM     0        41      1.00      0.00  migration/4
11:11:14 PM     0        47      1.00      0.00  migration/5
11:11:14 PM     0        53      1.00      0.00  migration/6
11:11:14 PM     0        54      1.00      0.00  ksoftirqd/6
11:11:14 PM     0        59      1.00      0.00  migration/7
11:11:14 PM     0        60      1.00      0.00  ksoftirqd/7
11:11:14 PM     0        65      1.00      0.00  migration/8
11:11:14 PM     0        66      1.00      0.00  ksoftirqd/8
11:11:14 PM     0        71      1.00      0.00  migration/9
11:11:14 PM     0        77      1.00      0.00  migration/10
11:11:14 PM     0        83      1.00      0.00  migration/11
11:11:14 PM     0        84      1.00      0.00  ksoftirqd/11
11:11:14 PM     0        95      2.00      0.00  kcompactd0
11:11:14 PM     0       113      2.00      0.00  kworker/5:1H-kblockd
11:11:14 PM     0       194      1.00      0.00  kworker/8:1H-kblockd
11:11:14 PM     0       359      6.00      0.00  jbd2/nvme1n1p2-8
11:11:14 PM     0       415      4.00      0.00  systemd-journal
11:11:14 PM     0       453      1.00      0.00  multipathd
11:11:14 PM     0       562      3.00      0.00  jbd2/nvme1n1p3-8
11:11:14 PM     0    227297      2.00      0.00  kworker/10:2-mm_percpu_wq
11:11:14 PM     0    230337      2.00      0.00  kworker/6:1-mm_percpu_wq
11:11:14 PM     0    230364      5.00      0.00  kworker/u24:4-flush-259:1
11:11:14 PM     0    230433      4.00      0.00  kworker/0:1-mm_percpu_wq
11:11:14 PM     0    230456      2.00      0.00  kworker/8:2-mm_percpu_wq
11:11:14 PM     0    230457      3.00      0.00  kworker/1:2-mm_percpu_wq
11:11:14 PM     0    230483      2.00      0.00  kworker/5:0-mm_percpu_wq
11:11:14 PM     0    230559      4.00      0.00  kworker/11:1-events
11:11:14 PM     0    238099      8.00      0.00  kworker/u24:1-writeback
11:11:14 PM     0    238283      5.00      0.00  kworker/2:1-mm_percpu_wq
11:11:14 PM     0    239073      3.00      0.00  kworker/4:2-mm_percpu_wq
11:11:14 PM     0    240331      2.00      0.00  kworker/9:2-mm_percpu_wq
11:11:14 PM     0    241714      2.00      0.00  kworker/3:1-events
11:11:14 PM     0    242833      6.00      0.00  kworker/7:1-events
11:11:14 PM     0    250641      1.00      0.00  kworker/u24:3-flush-259:1
11:11:14 PM     0    261926      2.00      0.00  iostat
11:11:14 PM     0    261927      1.00      0.00  pidstat
11:11:14 PM     0    261928      6.00      0.00  bash
11:11:14 PM     0    261929      9.00      0.00  bash
11:11:14 PM     0    261930      5.00      0.00  bash
11:11:14 PM     0    262913      2.00      0.00  sleep
11:11:14 PM     0    262924      1.00      0.00  sleep
11:11:14 PM     0    262925      1.00      0.00  sleep

11:11:14 PM   UID       PID   cswch/s nvcswch/s  Command
11:11:15 PM     0        16      1.00      0.00  ksoftirqd/0
11:11:15 PM     0        17     20.00      0.00  rcu_preempt
11:11:15 PM     0        24      1.00      0.00  ksoftirqd/1
11:11:15 PM     0        29      1.00      0.00  migration/2
11:11:15 PM     0        72      1.00      0.00  ksoftirqd/9
11:11:15 PM     0        78      1.00      0.00  ksoftirqd/10
11:11:15 PM     0        84      2.00      0.00  ksoftirqd/11
11:11:15 PM     0        95      2.00      0.00  kcompactd0
11:11:15 PM     0       453      1.00      0.00  multipathd
11:11:15 PM     0    230364      1.00      0.00  kworker/u24:4-edac-poller
11:11:15 PM     0    230433      4.00      0.00  kworker/0:1-events
11:11:15 PM     0    230456      1.00      0.00  kworker/8:2-events
11:11:15 PM     0    230457      3.00      0.00  kworker/1:2-events
11:11:15 PM     0    230483      1.00      0.00  kworker/5:0-events
11:11:15 PM     0    230559      3.00      0.00  kworker/11:1-events
11:11:15 PM     0    238283      9.00      0.00  kworker/2:1-events
11:11:15 PM     0    240331      2.00      0.00  kworker/9:2-events
11:11:15 PM     0    261926      1.00      0.00  iostat
11:11:15 PM     0    261927      2.00      0.00  pidstat
11:11:15 PM     0    261928      5.00      0.00  bash
11:11:15 PM     0    261929      6.00      0.00  bash
11:11:15 PM     0    261930      4.00      0.00  bash
11:11:15 PM     0    262928      1.00      0.00  sleep
11:11:15 PM     0    262938      1.00      0.00  sleep
11:11:15 PM     0    262940      1.00      0.00  sleep

11:11:15 PM   UID       PID   cswch/s nvcswch/s  Command
11:11:16 PM     0        17     14.00      0.00  rcu_preempt
11:11:16 PM     0        18      1.00      0.00  migration/0
11:11:16 PM     0        23      1.00      0.00  migration/1
11:11:16 PM     0        24      1.00      0.00  ksoftirqd/1
11:11:16 PM     0        29      1.00      0.00  migration/2
11:11:16 PM     0        36      1.00      0.00  ksoftirqd/3
11:11:16 PM     0        41      1.00      0.00  migration/4
11:11:16 PM     0        60      1.00      0.00  ksoftirqd/7
11:11:16 PM     0        72      1.00      0.00  ksoftirqd/9
11:11:16 PM     0        95      2.00      0.00  kcompactd0
11:11:16 PM     0       453      1.00      0.00  multipathd
11:11:16 PM     0    227297      1.00      0.00  kworker/10:2-mm_percpu_wq
11:11:16 PM     0    230337      1.00      0.00  kworker/6:1-mm_percpu_wq
11:11:16 PM     0    230364      1.00      0.00  kworker/u24:4-edac-poller
11:11:16 PM     0    230433      3.00      0.00  kworker/0:1-events
11:11:16 PM     0    230456      1.00      0.00  kworker/8:2-mm_percpu_wq
11:11:16 PM     0    230457      3.00      0.00  kworker/1:2-events
11:11:16 PM     0    230559      1.00      0.00  kworker/11:1-mm_percpu_wq
11:11:16 PM     0    238283     11.00      0.00  kworker/2:1-events
11:11:16 PM     0    239073      2.00      0.00  kworker/4:2-mm_percpu_wq
11:11:16 PM     0    240331      3.00      0.00  kworker/9:2-mm_percpu_wq
11:11:16 PM     0    241714      5.00      0.00  kworker/3:1-events
11:11:16 PM     0    242833      2.00      0.00  kworker/7:1-events
11:11:16 PM     0    261926      1.00      0.00  iostat
11:11:16 PM     0    261927      1.00      0.00  pidstat
11:11:16 PM     0    261928      5.00      0.00  bash
11:11:16 PM     0    261929      6.00      0.00  bash
11:11:16 PM     0    261930      4.00      0.00  bash
11:11:16 PM     0    262943      1.00      0.00  sleep
11:11:16 PM     0    262953      1.00      0.00  sleep
11:11:16 PM     0    262955      1.00      0.00  sleep

11:11:16 PM   UID       PID   cswch/s nvcswch/s  Command
11:11:17 PM     0        17     11.00      0.00  rcu_preempt
11:11:17 PM     0        29      1.00      0.00  migration/2
11:11:17 PM     0        95      2.00      0.00  kcompactd0
11:11:17 PM     0       453      1.00      0.00  multipathd
11:11:17 PM     0    227297      1.00      0.00  kworker/10:2-events
11:11:17 PM     0    230364      1.00      0.00  kworker/u24:4-edac-poller
11:11:17 PM     0    230456      1.00      0.00  kworker/8:2-mm_percpu_wq
11:11:17 PM     0    230457      1.00      0.00  kworker/1:2-events
11:11:17 PM     0    230559      1.00      0.00  kworker/11:1-events
11:11:17 PM     0    238283      4.00      0.00  kworker/2:1-events
11:11:17 PM     0    239073      1.00      0.00  kworker/4:2-events
11:11:17 PM     0    240331      1.00      0.00  kworker/9:2-events
11:11:17 PM     0    261926      1.00      0.00  iostat
11:11:17 PM     0    261927      1.00      0.00  pidstat
11:11:17 PM     0    261928      1.00      0.00  bash
11:11:17 PM     0    261929      7.00      0.00  bash
11:11:17 PM     0    261930      4.00      0.00  bash
11:11:17 PM     0    262958      1.00      0.00  sleep
11:11:17 PM     0    262960      1.00      0.00  bash
11:11:17 PM     0    262963      0.00      1.00  ps
11:11:17 PM     0    262965      2.00      0.00  grep

11:11:17 PM   UID       PID   cswch/s nvcswch/s  Command
11:11:18 PM     0        17     17.00      0.00  rcu_preempt
11:11:18 PM     0        18      1.00      0.00  migration/0
11:11:18 PM     0        23      1.00      0.00  migration/1
11:11:18 PM     0        24      1.00      0.00  ksoftirqd/1
11:11:18 PM     0        29      1.00      0.00  migration/2
11:11:18 PM     0        35      1.00      0.00  migration/3
11:11:18 PM     0        41      1.00      0.00  migration/4
11:11:18 PM     0        47      1.00      0.00  migration/5
11:11:18 PM     0        53      1.00      0.00  migration/6
11:11:18 PM     0        59      1.00      0.00  migration/7
11:11:18 PM     0        65      1.00      0.00  migration/8
11:11:18 PM     0        71      1.00      0.00  migration/9
11:11:18 PM     0        77      1.00      0.00  migration/10
11:11:18 PM     0        78      2.00      0.00  ksoftirqd/10
11:11:18 PM     0        83      1.00      0.00  migration/11
11:11:18 PM     0        84      1.00      0.00  ksoftirqd/11
11:11:18 PM     0        95      2.00      0.00  kcompactd0
11:11:18 PM     0       188      1.00      0.00  kworker/2:1H-kblockd
11:11:18 PM     0       453      1.00      0.00  multipathd
11:11:18 PM     0    227297      1.00      0.00  kworker/10:2-events
11:11:18 PM     0    230337      1.00      0.00  kworker/6:1-events
11:11:18 PM     0    230364      1.00      0.00  kworker/u24:4-events_power_efficient
11:11:18 PM     0    230433      2.00      0.00  kworker/0:1-mm_percpu_wq
11:11:18 PM     0    230456      1.00      0.00  kworker/8:2-mm_percpu_wq
11:11:18 PM     0    230457      1.00      0.00  kworker/1:2-mm_percpu_wq
11:11:18 PM     0    230559      3.00      0.00  kworker/11:1-events
11:11:18 PM     0    238099      2.00      0.00  kworker/u24:1-edac-poller
11:11:18 PM     0    238283      2.00      0.00  kworker/2:1-mm_percpu_wq
11:11:18 PM     0    239073      2.00      0.00  kworker/4:2-mm_percpu_wq
11:11:18 PM     0    241714      2.00      0.00  kworker/3:1-events
11:11:18 PM     0    242833      1.00      0.00  kworker/7:1-events
11:11:18 PM     0    261926      1.00      0.00  iostat
11:11:18 PM     0    261927      1.00      0.00  pidstat
11:11:18 PM     0    261928      4.00      0.00  bash
11:11:18 PM     0    261929      1.00      1.00  bash
11:11:18 PM     0    261930      4.00      0.00  bash
11:11:18 PM     0    262970      1.00      0.00  sleep
11:11:18 PM     0    262973      1.00      0.00  sleep

11:11:18 PM   UID       PID   cswch/s nvcswch/s  Command
11:11:19 PM     0         1      1.00      0.00  systemd
11:11:19 PM     0        16      1.00      0.00  ksoftirqd/0
11:11:19 PM     0        17     25.00      0.00  rcu_preempt
11:11:19 PM     0        29      1.00      0.00  migration/2
11:11:19 PM     0        30      4.00      0.00  ksoftirqd/2
11:11:19 PM     0        36      1.00      0.00  ksoftirqd/3
11:11:19 PM     0        77      1.00      0.00  migration/10
11:11:19 PM     0        78      2.00      0.00  ksoftirqd/10
11:11:19 PM     0        84      1.00      0.00  ksoftirqd/11
11:11:19 PM     0        95      2.00      0.00  kcompactd0
11:11:19 PM     0       113      3.00      0.00  kworker/5:1H-kblockd
11:11:19 PM     0       194      1.00      0.00  kworker/8:1H-kblockd
11:11:19 PM     0       359      3.00      0.00  jbd2/nvme1n1p2-8
11:11:19 PM     0       415      3.00      0.00  systemd-journal
11:11:19 PM     0       453      1.00      0.00  multipathd
11:11:19 PM     0       562      3.00      0.00  jbd2/nvme1n1p3-8
11:11:19 PM     0    227297      4.00      0.00  kworker/10:2-mm_percpu_wq
11:11:19 PM     0    230337      2.00      0.00  kworker/6:1-mm_percpu_wq
11:11:19 PM     0    230364      7.00      0.00  kworker/u24:4-edac-poller
11:11:19 PM     0    230433      1.00      0.00  kworker/0:1-mm_percpu_wq
11:11:19 PM     0    230456      1.00      0.00  kworker/8:2-mm_percpu_wq
11:11:19 PM     0    230457      4.00      0.00  kworker/1:2-events
11:11:19 PM     0    230483      1.00      0.00  kworker/5:0-mm_percpu_wq
11:11:19 PM     0    230559      2.00      0.00  kworker/11:1-mm_percpu_wq
11:11:19 PM     0    238099      8.00      0.00  kworker/u24:1-writeback
11:11:19 PM     0    238283      5.00      0.00  kworker/2:1-events
11:11:19 PM     0    239073      2.00      0.00  kworker/4:2-events
11:11:19 PM     0    240331      4.00      0.00  kworker/9:2-events
11:11:19 PM     0    241714      4.00      0.00  kworker/3:1-mm_percpu_wq
11:11:19 PM     0    242833      1.00      0.00  kworker/7:1-mm_percpu_wq
11:11:19 PM     0    250641      1.00      0.00  kworker/u24:3-flush-259:1
11:11:19 PM     0    261926      2.00      0.00  iostat
11:11:19 PM     0    261927      1.00      0.00  pidstat
11:11:19 PM     0    261928      5.00      0.00  bash
11:11:19 PM     0    261929      6.00      1.00  bash
11:11:19 PM     0    261930      5.00      0.00  bash
11:11:19 PM     0    262983      1.00      0.00  sleep
11:11:19 PM     0    262985      1.00      0.00  sleep
11:11:19 PM     0    262989      2.00      0.00  sleep

11:11:19 PM   UID       PID   cswch/s nvcswch/s  Command
11:11:20 PM     0        16      1.00      0.00  ksoftirqd/0
11:11:20 PM     0        17     18.00      0.00  rcu_preempt
11:11:20 PM     0        24      1.00      0.00  ksoftirqd/1
11:11:20 PM     0        29      2.00      0.00  migration/2
11:11:20 PM     0        48      1.00      0.00  ksoftirqd/5
11:11:20 PM     0        65      1.00      0.00  migration/8
11:11:20 PM     0        72      1.00      0.00  ksoftirqd/9
11:11:20 PM     0        78      1.00      0.00  ksoftirqd/10
11:11:20 PM     0        95      2.00      0.00  kcompactd0
11:11:20 PM     0       188      1.00      0.00  kworker/2:1H-kblockd
11:11:20 PM     0       453      1.00      0.00  multipathd
11:11:20 PM     0    227297      1.00      0.00  kworker/10:2-events
11:11:20 PM     0    230364      1.00      0.00  kworker/u24:4-edac-poller
11:11:20 PM     0    230433      3.00      0.00  kworker/0:1-mm_percpu_wq
11:11:20 PM     0    230456      2.00      0.00  kworker/8:2-mm_percpu_wq
11:11:20 PM     0    230457      3.00      0.00  kworker/1:2-mm_percpu_wq
11:11:20 PM     0    230483      4.00      0.00  kworker/5:0-events
11:11:20 PM     0    230559      1.00      0.00  kworker/11:1-mm_percpu_wq
11:11:20 PM     0    238283      3.00      0.00  kworker/2:1-events
11:11:20 PM     0    239073      1.00      0.00  kworker/4:2-mm_percpu_wq
11:11:20 PM     0    240331      1.00      0.00  kworker/9:2-mm_percpu_wq
11:11:20 PM     0    261926      1.00      0.00  iostat
11:11:20 PM     0    261927      2.00      0.00  pidstat
11:11:20 PM     0    261928      6.00      0.00  bash
11:11:20 PM     0    261929      9.00      0.00  bash
11:11:20 PM     0    261930      4.00      0.00  bash
11:11:20 PM     0    263000      1.00      0.00  sleep
11:11:20 PM     0    263001      1.00      0.00  sleep
11:11:20 PM     0    263004      1.00      0.00  sleep

11:11:20 PM   UID       PID   cswch/s nvcswch/s  Command
11:11:21 PM     0        16      1.00      0.00  ksoftirqd/0
11:11:21 PM     0        17     17.00      0.00  rcu_preempt
11:11:21 PM     0        24      2.00      0.00  ksoftirqd/1
11:11:21 PM     0        29      2.00      0.00  migration/2
11:11:21 PM     0        54      1.00      0.00  ksoftirqd/6
11:11:21 PM     0        78      2.00      0.00  ksoftirqd/10
11:11:21 PM     0        95      2.00      0.00  kcompactd0
11:11:21 PM     0       453      1.00      0.00  multipathd
11:11:21 PM     0    227297      5.00      0.00  kworker/10:2-events
11:11:21 PM     0    230337      1.00      0.00  kworker/6:1-mm_percpu_wq
11:11:21 PM     0    230364      1.00      0.00  kworker/u24:4-edac-poller
11:11:21 PM     0    230433      2.00      0.00  kworker/0:1-events
11:11:21 PM     0    230456      1.00      0.00  kworker/8:2-mm_percpu_wq
11:11:21 PM     0    230457      4.00      0.00  kworker/1:2-events
11:11:21 PM     0    230559      1.00      0.00  kworker/11:1-mm_percpu_wq
11:11:21 PM     0    238283      3.00      0.00  kworker/2:1-events
11:11:21 PM     0    239073      2.00      0.00  kworker/4:2-mm_percpu_wq
11:11:21 PM     0    240331      2.00      0.00  kworker/9:2-events
11:11:21 PM     0    241714      3.00      0.00  kworker/3:1-events
11:11:21 PM     0    242833      2.00      0.00  kworker/7:1-events
11:11:21 PM     0    261926      1.00      0.00  iostat
11:11:21 PM     0    261927      1.00      0.00  pidstat
11:11:21 PM     0    261928      5.00      0.00  bash
11:11:21 PM     0    261929      7.00      0.00  bash
11:11:21 PM     0    261930      4.00      0.00  bash
11:11:21 PM     0    263015      1.00      1.00  sleep
11:11:21 PM     0    263016      1.00      0.00  sleep
11:11:21 PM     0    263019      1.00      0.00  sleep

11:11:21 PM   UID       PID   cswch/s nvcswch/s  Command
11:11:22 PM     0        17     16.00      0.00  rcu_preempt
11:11:22 PM     0        18      1.00      0.00  migration/0
11:11:22 PM     0        23      1.00      0.00  migration/1
11:11:22 PM     0        29      3.00      0.00  migration/2
11:11:22 PM     0        35      1.00      0.00  migration/3
11:11:22 PM     0        36      1.00      0.00  ksoftirqd/3
11:11:22 PM     0        41      1.00      0.00  migration/4
11:11:22 PM     0        42      1.00      0.00  ksoftirqd/4
11:11:22 PM     0        47      1.00      0.00  migration/5
11:11:22 PM     0        53      1.00      0.00  migration/6
11:11:22 PM     0        59      1.00      0.00  migration/7
11:11:22 PM     0        65      1.00      0.00  migration/8
11:11:22 PM     0        71      1.00      0.00  migration/9
11:11:22 PM     0        77      1.00      0.00  migration/10
11:11:22 PM     0        83      1.00      0.00  migration/11
11:11:22 PM     0        95      2.00      0.00  kcompactd0
11:11:22 PM     0       453      1.00      0.00  multipathd
11:11:22 PM     0    227297      1.00      0.00  kworker/10:2-events
11:11:22 PM     0    230364      1.00      0.00  kworker/u24:4-edac-poller
11:11:22 PM     0    230433      2.00      0.00  kworker/0:1-events
11:11:22 PM     0    230456      1.00      0.00  kworker/8:2-mm_percpu_wq
11:11:22 PM     0    230457      1.00      0.00  kworker/1:2-mm_percpu_wq
11:11:22 PM     0    230559      1.00      0.00  kworker/11:1-mm_percpu_wq
11:11:22 PM     0    238283     11.00      0.00  kworker/2:1-events
11:11:22 PM     0    239073      4.00      0.00  kworker/4:2-mm_percpu_wq
11:11:22 PM     0    240331      2.00      0.00  kworker/9:2-events
11:11:22 PM     0    241714      3.00      0.00  kworker/3:1-events
11:11:22 PM     0    261926      1.00      0.00  iostat
11:11:22 PM     0    261927      1.00      0.00  pidstat
11:11:22 PM     0    261928      5.00      0.00  bash
11:11:22 PM     0    261929      6.00      0.00  bash
11:11:22 PM     0    261930      4.00      0.00  bash
11:11:22 PM     0    263030      1.00      0.00  sleep
11:11:22 PM     0    263031      1.00      0.00  sleep
11:11:22 PM     0    263034      1.00      0.00  sleep

11:11:22 PM   UID       PID   cswch/s nvcswch/s  Command
11:11:23 PM     0        17     16.00      0.00  rcu_preempt
11:11:23 PM     0        29      1.00      0.00  migration/2
11:11:23 PM     0        36      1.00      0.00  ksoftirqd/3
11:11:23 PM     0        42      2.00      0.00  ksoftirqd/4
11:11:23 PM     0        66      1.00      0.00  ksoftirqd/8
11:11:23 PM     0        72      1.00      0.00  ksoftirqd/9
11:11:23 PM     0        84      2.00      0.00  ksoftirqd/11
11:11:23 PM     0        95      2.00      0.00  kcompactd0
11:11:23 PM     0       453      1.00      0.00  multipathd
11:11:23 PM     0     21554      1.00      0.00  packagekitd
11:11:23 PM     0    227297      1.00      0.00  kworker/10:2-mm_percpu_wq
11:11:23 PM     0    230337      1.00      0.00  kworker/6:1-mm_percpu_wq
11:11:23 PM     0    230364      1.00      0.00  kworker/u24:4-events_power_efficient
11:11:23 PM     0    230433      3.00      0.00  kworker/0:1-events
11:11:23 PM     0    230456      1.00      0.00  kworker/8:2-mm_percpu_wq
11:11:23 PM     0    230457      3.00      0.00  kworker/1:2-events
11:11:23 PM     0    230559      1.00      0.00  kworker/11:1-events
11:11:23 PM     0    238099      2.00      0.00  kworker/u24:1-edac-poller
11:11:23 PM     0    238283      4.00      0.00  kworker/2:1-events
11:11:23 PM     0    239073      4.00      0.00  kworker/4:2-events
11:11:23 PM     0    240331      3.00      0.00  kworker/9:2-mm_percpu_wq
11:11:23 PM     0    241714      2.00      0.00  kworker/3:1-mm_percpu_wq
11:11:23 PM     0    242833      1.00      0.00  kworker/7:1-mm_percpu_wq
11:11:23 PM     0    261926      1.00      0.00  iostat
11:11:23 PM     0    261927      1.00      0.00  pidstat
11:11:23 PM     0    261928      5.00      0.00  bash
11:11:23 PM     0    261929      8.00      0.00  bash
11:11:23 PM     0    261930      4.00      0.00  bash
11:11:23 PM     0    263045      1.00      0.00  sleep
11:11:23 PM     0    263046      1.00      0.00  sleep
11:11:23 PM     0    263049      1.00      0.00  sleep

11:11:23 PM   UID       PID   cswch/s nvcswch/s  Command
11:11:24 PM     0        17     28.00      0.00  rcu_preempt
11:11:24 PM     0        29      1.00      0.00  migration/2
11:11:24 PM     0        30      3.00      2.00  ksoftirqd/2
11:11:24 PM     0        42      1.00      0.00  ksoftirqd/4
11:11:24 PM     0        66      1.00      0.00  ksoftirqd/8
11:11:24 PM     0        78      1.00      0.00  ksoftirqd/10
11:11:24 PM     0        84      2.00      0.00  ksoftirqd/11
11:11:24 PM     0        95      2.00      0.00  kcompactd0
11:11:24 PM     0       188      1.00      0.00  kworker/2:1H-kblockd
11:11:24 PM     0       192      1.00      0.00  kworker/7:1H-kblockd
11:11:24 PM     0       194      1.00      0.00  kworker/8:1H-kblockd
11:11:24 PM     0       359      3.00      0.00  jbd2/nvme1n1p2-8
11:11:24 PM     0       415      3.00      0.00  systemd-journal
11:11:24 PM     0       453      1.00      0.00  multipathd
11:11:24 PM     0       562      3.00      0.00  jbd2/nvme1n1p3-8
11:11:24 PM     0    227297      3.00      0.00  kworker/10:2-mm_percpu_wq
11:11:24 PM     0    230337      1.00      0.00  kworker/6:1-mm_percpu_wq
11:11:24 PM     0    230364      4.00      0.00  kworker/u24:4-events_unbound
11:11:24 PM     0    230433      3.00      0.00  kworker/0:1-mm_percpu_wq
11:11:24 PM     0    230456      2.00      0.00  kworker/8:2-mm_percpu_wq
11:11:24 PM     0    230457      2.00      0.00  kworker/1:2-mm_percpu_wq
11:11:24 PM     0    230483      2.00      0.00  kworker/5:0-mm_percpu_wq
11:11:24 PM     0    230559      4.00      0.00  kworker/11:1-mm_percpu_wq
11:11:24 PM     0    238099      5.00      0.00  kworker/u24:1-edac-poller
11:11:24 PM     0    238283      5.00      0.00  kworker/2:1-events
11:11:24 PM     0    239073      6.00      0.00  kworker/4:2-mm_percpu_wq
11:11:24 PM     0    240331      3.00      0.00  kworker/9:2-events
11:11:24 PM     0    241714      1.00      0.00  kworker/3:1-events
11:11:24 PM     0    242833      3.00      0.00  kworker/7:1-mm_percpu_wq
11:11:24 PM     0    250641      6.00      0.00  kworker/u24:3-writeback
11:11:24 PM     0    261926      2.00      0.00  iostat
11:11:24 PM     0    261927      1.00      0.00  pidstat
11:11:24 PM     0    261928      5.00      0.00  bash
11:11:24 PM     0    261929      8.00      0.00  bash
11:11:24 PM     0    261930      5.00      0.00  bash
11:11:24 PM     0    263059      1.00      0.00  sleep
11:11:24 PM     0    263061      1.00      0.00  sleep
11:11:24 PM     0    263065      2.00      0.00  sleep

11:11:24 PM   UID       PID   cswch/s nvcswch/s  Command
11:11:25 PM     0        16      1.00      0.00  ksoftirqd/0
11:11:25 PM     0        17     21.00      0.00  rcu_preempt
11:11:25 PM     0        24      1.00      0.00  ksoftirqd/1
11:11:25 PM     0        29      2.00      0.00  migration/2
11:11:25 PM     0        36      2.00      0.00  ksoftirqd/3
11:11:25 PM     0        42      1.00      0.00  ksoftirqd/4
11:11:25 PM     0        48      1.00      0.00  ksoftirqd/5
11:11:25 PM     0        95      2.00      0.00  kcompactd0
11:11:25 PM     0       453      1.00      0.00  multipathd
11:11:25 PM     0    230337      1.00      0.00  kworker/6:1-mm_percpu_wq
11:11:25 PM     0    230433      3.00      0.00  kworker/0:1-events
11:11:25 PM     0    230456      1.00      0.00  kworker/8:2-mm_percpu_wq
11:11:25 PM     0    230457      3.00      0.00  kworker/1:2-events
11:11:25 PM     0    230483      4.00      0.00  kworker/5:0-events
11:11:25 PM     0    230559      1.00      0.00  kworker/11:1-events
11:11:25 PM     0    238099      1.00      0.00  kworker/u24:1-edac-poller
11:11:25 PM     0    238283     12.00      0.00  kworker/2:1-events
11:11:25 PM     0    239073      2.00      0.00  kworker/4:2-mm_percpu_wq
11:11:25 PM     0    240331      2.00      0.00  kworker/9:2-events
11:11:25 PM     0    241714      5.00      0.00  kworker/3:1-events
11:11:25 PM     0    242833      2.00      0.00  kworker/7:1-mm_percpu_wq
11:11:25 PM     0    261926      1.00      0.00  iostat
11:11:25 PM     0    261927      2.00      0.00  pidstat
11:11:25 PM     0    261928      6.00      0.00  bash
11:11:25 PM     0    261929      9.00      0.00  bash
11:11:25 PM     0    261930      4.00      0.00  bash
11:11:25 PM     0    263076      1.00      1.00  sleep
11:11:25 PM     0    263077      1.00      0.00  sleep
11:11:25 PM     0    263080      1.00      0.00  sleep

11:11:25 PM   UID       PID   cswch/s nvcswch/s  Command
11:11:26 PM     0         1      1.00      0.00  systemd
11:11:26 PM     0        17     20.00      0.00  rcu_preempt
11:11:26 PM     0        18      1.00      0.00  migration/0
11:11:26 PM     0        23      1.00      0.00  migration/1
11:11:26 PM     0        24      1.00      0.00  ksoftirqd/1
11:11:26 PM     0        29      2.00      0.00  migration/2
11:11:26 PM     0        35      1.00      0.00  migration/3
11:11:26 PM     0        36      1.00      0.00  ksoftirqd/3
11:11:26 PM     0        41      1.00      0.00  migration/4
11:11:26 PM     0        47      1.00      0.00  migration/5
11:11:26 PM     0        48      2.00      0.00  ksoftirqd/5
11:11:26 PM     0        53      1.00      0.00  migration/6
11:11:26 PM     0        59      1.00      0.00  migration/7
11:11:26 PM     0        65      1.00      0.00  migration/8
11:11:26 PM     0        66      1.00      0.00  ksoftirqd/8
11:11:26 PM     0        71      1.00      0.00  migration/9
11:11:26 PM     0        77      1.00      0.00  migration/10
11:11:26 PM     0        83      1.00      0.00  migration/11
11:11:26 PM     0        95      2.00      0.00  kcompactd0
11:11:26 PM     0       453      1.00      0.00  multipathd
11:11:26 PM   101       608      1.00      0.00  systemd-network
11:11:26 PM     0    227297      2.00      0.00  kworker/10:2-events
11:11:26 PM     0    230337      1.00      0.00  kworker/6:1-mm_percpu_wq
11:11:26 PM     0    230433      2.00      0.00  kworker/0:1-events
11:11:26 PM     0    230456      2.00      0.00  kworker/8:2-mm_percpu_wq
11:11:26 PM     0    230457      3.00      0.00  kworker/1:2-events
11:11:26 PM     0    230483      3.00      0.00  kworker/5:0-events
11:11:26 PM     0    230559      1.00      0.00  kworker/11:1-mm_percpu_wq
11:11:26 PM     0    238099      1.00      0.00  kworker/u24:1-edac-poller
11:11:26 PM     0    238283      8.00      0.00  kworker/2:1-events
11:11:26 PM     0    239073      4.00      0.00  kworker/4:2-mm_percpu_wq
11:11:26 PM     0    240331      1.00      0.00  kworker/9:2-mm_percpu_wq
11:11:26 PM     0    241714      5.00      0.00  kworker/3:1-events
11:11:26 PM     0    261926      1.00      0.00  iostat
11:11:26 PM     0    261927      1.00      0.00  pidstat
11:11:26 PM     0    261928      5.00      0.00  bash
11:11:26 PM     0    261929      8.00      0.00  bash
11:11:26 PM     0    261930      4.00      0.00  bash
11:11:26 PM     0    263090      1.00      0.00  sleep
11:11:26 PM     0    263092      1.00      0.00  sleep
11:11:26 PM     0    263095      1.00      0.00  sleep

11:11:26 PM   UID       PID   cswch/s nvcswch/s  Command
11:11:27 PM     0        17     22.00      0.00  rcu_preempt
11:11:27 PM     0        24      1.00      0.00  ksoftirqd/1
11:11:27 PM     0        29      1.00      0.00  migration/2
11:11:27 PM     0        42      1.00      0.00  ksoftirqd/4
11:11:27 PM     0        48      3.00      0.00  ksoftirqd/5
11:11:27 PM     0        72      1.00      0.00  ksoftirqd/9
11:11:27 PM     0        95      2.00      0.00  kcompactd0
11:11:27 PM     0       453      1.00      0.00  multipathd
11:11:27 PM     0    227297      1.00      0.00  kworker/10:2-events
11:11:27 PM     0    230433      1.00      0.00  kworker/0:1-mm_percpu_wq
11:11:27 PM     0    230456      1.00      0.00  kworker/8:2-mm_percpu_wq
11:11:27 PM     0    230457      6.00      0.00  kworker/1:2-events
11:11:27 PM     0    230483      4.00      0.00  kworker/5:0-events
11:11:27 PM     0    230559      1.00      0.00  kworker/11:1-events
11:11:27 PM     0    238099      1.00      0.00  kworker/u24:1-edac-poller
11:11:27 PM     0    238283      5.00      0.00  kworker/2:1-events
11:11:27 PM     0    239073      4.00      0.00  kworker/4:2-events
11:11:27 PM     0    240331      2.00      0.00  kworker/9:2-mm_percpu_wq
11:11:27 PM     0    241714      2.00      0.00  kworker/3:1-events
11:11:27 PM     0    261926      1.00      0.00  iostat
11:11:27 PM     0    261927      1.00      0.00  pidstat
11:11:27 PM     0    261928      5.00      0.00  bash
11:11:27 PM     0    261929      6.00      0.00  bash
11:11:27 PM     0    261930      4.00      0.00  bash
11:11:27 PM     0    263105      1.00      0.00  sleep
11:11:27 PM     0    263107      1.00      0.00  sleep
11:11:27 PM     0    263110      1.00      0.00  sleep

11:11:27 PM   UID       PID   cswch/s nvcswch/s  Command
11:11:28 PM     0        17     19.00      0.00  rcu_preempt
11:11:28 PM     0        24      2.00      0.00  ksoftirqd/1
11:11:28 PM     0        29      2.00      0.00  migration/2
11:11:28 PM     0        36      2.00      1.00  ksoftirqd/3
11:11:28 PM     0        42      1.00      0.00  ksoftirqd/4
11:11:28 PM     0        48      1.00      0.00  ksoftirqd/5
11:11:28 PM     0        95      2.00      0.00  kcompactd0
11:11:28 PM     0       453      1.00      0.00  multipathd
11:11:28 PM     0    230337      1.00      0.00  kworker/6:1-mm_percpu_wq
11:11:28 PM     0    230433      2.00      0.00  kworker/0:1-mm_percpu_wq
11:11:28 PM     0    230456      1.00      0.00  kworker/8:2-mm_percpu_wq
11:11:28 PM     0    230457      5.00      0.00  kworker/1:2-events
11:11:28 PM     0    230483      3.00      0.00  kworker/5:0-events
11:11:28 PM     0    230559      1.00      0.00  kworker/11:1-events
11:11:28 PM     0    238099      2.00      0.00  kworker/u24:1-edac-poller
11:11:28 PM     0    238283      2.00      0.00  kworker/2:1-mm_percpu_wq
11:11:28 PM     0    239073      3.00      0.00  kworker/4:2-mm_percpu_wq
11:11:28 PM     0    241714      6.00      0.00  kworker/3:1-events
11:11:28 PM     0    242833      2.00      0.00  kworker/7:1-events
11:11:28 PM     0    261926      1.00      0.00  iostat
11:11:28 PM     0    261927      1.00      0.00  pidstat
11:11:28 PM     0    261928      5.00      0.00  bash
11:11:28 PM     0    261929      7.00      0.00  bash
11:11:28 PM     0    261930      4.00      0.00  bash
11:11:28 PM     0    263120      1.00      0.00  sleep
11:11:28 PM     0    263122      1.00      1.00  sleep
11:11:28 PM     0    263125      1.00      0.00  sleep

11:11:28 PM   UID       PID   cswch/s nvcswch/s  Command
11:11:29 PM     0        17     30.00      0.00  rcu_preempt
11:11:29 PM     0        29      2.00      0.00  migration/2
11:11:29 PM     0        30      4.00      5.00  ksoftirqd/2
11:11:29 PM     0        42      4.00      0.00  ksoftirqd/4
11:11:29 PM     0        84      1.00      0.00  ksoftirqd/11
11:11:29 PM     0        95      2.00      0.00  kcompactd0
11:11:29 PM     0       193      1.00      0.00  kworker/9:1H-kblockd
11:11:29 PM     0       194      1.00      0.00  kworker/8:1H-kblockd
11:11:29 PM     0       359      3.00      0.00  jbd2/nvme1n1p2-8
11:11:29 PM     0       415      3.00      0.00  systemd-journal
11:11:29 PM     0       453      1.00      0.00  multipathd
11:11:29 PM     0       562      3.00      0.00  jbd2/nvme1n1p3-8
11:11:29 PM     0    227297      1.00      0.00  kworker/10:2-mm_percpu_wq
11:11:29 PM     0    230337      2.00      0.00  kworker/6:1-mm_percpu_wq
11:11:29 PM     0    230364      1.00      0.00  kworker/u24:4-events_unbound
11:11:29 PM     0    230433      5.00      0.00  kworker/0:1-events
11:11:29 PM     0    230456      3.00      0.00  kworker/8:2-events
11:11:29 PM     0    230457      3.00      0.00  kworker/1:2-events
11:11:29 PM     0    230483      2.00      0.00  kworker/5:0-mm_percpu_wq
11:11:29 PM     0    230559      3.00      0.00  kworker/11:1-mm_percpu_wq
11:11:29 PM     0    238099      7.00      0.00  kworker/u24:1-writeback
11:11:29 PM     0    238283      4.00      0.00  kworker/2:1-events
11:11:29 PM     0    239073      8.00      0.00  kworker/4:2-events
11:11:29 PM     0    240331      3.00      0.00  kworker/9:2-events
11:11:29 PM     0    241714      1.00      0.00  kworker/3:1-mm_percpu_wq
11:11:29 PM     0    242833      2.00      0.00  kworker/7:1-mm_percpu_wq
11:11:29 PM     0    250641      8.00      0.00  kworker/u24:3-edac-poller
11:11:29 PM     0    261926      2.00      0.00  iostat
11:11:29 PM     0    261927      1.00      0.00  pidstat
11:11:29 PM     0    261928      5.00      0.00  bash
11:11:29 PM     0    261929      8.00      1.00  bash
11:11:29 PM     0    261930      5.00      1.00  bash
11:11:29 PM     0    263135      1.00      0.00  sleep
11:11:29 PM     0    263137      1.00      0.00  sleep
11:11:29 PM     0    263141      2.00      0.00  sleep

11:11:29 PM   UID       PID   cswch/s nvcswch/s  Command
11:11:30 PM     0        17     19.00      0.00  rcu_preempt
11:11:30 PM     0        18      1.00      0.00  migration/0
11:11:30 PM     0        23      1.00      0.00  migration/1
11:11:30 PM     0        29      2.00      0.00  migration/2
11:11:30 PM     0        35      1.00      0.00  migration/3
11:11:30 PM     0        41      1.00      0.00  migration/4
11:11:30 PM     0        42      2.00      0.00  ksoftirqd/4
11:11:30 PM     0        47      1.00      0.00  migration/5
11:11:30 PM     0        53      1.00      0.00  migration/6
11:11:30 PM     0        59      1.00      0.00  migration/7
11:11:30 PM     0        65      1.00      0.00  migration/8
11:11:30 PM     0        71      1.00      0.00  migration/9
11:11:30 PM     0        72      3.00      0.00  ksoftirqd/9
11:11:30 PM     0        77      1.00      0.00  migration/10
11:11:30 PM     0        83      1.00      0.00  migration/11
11:11:30 PM     0        84      1.00      0.00  ksoftirqd/11
11:11:30 PM     0        95      2.00      0.00  kcompactd0
11:11:30 PM     0       188      1.00      0.00  kworker/2:1H-kblockd
11:11:30 PM     0       453      1.00      0.00  multipathd
11:11:30 PM     0    227297      3.00      0.00  kworker/10:2-events
11:11:30 PM     0    230337      1.00      0.00  kworker/6:1-mm_percpu_wq
11:11:30 PM     0    230433      2.00      0.00  kworker/0:1-mm_percpu_wq
11:11:30 PM     0    230456      2.00      0.00  kworker/8:2-mm_percpu_wq
11:11:30 PM     0    230457      4.00      0.00  kworker/1:2-mm_percpu_wq
11:11:30 PM     0    230483      1.00      0.00  kworker/5:0-mm_percpu_wq
11:11:30 PM     0    230559      2.00      0.00  kworker/11:1-events
11:11:30 PM     0    238283      4.00      0.00  kworker/2:1-mm_percpu_wq
11:11:30 PM     0    239073      4.00      0.00  kworker/4:2-mm_percpu_wq
11:11:30 PM     0    240331      2.00      0.00  kworker/9:2-events
11:11:30 PM     0    241714      1.00      0.00  kworker/3:1-mm_percpu_wq
11:11:30 PM     0    242833      2.00      0.00  kworker/7:1-mm_percpu_wq
11:11:30 PM     0    250641      1.00      0.00  kworker/u24:3-edac-poller
11:11:30 PM     0    261926      1.00      0.00  iostat
11:11:30 PM     0    261927      2.00      1.00  pidstat
11:11:30 PM     0    261928      6.00      0.00  bash
11:11:30 PM     0    261929      8.00      0.00  bash
11:11:30 PM     0    261930      4.00      0.00  bash
11:11:30 PM     0    263152      1.00      0.00  sleep
11:11:30 PM     0    263153      1.00      0.00  sleep
11:11:30 PM     0    263156      1.00      0.00  sleep

11:11:30 PM   UID       PID   cswch/s nvcswch/s  Command
11:11:31 PM     0        16      1.00      0.00  ksoftirqd/0
11:11:31 PM     0        17     20.00      0.00  rcu_preempt
11:11:31 PM     0        24      1.00      0.00  ksoftirqd/1
11:11:31 PM     0        29      1.00      0.00  migration/2
11:11:31 PM     0        42      1.00      0.00  ksoftirqd/4
11:11:31 PM     0        78      1.00      0.00  ksoftirqd/10
11:11:31 PM     0        84      2.00      0.00  ksoftirqd/11
11:11:31 PM     0        95      2.00      0.00  kcompactd0
11:11:31 PM     0       453      1.00      0.00  multipathd
11:11:31 PM     0    227297      3.00      0.00  kworker/10:2-mm_percpu_wq
11:11:31 PM     0    230337      1.00      0.00  kworker/6:1-mm_percpu_wq
11:11:31 PM     0    230456      3.00      0.00  kworker/8:2-events
11:11:31 PM     0    230457      3.00      0.00  kworker/1:2-events
11:11:31 PM     0    230483      1.00      0.00  kworker/5:0-events
11:11:31 PM     0    230559      3.00      0.00  kworker/11:1-events
11:11:31 PM     0    238283      9.00      0.00  kworker/2:1-events
11:11:31 PM     0    239073      2.00      0.00  kworker/4:2-events
11:11:31 PM     0    240331      1.00      0.00  kworker/9:2-mm_percpu_wq
11:11:31 PM     0    241714      2.00      0.00  kworker/3:1-events
11:11:31 PM     0    250641      1.00      0.00  kworker/u24:3-edac-poller
11:11:31 PM     0    261926      1.00      0.00  iostat
11:11:31 PM     0    261927      1.00      0.00  pidstat
11:11:31 PM     0    261928      5.00      0.00  bash
11:11:31 PM     0    261929      8.00      0.00  bash
11:11:31 PM     0    261930      4.00      0.00  bash
11:11:31 PM     0    263167      1.00      0.00  sleep
11:11:31 PM     0    263168      1.00      0.00  sleep
11:11:31 PM     0    263171      1.00      0.00  sleep

11:11:31 PM   UID       PID   cswch/s nvcswch/s  Command
11:11:32 PM     0        17     19.00      0.00  rcu_preempt
11:11:32 PM     0        29      1.00      0.00  migration/2
11:11:32 PM     0        66      1.00      0.00  ksoftirqd/8
11:11:32 PM     0        84      1.00      0.00  ksoftirqd/11
11:11:32 PM     0        95      2.00      0.00  kcompactd0
11:11:32 PM     0       453      1.00      0.00  multipathd
11:11:32 PM     0    227297      5.00      0.00  kworker/10:2-mm_percpu_wq
11:11:32 PM     0    230337      1.00      0.00  kworker/6:1-mm_percpu_wq
11:11:32 PM     0    230433      1.00      0.00  kworker/0:1-mm_percpu_wq
11:11:32 PM     0    230456      2.00      0.00  kworker/8:2-mm_percpu_wq
11:11:32 PM     0    230457      1.00      0.00  kworker/1:2-mm_percpu_wq
11:11:32 PM     0    230559      3.00      0.00  kworker/11:1-mm_percpu_wq
11:11:32 PM     0    238283      4.00      0.00  kworker/2:1-mm_percpu_wq
11:11:32 PM     0    239073      4.00      0.00  kworker/4:2-mm_percpu_wq
11:11:32 PM     0    240331      2.00      0.00  kworker/9:2-mm_percpu_wq
11:11:32 PM     0    241714      3.00      0.00  kworker/3:1-mm_percpu_wq
11:11:32 PM     0    242833      1.00      0.00  kworker/7:1-events
11:11:32 PM     0    250641      2.00      0.00  kworker/u24:3-edac-poller
11:11:32 PM     0    261926      1.00      1.00  iostat
11:11:32 PM     0    261927      1.00      0.00  pidstat
11:11:32 PM     0    261928      5.00      0.00  bash
11:11:32 PM     0    261929      7.00      0.00  bash
11:11:32 PM     0    261930      4.00      0.00  bash
11:11:32 PM     0    263181      1.00      0.00  sleep
11:11:32 PM     0    263183      1.00      0.00  sleep
11:11:32 PM     0    263186      1.00      0.00  sleep

11:11:32 PM   UID       PID   cswch/s nvcswch/s  Command
11:11:33 PM     0        17     19.00      0.00  rcu_preempt
11:11:33 PM     0        23      1.00      0.00  migration/1
11:11:33 PM     0        29      1.00      0.00  migration/2
11:11:33 PM     0        72      1.00      0.00  ksoftirqd/9
11:11:33 PM     0        78      2.00      0.00  ksoftirqd/10
11:11:33 PM     0        84      2.00      0.00  ksoftirqd/11
11:11:33 PM     0        95      2.00      0.00  kcompactd0
11:11:33 PM     0       453      1.00      0.00  multipathd
11:11:33 PM   101       608      2.00      0.00  systemd-network
11:11:33 PM     0     21554      1.00      0.00  packagekitd
11:11:33 PM     0    227297      2.00      0.00  kworker/10:2-events
11:11:33 PM     0    230337      1.00      0.00  kworker/6:1-mm_percpu_wq
11:11:33 PM     0    230433      2.00      0.00  kworker/0:1-events
11:11:33 PM     0    230457      7.00      0.00  kworker/1:2-events
11:11:33 PM     0    230559      3.00      0.00  kworker/11:1-events
11:11:33 PM     0    238283      3.00      0.00  kworker/2:1-events
11:11:33 PM     0    240331      2.00      0.00  kworker/9:2-events
11:11:33 PM     0    242833      1.00      0.00  kworker/7:1-mm_percpu_wq
11:11:33 PM     0    250641      1.00      0.00  kworker/u24:3-edac-poller
11:11:33 PM     0    261926      1.00      0.00  iostat
11:11:33 PM     0    261927      1.00      0.00  pidstat
11:11:33 PM     0    261928      5.00      0.00  bash
11:11:33 PM     0    261929      8.00      0.00  bash
11:11:33 PM     0    261930      4.00      0.00  bash
11:11:33 PM     0    263196      1.00      0.00  sleep
11:11:33 PM     0    263198      1.00      0.00  sleep
11:11:33 PM     0    263201      1.00      0.00  sleep
